CRN,ARRIVAL_TM,AUTOMOBILE_COUNT,BELTED_DEATH_COUNT,BELTED_SUSP_SERIOUS_INJ_COUNT,BICYCLE_COUNT,BICYCLE_DEATH_COUNT,BICYCLE_SUSP_SERIOUS_INJ_COUNT,BUS_COUNT,CHLDPAS_DEATH_COUNT,CHLDPAS_SUSP_SERIOUS_INJ_COUNT,COLLISION_TYPE,COMM_VEH_COUNT,CONS_ZONE_SPD_LIM,COUNTY,CRASH_MONTH,CRASH_YEAR,DAY_OF_WEEK,DEC_LAT,DEC_LONG,DISPATCH_TM,DISTRICT,DRIVER_COUNT_16YR,DRIVER_COUNT_17YR,DRIVER_COUNT_18YR,DRIVER_COUNT_19YR,DRIVER_COUNT_20YR,DRIVER_COUNT_50_64YR,DRIVER_COUNT_65_74YR,DRIVER_COUNT_75PLUS,EST_HRS_CLOSED,FATAL_COUNT,HEAVY_TRUCK_COUNT,HORSE_BUGGY_COUNT,HOUR_OF_DAY,ILLUMINATION,INJURY_COUNT,INTERSECT_TYPE,INTERSECTION_RELATED,LANE_CLOSED,LATITUDE,LN_CLOSE_DIR,LOCATION_TYPE,LONGITUDE,MAX_SEVERITY_LEVEL,MCYCLE_DEATH_COUNT,MCYCLE_SUSP_SERIOUS_INJ_COUNT,MOTORCYCLE_COUNT,MUNICIPALITY,NONMOTR_COUNT,NONMOTR_DEATH_COUNT,NONMOTR_SUSP_SERIOUS_INJ_COUNT,NTFY_HIWY_MAINT,PED_COUNT,PED_DEATH_COUNT,PED_SUSP_SERIOUS_INJ_COUNT,PERSON_COUNT,POLICE_AGCY,POSSIBLE_INJ_COUNT,RDWY_SURF_TYPE_CD,RELATION_TO_ROAD,ROAD_CONDITION,ROADWAY_CLEARED,SCH_BUS_IND,SCH_ZONE_IND,SECONDARY_CRASH,SMALL_TRUCK_COUNT,SPEC_JURIS_CD,SUSP_MINOR_INJ_COUNT,SUSP_SERIOUS_INJ_COUNT,SUV_COUNT,TCD_FUNC_CD,TCD_TYPE,TFC_DETOUR_IND,TIME_OF_DAY,TOT_INJ_COUNT,TOTAL_UNITS,UNB_DEATH_COUNT,UNB_SUSP_SERIOUS_INJ_COUNT,UNBELTED_OCC_COUNT,UNK_INJ_DEG_COUNT,UNK_INJ_PER_COUNT,URBAN_AREA,URBAN_RURAL,VAN_COUNT,VEHICLE_COUNT,WEATHER1,WEATHER2,WORK_ZONE_IND,WORK_ZONE_LOC,WORK_ZONE_TYPE,WORKERS_PRES,WZ_CLOSE_DETOUR,WZ_FLAGGER,WZ_LAW_OFFCR_IND,WZ_LN_CLOSURE,WZ_MOVING,WZ_OTHER,WZ_SHLDER_MDN,WZ_WORKERS_INJ_KILLED
2010024242,640.0,0,0,0,0,0,0,0,0,0,4,0,,67,2,2010,6,39.9232,-75.1915,616.0,6,0,0,0,0,0,0,0,0,2.0,0,0,0,6.0,1,0,3,,1,39 55:25.511,4.0,2,75 11:31.138,0,0,0,0,67301,0,0,0,N,0,0,0,2,68K01,0,,1,6,,N,N,,1,,0,0,1,0,0,N,614.0,0,2,0,0,0,0,0,3,4,0,2,10,,N,,,,,,,,,,,
2010021738,1604.0,1,0,0,0,0,0,0,0,0,1,0,,67,1,2010,2,39.954,-75.1767,1601.0,6,0,0,0,0,0,0,1,0,,0,0,0,15.0,1,1,1,,0,39 57:14.303,,0,75 10:36.249,8,0,0,0,67301,0,0,0,N,0,0,0,2,67301,0,,5,1,,N,N,,0,,0,0,0,3,1,,1550.0,1,2,0,0,0,1,1,3,4,1,2,3,,N,,,,,,,,,,,
2010033398,330.0,2,0,0,0,0,0,0,0,0,4,0,,67,3,2010,4,40.0092,-75.2048,239.0,6,0,0,0,0,0,0,0,0,1.0,0,0,0,2.0,3,0,7,,1,40 00:33.381,4.0,2,75 12:17.656,9,0,0,0,67301,0,0,0,Y,0,0,0,2,68K01,0,,1,1,,N,N,,0,,0,0,0,0,0,N,228.0,0,2,0,0,0,0,1,3,4,0,2,3,,N,,,,,,,,,,,
2010021707,1848.0,0,0,0,0,0,0,0,0,0,8,0,,67,1,2010,5,39.9754,-75.1438,1845.0,6,0,0,0,0,0,0,0,0,,0,0,0,18.0,3,1,1,,0,39 58:31.544,,0,75 08:37.809,4,0,0,0,67301,1,0,0,,1,0,0,2,67301,1,,1,1,,,,,0,,0,0,0,3,3,,1845.0,1,2,0,0,1,0,0,3,4,1,1,3,,N,,,,,,,,,,,
2010021890,1124.0,2,0,0,0,0,0,0,0,0,4,0,,67,1,2010,6,39.9592,-75.1757,1123.0,6,0,0,1,0,0,0,0,0,,0,0,0,11.0,1,0,1,,0,39 57:33.096,,0,75 10:31.926,0,0,0,0,67301,0,0,0,,0,0,0,2,67301,0,,1,1,,,,,0,,0,0,0,3,2,,1123.0,0,2,0,0,0,0,0,3,4,0,2,3,,N,,,,,,,,,,,
2010069904,1340.0,1,0,0,0,0,0,0,0,0,4,0,,67,6,2010,5,40.0581,-75.1743,1336.0,6,0,0,0,0,0,1,0,0,,0,0,0,13.0,1,1,1,,0,40 03:29.309,,0,75 10:27.487,3,0,0,0,67301,0,0,0,N,0,0,0,2,67301,0,,1,1,,N,N,,0,,1,0,1,3,2,,1336.0,1,2,0,0,0,0,1,3,4,0,2,3,,N,,,,,,,,,,,
2010080555,1706.0,0,0,0,0,0,0,0,0,0,7,0,,67,8,2010,4,39.9364,-75.1446,1700.0,6,0,0,0,0,0,0,0,0,,0,0,0,16.0,1,1,0,,0,39 56:10.839,,0,75 08:40.613,8,0,0,0,67301,0,0,0,N,0,0,0,2,68K01,0,,1,1,,N,N,,1,,0,0,1,0,0,,1657.0,1,2,0,0,0,1,0,3,4,0,2,3,,N,,,,,,,,,,,
2010080556,936.0,0,0,0,0,0,0,0,0,0,1,0,,67,8,2010,5,39.9831,-75.2081,934.0,6,0,0,0,0,0,0,0,0,1.0,0,0,0,9.0,1,6,0,,1,39 59:03.135,3.0,0,75 12:30.004,4,0,0,0,67301,0,0,0,N,0,0,0,9,68K01,1,,1,1,,N,N,,2,,0,0,0,0,0,N,931.0,6,3,0,0,4,5,0,3,4,1,3,3,,N,,,,,,,,,,,
2010075012,1229.0,0,0,0,0,0,0,0,0,0,8,0,,67,6,2010,7,40.0363,-75.1295,1226.0,6,0,0,0,0,0,0,0,0,,0,0,0,12.0,1,1,10,,0,40 02:10.706,,0,75 07:46.356,8,0,0,0,67301,1,0,0,N,1,0,0,2,67301,0,,1,1,,N,N,,0,,0,0,1,0,0,,1223.0,1,2,0,0,0,1,0,3,4,0,1,3,,N,,,,,,,,,,,
2010075020,1635.0,2,0,0,0,0,0,0,0,0,4,0,,67,7,2010,5,40.0209,-75.1486,1630.0,6,0,0,0,0,1,1,0,0,,0,0,0,16.0,1,1,2,,0,40 01:14.257,,7,75 08:55.161,4,0,0,0,67301,0,0,0,N,0,0,0,3,67301,1,,1,1,,N,N,,0,,0,0,0,0,0,,1615.0,1,2,0,0,0,0,0,3,4,0,2,3,,N,,,,,,,,,,,
2010075039,2205.0,2,0,0,0,0,0,0,0,0,4,0,,67,6,2010,3,40.0011,-75.1247,2205.0,6,0,0,0,0,0,0,0,0,2.0,0,0,0,22.0,3,1,1,,2,40 00:03.985,7.0,0,75 07:29.066,4,0,0,0,67301,0,0,0,N,0,0,0,4,67301,1,,1,1,,N,N,,1,,0,0,0,3,2,Y,2204.0,1,3,0,0,2,0,0,3,4,0,3,3,,N,,,,,,,,,,,
2010075076,2125.0,1,0,0,0,0,0,0,0,0,4,0,,67,7,2010,3,40.0766,-75.0329,2116.0,6,0,0,0,0,0,0,0,0,,0,0,0,21.0,2,1,0,,0,40 04:35.844,,6,75 01:58.321,8,0,0,0,67301,0,0,0,N,0,0,0,3,67301,0,,1,9,,N,N,,1,,0,0,0,3,2,,2110.0,1,2,0,0,0,1,0,3,4,0,2,7,,N,,,,,,,,,,,
2010105905,9999.0,2,0,0,0,0,0,0,0,0,1,0,,67,9,2010,1,39.9643,-75.2342,9999.0,6,0,0,0,0,0,0,0,0,,0,0,0,4.0,3,1,1,,0,39 57:51.613,,0,75 14:03.292,4,0,0,0,67301,0,0,0,,0,0,0,2,67301,1,,1,1,,N,N,,0,,0,0,0,3,2,,400.0,1,2,0,0,0,0,1,3,4,0,2,3,,N,,,,,,,,,,,
2010103911,1844.0,0,0,0,0,0,0,1,0,0,1,1,,67,9,2010,5,40.0152,-75.1699,1842.0,6,0,0,0,0,0,0,0,0,,0,0,0,18.0,3,6,1,,0,40 00:54.888,,0,75 10:11.461,8,0,0,0,67301,0,0,0,,0,0,0,20,67301,0,,1,9,,N,N,,0,,0,0,2,3,2,,1840.0,6,3,0,0,0,6,1,3,4,0,3,7,,N,,,,,,,,,,,
2010101518,1003.0,0,0,0,0,0,0,0,0,0,3,0,,67,10,2010,2,39.9897,-75.206,916.0,6,0,0,0,0,0,0,0,1,,0,0,0,8.0,1,0,0,,0,39 59:25.881,,0,75 12:18.109,9,0,0,0,67301,0,0,0,N,0,0,0,2,68K01,0,,1,1,,N,N,,0,,0,0,1,0,0,,834.0,0,2,0,0,0,0,1,3,4,1,2,3,,N,,,,,,,,,,,
2010094295,1610.0,1,0,0,0,0,0,0,0,0,8,0,,67,9,2010,5,40.006,-75.0933,1600.0,6,0,0,0,0,0,0,0,0,,0,0,0,11.0,1,1,1,,0,40 00:21.451,,0,75 05:35.746,3,0,0,0,67301,1,0,0,N,1,0,0,2,67301,0,,2,1,,N,N,,0,,1,0,0,3,2,,1100.0,1,2,0,0,0,0,0,3,4,0,1,3,,N,,,,,,,,,,,
2010089101,2330.0,1,0,0,0,0,0,0,0,0,2,0,,67,8,2010,7,40.0369,-75.1451,2330.0,6,0,0,0,0,0,1,0,1,1.0,0,0,0,23.0,3,1,2,,1,40 02:12.961,1.0,0,75 08:42.306,4,0,0,1,67301,0,0,0,N,0,0,0,3,67301,1,,1,1,,N,N,,0,,0,0,0,3,2,Y,2328.0,1,2,0,0,0,0,0,3,4,0,2,3,,N,,,,,,,,,,,
2010094116,1300.0,0,0,0,1,0,0,0,0,0,4,0,,67,8,2010,3,39.9795,-75.1642,1300.0,6,0,0,0,0,0,0,0,0,,0,0,0,13.0,1,1,2,,0,39 58:46.218,,0,75 09:51.248,4,0,0,0,67301,1,0,0,N,0,0,0,2,67301,1,,1,1,,N,N,,0,,0,0,0,3,2,,1300.0,1,2,0,0,0,0,0,3,4,1,1,3,,N,,,,,,,,,,,
2010113620,1618.0,1,0,0,0,0,0,1,0,0,6,1,,67,10,2010,5,40.0142,-75.1312,1614.0,6,0,0,0,0,0,0,0,0,,0,0,0,14.0,1,1,0,,0,40 00:51.020,,0,75 07:52.320,8,0,0,0,67301,0,0,0,N,0,0,0,4,67301,0,,6,9,,Y,Y,,0,,0,0,1,0,0,,1400.0,1,5,0,0,0,1,1,3,4,2,5,7,,N,,,,,,,,,,,
2010113722,1420.0,1,0,0,0,0,0,0,0,0,1,0,,67,10,2010,6,39.9612,-75.1466,1416.0,6,0,0,0,0,0,0,0,0,9.0,0,0,0,14.0,1,3,1,,1,39 57:40.482,1.0,0,75 08:48.201,4,0,0,0,67301,0,0,0,,0,0,0,4,67301,3,,1,1,,,,,1,,0,0,0,3,2,N,1410.0,3,2,0,0,0,0,0,3,4,0,2,3,,N,,,,,,,,,,,
2010094289,2123.0,1,0,0,0,0,0,0,0,0,1,0,,67,8,2010,1,39.98,-75.1213,2121.0,6,0,0,0,0,0,0,1,0,1.0,0,0,0,21.0,3,1,1,,2,39 58:48.169,1.0,0,75 07:16.543,4,0,0,0,67301,0,0,0,,0,0,0,2,67301,1,,1,9,,,,,1,,0,0,0,3,3,Y,2113.0,1,2,0,0,0,0,1,3,4,0,2,3,,N,,,,,,,,,,,
2010113727,1428.0,1,0,0,1,0,0,0,0,0,1,0,,67,10,2010,6,39.9387,-75.2243,1425.0,6,0,0,0,0,0,0,0,0,,0,0,0,14.0,1,1,1,,0,39 56:19.388,,0,75 13:27.483,4,0,0,0,67301,1,0,0,,0,0,0,2,67301,1,,1,1,,,,,0,,0,0,0,3,2,,1420.0,1,2,0,0,0,0,0,3,4,0,1,3,,N,,,,,,,,,,,
2010093712,1640.0,1,0,0,0,0,0,0,0,0,8,0,,67,9,2010,4,39.9188,-75.1859,1640.0,6,0,0,0,0,0,1,0,0,,0,0,0,16.0,1,1,0,,0,39 55:07.560,,0,75 11:09.283,4,0,0,0,67301,1,0,0,N,1,0,0,2,67301,1,,1,1,,N,N,,0,,0,0,0,0,0,,1640.0,1,2,0,0,0,0,0,3,4,0,1,3,,N,,,,,,,,,,,
2010088902,9999.0,1,0,0,0,0,0,0,0,0,1,0,,67,8,2010,6,40.0274,-75.1208,1418.0,6,0,0,0,0,0,1,0,0,,0,0,0,99.0,1,1,0,,0,40 01:38.689,,0,75 07:14.840,4,0,0,0,67301,0,0,0,N,0,0,0,4,67301,1,,1,1,,N,N,,1,,0,0,0,0,0,,9999.0,1,2,0,0,0,0,0,3,4,0,2,3,,N,,,,,,,,,,,
2010088905,2245.0,2,0,0,0,0,0,0,0,0,4,0,,67,8,2010,7,40.0659,-75.1765,2241.0,6,0,0,0,0,0,0,0,0,,0,0,0,22.0,3,0,1,,0,40 03:57.202,,0,75 10:35.464,0,0,0,0,67301,0,0,0,,0,0,0,2,67301,0,,1,1,,N,N,,0,,0,0,0,0,0,,2222.0,0,2,0,0,0,0,0,3,4,0,2,3,,N,,,,,,,,,,,
2010088955,2059.0,1,0,0,0,0,0,0,0,0,1,0,,67,8,2010,7,39.99,-75.0904,2054.0,6,0,0,0,0,0,0,0,0,,0,0,0,20.0,4,2,0,,0,39 59:23.939,,7,75 05:25.544,8,0,0,0,67301,0,0,0,N,0,0,0,5,67301,0,,1,1,,N,N,,0,,0,0,1,0,0,,2039.0,2,2,0,0,0,2,0,3,4,0,2,3,,N,,,,,,,,,,,
2010088957,1725.0,1,0,0,1,0,0,0,0,0,5,0,,67,8,2010,5,39.9908,-75.115,1710.0,6,0,0,0,0,0,0,0,0,,0,0,0,16.0,1,1,0,,0,39 59:26.890,,0,75 06:54.041,3,0,0,0,67301,1,0,0,,0,0,0,2,67301,0,,1,1,,N,,,0,,1,0,0,0,0,,1615.0,1,2,0,0,0,0,0,3,4,0,1,3,,N,,,,,,,,,,,
2010110860,915.0,2,0,0,0,0,0,0,0,0,1,0,,67,10,2010,7,39.9886,-75.1242,911.0,6,0,0,0,0,0,0,0,0,,0,0,0,9.0,1,0,0,,0,39 59:18.848,,0,75 07:27.106,0,0,0,0,67301,0,0,0,,0,0,0,1,67301,0,,6,1,,,,,0,,0,0,1,0,0,,905.0,0,4,0,0,0,0,0,3,4,1,4,3,,N,,,,,,,,,,,
2010110898,2152.0,1,0,0,0,0,0,0,0,0,6,0,,67,10,2010,7,40.0376,-75.0412,2148.0,6,0,0,0,0,0,0,0,0,,0,0,0,20.0,3,1,0,,0,40 02:15.500,,0,75 02:28.374,4,0,0,0,67301,0,0,0,,0,0,0,3,67301,1,,6,1,,,,,1,,0,0,0,0,0,,2040.0,1,2,0,0,2,0,1,3,4,0,2,3,,N,,,,,,,,,,,
2010008996,1650.0,2,0,0,0,0,0,0,0,0,5,0,,67,1,2010,5,39.9462,-75.1422,1625.0,6,0,0,0,0,0,0,1,0,,0,0,0,16.0,1,0,0,,0,39 56:46.773,,0,75 08:31.810,0,0,0,0,67301,0,0,0,N,0,0,0,3,68K01,0,,1,1,,N,N,,0,,0,0,0,0,0,,1620.0,0,2,0,0,0,0,0,3,4,0,2,3,,N,,,,,,,,,,,
2010122508,1210.0,3,0,0,0,0,0,0,0,0,3,0,,67,11,2010,7,39.9983,-75.1047,1210.0,6,0,0,0,1,0,0,0,0,,0,0,0,99.0,3,0,0,,0,39 59:53.772,,0,75 06:16.905,0,0,0,0,67301,0,0,0,N,0,0,0,1,67301,0,,2,1,,N,N,,0,,0,0,0,0,0,,9999.0,0,3,0,0,0,0,0,3,4,0,3,3,,N,,,,,,,,,,,
2010122515,305.0,1,0,0,0,0,0,0,0,0,7,0,,67,11,2010,1,,,300.0,6,0,0,0,0,0,0,0,0,,0,0,0,3.0,3,2,0,,0,,,0,,8,0,0,0,67301,0,0,0,,0,0,0,3,67301,0,,2,9,,,,,0,,0,0,0,0,0,,300.0,2,1,0,0,0,2,1,3,3,0,1,3,,N,,,,,,,,,,,
2010122548,1245.0,0,0,0,0,0,0,0,0,0,8,0,,67,11,2010,6,39.9495,-75.1589,1236.0,6,0,0,0,0,0,0,0,0,,0,0,0,12.0,1,1,0,,0,39 56:58.020,,0,75 09:31.888,4,0,0,0,67301,1,0,0,N,1,0,0,2,67301,1,,6,1,,N,N,,1,,0,0,0,0,0,,1220.0,1,2,0,0,0,0,0,3,4,0,1,3,,N,,,,,,,,,,,
2010038774,55.0,3,0,0,0,0,0,0,0,0,5,0,,67,3,2010,7,39.9857,-75.1211,48.0,6,0,0,0,0,0,0,0,0,,0,0,0,0.0,3,1,0,,0,39 59:08.528,,0,75 07:16.126,4,0,0,0,67301,0,0,0,N,0,0,0,1,37301,1,,1,1,,N,N,,0,,0,0,1,0,0,,48.0,1,4,0,0,0,0,0,3,4,0,4,3,,N,,,,,,,,,,,
2010038793,1500.0,0,0,0,0,0,0,0,0,0,8,0,,67,3,2010,1,40.0224,-75.0781,1456.0,6,0,0,0,0,0,0,0,0,,0,0,0,14.0,1,1,1,,0,40 01:20.463,,0,75 04:41.285,4,0,0,0,67301,1,0,0,N,1,0,0,2,37301,1,,1,1,,N,N,,0,,0,0,0,3,2,,1453.0,1,2,0,0,0,0,0,3,4,0,1,3,,N,,,,,,,,,,,
2010122582,1810.0,3,0,0,0,0,0,0,0,0,1,0,,67,11,2010,3,39.8919,-75.2419,1800.0,6,0,0,0,0,0,1,1,0,9.0,0,0,0,18.0,3,1,1,,1,39 53:30.990,4.0,0,75 14:30.862,8,0,0,0,67301,0,0,0,,0,0,0,3,67301,0,,1,1,,N,N,,0,,0,0,0,3,2,N,1800.0,1,3,0,0,0,1,0,3,4,0,3,3,,N,,,,,,,,,,,
2010039170,1123.0,1,0,0,0,0,0,0,0,0,4,0,,67,3,2010,7,39.9561,-75.168,1117.0,6,0,0,0,0,0,2,0,0,,0,0,0,11.0,1,0,1,,0,39 57:29.066,,0,75 10:11.395,9,0,0,0,67301,0,0,0,N,0,0,0,3,67301,0,,1,1,,N,N,,1,,0,0,0,3,2,,1106.0,0,2,0,0,0,0,2,3,4,0,2,3,,N,,,,,,,,,,,
2010039284,859.0,2,0,0,0,0,0,0,0,0,2,0,,67,3,2010,2,39.9974,-75.1072,857.0,6,0,0,0,0,0,0,0,0,,0,0,0,8.0,1,1,0,,0,39 59:50.506,,0,75 06:25.966,8,0,0,0,67301,0,0,0,N,0,0,0,1,67301,0,,1,9,,N,N,,0,,0,0,0,0,0,,852.0,1,2,0,0,0,1,0,3,4,0,2,7,,N,,,,,,,,,,,
2010039308,815.0,1,0,0,0,0,0,0,0,0,4,0,,67,3,2010,3,39.964,-75.161,810.0,6,0,0,0,0,0,0,0,0,,0,0,0,8.0,1,0,2,,0,39 57:50.555,,0,75 09:39.994,0,0,0,0,67301,0,0,0,N,0,0,0,4,67301,0,,1,9,,N,N,,0,,0,0,0,0,0,,810.0,0,2,0,0,0,0,0,3,4,1,2,7,,N,,,,,,,,,,,
2010090109,1322.0,1,0,0,0,0,0,0,0,0,5,1,,67,8,2010,4,39.9493,-75.1642,1310.0,6,0,0,0,0,0,1,0,0,,0,1,0,13.0,1,0,1,,0,39 56:57.599,,0,75 09:51.029,0,0,0,0,67301,0,0,0,,0,0,0,2,67301,0,,1,1,,,,,0,,0,0,0,3,2,,1300.0,0,2,0,0,0,0,0,3,4,0,2,3,,N,,,,,,,,,,,
2010029874,2210.0,1,0,0,0,0,0,0,0,0,7,0,,67,3,2010,6,40.0034,-75.2219,2208.0,6,0,0,0,0,0,1,0,0,1.0,0,0,0,22.0,3,0,0,,2,40 00:12.778,2.0,0,75 13:17.736,0,0,0,0,67301,0,0,0,N,0,0,0,1,46104,0,,5,9,,N,N,,0,,0,0,0,0,0,N,2208.0,0,1,0,0,0,0,0,3,4,0,1,7,,N,,,,,,,,,,,
2010032459,1943.0,1,0,0,0,0,0,0,0,0,8,0,,67,2,2010,5,39.9945,-75.1593,1939.0,6,0,0,0,0,0,0,0,0,,0,0,0,18.0,3,1,5,,0,39 59:40.362,,0,75 09:33.546,8,0,0,0,67301,1,0,0,N,1,0,0,2,67301,0,,1,9,,N,N,,0,,0,0,0,3,2,,1840.0,1,2,0,0,0,1,0,3,4,0,1,10,,N,,,,,,,,,,,
2010032634,2148.0,2,0,0,0,0,0,0,0,0,4,0,,67,2,2010,3,39.9037,-75.2418,2144.0,6,0,0,0,0,0,0,0,0,,0,0,0,21.0,3,3,0,,0,39 54:13.250,,7,75 14:30.326,4,0,0,0,67301,0,0,0,,0,0,0,5,67301,3,,1,9,,N,N,,0,,0,0,0,3,2,,2140.0,3,2,0,0,1,0,0,3,4,0,2,7,,N,,,,,,,,,,,
2010032648,1447.0,0,0,0,0,0,0,0,0,0,4,0,,67,3,2010,2,40.0258,-75.1235,1415.0,6,0,0,0,0,0,1,0,0,1.0,0,0,0,14.0,1,1,1,,1,40 01:32.799,2.0,0,75 07:24.507,3,0,0,1,67301,0,0,0,N,0,0,0,2,67301,0,,1,1,,N,N,,1,,1,0,0,3,2,N,1414.0,1,2,0,0,0,0,0,3,4,0,2,3,,N,,,,,,,,,,,
2010032828,845.0,2,0,0,0,0,0,0,0,0,4,0,,67,3,2010,4,39.9867,-75.2076,835.0,6,0,0,0,0,0,0,0,0,,0,0,0,8.0,1,0,1,,0,39 59:12.208,,2,75 12:27.247,0,0,0,0,67301,0,0,0,N,0,0,0,2,67301,0,,7,1,,N,N,,0,,0,0,0,0,0,,805.0,0,2,0,0,0,0,0,3,4,0,2,3,,N,,,,,,,,,,,
2010032837,28.0,1,0,0,0,0,0,0,0,0,6,1,,67,3,2010,5,39.9133,-75.2434,26.0,6,0,0,0,0,0,0,0,0,1.0,0,1,0,0.0,3,0,0,,1,39 54:47.967,1.0,0,75 14:36.438,0,0,0,0,67301,0,0,0,,0,0,0,2,67301,0,,1,1,,,,,0,,0,0,0,0,0,N,11.0,0,2,0,0,1,0,0,3,4,0,2,3,,N,,,,,,,,,,,
2010011524,1525.0,2,0,0,0,0,0,0,0,0,4,0,,67,1,2010,4,40.0345,-75.0482,1520.0,6,0,0,0,0,0,0,0,0,,0,0,0,15.0,1,1,1,,0,40 02:04.164,,0,75 02:53.357,8,0,0,0,67301,0,0,0,,0,0,0,2,67301,0,,1,1,,,,,0,,0,0,0,3,3,,1520.0,1,2,0,0,0,1,0,3,4,0,2,3,,N,,,,,,,,,,,
2010017177,705.0,2,0,0,0,0,0,0,0,0,1,0,,67,1,2010,5,40.0745,-75.035,701.0,6,0,0,0,0,0,1,0,0,,0,0,0,7.0,1,0,1,,0,40 04:28.071,,0,75 02:05.821,0,0,0,0,67301,0,0,0,N,0,0,0,3,67301,0,,1,1,,N,N,,0,,0,0,0,3,2,,701.0,0,2,0,0,0,0,0,3,4,0,2,3,,N,,,,,,,,,,,
2010020464,1935.0,1,0,0,0,0,0,0,0,0,4,0,,67,1,2010,7,39.8989,-75.1791,1935.0,6,0,0,0,0,0,0,0,0,2.0,0,0,0,19.0,3,1,0,,2,39 53:56.134,1.0,0,75 10:06.320,8,0,0,0,67301,0,0,0,Y,0,0,0,2,68K01,0,,1,7,,N,N,,0,,0,0,1,0,0,N,1930.0,1,2,0,0,0,1,0,3,4,0,2,10,,N,,,,,,,,,,,
2010021882,1210.0,0,0,0,0,0,0,0,0,0,8,0,,67,1,2010,5,39.9891,-75.13,1207.0,6,0,0,0,0,0,0,0,0,,0,0,0,10.0,1,1,2,,0,39 59:20.875,,0,75 07:47.913,4,0,0,0,67301,1,0,0,N,1,0,0,2,67301,1,,1,1,,N,N,,1,,0,0,0,0,0,,1030.0,1,2,0,0,0,0,0,3,4,0,1,3,,N,,,,,,,,,,,
2010117964,1329.0,1,0,0,0,0,0,0,0,0,1,0,,67,11,2010,4,40.0378,-75.0425,1326.0,6,0,0,0,0,0,1,1,0,1.0,0,0,0,13.0,1,1,0,,1,40 02:15.985,3.0,0,75 02:33.168,8,0,0,0,67301,0,0,0,N,0,0,0,3,67301,0,,1,1,,N,N,,0,,0,0,2,0,0,N,1325.0,1,3,0,0,0,1,0,3,4,0,3,3,,N,,,,,,,,,,,
2010118041,1907.0,1,0,0,0,0,0,0,0,0,8,0,,67,10,2010,7,40.0302,-75.1703,1802.0,6,0,0,0,0,0,0,0,0,,0,0,0,10.0,1,1,1,,0,40 01:48.784,,0,75 10:13.040,4,0,0,0,67301,1,0,0,N,1,0,0,3,67301,1,,1,1,,N,N,,0,,0,0,0,3,3,,1017.0,1,2,0,0,0,0,0,3,4,0,1,99,,N,,,,,,,,,,,
2010118042,1730.0,1,0,0,0,0,0,0,0,0,8,0,,67,10,2010,7,40.0513,-75.1803,1719.0,6,0,0,0,0,0,0,0,0,,0,0,0,17.0,4,1,0,,0,40 03:04.570,,0,75 10:49.171,4,0,0,0,67301,1,0,0,N,1,0,0,2,67301,1,,1,1,,N,N,,0,,0,0,0,0,0,,1713.0,1,2,0,0,0,0,0,3,4,0,1,3,,N,,,,,,,,,,,
2010126108,2107.0,2,0,0,0,0,0,0,0,0,1,0,,67,12,2010,3,39.9578,-75.161,2056.0,6,0,1,0,0,0,0,0,0,2.0,0,0,0,20.0,3,1,0,,2,39 57:27.915,4.0,0,75 09:39.478,8,0,0,0,67301,0,0,0,N,0,0,0,2,68K01,0,,1,1,,N,N,,0,,0,0,0,0,0,N,2053.0,1,2,0,0,0,1,0,3,4,0,2,3,,N,,,,,,,,,,,
2010045631,39.0,0,0,0,0,0,0,0,0,0,7,0,,67,4,2010,6,39.9111,-75.1519,39.0,6,0,0,0,0,0,0,0,0,,0,0,0,0.0,3,0,0,,0,39 54:42.317,,2,75 08:56.904,0,0,0,0,67301,0,0,0,Y,0,0,0,1,68K01,0,,2,1,,N,N,,0,,0,0,1,0,0,,30.0,0,1,0,0,0,0,0,3,4,0,1,3,,N,,,,,,,,,,,
2010103910,205.0,0,0,0,0,0,0,0,0,0,7,0,,67,9,2010,6,39.9513,-75.1995,205.0,6,0,0,0,0,0,0,0,0,,0,0,0,2.0,3,1,0,,0,39 57:04.611,,0,75 11:58.196,3,0,0,0,67301,0,0,0,N,0,0,0,2,67301,0,,2,9,,N,N,,0,,1,0,1,0,0,,205.0,1,1,0,0,1,0,0,3,4,0,1,7,,N,,,,,,,,,,,
2010098521,2318.0,0,0,0,0,0,0,0,0,0,0,0,,67,10,2010,6,39.8917,-75.2368,2304.0,6,0,0,0,0,1,0,0,0,2.0,0,0,0,23.0,3,1,0,,1,39 53:30.341,1.0,0,75 14:12.296,4,0,0,1,67301,0,0,0,N,0,0,0,1,68K01,1,,7,1,,N,N,,0,,0,0,0,0,0,N,2302.0,1,1,0,0,0,0,0,3,4,0,1,3,,N,,,,,,,,,,,
2010113645,1830.0,1,0,0,0,0,0,0,0,0,4,0,,67,10,2010,1,39.9338,-75.1944,1827.0,6,0,0,0,0,0,0,0,0,,0,0,0,16.0,1,1,1,,0,39 56:01.806,,0,75 11:39.847,3,0,0,1,67301,0,0,0,,0,0,0,1,67301,0,,1,1,,,,,0,,1,0,0,3,3,,1600.0,1,2,0,0,0,0,0,3,4,0,2,3,,N,,,,,,,,,,,
2010094155,2011.0,3,0,0,0,0,0,0,0,0,5,0,,67,9,2010,7,40.0282,-75.1062,2009.0,6,0,0,0,0,0,0,0,0,2.0,0,0,0,20.0,3,1,0,,2,40 01:41.496,5.0,0,75 06:22.265,8,0,0,0,67301,0,0,0,N,0,0,0,1,67301,0,,2,1,,N,N,,0,,0,0,0,0,0,Y,2003.0,1,3,0,0,0,1,0,3,4,0,3,3,,N,,,,,,,,,,,