CRN,ARRIVAL_TM,AUTOMOBILE_COUNT,BELTED_DEATH_COUNT,BELTED_SUSP_SERIOUS_INJ_COUNT,BICYCLE_COUNT,BICYCLE_DEATH_COUNT,BICYCLE_SUSP_SERIOUS_INJ_COUNT,BUS_COUNT,CHLDPAS_DEATH_COUNT,CHLDPAS_SUSP_SERIOUS_INJ_COUNT,COLLISION_TYPE,COMM_VEH_COUNT,CONS_ZONE_SPD_LIM,COUNTY,CRASH_MONTH,CRASH_YEAR,DAY_OF_WEEK,DEC_LAT,DEC_LONG,DISPATCH_TM,DISTRICT,DRIVER_COUNT_16YR,DRIVER_COUNT_17YR,DRIVER_COUNT_18YR,DRIVER_COUNT_19YR,DRIVER_COUNT_20YR,DRIVER_COUNT_50_64YR,DRIVER_COUNT_65_74YR,DRIVER_COUNT_75PLUS,EST_HRS_CLOSED,FATAL_COUNT,HEAVY_TRUCK_COUNT,HORSE_BUGGY_COUNT,HOUR_OF_DAY,ILLUMINATION,INJURY_COUNT,INTERSECT_TYPE,INTERSECTION_RELATED,LANE_CLOSED,LATITUDE,LN_CLOSE_DIR,LOCATION_TYPE,LONGITUDE,MAX_SEVERITY_LEVEL,MCYCLE_DEATH_COUNT,MCYCLE_SUSP_SERIOUS_INJ_COUNT,MOTORCYCLE_COUNT,MUNICIPALITY,NONMOTR_COUNT,NONMOTR_DEATH_COUNT,NONMOTR_SUSP_SERIOUS_INJ_COUNT,NTFY_HIWY_MAINT,PED_COUNT,PED_DEATH_COUNT,PED_SUSP_SERIOUS_INJ_COUNT,PERSON_COUNT,POLICE_AGCY,POSSIBLE_INJ_COUNT,RDWY_SURF_TYPE_CD,RELATION_TO_ROAD,ROAD_CONDITION,ROADWAY_CLEARED,SCH_BUS_IND,SCH_ZONE_IND,SECONDARY_CRASH,SMALL_TRUCK_COUNT,SPEC_JURIS_CD,SUSP_MINOR_INJ_COUNT,SUSP_SERIOUS_INJ_COUNT,SUV_COUNT,TCD_FUNC_CD,TCD_TYPE,TFC_DETOUR_IND,TIME_OF_DAY,TOT_INJ_COUNT,TOTAL_UNITS,UNB_DEATH_COUNT,UNB_SUSP_SERIOUS_INJ_COUNT,UNBELTED_OCC_COUNT,UNK_INJ_DEG_COUNT,UNK_INJ_PER_COUNT,URBAN_AREA,URBAN_RURAL,VAN_COUNT,VEHICLE_COUNT,WEATHER1,WEATHER2,WORK_ZONE_IND,WORK_ZONE_LOC,WORK_ZONE_TYPE,WORKERS_PRES,WZ_CLOSE_DETOUR,WZ_FLAGGER,WZ_LAW_OFFCR_IND,WZ_LN_CLOSURE,WZ_MOVING,WZ_OTHER,WZ_SHLDER_MDN,WZ_WORKERS_INJ_KILLED
2010094161,2150.0,2,0,0,0,0,0,0,0,0,1,0,,67,8,2010,4,39.9713,-75.2118,2141.0,6,0,0,0,0,0,1,0,0,,0,0,0,21.0,3,0,2,,0,39 58:17.240,,0,75 12:42.808,0,0,0,0,67301,0,0,0,,0,0,0,2,67301,0,,1,1,,,,,0,,0,0,0,3,2,,2132.0,0,2,0,0,2,0,0,3,4,0,2,3,,N,,,,,,,,,,,
2010094228,1408.0,1,0,0,0,0,0,0,0,0,4,0,,67,8,2010,1,39.9842,-75.1249,1404.0,6,0,0,0,1,0,0,0,0,,0,0,0,13.0,1,1,1,,0,39 59:03.142,,0,75 07:29.730,8,0,0,0,67301,0,0,0,N,0,0,0,2,67301,0,,1,1,,N,N,,0,,0,0,1,3,3,,1358.0,1,2,0,0,0,1,0,3,4,0,2,3,,N,,,,,,,,,,,
2010094248,110.0,1,0,0,0,0,0,0,0,0,7,0,,67,9,2010,4,40.0984,-75.0471,105.0,6,0,0,0,0,0,0,0,0,,0,0,0,1.0,3,1,1,,0,40 05:54.088,,0,75 02:49.438,3,0,0,0,67301,0,0,0,,0,0,0,1,67301,0,,5,1,,N,N,,0,,1,0,0,3,2,,104.0,1,1,0,0,1,0,0,3,4,0,1,3,,N,,,,,,,,,,,
2010113720,9999.0,2,0,0,0,0,0,0,0,0,1,0,,67,10,2010,5,39.9702,-75.1597,1231.0,6,0,0,0,0,0,1,0,0,,0,0,0,12.0,1,1,1,,0,39 58:12.616,,0,75 09:34.731,4,0,0,0,67301,0,0,0,,0,0,0,3,67301,1,,1,9,,,,,0,,0,0,0,3,2,,1245.0,1,2,0,0,0,0,0,3,4,0,2,7,,N,,,,,,,,,,,
2010096488,1315.0,1,0,0,0,0,0,0,0,0,8,0,,67,9,2010,4,39.952,-75.1626,1301.0,6,0,0,0,0,0,0,0,0,9.0,0,0,0,13.0,1,1,2,,1,39 57:07.268,4.0,0,75 09:45.490,4,0,0,0,67301,1,0,0,N,1,0,0,2,67301,1,,1,1,,N,N,,0,,0,0,0,3,2,N,1300.0,1,2,0,0,0,0,0,3,4,0,1,3,,N,,,,,,,,,,,
2010113730,1615.0,1,0,0,0,0,0,0,0,0,5,0,,67,10,2010,6,39.9475,-75.1585,1615.0,6,0,0,0,0,0,0,0,0,,0,0,0,13.0,1,2,0,,0,39 56:50.850,,0,75 09:30.565,8,0,0,0,67301,0,0,0,N,0,0,0,3,67301,0,,1,1,,N,N,,0,,0,0,0,0,0,,1330.0,2,2,0,0,0,2,1,3,4,1,2,99,,N,,,,,,,,,,,
2010094078,2354.0,1,0,0,0,0,0,0,0,0,5,0,,67,8,2010,3,39.9171,-75.2465,2355.0,6,0,0,0,0,0,1,0,0,,0,0,0,99.0,3,0,0,,0,39 55:01.380,,0,75 14:47.510,0,0,0,0,67301,0,0,0,,0,0,0,1,67301,0,,1,1,,N,N,,1,,0,0,0,0,0,,9999.0,0,2,0,0,0,0,0,3,4,0,2,3,,N,,,,,,,,,,,
2010113500,1738.0,1,0,0,1,0,0,0,0,0,5,0,,67,10,2010,7,39.9323,-75.192,1733.0,6,0,0,0,0,0,1,0,0,,0,0,0,17.0,1,1,0,,0,39 55:56.144,,0,75 11:31.142,4,0,0,0,67301,1,0,0,,0,0,0,4,67301,1,,1,1,,N,N,,0,,0,0,0,0,0,,1725.0,1,2,0,0,0,0,3,3,4,0,1,3,,N,,,,,,,,,,,
2010091283,1635.0,1,0,0,0,0,0,0,0,0,4,0,,67,8,2010,2,39.9815,-75.1087,1620.0,6,0,0,1,0,0,0,0,0,,0,0,0,15.0,1,0,0,,0,39 58:53.468,,0,75 06:31.298,9,0,0,0,67301,0,0,0,,0,0,0,1,67301,0,,1,1,,N,N,,0,,0,0,1,0,0,,1515.0,0,2,0,0,0,0,1,3,4,0,2,3,,N,,,,,,,,,,,
2010088910,1840.0,0,0,0,1,0,0,0,0,0,4,0,,67,8,2010,5,40.022,-75.0766,1830.0,6,0,0,0,0,0,0,0,0,,0,0,0,18.0,1,1,2,,0,40 01:19.344,,0,75 04:35.907,8,0,0,0,67301,1,0,0,,0,0,0,2,67301,0,,1,1,,N,N,,0,,0,0,0,3,3,,1840.0,1,2,0,0,0,1,0,3,4,1,1,3,,N,,,,,,,,,,,
2010088934,2355.0,0,0,0,0,0,0,0,0,0,4,0,,67,8,2010,3,40.0039,-75.2207,9999.0,6,0,0,0,0,0,0,0,0,,0,0,0,23.0,3,6,1,,0,40 00:14.091,,0,75 13:14.544,4,0,0,0,67301,0,0,0,,0,0,0,7,67301,6,,1,1,,,,,0,,0,0,1,3,2,,2349.0,6,2,0,0,0,0,0,3,4,1,2,3,,N,,,,,,,,,,,
2010110890,12.0,2,0,0,0,0,0,0,0,0,4,0,,67,9,2010,1,39.9592,-75.2311,5.0,6,0,0,0,0,0,0,0,0,3.0,0,0,0,0.0,3,0,1,,2,39 57:33.175,4.0,0,75 13:51.938,0,0,0,0,67301,0,0,0,,0,0,0,4,67301,0,,1,1,,,,,0,,0,0,0,3,2,Y,1.0,0,2,0,0,1,0,0,3,4,0,2,3,,N,,,,,,,,,,,
2010038170,2120.0,2,0,0,0,0,0,0,0,0,7,0,,67,4,2010,4,40.0512,-75.1187,2114.0,6,0,0,0,0,0,0,0,0,,0,0,0,21.0,3,0,1,,0,40 03:04.093,,0,75 07:07.134,0,0,0,0,67301,0,0,0,N,0,0,0,1,46102,0,,4,9,,N,N,,0,,0,0,0,3,2,,2113.0,0,2,0,0,0,0,0,3,4,0,2,7,,N,,,,,,,,,,,
2010038615,1359.0,2,0,0,0,0,0,0,0,0,6,0,,67,3,2010,2,40.0934,-75.0313,1350.0,6,0,0,0,0,0,1,0,0,,0,0,0,13.0,1,3,1,,0,40 05:36.346,,0,75 01:52.568,4,0,0,0,67301,0,0,0,N,0,0,0,3,67301,3,,1,9,,N,N,,0,,0,0,0,3,2,,1340.0,3,2,0,0,0,0,0,3,4,0,2,98,,N,,,,,,,,,,,
2010038814,1306.0,1,0,0,0,0,0,0,0,0,8,0,,67,3,2010,4,40.0291,-75.1468,1305.0,6,0,0,0,0,0,1,0,0,,0,0,0,12.0,1,1,1,,0,40 01:44.597,,0,75 08:48.518,3,0,0,0,67301,1,0,0,N,1,0,0,2,67301,0,,1,1,,N,N,,0,,1,0,0,3,2,,1250.0,1,2,0,0,0,0,0,3,4,0,1,3,,N,,,,,,,,,,,
2010122372,1150.0,1,0,0,0,0,0,0,0,0,6,0,,67,11,2010,3,39.9967,-75.2002,1141.0,6,0,0,0,0,0,1,0,0,,0,0,0,11.0,1,0,0,,0,39 59:48.090,,0,75 12:00.730,9,0,0,0,67301,0,0,0,N,0,0,0,3,67301,0,,1,9,,N,N,,1,,0,0,0,0,0,,1130.0,0,2,0,0,0,0,2,3,4,0,2,7,,N,,,,,,,,,,,
2010122395,1744.0,1,0,0,0,0,0,0,0,0,4,0,,67,11,2010,3,39.95,-75.1407,1732.0,6,0,0,0,0,0,0,0,0,,0,0,0,17.0,3,1,2,,0,39 56:59.690,,0,75 08:26.711,8,0,0,0,67301,0,0,0,N,0,0,0,2,67301,0,,1,9,,N,N,,0,,0,0,1,3,2,,1705.0,1,2,0,0,0,1,0,3,4,0,2,7,,N,,,,,,,,,,,
2010122533,320.0,1,0,0,0,0,0,0,0,0,5,0,,67,11,2010,7,40.0402,-75.1784,316.0,6,0,0,0,0,0,0,1,0,,0,0,0,3.0,3,1,0,,0,40 02:24.006,,0,75 10:41.711,2,0,1,1,67301,0,0,0,,0,0,0,2,67301,0,,1,1,,,,,0,,0,1,0,0,0,,300.0,1,2,0,0,0,0,0,3,4,0,2,3,,N,,,,,,,,,,,
2010122632,2110.0,2,0,0,0,0,0,0,0,0,4,0,,67,11,2010,2,40.0394,-75.2238,2108.0,6,0,0,1,0,0,0,0,0,,0,0,0,21.0,3,2,0,,0,40 02:21.344,,0,75 13:25.180,4,0,0,0,67301,0,0,0,N,0,0,0,3,67301,2,,1,1,,N,N,,0,,0,0,1,0,0,,2100.0,2,3,0,0,0,0,0,3,4,0,3,3,,N,,,,,,,,,,,
2010038996,1919.0,0,0,0,0,0,0,0,0,0,4,0,,67,3,2010,2,39.9144,-75.1499,1917.0,6,0,0,0,0,0,0,0,0,,0,0,0,19.0,3,1,0,,0,39 54:51.689,,7,75 08:59.790,4,0,0,1,67301,0,0,0,N,0,0,0,2,67301,1,,1,1,,N,N,,0,,0,0,0,0,0,,1915.0,1,2,0,0,1,0,0,3,4,1,2,3,,N,,,,,,,,,,,
2010039002,1621.0,2,0,0,0,0,0,0,0,0,2,0,,67,3,2010,6,40.0456,-75.0952,1621.0,6,0,0,0,0,1,0,0,0,,0,0,0,99.0,1,3,2,,0,40 02:44.066,,0,75 05:42.550,4,0,0,0,67301,0,0,0,,0,0,0,4,67301,3,,1,1,,,,,0,,0,0,0,0,0,,9999.0,3,2,0,0,0,0,0,3,4,0,2,3,,N,,,,,,,,,,,
2010039179,735.0,3,0,0,0,0,0,0,0,0,2,0,,67,4,2010,5,39.9539,-75.2206,730.0,6,0,0,0,0,0,1,0,0,,0,0,0,7.0,1,0,0,,0,39 57:14.062,,0,75 13:14.149,0,0,0,0,67301,0,0,0,,0,0,0,2,67301,0,,1,1,,N,N,,0,,0,0,1,0,0,,730.0,0,4,0,0,0,0,0,3,4,0,4,3,,N,,,,,,,,,,,
2010035510,1124.0,2,0,0,0,0,0,0,0,0,4,0,,67,2,2010,2,39.9909,-75.1311,1120.0,6,0,0,0,0,0,0,1,0,1.0,0,0,0,10.0,1,0,0,,1,39 59:27.101,3.0,7,75 07:51.960,0,0,0,0,67301,0,0,0,,0,0,0,2,67301,0,,1,1,,,,,0,,0,0,0,0,0,N,1050.0,0,2,0,0,0,0,0,3,4,0,2,3,,N,,,,,,,,,,,
2010032736,2309.0,2,0,0,0,0,0,0,0,0,1,0,,67,3,2010,7,40.0096,-75.1873,2304.0,6,0,0,0,0,0,1,0,0,,0,0,0,23.0,3,9,6,,0,40 00:34.498,,2,75 11:14.124,4,0,0,0,67301,0,0,0,N,0,0,0,9,67301,6,,1,1,,N,N,,2,,0,0,0,0,0,,2302.0,9,4,0,0,0,3,0,3,4,0,4,3,,N,,,,,,,,,,,
2010032832,740.0,2,0,0,0,0,0,0,0,0,4,0,,67,3,2010,4,39.884,-75.2306,722.0,6,0,0,0,0,0,0,0,0,,0,0,0,6.0,1,0,2,,0,39 53:02.245,,0,75 13:50.120,0,0,0,0,67301,0,0,0,,0,0,0,2,67301,0,,1,9,,N,N,,0,,0,0,0,0,0,,653.0,0,2,0,0,0,0,0,3,4,0,2,7,,N,,,,,,,,,,,
2010016909,1159.0,1,0,0,0,0,0,0,0,0,8,0,,67,1,2010,7,39.9809,-75.1624,1159.0,6,0,0,0,0,0,0,0,0,,0,0,0,11.0,1,1,1,,0,39 58:51.085,,0,75 09:44.603,3,0,0,0,67301,1,0,0,N,1,0,0,2,67301,0,,1,1,,N,N,,0,,1,0,0,3,2,,1154.0,1,2,0,0,1,0,0,3,4,0,1,3,,N,,,,,,,,,,,
2010017129,147.0,0,0,0,1,0,0,1,0,0,4,1,,67,1,2010,4,39.9362,-75.1704,147.0,6,0,0,0,0,0,1,0,0,2.0,0,0,0,1.0,3,1,1,,2,39 56:10.417,4.0,0,75 10:13.609,4,0,0,0,67301,1,0,0,,0,0,0,2,67301,1,,1,1,,N,N,,0,,0,0,0,3,3,Y,147.0,1,2,0,0,0,0,0,3,4,0,1,3,,N,,,,,,,,,,,
2010014321,1804.0,1,0,0,0,0,0,0,0,0,1,0,,67,1,2010,5,40.0423,-75.0039,1750.0,6,0,0,0,0,0,0,0,0,,0,0,0,17.0,3,1,0,,0,40 02:32.473,,0,75 00:13.803,4,0,0,0,67301,0,0,0,N,0,0,0,2,68K01,1,,1,1,,N,N,,0,,0,0,1,0,0,,1745.0,1,2,0,0,0,0,0,3,4,0,2,3,,N,,,,,,,,,,,
2010017224,1953.0,0,0,0,1,0,0,0,0,0,1,0,,67,1,2010,1,39.987,-75.149,1950.0,6,0,0,0,0,0,0,0,0,,0,0,0,18.0,3,1,1,,0,39 59:13.126,,0,75 08:56.402,8,0,0,0,67301,1,0,0,N,0,0,0,2,67301,0,,1,9,,N,N,,0,,0,0,1,3,2,,1800.0,1,2,0,0,0,1,0,3,4,0,1,7,,N,,,,,,,,,,,
2010021446,730.0,1,0,0,0,0,0,0,0,0,7,0,,67,1,2010,2,40.1017,-75.0273,726.0,6,1,0,0,0,0,0,0,0,,0,0,0,7.0,5,0,0,,0,40 06:06.040,,0,75 01:38.411,0,0,0,0,67301,0,0,0,N,0,0,0,1,67301,0,,5,9,,N,N,,0,,0,0,0,0,0,,720.0,0,1,0,0,0,0,0,3,4,0,1,7,,N,,,,,,,,,,,
2010021697,1515.0,1,0,0,0,0,0,0,0,0,1,0,,67,1,2010,3,39.9337,-75.2287,1509.0,6,0,0,0,0,0,1,0,0,1.0,0,0,0,99.0,1,4,2,,1,39 56:01.180,4.0,0,75 13:43.206,4,0,0,0,67301,0,0,0,N,0,0,0,6,67301,2,,1,1,,N,N,,0,,0,0,0,3,3,N,9999.0,4,2,0,0,0,2,0,3,4,0,2,3,,N,,,,,,,,,,,
2010021870,1223.0,2,0,0,0,0,0,0,0,0,4,0,,67,1,2010,2,39.9601,-75.1734,1214.0,6,0,0,0,0,0,0,0,0,,0,0,0,12.0,1,2,1,,0,39 57:37.219,,0,75 10:25.442,8,0,0,0,67301,0,0,0,N,0,0,0,3,67301,0,,1,9,,N,N,,0,,0,0,0,3,2,,1210.0,2,2,0,0,0,2,0,3,4,0,2,7,,N,,,,,,,,,,,
2010021889,1419.0,2,0,0,0,0,0,0,0,0,1,0,,67,1,2010,5,39.9562,-75.1627,1416.0,6,0,0,0,0,0,1,0,0,,0,0,0,11.0,1,2,1,,0,39 57:22.420,,0,75 09:45.641,8,0,0,0,67301,0,0,0,,0,0,0,3,67301,0,,1,1,,N,N,,0,,0,0,0,3,2,,1130.0,2,2,0,0,0,2,0,3,4,0,2,3,,N,,,,,,,,,,,
2010055885,1147.0,0,0,0,0,0,0,0,0,0,1,0,,67,6,2010,7,,,1147.0,6,0,0,0,0,0,0,0,1,,0,0,0,11.0,1,1,0,,0,,,5,,4,0,0,1,67301,0,0,0,N,0,0,0,2,67501,1,,1,1,,N,N,,0,,0,0,1,0,0,,1145.0,1,2,0,0,0,0,0,3,3,0,2,3,,N,,,,,,,,,,,
2010074981,1100.0,0,0,0,0,0,0,0,0,0,1,0,,67,7,2010,4,40.0071,-75.2137,1057.0,6,0,0,0,0,0,0,0,0,,0,0,0,99.0,3,1,1,,0,40 00:25.593,,0,75 12:49.352,8,0,0,0,67301,0,0,0,N,0,0,0,5,67301,0,,1,1,,N,N,,0,,0,0,0,9,9,,9999.0,1,2,0,0,0,1,2,3,4,2,2,3,,N,,,,,,,,,,,
2010075068,918.0,0,0,0,0,0,0,1,0,0,4,1,,67,7,2010,3,39.9823,-75.1267,917.0,6,0,0,0,0,0,1,0,0,,0,0,0,9.0,1,1,1,,0,39 58:56.426,,0,75 07:36.268,4,0,0,0,67301,0,0,0,N,0,0,0,3,67301,1,,1,1,,Y,N,,0,,0,0,1,3,3,,914.0,1,2,0,0,0,0,1,3,4,0,2,3,,N,,,,,,,,,,,
2010045494,501.0,1,0,0,0,0,0,0,0,0,1,1,,67,4,2010,3,39.9839,-75.0967,455.0,6,0,0,1,0,0,0,0,0,1.0,0,1,0,4.0,3,0,0,,1,39 59:02.251,1.0,0,75 05:47.613,9,0,0,0,67301,0,0,0,N,0,0,0,2,68K01,0,,1,9,,N,N,,0,,0,0,0,0,0,N,451.0,0,2,0,0,0,0,1,3,4,0,2,3,,N,,,,,,,,,,,
2010064758,1525.0,0,0,0,0,0,0,0,0,0,8,0,,67,6,2010,4,40.0152,-75.1498,1520.0,6,0,0,0,0,0,0,0,0,,0,0,0,15.0,1,1,2,,0,40 00:55.159,,0,75 08:59.707,4,0,0,0,67301,1,0,0,,1,0,0,2,67301,1,,1,1,,N,N,,0,,0,0,1,3,2,,1500.0,1,2,0,0,0,0,0,3,4,0,1,3,,N,,,,,,,,,,,
2010048287,1728.0,4,0,0,0,0,0,0,0,0,1,0,,67,5,2010,1,39.9574,-75.1586,1723.0,6,0,0,0,0,0,0,0,0,,0,0,0,17.0,1,0,0,,0,39 57:26.776,,0,75 09:30.920,9,0,0,0,67301,0,0,0,N,0,0,0,9,68K01,0,,1,1,,N,N,,0,,0,0,1,0,0,,1715.0,0,5,0,0,0,0,1,3,4,0,5,3,,N,,,,,,,,,,,
2010105901,2100.0,2,0,0,0,0,0,0,0,0,1,0,,67,9,2010,7,40.0186,-75.1471,9999.0,6,0,0,0,0,0,1,0,0,1.0,0,0,0,20.0,3,1,0,,1,40 01:07.093,1.0,0,75 08:49.729,4,0,0,0,67301,0,0,0,,0,0,0,2,67301,1,,1,1,,N,N,,0,,0,0,0,3,2,N,2030.0,1,2,0,0,0,0,1,3,4,0,2,3,,N,,,,,,,,,,,
2010103948,1643.0,2,0,0,0,0,0,0,0,0,1,0,,67,9,2010,6,39.9929,-75.1199,1639.0,6,0,0,0,0,1,0,0,0,,0,0,0,16.0,1,2,0,,0,39 59:34.472,,0,75 07:11.733,4,0,0,0,67301,0,0,0,N,0,0,0,4,67301,2,,1,1,,N,N,,0,,0,0,0,0,0,,1639.0,2,3,0,0,0,0,0,3,4,1,3,3,,N,,,,,,,,,,,
2010100910,2123.0,0,0,0,0,0,0,0,0,0,4,1,,67,8,2010,1,40.0988,-74.9961,2118.0,6,0,0,0,0,0,0,0,0,2.0,0,1,0,21.0,3,0,0,,2,40 05:55.620,2.0,7,74 59:45.877,0,0,0,0,67301,0,0,0,,0,0,0,2,67301,0,,1,1,,,,,0,,0,0,0,0,0,Y,2111.0,0,2,0,0,0,0,0,3,4,1,2,3,,N,,,,,,,,,,,
2010094131,1759.0,1,0,0,0,0,0,0,0,0,8,0,,67,8,2010,5,40.0227,-75.1145,1754.0,6,0,0,0,0,0,0,0,0,,0,0,0,17.0,1,1,0,,0,40 01:21.619,,0,75 06:52.376,4,0,0,0,67301,1,0,0,N,1,0,0,2,67301,1,,1,1,,N,N,,0,,0,0,0,0,0,,1727.0,1,2,0,0,0,0,0,3,4,0,1,3,,N,,,,,,,,,,,
2010094172,2045.0,1,0,0,0,0,0,0,0,0,8,0,,67,8,2010,2,40.0197,-75.0898,2043.0,6,0,0,0,0,0,1,0,0,,0,0,0,19.0,3,1,0,,0,40 01:10.907,,7,75 05:23.458,4,0,0,0,67301,1,0,0,N,1,0,0,2,67301,1,,1,1,,N,N,,0,,0,0,0,0,0,,1955.0,1,2,0,0,0,0,0,3,4,0,1,3,,N,,,,,,,,,,,
2010094238,834.0,2,0,0,0,0,0,0,0,0,4,0,,67,8,2010,3,40.0331,-75.1069,832.0,6,0,0,0,0,0,0,0,0,,0,0,0,8.0,1,1,1,,0,40 01:57.810,,0,75 06:23.231,8,0,0,0,67301,0,0,0,N,0,0,0,2,67301,0,,1,1,,N,N,,0,,0,0,0,3,2,,826.0,1,2,0,0,0,1,0,3,4,0,2,3,,N,,,,,,,,,,,
2010094286,2129.0,4,0,0,0,0,0,0,0,0,2,0,,67,8,2010,3,40.0139,-75.1848,2126.0,6,0,0,0,0,0,0,0,0,,0,0,0,21.0,3,2,0,,0,40 00:49.985,,0,75 11:05.288,4,0,0,0,67301,0,0,0,N,0,0,0,2,67301,2,,6,1,,N,N,,0,,0,0,1,0,0,,2122.0,2,5,0,0,2,0,0,3,4,0,5,3,,N,,,,,,,,,,,
2010096484,1657.0,0,0,0,0,0,0,0,0,0,4,0,,67,8,2010,5,39.9848,-75.1134,1630.0,6,0,0,0,0,0,0,0,0,,0,0,0,15.0,1,1,1,,0,39 59:05.987,,0,75 06:46.837,4,0,0,0,67301,1,0,0,,1,0,0,2,67301,1,,1,1,,,,,0,,0,0,0,3,2,,1500.0,1,2,0,0,1,0,0,3,4,1,1,3,,N,,,,,,,,,,,
2010113743,2043.0,1,0,0,0,0,0,0,0,0,8,0,,67,10,2010,3,39.9671,-75.1623,2040.0,6,0,0,0,0,0,1,0,0,,0,0,0,20.0,3,1,0,,0,39 58:01.603,,0,75 09:44.254,8,0,0,0,67301,1,0,0,,1,0,0,2,67301,0,,1,1,,N,N,,0,,0,0,0,3,2,,2039.0,1,2,0,0,0,1,0,3,4,0,1,3,,N,,,,,,,,,,,
2010113747,1920.0,0,0,0,1,0,0,0,0,0,4,0,,67,10,2010,5,40.0021,-75.1441,1928.0,6,0,0,0,0,0,0,0,1,,0,0,0,19.0,4,1,5,,0,40 00:07.666,,0,75 08:38.744,8,0,0,0,67301,1,0,0,,0,0,0,3,67301,0,,1,98,,,,,1,,0,0,0,3,2,,1920.0,1,2,0,0,0,1,0,3,4,0,1,99,,N,,,,,,,,,,,
2010113751,10.0,1,0,0,0,0,0,0,0,0,1,0,,67,10,2010,4,40.0081,-75.0725,9999.0,6,0,0,0,0,0,0,0,0,,0,0,0,23.0,3,1,1,,0,40 00:29.331,,0,75 04:20.880,3,0,0,0,67301,0,0,0,N,0,0,0,2,67301,0,,1,98,,N,N,,0,,1,0,0,3,2,,2320.0,1,2,0,0,0,0,1,3,4,1,2,99,,N,,,,,,,,,,,
2010093729,1032.0,1,0,0,0,0,0,0,0,0,8,0,,67,8,2010,1,40.0592,-75.0634,1030.0,6,0,0,0,0,0,0,0,0,,0,0,0,10.0,1,1,0,,0,40 03:33.249,,0,75 03:48.229,4,0,0,0,67301,1,0,0,,1,0,0,2,67301,1,,1,1,,,N,,0,,0,0,0,0,0,,1030.0,1,2,0,0,0,0,0,3,4,0,1,3,,N,,,,,,,,,,,
2010093743,1610.0,1,0,0,0,0,0,0,0,0,7,0,,67,8,2010,1,39.9643,-75.2343,1000.0,6,0,0,0,0,0,0,0,0,,0,0,0,16.0,1,1,0,,0,39 57:51.343,,0,75 14:03.346,4,0,0,0,67301,0,0,0,N,0,0,0,3,67301,1,,5,9,,N,N,,0,,0,0,0,0,0,,1600.0,1,1,0,0,0,0,0,3,4,0,1,7,,N,,,,,,,,,,,
2010111366,1627.0,1,0,0,0,0,0,1,0,0,4,1,,67,10,2010,5,39.915,-75.1574,1622.0,6,0,0,0,0,0,0,0,1,,0,0,0,16.0,1,1,2,,0,39 54:53.982,,0,75 09:26.731,4,0,0,0,67301,0,0,0,N,0,0,0,3,67301,1,,1,1,,N,N,,0,,0,0,0,0,0,,1620.0,1,2,0,0,0,0,0,3,4,0,2,3,,N,,,,,,,,,,,
2010110847,350.0,2,0,0,0,0,0,0,0,0,4,0,,67,10,2010,7,39.9249,-75.174,350.0,6,0,0,0,0,0,0,0,0,2.0,0,0,0,3.0,3,6,1,,1,39 55:28.531,3.0,0,75 10:16.770,3,0,0,0,67301,0,0,0,N,0,0,0,6,67301,0,,1,1,,N,N,,0,,6,0,0,3,2,N,350.0,6,3,0,0,3,0,0,3,4,0,3,3,,N,,,,,,,,,,,
2010061531,2245.0,2,0,0,0,0,0,0,0,0,1,0,,67,5,2010,6,39.9968,-75.1769,2245.0,6,0,0,0,0,0,0,0,0,,0,0,0,22.0,3,0,1,,0,39 59:48.592,,0,75 10:36.999,0,0,0,0,67301,0,0,0,N,0,0,0,2,67301,0,,1,1,,N,N,,0,,0,0,0,0,0,,2240.0,0,2,0,0,0,0,0,3,4,0,2,3,,N,,,,,,,,,,,
2010040540,1503.0,2,0,0,0,0,0,0,0,0,6,0,,67,4,2010,1,39.9229,-75.1782,1500.0,6,0,0,0,1,0,0,0,0,,0,0,0,15.0,1,1,1,,0,39 55:22.612,,0,75 10:41.645,4,0,0,0,67301,0,0,0,N,0,0,0,2,67301,1,,1,1,,N,N,,0,,0,0,1,3,3,,1500.0,1,3,0,0,0,0,0,3,4,0,3,3,,N,,,,,,,,,,,
2010040569,9999.0,2,0,0,0,0,0,0,0,0,1,0,,67,3,2010,2,40.0295,-75.1467,9999.0,6,0,0,0,0,0,1,0,0,1.0,0,0,0,99.0,1,1,1,,1,40 01:45.991,2.0,0,75 08:48.615,8,0,0,0,67301,0,0,0,,0,0,0,3,67301,0,,1,9,,,,,1,,0,0,0,3,2,N,9999.0,1,3,0,0,0,1,0,3,4,0,3,7,,N,,,,,,,,,,,
2010037857,1355.0,1,0,0,0,0,0,0,0,0,1,1,,67,4,2010,3,39.887,-75.2052,1354.0,6,0,0,0,0,0,2,0,0,,0,0,0,13.0,1,1,0,,0,39 53:15.757,,3,75 12:14.483,4,0,0,0,67301,0,0,0,N,0,0,0,2,68K01,1,,1,1,,N,N,,1,,0,0,0,0,0,,1351.0,1,2,0,0,0,0,0,3,4,0,2,3,,N,,,,,,,,,,,
2010038712,136.0,1,0,0,0,0,0,0,0,0,4,0,,67,3,2010,1,39.9576,-75.1457,133.0,6,0,0,0,1,0,0,0,0,9.0,0,0,0,1.0,3,2,2,,1,39 57:27.432,4.0,0,75 08:44.473,4,0,0,0,67301,0,0,0,N,0,0,0,3,67301,2,,1,1,,N,N,,0,,0,0,1,3,2,N,132.0,2,2,0,0,0,0,0,3,4,0,2,3,,N,,,,,,,,,,,