CRN,ARRIVAL_TM,AUTOMOBILE_COUNT,BELTED_DEATH_COUNT,BELTED_SUSP_SERIOUS_INJ_COUNT,BICYCLE_COUNT,BICYCLE_DEATH_COUNT,BICYCLE_SUSP_SERIOUS_INJ_COUNT,BUS_COUNT,CHLDPAS_DEATH_COUNT,CHLDPAS_SUSP_SERIOUS_INJ_COUNT,COLLISION_TYPE,COMM_VEH_COUNT,CONS_ZONE_SPD_LIM,COUNTY,CRASH_MONTH,CRASH_YEAR,DAY_OF_WEEK,DEC_LAT,DEC_LONG,DISPATCH_TM,DISTRICT,DRIVER_COUNT_16YR,DRIVER_COUNT_17YR,DRIVER_COUNT_18YR,DRIVER_COUNT_19YR,DRIVER_COUNT_20YR,DRIVER_COUNT_50_64YR,DRIVER_COUNT_65_74YR,DRIVER_COUNT_75PLUS,EST_HRS_CLOSED,FATAL_COUNT,HEAVY_TRUCK_COUNT,HORSE_BUGGY_COUNT,HOUR_OF_DAY,ILLUMINATION,INJURY_COUNT,INTERSECT_TYPE,INTERSECTION_RELATED,LANE_CLOSED,LATITUDE,LN_CLOSE_DIR,LOCATION_TYPE,LONGITUDE,MAX_SEVERITY_LEVEL,MCYCLE_DEATH_COUNT,MCYCLE_SUSP_SERIOUS_INJ_COUNT,MOTORCYCLE_COUNT,MUNICIPALITY,NONMOTR_COUNT,NONMOTR_DEATH_COUNT,NONMOTR_SUSP_SERIOUS_INJ_COUNT,NTFY_HIWY_MAINT,PED_COUNT,PED_DEATH_COUNT,PED_SUSP_SERIOUS_INJ_COUNT,PERSON_COUNT,POLICE_AGCY,POSSIBLE_INJ_COUNT,RDWY_SURF_TYPE_CD,RELATION_TO_ROAD,ROAD_CONDITION,ROADWAY_CLEARED,SCH_BUS_IND,SCH_ZONE_IND,SECONDARY_CRASH,SMALL_TRUCK_COUNT,SPEC_JURIS_CD,SUSP_MINOR_INJ_COUNT,SUSP_SERIOUS_INJ_COUNT,SUV_COUNT,TCD_FUNC_CD,TCD_TYPE,TFC_DETOUR_IND,TIME_OF_DAY,TOT_INJ_COUNT,TOTAL_UNITS,UNB_DEATH_COUNT,UNB_SUSP_SERIOUS_INJ_COUNT,UNBELTED_OCC_COUNT,UNK_INJ_DEG_COUNT,UNK_INJ_PER_COUNT,URBAN_AREA,URBAN_RURAL,VAN_COUNT,VEHICLE_COUNT,WEATHER1,WEATHER2,WORK_ZONE_IND,WORK_ZONE_LOC,WORK_ZONE_TYPE,WORKERS_PRES,WZ_CLOSE_DETOUR,WZ_FLAGGER,WZ_LAW_OFFCR_IND,WZ_LN_CLOSURE,WZ_MOVING,WZ_OTHER,WZ_SHLDER_MDN,WZ_WORKERS_INJ_KILLED
2010122526,1742.0,0,0,0,0,0,0,0,0,0,5,0,,67,11,2010,7,39.9731,-75.1503,1740.0,6,0,0,0,0,0,0,0,0,,0,0,0,17.0,4,1,0,,0,39 58:23.295,,0,75 09:01.028,4,0,0,0,67301,0,0,0,N,0,0,0,2,67301,1,,6,1,,N,N,,0,,0,0,2,0,0,,1737.0,1,2,0,0,0,0,0,3,4,0,2,3,5.0,N,,,,,,,,,,,
2010122555,1100.0,2,0,0,0,0,0,0,0,0,4,0,,67,11,2010,4,39.9447,-75.1809,56.0,6,0,0,0,0,0,0,0,0,,0,0,0,10.0,1,1,2,,0,39 56:40.833,,0,75 10:51.355,8,0,0,0,67301,0,0,0,N,0,0,0,2,67301,0,,1,1,,N,N,,0,,0,0,0,3,2,,1055.0,1,2,0,0,0,1,0,3,4,0,2,3,,N,,,,,,,,,,,
2010038756,130.0,2,0,0,0,0,0,0,0,0,5,0,,67,3,2010,2,40.0373,-75.0418,124.0,6,0,0,0,0,0,0,0,0,,0,0,0,1.0,3,0,0,,0,40 02:14.147,,0,75 02:30.556,0,0,0,0,67301,0,0,0,N,0,0,0,2,67301,0,,6,9,,N,N,,1,,0,0,0,0,0,,120.0,0,3,0,0,0,0,0,3,4,0,3,7,,N,,,,,,,,,,,
2010038772,1640.0,0,0,0,0,0,0,0,0,0,2,0,,67,3,2010,7,40.0092,-75.069,1634.0,6,0,0,0,0,0,0,0,0,,0,0,0,16.0,1,2,1,,0,40 00:33.068,,2,75 04:08.444,4,0,0,0,67301,0,0,0,N,0,0,0,4,67301,2,,1,1,,N,N,,1,,0,0,0,3,2,,1620.0,2,2,0,0,0,0,0,3,4,1,2,3,,N,,,,,,,,,,,
2010038781,1620.0,2,0,0,0,0,0,1,0,0,1,1,,67,3,2010,2,39.9291,-75.2205,1616.0,6,0,1,0,0,0,0,0,0,,0,0,0,15.0,1,1,1,,0,39 55:44.712,,0,75 13:13.928,4,0,0,0,67301,0,0,0,N,0,0,0,6,67301,1,,1,1,,Y,N,,0,,0,0,0,3,2,,1527.0,1,3,0,0,0,0,0,3,4,0,3,3,,N,,,,,,,,,,,
2010038797,1755.0,1,0,0,0,0,0,0,0,0,8,0,,67,3,2010,2,40.0107,-75.1,1752.0,6,0,0,0,0,1,0,0,0,,0,0,0,99.0,1,1,0,,0,40 00:38.422,,0,75 05:59.892,8,0,0,0,67301,1,0,0,N,1,0,0,2,67301,0,,1,9,,N,N,,0,,0,0,0,0,0,,9999.0,1,2,0,0,0,1,0,3,4,0,1,7,,N,,,,,,,,,,,
2010122572,1200.0,2,0,0,0,0,0,0,0,0,5,0,,67,11,2010,4,39.9336,-75.1469,1156.0,6,0,0,0,1,0,0,1,0,,0,0,0,11.0,1,2,0,,0,39 56:00.934,,0,75 08:48.681,8,0,0,0,67301,0,0,0,N,0,0,0,3,67301,0,,1,1,,N,N,,0,,0,0,0,3,2,,1150.0,2,2,0,0,0,2,0,3,4,0,2,3,,N,,,,,,,,,,,
2010122584,2025.0,2,0,0,0,0,0,0,0,0,4,0,,67,11,2010,5,39.96,-75.1653,2024.0,6,0,0,0,0,0,0,1,0,,0,0,0,20.0,3,0,1,,0,39 57:36.054,,0,75 09:55.036,0,0,0,0,67301,0,0,0,N,0,0,0,2,67301,0,,1,9,,N,N,,0,,0,0,0,3,2,,2015.0,0,2,0,0,0,0,0,3,4,0,2,7,,N,,,,,,,,,,,
2010039207,2311.0,2,0,0,0,0,0,0,0,0,5,0,,67,3,2010,5,40.0363,-75.0643,2308.0,6,0,0,0,1,0,0,0,0,2.0,0,0,0,23.0,3,3,1,,2,40 02:10.729,1.0,0,75 03:51.497,3,0,0,0,67301,0,0,0,,0,0,0,4,67301,1,,1,1,,,,,0,,2,0,1,3,2,Y,2305.0,3,3,0,0,0,0,0,3,4,0,3,3,,N,,,,,,,,,,,
2010039317,1155.0,2,0,0,0,0,0,0,0,0,4,0,,67,3,2010,2,39.9578,-75.2193,1153.0,6,0,0,0,0,0,0,0,0,,0,0,0,11.0,1,1,2,,0,39 57:27.900,,0,75 13:09.320,8,0,0,0,67301,0,0,0,N,0,0,0,3,67301,0,,1,9,,N,N,,0,,0,0,0,3,2,,1151.0,1,2,0,0,0,1,0,3,4,0,2,7,,N,,,,,,,,,,,
2010032071,1417.0,1,0,0,0,0,0,0,0,0,1,0,,67,3,2010,3,39.9963,-75.237,1417.0,6,0,0,0,0,0,2,0,0,,0,0,0,14.0,1,1,0,,0,39 59:49.245,,0,75 14:07.837,4,0,0,0,67301,0,0,0,N,0,0,0,3,46104,1,,1,1,,N,N,,0,,0,0,0,0,0,,1417.0,1,2,0,0,0,0,0,3,4,1,2,3,,N,,,,,,,,,,,
2010029470,1300.0,1,0,0,0,0,0,0,0,0,8,0,,67,1,2010,2,40.0364,-75.1305,1258.0,6,0,0,0,0,0,1,0,0,,0,0,0,99.0,1,1,1,,0,40 02:11.165,,0,75 07:49.937,3,0,0,0,67301,1,0,0,N,1,0,0,2,67301,0,,1,1,,N,N,,0,,1,0,0,3,2,,9999.0,1,2,0,0,0,0,0,3,4,0,1,3,,N,,,,,,,,,,,
2010032574,933.0,1,0,0,0,0,0,0,0,0,4,0,99.0,67,2,2010,4,40.0239,-75.0354,930.0,6,0,0,0,0,0,0,0,0,1.0,0,0,0,9.0,1,1,1,,1,40 01:26.280,1.0,0,75 02:07.317,4,0,0,0,67301,0,0,0,,0,0,0,2,67301,1,,1,9,,N,N,,0,,0,0,1,3,2,N,925.0,1,2,0,0,0,0,0,3,4,0,2,3,,Y,8.0,8.0,U,U,U,U,U,U,U,U,
2010090106,0.0,2,0,0,0,0,0,0,0,0,5,0,,67,8,2010,5,40.0322,-75.0369,2351.0,6,0,0,0,0,0,0,0,0,1.0,0,0,0,23.0,3,3,1,,1,40 01:55.909,3.0,0,75 02:12.865,8,0,0,0,67301,0,0,0,N,0,0,0,5,67301,0,,1,1,,N,N,,0,,0,0,0,3,2,N,2330.0,3,2,0,0,2,3,0,3,4,0,2,3,,N,,,,,,,,,,,
2010032637,2100.0,2,0,0,0,0,0,0,0,0,1,0,,67,3,2010,4,40.0182,-75.2018,2052.0,6,0,0,0,0,0,0,0,0,1.0,0,0,0,20.0,2,0,0,,1,40 01:05.690,3.0,0,75 12:06.330,0,0,0,0,67301,0,0,0,,0,0,0,4,67301,0,,1,1,,N,N,,0,,0,0,0,0,0,N,2052.0,0,2,0,0,0,0,0,3,4,0,2,3,,N,,,,,,,,,,,
2010032737,405.0,2,0,0,0,0,0,0,0,0,1,0,,67,3,2010,1,40.0354,-75.0696,401.0,6,0,0,0,0,0,0,0,0,,0,0,0,4.0,3,3,1,,0,40 02:07.511,,0,75 04:10.636,8,0,0,0,67301,0,0,0,N,0,0,0,3,67301,0,,1,1,,N,N,,0,,0,0,0,3,2,,400.0,3,2,0,0,0,3,0,3,4,0,2,3,,N,,,,,,,,,,,
2010032740,2051.0,0,0,0,0,0,0,0,0,0,7,0,,67,2,2010,1,39.9228,-75.2357,2051.0,6,0,0,0,0,0,0,0,0,,0,0,0,20.0,3,0,1,,0,39 55:22.123,,0,75 14:08.509,0,0,0,0,67301,0,0,0,N,0,0,0,1,67301,0,,5,1,,N,N,,0,,0,0,0,3,2,,2044.0,0,1,0,0,0,0,0,3,4,1,1,3,,N,,,,,,,,,,,
2010032831,1841.0,0,0,0,0,0,0,0,0,0,8,0,,67,2,2010,4,39.9135,-75.2427,1837.0,6,0,0,0,0,0,0,0,0,,0,0,0,99.0,4,1,0,,0,39 54:48.552,,0,75 14:33.792,8,0,0,0,67301,1,0,0,N,1,0,0,4,67301,0,,1,1,,N,N,,0,,0,0,1,3,2,,9999.0,1,2,0,0,0,1,0,3,4,0,1,3,,N,,,,,,,,,,,
2010032835,2200.0,1,0,0,0,0,0,1,0,0,1,1,,67,2,2010,6,39.8897,-75.2338,2130.0,6,0,0,0,0,0,0,0,0,,0,0,0,21.0,3,1,2,,0,39 53:23.198,,0,75 14:01.809,8,0,0,0,67301,0,0,0,N,0,0,0,15,67301,0,,1,9,,N,N,,0,,0,0,0,3,2,,2130.0,1,2,0,0,0,1,0,3,4,0,2,3,,N,,,,,,,,,,,
2010016944,2015.0,1,0,0,0,0,0,0,0,0,8,0,,67,1,2010,5,40.076,-75.1768,2010.0,6,0,0,0,0,0,0,0,0,,0,0,0,19.0,3,1,1,,0,40 04:33.706,,0,75 10:36.476,8,0,0,0,67301,1,0,0,N,1,0,0,2,67301,0,,1,1,,N,N,,0,,0,0,0,0,0,,1945.0,1,2,0,0,0,1,0,3,4,0,1,3,,N,,,,,,,,,,,
2010014322,1927.0,1,0,0,0,0,0,0,0,0,1,0,,67,1,2010,5,40.0094,-75.2046,1921.0,6,0,0,0,0,0,0,0,0,,0,0,0,19.0,3,0,0,,0,40 00:31.132,,2,75 12:11.087,0,0,0,0,67301,0,0,0,N,0,0,0,2,68K01,0,,1,1,,N,N,,0,,0,0,1,3,4,,1918.0,0,2,0,0,0,0,0,3,4,0,2,3,,N,,,,,,,,,,,
2010020468,1430.0,0,0,0,0,0,0,0,0,0,0,1,,67,2,2010,7,39.899,-75.1674,1423.0,6,0,0,0,0,0,1,0,0,3.0,0,1,0,14.0,1,1,0,,1,39 54:00.013,1.0,0,75 09:34.711,8,0,0,0,67301,0,0,0,Y,0,0,0,1,68K01,0,,1,7,,N,N,,0,,0,0,0,0,0,N,1420.0,1,1,0,0,0,1,0,3,4,0,1,10,,N,,,,,,,,,,,
2010020480,1506.0,0,0,0,0,0,0,0,0,0,7,0,,67,2,2010,1,39.9788,-75.203,1503.0,6,0,0,0,0,0,0,0,0,2.0,0,0,0,15.0,1,0,7,,2,39 58:46.577,4.0,2,75 12:15.299,0,0,0,0,67301,0,0,0,N,0,0,0,1,68K01,0,,2,1,,N,N,,0,,0,0,1,0,0,N,1501.0,0,1,0,0,0,0,0,3,4,0,1,3,,N,,,,,,,,,,,
2010105919,1555.0,1,0,0,0,0,0,0,0,0,4,0,,67,10,2010,1,40.0291,-75.1057,1545.0,6,0,0,0,0,0,0,0,0,1.0,0,0,0,15.0,1,1,0,,2,40 01:44.902,1.0,0,75 06:20.076,4,0,0,0,67301,0,0,0,N,0,0,0,4,67301,1,,1,1,,N,N,,2,,0,0,0,0,0,Y,1540.0,1,3,0,0,0,0,0,3,4,0,3,3,,N,,,,,,,,,,,
2010098523,105.0,1,0,0,0,0,0,0,0,0,7,0,,67,10,2010,1,39.9905,-75.2048,59.0,6,0,0,0,0,0,0,0,0,2.0,0,0,0,0.0,3,1,0,,1,39 59:28.344,4.0,0,75 12:12.785,4,0,0,0,67301,0,0,0,N,0,0,0,2,68K01,1,,4,1,,N,N,,0,,0,0,0,0,0,Y,57.0,1,1,0,0,0,0,0,3,4,0,1,3,,N,,,,,,,,,,,
2010089098,1800.0,2,0,0,0,0,0,0,0,0,4,0,,67,8,2010,7,40.1109,-75.0035,1757.0,6,0,0,0,0,0,0,0,0,,0,0,0,17.0,1,1,2,,0,40 06:39.135,,0,75 00:12.689,4,0,0,0,67301,0,0,0,N,0,0,0,2,67301,1,,1,1,,,,,0,,0,0,0,3,2,,1757.0,1,2,0,0,0,0,0,3,4,0,2,3,,N,,,,,,,,,,,
2010094103,1120.0,3,0,0,0,0,0,0,0,0,2,0,,67,8,2010,4,39.9923,-75.1422,1117.0,6,0,0,0,0,0,0,0,1,9.0,0,0,0,11.0,1,4,1,,2,39 59:32.614,6.0,0,75 08:31.878,3,0,0,0,67301,0,0,0,,0,0,0,4,67301,1,,1,1,,,,,0,,3,0,0,0,0,Y,1120.0,4,3,0,0,0,0,0,3,4,0,3,3,,N,,,,,,,,,,,
2010113625,325.0,2,0,0,0,0,0,0,0,0,6,0,,67,10,2010,7,39.9881,-75.0965,322.0,6,0,0,0,0,0,0,0,0,,0,0,0,2.0,3,0,0,,0,39 59:17.252,,0,75 05:47.402,0,0,0,0,67301,0,0,0,N,0,0,0,1,67301,0,,1,1,,N,N,,1,,0,0,0,0,0,,250.0,0,3,0,0,1,0,0,3,4,0,3,3,,N,,,,,,,,,,,
2010094257,1655.0,1,0,0,0,0,0,0,0,0,1,0,,67,8,2010,2,39.9787,-75.2679,1655.0,6,0,0,0,0,0,1,0,0,,0,0,0,16.0,1,3,2,,0,39 58:43.331,,0,75 16:04.465,8,0,0,0,67301,0,0,0,N,0,0,0,4,67301,0,,1,9,,N,N,,0,,0,0,1,0,0,,1650.0,3,2,0,0,0,3,0,3,4,0,2,7,,N,,,,,,,,,,,
2010094275,1700.0,1,0,0,0,0,0,0,0,0,4,0,,67,8,2010,7,39.9854,-75.2481,1645.0,6,0,0,0,0,0,0,0,0,,0,0,0,15.0,1,3,1,,0,39 59:07.481,,0,75 14:53.054,8,0,0,0,67301,0,0,0,,0,0,0,4,67301,0,,1,1,,,,,0,,0,0,1,3,2,,1500.0,3,2,0,0,0,3,0,3,4,0,2,3,,N,,,,,,,,,,,
2010094277,1553.0,1,0,0,0,0,0,0,0,0,1,0,,67,8,2010,2,39.9922,-75.2457,1539.0,6,0,0,0,0,0,0,0,0,,0,0,0,15.0,1,2,1,,0,39 59:31.747,,0,75 14:44.388,8,0,0,0,67301,0,0,0,N,0,0,0,3,67301,0,,1,1,,N,N,,0,,0,0,1,3,2,,1520.0,2,2,0,0,0,2,0,3,4,0,2,3,,N,,,,,,,,,,,
2010098686,440.0,0,0,0,0,0,0,0,0,0,7,1,,67,10,2010,4,39.8849,-75.2503,400.0,6,0,0,0,0,0,0,0,0,3.0,0,1,0,3.0,3,1,0,,2,39 53:06.049,4.0,0,75 15:00.800,4,0,0,0,67301,0,0,0,N,0,0,0,1,67301,1,,3,1,,N,N,,0,,0,0,0,3,2,Y,307.0,1,1,0,0,0,0,0,3,4,0,1,3,,N,,,,,,,,,,,
2010096501,10.0,0,0,0,0,0,0,0,0,0,0,0,,67,8,2010,1,39.972,-75.246,7.0,6,0,0,0,0,0,0,0,0,,0,0,0,23.0,3,1,2,,0,39 58:19.155,,0,75 14:45.414,3,0,0,1,67301,0,0,0,N,0,0,0,1,67301,0,,1,1,,N,N,,0,,1,0,0,0,0,,2317.0,1,1,0,0,0,0,0,3,4,0,1,3,,N,,,,,,,,,,,
2010093734,2021.0,0,0,0,0,0,0,0,0,0,4,1,,67,8,2010,3,40.1097,-74.9869,2020.0,6,0,0,0,0,1,0,0,0,,0,1,0,16.0,1,1,1,,0,40 06:34.750,,0,74 59:12.717,2,0,0,0,67301,0,0,0,,0,0,0,2,67301,0,,1,9,,N,N,,1,,0,1,0,3,2,,1615.0,1,2,0,0,0,0,0,3,4,0,2,7,,N,,,,,,,,,,,
2010088963,1554.0,1,0,0,0,0,0,0,0,0,1,0,,67,7,2010,6,39.9526,-75.19,1530.0,6,0,0,0,0,0,2,0,0,9.0,0,0,0,15.0,1,1,1,,1,39 57:09.205,1.0,0,75 11:24.106,4,0,0,0,67301,0,0,0,N,0,0,0,3,67301,1,,1,1,,N,N,,1,,0,0,0,3,2,Y,1530.0,1,2,0,0,0,0,0,3,4,0,2,3,,N,,,,,,,,,,,
2010110846,1432.0,1,0,0,0,0,0,0,0,0,1,0,,67,10,2010,7,39.9382,-75.1987,1430.0,6,0,0,0,0,0,0,0,0,,0,0,0,14.0,1,0,0,,0,39 56:16.739,,0,75 11:55.747,0,0,0,0,67301,0,0,0,N,0,0,0,2,67301,0,,1,1,,N,N,,0,,0,0,1,0,0,,1420.0,0,2,0,0,0,0,0,3,4,0,2,3,,N,,,,,,,,,,,
2010110868,9999.0,1,0,0,0,0,0,0,0,0,4,0,,67,9,2010,5,39.9996,-75.1251,1656.0,6,0,0,0,0,0,0,0,0,,0,0,0,21.0,8,1,1,,0,39 59:58.554,,0,75 07:30.237,8,0,0,0,67301,0,0,0,,0,0,0,2,67301,0,,1,98,,,,,1,,0,0,0,3,2,,2140.0,1,2,0,0,0,1,0,3,4,0,2,99,,N,,,,,,,,,,,
2010069226,1.0,2,0,0,0,0,0,0,0,0,5,0,,67,6,2010,1,40.0295,-75.1604,2351.0,6,0,0,0,0,0,0,0,0,3.0,0,0,0,23.0,3,0,0,,2,40 01:46.315,4.0,0,75 09:37.555,9,0,0,0,67301,0,0,0,N,0,0,0,1,67301,0,,6,1,,N,N,,0,,0,0,0,0,0,Y,2312.0,0,2,0,0,0,0,1,3,4,0,2,3,,N,,,,,,,,,,,
2010037968,1532.0,1,0,0,0,0,0,0,0,0,5,1,,67,4,2010,6,39.8989,-75.1706,1520.0,6,0,0,0,0,0,1,0,0,,0,1,0,15.0,1,0,0,,0,39 53:56.772,,0,75 10:04.638,0,0,0,0,67301,0,0,0,N,0,0,0,4,68K01,0,,1,1,,N,N,,0,,0,0,0,0,0,,1518.0,0,2,0,0,0,0,0,3,4,0,2,3,,N,,,,,,,,,,,
2010011575,220.0,1,0,0,0,0,0,0,0,0,7,0,,67,1,2010,3,40.0578,-75.0422,209.0,6,0,0,1,0,0,0,0,0,,0,0,0,2.0,3,0,0,,0,40 03:28.494,,0,75 02:33.123,0,0,0,0,67301,0,0,0,N,0,0,0,1,67301,0,,5,1,,N,N,,0,,0,0,0,0,0,,205.0,0,1,0,0,0,0,0,3,4,0,1,3,,N,,,,,,,,,,,
2010011629,810.0,1,0,0,0,0,0,0,0,0,8,0,,67,1,2010,7,40.0299,-75.0557,810.0,6,0,0,0,0,0,1,0,0,,0,0,0,8.0,1,1,0,,0,40 01:47.598,,0,75 03:20.433,4,0,0,0,67301,1,0,0,N,1,0,0,2,67301,1,,1,1,,N,N,,0,,0,0,0,0,0,,810.0,1,2,0,0,0,0,0,3,4,0,1,3,,N,,,,,,,,,,,
2010011638,2030.0,1,0,0,0,0,0,0,0,0,4,0,,67,1,2010,2,40.0934,-75.0313,1730.0,6,0,0,0,0,0,2,0,0,,0,0,0,99.0,3,0,2,,0,40 05:36.346,,7,75 01:52.568,0,0,0,0,67301,0,0,0,,0,0,0,2,67301,0,,1,1,,,,,0,,0,0,1,3,2,,9999.0,0,2,0,0,0,0,0,3,4,0,2,3,,N,,,,,,,,,,,
2010040721,104.0,2,0,0,0,0,0,0,0,0,1,0,,67,4,2010,1,40.0033,-75.0779,55.0,6,0,0,0,0,0,0,0,0,,0,0,0,0.0,3,0,0,,0,40 00:11.648,,2,75 04:40.459,0,0,0,0,67301,0,0,0,N,0,0,0,4,68K01,0,,1,9,,N,N,,0,,0,0,1,0,0,,52.0,0,3,0,0,0,0,0,3,4,0,3,7,,N,,,,,,,,,,,
2010038612,1733.0,1,0,0,0,0,0,0,0,0,8,0,,67,3,2010,5,39.9261,-75.2424,1726.0,6,0,0,0,0,0,1,0,0,,0,0,0,99.0,1,1,1,,0,39 55:33.920,,0,75 14:32.499,8,0,0,0,67301,1,0,0,N,1,0,0,2,67301,0,,5,1,,N,N,,0,,0,0,0,3,2,,9999.0,1,2,0,0,0,1,0,3,4,0,1,3,,N,,,,,,,,,,,
2010038658,1041.0,0,0,0,0,0,0,0,0,0,4,0,,67,3,2010,6,40.014,-75.1269,1039.0,6,0,0,0,0,0,1,0,0,,0,0,0,10.0,1,2,0,,0,40 00:50.295,,0,75 07:36.674,4,0,0,0,67301,0,0,0,,0,0,0,2,67301,1,,1,9,,,,,2,,0,0,0,0,0,,1039.0,2,2,0,0,0,1,0,3,4,0,2,7,5.0,N,,,,,,,,,,,
2010038799,1838.0,1,0,0,0,0,0,0,0,0,7,0,,67,3,2010,3,39.983,-75.1114,1834.0,6,0,0,0,1,0,0,0,0,,0,0,0,18.0,1,0,0,,0,39 58:58.815,,0,75 06:40.961,0,0,0,0,67301,0,0,0,N,0,0,0,1,67301,0,,5,9,,N,N,,0,,0,0,0,0,0,,1832.0,0,1,0,0,1,0,0,3,4,0,1,7,,N,,,,,,,,,,,
2010122562,840.0,1,0,0,0,0,0,0,0,0,1,0,,67,11,2010,6,39.9138,-75.1923,830.0,6,0,0,0,0,0,0,0,0,1.0,0,0,0,8.0,1,0,0,,1,39 54:49.388,2.0,0,75 11:32.208,0,0,0,0,67301,0,0,0,,0,0,0,2,67301,0,,1,1,,,,,0,,0,0,1,0,0,N,830.0,0,2,0,0,0,0,0,3,4,0,2,3,,N,,,,,,,,,,,
2010122563,1747.0,1,0,0,0,0,0,0,0,0,8,0,,67,11,2010,7,39.9255,-75.188,1734.0,6,0,0,0,0,0,0,0,0,,0,0,0,17.0,3,2,2,,0,39 55:31.677,,7,75 11:16.803,4,0,0,0,67301,2,0,0,N,2,0,0,3,67301,2,,1,1,,N,N,,0,,0,0,0,3,2,,1734.0,2,3,0,0,0,0,1,3,4,0,1,3,,N,,,,,,,,,,,
2010122568,755.0,0,0,0,0,0,0,0,0,0,8,0,,67,11,2010,5,39.9695,-75.1396,748.0,6,0,0,0,0,0,0,0,0,,0,0,0,6.0,5,1,1,,0,39 58:10.387,,0,75 08:22.538,8,0,0,0,67301,1,0,0,N,1,0,0,2,67301,0,,1,9,,N,N,,0,,0,0,0,3,2,,648.0,1,2,0,0,0,1,1,3,4,0,1,7,,N,,,,,,,,,,,
2010122615,1740.0,1,0,0,0,0,0,0,0,0,8,0,,67,11,2010,7,39.969,-75.2641,1734.0,6,0,0,0,0,0,0,0,0,,0,0,0,17.0,3,1,0,,0,39 58:08.310,,0,75 15:50.620,3,0,0,0,67301,1,0,0,,1,0,0,2,67301,0,,1,1,,,,,0,,1,0,0,0,0,,1728.0,1,2,0,0,0,0,0,3,4,0,1,3,,N,,,,,,,,,,,
2010038999,707.0,2,0,0,0,0,0,0,0,0,1,0,,67,3,2010,2,40.0279,-75.2289,702.0,6,0,0,0,0,0,0,0,1,,0,0,0,7.0,1,1,0,,0,40 01:40.602,,0,75 13:43.893,8,0,0,0,67301,0,0,0,,0,0,0,2,67301,0,,1,1,,N,,,0,,0,0,0,0,0,,700.0,1,2,0,0,0,1,0,3,4,0,2,3,,N,,,,,,,,,,,
2010039286,225.0,3,0,0,0,0,0,0,0,0,1,0,,67,3,2010,6,39.9892,-75.0893,214.0,6,0,0,0,0,0,0,0,0,,0,0,0,2.0,3,1,0,,0,39 59:21.143,,0,75 05:21.619,4,0,0,0,67301,0,0,0,N,0,0,0,2,67301,1,,1,1,,N,N,,0,,0,0,0,0,0,,214.0,1,3,0,0,0,0,0,3,4,0,3,3,,N,,,,,,,,,,,
2010039297,2132.0,1,0,0,0,0,0,0,0,0,3,0,,67,3,2010,2,39.9552,-75.1983,2130.0,6,0,0,0,0,1,0,0,0,,0,0,0,21.0,3,0,1,,0,39 57:18.540,,0,75 11:53.890,0,0,0,0,67301,0,0,0,N,0,0,0,3,67504,0,,1,1,,N,N,,0,,0,0,1,2,2,,2130.0,0,2,0,0,0,0,0,3,4,0,2,3,,N,,,,,,,,,,,
2010031874,2046.0,0,0,0,0,0,0,0,0,0,7,0,,67,3,2010,7,40.0088,-75.2049,2021.0,6,0,0,0,0,0,0,0,0,,0,0,0,20.0,3,1,6,,0,40 00:31.674,,2,75 12:17.709,8,0,0,0,67301,0,0,0,Y,0,0,0,1,68K01,0,,2,9,,N,N,,0,,0,0,1,0,0,,2014.0,1,1,0,0,0,1,0,3,4,0,1,7,,N,,,,,,,,,,,
2010117282,708.0,0,0,0,0,0,0,0,0,0,1,0,,67,11,2010,6,39.9911,-75.0863,636.0,6,0,0,0,0,0,0,0,0,,0,0,0,6.0,1,0,0,,0,39 59:28.172,,0,75 05:10.332,0,0,0,0,67301,0,0,0,N,0,0,0,2,68K01,0,,1,1,,N,N,,0,,0,0,1,0,0,,633.0,0,2,0,0,0,0,0,3,4,1,2,3,,N,,,,,,,,,,,
2010032643,1306.0,0,0,0,0,0,0,0,0,0,0,0,,67,3,2010,1,39.9217,-75.19,1302.0,6,0,0,0,0,0,0,0,0,,0,0,0,99.0,1,1,2,,0,39 55:18.098,,2,75 11:24.083,3,0,0,1,67301,0,0,0,,0,0,0,1,67301,0,,1,98,,,,,0,,1,0,0,3,2,,9999.0,1,1,0,0,0,0,0,3,4,0,1,3,,N,,,,,,,,,,,
2010016906,1517.0,2,0,0,0,0,0,0,0,0,1,0,,67,1,2010,2,39.9752,-75.1948,1515.0,6,0,0,0,0,0,0,0,1,,0,0,0,15.0,1,4,0,,0,39 58:30.848,,0,75 11:41.084,4,0,0,0,67301,0,0,0,N,0,0,0,7,67301,4,,1,1,,N,N,,0,,0,0,0,3,2,,1509.0,4,2,0,0,0,0,0,3,4,0,2,3,,N,,,,,,,,,,,
2010016948,442.0,1,0,0,0,0,0,0,0,0,7,0,,67,1,2010,4,39.9647,-75.2048,436.0,6,0,0,0,0,0,0,0,0,,0,0,0,4.0,3,1,0,,0,39 57:52.878,,0,75 12:17.303,8,0,0,0,67301,0,0,0,N,0,0,0,1,67301,0,,5,1,,N,N,,0,,0,0,0,0,0,,430.0,1,1,0,0,0,1,0,3,4,0,1,3,,N,,,,,,,,,,,