CRN,ARRIVAL_TM,AUTOMOBILE_COUNT,BELTED_DEATH_COUNT,BELTED_SUSP_SERIOUS_INJ_COUNT,BICYCLE_COUNT,BICYCLE_DEATH_COUNT,BICYCLE_SUSP_SERIOUS_INJ_COUNT,BUS_COUNT,CHLDPAS_DEATH_COUNT,CHLDPAS_SUSP_SERIOUS_INJ_COUNT,COLLISION_TYPE,COMM_VEH_COUNT,CONS_ZONE_SPD_LIM,COUNTY,CRASH_MONTH,CRASH_YEAR,DAY_OF_WEEK,DEC_LAT,DEC_LONG,DISPATCH_TM,DISTRICT,DRIVER_COUNT_16YR,DRIVER_COUNT_17YR,DRIVER_COUNT_18YR,DRIVER_COUNT_19YR,DRIVER_COUNT_20YR,DRIVER_COUNT_50_64YR,DRIVER_COUNT_65_74YR,DRIVER_COUNT_75PLUS,EST_HRS_CLOSED,FATAL_COUNT,HEAVY_TRUCK_COUNT,HORSE_BUGGY_COUNT,HOUR_OF_DAY,ILLUMINATION,INJURY_COUNT,INTERSECT_TYPE,INTERSECTION_RELATED,LANE_CLOSED,LATITUDE,LN_CLOSE_DIR,LOCATION_TYPE,LONGITUDE,MAX_SEVERITY_LEVEL,MCYCLE_DEATH_COUNT,MCYCLE_SUSP_SERIOUS_INJ_COUNT,MOTORCYCLE_COUNT,MUNICIPALITY,NONMOTR_COUNT,NONMOTR_DEATH_COUNT,NONMOTR_SUSP_SERIOUS_INJ_COUNT,NTFY_HIWY_MAINT,PED_COUNT,PED_DEATH_COUNT,PED_SUSP_SERIOUS_INJ_COUNT,PERSON_COUNT,POLICE_AGCY,POSSIBLE_INJ_COUNT,RDWY_SURF_TYPE_CD,RELATION_TO_ROAD,ROAD_CONDITION,ROADWAY_CLEARED,SCH_BUS_IND,SCH_ZONE_IND,SECONDARY_CRASH,SMALL_TRUCK_COUNT,SPEC_JURIS_CD,SUSP_MINOR_INJ_COUNT,SUSP_SERIOUS_INJ_COUNT,SUV_COUNT,TCD_FUNC_CD,TCD_TYPE,TFC_DETOUR_IND,TIME_OF_DAY,TOT_INJ_COUNT,TOTAL_UNITS,UNB_DEATH_COUNT,UNB_SUSP_SERIOUS_INJ_COUNT,UNBELTED_OCC_COUNT,UNK_INJ_DEG_COUNT,UNK_INJ_PER_COUNT,URBAN_AREA,URBAN_RURAL,VAN_COUNT,VEHICLE_COUNT,WEATHER1,WEATHER2,WORK_ZONE_IND,WORK_ZONE_LOC,WORK_ZONE_TYPE,WORKERS_PRES,WZ_CLOSE_DETOUR,WZ_FLAGGER,WZ_LAW_OFFCR_IND,WZ_LN_CLOSURE,WZ_MOVING,WZ_OTHER,WZ_SHLDER_MDN,WZ_WORKERS_INJ_KILLED
2010017264,25.0,1,0,0,0,0,0,0,0,0,4,0,,67,1,2010,1,40.0016,-75.1528,17.0,6,0,0,0,0,0,0,0,0,3.0,0,0,0,0.0,3,2,1,,1,40 00:05.705,1.0,0,75 09:10.074,4,0,0,0,67301,0,0,0,N,0,0,0,3,67301,2,,3,1,,N,N,,0,,0,0,1,3,2,Y,17.0,2,2,0,0,0,0,0,3,4,0,2,3,,N,,,,,,,,,,,
2010017222,1710.0,1,0,0,0,0,0,0,0,0,7,0,,67,1,2010,4,39.9674,-75.129,1706.0,6,0,0,0,0,0,0,0,0,2.0,0,0,0,17.0,4,2,0,,1,39 58:05.366,1.0,0,75 07:42.314,4,0,0,0,67301,0,0,0,N,0,0,0,2,67301,2,,5,1,,N,N,,0,,0,0,0,0,0,N,1704.0,2,1,0,0,0,0,0,3,4,0,1,3,,N,,,,,,,,,,,
2010017256,2328.0,0,0,0,0,0,0,0,0,0,6,0,,67,1,2010,7,39.9233,-75.2206,2326.0,6,0,0,0,0,0,0,0,0,,0,0,0,22.0,3,0,0,,0,39 55:23.800,,0,75 13:14.323,9,0,0,0,67301,0,0,0,,0,0,0,1,67301,0,,6,1,,,,,0,,0,0,0,3,3,,2200.0,0,2,0,0,0,0,1,3,4,2,2,3,,N,,,,,,,,,,,
2010017261,415.0,2,0,0,0,0,0,0,0,0,1,0,,67,1,2010,1,39.9504,-75.1731,410.0,6,0,0,0,0,1,0,0,0,,0,0,0,4.0,3,1,0,,0,39 57:01.561,,0,75 10:22.820,4,0,0,0,67301,0,0,0,,0,0,0,3,67301,1,,6,1,,,,,0,,0,0,0,2,2,,405.0,1,2,0,0,0,0,0,3,4,0,2,3,,N,,,,,,,,,,,
2010021217,1804.0,1,0,0,0,0,0,0,0,0,1,0,,67,2,2010,4,40.0006,-75.0796,1734.0,6,0,0,0,0,0,1,0,0,,0,0,0,17.0,3,0,0,,0,40 00:01.846,,0,75 04:46.846,0,0,0,0,67301,0,0,0,N,0,0,0,2,68K01,0,,1,1,,N,N,,0,,0,0,1,0,0,,1730.0,0,2,0,0,0,0,0,3,4,0,2,3,,N,,,,,,,,,,,
2010021405,338.0,0,0,0,0,0,0,0,0,0,7,0,,67,2,2010,4,39.9686,-75.1912,336.0,6,0,0,0,0,0,0,0,0,,0,0,0,3.0,3,0,0,,0,39 58:12.469,,0,75 11:33.556,0,0,0,0,67301,0,0,0,N,0,0,0,1,68K01,0,,3,1,,N,N,,0,,0,0,1,0,0,,332.0,0,1,0,0,0,0,0,3,4,0,1,3,,N,,,,,,,,,,,
2010021426,1110.0,1,0,0,0,0,0,0,0,0,1,0,,67,1,2010,2,40.0945,-75.015,1110.0,6,0,0,0,0,0,1,0,0,1.0,0,0,0,11.0,1,1,2,,1,40 05:40.380,3.0,0,75 00:54.123,4,0,0,0,67301,0,0,0,N,0,0,0,3,67301,1,,1,9,,N,N,,1,,0,0,0,3,2,N,1110.0,1,2,0,0,0,0,0,3,4,0,2,7,,N,,,,,,,,,,,
2010021519,1745.0,1,0,0,0,0,0,0,0,0,4,0,,67,1,2010,3,39.9687,-75.2445,1739.0,6,0,0,0,0,0,0,0,0,,0,0,0,16.0,3,0,1,,0,39 58:07.388,,0,75 14:40.030,0,0,0,0,67301,0,0,0,N,0,0,0,3,67301,0,,1,9,,N,N,,0,,0,0,0,3,3,,1601.0,0,2,0,0,0,0,0,3,4,0,2,7,,N,,,,,,,,,,,
2010103909,1639.0,3,0,0,0,0,0,0,0,0,4,0,,67,9,2010,5,39.9732,-75.2122,1638.0,6,0,0,0,0,0,0,1,0,,0,0,0,16.0,1,2,1,,0,39 58:23.685,,0,75 12:43.721,8,0,0,0,67301,1,0,0,N,0,0,0,3,67301,0,,1,1,,N,N,,0,,0,0,0,3,2,,1630.0,2,4,0,0,1,2,0,3,4,1,4,3,,N,,,,,,,,,,,
2010103919,825.0,2,0,0,0,0,0,0,0,0,4,0,,67,9,2010,3,40.0423,-75.1273,822.0,6,0,0,0,0,0,1,0,0,9.0,0,0,0,8.0,1,0,1,,1,40 02:32.384,1.0,0,75 07:38.272,0,0,0,0,67301,0,0,0,N,0,0,0,3,67301,0,,1,9,,N,N,,0,,0,0,0,3,3,N,820.0,0,2,0,0,0,0,0,3,4,0,2,7,,N,,,,,,,,,,,
2010103946,9999.0,1,0,0,0,0,0,0,0,0,8,0,,67,9,2010,1,40.0146,-75.1567,9999.0,6,0,0,0,0,0,1,0,0,,0,0,0,99.0,6,1,1,,0,40 00:52.463,,0,75 09:23.952,8,0,0,0,67301,1,0,0,N,1,0,0,2,67301,0,,1,1,,N,N,,0,,0,0,0,3,2,,9999.0,1,2,0,0,0,1,0,3,4,0,1,3,,N,,,,,,,,,,,
2010094148,2152.0,0,0,0,0,0,0,0,0,0,8,0,,67,9,2010,5,39.981,-75.1756,2150.0,6,0,0,0,0,0,1,0,0,,0,0,0,21.0,3,1,1,,0,39 58:51.614,,0,75 10:32.213,4,0,0,0,67301,1,0,0,N,1,0,0,2,67301,1,,1,1,,N,N,,0,,0,0,1,3,2,,2147.0,1,2,0,0,0,0,0,3,4,0,1,3,,N,,,,,,,,,,,
2010094285,1545.0,1,0,0,0,0,0,0,0,0,1,0,,67,8,2010,4,40.0065,-75.1545,1515.0,6,0,0,0,0,0,1,0,0,2.0,0,0,0,15.0,1,1,0,,1,40 00:23.360,4.0,0,75 09:16.088,3,0,0,0,67301,0,0,0,,0,0,0,2,67301,0,,1,9,,N,N,,1,,1,0,0,0,0,N,1515.0,1,2,0,0,0,0,0,3,4,0,2,3,,N,,,,,,,,,,,
2010093701,313.0,0,0,0,0,0,0,0,0,0,4,0,,67,8,2010,2,40.0707,-75.0834,303.0,6,0,0,0,0,0,0,0,0,3.0,0,0,0,2.0,3,0,0,,2,40 04:14.408,2.0,0,75 05:00.153,9,0,0,0,67301,0,0,0,N,0,0,0,1,67301,0,,6,1,,N,N,,0,,0,0,1,3,3,Y,223.0,0,2,0,0,0,0,1,3,4,1,2,3,,N,,,,,,,,,,,
2010091280,1704.0,2,0,0,0,0,0,0,0,0,4,0,,67,8,2010,5,40.0202,-75.1505,1659.0,6,0,0,0,0,0,0,0,0,,0,0,0,99.0,1,1,3,,0,40 01:12.586,,0,75 09:01.958,4,0,0,0,67301,0,0,0,,0,0,0,3,67301,1,,1,1,,,,,0,,0,0,0,3,2,,9999.0,1,2,0,0,0,0,0,3,4,0,2,3,,N,,,,,,,,,,,
2010088847,1640.0,2,0,0,0,0,0,0,0,0,4,0,,67,4,2010,6,40.0271,-75.0411,1634.0,6,0,0,0,0,0,1,0,0,,0,0,0,16.0,1,2,1,,0,40 01:37.420,,0,75 02:27.884,4,0,0,0,67301,0,0,0,,0,0,0,3,67301,2,,1,1,,N,,,0,,0,0,0,3,2,,1632.0,2,2,0,0,0,0,0,3,4,0,2,3,,N,,,,,,,,,,,
2010110796,1617.0,1,0,0,0,0,0,0,0,0,7,0,,67,10,2010,6,40.0627,-75.0282,1611.0,6,0,0,0,0,0,0,0,0,,0,0,0,16.0,1,2,0,,0,40 03:45.601,,0,75 01:41.390,8,0,0,0,67301,0,0,0,,0,0,0,2,67301,0,,5,1,,N,N,,0,,0,0,0,0,0,,1605.0,2,1,0,0,0,2,0,3,4,0,1,3,,N,,,,,,,,,,,
2010110808,2050.0,1,0,0,0,0,0,0,0,0,4,0,,67,10,2010,2,40.0257,-75.0316,2045.0,6,0,0,0,1,0,0,0,0,,0,0,0,20.0,3,0,1,,0,40 01:32.421,,0,75 01:53.914,0,0,0,0,67301,0,0,0,N,0,0,0,3,67301,0,,1,9,,N,N,,0,,0,0,1,3,2,,2025.0,0,2,0,0,0,0,0,3,4,0,2,7,,N,,,,,,,,,,,
2010111072,1011.0,0,0,0,0,0,0,0,0,0,1,1,,67,10,2010,3,39.9785,-75.2028,1008.0,6,0,0,0,0,0,1,0,0,1.0,0,1,0,10.0,1,1,0,,1,39 58:45.133,3.0,0,75 12:13.833,8,0,0,0,67301,0,0,0,N,0,0,0,2,68K01,0,,1,1,,N,N,,1,,0,0,0,0,0,N,1006.0,1,2,0,0,1,1,0,3,4,0,2,3,,N,,,,,,,,,,,
2010088892,1043.0,0,0,0,0,0,0,0,0,0,4,0,,67,8,2010,2,40.0272,-75.1145,1028.0,6,0,0,0,0,0,0,0,0,1.0,0,0,0,10.0,1,1,5,,1,40 01:37.940,1.0,0,75 06:52.496,4,0,0,0,67301,0,0,0,N,0,0,0,2,67301,1,,1,1,,N,N,,1,,0,0,0,3,3,N,1019.0,1,2,0,0,0,0,0,3,4,1,2,3,,N,,,,,,,,,,,
2010088899,1430.0,1,0,0,0,0,0,0,0,0,4,0,,67,8,2010,5,39.9513,-75.1553,1430.0,6,0,0,0,0,0,2,0,0,,0,0,0,14.0,1,1,0,,0,39 57:04.710,,7,75 09:19.196,4,0,0,0,67301,0,0,0,,0,0,0,3,67301,1,,1,1,,,,,0,,0,0,1,0,0,,1430.0,1,2,0,0,0,0,0,3,4,0,2,3,,N,,,,,,,,,,,
2010088928,935.0,2,0,0,0,0,0,0,0,0,4,0,,67,8,2010,1,40.0305,-75.1154,932.0,6,0,0,0,0,0,1,0,0,1.0,0,0,0,8.0,1,1,2,,2,40 01:49.767,6.0,0,75 06:55.609,4,0,0,0,67301,0,0,0,N,0,0,0,2,67301,1,,1,9,,N,N,,0,,0,0,0,3,3,Y,845.0,1,2,0,0,0,0,0,3,4,0,2,7,,N,,,,,,,,,,,
2010110840,2236.0,2,0,0,0,0,0,0,0,0,4,0,,67,10,2010,5,40.0086,-75.0688,2233.0,6,0,0,1,0,0,0,0,0,,0,0,0,22.0,3,1,1,,0,40 00:31.034,,0,75 04:07.810,4,0,0,0,67301,0,0,0,,0,0,0,3,67301,1,,1,1,,,,,0,,0,0,0,3,2,,2230.0,1,2,0,0,1,0,1,3,4,0,2,3,,N,,,,,,,,,,,
2010110862,2237.0,1,0,0,0,0,0,0,0,0,4,0,,67,10,2010,6,39.9455,-75.1532,2235.0,6,0,0,1,0,0,0,0,0,2.0,0,0,0,22.0,3,0,2,,1,39 56:43.886,4.0,0,75 09:11.444,0,0,0,0,67301,0,0,0,,0,0,0,3,67301,0,,1,1,,N,N,,0,,0,0,0,3,2,N,2230.0,0,2,0,0,0,0,0,3,4,1,2,3,,N,,,,,,,,,,,
2010069728,2110.0,1,0,0,0,0,0,0,0,0,8,0,,67,6,2010,5,40.0291,-75.2134,2107.0,6,0,0,0,0,0,0,0,0,,0,0,0,21.0,3,1,1,,0,40 01:44.670,,0,75 12:48.095,3,0,0,0,67301,1,0,0,N,1,0,0,2,67301,0,,1,1,,N,N,,0,,1,0,0,3,3,,2100.0,1,2,0,0,0,0,0,3,4,0,1,3,,N,,,,,,,,,,,
2010059003,1623.0,2,0,0,0,0,0,0,0,0,1,0,,67,5,2010,1,40.0569,-75.0759,1619.0,6,0,0,0,0,0,0,0,0,,0,0,0,16.0,1,3,0,,0,40 03:24.792,,0,75 04:33.081,8,0,0,0,67301,0,0,0,N,0,0,0,4,67301,0,,1,1,,N,N,,0,,0,0,0,0,0,,1617.0,3,2,0,0,0,3,0,3,4,0,2,3,,N,,,,,,,,,,,
2010059015,810.0,2,0,0,0,0,0,0,0,0,4,0,,67,5,2010,4,39.9554,-75.1559,808.0,6,0,0,0,0,0,0,0,0,,0,0,0,8.0,1,1,1,,0,39 57:19.425,,0,75 09:21.185,4,0,0,0,67301,0,0,0,N,0,0,0,3,67301,1,,1,9,,N,N,,0,,0,0,0,3,2,,806.0,1,2,0,0,0,0,0,3,4,0,2,3,,N,,,,,,,,,,,
2010011614,1334.0,1,0,0,0,0,0,0,0,0,1,0,,67,1,2010,1,40.0463,-75.136,1324.0,6,0,0,0,0,0,0,0,0,,0,0,0,99.0,1,1,1,,0,40 02:46.713,,0,75 08:09.655,4,0,0,0,67301,1,0,0,N,1,0,0,2,67301,1,,1,1,,N,N,,0,,0,0,0,3,2,,9999.0,1,2,0,0,0,0,0,3,4,0,1,3,,N,,,,,,,,,,,
2010040720,8.0,1,0,0,0,0,0,0,0,0,5,0,,67,4,2010,6,40.0052,-75.0758,2358.0,6,0,0,0,0,0,0,0,0,,0,0,0,23.0,3,0,0,,0,40 00:18.336,,2,75 04:33.250,9,0,0,0,67301,0,0,0,N,0,0,0,3,68K01,0,,1,1,,N,N,,0,,0,0,0,0,0,,2355.0,0,2,0,0,1,0,1,3,4,0,2,3,,N,,,,,,,,,,,
2010038606,1457.0,0,0,0,0,0,0,1,0,0,8,1,,67,3,2010,6,40.1037,-75.0282,1450.0,6,0,0,0,0,0,0,0,0,1.0,0,0,0,14.0,1,1,0,,1,40 06:13.272,1.0,0,75 01:41.609,4,0,0,0,67301,1,0,0,N,1,0,0,2,67301,1,,2,9,,Y,Y,,0,,0,0,0,0,0,N,1450.0,1,2,0,0,0,0,0,3,4,0,1,7,,N,,,,,,,,,,,
2010038620,1735.0,1,0,0,0,0,0,0,0,0,8,0,,67,3,2010,4,40.0745,-75.035,1735.0,6,0,0,0,0,0,0,0,0,,0,0,0,17.0,1,1,5,,0,40 04:28.071,,0,75 02:05.821,4,0,0,0,67301,1,0,0,N,1,0,0,2,67301,1,,1,1,,N,,,0,,0,0,0,3,2,,1735.0,1,2,0,0,0,0,0,3,4,0,1,3,,N,,,,,,,,,,,
2010038710,2120.0,2,0,0,0,0,0,0,0,0,4,0,,67,3,2010,1,40.0086,-75.0688,2114.0,6,0,0,0,0,0,0,0,0,,0,0,0,21.0,3,1,1,,0,40 00:31.034,,0,75 04:07.810,8,0,0,0,67301,0,0,0,N,0,0,0,2,67301,0,,1,9,,N,N,,0,,0,0,0,3,2,,2100.0,1,2,0,0,0,1,0,3,4,0,2,7,,N,,,,,,,,,,,
2010039012,1055.0,2,0,0,0,0,0,0,0,0,5,0,,67,3,2010,3,40.062,-75.0431,1047.0,6,0,0,0,0,0,0,1,0,,0,0,0,10.0,1,2,0,,0,40 03:42.792,,0,75 02:35.358,4,0,0,0,67301,0,0,0,N,0,0,0,3,67301,1,,1,1,,N,N,,0,,0,0,0,0,0,,1040.0,2,2,0,0,0,1,0,3,4,0,2,3,,N,,,,,,,,,,,
2010122378,2008.0,1,0,0,0,0,0,0,0,0,5,1,,67,11,2010,7,39.9547,-75.1946,2002.0,6,0,0,0,0,0,0,0,0,,0,1,0,20.0,3,0,0,,0,39 57:16.877,,0,75 11:40.521,0,0,0,0,67301,1,0,0,N,0,0,0,2,67301,0,,6,1,,N,N,,0,,0,0,0,0,0,,2000.0,0,2,0,0,0,0,0,3,4,0,2,3,,N,,,,,,,,,,,
2010038757,430.0,2,0,0,0,0,0,0,0,0,6,0,,67,3,2010,2,40.0461,-75.1046,419.0,6,0,0,0,1,0,0,0,0,,0,0,0,4.0,3,1,2,,0,40 02:45.920,,0,75 06:16.628,4,0,0,0,67301,0,0,0,N,0,0,0,1,67301,1,,1,9,,N,N,,0,,0,0,0,3,3,,415.0,1,2,0,0,0,0,0,3,4,0,2,3,5.0,N,,,,,,,,,,,
2010010431,1546.0,1,0,0,0,0,0,0,0,0,7,0,,67,1,2010,1,39.8912,-75.1991,1541.0,6,0,0,0,0,0,0,0,0,1.0,0,0,0,15.0,1,1,0,,1,39 53:52.447,1.0,3,75 11:03.949,4,0,0,0,67301,0,0,0,N,0,0,0,1,68K01,1,,5,9,,N,N,,0,,0,0,0,0,0,N,1537.0,1,1,0,0,0,0,0,3,4,0,1,7,,N,,,,,,,,,,,
2010016801,1830.0,3,0,0,0,0,0,0,0,0,1,0,,67,2,2010,5,39.9572,-75.1518,1820.0,6,0,0,0,0,0,0,0,0,,0,0,0,8.0,3,1,0,,0,39 57:25.939,,0,75 09:06.297,8,0,0,0,67301,0,0,0,N,0,0,0,3,68K01,0,,1,1,,N,N,,0,,0,0,0,0,0,,814.0,1,3,0,0,0,1,0,3,4,0,3,3,,N,,,,,,,,,,,
2010016933,108.0,0,0,0,0,0,0,0,0,0,7,0,,67,1,2010,7,39.9057,-75.1939,100.0,6,0,0,0,0,0,0,0,0,9.0,0,0,0,1.0,3,0,1,,2,39 54:21.113,3.0,0,75 11:37.838,0,0,0,0,67301,0,0,0,N,0,0,0,1,67301,0,,3,1,,N,N,,1,,0,0,0,3,2,Y,100.0,0,1,0,0,0,0,0,3,4,0,1,3,,N,,,,,,,,,,,
2010011527,1509.0,2,0,0,0,0,0,0,0,0,4,0,,67,1,2010,1,39.973,-75.2185,1502.0,6,0,0,0,0,0,0,0,1,,0,0,0,15.0,1,0,3,,0,39 58:22.961,,0,75 13:06.430,0,0,0,0,67301,0,0,0,N,0,0,0,4,67301,0,,1,1,,N,N,,0,,0,0,0,3,2,,1500.0,0,2,0,0,0,0,0,3,4,0,2,3,,N,,,,,,,,,,,
2010017203,1640.0,1,0,0,0,0,0,0,0,0,1,0,,67,1,2010,3,39.9452,-75.1533,1633.0,6,0,0,0,0,0,0,0,0,,0,0,0,15.0,1,1,2,,0,39 56:42.594,,0,75 09:11.728,4,0,0,0,67301,1,0,0,N,0,0,0,2,67301,1,,1,1,,N,N,,0,,0,0,0,3,3,,1515.0,1,2,0,0,0,0,0,3,4,1,2,3,,N,,,,,,,,,,,
2010017255,1808.0,1,0,0,0,0,0,0,0,0,8,0,,67,1,2010,3,39.9386,-75.2217,1808.0,6,0,0,0,0,0,0,0,0,,0,0,0,18.0,3,1,1,,0,39 56:18.896,,0,75 13:18.041,8,0,0,0,67301,1,0,0,N,1,0,0,2,67301,0,,1,1,,N,N,,0,,0,0,0,3,2,,1805.0,1,2,0,0,1,1,0,3,4,0,1,3,,N,,,,,,,,,,,
2010020077,1432.0,2,0,0,0,0,0,0,0,0,4,0,,67,1,2010,7,39.9035,-75.2432,1427.0,6,0,0,0,0,1,0,0,0,,0,0,0,14.0,1,1,1,,0,39 54:12.423,,0,75 14:35.429,8,0,0,0,67301,0,0,0,,0,0,0,2,67301,0,,1,1,,,,,0,,0,0,0,3,2,,1427.0,1,2,0,0,0,1,1,3,4,0,2,3,,N,,,,,,,,,,,
2010020477,1935.0,2,0,0,0,0,0,0,0,0,1,0,,67,1,2010,7,39.8989,-75.1791,1933.0,6,0,0,0,0,0,0,0,0,2.0,0,0,0,19.0,3,0,0,,2,39 53:56.134,1.0,0,75 10:06.320,0,0,0,0,67301,0,0,0,Y,0,0,0,4,68K01,0,,1,7,,N,N,,0,,0,0,0,0,0,N,1933.0,0,2,0,0,0,0,0,3,4,0,2,10,,N,,,,,,,,,,,
2010015755,2225.0,1,0,0,0,0,0,0,0,0,7,0,,67,2,2010,6,39.9186,-75.1899,2225.0,6,0,0,0,0,0,0,0,0,,0,0,0,22.0,3,0,7,,0,39 55:07.054,,2,75 11:23.462,0,0,0,0,67301,0,0,0,N,0,0,0,1,67501,0,,7,7,,N,N,,0,,0,0,0,3,8,,2225.0,0,1,0,0,0,0,0,3,4,0,1,10,,N,,,,,,,,,,,
2010021693,1955.0,2,0,0,0,0,0,0,0,0,1,0,,67,1,2010,4,39.9902,-75.1043,1944.0,6,0,0,0,0,0,0,0,0,,0,0,0,19.0,3,1,1,,0,39 59:24.889,,0,75 06:15.537,4,0,0,0,67301,0,0,0,,0,0,0,2,67301,1,,1,1,,,,,0,,0,0,0,0,0,,1942.0,1,2,0,0,0,0,0,3,4,0,2,3,,N,,,,,,,,,,,
2010021705,801.0,1,0,0,0,0,0,0,0,0,8,0,,67,1,2010,3,39.9889,-75.1278,758.0,6,0,0,0,0,0,0,0,0,,0,0,0,7.0,1,1,0,,0,39 59:20.015,,0,75 07:40.037,4,0,0,0,67301,1,0,0,,1,0,0,2,67301,1,,1,1,,,,,0,,0,0,0,0,0,,756.0,1,2,0,0,0,0,0,3,4,0,1,3,,N,,,,,,,,,,,
2010117957,948.0,1,0,0,0,0,0,0,0,0,4,0,,67,11,2010,2,39.958,-75.2434,947.0,6,0,0,0,0,0,0,0,1,,0,0,0,15.0,1,2,0,,0,39 57:28.830,,0,75 14:36.290,2,0,0,0,67301,2,0,1,Y,0,0,0,3,67301,0,,1,1,,N,N,,0,,1,1,1,0,0,,1530.0,2,2,0,0,0,0,0,3,4,0,2,3,,N,,,,,,,,,,,
2010117967,1212.0,1,0,0,0,0,0,0,0,0,4,0,,67,11,2010,2,40.0131,-75.1569,1210.0,6,0,0,0,0,0,2,0,0,,0,0,0,12.0,1,3,1,,0,40 00:47.289,,0,75 09:24.926,4,0,0,0,67301,0,0,0,N,0,0,0,7,67301,3,,1,1,,N,N,,1,,0,0,0,3,3,,1205.0,3,2,0,0,2,0,0,3,4,0,2,3,,N,,,,,,,,,,,
2010117984,942.0,2,0,0,0,0,0,0,0,0,4,0,,67,8,2010,3,39.9168,-75.1713,940.0,6,0,0,0,0,0,0,0,0,2.0,0,0,0,9.0,1,2,1,,1,39 55:00.583,4.0,0,75 10:16.768,4,0,0,0,67301,0,0,0,N,0,0,0,2,67301,1,,1,1,,N,N,,0,,0,0,0,3,2,Y,940.0,2,2,0,0,0,1,0,3,4,0,2,3,,N,,,,,,,,,,,
2010083025,2204.0,0,0,0,0,0,0,0,0,0,1,0,,67,8,2010,4,40.0079,-75.2023,2203.0,6,0,0,0,0,0,0,0,0,1.0,0,0,0,21.0,3,1,0,,1,40 00:28.119,3.0,0,75 12:07.089,8,0,0,0,67301,0,0,0,N,0,0,0,5,68K01,0,,1,1,,N,N,,0,,0,0,1,0,0,Y,2154.0,1,3,0,0,0,1,3,3,4,0,3,3,,N,,,,,,,,,,,
2010045132,1615.0,0,0,0,0,0,0,0,0,0,0,0,,67,4,2010,5,39.9634,-75.187,1615.0,6,0,0,0,0,0,0,0,0,,0,0,0,15.0,1,1,0,,0,39 57:48.232,,0,75 11:13.616,4,0,0,1,67301,0,0,0,N,0,0,0,1,67301,1,,1,1,,N,N,,0,,0,0,0,0,0,,1550.0,1,1,0,0,0,0,0,3,4,0,1,3,,N,,,,,,,,,,,
2010089102,1615.0,1,0,0,0,0,0,0,0,0,1,0,,67,8,2010,4,40.0751,-75.1649,1608.0,6,0,0,0,0,0,0,0,0,,0,0,0,16.0,1,2,0,,0,40 04:30.191,,0,75 09:53.569,4,0,0,0,67301,0,0,0,N,0,0,0,4,67301,1,,1,1,,N,N,,0,,0,0,0,0,0,,1600.0,2,2,0,0,1,1,0,3,4,1,2,3,,N,,,,,,,,,,,
2010100901,1048.0,1,0,0,0,0,0,0,0,0,5,0,,67,7,2010,2,39.9767,-75.2496,1047.0,6,0,0,0,0,0,0,0,0,,0,0,0,99.0,1,1,0,,0,39 58:36.015,,0,75 14:58.635,2,0,1,1,67301,0,0,0,N,0,0,0,1,67301,0,,6,1,,N,N,,0,,0,1,0,0,0,,9999.0,1,2,0,0,0,0,0,3,4,0,2,3,,N,,,,,,,,,,,
2010094178,1721.0,1,0,0,0,0,0,0,0,0,4,0,,67,8,2010,2,39.9913,-75.1343,1711.0,6,0,0,0,0,0,0,0,0,9.0,0,0,0,17.0,1,2,1,,1,39 59:28.968,4.0,0,75 08:03.632,4,0,0,0,67301,0,0,0,,0,0,0,2,67301,1,,1,9,,,,,1,,0,0,0,9,3,N,1701.0,2,2,0,0,0,1,0,3,4,0,2,7,,N,,,,,,,,,,,
2010094256,344.0,1,0,0,0,0,0,0,0,0,4,0,,67,9,2010,6,39.8919,-75.2419,338.0,6,0,0,0,0,0,1,0,0,4.0,0,0,0,3.0,3,2,2,,2,39 53:30.990,3.0,7,75 14:30.862,2,0,0,0,67301,0,0,0,N,0,0,0,3,67301,1,,1,1,,N,N,,1,,0,1,0,3,2,Y,333.0,2,2,0,1,1,0,0,3,4,0,2,3,,N,,,,,,,,,,,
2010094263,1810.0,1,0,0,0,0,0,0,0,0,8,0,,67,8,2010,1,40.0385,-75.1689,1759.0,6,0,0,0,0,0,0,0,0,,0,0,0,17.0,1,1,1,,0,40 02:18.510,,0,75 10:08.119,8,0,0,0,67301,1,0,0,N,1,0,0,2,67301,0,,1,1,,N,N,,0,,0,0,0,3,3,,1700.0,1,2,0,0,0,1,1,3,4,0,1,3,,N,,,,,,,,,,,
2010094288,1503.0,1,0,0,0,0,0,0,0,0,4,0,,67,8,2010,4,40.0054,-75.1638,1502.0,6,0,0,0,0,0,0,0,0,,0,0,0,14.0,1,2,1,,0,40 00:19.378,,0,75 09:49.669,4,0,0,0,67301,0,0,0,,0,0,0,5,67301,2,,1,1,,N,N,,0,,0,0,1,3,3,,1457.0,2,2,0,0,5,0,0,3,4,0,2,3,,N,,,,,,,,,,,
2010113732,813.0,3,0,0,0,0,0,0,0,0,1,0,,67,10,2010,2,39.9617,-75.1758,812.0,6,0,0,0,0,0,3,0,0,,0,0,0,8.0,1,1,0,,0,39 57:42.471,,0,75 10:33.347,4,0,0,0,67301,0,0,0,N,0,0,0,3,67301,1,,1,1,,,,,0,,0,0,0,3,2,,800.0,1,3,0,0,0,0,1,3,4,0,3,3,,N,,,,,,,,,,,
2010093736,1125.0,1,0,0,0,0,0,1,0,0,4,1,,67,8,2010,3,40.0574,-75.1601,1120.0,6,0,0,0,0,0,1,0,0,,0,0,0,11.0,1,1,1,,0,40 03:26.611,,0,75 09:36.536,4,0,0,0,67301,0,0,0,N,0,0,0,2,67301,1,,1,1,,N,N,,0,,0,0,0,3,3,,1100.0,1,2,0,0,0,0,0,3,4,0,2,3,,N,,,,,,,,,,,