CRN,ARRIVAL_TM,AUTOMOBILE_COUNT,BELTED_DEATH_COUNT,BELTED_SUSP_SERIOUS_INJ_COUNT,BICYCLE_COUNT,BICYCLE_DEATH_COUNT,BICYCLE_SUSP_SERIOUS_INJ_COUNT,BUS_COUNT,CHLDPAS_DEATH_COUNT,CHLDPAS_SUSP_SERIOUS_INJ_COUNT,COLLISION_TYPE,COMM_VEH_COUNT,CONS_ZONE_SPD_LIM,COUNTY,CRASH_MONTH,CRASH_YEAR,DAY_OF_WEEK,DEC_LAT,DEC_LONG,DISPATCH_TM,DISTRICT,DRIVER_COUNT_16YR,DRIVER_COUNT_17YR,DRIVER_COUNT_18YR,DRIVER_COUNT_19YR,DRIVER_COUNT_20YR,DRIVER_COUNT_50_64YR,DRIVER_COUNT_65_74YR,DRIVER_COUNT_75PLUS,EST_HRS_CLOSED,FATAL_COUNT,HEAVY_TRUCK_COUNT,HORSE_BUGGY_COUNT,HOUR_OF_DAY,ILLUMINATION,INJURY_COUNT,INTERSECT_TYPE,INTERSECTION_RELATED,LANE_CLOSED,LATITUDE,LN_CLOSE_DIR,LOCATION_TYPE,LONGITUDE,MAX_SEVERITY_LEVEL,MCYCLE_DEATH_COUNT,MCYCLE_SUSP_SERIOUS_INJ_COUNT,MOTORCYCLE_COUNT,MUNICIPALITY,NONMOTR_COUNT,NONMOTR_DEATH_COUNT,NONMOTR_SUSP_SERIOUS_INJ_COUNT,NTFY_HIWY_MAINT,PED_COUNT,PED_DEATH_COUNT,PED_SUSP_SERIOUS_INJ_COUNT,PERSON_COUNT,POLICE_AGCY,POSSIBLE_INJ_COUNT,RDWY_SURF_TYPE_CD,RELATION_TO_ROAD,ROAD_CONDITION,ROADWAY_CLEARED,SCH_BUS_IND,SCH_ZONE_IND,SECONDARY_CRASH,SMALL_TRUCK_COUNT,SPEC_JURIS_CD,SUSP_MINOR_INJ_COUNT,SUSP_SERIOUS_INJ_COUNT,SUV_COUNT,TCD_FUNC_CD,TCD_TYPE,TFC_DETOUR_IND,TIME_OF_DAY,TOT_INJ_COUNT,TOTAL_UNITS,UNB_DEATH_COUNT,UNB_SUSP_SERIOUS_INJ_COUNT,UNBELTED_OCC_COUNT,UNK_INJ_DEG_COUNT,UNK_INJ_PER_COUNT,URBAN_AREA,URBAN_RURAL,VAN_COUNT,VEHICLE_COUNT,WEATHER1,WEATHER2,WORK_ZONE_IND,WORK_ZONE_LOC,WORK_ZONE_TYPE,WORKERS_PRES,WZ_CLOSE_DETOUR,WZ_FLAGGER,WZ_LAW_OFFCR_IND,WZ_LN_CLOSURE,WZ_MOVING,WZ_OTHER,WZ_SHLDER_MDN,WZ_WORKERS_INJ_KILLED
2010088896,1535.0,0,0,0,1,0,0,0,0,0,1,0,,67,8,2010,2,39.9525,-75.177,1528.0,6,0,0,0,0,0,0,0,0,1.0,0,0,0,15.0,1,1,0,,1,39 57:08.990,3.0,0,75 10:37.257,8,0,0,0,67301,1,0,0,N,0,0,0,2,67301,0,,1,1,,N,N,,0,,0,0,0,0,0,N,1525.0,1,2,0,0,0,1,0,3,4,1,1,3,,N,,,,,,,,,,,
2010088923,2252.0,1,0,0,0,0,0,0,0,0,7,0,,67,8,2010,6,40.1021,-74.9858,2251.0,6,0,0,0,0,0,0,0,0,,0,0,0,22.0,3,1,0,,0,40 06:07.512,,0,74 59:08.979,3,0,0,0,67301,0,0,0,,0,0,0,1,67301,0,,5,1,,N,N,,0,,1,0,0,0,0,,2250.0,1,1,0,0,0,0,0,3,4,0,1,3,,N,,,,,,,,,,,
2010110857,1140.0,2,0,0,0,0,0,0,0,0,4,0,,67,4,2010,6,39.955,-75.2382,1135.0,6,0,0,0,0,0,0,0,0,,0,0,0,11.0,1,1,1,,0,39 57:18.043,,0,75 14:17.451,8,0,0,0,67301,0,0,0,N,0,0,0,2,67301,0,,1,1,,N,N,,0,,0,0,0,3,2,,1113.0,1,2,0,0,0,1,0,3,4,0,2,3,,N,,,,,,,,,,,
2010110891,1238.0,0,0,0,0,0,0,0,0,0,8,0,,67,10,2010,6,39.9503,-75.2269,1235.0,6,0,0,0,0,0,1,0,0,,0,0,0,12.0,1,1,0,,0,39 57:01.001,,0,75 13:36.815,4,0,0,0,67301,1,0,0,N,1,0,0,2,67301,1,,1,1,,N,N,,1,,0,0,0,0,0,,1230.0,1,2,0,0,0,0,0,3,4,0,1,3,,N,,,,,,,,,,,
2010037966,1112.0,1,0,0,0,0,0,0,0,0,1,1,,67,4,2010,6,39.958,-75.1628,1112.0,6,0,0,0,0,1,0,0,0,,0,1,0,11.0,1,0,0,,0,39 57:28.802,,0,75 09:46.239,0,0,0,0,67301,0,0,0,N,0,0,0,3,68K01,0,,1,1,,N,N,,0,,0,0,0,0,0,,1109.0,0,3,0,0,0,0,0,3,4,1,3,3,,N,,,,,,,,,,,
2010038660,1411.0,1,0,0,0,0,0,0,0,0,4,0,,67,3,2010,6,40.0072,-75.1232,1411.0,6,0,0,0,0,0,0,0,2,,0,0,0,14.0,1,1,0,,0,40 00:25.859,,7,75 07:23.440,8,0,0,0,67301,0,0,0,,0,0,0,5,67301,0,,1,1,,,,,1,,0,0,0,0,0,,1402.0,1,2,0,0,0,1,0,3,4,0,2,3,,N,,,,,,,,,,,
2010035992,1206.0,1,0,0,0,0,0,0,0,0,1,1,,67,4,2010,6,39.9955,-75.2387,1204.0,6,0,0,0,0,0,1,0,0,,0,1,0,12.0,1,0,0,,0,39 59:43.791,,0,75 14:19.462,0,0,0,0,67301,0,0,0,N,0,0,0,2,46104,0,,1,1,,N,N,,0,,0,0,0,0,0,,1200.0,0,2,0,0,0,0,0,3,4,0,2,3,,N,,,,,,,,,,,
2010122364,926.0,2,0,0,0,0,0,0,0,0,4,0,,67,11,2010,3,40.0809,-75.0288,923.0,6,0,0,0,0,0,0,0,0,1.0,0,0,0,9.0,1,0,1,,1,40 04:51.445,2.0,0,75 01:43.230,0,0,0,0,67301,0,0,0,,0,0,0,2,67301,0,,1,1,,N,N,,0,,0,0,0,3,2,N,900.0,0,2,0,0,0,0,0,3,4,0,2,3,,N,,,,,,,,,,,
2010122461,1627.0,1,0,0,0,0,0,0,0,0,7,0,,67,11,2010,4,40.1047,-75.052,1608.0,6,0,0,0,0,0,0,1,0,9.0,0,0,0,15.0,1,2,0,,1,40 06:16.955,3.0,0,75 03:07.274,3,0,0,0,67301,0,0,0,,0,0,0,2,67301,0,,5,1,,,,,0,,1,0,0,0,0,N,1551.0,2,1,0,0,0,1,0,3,4,0,1,3,,N,,,,,,,,,,,
2010038754,708.0,3,0,0,0,0,0,0,0,0,1,0,,67,4,2010,7,40.1138,-75.0261,705.0,6,0,0,0,0,0,0,0,0,,0,0,0,6.0,1,2,0,,0,40 06:49.676,,0,75 01:34.100,4,0,0,0,67301,0,0,0,,0,0,0,2,67301,2,,1,1,,,,,0,,0,0,0,0,0,,636.0,2,3,0,0,2,0,0,3,4,0,3,3,,N,,,,,,,,,,,
2010038755,942.0,0,0,0,0,0,0,0,0,0,8,0,,67,3,2010,2,40.0486,-75.087,940.0,6,0,0,0,0,0,0,0,0,,0,0,0,9.0,1,1,1,,0,40 02:54.851,,0,75 05:13.124,3,0,0,0,67301,1,0,0,N,1,0,0,3,67301,0,,1,9,,N,N,,0,,1,0,0,3,2,,938.0,1,2,0,0,0,0,0,3,4,1,1,7,,N,,,,,,,,,,,
2010038783,1915.0,1,0,0,0,0,0,0,0,0,4,0,,67,3,2010,6,40.0127,-75.1196,1615.0,6,0,0,0,0,0,0,0,0,,0,0,0,16.0,1,1,0,,0,40 00:45.847,,7,75 07:10.419,8,0,0,0,67301,0,0,0,N,0,0,0,2,67301,0,,1,1,,N,N,,1,,0,0,0,0,0,,1615.0,1,2,0,0,0,1,0,3,4,0,2,3,,N,,,,,,,,,,,
2010122596,137.0,2,0,0,0,0,0,0,0,0,5,0,,67,11,2010,1,39.9283,-75.1554,140.0,6,0,0,0,0,1,0,0,0,2.0,0,0,0,1.0,3,0,1,,1,39 55:42.042,2.0,0,75 09:19.353,0,0,0,0,67301,0,0,0,N,0,0,0,3,67301,0,,1,1,,N,N,,0,,0,0,1,3,3,N,137.0,0,3,0,0,0,0,0,3,4,0,3,3,,N,,,,,,,,,,,
2010122616,1802.0,1,0,0,0,0,0,0,0,0,8,0,,67,11,2010,2,39.9412,-75.2095,1756.0,6,0,0,0,0,0,1,0,0,,0,0,0,17.0,3,1,1,,0,39 56:28.692,,0,75 12:33.670,3,0,0,0,67301,1,0,0,N,1,0,0,2,67301,0,,1,9,,N,N,,0,,1,0,0,3,2,,1754.0,1,2,0,0,0,0,0,3,4,0,1,7,,N,,,,,,,,,,,
2010038990,2337.0,1,0,0,0,0,0,0,0,0,1,0,,67,3,2010,6,40.0176,-75.1279,2337.0,6,0,0,0,0,0,0,0,0,1.0,0,0,0,23.0,3,1,0,,2,40 01:03.229,1.0,0,75 07:40.484,3,0,0,1,67301,0,0,0,N,0,0,0,2,67301,0,,1,1,,N,N,,0,,1,0,0,0,0,Y,2330.0,1,2,0,0,0,0,1,3,4,0,2,3,,N,,,,,,,,,,,
2010032729,1656.0,0,0,0,0,0,0,0,0,0,8,0,,67,2,2010,2,40.0205,-75.095,1654.0,6,0,0,0,0,0,0,0,0,,0,0,0,16.0,3,1,0,,0,40 01:13.896,,0,75 05:41.976,4,0,0,1,67301,1,0,0,,1,0,0,2,67301,1,,1,9,,N,N,,0,,0,0,0,0,0,,1654.0,1,2,0,0,0,0,1,3,4,0,1,7,,N,,,,,,,,,,,
2010032816,1002.0,1,0,0,0,0,0,0,0,0,1,1,,67,3,2010,6,39.9868,-75.2084,1000.0,6,0,0,0,0,0,0,0,0,,0,1,0,10.0,1,1,0,,0,39 59:12.951,,2,75 12:30.073,8,0,0,0,67301,0,0,0,N,0,0,0,4,67301,0,,1,1,,N,N,,0,,0,0,0,0,0,,1000.0,1,2,0,0,1,1,0,3,4,0,2,3,,N,,,,,,,,,,,
2010032823,1408.0,3,0,0,0,0,0,0,0,0,4,0,,67,3,2010,2,39.9282,-75.1507,1327.0,6,0,0,0,1,0,0,1,0,,0,0,0,13.0,1,0,1,,0,39 55:41.368,,0,75 09:02.516,0,0,0,0,67301,0,0,0,N,0,0,0,2,67301,0,,1,1,,N,N,,0,,0,0,0,3,2,,1323.0,0,3,0,0,0,0,0,3,4,0,3,3,,N,,,,,,,,,,,
2010038248,957.0,0,0,0,0,0,0,0,0,0,1,0,,67,4,2010,7,40.0119,-75.2049,951.0,6,0,0,0,0,0,0,0,0,,0,0,0,9.0,1,1,6,,0,40 00:42.815,,2,75 12:17.845,4,0,0,0,67301,0,0,0,N,0,0,0,3,68K01,1,,1,1,,N,N,,1,,0,0,1,3,3,,929.0,1,2,0,0,2,0,0,3,4,0,2,3,,N,,,,,,,,,,,
2010017180,1138.0,1,0,0,0,0,0,0,0,0,7,0,,67,1,2010,7,40.047,-75.177,1138.0,6,0,0,0,0,0,1,0,0,3.0,0,0,0,11.0,1,1,0,,2,40 02:49.265,6.0,0,75 10:37.177,3,0,0,0,67301,0,0,0,N,0,0,0,1,67301,0,,5,1,,N,N,,0,,1,0,0,0,0,Y,1130.0,1,1,0,0,0,0,0,3,4,0,1,3,,N,,,,,,,,,,,
2010017219,1845.0,0,0,0,0,0,0,0,0,0,8,0,,67,1,2010,6,39.9156,-75.1716,1845.0,6,0,0,0,0,0,0,0,0,,0,0,0,18.0,2,1,0,,0,39 54:56.330,,0,75 10:17.913,4,0,0,0,67301,1,0,0,,1,0,0,2,67301,1,,1,1,,,,,0,,0,0,1,0,0,,1843.0,1,2,0,0,0,0,0,3,4,0,1,3,,N,,,,,,,,,,,
2010021520,1354.0,1,0,0,0,0,0,0,0,0,4,0,,67,1,2010,4,39.9774,-75.2271,1350.0,6,0,0,0,0,0,0,2,0,,0,0,0,13.0,1,1,1,,0,39 58:38.507,,0,75 13:37.478,8,0,0,0,67301,0,0,0,,0,0,0,2,67301,0,,1,1,,,,,0,,0,0,1,3,2,,1350.0,1,2,0,0,0,1,0,3,4,0,2,3,,N,,,,,,,,,,,
2010021718,204.0,2,0,0,0,0,0,0,0,0,5,0,,67,1,2010,7,40.0011,-75.1247,159.0,6,0,0,1,0,0,0,0,0,,0,0,0,1.0,3,4,1,,0,40 00:03.985,,0,75 07:29.066,3,0,0,0,67301,0,0,0,N,0,0,0,6,67301,2,,1,1,,N,N,,0,,1,0,1,3,2,,157.0,4,3,0,0,0,1,0,3,4,0,3,3,,N,,,,,,,,,,,
2010021708,1351.0,2,0,0,0,0,0,0,0,0,6,0,,67,1,2010,7,39.9688,-75.1362,1347.0,6,0,0,0,0,0,1,1,0,,0,0,0,13.0,1,1,1,,0,39 58:08.114,,0,75 08:10.343,4,0,0,0,67301,0,0,0,,0,0,0,2,67301,1,,1,1,,,,,0,,0,0,0,3,2,,1347.0,1,2,0,0,0,0,0,3,4,0,2,3,,N,,,,,,,,,,,
2010117995,1010.0,0,0,0,1,0,0,0,0,0,4,0,,67,10,2010,5,39.9768,-75.1426,1006.0,6,0,0,0,0,0,0,0,0,,0,0,0,10.0,1,1,1,,0,39 58:36.318,,0,75 08:33.424,3,0,0,0,67301,1,0,0,,0,0,0,2,67301,0,,1,1,,N,N,,1,,1,0,0,3,3,,1005.0,1,2,0,0,1,0,0,3,4,0,1,3,,N,,,,,,,,,,,
2010118028,1603.0,1,0,0,0,0,0,0,0,0,1,0,,67,10,2010,4,40.0976,-75.0189,1601.0,6,0,0,0,0,0,1,1,0,,0,0,0,14.0,1,1,0,,0,40 05:51.331,,0,75 01:07.863,8,0,0,0,67301,0,0,0,N,0,0,0,3,67301,0,,1,9,,N,N,,1,,0,0,0,3,2,,1427.0,1,3,0,0,0,1,0,3,4,1,3,7,,N,,,,,,,,,,,
2010048461,2235.0,0,0,0,0,0,0,0,0,0,1,0,,67,4,2010,3,40.0115,-75.0698,2224.0,6,0,0,0,0,0,0,0,0,,0,0,0,99.0,3,1,1,,0,40 00:41.506,,0,75 04:11.278,8,0,0,0,67301,0,0,0,,0,0,0,2,67301,0,,1,1,,,,,0,,0,0,2,3,2,,9999.0,1,2,0,0,0,1,0,3,4,0,2,3,,N,,,,,,,,,,,
2010075056,119.0,1,0,0,0,0,0,0,0,0,0,0,,67,7,2010,2,39.997,-75.1174,118.0,6,0,0,0,0,0,0,0,0,,0,0,0,1.0,3,0,1,,0,39 59:49.087,,0,75 07:02.700,0,0,0,0,67301,0,0,0,N,0,0,0,1,67301,0,,1,1,,N,N,,0,,0,0,0,3,2,,118.0,0,1,0,0,0,0,0,3,4,0,1,3,,N,,,,,,,,,,,
2010053224,9999.0,0,0,0,0,0,0,0,0,0,8,0,,67,5,2010,2,40.015,-75.148,9999.0,6,0,0,0,0,0,0,0,0,,0,0,0,99.0,1,1,0,,0,40 00:54.165,,0,75 08:52.630,4,0,0,0,67301,1,0,0,,1,0,0,2,67301,1,,2,9,,N,N,,0,,0,0,1,0,0,,9999.0,1,2,0,0,0,0,1,3,4,0,1,3,,N,,,,,,,,,,,
2010045778,50.0,3,0,0,0,0,0,0,0,0,4,0,,67,5,2010,7,40.0085,-75.2107,42.0,6,0,0,0,0,0,0,0,0,,0,0,0,0.0,3,4,1,,0,40 00:30.523,,0,75 12:40.023,4,0,0,0,67301,0,0,0,N,0,0,0,5,46104,4,,1,1,,N,N,,0,,0,0,0,3,2,,40.0,4,3,0,0,0,0,0,3,4,0,3,3,,N,,,,,,,,,,,
2010045828,1239.0,1,0,0,0,0,0,0,0,0,7,0,,67,5,2010,3,39.9543,-75.1813,1235.0,6,0,0,0,0,0,1,0,1,2.0,0,0,0,12.0,1,1,0,,2,39 57:20.794,3.0,4,75 10:50.831,4,0,0,0,67301,0,0,0,N,0,0,0,2,68K01,1,,5,1,,N,N,,0,,0,0,1,0,0,N,1233.0,1,2,0,0,0,0,0,3,4,0,2,3,,N,,,,,,,,,,,
2010045095,1730.0,0,0,0,0,0,0,0,0,0,8,0,,67,4,2010,5,40.0421,-75.1259,1730.0,6,0,0,0,0,0,0,0,0,,0,0,0,17.0,1,1,0,,0,40 02:31.730,,0,75 07:33.330,4,0,0,0,67301,1,0,0,N,1,0,0,2,67301,1,,1,1,,N,N,,0,,0,0,1,0,0,,1728.0,1,2,0,0,1,0,0,3,4,0,1,3,,N,,,,,,,,,,,
2010069881,1943.0,1,0,0,0,0,0,0,0,0,1,0,,67,6,2010,7,39.9223,-75.1533,1941.0,6,0,0,0,1,0,0,0,1,,0,0,0,19.0,1,1,1,,0,39 55:20.164,,0,75 09:12.064,4,0,0,0,67301,0,0,0,N,0,0,0,3,67301,1,,1,1,,N,N,,0,,0,0,2,3,2,,1928.0,1,3,0,0,0,0,0,3,4,0,3,3,,N,,,,,,,,,,,
2010059634,1550.0,2,0,0,0,0,0,0,0,0,4,0,,67,5,2010,7,40.0245,-75.1478,1545.0,6,0,0,0,0,0,0,0,0,,0,0,0,14.0,1,1,1,,0,40 01:28.097,,0,75 08:52.131,8,0,0,0,67301,0,0,0,,0,0,0,3,07301,0,,1,1,,N,N,,0,,0,0,0,3,2,,1445.0,1,2,0,0,0,1,0,3,4,0,2,3,,N,,,,,,,,,,,
2010044473,2041.0,0,0,0,0,0,0,0,0,0,8,0,,67,3,2010,6,39.9627,-75.2427,2041.0,6,0,0,0,0,0,0,0,0,,0,0,0,99.0,3,1,0,,0,39 57:45.558,,0,75 14:33.606,2,0,0,0,67301,1,0,1,N,1,0,1,2,67301,0,,1,1,,N,N,,1,,0,1,0,3,2,,9999.0,1,2,0,0,0,0,0,3,4,0,1,3,,N,,,,,,,,,,,
2010094114,535.0,2,0,0,0,0,0,0,0,0,1,0,,67,8,2010,7,39.9361,-75.2345,530.0,6,0,0,0,0,0,0,0,0,,0,0,0,2.0,3,1,2,,0,39 56:09.964,,0,75 14:04.264,4,0,0,0,67301,0,0,0,,0,0,0,3,67504,1,,1,1,,,,,0,,0,0,0,3,2,,255.0,1,2,0,0,0,0,2,3,4,0,2,3,,N,,,,,,,,,,,
2010094196,1234.0,2,0,0,0,0,0,0,0,0,4,0,,67,8,2010,3,40.0316,-75.0532,1231.0,6,0,0,0,0,0,0,0,0,9.0,0,0,0,12.0,1,2,5,,1,40 01:53.913,3.0,0,75 03:11.654,8,0,0,0,67301,0,0,0,,0,0,0,5,67301,0,,1,1,,,,,0,,0,0,0,3,2,N,1228.0,2,2,0,0,0,2,0,3,4,0,2,3,,N,,,,,,,,,,,
2010094215,1320.0,1,0,0,0,0,0,0,0,0,7,0,,67,8,2010,3,40.1044,-75.0023,1315.0,6,0,0,1,0,0,0,0,0,1.0,0,0,0,13.0,1,1,2,,1,40 06:15.759,2.0,0,75 00:08.105,3,0,0,0,67301,0,0,0,N,0,0,0,4,67301,0,,3,1,,N,N,,0,,1,0,0,3,2,N,1310.0,1,1,0,0,0,0,0,3,4,0,1,3,,N,,,,,,,,,,,
2010113729,1738.0,1,0,0,1,0,0,0,0,0,4,0,,67,10,2010,6,39.9625,-75.1576,1725.0,6,0,0,0,0,0,0,0,0,,0,0,0,17.0,1,1,2,,0,39 57:44.985,,0,75 09:27.244,4,0,0,0,67301,1,0,0,N,0,0,0,2,67301,1,,1,1,,N,N,,0,,0,0,0,3,3,,1716.0,1,2,0,0,0,0,0,3,4,0,1,3,,N,,,,,,,,,,,
2010113753,750.0,3,0,0,0,0,0,0,0,0,4,0,,67,10,2010,3,40.0337,-75.027,744.0,6,0,0,0,0,0,0,0,0,,0,0,0,7.0,1,1,0,,0,40 02:01.406,,0,75 01:37.232,4,0,0,0,67301,0,0,0,,0,0,0,1,67301,1,,6,9,,,,,0,,0,0,0,0,0,,700.0,1,3,0,0,0,0,0,3,4,0,3,7,,N,,,,,,,,,,,
2010093720,1831.0,2,0,0,0,0,0,0,0,0,1,0,99.0,67,8,2010,6,40.0068,-75.1933,1828.0,6,0,0,0,0,0,1,0,0,1.0,0,0,0,18.0,1,1,7,,1,40 00:28.486,2.0,2,75 11:30.684,4,0,0,0,67301,0,0,0,N,0,0,0,5,67301,1,,1,1,,N,N,,0,,0,0,1,1,1,N,1800.0,1,3,0,0,0,0,0,3,4,0,3,3,,Y,8.0,8.0,U,U,U,U,U,U,U,U,
2010093723,1828.0,2,0,0,0,0,0,0,0,0,4,0,,67,8,2010,3,39.9242,-75.1763,1824.0,6,0,0,0,0,0,0,0,0,,0,0,0,8.0,1,0,1,,0,39 55:27.297,,0,75 10:34.190,0,0,0,0,67301,0,0,0,N,0,0,0,4,67301,0,,1,1,,N,N,,0,,0,0,0,2,2,,824.0,0,2,0,0,0,0,0,3,4,0,2,3,,N,,,,,,,,,,,
2010093727,1530.0,0,0,0,1,0,0,0,0,0,4,0,,67,8,2010,6,40.0368,-75.0692,1521.0,6,0,0,0,0,0,0,1,0,,0,0,0,15.0,1,1,2,,0,40 02:12.577,,0,75 04:09.489,4,0,0,0,67301,1,0,0,,0,0,0,2,67301,1,,1,1,,,,,0,,0,0,1,3,3,,1520.0,1,2,0,0,0,0,0,3,4,0,1,3,,N,,,,,,,,,,,
2010094081,1232.0,2,0,0,0,0,0,0,0,0,4,0,,67,8,2010,5,39.9799,-75.1429,1226.0,6,0,0,0,1,0,0,0,0,,0,0,0,12.0,1,2,1,,0,39 58:47.528,,0,75 08:34.317,4,0,0,0,67301,0,0,0,N,0,0,0,3,67301,2,,1,1,,,,,0,,0,0,0,3,2,,1220.0,2,2,0,0,0,0,0,3,4,0,2,3,,N,,,,,,,,,,,
2010088890,838.0,2,0,0,0,0,0,0,0,0,4,0,,67,8,2010,4,40.0312,-75.1506,823.0,6,0,0,0,0,0,0,0,0,,0,0,0,7.0,1,1,2,,0,40 01:52.143,,0,75 09:02.109,4,0,0,0,67301,0,0,0,N,0,0,0,2,67301,1,,1,98,,N,N,,0,,0,0,0,3,3,,740.0,1,2,0,0,0,0,1,3,4,0,2,99,,N,,,,,,,,,,,
2010110885,2213.0,2,0,0,0,0,0,0,0,0,7,0,,67,10,2010,4,39.9252,-75.1528,2213.0,6,0,0,0,0,0,0,0,0,9.0,0,0,0,22.0,3,0,1,,2,39 55:30.550,3.0,0,75 09:10.241,0,0,0,0,67301,0,0,0,,0,0,0,1,67301,0,,5,1,,,,,0,,0,0,0,3,3,Y,2205.0,0,2,0,0,0,0,0,3,4,0,2,3,,N,,,,,,,,,,,
2010012020,720.0,1,0,0,0,0,0,0,0,0,5,0,,67,1,2010,4,39.8864,-75.2067,715.0,6,0,0,0,0,1,0,0,0,,0,0,0,7.0,1,3,0,,0,39 53:12.768,,0,75 12:19.757,8,0,0,0,67301,0,0,0,N,0,0,0,4,68K01,0,,1,1,,N,N,,1,,0,0,0,0,0,,705.0,3,2,0,0,0,3,0,3,4,0,2,3,,N,,,,,,,,,,,
2010012021,1933.0,1,0,0,0,0,0,0,0,0,1,0,,67,1,2010,4,39.9338,-75.2001,1923.0,6,0,0,0,0,0,0,0,0,1.0,0,0,0,19.0,3,1,0,,1,39 55:58.246,3.0,2,75 12:00.761,4,0,0,0,67301,0,0,0,N,0,0,0,2,68K01,1,,1,1,,N,N,,0,,0,0,1,0,0,N,1919.0,1,2,0,0,0,0,0,3,4,0,2,3,,N,,,,,,,,,,,
2010038622,1735.0,0,0,0,0,0,0,0,0,0,8,0,,67,3,2010,3,39.9225,-75.1858,1725.0,6,0,0,0,0,0,0,1,0,,0,0,0,17.0,1,1,0,,0,39 55:21.254,,7,75 11:07.433,4,0,0,0,67301,1,0,0,N,1,0,0,2,67301,1,,1,9,,N,N,,0,,0,0,1,0,0,,1725.0,1,2,0,0,0,0,0,3,4,0,1,7,,N,,,,,,,,,,,
2010039010,928.0,3,0,0,0,0,0,0,0,0,1,0,,67,3,2010,6,40.0395,-75.1298,925.0,6,0,0,0,0,0,1,0,0,,0,0,0,9.0,1,1,1,,0,40 02:22.315,,0,75 07:47.348,8,0,0,0,67301,0,0,0,N,0,0,0,4,67301,0,,1,1,,N,N,,0,,0,0,0,2,2,,920.0,1,3,0,0,0,1,0,3,4,0,3,3,,N,,,,,,,,,,,
2010122457,9999.0,2,0,0,0,0,0,0,0,0,1,0,,67,11,2010,5,40.0038,-75.1397,9999.0,6,0,0,0,0,0,0,0,0,,0,0,0,16.0,1,1,1,,0,40 00:13.665,,0,75 08:22.783,8,0,0,0,67301,0,0,0,,0,0,0,2,67301,0,,1,9,,,,,0,,0,0,0,3,2,,1620.0,1,2,0,0,0,1,0,3,4,0,2,7,,N,,,,,,,,,,,
2010122487,1400.0,2,0,0,0,0,0,0,0,0,5,0,,67,11,2010,3,39.9774,-75.2271,1400.0,6,0,0,0,0,0,0,0,0,1.0,0,0,0,14.0,1,0,1,,1,39 58:38.507,6.0,0,75 13:37.478,0,0,0,0,67301,0,0,0,N,0,0,0,2,67301,0,,1,1,,N,N,,0,,0,0,0,3,2,N,1400.0,0,2,0,0,0,0,0,3,4,0,2,3,,N,,,,,,,,,,,
2010122524,1940.0,0,0,0,0,0,0,0,0,0,6,0,,67,11,2010,5,39.9741,-75.1179,1932.0,6,0,0,0,0,0,1,0,0,,0,0,0,19.0,3,1,2,,0,39 58:27.868,,1,75 07:03.916,4,0,0,0,67301,0,0,0,N,0,0,0,2,67301,1,,1,9,,N,N,,0,,0,0,2,3,3,,1930.0,1,2,0,0,0,0,0,3,4,0,2,7,,N,,,,,,,,,,,
2010038777,1550.0,2,0,0,0,0,0,0,0,0,4,0,,67,3,2010,6,39.9579,-75.1488,1546.0,6,0,0,0,0,0,0,1,0,,0,0,0,15.0,1,2,2,,0,39 57:28.502,,0,75 08:55.805,3,0,0,0,67301,0,0,0,N,0,0,0,3,67301,0,,1,1,,N,N,,0,,2,0,0,3,2,,1540.0,2,2,0,0,0,0,0,3,4,0,2,3,,N,,,,,,,,,,,
2010122566,905.0,2,0,0,0,0,0,0,0,0,1,0,,67,11,2010,5,40.0277,-75.0988,859.0,6,0,0,0,0,1,1,0,0,1.0,0,0,0,8.0,1,1,1,,1,40 01:40.095,2.0,0,75 05:55.134,4,0,0,0,67301,0,0,0,,0,0,0,2,67301,1,,1,1,,,,,0,,0,0,0,3,2,N,858.0,1,2,0,0,0,0,0,3,4,0,2,3,,N,,,,,,,,,,,
2010122602,1640.0,2,0,0,0,0,0,0,0,0,2,0,,67,11,2010,3,40.0331,-75.116,1630.0,6,0,0,0,0,0,0,0,0,,0,0,0,16.0,1,5,0,,0,40 01:59.099,,0,75 06:57.756,8,0,0,0,67301,0,0,0,N,0,0,0,5,67301,0,,1,1,,N,N,,0,,0,0,0,0,0,,1624.0,5,2,0,0,0,5,0,3,4,0,2,3,,N,,,,,,,,,,,
2010039283,703.0,1,0,0,0,0,0,0,0,0,7,0,,67,4,2010,1,40.0175,-75.1727,647.0,6,0,0,0,0,0,0,0,0,1.0,0,0,0,6.0,1,1,0,,1,40 01:03.068,1.0,0,75 10:21.581,4,0,0,0,67301,0,0,0,N,0,0,0,5,67301,1,,3,1,,N,N,,0,,0,0,0,0,0,N,646.0,1,2,0,0,0,0,0,3,4,1,2,3,,N,,,,,,,,,,,
2010039310,1250.0,1,0,0,0,0,0,0,0,0,8,0,,67,4,2010,5,39.9592,-75.2058,1246.0,6,0,0,0,0,0,1,0,0,,0,0,0,99.0,1,1,0,,0,39 57:33.220,,0,75 12:20.865,4,0,0,0,67301,1,0,0,N,1,0,0,2,67301,1,,1,1,,N,N,,0,,0,0,0,0,0,,9999.0,1,2,0,0,0,0,0,3,4,0,1,3,,N,,,,,,,,,,,