CRN,ARRIVAL_TM,AUTOMOBILE_COUNT,BELTED_DEATH_COUNT,BELTED_SUSP_SERIOUS_INJ_COUNT,BICYCLE_COUNT,BICYCLE_DEATH_COUNT,BICYCLE_SUSP_SERIOUS_INJ_COUNT,BUS_COUNT,CHLDPAS_DEATH_COUNT,CHLDPAS_SUSP_SERIOUS_INJ_COUNT,COLLISION_TYPE,COMM_VEH_COUNT,CONS_ZONE_SPD_LIM,COUNTY,CRASH_MONTH,CRASH_YEAR,DAY_OF_WEEK,DEC_LAT,DEC_LONG,DISPATCH_TM,DISTRICT,DRIVER_COUNT_16YR,DRIVER_COUNT_17YR,DRIVER_COUNT_18YR,DRIVER_COUNT_19YR,DRIVER_COUNT_20YR,DRIVER_COUNT_50_64YR,DRIVER_COUNT_65_74YR,DRIVER_COUNT_75PLUS,EST_HRS_CLOSED,FATAL_COUNT,HEAVY_TRUCK_COUNT,HORSE_BUGGY_COUNT,HOUR_OF_DAY,ILLUMINATION,INJURY_COUNT,INTERSECT_TYPE,INTERSECTION_RELATED,LANE_CLOSED,LATITUDE,LN_CLOSE_DIR,LOCATION_TYPE,LONGITUDE,MAX_SEVERITY_LEVEL,MCYCLE_DEATH_COUNT,MCYCLE_SUSP_SERIOUS_INJ_COUNT,MOTORCYCLE_COUNT,MUNICIPALITY,NONMOTR_COUNT,NONMOTR_DEATH_COUNT,NONMOTR_SUSP_SERIOUS_INJ_COUNT,NTFY_HIWY_MAINT,PED_COUNT,PED_DEATH_COUNT,PED_SUSP_SERIOUS_INJ_COUNT,PERSON_COUNT,POLICE_AGCY,POSSIBLE_INJ_COUNT,RDWY_SURF_TYPE_CD,RELATION_TO_ROAD,ROAD_CONDITION,ROADWAY_CLEARED,SCH_BUS_IND,SCH_ZONE_IND,SECONDARY_CRASH,SMALL_TRUCK_COUNT,SPEC_JURIS_CD,SUSP_MINOR_INJ_COUNT,SUSP_SERIOUS_INJ_COUNT,SUV_COUNT,TCD_FUNC_CD,TCD_TYPE,TFC_DETOUR_IND,TIME_OF_DAY,TOT_INJ_COUNT,TOTAL_UNITS,UNB_DEATH_COUNT,UNB_SUSP_SERIOUS_INJ_COUNT,UNBELTED_OCC_COUNT,UNK_INJ_DEG_COUNT,UNK_INJ_PER_COUNT,URBAN_AREA,URBAN_RURAL,VAN_COUNT,VEHICLE_COUNT,WEATHER1,WEATHER2,WORK_ZONE_IND,WORK_ZONE_LOC,WORK_ZONE_TYPE,WORKERS_PRES,WZ_CLOSE_DETOUR,WZ_FLAGGER,WZ_LAW_OFFCR_IND,WZ_LN_CLOSURE,WZ_MOVING,WZ_OTHER,WZ_SHLDER_MDN,WZ_WORKERS_INJ_KILLED
2010032215,859.0,3,0,0,0,0,0,0,0,0,4,0,,67,3,2010,3,39.9501,-75.1835,850.0,6,0,0,0,0,0,2,0,0,1.0,0,0,0,8.0,1,1,0,,1,39 57:03.571,4.0,0,75 10:58.341,3,0,0,0,67301,0,0,0,N,0,0,0,4,68K01,0,,1,1,,N,N,,0,,1,0,1,0,0,N,848.0,1,4,0,0,0,0,0,3,4,0,4,3,,N,,,,,,,,,,,
2010032502,1125.0,0,0,0,0,0,0,0,0,0,8,0,,67,3,2010,5,39.984,-75.1324,1323.0,6,0,0,0,0,0,0,0,0,,0,1,0,99.0,1,1,0,,0,39 59:02.470,,0,75 07:56.516,4,0,0,0,67301,1,0,0,N,1,0,0,2,67301,1,,6,1,,N,N,,0,,0,0,0,3,2,,9999.0,1,2,0,0,0,0,0,3,4,0,1,3,,N,,,,,,,,,,,
2010032504,2219.0,0,0,0,0,0,0,0,0,0,8,0,,67,3,2010,3,39.9908,-75.1309,2217.0,6,0,0,0,0,0,0,0,0,,0,0,0,22.0,3,1,1,,0,39 59:27.011,,0,75 07:51.262,4,0,0,0,67301,1,0,0,N,1,0,0,2,67301,1,,1,9,,N,N,,0,,0,0,0,3,2,,2215.0,1,2,0,0,0,0,0,3,4,1,1,3,,N,,,,,,,,,,,
2010032536,352.0,1,0,0,0,0,0,0,0,0,1,0,,67,2,2010,7,40.0015,-75.1528,352.0,6,0,0,0,0,0,0,0,0,,0,0,0,3.0,3,2,0,,0,40 00:05.510,,0,75 09:10.116,4,0,0,0,67301,0,0,0,,0,0,0,2,67301,2,,1,6,,N,,,1,,0,0,0,0,0,,349.0,2,2,0,0,0,0,0,3,4,0,2,3,,N,,,,,,,,,,,
2010032645,2230.0,1,0,0,0,0,0,0,0,0,7,0,,67,3,2010,6,40.0165,-75.2027,2156.0,6,0,0,0,0,0,0,0,0,2.0,0,0,0,21.0,3,0,0,,2,40 00:59.379,1.0,0,75 12:09.825,0,0,0,0,67301,0,0,0,Y,0,0,0,1,67301,0,,2,1,,N,N,,0,,0,0,0,0,0,N,2156.0,0,1,0,0,0,0,0,3,4,0,1,3,,N,,,,,,,,,,,
2010017208,2115.0,2,0,0,0,0,0,0,0,0,4,0,,67,1,2010,7,40.0382,-75.1095,2113.0,6,0,0,0,1,0,0,0,0,,0,0,0,21.0,3,2,0,,0,40 02:17.386,,7,75 06:33.894,4,0,0,0,67301,0,0,0,,0,0,0,3,67301,2,,1,1,,N,N,,0,,0,0,0,3,2,,2111.0,2,2,0,0,0,0,0,3,4,0,2,3,,N,,,,,,,,,,,
2010021459,1545.0,1,0,0,0,0,0,1,0,0,6,1,,67,1,2010,5,40.039,-75.1466,1545.0,6,0,0,0,0,0,1,0,0,,0,0,0,15.0,1,1,1,,0,40 02:20.564,,0,75 08:47.850,8,0,0,0,67301,0,0,0,,0,0,0,3,67301,0,,1,1,,,Y,,0,,0,0,0,3,3,,1540.0,1,2,0,0,0,1,0,3,4,0,2,3,,N,,,,,,,,,,,
2010094718,41.0,2,0,0,0,0,0,0,0,0,5,0,,67,9,2010,5,39.9597,-75.1775,2346.0,6,0,0,0,0,0,0,0,0,1.0,0,0,0,23.0,3,1,0,,2,39 57:34.946,3.0,0,75 10:38.914,8,0,0,0,67301,0,0,0,N,0,0,0,6,68K01,0,,1,9,,N,N,,1,,0,0,1,0,0,N,2342.0,1,4,0,0,0,1,0,3,4,0,4,7,,N,,,,,,,,,,,
2010118009,1610.0,2,0,0,0,0,0,0,0,0,4,0,,67,10,2010,2,40.1143,-74.9879,1606.0,6,0,0,0,0,0,0,0,0,,0,0,0,16.0,1,0,1,,0,40 06:50.926,,0,74 59:15.880,0,0,0,0,67301,0,0,0,N,0,0,0,2,67301,0,,1,1,,N,N,,0,,0,0,0,3,2,,1606.0,0,2,0,0,0,0,0,3,4,0,2,3,,N,,,,,,,,,,,
2010045638,1914.0,1,0,0,0,0,0,0,0,0,1,0,,67,5,2010,2,39.9689,-75.1271,1854.0,6,0,0,0,0,0,1,0,0,2.0,0,0,0,18.0,2,2,0,,2,39 58:11.081,1.0,0,75 07:33.916,3,0,0,0,67301,0,0,0,N,0,0,0,3,68K01,1,,1,1,,N,N,,0,,1,0,0,0,0,N,1850.0,2,2,0,0,0,0,0,3,4,1,2,3,,N,,,,,,,,,,,
2010046099,742.0,1,0,0,0,0,0,0,0,0,7,0,,67,5,2010,1,39.9754,-75.1945,742.0,6,0,0,0,0,0,1,0,0,1.0,0,0,0,7.0,1,1,0,,1,39 58:34.975,4.0,0,75 11:44.126,8,0,0,0,67301,0,0,0,N,0,0,0,1,68K01,0,,2,1,,N,N,,0,,0,0,0,0,0,N,740.0,1,1,0,0,0,1,0,3,4,0,1,3,,N,,,,,,,,,,,
2010075001,1143.0,3,0,0,0,0,0,0,0,0,2,0,,67,7,2010,6,39.923,-75.17,1135.0,6,0,0,0,0,0,0,1,0,,0,0,0,11.0,1,2,0,,0,39 55:22.902,,7,75 10:12.129,4,0,0,0,67301,0,0,0,N,0,0,0,4,67301,2,,1,1,,N,N,,0,,0,0,0,0,0,,1132.0,2,3,0,0,0,0,0,3,4,0,3,3,,N,,,,,,,,,,,
2010075074,1650.0,2,0,0,0,0,0,0,0,0,1,0,,67,7,2010,7,40.0368,-75.0624,1643.0,6,0,0,0,0,0,1,0,0,1.0,0,0,0,16.0,1,1,1,,1,40 02:12.512,1.0,0,75 03:44.536,4,0,0,0,67301,0,0,0,N,0,0,0,5,67301,1,,1,1,,N,N,,0,,0,0,0,3,2,N,1635.0,1,2,0,0,0,0,0,3,4,0,2,3,,N,,,,,,,,,,,
2010075092,1045.0,3,0,0,0,0,0,0,0,0,6,0,,67,7,2010,4,40.0151,-75.1352,1045.0,6,0,0,0,0,0,1,0,0,2.0,0,0,0,10.0,1,1,0,,2,40 00:54.439,5.0,0,75 08:06.604,4,0,0,0,67301,0,0,0,N,0,0,0,2,67301,1,,1,1,,N,N,,0,,0,0,1,0,0,Y,1045.0,1,4,0,0,0,0,0,3,4,0,4,3,,N,,,,,,,,,,,
2010064695,802.0,5,0,0,0,0,0,0,0,0,4,0,,67,5,2010,2,39.9612,-75.1748,759.0,6,0,0,0,0,0,1,0,0,3.0,0,0,0,7.0,1,2,1,,2,39 57:40.918,3.0,0,75 10:30.472,8,0,0,0,67301,1,0,0,N,1,0,0,2,67301,0,,2,1,,N,N,,0,,0,0,0,3,2,Y,755.0,2,6,0,0,0,2,0,3,4,0,5,3,,N,,,,,,,,,,,
2010074855,1126.0,1,0,0,0,0,0,0,0,0,7,0,,67,7,2010,2,39.9935,-75.0967,1123.0,6,0,0,0,0,0,0,0,0,,0,0,0,11.0,1,1,0,,0,39 59:36.777,,0,75 05:48.181,4,0,0,0,67301,0,0,0,,0,0,0,1,67301,1,,5,1,,,,,0,,0,0,0,0,0,,1115.0,1,1,0,0,0,0,0,3,4,0,1,3,,N,,,,,,,,,,,
2010074859,1726.0,1,0,0,0,0,0,0,0,0,2,0,,67,6,2010,3,39.9501,-75.2494,1726.0,6,0,0,0,0,0,1,0,0,9.0,0,0,0,17.0,1,1,2,,2,39 57:00.419,5.0,0,75 14:57.778,8,0,0,1,67301,0,0,0,N,0,0,0,3,67301,0,,1,1,,N,N,,0,,0,0,0,3,2,Y,1726.0,1,2,0,0,0,1,0,3,4,0,2,3,,N,,,,,,,,,,,
2010074880,2248.0,2,0,0,0,0,0,0,0,0,5,0,,67,6,2010,2,39.9975,-75.1452,2100.0,6,0,0,0,0,0,0,0,0,,0,0,0,22.0,6,1,0,,0,39 59:50.920,,0,75 08:42.802,4,0,0,0,67301,0,0,0,N,0,0,0,2,67301,1,,4,1,,N,N,,0,,0,0,0,0,0,,2248.0,1,2,0,0,1,0,1,3,4,0,2,3,,N,,,,,,,,,,,
2010069892,9999.0,1,0,0,0,0,0,0,0,0,5,1,99.0,67,6,2010,4,40.0067,-75.1928,9999.0,6,0,0,0,0,0,0,0,0,,0,1,0,9.0,1,1,0,,0,40 00:25.096,,0,75 11:33.036,4,0,0,0,67301,0,0,0,N,0,0,0,1,67301,1,,1,1,,N,N,,0,,0,0,0,2,8,,908.0,1,2,0,0,0,0,0,3,4,0,2,3,,Y,8.0,8.0,U,U,U,U,U,U,U,U,
2010062022,1455.0,1,0,0,0,0,0,0,0,0,7,0,,67,5,2010,3,40.0178,-75.2021,1450.0,6,0,1,0,0,0,0,0,0,1.0,0,0,0,14.0,1,0,0,,1,40 01:03.990,1.0,0,75 12:07.450,0,0,0,0,67301,0,0,0,N,0,0,0,2,67301,0,,3,9,,N,N,,0,,0,0,0,0,0,N,1440.0,0,1,0,0,0,0,0,3,4,0,1,7,,N,,,,,,,,,,,
2010105900,1845.0,2,0,0,0,0,0,0,0,0,4,0,,67,10,2010,6,40.0166,-75.1472,1741.0,6,0,0,0,0,1,1,0,0,,0,0,0,17.0,1,3,1,,0,40 00:59.814,,0,75 08:49.815,4,0,0,0,67301,0,0,0,N,0,0,0,5,67301,2,,1,1,,N,N,,0,,0,0,1,3,2,,1740.0,3,3,0,0,0,1,0,3,4,0,3,3,,N,,,,,,,,,,,
2010100889,29.0,3,0,0,0,0,0,0,0,0,4,0,,67,9,2010,1,40.0074,-75.1007,29.0,6,0,0,0,0,0,0,0,0,1.0,0,0,0,0.0,3,1,1,,2,40 00:26.780,6.0,0,75 06:02.440,4,0,0,0,67301,0,0,0,,0,0,0,2,67301,1,,1,1,,N,,,0,,0,0,0,3,2,Y,26.0,1,3,0,0,0,0,0,3,4,0,3,3,,N,,,,,,,,,,,
2010094273,9999.0,0,0,0,0,0,0,0,0,0,8,0,,67,8,2010,4,39.9823,-75.2644,9999.0,6,0,0,0,0,0,1,0,0,,0,0,0,16.0,1,1,2,,0,39 58:56.298,,0,75 15:51.735,4,0,0,0,67301,1,0,0,,1,0,0,2,67301,1,,1,1,,,,,1,,0,0,0,3,2,,1650.0,1,2,0,0,0,0,0,3,4,0,1,3,,N,,,,,,,,,,,
2010094284,1735.0,2,0,0,0,0,0,0,0,0,7,0,,67,8,2010,7,39.9527,-75.1787,1730.0,6,0,0,0,0,0,1,0,0,,0,0,0,17.0,1,0,0,,0,39 57:09.743,,0,75 10:43.276,0,0,0,0,67301,0,0,0,,0,0,0,2,67301,0,,2,1,,,,,0,,0,0,0,0,0,,1729.0,0,2,0,0,0,0,0,3,4,0,2,3,,N,,,,,,,,,,,
2010094076,1333.0,2,0,0,0,0,0,0,0,0,2,0,,67,8,2010,6,39.9667,-75.2111,1329.0,6,0,0,0,0,0,0,1,0,,0,0,0,13.0,1,2,1,,0,39 58:00.292,,0,75 12:39.920,3,0,0,0,67301,0,0,0,N,0,0,0,2,67301,0,,4,1,,N,N,,0,,2,0,0,3,2,,1323.0,2,2,0,0,2,0,0,3,4,0,2,3,,N,,,,,,,,,,,
2010096284,945.0,1,0,0,0,0,0,0,0,0,8,0,,67,8,2010,4,39.9359,-75.1713,938.0,6,0,0,0,0,0,0,0,0,,0,0,0,9.0,1,1,0,,0,39 56:09.227,,0,75 10:16.747,4,0,0,0,67301,1,0,0,N,1,0,0,2,67301,1,,1,1,,N,N,,0,,0,0,0,2,3,,930.0,1,2,0,0,0,0,0,3,4,0,1,3,,N,,,,,,,,,,,
2010088848,2122.0,0,0,0,0,0,0,0,0,0,7,0,,67,8,2010,7,39.8838,-75.2305,2116.0,6,0,0,0,0,0,0,0,0,,0,0,0,21.0,3,1,0,,0,39 53:01.608,,0,75 13:49.742,8,0,0,1,67301,0,0,0,N,0,0,0,2,67301,0,,3,1,,N,N,,0,,0,0,0,0,0,,2115.0,1,1,0,0,0,1,0,3,4,0,1,3,,N,,,,,,,,,,,
2010088854,1725.0,1,0,0,0,0,0,0,0,0,1,0,,67,8,2010,2,39.9344,-75.1511,1725.0,6,0,0,0,0,0,1,0,0,,0,0,0,17.0,1,2,0,,0,39 56:03.661,,0,75 09:03.888,8,0,0,0,67301,0,0,0,,0,0,0,3,67301,0,,1,1,,,,,0,,0,0,0,3,2,,1725.0,2,2,0,0,0,2,0,3,4,1,2,3,,N,,,,,,,,,,,
2010110781,910.0,1,0,0,0,0,0,0,0,0,8,0,,67,10,2010,6,40.0554,-75.1263,900.0,6,0,0,0,0,0,0,0,0,,0,0,0,9.0,1,1,2,,0,40 03:19.502,,99,75 07:34.825,4,0,0,0,67301,1,0,0,N,1,0,0,2,67301,1,,1,1,,N,N,,0,,0,0,0,3,2,,900.0,1,2,0,0,0,0,0,3,4,0,1,3,,N,,,,,,,,,,,
2010110803,1333.0,1,0,0,0,0,0,0,0,0,3,1,,67,10,2010,5,40.0165,-75.0732,1332.0,6,0,0,0,0,0,0,0,0,,0,1,0,13.0,1,1,0,,0,40 00:59.511,,0,75 04:23.671,4,0,0,0,67301,0,0,0,,0,0,0,2,67301,1,,1,9,,N,,,0,,0,0,0,0,0,,1330.0,1,2,0,0,0,0,0,3,4,0,2,7,,N,,,,,,,,,,,
2010110804,1200.0,2,0,0,0,0,0,0,0,0,6,0,,67,10,2010,5,39.9374,-75.2176,1148.0,6,0,0,0,0,0,1,1,0,,0,0,0,11.0,1,1,1,,0,39 56:14.564,,0,75 13:03.428,8,0,0,0,67301,0,0,0,N,0,0,0,3,67301,0,,1,9,,,,,0,,0,0,0,3,3,,1148.0,1,3,0,0,1,1,0,3,4,1,3,7,,N,,,,,,,,,,,
2010088918,1715.0,2,0,0,0,0,0,0,0,0,4,0,,67,8,2010,5,40.0096,-75.0896,1705.0,6,0,0,0,0,0,1,0,0,,0,0,0,16.0,1,1,3,,0,40 00:34.514,,0,75 05:22.410,4,0,0,0,67301,0,0,0,N,0,0,0,3,67301,1,,1,1,,N,N,,0,,0,0,0,3,3,,1650.0,1,3,0,0,0,0,0,3,4,1,3,3,,N,,,,,,,,,,,
2010088942,257.0,2,0,0,0,0,0,0,0,0,6,0,,67,8,2010,2,39.953,-75.2135,251.0,6,0,0,0,0,0,0,0,0,,0,0,0,2.0,3,0,0,,0,39 57:10.962,,0,75 12:48.463,0,0,0,0,67301,0,0,0,N,0,0,0,1,67301,0,,1,1,,N,N,,0,,0,0,0,0,0,,250.0,0,2,0,0,0,0,0,3,4,0,2,3,,N,,,,,,,,,,,
2010088948,1040.0,2,0,0,0,0,0,0,0,0,5,0,,67,8,2010,4,39.963,-75.1771,1027.0,6,0,0,0,0,0,0,0,0,,0,0,0,10.0,1,0,10,,0,39 57:47.584,,0,75 10:37.667,0,0,0,0,67301,0,0,0,,0,0,0,2,67301,0,,1,1,,,,,0,,0,0,0,0,0,,1025.0,0,2,0,0,0,0,0,3,4,0,2,3,,N,,,,,,,,,,,
2010088958,1720.0,1,0,0,1,0,0,0,0,0,4,0,,67,8,2010,1,39.9871,-75.1626,1715.0,6,0,0,0,0,1,0,0,0,,0,0,0,17.0,1,1,1,,0,39 59:13.650,,0,75 09:45.421,8,0,0,0,67301,1,0,0,,0,0,0,2,67301,0,,1,9,,N,N,,0,,0,0,0,9,9,,1700.0,1,2,0,0,0,1,0,3,4,0,1,7,,N,,,,,,,,,,,
2010110815,1335.0,2,0,0,0,0,0,0,0,0,1,0,,67,10,2010,7,40.053,-75.1771,1324.0,6,0,0,0,0,0,1,0,0,1.0,0,0,0,99.0,1,4,0,,2,40 03:10.953,1.0,0,75 10:37.676,4,0,0,0,67301,0,0,0,N,0,0,0,5,67301,4,,1,1,,N,N,,0,,0,0,0,0,0,N,9999.0,4,2,0,0,0,0,0,3,4,0,2,3,,N,,,,,,,,,,,
2010110852,1335.0,1,0,0,1,0,0,0,0,0,4,0,,67,9,2010,2,39.9623,-75.1613,1331.0,6,0,0,0,1,0,0,0,0,2.0,0,0,0,13.0,1,1,1,,1,39 57:44.733,2.0,0,75 09:40.776,8,0,0,0,67301,1,0,0,,0,0,0,2,67301,0,,1,9,,N,N,,0,,0,0,0,3,2,N,1325.0,1,2,0,0,0,1,0,3,4,0,1,7,,N,,,,,,,,,,,
2010069239,1415.0,0,0,0,0,0,0,0,0,0,7,0,,67,6,2010,1,40.0463,-75.1924,1408.0,6,0,0,0,0,0,0,1,0,,0,0,0,2.0,3,0,0,,0,40 02:46.507,,0,75 11:32.517,0,0,0,0,67301,0,0,0,N,0,0,0,2,67301,0,,5,1,,N,N,,0,,0,0,1,0,0,,200.0,0,1,0,0,0,0,0,3,4,0,1,3,,N,,,,,,,,,,,
2010037965,1527.0,1,0,0,0,0,0,0,0,0,4,0,,67,4,2010,6,39.981,-75.1029,1527.0,6,0,0,0,0,0,2,0,0,,0,0,0,15.0,1,1,0,,0,39 58:51.976,,0,75 06:10.136,8,0,0,0,67301,0,0,0,N,0,0,0,5,68K01,0,,1,1,,N,N,,0,,0,0,1,0,0,,1525.0,1,2,0,0,1,1,0,3,4,0,2,3,,N,,,,,,,,,,,
2010037972,1757.0,1,0,0,0,0,0,0,0,0,5,0,,67,4,2010,1,39.9443,-75.1918,1741.0,6,0,0,0,0,0,0,0,0,,0,0,0,17.0,1,1,0,,0,39 56:40.423,,0,75 11:29.610,8,0,0,0,67301,0,0,0,N,0,0,0,2,68K01,0,,1,1,,N,N,,0,,0,0,1,0,0,,1739.0,1,2,0,0,0,1,0,3,4,0,2,3,,N,,,,,,,,,,,
2010011807,1017.0,1,0,0,0,0,0,0,0,0,7,0,,67,1,2010,4,40.0059,-75.1985,1012.0,6,0,0,0,0,0,0,0,0,2.0,0,0,0,10.0,1,1,0,,2,40 00:20.834,1.0,2,75 11:53.288,8,0,0,0,67301,0,0,0,N,0,0,0,1,68K01,0,,2,1,,N,N,,0,,0,0,0,0,0,N,1010.0,1,1,0,0,0,1,0,3,4,0,1,3,,N,,,,,,,,,,,
2010122351,852.0,2,0,0,0,0,0,0,0,0,1,0,,67,11,2010,7,40.0695,-75.0506,850.0,6,0,0,0,0,0,0,0,0,,0,0,0,8.0,1,1,1,,0,40 04:10.107,,0,75 03:02.148,8,0,0,0,67301,0,0,0,N,0,0,0,2,67301,0,,1,1,,N,N,,0,,0,0,0,2,2,,830.0,1,2,0,0,0,1,0,3,4,0,2,3,,N,,,,,,,,,,,
2010122546,9999.0,2,0,0,0,0,0,0,0,0,4,0,,67,9,2010,6,39.9909,-75.1148,14.0,6,0,0,0,0,0,0,0,0,3.0,0,0,0,0.0,3,1,2,,2,39 59:27.123,5.0,0,75 06:53.478,8,0,0,0,67301,0,0,0,N,0,0,0,5,67301,0,,1,1,,,N,,0,,0,0,0,3,2,Y,14.0,1,2,0,0,0,1,3,3,4,0,2,3,,N,,,,,,,,,,,
2010038760,318.0,0,0,0,0,0,0,0,0,0,8,0,,67,3,2010,2,39.9889,-75.1273,313.0,6,0,0,0,0,0,0,0,0,,0,0,0,3.0,3,1,1,,0,39 59:19.892,,0,75 07:38.391,8,0,0,0,67301,1,0,0,N,1,0,0,2,67301,0,,9,1,,N,N,,0,,0,0,0,3,2,,310.0,1,2,0,0,0,1,0,3,4,0,1,3,,N,,,,,,,,,,,
2010122558,1328.0,0,0,0,1,0,0,0,0,0,4,0,,67,11,2010,3,39.9319,-75.1698,1324.0,6,0,0,0,0,0,1,0,0,,0,0,0,13.0,1,1,1,,0,39 55:54.912,,0,75 10:11.193,4,0,0,0,67301,1,0,0,N,0,0,0,2,67301,1,,1,1,,N,N,,0,,0,0,1,3,3,,1320.0,1,2,0,0,0,0,0,3,4,0,1,3,,N,,,,,,,,,,,
2010122577,1320.0,2,0,0,0,0,0,0,0,0,4,0,,67,11,2010,6,39.9584,-75.2313,1318.0,6,0,0,0,0,0,0,0,0,,0,0,0,13.0,1,1,1,,0,39 57:30.398,,0,75 13:52.701,8,0,0,0,67301,0,0,0,N,0,0,0,2,67301,0,,1,1,,N,N,,0,,0,0,0,3,3,,1315.0,1,2,0,0,0,1,0,3,4,0,2,3,,N,,,,,,,,,,,
2010039125,1414.0,1,0,0,0,0,0,0,0,0,4,0,,67,3,2010,1,39.9878,-75.1806,1411.0,6,0,0,0,0,0,1,1,0,,0,0,0,14.0,1,1,1,,0,39 59:16.193,,0,75 10:50.093,8,0,0,1,67301,0,0,0,N,0,0,0,2,67301,0,,1,1,,N,N,,0,,0,0,0,3,2,,1408.0,1,2,0,0,0,1,0,3,4,0,2,3,,N,,,,,,,,,,,
2010039163,1210.0,1,0,0,0,0,0,0,0,0,8,0,,67,3,2010,7,39.9243,-75.2363,1210.0,6,0,0,0,0,0,0,0,0,,0,0,0,12.0,1,1,1,,0,39 55:27.483,,0,75 14:10.503,4,0,0,0,67301,1,0,0,,1,0,0,2,67301,1,,1,1,,N,N,,0,,0,0,0,0,0,,1210.0,1,2,0,0,0,0,0,3,4,0,1,3,,N,,,,,,,,,,,
2010039279,1040.0,2,0,0,0,0,0,0,0,0,4,0,,67,3,2010,2,40.0139,-75.126,1038.0,6,0,0,0,0,0,1,0,0,,0,0,0,99.0,1,0,1,,0,40 00:49.975,,0,75 07:33.617,0,0,0,0,67301,0,0,0,,0,0,0,3,67301,0,,1,9,,,,,1,,0,0,0,3,2,,9999.0,0,3,0,0,0,0,0,3,4,0,3,7,,N,,,,,,,,,,,
2010039299,2311.0,1,0,0,0,0,0,0,0,0,1,0,,67,3,2010,6,39.9562,-75.183,2310.0,6,0,0,0,0,0,0,0,0,,0,0,0,22.0,3,1,3,,0,39 57:22.401,,0,75 10:58.697,8,0,0,0,67301,0,0,0,,0,0,0,2,67301,0,,1,9,,N,N,,0,,0,0,1,3,2,,2241.0,1,2,0,0,0,1,0,3,4,0,2,7,,N,,,,,,,,,,,
2010007054,1023.0,2,0,0,0,0,0,0,0,0,5,0,,67,1,2010,7,40.048,-74.9991,1014.0,6,0,0,0,0,0,0,0,0,,0,0,0,10.0,1,1,0,,0,40 02:53.180,,0,74 59:56.178,8,0,0,0,67301,0,0,0,N,0,0,0,4,68K01,0,,1,1,,N,N,,0,,0,0,0,0,0,,1011.0,1,2,0,0,0,1,0,3,4,0,2,3,,N,,,,,,,,,,,
2010032500,341.0,0,0,0,0,0,0,0,0,0,7,0,,67,3,2010,7,40.007,-75.0988,339.0,6,0,0,0,0,0,0,0,0,,0,0,0,3.0,3,2,0,,0,40 00:25.312,,0,75 05:55.587,8,0,0,0,67301,0,0,0,N,0,0,0,2,67301,0,,2,9,,,,,0,,0,0,0,0,0,,330.0,2,1,0,0,0,2,0,3,4,1,1,7,,N,,,,,,,,,,,
2010032517,1538.0,2,0,0,0,0,0,0,0,0,4,0,,67,3,2010,7,39.9789,-75.1819,1535.0,6,0,0,0,0,0,0,0,0,,0,0,0,15.0,1,1,1,,0,39 58:43.964,,0,75 10:54.915,4,0,0,0,67301,0,0,0,N,0,0,0,4,67301,1,,1,1,,,,,0,,0,0,0,3,3,,1520.0,1,2,0,0,0,0,1,3,4,0,2,3,,N,,,,,,,,,,,
2010032717,1950.0,1,0,0,0,0,0,0,0,0,7,0,,67,3,2010,7,39.8896,-75.2325,9999.0,6,0,0,0,0,0,0,0,0,,0,0,0,19.0,2,1,0,,0,39 53:22.448,,7,75 13:57.102,4,0,0,0,67301,0,0,0,N,0,0,0,1,67301,1,,2,1,,N,N,,0,,0,0,0,0,0,,1940.0,1,1,0,0,1,0,0,3,4,0,1,3,,N,,,,,,,,,,,
2010032718,533.0,0,0,0,0,0,0,0,0,0,1,0,,67,3,2010,1,40.0075,-75.0861,528.0,6,0,0,1,0,0,0,0,0,4.0,1,0,0,5.0,5,2,0,,2,40 00:26.648,5.0,0,75 05:10.998,1,0,0,0,67301,0,0,0,,0,0,0,3,67301,0,2.0,5,1,,N,N,,2,0.0,2,0,1,0,0,Y,527.0,2,3,0,0,0,0,0,3,4,0,3,3,,N,,,,,,,,,,,
2010038250,921.0,0,0,0,0,0,0,0,0,0,1,1,,67,4,2010,3,39.9579,-75.1619,912.0,6,0,0,0,0,0,0,0,0,1.0,0,1,0,9.0,1,1,0,,1,39 57:28.358,4.0,0,75 09:42.816,8,0,0,0,67301,0,0,0,N,0,0,0,4,68K01,0,,1,1,,N,N,,0,,0,0,0,0,0,N,911.0,1,2,0,0,0,1,0,3,4,1,2,3,,N,,,,,,,,,,,
2010038283,2245.0,2,0,0,0,0,0,0,0,0,4,0,,67,3,2010,4,39.956,-75.1762,2243.0,6,0,0,0,0,0,0,0,0,,0,0,0,22.0,3,0,1,,0,39 57:21.690,,0,75 10:34.388,0,0,0,0,67301,0,0,0,N,0,0,0,6,67301,0,,1,1,,N,N,,0,,0,0,0,3,2,,2239.0,0,2,0,0,0,0,0,3,4,0,2,3,,N,,,,,,,,,,,
2010017073,1921.0,1,0,0,0,0,0,0,0,0,4,0,,67,1,2010,1,39.9434,-75.179,1920.0,6,0,0,0,0,0,1,0,0,,0,0,0,19.0,3,1,1,,0,39 56:36.373,,0,75 10:44.230,8,0,0,0,67301,0,0,0,,0,0,0,2,67301,0,,1,1,,,,,0,,0,0,0,3,2,,1920.0,1,2,0,0,0,1,0,3,4,1,2,3,,N,,,,,,,,,,,
2010017198,1443.0,0,0,0,0,0,0,0,0,0,7,0,,67,1,2010,5,39.9609,-75.1954,1441.0,6,0,0,0,0,0,0,0,0,2.0,0,0,0,14.0,1,0,1,,1,39 57:39.358,3.0,0,75 11:43.612,0,0,0,0,67301,0,0,0,N,0,0,0,1,67301,0,,5,1,,N,N,,0,,0,0,1,3,3,N,1440.0,0,1,0,0,0,0,0,3,4,0,1,3,,N,,,,,,,,,,,