CRN,ARRIVAL_TM,AUTOMOBILE_COUNT,BELTED_DEATH_COUNT,BELTED_SUSP_SERIOUS_INJ_COUNT,BICYCLE_COUNT,BICYCLE_DEATH_COUNT,BICYCLE_SUSP_SERIOUS_INJ_COUNT,BUS_COUNT,CHLDPAS_DEATH_COUNT,CHLDPAS_SUSP_SERIOUS_INJ_COUNT,COLLISION_TYPE,COMM_VEH_COUNT,CONS_ZONE_SPD_LIM,COUNTY,CRASH_MONTH,CRASH_YEAR,DAY_OF_WEEK,DEC_LAT,DEC_LONG,DISPATCH_TM,DISTRICT,DRIVER_COUNT_16YR,DRIVER_COUNT_17YR,DRIVER_COUNT_18YR,DRIVER_COUNT_19YR,DRIVER_COUNT_20YR,DRIVER_COUNT_50_64YR,DRIVER_COUNT_65_74YR,DRIVER_COUNT_75PLUS,EST_HRS_CLOSED,FATAL_COUNT,HEAVY_TRUCK_COUNT,HORSE_BUGGY_COUNT,HOUR_OF_DAY,ILLUMINATION,INJURY_COUNT,INTERSECT_TYPE,INTERSECTION_RELATED,LANE_CLOSED,LATITUDE,LN_CLOSE_DIR,LOCATION_TYPE,LONGITUDE,MAX_SEVERITY_LEVEL,MCYCLE_DEATH_COUNT,MCYCLE_SUSP_SERIOUS_INJ_COUNT,MOTORCYCLE_COUNT,MUNICIPALITY,NONMOTR_COUNT,NONMOTR_DEATH_COUNT,NONMOTR_SUSP_SERIOUS_INJ_COUNT,NTFY_HIWY_MAINT,PED_COUNT,PED_DEATH_COUNT,PED_SUSP_SERIOUS_INJ_COUNT,PERSON_COUNT,POLICE_AGCY,POSSIBLE_INJ_COUNT,RDWY_SURF_TYPE_CD,RELATION_TO_ROAD,ROAD_CONDITION,ROADWAY_CLEARED,SCH_BUS_IND,SCH_ZONE_IND,SECONDARY_CRASH,SMALL_TRUCK_COUNT,SPEC_JURIS_CD,SUSP_MINOR_INJ_COUNT,SUSP_SERIOUS_INJ_COUNT,SUV_COUNT,TCD_FUNC_CD,TCD_TYPE,TFC_DETOUR_IND,TIME_OF_DAY,TOT_INJ_COUNT,TOTAL_UNITS,UNB_DEATH_COUNT,UNB_SUSP_SERIOUS_INJ_COUNT,UNBELTED_OCC_COUNT,UNK_INJ_DEG_COUNT,UNK_INJ_PER_COUNT,URBAN_AREA,URBAN_RURAL,VAN_COUNT,VEHICLE_COUNT,WEATHER1,WEATHER2,WORK_ZONE_IND,WORK_ZONE_LOC,WORK_ZONE_TYPE,WORKERS_PRES,WZ_CLOSE_DETOUR,WZ_FLAGGER,WZ_LAW_OFFCR_IND,WZ_LN_CLOSURE,WZ_MOVING,WZ_OTHER,WZ_SHLDER_MDN,WZ_WORKERS_INJ_KILLED
2010017220,1624.0,2,0,0,0,0,0,0,0,0,3,0,,67,1,2010,5,39.962,-75.2408,1624.0,6,0,0,0,0,0,1,0,0,,0,0,0,16.0,1,1,0,,0,39 57:43.168,,0,75 14:26.916,8,0,0,0,67301,0,0,0,,0,0,0,4,67301,0,,1,1,,N,,,0,,0,0,0,0,0,,1624.0,1,2,0,0,0,1,0,3,4,0,2,3,,N,,,,,,,,,,,
2010017254,900.0,2,0,0,0,0,0,0,0,0,4,0,,67,1,2010,3,39.9913,-75.1349,855.0,6,0,0,0,0,0,0,0,0,,0,0,0,8.0,1,1,1,,0,39 59:28.846,,0,75 08:05.483,4,0,0,0,67301,0,0,0,,0,0,0,5,67301,1,,1,1,,,,,0,,0,0,0,3,2,,800.0,1,2,0,0,0,0,1,3,4,0,2,3,,N,,,,,,,,,,,
2010018305,1052.0,0,0,0,0,0,0,0,0,0,8,0,25.0,67,1,2010,4,39.9558,-75.1915,1050.0,6,0,0,0,0,0,0,0,0,,0,0,0,10.0,1,1,1,,0,39 57:21.261,,0,75 11:29.218,4,0,0,0,67301,1,0,0,N,1,0,0,2,67301,1,,1,1,,N,N,,1,,0,0,0,3,2,,1045.0,1,2,0,0,0,0,1,3,4,0,1,3,,Y,5.0,1.0,Y,U,U,N,U,U,Y,U,
2010021635,345.0,1,0,0,0,0,0,0,0,0,4,0,,67,1,2010,1,39.9524,-75.1468,344.0,6,0,0,0,0,0,0,0,0,2.0,0,0,0,3.0,3,0,1,,2,39 57:08.532,2.0,0,75 08:48.479,9,0,0,0,67301,1,0,0,,0,0,0,6,67301,0,,1,1,,N,N,,1,,0,0,1,3,2,Y,343.0,0,3,0,0,0,0,6,3,4,0,3,3,,N,,,,,,,,,,,
2010105902,1910.0,1,0,0,0,0,0,0,0,0,8,0,,67,9,2010,4,39.9732,-75.1477,1903.0,6,0,0,0,0,0,1,0,0,2.0,0,0,0,18.0,4,1,0,,2,39 58:23.541,1.0,0,75 08:51.540,4,0,0,0,67301,1,0,0,N,1,0,0,2,67301,1,,1,1,,N,N,,0,,0,0,0,0,0,Y,1859.0,1,2,0,0,0,0,0,3,4,0,1,3,,N,,,,,,,,,,,
2010094152,1645.0,0,0,0,1,0,0,0,0,0,5,0,,67,9,2010,5,40.0275,-75.0624,1640.0,6,0,0,0,0,0,1,0,0,,0,0,0,16.0,1,1,1,,0,40 01:39.981,,0,75 03:44.617,8,0,0,0,67301,1,0,0,N,0,0,0,2,67301,0,,1,1,,N,N,,0,,0,0,1,0,0,,1630.0,1,2,0,0,0,1,0,3,4,0,1,3,,N,,,,,,,,,,,
2010094163,1707.0,3,0,0,0,0,0,0,0,0,4,0,,67,8,2010,2,39.9473,-75.2269,1707.0,6,0,0,0,0,0,2,0,0,,0,0,0,17.0,1,6,1,,0,39 56:50.225,,0,75 13:36.792,8,0,0,0,67301,0,0,0,N,0,0,0,6,67301,0,,1,9,,N,N,,0,,0,0,0,3,2,,1705.0,6,3,0,0,0,6,0,3,4,0,3,7,,N,,,,,,,,,,,
2010094241,1503.0,1,0,0,0,0,0,0,0,0,1,0,,67,8,2010,3,39.9525,-75.1653,1502.0,6,0,0,0,0,0,0,0,0,,0,0,0,14.0,1,1,2,,0,39 57:09.365,,0,75 09:55.351,8,0,0,0,67301,0,0,0,N,0,0,0,3,67301,0,,1,9,,,,,0,,0,0,1,3,2,,1450.0,1,2,0,0,0,1,0,3,4,0,2,7,,N,,,,,,,,,,,
2010113748,1235.0,2,0,0,0,0,0,0,0,0,1,0,,67,10,2010,5,39.9553,-75.1695,1230.0,6,0,0,0,0,0,1,0,1,,0,0,0,12.0,1,0,0,,0,39 57:19.177,,0,75 10:10.322,0,0,0,0,67301,0,0,0,N,0,0,0,2,67301,0,,1,9,,N,N,,0,,0,0,0,3,2,,1225.0,0,2,0,0,0,0,0,3,4,0,2,7,,N,,,,,,,,,,,
2010094086,1333.0,2,0,0,0,0,0,0,0,0,1,0,,67,8,2010,4,40.0153,-75.1372,1327.0,6,0,0,0,0,0,2,0,0,,0,0,0,13.0,1,1,1,,0,40 00:55.051,,0,75 08:13.761,8,0,0,0,67301,0,0,0,,0,0,0,2,67301,0,,1,1,,N,Y,,0,,0,0,1,3,2,,1323.0,1,3,0,0,0,1,0,3,4,0,3,3,,N,,,,,,,,,,,
2010091288,1717.0,2,0,0,0,0,0,0,0,0,4,0,,67,8,2010,2,40.004,-75.1717,1715.0,6,0,0,0,0,1,0,0,0,,0,0,0,17.0,1,3,1,,0,40 00:14.481,,0,75 10:18.193,8,0,0,0,67301,0,0,0,N,0,0,0,6,67301,0,,1,1,,N,N,,0,,0,0,0,3,3,,1713.0,3,2,0,0,0,3,0,3,4,0,2,3,,N,,,,,,,,,,,
2010110802,1615.0,1,0,0,1,0,0,0,0,0,8,0,,67,10,2010,1,40.0166,-75.0612,1610.0,6,0,0,0,1,0,0,0,0,,0,0,0,15.0,1,1,0,,0,40 00:59.896,,0,75 03:40.433,4,0,0,0,67301,1,0,0,N,0,0,0,2,67301,1,,6,1,,N,N,,0,,0,0,0,0,0,,1520.0,1,2,0,0,1,0,0,3,4,0,1,3,,N,,,,,,,,,,,
2010088914,1335.0,2,0,0,0,0,0,0,0,0,1,0,,67,8,2010,5,40.0257,-75.0316,1322.0,6,0,0,0,0,0,1,0,0,,0,0,0,12.0,1,1,0,,0,40 01:32.486,,0,75 01:53.671,8,0,0,0,67301,0,0,0,,0,0,0,2,67301,0,,1,1,,,,,0,,0,0,0,0,0,,1215.0,1,2,0,0,2,1,0,3,4,0,2,3,,N,,,,,,,,,,,
2010088951,2348.0,2,0,0,0,0,0,0,0,0,4,0,,67,8,2010,1,40.0205,-75.0537,2348.0,6,0,0,1,0,0,0,0,0,,0,0,0,23.0,3,2,1,,0,40 01:13.862,,0,75 03:13.412,4,0,0,0,67301,0,0,0,N,0,0,0,6,67301,2,,1,1,,N,N,,0,,0,0,0,3,2,,2345.0,2,2,0,0,0,0,0,3,4,0,2,3,,N,,,,,,,,,,,
2010110832,940.0,2,0,0,0,0,0,0,0,0,4,0,,67,10,2010,6,40.0051,-75.1788,938.0,6,0,0,0,0,0,1,0,0,,0,0,0,8.0,1,1,0,,0,40 00:18.498,,7,75 10:43.631,8,0,0,0,67301,0,0,0,,0,0,0,3,67301,0,,2,9,,N,,,0,,0,0,0,0,0,,815.0,1,2,0,0,0,1,0,3,4,0,2,7,,N,,,,,,,,,,,
2010040550,449.0,1,0,0,0,0,0,0,0,0,4,0,,67,4,2010,6,39.9126,-75.1589,446.0,6,0,0,0,0,1,0,0,0,,0,0,0,4.0,3,0,0,,0,39 54:45.276,,0,75 09:32.070,0,0,0,0,67301,0,0,0,N,0,0,0,1,67301,0,,6,1,,N,N,,1,,0,0,0,0,0,,445.0,0,2,0,0,0,0,0,3,4,0,2,99,,N,,,,,,,,,,,
2010038624,2245.0,2,0,0,0,0,0,0,0,0,4,0,,67,4,2010,7,39.9871,-75.1223,2239.0,6,0,0,0,0,0,1,0,0,,0,0,0,22.0,3,5,5,,0,39 59:13.221,,0,75 07:20.575,4,0,0,0,67301,0,0,0,Y,0,0,0,5,67301,4,,1,1,,N,N,,0,,0,0,0,3,2,,2239.0,5,2,0,0,0,1,0,3,4,0,2,3,,N,,,,,,,,,,,
2010038637,2345.0,2,0,0,0,0,0,0,0,0,4,0,,67,3,2010,5,40.046,-75.1126,2344.0,6,0,0,0,0,0,1,0,0,2.0,0,0,0,23.0,3,1,0,,2,40 02:52.347,6.0,0,75 06:46.474,4,0,0,0,67301,0,0,0,N,0,0,0,3,67301,1,,1,1,,N,N,,0,,0,0,0,0,0,N,2343.0,1,2,0,0,0,0,0,3,4,0,2,3,,N,,,,,,,,,,,
2010122392,2112.0,0,0,0,0,0,0,0,0,0,7,0,,67,11,2010,6,40.0986,-75.0473,2108.0,6,0,0,0,0,0,1,0,0,,0,0,0,21.0,3,1,0,,0,40 05:54.961,,0,75 02:50.265,4,0,0,0,67301,0,0,0,N,0,0,0,1,67301,1,,5,1,,N,N,,0,,0,0,1,0,0,,2108.0,1,1,0,0,0,0,0,3,4,0,1,3,,N,,,,,,,,,,,
2010036142,1642.0,2,0,0,0,0,0,0,0,0,1,0,,67,4,2010,6,39.9941,-75.1988,1634.0,6,0,0,1,0,0,0,1,0,,0,0,0,16.0,1,4,0,,0,39 59:42.121,,0,75 11:52.451,8,0,0,0,67301,0,0,0,N,0,0,0,5,68K01,0,,1,1,,N,N,,0,,0,0,0,0,0,,1633.0,4,2,0,0,0,4,0,3,4,0,2,3,,N,,,,,,,,,,,
2010122478,1720.0,1,0,0,1,0,0,0,0,0,8,0,,67,11,2010,6,40.0477,-75.1188,1715.0,6,0,0,0,0,0,0,1,0,,0,0,0,14.0,1,1,2,,0,40 02:51.831,,0,75 07:07.694,3,0,0,0,67301,1,0,0,N,0,0,0,2,67301,0,,4,1,,N,N,,0,,1,0,0,3,3,,1445.0,1,2,0,0,0,0,0,3,4,0,1,3,,N,,,,,,,,,,,
2010122497,1129.0,1,0,0,0,0,0,0,0,0,4,0,,67,11,2010,1,40.0003,-75.1869,1123.0,6,0,0,0,0,0,0,0,0,,0,0,0,10.0,1,1,2,,0,40 00:00.803,,0,75 11:12.959,8,0,0,0,67301,0,0,0,N,0,0,0,3,67301,0,,1,1,,N,N,,0,,0,0,1,3,2,,1055.0,1,2,0,0,0,1,0,3,4,0,2,3,,N,,,,,,,,,,,
2010122528,1938.0,1,0,0,0,0,0,0,0,0,7,0,,67,11,2010,6,40.0173,-75.0937,1938.0,6,0,0,0,0,0,0,0,0,9.0,0,0,0,19.0,3,0,0,,2,40 01:02.172,7.0,0,75 05:37.186,0,0,0,0,67301,0,0,0,N,0,0,0,1,67301,0,,5,1,,N,N,,0,,0,0,0,0,0,Y,1937.0,0,1,0,0,1,0,0,3,4,0,1,3,,N,,,,,,,,,,,
2010122540,1638.0,1,0,0,0,0,0,0,0,0,4,0,,67,11,2010,1,40.0263,-75.0969,1635.0,6,0,0,0,0,0,0,0,0,1.0,0,0,0,16.0,1,1,5,,1,40 01:35.316,1.0,0,75 05:50.739,3,0,0,0,67301,0,0,0,N,0,0,0,7,67301,0,,1,1,,N,N,,0,,1,0,1,3,2,N,1633.0,1,2,0,0,0,0,0,3,4,0,2,3,,N,,,,,,,,,,,
2010122601,1155.0,0,0,0,0,0,0,0,0,0,8,0,,67,11,2010,2,39.9606,-75.1406,1152.0,6,0,0,0,0,0,0,0,0,,0,0,0,11.0,1,1,1,,0,39 57:38.079,,0,75 08:25.623,4,0,0,0,67301,1,0,0,N,1,0,0,2,67301,1,,4,1,,N,N,,0,,0,0,1,2,2,,1150.0,1,2,0,0,0,0,0,3,4,0,1,3,,N,,,,,,,,,,,
2010039147,1949.0,2,0,0,0,0,0,0,0,0,4,0,,67,3,2010,6,39.9724,-75.2174,1949.0,6,0,0,0,0,0,0,0,0,,0,0,0,18.0,3,1,1,,0,39 58:20.725,,0,75 13:02.760,4,0,0,0,67301,0,0,0,N,0,0,0,2,67301,1,,1,9,,N,N,,0,,0,0,0,3,2,,1815.0,1,2,0,0,0,0,0,3,4,0,2,7,,N,,,,,,,,,,,
2010034462,1743.0,0,0,0,0,0,0,0,0,0,1,0,,67,4,2010,2,39.8974,-75.1873,1721.0,6,0,0,0,0,0,0,0,0,3.0,0,0,0,17.0,1,3,0,,1,39 53:56.540,1.0,0,75 10:29.317,8,0,0,0,67301,0,0,0,N,0,0,0,4,68K01,0,,1,1,,N,N,,1,,0,0,0,0,0,N,1716.0,3,2,0,0,0,3,0,3,4,1,2,3,,N,,,,,,,,,,,
2010039164,1501.0,3,0,0,0,0,0,0,0,0,4,0,,67,3,2010,5,40.1019,-75.0397,1455.0,6,0,0,0,0,0,0,1,1,,0,0,0,13.0,1,2,1,,0,40 06:06.760,,0,75 02:22.992,4,0,0,0,67301,0,0,0,,0,0,0,4,67301,2,,1,1,,,,,0,,0,0,0,3,2,,1337.0,2,3,0,0,0,0,0,3,4,0,3,3,,N,,,,,,,,,,,
2010039271,824.0,2,0,0,0,0,0,0,0,0,1,0,50.0,67,3,2010,3,40.0101,-75.1862,822.0,6,0,0,0,0,0,1,0,0,1.0,0,0,0,8.0,1,3,0,,2,40 00:38.999,4.0,1,75 11:02.660,4,0,0,0,67301,0,0,0,N,0,0,0,3,67301,3,,1,1,,N,N,,0,,0,0,0,0,0,N,820.0,3,2,0,0,0,0,0,3,4,0,2,3,,Y,2.0,1.0,Y,U,U,Y,Y,U,U,U,
2010031879,1622.0,1,0,0,0,0,0,0,0,0,1,0,,67,3,2010,7,39.9521,-75.1415,1609.0,6,0,0,0,0,0,0,0,0,1.0,0,0,0,16.0,1,0,0,,2,39 57:07.382,2.0,0,75 08:29.277,0,0,0,0,67301,0,0,0,N,0,0,0,3,68K01,0,,1,1,,N,N,,0,,0,0,1,0,0,N,1604.0,0,2,0,0,0,0,0,3,4,0,2,3,,N,,,,,,,,,,,
2010032218,2233.0,2,0,0,0,0,0,0,0,0,1,0,,67,3,2010,5,39.9601,-75.1801,2215.0,6,0,0,0,0,0,0,0,0,1.0,0,0,0,22.0,3,0,0,,1,39 57:39.035,4.0,0,75 10:54.466,0,0,0,0,67301,0,0,0,N,0,0,0,2,68K01,0,,1,1,,N,N,,0,,0,0,0,0,0,N,2208.0,0,2,0,0,0,0,0,3,4,0,2,3,,N,,,,,,,,,,,
2010090112,1330.0,1,0,0,0,0,0,0,0,0,8,0,,67,8,2010,3,40.0101,-75.0893,1325.0,6,0,0,0,0,0,0,0,0,,0,0,0,13.0,1,1,2,,0,40 00:36.249,,0,75 05:21.318,4,0,0,0,67301,1,0,0,N,1,0,0,2,67301,1,,1,1,,N,N,,0,,0,0,0,0,0,,1307.0,1,2,0,0,0,0,0,3,4,0,1,3,,N,,,,,,,,,,,
2010016788,555.0,1,0,0,0,0,0,0,0,0,7,0,,67,2,2010,2,39.9822,-75.1005,547.0,6,0,0,0,0,0,1,0,0,3.0,0,0,0,5.0,3,1,0,,1,39 58:56.117,2.0,0,75 06:01.017,8,0,0,0,67301,0,0,0,N,0,0,0,1,68K01,0,,3,1,,N,N,,0,,0,0,0,0,0,N,545.0,1,1,0,0,0,1,0,3,4,0,1,3,,N,,,,,,,,,,,
2010016790,732.0,1,0,0,0,0,0,0,0,0,5,0,,67,2,2010,3,39.9863,-75.092,725.0,6,0,0,0,0,0,0,0,0,,0,0,0,7.0,1,0,0,,0,39 59:10.848,,0,75 05:30.696,0,0,0,0,67301,0,0,0,N,0,0,0,2,68K01,0,,1,1,,N,N,,1,,0,0,0,0,0,,715.0,0,2,0,0,0,0,0,3,4,0,2,3,,N,,,,,,,,,,,
2010016804,424.0,0,0,0,0,0,0,0,0,0,7,0,,67,2,2010,7,40.0483,-75.0011,401.0,6,0,0,0,0,0,1,0,0,1.0,0,0,0,3.0,3,0,0,,2,40 02:55.582,2.0,2,75 00:06.023,0,0,0,0,67301,0,0,0,Y,0,0,0,1,68K01,0,,5,7,,N,N,,0,,0,0,0,0,0,Y,358.0,0,1,0,0,0,0,0,3,4,1,1,10,,N,,,,,,,,,,,
2010016805,1844.0,1,0,0,0,0,0,0,0,0,7,0,,67,2,2010,7,39.8912,-75.2388,1834.0,6,0,0,0,0,0,0,0,0,,0,0,0,18.0,2,0,0,,0,39 53:34.366,,2,75 14:05.424,0,0,0,0,67301,0,0,0,N,0,0,0,2,68K01,0,,4,6,,N,N,,0,,0,0,0,0,0,,1832.0,0,1,0,0,0,0,0,3,4,0,1,10,,N,,,,,,,,,,,
2010019970,41.0,1,0,0,0,0,0,0,0,0,7,0,,67,1,2010,3,40.0453,-75.232,38.0,6,0,0,0,0,0,1,0,0,,0,0,0,0.0,3,0,1,,0,40 02:42.678,,0,75 13:54.240,9,0,0,0,67301,0,0,0,,0,0,0,1,67301,0,,5,1,,N,N,,0,,0,0,0,3,2,,38.0,0,1,0,0,0,0,1,3,4,0,1,3,,N,,,,,,,,,,,
2010017072,150.0,2,0,0,0,0,0,0,0,0,4,0,,67,1,2010,7,39.9345,-75.1809,148.0,6,0,0,0,0,0,0,0,0,,0,0,0,99.0,3,1,0,,0,39 56:04.279,,0,75 10:51.250,4,0,0,0,67301,0,0,0,,0,0,0,1,67301,1,,1,1,,N,N,,0,,0,0,0,0,0,,9999.0,1,2,0,0,0,0,0,3,4,0,2,3,,N,,,,,,,,,,,
2010017018,1603.0,1,0,0,0,0,0,0,0,0,7,0,,67,1,2010,6,39.973,-75.2185,1600.0,6,0,0,0,0,0,0,0,0,,0,0,0,15.0,1,0,2,,0,39 58:22.961,,0,75 13:06.430,0,0,0,0,67301,0,0,0,N,0,0,0,1,67301,0,,5,1,,N,N,,0,,0,0,0,0,0,,1555.0,0,1,0,0,1,0,0,3,4,0,1,3,,N,,,,,,,,,,,
2010017044,223.0,6,0,0,0,0,0,0,0,0,4,0,,67,1,2010,4,39.9458,-75.1668,217.0,6,0,0,1,0,0,0,0,0,,0,0,0,2.0,3,1,1,,0,39 56:44.732,,0,75 10:00.371,3,0,0,0,67301,0,0,0,N,0,0,0,2,67301,0,,1,1,,N,N,,0,,1,0,0,3,2,,217.0,1,6,0,0,0,0,0,3,4,0,6,3,,N,,,,,,,,,,,
2010017200,818.0,1,0,0,0,0,0,1,0,0,1,1,,67,1,2010,2,39.9543,-75.1785,812.0,6,0,0,0,0,0,1,0,0,,0,0,0,7.0,1,0,0,,0,39 57:15.439,,3,75 10:43.007,0,0,0,0,67301,0,0,0,N,0,0,0,2,67301,0,,1,1,,N,N,,0,,0,0,0,0,0,,740.0,0,2,0,0,0,0,0,3,4,0,2,3,,N,,,,,,,,,,,
2010017213,134.0,2,0,0,0,0,0,0,0,0,4,0,,67,1,2010,1,40.028,-75.1384,133.0,6,0,0,0,0,0,0,0,0,3.0,0,0,0,1.0,3,2,1,,2,40 01:40.879,7.0,0,75 08:18.110,4,0,0,0,67301,0,0,0,N,0,0,0,3,67301,2,,1,1,,N,N,,0,,0,0,0,3,2,Y,132.0,2,2,0,0,0,0,0,3,4,0,2,3,,N,,,,,,,,,,,
2010020205,9999.0,1,0,0,0,0,0,0,0,0,8,0,,67,1,2010,5,39.9467,-75.1626,9999.0,6,0,0,0,0,0,0,0,0,,0,0,0,99.0,1,1,1,,0,39 56:48.166,,0,75 09:45.464,8,0,0,0,67301,1,0,0,,1,0,0,3,67301,0,,1,1,,,,,0,,0,0,0,2,2,,9999.0,1,2,0,0,0,1,0,3,4,0,1,3,,N,,,,,,,,,,,
2010018613,17.0,1,0,0,0,0,0,0,0,0,7,0,,67,2,2010,6,40.0064,-75.0741,15.0,6,0,0,0,0,0,0,0,0,1.0,0,0,0,0.0,3,1,0,,1,40 00:23.186,1.0,0,75 04:26.500,3,0,0,0,67301,0,0,0,N,0,0,0,1,68K01,0,,3,1,,N,N,,0,,1,0,0,0,0,Y,12.0,1,1,0,0,0,0,0,3,4,0,1,3,,N,,,,,,,,,,,
2010021628,1153.0,3,0,0,0,0,0,0,0,0,4,0,,67,1,2010,6,39.9182,-75.1437,1151.0,6,0,0,0,1,0,1,0,0,2.0,0,0,0,11.0,1,2,0,,1,39 55:05.516,2.0,7,75 08:37.165,4,0,0,0,67301,0,0,0,N,0,0,0,3,67301,2,,1,1,,N,N,,0,,0,0,0,3,3,N,1148.0,2,3,0,0,0,0,0,3,4,0,3,3,,N,,,,,,,,,,,
2010021690,1221.0,2,0,0,0,0,0,0,0,0,5,0,,67,1,2010,5,40.0997,-74.9869,1218.0,6,0,0,0,0,0,0,0,0,,0,0,0,12.0,1,2,0,,0,40 05:58.813,,0,74 59:12.879,4,0,0,0,67301,0,0,0,N,0,0,0,2,67301,2,,1,1,,N,N,,0,,0,0,0,0,0,,1218.0,2,2,0,0,0,0,0,3,4,0,2,3,,N,,,,,,,,,,,
2010117986,1123.0,0,0,0,0,0,0,0,0,0,8,0,,67,9,2010,3,40.009,-75.1365,1100.0,6,0,1,0,0,0,0,0,0,,0,0,0,10.0,1,1,1,,0,40 00:32.335,,0,75 08:11.486,8,0,0,0,67301,1,0,0,N,1,0,0,2,67301,0,,1,1,,N,N,,0,,0,0,0,3,2,,1055.0,1,2,0,0,0,1,0,3,4,1,1,3,,N,,,,,,,,,,,
2010100885,1217.0,0,0,0,0,0,0,0,0,0,4,0,,67,8,2010,1,40.0702,-75.0313,1210.0,6,0,0,0,0,0,1,0,0,,0,0,0,12.0,1,1,2,,0,40 04:12.678,,0,75 01:52.619,8,0,0,1,67301,0,0,0,,0,0,0,2,67301,0,,1,1,,,,,1,,0,0,0,3,2,,1210.0,1,2,0,0,0,1,0,3,4,0,2,3,,N,,,,,,,,,,,
2010100900,2140.0,0,0,0,0,0,0,0,0,0,8,0,,67,9,2010,7,39.9713,-75.1575,2139.0,6,0,0,0,0,0,0,0,0,2.0,0,0,0,21.0,3,2,0,,1,39 58:16.539,4.0,0,75 09:26.916,2,0,0,1,67301,1,0,1,,1,0,1,2,67301,1,,1,1,,N,N,,0,,0,1,0,0,0,N,2130.0,2,2,0,0,0,0,0,3,4,0,1,3,,N,,,,,,,,,,,
2010113622,1625.0,0,0,0,0,0,0,0,0,0,5,0,,67,10,2010,1,39.9025,-75.1748,1621.0,6,0,0,0,0,0,0,0,0,,0,0,0,16.0,1,0,7,,0,39 54:09.072,,2,75 10:29.168,0,0,0,0,67301,0,0,0,N,0,0,0,4,67301,0,,1,1,,N,N,,1,,0,0,1,3,2,,1621.0,0,2,0,0,0,0,0,3,4,0,2,3,,N,,,,,,,,,,,
2010094260,1743.0,2,0,0,0,0,0,0,0,0,4,0,,67,9,2010,1,39.9578,-75.1472,1740.0,6,0,0,0,0,0,1,0,0,,0,0,0,99.0,1,1,1,,0,39 57:28.162,,0,75 08:50.070,4,0,0,0,67301,0,0,0,N,0,0,0,3,67301,1,,1,1,,N,N,,0,,0,0,0,3,2,,9999.0,1,2,0,0,0,0,0,3,4,0,2,3,,N,,,,,,,,,,,
2010113770,1620.0,0,0,0,0,0,0,0,0,0,7,0,,67,10,2010,1,40.0426,-75.0885,1615.0,6,0,0,0,0,0,0,0,0,9.0,0,0,0,15.0,1,1,0,,2,40 02:33.269,5.0,0,75 05:18.705,3,0,0,0,67301,0,0,0,N,0,0,0,1,67301,0,,5,1,,N,N,,0,,1,0,1,0,0,Y,1552.0,1,1,0,0,0,0,0,3,4,0,1,3,,N,,,,,,,,,,,
2010093689,2050.0,0,0,0,0,0,0,0,0,0,1,0,,67,9,2010,4,40.036,-75.0651,2045.0,6,0,0,0,0,0,0,0,0,,0,0,0,20.0,3,2,0,,0,40 02:09.614,,0,75 03:54.270,4,0,0,0,67301,0,0,0,N,0,0,0,3,67301,2,,1,1,,N,N,,0,,0,0,2,3,2,,2035.0,2,2,0,0,0,0,0,3,4,0,2,3,,N,,,,,,,,,,,
2010093747,1023.0,1,0,0,0,0,0,0,0,0,4,2,,67,9,2010,5,39.9055,-75.1744,1020.0,6,0,0,0,0,0,1,0,0,3.0,0,2,0,10.0,1,1,0,,1,39 54:19.764,4.0,7,75 10:27.847,4,0,0,0,67301,0,0,0,N,0,0,0,3,67301,1,,1,1,,N,N,,0,,0,0,0,0,0,N,1015.0,1,3,0,0,0,0,0,3,4,0,3,3,,N,,,,,,,,,,,
2010091262,1828.0,2,0,0,0,0,0,0,0,0,4,0,,67,8,2010,1,39.9035,-75.2432,1822.0,6,0,0,0,0,0,0,1,0,,0,0,0,17.0,1,1,1,,0,39 54:12.423,,0,75 14:35.429,4,0,0,0,67301,0,0,0,N,0,0,0,3,67301,1,,1,1,,N,N,,0,,0,0,0,3,2,,1759.0,1,2,0,0,0,0,0,3,4,0,2,3,,N,,,,,,,,,,,
2010111075,2224.0,3,0,0,0,0,0,0,0,0,1,0,,67,10,2010,1,39.9406,-75.1954,2224.0,6,0,0,0,0,0,0,0,0,1.0,0,0,0,22.0,3,0,0,,1,39 56:31.311,3.0,0,75 11:38.653,9,0,0,0,67301,0,0,0,N,0,0,0,10,68K01,0,,1,1,,N,N,,0,,0,0,2,0,0,Y,2223.0,0,6,0,0,0,0,1,3,4,1,6,3,,N,,,,,,,,,,,
2010110826,1230.0,1,0,0,0,0,0,1,0,0,1,1,,67,9,2010,5,40.0243,-75.208,1225.0,6,0,0,0,0,0,1,0,0,,0,0,0,12.0,1,1,0,,0,40 01:27.629,,0,75 12:28.901,4,0,0,0,67301,0,0,0,N,0,0,0,2,67301,1,,1,9,,N,N,,0,,0,0,0,0,0,,1224.0,1,2,0,0,0,0,0,3,4,0,2,3,,N,,,,,,,,,,,
2010110830,905.0,1,0,0,0,0,0,0,0,0,8,0,,67,10,2010,1,40.0285,-75.1367,900.0,6,0,0,0,0,0,0,0,0,,0,0,0,99.0,1,1,0,,0,40 01:42.427,,99,75 08:11.965,4,0,0,0,67301,1,0,0,N,1,0,0,2,67301,1,,1,1,,N,N,,0,,0,0,0,0,0,,9999.0,1,2,0,0,0,0,0,3,4,0,1,3,,N,,,,,,,,,,,