CRN,ARRIVAL_TM,AUTOMOBILE_COUNT,BELTED_DEATH_COUNT,BELTED_SUSP_SERIOUS_INJ_COUNT,BICYCLE_COUNT,BICYCLE_DEATH_COUNT,BICYCLE_SUSP_SERIOUS_INJ_COUNT,BUS_COUNT,CHLDPAS_DEATH_COUNT,CHLDPAS_SUSP_SERIOUS_INJ_COUNT,COLLISION_TYPE,COMM_VEH_COUNT,CONS_ZONE_SPD_LIM,COUNTY,CRASH_MONTH,CRASH_YEAR,DAY_OF_WEEK,DEC_LAT,DEC_LONG,DISPATCH_TM,DISTRICT,DRIVER_COUNT_16YR,DRIVER_COUNT_17YR,DRIVER_COUNT_18YR,DRIVER_COUNT_19YR,DRIVER_COUNT_20YR,DRIVER_COUNT_50_64YR,DRIVER_COUNT_65_74YR,DRIVER_COUNT_75PLUS,EST_HRS_CLOSED,FATAL_COUNT,HEAVY_TRUCK_COUNT,HORSE_BUGGY_COUNT,HOUR_OF_DAY,ILLUMINATION,INJURY_COUNT,INTERSECT_TYPE,INTERSECTION_RELATED,LANE_CLOSED,LATITUDE,LN_CLOSE_DIR,LOCATION_TYPE,LONGITUDE,MAX_SEVERITY_LEVEL,MCYCLE_DEATH_COUNT,MCYCLE_SUSP_SERIOUS_INJ_COUNT,MOTORCYCLE_COUNT,MUNICIPALITY,NONMOTR_COUNT,NONMOTR_DEATH_COUNT,NONMOTR_SUSP_SERIOUS_INJ_COUNT,NTFY_HIWY_MAINT,PED_COUNT,PED_DEATH_COUNT,PED_SUSP_SERIOUS_INJ_COUNT,PERSON_COUNT,POLICE_AGCY,POSSIBLE_INJ_COUNT,RDWY_SURF_TYPE_CD,RELATION_TO_ROAD,ROAD_CONDITION,ROADWAY_CLEARED,SCH_BUS_IND,SCH_ZONE_IND,SECONDARY_CRASH,SMALL_TRUCK_COUNT,SPEC_JURIS_CD,SUSP_MINOR_INJ_COUNT,SUSP_SERIOUS_INJ_COUNT,SUV_COUNT,TCD_FUNC_CD,TCD_TYPE,TFC_DETOUR_IND,TIME_OF_DAY,TOT_INJ_COUNT,TOTAL_UNITS,UNB_DEATH_COUNT,UNB_SUSP_SERIOUS_INJ_COUNT,UNBELTED_OCC_COUNT,UNK_INJ_DEG_COUNT,UNK_INJ_PER_COUNT,URBAN_AREA,URBAN_RURAL,VAN_COUNT,VEHICLE_COUNT,WEATHER1,WEATHER2,WORK_ZONE_IND,WORK_ZONE_LOC,WORK_ZONE_TYPE,WORKERS_PRES,WZ_CLOSE_DETOUR,WZ_FLAGGER,WZ_LAW_OFFCR_IND,WZ_LN_CLOSURE,WZ_MOVING,WZ_OTHER,WZ_SHLDER_MDN,WZ_WORKERS_INJ_KILLED
2010110887,431.0,1,0,0,0,0,0,0,0,0,7,0,,67,10,2010,1,40.0685,-75.1811,429.0,6,0,0,0,0,0,0,0,0,,0,0,0,4.0,3,1,0,,0,40 04:06.622,,0,75 10:51.882,2,0,0,0,67301,0,0,0,N,0,0,0,1,67301,0,,5,1,,N,N,,0,,0,1,0,0,0,,425.0,1,1,0,0,0,0,0,3,4,0,1,3,,N,,,,,,,,,,,
2010037964,1646.0,3,0,0,0,0,0,0,0,0,1,0,,67,4,2010,3,39.9821,-75.1007,1636.0,6,0,0,0,0,0,0,0,0,,0,0,0,16.0,1,0,0,,0,39 58:55.836,,0,75 06:01.650,0,0,0,0,67301,0,0,0,N,0,0,0,3,68K01,0,,1,1,,N,N,,0,,0,0,0,0,0,,1632.0,0,3,0,0,0,0,0,3,4,0,3,3,,N,,,,,,,,,,,
2010011640,40.0,1,0,0,0,0,0,0,0,0,7,0,,67,1,2010,6,40.0568,-75.0468,40.0,6,0,0,0,1,0,0,0,0,1.0,0,0,0,0.0,3,1,0,,1,40 03:24.372,2.0,0,75 02:48.594,4,0,0,0,67301,0,0,0,,0,0,0,1,67301,1,,2,9,,,,,0,,0,0,0,0,0,N,40.0,1,1,0,0,0,0,0,3,4,0,1,3,,N,,,,,,,,,,,
2010038144,1935.0,1,0,0,0,0,0,0,0,0,8,0,,67,3,2010,1,40.0319,-75.1629,1930.0,6,0,0,0,0,0,0,0,0,,0,0,0,19.0,3,1,1,,0,40 01:54.915,,0,75 09:46.429,4,0,0,0,67301,1,0,0,N,1,0,0,2,67301,1,,1,1,,N,N,,0,,0,0,0,3,3,,1925.0,1,2,0,0,0,0,1,3,4,0,1,3,,N,,,,,,,,,,,
2010035806,1247.0,2,0,0,0,0,0,0,0,0,1,0,,67,4,2010,7,40.0081,-75.2028,1234.0,6,0,0,0,0,0,0,0,0,,0,0,0,12.0,1,1,0,,0,40 00:28.766,,0,75 12:08.941,4,0,0,0,67301,0,0,0,N,0,0,0,5,68K01,1,,1,1,,N,N,,0,,0,0,0,0,0,,1232.0,1,2,0,0,0,0,0,3,4,0,2,3,,N,,,,,,,,,,,
2010122397,1402.0,2,0,0,0,0,0,0,0,0,1,0,,67,11,2010,6,39.9985,-75.1293,1400.0,6,0,0,0,0,0,0,0,0,,0,0,0,14.0,1,1,1,,0,39 59:54.633,,0,75 07:45.411,4,0,0,0,67301,0,0,0,N,0,0,0,3,67301,1,,1,1,,N,N,,0,,0,0,0,3,2,,1400.0,1,2,0,0,3,0,0,3,4,0,2,3,,N,,,,,,,,,,,
2010122474,2115.0,1,0,0,0,0,0,0,0,0,8,0,,67,11,2010,7,40.0406,-75.1515,2115.0,6,0,0,0,0,0,0,1,0,,0,0,0,21.0,3,1,3,,0,40 02:26.275,,0,75 09:05.486,4,0,0,0,67301,1,0,0,N,1,0,0,3,67301,1,,1,1,,N,N,,0,,0,0,0,3,2,,2110.0,1,2,0,0,0,0,0,3,4,0,1,3,,N,,,,,,,,,,,
2010039115,2120.0,0,0,0,0,0,0,0,0,0,7,0,,67,3,2010,1,40.076,-75.2064,2115.0,6,0,0,0,0,0,0,0,0,,0,0,0,21.0,3,1,1,,0,40 04:32.890,,0,75 12:21.820,8,0,0,0,67301,0,0,0,N,0,0,0,2,67301,0,,5,1,,N,N,,0,,0,0,1,3,2,,2111.0,1,1,0,0,0,1,0,3,4,0,1,3,,N,,,,,,,,,,,
2010039186,1725.0,1,0,0,0,0,0,0,0,0,8,0,,67,3,2010,4,39.9891,-75.1555,1722.0,6,0,0,0,0,0,0,0,0,,0,0,0,17.0,1,1,0,,0,39 59:20.727,,0,75 09:19.904,4,0,0,0,67301,1,0,0,N,1,0,0,2,67301,1,,1,9,,,,,0,,0,0,0,0,0,,1716.0,1,2,0,0,0,0,0,3,4,0,1,7,,N,,,,,,,,,,,
2010039194,840.0,2,0,0,0,0,0,0,0,0,1,0,,67,3,2010,3,40.0103,-75.2006,833.0,6,0,0,0,0,0,0,0,0,,0,0,0,8.0,1,0,0,,0,40 00:35.753,,0,75 11:57.421,0,0,0,0,67301,0,0,0,,0,0,0,2,67301,0,,1,9,,N,N,,0,,0,0,0,0,0,,825.0,0,2,0,0,0,0,0,3,4,0,2,3,,N,,,,,,,,,,,
2010032465,1931.0,1,0,0,0,0,0,0,0,0,1,0,,67,3,2010,7,40.0398,-75.0325,1921.0,6,0,0,0,0,0,1,0,0,,0,0,0,19.0,3,1,0,,0,40 02:23.185,,0,75 01:57.038,4,0,0,0,67301,0,0,0,N,0,0,0,3,67301,1,,1,1,,N,N,,0,,0,0,1,0,0,,1915.0,1,2,0,0,0,0,0,3,4,0,2,3,,N,,,,,,,,,,,
2010032819,1530.0,2,0,0,0,0,0,0,0,0,8,0,,67,2,2010,5,39.9898,-75.1407,1518.0,6,0,0,0,0,0,0,0,0,,0,0,0,14.0,1,3,0,,0,39 59:23.394,,0,75 08:26.496,4,0,0,0,67301,0,0,0,,0,0,0,4,67301,1,,2,9,,,,,0,,0,0,0,0,0,,1400.0,3,2,0,0,0,2,0,3,4,0,2,10,,N,,,,,,,,,,,
2010032824,850.0,1,0,0,0,0,0,0,0,0,7,0,,67,3,2010,3,40.0389,-75.0598,840.0,6,0,0,0,0,0,0,0,0,3.0,0,0,0,8.0,1,1,0,,2,40 02:20.116,1.0,0,75 03:35.360,3,0,0,0,67301,0,0,0,N,0,0,0,1,67301,0,,4,1,,N,N,,0,,1,0,0,0,0,Y,830.0,1,1,0,0,0,0,0,3,4,0,1,3,,N,,,,,,,,,,,
2010016782,1609.0,1,0,0,0,0,0,0,0,0,1,1,,67,1,2010,2,39.9003,-75.1574,1608.0,6,0,0,0,0,0,0,0,0,,0,0,0,16.0,1,1,0,,0,39 54:04.993,,0,75 09:07.988,8,0,0,0,67301,0,0,0,N,0,0,0,3,68K01,0,,1,9,,N,N,,1,,0,0,0,0,0,,1604.0,1,2,0,0,0,1,0,3,4,0,2,7,,N,,,,,,,,,,,
2010017017,1220.0,2,0,0,0,0,0,0,0,0,4,0,,67,1,2010,1,40.0508,-75.0099,1209.0,6,0,0,0,0,1,1,0,0,,0,0,0,12.0,1,3,0,,0,40 03:02.812,,7,75 00:35.748,8,0,0,0,67301,0,0,0,,0,0,0,3,67301,0,,1,1,,N,N,,0,,0,0,0,0,0,,1205.0,3,2,0,0,0,3,0,3,4,0,2,3,,N,,,,,,,,,,,
2010017185,920.0,3,0,0,0,0,0,0,0,0,4,0,,67,1,2010,5,40.0074,-75.1007,920.0,6,0,1,0,0,0,1,0,0,,0,0,0,8.0,1,0,1,,0,40 00:26.756,,0,75 06:02.445,9,0,0,0,67301,0,0,0,N,0,0,0,2,67301,0,,1,1,,N,N,,0,,0,0,0,3,2,,820.0,0,3,0,0,0,0,1,3,4,0,3,3,,N,,,,,,,,,,,
2010017193,1551.0,2,0,0,0,0,0,0,0,0,4,0,,67,1,2010,2,40.0385,-75.0469,1549.0,6,0,0,0,0,0,1,0,0,1.0,0,0,0,15.0,1,2,1,,2,40 02:18.470,5.0,0,75 02:48.771,4,0,0,0,67301,0,0,0,,0,0,0,3,67301,2,,1,9,,N,N,,1,,0,0,0,3,3,Y,1545.0,2,3,0,0,0,0,0,3,4,0,3,3,,N,,,,,,,,,,,
2010017207,1310.0,0,0,0,0,0,0,0,0,0,1,0,,67,1,2010,2,39.9231,-75.2291,1307.0,6,0,0,0,0,0,2,0,0,1.0,0,0,0,13.0,1,7,1,,1,39 55:23.083,4.0,0,75 13:44.684,4,0,0,0,67301,0,0,0,N,0,0,0,9,67301,7,,1,1,,N,N,,0,,0,0,1,3,2,N,1300.0,7,2,0,0,0,0,0,3,4,0,2,3,,N,,,,,,,,,,,
2010023034,940.0,3,0,1,0,0,0,0,0,0,1,2,,67,3,2010,2,39.9013,-75.2037,928.0,6,0,0,0,0,0,3,0,0,3.0,0,1,0,9.0,1,7,0,,2,39 54:04.608,3.0,3,75 12:13.233,2,0,0,0,67301,0,0,0,N,0,0,0,9,67301,0,,1,1,,N,N,,2,,4,1,0,0,0,Y,920.0,7,7,0,0,0,2,0,3,4,1,7,3,,N,,,,,,,,,,,
2010023854,2144.0,0,0,0,0,0,0,0,0,0,7,0,,67,3,2010,5,40.0818,-75.1792,2140.0,6,0,0,0,0,0,0,0,0,1.0,0,0,0,21.0,3,1,2,,1,40 04:54.656,4.0,0,75 10:45.116,8,0,0,0,67301,0,0,0,N,0,0,0,1,46108,0,,5,1,,N,N,,0,,0,0,1,3,3,N,2139.0,1,1,0,0,1,1,0,3,4,0,1,3,,N,,,,,,,,,,,
2010021562,714.0,2,0,0,0,0,0,0,0,0,4,0,,67,1,2010,5,40.0581,-75.1743,712.0,6,0,0,0,0,0,1,0,0,,0,0,0,7.0,1,0,1,,0,40 03:29.309,,0,75 10:27.487,0,0,0,0,67301,0,0,0,N,0,0,0,2,67301,0,,1,1,,N,N,,0,,0,0,0,3,2,,712.0,0,2,0,0,0,0,0,3,4,0,2,3,,N,,,,,,,,,,,
2010030239,1539.0,0,0,0,0,0,0,1,0,0,5,2,,67,2,2010,6,39.9317,-75.1873,1537.0,6,0,0,0,0,0,1,0,0,1.0,0,1,0,15.0,1,3,0,,2,39 55:53.954,3.0,0,75 11:14.380,4,0,0,0,67301,0,0,0,N,0,0,0,4,67301,2,,1,6,,N,N,,0,,0,0,0,0,0,Y,1535.0,3,2,0,0,0,1,0,3,4,0,2,7,,N,,,,,,,,,,,
2010021684,1456.0,1,0,0,0,0,0,0,0,0,8,0,,67,1,2010,6,40.0395,-75.0458,1454.0,6,0,0,0,0,0,0,0,1,,0,0,0,14.0,1,1,1,,0,40 02:22.463,,0,75 02:44.643,4,0,0,0,67301,1,0,0,N,1,0,0,2,67301,1,,1,1,,N,N,,0,,0,0,0,3,8,,1453.0,1,2,0,0,1,0,0,3,4,0,1,3,,N,,,,,,,,,,,
2010069903,1330.0,4,0,0,0,0,0,0,0,0,4,0,,67,6,2010,3,40.0802,-75.208,1322.0,6,0,0,0,0,0,2,0,0,,0,0,0,13.0,1,0,0,,0,40 04:47.076,,0,75 12:28.267,0,0,0,0,67301,0,0,0,N,0,0,0,3,67301,0,,1,1,,N,N,,0,,0,0,0,0,0,,1318.0,0,4,0,0,0,0,0,3,4,0,4,3,,N,,,,,,,,,,,
2010080550,1241.0,0,0,0,0,0,0,0,0,0,1,0,,67,8,2010,3,39.9599,-75.178,1241.0,6,0,0,0,0,0,1,0,0,1.0,0,0,0,12.0,1,0,0,,1,39 57:36.312,4.0,0,75 10:46.410,0,0,0,0,67301,0,0,0,N,0,0,0,3,68K01,0,,1,1,,N,N,,0,,0,0,2,0,0,N,1233.0,0,2,0,0,0,0,0,3,4,0,2,3,,N,,,,,,,,,,,
2010045125,646.0,2,0,0,0,0,0,0,0,0,4,0,,67,3,2010,6,39.9579,-75.1641,632.0,6,0,0,0,0,1,1,0,0,,0,0,0,6.0,1,0,1,,0,39 57:28.586,,0,75 09:50.892,9,0,0,0,67301,0,0,0,,0,0,0,5,67301,0,,1,1,,,,,0,,0,0,0,3,2,,632.0,0,2,0,0,0,0,4,3,4,0,2,3,,N,,,,,,,,,,,
2010074989,1640.0,1,0,0,0,0,0,0,0,0,8,0,,67,6,2010,4,39.9816,-75.1739,1634.0,6,0,0,0,0,0,0,0,0,,0,0,0,16.0,1,2,1,,0,39 58:53.884,,0,75 10:25.911,8,0,0,0,67301,2,0,0,N,2,0,0,3,67301,0,,1,1,,N,N,,0,,0,0,0,3,2,,1630.0,2,3,0,0,0,2,0,3,4,0,1,3,,N,,,,,,,,,,,
2010045337,205.0,3,0,0,0,0,0,0,0,0,4,0,,67,3,2010,3,39.9577,-75.1624,200.0,6,0,0,0,1,0,0,0,0,,0,0,0,2.0,3,1,1,,0,39 57:27.542,,0,75 09:44.544,4,0,0,0,67301,0,0,0,N,0,0,0,3,67301,1,,1,9,,N,N,,0,,0,0,0,3,2,,200.0,1,3,0,0,0,0,0,3,4,0,3,7,,N,,,,,,,,,,,
2010060672,1054.0,2,0,0,0,0,0,0,0,0,1,0,,67,6,2010,7,40.0391,-75.0083,1054.0,6,0,0,0,0,0,1,0,0,,0,0,0,10.0,1,0,0,,0,40 02:21.039,,0,75 00:29.457,0,0,0,0,67301,0,0,0,N,0,0,0,3,68K01,0,,1,1,,N,N,,0,,0,0,0,0,0,,1048.0,0,2,0,0,0,0,0,3,4,0,2,3,,N,,,,,,,,,,,
2010075036,500.0,1,0,0,0,0,0,0,0,0,7,0,,67,7,2010,2,40.0133,-75.0868,9999.0,6,0,0,0,0,0,1,0,0,1.0,0,0,0,5.0,5,1,0,,1,40 00:47.824,1.0,1,75 05:12.583,8,0,0,0,67301,0,0,0,N,0,0,0,1,67301,0,,3,1,,N,,,0,,0,0,0,0,0,N,500.0,1,1,0,0,0,1,0,3,4,0,1,3,,N,,,,,,,,,,,
2010075087,1810.0,1,0,0,0,0,0,0,0,0,7,0,,67,6,2010,3,39.9742,-75.2555,1800.0,6,0,0,0,0,0,0,0,0,,0,0,0,16.0,1,1,0,,0,39 58:27.220,,0,75 15:19.660,3,0,0,0,67301,0,0,0,N,0,0,0,1,67301,0,,4,1,,N,N,,0,,1,0,0,0,0,,1620.0,1,1,0,0,0,0,0,3,4,0,1,3,,N,,,,,,,,,,,
2010075089,1638.0,2,0,0,0,0,0,0,0,0,4,0,,67,7,2010,5,40.0369,-75.1451,1636.0,6,0,0,0,0,0,0,0,0,1.0,0,0,0,16.0,1,0,2,,1,40 02:12.961,3.0,0,75 08:42.306,0,0,0,0,67301,0,0,0,N,0,0,0,2,67301,0,,1,1,,N,N,,0,,0,0,0,0,0,N,1636.0,0,2,0,0,0,0,0,3,4,0,2,3,,N,,,,,,,,,,,
2010089104,1659.0,3,0,0,0,0,0,0,0,0,2,0,,67,8,2010,7,40.0332,-75.0593,1656.0,6,0,0,0,0,0,0,0,0,,0,0,0,16.0,1,3,1,,0,40 01:59.365,,0,75 03:33.436,4,0,0,0,67301,0,0,0,N,0,0,0,4,67301,2,,1,1,,N,N,,0,,0,0,0,3,3,,1656.0,3,3,0,0,0,1,0,3,4,0,3,3,,N,,,,,,,,,,,
2010101110,1550.0,3,0,0,0,0,0,0,0,0,4,0,,67,7,2010,1,39.9587,-75.1551,1546.0,6,0,0,0,0,0,1,0,0,3.0,0,0,0,15.0,1,3,1,,2,39 57:31.435,4.0,0,75 09:18.489,4,0,0,0,67301,0,0,0,,0,0,0,3,67301,3,,1,1,,,,,0,,0,0,0,3,2,Y,1546.0,3,3,0,0,1,0,0,3,4,0,3,3,,N,,,,,,,,,,,
2010100888,139.0,0,0,0,0,0,0,0,0,0,6,0,,67,8,2010,7,39.9726,-75.2178,133.0,6,0,0,0,0,0,1,0,0,,0,0,0,1.0,3,1,3,,0,39 58:21.476,,0,75 13:03.992,2,0,1,1,67301,0,0,0,N,0,0,0,2,67301,0,,1,1,,N,N,,1,,0,1,0,3,3,,127.0,1,2,0,0,0,0,0,3,4,0,2,3,,N,,,,,,,,,,,
2010094108,1359.0,1,0,0,1,0,0,0,0,0,5,0,,67,8,2010,4,39.9362,-75.1617,1357.0,6,0,0,0,0,0,0,0,0,,0,0,0,13.0,1,1,0,,0,39 56:10.338,,0,75 09:42.177,8,0,0,0,67301,1,0,0,N,0,0,0,2,67301,0,,1,1,,N,N,,0,,0,0,0,0,0,,1357.0,1,2,0,0,0,1,0,3,4,0,1,3,,N,,,,,,,,,,,
2010094117,2322.0,2,0,0,0,0,0,0,0,0,4,0,,67,8,2010,6,40.0455,-75.1649,2318.0,6,0,0,0,0,0,0,0,0,,0,0,0,23.0,3,3,1,,0,40 02:43.800,,0,75 09:53.514,8,0,0,0,67301,0,0,0,N,0,0,0,7,67301,0,,1,1,,N,N,,0,,0,0,0,3,2,,2314.0,3,2,0,0,0,3,0,3,4,0,2,3,,N,,,,,,,,,,,
2010116132,626.0,1,0,0,0,0,0,0,0,0,7,0,,67,11,2010,5,39.9989,-75.0799,609.0,6,0,0,0,0,0,0,0,0,,0,0,0,6.0,1,0,0,,0,39 59:50.518,,2,75 04:49.629,0,0,0,0,67301,0,0,0,N,0,0,0,1,68K01,0,,2,1,,N,N,,0,,0,0,0,0,0,,609.0,0,1,0,0,0,0,0,3,4,0,1,3,,N,,,,,,,,,,,
2010113755,2304.0,1,0,0,0,0,0,0,0,0,7,0,,67,10,2010,6,40.0535,-75.0494,2253.0,6,0,0,0,0,0,0,0,0,,0,0,0,22.0,3,0,0,,0,40 03:12.640,,0,75 02:57.711,9,0,0,0,67301,0,0,0,N,0,0,0,2,67301,0,,3,1,,N,N,,0,,0,0,1,0,0,,2251.0,0,2,0,0,0,0,1,3,4,0,2,3,,N,,,,,,,,,,,
2010093728,1644.0,2,0,0,0,0,0,0,0,0,4,0,,67,8,2010,2,40.043,-75.07,1641.0,6,0,0,0,0,0,1,0,0,2.0,0,0,0,16.0,1,2,1,,2,40 02:34.620,5.0,0,75 04:12.043,4,0,0,0,67301,0,0,0,N,0,0,0,6,67301,2,,1,1,,N,N,,0,,0,0,0,3,3,Y,1600.0,2,2,0,0,0,0,0,3,4,0,2,3,,N,,,,,,,,,,,
2010113508,1745.0,0,0,0,1,0,0,0,0,0,5,0,,67,10,2010,7,39.9774,-75.1988,1730.0,6,0,0,0,0,0,1,0,0,1.0,0,0,0,17.0,1,1,0,,2,39 58:38.600,2.0,0,75 11:55.750,3,0,0,0,67301,1,0,0,N,0,0,0,2,67301,0,,1,1,,N,N,,0,,1,0,0,3,2,N,1730.0,1,2,0,0,0,0,0,3,4,1,1,3,,N,,,,,,,,,,,
2010110795,21.0,2,0,0,0,0,0,0,0,0,1,0,,67,10,2010,7,39.9574,-75.1724,16.0,6,0,0,0,0,0,0,0,0,,0,0,0,0.0,3,1,1,,0,39 57:26.794,,0,75 10:20.564,8,0,0,0,67301,0,0,0,N,0,0,0,4,67301,0,,1,1,,N,N,,0,,0,0,0,3,2,,1.0,1,2,0,0,0,1,0,3,4,0,2,3,,N,,,,,,,,,,,
2010110879,1625.0,2,0,0,0,0,0,0,0,0,4,0,,67,10,2010,1,40.0688,-75.178,1622.0,6,0,0,0,0,1,0,0,0,,0,0,0,16.0,1,0,1,,0,40 04:07.759,,0,75 10:40.807,0,0,0,0,67301,0,0,0,N,0,0,0,2,67301,0,,1,1,,N,N,,0,,0,0,0,3,3,,1622.0,0,2,0,0,0,0,0,3,4,0,2,3,,N,,,,,,,,,,,
2010110897,2035.0,2,0,0,0,0,0,0,0,0,1,0,,67,10,2010,3,39.9574,-75.2293,2030.0,6,0,0,0,0,0,0,0,0,,0,0,0,14.0,1,4,1,,0,39 57:26.750,,0,75 13:45.402,4,0,0,0,67301,0,0,0,N,0,0,0,5,67301,4,,1,1,,N,N,,0,,0,0,0,3,2,,1430.0,4,2,0,0,0,0,0,3,4,0,2,3,,N,,,,,,,,,,,
2010069704,1340.0,2,0,0,0,0,0,0,0,0,4,0,,67,6,2010,4,40.017,-75.0563,1335.0,6,0,0,0,0,0,1,0,0,1.0,0,0,0,13.0,1,1,1,,1,40 01:01.077,4.0,0,75 03:22.798,3,0,0,0,67301,0,0,0,,0,0,0,2,67301,0,,1,9,,,,,0,,1,0,0,3,3,Y,1310.0,1,2,0,0,0,0,0,3,4,0,2,7,,N,,,,,,,,,,,
2010059002,43.0,1,0,0,0,0,0,0,0,0,7,0,,67,5,2010,6,40.0178,-75.166,41.0,6,0,0,0,0,0,0,0,0,,0,0,0,0.0,3,1,0,,0,40 01:04.236,,0,75 09:56.989,4,0,0,0,67301,0,0,0,,0,0,0,1,67301,1,,5,1,,,,,0,,0,0,0,0,0,,35.0,1,1,0,0,0,0,0,3,4,0,1,3,,N,,,,,,,,,,,
2010040381,1129.0,1,0,0,0,0,0,0,0,0,7,0,,67,4,2010,6,39.9633,-75.1388,1123.0,6,0,0,0,0,0,0,0,0,1.0,0,0,0,11.0,1,0,0,,1,39 57:48.213,2.0,0,75 08:19.149,0,0,0,0,67301,0,0,0,N,0,0,0,1,68K01,0,,2,1,,N,N,,0,,0,0,0,0,0,N,1122.0,0,1,0,0,0,0,0,3,4,0,1,3,,N,,,,,,,,,,,
2010040608,1525.0,1,0,0,0,0,0,0,0,0,8,0,,67,3,2010,3,39.9777,-75.2389,1515.0,6,0,0,0,0,0,0,0,0,,0,0,0,15.0,1,1,0,,0,39 58:39.759,,0,75 14:20.054,4,0,0,0,67301,1,0,0,N,1,0,0,2,67301,1,,1,1,,N,Y,,0,,0,0,0,0,0,,1525.0,1,2,0,0,0,0,0,3,4,0,1,3,,N,,,,,,,,,,,
2010040552,1927.0,0,0,0,1,0,1,0,0,0,5,0,,67,3,2010,3,40.0408,-75.0546,1926.0,6,0,0,0,0,0,0,0,0,,0,0,0,19.0,3,1,0,,0,40 02:26.876,,0,75 03:16.383,2,0,0,0,67301,1,0,1,N,0,0,0,2,67301,0,,1,1,,N,N,,0,,0,1,0,0,0,,1925.0,1,2,0,0,0,0,0,3,4,1,1,3,,N,,,,,,,,,,,
2010012024,1414.0,1,0,0,0,0,0,0,0,0,1,0,,67,1,2010,5,39.9406,-75.1954,1409.0,6,0,0,0,0,0,0,1,0,1.0,0,0,0,14.0,1,0,0,,2,39 56:33.296,4.0,0,75 11:36.243,0,0,0,0,67301,0,0,0,N,0,0,0,2,68K01,0,,1,1,,N,N,,0,,0,0,1,0,0,N,1405.0,0,2,0,0,0,0,0,3,4,0,2,3,,N,,,,,,,,,,,
2010124928,2248.0,0,0,0,0,0,0,0,0,0,8,0,,67,11,2010,3,39.9158,-75.164,2245.0,6,0,0,0,0,0,0,0,0,9.0,0,0,0,99.0,3,1,2,,1,39 54:56.991,3.0,0,75 09:50.243,8,0,0,0,67301,1,0,0,N,1,0,0,2,67301,0,,1,9,,N,N,,0,,0,0,0,3,3,N,9999.0,1,2,0,0,0,1,0,3,4,1,1,7,,N,,,,,,,,,,,
2010038632,1405.0,1,0,0,0,0,0,0,0,0,4,0,,67,3,2010,5,40.0943,-75.0308,1400.0,6,0,0,0,0,0,1,0,0,,0,0,0,14.0,1,1,2,,0,40 05:38.581,,99,75 01:51.296,8,0,0,0,67301,0,0,0,N,0,0,0,2,67301,0,,1,1,,N,N,,0,,0,0,1,3,2,,1400.0,1,2,0,0,0,1,1,3,4,0,2,3,,N,,,,,,,,,,,
2010122345,1531.0,1,0,0,0,0,0,0,0,0,4,0,,67,11,2010,2,40.003,-75.1513,1528.0,6,0,0,0,0,0,0,1,0,,0,0,0,15.0,1,3,1,,0,40 00:10.828,,0,75 09:04.647,4,0,0,0,67301,0,0,0,N,0,0,0,3,67301,3,,1,1,,N,N,,0,,0,0,1,3,3,,1525.0,3,2,0,0,0,0,0,3,4,0,2,3,,N,,,,,,,,,,,
2010122352,1150.0,1,0,0,0,0,0,0,0,0,1,0,,67,11,2010,6,40.0517,-75.1271,1148.0,6,0,0,0,0,0,1,0,0,,0,0,0,11.0,1,2,1,,0,40 03:06.246,,0,75 07:37.696,4,0,0,0,67301,0,0,0,N,0,0,0,3,67301,2,,1,1,,N,N,,1,,0,0,0,3,2,,1148.0,2,2,0,0,0,0,0,3,4,0,2,3,,N,,,,,,,,,,,
2010122396,1732.0,1,0,0,0,0,0,0,0,0,7,0,,67,11,2010,4,40.017,-75.1376,1729.0,6,0,0,0,0,0,0,0,0,,0,0,0,17.0,1,0,2,,0,40 01:01.160,,0,75 08:15.536,0,0,0,0,67301,0,0,0,N,0,0,0,1,67301,0,,5,1,,N,N,,0,,0,0,0,3,3,,1728.0,0,1,0,0,0,0,0,3,4,0,1,3,,N,,,,,,,,,,,
2010122514,204.0,1,0,0,0,0,0,0,0,0,5,1,,67,11,2010,7,40.0626,-75.0428,204.0,6,0,0,0,0,0,0,0,0,2.0,0,1,0,2.0,3,0,0,,2,40 03:44.977,1.0,0,75 02:34.393,0,0,0,0,67301,0,0,0,,0,0,0,2,67301,0,,1,1,,N,N,,0,,0,0,0,3,2,Y,200.0,0,2,0,0,0,0,0,3,4,0,2,3,,N,,,,,,,,,,,
2010122519,1608.0,1,0,0,0,0,0,0,0,0,4,0,,67,11,2010,3,40.0625,-75.0094,1604.0,6,0,0,0,0,1,0,0,0,1.0,0,0,0,16.0,1,1,2,,1,40 03:45.043,1.0,0,75 00:33.961,8,0,0,0,67301,0,0,0,N,0,0,0,2,67301,0,,1,1,,N,N,,1,,0,0,0,3,2,N,1602.0,1,2,0,0,0,1,0,3,4,0,2,3,,N,,,,,,,,,,,
2010122530,9999.0,1,0,0,0,0,0,0,0,0,4,0,,67,11,2010,2,39.9869,-75.1358,9999.0,6,0,0,0,0,0,0,0,0,,0,0,0,99.0,3,1,1,,0,39 59:12.710,,0,75 08:09.023,4,0,0,0,67301,0,0,0,N,0,0,0,2,67301,1,,1,1,,N,N,,0,,0,0,0,3,2,,9999.0,1,2,0,0,0,0,0,3,4,1,2,3,,N,,,,,,,,,,,
2010038748,2120.0,0,0,0,0,0,0,0,0,0,8,0,,67,3,2010,2,40.0392,-75.1032,2115.0,6,0,0,0,0,0,0,0,0,,0,0,0,21.0,3,1,1,,0,40 02:21.148,,0,75 06:11.393,8,0,0,0,67301,1,0,0,N,1,0,0,3,67301,0,,1,9,,N,N,,0,,0,0,1,3,3,,2100.0,1,2,0,0,0,1,2,3,4,0,1,7,,N,,,,,,,,,,,