CRN,ARRIVAL_TM,AUTOMOBILE_COUNT,BELTED_DEATH_COUNT,BELTED_SUSP_SERIOUS_INJ_COUNT,BICYCLE_COUNT,BICYCLE_DEATH_COUNT,BICYCLE_SUSP_SERIOUS_INJ_COUNT,BUS_COUNT,CHLDPAS_DEATH_COUNT,CHLDPAS_SUSP_SERIOUS_INJ_COUNT,COLLISION_TYPE,COMM_VEH_COUNT,CONS_ZONE_SPD_LIM,COUNTY,CRASH_MONTH,CRASH_YEAR,DAY_OF_WEEK,DEC_LAT,DEC_LONG,DISPATCH_TM,DISTRICT,DRIVER_COUNT_16YR,DRIVER_COUNT_17YR,DRIVER_COUNT_18YR,DRIVER_COUNT_19YR,DRIVER_COUNT_20YR,DRIVER_COUNT_50_64YR,DRIVER_COUNT_65_74YR,DRIVER_COUNT_75PLUS,EST_HRS_CLOSED,FATAL_COUNT,HEAVY_TRUCK_COUNT,HORSE_BUGGY_COUNT,HOUR_OF_DAY,ILLUMINATION,INJURY_COUNT,INTERSECT_TYPE,INTERSECTION_RELATED,LANE_CLOSED,LATITUDE,LN_CLOSE_DIR,LOCATION_TYPE,LONGITUDE,MAX_SEVERITY_LEVEL,MCYCLE_DEATH_COUNT,MCYCLE_SUSP_SERIOUS_INJ_COUNT,MOTORCYCLE_COUNT,MUNICIPALITY,NONMOTR_COUNT,NONMOTR_DEATH_COUNT,NONMOTR_SUSP_SERIOUS_INJ_COUNT,NTFY_HIWY_MAINT,PED_COUNT,PED_DEATH_COUNT,PED_SUSP_SERIOUS_INJ_COUNT,PERSON_COUNT,POLICE_AGCY,POSSIBLE_INJ_COUNT,RDWY_SURF_TYPE_CD,RELATION_TO_ROAD,ROAD_CONDITION,ROADWAY_CLEARED,SCH_BUS_IND,SCH_ZONE_IND,SECONDARY_CRASH,SMALL_TRUCK_COUNT,SPEC_JURIS_CD,SUSP_MINOR_INJ_COUNT,SUSP_SERIOUS_INJ_COUNT,SUV_COUNT,TCD_FUNC_CD,TCD_TYPE,TFC_DETOUR_IND,TIME_OF_DAY,TOT_INJ_COUNT,TOTAL_UNITS,UNB_DEATH_COUNT,UNB_SUSP_SERIOUS_INJ_COUNT,UNBELTED_OCC_COUNT,UNK_INJ_DEG_COUNT,UNK_INJ_PER_COUNT,URBAN_AREA,URBAN_RURAL,VAN_COUNT,VEHICLE_COUNT,WEATHER1,WEATHER2,WORK_ZONE_IND,WORK_ZONE_LOC,WORK_ZONE_TYPE,WORKERS_PRES,WZ_CLOSE_DETOUR,WZ_FLAGGER,WZ_LAW_OFFCR_IND,WZ_LN_CLOSURE,WZ_MOVING,WZ_OTHER,WZ_SHLDER_MDN,WZ_WORKERS_INJ_KILLED
2010122592,724.0,2,0,0,0,0,0,0,0,0,4,0,,67,11,2010,4,40.0818,-75.0305,721.0,6,0,0,0,0,0,1,0,0,,0,0,0,99.0,1,3,1,,0,40 04:54.543,,0,75 01:49.683,4,0,0,0,67301,0,0,0,,0,0,0,4,67301,3,,1,9,,,,,1,,0,0,0,3,3,,9999.0,3,3,0,0,0,0,0,3,4,0,3,3,,N,,,,,,,,,,,
2010038997,2118.0,1,0,0,0,0,0,0,0,0,4,0,,67,3,2010,4,40.0086,-75.0688,2115.0,6,0,0,0,0,0,1,0,0,,0,0,0,21.0,3,1,1,,0,40 00:31.034,,0,75 04:07.810,4,0,0,0,67301,0,0,0,N,0,0,0,4,67301,1,,1,1,,N,N,,0,,0,0,0,2,2,,2113.0,1,2,0,0,0,0,0,3,4,1,2,3,,N,,,,,,,,,,,
2010039003,52.0,1,0,0,0,0,0,0,0,0,1,0,,67,3,2010,7,40.0129,-75.1385,52.0,6,0,0,0,0,0,0,0,0,,0,0,0,0.0,3,0,0,,0,40 00:46.407,,0,75 08:18.765,9,0,0,0,67301,0,0,0,N,0,0,0,1,67301,0,,1,1,,N,N,,0,,0,0,2,0,0,,50.0,0,3,0,0,0,0,1,3,4,0,3,3,,N,,,,,,,,,,,
2010039004,834.0,0,0,0,0,0,0,0,0,0,8,0,,67,4,2010,5,39.9862,-75.1214,832.0,6,0,0,0,0,0,1,0,0,3.0,1,0,0,8.0,1,0,0,,1,39 59:10.162,4.0,0,75 07:17.024,1,0,0,0,67301,1,1,0,,1,1,0,2,67301,0,2.0,1,1,,,,,0,0.0,0,0,1,0,0,Y,811.0,0,2,0,0,0,0,0,3,4,0,1,3,,N,,,,,,,,,,,
2010039192,1645.0,2,0,0,0,0,0,0,0,0,4,0,,67,3,2010,2,39.9567,-75.2175,1641.0,6,0,0,0,0,0,0,0,0,,0,0,0,15.0,1,1,2,,0,39 57:24.296,,0,75 13:02.938,8,0,0,0,67301,0,0,0,N,0,0,0,2,67301,0,,1,9,,N,N,,0,,0,0,0,3,3,,1515.0,1,2,0,0,0,1,1,3,4,0,2,7,,N,,,,,,,,,,,
2010032510,1630.0,2,0,0,0,0,0,0,0,0,1,0,,67,3,2010,7,39.8838,-75.2233,1630.0,6,0,0,0,0,0,0,0,0,,0,0,0,16.0,1,1,2,,0,39 53:01.744,,0,75 13:23.905,8,0,0,0,67301,0,0,0,,0,0,0,2,67301,0,,1,9,,,,,0,,0,0,0,3,3,,1612.0,1,2,0,0,0,1,0,3,4,0,2,7,,N,,,,,,,,,,,
2010032833,1624.0,1,0,0,0,0,0,0,0,0,4,0,,67,3,2010,5,39.9825,-75.1311,1620.0,6,0,0,0,2,0,0,0,0,,0,0,0,16.0,1,1,1,,0,39 58:56.866,,0,75 07:52.078,4,0,0,0,67301,0,0,0,N,0,0,0,4,67301,1,,1,1,,N,N,,1,,0,0,0,3,3,,1605.0,1,3,0,0,0,0,0,3,4,1,3,3,,N,,,,,,,,,,,
2010010434,2139.0,1,0,0,0,0,0,0,0,0,7,0,,67,1,2010,1,39.939,-75.197,2134.0,6,0,0,0,0,0,0,0,0,,0,0,0,21.0,3,1,0,,0,39 56:27.240,,0,75 11:42.000,4,0,0,0,67301,0,0,0,N,0,0,0,1,68K01,1,,2,9,,N,N,,0,,0,0,0,0,0,,2134.0,1,1,0,0,0,0,0,3,4,0,1,7,5.0,N,,,,,,,,,,,
2010017139,1840.0,2,0,0,0,0,0,0,0,0,4,0,,67,1,2010,5,40.0622,-75.0501,1832.0,6,0,0,0,0,0,1,0,0,,0,0,0,18.0,3,0,2,,0,40 03:43.930,,0,75 03:00.316,9,0,0,0,67301,0,0,0,N,0,0,0,2,67301,0,,1,1,,N,N,,0,,0,0,0,3,3,,1825.0,0,2,0,0,0,0,1,3,4,0,2,3,,N,,,,,,,,,,,
2010017145,150.0,1,0,0,0,0,0,0,0,0,8,0,,67,1,2010,4,40.0087,-75.1507,149.0,6,0,0,0,0,0,0,0,0,,0,0,0,99.0,1,1,0,,0,40 00:31.251,,0,75 09:02.639,4,0,0,0,67301,1,0,0,,1,0,0,3,67301,1,,1,1,,,,,0,,0,0,0,0,0,,9999.0,1,2,0,0,0,0,0,3,4,0,1,3,,N,,,,,,,,,,,
2010023914,903.0,2,0,0,0,0,0,0,0,0,1,0,,67,2,2010,3,40.0199,-75.0447,824.0,6,0,0,0,0,0,1,0,0,2.0,0,0,0,8.0,1,2,0,,1,40 01:11.272,2.0,0,75 02:41.371,3,0,0,0,67301,0,0,0,N,0,0,0,3,68K01,0,,1,9,,N,N,,0,,2,0,1,0,0,N,823.0,2,3,0,0,0,0,0,3,4,0,3,7,,N,,,,,,,,,,,
2010021451,1753.0,1,0,0,0,0,0,0,0,0,4,0,,67,1,2010,5,39.9627,-75.2471,1748.0,6,0,0,0,0,0,0,0,0,,0,0,0,17.0,3,1,1,,0,39 57:45.766,,0,75 14:48.166,8,0,0,0,67301,0,0,0,N,0,0,0,2,67301,0,,1,1,,N,N,,0,,0,0,1,3,2,,1727.0,1,2,0,0,0,1,0,3,4,0,2,3,,N,,,,,,,,,,,
2010094720,438.0,1,0,0,0,0,0,0,0,0,7,0,,67,9,2010,6,39.9227,-75.1918,430.0,6,0,0,0,0,0,0,0,0,1.0,0,0,0,4.0,3,0,7,,1,39 55:24.467,3.0,2,75 11:32.292,9,0,0,0,67301,0,0,0,Y,0,0,0,1,68K01,0,,4,9,,N,N,,0,,0,0,0,0,0,N,425.0,0,1,0,0,1,0,1,3,4,0,1,7,,N,,,,,,,,,,,
2010118001,1442.0,1,0,0,0,0,0,0,0,0,4,0,,67,10,2010,1,39.9306,-75.1533,1439.0,6,0,0,0,0,0,0,0,0,,0,0,0,14.0,1,1,2,,0,39 55:50.052,,0,75 09:11.714,4,0,0,0,67301,0,0,0,,0,0,0,3,67301,1,,1,1,,N,N,,0,,0,0,1,3,3,,1439.0,1,2,0,0,0,0,0,3,4,0,2,3,,N,,,,,,,,,,,
2010045131,1120.0,1,0,0,0,0,0,0,0,0,1,0,,67,3,2010,4,39.9596,-75.1621,1116.0,6,0,0,0,0,0,1,0,0,,0,0,0,11.0,1,1,0,,0,39 57:34.451,,0,75 09:43.465,8,0,0,0,67301,1,0,0,N,0,0,0,2,67301,0,,6,1,,N,N,,0,,0,0,0,0,0,,1110.0,1,3,0,0,0,1,1,3,4,2,3,3,,N,,,,,,,,,,,
2010052899,1934.0,1,0,0,0,0,0,0,0,0,7,0,,67,5,2010,2,39.9706,-75.1251,1933.0,6,0,0,0,0,0,0,0,0,1.0,0,0,0,19.0,1,1,0,,2,39 58:13.462,2.0,0,75 07:31.299,4,0,0,0,67301,0,0,0,N,0,0,0,2,68K01,1,,2,1,,N,N,,0,,0,0,0,0,0,N,1930.0,1,1,0,0,0,0,0,3,4,0,1,3,,N,,,,,,,,,,,
2010105917,2020.0,1,0,0,0,0,0,0,0,0,5,0,,67,9,2010,5,39.9616,-75.2248,2012.0,6,0,0,0,0,0,0,0,1,,0,0,0,20.0,3,1,0,,0,39 57:41.680,,0,75 13:29.222,8,0,0,0,67301,0,0,0,,0,0,0,1,67301,0,,1,1,,,,,0,,0,0,1,0,0,,2000.0,1,2,0,0,0,1,0,3,4,0,2,3,,N,,,,,,,,,,,
2010103950,1551.0,2,0,0,1,0,0,0,0,0,4,0,,67,9,2010,6,39.941,-75.1743,1549.0,6,0,0,0,0,0,0,0,0,,0,0,0,15.0,1,1,1,,0,39 56:27.704,,0,75 10:27.386,4,0,0,0,67301,1,0,0,N,0,0,0,5,67301,1,,1,1,,N,N,,0,,0,0,0,3,2,,1548.0,1,3,0,0,0,0,2,3,4,0,2,3,,N,,,,,,,,,,,
2010094124,1115.0,0,0,0,0,0,0,0,0,0,8,0,,67,8,2010,3,39.9477,-75.1511,1100.0,6,0,0,0,0,0,0,0,0,,0,0,0,11.0,1,1,1,,0,39 56:51.762,,0,75 09:03.936,4,0,0,0,67301,1,0,0,N,1,0,0,2,67301,1,,1,1,,N,N,,1,,0,0,0,3,2,,1100.0,1,2,0,0,0,0,0,3,4,0,1,3,,N,,,,,,,,,,,
2010094173,1250.0,2,0,0,1,0,0,0,0,0,4,0,,67,8,2010,5,40.0731,-75.0474,1240.0,6,0,0,0,0,0,0,0,1,,0,0,0,12.0,1,1,0,,0,40 04:23.165,,0,75 02:50.837,4,0,0,0,67301,1,0,0,N,0,0,0,2,67301,1,,1,1,,N,N,,0,,0,0,0,0,0,,1239.0,1,3,0,0,0,0,0,3,4,0,2,3,,N,,,,,,,,,,,
2010094188,2250.0,1,0,0,0,0,0,0,0,0,8,0,,67,9,2010,3,40.0202,-75.1505,2245.0,6,0,0,0,0,0,0,0,0,,0,0,0,22.0,3,1,1,,0,40 01:12.586,,0,75 09:01.958,3,0,0,0,67301,1,0,0,N,1,0,0,2,67301,0,,1,1,,N,N,,0,,1,0,0,0,0,,2240.0,1,2,0,0,0,0,0,3,4,0,1,3,,N,,,,,,,,,,,
2010094218,1640.0,2,0,0,0,0,0,0,0,0,4,0,,67,8,2010,1,39.9482,-75.2166,1638.0,6,0,0,0,0,0,1,0,0,,0,0,0,16.0,1,0,2,,0,39 56:53.376,,0,75 12:59.687,0,0,0,0,67301,0,0,0,,0,0,0,5,67301,0,,1,1,,N,N,,1,,0,0,0,3,3,,1627.0,0,3,0,0,0,0,0,3,4,0,3,3,,N,,,,,,,,,,,
2010096499,1410.0,0,0,0,1,0,0,0,0,0,4,0,,67,8,2010,1,40.0572,-75.0012,1359.0,6,0,0,0,0,0,0,0,0,,0,0,0,13.0,1,1,1,,0,40 03:25.988,,0,75 00:04.335,4,0,0,0,67301,1,0,0,N,0,0,0,2,67301,1,,1,1,,N,N,,0,,0,0,1,3,2,,1359.0,1,2,0,0,0,0,0,3,4,0,1,3,,N,,,,,,,,,,,
2010113737,1645.0,2,0,0,0,0,0,0,0,0,1,0,,67,10,2010,4,39.9612,-75.1748,9999.0,6,0,0,0,0,0,0,0,0,,0,0,0,16.0,1,1,1,,0,39 57:40.918,,0,75 10:30.472,4,0,0,0,67301,0,0,0,N,0,0,0,3,67301,1,,1,1,,N,N,,0,,0,0,0,3,2,,1645.0,1,2,0,0,0,0,1,3,4,0,2,3,,N,,,,,,,,,,,
2010093704,1040.0,1,0,0,0,0,0,0,0,0,4,0,,67,8,2010,1,39.9548,-75.2179,1034.0,6,0,0,0,0,0,0,1,0,,0,0,0,10.0,1,1,1,,0,39 57:17.373,,0,75 13:04.418,4,0,0,0,67301,0,0,0,N,0,0,0,2,67301,1,,1,1,,N,N,,0,,0,0,1,3,2,,1034.0,1,2,0,0,0,0,0,3,4,0,2,3,,N,,,,,,,,,,,
2010110798,2000.0,1,0,0,0,0,0,0,0,0,8,0,,67,10,2010,5,40.0026,-75.1244,1945.0,6,0,0,0,0,0,0,0,0,,0,0,0,19.0,3,1,1,,0,40 00:09.455,,0,75 07:27.886,4,0,0,0,67301,1,0,0,,1,0,0,2,67301,1,,1,1,,,,,0,,0,0,0,3,2,,1945.0,1,2,0,0,0,0,0,3,4,0,1,3,,N,,,,,,,,,,,
2010088938,908.0,1,0,0,0,0,0,0,0,0,1,0,,67,8,2010,2,40.0153,-75.2081,900.0,6,0,0,0,0,0,0,0,0,,0,0,0,8.0,1,1,3,,0,40 00:55.513,,0,75 12:30.235,8,0,0,0,67301,0,0,0,N,0,0,0,2,67301,0,,1,1,,N,N,,0,,0,0,1,3,2,,857.0,1,2,0,0,0,1,0,3,4,0,2,3,,N,,,,,,,,,,,
2010110821,2214.0,2,0,0,0,0,0,0,0,0,5,0,,67,10,2010,4,39.946,-75.1482,2212.0,6,0,0,0,0,0,0,0,0,2.0,0,0,0,22.0,3,0,0,,2,39 56:45.440,2.0,0,75 08:53.580,0,0,0,0,67301,0,0,0,,0,0,0,1,67301,0,,1,1,,,,,0,,0,0,1,0,0,Y,2209.0,0,3,0,0,0,0,0,3,4,0,3,3,,N,,,,,,,,,,,
2010069709,1708.0,2,0,0,0,0,0,0,0,0,1,0,,67,6,2010,4,40.0271,-75.0624,1704.0,6,0,0,0,0,0,0,0,0,2.0,0,0,0,99.0,1,1,3,,1,40 01:37.927,5.0,0,75 03:44.708,4,0,0,0,67301,0,0,0,N,0,0,0,4,67301,1,,1,1,,N,N,,0,,0,0,0,3,3,Y,9999.0,1,2,0,0,0,0,0,3,4,0,2,3,,N,,,,,,,,,,,
2010011570,1442.0,1,0,0,1,0,0,0,0,0,4,0,,67,1,2010,3,39.9388,-75.1784,1441.0,6,0,0,0,1,0,0,0,0,,0,0,0,14.0,1,1,1,,0,39 56:19.507,,0,75 10:42.085,4,0,0,0,67301,1,0,0,,0,0,0,2,67301,1,,1,1,,,,,0,,0,0,0,3,3,,1440.0,1,2,0,0,0,0,0,3,4,0,1,3,,N,,,,,,,,,,,
2010038488,2318.0,2,0,0,0,0,0,0,0,0,1,0,,67,4,2010,5,,,2318.0,6,0,0,0,0,0,0,0,0,2.0,0,0,0,23.0,3,0,0,,2,,3.0,3,,0,0,0,0,67301,0,0,0,N,0,0,0,3,67501,0,,1,1,,N,N,,0,,0,0,0,3,2,Y,2318.0,0,2,0,0,0,0,0,3,3,0,2,3,,N,,,,,,,,,,,
2010038633,1145.0,0,0,0,0,0,0,0,0,0,8,0,,67,3,2010,4,39.9847,-75.1323,1135.0,6,0,0,0,0,0,0,0,0,,0,0,0,12.0,1,1,5,,0,39 59:05.168,,0,75 07:55.938,3,0,0,0,67301,1,0,0,,1,0,0,2,67301,0,,1,1,,,,,0,,1,0,1,3,2,,1215.0,1,2,0,0,1,0,0,3,4,0,1,3,,N,,,,,,,,,,,
2010038654,1150.0,0,0,0,0,0,0,0,0,0,4,0,,67,3,2010,2,40.0534,-75.0751,1133.0,6,0,0,0,0,0,1,0,0,,0,0,0,11.0,1,1,1,,0,40 03:12.186,,0,75 04:30.284,4,0,0,0,67301,0,0,0,N,0,0,0,2,67301,1,,1,9,,N,N,,1,,0,0,0,3,2,,1130.0,1,2,0,0,0,0,0,3,4,1,2,7,,N,,,,,,,,,,,
2010038722,25.0,1,0,0,0,0,0,0,0,0,1,0,,67,3,2010,1,40.0579,-75.1423,18.0,6,0,0,0,0,0,0,0,0,,0,0,0,23.0,3,3,1,,0,40 03:28.569,,0,75 08:32.229,4,0,0,0,67301,0,0,0,N,0,0,0,5,67301,3,,1,9,,,N,,0,,0,0,0,9,3,,2300.0,3,2,0,0,0,0,0,3,4,1,2,7,,N,,,,,,,,,,,
2010039008,1200.0,1,0,0,0,0,0,0,0,0,4,0,,67,3,2010,6,40.0145,-75.1311,1152.0,6,0,0,0,0,1,0,0,0,,0,0,0,11.0,1,6,5,,0,40 00:52.185,,0,75 07:52.121,4,0,0,0,67301,0,0,0,,0,0,0,7,67301,6,,1,9,,N,,,0,,0,0,1,3,2,,1152.0,6,2,0,0,0,0,0,3,4,0,2,7,,N,,,,,,,,,,,
2010122604,1832.0,1,0,0,0,0,0,0,0,0,2,0,,67,11,2010,5,40.0423,-75.113,1828.0,6,0,0,0,0,0,1,0,0,1.0,0,0,0,18.0,4,1,2,,1,40 02:32.243,4.0,0,75 06:46.799,4,0,0,0,67301,0,0,0,N,0,0,0,3,67301,1,,1,9,,N,N,,0,,0,0,1,0,0,Y,1825.0,1,2,0,0,0,0,0,3,4,0,2,7,,N,,,,,,,,,,,
2010039136,551.0,1,0,0,0,0,0,0,0,0,4,0,,67,4,2010,1,40.1235,-75.0154,550.0,6,0,0,0,0,0,1,0,0,,0,0,0,5.0,5,2,1,,0,40 07:24.747,,0,75 00:55.270,4,0,0,0,67301,0,0,0,,0,0,0,2,67301,2,,1,1,,N,N,,1,,0,0,0,3,2,,547.0,2,2,0,0,0,0,0,3,4,0,2,3,,N,,,,,,,,,,,
2010031884,1355.0,1,0,0,0,0,0,0,0,0,1,0,,67,3,2010,6,39.9962,-75.1969,1342.0,6,0,0,0,0,0,0,0,0,,0,0,0,13.0,1,3,0,,0,39 59:50.388,,0,75 11:46.320,8,0,0,0,67301,0,0,0,N,0,0,0,5,68K01,0,,1,1,,N,N,,0,,0,0,0,0,0,,1337.0,3,2,0,0,0,3,0,3,4,1,2,3,,N,,,,,,,,,,,
2010031880,211.0,1,0,0,0,0,0,0,0,0,7,0,,67,3,2010,1,39.8855,-75.2433,200.0,6,0,0,0,0,0,1,0,0,,0,0,0,1.0,3,1,0,,0,39 53:04.779,,0,75 14:37.626,8,0,0,0,67301,0,0,0,N,0,0,0,1,68K01,0,,2,1,,N,N,,0,,0,0,0,0,0,,158.0,1,1,0,0,1,1,0,3,4,0,1,3,,N,,,,,,,,,,,
2010032484,1200.0,2,0,0,0,0,0,0,0,0,4,0,,67,3,2010,6,39.9695,-75.2254,1152.0,6,0,0,0,0,0,1,0,0,,0,0,0,11.0,1,1,1,,0,39 58:10.251,,0,75 13:31.337,8,0,0,0,67301,0,0,0,N,0,0,0,2,67301,0,,1,1,,N,N,,0,,0,0,0,3,2,,1150.0,1,2,0,0,0,1,0,3,4,0,2,3,,N,,,,,,,,,,,
2010010268,2145.0,1,0,0,0,0,0,0,0,0,1,0,,67,1,2010,1,40.0026,-75.2236,2142.0,6,0,0,0,0,0,1,0,0,,0,0,0,21.0,3,1,0,,0,40 00:10.843,,0,75 13:21.870,4,0,0,0,67301,0,0,0,N,0,0,0,2,46104,1,,1,9,,N,N,,0,,0,0,1,3,2,,2142.0,1,2,0,0,0,0,0,3,4,0,2,7,,N,,,,,,,,,,,
2010016934,2118.0,1,0,0,1,0,0,0,0,0,4,0,,67,1,2010,1,39.9283,-75.1655,2117.0,6,0,0,0,0,0,0,0,0,,0,0,0,21.0,3,1,0,,0,39 55:41.826,,0,75 09:55.627,4,0,0,0,67301,1,0,0,N,0,0,0,2,67301,1,,2,1,,N,N,,0,,0,0,0,0,0,,2115.0,1,2,0,0,0,0,0,3,4,0,1,3,,N,,,,,,,,,,,
2010017080,2352.0,2,0,0,0,0,0,0,0,0,1,0,,67,1,2010,5,39.9787,-75.1578,2352.0,6,0,0,0,0,0,1,0,0,2.0,0,0,0,23.0,3,3,1,,1,39 58:43.230,1.0,0,75 09:28.092,2,0,0,0,67301,0,0,0,N,0,0,0,4,67301,1,,1,1,,N,N,,0,,1,1,0,2,2,N,2351.0,3,2,0,0,0,0,0,3,4,0,2,3,,N,,,,,,,,,,,
2010017120,955.0,1,0,0,0,0,0,0,0,0,8,0,,67,1,2010,5,39.9468,-75.1534,950.0,6,0,0,0,0,0,0,0,1,,0,0,0,9.0,1,1,2,,0,39 56:48.598,,0,75 09:12.376,4,0,0,0,67301,1,0,0,N,1,0,0,2,67301,1,,1,1,,N,N,,0,,0,0,0,2,3,,945.0,1,2,0,0,0,0,0,3,4,0,1,3,,N,,,,,,,,,,,
2010017121,1546.0,1,0,0,0,0,0,0,0,0,8,0,,67,1,2010,4,40.0595,-75.0178,1540.0,6,0,0,0,0,0,0,0,0,,0,0,0,15.0,1,1,0,,0,40 03:34.355,,0,75 01:03.955,8,0,0,0,67301,1,0,0,N,1,0,0,2,67301,0,,1,1,,N,N,,0,,0,0,0,0,0,,1539.0,1,2,0,0,0,1,0,3,4,0,1,3,,N,,,,,,,,,,,
2010017020,9999.0,4,0,0,0,0,0,0,0,0,5,0,,67,1,2010,6,39.9949,-75.1066,238.0,6,0,0,0,0,0,0,0,0,4.0,0,0,0,2.0,3,3,0,,2,39 59:41.439,5.0,0,75 06:23.784,4,0,0,0,67301,0,0,0,,0,0,0,4,67301,1,,1,9,,,,,0,,0,0,1,0,0,Y,230.0,3,8,0,0,0,2,0,3,4,3,8,7,,N,,,,,,,,,,,
2010017248,2038.0,1,0,0,0,0,0,0,0,0,8,0,,67,1,2010,7,40.079,-75.174,2033.0,6,0,0,0,0,0,1,0,0,,0,0,0,20.0,3,1,1,,0,40 04:44.472,,0,75 10:26.371,4,0,0,0,67301,1,0,0,N,1,0,0,2,67301,1,,1,1,,N,N,,0,,0,0,0,3,2,,2011.0,1,2,0,0,0,0,0,3,4,0,1,3,,N,,,,,,,,,,,
2010021740,1209.0,1,0,0,0,0,0,0,0,0,1,0,,67,1,2010,5,39.9094,-75.1611,1209.0,6,0,0,0,0,0,0,1,1,,0,0,0,11.0,1,1,1,,0,39 54:33.696,,0,75 09:40.053,4,0,0,0,67301,0,0,0,,0,0,0,2,67301,1,,7,1,,,,,0,,0,0,0,3,4,,1158.0,1,2,0,0,2,0,0,3,4,1,2,3,,N,,,,,,,,,,,
2010021858,1456.0,1,0,0,0,0,0,0,0,0,5,0,,67,1,2010,2,40.012,-75.0977,1455.0,6,0,0,0,0,0,0,0,0,,0,0,0,14.0,1,1,0,,0,40 00:43.349,,0,75 05:51.738,4,0,0,0,67301,0,0,0,,0,0,0,1,67301,1,,1,9,,N,N,,1,,0,0,1,0,0,,1400.0,1,4,0,0,1,0,0,3,4,1,4,7,,N,,,,,,,,,,,
2010021885,1405.0,0,0,0,0,0,0,0,0,0,4,0,,67,1,2010,7,39.9509,-75.1435,1400.0,6,0,0,0,0,0,0,0,0,9.0,0,0,0,13.0,1,1,0,,2,39 57:03.416,2.0,0,75 08:36.502,4,0,0,0,67301,1,0,0,,1,0,0,2,67301,1,,1,1,,,,,0,,0,0,1,0,0,Y,1355.0,1,2,0,0,0,0,0,3,4,0,1,3,,N,,,,,,,,,,,
2010083024,2114.0,2,0,0,0,0,0,0,0,0,1,0,,67,8,2010,4,40.0079,-75.2015,2110.0,6,0,0,0,0,0,0,0,0,2.0,0,0,0,20.0,3,1,0,,1,40 00:27.824,3.0,0,75 12:03.552,8,0,0,0,67301,0,0,0,N,0,0,0,2,68K01,0,,1,1,,N,N,,0,,0,0,0,0,0,N,2052.0,1,2,0,0,0,1,0,3,4,0,2,3,,N,,,,,,,,,,,
2010052900,1449.0,0,0,0,0,0,0,0,0,0,1,1,,67,6,2010,3,39.9576,-75.1479,1449.0,6,0,0,0,0,0,0,0,0,,0,1,0,14.0,1,1,0,,0,39 57:27.830,,0,75 08:54.496,4,0,0,0,67301,0,0,0,N,0,0,0,2,68K01,1,,1,9,,N,N,,0,,0,0,0,0,0,,1449.0,1,2,0,0,0,0,0,3,4,1,2,3,,N,,,,,,,,,,,
2010075050,830.0,1,0,0,0,0,0,0,0,0,8,0,,67,7,2010,5,40.0137,-75.0737,830.0,6,0,0,0,0,0,0,0,0,,0,0,0,6.0,1,1,1,,0,40 00:49.370,,0,75 04:25.456,8,0,0,0,67301,1,0,0,N,1,0,0,2,67301,0,,1,1,,N,N,,0,,0,0,0,3,3,,650.0,1,2,0,0,0,1,1,3,4,0,1,3,,N,,,,,,,,,,,
2010075115,1033.0,0,0,0,0,0,0,0,0,0,5,0,,67,7,2010,6,39.9503,-75.1775,1030.0,6,0,0,0,0,0,0,0,1,,0,0,0,10.0,1,1,2,,0,39 57:01.008,,0,75 10:38.888,8,0,0,0,67301,0,0,0,N,0,0,0,2,67301,0,,1,1,,N,N,,0,,0,0,2,0,0,,1030.0,1,2,0,0,0,1,0,3,4,0,2,3,,N,,,,,,,,,,,
2010075122,1820.0,1,0,0,0,0,0,0,0,0,8,0,,67,7,2010,7,40.0361,-75.1378,1800.0,6,0,0,0,0,0,0,0,0,,0,0,0,17.0,1,1,0,,0,40 02:09.823,,0,75 08:16.029,4,0,0,0,67301,1,0,0,N,1,0,0,2,67301,1,,1,1,,N,N,,0,,0,0,0,0,0,,1750.0,1,2,0,0,0,0,0,3,4,0,1,3,,N,,,,,,,,,,,
2010064746,2119.0,3,0,0,0,0,0,0,0,0,4,0,,67,6,2010,5,40.0598,-75.1501,2100.0,6,0,0,0,0,0,1,0,0,1.0,0,0,0,20.0,3,1,1,,1,40 03:35.442,5.0,0,75 09:00.370,4,0,0,0,67301,0,0,0,N,0,0,0,3,67301,1,,1,1,,N,N,,0,,0,0,0,3,2,Y,2000.0,1,3,0,0,0,0,0,3,4,0,3,3,,N,,,,,,,,,,,
2010064771,2110.0,1,0,0,1,0,0,0,0,0,4,0,,67,5,2010,2,39.9869,-75.1364,2106.0,6,0,0,0,0,0,0,0,0,,0,0,0,20.0,4,1,1,,0,39 59:12.973,,0,75 08:11.144,4,0,0,0,67301,1,0,0,N,0,0,0,2,67301,1,,1,1,,N,N,,0,,0,0,0,3,3,,2033.0,1,2,0,0,0,0,0,3,4,0,1,3,,N,,,,,,,,,,,
2010053220,1832.0,1,0,0,1,0,0,0,0,0,4,0,,67,4,2010,3,39.9378,-75.1871,1830.0,6,0,0,0,0,0,0,0,0,,0,0,0,18.0,1,1,1,,0,39 56:16.065,,0,75 11:13.466,4,0,0,0,67301,1,0,0,N,0,0,0,2,67301,1,,1,1,,N,N,,0,,0,0,0,9,3,,1828.0,1,2,0,0,0,0,0,3,4,0,1,3,,N,,,,,,,,,,,