CRN,ARRIVAL_TM,AUTOMOBILE_COUNT,BELTED_DEATH_COUNT,BELTED_SUSP_SERIOUS_INJ_COUNT,BICYCLE_COUNT,BICYCLE_DEATH_COUNT,BICYCLE_SUSP_SERIOUS_INJ_COUNT,BUS_COUNT,CHLDPAS_DEATH_COUNT,CHLDPAS_SUSP_SERIOUS_INJ_COUNT,COLLISION_TYPE,COMM_VEH_COUNT,CONS_ZONE_SPD_LIM,COUNTY,CRASH_MONTH,CRASH_YEAR,DAY_OF_WEEK,DEC_LAT,DEC_LONG,DISPATCH_TM,DISTRICT,DRIVER_COUNT_16YR,DRIVER_COUNT_17YR,DRIVER_COUNT_18YR,DRIVER_COUNT_19YR,DRIVER_COUNT_20YR,DRIVER_COUNT_50_64YR,DRIVER_COUNT_65_74YR,DRIVER_COUNT_75PLUS,EST_HRS_CLOSED,FATAL_COUNT,HEAVY_TRUCK_COUNT,HORSE_BUGGY_COUNT,HOUR_OF_DAY,ILLUMINATION,INJURY_COUNT,INTERSECT_TYPE,INTERSECTION_RELATED,LANE_CLOSED,LATITUDE,LN_CLOSE_DIR,LOCATION_TYPE,LONGITUDE,MAX_SEVERITY_LEVEL,MCYCLE_DEATH_COUNT,MCYCLE_SUSP_SERIOUS_INJ_COUNT,MOTORCYCLE_COUNT,MUNICIPALITY,NONMOTR_COUNT,NONMOTR_DEATH_COUNT,NONMOTR_SUSP_SERIOUS_INJ_COUNT,NTFY_HIWY_MAINT,PED_COUNT,PED_DEATH_COUNT,PED_SUSP_SERIOUS_INJ_COUNT,PERSON_COUNT,POLICE_AGCY,POSSIBLE_INJ_COUNT,RDWY_SURF_TYPE_CD,RELATION_TO_ROAD,ROAD_CONDITION,ROADWAY_CLEARED,SCH_BUS_IND,SCH_ZONE_IND,SECONDARY_CRASH,SMALL_TRUCK_COUNT,SPEC_JURIS_CD,SUSP_MINOR_INJ_COUNT,SUSP_SERIOUS_INJ_COUNT,SUV_COUNT,TCD_FUNC_CD,TCD_TYPE,TFC_DETOUR_IND,TIME_OF_DAY,TOT_INJ_COUNT,TOTAL_UNITS,UNB_DEATH_COUNT,UNB_SUSP_SERIOUS_INJ_COUNT,UNBELTED_OCC_COUNT,UNK_INJ_DEG_COUNT,UNK_INJ_PER_COUNT,URBAN_AREA,URBAN_RURAL,VAN_COUNT,VEHICLE_COUNT,WEATHER1,WEATHER2,WORK_ZONE_IND,WORK_ZONE_LOC,WORK_ZONE_TYPE,WORKERS_PRES,WZ_CLOSE_DETOUR,WZ_FLAGGER,WZ_LAW_OFFCR_IND,WZ_LN_CLOSURE,WZ_MOVING,WZ_OTHER,WZ_SHLDER_MDN,WZ_WORKERS_INJ_KILLED
2010062052,958.0,1,0,0,0,0,0,0,0,0,4,0,,67,5,2010,4,40.0344,-75.0748,944.0,6,0,0,0,0,0,1,0,0,,0,0,0,9.0,1,0,5,,0,40 02:03.612,,0,75 04:29.625,0,0,0,0,67301,0,0,0,N,0,0,0,2,67301,0,,1,1,,N,N,,0,,0,0,1,3,2,,942.0,0,2,0,0,0,0,0,3,4,0,2,3,,N,,,,,,,,,,,
2010105896,1750.0,3,0,0,0,0,0,0,0,0,8,0,,67,9,2010,2,39.9469,-75.2212,1741.0,6,0,0,0,0,0,0,0,0,1.0,0,0,0,17.0,1,1,0,,1,39 56:48.861,4.0,0,75 13:16.366,2,0,0,0,67301,1,0,1,,1,0,1,3,67301,0,,1,9,,,,,0,,0,1,0,3,3,N,1739.0,1,4,0,0,0,0,0,3,4,0,3,7,,N,,,,,,,,,,,
2010098514,216.0,1,0,0,0,0,0,0,0,0,1,1,,67,9,2010,2,39.9804,-75.2057,216.0,6,0,0,0,0,0,0,0,0,,0,1,0,2.0,6,0,0,,0,39 58:52.162,,0,75 12:24.379,0,0,0,0,67301,0,0,0,N,0,0,0,2,68K01,0,,1,9,,N,N,,0,,0,0,0,0,0,,215.0,0,2,0,0,0,0,0,3,4,0,2,7,,N,,,,,,,,,,,
2010116133,943.0,2,0,0,0,0,0,0,0,0,1,0,,67,11,2010,3,39.9838,-75.0974,939.0,6,0,0,0,0,0,1,0,0,1.0,0,0,0,9.0,1,2,0,,1,39 59:01.471,2.0,0,75 05:50.812,3,0,0,0,67301,0,0,0,N,0,0,0,3,68K01,1,,1,1,,N,Y,,0,,1,0,0,0,0,N,936.0,2,3,0,0,0,0,0,3,4,1,3,3,,N,,,,,,,,,,,
2010096487,1305.0,2,0,0,0,0,0,0,0,0,4,0,,67,8,2010,6,40.0598,-75.2095,1300.0,6,0,0,0,0,0,1,0,0,,0,0,0,12.0,1,1,1,,0,40 03:35.316,,0,75 12:34.340,3,0,0,0,67301,0,0,0,N,0,0,0,2,67301,0,,1,1,,N,N,,0,,1,0,0,3,3,,1246.0,1,2,0,0,0,0,0,3,4,0,2,3,,N,,,,,,,,,,,
2010094079,658.0,1,0,0,0,0,0,0,0,0,4,0,,67,8,2010,6,40.0313,-75.073,640.0,6,0,0,0,0,0,0,0,0,,0,0,0,6.0,5,2,2,,0,40 01:52.777,,0,75 04:23.107,4,0,0,1,67301,0,0,0,N,0,0,0,2,67301,2,,1,1,,N,N,,0,,0,0,0,3,3,,640.0,2,2,0,0,1,0,0,3,4,0,2,3,,N,,,,,,,,,,,
2010094138,0.0,2,0,0,0,0,0,0,0,0,2,0,,67,8,2010,1,40.0353,-75.1887,2358.0,6,0,0,0,0,0,1,0,0,3.0,0,0,0,23.0,3,1,0,,2,40 02:07.030,1.0,0,75 11:19.210,8,0,0,0,67301,0,0,0,,0,0,0,2,67301,0,,1,1,,N,N,,0,,0,0,0,0,0,Y,2358.0,1,2,0,0,0,1,1,3,4,0,2,3,,N,,,,,,,,,,,
2010088850,730.0,3,0,0,0,0,0,0,0,0,5,0,,67,8,2010,7,39.9794,-75.1449,720.0,6,0,0,0,0,0,0,0,0,,0,0,0,7.0,1,0,0,,0,39 58:45.847,,0,75 08:41.506,0,0,0,0,67301,0,0,0,,0,0,0,1,67301,0,,6,1,,N,N,,0,,0,0,0,0,0,,700.0,0,3,0,0,0,0,0,3,4,0,3,3,,N,,,,,,,,,,,
2010113575,1209.0,2,0,0,0,0,0,0,0,0,1,0,,67,10,2010,1,39.9233,-75.1581,1209.0,6,0,0,0,0,0,0,0,0,,0,0,0,12.0,1,1,1,,0,39 55:24.056,,0,75 09:29.091,4,0,0,0,67301,0,0,0,N,0,0,0,3,67301,1,,1,1,,N,N,,0,,0,0,0,0,0,,1203.0,1,2,0,0,0,0,1,3,4,0,2,3,,N,,,,,,,,,,,
2010088932,350.0,1,0,0,0,0,0,0,0,0,7,0,,67,8,2010,6,39.981,-75.2243,340.0,6,0,0,0,0,0,0,0,0,,0,0,0,2.0,3,2,0,,0,39 58:51.675,,0,75 13:27.556,4,0,0,0,67301,0,0,0,,0,0,0,2,67301,1,,2,1,,N,N,,0,,0,0,0,0,0,,215.0,2,1,0,0,0,1,0,3,4,0,1,3,,N,,,,,,,,,,,
2010037743,1055.0,1,0,0,0,0,0,0,0,0,1,1,,67,4,2010,3,40.1141,-74.9877,1045.0,6,0,0,0,0,1,0,0,0,1.0,0,1,0,10.0,1,2,1,,1,40 06:50.926,1.0,0,74 59:15.880,4,0,0,0,67301,0,0,0,N,0,0,0,3,67301,1,,1,1,,N,N,,0,,0,0,0,3,2,N,1015.0,2,2,0,0,0,1,0,3,4,0,2,3,,N,,,,,,,,,,,
2010040558,1935.0,1,0,0,0,0,0,0,0,0,8,0,,67,3,2010,1,40.0319,-75.1629,1930.0,6,0,0,0,0,0,0,0,0,,0,0,0,19.0,3,1,1,,0,40 01:54.915,,0,75 09:46.429,4,0,0,0,67301,1,0,0,N,1,0,0,2,67301,1,,1,1,,N,N,,0,,0,0,0,3,3,,1925.0,1,2,0,0,0,0,1,3,4,0,1,3,,N,,,,,,,,,,,
2010040858,9999.0,1,0,0,0,0,0,0,0,0,8,0,,67,3,2010,7,39.9273,-75.1761,9999.0,6,0,0,0,0,0,0,0,0,,0,0,0,99.0,1,1,0,,0,39 55:38.128,,0,75 10:33.945,3,0,0,0,67301,1,0,0,,1,0,0,2,67301,0,,4,1,,,,,0,,1,0,0,0,0,,9999.0,1,2,0,0,0,0,0,3,4,0,1,3,,N,,,,,,,,,,,
2010038548,42.0,0,0,0,0,0,0,0,0,0,7,0,,67,3,2010,4,39.9815,-75.2069,32.0,6,0,0,1,0,0,0,0,0,1.0,0,0,0,0.0,3,1,0,,1,39 58:57.116,4.0,0,75 12:27.803,8,0,0,0,67301,0,0,0,N,0,0,0,1,68K01,0,,2,9,,N,N,,0,,0,0,1,0,0,N,28.0,1,1,0,0,0,1,0,3,4,0,1,7,,N,,,,,,,,,,,
2010038716,1403.0,0,0,0,0,0,0,0,0,0,7,0,,67,3,2010,6,39.8959,-75.2283,1357.0,6,0,0,0,0,0,0,0,1,,0,0,0,13.0,1,0,0,,0,39 53:45.032,,0,75 13:41.804,0,0,0,0,67301,0,0,0,N,0,0,0,1,67301,0,,5,1,,N,N,,1,,0,0,0,0,0,,1353.0,0,1,0,0,0,0,0,3,4,0,1,3,,N,,,,,,,,,,,
2010038747,1420.0,3,0,0,0,0,0,0,0,0,4,0,,67,3,2010,2,40.0086,-75.0688,1410.0,6,0,0,0,0,0,0,1,0,1.0,0,0,0,14.0,1,2,1,,1,40 00:31.034,6.0,0,75 04:07.810,4,0,0,0,67301,0,0,0,N,0,0,0,3,67301,2,,1,9,,N,N,,0,,0,0,0,1,1,N,1405.0,2,3,0,0,0,0,0,3,4,0,3,7,,N,,,,,,,,,,,
2010122482,925.0,1,0,0,0,0,0,0,0,0,1,0,,67,11,2010,7,39.92,-75.2227,922.0,6,0,0,0,0,0,1,0,0,,0,0,0,7.0,1,1,0,,0,39 55:11.874,,3,75 13:21.866,4,0,0,0,67301,0,0,0,N,0,0,0,2,67301,1,,1,1,,N,N,,0,,0,0,1,0,0,,745.0,1,2,0,0,0,0,0,3,4,0,2,3,,N,,,,,,,,,,,
2010038786,635.0,2,0,0,0,0,0,0,0,0,1,0,,67,3,2010,3,40.0159,-75.1114,624.0,6,0,0,0,0,0,0,0,0,,0,0,0,6.0,5,2,1,,0,40 00:57.204,,0,75 06:40.881,4,0,0,0,67301,0,0,0,,0,0,0,3,67301,2,,1,9,,N,N,,0,,0,0,0,9,3,,624.0,2,2,0,0,0,0,0,3,4,0,2,7,,N,,,,,,,,,,,
2010038963,826.0,0,0,0,0,0,0,1,0,0,5,2,,67,3,2010,5,39.9545,-75.2054,823.0,6,0,0,0,0,0,0,0,0,,0,1,0,8.0,1,1,0,,0,39 57:16.107,,0,75 12:19.470,8,0,0,0,67301,0,0,0,N,0,0,0,3,67301,0,,1,1,,N,N,,0,,0,0,0,0,0,,821.0,1,2,0,0,0,1,2,3,4,0,2,3,,N,,,,,,,,,,,
2010039150,1013.0,1,0,0,0,0,0,0,0,0,8,0,,67,3,2010,2,39.9535,-75.1855,1011.0,6,0,0,0,0,0,1,0,0,,0,0,0,10.0,1,1,0,,0,39 57:12.767,,0,75 11:07.651,8,0,0,0,67301,1,0,0,N,1,0,0,2,67301,0,,6,9,,N,N,,0,,0,0,0,0,0,,1005.0,1,2,0,0,0,1,0,3,4,0,1,7,,N,,,,,,,,,,,
2010039202,1732.0,0,0,0,0,0,0,0,0,0,1,0,,67,3,2010,6,40.0887,-75.0209,1731.0,6,0,1,0,0,0,0,0,0,1.0,0,0,0,17.0,1,1,0,,2,40 05:19.424,1.0,0,75 01:15.237,8,0,0,0,67301,0,0,0,N,0,0,0,2,67301,0,,1,1,,N,N,,1,,0,0,1,3,2,N,1731.0,1,2,0,0,0,1,0,3,4,0,2,3,,N,,,,,,,,,,,
2010039291,1515.0,1,0,0,0,0,0,0,0,0,8,0,,67,3,2010,3,40.0288,-75.1322,1513.0,6,0,0,0,0,0,0,0,0,,0,0,0,14.0,1,1,1,,0,40 01:43.550,,0,75 07:55.833,4,0,0,0,67301,1,0,0,N,1,0,0,2,67301,1,,1,9,,N,N,,0,,0,0,0,2,2,,1455.0,1,2,0,0,0,0,0,3,4,0,1,7,,N,,,,,,,,,,,
2010039313,2145.0,2,0,0,0,0,0,0,0,0,1,0,,67,4,2010,6,39.8981,-75.2109,2140.0,6,0,0,1,0,0,0,0,0,1.0,0,0,0,21.0,3,1,0,,1,39 53:53.059,3.0,3,75 12:39.077,4,0,0,0,67301,0,0,0,,0,0,0,4,67301,1,,1,1,,N,N,,0,,0,0,0,3,2,N,2110.0,1,2,0,0,2,0,0,3,4,0,2,3,,N,,,,,,,,,,,
2010032537,1510.0,1,0,0,0,0,0,0,0,0,8,0,,67,3,2010,5,39.9178,-75.1682,1505.0,6,0,0,0,0,0,0,0,0,,0,0,0,15.0,1,1,0,,0,39 55:03.900,,0,75 10:05.458,8,0,0,0,67301,1,0,0,,1,0,0,4,67301,0,,1,1,,N,N,,0,,0,0,0,0,0,,1500.0,1,2,0,0,1,1,0,3,4,0,1,3,,N,,,,,,,,,,,
2010032730,336.0,2,0,0,0,0,0,0,0,0,4,0,,67,2,2010,3,39.9638,-75.2303,313.0,6,0,0,0,0,0,0,0,0,9.0,0,0,0,3.0,3,1,1,,1,39 57:49.784,5.0,0,75 13:48.907,8,0,0,0,67301,0,0,0,,0,0,0,2,67301,0,,1,9,,,,,0,,0,0,0,3,3,N,313.0,1,2,0,0,0,1,1,3,4,0,2,7,,N,,,,,,,,,,,
2010013031,1806.0,0,0,0,0,0,0,0,0,0,1,0,,67,1,2010,7,39.9945,-75.1986,1803.0,6,0,0,0,0,0,1,1,0,,0,0,0,18.0,3,0,0,,0,39 59:43.568,,0,75 11:51.964,0,0,0,0,67301,0,0,0,N,0,0,0,4,68K01,0,,1,1,,N,N,,0,,0,0,2,0,0,,1800.0,0,2,0,0,0,0,0,3,4,0,2,3,,N,,,,,,,,,,,
2010016175,2154.0,1,0,0,0,0,0,0,0,0,7,0,,67,1,2010,7,39.9149,-75.1478,2150.0,6,0,0,0,0,0,0,0,0,2.0,0,0,0,21.0,3,0,0,,2,39 54:54.136,1.0,0,75 08:51.947,0,0,0,0,67301,0,0,0,Y,0,0,0,1,68K01,0,,3,7,,N,N,,0,,0,0,0,0,0,N,2140.0,0,1,0,0,0,0,0,3,4,0,1,10,,N,,,,,,,,,,,
2010010436,452.0,1,0,0,0,0,0,0,0,0,7,0,,67,1,2010,2,39.9908,-75.2045,443.0,6,0,0,0,0,0,0,0,0,,0,0,0,4.0,3,0,0,,0,39 59:29.302,,0,75 12:12.046,0,0,0,0,67301,0,0,0,N,0,0,0,1,68K01,0,,2,9,,N,N,,0,,0,0,0,0,0,,433.0,0,1,0,0,0,0,0,3,4,0,1,7,,N,,,,,,,,,,,
2010017117,1155.0,2,0,0,0,0,0,0,0,0,5,0,,67,1,2010,2,40.0692,-75.0073,1150.0,6,0,0,0,0,0,1,0,0,,0,0,0,11.0,1,1,1,,0,40 04:08.982,,0,75 00:26.173,4,0,0,0,67301,0,0,0,N,0,0,0,2,67301,1,,1,1,,N,N,,0,,0,0,0,3,2,,1145.0,1,2,0,0,0,0,0,3,4,0,2,3,,N,,,,,,,,,,,
2010017051,420.0,1,0,0,0,0,0,0,0,0,7,0,,67,1,2010,6,40.1056,-75.0337,9999.0,6,0,0,0,0,1,0,0,0,,0,0,0,4.0,3,0,0,,0,40 06:20.228,,0,75 02:01.353,0,0,0,0,67301,0,0,0,,0,0,0,1,67301,0,,2,7,,N,N,,0,,0,0,0,0,0,,420.0,0,1,0,0,0,0,0,3,4,0,1,10,,N,,,,,,,,,,,
2010017263,1905.0,1,0,0,0,0,0,0,0,0,1,0,,67,1,2010,7,39.9582,-75.1699,903.0,6,0,0,0,0,0,0,0,0,,0,0,0,19.0,3,1,1,,0,39 57:32.907,,0,75 10:19.580,8,0,0,0,67301,0,0,0,N,0,0,0,3,67301,0,,1,1,,N,N,,0,,0,0,2,3,2,,1900.0,1,3,0,0,0,1,2,3,4,0,3,3,,N,,,,,,,,,,,
2010021477,1955.0,2,0,0,0,0,0,0,0,0,1,0,,67,1,2010,5,39.9532,-75.1399,1951.0,6,0,0,0,0,0,0,0,0,2.0,0,0,0,19.0,3,3,0,,1,39 57:11.006,1.0,0,75 08:23.633,3,0,0,0,67301,0,0,0,,0,0,0,5,67301,1,,1,1,,N,N,,0,,2,0,0,0,0,N,1950.0,3,2,0,0,0,0,0,3,4,0,2,3,,N,,,,,,,,,,,
2010021529,1839.0,1,0,0,0,0,0,0,0,0,1,0,,67,1,2010,1,40.0447,-75.0613,1835.0,6,0,0,0,0,0,0,1,0,,0,0,0,18.0,3,1,0,,0,40 02:40.836,,0,75 03:40.618,3,0,0,0,67301,0,0,0,N,0,0,0,1,67301,0,,6,1,,N,N,,1,,1,0,0,0,0,,1829.0,1,2,0,0,0,0,0,3,4,0,2,3,,N,,,,,,,,,,,
2010117961,9999.0,1,0,0,0,0,0,0,0,0,6,0,,67,10,2010,4,39.935,-75.2352,9999.0,6,0,0,0,0,0,0,0,0,,0,0,0,99.0,1,0,2,,0,39 56:06.029,,0,75 14:06.873,9,0,0,0,67301,0,0,0,N,0,0,0,2,67301,0,,1,9,,N,N,,0,,0,0,1,0,0,,9999.0,0,2,0,0,0,0,2,3,4,0,2,7,,N,,,,,,,,,,,
2010075025,2131.0,1,0,0,0,0,0,0,0,0,8,0,,67,6,2010,2,39.9998,-75.1145,2130.0,6,0,0,0,0,0,0,0,0,2.0,0,0,0,21.0,3,1,0,,2,39 59:59.237,3.0,0,75 06:52.048,3,0,0,0,67301,1,0,0,,1,0,0,3,67301,0,,1,1,,,,,0,,1,0,0,0,0,Y,2129.0,1,2,0,0,0,0,0,3,4,0,1,3,,N,,,,,,,,,,,
2010075044,1117.0,2,0,0,0,0,0,0,0,0,4,0,,67,2,2010,5,39.926,-75.2325,1112.0,6,0,0,0,0,0,0,0,0,,0,0,0,11.0,1,1,1,,0,39 55:33.546,,0,75 13:57.057,2,0,0,0,67301,0,0,0,,0,0,0,4,67301,0,,1,1,,,,,0,,0,1,0,3,3,,1108.0,1,2,0,0,0,0,2,3,4,0,2,3,,N,,,,,,,,,,,
2010075075,2028.0,1,0,0,0,0,0,0,0,0,7,0,,67,7,2010,7,39.9693,-75.1846,2024.0,6,0,0,0,0,0,0,1,0,,0,0,0,20.0,1,0,1,,0,39 58:09.731,,0,75 11:05.001,0,0,0,0,67301,0,0,0,N,0,0,0,1,67301,0,,5,1,,N,N,,0,,0,0,0,3,2,,2017.0,0,1,0,0,0,0,0,3,4,0,1,3,,N,,,,,,,,,,,
2010075081,1030.0,1,0,0,0,0,0,0,0,0,2,0,,67,7,2010,7,39.9119,-75.1728,1030.0,6,0,0,0,0,0,1,0,0,3.0,0,0,0,10.0,1,2,1,,2,39 54:42.724,3.0,0,75 10:21.917,3,0,0,0,67301,0,0,0,N,0,0,0,3,67301,0,,1,9,,N,N,,2,,1,0,0,3,2,Y,1030.0,2,3,0,0,0,1,0,3,4,0,3,7,,N,,,,,,,,,,,
2010075108,1700.0,0,0,0,0,0,0,0,0,0,1,0,,67,7,2010,5,40.0635,-74.9853,1655.0,6,0,0,0,0,0,1,0,0,,0,0,0,16.0,1,2,0,,0,40 03:48.671,,0,74 59:07.137,4,0,0,0,67301,0,0,0,N,0,0,0,3,67301,2,,1,1,,N,N,,0,,0,0,2,0,0,,1645.0,2,2,0,0,0,0,0,3,4,0,2,3,,N,,,,,,,,,,,
2010043507,1646.0,1,0,0,0,0,0,0,0,0,1,0,,67,5,2010,6,,,1646.0,6,0,0,0,0,0,0,0,0,1.0,0,0,0,16.0,1,0,0,,1,,4.0,3,,0,0,0,0,67301,0,0,0,N,0,0,0,4,67501,0,,1,1,,N,N,,0,,0,0,0,3,8,N,1646.0,0,2,0,0,0,0,0,3,3,1,2,3,,N,,,,,,,,,,,
2010045075,1305.0,2,0,0,0,0,0,0,0,0,1,0,,67,4,2010,3,39.9399,-75.1998,1300.0,6,0,0,0,0,0,0,0,0,,0,0,0,12.0,1,2,1,,0,39 56:23.706,,0,75 11:59.170,8,0,0,0,67301,0,0,0,,0,0,0,3,67301,0,,1,9,,N,N,,0,,0,0,0,3,2,,1225.0,2,2,0,0,0,2,1,3,4,0,2,7,,N,,,,,,,,,,,
2010045097,2115.0,0,0,0,0,0,0,0,0,0,4,0,,67,3,2010,4,40.028,-75.1519,2108.0,6,0,0,0,0,0,0,0,0,,0,0,0,20.0,3,1,2,,0,40 01:40.922,,0,75 09:06.793,2,0,1,1,67301,0,0,0,,0,0,0,2,67301,0,,1,1,,,,,0,,0,1,0,3,2,,2048.0,1,2,0,0,0,0,0,3,4,1,2,3,,N,,,,,,,,,,,
2010045107,1321.0,2,0,0,0,0,0,0,0,0,4,0,,67,4,2010,7,40.1224,-75.0159,1317.0,6,0,0,0,0,0,0,2,0,,0,0,0,13.0,1,1,0,,0,40 07:20.523,,7,75 00:57.372,4,0,0,0,67301,0,0,0,,0,0,0,3,67301,1,,1,1,,,,,0,,0,0,0,0,0,,1310.0,1,2,0,0,0,0,0,3,4,0,2,3,,N,,,,,,,,,,,
2010069877,536.0,1,0,0,0,0,0,0,0,0,4,0,,67,6,2010,2,40.0412,-75.0882,534.0,6,0,0,0,0,0,1,0,0,,0,0,0,5.0,1,0,3,,0,40 02:28.235,,0,75 05:17.545,0,0,0,0,67301,0,0,0,N,0,0,0,2,67301,0,,1,1,,N,N,,0,,0,0,1,3,3,,519.0,0,2,0,0,0,0,0,3,4,0,2,3,,N,,,,,,,,,,,
2010098527,649.0,2,0,0,0,0,0,0,0,0,1,0,,67,10,2010,2,39.9816,-75.1022,639.0,6,0,0,0,0,0,1,0,0,,0,0,0,6.0,5,0,0,,0,39 58:54.633,,0,75 06:05.988,0,0,0,0,67301,0,0,0,N,0,0,0,2,68K01,0,,1,1,,N,N,,0,,0,0,0,0,0,,635.0,0,2,0,0,0,0,0,3,4,0,2,3,,N,,,,,,,,,,,
2010098613,1909.0,0,0,0,0,0,0,0,0,0,4,0,,67,9,2010,7,39.9794,-75.2253,1908.0,6,0,0,0,0,0,1,0,0,,1,0,0,19.0,1,1,1,,0,39 58:45.886,,0,75 13:31.197,1,1,0,1,67301,0,0,0,,0,0,0,3,67301,0,2.0,1,1,,N,N,,0,0.0,0,1,0,3,2,,1907.0,1,3,0,0,0,0,1,3,4,0,3,3,,N,,,,,,,,,,,
2010094195,2205.0,3,0,0,0,0,0,0,0,0,5,0,,67,9,2010,6,40.0086,-75.1054,2204.0,6,0,0,0,0,0,0,0,0,,0,0,0,2.0,3,0,0,,0,40 00:31.093,,0,75 06:19.389,0,0,0,0,67301,0,0,0,,0,0,0,2,67301,0,,6,1,,,,,0,,0,0,0,0,0,,200.0,0,3,0,0,0,0,0,3,4,0,3,3,,N,,,,,,,,,,,
2010094198,1954.0,1,0,0,1,0,0,0,0,0,4,0,,67,8,2010,3,39.96,-75.2371,1949.0,6,0,0,0,0,0,0,0,0,,0,0,0,19.0,4,1,1,,0,39 57:35.837,,0,75 14:13.569,8,0,0,0,67301,1,0,0,N,0,0,0,2,67301,0,,1,9,,N,N,,0,,0,0,0,3,2,,1944.0,1,2,0,0,0,1,0,3,4,0,1,7,,N,,,,,,,,,,,
2010094212,1147.0,0,0,0,0,0,0,0,0,0,8,0,,67,8,2010,4,39.9842,-75.1025,1145.0,6,0,0,0,0,0,0,0,0,2.0,0,0,0,11.0,1,1,1,,1,39 59:02.943,3.0,0,75 06:09.192,4,0,0,0,67301,1,0,0,N,1,0,0,2,67301,1,,1,1,,N,N,,0,,0,0,1,3,2,Y,1145.0,1,2,0,0,0,0,0,3,4,0,1,3,,N,,,,,,,,,,,
2010094246,1230.0,0,0,0,0,0,0,0,0,0,4,0,,67,8,2010,1,39.9579,-75.1623,1227.0,6,0,0,0,0,0,1,0,0,1.0,0,0,0,12.0,8,1,1,,1,39 57:29.007,2.0,0,75 09:44.230,4,0,0,0,67301,2,0,0,,0,0,0,4,67301,1,,1,9,,N,N,,0,,0,0,2,3,2,N,1227.0,1,3,0,0,0,0,1,3,4,1,3,7,,N,,,,,,,,,,,
2010096498,1500.0,1,0,0,0,0,0,0,0,0,1,0,,67,8,2010,5,40.0267,-75.046,1454.0,6,0,0,0,0,0,0,0,0,,0,0,0,14.0,1,1,0,,0,40 01:35.961,,0,75 02:45.574,4,0,0,0,67301,0,0,0,N,0,0,0,1,67301,1,,1,1,,N,N,,0,,0,0,1,0,0,,1450.0,1,2,0,0,0,0,0,3,4,0,2,3,,N,,,,,,,,,,,
2010113735,850.0,2,0,0,0,0,0,0,0,0,4,0,,67,10,2010,4,39.9587,-75.1621,845.0,6,0,0,0,0,0,2,0,0,,0,0,0,99.0,1,4,1,,0,39 57:31.392,,0,75 09:44.125,8,0,0,0,67301,0,0,0,N,0,0,0,4,67301,0,,1,1,,N,N,,0,,0,0,0,0,0,,9999.0,4,2,0,0,0,4,0,3,4,0,2,3,,N,,,,,,,,,,,
2010113767,1642.0,2,0,0,0,0,0,0,0,0,4,0,,67,10,2010,3,40.0631,-75.0866,1637.0,6,0,0,0,0,0,1,0,0,,0,0,0,16.0,1,1,2,,0,40 03:47.156,,0,75 05:11.568,4,0,0,0,67301,0,0,0,N,0,0,0,2,67301,1,,1,9,,N,N,,0,,0,0,0,3,2,,1632.0,1,2,0,0,0,0,0,3,4,0,2,3,,N,,,,,,,,,,,
2010093717,2005.0,1,0,0,1,0,0,0,0,0,1,0,,67,9,2010,5,39.9806,-75.2046,1959.0,6,0,0,0,0,0,0,0,0,1.0,0,0,0,19.0,3,1,0,,1,39 58:50.000,2.0,0,75 12:16.560,8,0,0,0,67301,1,0,0,N,0,0,0,2,67301,0,,1,1,,N,N,,0,,0,0,0,0,0,N,1959.0,1,2,0,0,0,1,0,3,4,0,1,3,,N,,,,,,,,,,,
2010113506,906.0,1,0,0,0,0,0,0,0,0,4,0,,67,10,2010,7,39.9649,-75.2202,903.0,6,0,0,0,0,0,2,0,0,,0,0,0,9.0,1,2,1,,0,39 57:53.474,,0,75 13:12.590,4,0,0,0,67301,0,0,0,,0,0,0,3,67301,2,,1,1,,,,,0,,0,0,0,3,3,,900.0,2,2,0,0,0,0,0,3,4,1,2,3,,N,,,,,,,,,,,
2010093878,1540.0,4,0,0,0,0,0,0,0,0,1,0,,67,8,2010,3,40.0292,-75.1897,1520.0,6,0,0,0,0,0,0,1,1,1.0,0,0,0,15.0,1,2,0,,1,40 01:45.000,1.0,0,75 11:22.760,4,0,0,0,67301,0,0,0,N,0,0,0,5,67301,2,,1,9,,N,N,,0,,0,0,0,0,0,Y,1520.0,2,4,0,0,0,0,0,3,4,0,4,7,,N,,,,,,,,,,,
2010110799,1710.0,1,0,0,0,0,0,0,0,0,8,0,,67,10,2010,5,39.9089,-75.1847,1700.0,6,0,0,0,0,0,1,0,0,,0,0,0,14.0,1,1,0,,0,39 54:32.160,,7,75 11:04.856,4,0,0,0,67301,1,0,0,,1,0,0,2,67301,1,,6,1,,,,,0,,0,0,0,0,0,,1400.0,1,2,0,0,1,0,0,3,4,0,1,3,,N,,,,,,,,,,,
2010110800,1138.0,1,0,0,0,0,0,0,0,0,4,0,,67,10,2010,2,39.9167,-75.173,1133.0,6,0,0,0,0,0,0,0,0,,0,0,0,11.0,1,0,1,,0,39 55:00.268,,0,75 10:22.919,0,0,0,0,67301,0,0,0,,0,0,0,2,67301,0,,1,1,,,,,0,,0,0,1,3,2,,1130.0,0,2,0,0,2,0,0,3,4,0,2,3,,N,,,,,,,,,,,
2010110844,915.0,1,0,0,0,0,0,0,0,0,1,0,,67,10,2010,3,39.956,-75.1915,902.0,6,0,0,0,0,0,1,0,0,,0,0,0,9.0,1,1,0,,0,39 57:21.426,,0,75 11:29.224,4,0,0,0,67301,0,0,0,N,0,0,0,3,67301,1,,1,9,,N,N,,0,,0,0,1,3,2,,902.0,1,2,0,0,0,0,0,3,4,0,2,3,,N,,,,,,,,,,,