CRN,ARRIVAL_TM,AUTOMOBILE_COUNT,BELTED_DEATH_COUNT,BELTED_SUSP_SERIOUS_INJ_COUNT,BICYCLE_COUNT,BICYCLE_DEATH_COUNT,BICYCLE_SUSP_SERIOUS_INJ_COUNT,BUS_COUNT,CHLDPAS_DEATH_COUNT,CHLDPAS_SUSP_SERIOUS_INJ_COUNT,COLLISION_TYPE,COMM_VEH_COUNT,CONS_ZONE_SPD_LIM,COUNTY,CRASH_MONTH,CRASH_YEAR,DAY_OF_WEEK,DEC_LAT,DEC_LONG,DISPATCH_TM,DISTRICT,DRIVER_COUNT_16YR,DRIVER_COUNT_17YR,DRIVER_COUNT_18YR,DRIVER_COUNT_19YR,DRIVER_COUNT_20YR,DRIVER_COUNT_50_64YR,DRIVER_COUNT_65_74YR,DRIVER_COUNT_75PLUS,EST_HRS_CLOSED,FATAL_COUNT,HEAVY_TRUCK_COUNT,HORSE_BUGGY_COUNT,HOUR_OF_DAY,ILLUMINATION,INJURY_COUNT,INTERSECT_TYPE,INTERSECTION_RELATED,LANE_CLOSED,LATITUDE,LN_CLOSE_DIR,LOCATION_TYPE,LONGITUDE,MAX_SEVERITY_LEVEL,MCYCLE_DEATH_COUNT,MCYCLE_SUSP_SERIOUS_INJ_COUNT,MOTORCYCLE_COUNT,MUNICIPALITY,NONMOTR_COUNT,NONMOTR_DEATH_COUNT,NONMOTR_SUSP_SERIOUS_INJ_COUNT,NTFY_HIWY_MAINT,PED_COUNT,PED_DEATH_COUNT,PED_SUSP_SERIOUS_INJ_COUNT,PERSON_COUNT,POLICE_AGCY,POSSIBLE_INJ_COUNT,RDWY_SURF_TYPE_CD,RELATION_TO_ROAD,ROAD_CONDITION,ROADWAY_CLEARED,SCH_BUS_IND,SCH_ZONE_IND,SECONDARY_CRASH,SMALL_TRUCK_COUNT,SPEC_JURIS_CD,SUSP_MINOR_INJ_COUNT,SUSP_SERIOUS_INJ_COUNT,SUV_COUNT,TCD_FUNC_CD,TCD_TYPE,TFC_DETOUR_IND,TIME_OF_DAY,TOT_INJ_COUNT,TOTAL_UNITS,UNB_DEATH_COUNT,UNB_SUSP_SERIOUS_INJ_COUNT,UNBELTED_OCC_COUNT,UNK_INJ_DEG_COUNT,UNK_INJ_PER_COUNT,URBAN_AREA,URBAN_RURAL,VAN_COUNT,VEHICLE_COUNT,WEATHER1,WEATHER2,WORK_ZONE_IND,WORK_ZONE_LOC,WORK_ZONE_TYPE,WORKERS_PRES,WZ_CLOSE_DETOUR,WZ_FLAGGER,WZ_LAW_OFFCR_IND,WZ_LN_CLOSURE,WZ_MOVING,WZ_OTHER,WZ_SHLDER_MDN,WZ_WORKERS_INJ_KILLED
2010110853,905.0,1,0,0,0,0,0,1,0,0,4,1,,67,10,2010,6,39.9514,-75.247,900.0,6,0,0,0,0,0,1,0,0,2.0,0,0,0,8.0,1,8,1,,1,39 57:05.122,4.0,0,75 14:49.361,8,0,0,0,67301,0,0,0,N,0,0,0,9,67301,0,,1,9,,Y,N,,0,,0,0,0,3,3,Y,844.0,8,2,0,0,0,8,0,3,4,0,2,7,,N,,,,,,,,,,,
2010110899,140.0,1,0,0,0,0,0,0,0,0,4,0,,67,10,2010,7,40.0379,-75.1395,134.0,6,0,0,0,0,0,1,0,0,,0,0,0,1.0,3,1,1,,0,40 02:16.443,,0,75 08:22.324,8,0,0,0,67301,0,0,0,N,0,0,0,2,67301,0,,1,1,,N,N,,0,,0,0,1,2,2,,130.0,1,2,0,0,0,1,0,3,4,0,2,3,,N,,,,,,,,,,,
2010035812,804.0,2,0,0,0,0,0,0,0,0,1,0,,67,4,2010,1,40.0097,-75.2077,802.0,6,0,0,0,0,0,0,0,0,,0,0,0,7.0,1,2,7,,0,40 00:35.447,,2,75 12:28.783,8,0,0,0,67301,0,0,0,N,0,0,0,4,68K01,0,,1,1,,N,N,,0,,0,0,0,3,3,,759.0,2,2,0,0,0,2,0,3,4,0,2,3,,N,,,,,,,,,,,
2010122512,1303.0,1,0,0,0,0,0,0,0,0,8,0,,67,11,2010,6,39.9336,-75.1542,1258.0,6,0,0,0,0,0,0,0,1,,0,0,0,12.0,1,1,1,,0,39 56:01.122,,0,75 09:15.065,4,0,0,0,67301,1,0,0,N,1,0,0,2,67301,1,,1,1,,N,N,,0,,0,0,0,9,9,,1257.0,1,2,0,0,0,0,0,3,4,0,1,3,,N,,,,,,,,,,,
2010122518,334.0,2,0,0,0,0,0,0,0,0,5,0,,67,11,2010,5,40.0583,-75.0268,327.0,6,0,0,0,0,0,0,1,0,,0,0,0,3.0,3,0,0,,0,40 03:30.006,,0,75 01:36.451,0,0,0,0,67301,0,0,0,N,0,0,0,1,67301,0,,1,9,,N,N,,0,,0,0,0,0,0,,320.0,0,2,0,0,0,0,0,3,4,0,2,7,,N,,,,,,,,,,,
2010038766,110.0,1,0,0,0,0,0,0,0,0,4,0,99.0,67,3,2010,4,39.9698,-75.1249,1254.0,6,0,0,0,0,0,1,0,0,9.0,0,0,0,99.0,3,1,1,,1,39 58:09.893,1.0,0,75 07:33.422,8,0,0,0,67301,0,0,0,N,0,0,0,3,67301,0,,1,1,,N,N,,0,,0,0,0,3,2,N,9999.0,1,2,0,0,0,1,0,3,4,1,2,3,,Y,8.0,8.0,U,U,U,U,U,U,U,U,
2010041829,1225.0,1,0,0,0,0,0,0,0,0,1,0,,67,5,2010,7,39.9962,-75.197,1220.0,6,0,0,0,0,0,1,0,0,,0,0,0,12.0,1,2,0,,0,39 59:50.096,,0,75 11:46.489,4,0,0,0,67301,0,0,0,N,0,0,0,4,68K01,2,,1,1,,N,N,,0,,0,0,1,0,0,,1219.0,2,2,0,0,0,0,0,3,4,0,2,3,,N,,,,,,,,,,,
2010122617,1720.0,2,0,0,0,0,0,0,0,0,4,0,,67,11,2010,4,39.9444,-75.2309,1709.0,6,0,0,0,0,0,0,0,0,,0,0,0,16.0,1,1,1,,0,39 56:39.732,,0,75 13:51.278,8,0,0,0,67301,0,0,0,N,0,0,0,4,67301,0,,1,1,,N,N,,0,,0,0,0,3,3,,1655.0,1,2,0,0,0,1,0,3,4,0,2,3,,N,,,,,,,,,,,
2010039134,2110.0,1,0,0,0,0,0,0,0,0,7,0,,67,3,2010,3,39.9591,-75.1767,2104.0,6,0,0,0,0,0,0,0,0,1.0,0,0,0,20.0,3,0,3,,2,39 57:32.587,2.0,0,75 10:36.256,0,0,0,0,67301,0,0,0,N,0,0,0,1,67301,0,,2,1,,N,N,,0,,0,0,0,0,0,N,2045.0,0,1,0,0,0,0,0,3,4,0,1,3,,N,,,,,,,,,,,
2010039215,1715.0,2,0,0,0,0,0,0,0,0,4,0,,67,3,2010,6,40.0813,-74.9988,1712.0,6,0,0,0,0,0,0,0,0,,0,0,0,17.0,3,0,2,,0,40 04:52.788,,0,74 59:55.705,0,0,0,0,67301,0,0,0,,0,0,0,2,67301,0,,3,9,,,,,0,,0,0,0,0,0,,1708.0,0,2,0,0,0,0,0,3,4,0,2,7,,N,,,,,,,,,,,
2010039316,2230.0,2,0,0,0,0,0,0,0,0,4,0,,67,3,2010,3,39.9582,-75.2355,2234.0,6,0,0,0,0,0,0,0,0,,0,0,0,22.0,3,0,2,,0,39 57:29.526,,0,75 14:07.849,0,0,0,0,67301,0,0,0,N,0,0,0,2,67301,0,,1,1,,N,N,,0,,0,0,0,3,2,,2230.0,0,2,0,0,0,0,0,3,4,0,2,3,,N,,,,,,,,,,,
2010090066,2142.0,2,0,0,0,0,0,0,0,0,1,0,,67,8,2010,6,40.0004,-75.1949,2142.0,6,0,0,0,0,0,2,0,0,,0,0,0,21.0,2,2,0,,0,40 00:03.349,,0,75 11:40.976,4,0,0,0,67301,0,0,0,N,0,0,0,4,68K01,2,,1,1,,N,N,,0,,0,0,1,0,0,,2142.0,2,3,0,0,0,0,0,3,4,0,3,3,,N,,,,,,,,,,,
2010032716,930.0,2,0,0,0,0,0,0,0,0,5,0,,67,3,2010,3,40.0709,-75.1611,920.0,6,0,0,0,0,0,1,0,0,4.0,0,0,0,8.0,1,1,2,,2,40 04:15.405,5.0,0,75 09:40.060,4,0,0,0,67301,0,0,0,N,0,0,0,3,67301,1,,1,1,,N,N,,0,,0,0,0,0,0,Y,811.0,1,2,0,0,0,0,0,3,4,0,2,3,,N,,,,,,,,,,,
2010032728,1003.0,1,0,0,0,0,0,0,0,0,8,0,,67,3,2010,6,40.0299,-75.035,1003.0,6,0,0,0,0,0,0,0,0,,0,0,0,10.0,1,1,0,,0,40 01:47.901,,7,75 02:07.659,8,0,0,0,67301,1,0,0,N,1,0,0,2,67301,0,,1,9,,N,N,,0,,0,0,0,0,0,,1000.0,1,2,0,0,0,1,0,3,4,0,1,7,,N,,,,,,,,,,,
2010032827,53.0,1,0,0,0,0,0,0,0,0,7,0,,67,3,2010,7,40.0073,-75.1927,48.0,6,0,0,0,0,0,0,0,0,2.0,0,0,0,0.0,3,1,0,,1,40 00:31.890,2.0,0,75 11:23.995,8,0,0,0,67301,0,0,0,,0,0,0,1,67301,0,,1,1,,,,,0,,0,0,0,0,0,N,48.0,1,1,0,0,0,1,0,3,4,0,1,3,,N,,,,,,,,,,,
2010011557,1340.0,0,0,0,0,0,0,0,0,0,8,0,,67,1,2010,4,40.0528,-75.0688,1335.0,6,0,0,0,0,0,1,0,0,,0,0,0,13.0,1,1,0,,0,40 03:10.200,,0,75 04:07.748,8,0,0,0,67301,1,0,0,N,1,0,0,3,67301,0,,1,1,,N,Y,,0,,0,0,1,0,0,,1330.0,1,2,0,0,0,1,0,3,4,0,1,3,,N,,,,,,,,,,,
2010017118,130.0,2,0,0,0,0,0,0,0,0,1,0,,67,1,2010,6,40.0437,-75.0219,127.0,6,0,0,0,0,0,0,0,0,,0,0,0,1.0,3,1,2,,0,40 02:37.146,,0,75 01:18.710,4,0,0,0,67301,0,0,0,N,0,0,0,2,67301,1,,1,1,,N,N,,0,,0,0,0,3,2,,120.0,1,2,0,0,0,0,0,3,4,0,2,3,,N,,,,,,,,,,,
2010017257,1928.0,1,0,0,0,0,0,0,0,0,5,0,,67,1,2010,2,39.9168,-75.226,1924.0,6,0,0,0,0,0,1,0,0,,0,0,0,99.0,3,1,0,,0,39 55:00.633,,0,75 13:33.673,8,0,0,0,67301,0,0,0,N,0,0,0,2,07301,0,,1,1,,N,N,,0,,0,0,1,0,0,,9999.0,1,2,0,0,0,1,0,3,4,0,2,3,,N,,,,,,,,,,,
2010017259,1627.0,1,0,0,0,0,0,0,0,0,4,0,,67,1,2010,2,39.9157,-75.2396,1625.0,6,0,0,0,0,0,1,0,0,,0,0,0,16.0,1,1,0,,0,39 54:56.564,,0,75 14:22.386,8,0,0,0,67301,0,0,0,N,0,0,0,3,67301,0,,1,1,,N,N,,0,,0,0,1,0,0,,1620.0,1,2,0,0,0,1,0,3,4,0,2,3,,N,,,,,,,,,,,
2010021524,424.0,2,0,0,0,0,0,0,0,0,4,0,,67,1,2010,1,39.9602,-75.1909,423.0,6,0,0,0,0,0,0,0,0,,0,0,0,3.0,3,1,1,,0,39 57:36.745,,0,75 11:27.211,4,0,0,0,67301,0,0,0,N,0,0,0,3,67301,1,,1,2,,N,N,,0,,0,0,0,3,2,,354.0,1,2,0,0,0,0,0,3,4,0,2,3,,N,,,,,,,,,,,
2010033293,940.0,1,0,0,0,0,0,0,0,0,4,1,,67,4,2010,2,39.9834,-75.1191,920.0,6,0,0,0,0,0,1,0,0,3.0,0,1,0,8.0,1,1,1,,2,39 59:00.370,3.0,0,75 07:08.921,8,0,0,0,67301,0,0,0,N,0,0,0,2,67301,0,,1,1,,N,N,,0,,0,0,0,3,2,Y,844.0,1,2,0,0,0,1,0,3,4,0,2,3,,N,,,,,,,,,,,
2010021875,1614.0,1,0,0,0,0,0,0,0,0,5,0,,67,1,2010,5,40.0253,-75.1278,1610.0,6,0,0,0,0,0,0,0,0,1.0,0,0,0,16.0,1,1,1,,2,40 01:30.776,4.0,0,75 07:41.097,4,0,0,0,67301,0,0,0,N,0,0,0,2,67301,1,,1,1,,N,N,,0,,0,0,1,3,3,N,1604.0,1,2,0,0,0,0,0,3,4,0,2,3,,N,,,,,,,,,,,
2010048472,642.0,2,0,0,0,0,0,0,0,0,1,0,,67,4,2010,3,39.9725,-75.2419,640.0,6,0,0,0,0,0,0,0,0,1.0,0,0,0,6.0,1,0,0,,2,39 58:21.072,6.0,0,75 14:30.868,0,0,0,0,67301,0,0,0,N,0,0,0,1,67301,0,,6,1,,N,N,,0,,0,0,2,0,0,Y,640.0,0,4,0,0,0,0,0,3,4,0,4,3,,N,,,,,,,,,,,
2010045339,2135.0,0,0,0,0,0,0,0,0,0,7,0,,67,4,2010,3,39.9438,-75.1554,2127.0,6,0,0,0,0,0,0,0,0,,0,0,0,21.0,6,1,0,,0,39 56:37.730,,0,75 09:19.393,8,0,0,0,67301,0,0,0,,0,0,0,1,67301,0,,5,1,,N,N,,1,,0,0,0,3,3,,2125.0,1,1,0,0,0,1,0,3,4,0,1,3,,N,,,,,,,,,,,
2010075096,847.0,1,0,0,0,0,0,0,0,0,7,0,,67,7,2010,7,39.9379,-75.1484,839.0,6,0,0,0,0,0,0,0,0,,0,0,0,8.0,1,0,0,,0,39 56:16.278,,0,75 08:54.103,0,0,0,0,67301,0,0,0,N,0,0,0,1,67301,0,,5,1,,N,N,,0,,0,0,0,3,3,,835.0,0,1,0,0,0,0,0,3,4,0,1,3,,N,,,,,,,,,,,
2010075099,1034.0,0,0,0,0,0,0,0,0,0,1,0,,67,6,2010,3,39.9159,-75.2393,1031.0,6,0,0,0,0,0,0,0,0,,0,0,0,10.0,1,1,0,,0,39 54:57.084,,0,75 14:21.646,4,0,0,0,67301,0,0,0,N,0,0,0,1,67301,1,,1,1,,N,N,,0,,0,0,1,0,0,,1028.0,1,2,0,0,0,0,0,3,4,0,2,3,,N,,,,,,,,,,,
2010064687,1550.0,1,0,0,0,0,0,0,0,0,4,0,,67,5,2010,4,39.9834,-75.2432,1550.0,6,0,0,0,0,0,0,0,0,2.0,0,0,0,15.0,1,1,2,,1,39 59:00.118,4.0,0,75 14:35.451,3,0,0,1,67301,0,0,0,N,0,0,0,2,67301,0,,1,1,,N,N,,0,,1,0,0,3,3,Y,1540.0,1,2,0,0,0,0,0,3,4,0,2,3,,N,,,,,,,,,,,
2010074856,1515.0,1,0,0,1,0,0,0,0,0,1,0,,67,7,2010,2,40.0239,-75.1105,1510.0,6,0,0,0,0,0,0,0,0,,0,0,0,14.0,1,1,2,,0,40 01:26.024,,6,75 06:37.633,4,0,0,0,67301,1,0,0,N,0,0,0,5,67301,1,,1,1,,N,N,,0,,0,0,0,0,0,,1440.0,1,2,0,0,0,0,0,3,4,0,1,3,,N,,,,,,,,,,,
2010094296,1855.0,1,0,0,1,0,0,0,0,0,5,0,,67,9,2010,5,39.9973,-75.1038,1849.0,6,0,0,0,0,0,0,0,0,1.0,0,0,0,18.0,1,1,0,,2,39 59:50.236,7.0,0,75 06:13.615,3,0,0,0,67301,1,0,0,N,0,0,0,2,67301,0,,1,1,,N,N,,0,,1,0,0,0,0,Y,1835.0,1,2,0,0,0,0,0,3,4,0,1,3,,N,,,,,,,,,,,
2010094122,2141.0,1,0,0,0,0,0,0,0,0,4,0,,67,8,2010,6,39.9806,-75.2501,2141.0,6,0,0,0,0,0,0,0,0,,0,0,0,21.0,3,1,2,,0,39 58:50.145,,0,75 15:00.525,4,0,0,1,67301,0,0,0,,0,0,0,2,67301,1,,1,1,,N,N,,0,,0,0,0,3,3,,2140.0,1,2,0,0,0,0,0,3,4,0,2,3,,N,,,,,,,,,,,
2010094147,1341.0,1,0,0,0,0,0,0,0,0,4,0,,67,9,2010,3,39.9854,-75.1614,1341.0,6,0,0,0,0,0,1,0,0,,0,0,0,13.0,1,2,1,,0,39 59:07.310,,0,75 09:40.971,4,0,0,0,67301,0,0,0,N,0,0,0,3,67301,2,,1,1,,N,N,,1,,0,0,0,3,2,,1335.0,2,2,0,0,0,0,0,3,4,0,2,3,,N,,,,,,,,,,,
2010094205,145.0,2,0,0,0,0,0,0,0,0,7,0,,67,8,2010,1,39.9216,-75.1912,144.0,6,0,0,0,1,0,0,0,0,1.0,0,0,0,1.0,3,1,2,,1,39 55:17.587,5.0,0,75 11:29.484,8,0,0,0,67301,0,0,0,N,0,0,0,6,67301,0,,1,1,,N,N,,0,,0,0,0,3,2,N,141.0,1,2,0,0,1,1,0,3,4,0,2,3,,N,,,,,,,,,,,
2010094209,1345.0,2,0,0,0,0,0,0,0,0,6,0,,67,8,2010,6,39.9992,-75.1291,1338.0,6,0,0,0,0,0,0,0,0,,0,0,0,13.0,1,0,0,,0,39 59:57.120,,0,75 07:44.922,0,0,0,0,67301,0,0,0,N,0,0,0,1,67301,0,,2,1,,N,N,,1,,0,0,1,0,0,,1335.0,0,4,0,0,0,0,0,3,4,0,4,3,,N,,,,,,,,,,,
2010094221,707.0,2,0,0,0,0,0,0,0,0,4,0,,67,8,2010,4,39.9399,-75.2114,707.0,6,0,0,0,0,0,0,0,0,,0,0,0,6.0,1,1,1,,0,39 56:23.459,,0,75 12:41.033,4,0,0,0,67301,0,0,0,,0,0,0,2,67301,1,,1,1,,,,,0,,0,0,0,3,2,,653.0,1,2,0,0,0,0,0,3,4,0,2,3,,N,,,,,,,,,,,
2010094237,1536.0,3,0,0,0,0,0,0,0,0,1,0,99.0,67,8,2010,2,40.0248,-75.0336,1534.0,6,0,1,0,0,0,0,0,0,,0,0,0,15.0,1,2,0,,0,40 01:29.233,,0,75 02:00.873,4,0,0,0,67301,0,0,0,Y,0,0,0,5,67301,2,,1,1,,N,N,,0,,0,0,1,0,0,,1520.0,2,4,0,0,0,0,0,3,4,0,4,3,,Y,8.0,8.0,U,U,U,U,U,U,U,U,
2010094250,2325.0,2,0,0,0,0,0,0,0,0,5,0,,67,8,2010,3,39.9386,-75.1644,2320.0,6,0,0,0,0,1,0,0,0,2.0,0,0,0,23.0,3,1,0,,2,39 56:18.970,1.0,0,75 09:51.768,4,0,0,0,67301,0,0,0,N,0,0,0,1,67301,1,,1,1,,N,N,,0,,0,0,1,0,0,Y,2305.0,1,3,0,0,0,0,0,3,4,0,3,3,,N,,,,,,,,,,,
2010113504,645.0,1,0,0,0,0,0,0,0,0,7,0,25.0,67,10,2010,2,40.0258,-75.2032,630.0,6,0,0,0,0,0,0,0,0,,0,0,0,6.0,1,0,0,,0,40 01:32.897,,0,75 12:11.538,0,0,0,0,67301,0,0,0,,0,0,0,1,67301,0,,2,9,,N,N,,0,,0,0,0,0,0,,625.0,0,1,0,0,1,0,0,3,4,0,1,98,,Y,4.0,1.0,Y,U,U,N,U,U,U,U,
2010091568,1942.0,2,0,0,0,0,0,0,0,0,1,0,,67,9,2010,3,39.9901,-75.0872,1936.0,6,0,0,0,0,0,0,0,0,1.0,0,0,0,19.0,4,0,0,,2,39 59:23.840,2.0,0,75 05:14.231,0,0,0,0,67301,0,0,0,N,0,0,0,4,68K01,0,,1,1,,N,N,,0,,0,0,0,0,0,N,1933.0,0,2,0,0,0,0,0,3,4,0,2,3,,N,,,,,,,,,,,
2010110785,1719.0,1,0,0,0,0,0,0,0,0,4,0,,67,9,2010,3,39.9942,-75.1562,1717.0,6,0,0,0,0,0,1,0,0,,0,0,0,17.0,1,3,1,,0,39 59:38.951,,0,75 09:22.386,3,0,0,0,67301,0,0,0,,0,0,0,3,67301,0,,1,1,,,,,1,,3,0,0,3,2,,1717.0,3,2,0,0,0,0,0,3,4,0,2,3,,N,,,,,,,,,,,
2010069684,1735.0,1,0,0,0,0,0,1,0,0,4,1,,67,6,2010,7,39.9847,-75.1565,1731.0,6,0,0,0,0,0,0,0,1,,0,0,0,17.0,1,3,1,,0,39 59:04.850,,0,75 09:23.377,8,0,0,0,67301,0,0,0,N,0,0,0,4,67301,0,,1,1,,N,N,,0,,0,0,0,3,2,,1730.0,3,2,0,0,0,3,0,3,4,0,2,3,,N,,,,,,,,,,,
2010006023,1609.0,0,0,0,0,0,0,0,0,0,1,0,,67,1,2010,3,39.9513,-75.1829,1603.0,6,0,0,0,0,0,0,1,0,,0,0,0,15.0,1,0,0,,0,39 57:07.815,,0,75 10:56.492,0,0,0,0,67301,0,0,0,N,0,0,0,3,68K01,0,,1,1,,N,N,,0,,0,0,3,0,0,,1557.0,0,3,0,0,0,0,0,3,4,0,3,3,,N,,,,,,,,,,,
2010011580,810.0,2,0,0,0,0,0,0,0,0,4,0,,67,1,2010,6,39.9538,-75.2002,800.0,6,0,0,0,0,0,0,0,0,9.0,0,0,0,8.0,1,1,1,,2,39 57:13.772,7.0,0,75 12:00.554,3,0,0,0,67301,1,0,0,,1,0,0,3,67301,0,,1,2,,N,N,,0,,1,0,0,3,2,Y,800.0,1,3,0,0,2,0,0,3,4,0,2,10,,N,,,,,,,,,,,
2010011585,2035.0,1,0,0,0,0,0,0,0,0,6,0,,67,1,2010,2,40.0368,-75.034,2027.0,6,0,1,0,0,0,0,0,0,1.0,0,0,0,20.0,3,1,1,,2,40 02:12.447,7.0,0,75 02:02.263,4,0,0,0,67301,0,0,0,,0,0,0,7,67301,1,,1,1,,,,,0,,0,0,1,3,3,N,2027.0,1,2,0,0,0,0,0,3,4,0,2,3,,N,,,,,,,,,,,
2010040546,1605.0,2,0,0,0,0,0,0,0,0,1,0,,67,3,2010,1,40.0325,-75.2251,1554.0,6,0,0,0,0,0,0,0,0,,0,0,0,15.0,1,3,2,,0,40 01:56.982,,0,75 13:30.388,4,0,0,0,67301,0,0,0,N,0,0,0,4,67301,3,,1,1,,N,N,,0,,0,0,0,3,3,,1535.0,3,2,0,0,1,0,0,3,4,0,2,3,,N,,,,,,,,,,,
2010038674,1753.0,2,0,0,0,0,0,0,0,0,4,0,,67,3,2010,5,39.9657,-75.1705,1753.0,6,0,0,0,0,0,1,0,0,,0,0,0,17.0,1,2,1,,0,39 57:56.440,,0,75 10:13.879,4,0,0,0,67301,0,0,0,N,0,0,0,3,67301,2,,1,9,,N,N,,0,,0,0,0,3,3,,1753.0,2,2,0,0,0,0,0,3,4,0,2,3,,N,,,,,,,,,,,
2010038675,1755.0,1,0,0,1,0,0,0,0,0,5,0,,67,3,2010,4,39.9298,-75.1442,1752.0,6,0,0,0,0,0,0,0,0,,0,0,0,17.0,1,1,1,,0,39 55:47.801,,0,75 08:39.967,4,0,0,0,67301,1,0,0,N,0,0,0,2,67301,1,,1,1,,N,N,,0,,0,0,0,3,2,,1745.0,1,2,0,0,0,0,0,3,4,0,1,3,,N,,,,,,,,,,,
2010038713,2323.0,0,0,0,0,0,0,0,0,0,7,0,,67,3,2010,2,40.0712,-75.2407,2320.0,6,0,0,0,0,0,1,0,0,,0,0,0,23.0,3,1,0,,0,40 04:16.204,,0,75 14:26.538,8,0,0,0,67301,0,0,0,N,0,0,0,1,67301,0,,1,9,,N,N,,0,,0,0,1,0,0,,2317.0,1,1,0,0,0,1,0,3,4,0,1,7,5.0,N,,,,,,,,,,,
2010122363,1415.0,0,0,0,0,0,0,0,0,0,8,0,,67,11,2010,6,39.9477,-75.1511,1410.0,6,0,0,0,0,0,0,0,0,,0,0,0,14.0,1,1,1,,0,39 56:51.762,,0,75 09:03.936,8,0,0,0,67301,1,0,0,N,1,0,0,2,67301,0,,1,1,,N,N,,0,,0,0,1,3,2,,1405.0,1,2,0,0,0,1,0,3,4,0,1,3,,N,,,,,,,,,,,
2010122388,1609.0,1,0,0,0,0,0,0,0,0,7,0,,67,11,2010,3,39.9372,-75.1566,1608.0,6,0,0,0,0,0,0,0,0,1.0,0,0,0,16.0,1,1,0,,2,39 56:13.747,2.0,0,75 09:23.806,8,0,0,0,67301,0,0,0,,0,0,0,1,67301,0,,6,1,,,,,0,,0,0,0,0,0,Y,1600.0,1,1,0,0,0,1,0,3,4,0,1,3,,N,,,,,,,,,,,
2010122455,1513.0,0,0,0,0,0,0,0,0,0,4,0,,67,11,2010,5,40.0039,-75.1492,1512.0,6,0,0,0,0,0,0,0,0,1.0,0,0,0,15.0,1,1,1,,1,40 00:14.047,4.0,0,75 08:57.044,8,0,0,0,67301,0,0,0,N,0,0,0,2,67301,0,,1,1,,N,Y,,2,,0,0,0,3,2,Y,1510.0,1,2,0,0,1,1,0,3,4,0,2,3,,N,,,,,,,,,,,
2010122523,1425.0,1,0,0,0,0,0,0,0,0,5,0,,67,11,2010,3,40.0361,-75.163,1415.0,6,0,0,0,0,0,0,0,0,,0,0,0,14.0,1,1,10,,0,40 02:10.017,,0,75 09:46.648,8,0,0,0,67301,1,0,0,N,0,0,0,2,67301,0,,1,1,,N,N,,1,,0,0,0,0,0,,1409.0,1,2,0,0,0,1,0,3,4,0,2,3,,N,,,,,,,,,,,
2010038765,1025.0,0,0,0,0,0,0,0,0,0,4,0,,67,3,2010,4,40.0313,-75.0662,1015.0,6,0,0,0,0,0,0,0,0,,0,0,0,10.0,1,1,1,,0,40 01:52.664,,0,75 03:58.343,4,0,0,0,67301,0,0,0,N,0,0,0,2,67301,1,,1,1,,N,N,,0,,0,0,0,3,3,,1010.0,1,2,0,0,0,0,0,3,4,2,2,3,,N,,,,,,,,,,,
2010038790,1649.0,0,0,0,0,0,0,0,0,0,1,0,,67,3,2010,6,40.025,-75.1236,1647.0,6,0,0,0,0,0,1,1,0,,0,0,0,16.0,1,3,0,,0,40 01:30.140,,0,75 07:24.954,4,0,0,0,67301,0,0,0,,0,0,0,3,67301,3,,1,1,,,,,1,,0,0,1,0,0,,1647.0,3,2,0,0,0,0,0,3,4,0,2,3,,N,,,,,,,,,,,
2010038794,1220.0,1,0,0,0,0,0,1,0,0,1,1,,67,3,2010,7,39.9351,-75.1426,1214.0,6,0,0,0,0,0,0,0,0,,0,0,0,12.0,1,2,0,,0,39 56:06.522,,0,75 08:33.426,8,0,0,0,67301,0,0,0,N,0,0,0,3,67301,0,,1,1,,N,N,,0,,0,0,0,3,2,,1210.0,2,2,0,0,1,2,0,3,4,0,2,3,,N,,,,,,,,,,,
2010119932,1819.0,1,0,0,0,0,0,0,0,0,1,0,,67,11,2010,2,40.0274,-75.0254,1809.0,6,0,0,0,0,0,0,0,0,1.0,0,0,0,17.0,2,1,0,,2,40 01:38.569,2.0,0,75 01:30.953,4,0,0,0,67301,0,0,0,N,0,0,0,5,68K01,1,,1,1,,N,N,,0,,0,0,2,0,0,N,1756.0,1,3,0,0,0,0,0,3,4,0,3,3,,N,,,,,,,,,,,
2010039159,1330.0,1,0,0,0,0,0,0,0,0,4,0,,67,3,2010,6,39.9622,-75.2434,1300.0,6,0,0,0,0,0,0,0,0,,0,0,0,12.0,1,1,2,,0,39 57:43.984,,0,75 14:36.544,4,0,0,0,67301,0,0,0,N,0,0,0,2,67301,1,,1,1,,N,N,,1,,0,0,0,3,3,,1245.0,1,2,0,0,0,0,0,3,4,0,2,3,,N,,,,,,,,,,,
2010039314,315.0,1,0,0,0,0,0,0,0,0,1,0,,67,3,2010,1,40.0144,-75.1785,306.0,6,0,0,0,0,0,0,0,0,2.0,0,0,0,3.0,3,1,0,,1,40 00:51.722,2.0,0,75 10:42.766,4,0,0,0,67301,0,0,0,,0,0,0,3,67301,1,,1,9,,,,,0,,0,0,0,0,0,N,304.0,1,2,0,0,0,0,0,3,4,1,2,7,,N,,,,,,,,,,,
2010031759,1301.0,1,0,0,0,0,0,0,0,0,7,0,,67,3,2010,2,39.9583,-75.1804,1249.0,6,0,0,0,0,0,1,0,0,,0,0,0,12.0,1,0,6,,0,39 57:34.701,,2,75 10:51.774,0,0,0,0,67301,0,0,0,N,0,0,0,1,68K01,0,,2,9,,N,N,,0,,0,0,0,0,0,,1247.0,0,1,0,0,0,0,0,3,4,0,1,7,,N,,,,,,,,,,,