CRN,ARRIVAL_TM,AUTOMOBILE_COUNT,BELTED_DEATH_COUNT,BELTED_SUSP_SERIOUS_INJ_COUNT,BICYCLE_COUNT,BICYCLE_DEATH_COUNT,BICYCLE_SUSP_SERIOUS_INJ_COUNT,BUS_COUNT,CHLDPAS_DEATH_COUNT,CHLDPAS_SUSP_SERIOUS_INJ_COUNT,COLLISION_TYPE,COMM_VEH_COUNT,CONS_ZONE_SPD_LIM,COUNTY,CRASH_MONTH,CRASH_YEAR,DAY_OF_WEEK,DEC_LAT,DEC_LONG,DISPATCH_TM,DISTRICT,DRIVER_COUNT_16YR,DRIVER_COUNT_17YR,DRIVER_COUNT_18YR,DRIVER_COUNT_19YR,DRIVER_COUNT_20YR,DRIVER_COUNT_50_64YR,DRIVER_COUNT_65_74YR,DRIVER_COUNT_75PLUS,EST_HRS_CLOSED,FATAL_COUNT,HEAVY_TRUCK_COUNT,HORSE_BUGGY_COUNT,HOUR_OF_DAY,ILLUMINATION,INJURY_COUNT,INTERSECT_TYPE,INTERSECTION_RELATED,LANE_CLOSED,LATITUDE,LN_CLOSE_DIR,LOCATION_TYPE,LONGITUDE,MAX_SEVERITY_LEVEL,MCYCLE_DEATH_COUNT,MCYCLE_SUSP_SERIOUS_INJ_COUNT,MOTORCYCLE_COUNT,MUNICIPALITY,NONMOTR_COUNT,NONMOTR_DEATH_COUNT,NONMOTR_SUSP_SERIOUS_INJ_COUNT,NTFY_HIWY_MAINT,PED_COUNT,PED_DEATH_COUNT,PED_SUSP_SERIOUS_INJ_COUNT,PERSON_COUNT,POLICE_AGCY,POSSIBLE_INJ_COUNT,RDWY_SURF_TYPE_CD,RELATION_TO_ROAD,ROAD_CONDITION,ROADWAY_CLEARED,SCH_BUS_IND,SCH_ZONE_IND,SECONDARY_CRASH,SMALL_TRUCK_COUNT,SPEC_JURIS_CD,SUSP_MINOR_INJ_COUNT,SUSP_SERIOUS_INJ_COUNT,SUV_COUNT,TCD_FUNC_CD,TCD_TYPE,TFC_DETOUR_IND,TIME_OF_DAY,TOT_INJ_COUNT,TOTAL_UNITS,UNB_DEATH_COUNT,UNB_SUSP_SERIOUS_INJ_COUNT,UNBELTED_OCC_COUNT,UNK_INJ_DEG_COUNT,UNK_INJ_PER_COUNT,URBAN_AREA,URBAN_RURAL,VAN_COUNT,VEHICLE_COUNT,WEATHER1,WEATHER2,WORK_ZONE_IND,WORK_ZONE_LOC,WORK_ZONE_TYPE,WORKERS_PRES,WZ_CLOSE_DETOUR,WZ_FLAGGER,WZ_LAW_OFFCR_IND,WZ_LN_CLOSURE,WZ_MOVING,WZ_OTHER,WZ_SHLDER_MDN,WZ_WORKERS_INJ_KILLED
2010032518,1326.0,1,0,0,0,0,0,0,0,0,2,0,,67,3,2010,4,39.9776,-75.1828,1325.0,6,0,0,0,0,0,1,0,0,,0,0,0,13.0,1,2,1,,0,39 58:39.305,,0,75 10:58.117,4,0,0,0,67301,0,0,0,N,0,0,0,2,67301,2,,1,1,,N,N,,0,,0,0,1,3,2,,1320.0,2,2,0,0,0,0,0,3,4,0,2,3,,N,,,,,,,,,,,
2010032544,1730.0,0,0,0,0,0,0,0,0,0,4,0,,67,2,2010,5,40.0608,-75.0681,1728.0,6,0,0,0,0,0,0,0,0,,0,0,0,17.0,1,2,1,,0,40 03:38.955,,0,75 04:05.015,3,0,0,0,67301,0,0,0,N,0,0,0,3,67301,1,,1,9,,N,N,,1,,1,0,0,3,2,,1726.0,2,2,0,0,0,0,0,3,4,0,2,10,,N,,,,,,,,,,,
2010032647,1006.0,0,0,0,0,0,0,0,0,0,7,0,,67,3,2010,4,40.0408,-75.0144,1004.0,6,0,0,0,0,0,0,0,0,,0,0,0,10.0,1,1,2,,0,40 02:27.070,,0,75 00:51.824,4,0,0,0,67301,0,0,0,N,0,0,0,1,67301,1,,4,9,,N,N,,0,,0,0,1,9,3,,1002.0,1,1,0,0,0,0,0,3,4,0,1,7,,N,,,,,,,,,,,
2010085218,1823.0,2,0,0,0,0,0,0,0,0,1,0,,67,9,2010,4,40.0096,-75.2056,1810.0,6,0,0,0,0,0,0,0,1,1.0,0,0,0,18.0,1,2,0,,2,40 00:34.815,4.0,0,75 12:20.757,8,0,0,0,67301,0,0,0,N,0,0,0,3,68K01,0,,1,1,,N,N,,0,,0,0,0,0,0,N,1806.0,2,2,0,0,0,2,0,3,4,0,2,3,,N,,,,,,,,,,,
2010032733,220.0,3,0,0,0,0,0,0,0,0,1,0,,67,3,2010,6,39.9609,-75.245,215.0,6,0,0,0,0,0,0,0,0,,0,0,0,2.0,3,0,1,,0,39 57:39.331,,0,75 14:41.973,0,0,0,0,67301,0,0,0,N,0,0,0,3,67301,0,,1,1,,N,N,,0,,0,0,0,3,2,,210.0,0,3,0,0,0,0,0,3,4,0,3,3,,N,,,,,,,,,,,
2010017088,1230.0,0,0,0,0,0,0,0,0,0,8,0,,67,1,2010,5,39.9392,-75.1594,1226.0,6,0,0,0,0,0,0,0,0,,0,0,0,12.0,1,1,1,,0,39 56:21.058,,0,75 09:33.879,4,0,0,0,67301,1,0,0,,1,0,0,2,67301,1,,1,1,,N,N,,0,,0,0,0,3,2,,1226.0,1,2,0,0,0,0,0,3,4,1,1,3,,N,,,,,,,,,,,
2010017046,2257.0,2,0,0,0,0,0,0,0,0,5,0,,67,1,2010,7,39.8997,-75.2074,2250.0,6,0,0,0,0,0,0,0,0,1.0,0,0,0,22.0,3,0,0,,1,39 53:58.979,4.0,3,75 12:26.531,0,0,0,0,67301,0,0,0,N,0,0,0,2,67301,0,,1,1,,N,N,,0,,0,0,0,0,0,N,2242.0,0,2,0,0,0,0,0,3,4,0,2,3,,N,,,,,,,,,,,
2010017157,2145.0,0,0,0,0,0,0,0,0,0,7,0,,67,1,2010,6,39.9958,-75.1757,2144.0,6,0,0,0,0,0,0,0,0,,0,0,0,21.0,3,0,2,,0,39 59:44.937,,0,75 10:32.685,9,0,0,0,67301,0,0,0,,0,0,0,2,67301,0,,5,1,,,,,0,,0,0,1,0,0,,2144.0,0,1,0,0,0,0,2,3,4,0,1,3,,N,,,,,,,,,,,
2010021525,9.0,0,0,0,0,0,0,1,0,0,8,1,,67,2,2010,2,39.9652,-75.2027,6.0,6,0,0,0,0,0,1,0,0,,0,0,0,0.0,3,1,1,,0,39 57:54.590,,0,75 12:09.575,8,0,0,0,67301,1,0,0,N,1,0,0,2,67301,0,,1,1,,N,N,,0,,0,0,0,3,3,,4.0,1,2,0,0,0,1,0,3,4,0,1,3,,N,,,,,,,,,,,
2010021554,2111.0,1,0,0,0,0,0,0,0,0,1,0,,67,1,2010,3,40.0253,-75.1329,2110.0,6,0,0,0,0,0,0,0,0,,0,0,0,20.0,3,2,0,,0,40 01:31.242,,0,75 07:58.458,4,0,0,0,67301,0,0,0,N,0,0,0,4,67301,2,,1,1,,N,N,,1,,0,0,0,3,2,,2038.0,2,2,0,0,0,0,2,3,4,0,2,3,,N,,,,,,,,,,,
2010021734,835.0,1,0,0,0,0,0,0,0,0,8,0,,67,1,2010,3,39.9413,-75.2333,833.0,6,0,0,0,0,0,0,0,0,,0,0,0,8.0,1,1,0,,0,39 56:28.752,,0,75 13:59.786,4,0,0,0,67301,1,0,0,,1,0,0,2,67301,1,,6,1,,,,,0,,0,0,0,0,0,,800.0,1,2,0,0,0,0,0,3,4,0,1,3,,N,,,,,,,,,,,
2010080557,2130.0,2,0,0,0,0,0,0,0,0,1,0,,67,8,2010,5,39.924,-75.1475,2126.0,6,0,0,0,1,0,0,0,0,2.0,0,0,0,21.0,3,1,0,,2,39 55:25.980,2.0,0,75 08:50.959,3,0,0,0,67301,0,0,0,N,0,0,0,2,68K01,0,,1,1,,N,N,,0,,1,0,0,0,0,N,2123.0,1,2,0,0,0,0,0,3,4,0,2,3,,N,,,,,,,,,,,
2010048456,1600.0,2,0,0,0,0,0,0,0,0,4,0,,67,4,2010,7,39.978,-75.1638,1535.0,6,0,0,0,0,0,1,0,0,,0,0,0,15.0,1,1,1,,0,39 58:40.814,,0,75 09:49.600,8,0,0,0,67301,0,0,0,N,0,0,0,2,67301,0,,1,1,,N,N,,0,,0,0,0,9,3,,1535.0,1,2,0,0,0,1,0,3,4,0,2,3,,N,,,,,,,,,,,
2010103933,807.0,0,0,0,0,0,0,0,0,0,8,0,,67,9,2010,6,40.0544,-75.0716,805.0,6,0,0,0,0,0,0,0,0,,0,0,0,8.0,1,1,0,,0,40 03:16.014,,0,75 04:17.926,4,0,0,0,67301,1,0,0,,1,0,0,2,67301,1,,1,1,,,,,0,,0,0,1,0,0,,805.0,1,2,0,0,0,0,0,3,4,0,1,3,,N,,,,,,,,,,,
2010094137,630.0,1,0,0,0,0,0,0,0,0,4,1,,67,8,2010,4,40.0945,-75.015,615.0,6,0,0,0,0,0,0,0,0,9.0,0,1,0,6.0,1,1,1,,1,40 05:40.380,1.0,0,75 00:54.123,2,0,0,0,67301,0,0,0,N,0,0,0,2,67301,0,,1,1,,N,N,,0,,0,1,0,3,2,N,612.0,1,2,0,0,0,0,0,3,4,0,2,3,,N,,,,,,,,,,,
2010094140,1950.0,2,0,0,0,0,0,0,0,0,4,0,,67,8,2010,3,40.03,-75.1042,1940.0,6,0,0,0,0,0,0,0,0,1.0,0,0,0,19.0,3,1,0,,1,40 01:48.075,2.0,0,75 06:14.396,4,0,0,0,67301,0,0,0,N,0,0,0,2,67301,1,,1,1,,N,N,,0,,0,0,0,3,2,N,1935.0,1,2,0,0,0,0,0,3,4,0,2,3,,N,,,,,,,,,,,
2010094159,1010.0,0,0,0,1,0,0,1,0,0,4,1,,67,8,2010,1,39.9153,-75.1598,1008.0,6,0,0,0,0,0,1,0,0,,0,0,0,10.0,1,1,1,,0,39 54:55.356,,0,75 09:34.994,4,0,0,0,67301,1,0,0,,0,0,0,2,67301,1,,1,1,,,,,0,,0,0,0,3,2,,1007.0,1,2,0,0,0,0,0,3,4,0,1,3,,N,,,,,,,,,,,
2010093690,2123.0,1,0,0,0,0,0,0,0,0,4,0,,67,8,2010,5,40.0532,-75.1221,2123.0,6,0,0,0,0,0,0,1,0,,0,0,0,20.0,3,2,1,,0,40 03:11.434,,0,75 07:19.656,8,0,0,0,67301,0,0,0,N,0,0,0,2,67301,0,,1,1,,N,N,,0,,0,0,1,3,2,,2053.0,2,2,0,0,0,2,0,3,4,0,2,3,,N,,,,,,,,,,,
2010093721,917.0,1,0,0,0,0,0,0,0,0,2,0,,67,8,2010,1,39.9206,-75.2143,915.0,6,0,0,0,0,0,1,0,0,,2,0,0,9.0,1,0,0,,0,39 55:14.210,,0,75 12:51.638,1,0,0,0,67301,0,0,0,N,0,0,0,2,67301,0,2.0,1,1,,N,N,,0,0.0,0,0,1,0,0,,915.0,0,2,2,0,2,0,0,3,4,0,2,3,,N,,,,,,,,,,,
2010110793,220.0,1,0,0,0,0,0,0,0,0,1,0,,67,10,2010,6,39.9565,-75.1491,219.0,6,0,0,0,0,0,0,0,0,1.0,0,0,0,2.0,3,0,6,,1,39 57:22.423,2.0,2,75 08:56.893,9,0,0,0,67301,0,0,0,,0,0,0,7,67301,0,,1,1,,N,N,,0,,0,0,1,3,2,N,201.0,0,2,0,0,0,0,7,3,4,0,2,3,,N,,,,,,,,,,,
2010110889,1910.0,1,0,0,1,0,0,0,0,0,4,0,,67,9,2010,4,39.9661,-75.2298,1907.0,6,0,0,0,0,0,0,0,0,,0,0,0,17.0,1,1,2,,0,39 57:58.050,,0,75 13:47.319,4,0,0,0,67301,1,0,0,N,0,0,0,2,67301,1,,1,1,,N,N,,0,,0,0,0,3,3,,1740.0,1,2,0,0,0,0,1,3,4,0,1,3,,N,,,,,,,,,,,
2010035803,11.0,1,0,0,0,0,0,0,0,0,5,0,,67,3,2010,7,40.0018,-75.195,11.0,6,0,0,0,0,0,0,0,0,,0,0,0,0.0,3,1,0,,0,40 00:06.735,,0,75 11:41.847,8,0,0,0,67301,0,0,0,N,0,0,0,2,68K01,0,,1,1,,N,N,,0,,0,0,1,0,0,,11.0,1,2,0,0,0,1,0,3,4,0,2,3,,N,,,,,,,,,,,
2010038678,9999.0,1,0,0,0,0,0,0,0,0,7,0,,67,3,2010,5,39.9362,-75.1839,9999.0,6,0,0,0,0,0,0,0,1,,0,0,0,99.0,1,1,1,,0,39 56:10.496,,0,75 11:02.083,8,0,0,0,67301,0,0,0,N,0,0,0,1,67301,0,,2,1,,N,N,,0,,0,0,0,3,3,,9999.0,1,1,0,0,0,1,0,3,4,0,1,3,,N,,,,,,,,,,,
2010038708,1836.0,1,0,0,0,0,0,0,0,0,1,0,,67,3,2010,3,40.0495,-75.1465,1835.0,6,0,0,0,0,0,0,0,0,,0,0,0,18.0,1,1,1,,0,40 02:58.278,,0,75 08:47.343,4,0,0,0,67301,0,0,0,N,0,0,0,3,67301,1,,1,9,,N,N,,1,,0,0,0,3,2,,1810.0,1,2,0,0,0,0,1,3,4,0,2,7,,N,,,,,,,,,,,
2010122367,1509.0,0,0,0,0,0,0,0,0,0,7,0,,67,10,2010,1,39.9644,-75.219,1308.0,6,0,0,0,0,0,0,0,0,,0,0,0,13.0,1,1,0,,0,39 57:51.958,,0,75 13:08.288,3,0,0,0,67301,1,0,0,N,1,0,0,2,67301,0,,2,1,,,N,,0,,1,0,0,0,0,,1305.0,1,2,0,0,0,0,1,3,4,0,1,3,,N,,,,,,,,,,,
2010122473,740.0,2,0,0,0,0,0,0,0,0,4,0,,67,11,2010,6,39.9871,-75.1223,138.0,6,0,0,0,0,0,0,0,0,,0,0,0,7.0,1,2,1,,0,39 59:13.221,,0,75 07:20.575,4,0,0,0,67301,0,0,0,N,0,0,0,3,67301,2,,1,1,,N,N,,0,,0,0,0,3,2,,736.0,2,2,0,0,0,0,0,3,4,0,2,3,,N,,,,,,,,,,,
2010122539,1832.0,2,0,0,0,0,0,0,0,0,4,0,,67,11,2010,6,40.0209,-75.1486,1832.0,6,0,0,0,0,0,0,0,0,,0,0,0,99.0,3,0,2,,0,40 01:14.504,,0,75 08:55.493,9,0,0,0,67301,0,0,0,,0,0,0,2,67301,0,,1,1,,,,,0,,0,0,0,0,0,,9999.0,0,2,0,0,0,0,1,3,4,0,2,3,,N,,,,,,,,,,,
2010125044,926.0,2,0,0,0,0,0,0,0,0,7,0,,67,12,2010,3,39.8995,-75.1639,922.0,6,0,0,0,0,0,1,0,1,2.0,0,0,0,9.0,1,0,0,,1,39 54:00.218,1.0,0,75 09:33.034,0,0,0,0,67301,0,0,0,N,0,0,0,2,68K01,0,,3,1,,N,N,,0,,0,0,0,0,0,N,920.0,0,2,0,0,0,0,0,3,4,0,2,3,,N,,,,,,,,,,,
2010038749,1410.0,1,0,0,0,0,0,0,0,0,4,0,,67,3,2010,4,40.0014,-75.0816,9999.0,6,0,0,0,0,0,0,0,1,,0,0,0,14.0,1,1,2,,0,40 00:05.127,,7,75 04:54.208,8,0,0,0,67301,0,0,0,,0,0,0,2,67301,0,,1,98,,,,,0,,0,0,0,0,0,,1410.0,1,2,0,0,0,1,0,3,4,1,2,99,,N,,,,,,,,,,,
2010038759,1430.0,1,0,0,0,0,0,0,0,0,8,0,,67,3,2010,7,39.9644,-75.1343,9999.0,6,0,0,0,0,0,0,0,0,,0,0,0,99.0,6,1,1,,0,39 57:52.333,,0,75 08:03.809,4,0,0,0,67301,1,0,0,N,1,0,0,2,67301,1,,5,1,,,,,0,,0,0,0,3,2,,9999.0,1,2,0,0,0,0,0,3,4,0,1,3,,N,,,,,,,,,,,
2010122640,1926.0,3,0,0,0,0,0,0,0,0,5,0,,67,11,2010,6,39.9392,-75.1982,1926.0,6,0,0,0,0,0,1,0,0,,0,0,0,19.0,3,0,0,,0,39 56:21.591,,7,75 11:53.510,0,0,0,0,67301,0,0,0,N,0,0,0,3,67301,0,,1,1,,N,N,,0,,0,0,0,0,0,,1907.0,0,3,0,0,0,0,0,3,4,0,3,3,,N,,,,,,,,,,,
2010039167,112.0,2,0,0,0,0,0,0,0,0,1,0,,67,3,2010,1,40.0305,-75.2069,108.0,6,0,0,1,0,0,1,0,0,,0,0,0,1.0,3,3,0,,0,40 01:49.753,,0,75 12:24.786,3,0,0,0,67301,0,0,0,,0,0,0,3,67301,0,,1,1,,,,,0,,3,0,0,0,0,,105.0,3,2,0,0,0,0,0,3,4,0,2,3,,N,,,,,,,,,,,
2010039305,1500.0,0,0,0,0,0,0,0,0,0,8,0,,67,3,2010,2,39.997,-75.1174,1500.0,6,0,0,0,0,0,0,0,0,,0,0,0,15.0,1,1,1,,0,39 59:49.087,,0,75 07:02.700,4,0,0,0,67301,1,0,0,,1,0,0,2,67301,1,,1,9,,,,,0,,0,0,1,3,2,,1500.0,1,2,0,0,0,0,0,3,4,0,1,7,,N,,,,,,,,,,,
2010039327,2355.0,2,0,0,0,0,0,0,0,0,4,0,,67,3,2010,2,39.9542,-75.1395,2347.0,6,0,0,0,0,0,0,0,0,,0,0,0,22.0,3,1,1,,0,39 57:14.500,,2,75 08:22.454,4,0,0,0,67301,0,0,0,,0,0,0,4,67301,1,,1,9,,,,,0,,0,0,0,0,0,,2255.0,1,2,0,0,0,0,0,3,4,0,2,7,,N,,,,,,,,,,,
2010117365,1724.0,1,0,0,0,0,0,0,0,0,7,0,,67,11,2010,5,,,1722.0,6,0,0,0,1,0,0,0,0,2.0,0,0,0,17.0,3,0,0,,2,,4.0,3,,0,0,0,0,67301,0,0,0,N,0,0,0,3,67501,0,,2,9,,N,N,,0,,0,0,0,3,2,N,1722.0,0,1,0,0,0,0,0,3,3,0,1,7,,N,,,,,,,,,,,
2010114990,648.0,0,0,0,0,0,0,0,0,0,1,0,,67,11,2010,5,40.0403,-75.0061,633.0,6,0,0,0,0,0,0,0,0,,0,0,0,6.0,1,1,0,,0,40 02:25.081,,0,75 00:21.884,4,0,0,0,67301,0,0,0,N,0,0,0,2,68K01,1,,1,1,,N,N,,1,,0,0,1,0,0,,631.0,1,2,0,0,0,0,0,3,4,0,2,3,,N,,,,,,,,,,,
2010032498,1144.0,2,0,0,0,0,0,0,0,0,1,0,,67,2,2010,4,40.0805,-75.0287,1138.0,6,0,0,0,0,0,0,0,1,,0,0,0,11.0,1,2,0,,0,40 04:49.667,,0,75 01:43.244,4,0,0,0,67301,0,0,0,N,0,0,0,3,67301,2,,1,1,,N,N,,0,,0,0,0,0,0,,1118.0,2,2,0,0,0,0,0,3,4,0,2,3,,N,,,,,,,,,,,
2010032514,1758.0,1,0,0,0,0,0,0,0,0,7,0,,67,3,2010,4,40.0631,-75.0866,1741.0,6,0,0,0,0,0,0,0,0,,0,0,0,17.0,1,1,2,,0,40 03:47.007,,0,75 05:11.734,8,0,0,0,67301,0,0,0,,0,0,0,1,67301,0,,5,9,,,,,0,,0,0,0,0,0,,1740.0,1,2,0,0,0,1,0,3,4,0,1,7,,N,,,,,,,,,,,
2010032840,2125.0,2,0,0,0,0,0,0,0,0,4,0,,67,2,2010,4,40.0568,-75.047,2114.0,6,0,0,0,0,0,2,0,0,,0,0,0,21.0,3,1,1,,0,40 03:24.532,,0,75 02:49.228,4,0,0,0,67301,0,0,0,N,0,0,0,3,67301,1,,1,1,,N,N,,0,,0,0,0,3,2,,2105.0,1,2,0,0,0,0,0,3,4,0,2,3,,N,,,,,,,,,,,
2010012847,1739.0,2,0,0,0,0,0,0,0,0,4,0,,67,1,2010,6,40.0003,-75.0837,1737.0,6,0,0,0,1,0,2,0,0,2.0,0,0,0,17.0,3,1,1,,2,40 00:01.223,6.0,0,75 05:01.689,8,0,0,0,67301,0,0,0,N,0,0,0,5,68K01,0,,7,1,,N,N,,1,,0,0,0,3,2,N,1735.0,1,3,0,0,0,1,0,3,4,0,3,3,,N,,,,,,,,,,,
2010012862,955.0,1,0,0,0,0,0,0,0,0,4,0,,67,1,2010,2,40.0321,-75.0812,950.0,6,0,0,0,0,0,1,0,0,1.0,0,0,0,9.0,1,1,2,,1,40 01:55.477,2.0,0,75 04:52.420,8,0,0,0,67301,0,0,0,N,0,0,0,2,67301,0,,1,1,,N,N,,0,,0,0,1,3,3,Y,943.0,1,2,0,0,0,1,0,3,4,0,2,3,,N,,,,,,,,,,,
2010014142,604.0,1,0,0,0,0,0,0,0,0,7,0,,67,1,2010,3,39.9822,-75.2075,602.0,6,0,0,0,0,0,0,0,0,1.0,0,0,0,5.0,3,1,0,,1,39 58:59.992,4.0,0,75 12:28.936,4,0,0,0,67301,0,0,0,N,0,0,0,1,68K01,1,,4,9,,N,N,,0,,0,0,0,0,0,N,556.0,1,1,0,0,0,0,0,3,4,0,1,3,,N,,,,,,,,,,,
2010011528,1116.0,1,0,0,1,0,0,0,0,0,6,0,,67,1,2010,1,39.9341,-75.1573,1113.0,6,0,0,0,0,0,0,1,0,,0,0,0,11.0,1,1,2,,0,39 56:02.619,,0,75 09:26.283,3,0,0,0,67301,1,0,0,,0,0,0,2,67301,0,,1,1,,,,,0,,1,0,0,3,3,,1110.0,1,2,0,0,0,0,1,3,4,0,1,3,,N,,,,,,,,,,,
2010017077,845.0,2,0,0,0,0,0,0,0,0,4,0,,67,1,2010,4,39.9361,-75.2345,832.0,6,0,0,0,0,0,0,0,0,,0,0,0,8.0,1,5,1,,0,39 56:09.964,,0,75 14:04.264,4,0,0,0,67301,0,0,0,N,0,0,0,6,67301,5,,1,1,,N,N,,0,,0,0,0,3,2,,832.0,5,2,0,0,0,0,0,3,4,0,2,3,,N,,,,,,,,,,,
2010024540,1303.0,2,0,0,0,0,0,0,0,0,1,0,,67,2,2010,4,39.9769,-75.1131,1302.0,6,0,0,0,0,0,0,0,0,2.0,0,0,0,13.0,1,0,0,,1,39 58:38.357,1.0,0,75 06:45.097,0,0,0,0,67301,0,0,0,N,0,0,0,4,68K01,0,,1,1,,N,N,,1,,0,0,1,0,0,N,1300.0,0,4,0,0,0,0,0,3,4,0,4,3,,N,,,,,,,,,,,
2010075104,934.0,0,0,0,1,0,0,0,0,0,5,2,,67,6,2010,2,39.9517,-75.1705,934.0,6,0,0,0,0,0,1,0,0,,0,1,0,99.0,1,1,0,,0,39 57:06.039,,0,75 10:13.670,4,0,0,0,67301,1,0,0,N,0,0,0,3,67301,1,,1,1,,N,N,,1,,0,0,0,0,0,,9999.0,1,3,0,0,0,0,1,3,4,0,2,3,,N,,,,,,,,,,,
2010075112,1315.0,0,0,0,1,0,0,0,0,0,4,0,,67,6,2010,2,39.9301,-75.1949,1312.0,6,0,0,0,0,0,0,0,0,,0,0,0,17.0,1,1,0,,0,39 55:48.510,,7,75 11:41.710,3,0,0,0,67301,1,0,0,N,0,0,0,2,67301,0,,1,1,,N,N,,0,,1,0,0,0,0,,1700.0,1,2,0,0,0,0,0,3,4,1,1,3,,N,,,,,,,,,,,
2010075125,234.0,1,0,0,0,0,0,0,0,0,7,0,,67,7,2010,2,40.0308,-75.1582,200.0,6,0,0,0,0,0,0,0,0,,0,0,0,0.0,3,2,0,,0,40 01:50.820,,0,75 09:29.550,4,0,0,0,67301,0,0,0,N,0,0,0,3,67301,2,,5,1,,N,N,,0,,0,0,0,0,0,,20.0,2,1,0,0,0,0,0,3,4,0,1,3,,N,,,,,,,,,,,
2010084837,1234.0,2,0,0,0,0,0,0,0,0,1,0,,67,9,2010,1,39.9057,-75.1324,1234.0,6,0,0,0,0,0,0,0,0,1.0,0,0,0,12.0,1,0,0,,2,39 54:20.648,4.0,3,75 07:56.602,0,0,0,0,67301,0,0,0,N,0,0,0,10,67501,0,,1,1,,N,N,,0,,0,0,0,3,8,N,1234.0,0,4,0,0,0,0,0,3,4,2,4,3,,N,,,,,,,,,,,
2010045111,1352.0,1,0,0,1,0,0,0,0,0,4,0,,67,4,2010,1,39.9146,-75.1742,1347.0,6,0,0,0,0,0,0,0,0,,0,0,0,13.0,1,1,1,,0,39 54:52.383,,0,75 10:27.278,4,0,0,0,67301,1,0,0,N,0,0,0,2,67301,1,,1,1,,N,N,,0,,0,0,0,0,0,,1340.0,1,2,0,0,0,0,0,3,4,0,1,3,,N,,,,,,,,,,,
2010074865,1240.0,1,0,0,0,0,0,0,0,0,4,0,,67,7,2010,7,39.9281,-75.2219,1237.0,6,0,0,0,0,0,0,0,0,3.0,0,0,0,11.0,1,1,2,,2,39 55:41.120,1.0,7,75 13:19.034,4,0,0,0,67301,0,0,0,N,0,0,0,2,67301,1,,1,1,,N,N,,0,,0,0,0,3,2,Y,1149.0,1,2,0,0,0,0,0,3,4,0,2,3,,N,,,,,,,,,,,
2010074886,2128.0,1,0,0,0,0,0,0,0,0,8,0,,67,6,2010,1,40.0398,-75.1253,2118.0,6,0,0,0,0,0,0,0,0,,0,0,0,21.0,3,1,0,,0,40 02:23.300,,7,75 07:31.100,8,0,0,0,67301,1,0,0,N,1,0,0,2,67301,0,,1,1,,N,N,,0,,0,0,0,0,0,,2100.0,1,2,0,0,0,1,0,3,4,0,1,3,,N,,,,,,,,,,,
2010059593,1815.0,1,0,0,1,0,0,0,0,0,4,0,,67,4,2010,5,40.0471,-75.066,1800.0,6,0,0,0,0,0,0,0,0,,0,0,0,17.0,1,1,0,,0,40 02:49.527,,0,75 03:57.520,8,0,0,0,67301,1,0,0,N,0,0,0,4,67301,0,,1,1,,N,N,,0,,0,0,0,0,0,,1755.0,1,2,0,0,0,1,0,3,4,0,1,3,,N,,,,,,,,,,,
2010059615,1517.0,1,0,0,0,0,0,0,0,0,8,0,,67,5,2010,5,40.0415,-75.0162,1453.0,6,0,0,0,0,0,0,0,0,,0,0,0,14.0,1,1,0,,0,40 02:29.324,,0,75 00:58.258,8,0,0,0,67301,1,0,0,,1,0,0,3,67301,0,,1,1,,N,N,,0,,0,0,0,0,0,,1445.0,1,2,0,0,0,1,0,3,4,0,1,3,,N,,,,,,,,,,,
2010084198,1354.0,0,0,0,0,0,0,0,0,0,4,0,,67,6,2010,7,40.0139,-75.126,1354.0,6,0,0,1,0,0,0,1,0,1.0,0,0,0,13.0,1,1,1,,2,40 00:49.975,3.0,0,75 07:33.617,8,0,0,0,67301,0,0,0,N,0,0,0,2,67301,0,,1,1,,N,N,,0,,0,0,2,3,2,N,1344.0,1,2,0,0,0,1,0,3,4,0,2,3,,N,,,,,,,,,,,
2010084262,1320.0,1,0,0,1,0,0,0,0,0,4,0,,67,7,2010,3,39.9401,-75.1712,1318.0,6,0,0,0,0,0,0,0,0,,0,0,0,13.0,1,1,1,,0,39 56:24.532,,0,75 10:16.424,8,0,0,0,67301,1,0,0,,0,0,0,3,67301,0,,1,1,,,,,0,,0,0,0,3,3,,1315.0,1,2,0,0,0,1,0,3,4,0,1,3,,N,,,,,,,,,,,
2010105910,430.0,0,0,0,0,0,0,0,0,0,5,0,,67,10,2010,1,40.0411,-75.1116,423.0,6,0,0,0,0,0,0,0,0,,0,0,0,1.0,3,2,0,,0,40 02:27.796,,7,75 06:41.727,4,0,0,0,67301,0,0,0,N,0,0,0,7,67301,1,,1,1,,N,N,,1,,0,0,1,3,3,,130.0,2,2,0,0,0,1,0,3,4,0,2,3,,N,,,,,,,,,,,
2010113603,115.0,0,0,0,0,0,0,0,0,0,1,0,,67,10,2010,1,39.9567,-75.2256,103.0,6,0,0,0,0,0,2,0,0,,0,0,0,1.0,3,0,0,,0,39 57:24.222,,0,75 13:31.983,0,0,0,0,67301,0,0,0,N,0,0,0,2,67301,0,,1,1,,N,N,,0,,0,0,2,0,0,,100.0,0,2,0,0,0,0,0,3,4,0,2,3,,N,,,,,,,,,,,
2010113629,810.0,2,0,0,0,0,0,0,0,0,1,0,,67,10,2010,3,40.072,-75.0571,808.0,6,0,0,0,0,0,0,0,0,,0,0,0,8.0,1,1,0,,0,40 04:19.185,,0,75 03:25.711,4,0,0,0,67301,0,0,0,N,0,0,0,1,67301,1,,6,1,,N,N,,0,,0,0,0,0,0,,803.0,1,2,0,0,0,0,0,3,4,0,2,3,,N,,,,,,,,,,,