CRN,ARRIVAL_TM,AUTOMOBILE_COUNT,BELTED_DEATH_COUNT,BELTED_SUSP_SERIOUS_INJ_COUNT,BICYCLE_COUNT,BICYCLE_DEATH_COUNT,BICYCLE_SUSP_SERIOUS_INJ_COUNT,BUS_COUNT,CHLDPAS_DEATH_COUNT,CHLDPAS_SUSP_SERIOUS_INJ_COUNT,COLLISION_TYPE,COMM_VEH_COUNT,CONS_ZONE_SPD_LIM,COUNTY,CRASH_MONTH,CRASH_YEAR,DAY_OF_WEEK,DEC_LAT,DEC_LONG,DISPATCH_TM,DISTRICT,DRIVER_COUNT_16YR,DRIVER_COUNT_17YR,DRIVER_COUNT_18YR,DRIVER_COUNT_19YR,DRIVER_COUNT_20YR,DRIVER_COUNT_50_64YR,DRIVER_COUNT_65_74YR,DRIVER_COUNT_75PLUS,EST_HRS_CLOSED,FATAL_COUNT,HEAVY_TRUCK_COUNT,HORSE_BUGGY_COUNT,HOUR_OF_DAY,ILLUMINATION,INJURY_COUNT,INTERSECT_TYPE,INTERSECTION_RELATED,LANE_CLOSED,LATITUDE,LN_CLOSE_DIR,LOCATION_TYPE,LONGITUDE,MAX_SEVERITY_LEVEL,MCYCLE_DEATH_COUNT,MCYCLE_SUSP_SERIOUS_INJ_COUNT,MOTORCYCLE_COUNT,MUNICIPALITY,NONMOTR_COUNT,NONMOTR_DEATH_COUNT,NONMOTR_SUSP_SERIOUS_INJ_COUNT,NTFY_HIWY_MAINT,PED_COUNT,PED_DEATH_COUNT,PED_SUSP_SERIOUS_INJ_COUNT,PERSON_COUNT,POLICE_AGCY,POSSIBLE_INJ_COUNT,RDWY_SURF_TYPE_CD,RELATION_TO_ROAD,ROAD_CONDITION,ROADWAY_CLEARED,SCH_BUS_IND,SCH_ZONE_IND,SECONDARY_CRASH,SMALL_TRUCK_COUNT,SPEC_JURIS_CD,SUSP_MINOR_INJ_COUNT,SUSP_SERIOUS_INJ_COUNT,SUV_COUNT,TCD_FUNC_CD,TCD_TYPE,TFC_DETOUR_IND,TIME_OF_DAY,TOT_INJ_COUNT,TOTAL_UNITS,UNB_DEATH_COUNT,UNB_SUSP_SERIOUS_INJ_COUNT,UNBELTED_OCC_COUNT,UNK_INJ_DEG_COUNT,UNK_INJ_PER_COUNT,URBAN_AREA,URBAN_RURAL,VAN_COUNT,VEHICLE_COUNT,WEATHER1,WEATHER2,WORK_ZONE_IND,WORK_ZONE_LOC,WORK_ZONE_TYPE,WORKERS_PRES,WZ_CLOSE_DETOUR,WZ_FLAGGER,WZ_LAW_OFFCR_IND,WZ_LN_CLOSURE,WZ_MOVING,WZ_OTHER,WZ_SHLDER_MDN,WZ_WORKERS_INJ_KILLED
2010094220,1555.0,0,0,0,0,0,0,0,0,0,8,0,,67,9,2010,1,39.9568,-75.2244,1548.0,6,0,0,0,0,0,0,0,0,,0,0,0,15.0,1,1,0,,0,39 57:24.575,,0,75 13:27.823,4,0,0,0,67301,1,0,0,N,1,0,0,2,67301,1,,1,1,,N,N,,0,,0,0,0,0,0,,1545.0,1,2,0,0,0,0,0,3,4,1,1,3,,N,,,,,,,,,,,
2010096490,750.0,1,0,0,0,0,0,0,0,0,4,0,,67,8,2010,5,40.0031,-75.2052,745.0,6,0,0,0,0,0,0,0,0,,0,0,0,7.0,1,0,0,,0,40 00:11.127,,7,75 12:18.561,0,0,0,0,67301,0,0,0,N,0,0,0,2,67301,0,,1,1,,N,N,,0,,0,0,1,0,0,,740.0,0,2,0,0,0,0,0,3,4,0,2,3,,N,,,,,,,,,,,
2010096493,2220.0,1,0,0,1,0,1,0,0,0,4,0,,67,8,2010,4,39.9426,-75.1723,2201.0,6,0,0,0,0,0,0,0,0,,0,0,0,6.0,5,1,1,,0,39 56:33.370,,0,75 10:20.297,2,0,0,0,67301,1,0,1,N,0,0,0,2,67301,0,,1,1,,N,N,,0,,0,1,0,3,3,,600.0,1,2,0,0,0,0,1,3,4,0,1,3,,N,,,,,,,,,,,
2010091473,2110.0,1,0,0,0,0,0,0,0,0,8,0,,67,8,2010,2,39.9921,-75.1471,2108.0,6,0,0,0,0,0,0,0,0,,0,0,0,21.0,3,1,0,,0,39 59:31.437,,0,75 08:49.409,8,0,0,0,67301,1,0,0,,1,0,0,2,67301,0,,1,1,,N,N,,0,,0,0,0,0,0,,2108.0,1,2,0,0,0,1,0,3,4,0,1,99,,N,,,,,,,,,,,
2010113726,1745.0,2,0,0,0,0,0,0,0,0,4,0,,67,10,2010,5,39.9154,-75.221,1740.0,6,0,0,0,0,0,0,0,0,,0,0,0,99.0,1,0,0,,0,39 54:55.991,,7,75 13:15.406,0,0,0,0,67301,0,0,0,N,0,0,0,2,67301,0,,1,1,,N,N,,0,,0,0,0,0,0,,9999.0,0,2,0,0,0,0,0,3,4,0,2,3,,N,,,,,,,,,,,
2010113773,1504.0,2,0,0,0,0,0,0,0,0,1,0,,67,10,2010,1,39.9617,-75.1577,1500.0,6,0,0,0,0,0,3,0,0,9.0,0,0,0,14.0,1,1,1,,1,39 57:42.281,3.0,0,75 09:27.699,4,0,0,0,67301,0,0,0,N,0,0,0,3,67301,1,,1,1,,N,N,,0,,0,0,0,3,2,N,1442.0,1,3,0,0,0,0,0,3,4,0,3,3,,N,,,,,,,,,,,
2010093724,1045.0,0,0,0,0,0,0,0,0,0,8,0,,67,8,2010,7,39.9674,-75.2457,1042.0,6,0,0,0,0,0,0,0,0,,0,0,0,10.0,1,1,1,,0,39 58:02.424,,0,75 14:44.666,3,0,0,0,67301,1,0,0,N,1,0,0,2,67301,0,,5,1,,N,N,,0,,1,0,0,3,2,,1040.0,1,2,0,0,0,0,0,3,4,1,1,3,,N,,,,,,,,,,,
2010091274,459.0,1,0,0,0,0,0,0,0,0,5,0,,67,8,2010,1,40.0317,-75.2098,457.0,6,0,0,0,0,1,0,0,0,,0,0,0,99.0,3,0,0,,0,40 01:54.037,,0,75 12:35.294,0,0,0,0,67301,0,0,0,N,0,0,0,1,67301,0,,1,1,,N,N,,0,,0,0,1,0,0,,9999.0,0,2,0,0,0,0,0,3,4,0,2,3,,N,,,,,,,,,,,
2010091276,930.0,1,0,0,0,0,0,0,0,0,5,1,,67,8,2010,5,39.9188,-75.2067,925.0,6,0,0,0,0,0,0,0,0,9.0,0,1,0,9.0,1,2,0,,1,39 55:07.957,1.0,3,75 12:23.763,4,0,0,0,67301,0,0,0,,0,0,0,4,67301,2,,1,1,,,,,1,,0,0,0,0,0,N,923.0,2,3,0,0,1,0,0,3,4,0,3,3,,N,,,,,,,,,,,
2010091287,1702.0,2,0,0,0,0,0,0,0,0,2,0,,67,7,2010,7,39.96,-75.1653,1636.0,6,0,0,0,0,0,0,0,0,,0,0,0,16.0,4,3,2,,0,39 57:36.054,,0,75 09:55.036,4,0,0,0,67301,0,0,0,N,0,0,0,5,67301,3,,1,1,,N,N,,0,,0,0,0,0,0,,1634.0,3,2,0,0,0,0,0,3,4,0,2,3,,N,,,,,,,,,,,
2010088891,1210.0,2,0,0,0,0,0,0,0,0,1,0,,67,8,2010,6,40.0397,-75.1415,1207.0,6,0,0,0,0,0,1,0,0,,0,0,0,11.0,1,1,0,,0,40 02:22.974,,0,75 08:29.367,4,0,0,0,67301,0,0,0,N,0,0,0,1,67301,1,,1,1,,N,N,,0,,0,0,0,0,0,,1135.0,1,2,0,0,0,0,0,3,4,0,2,3,,N,,,,,,,,,,,
2010069685,2259.0,1,0,0,0,0,0,0,0,0,4,0,,67,6,2010,4,40.1179,-75.0067,2259.0,6,0,0,0,0,0,0,0,0,,0,0,0,22.0,3,0,2,,0,40 07:04.443,,0,75 00:24.231,0,0,0,0,67301,0,0,0,,0,0,0,1,67301,0,,1,9,,,,,0,,0,0,0,0,0,,2259.0,0,2,0,0,0,0,0,3,4,1,2,7,,N,,,,,,,,,,,
2010059014,815.0,2,0,0,0,0,0,0,0,0,1,0,,67,5,2010,5,40.0499,-75.0757,806.0,6,0,0,0,0,0,0,0,0,,0,0,0,8.0,1,1,1,,0,40 02:59.510,,0,75 04:32.444,4,0,0,0,67301,0,0,0,N,0,0,0,2,67301,1,,1,1,,N,Y,,0,,0,0,0,3,2,,806.0,1,2,0,0,0,0,1,3,4,0,2,3,,N,,,,,,,,,,,
2010040548,820.0,2,0,1,0,0,0,0,0,0,1,1,,67,3,2010,4,39.9201,-75.2132,810.0,6,0,0,0,0,0,0,0,0,2.0,0,1,0,8.0,1,2,0,,1,39 55:12.532,1.0,0,75 12:47.516,2,0,0,0,67301,0,0,0,N,0,0,0,2,67301,0,,1,1,,N,N,,0,,1,1,0,0,0,Y,805.0,2,3,0,0,0,0,0,3,4,0,3,3,,N,,,,,,,,,,,
2010040861,1609.0,1,0,0,0,0,0,0,0,0,8,0,,67,3,2010,5,39.9512,-75.1544,1607.0,6,0,0,0,0,0,0,1,0,,0,0,0,99.0,1,1,0,,0,39 57:04.287,,0,75 09:15.710,4,0,0,0,67301,1,0,0,N,1,0,0,2,67301,1,,1,1,,N,N,,0,,0,0,0,0,0,,9999.0,1,2,0,0,1,0,0,3,4,0,1,3,,N,,,,,,,,,,,
2010085051,1829.0,3,0,0,0,0,0,0,0,0,1,0,,67,9,2010,6,39.9652,-75.1858,1828.0,6,0,0,0,0,0,0,0,0,,0,0,0,18.0,1,3,0,,0,39 57:53.792,,0,75 11:07.746,4,0,0,0,67301,0,0,0,N,0,0,0,9,68K01,3,,1,1,,N,N,,1,,0,0,0,0,0,,1827.0,3,4,0,0,0,0,1,3,4,0,4,3,,N,,,,,,,,,,,
2010122470,9999.0,4,0,0,0,0,0,0,0,0,6,0,,67,11,2010,1,39.9666,-75.1302,1353.0,6,0,0,0,0,0,0,1,0,,0,0,0,13.0,1,1,0,,0,39 58:01.328,,0,75 07:46.296,8,0,0,0,67301,0,0,0,N,0,0,0,2,67301,0,,1,1,,N,N,,0,,0,0,0,0,0,,1353.0,1,4,0,0,0,1,0,3,4,0,4,3,,N,,,,,,,,,,,
2010122484,1446.0,1,0,0,0,0,0,0,0,0,4,0,,67,11,2010,6,39.9705,-75.2342,1442.0,6,0,0,0,0,0,1,0,0,,0,0,0,99.0,1,3,1,,0,39 58:13.810,,0,75 14:03.170,8,0,0,0,67301,0,0,0,,0,0,0,3,67301,0,,1,1,,,,,0,,0,0,1,3,2,,9999.0,3,2,0,0,0,3,0,3,4,0,2,3,,N,,,,,,,,,,,
2010122489,712.0,1,0,0,0,0,0,0,0,0,7,0,,67,11,2010,5,39.9198,-75.2024,712.0,6,0,0,0,0,1,0,0,0,,0,0,0,7.0,3,1,0,,0,39 55:11.128,,3,75 12:08.891,4,0,0,0,67301,0,0,0,N,0,0,0,1,67301,1,,2,9,,N,N,,0,,0,0,0,0,0,,712.0,1,1,0,0,0,0,0,3,4,0,1,7,,N,,,,,,,,,,,
2010122511,1500.0,2,0,0,0,0,0,0,0,0,1,0,,67,11,2010,1,40.0119,-75.2049,1418.0,6,0,0,0,0,0,1,0,0,,0,0,0,14.0,1,1,6,,0,40 00:39.639,,2,75 12:22.116,3,0,0,0,67301,0,0,0,N,0,0,0,2,67301,0,,7,1,,N,N,,0,,1,0,0,3,3,,1418.0,1,2,0,0,0,0,0,3,4,0,2,3,,N,,,,,,,,,,,
2010122522,1743.0,1,0,0,0,0,0,0,0,0,8,0,,67,11,2010,7,40.0458,-75.0683,1742.0,6,0,0,0,0,0,0,0,0,,0,0,0,17.0,3,1,1,,0,40 02:44.703,,0,75 04:05.879,4,0,0,0,67301,1,0,0,N,1,0,0,2,67301,1,,1,1,,N,N,,0,,0,0,0,3,3,,1742.0,1,2,0,0,0,0,0,3,4,0,1,3,,N,,,,,,,,,,,
2010122535,1645.0,1,0,0,0,0,0,0,0,0,8,0,,67,11,2010,3,40.0498,-75.1718,1637.0,6,0,0,0,0,0,0,0,0,,0,0,0,16.0,1,1,0,,0,40 02:59.143,,0,75 10:18.480,4,0,0,0,67301,1,0,0,N,1,0,0,2,67301,1,,1,1,,N,N,,0,,0,0,0,0,0,,1612.0,1,2,0,0,1,0,0,3,4,0,1,3,,N,,,,,,,,,,,
2010122557,1640.0,1,0,0,0,0,0,0,0,0,8,0,,67,11,2010,2,39.9341,-75.1685,1635.0,6,0,0,0,0,0,0,0,0,,0,0,0,16.0,1,1,0,,0,39 56:02.896,,0,75 10:06.553,8,0,0,0,67301,1,0,0,N,1,0,0,2,67301,0,,7,1,,N,N,,0,,0,0,0,0,0,,1632.0,1,2,0,0,0,1,0,3,4,0,1,3,,N,,,,,,,,,,,
2010122569,950.0,1,0,0,0,0,0,0,0,0,8,0,,67,11,2010,6,39.9547,-75.1577,941.0,6,0,0,0,0,0,0,0,0,9.0,0,0,0,8.0,1,1,2,,1,39 57:16.837,4.0,0,75 09:27.687,4,0,0,0,67301,1,0,0,N,1,0,0,2,67301,1,,1,1,,N,N,,0,,0,0,0,3,3,N,810.0,1,2,0,0,0,0,0,3,4,0,1,3,,N,,,,,,,,,,,
2010122634,1250.0,1,0,0,0,0,0,0,0,0,4,0,,67,11,2010,2,40.0108,-75.1024,1240.0,6,0,0,0,0,0,1,0,0,,0,0,0,12.0,1,0,0,,0,40 00:38.895,,7,75 06:08.776,0,0,0,0,67301,0,0,0,N,0,0,0,2,67301,0,,1,1,,N,N,,0,,0,0,0,0,0,,1230.0,0,2,0,0,0,0,0,3,4,1,2,3,,N,,,,,,,,,,,
2010038980,1525.0,3,0,0,0,0,0,0,0,0,4,0,,67,3,2010,4,40.1289,-75.0087,1518.0,6,0,0,0,0,0,2,0,0,,0,0,0,15.0,1,1,1,,0,40 07:44.061,,0,75 00:31.316,8,0,0,0,67301,0,0,0,N,0,0,0,5,67301,0,,1,1,,N,N,,0,,0,0,0,3,3,,1518.0,1,3,0,0,0,1,0,3,4,0,3,3,,N,,,,,,,,,,,
2010039109,1430.0,0,0,0,0,0,0,0,0,0,8,0,,67,3,2010,2,39.9346,-75.1604,1430.0,6,0,0,0,0,0,0,0,0,,0,0,0,14.0,1,1,1,,0,39 56:04.383,,0,75 09:37.587,4,0,0,0,67301,1,0,0,N,1,0,0,2,67301,1,,1,9,,N,N,,0,,0,0,0,3,3,,1400.0,1,2,0,0,0,0,1,3,4,1,1,7,,N,,,,,,,,,,,
2010039116,9999.0,0,0,0,0,0,0,0,0,0,7,0,,67,4,2010,7,40.0003,-75.1869,58.0,6,0,0,0,0,0,0,0,0,,0,0,0,23.0,3,2,1,,0,40 00:00.803,,0,75 11:12.959,4,0,0,0,67301,0,0,0,,0,0,0,2,67301,1,,3,98,,,,,0,,0,0,0,3,2,,2300.0,2,1,0,0,0,1,0,3,4,1,1,3,,N,,,,,,,,,,,
2010039198,1925.0,1,0,0,0,0,0,0,0,0,8,0,,67,3,2010,5,40.1016,-74.979,1909.0,6,0,0,0,0,0,0,1,0,,0,0,0,19.0,3,1,1,,0,40 06:05.778,,0,74 58:44.461,4,0,0,0,67301,1,0,0,N,1,0,0,2,67301,1,,1,1,,N,N,,0,,0,0,0,9,3,,1909.0,1,2,0,0,0,0,0,3,4,0,1,3,,N,,,,,,,,,,,
2010039217,1700.0,2,0,0,0,0,0,0,0,0,4,0,,67,3,2010,7,40.0092,-75.1025,1650.0,6,0,0,0,0,0,1,0,0,,0,0,0,16.0,1,1,1,,0,40 00:33.148,,0,75 06:09.122,8,0,0,0,67301,0,0,0,N,0,0,0,2,67301,0,,1,1,,N,N,,0,,0,0,0,3,3,,1630.0,1,2,0,0,0,1,0,3,4,0,2,3,,N,,,,,,,,,,,
2010039273,935.0,2,0,0,0,0,0,0,0,0,4,0,,67,3,2010,1,40.0696,-75.1797,931.0,6,0,0,0,0,0,0,1,1,,0,0,0,9.0,1,3,1,,0,40 04:10.588,,0,75 10:46.999,4,0,0,0,67301,0,0,0,N,0,0,0,3,67301,3,,1,1,,N,N,,0,,0,0,0,0,0,,930.0,3,2,0,0,0,0,0,3,4,0,2,3,,N,,,,,,,,,,,
2010117501,1553.0,2,0,0,0,0,0,0,0,0,4,0,,67,11,2010,6,39.9905,-75.1687,1549.0,6,0,0,0,0,0,1,0,0,,0,0,0,15.0,1,1,1,,0,39 59:25.969,,0,75 10:07.229,4,0,0,0,67301,0,0,0,N,0,0,0,2,67301,1,,1,1,,N,N,,0,,0,0,0,0,0,,1549.0,1,2,0,0,0,0,0,3,4,0,2,3,,N,,,,,,,,,,,
2010032108,625.0,1,0,0,0,0,0,0,0,0,7,0,,67,3,2010,2,40.0544,-74.9852,623.0,6,0,0,0,1,0,0,0,0,1.0,0,0,0,6.0,3,1,0,,1,40 03:16.302,1.0,0,74 59:06.376,4,0,0,0,67301,0,0,0,Y,0,0,0,1,68K01,1,,3,9,,N,N,,0,,0,0,0,0,0,N,620.0,1,1,0,0,0,0,0,3,4,0,1,7,,N,,,,,,,,,,,
2010032462,52.0,1,0,0,0,0,0,0,0,0,7,0,,67,3,2010,1,40.0414,-75.0408,48.0,6,0,0,0,0,0,0,0,0,,0,0,0,0.0,3,0,0,,0,40 02:28.978,,0,75 02:27.020,0,0,0,0,67301,0,0,0,N,0,0,0,1,67301,0,,2,9,,N,N,,0,,0,0,0,0,0,,18.0,0,1,0,0,0,0,0,3,4,0,1,7,,N,,,,,,,,,,,
2010032541,1847.0,1,0,0,0,0,0,0,0,0,7,0,,67,2,2010,4,40.0655,-75.0095,1843.0,6,1,0,0,0,0,0,0,0,,0,0,0,18.0,3,1,0,,0,40 03:55.805,,0,75 00:34.179,4,0,0,0,67301,0,0,0,,0,0,0,1,67301,1,,5,1,,,,,0,,0,0,0,0,0,,1840.0,1,1,0,0,0,0,0,3,4,0,1,3,,N,,,,,,,,,,,
2010032626,2137.0,1,0,0,0,0,0,0,0,0,1,0,,67,3,2010,5,40.022,-75.1484,2134.0,6,0,1,0,0,0,1,0,0,,0,0,0,21.0,3,0,0,,0,40 01:19.118,,0,75 08:54.097,0,0,0,0,67301,0,0,0,N,0,0,0,5,67301,0,,1,1,,N,N,,0,,0,0,2,0,0,,2113.0,0,3,0,0,0,0,0,3,4,0,3,3,,N,,,,,,,,,,,
2010032651,2219.0,1,0,0,0,0,0,0,0,0,1,1,,67,2,2010,5,40.0595,-75.0177,2215.0,6,0,0,0,0,0,0,0,0,,0,1,0,22.0,3,3,2,,0,40 03:34.117,,0,75 01:03.545,8,0,0,0,67301,0,0,0,N,0,0,0,4,67301,0,,1,9,,N,N,,0,,0,0,0,0,0,,2210.0,3,2,0,0,0,3,0,3,4,0,2,10,,N,,,,,,,,,,,
2010038246,1248.0,1,0,0,0,0,0,0,0,0,1,0,,67,3,2010,4,39.8931,-75.1966,1235.0,6,0,0,0,0,0,0,0,1,,0,0,0,12.0,1,1,0,,0,39 53:53.914,,0,75 10:55.554,8,0,0,0,67301,0,0,0,N,0,0,0,9,68K01,0,,1,1,,N,N,,0,,0,0,0,0,0,,1233.0,1,3,0,0,0,1,5,3,4,2,3,3,,N,,,,,,,,,,,
2010038310,1942.0,1,0,0,0,0,0,0,0,0,8,0,,67,3,2010,7,39.985,-75.1676,1940.0,6,0,0,0,0,0,0,0,0,,1,0,0,19.0,3,0,0,,0,39 59:06.122,,0,75 10:03.180,1,0,0,0,67301,1,1,0,,1,1,0,2,67301,0,2.0,1,1,,,,,0,0.0,0,0,0,0,0,,1930.0,0,2,0,0,0,0,0,3,4,0,1,3,,N,,,,,,,,,,,
2010011563,522.0,1,0,0,0,0,0,0,0,0,7,0,,67,1,2010,2,40.0735,-75.2433,520.0,6,0,0,0,0,0,0,0,0,,0,0,0,5.0,3,1,0,,0,40 04:13.322,,0,75 14:28.104,3,0,0,0,67301,0,0,0,,0,0,0,1,67301,0,,2,1,,N,N,,0,,1,0,0,0,0,,520.0,1,1,0,0,0,0,0,3,4,0,1,3,,N,,,,,,,,,,,
2010105916,803.0,1,0,0,0,0,0,0,0,0,8,0,,67,9,2010,3,40.0109,-75.127,803.0,6,0,0,0,0,0,0,0,0,,0,0,0,8.0,1,1,0,,0,40 00:39.096,,0,75 07:37.209,4,0,0,0,67301,1,0,0,N,1,0,0,2,67301,1,,1,9,,N,Y,,0,,0,0,0,0,0,,800.0,1,2,0,0,0,0,0,3,4,0,1,7,,N,,,,,,,,,,,
2010094293,2035.0,1,0,0,0,0,0,0,0,0,8,0,,67,9,2010,4,40.0001,-75.1125,2030.0,6,0,0,0,0,0,0,0,0,,0,0,0,20.0,3,1,1,,0,40 00:00.349,,0,75 06:44.963,4,0,0,0,67301,1,0,0,,1,0,0,2,67301,1,,1,1,,,,,0,,0,0,0,0,0,,2030.0,1,2,0,0,0,0,0,3,4,0,1,3,,N,,,,,,,,,,,
2010100904,2050.0,1,0,0,0,0,0,0,0,0,7,0,,67,9,2010,3,40.0003,-75.1869,2045.0,6,0,0,0,0,0,0,0,0,,0,0,0,99.0,3,3,1,,0,40 00:00.803,,0,75 11:12.959,4,0,0,0,67301,0,0,0,N,0,0,0,3,67301,1,,5,1,,N,N,,0,,0,0,0,3,2,,9999.0,3,1,0,0,0,2,0,3,4,0,1,3,,N,,,,,,,,,,,
2010113627,950.0,1,0,0,0,0,0,0,0,0,1,0,,67,10,2010,3,39.9926,-75.0987,945.0,6,0,0,0,1,0,0,0,0,,0,0,0,9.0,1,1,0,,0,39 59:33.266,,0,75 05:55.250,4,0,0,0,67301,0,0,0,N,0,0,0,2,67301,1,,1,9,,N,N,,0,,0,0,1,3,2,,935.0,1,2,0,0,0,0,0,3,4,0,2,7,,N,,,,,,,,,,,
2010094189,230.0,2,0,0,0,0,0,0,0,0,5,0,,67,9,2010,2,40.0222,-75.1621,212.0,6,0,0,0,0,0,0,0,0,,0,0,0,99.0,3,0,0,,0,40 01:20.026,,0,75 09:43.664,0,0,0,0,67301,0,0,0,N,0,0,0,1,67301,0,,1,1,,N,N,,0,,0,0,0,0,0,,9999.0,0,4,0,0,0,0,0,3,4,2,4,3,,N,,,,,,,,,,,
2010094276,1813.0,0,0,0,0,0,0,0,0,0,8,0,,67,8,2010,7,39.9815,-75.2241,1810.0,6,0,0,0,0,0,0,0,1,,0,0,0,17.0,1,1,1,,0,39 58:53.480,,0,75 13:26.612,3,0,0,0,67301,1,0,0,,1,0,0,2,67301,0,,1,1,,N,N,,0,,1,0,1,3,2,,1745.0,1,2,0,0,0,0,0,3,4,0,1,3,,N,,,,,,,,,,,
2010091476,1316.0,3,0,0,0,0,0,0,0,0,1,0,,67,8,2010,4,40.0153,-75.17,1315.0,6,0,0,0,0,0,2,0,0,,0,0,0,13.0,1,2,0,,0,40 00:55.023,,0,75 10:11.895,8,0,0,0,67301,0,0,0,,0,0,0,5,67301,0,,1,1,,,,,0,,0,0,1,0,0,,1310.0,2,4,0,0,0,2,0,3,4,0,4,3,,N,,,,,,,,,,,
2010113725,545.0,1,0,0,0,0,0,0,0,0,8,0,,67,10,2010,6,39.904,-75.2401,543.0,6,0,0,0,0,0,0,0,0,3.0,0,0,0,5.0,3,1,5,,2,39 54:14.563,1.0,0,75 14:24.409,4,0,0,0,67301,1,0,0,N,1,0,0,2,67301,1,,1,1,,N,N,,0,,0,0,0,3,2,Y,540.0,1,2,0,0,0,0,0,3,4,0,1,3,,N,,,,,,,,,,,
2010113771,1435.0,1,0,0,0,0,0,0,0,0,1,0,,67,10,2010,6,40.0355,-75.1086,1430.0,6,0,0,0,0,0,0,0,0,,0,0,0,14.0,1,1,3,,0,40 02:06.512,,0,75 06:29.945,4,0,0,0,67301,0,0,0,N,0,0,0,2,67301,1,,1,1,,N,N,,0,,0,0,1,3,2,,1415.0,1,2,0,0,0,0,0,3,4,0,2,3,,N,,,,,,,,,,,
2010093702,1455.0,1,0,0,1,1,0,0,0,0,4,0,,67,8,2010,7,40.0369,-75.2376,1444.0,6,0,0,0,0,0,1,0,0,3.0,1,0,0,13.0,1,0,0,,2,40 02:12.876,5.0,0,75 14:15.342,1,0,0,0,67301,1,1,0,,0,0,0,2,67301,0,2.0,1,1,,N,N,,0,0.0,0,0,0,0,0,Y,1344.0,0,2,0,0,0,0,0,3,4,0,1,3,,N,,,,,,,,,,,
2010093740,1538.0,1,0,0,0,0,0,0,0,0,5,0,,67,8,2010,6,40.02,-75.0634,1538.0,6,0,0,0,0,0,0,0,0,,0,0,0,15.0,1,2,1,,0,40 01:12.125,,0,75 03:48.374,4,0,0,0,67301,0,0,0,N,0,0,0,5,67301,2,,1,1,,N,N,,0,,0,0,1,3,3,,1537.0,2,2,0,0,2,0,0,3,4,0,2,3,,N,,,,,,,,,,,
2010113546,2038.0,1,0,0,0,0,0,0,0,0,8,0,,67,10,2010,6,39.9746,-75.2521,2020.0,6,0,0,0,0,0,0,0,1,2.0,0,0,0,20.0,3,2,0,,1,39 58:28.531,4.0,0,75 15:07.621,8,0,0,0,67301,2,0,0,N,2,0,0,3,67301,0,,1,1,,N,N,,0,,0,0,0,0,0,Y,2020.0,2,3,0,0,0,2,0,3,4,0,1,3,,N,,,,,,,,,,,
2010113551,935.0,1,0,0,1,0,0,0,0,0,4,0,,67,10,2010,2,39.9317,-75.168,928.0,6,0,0,0,0,0,0,0,0,,0,0,0,9.0,1,1,0,,0,39 55:53.656,,7,75 10:05.009,4,0,0,0,67301,1,0,0,N,0,0,0,2,67301,1,,5,1,,N,N,,0,,0,0,0,3,3,,928.0,1,2,0,0,0,0,1,3,4,0,1,3,,N,,,,,,,,,,,
2010113565,1653.0,1,0,0,0,0,0,0,0,0,4,0,,67,10,2010,3,40.0948,-75.0153,1652.0,6,0,0,0,0,0,1,0,0,1.0,0,0,0,16.0,1,0,1,,1,40 05:41.218,7.0,99,75 00:55.140,0,0,0,0,67301,0,0,0,N,0,0,0,2,67301,0,,1,1,,N,N,,0,,0,0,1,3,2,N,1649.0,0,2,0,0,0,0,0,3,4,0,2,3,,N,,,,,,,,,,,
2010088867,514.0,2,0,0,0,0,0,0,0,0,2,0,,67,8,2010,7,40.0318,-75.1315,513.0,6,0,0,0,0,0,0,0,0,,0,0,0,5.0,5,1,0,,0,40 01:54.494,,99,75 07:53.328,8,0,0,0,67301,0,0,0,N,0,0,0,1,67301,0,,6,1,,N,N,,1,,0,0,0,3,2,,512.0,1,3,0,0,0,1,0,3,4,0,3,3,,N,,,,,,,,,,,
2010091321,1352.0,0,0,0,0,0,0,0,0,0,1,0,,67,9,2010,6,40.0812,-75.2032,1349.0,6,0,0,0,0,0,0,0,0,2.0,0,0,0,13.0,1,2,0,,1,40 04:52.207,1.0,7,75 12:11.654,4,0,0,0,67301,0,0,0,N,0,0,0,2,46108,1,,1,1,,N,N,,1,,0,0,1,0,0,N,1349.0,2,2,0,0,0,1,0,3,4,0,2,3,,N,,,,,,,,,,,
2010088935,1807.0,2,0,0,0,0,0,0,0,0,4,0,,67,8,2010,1,39.9637,-75.2384,1805.0,6,0,0,0,0,0,0,0,0,,0,0,0,17.0,1,2,0,,0,39 57:49.262,,0,75 14:18.182,4,0,0,0,67301,0,0,0,N,0,0,0,3,67301,2,,1,9,,N,N,,0,,0,0,0,0,0,,1750.0,2,2,0,0,0,0,0,3,4,0,2,99,,N,,,,,,,,,,,
2010110817,34.0,2,0,0,0,0,0,0,0,0,1,0,,67,10,2010,1,40.0672,-75.1788,32.0,6,0,0,0,0,0,0,0,0,,0,0,0,0.0,3,2,0,,0,40 04:01.975,,0,75 10:43.780,8,0,0,0,67301,0,0,0,N,0,0,0,2,67301,0,,1,1,,N,N,,0,,0,0,0,0,0,,32.0,2,2,0,0,0,2,0,3,4,0,2,3,,N,,,,,,,,,,,
2010110876,2355.0,1,0,0,0,0,0,0,0,0,1,0,,67,10,2010,2,40.0291,-75.1469,2355.0,6,0,1,0,0,0,0,0,0,,0,0,0,19.0,3,2,0,,0,40 01:45.024,,0,75 08:48.826,4,0,0,0,67301,0,0,0,,0,0,0,3,67301,2,,1,9,,N,N,,0,,0,0,1,0,0,,1900.0,2,2,0,0,0,0,1,3,4,0,2,7,,N,,,,,,,,,,,