CRN,ARRIVAL_TM,AUTOMOBILE_COUNT,BELTED_DEATH_COUNT,BELTED_SUSP_SERIOUS_INJ_COUNT,BICYCLE_COUNT,BICYCLE_DEATH_COUNT,BICYCLE_SUSP_SERIOUS_INJ_COUNT,BUS_COUNT,CHLDPAS_DEATH_COUNT,CHLDPAS_SUSP_SERIOUS_INJ_COUNT,COLLISION_TYPE,COMM_VEH_COUNT,CONS_ZONE_SPD_LIM,COUNTY,CRASH_MONTH,CRASH_YEAR,DAY_OF_WEEK,DEC_LAT,DEC_LONG,DISPATCH_TM,DISTRICT,DRIVER_COUNT_16YR,DRIVER_COUNT_17YR,DRIVER_COUNT_18YR,DRIVER_COUNT_19YR,DRIVER_COUNT_20YR,DRIVER_COUNT_50_64YR,DRIVER_COUNT_65_74YR,DRIVER_COUNT_75PLUS,EST_HRS_CLOSED,FATAL_COUNT,HEAVY_TRUCK_COUNT,HORSE_BUGGY_COUNT,HOUR_OF_DAY,ILLUMINATION,INJURY_COUNT,INTERSECT_TYPE,INTERSECTION_RELATED,LANE_CLOSED,LATITUDE,LN_CLOSE_DIR,LOCATION_TYPE,LONGITUDE,MAX_SEVERITY_LEVEL,MCYCLE_DEATH_COUNT,MCYCLE_SUSP_SERIOUS_INJ_COUNT,MOTORCYCLE_COUNT,MUNICIPALITY,NONMOTR_COUNT,NONMOTR_DEATH_COUNT,NONMOTR_SUSP_SERIOUS_INJ_COUNT,NTFY_HIWY_MAINT,PED_COUNT,PED_DEATH_COUNT,PED_SUSP_SERIOUS_INJ_COUNT,PERSON_COUNT,POLICE_AGCY,POSSIBLE_INJ_COUNT,RDWY_SURF_TYPE_CD,RELATION_TO_ROAD,ROAD_CONDITION,ROADWAY_CLEARED,SCH_BUS_IND,SCH_ZONE_IND,SECONDARY_CRASH,SMALL_TRUCK_COUNT,SPEC_JURIS_CD,SUSP_MINOR_INJ_COUNT,SUSP_SERIOUS_INJ_COUNT,SUV_COUNT,TCD_FUNC_CD,TCD_TYPE,TFC_DETOUR_IND,TIME_OF_DAY,TOT_INJ_COUNT,TOTAL_UNITS,UNB_DEATH_COUNT,UNB_SUSP_SERIOUS_INJ_COUNT,UNBELTED_OCC_COUNT,UNK_INJ_DEG_COUNT,UNK_INJ_PER_COUNT,URBAN_AREA,URBAN_RURAL,VAN_COUNT,VEHICLE_COUNT,WEATHER1,WEATHER2,WORK_ZONE_IND,WORK_ZONE_LOC,WORK_ZONE_TYPE,WORKERS_PRES,WZ_CLOSE_DETOUR,WZ_FLAGGER,WZ_LAW_OFFCR_IND,WZ_LN_CLOSURE,WZ_MOVING,WZ_OTHER,WZ_SHLDER_MDN,WZ_WORKERS_INJ_KILLED
2010069686,2255.0,2,0,0,0,0,0,0,0,0,4,0,,67,6,2010,6,39.9602,-75.2391,2250.0,6,0,0,0,0,0,0,0,0,,0,0,0,22.0,3,2,1,,0,39 57:36.706,,0,75 14:20.632,4,0,0,0,67301,0,0,0,N,0,0,0,3,67301,2,,1,1,,N,N,,0,,0,0,0,3,2,,2247.0,2,2,0,0,0,0,0,3,4,0,2,3,,N,,,,,,,,,,,
2010069706,1531.0,1,0,0,0,0,0,0,0,0,8,0,,67,5,2010,5,39.9643,-75.2201,1531.0,6,0,0,0,0,0,0,1,0,,0,0,0,15.0,1,1,0,,0,39 57:51.504,,0,75 13:12.404,4,0,0,0,67301,1,0,0,N,1,0,0,2,67301,1,,1,1,,N,N,,0,,0,0,0,0,0,,1531.0,1,2,0,0,1,0,0,3,4,0,1,3,,N,,,,,,,,,,,
2010011641,30.0,1,0,0,0,0,0,0,0,0,7,0,,67,1,2010,7,40.0199,-75.1495,25.0,6,0,0,0,0,0,0,0,0,,0,0,0,0.0,3,3,0,,0,40 01:11.573,,0,75 08:58.290,8,0,0,0,67301,0,0,0,N,0,0,0,3,67301,0,,3,1,,N,N,,0,,0,0,0,0,0,,15.0,3,1,0,0,0,3,0,3,4,0,1,3,,N,,,,,,,,,,,
2010040545,1749.0,0,0,0,0,0,0,0,0,0,8,0,,67,3,2010,7,39.9508,-75.1638,1742.0,6,0,0,0,0,0,1,0,0,,0,0,0,17.0,4,1,1,,0,39 57:03.048,,0,75 09:49.788,8,0,0,0,67301,1,0,0,N,1,0,0,3,67301,0,,1,1,,N,N,,0,,0,0,1,3,2,,1742.0,1,2,0,0,0,1,0,3,4,0,1,3,,N,,,,,,,,,,,
2010038623,1120.0,2,0,0,0,0,0,0,0,0,4,0,,67,3,2010,7,39.9188,-75.186,1117.0,6,0,0,0,0,0,0,0,1,9.0,0,0,0,11.0,1,0,1,,2,39 55:07.618,2.0,0,75 11:09.725,0,0,0,0,67301,0,0,0,,0,0,0,2,67301,0,,1,1,,,,,0,,0,0,0,3,2,Y,1117.0,0,2,0,0,1,0,0,3,4,0,2,3,,N,,,,,,,,,,,
2010038715,1230.0,1,0,0,0,0,0,0,0,0,5,0,,67,3,2010,5,39.9535,-75.1855,1230.0,6,0,0,0,0,0,1,0,0,,0,0,0,12.0,1,2,0,,0,39 57:12.764,,0,75 11:07.626,4,0,0,0,67301,0,0,0,N,0,0,0,5,67301,1,,1,1,,N,N,,0,,0,0,0,0,0,,1230.0,2,2,0,0,0,1,0,3,4,1,2,3,,N,,,,,,,,,,,
2010038726,1618.0,0,0,0,0,0,0,0,0,0,5,0,,67,3,2010,5,39.9479,-75.1526,1616.0,6,0,0,0,0,0,0,0,0,,0,0,0,16.0,1,1,1,,0,39 56:52.462,,0,75 09:09.488,4,0,0,0,67301,1,0,0,,1,0,0,2,67301,1,,1,1,,,,,0,,0,0,1,3,2,,1615.0,1,2,0,0,0,0,0,3,4,0,1,3,,N,,,,,,,,,,,
2010031746,1422.0,0,0,0,0,0,0,0,0,0,7,0,,67,3,2010,7,39.8888,-75.218,1421.0,6,0,0,0,0,0,0,0,0,2.0,1,0,0,14.0,1,0,0,,2,39 53:20.277,2.0,0,75 13:05.363,1,0,0,0,67301,0,0,0,N,0,0,0,1,68K01,0,1.0,2,9,,N,N,,0,0.0,0,0,0,0,0,N,1418.0,0,1,1,0,1,0,0,3,4,1,1,7,,N,,,,,,,,,,,
2010038970,59.0,1,0,0,0,0,0,0,0,0,7,0,,67,3,2010,7,40.0272,-75.0988,58.0,6,0,0,0,0,0,0,0,0,2.0,0,0,0,0.0,3,1,0,,2,40 01:38.373,1.0,0,75 05:56.636,8,0,0,0,67301,0,0,0,Y,0,0,0,2,67301,0,,5,1,,N,N,,0,,0,0,0,0,0,Y,58.0,1,1,0,0,0,1,1,3,4,0,1,3,,N,,,,,,,,,,,
2010039315,1355.0,3,0,0,0,0,0,0,0,0,5,0,,67,3,2010,1,39.9494,-75.21,1347.0,6,0,0,0,0,1,0,0,0,,0,0,0,13.0,1,0,0,,0,39 56:57.915,,0,75 12:36.112,0,0,0,0,67301,0,0,0,N,0,0,0,2,67301,0,,6,9,,N,N,,0,,0,0,0,0,0,,1340.0,0,3,0,0,0,0,0,3,4,0,3,7,,N,,,,,,,,,,,
2010117471,1630.0,2,0,0,0,0,0,0,0,0,7,0,,67,11,2010,2,39.9914,-75.2032,1629.0,6,0,0,0,0,0,0,0,0,1.0,0,0,0,16.0,1,0,0,,2,39 59:31.218,4.0,0,75 12:06.902,0,0,0,0,67301,0,0,0,N,0,0,0,2,68K01,0,,5,1,,N,N,,0,,0,0,0,0,0,N,1627.0,0,2,0,0,0,0,0,3,4,0,2,3,,N,,,,,,,,,,,
2010032579,1400.0,2,0,0,0,0,0,0,0,0,1,0,,67,3,2010,6,39.9504,-75.1457,1400.0,6,0,0,0,0,0,0,0,0,,0,0,0,14.0,1,1,0,,0,39 57:01.314,,0,75 08:44.365,4,0,0,0,67301,0,0,0,,0,0,0,3,67301,1,,1,1,,N,,,0,,0,0,0,0,0,,1400.0,1,2,0,0,0,0,0,3,4,0,2,3,,N,,,,,,,,,,,
2010032545,1930.0,1,0,0,0,0,0,0,0,0,4,0,,67,2,2010,3,40.0394,-75.0774,1926.0,6,0,0,0,0,0,0,0,0,,0,0,0,19.0,3,1,1,,0,40 02:22.048,,0,75 04:38.765,8,0,0,0,67301,0,0,0,N,0,0,0,2,67301,0,,1,9,,N,N,,1,,0,0,0,3,2,,1910.0,1,2,0,0,0,1,0,3,4,0,2,7,,N,,,,,,,,,,,
2010035506,1440.0,0,0,0,0,0,0,0,0,0,4,0,,67,3,2010,5,40.1,-74.9856,1436.0,6,0,0,0,0,0,0,0,0,,0,0,0,99.0,1,1,2,,0,40 06:00.144,,0,74 59:08.192,8,0,0,0,67301,0,0,0,,0,0,0,2,67301,0,,1,1,,,,,1,,0,0,1,3,3,,9999.0,1,2,0,0,0,1,0,3,4,0,2,3,,N,,,,,,,,,,,
2010032734,1756.0,1,0,0,0,0,0,0,0,0,7,0,,67,3,2010,1,40.0766,-75.0324,1753.0,6,0,0,0,0,0,0,0,0,1.0,0,0,0,17.0,4,1,0,,2,40 04:35.806,1.0,0,75 01:56.636,4,0,0,0,67301,0,0,0,N,0,0,0,1,67301,1,,3,1,,N,N,,0,,0,0,0,0,0,Y,1752.0,1,1,0,0,1,0,0,3,4,0,1,3,,N,,,,,,,,,,,
2010017658,1647.0,1,0,0,0,0,0,0,0,0,7,0,,67,2,2010,4,39.9961,-75.2375,1647.0,6,0,0,0,0,0,1,0,0,1.0,0,0,0,16.0,1,0,0,,1,39 59:48.372,2.0,0,75 14:09.699,0,0,0,0,67301,0,0,0,N,0,0,0,1,46104,0,,4,1,,N,N,,0,,0,0,0,0,0,N,1647.0,0,1,0,0,0,0,0,3,4,0,1,3,,N,,,,,,,,,,,
2010013435,615.0,1,0,0,0,0,0,0,0,0,7,0,,67,1,2010,1,40.0396,-75.0068,600.0,6,0,0,0,0,0,0,0,0,1.0,0,0,0,5.0,3,0,0,,1,40 02:22.839,1.0,0,75 00:24.001,0,0,0,0,67301,0,0,0,N,0,0,0,2,68K01,0,,3,1,,N,N,,0,,0,0,0,0,0,N,559.0,0,1,0,0,0,0,0,3,4,0,1,3,,N,,,,,,,,,,,
2010016929,34.0,1,0,0,0,0,0,0,0,0,7,0,,67,1,2010,2,40.007,-75.2023,30.0,6,0,0,0,0,0,0,0,0,1.0,0,0,0,0.0,3,1,0,,1,40 00:25.243,3.0,0,75 12:08.258,8,0,0,0,67301,0,0,0,N,0,0,0,1,67301,0,,5,1,,N,N,,0,,0,0,0,0,0,Y,27.0,1,1,0,0,0,1,0,3,4,0,1,3,,N,,,,,,,,,,,
2010017114,1038.0,0,0,0,0,0,0,0,0,0,1,0,,67,1,2010,3,39.9932,-75.1492,1037.0,6,0,0,0,0,0,0,0,0,,0,0,0,10.0,1,1,1,,0,39 59:35.691,,0,75 08:57.226,4,0,0,0,67301,0,0,0,N,0,0,0,3,67301,1,,1,1,,N,N,,1,,0,0,1,3,2,,1035.0,1,2,0,0,0,0,0,3,4,0,2,3,,N,,,,,,,,,,,
2010017124,1933.0,0,0,0,0,0,0,0,0,0,8,0,,67,1,2010,6,40.0337,-75.0636,1931.0,6,0,0,0,0,0,0,0,0,,0,0,0,19.0,4,2,5,,0,40 02:01.136,,0,75 03:49.097,4,0,0,0,67301,2,0,0,N,2,0,0,4,67301,2,,1,1,,N,N,,0,,0,0,1,3,2,,1930.0,2,3,0,0,2,0,0,3,4,0,1,3,,N,,,,,,,,,,,
2010017229,1422.0,2,0,0,0,0,0,0,0,0,4,0,,67,1,2010,2,40.0049,-75.1787,1420.0,6,0,0,0,0,1,1,0,0,1.0,0,0,0,14.0,1,1,5,,1,40 00:17.801,4.0,0,75 10:43.939,4,0,0,0,67301,0,0,0,N,0,0,0,2,67301,1,,1,9,,N,N,,0,,0,0,0,3,2,N,1418.0,1,2,0,0,0,0,0,3,4,0,2,7,,N,,,,,,,,,,,
2010017240,322.0,2,0,0,0,0,0,0,0,0,2,0,,67,1,2010,1,39.9635,-75.1478,321.0,6,0,0,0,0,0,0,0,0,1.0,0,0,0,3.0,3,0,2,,1,39 57:48.751,2.0,0,75 08:52.112,0,0,0,0,67301,0,0,0,N,0,0,0,3,67301,0,,1,1,,N,N,,1,,0,0,0,3,2,N,315.0,0,3,0,0,0,0,0,3,4,0,3,3,,N,,,,,,,,,,,
2010015924,1648.0,0,0,0,0,0,0,0,0,0,7,0,,67,2,2010,6,39.9538,-75.1394,1648.0,6,0,0,0,0,0,1,0,0,,0,0,0,16.0,1,0,0,,0,39 57:13.713,,3,75 08:21.697,9,0,0,0,67301,0,0,0,N,0,0,0,1,67501,0,,3,1,,N,N,,0,,0,0,1,0,0,,1648.0,0,1,0,0,0,0,1,3,4,0,1,3,,N,,,,,,,,,,,
2010021445,226.0,4,0,0,0,0,0,0,0,0,4,0,,67,1,2010,2,39.9134,-75.1651,224.0,6,0,0,0,0,0,0,0,0,,0,0,0,2.0,3,1,1,,0,39 54:48.124,,0,75 09:54.367,8,0,0,0,67301,0,0,0,N,0,0,0,1,67301,0,,1,9,,N,N,,0,,0,0,0,3,2,,220.0,1,4,0,0,0,1,0,3,4,0,4,7,,N,,,,,,,,,,,
2010089099,832.0,1,0,0,0,0,0,0,0,0,8,0,,67,8,2010,2,39.9559,-75.1598,830.0,6,0,0,0,0,0,0,1,0,,0,0,0,8.0,1,1,2,,0,39 57:21.157,,0,75 09:35.449,8,0,0,0,67301,1,0,0,N,1,0,0,2,67301,0,,1,1,,N,N,,0,,0,0,0,3,3,,828.0,1,2,0,0,0,1,0,3,4,0,1,3,,N,,,,,,,,,,,
2010099028,835.0,1,0,0,0,0,0,0,0,0,2,1,,67,8,2010,3,39.9584,-75.2313,831.0,6,0,0,0,0,1,0,0,0,,0,1,0,8.0,1,1,2,,0,39 57:30.398,,0,75 13:52.701,8,0,0,0,67301,0,0,0,N,0,0,0,4,67301,0,,1,1,,N,N,,0,,0,0,0,3,3,,820.0,1,2,0,0,1,1,0,3,4,0,2,3,,N,,,,,,,,,,,
2010094157,1551.0,1,0,0,0,0,0,0,0,0,4,0,,67,9,2010,7,39.9308,-75.2173,1551.0,6,0,0,0,0,0,1,0,0,,0,0,0,15.0,1,1,2,,0,39 55:51.223,,0,75 13:02.828,4,0,0,0,67301,0,0,0,N,0,0,0,2,67301,1,,1,1,,N,N,,1,,0,0,0,3,3,,1540.0,1,2,0,0,0,0,0,3,4,0,2,3,,N,,,,,,,,,,,
2010094182,1942.0,1,0,0,0,0,0,0,0,0,8,0,,67,8,2010,3,39.9538,-75.1946,1942.0,6,0,0,0,0,0,0,0,0,,0,0,0,18.0,1,1,0,,0,39 57:13.780,,0,75 11:40.650,4,0,0,0,67301,1,0,0,N,1,0,0,2,67301,1,,1,9,,N,N,,0,,0,0,0,0,0,,1800.0,1,2,0,0,0,0,1,3,4,0,1,7,,N,,,,,,,,,,,
2010094186,517.0,2,0,0,0,0,0,0,0,0,5,0,,67,9,2010,1,40.0087,-75.0833,511.0,6,0,0,0,0,0,0,0,0,,0,0,0,1.0,3,1,0,,0,40 00:30.827,,0,75 05:01.088,8,0,0,0,67301,2,0,0,N,0,0,0,3,67301,0,,6,1,,N,N,,0,,0,0,0,0,0,,135.0,1,2,0,0,0,1,2,3,4,0,2,3,,N,,,,,,,,,,,
2010094193,1759.0,1,0,0,0,0,0,0,0,0,8,0,,67,8,2010,5,40.0322,-75.106,1754.0,6,0,0,0,0,0,0,0,0,,0,0,0,16.0,1,1,1,,0,40 01:54.468,,0,75 06:19.634,4,0,0,0,67301,1,0,0,N,1,0,0,2,67301,1,,1,1,,N,N,,0,,0,0,0,0,0,,1633.0,1,2,0,0,0,0,0,3,4,0,1,3,,N,,,,,,,,,,,
2010113746,1350.0,2,0,0,0,0,0,0,0,0,4,0,,67,10,2010,2,40.0575,-75.045,1340.0,6,0,0,0,0,0,1,0,1,,0,0,0,13.0,1,1,0,,0,40 03:26.977,,0,75 02:41.934,4,0,0,0,67301,0,0,0,N,0,0,0,4,67301,1,,1,1,,N,N,,0,,0,0,0,0,0,,1310.0,1,2,0,0,0,0,0,3,4,0,2,3,,N,,,,,,,,,,,
2010113772,10.0,2,0,0,0,0,0,0,0,0,1,0,,67,10,2010,5,40.0124,-75.1394,6.0,6,0,0,0,0,0,0,0,0,,0,0,0,23.0,3,0,0,,0,40 00:44.750,,0,75 08:21.870,9,0,0,0,67301,0,0,0,N,0,0,0,1,67301,0,,2,1,,N,N,,0,,0,0,1,3,2,,2355.0,0,4,0,0,0,0,1,3,4,1,4,3,,N,,,,,,,,,,,
2010094083,1510.0,2,0,0,0,0,0,0,0,0,1,0,,67,8,2010,3,39.9932,-75.149,1500.0,6,0,0,0,0,0,0,0,0,,0,0,0,14.0,1,1,0,,0,39 59:35.598,,0,75 08:56.487,3,0,0,0,67301,0,0,0,,0,0,0,1,67301,0,,6,1,,,,,0,,1,0,0,0,0,,1455.0,1,2,0,0,1,0,0,3,4,0,2,3,,N,,,,,,,,,,,
2010088931,2040.0,0,0,0,0,0,0,0,0,0,7,0,,67,8,2010,6,40.0586,-75.134,2035.0,6,0,0,0,0,0,0,0,0,,0,0,0,20.0,3,1,2,,0,40 03:30.866,,0,75 08:02.475,4,0,0,0,67301,0,0,0,N,0,0,0,2,67301,1,,5,1,,N,N,,0,,0,0,1,3,3,,2035.0,1,1,0,0,2,0,1,3,4,0,1,3,,N,,,,,,,,,,,
2010110816,1630.0,0,0,0,0,0,0,0,0,0,1,0,,67,10,2010,3,40.0445,-75.1931,1628.0,6,0,0,0,0,0,1,0,0,,0,0,0,15.0,1,0,2,,0,40 02:40.301,,0,75 11:35.235,0,0,0,0,67301,0,0,0,N,0,0,0,3,67301,0,,1,9,,N,N,,0,,0,0,2,3,2,,1532.0,0,3,0,0,0,0,0,3,4,1,3,7,,N,,,,,,,,,,,
2010011610,1616.0,1,0,0,0,0,0,0,0,0,4,0,,67,1,2010,3,40.0316,-75.0632,1613.0,6,0,0,0,0,0,1,0,0,1.0,0,0,0,16.0,1,3,0,,1,40 01:53.630,3.0,0,75 03:47.479,8,0,0,0,67301,0,0,0,N,0,0,0,3,67301,0,,1,1,,N,N,,0,,0,0,1,0,0,Y,1604.0,3,2,0,0,0,3,0,3,4,0,2,3,,N,,,,,,,,,,,
2010011624,2023.0,1,0,0,0,0,0,0,0,0,5,0,,67,1,2010,7,40.0286,-75.0912,2017.0,6,0,0,0,0,0,1,0,0,1.0,0,0,0,20.0,3,0,0,,1,40 01:42.895,2.0,0,75 05:28.263,0,0,0,0,67301,0,0,0,N,0,0,0,2,67301,0,,1,1,,N,N,,0,,0,0,0,0,0,N,2017.0,0,2,0,0,0,0,0,3,4,1,2,3,,N,,,,,,,,,,,
2010011628,1153.0,2,0,0,0,0,0,0,0,0,1,0,,67,1,2010,3,40.0392,-75.11,1151.0,6,0,0,0,0,0,1,0,0,,0,0,0,11.0,1,1,1,,0,40 02:20.942,,0,75 06:36.006,4,0,0,0,67301,0,0,0,N,0,0,0,2,67301,1,,1,1,,N,N,,0,,0,0,0,3,2,,1140.0,1,2,0,0,0,0,0,3,4,0,2,3,,N,,,,,,,,,,,
2010038671,1228.0,1,0,0,0,0,0,1,0,0,4,1,,67,3,2010,3,39.9579,-75.1623,1225.0,6,0,0,0,0,0,0,1,0,,0,0,0,12.0,1,1,2,,0,39 57:29.061,,0,75 09:44.627,3,0,0,0,67301,0,0,0,N,0,0,0,2,67301,0,,1,1,,Y,N,,0,,1,0,0,3,2,,1215.0,1,2,0,0,0,0,0,3,4,0,2,3,,N,,,,,,,,,,,
2010122386,850.0,3,0,0,0,0,0,0,0,0,1,0,,67,11,2010,4,39.9361,-75.2345,840.0,6,0,0,0,0,0,2,0,0,,0,0,0,8.0,1,0,2,,0,39 56:09.964,,0,75 14:04.264,0,0,0,0,67301,0,0,0,N,0,0,0,3,67301,0,,2,1,,N,Y,,0,,0,0,0,0,0,,835.0,0,3,0,0,0,0,0,3,4,0,3,3,,N,,,,,,,,,,,
2010122463,1235.0,1,0,0,0,0,0,0,0,0,1,0,,67,11,2010,2,40.1157,-75.0281,1228.0,6,0,0,0,0,0,0,0,0,,0,0,0,12.0,1,1,2,,0,40 06:56.588,,0,75 01:41.026,8,0,0,0,67301,0,0,0,N,0,0,0,2,67301,0,,1,1,,N,N,,0,,0,0,0,3,3,,1218.0,1,2,0,0,0,1,0,3,4,1,2,3,,N,,,,,,,,,,,
2010122498,925.0,1,0,0,0,0,0,0,0,0,4,0,,67,11,2010,4,40.0266,-75.174,919.0,6,0,0,0,0,0,1,1,0,,0,0,0,9.0,1,2,1,,0,40 01:35.662,,0,75 10:26.500,8,0,0,0,67301,0,0,0,,0,0,0,2,67301,0,,1,1,,,,,1,,0,0,0,3,3,,900.0,2,2,0,0,0,2,0,3,4,0,2,98,,N,,,,,,,,,,,
2010038764,2335.0,1,0,0,0,0,0,0,0,0,5,0,,67,3,2010,1,39.893,-75.2362,2331.0,6,0,0,0,0,0,1,0,0,,0,0,0,23.0,3,1,3,,0,39 53:34.761,,2,75 14:10.355,4,0,0,0,67301,0,0,0,N,0,0,0,3,67301,1,,7,9,,N,N,,1,,0,0,0,0,0,,2323.0,1,2,0,0,0,0,0,3,4,0,2,7,,N,,,,,,,,,,,
2010038775,1759.0,0,0,0,0,0,0,1,0,0,8,1,,67,3,2010,2,39.9517,-75.1551,1750.0,6,0,0,0,0,0,0,0,0,,0,0,0,17.0,1,1,0,,0,39 57:06.125,,0,75 09:18.311,8,0,0,0,67301,1,0,0,N,1,0,0,2,67301,0,,2,1,,N,N,,0,,0,0,0,0,0,,1743.0,1,2,0,0,0,1,0,3,4,0,1,3,,N,,,,,,,,,,,
2010041820,1640.0,1,0,0,0,0,0,0,0,0,1,0,,67,4,2010,3,39.9623,-75.1394,1627.0,6,0,0,0,0,0,0,0,0,1.0,0,0,0,16.0,1,1,0,,1,39 57:44.874,1.0,0,75 08:21.421,8,0,0,0,67301,0,0,0,N,0,0,0,2,68K01,0,,1,1,,N,N,,0,,0,0,1,0,0,N,1620.0,1,2,0,0,0,1,0,3,4,0,2,3,,N,,,,,,,,,,,
2010122593,1725.0,1,0,0,0,0,0,0,0,0,8,0,,67,11,2010,4,40.0924,-75.0306,1722.0,6,0,0,0,0,0,0,0,0,,0,0,0,17.0,4,1,0,,0,40 05:32.704,,0,75 01:50.242,4,0,0,0,67301,1,0,0,N,1,0,0,2,67301,1,,1,1,,N,N,,0,,0,0,0,0,0,,1710.0,1,2,0,0,1,0,0,3,4,0,1,3,,N,,,,,,,,,,,
2010039114,1815.0,2,0,0,0,0,0,0,0,0,4,0,,67,3,2010,2,39.9736,-75.2082,1813.0,6,0,0,0,0,0,0,0,0,2.0,0,0,0,18.0,3,1,0,,1,39 58:25.100,4.0,0,75 12:29.360,3,0,0,0,67301,0,0,0,N,0,0,0,4,67301,0,,1,9,,N,N,,1,,1,0,0,0,0,N,1810.0,1,3,0,0,0,0,0,3,4,0,3,98,,N,,,,,,,,,,,
2010122641,1215.0,1,0,0,0,0,0,0,0,0,8,0,,67,11,2010,7,39.9432,-75.1774,1210.0,6,0,0,0,0,0,0,0,0,,0,0,0,11.0,1,1,1,,0,39 56:35.646,,0,75 10:38.553,4,0,0,0,67301,1,0,0,N,1,0,0,2,67301,1,,1,1,,N,N,,0,,0,0,0,9,3,,1145.0,1,2,0,0,0,0,0,3,4,0,1,3,,N,,,,,,,,,,,
2010032096,2305.0,0,0,0,0,0,0,0,0,0,1,0,,67,2,2010,4,40.0222,-75.0387,2251.0,6,0,0,0,0,0,0,0,0,2.0,0,0,0,22.0,3,2,0,,1,40 01:19.504,2.0,0,75 02:19.777,8,0,0,0,67301,0,0,0,N,0,0,0,2,68K01,0,,1,1,,N,N,,0,,0,0,2,0,0,N,2235.0,2,2,0,0,0,2,0,3,4,0,2,3,,N,,,,,,,,,,,
2010032492,641.0,1,0,0,0,0,0,0,0,0,8,0,,67,2,2010,4,40.0945,-75.015,632.0,6,0,0,0,0,0,0,0,0,1.0,0,0,0,6.0,5,1,1,,2,40 05:40.380,1.0,0,75 00:54.123,8,0,0,0,67301,1,0,0,N,1,0,0,3,67301,0,,1,9,,N,N,,0,,0,0,0,3,2,N,615.0,1,2,0,0,0,1,0,3,4,0,1,7,,N,,,,,,,,,,,
2010016794,1905.0,1,0,0,0,0,0,0,0,0,9,0,,67,2,2010,4,39.9464,-75.1424,1849.0,6,0,0,0,0,0,0,0,0,,0,0,0,18.0,3,0,0,,0,39 56:46.970,,0,75 08:32.741,0,0,0,0,67301,0,0,0,N,0,0,0,3,68K01,0,,1,1,,N,N,,0,,0,0,0,0,0,,1846.0,0,1,0,0,0,0,0,3,4,0,1,3,,N,,,,,,,,,,,
2010016904,1738.0,1,0,0,0,0,0,0,0,0,4,0,,67,1,2010,6,39.9672,-75.2057,1738.0,6,0,0,0,0,1,0,0,0,,0,0,0,17.0,4,1,1,,0,39 58:01.772,,0,75 12:20.350,2,0,1,1,67301,0,0,0,,0,0,0,3,67301,0,,1,1,,,,,0,,0,1,0,3,2,,1738.0,1,2,0,0,0,0,0,3,4,0,2,3,,N,,,,,,,,,,,
2010011522,1933.0,0,0,0,0,0,0,0,0,0,8,0,,67,1,2010,7,39.9266,-75.167,1927.0,6,0,0,0,0,0,0,0,0,,0,0,0,19.0,3,1,1,,0,39 55:35.601,,0,75 10:01.358,8,0,0,0,67301,1,0,0,N,1,0,0,2,67301,0,,1,1,,N,N,,0,,0,0,0,3,2,,1920.0,1,2,0,0,0,1,1,3,4,1,1,3,,N,,,,,,,,,,,
2010014138,400.0,1,0,0,0,0,0,0,0,0,7,0,,67,1,2010,5,39.9491,-75.1848,354.0,6,0,0,0,0,0,0,0,0,2.0,0,0,0,3.0,3,0,0,,1,39 56:59.156,4.0,0,75 11:01.955,0,0,0,0,67301,0,0,0,N,0,0,0,1,68K01,0,,5,1,,N,N,,0,,0,0,0,0,0,N,348.0,0,1,0,0,0,0,0,3,4,0,1,3,,N,,,,,,,,,,,
2010017078,1808.0,0,0,0,0,0,0,0,0,0,4,0,,67,1,2010,2,39.9945,-75.1711,1803.0,6,1,0,0,0,0,0,1,0,1.0,0,0,0,17.0,6,1,1,,1,39 59:40.045,4.0,0,75 10:15.934,8,0,0,1,67301,0,0,0,N,0,0,0,2,67301,0,,1,1,,,,,0,,0,0,1,3,3,N,1755.0,1,2,0,0,0,1,0,3,4,0,2,3,,N,,,,,,,,,,,
2010017087,1955.0,1,0,0,1,0,0,0,0,0,1,0,,67,1,2010,3,39.9413,-75.2084,1950.0,6,0,0,0,0,0,0,0,0,,0,0,0,19.0,3,1,2,,0,39 56:28.778,,0,75 12:30.295,8,0,0,0,67301,1,0,0,N,0,0,0,2,67301,0,,1,1,,N,N,,0,,0,0,0,3,2,,1935.0,1,2,0,0,0,1,0,3,4,0,1,3,,N,,,,,,,,,,,
2010017243,1700.0,2,0,0,0,0,0,0,0,0,4,0,,67,1,2010,6,40.0573,-75.1406,1655.0,6,0,0,0,0,0,1,0,0,,0,0,0,15.0,1,1,1,,0,40 03:26.326,,0,75 08:26.228,4,0,0,0,67301,0,0,0,N,0,0,0,4,67301,1,,1,1,,N,N,,0,,0,0,0,3,3,,1521.0,1,2,0,0,0,0,0,3,4,0,2,3,,N,,,,,,,,,,,
2010018610,837.0,2,0,0,0,0,0,0,0,0,1,0,,67,2,2010,2,39.9446,-75.1913,825.0,6,0,0,0,0,0,0,0,0,1.0,0,0,0,8.0,1,1,6,,1,39 56:43.369,4.0,2,75 11:25.410,4,0,0,0,67301,0,0,0,N,0,0,0,2,68K01,1,,1,1,,N,N,,0,,0,0,0,0,0,N,822.0,1,2,0,0,0,0,0,3,4,0,2,3,,N,,,,,,,,,,,