CRN,ARRIVAL_TM,AUTOMOBILE_COUNT,BELTED_DEATH_COUNT,BELTED_SUSP_SERIOUS_INJ_COUNT,BICYCLE_COUNT,BICYCLE_DEATH_COUNT,BICYCLE_SUSP_SERIOUS_INJ_COUNT,BUS_COUNT,CHLDPAS_DEATH_COUNT,CHLDPAS_SUSP_SERIOUS_INJ_COUNT,COLLISION_TYPE,COMM_VEH_COUNT,CONS_ZONE_SPD_LIM,COUNTY,CRASH_MONTH,CRASH_YEAR,DAY_OF_WEEK,DEC_LAT,DEC_LONG,DISPATCH_TM,DISTRICT,DRIVER_COUNT_16YR,DRIVER_COUNT_17YR,DRIVER_COUNT_18YR,DRIVER_COUNT_19YR,DRIVER_COUNT_20YR,DRIVER_COUNT_50_64YR,DRIVER_COUNT_65_74YR,DRIVER_COUNT_75PLUS,EST_HRS_CLOSED,FATAL_COUNT,HEAVY_TRUCK_COUNT,HORSE_BUGGY_COUNT,HOUR_OF_DAY,ILLUMINATION,INJURY_COUNT,INTERSECT_TYPE,INTERSECTION_RELATED,LANE_CLOSED,LATITUDE,LN_CLOSE_DIR,LOCATION_TYPE,LONGITUDE,MAX_SEVERITY_LEVEL,MCYCLE_DEATH_COUNT,MCYCLE_SUSP_SERIOUS_INJ_COUNT,MOTORCYCLE_COUNT,MUNICIPALITY,NONMOTR_COUNT,NONMOTR_DEATH_COUNT,NONMOTR_SUSP_SERIOUS_INJ_COUNT,NTFY_HIWY_MAINT,PED_COUNT,PED_DEATH_COUNT,PED_SUSP_SERIOUS_INJ_COUNT,PERSON_COUNT,POLICE_AGCY,POSSIBLE_INJ_COUNT,RDWY_SURF_TYPE_CD,RELATION_TO_ROAD,ROAD_CONDITION,ROADWAY_CLEARED,SCH_BUS_IND,SCH_ZONE_IND,SECONDARY_CRASH,SMALL_TRUCK_COUNT,SPEC_JURIS_CD,SUSP_MINOR_INJ_COUNT,SUSP_SERIOUS_INJ_COUNT,SUV_COUNT,TCD_FUNC_CD,TCD_TYPE,TFC_DETOUR_IND,TIME_OF_DAY,TOT_INJ_COUNT,TOTAL_UNITS,UNB_DEATH_COUNT,UNB_SUSP_SERIOUS_INJ_COUNT,UNBELTED_OCC_COUNT,UNK_INJ_DEG_COUNT,UNK_INJ_PER_COUNT,URBAN_AREA,URBAN_RURAL,VAN_COUNT,VEHICLE_COUNT,WEATHER1,WEATHER2,WORK_ZONE_IND,WORK_ZONE_LOC,WORK_ZONE_TYPE,WORKERS_PRES,WZ_CLOSE_DETOUR,WZ_FLAGGER,WZ_LAW_OFFCR_IND,WZ_LN_CLOSURE,WZ_MOVING,WZ_OTHER,WZ_SHLDER_MDN,WZ_WORKERS_INJ_KILLED
2010021436,2105.0,3,0,0,0,0,0,0,0,0,4,0,,67,1,2010,6,39.9875,-75.2557,2058.0,6,0,0,1,0,0,0,0,0,2.0,0,0,0,20.0,3,1,2,,2,39 59:14.867,2.0,0,75 15:20.366,8,0,0,0,67301,0,0,0,,0,0,0,6,67301,0,,1,1,,,,,0,,0,0,0,0,0,Y,2050.0,1,3,0,0,2,1,2,3,4,0,3,3,,N,,,,,,,,,,,
2010021671,1340.0,1,0,0,0,0,0,0,0,0,4,0,,67,1,2010,4,39.9725,-75.1674,1340.0,6,0,0,0,0,0,0,1,0,,0,0,0,13.0,1,0,1,,0,39 58:20.959,,0,75 10:02.615,0,0,0,0,67301,0,0,0,N,0,0,0,3,67301,0,,1,1,,N,N,,0,,0,0,0,3,2,,1318.0,0,2,0,0,0,0,0,3,4,1,2,3,,N,,,,,,,,,,,
2010117980,200.0,1,0,0,0,0,0,0,0,0,7,0,,67,11,2010,3,40.0166,-75.1439,159.0,6,0,1,0,0,0,0,0,0,,0,0,0,1.0,3,1,0,,0,40 00:59.693,,0,75 08:38.083,4,0,0,0,67301,0,0,0,,0,0,0,1,67301,1,,4,1,,,,,0,,0,0,0,0,0,,159.0,1,1,0,0,0,0,0,3,4,0,1,3,,N,,,,,,,,,,,
2010118016,1000.0,1,0,0,0,0,0,0,0,0,7,0,,67,10,2010,5,39.8931,-75.2472,936.0,6,0,0,0,0,0,0,0,0,,0,0,0,9.0,1,1,2,,0,39 53:35.008,,0,75 14:49.999,3,0,0,0,67301,0,0,0,,0,0,0,2,67301,0,,2,9,,,,,0,,1,0,0,3,3,,900.0,1,1,0,0,0,0,0,3,4,0,1,3,,N,,,,,,,,,,,
2010053395,455.0,2,0,0,0,0,0,0,0,0,7,0,,67,5,2010,6,39.9665,-75.1873,447.0,6,0,0,0,0,1,1,0,0,1.0,0,0,0,4.0,2,1,0,,2,39 57:58.755,3.0,0,75 11:13.683,4,0,0,0,67301,0,0,0,N,0,0,0,2,68K01,1,,4,1,,N,N,,0,,0,0,0,0,0,N,440.0,1,2,0,0,0,0,0,3,4,0,2,3,,N,,,,,,,,,,,
2010074987,1000.0,3,0,0,0,0,0,0,0,0,1,0,,67,7,2010,5,39.9557,-75.1897,956.0,6,0,0,0,0,0,1,0,0,,0,0,0,9.0,1,2,0,,0,39 57:20.448,,0,75 11:22.837,2,0,0,0,67301,0,0,0,N,0,0,0,6,67301,0,,1,1,,N,N,,0,,1,1,1,0,0,,955.0,2,4,0,0,0,0,1,3,4,0,4,3,,N,,,,,,,,,,,
2010064763,1126.0,1,0,0,0,0,0,0,0,0,5,0,,67,6,2010,3,40.0176,-75.1728,1124.0,6,0,0,0,1,0,0,0,0,1.0,0,0,0,11.0,1,0,0,,2,40 01:03.368,4.0,1,75 10:21.926,0,0,0,0,67301,0,0,0,N,0,0,0,3,67301,0,,1,1,,N,N,,0,,0,0,0,0,0,N,1122.0,0,2,0,0,0,0,0,3,4,1,2,3,,N,,,,,,,,,,,
2010044884,1450.0,2,0,0,0,0,0,0,0,0,4,0,,67,4,2010,1,40.114,-74.9876,1446.0,6,0,0,0,0,0,0,0,0,,0,0,0,14.0,1,1,1,,0,40 06:50.539,,0,74 59:15.391,4,0,0,0,67301,0,0,0,N,0,0,0,4,67301,1,,1,1,,N,N,,0,,0,0,0,3,2,,1443.0,1,2,0,0,0,0,0,3,4,0,2,3,,N,,,,,,,,,,,
2010047478,1305.0,0,0,0,0,0,0,0,0,0,1,0,,67,5,2010,4,39.9601,-75.1816,1300.0,6,0,0,0,0,0,1,0,0,,0,0,0,12.0,1,17,0,,0,39 57:41.382,,2,75 10:57.612,8,0,0,0,67301,0,0,0,N,0,0,0,17,68K01,0,,1,1,,N,N,,1,,0,0,0,0,0,,1255.0,17,2,0,0,14,17,0,3,4,1,2,3,,N,,,,,,,,,,,
2010098999,637.0,2,0,0,0,0,0,0,0,0,7,0,,67,10,2010,3,39.9945,-75.1986,634.0,6,0,0,0,0,0,1,0,0,1.0,0,0,0,6.0,3,1,0,,2,39 59:43.568,3.0,0,75 11:51.964,4,0,0,0,67301,0,0,0,N,0,0,0,2,68K01,1,,2,9,,N,N,,0,,0,0,0,0,0,N,633.0,1,2,0,0,0,0,0,3,4,0,2,7,,N,,,,,,,,,,,
2010094105,1320.0,1,0,0,0,0,0,0,0,0,1,0,,67,8,2010,7,39.9478,-75.2298,1319.0,6,0,0,0,0,0,1,0,0,,0,0,0,13.0,1,3,1,,0,39 56:52.009,,0,75 13:46.036,8,0,0,0,67301,0,0,0,N,0,0,0,4,67301,0,,1,1,,N,N,,1,,0,0,0,3,2,,1318.0,3,2,0,0,0,3,0,3,4,0,2,3,,N,,,,,,,,,,,
2010094129,2035.0,1,0,0,0,0,0,0,0,0,7,0,,67,8,2010,1,39.8919,-75.2419,2030.0,6,0,0,0,0,0,0,0,0,,0,0,0,20.0,3,1,1,,0,39 53:31.043,,0,75 14:31.507,8,0,0,0,67301,0,0,0,,0,0,0,1,67301,0,,3,9,,,,,0,,0,0,0,3,2,,2025.0,1,1,0,0,0,1,0,3,4,0,1,7,,N,,,,,,,,,,,
2010113717,2056.0,0,0,0,0,0,0,0,0,0,8,0,,67,10,2010,3,40.0567,-75.1831,2049.0,6,0,0,0,0,0,0,1,0,3.0,1,0,0,20.0,3,0,0,,2,40 03:24.189,7.0,0,75 10:59.207,1,0,0,0,67301,1,1,0,N,1,1,0,2,67301,0,2.0,1,1,,N,N,,0,0.0,0,0,0,0,0,Y,2047.0,0,2,0,0,0,0,0,3,4,1,1,3,,N,,,,,,,,,,,
2010096503,2216.0,2,0,0,0,0,0,0,0,0,5,0,,67,8,2010,4,40.021,-75.1401,2154.0,6,0,0,0,0,0,0,0,0,2.0,0,0,0,21.0,3,0,0,,1,40 01:15.542,3.0,0,75 08:24.576,0,0,0,0,67301,0,0,0,N,0,0,0,3,67301,0,,1,1,,N,N,,0,,0,0,0,3,2,N,2152.0,0,2,0,0,0,0,0,3,4,0,2,3,,N,,,,,,,,,,,
2010093700,1527.0,1,0,0,0,0,0,0,0,0,4,0,,67,8,2010,5,39.9534,-75.1633,1527.0,6,0,0,0,0,0,1,0,0,,0,0,0,15.0,1,1,2,,0,39 57:12.091,,0,75 09:47.852,4,0,0,0,67301,0,0,0,N,0,0,0,3,67301,1,,1,1,,N,N,,0,,0,0,1,3,2,,1525.0,1,2,0,0,1,0,0,3,4,0,2,3,,N,,,,,,,,,,,
2010093711,616.0,1,0,0,0,0,0,0,0,0,4,0,,67,9,2010,4,39.9198,-75.1883,616.0,6,0,0,0,0,0,1,1,0,9.0,0,0,0,6.0,1,2,2,,2,39 55:11.208,5.0,0,75 11:17.768,4,0,0,0,67301,0,0,0,N,0,0,0,2,67301,2,,1,1,,N,N,,0,,0,0,0,3,2,Y,615.0,2,2,0,0,0,0,0,3,4,1,2,3,,N,,,,,,,,,,,
2010091289,2145.0,2,0,0,0,0,0,0,0,0,4,0,,67,8,2010,4,40.0101,-75.1576,2140.0,6,0,0,0,0,0,0,0,0,,0,0,0,21.0,3,1,1,,0,40 00:36.235,,0,75 09:27.174,2,0,0,0,67301,0,0,0,,0,0,0,3,67301,0,,1,1,,,,,0,,0,1,0,3,2,,2135.0,1,2,0,1,3,0,0,3,4,0,2,3,,N,,,,,,,,,,,
2010113562,1421.0,2,0,0,0,0,0,0,0,0,4,0,,67,10,2010,1,39.9554,-75.2,1421.0,6,0,0,0,0,0,0,0,0,,0,0,0,14.0,1,0,1,,0,39 57:19.258,,0,75 11:59.763,0,0,0,0,67301,0,0,0,,0,0,0,3,67301,0,,2,1,,N,N,,0,,0,0,0,3,2,,1421.0,0,2,0,0,0,0,0,3,4,0,2,3,,N,,,,,,,,,,,
2010088886,1135.0,1,0,0,0,0,0,0,0,0,1,1,,67,8,2010,4,40.0892,-75.0207,1126.0,6,0,0,0,0,0,1,0,0,1.0,0,1,0,11.0,1,5,0,,1,40 05:21.286,2.0,0,75 01:14.404,4,0,0,0,67301,0,0,0,N,0,0,0,6,67301,5,,1,1,,N,N,,0,,0,0,0,0,0,N,1124.0,5,2,0,0,0,0,0,3,4,0,2,3,,N,,,,,,,,,,,
2010110904,1635.0,2,0,0,0,0,0,0,0,0,4,0,,67,10,2010,3,40.0344,-75.0748,1627.0,6,0,0,0,0,0,0,0,1,1.0,0,0,0,16.0,1,0,5,,1,40 02:03.612,2.0,0,75 04:29.625,0,0,0,0,67301,0,0,0,N,0,0,0,5,67301,0,,1,1,,N,N,,0,,0,0,0,3,2,N,1615.0,0,2,0,0,0,0,0,3,4,0,2,3,,N,,,,,,,,,,,
2010069705,655.0,0,0,0,0,0,0,0,0,0,7,0,,67,6,2010,4,39.9982,-75.1876,650.0,6,0,0,0,0,0,0,0,0,,0,0,0,6.0,1,1,2,,0,39 59:53.654,,0,75 11:15.510,4,0,0,1,67301,0,0,0,,0,0,0,1,67301,1,,5,1,,,,,0,,0,0,0,3,2,,650.0,1,1,0,0,0,0,0,3,4,0,1,3,,N,,,,,,,,,,,
2010058994,915.0,1,0,0,0,0,0,0,0,0,8,0,,67,5,2010,7,39.9226,-75.1854,915.0,6,0,0,0,0,0,0,1,0,9.0,0,0,0,99.0,1,1,5,,1,39 55:21.461,3.0,0,75 11:06.300,8,0,0,0,67301,1,0,0,,1,0,0,2,67301,0,,1,1,,,,,0,,0,0,0,3,2,N,9999.0,1,2,0,0,0,1,0,3,4,0,1,3,,N,,,,,,,,,,,
2010040378,1628.0,3,0,0,0,0,0,0,0,0,1,0,,67,4,2010,4,40.0224,-75.0372,1620.0,6,0,0,0,0,0,1,0,0,,0,0,0,16.0,1,1,0,,0,40 01:21.966,,0,75 02:10.017,4,0,0,0,67301,0,0,0,N,0,0,0,3,68K01,1,,1,1,,N,N,,0,,0,0,0,0,0,,1615.0,1,3,0,0,0,0,0,3,4,0,3,3,,N,,,,,,,,,,,
2010040561,1308.0,0,0,0,0,0,0,0,0,0,8,0,,67,3,2010,5,40.0158,-75.137,1300.0,6,0,0,0,0,0,0,0,0,,0,0,0,13.0,1,1,0,,0,40 00:57.045,,0,75 08:13.268,4,0,0,0,67301,1,0,0,,1,0,0,2,67301,1,,1,1,,,,,1,,0,0,0,0,0,,1300.0,1,2,0,0,0,0,0,3,4,0,1,3,,N,,,,,,,,,,,
2010040565,1550.0,1,0,0,0,0,0,0,0,0,8,0,,67,3,2010,6,39.9312,-75.1547,1549.0,6,0,0,0,0,0,1,0,0,,0,0,0,99.0,1,1,1,,0,39 55:52.334,,0,75 09:17.002,8,0,0,0,67301,1,0,0,N,1,0,0,2,67301,0,,1,1,,N,N,,0,,0,0,0,3,3,,9999.0,1,2,0,0,0,1,0,3,4,0,1,3,,N,,,,,,,,,,,
2010040989,917.0,2,0,0,0,0,0,0,0,0,1,0,55.0,67,4,2010,3,40.0231,-75.036,908.0,6,0,0,0,0,2,0,0,0,,0,0,0,9.0,1,0,6,,0,40 01:22.658,,2,75 02:09.745,0,0,0,0,67301,0,0,0,N,0,0,0,3,68K01,0,,1,1,,N,N,,1,,0,0,0,3,4,,903.0,0,3,0,0,0,0,0,3,4,0,3,3,,Y,2.0,1.0,N,N,N,N,Y,N,N,Y,
2010011800,1913.0,1,0,0,0,0,0,0,0,0,1,0,,67,1,2010,7,39.9945,-75.1986,1907.0,6,0,0,0,0,0,0,0,0,,0,0,0,19.0,3,2,0,,0,39 59:43.568,,0,75 11:51.964,8,0,0,0,67301,0,0,0,N,0,0,0,4,68K01,0,,1,1,,N,N,,0,,0,0,1,0,0,,1901.0,2,2,0,0,0,2,0,3,4,0,2,3,,N,,,,,,,,,,,
2010038741,1650.0,1,0,0,0,0,0,0,0,0,8,0,,67,3,2010,4,39.952,-75.1614,1645.0,6,0,0,0,0,0,0,0,0,,0,0,0,16.0,1,1,1,,0,39 57:07.351,,0,75 09:40.989,4,0,0,0,67301,1,0,0,N,1,0,0,2,67301,1,,1,1,,N,N,,0,,0,0,0,3,2,,1630.0,1,2,0,0,0,0,0,3,4,0,1,3,,N,,,,,,,,,,,
2010122506,837.0,1,0,0,0,0,0,0,0,0,4,0,,67,11,2010,4,40.0033,-75.1659,833.0,6,0,0,0,0,0,2,0,0,,0,0,0,8.0,1,1,2,,0,40 00:11.788,,0,75 09:57.272,4,0,0,0,67301,0,0,0,N,0,0,0,3,67301,1,,1,1,,N,N,,1,,0,0,0,0,0,,800.0,1,3,0,0,0,0,0,3,4,1,3,3,,N,,,,,,,,,,,
2010122574,1924.0,2,0,0,0,0,0,0,0,0,1,0,,67,11,2010,6,39.9103,-75.1509,1922.0,6,0,0,0,0,0,0,0,1,9.0,0,0,0,19.0,3,1,1,,1,39 54:37.276,1.0,0,75 09:03.431,8,0,0,0,67301,0,0,0,,0,0,0,4,67301,0,,1,1,,,,,0,,0,0,1,3,2,N,1910.0,1,3,0,0,0,1,1,3,4,0,3,3,,N,,,,,,,,,,,
2010122598,1810.0,0,0,0,0,0,0,0,0,0,8,0,,67,11,2010,5,39.9171,-75.1626,1808.0,6,0,0,0,0,0,1,0,0,,0,0,0,18.0,3,1,1,,0,39 55:01.524,,0,75 09:45.539,4,0,0,0,67301,1,0,0,N,1,0,0,2,67301,1,,1,9,,N,N,,0,,0,0,1,3,3,,1800.0,1,2,0,0,0,0,0,3,4,0,1,7,,N,,,,,,,,,,,
2010038988,1455.0,1,0,0,1,0,0,0,0,0,4,0,,67,3,2010,5,39.9209,-75.1722,1449.0,6,0,0,0,0,0,0,0,0,,0,0,0,12.0,1,1,1,,0,39 55:15.211,,0,75 10:19.952,4,0,0,0,67301,1,0,0,,0,0,0,2,67301,1,,1,1,,,,,0,,0,0,0,3,3,,1245.0,1,2,0,0,0,0,0,3,4,0,1,3,,N,,,,,,,,,,,
2010039137,1720.0,1,0,0,1,0,0,0,0,0,1,0,,67,3,2010,2,39.9643,-75.2464,1700.0,6,0,0,0,0,0,0,0,0,,0,0,0,17.0,1,1,0,,0,39 57:51.306,,0,75 14:46.975,4,0,0,0,67301,1,0,0,N,0,0,0,2,67301,1,,1,1,,N,N,,0,,0,0,0,0,0,,1700.0,1,2,0,0,0,0,0,3,4,0,1,3,,N,,,,,,,,,,,
2010122649,1301.0,1,0,0,0,0,0,0,0,0,7,0,,67,11,2010,3,40.0529,-75.1752,1300.0,6,0,0,1,0,0,0,0,0,,0,0,0,12.0,1,0,2,,0,40 03:10.350,,0,75 10:30.712,0,0,0,0,67301,0,0,0,N,0,0,0,1,67301,0,,4,9,,N,N,,0,,0,0,0,0,0,,1205.0,0,1,0,0,0,0,0,3,4,0,1,7,,N,,,,,,,,,,,
2010032720,2358.0,1,0,0,0,0,0,0,0,0,8,0,,67,3,2010,1,40.0141,-75.0723,2352.0,6,0,0,0,0,0,0,0,0,,0,0,0,23.0,3,1,1,,0,40 00:50.587,,0,75 04:20.265,3,0,0,0,67301,1,0,0,,1,0,0,2,67301,0,,1,9,,,,,0,,1,0,0,3,3,,2305.0,1,2,0,0,0,0,0,3,4,0,1,7,,N,,,,,,,,,,,
2010007806,1546.0,2,0,0,0,0,0,0,0,0,1,0,,67,1,2010,7,39.9411,-75.195,1543.0,6,0,0,0,0,0,0,0,0,,0,0,0,15.0,1,1,6,,0,39 56:36.891,,2,75 11:33.166,8,0,0,0,67301,0,0,0,N,0,0,0,2,68K01,0,,1,1,,N,N,,0,,0,0,0,3,4,,1542.0,1,2,0,0,0,1,1,3,4,0,2,3,,N,,,,,,,,,,,
2010019190,1133.0,2,0,0,0,0,0,0,0,0,5,0,,67,2,2010,6,39.9901,-75.0872,1128.0,6,0,0,0,0,0,0,1,0,1.0,0,0,0,11.0,1,0,0,,1,39 59:23.840,2.0,0,75 05:14.231,0,0,0,0,67301,0,0,0,N,0,0,0,2,68K01,0,,1,1,,N,N,,0,,0,0,0,0,0,N,1126.0,0,2,0,0,0,0,0,3,4,0,2,3,,N,,,,,,,,,,,
2010017002,1550.0,0,0,0,0,0,0,0,0,0,7,0,,67,1,2010,2,39.9888,-75.1514,1546.0,6,0,0,0,0,0,0,0,0,,0,0,0,99.0,1,2,0,,0,39 59:19.841,,0,75 09:05.072,3,0,0,0,67301,0,0,0,N,0,0,0,2,67301,0,,4,1,,N,N,,0,,2,0,0,0,0,,9999.0,2,1,0,0,0,0,0,3,4,1,1,3,,N,,,,,,,,,,,
2010017162,1815.0,1,0,0,0,0,0,0,0,0,4,0,,67,1,2010,6,40.0396,-75.033,1809.0,6,0,0,0,0,0,0,1,0,,0,0,0,99.0,3,1,0,,0,40 02:22.513,,0,75 01:58.872,4,0,0,0,67301,0,0,0,,0,0,0,2,67301,1,,1,1,,N,N,,0,,0,0,1,0,0,,9999.0,1,2,0,0,2,0,0,3,4,0,2,3,,N,,,,,,,,,,,
2010020100,2035.0,2,0,0,0,0,0,0,0,0,4,0,,67,1,2010,5,40.0461,-75.0995,2030.0,6,0,0,0,0,0,0,1,0,,0,0,0,20.0,3,1,2,,0,40 02:45.824,,0,75 05:58.352,4,0,0,0,67301,0,0,0,,0,0,0,3,67301,1,,1,1,,,,,0,,0,0,0,3,3,,2015.0,1,2,0,0,0,0,0,3,4,0,2,3,,N,,,,,,,,,,,
2010018616,230.0,1,0,0,0,0,0,0,0,0,7,0,,67,2,2010,7,39.879,-75.2491,214.0,6,0,0,0,0,0,1,0,0,1.0,0,0,0,2.0,2,0,0,,2,39 52:42.628,1.0,0,75 14:59.627,0,0,0,0,67301,0,0,0,Y,0,0,0,2,68K01,0,,2,7,,N,N,,0,,0,0,0,0,0,N,205.0,0,1,0,0,0,0,0,3,4,0,1,10,,N,,,,,,,,,,,
2010021722,949.0,1,0,0,1,0,0,0,0,0,4,0,,67,1,2010,6,39.9586,-75.1471,947.0,6,0,0,0,0,0,1,0,0,,0,0,0,9.0,1,1,1,,0,39 57:30.984,,0,75 08:49.682,4,0,0,0,67301,1,0,0,N,0,0,0,2,67301,1,,1,1,,N,N,,0,,0,0,0,3,3,,945.0,1,2,0,0,0,0,0,3,4,0,1,3,,N,,,,,,,,,,,
2010021691,1620.0,1,0,0,0,0,0,0,0,0,1,0,,67,1,2010,7,40.1129,-74.9902,1616.0,6,0,0,0,0,0,0,0,0,,0,0,0,16.0,1,1,0,,0,40 06:46.596,,6,74 59:24.584,4,0,0,0,67301,0,0,0,N,0,0,0,2,67301,1,,1,1,,N,N,,0,,0,0,0,0,0,,1616.0,1,2,0,0,0,0,0,3,4,1,2,3,,N,,,,,,,,,,,
2010117956,1705.0,1,0,0,0,0,0,0,0,0,1,1,,67,10,2010,4,39.9339,-75.216,1701.0,6,0,0,0,0,0,1,0,0,,0,1,0,17.0,1,1,0,,0,39 56:02.017,,0,75 12:57.560,4,0,0,0,67301,0,0,0,N,0,0,0,2,67301,1,,1,1,,N,N,,0,,0,0,0,0,0,,1701.0,1,2,0,0,0,0,0,3,4,0,2,3,,N,,,,,,,,,,,
2010083105,1810.0,0,0,0,0,0,0,0,0,0,8,0,,67,7,2010,5,39.9914,-75.135,1747.0,6,0,0,0,0,0,0,0,0,,0,0,0,99.0,1,1,0,,0,39 59:28.895,,0,75 08:05.864,4,0,0,0,67301,1,0,0,,1,0,0,2,67301,1,,6,1,,,,,0,,0,0,1,0,0,,9999.0,1,2,0,0,0,0,0,3,4,0,1,3,,N,,,,,,,,,,,
2010048464,935.0,0,0,0,0,0,0,0,0,0,7,0,,67,4,2010,6,39.9796,-75.1095,934.0,6,0,0,0,0,0,0,0,0,,0,0,0,9.0,1,1,1,,0,39 58:46.614,,0,75 06:34.131,3,0,0,1,67301,0,0,0,,0,0,0,1,67301,0,,5,1,,,,,0,,1,0,0,2,3,,920.0,1,1,0,0,0,0,0,3,4,0,1,3,,N,,,,,,,,,,,
2010074860,130.0,0,0,0,1,0,0,0,0,0,5,0,,67,7,2010,2,39.9157,-75.1598,55.0,6,0,0,0,0,0,0,0,0,,0,0,0,0.0,3,1,0,,0,39 54:56.512,,0,75 09:35.179,4,0,0,0,67301,1,0,0,,0,0,0,2,67301,1,,1,1,,N,N,,1,,0,0,0,3,2,,30.0,1,2,0,0,0,0,1,3,4,0,1,99,,N,,,,,,,,,,,
2010074904,1005.0,2,0,0,0,0,0,0,0,0,4,0,,67,7,2010,4,39.9396,-75.1982,945.0,6,0,0,0,0,0,0,0,0,,0,0,0,9.0,1,1,1,,0,39 56:22.681,,0,75 11:53.378,4,0,0,0,67301,0,0,0,,0,0,0,2,67301,1,,1,1,,,,,0,,0,0,0,3,2,,900.0,1,2,0,0,1,0,0,3,4,0,2,3,,N,,,,,,,,,,,
2010084191,450.0,1,0,0,0,0,0,0,0,0,7,0,,67,8,2010,3,39.9379,-75.2339,446.0,6,0,0,0,0,0,0,0,0,,0,0,0,4.0,5,1,0,,0,39 56:16.287,,0,75 14:02.028,3,0,0,0,67301,0,0,0,,0,0,0,1,67301,0,,4,1,,,,,0,,1,0,0,0,0,,444.0,1,1,0,0,0,0,0,3,4,0,1,3,,N,,,,,,,,,,,
2010044435,1550.0,0,0,0,0,0,0,0,0,0,8,0,,67,3,2010,3,39.9612,-75.1748,1544.0,6,0,0,0,0,0,1,0,0,,0,0,0,15.0,1,1,1,,0,39 57:40.918,,0,75 10:30.472,8,0,0,0,67301,1,0,0,N,1,0,0,2,67301,0,,1,1,,N,N,,0,,0,0,1,3,2,,1540.0,1,2,0,0,0,1,0,3,4,0,1,3,,N,,,,,,,,,,,
2010044469,33.0,1,0,0,0,0,0,0,0,0,6,0,,67,4,2010,5,40.0946,-75.0152,29.0,6,0,0,0,0,0,1,0,0,1.0,0,0,0,0.0,3,2,5,,1,40 05:40.718,5.0,0,75 00:54.707,4,0,0,0,67301,0,0,0,N,0,0,0,2,67301,2,,1,1,,N,N,,0,,0,0,0,3,2,N,25.0,2,2,0,0,0,0,0,3,4,1,2,3,,N,,,,,,,,,,,
2010044484,1911.0,0,0,0,0,0,0,0,0,0,7,0,,67,3,2010,1,39.9536,-75.1732,1911.0,6,0,0,0,0,0,0,0,0,,0,0,0,19.0,3,1,0,,0,39 57:12.827,,0,75 10:23.478,8,0,0,0,67301,0,0,0,N,0,0,0,2,67301,0,,5,1,,N,N,,0,,0,0,1,3,2,,1910.0,1,1,0,0,0,1,0,3,4,0,1,3,,N,,,,,,,,,,,
2010113605,1727.0,1,0,0,0,0,0,0,0,0,8,0,,67,10,2010,6,39.9278,-75.237,1604.0,6,0,0,0,0,0,0,0,0,,0,0,0,16.0,1,1,1,,0,39 55:40.291,,0,75 14:13.346,8,0,0,0,67301,1,0,0,,1,0,0,2,67301,0,,1,1,,,,,0,,0,0,0,3,2,,1630.0,1,2,0,0,0,1,0,3,4,0,1,3,,N,,,,,,,,,,,
2010094167,828.0,1,0,0,0,0,0,0,0,0,5,1,,67,8,2010,4,39.904,-75.2401,823.0,6,0,0,0,0,0,0,0,0,,0,1,0,8.0,1,0,1,,0,39 54:14.563,,0,75 14:24.409,0,0,0,0,67301,0,0,0,N,0,0,0,3,67301,0,,1,1,,N,N,,0,,0,0,0,3,2,,800.0,0,2,0,0,0,0,0,3,4,0,2,3,,N,,,,,,,,,,,
2010094210,1834.0,0,0,0,0,0,0,0,0,0,4,0,,67,8,2010,2,40.0166,-75.1472,1828.0,6,0,0,0,0,0,1,0,0,1.0,0,0,0,18.0,1,1,1,,2,40 00:59.814,1.0,0,75 08:49.815,4,0,0,0,67301,0,0,0,N,0,0,0,3,67301,1,,1,9,,N,N,,1,,0,0,0,3,2,Y,1818.0,1,3,0,0,0,0,1,3,4,0,3,7,,N,,,,,,,,,,,
2010093715,2031.0,1,0,0,0,0,0,0,0,0,5,0,,67,8,2010,2,39.9675,-75.1982,2029.0,6,0,0,0,0,0,0,0,0,,0,0,0,20.0,2,1,0,,0,39 58:03.111,,0,75 11:53.516,8,0,0,1,67301,0,0,0,N,0,0,0,1,67301,0,,1,1,,N,N,,0,,0,0,0,0,0,,2000.0,1,2,0,0,0,1,0,3,4,0,2,3,,N,,,,,,,,,,,
2010094080,550.0,0,0,0,0,0,0,0,0,0,8,0,,67,8,2010,6,40.0126,-75.0732,534.0,6,0,0,0,0,0,1,0,0,,0,0,0,5.0,5,1,1,,0,40 00:45.131,,0,75 04:23.853,4,0,0,0,67301,1,0,0,N,1,0,0,2,67301,1,,1,1,,N,N,,0,,0,0,1,3,2,,530.0,1,2,0,0,0,0,0,3,4,0,1,3,,N,,,,,,,,,,,
2010113547,1048.0,1,0,0,0,0,0,0,0,0,2,0,,67,10,2010,6,39.9934,-75.097,1045.0,6,0,0,0,0,0,1,0,0,,0,0,0,10.0,1,0,1,,0,39 59:36.362,,0,75 05:49.314,0,0,0,0,67301,0,0,0,,0,0,0,2,67301,0,,7,1,,,,,0,,0,0,1,2,1,,1040.0,0,2,0,0,0,0,0,3,4,0,2,3,,N,,,,,,,,,,,
2010113548,1309.0,2,0,0,0,0,0,0,0,0,7,0,,67,10,2010,6,39.9739,-75.1947,1308.0,6,0,0,0,0,0,0,0,0,2.0,0,0,0,13.0,1,2,0,,2,39 58:26.078,5.0,0,75 11:41.034,4,0,0,0,67301,0,0,0,N,0,0,0,3,67301,2,,5,1,,N,N,,0,,0,0,0,9,7,Y,1306.0,2,2,0,0,2,0,0,3,4,0,2,3,,N,,,,,,,,,,,