CRN,ARRIVAL_TM,AUTOMOBILE_COUNT,BELTED_DEATH_COUNT,BELTED_SUSP_SERIOUS_INJ_COUNT,BICYCLE_COUNT,BICYCLE_DEATH_COUNT,BICYCLE_SUSP_SERIOUS_INJ_COUNT,BUS_COUNT,CHLDPAS_DEATH_COUNT,CHLDPAS_SUSP_SERIOUS_INJ_COUNT,COLLISION_TYPE,COMM_VEH_COUNT,CONS_ZONE_SPD_LIM,COUNTY,CRASH_MONTH,CRASH_YEAR,DAY_OF_WEEK,DEC_LAT,DEC_LONG,DISPATCH_TM,DISTRICT,DRIVER_COUNT_16YR,DRIVER_COUNT_17YR,DRIVER_COUNT_18YR,DRIVER_COUNT_19YR,DRIVER_COUNT_20YR,DRIVER_COUNT_50_64YR,DRIVER_COUNT_65_74YR,DRIVER_COUNT_75PLUS,EST_HRS_CLOSED,FATAL_COUNT,HEAVY_TRUCK_COUNT,HORSE_BUGGY_COUNT,HOUR_OF_DAY,ILLUMINATION,INJURY_COUNT,INTERSECT_TYPE,INTERSECTION_RELATED,LANE_CLOSED,LATITUDE,LN_CLOSE_DIR,LOCATION_TYPE,LONGITUDE,MAX_SEVERITY_LEVEL,MCYCLE_DEATH_COUNT,MCYCLE_SUSP_SERIOUS_INJ_COUNT,MOTORCYCLE_COUNT,MUNICIPALITY,NONMOTR_COUNT,NONMOTR_DEATH_COUNT,NONMOTR_SUSP_SERIOUS_INJ_COUNT,NTFY_HIWY_MAINT,PED_COUNT,PED_DEATH_COUNT,PED_SUSP_SERIOUS_INJ_COUNT,PERSON_COUNT,POLICE_AGCY,POSSIBLE_INJ_COUNT,RDWY_SURF_TYPE_CD,RELATION_TO_ROAD,ROAD_CONDITION,ROADWAY_CLEARED,SCH_BUS_IND,SCH_ZONE_IND,SECONDARY_CRASH,SMALL_TRUCK_COUNT,SPEC_JURIS_CD,SUSP_MINOR_INJ_COUNT,SUSP_SERIOUS_INJ_COUNT,SUV_COUNT,TCD_FUNC_CD,TCD_TYPE,TFC_DETOUR_IND,TIME_OF_DAY,TOT_INJ_COUNT,TOTAL_UNITS,UNB_DEATH_COUNT,UNB_SUSP_SERIOUS_INJ_COUNT,UNBELTED_OCC_COUNT,UNK_INJ_DEG_COUNT,UNK_INJ_PER_COUNT,URBAN_AREA,URBAN_RURAL,VAN_COUNT,VEHICLE_COUNT,WEATHER1,WEATHER2,WORK_ZONE_IND,WORK_ZONE_LOC,WORK_ZONE_TYPE,WORKERS_PRES,WZ_CLOSE_DETOUR,WZ_FLAGGER,WZ_LAW_OFFCR_IND,WZ_LN_CLOSURE,WZ_MOVING,WZ_OTHER,WZ_SHLDER_MDN,WZ_WORKERS_INJ_KILLED
2010093875,335.0,1,0,0,0,0,0,1,0,0,4,1,,67,8,2010,2,39.951,-75.1654,330.0,6,0,0,0,0,0,0,0,0,,0,0,0,3.0,8,1,1,,0,39 57:03.770,,0,75 09:55.537,8,0,0,0,67301,0,0,0,,0,0,0,4,67301,0,,1,1,,,,,0,,0,0,0,3,2,,330.0,1,2,0,0,0,1,0,3,4,0,2,3,,N,,,,,,,,,,,
2010088944,1847.0,2,0,0,0,0,0,0,0,0,6,0,,67,8,2010,2,39.9627,-75.2471,1842.0,6,0,0,0,0,0,0,0,0,,0,0,0,17.0,1,1,1,,0,39 57:45.461,,0,75 14:48.589,4,0,0,0,67301,0,0,0,,0,0,0,2,67301,1,,1,1,,N,N,,0,,0,0,0,3,2,,1742.0,1,2,0,0,1,0,0,3,4,0,2,3,,N,,,,,,,,,,,
2010088946,1201.0,0,0,0,0,0,0,0,0,0,7,0,,67,8,2010,5,40.0486,-75.2467,1156.0,6,0,0,0,0,0,0,0,0,,0,0,0,11.0,1,0,0,,0,40 02:54.787,,0,75 14:48.098,0,0,0,0,67301,0,0,0,N,0,0,0,2,67301,0,,2,9,,N,N,,0,,0,0,1,0,0,,1154.0,0,1,0,0,0,0,0,3,4,0,1,7,,N,,,,,,,,,,,
2010059009,1247.0,1,0,0,0,0,0,0,0,0,4,1,,67,5,2010,3,40.0244,-75.1469,1245.0,6,0,0,0,0,0,2,0,0,,0,1,0,12.0,1,1,1,,0,40 01:27.922,,0,75 08:48.832,4,0,0,0,67301,0,0,0,N,0,0,0,2,67301,1,,9,9,,N,N,,0,,0,0,0,3,2,,1215.0,1,2,0,0,0,0,0,3,4,0,2,7,,N,,,,,,,,,,,
2010011618,147.0,1,0,0,0,0,0,0,0,0,6,0,,67,1,2010,6,39.9538,-75.2408,145.0,6,0,0,0,0,0,0,0,0,,0,0,0,1.0,3,0,0,,0,39 57:13.672,,0,75 14:26.905,0,0,0,0,67301,0,0,0,N,0,0,0,2,67301,0,,6,9,,N,N,,0,,0,0,0,0,0,,145.0,0,2,0,0,2,0,0,3,4,1,2,7,,N,,,,,,,,,,,
2010122480,601.0,1,0,0,0,0,0,0,0,0,4,0,,67,11,2010,6,39.9005,-75.2253,555.0,6,0,0,0,0,1,0,1,0,,0,0,0,5.0,5,0,0,,0,39 54:02.065,,7,75 13:31.143,0,0,0,0,67301,0,0,0,N,0,0,0,3,67301,0,,1,1,,N,N,,0,,0,0,0,0,0,,552.0,0,2,0,0,0,0,0,3,4,1,2,3,,N,,,,,,,,,,,
2010122491,1015.0,1,0,0,0,0,0,0,0,0,4,0,,67,11,2010,5,39.9703,-75.1897,1014.0,6,0,0,0,0,0,0,0,0,1.0,0,0,0,10.0,1,2,0,,1,39 58:13.309,1.0,0,75 11:23.015,4,0,0,0,67301,0,0,0,N,0,0,0,3,67301,1,,1,9,,N,N,,0,,0,0,1,0,0,N,1014.0,2,2,0,0,0,1,0,3,4,0,2,7,,N,,,,,,,,,,,
2010122547,1205.0,1,0,0,0,0,0,0,0,0,4,0,,67,11,2010,4,39.9447,-75.1582,1203.0,6,0,0,0,0,0,0,0,0,,0,0,0,11.0,1,0,1,,0,39 56:40.905,,0,75 09:29.527,0,0,0,0,67301,0,0,0,N,0,0,0,4,67301,0,,1,1,,N,N,,1,,0,0,0,3,2,,1148.0,0,2,0,0,0,0,0,3,4,0,2,3,,N,,,,,,,,,,,
2010122630,935.0,1,0,0,0,0,0,0,0,0,8,0,,67,11,2010,2,40.0269,-75.2272,915.0,6,0,0,0,0,0,0,0,0,,0,0,0,9.0,1,1,1,,0,40 01:36.847,,0,75 13:37.905,3,0,0,0,67301,1,0,0,N,1,0,0,2,67301,0,,1,1,,N,N,,0,,1,0,0,3,2,,906.0,1,2,0,0,0,0,0,3,4,0,1,3,,N,,,,,,,,,,,
2010034460,1644.0,2,0,0,0,0,0,0,0,0,1,0,,67,4,2010,7,39.9596,-75.1755,1641.0,6,0,0,0,0,1,0,0,0,1.0,0,0,0,16.0,1,1,0,,1,39 57:34.923,4.0,0,75 10:35.158,4,0,0,0,67301,0,0,0,N,0,0,0,4,68K01,1,,1,1,,N,N,,0,,0,0,1,0,0,N,1633.0,1,3,0,0,0,0,0,3,4,0,3,3,,N,,,,,,,,,,,
2010039165,715.0,2,0,0,0,0,0,0,0,0,1,0,,67,3,2010,6,40.0599,-75.0183,715.0,6,0,0,0,0,0,0,0,0,,0,0,0,6.0,1,1,0,,0,40 03:35.577,,0,75 01:05.960,4,0,0,0,67301,0,0,0,,0,0,0,2,67301,1,,1,9,,,,,0,,0,0,0,0,0,,645.0,1,2,0,0,2,0,0,3,4,0,2,7,,N,,,,,,,,,,,
2010039301,1653.0,2,0,0,0,0,0,0,0,0,4,0,,67,4,2010,5,39.969,-75.217,1650.0,6,0,0,0,0,0,0,0,1,,0,0,0,15.0,1,1,1,,0,39 58:08.310,,0,75 13:01.329,4,0,0,0,67301,0,0,0,N,0,0,0,1,67301,1,,4,1,,N,N,,0,,0,0,0,3,2,,1500.0,1,2,0,0,0,0,0,3,4,0,2,3,,N,,,,,,,,,,,
2010117385,413.0,1,0,0,0,0,0,0,0,0,7,0,,67,10,2010,7,39.9626,-75.1364,413.0,6,0,0,0,0,0,0,0,0,3.0,0,0,0,99.0,3,0,0,,2,39 57:45.224,1.0,0,75 08:10.954,0,0,0,0,67301,0,0,0,,0,0,0,1,67301,0,,5,1,,,,,1,,0,0,0,0,0,Y,9999.0,0,3,0,0,0,0,0,3,4,1,3,3,,N,,,,,,,,,,,
2010032098,1011.0,2,0,0,0,0,0,0,0,0,7,0,,67,3,2010,7,40.0056,-75.0753,959.0,6,0,0,0,0,0,0,0,0,1.0,0,0,0,9.0,1,0,0,,1,40 00:19.925,2.0,0,75 04:31.520,0,0,0,0,67301,0,0,0,N,0,0,0,2,68K01,0,,2,8,,N,N,,0,,0,0,0,0,0,N,957.0,0,2,0,0,0,0,0,3,4,0,2,7,,N,,,,,,,,,,,
2010032516,1255.0,1,0,0,0,0,0,0,0,0,1,0,,67,2,2010,5,40.0645,-74.999,1255.0,6,0,0,0,0,0,1,0,0,,0,0,0,12.0,1,1,2,,0,40 03:52.300,,0,74 59:55.871,8,0,0,0,67301,0,0,0,N,0,0,0,2,67301,0,,1,9,,N,N,,0,,0,0,1,3,2,,1245.0,1,2,0,0,0,1,0,3,4,0,2,10,,N,,,,,,,,,,,
2010032818,1600.0,0,0,0,0,0,0,0,0,0,4,0,,67,1,2010,5,39.9688,-75.1362,1340.0,6,0,0,0,0,0,0,0,0,,0,0,0,13.0,1,4,1,,0,39 58:07.845,,0,75 08:10.373,8,0,0,0,67301,0,0,0,N,0,0,0,4,67301,0,,1,1,,N,N,,0,,0,0,2,3,2,,1339.0,4,2,0,0,0,4,0,3,4,0,2,3,,N,,,,,,,,,,,
2010015649,1205.0,1,0,0,0,0,0,0,0,0,7,0,,67,2,2010,2,40.0838,-75.208,1202.0,6,0,0,0,0,0,1,0,0,2.0,0,0,0,12.0,1,0,0,,1,40 05:01.623,1.0,0,75 12:28.632,9,0,0,0,67301,0,0,0,N,0,0,0,1,46108,0,,5,6,,N,N,,0,,0,0,0,0,0,N,1202.0,0,1,0,0,1,0,1,3,4,0,1,3,,N,,,,,,,,,,,
2010010432,1543.0,0,0,0,0,0,0,0,0,0,1,0,,67,1,2010,1,39.9802,-75.2053,1540.0,6,0,0,0,0,0,2,0,0,1.0,0,0,0,15.0,1,1,0,,1,39 58:51.186,3.0,0,75 12:23.108,8,0,0,0,67301,0,0,0,N,0,0,0,5,68K01,0,,1,9,,N,N,,0,,0,0,3,0,0,N,1537.0,1,3,0,0,0,1,0,3,4,0,3,7,,N,,,,,,,,,,,
2010008139,2058.0,2,0,0,0,0,0,0,0,0,4,0,,67,1,2010,4,40.0418,-75.004,2050.0,6,0,0,0,0,0,0,0,0,,0,0,0,20.0,3,0,0,,0,40 02:30.718,,0,75 00:14.135,0,0,0,0,67301,0,0,0,N,0,0,0,3,68K01,0,,1,1,,N,N,,0,,0,0,0,0,0,,2047.0,0,2,0,0,0,0,0,3,4,0,2,3,,N,,,,,,,,,,,
2010016938,355.0,1,0,0,0,0,0,0,0,0,7,0,,67,1,2010,3,39.8754,-75.2481,350.0,6,0,0,0,0,0,0,0,0,,0,0,0,3.0,3,1,0,,0,39 52:31.605,,0,75 14:53.325,4,0,0,0,67301,0,0,0,N,0,0,0,1,67301,1,,3,1,,N,N,,0,,0,0,0,0,0,,330.0,1,1,0,0,0,0,0,3,4,0,1,3,,N,,,,,,,,,,,
2010017041,901.0,0,0,0,0,0,0,0,0,0,7,0,,67,1,2010,4,39.9752,-75.1883,901.0,6,0,0,0,0,0,1,0,0,,0,0,0,8.0,1,1,0,,0,39 58:30.836,,0,75 11:17.752,8,0,0,0,67301,0,0,0,N,0,0,0,1,67301,0,,5,1,,N,N,,1,,0,0,0,0,0,,854.0,1,1,0,0,1,1,0,3,4,0,1,3,,N,,,,,,,,,,,
2010017266,9999.0,0,0,0,1,0,0,0,0,0,4,0,,67,1,2010,6,39.9452,-75.1418,1921.0,6,0,0,0,0,0,0,0,0,,0,0,0,99.0,3,1,2,,0,39 56:42.480,,0,75 08:31.320,8,0,0,0,67301,1,0,0,,0,0,0,2,67301,0,,1,1,,,,,0,,0,0,0,3,2,,9999.0,1,2,0,0,0,1,0,3,4,1,1,3,,N,,,,,,,,,,,
2010021486,2327.0,0,0,0,0,0,0,0,0,0,4,0,,67,1,2010,7,39.9806,-75.2465,2326.0,6,0,0,0,0,0,0,0,0,,0,0,0,23.0,3,2,3,,0,39 58:50.309,,0,75 14:47.378,3,0,0,0,67301,1,0,0,N,1,0,0,3,67301,1,,1,1,,N,N,,0,,1,0,2,3,2,,2300.0,2,3,0,0,0,0,0,3,4,0,2,3,,N,,,,,,,,,,,
2010018303,9999.0,1,0,0,0,0,0,0,0,0,7,0,,67,1,2010,6,40.0816,-74.9661,9999.0,6,0,0,0,0,0,0,0,0,1.0,0,0,0,99.0,3,1,0,,2,40 04:54.004,4.0,0,74 57:58.246,4,0,0,0,67301,0,0,0,,0,0,0,1,67301,1,,2,9,,,,,0,,0,0,0,0,0,Y,9999.0,1,1,0,0,0,0,0,3,4,0,1,7,,N,,,,,,,,,,,
2010021433,746.0,2,0,0,0,0,0,0,0,0,5,0,,67,1,2010,5,39.9824,-75.1864,736.0,6,0,0,0,0,0,1,0,0,3.0,0,0,0,7.0,1,0,0,,1,39 58:56.488,3.0,0,75 11:10.910,0,0,0,0,67301,1,0,0,N,0,0,0,2,67301,0,,1,1,,N,N,,0,,0,0,0,0,0,N,720.0,0,2,0,0,0,0,0,3,4,0,2,3,,N,,,,,,,,,,,
2010021434,933.0,0,0,0,0,0,0,0,0,0,4,0,,67,1,2010,4,40.0392,-75.1917,930.0,6,0,0,0,0,0,1,0,0,,0,0,0,9.0,1,2,1,,0,40 02:20.972,,0,75 11:30.209,4,0,0,0,67301,0,0,0,N,0,0,0,3,67301,1,,1,1,,N,N,,0,,0,0,2,3,2,,930.0,2,2,0,0,0,1,0,3,4,0,2,3,,N,,,,,,,,,,,
2010021528,1615.0,2,0,0,0,0,0,0,0,0,1,0,,67,1,2010,5,39.9967,-75.11,1615.0,6,0,1,0,0,0,1,0,0,,0,0,0,15.0,1,1,0,,0,39 59:47.994,,0,75 06:35.834,3,0,0,0,67301,0,0,0,N,0,0,0,2,67301,0,,1,1,,N,N,,0,,1,0,0,3,2,,1554.0,1,2,0,0,0,0,0,3,4,0,2,3,,N,,,,,,,,,,,
2010021567,1855.0,1,0,0,0,0,0,0,0,0,8,0,,67,1,2010,3,40.0419,-75.124,1844.0,6,0,0,0,0,0,0,0,0,,0,0,0,18.0,3,1,1,,0,40 02:30.933,,0,75 07:26.313,4,0,0,0,67301,1,0,0,,1,0,0,2,67301,1,,1,1,,N,N,,0,,0,0,0,3,2,,1832.0,1,2,0,0,0,0,0,3,4,0,1,3,,N,,,,,,,,,,,
2010024481,1229.0,1,0,0,0,0,0,0,0,0,1,0,,67,3,2010,7,,,1229.0,6,0,0,0,0,0,0,0,0,1.0,0,0,0,12.0,1,0,0,,1,,4.0,3,,0,0,0,0,67301,0,0,0,N,0,0,0,5,67501,0,,1,1,,N,N,,0,,0,0,1,3,8,N,1229.0,0,2,0,0,0,0,0,3,3,0,2,3,,N,,,,,,,,,,,
2010021624,450.0,1,0,0,0,0,0,0,0,0,4,0,,67,1,2010,7,39.9546,-75.2064,447.0,6,0,0,0,0,0,0,0,0,,0,0,0,4.0,5,0,1,,0,39 57:16.505,,0,75 12:22.873,0,0,0,0,67301,0,0,0,N,0,0,0,2,67301,0,,1,1,,N,N,,0,,0,0,0,3,2,,418.0,0,2,0,0,0,0,0,3,4,1,2,3,,N,,,,,,,,,,,
2010021640,100.0,2,0,0,0,0,0,0,0,0,1,0,,67,1,2010,7,39.9798,-75.2262,59.0,6,0,0,0,0,0,0,0,0,,0,0,0,0.0,3,0,0,,0,39 58:47.143,,0,75 13:34.455,0,0,0,0,67301,0,0,0,N,0,0,0,1,67301,0,,6,1,,N,N,,0,,0,0,0,0,0,,57.0,0,2,0,0,0,0,0,3,4,0,2,3,,N,,,,,,,,,,,
2010021647,1640.0,2,0,0,0,0,0,0,0,0,4,0,,67,1,2010,3,39.992,-75.1402,1640.0,6,0,0,1,0,0,0,0,1,,0,0,0,99.0,1,1,1,,0,39 59:31.320,,0,75 08:24.665,8,0,0,0,67301,0,0,0,N,0,0,0,4,67301,0,,1,1,,N,N,,0,,0,0,0,3,2,,9999.0,1,2,0,0,0,1,0,3,4,0,2,3,,N,,,,,,,,,,,
2010021719,1343.0,1,0,0,0,0,0,0,0,0,4,0,,67,1,2010,7,40.0815,-75.0778,1339.0,6,0,0,0,0,0,0,0,0,,0,0,0,13.0,1,2,2,,0,40 04:53.356,,0,75 04:40.180,8,0,0,0,67301,0,0,0,N,0,0,0,4,67301,0,,1,1,,N,N,,0,,0,0,1,3,3,,1337.0,2,2,0,0,0,2,2,3,4,0,2,3,,N,,,,,,,,,,,
2010021861,947.0,0,0,0,0,0,0,0,0,0,8,0,,67,1,2010,6,39.9785,-75.226,942.0,6,0,0,0,0,0,1,0,0,,0,0,0,9.0,1,1,0,,0,39 58:42.651,,0,75 13:33.542,4,0,0,0,67301,1,0,0,N,1,0,0,2,67301,1,,1,1,,N,N,,0,,0,0,0,0,0,,940.0,1,2,0,0,0,0,0,3,4,1,1,3,,N,,,,,,,,,,,
2010117965,1943.0,1,0,0,0,0,0,0,0,0,4,0,,67,9,2010,2,40.0169,-75.1495,1938.0,6,0,0,0,0,0,0,0,0,,0,0,0,19.0,3,0,1,,0,40 01:00.896,,0,75 08:58.458,9,0,0,0,67301,0,0,0,,0,0,0,3,67301,0,,1,9,,N,N,,1,,0,0,0,3,2,,1935.0,0,2,0,0,0,0,3,3,4,0,2,7,,N,,,,,,,,,,,
2010118020,539.0,1,0,0,0,0,0,0,0,0,6,0,,67,10,2010,3,40.0271,-75.0411,538.0,6,0,0,0,0,0,0,0,0,,0,0,0,5.0,3,1,1,,0,40 01:37.420,,0,75 02:27.884,4,0,0,0,67301,0,0,0,N,0,0,0,4,67301,1,,1,9,,N,N,,0,,0,0,0,3,2,,536.0,1,2,0,0,0,0,0,3,4,1,2,7,,N,,,,,,,,,,,
2010091683,302.0,0,0,0,0,0,0,0,0,0,5,0,,67,9,2010,7,39.9802,-75.2053,300.0,6,0,0,0,0,0,0,0,0,1.0,0,0,0,2.0,3,1,0,,1,39 58:51.186,3.0,0,75 12:23.108,4,0,0,0,67301,0,0,0,N,0,0,0,4,68K01,1,,1,1,,N,N,,1,,0,0,1,0,0,N,258.0,1,2,0,0,1,0,0,3,4,0,2,3,,N,,,,,,,,,,,
2010103920,9999.0,2,0,0,0,0,0,0,0,0,4,0,,67,9,2010,3,40.0013,-75.1419,9999.0,6,0,0,0,1,0,0,0,0,,0,0,0,23.0,3,0,2,,0,40 00:04.518,,0,75 08:30.962,0,0,0,0,67301,0,0,0,N,0,0,0,1,67301,0,,1,1,,N,N,,0,,0,0,0,3,3,,2330.0,0,2,0,0,0,0,0,3,4,0,2,3,,N,,,,,,,,,,,
2010089105,1408.0,1,0,0,0,0,0,0,0,0,4,0,,67,8,2010,1,39.9528,-75.2285,1405.0,6,0,0,0,0,0,0,0,0,,0,0,0,14.0,1,1,2,,0,39 57:09.972,,0,75 13:42.430,4,0,0,0,67301,1,0,0,N,1,0,0,2,67301,1,,1,1,,N,N,,0,,0,0,0,3,3,,1405.0,1,2,0,0,0,0,0,3,4,0,1,3,,N,,,,,,,,,,,
2010098319,40.0,2,0,0,0,0,0,0,0,0,1,0,,67,10,2010,7,39.9471,-75.1883,38.0,6,0,0,0,0,0,0,1,0,1.0,0,0,0,0.0,3,0,0,,1,39 56:51.197,4.0,0,75 11:15.884,0,0,0,0,67301,0,0,0,N,0,0,0,2,68K01,0,,1,1,,N,N,,0,,0,0,0,0,0,N,34.0,0,2,0,0,1,0,0,3,4,0,2,3,,N,,,,,,,,,,,
2010100909,121.0,0,0,0,0,0,0,0,0,0,8,0,,67,7,2010,2,39.9416,-75.1421,120.0,6,0,0,0,0,0,0,0,0,3.0,0,0,0,1.0,3,3,2,,2,39 56:29.645,1.0,0,75 08:31.695,2,0,0,1,67301,1,0,1,N,1,0,1,3,67301,0,,1,1,,N,N,,0,,2,1,0,3,2,N,120.0,3,2,0,0,0,0,0,3,4,0,1,3,,N,,,,,,,,,,,
2010094200,1552.0,1,0,0,1,0,0,0,0,0,4,0,,67,8,2010,4,39.9239,-75.1568,1550.0,6,0,0,0,0,0,0,1,0,1.0,0,0,0,15.0,1,1,0,,1,39 55:26.144,4.0,0,75 09:24.505,8,0,0,0,67301,1,0,0,,0,0,0,2,67301,0,,1,1,,,,,0,,0,0,0,0,0,Y,1546.0,1,2,0,0,0,1,0,3,4,0,1,3,,N,,,,,,,,,,,
2010093707,1903.0,1,0,0,0,0,0,0,0,0,4,0,,67,9,2010,3,40.0368,-75.0407,1903.0,6,0,0,0,0,0,1,0,0,1.0,0,0,0,19.0,1,1,1,,1,40 02:12.142,1.0,0,75 02:27.052,8,0,0,0,67301,0,0,0,N,0,0,0,3,67301,0,,1,1,,N,N,,0,,0,0,0,3,2,N,1903.0,1,2,0,0,0,1,0,3,4,1,2,3,,N,,,,,,,,,,,
2010093714,1324.0,1,0,0,0,0,0,0,0,0,1,0,,67,8,2010,1,39.9793,-75.1707,1317.0,6,0,0,0,0,0,0,0,0,,0,0,0,13.0,1,0,0,,0,39 58:45.504,,0,75 10:14.505,9,0,0,0,67301,0,0,0,N,0,0,0,1,67301,0,,6,1,,N,N,,1,,0,0,0,0,0,,1305.0,0,2,0,0,0,0,1,3,4,0,2,3,,N,,,,,,,,,,,
2010093731,1233.0,2,0,0,0,0,0,0,0,0,4,0,,67,8,2010,1,40.1014,-75.0408,1228.0,6,0,0,0,0,0,0,0,0,,0,0,0,12.0,1,1,0,,0,40 06:04.906,,7,75 02:26.906,8,0,0,0,67301,0,0,0,,0,0,0,2,67301,0,,1,1,,,,,0,,0,0,0,0,0,,1225.0,1,2,0,0,0,1,0,3,4,0,2,3,,N,,,,,,,,,,,
2010094089,1220.0,0,0,0,0,0,0,0,0,0,1,0,,67,8,2010,3,40.0451,-75.0328,1210.0,6,0,0,0,0,0,0,0,0,,0,0,0,11.0,1,0,0,,0,40 02:42.440,,0,75 01:57.950,0,0,0,0,67301,0,0,0,,0,0,0,1,67301,0,,1,1,,,,,2,,0,0,1,0,0,,1135.0,0,3,0,0,0,0,0,3,4,0,3,3,,N,,,,,,,,,,,
2010111369,9999.0,1,0,0,0,0,0,0,0,0,8,0,,67,10,2010,6,39.989,-75.1646,1035.0,6,0,0,0,0,0,0,0,0,,0,0,0,15.0,1,1,2,,0,39 59:20.391,,0,75 09:52.568,4,0,0,0,67301,1,0,0,,1,0,0,2,67301,1,,1,1,,,,,0,,0,0,0,3,3,,1545.0,1,2,0,0,0,0,0,3,4,0,1,3,,N,,,,,,,,,,,
2010110788,1100.0,1,0,0,0,0,0,0,0,0,7,0,,67,10,2010,5,40.0278,-75.0572,1056.0,6,0,0,0,0,0,0,0,0,9.0,0,0,0,10.0,1,1,0,,2,40 01:39.952,1.0,0,75 03:26.002,8,0,0,0,67301,0,0,0,N,0,0,0,2,67301,0,,1,1,,N,N,,1,,0,0,0,0,0,Y,1050.0,1,2,0,0,0,1,0,3,4,0,2,3,,N,,,,,,,,,,,
2010088894,310.0,1,0,0,0,0,0,0,0,0,4,0,,67,8,2010,1,40.0377,-75.0844,305.0,6,0,1,0,0,0,0,0,0,,0,0,0,3.0,3,1,1,,0,40 02:15.633,,0,75 05:03.969,8,0,0,0,67301,0,0,0,N,0,0,0,7,67301,0,,1,1,,N,N,,0,,0,0,1,3,3,,300.0,1,2,0,0,0,1,0,3,4,0,2,3,,N,,,,,,,,,,,
2010088959,329.0,1,0,0,0,0,0,0,0,0,7,0,,67,8,2010,1,39.9384,-75.2003,324.0,6,0,0,0,0,0,0,0,0,,0,0,0,3.0,3,0,0,,0,39 56:18.171,,0,75 12:00.973,0,0,0,0,67301,0,0,0,N,0,0,0,1,67301,0,,4,1,,N,N,,0,,0,0,0,0,0,,322.0,0,1,0,0,0,0,0,3,4,0,1,3,,N,,,,,,,,,,,
2010110851,16.0,1,0,0,0,0,0,0,0,0,4,0,,67,10,2010,7,39.9281,-75.1787,14.0,6,0,0,0,0,0,1,0,0,,0,0,0,0.0,3,0,1,,0,39 55:40.994,,0,75 10:43.323,0,0,0,0,67301,0,0,0,,0,0,0,2,67301,0,,1,1,,,,,0,,0,0,1,3,3,,6.0,0,2,0,0,0,0,0,3,4,0,2,3,,N,,,,,,,,,,,
2010110883,740.0,1,0,0,0,0,0,1,0,0,1,1,,67,10,2010,4,40.0379,-75.0647,738.0,6,0,0,0,0,0,1,0,0,,0,0,0,7.0,1,1,1,,0,40 02:16.494,,0,75 03:52.959,4,0,0,0,67301,0,0,0,,0,0,0,3,67301,1,,1,1,,Y,,,0,,0,0,0,2,2,,738.0,1,2,0,0,0,0,0,3,4,0,2,3,,N,,,,,,,,,,,
2010110892,1500.0,0,0,0,0,0,0,1,0,0,8,1,,67,10,2010,3,40.0301,-75.2111,1447.0,6,0,0,0,0,0,1,0,0,,0,0,0,14.0,1,1,0,,0,40 01:48.316,,0,75 12:40.003,4,0,0,0,67301,1,0,0,,1,0,0,2,67301,1,,1,1,,,,,0,,0,0,0,0,0,,1445.0,1,2,0,0,0,0,0,3,4,0,1,3,,N,,,,,,,,,,,
2010069219,1405.0,1,0,0,0,0,0,1,0,0,4,1,,67,6,2010,7,39.9168,-75.1713,1400.0,6,0,0,0,0,0,1,0,0,,0,0,0,13.0,1,2,1,,0,39 55:00.583,,0,75 10:16.768,4,0,0,0,67301,0,0,0,N,0,0,0,3,67301,2,,1,1,,N,N,,0,,0,0,0,3,2,,1350.0,2,2,0,0,0,0,0,3,4,0,2,3,,N,,,,,,,,,,,
2010040543,335.0,0,0,0,0,0,0,0,0,0,7,0,,67,3,2010,7,40.0429,-75.1935,330.0,6,0,0,0,0,0,1,0,0,,0,0,0,3.0,3,0,2,,0,40 02:34.327,,0,75 11:36.548,0,0,0,0,67301,0,0,0,N,0,0,0,1,67301,0,,2,1,,N,N,,1,,0,0,0,0,0,,300.0,0,1,0,0,0,0,0,3,4,0,1,3,,N,,,,,,,,,,,
2010011612,1445.0,2,0,0,0,0,0,0,0,0,4,0,,67,1,2010,3,40.0707,-75.0852,1440.0,6,0,0,0,0,0,0,0,1,,0,0,0,14.0,1,1,0,,0,40 04:14.628,,0,75 05:06.882,4,0,0,0,67301,0,0,0,N,0,0,0,2,67301,1,,1,1,,N,N,,0,,0,0,0,0,0,,1438.0,1,2,0,0,0,0,1,3,4,0,2,3,,N,,,,,,,,,,,
2010038745,1402.0,1,0,0,0,0,0,0,0,0,1,0,,67,3,2010,2,40.0089,-75.0719,1355.0,6,0,0,0,0,0,0,0,0,,0,0,0,13.0,1,2,5,,0,40 00:31.898,,0,75 04:18.804,8,0,0,0,67301,0,0,0,N,0,0,0,5,67301,0,,1,9,,N,N,,0,,0,0,1,3,2,,1335.0,2,2,0,0,0,2,1,3,4,0,2,7,,N,,,,,,,,,,,
2010122462,925.0,1,0,0,0,0,0,0,0,0,4,0,,67,11,2010,3,40.0649,-75.0515,922.0,6,0,0,0,0,0,1,0,0,,0,0,0,9.0,1,0,1,,0,40 03:53.766,,0,75 03:05.562,0,0,0,0,67301,0,0,0,,0,0,0,3,67301,0,,1,1,,,,,0,,0,0,1,3,2,,921.0,0,2,0,0,0,0,0,3,4,0,2,3,,N,,,,,,,,,,,