CRN,ARRIVAL_TM,AUTOMOBILE_COUNT,BELTED_DEATH_COUNT,BELTED_SUSP_SERIOUS_INJ_COUNT,BICYCLE_COUNT,BICYCLE_DEATH_COUNT,BICYCLE_SUSP_SERIOUS_INJ_COUNT,BUS_COUNT,CHLDPAS_DEATH_COUNT,CHLDPAS_SUSP_SERIOUS_INJ_COUNT,COLLISION_TYPE,COMM_VEH_COUNT,CONS_ZONE_SPD_LIM,COUNTY,CRASH_MONTH,CRASH_YEAR,DAY_OF_WEEK,DEC_LAT,DEC_LONG,DISPATCH_TM,DISTRICT,DRIVER_COUNT_16YR,DRIVER_COUNT_17YR,DRIVER_COUNT_18YR,DRIVER_COUNT_19YR,DRIVER_COUNT_20YR,DRIVER_COUNT_50_64YR,DRIVER_COUNT_65_74YR,DRIVER_COUNT_75PLUS,EST_HRS_CLOSED,FATAL_COUNT,HEAVY_TRUCK_COUNT,HORSE_BUGGY_COUNT,HOUR_OF_DAY,ILLUMINATION,INJURY_COUNT,INTERSECT_TYPE,INTERSECTION_RELATED,LANE_CLOSED,LATITUDE,LN_CLOSE_DIR,LOCATION_TYPE,LONGITUDE,MAX_SEVERITY_LEVEL,MCYCLE_DEATH_COUNT,MCYCLE_SUSP_SERIOUS_INJ_COUNT,MOTORCYCLE_COUNT,MUNICIPALITY,NONMOTR_COUNT,NONMOTR_DEATH_COUNT,NONMOTR_SUSP_SERIOUS_INJ_COUNT,NTFY_HIWY_MAINT,PED_COUNT,PED_DEATH_COUNT,PED_SUSP_SERIOUS_INJ_COUNT,PERSON_COUNT,POLICE_AGCY,POSSIBLE_INJ_COUNT,RDWY_SURF_TYPE_CD,RELATION_TO_ROAD,ROAD_CONDITION,ROADWAY_CLEARED,SCH_BUS_IND,SCH_ZONE_IND,SECONDARY_CRASH,SMALL_TRUCK_COUNT,SPEC_JURIS_CD,SUSP_MINOR_INJ_COUNT,SUSP_SERIOUS_INJ_COUNT,SUV_COUNT,TCD_FUNC_CD,TCD_TYPE,TFC_DETOUR_IND,TIME_OF_DAY,TOT_INJ_COUNT,TOTAL_UNITS,UNB_DEATH_COUNT,UNB_SUSP_SERIOUS_INJ_COUNT,UNBELTED_OCC_COUNT,UNK_INJ_DEG_COUNT,UNK_INJ_PER_COUNT,URBAN_AREA,URBAN_RURAL,VAN_COUNT,VEHICLE_COUNT,WEATHER1,WEATHER2,WORK_ZONE_IND,WORK_ZONE_LOC,WORK_ZONE_TYPE,WORKERS_PRES,WZ_CLOSE_DETOUR,WZ_FLAGGER,WZ_LAW_OFFCR_IND,WZ_LN_CLOSURE,WZ_MOVING,WZ_OTHER,WZ_SHLDER_MDN,WZ_WORKERS_INJ_KILLED
2010038782,51.0,3,0,0,0,0,0,0,0,0,1,0,,67,3,2010,1,39.9557,-75.1695,47.0,6,0,0,0,0,0,0,0,0,,0,0,0,0.0,3,1,0,,0,39 57:20.392,,0,75 10:10.072,8,0,0,0,67301,0,0,0,N,0,0,0,3,67301,0,,1,1,,N,N,,0,,0,0,0,3,2,,45.0,1,3,0,0,0,1,0,3,4,0,3,99,,N,,,,,,,,,,,
2010122585,1830.0,0,0,0,0,0,0,0,0,0,8,0,,67,11,2010,4,40.0295,-75.1501,1820.0,6,0,0,0,0,0,1,0,0,,0,0,0,18.0,1,1,1,,0,40 01:46.318,,0,75 09:00.475,4,0,0,0,67301,1,0,0,N,1,0,0,2,67301,1,,1,1,,N,N,,1,,0,0,0,3,3,,1820.0,1,2,0,0,0,0,0,3,4,0,1,3,,N,,,,,,,,,,,
2010122591,835.0,0,0,0,0,0,0,0,0,0,8,1,,67,11,2010,2,40.1336,-75.0123,830.0,6,0,0,0,0,0,0,0,0,,0,1,0,8.0,1,1,0,,0,40 08:01.132,,0,75 00:44.114,8,0,0,0,67301,1,0,0,,1,0,0,2,67301,0,,1,1,,N,N,,0,,0,0,0,0,0,,830.0,1,2,0,0,1,1,0,3,4,0,1,3,,N,,,,,,,,,,,
2010039160,950.0,2,0,0,0,0,0,0,0,0,4,0,,67,3,2010,2,39.973,-75.2261,940.0,6,0,0,0,0,0,0,0,0,,0,0,0,9.0,1,0,1,,0,39 58:22.755,,0,75 13:34.045,0,0,0,0,67301,0,0,0,N,0,0,0,2,67301,0,,1,9,,N,N,,0,,0,0,0,3,2,,938.0,0,2,0,0,0,0,0,3,4,0,2,7,,N,,,,,,,,,,,
2010039282,1125.0,3,0,0,0,0,0,0,0,0,4,0,,67,3,2010,5,40.0276,-75.0987,1113.0,6,0,0,0,0,0,0,0,0,1.0,0,0,0,11.0,1,0,0,,1,40 01:39.546,2.0,0,75 05:55.205,0,0,0,0,67301,0,0,0,N,0,0,0,4,67301,0,,1,1,,N,N,,0,,0,0,1,3,2,N,1112.0,0,4,0,0,0,0,0,3,4,0,4,3,,N,,,,,,,,,,,
2010007057,254.0,1,0,0,0,0,0,0,0,0,5,0,,67,1,2010,1,39.9776,-75.2011,251.0,6,0,0,0,0,0,0,0,0,2.0,0,0,0,2.0,3,2,0,,1,39 58:41.507,3.0,0,75 12:08.240,8,0,0,0,67301,0,0,0,N,0,0,0,3,68K01,0,,1,1,,N,N,,0,,0,0,1,0,0,N,249.0,2,2,0,0,0,2,0,3,4,0,2,3,,N,,,,,,,,,,,
2010032216,1858.0,1,0,0,0,0,0,0,0,0,7,0,,67,3,2010,3,39.9165,-75.1477,1856.0,6,0,0,0,0,0,0,0,0,,0,0,0,18.0,1,0,0,,0,39 54:57.848,,0,75 08:51.935,0,0,0,0,67301,0,0,0,N,0,0,0,2,68K01,0,,3,1,,N,N,,0,,0,0,0,0,0,,1854.0,0,1,0,0,0,0,0,3,4,0,1,3,,N,,,,,,,,,,,
2010032477,1753.0,2,0,0,0,0,0,0,0,0,4,0,,67,3,2010,2,39.8897,-75.2338,1737.0,6,0,0,0,0,0,0,0,0,,0,0,0,17.0,1,1,1,,0,39 53:23.545,,0,75 14:01.242,4,0,0,0,67301,0,0,0,,0,0,0,3,67301,1,,1,1,,,,,0,,0,0,0,3,2,,1737.0,1,2,0,0,0,0,0,3,4,0,2,3,,N,,,,,,,,,,,
2010032479,941.0,0,0,0,0,0,0,0,0,0,7,0,,67,2,2010,6,39.9023,-75.1497,938.0,6,0,0,0,0,0,0,0,0,9.0,0,0,0,9.0,1,2,0,,2,39 54:08.310,4.0,0,75 08:58.780,3,0,0,0,67301,0,0,0,N,0,0,0,2,67301,1,,5,1,,N,N,,0,,1,0,1,0,0,Y,937.0,2,1,0,0,0,0,0,3,4,0,1,3,,N,,,,,,,,,,,
2010032480,1907.0,1,0,0,0,0,0,0,0,0,8,0,,67,2,2010,6,39.9901,-75.1732,1905.0,6,0,0,0,0,1,0,0,0,,0,0,0,19.0,3,1,1,,0,39 59:24.398,,0,75 10:23.544,4,0,0,0,67301,1,0,0,,1,0,0,4,67301,1,,1,6,,,,,0,,0,0,0,3,2,,1905.0,1,2,0,0,2,0,0,3,4,0,1,10,,N,,,,,,,,,,,
2010032499,1421.0,2,0,0,0,0,0,0,0,0,4,0,,67,3,2010,2,39.9213,-75.1924,1420.0,6,0,0,0,0,0,0,0,0,,0,0,0,14.0,1,3,0,,0,39 55:16.585,,0,75 11:32.706,8,0,0,0,67301,0,0,0,N,0,0,0,4,67301,0,,1,1,,N,N,,0,,0,0,0,0,0,,1415.0,3,2,0,0,0,3,0,3,4,0,2,3,,N,,,,,,,,,,,
2010032631,728.0,1,0,0,0,0,0,0,0,0,8,0,,67,3,2010,4,39.9578,-75.1472,726.0,6,0,0,0,0,0,1,0,0,1.0,0,0,0,7.0,1,1,5,,1,39 57:28.162,4.0,0,75 08:50.070,4,0,0,0,67301,1,0,0,,1,0,0,2,67301,1,,1,9,,N,N,,0,,0,0,0,3,2,N,720.0,1,2,0,0,0,0,0,3,4,0,1,7,,N,,,,,,,,,,,
2010085219,1322.0,1,0,0,0,0,0,0,0,0,1,0,,67,9,2010,6,39.9651,-75.1857,1312.0,6,0,0,0,0,0,1,0,0,1.0,0,0,0,13.0,1,0,0,,2,39 57:53.303,3.0,0,75 11:07.212,0,0,0,0,67301,0,0,0,N,0,0,0,4,68K01,0,,1,1,,N,N,,0,,0,0,1,0,0,N,1301.0,0,2,0,0,0,0,0,3,4,0,2,3,,N,,,,,,,,,,,
2010032834,840.0,1,0,0,0,0,0,0,0,0,8,0,,67,3,2010,3,40.0,-75.1405,830.0,6,0,0,0,0,0,0,0,0,,0,0,0,8.0,1,1,1,,0,40 00:00.076,,0,75 08:25.772,4,0,0,0,67301,1,0,0,N,1,0,0,2,67301,1,,1,1,,N,N,,0,,0,0,0,3,2,,810.0,1,2,0,0,0,0,0,3,4,0,1,3,,N,,,,,,,,,,,
2010011542,1155.0,2,0,0,0,0,0,0,0,0,4,0,,67,1,2010,1,40.0223,-75.155,1151.0,6,0,0,0,1,0,0,0,0,,0,0,0,11.0,1,1,1,,0,40 01:20.226,,99,75 09:17.866,4,0,0,0,67301,0,0,0,N,0,0,0,2,67301,1,,1,1,,N,N,,0,,0,0,0,3,3,,1140.0,1,2,0,0,2,0,0,3,4,0,2,3,,N,,,,,,,,,,,
2010011544,1636.0,2,0,0,0,0,0,0,0,0,4,0,,67,1,2010,7,40.0352,-75.0524,1630.0,6,0,0,0,0,0,0,0,1,3.0,0,0,0,14.0,1,0,0,,1,40 02:06.804,2.0,7,75 03:08.631,0,0,0,0,67301,0,0,0,N,0,0,0,2,67301,0,,1,2,,N,N,,0,,0,0,0,0,0,N,1450.0,0,2,0,0,0,0,0,3,4,0,2,98,,N,,,,,,,,,,,
2010017156,1305.0,1,0,0,0,0,0,0,0,0,1,1,,67,1,2010,2,39.9872,-75.1088,1301.0,6,0,0,0,0,0,1,0,0,,0,1,0,11.0,1,1,1,,0,39 59:14.079,,0,75 06:31.807,4,0,0,0,67301,0,0,0,,0,0,0,3,67301,1,,1,1,,,,,0,,0,0,0,3,2,,1111.0,1,2,0,0,0,0,0,3,4,0,2,3,,N,,,,,,,,,,,
2010015770,1119.0,1,0,0,0,0,0,0,0,0,7,0,,67,2,2010,4,39.9539,-75.1396,1119.0,6,0,0,0,0,0,0,0,0,,0,0,0,11.0,1,0,0,,0,39 57:13.873,,3,75 08:22.671,0,0,0,0,67301,0,0,0,N,0,0,0,3,67501,0,,3,6,,N,N,,0,,0,0,0,3,8,,1119.0,0,1,0,0,0,0,0,3,4,0,1,10,,N,,,,,,,,,,,
2010117970,824.0,1,0,0,1,0,0,0,0,0,5,0,,67,7,2010,5,39.9598,-75.1738,824.0,6,0,0,0,0,0,0,0,0,2.0,0,0,0,8.0,1,1,0,,2,39 57:35.254,2.0,0,75 10:25.564,3,0,0,0,67301,1,0,0,N,0,0,0,2,67301,0,,1,1,,N,N,,0,,1,0,0,0,0,N,823.0,1,2,0,0,0,0,0,3,4,0,1,3,,N,,,,,,,,,,,
2010117974,1620.0,1,0,0,0,0,0,0,0,0,4,0,,67,10,2010,3,40.0409,-75.1039,1610.0,6,0,0,0,0,0,0,0,0,,0,0,0,16.0,1,3,1,,0,40 02:27.070,,0,75 06:14.101,3,0,0,0,67301,0,0,0,N,0,0,0,3,67301,1,,1,1,,,N,,0,,2,0,2,3,3,,1610.0,3,3,0,0,0,0,0,3,4,0,3,3,,N,,,,,,,,,,,
2010117982,745.0,0,0,0,0,0,0,0,0,0,4,0,,67,10,2010,6,39.912,-75.1926,737.0,6,0,0,0,0,0,0,0,0,3.0,0,0,0,7.0,1,1,2,,2,39 54:42.927,1.0,0,75 11:33.232,4,0,0,1,67301,0,0,0,N,0,0,0,2,67301,1,,1,1,,N,N,,0,,0,0,1,3,3,N,730.0,1,2,0,0,1,0,1,3,4,0,2,3,,N,,,,,,,,,,,
2010105906,1823.0,3,0,0,0,0,0,0,0,0,5,0,,67,9,2010,3,40.0482,-75.0261,1821.0,6,0,0,0,0,1,0,0,0,,0,0,0,18.0,1,2,5,,0,40 02:53.422,,0,75 01:33.866,8,0,0,0,67301,0,0,0,,0,0,0,4,67301,0,,1,1,,N,,,1,,0,0,1,3,2,,1820.0,2,5,0,0,0,2,0,3,4,0,5,3,,N,,,,,,,,,,,
2010103935,817.0,0,0,0,0,0,0,0,0,0,8,0,,67,9,2010,2,40.0278,-75.1305,815.0,6,0,0,0,0,0,0,0,0,,0,0,0,8.0,5,1,1,,0,40 01:39.979,,0,75 07:49.699,3,0,0,0,67301,1,0,0,N,1,0,0,2,67301,0,,1,1,,N,N,,0,,1,0,1,3,3,,815.0,1,2,0,0,0,0,0,3,4,0,1,7,,N,,,,,,,,,,,
2010103940,1910.0,1,0,0,0,0,0,0,0,0,0,0,,67,9,2010,5,40.0026,-75.14,1904.0,6,0,0,0,0,0,0,0,0,,0,0,0,19.0,4,0,0,,0,40 00:09.511,,3,75 08:23.841,0,0,0,0,67301,0,0,0,N,0,0,0,1,67301,0,,1,9,,N,N,,0,,0,0,0,0,0,,1900.0,0,1,0,0,0,0,0,3,4,0,1,7,,N,,,,,,,,,,,
2010103949,922.0,0,0,0,0,0,0,0,0,0,1,2,,67,9,2010,2,39.9957,-75.0919,917.0,6,0,0,0,0,0,1,0,0,,0,2,0,9.0,1,0,0,,0,39 59:44.521,,0,75 05:30.701,0,0,0,0,67301,0,0,0,,0,0,0,2,67301,0,,1,1,,N,N,,0,,0,0,0,0,0,,915.0,0,2,0,0,0,0,0,3,4,0,2,3,,N,,,,,,,,,,,
2010098596,1052.0,0,0,0,0,0,0,0,0,0,4,1,,67,8,2010,6,40.039,-75.15,1048.0,6,0,0,0,0,0,0,0,0,9.0,0,1,0,10.0,1,1,1,,1,40 02:20.299,1.0,0,75 09:00.122,3,0,0,1,67301,0,0,0,N,0,0,0,2,67301,0,,1,1,,N,N,,0,,1,0,0,3,2,Y,1045.0,1,2,0,0,0,0,0,3,4,0,2,3,,N,,,,,,,,,,,
2010094174,1230.0,1,0,0,0,0,0,0,0,0,4,0,,67,8,2010,1,39.9804,-75.2394,1225.0,6,0,0,0,0,0,0,0,0,3.0,0,0,0,12.0,1,2,1,,2,39 58:49.602,2.0,0,75 14:21.875,8,0,0,0,67301,0,0,0,N,0,0,0,4,67301,0,,1,1,,N,N,,1,,0,0,0,3,2,Y,1224.0,2,2,0,0,2,2,0,3,4,0,2,3,,N,,,,,,,,,,,
2010091269,1215.0,2,0,0,0,0,0,0,0,0,4,0,,67,8,2010,5,40.0586,-75.1527,1206.0,6,0,0,0,0,0,1,0,0,,0,0,0,12.0,1,3,5,,0,40 03:30.991,,0,75 09:09.844,8,0,0,0,67301,0,0,0,N,0,0,0,4,67301,0,,1,1,,N,N,,0,,0,0,0,3,2,,1200.0,3,2,0,0,0,3,0,3,4,0,2,3,,N,,,,,,,,,,,
2010091270,1052.0,1,0,0,0,0,0,0,0,0,1,0,,67,7,2010,3,40.0436,-75.0199,1050.0,6,0,0,0,0,0,0,0,0,,0,0,0,10.0,1,2,0,,0,40 02:36.818,,3,75 01:11.587,8,0,0,0,67301,0,0,0,,0,0,0,5,67301,0,,1,1,,N,N,,0,,0,0,2,0,0,,1045.0,2,3,0,0,0,2,0,3,4,0,3,3,,N,,,,,,,,,,,
2010110813,1200.0,1,0,0,0,0,0,0,0,0,8,0,,67,10,2010,2,40.0578,-75.1887,1155.0,6,0,0,0,0,0,1,0,0,,0,0,0,11.0,1,2,0,,0,40 03:27.934,,0,75 11:19.318,4,0,0,0,67301,3,0,0,,3,0,0,4,67301,2,,6,1,,,,,0,,0,0,0,0,0,,1145.0,2,4,0,0,0,0,0,3,4,0,1,3,,N,,,,,,,,,,,
2010110839,1130.0,1,0,0,0,0,0,0,0,0,4,0,,67,10,2010,5,39.9992,-75.1583,1115.0,6,0,0,0,0,0,1,0,0,,0,0,0,99.0,1,3,2,,0,39 59:57.188,,0,75 09:29.926,4,0,0,0,67301,0,0,0,N,0,0,0,4,67301,3,,1,2,,N,N,,0,,0,0,0,0,0,,9999.0,3,2,0,0,0,0,0,3,4,0,2,7,,N,,,,,,,,,,,
2010110871,20.0,0,0,0,0,0,0,0,0,0,1,0,,67,10,2010,3,40.0379,-75.0524,13.0,6,0,0,0,0,0,0,0,0,,0,0,0,0.0,3,0,1,,0,40 02:16.296,,0,75 03:08.647,0,0,0,0,67301,0,0,0,N,0,0,0,1,67301,0,,2,1,,N,N,,2,,0,0,0,0,0,,12.0,0,2,0,0,0,0,0,3,4,0,2,3,,N,,,,,,,,,,,
2010110900,110.0,0,0,0,0,0,0,0,0,0,7,0,,67,10,2010,6,40.0367,-75.1566,100.0,6,0,0,0,0,0,0,0,0,,0,0,0,99.0,1,1,0,,0,40 02:11.991,,0,75 09:23.848,8,0,0,0,67301,0,0,0,N,0,0,0,1,67301,0,,2,9,,N,N,,0,,0,0,1,0,0,,9999.0,1,1,0,0,0,1,0,3,4,0,1,7,,N,,,,,,,,,,,
2010069729,1631.0,2,0,0,0,0,0,0,0,0,4,0,,67,6,2010,5,39.9449,-75.167,1625.0,6,0,0,0,0,0,0,0,0,,0,0,0,16.0,1,1,1,,0,39 56:41.578,,0,75 10:01.077,8,0,0,0,67301,0,0,0,N,0,0,0,4,67301,0,,1,1,,N,N,,0,,0,0,0,3,2,,1620.0,1,2,0,0,0,1,1,3,4,0,2,3,,N,,,,,,,,,,,
2010058998,1245.0,1,0,0,0,0,0,0,0,0,7,0,,67,5,2010,1,40.0109,-75.1677,1235.0,6,0,0,0,0,0,0,0,0,,0,0,0,12.0,1,1,0,,0,40 00:39.135,,0,75 10:03.585,8,0,0,0,67301,0,0,0,N,0,0,0,1,67301,0,,5,1,,N,N,,0,,0,0,0,0,0,,1225.0,1,1,0,0,0,1,0,3,4,0,1,3,,N,,,,,,,,,,,
2010059001,1640.0,2,0,0,0,0,0,0,0,0,4,0,,67,5,2010,7,39.9994,-75.1723,1638.0,6,0,0,0,0,0,1,0,0,,0,0,0,16.0,1,2,1,,0,39 59:57.926,,0,75 10:20.107,4,0,0,0,67301,0,0,0,N,0,0,0,4,67301,1,,1,1,,N,N,,0,,0,0,0,3,3,,1635.0,2,2,0,0,0,1,2,3,4,0,2,3,,N,,,,,,,,,,,
2010037959,1302.0,1,0,0,0,0,0,0,0,0,1,0,,67,4,2010,5,39.96,-75.1404,1250.0,6,0,0,0,1,0,1,0,0,,0,0,0,12.0,1,1,0,,0,39 57:36.595,,0,75 08:25.138,8,0,0,0,67301,0,0,0,N,0,0,0,2,68K01,0,,1,1,,N,N,,1,,0,0,0,0,0,,1240.0,1,2,0,0,0,1,0,3,4,0,2,3,,N,,,,,,,,,,,
2010037960,425.0,2,0,0,0,0,0,0,0,0,6,0,,67,4,2010,1,39.9939,-75.0846,410.0,6,0,0,0,0,0,0,0,0,,0,0,0,4.0,3,0,0,,0,39 59:37.819,,0,75 05:04.779,0,0,0,0,67301,0,0,0,N,0,0,0,2,68K01,0,,1,1,,N,N,,0,,0,0,0,3,7,,410.0,0,2,0,0,0,0,0,3,4,0,2,3,,N,,,,,,,,,,,
2010040860,1605.0,1,0,0,0,0,0,0,0,0,4,0,,67,3,2010,1,40.0826,-74.966,1600.0,6,0,0,0,0,0,0,0,0,,0,0,0,99.0,1,5,1,,0,40 04:57.327,,0,74 57:57.675,4,0,0,0,67301,0,0,0,N,0,0,0,6,67301,5,,1,1,,N,N,,0,,0,0,1,3,2,,9999.0,5,2,0,0,0,0,1,3,4,0,2,3,,N,,,,,,,,,,,
2010008991,1812.0,2,0,0,0,0,0,0,0,0,1,0,,67,1,2010,6,40.0482,-74.9994,1802.0,6,0,0,0,0,0,1,0,0,,0,0,0,17.0,3,1,0,,0,40 02:53.481,,0,74 59:57.669,8,0,0,0,67301,0,0,0,N,0,0,0,2,68K01,0,,1,1,,N,N,,0,,0,0,0,0,0,,1757.0,1,2,0,0,0,1,1,3,4,0,2,3,,N,,,,,,,,,,,
2010038679,645.0,1,0,0,0,0,0,0,0,0,8,0,,67,3,2010,6,39.9344,-75.1824,643.0,6,0,0,0,0,0,0,0,0,,0,0,0,6.0,3,1,0,,0,39 56:03.710,,0,75 10:56.685,4,0,0,0,67301,1,0,0,N,1,0,0,2,67301,1,,1,1,,N,N,,0,,0,0,0,0,0,,635.0,1,2,0,0,0,0,0,3,4,0,1,3,,N,,,,,,,,,,,
2010122383,914.0,1,0,0,0,0,0,0,0,0,4,0,,67,11,2010,7,39.9707,-75.1541,914.0,6,0,0,0,0,0,0,0,0,,0,0,0,9.0,1,1,2,,0,39 58:14.534,,0,75 09:14.823,4,0,0,0,67301,0,0,0,N,0,0,0,3,67301,1,,1,1,,N,N,,0,,0,0,1,9,2,,913.0,1,2,0,0,0,0,0,3,4,0,2,3,,N,,,,,,,,,,,
2010122529,453.0,5,0,0,0,0,0,0,0,0,6,0,,67,11,2010,3,39.9748,-75.2609,449.0,6,0,0,1,0,0,0,0,0,2.0,0,0,0,99.0,3,1,0,,1,39 58:29.419,3.0,0,75 15:39.247,3,0,0,0,67301,1,0,0,,0,0,0,4,67301,0,,1,1,,N,N,,0,,1,0,0,3,2,Y,9999.0,1,6,0,0,0,0,0,3,4,0,6,3,,N,,,,,,,,,,,
2010038795,1910.0,1,0,0,0,0,0,0,0,0,8,0,,67,3,2010,4,40.0196,-75.0687,1907.0,6,0,0,0,0,0,0,0,0,,0,0,0,19.0,1,1,0,,0,40 01:10.718,,0,75 04:07.392,4,0,0,0,67301,1,0,0,N,1,0,0,2,67301,1,,1,1,,N,N,,0,,0,0,0,0,0,,1905.0,1,2,0,0,0,0,0,3,4,0,1,3,,N,,,,,,,,,,,
2010122590,745.0,2,0,0,0,0,0,0,0,0,6,0,,67,11,2010,1,40.1148,-75.0216,735.0,6,0,0,0,0,0,2,0,0,,0,0,0,7.0,3,1,2,,0,40 06:53.339,,0,75 01:18.076,4,0,0,0,67301,0,0,0,N,0,0,0,2,67301,1,,1,1,,N,N,,0,,0,0,0,3,3,,730.0,1,2,0,0,0,0,0,3,4,0,2,3,,N,,,,,,,,,,,
2010122614,221.0,1,0,0,0,0,0,0,0,0,7,0,,67,11,2010,6,39.9814,-75.2394,220.0,6,0,0,0,0,0,0,0,0,1.0,0,0,0,2.0,3,0,3,,1,39 58:53.205,4.0,99,75 14:21.663,0,0,0,0,67301,0,0,0,N,0,0,0,2,67301,0,,5,1,,N,N,,0,,0,0,0,3,2,Y,220.0,0,1,0,0,0,0,0,3,4,0,1,3,,N,,,,,,,,,,,
2010122622,1220.0,1,0,0,0,0,0,0,0,0,1,0,,67,11,2010,1,39.9123,-75.2445,1217.0,6,0,0,0,0,0,2,0,0,,0,0,0,12.0,1,1,1,,0,39 54:44.114,,0,75 14:40.073,4,0,0,0,67301,0,0,0,N,0,0,0,4,67301,1,,1,1,,N,N,,0,,0,0,1,0,0,,1215.0,1,2,0,0,0,0,0,3,4,0,2,3,,N,,,,,,,,,,,
2010039001,128.0,1,0,0,0,0,0,0,0,0,4,0,,67,3,2010,3,40.0139,-75.126,1235.0,6,0,0,0,0,0,0,0,0,9.0,0,1,0,0.0,3,2,1,,2,40 00:49.975,1.0,0,75 07:33.617,8,0,0,0,67301,0,0,0,N,0,0,0,3,67301,0,,1,1,,N,N,,0,,0,0,0,3,2,Y,35.0,2,2,0,0,0,2,0,3,4,0,2,3,,N,,,,,,,,,,,
2010039128,1937.0,1,0,0,1,0,1,0,0,0,8,0,,67,3,2010,2,39.9756,-75.2547,1934.0,6,0,0,0,0,0,0,0,0,,0,0,0,17.0,1,1,0,,0,39 58:32.145,,0,75 15:17.096,2,0,0,0,67301,1,0,1,N,0,0,0,2,67301,0,,1,9,,N,N,,0,,0,1,0,0,0,,1745.0,1,2,0,0,0,0,0,3,4,0,1,7,,N,,,,,,,,,,,
2010039212,1533.0,2,0,0,0,0,0,0,0,0,1,0,,67,3,2010,3,39.995,-75.1625,1528.0,6,0,0,0,0,0,0,0,0,,0,0,0,15.0,1,2,2,,0,39 59:41.858,,0,75 09:44.988,4,0,0,0,67301,0,0,0,,0,0,0,4,67301,2,,1,1,,N,,,0,,0,0,0,0,0,,1533.0,2,2,0,0,0,0,0,3,4,0,2,3,5.0,N,,,,,,,,,,,
2010032640,1030.0,0,0,0,0,0,0,0,0,0,2,0,,67,3,2010,3,40.0371,-75.0765,1026.0,6,0,0,0,0,0,0,0,0,2.0,0,0,0,10.0,1,1,1,,1,40 02:13.434,3.0,0,75 04:35.432,4,0,0,0,67301,0,0,0,N,0,0,0,2,67301,1,,1,1,,N,N,,0,,0,0,1,3,3,Y,1026.0,1,2,0,0,0,0,1,3,4,1,2,3,,N,,,,,,,,,,,
2010032739,324.0,1,0,0,0,0,0,0,0,0,7,0,,67,3,2010,7,39.9384,-75.1716,323.0,6,0,0,0,0,0,0,0,0,,0,0,0,3.0,3,1,0,,0,39 56:18.230,,0,75 10:17.724,4,0,0,0,67301,0,0,0,N,0,0,0,1,67301,1,,5,1,,N,N,,0,,0,0,0,0,0,,322.0,1,1,0,0,1,0,0,3,4,0,1,3,,N,,,,,,,,,,,
2010038316,332.0,1,0,0,0,0,0,0,0,0,7,0,,67,3,2010,2,39.9751,-75.1964,330.0,6,0,0,0,0,0,0,0,0,,0,0,0,3.0,3,0,0,,0,39 58:30.220,,0,75 11:46.703,0,0,0,0,67301,0,0,0,N,0,0,0,1,67301,0,,3,1,,N,N,,0,,0,0,0,0,0,,325.0,0,1,0,0,0,0,0,3,4,0,1,3,,N,,,,,,,,,,,
2010085318,1624.0,1,0,0,0,0,0,0,0,0,7,0,,67,9,2010,4,39.9305,-75.1987,1607.0,6,0,0,0,0,0,0,0,0,2.0,0,0,0,16.0,1,0,0,,2,39 55:48.026,3.0,0,75 11:53.629,0,0,0,0,67301,0,0,0,N,0,0,0,1,68K01,0,,1,1,,N,N,,0,,0,0,0,0,0,Y,1604.0,0,1,0,0,0,0,0,3,4,0,1,3,,N,,,,,,,,,,,
2010019196,1106.0,1,0,0,0,0,0,0,0,0,1,0,,67,2,2010,1,39.9415,-75.1945,1105.0,6,0,0,0,0,0,1,0,0,1.0,0,0,0,10.0,1,1,0,,1,39 56:34.790,3.0,0,75 11:35.246,8,0,0,0,67301,0,0,0,N,0,0,0,2,68K01,0,,1,9,,N,N,,1,,0,0,0,0,0,N,1055.0,1,2,0,0,0,1,0,3,4,0,2,3,,N,,,,,,,,,,,
2010019345,1904.0,1,0,0,0,0,0,0,0,0,1,0,,67,2,2010,6,39.982,-75.1012,1846.0,6,0,0,0,0,0,0,0,0,,0,0,0,18.0,3,0,0,,0,39 58:55.615,,0,75 06:03.827,0,0,0,0,67301,0,0,0,N,0,0,0,4,68K01,0,,1,1,,N,N,,0,,0,0,1,0,0,,1846.0,0,2,0,0,0,0,0,3,4,0,2,3,,N,,,,,,,,,,,
2010008138,2000.0,2,0,0,0,0,0,0,0,0,4,0,,67,1,2010,4,40.0532,-74.9864,1950.0,6,0,0,0,0,0,0,0,0,1.0,0,0,0,19.0,2,5,0,,2,40 03:11.875,1.0,0,74 59:10.648,3,0,0,0,67301,0,0,0,Y,0,0,0,5,68K01,3,,1,1,,N,N,,0,,2,0,0,0,0,N,1948.0,5,2,0,0,0,0,0,3,4,0,2,3,,N,,,,,,,,,,,
2010017128,1908.0,1,0,0,0,0,0,0,0,0,8,0,,67,1,2010,7,40.0341,-75.1765,1906.0,6,0,0,0,0,0,0,0,0,,0,0,0,19.0,3,1,1,,0,40 02:02.652,,0,75 10:35.500,8,0,0,0,67301,1,0,0,N,1,0,0,3,67301,0,,1,1,,N,N,,0,,0,0,0,3,2,,1904.0,1,2,0,0,0,1,0,3,4,0,1,3,,N,,,,,,,,,,,
2010017173,2150.0,1,0,0,0,0,0,0,0,0,7,0,,67,1,2010,5,40.0543,-75.0713,2148.0,6,0,0,0,0,0,0,0,0,1.0,0,0,0,21.0,3,2,0,,2,40 03:15.387,7.0,0,75 04:16.829,3,0,0,0,67301,0,0,0,,0,0,0,2,67301,0,,5,1,,,,,0,,2,0,0,3,2,Y,2148.0,2,1,0,0,1,0,0,3,4,0,1,3,,N,,,,,,,,,,,