CRN,ARRIVAL_TM,AUTOMOBILE_COUNT,BELTED_DEATH_COUNT,BELTED_SUSP_SERIOUS_INJ_COUNT,BICYCLE_COUNT,BICYCLE_DEATH_COUNT,BICYCLE_SUSP_SERIOUS_INJ_COUNT,BUS_COUNT,CHLDPAS_DEATH_COUNT,CHLDPAS_SUSP_SERIOUS_INJ_COUNT,COLLISION_TYPE,COMM_VEH_COUNT,CONS_ZONE_SPD_LIM,COUNTY,CRASH_MONTH,CRASH_YEAR,DAY_OF_WEEK,DEC_LAT,DEC_LONG,DISPATCH_TM,DISTRICT,DRIVER_COUNT_16YR,DRIVER_COUNT_17YR,DRIVER_COUNT_18YR,DRIVER_COUNT_19YR,DRIVER_COUNT_20YR,DRIVER_COUNT_50_64YR,DRIVER_COUNT_65_74YR,DRIVER_COUNT_75PLUS,EST_HRS_CLOSED,FATAL_COUNT,HEAVY_TRUCK_COUNT,HORSE_BUGGY_COUNT,HOUR_OF_DAY,ILLUMINATION,INJURY_COUNT,INTERSECT_TYPE,INTERSECTION_RELATED,LANE_CLOSED,LATITUDE,LN_CLOSE_DIR,LOCATION_TYPE,LONGITUDE,MAX_SEVERITY_LEVEL,MCYCLE_DEATH_COUNT,MCYCLE_SUSP_SERIOUS_INJ_COUNT,MOTORCYCLE_COUNT,MUNICIPALITY,NONMOTR_COUNT,NONMOTR_DEATH_COUNT,NONMOTR_SUSP_SERIOUS_INJ_COUNT,NTFY_HIWY_MAINT,PED_COUNT,PED_DEATH_COUNT,PED_SUSP_SERIOUS_INJ_COUNT,PERSON_COUNT,POLICE_AGCY,POSSIBLE_INJ_COUNT,RDWY_SURF_TYPE_CD,RELATION_TO_ROAD,ROAD_CONDITION,ROADWAY_CLEARED,SCH_BUS_IND,SCH_ZONE_IND,SECONDARY_CRASH,SMALL_TRUCK_COUNT,SPEC_JURIS_CD,SUSP_MINOR_INJ_COUNT,SUSP_SERIOUS_INJ_COUNT,SUV_COUNT,TCD_FUNC_CD,TCD_TYPE,TFC_DETOUR_IND,TIME_OF_DAY,TOT_INJ_COUNT,TOTAL_UNITS,UNB_DEATH_COUNT,UNB_SUSP_SERIOUS_INJ_COUNT,UNBELTED_OCC_COUNT,UNK_INJ_DEG_COUNT,UNK_INJ_PER_COUNT,URBAN_AREA,URBAN_RURAL,VAN_COUNT,VEHICLE_COUNT,WEATHER1,WEATHER2,WORK_ZONE_IND,WORK_ZONE_LOC,WORK_ZONE_TYPE,WORKERS_PRES,WZ_CLOSE_DETOUR,WZ_FLAGGER,WZ_LAW_OFFCR_IND,WZ_LN_CLOSURE,WZ_MOVING,WZ_OTHER,WZ_SHLDER_MDN,WZ_WORKERS_INJ_KILLED
2010017186,1725.0,1,0,0,0,0,0,0,0,0,8,0,,67,1,2010,7,39.9934,-75.097,1722.0,6,0,0,0,0,0,0,0,0,,0,0,0,17.0,3,1,1,,0,39 59:36.362,,0,75 05:49.314,4,0,0,0,67301,1,0,0,N,1,0,0,2,67301,1,,1,1,,N,N,,0,,0,0,0,3,2,,1715.0,1,2,0,0,0,0,0,3,4,0,1,3,,N,,,,,,,,,,,
2010017231,1711.0,1,0,0,0,0,0,0,0,0,8,0,,67,1,2010,5,40.0168,-75.0836,1711.0,6,0,0,0,0,0,0,0,0,,0,0,0,16.0,1,1,1,,0,40 01:00.325,,0,75 05:01.091,4,0,0,0,67301,1,0,0,N,1,0,0,3,67301,1,,9,1,,N,N,,0,,0,0,0,3,2,,1600.0,1,2,0,0,0,0,2,3,4,0,1,3,,N,,,,,,,,,,,
2010017236,1817.0,2,0,0,0,0,0,0,0,0,1,0,,67,1,2010,6,40.0366,-75.0645,1815.0,6,0,0,0,0,0,1,0,0,,0,0,0,15.0,1,1,1,,0,40 02:11.789,,0,75 03:52.061,4,0,0,0,67301,0,0,0,N,0,0,0,2,67301,1,,1,1,,N,N,,0,,0,0,0,3,2,,1500.0,1,2,0,0,0,0,0,3,4,0,2,3,,N,,,,,,,,,,,
2010021425,1555.0,3,0,0,0,0,0,0,0,0,5,0,,67,1,2010,6,40.0346,-75.0247,1550.0,6,0,0,0,0,0,0,0,0,,0,0,0,15.0,1,3,0,,0,40 02:04.665,,7,75 01:29.076,4,0,0,0,67301,0,0,0,N,0,0,0,4,67301,3,,6,1,,N,N,,0,,0,0,0,0,0,,1545.0,3,4,0,0,0,0,0,3,4,1,4,3,,N,,,,,,,,,,,
2010021677,1544.0,1,0,0,0,0,0,0,0,0,1,1,,67,1,2010,7,40.0211,-75.1399,1538.0,6,0,0,0,0,0,1,0,0,2.0,0,1,0,15.0,1,1,1,,2,40 01:15.937,4.0,0,75 08:23.758,3,0,0,0,67301,0,0,0,N,0,0,0,2,67301,0,,1,1,,N,N,,0,,1,0,0,3,2,N,1534.0,1,2,0,0,0,0,0,3,4,0,2,3,,N,,,,,,,,,,,
2010094098,9999.0,1,0,0,0,0,0,0,0,0,8,0,,67,8,2010,6,39.978,-75.1763,1645.0,6,0,0,0,0,0,1,0,0,,0,0,0,16.0,1,1,0,,0,39 58:40.740,,0,75 10:34.770,8,0,0,0,67301,1,0,0,N,1,0,0,2,67301,0,,1,1,,N,N,,0,,0,0,0,0,0,,1640.0,1,2,0,0,0,1,0,3,4,0,1,3,,N,,,,,,,,,,,
2010113630,1857.0,1,0,0,0,0,0,0,0,0,7,0,,67,10,2010,2,39.9714,-75.1594,1852.0,6,0,0,0,0,0,0,0,0,2.0,0,0,0,18.0,3,2,1,,1,39 58:17.205,2.0,0,75 09:33.736,3,0,0,0,67301,0,0,0,N,0,0,0,2,67301,0,,3,1,,N,N,,0,,2,0,0,3,2,N,1852.0,2,1,0,0,0,0,0,3,4,0,1,3,,N,,,,,,,,,,,
2010094171,1455.0,1,0,0,0,0,0,0,0,0,2,0,,67,9,2010,5,39.9147,-75.1551,1415.0,6,0,0,0,0,0,0,1,0,,0,0,0,99.0,1,0,0,,0,39 54:52.900,,7,75 09:18.518,9,0,0,0,67301,0,0,0,,0,0,0,3,67301,0,,1,1,,,,,1,,0,0,0,0,0,,9999.0,0,2,0,0,1,0,1,3,4,0,2,3,,N,,,,,,,,,,,
2010094227,315.0,1,0,0,1,0,0,0,0,0,1,0,,67,9,2010,1,39.9603,-75.1415,9999.0,6,0,0,0,0,0,0,0,0,,0,0,0,3.0,3,1,0,,0,39 57:37.222,,0,75 08:29.393,3,0,0,0,67301,1,0,0,N,0,0,0,2,67301,0,,1,1,,N,N,,0,,1,0,0,0,0,,313.0,1,2,0,0,0,0,0,3,4,0,1,3,,N,,,,,,,,,,,
2010093696,1110.0,3,0,0,0,0,0,0,0,0,5,0,,67,8,2010,1,40.0302,-75.0608,1107.0,6,0,0,0,1,0,0,0,0,,0,0,0,10.0,1,1,0,,0,40 01:48.716,,0,75 03:39.048,3,0,0,0,67301,1,0,0,,0,0,0,2,67301,0,,1,1,,,,,0,,1,0,1,0,0,,1045.0,1,4,0,0,0,0,0,3,4,0,4,3,,N,,,,,,,,,,,
2010093741,307.0,1,0,0,0,0,0,0,0,0,8,0,,67,8,2010,6,39.993,-75.1597,300.0,6,0,0,0,0,0,0,0,0,9.0,1,0,0,3.0,3,0,1,,2,39 59:34.764,7.0,0,75 09:35.009,1,0,0,0,67301,1,1,0,,1,1,0,2,67301,0,2.0,1,1,,,,,0,0.0,0,0,0,3,2,Y,300.0,0,2,0,0,1,0,0,3,4,0,1,3,,N,,,,,,,,,,,
2010088866,914.0,1,0,0,1,0,0,0,0,0,5,0,,67,8,2010,6,39.9505,-75.2269,914.0,6,0,0,0,0,0,0,0,0,,0,0,0,9.0,1,1,1,,0,39 57:01.671,,0,75 13:36.676,4,0,0,0,67301,1,0,0,N,0,0,0,2,67301,1,,1,9,,N,N,,0,,0,0,0,3,2,,908.0,1,2,0,0,0,0,0,3,4,0,1,3,,N,,,,,,,,,,,
2010088961,1406.0,1,0,0,1,0,0,0,0,0,4,0,,67,8,2010,2,39.9404,-75.1695,1401.0,6,0,0,0,0,0,1,0,0,,0,0,0,14.0,1,1,1,,0,39 56:25.580,,0,75 10:10.347,8,0,0,0,67301,1,0,0,N,0,0,0,2,67301,0,,1,1,,N,N,,0,,0,0,0,3,2,,1400.0,1,2,0,0,0,1,0,3,4,0,1,3,,N,,,,,,,,,,,
2010110886,1630.0,1,0,0,0,0,0,0,0,0,4,0,,67,10,2010,3,40.0765,-75.1949,1530.0,6,0,0,1,0,0,0,0,0,,0,0,0,15.0,1,0,1,,0,40 04:35.197,,0,75 11:42.089,0,0,0,0,67301,0,0,0,N,0,0,0,2,67301,0,,1,1,,N,N,,0,,0,0,1,3,2,,1524.0,0,2,0,0,0,0,0,3,4,0,2,3,,N,,,,,,,,,,,
2010037860,2149.0,1,0,0,0,0,0,0,0,0,1,0,,67,4,2010,7,39.9439,-75.1921,2149.0,6,0,0,0,0,0,0,0,0,,0,0,0,21.0,3,0,0,,0,39 56:41.561,,0,75 11:27.798,9,0,0,0,67301,0,0,0,N,0,0,0,4,68K01,0,,1,1,,N,N,,0,,0,0,1,0,0,,2147.0,0,3,0,0,0,0,1,3,4,0,3,3,,N,,,,,,,,,,,
2010038605,320.0,2,0,0,0,0,0,0,0,0,5,0,,67,3,2010,1,40.1319,-75.0294,315.0,6,0,0,0,0,0,0,0,0,,0,0,0,2.0,3,1,0,,0,40 07:54.742,,7,75 01:45.685,4,0,0,0,67301,0,0,0,N,0,0,0,2,67301,1,,1,1,,N,N,,0,,0,0,0,0,0,,245.0,1,2,0,0,0,0,1,3,4,0,2,3,,N,,,,,,,,,,,
2010038805,1358.0,1,0,0,0,0,0,0,0,0,1,0,,67,3,2010,3,40.0009,-75.1474,1347.0,6,0,0,0,0,0,0,0,0,,0,0,0,13.0,1,3,1,,0,40 00:03.269,,0,75 08:51.212,4,0,0,0,67301,0,0,0,,0,0,0,4,67301,3,,1,1,,N,N,,0,,0,0,1,0,0,,1345.0,3,2,0,0,0,0,0,3,4,0,2,3,,N,,,,,,,,,,,
2010122485,1500.0,1,0,0,0,0,0,0,0,0,6,0,,67,11,2010,1,39.995,-75.2276,1441.0,6,0,0,0,0,0,0,1,0,,0,0,0,14.0,1,1,1,,0,39 59:42.111,,0,75 13:39.536,4,0,0,0,67301,0,0,0,N,0,0,0,3,67301,1,,1,1,,N,N,,1,,0,0,0,3,3,,1439.0,1,2,0,0,1,0,0,3,4,0,2,3,,N,,,,,,,,,,,
2010122556,2112.0,2,0,0,0,0,0,0,0,0,4,0,,67,11,2010,7,39.9447,-75.1809,2108.0,6,0,0,0,0,0,2,0,0,,0,0,0,99.0,3,1,1,,0,39 56:40.833,,0,75 10:51.355,8,0,0,0,67301,0,0,0,,0,0,0,3,67301,0,,1,1,,N,,,0,,0,0,0,3,3,,9999.0,1,2,0,0,0,1,0,3,4,0,2,3,,N,,,,,,,,,,,
2010039154,2305.0,1,0,0,1,0,0,0,0,0,8,0,,67,3,2010,6,39.9686,-75.2111,2301.0,6,0,0,0,0,0,0,0,0,,0,0,0,23.0,3,1,5,,0,39 58:07.388,,0,75 12:40.729,8,0,0,0,67301,1,0,0,N,0,0,0,2,67301,0,,1,1,,N,N,,0,,0,0,0,3,2,,2300.0,1,2,0,0,0,1,0,3,4,0,1,3,,N,,,,,,,,,,,
2010039162,151.0,2,0,0,0,0,0,0,0,0,1,0,,67,4,2010,6,39.9741,-75.2043,147.0,6,0,0,0,0,0,0,0,0,3.0,0,0,0,1.0,3,1,1,,1,39 58:26.830,4.0,0,75 12:15.528,8,0,0,0,67301,0,0,0,N,0,0,0,4,67301,0,,1,1,,N,N,,0,,0,0,0,3,2,Y,146.0,1,2,0,0,0,1,0,3,4,0,2,3,,N,,,,,,,,,,,
2010039201,1510.0,3,0,0,0,0,0,0,0,0,4,0,,67,4,2010,5,40.105,-75.0199,1506.0,6,0,0,0,0,0,0,0,0,,0,0,0,14.0,1,2,2,,0,40 06:17.878,,0,75 01:11.785,4,0,0,0,67301,0,0,0,,0,0,0,2,67301,2,,1,1,,N,N,,0,,0,0,0,3,3,,1455.0,2,3,0,0,0,0,0,3,4,0,3,3,,N,,,,,,,,,,,
2010039203,816.0,1,0,0,0,0,0,0,0,0,4,0,,67,3,2010,5,40.0451,-75.0536,815.0,6,0,0,0,0,0,0,0,0,2.0,0,0,0,8.0,1,1,0,,2,40 02:42.258,1.0,0,75 03:13.027,8,0,0,0,67301,0,0,0,N,0,0,0,3,67301,0,,1,1,,N,N,,0,,0,0,1,0,0,Y,814.0,1,2,0,0,2,1,2,3,4,0,2,3,,N,,,,,,,,,,,
2010039216,2045.0,0,0,0,0,0,0,0,0,0,4,0,,67,3,2010,6,39.9804,-75.1179,2045.0,6,0,0,0,0,0,0,0,0,,0,0,0,20.0,3,2,1,,0,39 58:53.344,,0,75 07:02.419,4,0,0,0,67301,0,0,0,N,0,0,0,4,67301,2,,1,1,,N,N,,0,,0,0,1,3,2,,2040.0,2,2,0,0,2,0,0,3,4,1,2,3,,N,,,,,,,,,,,
2010117284,611.0,1,0,0,0,0,0,0,0,0,7,0,,67,11,2010,5,39.966,-75.1867,605.0,6,0,0,0,0,0,0,0,0,1.0,0,0,0,6.0,5,0,0,,2,39 57:56.711,3.0,0,75 11:11.202,0,0,0,0,67301,0,0,0,N,0,0,0,1,68K01,0,,4,1,,N,N,,0,,0,0,0,0,0,N,602.0,0,1,0,0,0,0,0,3,4,0,1,3,,N,,,,,,,,,,,
2010117387,958.0,1,0,0,0,0,0,0,0,0,4,0,,67,10,2010,6,40.0046,-75.1374,955.0,6,0,0,0,0,0,0,0,1,,0,0,0,9.0,1,1,1,,0,40 00:16.686,,0,75 08:14.798,4,0,0,0,67301,0,0,0,,0,0,0,3,67301,1,,1,1,,,,,0,,0,0,1,3,3,,956.0,1,2,0,0,0,0,0,3,4,0,2,3,,N,,,,,,,,,,,
2010029249,245.0,1,0,0,0,0,0,0,0,0,7,0,,67,2,2010,7,40.0301,-75.0219,236.0,6,0,0,0,0,0,1,0,0,,0,0,0,2.0,3,1,0,,0,40 01:49.122,,0,75 01:18.216,4,0,0,0,67301,0,0,0,Y,0,0,0,1,68K01,1,,3,1,,N,N,,0,,0,0,0,0,0,,234.0,1,1,0,0,0,0,0,3,4,0,1,3,,N,,,,,,,,,,,
2010023061,1455.0,2,0,0,0,0,0,1,0,0,3,1,,67,3,2010,2,40.0185,-75.1671,1445.0,6,0,0,0,0,0,0,0,0,2.0,0,0,0,14.0,1,3,6,,1,40 01:06.156,2.0,2,75 10:06.755,8,0,0,0,67301,0,0,0,Y,0,0,0,4,67301,0,,1,1,,N,N,,0,,0,0,0,0,0,N,1435.0,3,3,0,0,0,3,0,3,4,0,3,3,,N,,,,,,,,,,,
2010016172,210.0,1,0,0,0,0,0,0,0,0,7,0,,67,1,2010,3,39.994,-75.0837,201.0,6,0,0,0,0,0,0,0,0,,0,0,0,1.0,3,0,0,,0,39 59:21.273,,2,75 05:13.615,0,0,0,0,67301,0,0,0,N,0,0,0,1,68K01,0,,2,1,,N,N,,0,,0,0,0,0,0,,155.0,0,1,0,0,0,0,0,3,4,0,1,3,,N,,,,,,,,,,,
2010008133,1627.0,1,0,0,0,0,0,0,0,0,1,0,,67,1,2010,3,39.9439,-75.1921,1614.0,6,0,0,0,0,0,0,0,0,,0,0,0,16.0,1,0,0,,0,39 56:41.561,,0,75 11:27.798,0,0,0,0,67301,0,0,0,N,0,0,0,2,68K01,0,,1,1,,N,N,,0,,0,0,1,0,0,,1613.0,0,2,0,0,0,0,0,3,4,0,2,3,,N,,,,,,,,,,,
2010016935,633.0,2,0,0,0,0,0,0,0,0,4,0,,67,1,2010,4,39.9913,-75.1349,629.0,6,0,0,0,0,0,1,0,0,,0,0,0,6.0,5,1,1,,0,39 59:28.846,,0,75 08:05.483,4,0,0,0,67301,0,0,0,,0,0,0,2,67301,1,,1,1,,N,N,,0,,0,0,0,3,2,,620.0,1,2,0,0,0,0,0,3,4,0,2,3,,N,,,,,,,,,,,
2010011519,137.0,2,0,0,0,0,0,0,0,0,4,0,,67,1,2010,7,40.0516,-75.1586,136.0,6,0,0,0,0,0,0,0,0,1.0,0,0,0,1.0,3,0,0,,1,40 03:05.612,3.0,0,75 09:30.812,0,0,0,0,67301,0,0,0,,0,0,0,1,67301,0,,1,1,,,,,1,,0,0,0,0,0,N,135.0,0,3,0,0,1,0,0,3,4,0,3,3,,N,,,,,,,,,,,
2010022752,1540.0,1,0,0,0,0,0,0,0,0,4,0,,67,2,2010,6,39.9991,-75.2309,1534.0,6,0,0,0,0,0,1,0,0,,0,0,0,15.0,1,0,1,,0,39 59:56.763,,0,75 13:51.120,0,0,0,0,67301,0,0,0,N,0,0,0,2,46104,0,,1,9,,N,N,,0,,0,0,1,1,2,,1531.0,0,2,0,0,0,0,0,3,4,0,2,3,,N,,,,,,,,,,,
2010017164,2352.0,2,0,0,0,0,0,0,0,0,4,0,,67,1,2010,7,40.0215,-75.0863,2348.0,6,0,0,0,0,0,0,0,0,,0,0,0,23.0,3,2,1,,0,40 01:17.313,,0,75 05:10.856,4,0,0,0,67301,0,0,0,,0,0,0,3,67301,2,,1,1,,,,,0,,0,0,0,3,3,,2320.0,2,2,0,0,0,0,0,3,4,0,2,3,,N,,,,,,,,,,,
2010020474,1549.0,3,0,0,0,0,0,0,0,0,1,0,,67,2,2010,5,39.9594,-75.1741,1535.0,6,0,0,0,0,0,0,0,0,,0,0,0,15.0,1,1,0,,0,39 57:34.110,,0,75 10:28.662,8,0,0,0,67301,0,0,0,N,0,0,0,3,68K01,0,,1,1,,N,N,,0,,0,0,0,0,0,,1528.0,1,3,0,0,0,1,0,3,4,0,3,3,,N,,,,,,,,,,,
2010020475,647.0,1,0,0,0,0,0,0,0,0,7,0,,67,2,2010,6,39.8924,-75.2349,637.0,6,0,0,0,0,0,0,0,0,,0,0,0,6.0,1,1,0,,0,39 53:33.093,,0,75 14:04.300,4,0,0,0,67301,0,0,0,N,0,0,0,2,68K01,1,,3,1,,N,N,,0,,0,0,0,0,0,,636.0,1,1,0,0,0,0,0,3,4,0,1,3,,N,,,,,,,,,,,
2010023915,241.0,0,0,0,0,0,0,0,0,0,7,0,,67,2,2010,4,39.903,-75.1505,230.0,6,0,0,0,0,0,0,0,0,,0,0,0,2.0,3,0,7,,0,39 54:07.825,,2,75 09:04.304,0,0,0,0,67301,0,0,0,N,0,0,0,1,68K01,0,,4,9,,N,N,,0,,0,0,1,0,0,,227.0,0,1,0,0,0,0,0,3,4,0,1,3,,N,,,,,,,,,,,
2010021636,1235.0,4,0,0,0,0,0,0,0,0,6,0,,67,1,2010,2,40.0214,-75.0808,1230.0,6,0,0,0,0,0,0,1,0,,0,0,0,12.0,1,1,0,,0,40 01:16.953,,0,75 04:50.747,8,0,0,0,67301,0,0,0,N,0,0,0,1,67301,0,,1,9,,N,N,,1,,0,0,0,0,0,,1227.0,1,5,0,0,0,1,0,3,4,0,5,7,,N,,,,,,,,,,,
2010117988,817.0,0,0,0,0,0,0,0,0,0,8,0,,67,11,2010,6,39.9607,-75.2166,804.0,6,0,0,0,0,0,0,0,0,,0,0,0,8.0,1,1,0,,0,39 57:38.503,,0,75 12:59.760,4,0,0,0,67301,1,0,0,N,1,0,0,2,67301,1,,1,9,,N,Y,,0,,0,0,0,9,7,,802.0,1,2,0,0,0,0,0,3,4,1,1,3,,N,,,,,,,,,,,
2010117996,2135.0,0,0,0,0,0,0,0,0,0,7,0,,67,10,2010,1,39.9801,-75.1444,2133.0,6,0,0,0,0,0,0,0,0,,0,0,0,21.0,3,1,0,,0,39 58:48.201,,0,75 08:39.836,8,0,0,0,67301,0,0,0,N,0,0,0,1,67301,0,,5,1,,N,N,,0,,0,0,1,0,0,,2112.0,1,1,0,0,1,1,0,3,4,0,1,3,,N,,,,,,,,,,,
2010075128,219.0,1,0,0,0,0,0,0,0,0,1,0,,67,7,2010,1,40.0506,-75.0509,215.0,6,0,0,0,0,0,0,0,0,1.0,0,0,0,2.0,3,2,0,,1,40 03:02.218,1.0,6,75 03:03.371,3,0,0,1,67301,0,0,0,,0,0,0,2,67301,0,,1,9,,,,,0,,1,0,0,0,0,N,213.0,2,2,0,0,0,1,0,3,4,0,2,3,,N,,,,,,,,,,,
2010055893,1313.0,1,0,0,0,0,0,0,0,0,4,0,,67,6,2010,7,40.0619,-75.1367,1310.0,6,0,0,0,0,0,0,0,0,1.0,0,0,0,13.0,1,0,1,,2,40 03:42.622,2.0,0,75 08:12.011,0,0,0,0,67301,0,0,0,N,0,0,0,6,46102,0,,1,1,,N,N,,0,,0,0,1,3,2,Y,1308.0,0,2,0,0,0,0,0,3,4,0,2,3,,N,,,,,,,,,,,
2010083107,848.0,6,0,0,0,0,0,0,0,0,4,0,,67,7,2010,4,39.8946,-75.2367,844.0,6,0,0,0,0,0,0,0,0,3.0,0,0,0,8.0,1,1,1,,1,39 53:40.603,3.0,0,75 14:12.181,8,0,0,0,67301,0,0,0,,0,0,0,6,67301,0,,1,1,,N,N,,0,,0,0,0,3,2,N,843.0,1,6,0,0,0,1,0,3,4,0,6,3,,N,,,,,,,,,,,
2010048468,1133.0,2,0,0,0,0,0,0,0,0,1,0,,67,4,2010,5,40.0674,-75.0651,1129.0,6,0,0,0,0,0,1,0,0,,0,0,0,11.0,1,2,0,,0,40 04:02.634,,0,75 03:54.494,8,0,0,0,67301,0,0,0,N,0,0,0,2,67301,0,,1,1,,N,N,,0,,0,0,0,0,0,,1128.0,2,2,0,0,0,2,0,3,4,0,2,3,,N,,,,,,,,,,,
2010075119,1119.0,1,0,0,0,0,0,0,0,0,8,0,,67,7,2010,4,40.0247,-75.156,1110.0,6,0,0,0,0,0,0,0,0,,0,0,0,11.0,1,1,2,,0,40 01:28.956,,0,75 09:21.661,4,0,0,0,67301,1,0,0,N,1,0,0,2,67301,1,,1,1,,N,N,,0,,0,0,0,0,0,,1101.0,1,2,0,0,0,0,1,3,4,0,1,3,,N,,,,,,,,,,,
2010074836,1300.0,2,0,0,0,0,0,0,0,0,4,0,,67,6,2010,4,39.9593,-75.2005,1257.0,6,0,0,0,0,0,0,0,0,9.0,1,0,0,12.0,1,0,1,,1,39 57:33.487,6.0,0,75 12:01.753,1,1,0,1,67301,0,0,0,N,0,0,0,2,67301,0,2.0,1,1,,N,N,,0,0.0,0,0,1,3,3,Y,1257.0,0,5,0,0,0,0,0,3,4,1,5,3,,N,,,,,,,,,,,
2010045069,602.0,1,0,0,0,0,0,0,0,0,7,0,,67,4,2010,6,39.9861,-75.1628,558.0,6,0,0,0,0,0,0,0,1,,0,0,0,5.0,1,0,1,,0,39 59:10.086,,0,75 09:46.130,0,0,0,0,67301,0,0,0,N,0,0,0,1,67301,0,,5,1,,N,N,,0,,0,0,0,3,3,,545.0,0,1,0,0,0,0,0,3,4,0,1,3,,N,,,,,,,,,,,
2010074870,1333.0,3,0,0,0,0,0,0,0,0,1,0,,67,7,2010,2,40.0479,-75.1761,1329.0,6,0,0,1,0,0,1,0,0,2.0,0,0,0,13.0,1,1,2,,2,40 02:52.413,6.0,0,75 10:33.939,4,0,0,0,67301,0,0,0,N,0,0,0,5,67301,1,,1,1,,N,N,,0,,0,0,1,0,0,Y,1326.0,1,4,0,0,0,0,0,3,4,0,4,3,,N,,,,,,,,,,,
2010105911,2128.0,3,0,0,0,0,0,0,0,0,5,0,,67,9,2010,2,40.0487,-75.0964,2122.0,6,0,0,0,0,0,0,0,0,,0,0,0,21.0,3,0,0,,0,40 02:55.485,,0,75 05:47.116,9,0,0,0,67301,0,0,0,N,0,0,0,1,67301,0,,1,9,,N,N,,0,,0,0,0,0,0,,2105.0,0,3,0,0,0,0,1,3,4,0,3,7,,N,,,,,,,,,,,
2010103928,110.0,2,0,0,0,0,0,0,0,0,1,0,,67,9,2010,7,40.0309,-75.1464,59.0,6,0,0,0,0,0,0,0,0,,0,0,0,0.0,3,0,0,,0,40 01:51.228,,0,75 08:47.066,0,0,0,0,67301,0,0,0,N,0,0,0,1,67301,0,,1,1,,N,N,,0,,0,0,0,0,0,,15.0,0,2,0,0,0,0,0,3,4,0,2,3,,N,,,,,,,,,,,
2010089103,1440.0,0,0,0,0,0,0,0,0,0,8,0,,67,8,2010,4,40.0546,-75.1497,1430.0,6,0,0,0,0,0,1,0,0,,0,0,0,14.0,1,1,1,,0,40 03:16.700,,0,75 08:58.941,4,0,0,0,67301,1,0,0,N,1,0,0,2,67301,1,,1,1,,N,N,,0,,0,0,1,3,2,,1430.0,1,2,0,0,0,0,0,3,4,0,1,3,,N,,,,,,,,,,,
2010096500,1250.0,0,0,0,0,0,0,0,0,0,1,0,,67,9,2010,5,39.9914,-75.1007,1245.0,6,0,0,0,0,0,0,0,0,,0,0,0,12.0,1,4,0,,0,39 59:29.686,,0,75 06:01.303,4,0,0,0,67301,0,0,0,,0,0,0,9,67301,2,,1,1,,N,N,,1,,0,0,0,0,0,,1240.0,4,2,0,0,0,2,0,3,4,1,2,3,,N,,,,,,,,,,,
2010093735,9999.0,1,0,0,0,0,0,0,0,0,8,0,,67,8,2010,5,40.0417,-75.0129,9999.0,6,0,0,0,0,0,0,0,0,,0,0,0,21.0,3,1,0,,0,40 02:30.198,,0,75 00:46.452,3,0,0,0,67301,1,0,0,N,1,0,0,2,67301,0,,1,1,,N,N,,0,,1,0,0,0,0,,2110.0,1,2,0,0,0,0,0,3,4,0,1,3,,N,,,,,,,,,,,
2010094088,1727.0,1,0,0,0,0,0,0,0,0,4,0,,67,9,2010,5,39.9854,-75.2481,1726.0,6,0,0,0,0,0,0,0,0,,0,0,0,15.0,1,1,1,,0,39 59:07.481,,0,75 14:53.054,4,0,0,0,67301,0,0,0,,0,0,0,2,67301,1,,1,1,,N,N,,0,,0,0,0,3,2,,1559.0,1,2,0,0,0,0,0,3,4,1,2,3,,N,,,,,,,,,,,
2010088919,1831.0,2,0,0,0,0,0,0,0,0,4,0,,67,8,2010,1,40.0468,-75.0703,1830.0,6,0,0,1,0,0,0,0,0,,0,0,0,18.0,1,2,1,,0,40 02:48.424,,0,75 04:13.037,4,0,0,0,67301,0,0,0,,0,0,0,2,67301,2,,1,1,,,,,0,,0,0,0,3,2,,1826.0,2,2,0,0,0,0,0,3,4,0,2,3,,N,,,,,,,,,,,
2010110831,701.0,0,0,0,0,0,0,1,0,0,8,1,,67,10,2010,2,40.0152,-75.1699,659.0,6,0,0,0,0,0,0,1,0,,0,0,0,6.0,1,1,1,,0,40 00:54.823,,0,75 10:11.829,4,0,0,0,67301,1,0,0,N,1,0,0,2,67301,1,,1,1,,Y,N,,0,,0,0,0,3,2,,657.0,1,2,0,0,0,0,0,3,4,0,1,3,,N,,,,,,,,,,,
2010110888,751.0,1,0,0,0,0,0,0,0,0,4,0,,67,10,2010,2,39.9661,-75.2359,751.0,6,0,0,0,0,0,0,0,1,,0,0,0,6.0,1,2,1,,0,39 57:57.913,,0,75 14:09.124,8,0,0,0,67301,0,0,0,,0,0,0,3,67301,0,,1,9,,N,N,,0,,0,0,1,3,3,,640.0,2,3,0,0,0,2,0,3,4,1,3,99,,N,,,,,,,,,,,
2010113373,2155.0,2,0,0,0,0,0,0,0,0,1,0,,67,11,2010,4,39.9064,-75.1365,2153.0,6,0,0,0,0,0,1,0,0,,0,0,0,21.0,3,0,0,,0,39 54:23.135,,3,75 08:11.294,0,0,0,0,67301,0,0,0,N,0,0,0,2,67501,0,,1,1,,N,N,,0,,0,0,0,3,8,,2153.0,0,2,0,0,0,0,0,3,4,0,2,3,,N,,,,,,,,,,,
2010069735,1625.0,0,0,0,0,0,0,0,0,0,8,0,,67,6,2010,5,39.949,-75.2272,1615.0,6,0,0,0,0,0,0,1,0,,0,0,0,15.0,1,1,1,,0,39 56:56.287,,0,75 13:37.796,8,0,0,0,67301,1,0,0,N,1,0,0,2,67301,0,,1,1,,N,N,,0,,0,0,1,3,2,,1535.0,1,2,0,0,0,1,0,3,4,0,1,3,,N,,,,,,,,,,,