CRN,ARRIVAL_TM,AUTOMOBILE_COUNT,BELTED_DEATH_COUNT,BELTED_SUSP_SERIOUS_INJ_COUNT,BICYCLE_COUNT,BICYCLE_DEATH_COUNT,BICYCLE_SUSP_SERIOUS_INJ_COUNT,BUS_COUNT,CHLDPAS_DEATH_COUNT,CHLDPAS_SUSP_SERIOUS_INJ_COUNT,COLLISION_TYPE,COMM_VEH_COUNT,CONS_ZONE_SPD_LIM,COUNTY,CRASH_MONTH,CRASH_YEAR,DAY_OF_WEEK,DEC_LAT,DEC_LONG,DISPATCH_TM,DISTRICT,DRIVER_COUNT_16YR,DRIVER_COUNT_17YR,DRIVER_COUNT_18YR,DRIVER_COUNT_19YR,DRIVER_COUNT_20YR,DRIVER_COUNT_50_64YR,DRIVER_COUNT_65_74YR,DRIVER_COUNT_75PLUS,EST_HRS_CLOSED,FATAL_COUNT,HEAVY_TRUCK_COUNT,HORSE_BUGGY_COUNT,HOUR_OF_DAY,ILLUMINATION,INJURY_COUNT,INTERSECT_TYPE,INTERSECTION_RELATED,LANE_CLOSED,LATITUDE,LN_CLOSE_DIR,LOCATION_TYPE,LONGITUDE,MAX_SEVERITY_LEVEL,MCYCLE_DEATH_COUNT,MCYCLE_SUSP_SERIOUS_INJ_COUNT,MOTORCYCLE_COUNT,MUNICIPALITY,NONMOTR_COUNT,NONMOTR_DEATH_COUNT,NONMOTR_SUSP_SERIOUS_INJ_COUNT,NTFY_HIWY_MAINT,PED_COUNT,PED_DEATH_COUNT,PED_SUSP_SERIOUS_INJ_COUNT,PERSON_COUNT,POLICE_AGCY,POSSIBLE_INJ_COUNT,RDWY_SURF_TYPE_CD,RELATION_TO_ROAD,ROAD_CONDITION,ROADWAY_CLEARED,SCH_BUS_IND,SCH_ZONE_IND,SECONDARY_CRASH,SMALL_TRUCK_COUNT,SPEC_JURIS_CD,SUSP_MINOR_INJ_COUNT,SUSP_SERIOUS_INJ_COUNT,SUV_COUNT,TCD_FUNC_CD,TCD_TYPE,TFC_DETOUR_IND,TIME_OF_DAY,TOT_INJ_COUNT,TOTAL_UNITS,UNB_DEATH_COUNT,UNB_SUSP_SERIOUS_INJ_COUNT,UNBELTED_OCC_COUNT,UNK_INJ_DEG_COUNT,UNK_INJ_PER_COUNT,URBAN_AREA,URBAN_RURAL,VAN_COUNT,VEHICLE_COUNT,WEATHER1,WEATHER2,WORK_ZONE_IND,WORK_ZONE_LOC,WORK_ZONE_TYPE,WORKERS_PRES,WZ_CLOSE_DETOUR,WZ_FLAGGER,WZ_LAW_OFFCR_IND,WZ_LN_CLOSURE,WZ_MOVING,WZ_OTHER,WZ_SHLDER_MDN,WZ_WORKERS_INJ_KILLED
2010058999,1115.0,0,0,0,0,0,0,0,0,0,1,0,,67,5,2010,2,40.0159,-75.1497,1110.0,6,0,0,0,0,0,0,0,0,,0,0,0,11.0,1,2,2,,0,40 00:57.347,,0,75 08:58.844,4,0,0,0,67301,2,0,0,N,0,0,0,4,67301,1,,1,1,,N,N,,1,,0,0,0,0,0,,1105.0,2,2,0,0,0,1,0,3,4,1,2,3,,N,,,,,,,,,,,
2010011622,1021.0,0,0,0,0,0,0,0,0,0,4,0,,67,1,2010,4,40.005,-75.1793,9999.0,6,0,0,0,0,0,0,0,1,,0,0,0,10.0,1,1,0,,0,40 00:17.995,,7,75 10:45.443,8,0,0,0,67301,0,0,0,,0,0,0,2,67301,0,,1,1,,,,,0,,0,0,2,0,0,,1015.0,1,2,0,0,1,1,0,3,4,0,2,3,,N,,,,,,,,,,,
2010038659,2113.0,1,0,0,0,0,0,0,0,0,5,0,,67,3,2010,5,40.0269,-75.2272,2110.0,6,0,0,0,1,0,0,0,0,,0,0,0,21.0,2,1,2,,0,40 01:36.847,,0,75 13:37.905,4,0,0,0,67301,0,0,0,N,0,0,0,2,67301,1,,1,1,,N,N,,1,,0,0,0,3,2,,2110.0,1,2,0,0,0,0,0,3,4,0,2,3,,N,,,,,,,,,,,
2010038816,1959.0,0,0,0,0,0,0,0,0,0,7,0,,67,3,2010,3,40.0579,-75.0457,1954.0,6,0,0,0,0,0,0,0,0,1.0,0,0,0,19.0,3,4,0,,1,40 03:28.178,2.0,0,75 02:44.576,4,0,0,0,67301,0,0,0,N,0,0,0,4,67301,4,,3,1,,N,N,,0,,0,0,1,0,0,N,1953.0,4,1,0,0,0,0,0,3,4,0,1,3,,N,,,,,,,,,,,
2010039013,1858.0,2,0,0,0,0,0,0,0,0,1,0,,67,3,2010,7,40.0801,-75.029,1846.0,6,0,0,1,1,0,0,0,0,1.0,0,0,0,18.0,1,1,0,,1,40 04:48.429,1.0,1,75 01:44.440,8,0,0,0,67301,0,0,0,N,0,0,0,3,67301,0,,1,1,,N,N,,0,,0,0,0,0,0,N,1844.0,1,2,0,0,0,1,0,3,4,0,2,3,,N,,,,,,,,,,,
2010122464,815.0,2,0,0,0,0,0,0,0,0,1,0,,67,11,2010,3,40.0869,-75.0456,807.0,6,0,0,0,0,0,0,0,0,,0,0,0,8.0,1,1,0,,0,40 05:12.663,,7,75 02:44.001,8,0,0,0,67301,0,0,0,,0,0,0,2,67301,0,,1,1,,,,,0,,0,0,0,0,0,,805.0,1,2,0,0,0,1,0,3,4,0,2,3,,N,,,,,,,,,,,
2010122586,804.0,1,0,0,0,0,0,0,0,0,8,0,,67,11,2010,6,40.0357,-75.0889,801.0,6,0,0,0,0,0,0,0,0,,0,0,0,8.0,1,1,0,,0,40 02:08.566,,0,75 05:20.194,4,0,0,0,67301,1,0,0,,1,0,0,2,67301,1,,1,1,,N,N,,0,,0,0,0,0,0,,800.0,1,2,0,0,0,0,0,3,4,0,1,3,,N,,,,,,,,,,,
2010039278,1908.0,2,0,0,0,0,0,0,0,0,5,0,,67,3,2010,6,39.9712,-75.1775,1907.0,6,0,0,0,0,0,0,0,0,,0,0,0,19.0,1,1,0,,0,39 58:16.259,,0,75 10:39.103,4,0,0,0,67301,0,0,0,N,0,0,0,1,67301,1,,6,9,,N,N,,1,,0,0,1,0,0,,1906.0,1,4,0,0,0,0,0,3,4,0,4,7,,N,,,,,,,,,,,
2010039281,1605.0,2,0,0,0,0,0,0,0,0,4,0,,67,3,2010,1,40.019,-75.1171,1603.0,6,0,0,0,0,0,0,0,0,,0,0,0,16.0,1,2,1,,0,40 01:08.482,,0,75 07:01.739,4,0,0,0,67301,0,0,0,N,0,0,0,4,67301,2,,1,1,,N,N,,0,,0,0,0,3,3,,1600.0,2,2,0,0,0,0,0,3,4,0,2,3,,N,,,,,,,,,,,
2010031875,1900.0,1,0,0,0,0,0,0,0,0,7,0,,67,3,2010,2,39.9,-75.1605,1849.0,6,0,0,0,0,0,0,0,0,1.0,0,0,0,18.0,3,1,0,,2,39 54:00.894,2.0,0,75 09:31.269,3,0,0,0,67301,0,0,0,N,0,0,0,1,68K01,0,,2,1,,N,N,,0,,1,0,0,0,0,N,1847.0,1,1,0,0,0,0,0,3,4,0,1,3,,N,,,,,,,,,,,
2010117473,7.0,1,0,0,0,0,0,0,0,0,7,0,,67,11,2010,6,39.9105,-75.1498,4.0,6,0,0,0,0,0,0,0,0,,0,0,0,0.0,3,0,0,,0,39 54:39.319,,2,75 08:54.949,0,0,0,0,67301,0,0,0,N,0,0,0,2,68K01,0,,3,9,,N,N,,0,,0,0,0,0,0,,2.0,0,1,0,0,0,0,0,3,4,0,1,3,,N,,,,,,,,,,,
2010032577,9999.0,1,0,0,1,0,0,0,0,0,4,0,,67,3,2010,1,39.9792,-75.1618,1647.0,6,0,0,0,0,0,0,0,0,,0,0,0,99.0,1,1,1,,0,39 58:45.093,,0,75 09:42.531,8,0,0,0,67301,1,0,0,,0,0,0,2,67301,0,,1,1,,,,,0,,0,0,0,9,3,,9999.0,1,2,0,0,1,1,0,3,4,0,1,3,,N,,,,,,,,,,,
2010090067,1819.0,3,0,0,0,0,0,0,0,0,1,0,,67,8,2010,5,40.0076,-75.2019,1810.0,6,0,0,0,0,0,2,0,1,,0,0,0,18.0,1,1,0,,0,40 00:27.514,,2,75 12:06.730,4,0,0,0,67301,0,0,0,N,0,0,0,5,68K01,1,,1,1,,N,N,,0,,0,0,2,0,0,,1810.0,1,5,0,0,0,0,0,3,4,0,5,3,,N,,,,,,,,,,,
2010032822,1842.0,2,0,0,0,0,0,0,0,0,1,0,,67,3,2010,7,39.9101,-75.1633,1837.0,6,0,0,0,0,0,1,0,0,,0,0,0,18.0,3,2,1,,0,39 54:36.252,,2,75 09:48.020,4,0,0,0,67301,0,0,0,N,0,0,0,3,67301,2,,1,1,,N,N,,0,,0,0,0,0,0,,1820.0,2,2,0,0,0,0,0,3,4,0,2,3,,N,,,,,,,,,,,
2010019193,1648.0,1,0,0,0,0,0,0,0,0,7,0,,67,2,2010,7,39.96,-75.1789,1645.0,6,0,0,0,0,0,0,0,0,1.0,0,0,0,16.0,1,1,0,,1,39 57:36.843,4.0,0,75 10:50.474,4,0,0,0,67301,0,0,0,N,0,0,0,2,68K01,1,,2,6,,N,N,,0,,0,0,0,0,0,N,1641.0,1,1,0,0,0,0,0,3,4,0,1,3,,N,,,,,,,,,,,
2010013436,1821.0,2,0,0,0,0,0,0,0,0,1,0,,67,1,2010,1,40.0106,-75.2064,1812.0,6,0,0,1,0,0,0,0,0,2.0,0,0,0,18.0,3,1,0,,2,40 00:37.823,4.0,2,75 12:23.177,4,0,0,0,67301,0,0,0,N,0,0,0,5,68K01,1,,1,9,,N,N,,0,,0,0,0,0,0,N,1811.0,1,2,0,0,0,0,0,3,4,0,2,3,,N,,,,,,,,,,,
2010011525,1802.0,2,0,0,0,0,0,0,0,0,1,0,,67,1,2010,4,40.0528,-75.1956,1747.0,6,0,0,0,0,0,1,0,0,,0,0,0,17.0,2,1,1,,0,40 03:10.159,,0,75 11:44.213,8,0,0,0,67301,0,0,0,,0,0,0,2,67301,0,,1,1,,N,N,,0,,0,0,0,3,2,,1740.0,1,2,0,0,1,1,0,3,4,0,2,3,,N,,,,,,,,,,,
2010014326,1634.0,2,0,0,0,0,0,0,0,0,1,0,,67,1,2010,7,39.957,-75.1552,1634.0,6,0,0,0,0,0,1,0,0,1.0,0,0,0,16.0,1,1,0,,2,39 57:25.145,4.0,0,75 09:18.581,8,0,0,0,67301,0,0,0,N,0,0,0,5,68K01,0,,1,2,,N,N,,0,,0,0,0,0,0,N,1633.0,1,2,0,0,0,1,0,3,4,0,2,10,,N,,,,,,,,,,,
2010021455,1156.0,2,0,0,0,0,0,0,0,0,4,0,,67,1,2010,7,40.0238,-75.1319,1153.0,6,0,0,0,1,0,0,0,0,1.0,0,0,0,11.0,1,0,0,,1,40 01:26.003,3.0,0,75 07:53.787,0,0,0,0,67301,0,0,0,N,0,0,0,1,67301,0,,6,1,,N,N,,0,,0,0,0,0,0,N,1152.0,0,2,0,0,0,0,0,3,4,0,2,3,,N,,,,,,,,,,,
2010021729,2020.0,2,0,0,0,0,0,0,0,0,4,0,,67,1,2010,7,40.066,-75.1439,2017.0,6,0,0,0,0,1,0,0,0,,0,0,0,20.0,3,1,1,,0,40 03:57.539,,0,75 08:38.011,8,0,0,0,67301,0,0,0,N,0,0,0,2,67301,0,,1,2,,N,N,,0,,0,0,0,3,2,,2000.0,1,2,0,0,0,1,0,3,4,0,2,10,,N,,,,,,,,,,,
2010021675,1404.0,1,0,0,0,0,0,0,0,0,1,0,,67,1,2010,5,40.035,-75.025,1357.0,6,0,1,0,0,0,0,0,0,,0,0,0,13.0,1,2,0,,0,40 02:06.134,,0,75 01:30.062,8,0,0,0,67301,0,0,0,,0,0,0,4,67301,0,,1,1,,N,N,,0,,0,0,1,0,0,,1350.0,2,2,0,0,4,2,0,3,4,0,2,3,,N,,,,,,,,,,,
2010117962,1220.0,3,0,0,0,0,0,0,0,0,2,0,,67,10,2010,4,39.933,-75.2383,1218.0,6,0,0,0,0,0,1,0,0,,0,0,0,99.0,1,2,2,,0,39 55:58.791,,0,75 14:17.742,8,0,0,0,67301,0,0,0,N,0,0,0,3,67301,0,,1,9,,N,N,,0,,0,0,0,0,0,,9999.0,2,3,0,0,0,2,1,3,4,0,3,7,,N,,,,,,,,,,,
2010050823,2321.0,3,0,0,0,0,0,0,0,0,4,0,,67,5,2010,7,39.9182,-75.2089,2320.0,6,0,0,0,0,0,0,0,0,,1,0,0,23.0,3,2,2,,0,39 55:05.900,,0,75 12:31.948,1,0,0,0,67301,0,0,0,N,0,0,0,3,67301,0,2.0,1,1,,N,N,,0,0.0,2,0,0,3,2,,2319.0,2,3,0,0,0,0,0,3,4,0,3,3,,N,,,,,,,,,,,
2010048451,1722.0,2,0,0,0,0,0,0,0,0,4,0,,67,4,2010,7,40.0586,-75.1528,1656.0,6,0,0,0,0,0,0,0,0,,0,0,0,16.0,1,0,1,,0,40 03:30.949,,0,75 09:09.932,0,0,0,0,67301,0,0,0,N,0,0,0,3,67301,0,,1,1,,N,N,,0,,0,0,0,3,2,,1610.0,0,2,0,0,0,0,0,3,4,0,2,3,,N,,,,,,,,,,,
2010075077,2018.0,2,0,0,0,0,0,0,0,0,5,0,,67,7,2010,7,,,2018.0,6,0,0,0,0,1,0,0,0,2.0,0,0,0,20.0,1,2,0,,2,,1.0,0,,3,0,0,0,67301,0,0,0,,0,0,0,6,67301,0,,1,1,,,,,0,,1,0,0,0,0,N,2017.0,2,2,0,0,0,1,0,3,3,0,2,3,,N,,,,,,,,,,,
2010064768,1028.0,0,0,0,0,0,0,0,0,0,4,0,,67,5,2010,2,,,1028.0,6,0,0,0,0,0,0,0,0,,0,0,0,99.0,8,1,0,,0,,,0,,8,0,0,1,67301,0,0,0,N,0,0,0,2,67301,0,,1,98,,N,N,,1,,0,0,0,0,0,,9999.0,1,2,0,0,0,1,0,3,3,0,2,99,,N,,,,,,,,,,,
2010074894,959.0,1,0,0,0,0,0,0,0,0,8,0,,67,7,2010,6,39.9562,-75.1627,952.0,6,0,0,0,0,0,0,1,0,,0,0,0,9.0,1,1,1,,0,39 57:22.420,,0,75 09:45.641,4,0,0,0,67301,1,0,0,,1,0,0,2,67301,1,,1,1,,,,,0,,0,0,0,3,2,,952.0,1,2,0,0,0,0,0,3,4,0,1,3,,N,,,,,,,,,,,
2010069872,1747.0,4,0,0,0,0,0,0,0,0,1,0,,67,6,2010,7,40.105,-75.0017,1745.0,6,0,0,0,0,0,1,0,0,2.0,0,0,0,17.0,1,2,1,,2,40 06:17.944,2.0,0,75 00:06.135,4,0,0,0,67301,0,0,0,N,0,0,0,10,67301,2,,1,1,,N,N,,0,,0,0,0,3,2,N,1744.0,2,4,0,0,0,0,0,3,4,0,4,3,,N,,,,,,,,,,,
2010083202,1611.0,1,0,0,0,0,0,0,0,0,8,0,,67,8,2010,5,40.0001,-75.2287,1610.0,6,0,0,0,0,0,1,0,0,,0,0,0,99.0,1,1,2,,0,40 00:00.415,,0,75 13:43.355,8,0,0,0,67301,1,0,0,N,1,0,0,2,46104,0,,1,1,,N,N,,0,,0,0,0,3,2,,9999.0,1,2,0,0,0,1,0,3,4,0,1,3,,N,,,,,,,,,,,
2010062017,1704.0,2,0,0,0,0,0,0,0,0,4,0,,67,5,2010,7,39.9939,-75.0802,1652.0,6,0,0,0,0,0,0,0,0,,0,0,0,16.0,1,0,2,,0,39 59:44.535,,0,75 04:35.831,0,0,0,0,67301,0,0,0,N,0,0,0,2,67301,0,,1,1,,N,N,,0,,0,0,0,3,3,,1635.0,0,2,0,0,0,0,0,3,4,0,2,3,,N,,,,,,,,,,,
2010062034,1650.0,1,0,0,0,0,0,0,0,0,8,0,,67,4,2010,2,39.9939,-75.1545,9999.0,6,0,0,0,0,0,0,0,0,,0,0,0,99.0,1,1,1,,0,39 59:38.150,,0,75 09:16.063,4,0,0,0,67301,1,0,0,N,1,0,0,2,67301,1,,1,1,,N,N,,0,,0,0,0,3,2,,9999.0,1,2,0,0,0,0,0,3,4,0,1,3,,N,,,,,,,,,,,
2010059594,1448.0,2,0,0,0,0,0,0,0,0,4,0,,67,5,2010,3,40.0388,-75.1239,1445.0,6,0,0,0,0,0,1,1,0,,0,0,0,13.0,1,1,1,,0,40 02:19.640,,0,75 07:25.924,4,0,0,0,67301,0,0,0,,0,0,0,2,67301,1,,1,9,,,,,0,,0,0,0,3,3,,1359.0,1,2,0,0,0,0,0,3,4,0,2,7,,N,,,,,,,,,,,
2010105903,1402.0,1,0,0,0,0,0,0,0,0,8,0,,67,9,2010,7,40.0022,-75.1576,1400.0,6,0,0,0,0,0,0,0,0,,0,0,0,13.0,1,1,1,,0,40 00:07.931,,0,75 09:27.517,8,0,0,0,67301,1,0,0,,1,0,0,2,67301,0,,1,1,,,,,0,,0,0,0,3,2,,1335.0,1,2,0,0,0,1,0,3,4,0,1,3,,N,,,,,,,,,,,
2010094127,1158.0,1,0,0,0,0,0,0,0,0,4,0,,67,9,2010,6,40.0189,-75.1834,1154.0,6,0,0,0,0,0,1,0,0,2.0,0,0,0,11.0,1,2,0,,1,40 01:07.932,2.0,0,75 11:00.160,8,0,0,0,67301,0,0,0,,0,0,0,6,67301,0,,1,1,,,,,0,,0,0,0,0,0,N,1135.0,2,2,0,0,0,2,2,3,4,1,2,3,,N,,,,,,,,,,,
2010094165,1615.0,2,0,0,0,0,0,0,0,0,4,0,,67,9,2010,7,39.9205,-75.1598,1615.0,6,0,0,1,0,0,0,0,0,,0,0,0,16.0,1,2,5,,0,39 55:13.818,,0,75 09:35.135,4,0,0,0,67301,0,0,0,,0,0,0,4,67301,2,,1,1,,,,,0,,0,0,0,3,3,,1600.0,2,2,0,0,0,0,0,3,4,0,2,3,,N,,,,,,,,,,,
2010094176,1405.0,1,0,0,0,0,0,0,0,0,4,0,,67,8,2010,1,40.0043,-75.1281,1400.0,6,0,0,0,0,0,0,0,0,,0,0,0,12.0,1,0,1,,0,40 00:15.609,,0,75 07:41.037,9,0,0,0,67301,0,0,0,N,0,0,0,3,67301,0,,1,1,,N,N,,1,,0,0,0,3,2,,1245.0,0,2,0,0,0,0,1,3,4,0,2,3,,N,,,,,,,,,,,
2010094199,2148.0,1,0,0,0,0,0,0,0,0,7,0,,67,8,2010,2,39.9466,-75.246,2138.0,6,0,0,0,0,0,0,0,0,,0,0,0,21.0,3,1,1,,0,39 56:47.640,,0,75 14:45.765,8,0,0,0,67301,0,0,0,N,0,0,0,1,67301,0,,5,9,,N,N,,0,,0,0,0,3,2,,2114.0,1,1,0,0,0,1,0,3,4,0,1,7,,N,,,,,,,,,,,
2010094226,1531.0,0,0,0,0,0,0,0,0,0,4,0,,67,8,2010,7,40.001,-75.148,1524.0,6,0,0,0,0,0,0,0,0,,0,0,0,15.0,1,1,1,,0,40 00:03.604,,0,75 08:53.867,4,0,0,0,67301,0,0,0,N,0,0,0,2,67301,1,,1,1,,N,N,,0,,0,0,2,3,2,,1521.0,1,2,0,0,0,0,0,3,4,0,2,3,,N,,,,,,,,,,,
2010096129,45.0,0,0,0,0,0,0,0,0,0,7,1,,67,10,2010,5,40.0017,-75.0999,35.0,6,0,0,0,0,0,0,0,0,3.0,0,1,0,0.0,3,0,0,,2,40 00:06.136,6.0,1,75 05:59.693,0,0,0,0,67301,0,0,0,N,0,0,0,1,67301,0,,4,1,,N,N,,0,,0,0,0,3,8,Y,1.0,0,1,0,0,0,0,0,3,4,0,1,3,,N,,,,,,,,,,,
2010096464,613.0,2,0,1,0,0,0,0,0,0,0,0,,67,9,2010,7,40.0079,-75.2021,611.0,6,0,0,0,0,0,0,0,0,2.0,0,0,0,6.0,5,1,0,,2,40 00:27.804,3.0,0,75 12:06.189,2,0,0,0,67301,0,0,0,N,0,0,0,2,68K01,0,,2,1,,N,N,,0,,0,1,0,0,0,N,607.0,1,2,0,0,0,0,0,3,4,0,2,3,,N,,,,,,,,,,,
2010113742,833.0,1,0,0,0,0,0,0,0,0,8,0,,67,10,2010,3,39.951,-75.1774,833.0,6,0,0,0,0,0,1,0,0,,0,0,0,8.0,1,1,1,,0,39 57:03.480,,0,75 10:38.219,8,0,0,0,67301,1,0,0,N,1,0,0,2,67301,0,,1,9,,N,N,,0,,0,0,0,3,2,,833.0,1,2,0,0,0,1,0,3,4,0,1,7,,N,,,,,,,,,,,
2010094042,856.0,0,0,0,0,0,0,0,0,0,1,0,,67,9,2010,2,40.0425,-75.0037,853.0,6,0,0,0,0,0,0,0,1,,0,0,0,8.0,1,1,0,,0,40 02:33.247,,0,75 00:13.215,4,0,0,0,67301,0,0,0,N,0,0,0,2,68K01,1,,1,9,,N,N,,0,,0,0,1,0,0,,837.0,1,2,0,0,0,0,0,3,4,1,2,7,,N,,,,,,,,,,,
2010091291,1619.0,1,0,0,0,0,0,0,0,0,1,0,,67,7,2010,2,40.0566,-75.0466,1614.0,6,0,0,0,0,0,0,0,0,1.0,0,0,0,16.0,1,1,1,,1,40 03:23.636,1.0,0,75 02:47.581,4,0,0,0,67301,0,0,0,N,0,0,0,2,67301,1,,1,1,,N,N,,1,,0,0,0,3,2,N,1614.0,1,2,0,0,0,0,0,3,4,0,2,3,,N,,,,,,,,,,,
2010091567,1423.0,2,0,0,0,0,0,0,0,0,1,0,,67,9,2010,2,40.0081,-75.0709,1415.0,6,0,0,0,0,0,0,0,0,,0,0,0,14.0,1,2,0,,0,40 00:29.555,,0,75 04:14.538,8,0,0,0,67301,0,0,0,N,0,0,0,3,68K01,0,,1,1,,N,N,,0,,0,0,0,0,0,,1410.0,2,2,0,0,0,2,0,3,4,0,2,3,,N,,,,,,,,,,,
2010088888,1706.0,1,0,0,0,0,0,0,0,0,8,0,,67,8,2010,1,40.0621,-75.0849,1703.0,6,0,0,0,0,0,0,0,0,,0,0,0,17.0,1,2,0,,0,40 03:43.721,,0,75 05:05.647,4,0,0,0,67301,2,0,0,N,2,0,0,3,67301,1,,1,1,,N,N,,0,,0,0,0,0,0,,1700.0,2,3,0,0,0,1,0,3,4,0,1,3,,N,,,,,,,,,,,
2010088920,1253.0,1,0,0,0,0,0,0,0,0,8,0,,67,8,2010,7,40.0221,-75.0633,1251.0,6,0,0,0,0,0,0,0,0,,0,0,0,12.0,1,1,0,,0,40 01:19.476,,0,75 03:47.718,3,0,0,0,67301,1,0,0,,1,0,0,2,67301,0,,1,1,,N,N,,0,,1,0,0,0,0,,1250.0,1,2,0,0,0,0,0,3,4,0,1,3,,N,,,,,,,,,,,
2010110882,515.0,1,0,0,0,0,0,0,0,0,1,0,,67,10,2010,1,40.0258,-75.1235,500.0,6,0,0,0,0,0,0,0,0,,0,0,0,2.0,3,0,1,,0,40 01:32.799,,0,75 07:24.507,9,0,0,0,67301,0,0,0,N,0,0,0,3,67301,0,,1,1,,N,N,,0,,0,0,0,3,2,,200.0,0,2,0,0,0,0,3,3,4,0,2,3,,N,,,,,,,,,,,
2010011574,1945.0,1,0,0,0,0,0,0,0,0,8,0,,67,1,2010,4,40.0637,-75.0213,1940.0,6,0,0,0,0,0,0,0,0,,0,0,0,19.0,3,1,0,,0,40 03:49.430,,0,75 01:16.765,8,0,0,0,67301,1,0,0,N,1,0,0,2,67301,0,,1,1,,N,N,,0,,0,0,0,0,0,,1930.0,1,2,0,0,0,1,0,3,4,0,1,3,,N,,,,,,,,,,,
2010011617,757.0,2,0,0,0,0,0,0,0,0,4,0,,67,1,2010,2,40.0595,-75.1655,755.0,6,0,0,0,0,0,0,0,0,,0,0,0,7.0,1,0,1,,0,40 03:34.337,,0,75 09:55.640,0,0,0,0,67301,0,0,0,N,0,0,0,2,67301,0,,1,1,,N,N,,0,,0,0,0,3,2,,750.0,0,2,0,0,0,0,0,3,4,0,2,3,,N,,,,,,,,,,,
2010011621,742.0,0,0,0,0,0,0,0,0,0,7,0,,67,1,2010,6,40.0025,-75.1725,741.0,6,0,0,0,0,0,0,0,0,,0,0,0,7.0,1,2,0,,0,40 00:08.901,,0,75 10:20.984,8,0,0,0,67301,0,0,0,,0,0,0,2,67301,0,,4,9,,,,,0,,0,0,1,0,0,,741.0,2,1,0,0,0,2,0,3,4,0,1,3,,N,,,,,,,,,,,
2010040551,1510.0,0,0,0,0,0,0,0,0,0,4,0,,67,3,2010,5,39.9779,-75.1254,1504.0,6,0,0,0,0,0,2,0,0,,0,0,0,15.0,1,1,1,,0,39 58:40.422,,0,75 07:31.292,3,0,0,1,67301,0,0,0,N,0,0,0,2,67301,0,,1,1,,N,N,,1,,1,0,0,3,3,,1502.0,1,2,0,0,0,0,0,3,4,0,2,3,,N,,,,,,,,,,,
2010041103,1037.0,1,0,0,0,0,0,0,0,0,1,0,,67,4,2010,7,40.0073,-75.2006,1029.0,6,0,0,0,0,0,1,0,0,2.0,0,0,0,10.0,1,6,0,,2,40 00:25.610,3.0,0,75 11:59.965,3,0,0,0,67301,0,0,0,N,0,0,0,10,68K01,0,,1,1,,N,N,,0,,1,0,3,0,0,Y,1027.0,6,4,0,0,0,5,0,3,4,0,4,3,,N,,,,,,,,,,,
2010035805,2106.0,1,0,0,0,0,0,0,0,0,1,0,,67,3,2010,4,39.9504,-75.1834,2051.0,6,0,0,0,0,0,1,0,0,1.0,0,0,0,20.0,3,0,0,,1,39 57:04.722,3.0,0,75 10:58.222,0,0,0,0,67301,0,0,0,N,0,0,0,2,68K01,0,,1,1,,N,N,,0,,0,0,0,0,0,N,2044.0,0,2,0,0,0,0,0,3,4,1,2,3,,N,,,,,,,,,,,
2010038711,1440.0,2,0,0,0,0,0,0,0,0,4,0,,67,3,2010,3,40.0339,-75.0743,1421.0,6,0,0,0,0,0,0,1,0,,0,0,0,13.0,1,0,1,,0,40 02:02.039,,0,75 04:27.141,0,0,0,0,67301,0,0,0,,0,0,0,2,67301,0,,1,9,,,,,0,,0,0,0,3,2,,1359.0,0,2,0,0,0,0,0,3,4,0,2,7,,N,,,,,,,,,,,
2010038808,30.0,1,0,0,0,0,0,0,0,0,6,0,,67,3,2010,6,39.9481,-75.1542,24.0,6,0,0,0,0,0,0,0,0,,0,0,0,0.0,3,0,1,,0,39 56:53.161,,0,75 09:15.143,0,0,0,0,67301,0,0,0,,0,0,0,2,67301,0,,1,1,,,,,0,,0,0,1,3,2,,6.0,0,2,0,0,0,0,0,3,4,0,2,3,,N,,,,,,,,,,,
2010122393,1245.0,2,0,0,0,0,0,0,0,0,4,0,,67,11,2010,7,40.1019,-75.0397,1236.0,6,0,0,0,0,0,0,1,0,,0,0,0,12.0,1,1,1,,0,40 06:06.760,,0,75 02:22.992,4,0,0,0,67301,0,0,0,N,0,0,0,6,67301,1,,1,1,,N,N,,0,,0,0,0,3,2,,1236.0,1,2,0,0,0,0,0,3,4,0,2,3,,N,,,,,,,,,,,
2010122624,2242.0,1,0,0,0,0,0,0,0,0,2,0,,67,10,2010,3,39.927,-75.2435,2242.0,6,0,0,0,0,0,0,0,0,3.0,0,0,0,22.0,3,3,5,,2,39 55:37.231,7.0,0,75 14:36.560,8,0,0,0,67301,0,0,0,N,0,0,0,3,67301,0,,1,1,,,,,0,,0,0,1,0,0,Y,2242.0,3,2,0,0,1,3,0,3,4,0,2,3,,N,,,,,,,,,,,
2010122644,1652.0,0,0,0,0,0,0,0,0,0,8,0,,67,11,2010,3,39.939,-75.1763,1651.0,6,0,0,0,0,0,1,0,0,2.0,0,0,0,16.0,4,1,1,,1,39 56:20.551,3.0,0,75 10:34.679,4,0,0,0,67301,1,0,0,N,1,0,0,2,67301,1,,1,9,,N,N,,1,,0,0,0,3,2,N,1649.0,1,2,0,0,0,0,0,3,4,0,1,7,,N,,,,,,,,,,,