CRN,ARRIVAL_TM,AUTOMOBILE_COUNT,BELTED_DEATH_COUNT,BELTED_SUSP_SERIOUS_INJ_COUNT,BICYCLE_COUNT,BICYCLE_DEATH_COUNT,BICYCLE_SUSP_SERIOUS_INJ_COUNT,BUS_COUNT,CHLDPAS_DEATH_COUNT,CHLDPAS_SUSP_SERIOUS_INJ_COUNT,COLLISION_TYPE,COMM_VEH_COUNT,CONS_ZONE_SPD_LIM,COUNTY,CRASH_MONTH,CRASH_YEAR,DAY_OF_WEEK,DEC_LAT,DEC_LONG,DISPATCH_TM,DISTRICT,DRIVER_COUNT_16YR,DRIVER_COUNT_17YR,DRIVER_COUNT_18YR,DRIVER_COUNT_19YR,DRIVER_COUNT_20YR,DRIVER_COUNT_50_64YR,DRIVER_COUNT_65_74YR,DRIVER_COUNT_75PLUS,EST_HRS_CLOSED,FATAL_COUNT,HEAVY_TRUCK_COUNT,HORSE_BUGGY_COUNT,HOUR_OF_DAY,ILLUMINATION,INJURY_COUNT,INTERSECT_TYPE,INTERSECTION_RELATED,LANE_CLOSED,LATITUDE,LN_CLOSE_DIR,LOCATION_TYPE,LONGITUDE,MAX_SEVERITY_LEVEL,MCYCLE_DEATH_COUNT,MCYCLE_SUSP_SERIOUS_INJ_COUNT,MOTORCYCLE_COUNT,MUNICIPALITY,NONMOTR_COUNT,NONMOTR_DEATH_COUNT,NONMOTR_SUSP_SERIOUS_INJ_COUNT,NTFY_HIWY_MAINT,PED_COUNT,PED_DEATH_COUNT,PED_SUSP_SERIOUS_INJ_COUNT,PERSON_COUNT,POLICE_AGCY,POSSIBLE_INJ_COUNT,RDWY_SURF_TYPE_CD,RELATION_TO_ROAD,ROAD_CONDITION,ROADWAY_CLEARED,SCH_BUS_IND,SCH_ZONE_IND,SECONDARY_CRASH,SMALL_TRUCK_COUNT,SPEC_JURIS_CD,SUSP_MINOR_INJ_COUNT,SUSP_SERIOUS_INJ_COUNT,SUV_COUNT,TCD_FUNC_CD,TCD_TYPE,TFC_DETOUR_IND,TIME_OF_DAY,TOT_INJ_COUNT,TOTAL_UNITS,UNB_DEATH_COUNT,UNB_SUSP_SERIOUS_INJ_COUNT,UNBELTED_OCC_COUNT,UNK_INJ_DEG_COUNT,UNK_INJ_PER_COUNT,URBAN_AREA,URBAN_RURAL,VAN_COUNT,VEHICLE_COUNT,WEATHER1,WEATHER2,WORK_ZONE_IND,WORK_ZONE_LOC,WORK_ZONE_TYPE,WORKERS_PRES,WZ_CLOSE_DETOUR,WZ_FLAGGER,WZ_LAW_OFFCR_IND,WZ_LN_CLOSURE,WZ_MOVING,WZ_OTHER,WZ_SHLDER_MDN,WZ_WORKERS_INJ_KILLED
2010119935,1920.0,0,0,0,0,0,0,0,0,0,7,0,,67,11,2010,5,40.0101,-75.0641,1908.0,6,0,0,0,0,0,0,1,0,1.0,0,0,0,19.0,3,0,7,,2,40 00:36.072,2.0,2,75 03:51.018,0,0,0,0,67301,0,0,0,N,0,0,0,1,68K01,0,,7,9,,N,N,,1,,0,0,0,0,0,N,1907.0,0,1,0,0,0,0,0,3,4,0,1,7,,N,,,,,,,,,,,
2010039158,18.0,1,0,0,1,0,0,0,0,0,5,0,,67,3,2010,4,40.0004,-75.1062,10.0,6,0,0,0,0,0,0,0,0,,0,0,0,18.0,1,1,0,,0,40 00:01.392,,0,75 06:22.433,4,0,0,0,67301,1,0,0,N,0,0,0,2,67301,1,,2,1,,N,N,,0,,0,0,0,0,0,,1800.0,1,2,0,0,0,0,0,3,4,0,1,3,,N,,,,,,,,,,,
2010032467,1827.0,0,0,0,0,0,0,0,0,0,8,0,,67,3,2010,5,39.9801,-75.1448,1822.0,6,0,0,0,0,0,0,0,0,,0,0,0,99.0,3,1,0,,0,39 58:48.428,,0,75 08:41.251,8,0,0,0,67301,1,0,0,N,1,0,0,2,67301,0,,1,1,,N,N,,1,,0,0,0,0,0,,9999.0,1,2,0,0,0,1,1,3,4,0,1,3,,N,,,,,,,,,,,
2010032712,2020.0,2,0,0,0,0,0,0,0,0,1,0,,67,3,2010,6,39.9233,-75.2243,2017.0,6,0,0,0,0,0,0,0,0,,0,0,0,19.0,3,2,2,,0,39 55:23.847,,0,75 13:27.433,8,0,0,0,67301,0,0,0,N,0,0,0,3,67301,0,,1,1,,N,N,,0,,0,0,0,0,0,,1945.0,2,2,0,0,0,2,0,3,4,0,2,3,,N,,,,,,,,,,,
2010038313,1825.0,0,0,0,0,0,0,0,0,0,8,0,,67,4,2010,6,39.9406,-75.1648,1823.0,6,0,0,0,0,0,0,0,0,3.0,1,0,0,18.0,1,0,0,,2,39 56:26.240,4.0,0,75 09:53.200,1,0,0,0,67301,1,1,0,N,1,1,0,2,67301,0,2.0,1,1,,N,N,,0,0.0,0,0,1,0,0,Y,1821.0,0,2,0,0,0,0,0,3,4,0,1,3,,N,,,,,,,,,,,
2010017147,2.0,1,0,0,0,0,0,0,0,0,5,0,,67,1,2010,2,40.0012,-75.1247,0.0,6,0,0,0,0,0,0,0,0,,0,0,0,23.0,3,1,0,,0,40 00:04.181,,0,75 07:29.024,4,0,0,0,67301,0,0,0,N,0,0,0,1,67301,1,,1,9,,N,N,,0,,0,0,1,3,2,,2345.0,1,2,0,0,0,0,0,3,4,0,2,7,,N,,,,,,,,,,,
2010021641,305.0,1,0,0,0,0,0,0,0,0,7,0,,67,1,2010,7,39.995,-75.2341,300.0,6,0,0,0,0,0,1,0,0,9.0,0,0,0,3.0,3,0,0,,1,39 59:41.838,3.0,0,75 14:02.612,0,0,0,0,67301,0,0,0,,0,0,0,2,67301,0,,5,1,,N,N,,0,,0,0,0,0,0,Y,300.0,0,1,0,0,0,0,0,3,4,0,1,3,,N,,,,,,,,,,,
2010021720,1112.0,1,0,0,0,0,0,0,0,0,0,0,,67,1,2010,2,40.0812,-75.051,1108.0,6,0,0,0,0,0,0,0,0,2.0,0,0,0,11.0,1,0,0,,2,40 04:52.175,5.0,0,75 03:03.662,0,0,0,0,67301,0,0,0,N,0,0,0,1,67301,0,,1,9,,N,N,,0,,0,0,0,0,0,Y,1103.0,0,1,0,0,0,0,0,3,4,0,1,7,,N,,,,,,,,,,,
2010021717,1730.0,2,0,0,0,0,0,0,0,0,4,0,,67,1,2010,7,39.9789,-75.1473,1726.0,6,0,0,0,0,0,1,0,0,,0,0,0,17.0,3,0,1,,0,39 58:44.040,,0,75 08:50.377,0,0,0,0,67301,0,0,0,N,0,0,0,3,67301,0,,1,1,,N,N,,0,,0,0,0,3,3,,1720.0,0,2,0,0,0,0,0,3,4,0,2,3,,N,,,,,,,,,,,
2010021867,810.0,2,0,0,0,0,0,0,0,0,1,0,,67,1,2010,5,40.0711,-75.0112,805.0,6,0,0,0,0,0,0,0,0,,0,0,0,7.0,1,1,0,,0,40 04:16.027,,0,75 00:40.357,8,0,0,0,67301,0,0,0,,0,0,0,2,67301,0,,1,1,,,,,0,,0,0,0,3,2,,753.0,1,2,0,0,1,1,0,3,4,0,2,3,,N,,,,,,,,,,,
2010094724,1625.0,1,0,0,0,0,0,0,0,0,7,0,,67,9,2010,1,40.0111,-75.0619,1616.0,6,0,0,0,0,0,0,0,0,1.0,0,0,0,16.0,1,1,0,,2,40 00:39.706,2.0,0,75 03:43.150,8,0,0,0,67301,0,0,0,Y,0,0,0,1,68K01,0,,3,1,,N,N,,0,,0,0,0,0,0,N,1614.0,1,1,0,0,0,1,0,3,4,0,1,3,,N,,,,,,,,,,,
2010117972,40.0,1,0,0,0,0,0,0,0,0,7,0,,67,10,2010,1,39.9245,-75.1467,38.0,6,0,0,0,0,0,0,0,0,,0,0,0,0.0,3,1,0,,0,39 55:28.340,,0,75 08:48.268,4,0,0,0,67301,0,0,0,N,0,0,0,1,67301,1,,2,1,,N,N,,0,,0,0,0,0,0,,33.0,1,1,0,0,0,0,0,3,4,0,1,3,,N,,,,,,,,,,,
2010117991,10.0,1,0,0,0,0,0,0,0,0,1,0,,67,10,2010,1,40.0246,-75.1306,5.0,6,0,0,0,0,0,0,0,0,2.0,0,0,0,0.0,3,1,1,,2,40 01:28.408,3.0,0,75 07:50.218,4,0,0,0,67301,0,0,0,N,0,0,0,3,67301,1,,1,1,,N,N,,0,,0,0,1,3,2,Y,0.0,1,2,0,0,0,0,0,3,4,0,2,3,,N,,,,,,,,,,,
2010074983,1806.0,2,0,0,0,0,0,0,0,0,1,0,,67,7,2010,6,40.0314,-75.1548,1806.0,6,0,0,0,0,0,0,0,0,,0,0,0,16.0,1,1,1,,0,40 01:53.151,,0,75 09:17.114,4,0,0,0,67301,0,0,0,N,0,0,0,3,67301,1,,1,9,,N,N,,1,,0,0,0,3,2,,1642.0,1,3,0,0,0,0,0,3,4,0,3,7,,N,,,,,,,,,,,
2010074996,1645.0,1,0,0,0,0,0,0,0,0,1,0,,67,7,2010,4,40.0274,-75.111,1638.0,6,0,0,0,0,0,0,0,1,,0,0,0,16.0,1,1,0,,0,40 01:38.645,,6,75 06:39.571,8,0,0,0,67301,0,0,0,N,0,0,0,2,67301,0,,1,1,,N,N,,0,,0,0,1,0,0,,1630.0,1,2,0,0,0,1,0,3,4,0,2,3,,N,,,,,,,,,,,
2010075059,1219.0,1,0,0,0,0,0,0,0,0,8,0,,67,7,2010,5,40.0305,-75.1182,1217.0,6,0,0,0,0,0,0,0,0,,0,0,0,12.0,1,1,1,,0,40 01:49.919,,0,75 07:05.462,4,0,0,0,67301,1,0,0,N,1,0,0,2,67301,1,,1,1,,N,N,,0,,0,0,0,3,2,,1217.0,1,2,0,0,0,0,0,3,4,0,1,3,,N,,,,,,,,,,,
2010075123,1014.0,2,0,0,0,0,0,0,0,0,4,0,,67,7,2010,3,40.0379,-75.1302,736.0,6,0,0,0,0,0,0,0,0,,0,0,0,7.0,1,1,1,,0,40 02:16.612,,0,75 07:48.705,8,0,0,0,67301,0,0,0,N,0,0,0,3,67301,0,,1,9,,N,N,,0,,0,0,0,3,2,,730.0,1,2,0,0,0,1,0,3,4,0,2,7,,N,,,,,,,,,,,
2010105895,805.0,2,0,0,0,0,0,0,0,0,4,0,,67,9,2010,5,39.9451,-75.1685,800.0,6,0,0,0,0,0,0,0,0,,0,0,0,7.0,1,0,2,,0,39 56:42.255,,0,75 10:06.725,0,0,0,0,67301,0,0,0,,0,0,0,2,67301,0,,1,1,,N,N,,0,,0,0,1,3,2,,750.0,0,3,0,0,0,0,0,3,4,0,3,3,,N,,,,,,,,,,,
2010103947,1705.0,2,0,0,0,0,0,0,0,0,4,0,,67,9,2010,5,40.025,-75.079,1700.0,6,0,0,0,0,0,0,0,0,,0,0,0,99.0,1,2,1,,0,40 01:29.863,,0,75 04:44.439,8,0,0,0,67301,0,0,0,,0,0,0,3,67301,0,,1,9,,,,,0,,0,0,0,3,2,,9999.0,2,2,0,0,0,2,0,3,4,0,2,7,,N,,,,,,,,,,,
2010089111,301.0,3,0,0,0,0,0,0,0,0,5,0,,67,8,2010,1,40.0466,-75.1283,259.0,6,0,0,0,0,0,1,0,0,2.0,0,0,0,2.0,3,0,0,,1,40 02:47.688,2.0,0,75 07:41.772,9,0,0,0,67301,0,0,0,N,0,0,0,2,67301,0,,1,1,,N,N,,0,,0,0,0,3,2,N,250.0,0,3,0,0,0,0,1,3,4,0,3,3,,N,,,,,,,,,,,
2010113646,120.0,0,0,0,0,0,0,0,0,0,8,0,,67,10,2010,1,40.054,-75.009,116.0,6,0,0,0,0,0,0,0,0,,0,0,0,1.0,3,1,0,,0,40 03:14.226,,0,75 00:32.314,4,0,0,0,67301,1,0,0,N,1,0,0,2,67301,1,,1,1,,N,N,,0,,0,0,0,0,0,,110.0,1,2,0,0,0,0,0,3,4,0,1,3,,N,,,,,,,,,,,
2010094160,1945.0,0,0,0,0,0,0,0,0,0,8,0,,67,8,2010,6,39.941,-75.159,1940.0,6,0,0,0,0,0,1,0,0,,0,0,0,19.0,4,1,1,,0,39 56:27.441,,0,75 09:32.504,8,0,0,0,67301,1,0,0,,1,0,0,2,67301,0,,1,1,,,,,0,,0,0,1,3,3,,1903.0,1,2,0,0,0,1,0,3,4,0,1,3,,N,,,,,,,,,,,
2010094170,1800.0,1,0,0,0,0,0,0,0,0,1,0,,67,8,2010,2,40.0425,-75.1803,1755.0,6,0,0,0,0,0,1,0,0,,0,0,0,17.0,1,1,0,,0,40 02:32.946,,0,75 10:48.989,8,0,0,0,67301,0,0,0,,0,0,0,3,67301,0,,1,9,,,,,0,,0,0,1,0,0,,1755.0,1,2,0,0,0,1,0,3,4,0,2,7,,N,,,,,,,,,,,
2010094202,2200.0,1,0,0,0,0,0,0,0,0,7,0,,67,9,2010,5,39.9249,-75.1545,2000.0,6,0,0,0,0,0,0,0,0,,0,0,0,21.0,3,1,1,,0,39 55:29.686,,0,75 09:16.322,2,0,0,0,67301,0,0,0,N,0,0,0,1,67301,0,,5,1,,N,N,,0,,0,1,0,3,3,,2155.0,1,1,0,1,1,0,0,3,4,0,1,3,,N,,,,,,,,,,,
2010094272,1140.0,0,0,0,0,0,0,0,0,0,8,0,,67,9,2010,5,40.0571,-75.129,1133.0,6,0,0,0,0,0,0,0,0,,0,0,0,11.0,1,1,1,,0,40 03:25.389,,0,75 07:44.583,8,0,0,0,67301,1,0,0,N,1,0,0,2,67301,0,,1,1,,N,N,,0,,0,0,1,3,2,,1115.0,1,2,0,0,0,1,0,3,4,0,1,3,,N,,,,,,,,,,,
2010094274,800.0,5,0,0,0,0,0,0,0,0,5,0,,67,8,2010,7,39.9897,-75.2488,756.0,6,0,0,0,1,0,0,0,0,,0,0,0,7.0,1,0,0,,0,39 59:22.948,,0,75 14:55.842,0,0,0,0,67301,0,0,0,N,0,0,0,2,67301,0,,1,1,,N,N,,0,,0,0,0,0,0,,730.0,0,5,0,0,0,0,0,3,4,0,5,3,,N,,,,,,,,,,,
2010094287,1235.0,1,0,0,0,0,0,0,0,0,1,0,,67,8,2010,4,39.9951,-75.1632,1235.0,6,0,0,0,0,0,2,0,0,,0,0,0,12.0,1,2,1,,0,39 59:42.186,,0,75 09:47.474,4,0,0,0,67301,0,0,0,,0,0,0,5,67301,2,,1,1,,N,N,,0,,0,0,1,3,2,,1230.0,2,3,0,0,5,0,0,3,4,1,3,3,,N,,,,,,,,,,,
2010113721,930.0,2,0,0,0,0,0,0,0,0,1,0,,67,10,2010,6,39.9617,-75.1561,920.0,6,0,0,0,0,0,0,0,0,,0,0,0,9.0,1,2,1,,0,39 57:41.990,,0,75 09:21.974,8,0,0,0,67301,0,0,0,N,0,0,0,6,67301,0,,1,1,,N,N,,0,,0,0,0,3,2,,920.0,2,2,0,0,0,2,0,3,4,0,2,3,,N,,,,,,,,,,,
2010091452,2220.0,1,0,0,0,0,0,0,0,0,7,0,99.0,67,8,2010,1,40.1063,-74.9947,2208.0,6,0,0,0,0,0,0,0,0,,0,0,0,22.0,3,0,7,,0,40 06:22.716,,2,74 59:40.944,9,0,0,0,67301,0,0,0,N,0,0,0,1,67301,0,,7,1,,N,N,,0,,0,0,0,0,0,,2205.0,0,1,0,0,0,0,1,3,4,0,1,3,,Y,8.0,8.0,U,U,U,U,U,U,U,U,
2010093742,2100.0,1,0,0,0,0,0,0,0,0,8,0,,67,8,2010,2,39.9711,-75.2288,2045.0,6,0,0,0,0,0,0,0,0,,0,0,0,16.0,1,1,1,,0,39 58:16.003,,0,75 13:43.507,4,0,0,0,67301,1,0,0,,1,0,0,2,67301,1,,1,9,,,,,0,,0,0,0,3,2,,1615.0,1,2,0,0,0,0,0,3,4,0,1,7,,N,,,,,,,,,,,
2010094094,1744.0,0,0,0,0,0,0,0,0,0,8,0,,67,8,2010,6,39.9593,-75.2044,1740.0,6,0,0,0,0,0,0,0,0,,0,0,0,99.0,1,1,0,,0,39 57:33.623,,0,75 12:15.969,4,0,0,0,67301,1,0,0,,1,0,0,2,67301,1,,1,1,,,,,0,,0,0,0,0,0,,9999.0,1,2,0,0,0,0,0,3,4,1,1,3,,N,,,,,,,,,,,
2010088936,1248.0,2,0,0,0,0,0,0,0,0,4,0,,67,8,2010,1,39.9855,-75.2482,1247.0,6,0,0,0,0,0,0,0,0,,0,0,0,12.0,1,1,1,,0,39 59:07.645,,0,75 14:53.388,4,0,0,0,67301,0,0,0,N,0,0,0,2,67301,1,,1,1,,N,N,,0,,0,0,0,3,2,,1220.0,1,2,0,0,0,0,0,3,4,0,2,3,,N,,,,,,,,,,,
2010088943,922.0,2,0,0,0,0,0,0,0,0,4,0,,67,8,2010,6,39.9627,-75.2471,920.0,6,0,0,0,0,0,0,0,1,1.0,0,0,0,9.0,1,2,1,,1,39 57:45.766,1.0,0,75 14:48.166,4,0,0,0,67301,0,0,0,N,0,0,0,3,67301,2,,1,1,,N,N,,0,,0,0,0,3,2,Y,918.0,2,2,0,0,0,0,0,3,4,0,2,3,,N,,,,,,,,,,,
2010011643,855.0,2,0,0,0,0,0,0,0,0,5,0,,67,1,2010,2,40.0591,-75.1646,848.0,6,0,0,0,0,0,0,0,0,,0,0,0,8.0,1,0,2,,0,40 03:32.594,,0,75 09:52.598,0,0,0,0,67301,0,0,0,N,0,0,0,5,67301,0,,1,1,,N,N,,0,,0,0,0,3,3,,825.0,0,2,0,0,0,0,0,3,4,0,2,3,,N,,,,,,,,,,,
2010085373,1408.0,2,0,0,0,0,0,0,0,0,4,0,,67,7,2010,7,39.9977,-75.1515,1407.0,6,0,0,0,0,0,1,0,0,,0,0,0,99.0,1,1,2,,0,39 59:51.770,,0,75 09:05.425,4,0,0,0,67301,0,0,0,,0,0,0,3,67301,1,,1,1,,,,,0,,0,0,0,3,3,,9999.0,1,2,0,0,0,0,0,3,4,0,2,3,,N,,,,,,,,,,,
2010038629,905.0,1,0,0,1,0,0,0,0,0,5,0,,67,3,2010,6,39.9505,-75.1929,905.0,6,0,0,0,0,0,0,0,0,,0,0,0,9.0,1,1,0,,0,39 57:01.760,,0,75 11:34.267,3,0,0,0,67301,1,0,0,N,0,0,0,3,67504,0,,1,1,,N,N,,0,,1,0,0,0,0,,905.0,1,2,0,0,0,0,0,3,4,0,1,3,,N,,,,,,,,,,,
2010035804,355.0,1,0,0,0,0,0,0,0,0,7,0,,67,3,2010,4,39.9748,-75.1942,351.0,6,0,0,0,0,0,0,0,0,,0,0,0,3.0,3,2,0,,0,39 58:33.625,,0,75 11:42.104,4,0,0,0,67301,0,0,0,N,0,0,0,2,68K01,2,,2,9,,N,N,,0,,0,0,0,0,0,,347.0,2,1,0,0,0,0,0,3,4,0,1,7,,N,,,,,,,,,,,
2010122377,1722.0,2,0,0,0,0,0,0,0,0,5,0,,67,11,2010,5,39.9872,-75.1754,1718.0,6,0,0,0,0,0,0,0,1,,0,0,0,17.0,3,1,1,,0,39 59:13.808,,0,75 10:31.490,8,0,0,0,67301,0,0,0,N,0,0,0,2,67301,0,,1,1,,N,N,,0,,0,0,0,3,3,,1717.0,1,2,0,0,0,1,0,3,4,0,2,3,,N,,,,,,,,,,,
2010122391,224.0,2,0,0,0,0,0,0,0,0,1,0,,67,11,2010,7,39.9581,-75.2222,220.0,6,0,0,0,0,0,0,0,0,,0,0,0,2.0,3,1,0,,0,39 57:29.222,,0,75 13:19.946,8,0,0,0,67301,0,0,0,N,0,0,0,2,67301,0,,1,1,,N,N,,0,,0,0,0,0,0,,219.0,1,2,0,0,0,1,0,3,4,0,2,3,,N,,,,,,,,,,,
2010038724,1549.0,0,0,0,0,0,0,1,0,0,4,1,,67,3,2010,3,39.9229,-75.1581,1543.0,6,0,0,0,0,0,0,0,0,,0,0,0,15.0,1,1,1,,0,39 55:22.383,,0,75 09:29.172,8,0,0,1,67301,0,0,0,,0,0,0,11,67301,0,,1,1,,Y,,,0,,0,0,0,3,2,,1540.0,1,2,0,0,0,1,0,3,4,0,2,3,,N,,,,,,,,,,,
2010122501,1028.0,0,0,0,0,0,0,0,0,0,4,0,,67,11,2010,6,39.9908,-75.1309,1019.0,6,0,0,0,0,0,1,0,0,,0,0,0,10.0,1,2,1,,0,39 59:27.376,,0,75 07:51.301,8,0,0,0,67301,0,0,0,,0,0,0,4,67301,0,,1,1,,N,,,0,,0,0,1,3,2,,1015.0,2,2,0,0,0,2,0,3,4,1,2,3,,N,,,,,,,,,,,
2010122507,250.0,2,0,0,0,0,0,0,0,0,6,0,,67,11,2010,7,40.0237,-75.116,246.0,6,0,0,0,0,0,0,0,0,,0,0,0,1.0,3,1,1,,0,40 01:25.190,,0,75 06:57.473,4,0,0,0,67301,0,0,0,N,0,0,0,3,67301,1,,1,1,,N,N,,0,,0,0,0,3,3,,146.0,1,2,0,0,0,0,1,3,4,0,2,3,,N,,,,,,,,,,,
2010038753,1035.0,2,0,0,0,0,0,0,0,0,5,0,,67,3,2010,7,40.0582,-75.0156,1025.0,6,0,0,0,0,0,0,0,0,,0,0,0,10.0,1,1,0,,0,40 03:29.348,,0,75 00:56.096,4,0,0,0,67301,2,0,0,,0,0,0,4,67301,1,,1,1,,N,,,1,,0,0,1,0,0,,1015.0,1,4,0,0,0,0,0,3,4,0,4,3,,N,,,,,,,,,,,
2010122576,2056.0,0,0,0,0,0,0,0,0,0,3,1,,67,11,2010,5,40.0854,-75.02,2051.0,6,0,0,0,0,0,0,0,0,,0,1,0,19.0,3,1,0,,0,40 05:07.389,,7,75 01:12.090,4,0,0,0,67301,0,0,0,,0,0,0,2,67301,1,,1,9,,N,N,,1,,0,0,0,0,0,,1929.0,1,2,0,0,0,0,0,3,4,0,2,7,,N,,,,,,,,,,,
2010122588,143.0,1,0,0,0,0,0,0,0,0,1,0,,67,11,2010,1,40.0101,-75.079,140.0,6,0,0,0,0,0,0,0,0,,0,0,0,1.0,3,0,0,,0,40 00:36.371,,0,75 04:44.241,0,0,0,0,67301,0,0,0,,0,0,0,1,67301,0,,1,1,,,,,0,,0,0,3,0,0,,120.0,0,4,0,0,0,0,0,3,4,0,4,3,,N,,,,,,,,,,,
2010039218,1958.0,1,0,0,0,0,0,0,0,0,8,0,,67,3,2010,1,39.99,-75.1172,1958.0,6,0,0,0,0,0,0,0,0,,0,0,0,19.0,3,1,0,,0,39 59:23.815,,0,75 07:01.958,3,0,0,0,67301,1,0,0,,1,0,0,2,67301,0,,1,1,,,,,0,,1,0,0,0,0,,1958.0,1,2,0,0,0,0,0,3,4,0,1,3,,N,,,,,,,,,,,
2010039304,138.0,1,0,0,0,0,0,0,0,0,4,0,,67,3,2010,3,40.0242,-75.0955,135.0,6,0,0,0,1,0,0,0,0,,0,0,0,1.0,3,1,1,,0,40 01:27.102,,0,75 05:43.897,8,0,0,0,67301,0,0,0,N,0,0,0,3,67301,0,,1,9,,N,N,,0,,0,0,0,3,2,,130.0,1,2,0,0,0,1,0,3,4,1,2,7,,N,,,,,,,,,,,
2010039312,1925.0,2,0,0,1,0,0,0,0,0,4,0,,67,3,2010,4,39.9768,-75.1965,1921.0,6,0,0,0,0,0,0,0,0,1.0,0,0,0,19.0,3,2,0,,1,39 58:36.447,5.0,0,75 11:47.562,8,0,0,0,67301,1,0,0,N,0,0,0,4,67301,0,,1,1,,N,N,,0,,0,0,0,0,0,N,1921.0,2,3,0,0,0,2,0,3,4,0,2,3,,N,,,,,,,,,,,
2010115226,655.0,0,0,0,0,0,0,0,0,0,7,1,,67,11,2010,4,39.9771,-75.1121,635.0,6,0,0,0,0,0,0,0,0,4.0,0,1,0,6.0,1,0,0,,2,39 58:38.435,5.0,1,75 06:43.664,0,0,0,0,67301,0,0,0,N,0,0,0,1,67301,0,,5,9,,N,N,,0,,0,0,0,3,8,Y,630.0,0,1,0,0,0,0,0,3,4,0,1,7,5.0,N,,,,,,,,,,,
2010090111,1823.0,2,0,0,0,0,0,0,0,0,4,0,,67,8,2010,4,39.9576,-75.1457,1816.0,6,0,0,0,0,0,0,0,0,,0,0,0,18.0,1,1,1,,0,39 57:27.432,,0,75 08:44.473,4,0,0,0,67301,0,0,0,N,0,0,0,2,67301,1,,1,1,,N,N,,0,,0,0,0,3,2,,1814.0,1,2,0,0,0,0,0,3,4,0,2,3,,N,,,,,,,,,,,
2010032464,1740.0,1,0,0,0,0,0,0,0,0,8,0,,67,2,2010,5,40.0278,-75.0601,1735.0,6,0,0,0,0,0,1,0,0,,0,0,0,17.0,4,2,1,,0,40 01:40.042,,0,75 03:36.277,3,0,0,0,67301,2,0,0,,2,0,0,3,67301,0,,1,9,,,,,0,,2,0,0,3,2,,1725.0,2,3,0,0,0,0,1,3,4,0,1,10,,N,,,,,,,,,,,
2010032632,1940.0,0,0,0,0,0,0,0,0,0,4,0,,67,3,2010,6,40.0205,-75.0873,1935.0,6,0,0,0,0,0,1,0,0,,0,0,0,19.0,3,3,1,,0,40 01:13.828,,0,75 05:14.243,4,0,0,0,67301,0,0,0,N,0,0,0,4,67301,3,,1,9,,N,N,,0,,0,0,0,3,3,,1930.0,3,2,0,0,0,0,0,3,4,2,2,7,,N,,,,,,,,,,,
2010035702,1831.0,1,0,0,0,0,0,0,0,0,8,0,,67,3,2010,6,40.058,-75.078,1827.0,6,0,0,0,0,0,0,0,1,,1,0,0,18.0,3,0,0,,0,40 03:28.809,,0,75 04:40.635,1,0,0,0,67301,1,1,0,,1,1,0,3,67301,0,2.0,1,1,,,,,0,0.0,0,0,0,0,0,,1823.0,0,2,0,0,0,0,0,3,4,0,1,3,,N,,,,,,,,,,,
2010015860,1923.0,2,0,0,0,0,0,0,0,0,1,0,,67,1,2010,1,39.9271,-75.1952,1916.0,6,0,0,0,0,0,1,0,0,,0,0,0,19.0,3,3,0,,0,39 55:39.301,,0,75 11:44.585,8,0,0,0,67301,0,0,0,N,0,0,0,6,68K01,0,,1,1,,N,N,,0,,0,0,0,0,0,,1915.0,3,2,0,0,0,3,0,3,4,0,2,3,,N,,,,,,,,,,,
2010019054,621.0,0,0,0,0,0,0,0,0,0,7,0,,67,2,2010,6,39.9975,-75.0831,618.0,6,0,0,0,0,0,0,0,0,,0,0,0,6.0,1,0,0,,0,39 59:50.801,,2,75 05:00.358,0,0,0,0,67301,0,0,0,N,0,0,0,1,67501,0,,3,2,,N,N,,1,,0,0,0,0,0,,618.0,0,1,0,0,0,0,0,3,4,0,1,3,,N,,,,,,,,,,,
2010016798,1446.0,1,0,0,0,0,0,0,0,0,1,0,,67,2,2010,5,39.9788,-75.203,1439.0,6,0,0,0,0,0,2,1,0,,0,0,0,14.0,1,0,3,,0,39 58:50.996,,2,75 12:22.007,0,0,0,0,67301,0,0,0,N,0,0,0,5,68K01,0,,1,1,,N,N,,0,,0,0,2,0,0,,1435.0,0,3,0,0,0,0,0,3,4,0,3,3,,N,,,,,,,,,,,
2010017137,357.0,2,0,0,0,0,0,0,0,0,2,0,,67,1,2010,7,40.07,-75.07,356.0,6,0,0,0,0,0,0,0,0,,0,0,0,3.0,3,0,0,,0,40 04:12.005,,0,75 04:11.897,0,0,0,0,67301,0,0,0,N,0,0,0,1,67301,0,,6,1,,N,N,,0,,0,0,0,0,0,,355.0,0,2,0,0,0,0,0,3,4,0,2,3,,N,,,,,,,,,,,
2010014320,1716.0,0,0,0,0,0,0,0,0,0,1,0,,67,1,2010,5,39.9839,-75.0967,1702.0,6,0,0,0,0,0,1,0,0,,0,0,0,16.0,4,1,0,,0,39 59:02.225,,0,75 05:47.667,8,0,0,0,67301,0,0,0,N,0,0,0,2,68K01,0,,1,1,,N,N,,1,,0,0,1,0,0,,1659.0,1,2,0,0,0,1,0,3,4,0,2,3,,N,,,,,,,,,,,
2010017171,1517.0,1,0,0,0,0,0,0,0,0,8,0,,67,1,2010,2,40.0477,-75.0598,1515.0,6,0,0,0,0,0,0,0,0,,0,0,0,15.0,1,1,0,,0,40 02:51.538,,0,75 03:35.109,4,0,0,0,67301,1,0,0,,1,0,0,2,67301,1,,1,1,,,,,0,,0,0,0,0,0,,1515.0,1,2,0,0,0,0,0,3,4,0,1,3,,N,,,,,,,,,,,