CRN,ARRIVAL_TM,AUTOMOBILE_COUNT,BELTED_DEATH_COUNT,BELTED_SUSP_SERIOUS_INJ_COUNT,BICYCLE_COUNT,BICYCLE_DEATH_COUNT,BICYCLE_SUSP_SERIOUS_INJ_COUNT,BUS_COUNT,CHLDPAS_DEATH_COUNT,CHLDPAS_SUSP_SERIOUS_INJ_COUNT,COLLISION_TYPE,COMM_VEH_COUNT,CONS_ZONE_SPD_LIM,COUNTY,CRASH_MONTH,CRASH_YEAR,DAY_OF_WEEK,DEC_LAT,DEC_LONG,DISPATCH_TM,DISTRICT,DRIVER_COUNT_16YR,DRIVER_COUNT_17YR,DRIVER_COUNT_18YR,DRIVER_COUNT_19YR,DRIVER_COUNT_20YR,DRIVER_COUNT_50_64YR,DRIVER_COUNT_65_74YR,DRIVER_COUNT_75PLUS,EST_HRS_CLOSED,FATAL_COUNT,HEAVY_TRUCK_COUNT,HORSE_BUGGY_COUNT,HOUR_OF_DAY,ILLUMINATION,INJURY_COUNT,INTERSECT_TYPE,INTERSECTION_RELATED,LANE_CLOSED,LATITUDE,LN_CLOSE_DIR,LOCATION_TYPE,LONGITUDE,MAX_SEVERITY_LEVEL,MCYCLE_DEATH_COUNT,MCYCLE_SUSP_SERIOUS_INJ_COUNT,MOTORCYCLE_COUNT,MUNICIPALITY,NONMOTR_COUNT,NONMOTR_DEATH_COUNT,NONMOTR_SUSP_SERIOUS_INJ_COUNT,NTFY_HIWY_MAINT,PED_COUNT,PED_DEATH_COUNT,PED_SUSP_SERIOUS_INJ_COUNT,PERSON_COUNT,POLICE_AGCY,POSSIBLE_INJ_COUNT,RDWY_SURF_TYPE_CD,RELATION_TO_ROAD,ROAD_CONDITION,ROADWAY_CLEARED,SCH_BUS_IND,SCH_ZONE_IND,SECONDARY_CRASH,SMALL_TRUCK_COUNT,SPEC_JURIS_CD,SUSP_MINOR_INJ_COUNT,SUSP_SERIOUS_INJ_COUNT,SUV_COUNT,TCD_FUNC_CD,TCD_TYPE,TFC_DETOUR_IND,TIME_OF_DAY,TOT_INJ_COUNT,TOTAL_UNITS,UNB_DEATH_COUNT,UNB_SUSP_SERIOUS_INJ_COUNT,UNBELTED_OCC_COUNT,UNK_INJ_DEG_COUNT,UNK_INJ_PER_COUNT,URBAN_AREA,URBAN_RURAL,VAN_COUNT,VEHICLE_COUNT,WEATHER1,WEATHER2,WORK_ZONE_IND,WORK_ZONE_LOC,WORK_ZONE_TYPE,WORKERS_PRES,WZ_CLOSE_DETOUR,WZ_FLAGGER,WZ_LAW_OFFCR_IND,WZ_LN_CLOSURE,WZ_MOVING,WZ_OTHER,WZ_SHLDER_MDN,WZ_WORKERS_INJ_KILLED
2010017235,830.0,2,0,0,0,0,0,0,0,0,4,0,,67,1,2010,6,40.1324,-75.0092,820.0,6,0,0,0,0,0,0,0,0,,0,0,0,8.0,1,1,0,,0,40 07:56.568,,0,75 00:32.770,8,0,0,0,67301,0,0,0,,0,0,0,3,67301,0,,1,1,,,,,0,,0,0,0,0,0,,820.0,1,2,0,0,0,1,0,3,4,0,2,3,,N,,,,,,,,,,,
2010103931,1415.0,1,0,0,1,0,0,0,0,0,4,0,,67,9,2010,7,39.9612,-75.1748,1410.0,6,0,0,0,0,0,0,0,0,,0,0,0,14.0,1,1,1,,0,39 57:40.918,,0,75 10:30.472,4,0,0,0,67301,1,0,0,,0,0,0,2,67301,1,,1,1,,,,,0,,0,0,0,3,2,,1405.0,1,2,0,0,0,0,0,3,4,0,1,3,,N,,,,,,,,,,,
2010094130,1610.0,2,0,0,0,0,0,0,0,0,1,0,,67,8,2010,7,40.0223,-75.1307,1608.0,6,0,0,0,0,0,0,0,0,,0,0,0,16.0,1,1,1,,0,40 01:20.398,,0,75 07:50.350,4,0,0,0,67301,0,0,0,,0,0,0,3,67301,1,,1,1,,,,,0,,0,0,0,3,3,,1600.0,1,2,0,0,1,0,0,3,4,0,2,3,,N,,,,,,,,,,,
2010113624,9999.0,1,0,0,0,0,0,0,0,0,1,0,,67,10,2010,4,39.9968,-75.1164,2150.0,6,0,0,0,0,0,0,0,0,,0,0,0,99.0,3,1,0,,0,39 59:48.601,,0,75 06:58.923,8,0,0,0,67301,0,0,0,,0,0,0,1,67301,0,,1,1,,N,N,,1,,0,0,1,0,0,,9999.0,1,3,0,0,0,1,0,3,4,0,3,3,,N,,,,,,,,,,,
2010094149,9999.0,2,0,0,0,0,0,0,0,0,1,0,,67,9,2010,7,39.9803,-75.1575,9999.0,6,0,0,0,0,0,1,0,0,,0,0,0,99.0,1,1,0,,0,39 58:48.962,,0,75 09:26.842,4,0,0,0,67301,0,0,0,,0,0,0,4,67301,1,,1,1,,,,,0,,0,0,0,3,2,,9999.0,1,2,0,0,0,0,1,3,4,0,2,3,,N,,,,,,,,,,,
2010094192,833.0,0,0,0,1,0,0,0,0,0,4,0,,67,9,2010,4,39.9636,-75.171,821.0,6,0,0,0,0,0,0,0,0,,0,0,0,8.0,1,1,1,,0,39 57:48.926,,0,75 10:15.586,4,0,0,0,67301,1,0,0,N,0,0,0,3,67301,1,,1,1,,N,N,,1,,0,0,0,3,2,,817.0,1,2,0,0,0,0,0,3,4,0,1,3,,N,,,,,,,,,,,
2010094194,1750.0,0,0,0,0,0,0,0,0,0,8,0,,67,8,2010,2,40.0332,-75.1044,1742.0,6,0,0,0,0,0,0,0,0,,0,0,0,17.0,1,1,0,,0,40 01:59.699,,0,75 06:15.807,4,0,0,0,67301,1,0,0,N,1,0,0,2,67301,1,,1,1,,N,N,,0,,0,0,0,0,0,,1729.0,1,2,0,0,0,0,1,3,4,1,1,3,,N,,,,,,,,,,,
2010096502,9999.0,1,0,0,0,0,0,0,0,0,6,0,,67,9,2010,6,40.0369,-75.1447,9999.0,6,0,0,0,0,0,0,0,0,2.0,0,0,0,99.0,3,3,1,,2,40 02:12.931,7.0,0,75 08:40.766,4,0,0,0,67301,0,0,0,N,0,0,0,4,67301,3,,1,1,,N,N,,0,,0,0,0,3,3,Y,9999.0,3,2,0,0,1,0,0,3,4,1,2,3,,N,,,,,,,,,,,
2010093691,1250.0,1,0,0,0,0,0,0,0,0,8,0,,67,9,2010,6,39.9863,-75.1561,1247.0,6,0,0,0,0,0,0,0,0,,0,0,0,11.0,1,1,1,,0,39 59:10.572,,0,75 09:22.129,4,0,0,0,67301,1,0,0,,1,0,0,2,67301,1,,1,1,,,,,0,,0,0,0,3,2,,1140.0,1,2,0,0,0,0,0,3,4,0,1,3,,N,,,,,,,,,,,
2010094085,1006.0,1,0,0,0,0,0,0,0,0,4,0,,67,9,2010,4,40.0849,-75.0364,1004.0,6,0,0,0,0,0,0,0,0,9.0,0,0,0,99.0,1,0,0,,1,40 05:05.652,3.0,7,75 02:11.177,0,0,0,0,67301,0,0,0,,0,0,0,3,67301,0,,1,1,,,,,1,,0,0,0,0,0,N,9999.0,0,2,0,0,0,0,0,3,4,0,2,3,,N,,,,,,,,,,,
2010091259,1538.0,1,0,0,1,0,0,0,0,0,4,0,,67,8,2010,6,40.0072,-75.1478,1536.0,6,0,0,0,0,0,0,0,0,,0,0,0,15.0,1,1,0,,0,40 00:25.767,,0,75 08:51.940,4,0,0,0,67301,1,0,0,,0,0,0,2,67301,1,,1,1,,N,N,,0,,0,0,0,0,0,,1534.0,1,2,0,0,0,0,1,3,4,0,1,3,,N,,,,,,,,,,,
2010088956,100.0,1,0,0,0,0,0,0,0,0,1,0,,67,8,2010,4,39.9917,-75.1271,55.0,6,0,0,0,0,0,0,0,0,,0,0,0,0.0,3,0,2,,0,39 59:30.084,,0,75 07:37.574,0,0,0,0,67301,0,0,0,N,0,0,0,2,67301,0,,1,1,,N,N,,0,,0,0,0,3,3,,40.0,0,2,0,0,0,0,0,3,4,0,2,3,,N,,,,,,,,,,,
2010088962,1443.0,1,0,0,0,0,0,0,0,0,8,0,,67,8,2010,2,39.934,-75.1821,1441.0,6,0,0,0,0,0,0,0,0,,0,0,0,99.0,1,1,0,,0,39 56:02.238,,0,75 10:55.732,8,0,0,0,67301,1,0,0,,1,0,0,2,67301,0,,1,1,,,,,0,,0,0,0,0,0,,9999.0,1,2,0,0,0,1,0,3,4,0,1,3,,N,,,,,,,,,,,
2010110819,230.0,2,0,0,0,0,0,0,0,0,1,0,,67,10,2010,1,39.9732,-75.2122,229.0,6,0,0,0,0,0,0,0,0,,0,0,0,2.0,3,0,1,,0,39 58:23.647,,0,75 12:44.071,0,0,0,0,67301,0,0,0,N,0,0,0,3,67301,0,,1,1,,N,N,,0,,0,0,0,3,2,,225.0,0,2,0,0,0,0,0,3,4,0,2,3,,N,,,,,,,,,,,
2010110828,2020.0,1,0,0,0,0,0,0,0,0,4,0,,67,10,2010,7,39.9965,-75.2288,2015.0,6,0,0,0,0,0,1,0,0,1.0,0,0,0,20.0,3,4,1,,1,39 59:47.382,1.0,0,75 13:43.683,4,0,0,0,67301,0,0,0,N,0,0,0,5,67301,4,,1,1,,N,N,,0,,0,0,1,3,3,Y,2010.0,4,2,0,0,0,0,0,3,4,0,2,3,,N,,,,,,,,,,,
2010037826,1918.0,0,0,0,0,0,0,0,0,0,8,0,,67,4,2010,3,40.0039,-75.2207,1911.0,6,0,0,0,0,0,0,0,0,,0,0,0,19.0,1,1,1,,0,40 00:14.091,,0,75 13:14.544,3,0,0,0,67301,1,0,0,N,1,0,0,2,46104,0,,1,1,,N,N,,0,,1,0,1,9,2,,1910.0,1,2,0,0,0,0,0,3,4,0,1,3,,N,,,,,,,,,,,
2010011613,1646.0,1,0,0,0,0,0,0,0,0,8,0,,67,1,2010,2,40.0199,-75.2105,1641.0,6,0,0,0,0,0,0,0,0,,0,0,0,16.0,1,1,0,,0,40 01:12.052,,0,75 12:37.299,3,0,0,0,67301,1,0,0,N,1,0,0,2,67301,0,,1,1,,N,N,,0,,1,0,0,0,0,,1639.0,1,2,0,0,0,0,0,3,4,0,1,3,,N,,,,,,,,,,,
2010011639,1000.0,2,0,0,0,0,0,0,0,0,1,0,,67,1,2010,3,40.0879,-75.0445,952.0,6,0,0,0,0,0,0,0,0,,0,0,0,9.0,1,1,0,,0,40 05:16.308,,0,75 02:40.368,4,0,0,0,67301,0,0,0,N,0,0,0,2,67301,1,,1,1,,N,N,,0,,0,0,0,3,2,,930.0,1,2,0,0,0,0,0,3,4,0,2,3,,N,,,,,,,,,,,
2010039011,1312.0,1,0,0,0,0,0,0,0,0,8,0,,67,3,2010,5,40.0245,-75.1478,1310.0,6,0,0,0,0,0,0,0,0,,0,0,0,11.0,1,1,1,,0,40 01:28.300,,0,75 08:52.479,3,0,0,0,67301,1,0,0,N,1,0,0,2,67301,0,,1,1,,N,N,,0,,1,0,0,2,2,,1151.0,1,2,0,0,0,0,0,3,4,0,1,3,,N,,,,,,,,,,,
2010122488,9999.0,1,0,0,0,0,0,0,0,0,4,0,,67,11,2010,5,39.9273,-75.1926,9999.0,6,0,0,0,0,0,0,0,0,,0,0,0,99.0,3,0,1,,0,39 55:38.337,,0,75 11:33.284,9,0,0,0,67301,0,0,0,N,0,0,0,2,67301,0,,1,1,,N,N,,0,,0,0,1,3,3,,9999.0,0,2,0,0,0,0,1,3,4,0,2,3,,N,,,,,,,,,,,
2010122492,9999.0,2,0,0,0,0,0,0,0,0,6,0,,67,11,2010,6,39.9702,-75.1597,9999.0,6,0,0,0,0,0,0,0,1,,0,0,0,99.0,3,1,1,,0,39 58:12.850,,0,75 09:35.188,4,0,0,0,67301,0,0,0,N,0,0,0,3,67301,1,,1,1,,N,N,,0,,0,0,0,3,2,,9999.0,1,2,0,0,1,0,0,3,4,0,2,3,,N,,,,,,,,,,,
2010122542,1024.0,1,0,0,0,0,0,0,0,0,5,0,,67,10,2010,7,40.0137,-75.1502,1018.0,6,0,0,0,0,0,1,0,0,,0,0,0,10.0,1,1,0,,0,40 00:49.454,,0,75 09:00.561,4,0,0,0,67301,0,0,0,N,0,0,0,3,67301,1,,1,1,,N,N,,1,,0,0,0,0,0,,1018.0,1,2,0,0,3,0,0,3,4,0,2,3,,N,,,,,,,,,,,
2010039122,923.0,2,0,0,0,0,0,0,0,0,4,0,,67,3,2010,2,39.9762,-75.161,920.0,6,0,0,0,0,0,0,0,0,,0,0,0,9.0,1,1,1,,0,39 58:34.219,,0,75 09:39.495,4,0,0,0,67301,0,0,0,N,0,0,0,4,67301,1,,1,9,,N,N,,0,,0,0,0,3,3,,919.0,1,2,0,0,0,0,0,3,4,0,2,7,,N,,,,,,,,,,,
2010039132,1359.0,3,0,0,0,0,0,0,0,0,2,0,,67,3,2010,6,40.0002,-75.2232,1350.0,6,0,0,0,0,1,0,0,0,1.0,0,0,0,13.0,1,1,5,,1,40 00:00.792,4.0,0,75 13:23.523,4,0,0,0,67301,0,0,0,N,0,0,0,2,67301,1,,1,9,,N,N,,0,,0,0,0,3,3,N,1340.0,1,3,0,0,0,0,0,3,4,0,3,7,,N,,,,,,,,,,,
2010039148,1227.0,2,0,0,0,0,0,0,0,0,4,0,,67,2,2010,7,40.0311,-75.1498,1226.0,6,0,0,0,0,0,0,0,0,2.0,0,0,0,12.0,1,1,1,,1,40 01:51.805,5.0,0,75 08:59.243,4,0,0,0,67301,0,0,0,N,0,0,0,3,67301,1,,1,9,,N,N,,1,,0,0,0,3,2,Y,1226.0,1,3,0,0,0,0,0,3,4,0,3,10,,N,,,,,,,,,,,
2010031872,647.0,2,0,0,0,0,0,0,0,0,5,0,,67,3,2010,6,40.0267,-75.0261,633.0,6,0,0,0,0,1,1,0,0,2.0,0,0,0,6.0,1,2,0,,1,40 01:36.186,1.0,0,75 01:33.506,4,0,0,0,67301,0,0,0,N,0,0,0,3,68K01,2,,1,1,,N,N,,0,,0,0,0,0,0,N,625.0,2,2,0,0,0,0,0,3,4,0,2,3,,N,,,,,,,,,,,
2010032627,1150.0,1,0,0,0,0,0,0,0,0,4,0,,67,2,2010,5,39.9409,-75.2126,1142.0,6,0,0,0,0,1,0,0,0,,0,0,0,11.0,1,1,2,,0,39 56:27.034,,0,75 12:45.005,8,0,0,0,67301,0,0,0,N,0,0,0,3,67301,0,,1,9,,N,N,,0,,0,0,0,0,0,,1125.0,1,2,0,0,2,1,0,3,4,1,2,10,,N,,,,,,,,,,,
2010032821,850.0,2,0,0,0,0,0,0,0,0,6,0,,67,2,2010,4,39.9608,-75.1434,850.0,6,0,1,0,0,0,0,0,0,,0,0,0,8.0,1,0,1,,0,39 57:38.777,,0,75 08:35.841,0,0,0,0,67301,0,0,0,N,0,0,0,3,67301,0,,1,1,,N,N,,0,,0,0,0,3,2,,850.0,0,2,0,0,0,0,0,3,4,0,2,3,,N,,,,,,,,,,,
2010015859,209.0,1,0,0,0,0,0,0,0,0,7,0,,67,1,2010,1,39.9659,-75.1362,200.0,6,0,0,0,0,0,0,0,0,2.0,0,0,0,1.0,3,1,0,,1,39 57:57.517,1.0,0,75 08:09.632,3,0,0,0,67301,0,0,0,N,0,0,0,4,68K01,0,,2,1,,N,N,,0,,1,0,0,0,0,N,157.0,1,1,0,0,0,0,0,3,4,0,1,3,,N,,,,,,,,,,,
2010018982,1424.0,1,0,0,0,0,0,0,0,0,1,0,,67,1,2010,2,39.9275,-75.1604,1422.0,6,0,0,0,0,0,1,0,0,,0,0,0,14.0,1,1,0,,0,39 55:39.000,,0,75 09:37.260,8,0,0,0,67301,0,0,0,N,0,0,0,1,67301,0,,1,1,,N,N,,0,,0,0,0,0,0,,1420.0,1,2,0,0,0,1,0,3,4,1,2,3,,N,,,,,,,,,,,
2010016926,1653.0,2,0,0,0,0,0,0,0,0,4,0,,67,1,2010,3,39.9081,-75.156,1649.0,6,0,0,0,0,0,0,0,0,,0,0,0,16.0,4,0,6,,0,39 54:29.188,,2,75 09:21.587,0,0,0,0,67301,0,0,0,,0,0,0,2,67301,0,,1,1,,,,,0,,0,0,0,3,8,,1600.0,0,2,0,0,1,0,0,3,4,0,2,3,,N,,,,,,,,,,,
2010011554,2114.0,1,0,0,1,0,0,0,0,0,4,0,,67,1,2010,2,39.9273,-75.1448,2112.0,6,0,0,0,0,0,0,0,0,,0,0,0,21.0,3,1,1,,0,39 55:38.469,,0,75 08:41.194,8,0,0,0,67301,1,0,0,N,0,0,0,2,67301,0,,1,1,,N,N,,0,,0,0,0,3,2,,2111.0,1,2,0,0,0,1,0,3,4,0,1,3,,N,,,,,,,,,,,
2010014313,2016.0,1,0,0,0,0,0,0,0,0,5,0,,67,1,2010,7,40.0359,-75.017,2011.0,6,0,0,0,0,0,1,0,0,,0,0,0,20.0,3,1,0,,0,40 02:09.344,,0,75 01:00.790,8,0,0,0,67301,0,0,0,N,0,0,0,5,68K01,0,,1,1,,N,N,,0,,0,0,1,0,0,,2007.0,1,2,0,0,0,1,0,3,4,0,2,3,,N,,,,,,,,,,,
2010017165,2359.0,3,0,0,0,0,0,0,0,0,4,0,,67,1,2010,6,39.9223,-75.1533,2353.0,6,0,0,0,0,0,1,0,0,,0,0,0,23.0,3,1,1,,0,39 55:20.164,,0,75 09:12.064,4,0,0,0,67301,0,0,0,N,0,0,0,5,67301,1,,1,1,,N,N,,0,,0,0,0,3,2,,2335.0,1,3,0,0,0,0,0,3,4,0,3,3,,N,,,,,,,,,,,
2010017204,2226.0,1,0,0,0,0,0,0,0,0,2,0,,67,1,2010,5,39.909,-75.2419,2221.0,6,0,0,0,0,1,1,0,0,,0,0,0,22.0,3,1,2,,0,39 54:32.511,,0,75 14:30.820,8,0,0,0,67301,0,0,0,N,0,0,0,4,67301,0,,1,1,,N,N,,0,,0,0,2,3,2,,2221.0,1,3,0,0,0,1,2,3,4,0,3,3,,N,,,,,,,,,,,
2010021629,825.0,1,0,0,0,0,0,0,0,0,7,0,,67,1,2010,4,39.9164,-75.2189,818.0,6,0,0,1,0,0,0,0,0,,0,0,0,7.0,1,1,0,,0,39 55:01.641,,0,75 12:54.456,4,0,0,0,67301,0,0,0,,0,0,0,2,67301,1,,2,1,,N,N,,0,,0,0,0,0,0,,719.0,1,1,0,0,0,0,0,3,4,0,1,3,,N,,,,,,,,,,,
2010021632,1335.0,2,0,0,0,0,0,0,0,0,4,0,,67,1,2010,7,40.0564,-75.029,1328.0,6,0,0,0,0,0,0,0,0,,0,0,0,13.0,1,2,5,,0,40 03:23.087,,0,75 01:44.916,4,0,0,0,67301,0,0,0,N,0,0,0,4,67301,2,,1,1,,N,N,,0,,0,0,0,3,2,,1325.0,2,2,0,0,0,0,1,3,4,0,2,3,,N,,,,,,,,,,,
2010021730,1725.0,3,0,0,0,0,0,0,0,0,5,0,,67,1,2010,6,40.0623,-75.1478,1655.0,6,0,0,0,0,1,0,0,0,,0,0,0,16.0,1,0,2,,0,40 03:44.186,,0,75 08:52.105,0,0,0,0,67301,0,0,0,N,0,0,0,4,67301,0,,1,1,,N,N,,0,,0,0,0,0,0,,1648.0,0,3,0,0,0,0,0,3,4,0,3,3,,N,,,,,,,,,,,
2010021672,1048.0,0,0,0,0,0,0,1,0,0,5,1,,67,1,2010,5,39.9498,-75.1555,1045.0,6,0,0,0,0,0,0,0,0,,0,0,0,10.0,1,1,0,,0,39 56:59.329,,0,75 09:19.866,8,0,0,0,67301,0,0,0,,0,0,0,3,67301,0,,1,1,,,,,1,,0,0,0,0,0,,1040.0,1,2,0,0,1,1,0,3,4,0,2,3,,N,,,,,,,,,,,
2010118030,1513.0,0,0,0,0,0,0,0,0,0,8,0,,67,10,2010,4,40.091,-75.0327,1513.0,6,0,0,0,0,0,1,0,0,,0,0,0,15.0,1,1,2,,0,40 05:27.543,,7,75 01:57.617,4,0,0,0,67301,1,0,0,N,1,0,0,2,67301,1,,1,9,,N,N,,0,,0,0,1,3,2,,1510.0,1,2,0,0,0,0,0,3,4,0,1,7,,N,,,,,,,,,,,
2010118040,1115.0,1,0,0,0,0,0,0,0,0,7,0,,67,11,2010,3,40.0674,-75.1602,1110.0,6,0,0,0,0,0,0,0,0,,0,0,0,11.0,1,1,1,,0,40 04:02.769,,0,75 09:36.655,8,0,0,0,67301,0,0,0,N,0,0,0,1,67301,0,,5,1,,N,N,,0,,0,0,0,3,3,,1100.0,1,1,0,0,0,1,0,3,4,0,1,3,,N,,,,,,,,,,,
2010045634,1421.0,0,0,0,0,0,0,0,0,0,7,0,,67,4,2010,6,40.0117,-75.0604,1409.0,6,0,0,0,0,0,0,0,0,2.0,0,0,0,14.0,1,1,0,,1,40 00:40.657,1.0,0,75 03:39.946,8,0,0,0,67301,0,0,0,N,0,0,0,1,68K01,0,,3,1,,N,N,,1,,0,0,0,0,0,N,1408.0,1,1,0,0,1,1,0,3,4,0,1,3,,N,,,,,,,,,,,
2010052895,1348.0,1,0,0,0,0,0,0,0,0,1,0,,67,4,2010,1,39.9233,-75.1914,1338.0,6,0,0,0,0,0,0,0,0,,0,0,0,13.0,1,2,0,,0,39 55:30.776,,0,75 11:36.158,4,0,0,0,67301,0,0,0,N,0,0,0,3,68K01,2,,1,1,,N,N,,0,,0,0,1,0,0,,1335.0,2,2,0,0,0,0,0,3,4,0,2,3,,N,,,,,,,,,,,
2010046098,1316.0,0,0,0,0,0,0,0,0,0,1,0,,67,4,2010,6,39.891,-75.222,1316.0,6,0,0,0,0,0,0,0,0,,0,0,0,13.0,1,2,0,,0,39 53:26.655,,0,75 13:17.623,4,0,0,0,67301,0,0,0,N,0,0,0,2,68K01,2,,1,1,,N,N,,1,,0,0,1,0,0,,1316.0,2,2,0,0,0,0,0,3,4,0,2,3,,N,,,,,,,,,,,
2010103908,2050.0,2,0,0,0,0,0,0,0,0,5,0,,67,9,2010,7,40.0079,-75.1914,2035.0,6,0,0,0,0,0,0,0,0,,0,0,0,20.0,3,1,0,,0,40 00:28.511,,0,75 11:29.126,8,0,0,0,67301,0,0,0,N,0,0,0,3,67301,0,,1,1,,N,N,,0,,0,0,0,0,0,,2035.0,1,2,0,0,0,1,0,3,4,0,2,3,,N,,,,,,,,,,,
2010094146,2059.0,1,0,0,1,0,0,0,0,0,4,0,,67,9,2010,1,39.986,-75.1541,2059.0,6,0,0,0,0,0,0,0,0,,0,0,0,20.0,3,2,2,,0,39 59:09.711,,0,75 09:14.612,4,0,0,0,67301,2,0,0,N,0,0,0,3,67301,2,,1,1,,N,N,,0,,0,0,0,3,2,,2011.0,2,2,0,0,0,0,1,3,4,0,1,3,,N,,,,,,,,,,,
2010094183,1130.0,1,0,0,0,0,0,0,0,0,4,0,,67,9,2010,5,39.9541,-75.1966,1125.0,6,0,0,0,0,0,0,1,0,,0,0,0,11.0,1,0,1,,0,39 57:14.904,,0,75 11:47.788,0,0,0,0,67301,0,0,0,N,0,0,0,2,67301,0,,1,1,,N,N,,0,,0,0,1,3,3,,1125.0,0,2,0,0,0,0,0,3,4,0,2,3,,N,,,,,,,,,,,
2010113718,1442.0,2,0,0,0,0,0,0,0,0,4,0,,67,10,2010,7,39.9727,-75.1902,1435.0,6,0,1,0,0,0,0,0,0,,0,0,0,14.0,1,0,0,,0,39 58:21.292,,0,75 11:24.331,0,0,0,0,67301,0,0,0,N,0,0,0,2,67301,0,,1,1,,N,N,,0,,0,0,0,0,0,,1410.0,0,2,0,0,0,0,0,3,4,0,2,3,,N,,,,,,,,,,,
2010093698,1553.0,0,0,0,0,0,0,0,0,0,8,0,,67,8,2010,2,40.0666,-75.089,1543.0,6,0,0,0,0,0,0,1,0,,0,0,0,15.0,1,1,2,,0,40 03:59.828,,0,75 05:20.536,8,0,0,0,67301,1,0,0,,1,0,0,2,67301,0,,1,1,,N,N,,0,,0,0,0,9,3,,1537.0,1,2,0,0,0,1,1,3,4,1,1,3,,N,,,,,,,,,,,
2010113545,1816.0,1,0,0,0,0,0,0,0,0,4,0,,67,10,2010,2,39.9796,-75.2409,1814.0,6,0,0,0,0,0,1,0,0,,0,0,0,18.0,1,1,1,,0,39 58:46.506,,0,75 14:27.387,8,0,0,0,67301,0,0,0,,0,0,0,2,67301,0,,1,1,,,,,1,,0,0,0,3,3,,1810.0,1,2,0,0,0,1,0,3,4,0,2,3,,N,,,,,,,,,,,
2010110849,708.0,2,0,0,0,0,0,0,0,0,1,0,,67,10,2010,7,39.9399,-75.1831,706.0,6,0,0,0,0,0,0,0,0,,0,0,0,7.0,1,1,1,,0,39 56:23.586,,0,75 10:59.271,4,0,0,0,67301,0,0,0,N,0,0,0,2,67301,1,,1,1,,N,N,,0,,0,0,0,3,2,,705.0,1,2,0,0,0,0,0,3,4,0,2,3,,N,,,,,,,,,,,
2010069714,2349.0,1,0,0,0,0,0,0,0,0,4,0,,67,6,2010,6,40.022,-75.0632,2317.0,6,0,0,0,0,0,0,0,0,,0,0,0,23.0,3,2,1,,0,40 01:19.421,,0,75 03:47.334,8,0,0,1,67301,0,0,0,,0,0,0,2,67301,0,,1,1,,,,,0,,0,0,0,3,2,,2305.0,2,2,0,0,0,2,0,3,4,0,2,3,,N,,,,,,,,,,,
2010059018,1805.0,1,0,0,0,0,0,0,0,0,1,0,,67,5,2010,4,40.0504,-74.9999,1800.0,6,0,0,0,0,0,0,0,0,,0,0,0,99.0,1,1,2,,0,40 03:01.444,,0,74 59:59.580,8,0,0,0,67301,0,0,0,N,0,0,0,3,67301,0,,1,1,,N,N,,0,,0,0,1,3,2,,9999.0,1,2,0,0,0,1,0,3,4,0,2,3,,N,,,,,,,,,,,
2010040384,735.0,2,0,0,0,0,0,0,0,0,1,0,,67,4,2010,2,39.9486,-75.1859,730.0,6,0,0,0,1,0,1,0,0,,0,0,0,7.0,1,1,0,,0,39 56:56.815,,0,75 11:06.188,4,0,0,0,67301,0,0,0,N,0,0,0,2,68K01,1,,1,9,,N,N,,0,,0,0,0,0,0,,732.0,1,2,0,0,0,0,0,3,4,0,2,7,,N,,,,,,,,,,,
2010040823,1339.0,1,0,0,0,0,0,0,0,0,1,0,,67,4,2010,7,39.979,-75.1087,1339.0,6,0,0,0,0,0,0,0,0,,0,0,0,13.0,1,2,0,,0,39 58:44.671,,0,75 06:31.830,8,0,0,0,67301,0,0,0,N,0,0,0,3,68K01,0,,1,1,,N,N,,0,,0,0,0,0,0,,1330.0,2,2,0,0,0,2,0,3,4,1,2,3,,N,,,,,,,,,,,
2010040859,2229.0,1,0,0,0,0,0,0,0,0,8,0,,67,3,2010,7,40.0268,-75.075,2228.0,6,0,0,0,0,0,0,0,0,,0,0,0,22.0,3,1,0,,0,40 01:36.492,,0,75 04:30.048,4,0,0,0,67301,1,0,0,N,1,0,0,3,67301,1,,1,1,,N,N,,0,,0,0,0,0,0,,2225.0,1,2,0,0,0,0,0,3,4,0,1,3,,N,,,,,,,,,,,
2010122510,215.0,1,0,0,0,0,0,0,0,0,7,0,,67,11,2010,5,40.0677,-75.0843,212.0,6,0,0,0,0,0,0,0,0,2.0,0,0,0,2.0,3,1,0,,2,40 04:03.406,5.0,0,75 05:03.438,4,0,0,0,67301,0,0,0,N,0,0,0,1,67301,1,,5,9,,N,N,,0,,0,0,0,0,0,Y,210.0,1,1,0,0,0,0,0,3,4,0,1,7,,N,,,,,,,,,,,
2010122527,1705.0,2,0,0,0,0,0,0,0,0,4,0,,67,11,2010,7,39.9117,-75.1724,1658.0,6,0,0,0,0,0,0,0,0,2.0,0,0,0,16.0,3,0,1,,1,39 54:42.148,1.0,0,75 10:20.534,0,0,0,0,67301,0,0,0,N,0,0,0,2,67301,0,,1,1,,N,N,,0,,0,0,0,3,2,N,1622.0,0,2,0,0,2,0,0,3,4,0,2,3,,N,,,,,,,,,,,
2010122581,1656.0,1,0,0,0,0,0,0,0,0,8,0,,67,11,2010,4,40.0144,-75.0858,1643.0,6,0,0,0,0,0,0,0,0,,0,0,0,14.0,1,1,3,,0,40 00:51.897,,0,75 05:08.840,8,0,0,0,67301,1,0,0,N,1,0,0,2,67301,0,,1,1,,N,N,,0,,0,0,0,3,3,,1455.0,1,2,0,0,0,1,1,3,4,0,1,3,,N,,,,,,,,,,,