CRN,ARRIVAL_TM,AUTOMOBILE_COUNT,BELTED_DEATH_COUNT,BELTED_SUSP_SERIOUS_INJ_COUNT,BICYCLE_COUNT,BICYCLE_DEATH_COUNT,BICYCLE_SUSP_SERIOUS_INJ_COUNT,BUS_COUNT,CHLDPAS_DEATH_COUNT,CHLDPAS_SUSP_SERIOUS_INJ_COUNT,COLLISION_TYPE,COMM_VEH_COUNT,CONS_ZONE_SPD_LIM,COUNTY,CRASH_MONTH,CRASH_YEAR,DAY_OF_WEEK,DEC_LAT,DEC_LONG,DISPATCH_TM,DISTRICT,DRIVER_COUNT_16YR,DRIVER_COUNT_17YR,DRIVER_COUNT_18YR,DRIVER_COUNT_19YR,DRIVER_COUNT_20YR,DRIVER_COUNT_50_64YR,DRIVER_COUNT_65_74YR,DRIVER_COUNT_75PLUS,EST_HRS_CLOSED,FATAL_COUNT,HEAVY_TRUCK_COUNT,HORSE_BUGGY_COUNT,HOUR_OF_DAY,ILLUMINATION,INJURY_COUNT,INTERSECT_TYPE,INTERSECTION_RELATED,LANE_CLOSED,LATITUDE,LN_CLOSE_DIR,LOCATION_TYPE,LONGITUDE,MAX_SEVERITY_LEVEL,MCYCLE_DEATH_COUNT,MCYCLE_SUSP_SERIOUS_INJ_COUNT,MOTORCYCLE_COUNT,MUNICIPALITY,NONMOTR_COUNT,NONMOTR_DEATH_COUNT,NONMOTR_SUSP_SERIOUS_INJ_COUNT,NTFY_HIWY_MAINT,PED_COUNT,PED_DEATH_COUNT,PED_SUSP_SERIOUS_INJ_COUNT,PERSON_COUNT,POLICE_AGCY,POSSIBLE_INJ_COUNT,RDWY_SURF_TYPE_CD,RELATION_TO_ROAD,ROAD_CONDITION,ROADWAY_CLEARED,SCH_BUS_IND,SCH_ZONE_IND,SECONDARY_CRASH,SMALL_TRUCK_COUNT,SPEC_JURIS_CD,SUSP_MINOR_INJ_COUNT,SUSP_SERIOUS_INJ_COUNT,SUV_COUNT,TCD_FUNC_CD,TCD_TYPE,TFC_DETOUR_IND,TIME_OF_DAY,TOT_INJ_COUNT,TOTAL_UNITS,UNB_DEATH_COUNT,UNB_SUSP_SERIOUS_INJ_COUNT,UNBELTED_OCC_COUNT,UNK_INJ_DEG_COUNT,UNK_INJ_PER_COUNT,URBAN_AREA,URBAN_RURAL,VAN_COUNT,VEHICLE_COUNT,WEATHER1,WEATHER2,WORK_ZONE_IND,WORK_ZONE_LOC,WORK_ZONE_TYPE,WORKERS_PRES,WZ_CLOSE_DETOUR,WZ_FLAGGER,WZ_LAW_OFFCR_IND,WZ_LN_CLOSURE,WZ_MOVING,WZ_OTHER,WZ_SHLDER_MDN,WZ_WORKERS_INJ_KILLED
2010122623,1615.0,2,0,0,0,0,0,0,0,0,4,0,,67,11,2010,4,39.9174,-75.2135,1611.0,6,0,0,0,0,0,1,0,0,,0,0,0,15.0,1,0,0,,0,39 55:03.393,,0,75 12:45.177,0,0,0,0,67301,0,0,0,N,0,0,0,2,67301,0,,1,1,,N,N,,0,,0,0,0,0,0,,1540.0,0,2,0,0,0,0,0,3,4,0,2,3,,N,,,,,,,,,,,
2010039112,931.0,1,0,0,0,0,0,0,0,0,4,0,,67,3,2010,7,39.9602,-75.1909,931.0,6,0,0,0,1,0,0,0,0,,0,0,0,9.0,1,1,1,,0,39 57:36.745,,0,75 11:27.211,8,0,0,0,67301,0,0,0,N,0,0,0,2,67301,0,,1,9,,N,N,,0,,0,0,1,3,2,,920.0,1,2,0,0,0,1,0,3,4,0,2,7,,N,,,,,,,,,,,
2010039181,1127.0,1,0,0,0,0,0,0,0,0,8,0,,67,3,2010,4,39.9333,-75.1806,1126.0,6,0,0,0,0,0,0,0,0,,0,0,0,11.0,1,1,1,,0,39 55:59.970,,0,75 10:50.336,4,0,0,0,67301,1,0,0,N,1,0,0,2,67301,1,,1,1,,N,N,,0,,0,0,0,3,3,,1120.0,1,2,0,0,0,0,0,3,4,0,1,3,,N,,,,,,,,,,,
2010032815,2213.0,1,0,0,0,0,0,0,0,0,4,0,,67,2,2010,1,39.965,-75.2246,2210.0,6,0,0,0,0,0,0,0,0,2.0,0,0,0,22.0,3,3,1,,1,39 57:53.673,5.0,0,75 13:28.432,4,0,0,0,67301,0,0,0,N,0,0,0,3,67301,3,,1,1,,N,N,,0,,0,0,1,3,2,Y,2210.0,3,2,0,0,0,0,0,3,4,0,2,3,,N,,,,,,,,,,,
2010032836,1707.0,1,0,0,0,0,0,0,0,0,8,0,,67,3,2010,2,39.9441,-75.2282,1703.0,6,0,0,0,0,0,0,0,0,,0,0,0,16.0,1,1,1,,0,39 56:38.929,,0,75 13:41.444,3,0,0,0,67301,1,0,0,,1,0,0,4,67301,0,,1,1,,,,,0,,1,0,0,3,3,,1655.0,1,2,0,0,0,0,0,3,4,0,1,3,,N,,,,,,,,,,,
2010032838,2208.0,1,0,0,0,0,0,0,0,0,7,0,,67,3,2010,3,39.9765,-75.1134,2202.0,6,0,0,0,0,0,1,0,0,,0,0,0,22.0,3,1,0,,0,39 58:36.322,,0,75 06:47.817,8,0,0,0,67301,0,0,0,N,0,0,0,1,67301,0,,5,1,,N,N,,0,,0,0,0,0,0,,2201.0,1,1,0,0,0,1,0,3,4,0,1,3,,N,,,,,,,,,,,
2010019192,1248.0,0,0,0,0,0,0,0,0,0,7,0,,67,2,2010,7,40.0423,-75.0039,1248.0,6,0,0,0,0,0,0,0,0,1.0,0,0,0,12.0,1,1,0,,1,40 02:32.473,2.0,0,75 00:13.803,4,0,0,0,67301,0,0,0,N,0,0,0,1,68K01,1,,4,7,,N,N,,0,,0,0,1,0,0,N,1228.0,1,1,0,0,0,0,0,3,4,0,1,10,,N,,,,,,,,,,,
2010017109,2220.0,1,0,0,0,0,0,1,0,0,5,1,,67,1,2010,3,39.9427,-75.1839,2219.0,6,0,0,0,0,0,0,0,0,1.0,0,0,0,22.0,3,1,1,,1,39 56:33.608,2.0,0,75 11:01.895,4,0,0,0,67301,0,0,0,N,0,0,0,7,67301,1,,1,1,,N,N,,0,,0,0,0,3,2,N,2219.0,1,2,0,0,0,0,1,3,4,0,2,3,,N,,,,,,,,,,,
2010017003,1026.0,1,0,0,0,0,0,0,0,0,8,0,,67,1,2010,4,39.9789,-75.1593,1025.0,6,0,0,0,0,0,0,1,0,,0,0,0,10.0,1,1,0,,0,39 58:43.906,,0,75 09:33.330,8,0,0,0,67301,1,0,0,,1,0,0,2,67301,0,,6,1,,,,,0,,0,0,0,0,0,,1020.0,1,2,0,0,0,1,0,3,4,0,1,3,,N,,,,,,,,,,,
2010014325,1433.0,2,0,0,0,0,0,0,0,0,1,0,,67,1,2010,7,39.9582,-75.1651,1428.0,6,0,0,0,0,0,0,0,0,,0,0,0,14.0,1,1,0,,0,39 57:29.458,,0,75 09:54.486,8,0,0,0,67301,0,0,0,N,0,0,0,4,68K01,0,,1,1,,N,N,,0,,0,0,0,0,0,,1426.0,1,2,0,0,0,1,0,3,4,0,2,3,,N,,,,,,,,,,,
2010017239,157.0,3,0,0,0,0,0,0,0,0,7,0,,67,1,2010,1,40.117,-75.0194,150.0,6,0,0,0,0,0,0,0,0,,0,0,0,1.0,6,0,0,,0,40 07:01.322,,0,75 01:10.011,0,0,0,0,67301,0,0,0,,0,0,0,2,67301,0,,2,98,,,,,0,,0,0,0,0,0,,149.0,0,3,0,0,0,0,0,3,4,0,3,99,,N,,,,,,,,,,,
2010117969,2013.0,2,0,0,0,0,0,0,0,0,2,0,,67,9,2010,3,39.9585,-75.1659,2008.0,6,0,0,0,0,0,0,0,0,,0,0,0,20.0,3,2,1,,0,39 57:30.637,,0,75 09:56.095,4,0,0,0,67301,0,0,0,N,0,0,0,2,67301,2,,1,1,,N,N,,0,,0,0,1,3,2,,2005.0,2,3,0,0,0,0,0,3,4,0,3,3,,N,,,,,,,,,,,
2010118000,940.0,1,0,0,0,0,0,0,0,0,8,0,,67,11,2010,2,39.9349,-75.1529,936.0,6,0,0,0,0,0,0,0,1,1.0,0,0,0,9.0,1,1,0,,1,39 56:05.470,3.0,0,75 09:10.504,4,0,0,0,67301,1,0,0,,1,0,0,2,67301,1,,1,1,,,,,0,,0,0,0,0,0,N,930.0,1,2,0,0,0,0,0,3,4,0,1,3,,N,,,,,,,,,,,
2010118024,1745.0,3,0,0,0,0,0,0,0,0,4,0,,67,10,2010,5,40.0565,-75.0605,1744.0,6,0,0,0,0,0,1,0,0,,0,0,0,17.0,1,2,0,,0,40 03:23.366,,0,75 03:37.620,4,0,0,0,67301,0,0,0,N,0,0,0,2,67301,2,,1,1,,N,N,,0,,0,0,0,0,0,,1744.0,2,3,0,0,0,0,0,3,4,0,3,3,,N,,,,,,,,,,,
2010074979,1522.0,2,0,0,0,0,0,0,0,0,4,0,,67,7,2010,2,39.9746,-75.1995,1517.0,6,0,0,0,0,0,0,0,0,,0,0,0,15.0,1,3,1,,0,39 58:28.550,,0,75 11:58.153,4,0,0,0,67301,0,0,0,N,0,0,0,5,67301,3,,1,1,,N,N,,0,,0,0,0,3,2,,1513.0,3,2,0,0,0,0,0,3,4,0,2,3,,N,,,,,,,,,,,
2010064776,1535.0,2,0,0,0,0,0,0,0,0,4,0,,67,6,2010,4,40.0351,-75.0695,1525.0,6,0,0,0,0,0,1,0,0,1.0,0,0,0,15.0,1,0,1,,2,40 02:06.425,4.0,0,75 04:10.216,0,0,0,0,67301,0,0,0,N,0,0,0,2,67301,0,,1,1,,N,N,,0,,0,0,0,3,2,Y,1525.0,0,2,0,0,0,0,0,3,4,0,2,3,,N,,,,,,,,,,,
2010074817,0.0,1,0,0,0,0,0,0,0,0,1,0,,67,7,2010,4,40.0425,-75.0034,2340.0,6,0,0,0,0,0,1,0,0,,0,0,0,23.0,3,1,0,,0,40 02:33.375,,0,75 00:12.048,8,0,0,0,67301,0,0,0,N,0,0,0,5,68K01,0,,1,9,,N,N,,0,,0,0,2,0,0,,2338.0,1,3,0,0,0,1,0,3,4,0,3,7,,N,,,,,,,,,,,
2010074842,1620.0,1,0,0,0,0,0,0,0,0,2,0,,67,7,2010,7,40.0424,-75.2263,1619.0,6,0,0,0,0,0,1,0,0,2.0,0,0,0,16.0,1,0,1,,1,40 02:32.107,3.0,0,75 13:34.029,0,0,0,0,67301,0,0,0,N,0,0,0,2,67301,0,,1,1,,N,N,,0,,0,0,1,3,2,N,1620.0,0,2,0,0,0,0,0,3,4,0,2,3,,N,,,,,,,,,,,
2010074896,9999.0,1,0,0,0,0,0,0,0,0,4,0,,67,6,2010,1,39.9125,-75.243,9999.0,6,0,0,0,0,0,0,0,0,,0,0,0,99.0,3,1,2,,0,39 54:44.981,,0,75 14:34.897,8,0,0,0,67301,0,0,0,N,0,0,0,3,67301,0,,1,1,,N,N,,0,,0,0,0,3,2,,9999.0,1,2,0,0,0,1,0,3,4,0,2,3,,N,,,,,,,,,,,
2010044449,1848.0,0,0,0,0,0,0,0,0,0,0,0,,67,4,2010,5,39.9963,-75.0915,1848.0,6,0,0,0,0,0,0,0,0,,0,0,0,18.0,1,1,0,,0,39 59:46.677,,0,75 05:29.578,3,0,0,1,67301,0,0,0,N,0,0,0,1,67301,0,,1,1,,N,N,,0,,1,0,0,0,0,,1845.0,1,1,0,0,0,0,0,3,4,0,1,3,,N,,,,,,,,,,,
2010084269,1839.0,3,0,0,0,0,0,0,0,0,4,0,,67,8,2010,1,39.8979,-75.2114,1836.0,6,0,0,0,1,0,2,0,0,,0,0,0,18.0,1,1,0,,0,39 53:52.594,,3,75 12:40.826,8,0,0,0,67301,0,0,0,N,0,0,0,4,67301,0,,1,9,,N,,,0,,0,0,0,0,0,,1836.0,1,3,0,0,0,1,0,3,4,0,3,7,,N,,,,,,,,,,,
2010059740,1948.0,1,0,0,0,0,0,0,0,0,7,0,,67,6,2010,2,39.881,-75.2512,1927.0,6,0,0,0,1,0,0,0,0,,0,0,0,19.0,1,0,6,,0,39 52:51.512,,2,75 15:04.150,0,0,0,0,67301,0,0,0,N,0,0,0,2,68K01,0,,3,1,,N,N,,0,,0,0,0,0,0,,1922.0,0,1,0,0,0,0,0,3,4,0,1,3,,N,,,,,,,,,,,
2010052257,41.0,2,0,0,0,0,0,0,0,0,6,0,,67,5,2010,1,39.9811,-75.1877,39.0,6,0,0,0,0,0,1,0,0,,0,0,0,0.0,3,0,0,,0,39 58:51.798,,0,75 11:15.716,0,0,0,0,67301,0,0,0,,0,0,0,1,67301,0,,6,1,,,,,1,,0,0,0,0,0,,10.0,0,3,0,0,1,0,0,3,4,0,3,3,,N,,,,,,,,,,,
2010052414,1704.0,2,0,0,0,0,0,0,0,0,4,0,,67,3,2010,6,39.9164,-75.1682,1655.0,6,0,0,0,0,0,1,0,0,,0,0,0,16.0,1,1,2,,0,39 54:59.272,,0,75 10:05.339,2,0,0,0,67301,0,0,0,N,0,0,0,1,67301,0,,4,1,,N,N,,0,,0,1,0,0,0,,1655.0,1,3,0,0,0,0,0,3,4,1,3,3,,N,,,,,,,,,,,
2010044566,1533.0,2,0,0,0,0,0,0,0,0,4,0,,67,4,2010,7,39.9794,-75.2359,1531.0,6,0,0,0,0,0,0,0,1,,0,0,0,15.0,1,0,2,,0,39 58:45.930,,0,75 14:09.225,0,0,0,0,67301,0,0,0,N,0,0,0,2,67301,0,,1,1,,N,N,,0,,0,0,0,3,3,,1525.0,0,2,0,0,0,0,0,3,4,0,2,3,,N,,,,,,,,,,,
2010044615,2049.0,2,0,0,0,0,0,0,0,0,4,0,,67,4,2010,3,40.0884,-75.044,2049.0,6,0,0,0,0,0,0,0,0,,0,0,0,20.0,3,0,1,,0,40 05:18.096,,0,75 02:38.680,9,0,0,0,67301,0,0,0,N,0,0,0,2,67301,0,,1,1,,N,N,,0,,0,0,0,3,2,,2049.0,0,2,0,0,0,0,1,3,4,0,2,3,,N,,,,,,,,,,,
2010044623,1632.0,1,0,0,0,0,0,0,0,0,5,0,,67,4,2010,7,39.9072,-75.2234,1627.0,6,0,0,0,0,0,1,0,0,,0,0,0,16.0,1,1,0,,0,39 54:30.105,,7,75 13:23.084,8,0,0,0,67301,0,0,0,N,0,0,0,2,67301,0,,1,1,,N,N,,0,,0,0,0,0,0,,1614.0,1,2,0,0,0,1,0,3,4,1,2,3,,N,,,,,,,,,,,
2010062341,1630.0,0,0,0,1,0,0,0,0,0,4,0,,67,5,2010,6,40.0559,-75.0453,1625.0,6,0,0,0,0,0,0,0,0,,0,0,0,16.0,1,1,2,,0,40 03:21.143,,0,75 02:42.980,4,0,0,0,67301,1,0,0,N,0,0,0,2,67301,1,,1,1,,N,N,,1,,0,0,0,3,3,,1623.0,1,2,0,0,0,0,0,3,4,0,1,3,,N,,,,,,,,,,,
2010103913,1400.0,1,0,0,0,0,0,0,0,0,1,0,,67,9,2010,4,40.0845,-75.0384,1400.0,6,0,0,0,0,0,0,1,0,,0,0,0,14.0,1,2,1,,0,40 05:04.029,,0,75 02:18.148,8,0,0,0,67301,0,0,0,,0,0,0,3,67301,0,,1,1,,,,,1,,0,0,0,3,2,,1400.0,2,2,0,0,1,2,0,3,4,0,2,3,,N,,,,,,,,,,,
2010099511,1050.0,0,0,0,0,0,0,0,0,0,4,0,,67,9,2010,5,40.0774,-75.0243,1045.0,6,0,0,0,0,0,0,0,1,,0,0,0,10.0,1,1,0,,0,40 04:38.540,,7,75 01:27.490,8,0,0,0,67301,0,0,0,N,0,0,0,3,67301,0,,1,1,,N,N,,1,,0,0,1,0,0,,1040.0,1,2,0,0,0,1,0,3,4,0,2,3,,N,,,,,,,,,,,
2010089110,2230.0,2,0,0,0,0,0,0,0,0,4,0,,67,8,2010,6,40.0281,-75.1391,2227.0,6,0,0,0,0,0,0,0,0,,0,0,0,22.0,3,1,1,,0,40 01:41.282,,0,75 08:20.914,8,0,0,0,67301,0,0,0,N,0,0,0,3,67301,0,,1,1,,N,N,,0,,0,0,0,3,3,,2214.0,1,2,0,0,0,1,0,3,4,0,2,3,,N,,,,,,,,,,,
2010100884,1010.0,1,0,0,0,0,0,0,0,0,4,0,,67,9,2010,2,40.0242,-75.1329,1008.0,6,0,0,0,0,0,1,0,0,1.0,0,0,0,10.0,1,3,1,,2,40 01:26.923,1.0,0,75 07:59.564,2,0,0,0,67301,0,0,0,N,0,0,0,3,67301,0,,1,1,,N,N,,0,,0,1,1,3,2,Y,1008.0,3,2,0,0,0,2,0,3,4,0,2,3,,N,,,,,,,,,,,
2010100907,1120.0,0,0,0,0,0,0,0,0,0,8,0,,67,9,2010,6,39.9923,-75.1417,1110.0,6,0,0,0,0,0,0,0,0,,0,0,0,10.0,1,1,0,,0,39 59:32.393,,0,75 08:30.168,4,0,0,0,67301,1,0,0,N,1,0,0,2,67301,1,,1,1,,N,N,,0,,0,0,1,0,0,,1055.0,1,2,0,0,0,0,0,3,4,0,1,3,,N,,,,,,,,,,,
2010100911,1443.0,3,0,0,0,0,0,0,0,0,6,0,,67,8,2010,1,40.0347,-75.1309,1442.0,6,0,0,0,0,0,1,0,0,,0,0,0,14.0,1,1,1,,0,40 02:04.999,,0,75 07:51.139,4,0,0,0,67301,0,0,0,N,0,0,0,3,67301,1,,1,1,,N,N,,0,,0,0,0,3,2,,1442.0,1,3,0,0,0,0,0,3,4,0,3,3,,N,,,,,,,,,,,
2010113644,836.0,2,0,0,0,0,0,0,0,0,4,0,,67,10,2010,2,39.9232,-75.1766,833.0,6,0,0,0,0,0,1,0,0,,0,0,0,8.0,1,1,2,,0,39 55:23.469,,0,75 10:35.637,4,0,0,0,67301,0,0,0,N,0,0,0,3,67301,1,,1,1,,N,N,,0,,0,0,0,3,3,,830.0,1,2,0,0,0,0,0,3,4,0,2,3,,N,,,,,,,,,,,
2010094258,1627.0,3,0,0,0,0,0,0,0,0,1,0,,67,8,2010,3,39.9919,-75.2337,1619.0,6,0,0,0,0,0,0,1,0,,0,0,0,16.0,1,3,1,,0,39 59:30.829,,0,75 14:01.359,8,0,0,0,67301,0,0,0,,0,0,0,4,67301,0,,1,9,,,,,0,,0,0,0,3,2,,1615.0,3,3,0,0,0,3,0,3,4,0,3,7,,N,,,,,,,,,,,
2010094282,1310.0,2,0,0,1,0,0,0,0,0,5,0,,67,8,2010,7,40.0196,-75.2107,1308.0,6,0,0,0,0,0,0,0,0,,0,0,0,13.0,1,1,0,,0,40 01:11.011,,0,75 12:38.173,8,0,0,0,67301,1,0,0,N,0,0,0,2,67301,0,,1,1,,N,N,,0,,0,0,0,0,0,,1300.0,1,3,0,0,1,1,0,3,4,0,2,3,,N,,,,,,,,,,,
2010093748,1633.0,2,0,0,0,0,0,0,0,0,1,0,,67,9,2010,7,40.0443,-75.0541,1632.0,6,0,0,0,0,0,0,0,0,,0,0,0,16.0,1,3,1,,0,40 02:39.450,,0,75 03:14.767,4,0,0,0,67301,0,0,0,N,0,0,0,4,67301,3,,1,1,,N,N,,0,,0,0,0,3,2,,1603.0,3,2,0,0,0,0,1,3,4,0,2,3,,N,,,,,,,,,,,
2010113507,1604.0,2,0,0,0,0,0,0,0,0,1,0,,67,10,2010,3,40.1001,-75.0084,1558.0,6,0,1,0,0,0,0,0,0,1.0,0,0,0,15.0,1,2,1,,1,40 06:00.551,2.0,0,75 00:30.208,8,0,0,0,67301,0,0,0,N,0,0,0,3,67301,0,,1,1,,N,N,,0,,0,0,0,3,2,N,1540.0,2,2,0,0,0,2,0,3,4,0,2,3,,N,,,,,,,,,,,
2010091273,431.0,1,0,0,0,0,0,0,0,0,7,0,,67,7,2010,7,40.0384,-75.1495,430.0,6,0,0,0,0,0,0,0,0,,0,0,0,4.0,3,2,0,,0,40 02:18.153,,0,75 08:58.038,3,0,0,0,67301,0,0,0,N,0,0,0,2,67301,1,,5,1,,N,N,,0,,1,0,0,0,0,,430.0,2,1,0,0,0,0,0,3,4,0,1,3,,N,,,,,,,,,,,
2010088929,1312.0,1,0,0,0,0,0,0,0,0,8,0,,67,8,2010,1,40.0606,-75.1353,1309.0,6,0,0,0,0,0,0,0,0,,0,0,0,12.0,1,1,0,,0,40 03:38.180,,99,75 08:07.250,8,0,0,0,67301,1,0,0,N,1,0,0,2,67301,0,,1,1,,N,N,,0,,0,0,0,0,0,,1232.0,1,2,0,0,0,1,1,3,4,0,1,3,,N,,,,,,,,,,,
2010040377,1442.0,2,0,0,0,0,0,0,0,0,1,0,,67,4,2010,4,39.9909,-75.2171,1441.0,6,0,0,0,0,0,0,1,0,1.0,0,0,0,14.0,1,1,0,,1,39 59:27.165,2.0,0,75 13:01.585,8,0,0,0,67301,0,0,0,N,0,0,0,2,68K01,0,,1,9,,N,N,,0,,0,0,0,0,0,N,1435.0,1,2,0,0,0,1,0,3,4,0,2,7,,N,,,,,,,,,,,
2010040379,1739.0,2,0,0,0,0,0,0,0,0,1,0,,67,4,2010,4,39.9942,-75.1987,1731.0,6,0,1,0,0,0,0,0,0,1.0,0,0,0,17.0,1,0,0,,2,39 59:42.471,4.0,0,75 11:52.120,0,0,0,0,67301,0,0,0,N,0,0,0,2,68K01,0,,1,9,,N,N,,0,,0,0,0,0,0,N,1725.0,0,2,0,0,0,0,0,3,4,0,2,7,,N,,,,,,,,,,,
2010040567,1330.0,3,0,0,0,0,0,0,0,0,2,0,,67,3,2010,1,40.0303,-75.1379,1325.0,6,0,0,0,0,0,0,0,0,1.0,0,0,0,13.0,1,1,0,,1,40 01:48.960,1.0,7,75 08:16.349,4,0,0,0,67301,0,0,0,N,0,0,0,1,67301,1,,2,1,,N,N,,0,,0,0,0,0,0,N,1315.0,1,3,0,0,1,0,0,3,4,0,3,3,,N,,,,,,,,,,,
2010011627,1413.0,0,0,0,0,0,0,0,0,0,7,0,,67,1,2010,1,39.9289,-75.1972,1408.0,6,0,0,0,0,0,0,0,0,3.0,0,0,0,99.0,1,1,0,,2,39 55:43.946,3.0,0,75 11:49.894,8,0,0,0,67301,0,0,0,N,0,0,0,1,67301,0,,5,1,,N,N,,0,,0,0,1,0,0,Y,9999.0,1,1,0,0,0,1,0,3,4,0,1,3,,N,,,,,,,,,,,
2010038718,57.0,2,0,0,0,0,0,0,0,0,4,0,,67,3,2010,3,39.9393,-75.1782,45.0,6,0,0,0,0,0,0,0,0,3.0,0,0,0,0.0,3,1,1,,1,39 56:21.404,3.0,0,75 10:41.645,8,0,0,0,67301,0,0,0,,0,0,0,3,67301,0,,1,1,,,,,0,,0,0,0,3,2,N,44.0,1,2,0,0,0,1,0,3,4,0,2,3,,N,,,,,,,,,,,
2010122467,1711.0,3,0,0,0,0,0,0,0,0,1,0,,67,11,2010,2,40.0082,-75.1427,1709.0,6,0,0,0,0,0,0,1,0,,0,0,0,17.0,1,1,1,,0,40 00:29.406,,0,75 08:33.738,4,0,0,0,67301,0,0,0,N,0,0,0,3,67301,1,,1,1,,N,N,,1,,0,0,0,3,2,,1700.0,1,4,0,0,1,0,0,3,4,0,4,3,,N,,,,,,,,,,,
2010122520,1822.0,1,0,0,0,0,0,0,0,0,5,0,,67,11,2010,5,40.0423,-75.0747,1815.0,6,0,0,0,0,0,1,0,0,,0,0,0,18.0,3,0,0,,0,40 02:32.446,,0,75 04:28.758,0,0,0,0,67301,0,0,0,N,0,0,0,2,67301,0,,1,9,,N,N,,0,,0,0,0,0,0,,1800.0,0,2,0,0,0,0,0,3,4,1,2,7,,N,,,,,,,,,,,
2010038788,1405.0,2,0,0,0,0,0,0,0,0,1,0,,67,3,2010,5,39.9905,-75.128,1359.0,6,0,0,0,0,0,1,0,0,,0,0,0,13.0,1,1,0,,0,39 59:25.671,,0,75 07:40.872,8,0,0,0,67301,0,0,0,N,0,0,0,4,67301,0,,1,1,,N,N,,0,,0,0,0,0,0,,1350.0,1,2,0,0,0,1,0,3,4,0,2,3,,N,,,,,,,,,,,
2010041816,241.0,2,0,0,0,0,0,0,0,0,1,0,,67,4,2010,1,40.0091,-75.0676,240.0,6,0,0,0,0,1,0,0,0,2.0,0,0,0,2.0,3,1,0,,2,40 00:32.681,5.0,0,75 04:02.756,4,0,0,0,67301,0,0,0,N,0,0,0,3,68K01,1,,1,1,,N,N,,0,,0,0,1,0,0,Y,224.0,1,4,0,0,1,0,0,3,4,0,4,3,,N,,,,,,,,,,,
2010041817,344.0,1,0,0,0,0,0,0,0,0,7,0,,67,4,2010,1,39.9591,-75.1415,336.0,6,0,0,0,0,0,0,0,0,1.0,0,0,0,3.0,3,2,0,,2,39 57:27.965,2.0,2,75 08:30.593,8,0,0,0,67301,0,0,0,N,0,0,0,6,68K01,0,,3,1,,N,N,,0,,0,0,0,0,0,Y,334.0,2,1,0,0,6,2,0,3,4,0,1,3,,N,,,,,,,,,,,
2010122583,1825.0,2,0,0,0,0,0,0,0,0,4,0,,67,11,2010,5,39.9577,-75.1624,1824.0,6,0,0,0,0,0,0,0,0,,0,0,0,18.0,3,0,2,,0,39 57:27.542,,0,75 09:44.544,0,0,0,0,67301,0,0,0,N,0,0,0,4,67301,0,,1,9,,N,N,,0,,0,0,1,3,2,,1815.0,0,4,0,0,0,0,0,3,4,1,4,7,,N,,,,,,,,,,,
2010122595,1405.0,1,0,0,1,0,0,0,0,0,1,0,99.0,67,11,2010,4,39.9177,-75.1668,1303.0,6,0,0,0,0,0,0,0,0,,0,0,0,12.0,1,1,1,,0,39 55:03.540,,0,75 10:00.623,4,0,0,0,67301,1,0,0,N,0,0,0,2,67301,1,,1,1,,N,N,,0,,0,0,0,2,8,,1237.0,1,2,0,0,0,0,0,3,4,0,1,3,,Y,8.0,8.0,U,,,U,,,,,
2010039117,131.0,2,0,0,0,0,0,0,0,0,1,0,,67,3,2010,3,39.9966,-75.1755,127.0,6,0,0,0,0,1,0,0,0,,0,0,0,1.0,3,1,1,,0,39 59:47.932,,0,75 10:31.898,4,0,0,0,67301,0,0,0,N,0,0,0,2,67301,1,,1,9,,N,N,,0,,0,0,0,3,2,,123.0,1,2,0,0,2,0,0,3,4,0,2,7,,N,,,,,,,,,,,
2010039149,211.0,1,0,0,0,0,0,0,0,0,8,0,,67,3,2010,1,39.9538,-75.2002,210.0,6,0,0,0,0,0,0,0,0,,0,0,0,2.0,6,1,2,,0,39 57:13.772,,0,75 12:00.554,4,0,0,0,67301,1,0,0,N,1,0,0,2,67301,1,,1,98,,N,N,,0,,0,0,0,3,2,,209.0,1,2,0,0,0,0,0,3,4,0,1,99,,N,,,,,,,,,,,
2010039153,1920.0,1,0,0,0,0,0,0,0,0,8,0,,67,3,2010,7,39.9566,-75.198,1910.0,6,0,0,0,0,0,0,0,0,,0,0,0,13.0,1,1,1,,0,39 57:24.145,,0,75 11:52.822,8,0,0,0,67301,1,0,0,N,1,0,0,2,67301,0,,1,9,,N,N,,0,,0,0,0,9,2,,1300.0,1,2,0,0,0,1,0,3,4,0,1,7,,N,,,,,,,,,,,
2010031882,2322.0,1,0,0,0,0,0,0,0,0,7,0,,67,3,2010,1,39.9804,-75.2057,2319.0,6,0,0,0,0,0,0,0,0,2.0,0,0,0,1.0,3,1,0,,1,39 58:52.006,3.0,0,75 12:24.183,3,0,0,0,67301,0,0,0,N,0,0,0,1,68K01,0,,2,1,,N,N,,0,,1,0,0,0,0,N,141.0,1,1,0,0,1,0,0,3,4,0,1,3,,N,,,,,,,,,,,
2010039213,1951.0,1,0,0,0,0,0,0,0,0,4,0,,67,4,2010,7,40.0468,-75.1375,1951.0,6,0,0,0,0,0,0,1,0,,0,0,0,19.0,3,0,1,,0,40 02:48.483,,0,75 08:15.120,9,0,0,0,67301,0,0,0,N,0,0,0,3,67301,0,,1,1,,N,N,,0,,0,0,1,1,3,,1951.0,0,2,0,0,0,0,3,3,4,0,2,3,,N,,,,,,,,,,,