CRN,ARRIVAL_TM,AUTOMOBILE_COUNT,BELTED_DEATH_COUNT,BELTED_SUSP_SERIOUS_INJ_COUNT,BICYCLE_COUNT,BICYCLE_DEATH_COUNT,BICYCLE_SUSP_SERIOUS_INJ_COUNT,BUS_COUNT,CHLDPAS_DEATH_COUNT,CHLDPAS_SUSP_SERIOUS_INJ_COUNT,COLLISION_TYPE,COMM_VEH_COUNT,CONS_ZONE_SPD_LIM,COUNTY,CRASH_MONTH,CRASH_YEAR,DAY_OF_WEEK,DEC_LAT,DEC_LONG,DISPATCH_TM,DISTRICT,DRIVER_COUNT_16YR,DRIVER_COUNT_17YR,DRIVER_COUNT_18YR,DRIVER_COUNT_19YR,DRIVER_COUNT_20YR,DRIVER_COUNT_50_64YR,DRIVER_COUNT_65_74YR,DRIVER_COUNT_75PLUS,EST_HRS_CLOSED,FATAL_COUNT,HEAVY_TRUCK_COUNT,HORSE_BUGGY_COUNT,HOUR_OF_DAY,ILLUMINATION,INJURY_COUNT,INTERSECT_TYPE,INTERSECTION_RELATED,LANE_CLOSED,LATITUDE,LN_CLOSE_DIR,LOCATION_TYPE,LONGITUDE,MAX_SEVERITY_LEVEL,MCYCLE_DEATH_COUNT,MCYCLE_SUSP_SERIOUS_INJ_COUNT,MOTORCYCLE_COUNT,MUNICIPALITY,NONMOTR_COUNT,NONMOTR_DEATH_COUNT,NONMOTR_SUSP_SERIOUS_INJ_COUNT,NTFY_HIWY_MAINT,PED_COUNT,PED_DEATH_COUNT,PED_SUSP_SERIOUS_INJ_COUNT,PERSON_COUNT,POLICE_AGCY,POSSIBLE_INJ_COUNT,RDWY_SURF_TYPE_CD,RELATION_TO_ROAD,ROAD_CONDITION,ROADWAY_CLEARED,SCH_BUS_IND,SCH_ZONE_IND,SECONDARY_CRASH,SMALL_TRUCK_COUNT,SPEC_JURIS_CD,SUSP_MINOR_INJ_COUNT,SUSP_SERIOUS_INJ_COUNT,SUV_COUNT,TCD_FUNC_CD,TCD_TYPE,TFC_DETOUR_IND,TIME_OF_DAY,TOT_INJ_COUNT,TOTAL_UNITS,UNB_DEATH_COUNT,UNB_SUSP_SERIOUS_INJ_COUNT,UNBELTED_OCC_COUNT,UNK_INJ_DEG_COUNT,UNK_INJ_PER_COUNT,URBAN_AREA,URBAN_RURAL,VAN_COUNT,VEHICLE_COUNT,WEATHER1,WEATHER2,WORK_ZONE_IND,WORK_ZONE_LOC,WORK_ZONE_TYPE,WORKERS_PRES,WZ_CLOSE_DETOUR,WZ_FLAGGER,WZ_LAW_OFFCR_IND,WZ_LN_CLOSURE,WZ_MOVING,WZ_OTHER,WZ_SHLDER_MDN,WZ_WORKERS_INJ_KILLED
2010029250,340.0,2,0,0,0,0,0,0,0,0,1,0,,67,2,2010,7,39.9795,-75.1069,340.0,6,0,0,0,0,0,0,0,0,5.0,0,0,0,3.0,3,5,0,,2,39 58:46.563,1.0,0,75 06:25.111,4,0,0,0,67301,0,0,0,N,0,0,0,5,68K01,5,,2,1,,N,N,,1,,0,0,0,0,0,Y,339.0,5,3,0,0,1,0,0,3,4,0,3,3,,N,,,,,,,,,,,
2010090110,2320.0,2,0,0,0,0,0,0,0,0,2,0,,67,8,2010,6,40.0447,-75.0338,2316.0,6,0,0,0,0,0,0,0,0,3.0,0,1,0,23.0,3,2,0,,2,40 02:40.871,7.0,0,75 02:01.586,8,0,0,0,67301,0,0,0,N,0,0,0,2,67301,0,,1,1,,N,N,,0,,0,0,0,0,0,Y,2310.0,2,3,0,0,0,2,0,3,4,0,3,3,,N,,,,,,,,,,,
2010032482,915.0,1,0,0,0,0,0,0,0,0,1,0,,67,3,2010,6,40.1133,-75.0047,902.0,6,0,0,0,0,0,1,0,0,,0,0,0,9.0,1,1,0,,0,40 06:47.730,,7,75 00:16.850,8,0,0,0,67301,0,0,0,,0,0,0,2,67301,0,,1,1,,N,N,,0,,0,0,0,3,2,,900.0,1,2,0,0,0,1,0,3,4,1,2,3,,N,,,,,,,,,,,
2010032519,216.0,2,0,0,0,0,0,0,0,0,4,0,,67,2,2010,1,39.9913,-75.1708,213.0,6,0,0,0,0,0,0,0,0,,0,0,0,0.0,3,1,1,,0,39 59:28.770,,0,75 10:14.944,3,0,0,0,67301,0,0,0,N,0,0,0,2,67301,0,,1,1,,N,N,,0,,1,0,0,3,2,,2.0,1,2,0,0,0,0,0,3,4,0,2,99,,N,,,,,,,,,,,
2010089906,1015.0,0,0,0,0,0,0,0,0,0,0,0,,67,9,2010,3,39.8908,-75.2381,1008.0,6,0,0,0,0,0,1,0,0,2.0,0,0,0,10.0,1,1,0,,1,39 53:33.446,1.0,0,75 14:00.891,8,0,0,0,67301,0,0,0,N,0,0,0,1,68K01,0,,1,1,,N,N,,0,,0,0,1,0,0,N,1005.0,1,1,0,0,0,1,0,3,4,0,1,3,,N,,,,,,,,,,,
2010017523,1515.0,1,0,0,0,0,0,0,0,0,7,0,,67,2,2010,5,39.909,-75.1517,1515.0,6,0,0,0,0,0,0,0,0,,0,0,0,15.0,1,0,0,,0,39 54:32.511,,8,75 09:06.195,0,0,0,0,67301,0,0,0,N,0,0,0,4,67501,0,,1,2,,N,N,,0,,0,0,0,0,0,,1515.0,0,1,0,0,0,0,0,3,4,0,1,3,,N,,,,,,,,,,,
2010019342,1115.0,1,0,0,0,0,0,0,0,0,1,1,,67,2,2010,3,39.9467,-75.1889,1105.0,6,0,0,0,0,0,0,0,0,1.0,0,1,0,10.0,1,0,0,,2,39 56:49.531,3.0,0,75 11:18.050,0,0,0,0,67301,0,0,0,N,0,0,0,2,68K01,0,,1,1,,N,N,,0,,0,0,0,0,0,N,1058.0,0,2,0,0,0,0,0,3,4,0,2,3,,N,,,,,,,,,,,
2010017172,1630.0,1,0,0,0,0,0,0,0,0,4,0,,67,1,2010,3,40.0144,-75.15,1617.0,6,0,0,0,0,0,0,0,0,,0,0,0,16.0,3,1,2,,0,40 00:51.902,,0,75 09:00.029,4,0,0,0,67301,0,0,0,N,0,0,0,2,67301,1,,1,1,,N,N,,0,,0,0,1,3,2,,1617.0,1,2,0,0,0,0,0,3,4,0,2,3,,N,,,,,,,,,,,
2010017221,1556.0,0,0,0,0,0,0,0,0,0,8,0,,67,1,2010,2,39.9984,-75.2323,1555.0,6,0,0,0,0,0,0,1,0,,0,0,0,15.0,1,2,0,,0,39 59:54.285,,0,75 13:56.388,8,0,0,0,67301,2,0,0,N,2,0,0,3,67301,0,,1,1,,N,N,,0,,0,0,1,0,0,,1555.0,2,3,0,0,0,2,0,3,4,0,1,3,,N,,,,,,,,,,,
2010021438,1632.0,2,0,0,0,0,0,0,0,0,1,0,,67,1,2010,7,40.0114,-75.0769,1630.0,6,0,0,0,0,0,0,0,0,,0,0,0,16.0,1,3,1,,0,40 00:40.819,,0,75 04:37.389,4,0,0,0,67301,0,0,0,N,0,0,0,3,67301,3,,1,7,,N,N,,0,,0,0,0,3,2,,1600.0,3,2,0,0,0,0,0,3,4,0,2,10,,N,,,,,,,,,,,
2010021645,1610.0,0,0,0,0,0,0,0,0,0,8,0,,67,1,2010,3,39.9631,-75.1747,1606.0,6,0,0,0,0,0,0,0,0,,0,0,0,16.0,1,1,1,,0,39 57:47.289,,0,75 10:28.844,4,0,0,0,67301,1,0,0,N,1,0,0,2,67301,1,,1,1,,N,N,,0,,0,0,1,3,2,,1600.0,1,2,0,0,0,0,0,3,4,0,1,3,,N,,,,,,,,,,,
2010021674,1850.0,1,0,0,0,0,0,0,0,0,1,0,,67,1,2010,5,40.0405,-75.0475,1845.0,6,0,0,0,0,0,0,0,1,2.0,0,0,0,99.0,3,1,0,,1,40 02:25.847,3.0,0,75 02:50.996,8,0,0,0,67301,0,0,0,,0,0,0,2,67301,0,,1,1,,N,N,,1,,0,0,0,0,0,N,9999.0,1,2,0,0,1,1,0,3,4,0,2,3,,N,,,,,,,,,,,
2010117977,1025.0,1,0,0,1,0,0,0,0,0,5,0,,67,10,2010,4,39.9342,-75.1434,1020.0,6,0,0,0,0,0,0,0,0,,0,0,0,9.0,1,1,0,,0,39 56:03.170,,0,75 08:36.330,3,0,0,0,67301,1,0,0,N,0,0,0,2,67301,0,,1,1,,N,N,,0,,1,0,0,0,0,,957.0,1,2,0,0,0,0,0,3,4,0,1,3,,N,,,,,,,,,,,
2010105899,1701.0,1,0,0,0,0,0,0,0,0,1,0,,67,10,2010,6,39.9842,-75.1145,1658.0,6,0,0,0,0,0,1,0,0,,0,0,0,14.0,1,3,1,,0,39 59:03.268,,0,75 06:52.524,3,0,0,0,67301,0,0,0,N,0,0,0,3,67301,2,,1,9,,N,,,0,,1,0,1,3,2,,1420.0,3,3,0,0,0,0,0,3,4,1,3,7,,N,,,,,,,,,,,
2010094113,1530.0,2,0,0,0,0,0,0,0,0,1,0,,67,8,2010,5,40.0816,-75.0375,1525.0,6,0,0,0,0,0,2,0,0,,0,0,0,14.0,1,1,0,,0,40 04:53.603,,0,75 02:14.909,4,0,0,0,67301,0,0,0,N,0,0,0,5,67301,1,,1,1,,N,N,,0,,0,0,0,0,0,,1440.0,1,3,0,0,0,0,0,3,4,1,3,3,,N,,,,,,,,,,,
2010094136,810.0,1,0,0,0,0,0,0,0,0,4,0,,67,8,2010,5,40.0449,-75.1701,810.0,6,0,0,0,0,0,1,0,1,,0,0,0,8.0,1,0,1,,0,40 02:41.737,,0,75 10:12.385,0,0,0,0,67301,0,0,0,,0,0,0,2,67301,0,,1,1,,,,,0,,0,0,1,3,3,,805.0,0,2,0,0,0,0,0,3,4,0,2,3,,N,,,,,,,,,,,
2010094142,820.0,0,0,0,0,0,0,0,0,0,1,1,,67,9,2010,5,40.0276,-75.1206,810.0,6,0,0,0,0,0,1,0,0,,0,1,0,8.0,1,1,2,,0,40 01:39.382,,0,75 07:14.262,8,0,0,0,67301,1,0,0,N,1,0,0,2,67301,0,,1,1,,N,N,,0,,0,0,0,3,3,,800.0,1,2,0,0,0,1,0,3,4,0,1,3,,N,,,,,,,,,,,
2010094153,2030.0,2,0,0,0,0,0,0,0,0,1,0,,67,9,2010,4,40.0713,-75.0383,2025.0,6,0,0,0,0,0,0,0,1,,0,0,0,20.0,3,1,1,,0,40 04:16.614,,0,75 02:17.825,4,0,0,0,67301,0,0,0,N,0,0,0,4,67301,1,,1,1,,N,N,,0,,0,0,1,3,2,,2023.0,1,3,0,0,0,0,1,3,4,0,3,3,,N,,,,,,,,,,,
2010094156,1241.0,1,0,0,0,0,0,0,0,0,8,0,,67,8,2010,4,39.9656,-75.1657,1238.0,6,0,0,0,0,0,0,0,0,,0,0,0,12.0,1,1,0,,0,39 57:56.250,,0,75 09:56.390,4,0,0,0,67301,1,0,0,,1,0,0,4,67301,1,,1,9,,N,N,,0,,0,0,0,0,0,,1235.0,1,2,0,0,0,0,0,3,4,0,1,7,,N,,,,,,,,,,,
2010094251,1727.0,1,0,0,1,0,0,0,0,0,4,0,,67,8,2010,2,39.9374,-75.163,1727.0,6,0,0,0,0,0,0,0,0,,0,0,0,17.0,1,1,1,,0,39 56:14.629,,0,75 09:46.969,4,0,0,0,67301,1,0,0,N,0,0,0,2,67301,1,,1,1,,N,N,,0,,0,0,0,3,2,,1727.0,1,2,0,0,0,0,0,3,4,0,1,3,,N,,,,,,,,,,,
2010094255,1616.0,2,0,0,0,0,0,0,0,0,4,0,,67,8,2010,3,39.919,-75.2103,1616.0,6,0,0,0,0,0,0,0,0,,0,0,0,16.0,1,0,0,,0,39 55:08.290,,7,75 12:37.029,9,0,0,0,67301,0,0,0,N,0,0,0,3,67301,0,,1,1,,N,N,,0,,0,0,0,0,0,,1616.0,0,2,0,0,0,0,3,3,4,0,2,3,,N,,,,,,,,,,,
2010094268,200.0,2,0,0,0,0,0,0,0,0,5,0,,67,8,2010,7,40.0526,-75.1827,200.0,6,0,0,0,0,0,0,0,0,,0,0,0,2.0,3,0,0,,0,40 03:09.250,,0,75 10:57.640,9,0,0,0,67301,0,0,0,,0,0,0,1,67301,0,,6,1,,,,,0,,0,0,0,0,0,,200.0,0,2,0,0,0,0,1,3,4,0,2,3,,N,,,,,,,,,,,
2010091264,1330.0,2,0,0,0,0,0,0,0,0,4,0,99.0,67,8,2010,2,40.0485,-74.9978,1314.0,6,0,0,0,0,0,0,0,0,2.0,0,0,0,13.0,1,0,2,,1,40 02:54.282,1.0,8,74 59:51.580,0,0,0,0,67301,0,0,0,N,0,0,0,2,67301,0,,1,1,,N,N,,0,,0,0,0,0,0,Y,1313.0,0,2,0,0,0,0,0,3,4,0,2,3,,Y,4.0,1.0,Y,U,U,N,Y,Y,U,Y,
2010088852,1830.0,3,0,0,0,0,0,0,0,0,1,0,,67,8,2010,6,39.9078,-75.1512,1828.0,6,0,0,0,0,0,1,1,0,,0,0,0,18.0,1,1,0,,0,39 54:27.928,,0,75 09:04.448,4,0,0,0,67301,0,0,0,N,0,0,0,5,67301,1,,1,1,,N,N,,0,,0,0,1,0,0,,1825.0,1,4,0,0,0,0,0,3,4,0,4,3,,N,,,,,,,,,,,
2010088898,754.0,2,0,0,0,0,0,0,0,0,1,0,,67,8,2010,2,40.0496,-75.0956,750.0,6,0,0,0,0,0,0,0,0,,0,0,0,7.0,1,2,1,,0,40 02:58.479,,0,75 05:44.227,2,0,0,0,67301,0,0,0,,0,0,0,3,67301,1,,1,1,,N,N,,0,,0,1,0,3,2,,715.0,2,2,0,0,0,0,0,3,4,0,2,3,,N,,,,,,,,,,,
2010088922,2359.0,1,0,0,0,0,0,0,0,0,4,0,,67,8,2010,6,40.0751,-75.0015,2359.0,6,0,0,1,0,0,0,0,0,,0,0,0,23.0,3,1,2,,0,40 04:30.369,,0,75 00:05.500,8,0,0,0,67301,0,0,0,N,0,0,0,2,67301,0,,1,1,,N,N,,1,,0,0,0,3,2,,2350.0,1,2,0,0,0,1,0,3,4,0,2,3,,N,,,,,,,,,,,
2010059013,700.0,2,0,0,0,0,0,0,0,0,4,0,,67,5,2010,4,40.0404,-75.0655,700.0,6,0,0,0,1,0,0,1,0,2.0,0,0,0,7.0,1,1,5,,1,40 02:25.526,1.0,0,75 03:55.923,4,0,0,0,67301,0,0,0,N,0,0,0,2,67301,1,,1,1,,N,N,,0,,0,0,0,3,2,N,700.0,1,2,0,0,0,0,0,3,4,0,2,3,5.0,N,,,,,,,,,,,
2010040564,1742.0,1,0,0,0,0,0,0,0,0,5,0,,67,3,2010,7,39.9803,-75.2141,1740.0,6,0,0,0,0,0,0,1,0,,0,0,0,17.0,4,3,1,,0,39 58:49.154,,0,75 12:51.152,8,0,0,0,67301,0,0,0,N,0,0,0,3,67301,0,,1,9,,N,N,,0,,0,0,0,3,2,,1730.0,3,2,0,0,0,3,0,3,4,1,2,7,,N,,,,,,,,,,,
2010011803,2128.0,1,0,0,0,0,0,0,0,0,1,0,,67,1,2010,1,39.9797,-75.2046,2126.0,6,0,0,0,0,0,0,0,0,1.0,0,0,0,21.0,3,0,0,,1,39 58:49.311,3.0,0,75 12:20.280,0,0,0,0,67301,0,0,0,N,0,0,0,6,68K01,0,,1,9,,N,N,,1,,0,0,0,0,0,N,2123.0,0,3,0,0,0,0,0,3,4,0,2,7,,N,,,,,,,,,,,
2010085376,325.0,1,0,0,0,0,0,0,0,0,8,0,,67,7,2010,1,40.0058,-75.0964,315.0,6,0,0,0,0,0,1,0,0,,0,0,0,99.0,3,1,1,,0,40 00:21.041,,0,75 05:47.026,4,0,0,0,67301,1,0,0,N,1,0,0,2,67301,1,,1,1,,N,N,,0,,0,0,0,3,2,,9999.0,1,2,0,0,0,0,0,3,4,0,1,3,,N,,,,,,,,,,,
2010085044,2215.0,2,0,0,0,0,0,0,0,0,4,0,45.0,67,8,2010,4,39.8896,-75.2013,2207.0,6,0,0,0,0,0,0,0,1,,0,0,0,22.0,3,3,0,,0,39 53:51.248,,3,75 11:10.986,3,0,0,0,67301,1,0,0,N,0,0,0,3,68K01,2,,1,1,,N,N,,0,,1,0,0,3,7,,2206.0,3,3,0,0,0,0,0,3,4,1,3,3,,Y,3.0,1.0,Y,N,N,Y,Y,N,N,N,
2010122493,750.0,2,0,0,0,0,0,0,0,0,1,0,,67,11,2010,4,40.0293,-75.1064,739.0,6,0,0,0,0,0,0,0,0,1.0,0,0,0,7.0,1,2,0,,2,40 01:45.873,2.0,0,75 06:22.381,4,0,0,0,67301,0,0,0,,0,0,0,5,67301,2,,1,1,,,,,0,,0,0,0,0,0,Y,730.0,2,2,0,0,0,0,0,3,4,0,2,3,,N,,,,,,,,,,,
2010122561,1740.0,1,0,0,1,0,0,0,0,0,5,0,,67,11,2010,6,39.9616,-75.1666,1733.0,6,0,0,0,0,0,0,0,0,,0,0,0,16.0,1,1,0,,0,39 57:41.766,,0,75 09:59.625,4,0,0,0,67301,1,0,0,,0,0,0,2,67301,1,,1,1,,,,,0,,0,0,0,0,0,,1630.0,1,2,0,0,0,0,0,3,4,0,1,3,,N,,,,,,,,,,,
2010122648,845.0,1,0,0,0,0,0,0,0,0,7,0,,67,11,2010,1,40.0808,-75.0373,841.0,6,0,0,0,0,0,0,0,0,,0,0,0,8.0,1,1,0,,0,40 04:50.925,,0,75 02:14.133,3,0,0,0,67301,0,0,0,N,0,0,0,1,67301,0,,5,1,,N,N,,0,,1,0,0,0,0,,836.0,1,1,0,0,1,0,0,3,4,0,1,3,,N,,,,,,,,,,,
2010039175,1753.0,2,0,0,0,0,0,0,0,0,4,0,,67,3,2010,6,40.078,-75.0862,1749.0,6,0,0,1,0,0,0,0,0,,0,0,0,17.0,3,1,2,,0,40 04:40.758,,0,75 05:10.164,8,0,0,0,67301,0,0,0,N,0,0,0,4,67301,0,,1,9,,N,N,,0,,0,0,0,3,3,,1744.0,1,2,0,0,0,1,0,3,4,0,2,7,,N,,,,,,,,,,,
2010039189,1737.0,2,0,0,0,0,0,0,0,0,4,0,,67,4,2010,7,39.9888,-75.1804,1733.0,6,0,0,0,0,0,0,0,0,,0,0,0,17.0,1,1,0,,0,39 59:19.775,,0,75 10:49.313,3,0,0,0,67301,0,0,0,N,0,0,0,3,67301,0,,5,1,,N,N,,0,,1,0,0,3,2,,1731.0,1,2,0,0,0,0,0,3,4,0,2,3,,N,,,,,,,,,,,
2010039195,705.0,1,0,0,0,0,0,0,0,0,7,0,,67,4,2010,1,40.0282,-75.1905,701.0,6,0,0,0,0,0,0,0,0,1.0,0,0,0,6.0,1,0,0,,1,40 01:41.480,1.0,0,75 11:25.770,0,0,0,0,67301,0,0,0,N,0,0,0,1,67301,0,,2,1,,N,N,,0,,0,0,0,0,0,N,655.0,0,1,0,0,0,0,0,3,4,0,1,3,,N,,,,,,,,,,,
2010039303,1710.0,1,0,0,0,0,0,0,0,0,5,0,,67,4,2010,5,39.9229,-75.1872,1710.0,6,0,0,0,0,0,1,0,0,,0,0,0,99.0,1,1,0,,0,39 55:22.351,,0,75 11:13.756,4,0,0,0,67301,1,0,0,N,0,0,0,2,67301,1,,1,1,,N,N,,0,,0,0,1,0,0,,9999.0,1,2,0,0,0,0,0,3,4,0,2,3,,N,,,,,,,,,,,
2010039323,9999.0,2,0,0,0,0,0,0,0,0,1,0,,67,3,2010,3,39.9508,-75.1638,233.0,6,0,0,0,0,0,1,0,0,,0,0,0,2.0,3,1,1,,0,39 57:03.048,,0,75 09:49.788,4,0,0,0,67301,0,0,0,,0,0,0,3,67301,1,,1,9,,N,,,0,,0,0,0,3,2,,233.0,1,2,0,0,0,0,0,3,4,0,2,7,,N,,,,,,,,,,,
2010038317,1131.0,1,0,0,0,0,0,0,0,0,8,0,,67,3,2010,2,39.9528,-75.1669,1129.0,6,0,0,0,0,0,0,0,0,,0,0,0,11.0,1,1,1,,0,39 57:10.041,,0,75 10:00.776,8,0,0,0,67301,1,0,0,N,1,0,0,2,67301,0,,1,1,,N,N,,0,,0,0,0,3,2,,1128.0,1,2,0,0,0,1,0,3,4,0,1,3,,N,,,,,,,,,,,
2010012848,1533.0,1,0,0,0,0,0,0,0,0,1,0,,67,1,2010,3,39.9578,-75.162,1525.0,6,0,0,0,0,0,1,0,0,1.0,0,0,0,15.0,1,0,0,,1,39 57:28.072,3.0,0,75 09:43.061,0,0,0,0,67301,0,0,0,N,0,0,0,2,68K01,0,,1,1,,N,N,,0,,0,0,0,0,0,N,1522.0,0,2,0,0,0,0,0,3,4,1,2,3,,N,,,,,,,,,,,
2010013032,2323.0,1,0,0,0,0,0,0,0,0,7,0,,67,1,2010,7,39.9961,-75.197,2320.0,6,0,0,0,0,1,0,0,0,2.0,0,0,0,23.0,3,2,0,,1,39 59:49.734,4.0,0,75 11:46.700,3,0,0,0,67301,0,0,0,N,0,0,0,2,68K01,1,,3,1,,N,N,,0,,1,0,0,0,0,N,2319.0,2,1,0,0,1,0,0,3,4,0,1,3,,N,,,,,,,,,,,
2010005005,1217.0,2,0,0,0,0,0,0,0,0,7,1,,67,1,2010,2,39.959,-75.1575,1203.0,6,0,0,0,0,0,0,0,0,3.0,0,1,0,11.0,1,0,0,,2,39 57:32.463,4.0,0,75 09:26.924,0,0,0,0,67301,0,0,0,N,0,0,0,1,67301,0,,5,1,,N,N,,0,,0,0,0,0,0,Y,1155.0,0,3,0,0,0,0,0,3,4,0,3,3,,N,,,,,,,,,,,
2010007807,1421.0,2,0,0,0,0,0,0,0,0,1,0,,67,1,2010,2,39.8901,-75.2396,1421.0,6,0,0,0,0,1,0,0,0,,0,0,0,14.0,1,1,0,,0,39 53:23.449,,0,75 14:23.704,4,0,0,0,67301,0,0,0,N,0,0,0,3,68K01,1,,1,1,,N,N,,0,,0,0,0,0,0,,1420.0,1,2,0,0,0,0,0,3,4,0,2,3,,N,,,,,,,,,,,
2010016907,1905.0,2,0,0,0,0,0,0,0,0,4,0,,67,1,2010,7,39.9736,-75.2089,1903.0,6,0,0,0,0,0,1,0,0,1.0,0,0,0,18.0,3,0,2,,2,39 58:24.815,3.0,0,75 12:31.882,0,0,0,0,67301,0,0,0,N,0,0,0,3,67301,0,,1,1,,N,N,,0,,0,0,0,3,2,N,1850.0,0,2,0,0,0,0,0,3,4,0,2,3,,N,,,,,,,,,,,
2010016931,325.0,2,0,0,0,0,0,0,0,0,6,0,,67,1,2010,7,40.0248,-75.1303,325.0,6,0,0,0,0,0,0,0,0,2.0,0,0,0,3.0,3,2,1,,2,40 01:28.929,5.0,0,75 07:50.008,4,0,0,0,67301,0,0,0,N,0,0,0,3,67301,1,,1,1,,,,,0,,0,0,0,3,2,N,322.0,2,2,0,0,0,1,0,3,4,0,2,3,,N,,,,,,,,,,,
2010017045,845.0,2,0,0,0,0,0,0,0,0,4,0,,67,1,2010,6,40.0759,-75.0509,831.0,6,0,0,0,0,0,0,1,0,,0,0,0,8.0,1,0,0,,0,40 04:33.117,,0,75 03:03.178,0,0,0,0,67301,0,0,0,N,0,0,0,2,67301,0,,1,6,,N,N,,0,,0,0,0,0,0,,820.0,0,2,0,0,0,0,0,3,4,0,2,10,,N,,,,,,,,,,,
2010021521,1706.0,1,0,0,0,0,0,1,0,0,4,1,,67,1,2010,4,39.9127,-75.1399,1703.0,6,0,0,0,0,0,0,0,0,1.0,0,0,0,17.0,1,2,0,,1,39 54:45.740,4.0,7,75 08:23.594,3,0,0,0,67301,0,0,0,,0,0,0,3,67301,1,,1,1,,,,,0,,1,0,0,0,0,Y,1702.0,2,2,0,0,0,0,0,3,4,0,2,3,,N,,,,,,,,,,,
2010021553,633.0,1,0,0,0,0,0,0,0,0,8,0,,67,1,2010,5,40.064,-75.2397,630.0,6,0,0,0,0,0,1,0,0,9.0,0,0,0,6.0,3,1,1,,1,40 03:50.931,2.0,0,75 14:23.124,8,0,0,0,67301,1,0,0,,1,0,0,2,67301,0,,1,1,,N,N,,0,,0,0,0,3,2,N,625.0,1,2,0,0,1,1,0,3,4,0,1,3,,N,,,,,,,,,,,
2010084746,2317.0,1,0,0,0,0,0,0,0,0,1,0,,67,9,2010,7,40.0266,-75.0957,2302.0,6,0,0,0,0,0,0,0,0,2.0,0,0,0,21.0,3,0,0,,1,40 01:35.639,2.0,0,75 05:44.399,9,0,0,0,67301,0,0,0,N,0,0,0,6,67301,0,,1,1,,N,N,,0,,0,0,1,0,0,N,2155.0,0,3,0,0,0,0,1,3,4,0,3,3,,N,,,,,,,,,,,
2010048463,1203.0,0,0,0,0,0,0,0,0,0,6,0,,67,4,2010,5,39.9826,-75.1705,1105.0,6,0,0,0,0,0,0,0,1,,0,0,0,11.0,1,1,0,,0,39 58:57.302,,0,75 10:13.645,8,0,0,0,67301,1,0,0,,1,0,0,2,67301,0,,1,1,,N,N,,1,,0,0,0,0,0,,1105.0,1,2,0,0,0,1,0,3,4,0,1,3,,N,,,,,,,,,,,
2010060744,1159.0,0,0,0,0,0,0,0,0,0,1,0,,67,6,2010,1,,,1159.0,6,0,0,0,0,0,1,0,0,,0,0,0,11.0,1,0,10,,0,,,3,,0,0,0,0,67301,0,0,0,N,0,0,0,10,67501,0,,1,1,,N,N,,1,,0,0,1,0,0,,1159.0,0,3,0,0,0,0,0,3,3,1,3,3,,N,,,,,,,,,,,
2010075109,1425.0,1,0,0,0,0,0,0,0,0,4,0,,67,7,2010,1,40.0101,-75.1576,1420.0,6,0,0,0,0,0,1,0,0,,0,0,0,14.0,1,1,2,,0,40 00:36.235,,0,75 09:27.174,4,0,0,0,67301,0,0,0,N,0,0,0,6,67301,1,,1,1,,N,N,,0,,0,0,0,3,2,,1418.0,1,2,0,0,0,0,0,3,4,1,2,3,,N,,,,,,,,,,,
2010064773,1655.0,0,0,0,0,0,0,0,0,0,8,0,,67,5,2010,3,40.0729,-75.0759,1651.0,6,0,0,0,0,0,0,0,0,,0,0,0,16.0,1,1,1,,0,40 04:22.410,,0,75 04:33.193,4,0,0,0,67301,1,0,0,,1,0,0,2,67301,1,,1,1,,,,,0,,0,0,0,3,2,,1649.0,1,2,0,0,0,0,0,3,4,1,1,3,,N,,,,,,,,,,,
2010044888,455.0,1,0,0,1,0,0,0,0,0,1,0,,67,4,2010,5,39.9612,-75.1474,450.0,6,0,0,0,0,0,0,0,0,1.0,0,0,0,4.0,3,1,0,,1,39 57:40.359,4.0,0,75 08:50.771,8,0,0,0,67301,1,0,0,N,0,0,0,2,67301,0,,1,1,,N,N,,0,,0,0,0,0,0,Y,450.0,1,2,0,0,0,1,0,3,4,0,1,3,,N,,,,,,,,,,,
2010045074,112.0,1,0,0,0,0,0,0,0,0,1,0,,67,4,2010,5,39.9664,-75.1687,106.0,6,0,0,0,0,0,0,0,1,,0,0,0,99.0,1,0,0,,0,39 57:59.123,,0,75 10:07.492,9,0,0,0,67301,0,0,0,,0,0,0,1,67301,0,,6,1,,,,,1,,0,0,2,0,0,,9999.0,0,4,0,0,0,0,1,3,4,0,4,3,,N,,,,,,,,,,,
2010103937,1526.0,0,0,0,0,0,0,1,0,0,8,1,,67,6,2010,3,39.959,-75.1739,1524.0,6,0,0,0,0,0,1,0,0,3.0,0,0,0,15.0,1,1,1,,2,39 57:32.371,6.0,6,75 10:26.147,2,0,0,0,67301,1,0,1,N,1,0,1,2,67301,0,,1,1,,N,N,,0,,0,1,0,3,2,Y,1500.0,1,2,0,0,0,0,0,3,4,0,1,3,,N,,,,,,,,,,,
2010094102,1212.0,3,0,0,0,0,0,0,0,0,5,0,,67,8,2010,6,39.9504,-75.1917,1212.0,6,0,0,0,0,0,0,0,0,,0,0,0,12.0,1,0,0,,0,39 57:01.279,,0,75 11:30.024,0,0,0,0,67301,0,0,0,N,0,0,0,2,67301,0,,1,1,,N,N,,0,,0,0,0,0,0,,1212.0,0,3,0,0,0,0,0,3,4,0,3,3,,N,,,,,,,,,,,
2010094107,1950.0,1,0,0,0,0,0,0,0,0,8,0,,67,8,2010,6,40.0204,-75.1218,1949.0,6,0,0,0,1,0,0,0,0,,0,0,0,19.0,4,1,0,,0,40 01:13.317,,0,75 07:18.339,4,0,0,0,67301,1,0,0,,1,0,0,2,67301,1,,1,98,,,,,0,,0,0,0,0,0,,1920.0,1,2,0,0,0,0,0,3,4,0,1,99,,N,,,,,,,,,,,