CRN,ARRIVAL_TM,AUTOMOBILE_COUNT,BELTED_DEATH_COUNT,BELTED_SUSP_SERIOUS_INJ_COUNT,BICYCLE_COUNT,BICYCLE_DEATH_COUNT,BICYCLE_SUSP_SERIOUS_INJ_COUNT,BUS_COUNT,CHLDPAS_DEATH_COUNT,CHLDPAS_SUSP_SERIOUS_INJ_COUNT,COLLISION_TYPE,COMM_VEH_COUNT,CONS_ZONE_SPD_LIM,COUNTY,CRASH_MONTH,CRASH_YEAR,DAY_OF_WEEK,DEC_LAT,DEC_LONG,DISPATCH_TM,DISTRICT,DRIVER_COUNT_16YR,DRIVER_COUNT_17YR,DRIVER_COUNT_18YR,DRIVER_COUNT_19YR,DRIVER_COUNT_20YR,DRIVER_COUNT_50_64YR,DRIVER_COUNT_65_74YR,DRIVER_COUNT_75PLUS,EST_HRS_CLOSED,FATAL_COUNT,HEAVY_TRUCK_COUNT,HORSE_BUGGY_COUNT,HOUR_OF_DAY,ILLUMINATION,INJURY_COUNT,INTERSECT_TYPE,INTERSECTION_RELATED,LANE_CLOSED,LATITUDE,LN_CLOSE_DIR,LOCATION_TYPE,LONGITUDE,MAX_SEVERITY_LEVEL,MCYCLE_DEATH_COUNT,MCYCLE_SUSP_SERIOUS_INJ_COUNT,MOTORCYCLE_COUNT,MUNICIPALITY,NONMOTR_COUNT,NONMOTR_DEATH_COUNT,NONMOTR_SUSP_SERIOUS_INJ_COUNT,NTFY_HIWY_MAINT,PED_COUNT,PED_DEATH_COUNT,PED_SUSP_SERIOUS_INJ_COUNT,PERSON_COUNT,POLICE_AGCY,POSSIBLE_INJ_COUNT,RDWY_SURF_TYPE_CD,RELATION_TO_ROAD,ROAD_CONDITION,ROADWAY_CLEARED,SCH_BUS_IND,SCH_ZONE_IND,SECONDARY_CRASH,SMALL_TRUCK_COUNT,SPEC_JURIS_CD,SUSP_MINOR_INJ_COUNT,SUSP_SERIOUS_INJ_COUNT,SUV_COUNT,TCD_FUNC_CD,TCD_TYPE,TFC_DETOUR_IND,TIME_OF_DAY,TOT_INJ_COUNT,TOTAL_UNITS,UNB_DEATH_COUNT,UNB_SUSP_SERIOUS_INJ_COUNT,UNBELTED_OCC_COUNT,UNK_INJ_DEG_COUNT,UNK_INJ_PER_COUNT,URBAN_AREA,URBAN_RURAL,VAN_COUNT,VEHICLE_COUNT,WEATHER1,WEATHER2,WORK_ZONE_IND,WORK_ZONE_LOC,WORK_ZONE_TYPE,WORKERS_PRES,WZ_CLOSE_DETOUR,WZ_FLAGGER,WZ_LAW_OFFCR_IND,WZ_LN_CLOSURE,WZ_MOVING,WZ_OTHER,WZ_SHLDER_MDN,WZ_WORKERS_INJ_KILLED
2010094235,1700.0,1,0,0,0,0,0,0,0,0,1,0,,67,8,2010,2,39.9724,-75.2606,1652.0,6,0,0,0,0,0,0,0,0,,0,0,0,16.0,1,1,0,,0,39 58:20.740,,0,75 15:38.140,8,0,0,0,67301,0,0,0,,0,0,0,3,67301,0,,1,9,,N,N,,1,,0,0,0,0,0,,1652.0,1,2,0,0,0,1,1,3,4,0,2,7,,N,,,,,,,,,,,
2010094261,1205.0,3,0,0,0,0,0,0,0,0,1,0,,67,9,2010,5,40.0444,-75.1435,1200.0,6,0,0,0,0,0,1,0,0,,0,0,0,11.0,1,1,1,,0,40 02:39.900,,0,75 08:36.425,4,0,0,0,67301,0,0,0,,0,0,0,4,67301,1,,1,1,,,,,0,,0,0,0,3,2,,1150.0,1,3,0,0,0,0,0,3,4,0,3,3,,N,,,,,,,,,,,
2010094281,1147.0,2,0,0,0,0,0,0,0,0,4,0,,67,9,2010,1,39.9208,-75.2466,1147.0,6,0,0,0,0,0,0,1,0,,0,0,0,11.0,1,0,2,,0,39 55:14.800,,0,75 14:47.937,9,0,0,0,67301,0,0,0,N,0,0,0,2,67301,0,,1,1,,N,N,,0,,0,0,0,0,0,,1147.0,0,2,0,0,0,0,2,3,4,0,2,3,,N,,,,,,,,,,,
2010113733,257.0,1,0,0,1,0,0,0,0,0,4,0,,67,10,2010,7,39.9579,-75.1623,252.0,6,0,0,0,1,0,0,0,0,9.0,0,0,0,2.0,3,1,1,,2,39 57:29.007,4.0,0,75 09:44.230,8,0,0,0,67301,1,0,0,,0,0,0,2,67301,0,,1,1,,,,,0,,0,0,0,3,2,N,249.0,1,2,0,0,0,1,0,3,4,0,1,3,,N,,,,,,,,,,,
2010113744,1555.0,1,0,0,0,0,0,0,0,0,1,0,,67,10,2010,4,40.0673,-75.0088,1550.0,6,0,0,0,0,0,0,0,0,,0,0,0,15.0,1,1,1,,0,40 04:02.789,,0,75 00:32.080,3,0,0,0,67301,0,0,0,,0,0,0,2,67301,0,,1,1,,,,,0,,1,0,0,3,3,,1550.0,1,2,0,0,0,0,0,3,4,1,2,3,,N,,,,,,,,,,,
2010093722,840.0,1,0,0,0,0,0,0,0,0,8,0,,67,8,2010,7,39.9226,-75.1854,830.0,6,0,0,0,0,0,0,0,0,,0,0,0,8.0,1,1,1,,0,39 55:21.577,,0,75 11:06.523,8,0,0,0,67301,1,0,0,N,1,0,0,2,67301,0,,1,1,,N,N,,0,,0,0,0,3,2,,825.0,1,2,0,0,0,1,0,3,4,0,1,3,,N,,,,,,,,,,,
2010113466,1658.0,1,0,0,0,0,0,0,0,0,1,0,,67,11,2010,5,39.9446,-75.198,1641.0,6,0,0,0,0,0,0,0,0,,0,0,0,16.0,8,1,7,,0,39 56:40.392,,0,75 11:52.814,8,0,0,0,67301,0,0,0,N,0,0,0,4,68K01,0,,1,9,,N,N,,0,,0,0,0,0,0,,1636.0,1,2,0,0,0,1,0,3,4,1,2,7,,N,,,,,,,,,,,
2010091277,2230.0,2,0,0,0,0,0,0,0,0,4,0,,67,7,2010,4,40.0306,-75.2198,2230.0,6,0,0,0,0,1,0,0,0,,0,0,0,22.0,3,1,2,,0,40 01:50.088,,0,75 13:11.211,4,0,0,0,67301,0,0,0,N,0,0,0,3,67301,1,,1,1,,N,N,,0,,0,0,0,3,3,,2220.0,1,2,0,0,0,0,0,3,4,0,2,3,,N,,,,,,,,,,,
2010113544,1435.0,1,0,0,0,0,0,0,0,0,8,0,,67,10,2010,6,40.055,-75.0728,1430.0,6,0,0,0,0,0,0,0,0,,0,0,0,99.0,1,1,0,,0,40 03:18.055,,0,75 04:22.151,4,0,0,0,67301,1,0,0,N,1,0,0,2,67301,1,,1,1,,N,Y,,0,,0,0,0,0,0,,9999.0,1,2,0,0,0,0,0,3,4,0,1,3,,N,,,,,,,,,,,
2010088855,2000.0,0,0,0,1,0,0,0,0,0,4,0,,67,8,2010,3,39.94,-75.1662,1950.0,6,0,0,0,0,0,0,0,0,,0,0,0,19.0,1,1,1,,0,39 56:24.070,,0,75 09:58.832,8,0,0,0,67301,1,0,0,,0,0,0,2,67301,0,,1,1,,,,,0,,0,0,0,2,2,,1930.0,1,2,0,0,0,1,0,3,4,1,1,3,,N,,,,,,,,,,,
2010110791,815.0,1,0,0,0,0,0,0,0,0,4,0,,67,10,2010,5,40.0092,-75.069,759.0,6,0,0,0,0,0,0,1,0,1.0,0,0,0,7.0,1,1,1,,1,40 00:33.068,2.0,2,75 04:08.444,4,0,0,0,67301,0,0,0,N,0,0,0,2,67301,1,,1,1,,N,N,,1,,0,0,0,3,2,N,759.0,1,2,0,0,0,0,0,3,4,0,2,3,,N,,,,,,,,,,,
2010110801,917.0,1,0,0,0,0,0,0,0,0,4,1,,67,10,2010,5,40.0189,-75.0495,914.0,6,0,0,0,0,0,1,0,0,,0,1,0,9.0,1,0,1,,0,40 01:08.120,,0,75 02:58.216,9,0,0,0,67301,0,0,0,N,0,0,0,2,67301,0,,1,1,,N,N,,0,,0,0,0,3,3,,913.0,0,2,0,0,0,0,1,3,4,0,2,3,,N,,,,,,,,,,,
2010110806,852.0,1,0,0,0,0,0,0,0,0,8,0,,67,10,2010,6,40.0532,-75.1577,851.0,6,0,0,0,0,0,0,0,0,,0,0,0,99.0,1,1,2,,0,40 03:11.660,,0,75 09:27.723,8,0,0,0,67301,1,0,0,N,1,0,0,2,67301,0,,1,1,,N,N,,0,,0,0,0,3,3,,9999.0,1,2,0,0,0,1,0,3,4,0,1,3,,N,,,,,,,,,,,
2010088949,1218.0,2,0,0,0,0,0,0,0,0,1,0,,67,8,2010,2,40.001,-75.148,1215.0,6,0,0,0,0,0,1,0,0,,0,0,0,11.0,1,3,1,,0,40 00:03.604,,0,75 08:53.867,2,0,0,0,67301,0,0,0,,0,0,0,4,67301,2,,1,1,,,,,0,,0,1,0,3,2,,1130.0,3,2,0,0,0,0,0,3,4,0,2,3,,N,,,,,,,,,,,
2010110820,2214.0,0,0,0,1,0,0,0,0,0,4,0,,67,10,2010,7,39.9055,-75.1741,2206.0,6,0,0,0,0,0,0,0,0,,0,0,0,21.0,3,2,0,,0,39 54:19.725,,0,75 10:26.875,3,0,0,1,67301,2,0,0,,0,0,0,3,67301,0,,1,1,,,,,0,,2,0,0,3,2,,2156.0,2,2,0,0,0,0,0,3,4,0,1,3,,N,,,,,,,,,,,
2010110872,813.0,1,0,0,0,0,0,0,0,0,4,0,,67,10,2010,5,40.0443,-75.0963,806.0,6,0,0,0,0,0,0,0,0,,0,0,0,8.0,1,2,1,,0,40 02:39.436,,0,75 05:46.838,8,0,0,0,67301,0,0,0,N,0,0,0,3,67301,0,,1,1,,N,N,,0,,0,0,0,3,3,,805.0,2,2,0,0,0,2,0,3,4,1,2,99,,N,,,,,,,,,,,
2010110895,1818.0,1,0,0,0,0,0,0,0,0,1,0,,67,9,2010,4,39.9326,-75.1678,1812.0,6,0,0,0,0,0,0,0,0,,0,0,0,16.0,1,0,0,,0,39 55:56.919,,0,75 10:04.305,0,0,0,0,67301,0,0,0,N,0,0,0,1,67301,0,,1,1,,N,N,,0,,0,0,1,3,2,,1612.0,0,3,0,0,0,0,0,3,4,1,3,3,,N,,,,,,,,,,,
2010040562,1500.0,2,0,0,0,0,0,0,0,0,1,0,,67,3,2010,6,40.0385,-75.0722,1500.0,6,0,0,0,0,0,0,0,0,,0,0,0,14.0,1,1,0,,0,40 02:18.531,,0,75 04:19.981,4,0,0,0,67301,2,0,0,,0,0,0,4,67301,1,,2,9,,N,Y,,0,,0,0,0,0,0,,1457.0,1,2,0,0,0,0,2,3,4,0,2,7,,N,,,,,,,,,,,
2010040609,1525.0,2,0,0,0,0,0,0,0,0,1,0,99.0,67,3,2010,4,39.9585,-75.1658,1515.0,6,0,0,1,0,0,0,0,0,,0,0,0,14.0,1,2,0,,0,39 57:30.589,,0,75 09:55.774,4,0,0,0,67301,0,0,0,Y,0,0,0,4,67301,2,,1,1,,Y,Y,,0,,0,0,0,3,2,,1455.0,2,2,0,0,0,0,0,3,4,0,2,3,,Y,8.0,8.0,U,U,U,U,U,U,U,U,
2010038037,1727.0,2,0,0,0,0,0,0,0,0,1,0,,67,4,2010,1,,,1727.0,6,0,0,0,0,0,1,0,1,1.0,0,0,0,17.0,1,1,0,,1,,4.0,2,,4,0,0,0,67301,0,0,0,N,0,0,0,3,67501,1,,1,1,,N,N,,1,,0,0,0,0,0,N,1722.0,1,3,0,0,0,0,0,3,3,0,3,3,,N,,,,,,,,,,,
2010011586,352.0,1,0,0,0,0,0,0,0,0,2,0,,67,1,2010,1,39.9586,-75.1471,351.0,6,0,0,0,0,0,0,0,0,1.0,0,0,0,99.0,3,0,1,,1,39 57:31.093,1.0,0,75 08:49.670,0,0,0,0,67301,0,0,0,,0,0,0,5,67301,0,,1,1,,,,,0,,0,0,1,0,0,N,9999.0,0,2,0,0,0,0,0,3,4,0,2,3,,N,,,,,,,,,,,
2010038812,1831.0,0,0,0,0,0,0,1,0,0,8,1,,67,3,2010,2,40.0463,-75.136,1829.0,6,0,0,0,0,0,0,0,0,,0,0,0,18.0,1,1,2,,0,40 02:46.697,,0,75 08:09.622,8,0,0,0,67301,1,0,0,N,1,0,0,2,67301,0,,1,9,,N,N,,0,,0,0,0,3,2,,1828.0,1,2,0,0,0,1,0,3,4,0,1,7,,N,,,,,,,,,,,
2010031745,2245.0,1,1,0,0,0,0,0,0,0,7,1,,67,2,2010,6,39.9964,-75.1968,2237.0,6,0,0,0,0,0,0,0,0,4.0,1,1,0,22.0,3,2,0,,2,39 59:50.871,4.0,0,75 11:46.040,1,0,0,0,67301,0,0,0,N,0,0,0,5,68K01,0,2.0,2,1,,N,N,,0,0.0,0,0,0,0,0,Y,2235.0,2,2,0,0,2,2,1,3,4,0,2,3,,N,,,,,,,,,,,
2010122608,1845.0,1,0,0,0,0,0,0,0,0,8,0,,67,11,2010,6,40.0397,-75.0745,1841.0,6,0,0,0,0,0,1,0,0,,0,0,0,18.0,3,1,0,,0,40 02:22.980,,7,75 04:28.330,8,0,0,0,67301,1,0,0,N,1,0,0,2,67301,0,,1,1,,N,N,,0,,0,0,0,0,0,,1830.0,1,2,0,0,0,1,0,3,4,0,1,3,,N,,,,,,,,,,,
2010122612,1724.0,2,0,0,0,0,0,0,0,0,1,0,,67,11,2010,3,39.9368,-75.1599,1721.0,6,0,1,0,0,0,0,0,0,,0,0,0,17.0,3,1,1,,0,39 56:12.386,,0,75 09:35.812,8,0,0,0,67301,0,0,0,,0,0,0,3,67301,0,,1,1,,N,N,,1,,0,0,0,3,2,,1719.0,1,3,0,0,1,1,0,3,4,0,3,3,,N,,,,,,,,,,,
2010039108,1836.0,3,0,0,0,0,0,0,0,0,1,0,,67,3,2010,2,39.9777,-75.1834,1834.0,6,0,0,0,0,0,0,0,0,3.0,0,0,0,18.0,3,1,1,,2,39 58:39.590,4.0,0,75 11:00.268,8,0,0,0,67301,0,0,0,,0,0,0,2,67301,0,,1,9,,N,N,,0,,0,0,1,0,0,Y,1829.0,1,4,0,0,2,1,0,3,4,0,4,7,,N,,,,,,,,,,,
2010039121,1430.0,1,0,0,0,0,0,0,0,0,4,0,,67,3,2010,2,39.9956,-75.1675,1430.0,6,0,0,0,0,0,0,0,0,,0,0,0,14.0,1,1,1,,0,39 59:44.213,,0,75 10:03.144,3,0,0,1,67301,0,0,0,,0,0,0,3,67301,0,,1,1,,N,N,,0,,1,0,0,3,2,,1430.0,1,2,0,0,0,0,1,3,4,0,2,3,,N,,,,,,,,,,,
2010032481,1305.0,1,0,0,0,0,0,0,0,0,1,0,,67,3,2010,4,39.9893,-75.1555,1303.0,6,0,0,0,0,0,1,0,0,,0,0,0,13.0,1,1,2,,0,39 59:21.634,,0,75 09:19.704,8,0,0,0,67301,0,0,0,,0,0,0,2,67301,0,,1,1,,N,N,,0,,0,0,0,3,2,,1300.0,1,2,0,0,1,1,0,3,4,1,2,3,,N,,,,,,,,,,,
2010032650,131.0,0,0,0,0,0,0,0,0,0,7,0,,67,2,2010,7,40.1184,-74.9818,131.0,6,0,0,1,0,0,0,0,0,3.0,0,0,0,1.0,2,2,0,,2,40 07:09.215,5.0,0,74 58:50.504,3,0,0,0,67301,0,0,0,Y,0,0,0,2,67301,1,,3,2,,N,N,,0,,1,0,1,0,0,Y,130.0,2,1,0,0,2,0,0,3,4,0,1,3,,N,,,,,,,,,,,
2010019198,728.0,2,0,0,0,0,0,0,0,0,1,0,,67,2,2010,3,39.9457,-75.1423,725.0,6,0,0,0,0,0,0,0,0,,0,0,0,7.0,1,0,0,,0,39 56:45.024,,0,75 08:32.184,0,0,0,0,67301,0,0,0,N,0,0,0,2,68K01,0,,1,1,,N,N,,0,,0,0,0,0,0,,725.0,0,2,0,0,0,0,0,3,4,0,2,3,,N,,,,,,,,,,,
2010016785,1515.0,3,0,0,0,0,0,0,0,0,1,0,,67,1,2010,7,39.9582,-75.1653,1506.0,6,0,0,0,0,0,0,0,0,,0,0,0,14.0,1,1,0,,0,39 57:29.539,,0,75 09:55.170,8,0,0,0,67301,0,0,0,N,0,0,0,4,68K01,0,,1,1,,N,N,,0,,0,0,0,0,0,,1457.0,1,3,0,0,0,1,0,3,4,0,3,10,,N,,,,,,,,,,,
2010014319,1515.0,3,0,0,0,0,0,0,0,0,1,0,,67,1,2010,5,39.9408,-75.1952,1448.0,6,0,0,0,0,0,1,0,0,,0,0,0,14.0,1,1,0,,0,39 56:33.926,,0,75 11:35.620,8,0,0,0,67301,0,0,0,N,0,0,0,3,68K01,0,,1,1,,N,N,,0,,0,0,0,0,0,,1445.0,1,3,0,0,0,1,0,3,4,0,3,3,,N,,,,,,,,,,,
2010017197,1537.0,2,0,0,0,0,0,0,0,0,4,0,,67,1,2010,2,40.0226,-75.1782,1537.0,6,0,0,0,0,0,0,0,0,3.0,0,0,0,15.0,1,1,1,,1,40 01:21.296,7.0,0,75 10:41.374,3,0,0,0,67301,0,0,0,,0,0,0,3,67301,0,,1,1,,,,,0,,1,0,1,3,2,Y,1537.0,1,3,0,0,0,0,1,3,4,0,3,3,,N,,,,,,,,,,,
2010017252,1123.0,1,0,0,0,0,0,0,0,0,8,0,,67,1,2010,5,39.9992,-75.1474,1118.0,6,0,0,0,0,0,0,0,0,,0,0,0,11.0,1,2,1,,0,39 59:57.271,,0,75 08:50.495,4,0,0,0,67301,2,0,0,,2,0,0,3,67301,2,,1,1,,,,,0,,0,0,0,3,2,,1115.0,2,3,0,0,0,0,0,3,4,0,1,3,,N,,,,,,,,,,,
2010021726,2310.0,1,0,0,0,0,0,0,0,0,7,0,,67,1,2010,4,40.033,-75.184,2305.0,6,0,0,0,0,0,1,0,0,,0,0,0,23.0,3,0,0,,0,40 01:58.792,,0,75 11:02.448,9,0,0,0,67301,0,0,0,N,0,0,0,1,67301,0,,4,1,,N,N,,0,,0,0,0,0,0,,2300.0,0,1,0,0,0,0,1,3,4,0,1,3,,N,,,,,,,,,,,
2010021701,1715.0,3,0,0,0,0,0,0,0,0,4,0,,67,1,2010,3,39.9276,-75.2403,1710.0,6,0,0,0,0,0,0,0,0,,0,0,0,16.0,2,2,0,,0,39 55:39.188,,0,75 14:24.951,4,0,0,0,67301,0,0,0,,0,0,0,2,67301,2,,1,1,,,,,0,,0,0,0,0,0,,1659.0,2,3,0,0,0,0,0,3,4,0,3,3,,N,,,,,,,,,,,
2010094726,2150.0,0,0,0,0,0,0,0,0,0,1,0,,67,9,2010,4,39.979,-75.1086,2146.0,6,0,0,0,0,0,1,0,0,2.0,0,0,0,21.0,2,0,0,,2,39 58:44.851,1.0,3,75 06:31.275,0,0,0,0,67301,0,0,0,N,0,0,0,6,68K01,0,,1,1,,N,N,,1,,0,0,0,0,0,N,2136.0,0,2,0,0,0,0,0,3,4,1,2,3,,N,,,,,,,,,,,
2010117981,1945.0,2,0,0,0,0,0,0,0,0,4,0,,67,10,2010,6,39.9054,-75.1736,1939.0,6,0,0,0,0,0,0,0,0,,0,0,0,19.0,3,1,0,,0,39 54:19.580,,0,75 10:24.813,4,0,0,0,67301,2,0,0,N,0,0,0,3,67301,1,,1,9,,N,N,,0,,0,0,0,0,0,,1930.0,1,2,0,0,0,0,0,3,4,0,2,3,,N,,,,,,,,,,,
2010084918,2242.0,2,0,0,0,0,0,0,0,0,1,0,,67,8,2010,5,39.9559,-75.1807,2233.0,6,0,0,0,0,0,2,0,0,1.0,0,0,0,22.0,3,2,0,,2,39 57:26.799,3.0,0,75 10:49.289,4,0,0,0,67301,0,0,0,N,0,0,0,3,68K01,2,,1,1,,N,N,,0,,0,0,0,0,0,Y,2230.0,2,2,0,0,0,0,0,3,4,0,2,3,,N,,,,,,,,,,,
2010045135,1045.0,2,0,0,0,0,0,0,0,0,4,0,,67,3,2010,2,40.0501,-75.1505,1045.0,6,0,0,0,0,0,0,1,0,2.0,0,0,0,10.0,1,1,1,,1,40 03:00.190,6.0,0,75 09:01.655,8,0,0,0,67301,0,0,0,,0,0,0,2,67301,0,,1,1,,,,,0,,0,0,0,3,2,Y,1030.0,1,2,0,0,0,1,1,3,4,0,2,3,,N,,,,,,,,,,,
2010098525,844.0,1,0,0,0,0,0,0,0,0,7,0,,67,10,2010,1,39.901,-75.1536,840.0,6,0,0,0,0,0,1,0,0,1.0,0,0,0,8.0,1,0,0,,1,39 54:05.211,1.0,0,75 09:08.649,0,0,0,0,67301,0,0,0,N,0,0,0,1,68K01,0,,2,1,,N,N,,0,,0,0,0,0,0,N,839.0,0,1,0,0,0,0,0,3,4,0,1,3,,N,,,,,,,,,,,
2010094144,15.0,1,0,0,0,0,0,0,0,0,8,0,,67,8,2010,2,40.0345,-75.1149,5.0,6,0,0,0,0,0,0,0,0,,0,0,0,0.0,3,3,1,,0,40 02:04.023,,0,75 06:53.623,4,0,0,0,67301,2,0,0,N,2,0,0,3,67301,2,,4,1,,N,N,,0,,0,0,0,3,2,,5.0,3,3,0,0,1,1,0,3,4,0,1,3,,N,,,,,,,,,,,
2010094151,1850.0,2,0,0,0,0,0,0,0,0,1,0,,67,8,2010,7,40.015,-75.1352,1800.0,6,0,0,0,0,0,0,0,0,,0,0,0,17.0,1,1,1,,0,40 00:54.079,,0,75 08:06.611,4,0,0,0,67301,0,0,0,,0,0,0,4,67301,1,,1,1,,,,,1,,0,0,0,3,2,,1752.0,1,3,0,0,0,0,0,3,4,0,3,3,,N,,,,,,,,,,,
2010094168,1148.0,2,0,0,0,0,0,0,0,0,2,0,,67,9,2010,1,40.1026,-75.0504,1145.0,6,0,0,0,0,0,0,1,0,,0,0,0,11.0,1,0,2,,0,40 06:09.273,,0,75 03:01.335,0,0,0,0,67301,0,0,0,,0,0,0,3,67301,0,,1,1,,N,N,,1,,0,0,0,3,3,,1130.0,0,3,0,0,0,0,0,3,4,0,3,3,,N,,,,,,,,,,,
2010094232,1855.0,1,0,0,0,0,0,0,0,0,8,0,,67,8,2010,1,39.9333,-75.1434,1849.0,6,1,0,0,0,0,0,0,0,,0,0,0,18.0,1,1,2,,0,39 55:59.997,,0,75 08:36.124,8,0,0,0,67301,1,0,0,,1,0,0,3,67301,0,,1,1,,N,N,,0,,0,0,0,3,2,,1840.0,1,2,0,0,0,1,0,3,4,0,1,3,,N,,,,,,,,,,,
2010091453,1627.0,1,0,0,0,0,0,0,0,0,4,0,,67,8,2010,3,39.9638,-75.22,1624.0,6,0,0,0,0,0,2,0,0,,0,0,0,16.0,1,1,1,,0,39 57:49.307,,0,75 13:10.512,3,0,0,0,67301,0,0,0,N,0,0,0,2,67301,0,,1,1,,N,N,,0,,1,0,1,3,2,,1618.0,1,2,0,0,0,0,0,3,4,0,2,3,,N,,,,,,,,,,,
2010091265,1503.0,1,0,0,0,0,0,0,0,0,5,0,,67,8,2010,2,40.0679,-75.0401,1459.0,6,0,0,0,0,0,0,0,0,1.0,0,0,0,14.0,1,1,0,,1,40 04:04.198,1.0,0,75 02:24.479,4,0,0,0,67301,0,0,0,N,0,0,0,2,67301,1,,1,1,,N,N,,0,,0,0,1,0,0,N,1455.0,1,2,0,0,0,0,0,3,4,0,2,3,,N,,,,,,,,,,,
2010091284,2120.0,0,0,0,0,0,0,0,0,0,8,0,,67,8,2010,4,39.9869,-75.0938,2120.0,6,0,0,0,0,0,0,0,0,,0,0,0,20.0,1,1,0,,0,39 59:13.011,,0,75 05:37.566,4,0,0,0,67301,1,0,0,,1,0,0,2,67301,1,,1,1,,,,,0,,0,0,0,0,0,,2030.0,1,2,0,0,0,0,0,3,4,1,1,3,,N,,,,,,,,,,,
2010093877,116.0,2,0,0,0,0,0,0,0,0,4,0,,67,9,2010,2,39.9055,-75.1741,115.0,6,0,0,0,0,0,0,0,0,,0,0,0,1.0,3,2,1,,0,39 54:19.871,,0,75 10:26.843,3,0,0,0,67301,0,0,0,,0,0,0,3,67301,0,,1,1,,,,,0,,2,0,0,3,2,,110.0,2,2,0,0,0,0,0,3,4,0,2,3,,N,,,,,,,,,,,
2010109009,1345.0,1,0,0,0,0,0,0,0,0,7,0,,67,11,2010,4,39.9507,-75.1416,1338.0,6,0,0,0,0,0,0,0,0,,0,0,0,13.0,1,0,0,,0,39 57:02.368,,0,75 08:29.821,0,0,0,0,67301,0,0,0,N,0,0,0,1,68K01,0,,2,1,,N,N,,0,,0,0,0,0,0,,1330.0,0,1,0,0,0,0,0,3,4,0,1,3,,N,,,,,,,,,,,
2010088926,655.0,1,0,0,0,0,0,0,0,0,7,0,,67,7,2010,7,40.0406,-75.1515,645.0,6,0,0,0,0,0,0,0,0,,0,0,0,6.0,1,1,3,,0,40 02:26.273,,0,75 09:05.485,8,0,0,0,67301,0,0,0,N,0,0,0,1,67301,0,,5,1,,N,N,,0,,0,0,0,3,2,,640.0,1,1,0,0,0,1,0,3,4,0,1,3,,N,,,,,,,,,,,
2010088945,940.0,0,0,0,1,0,0,0,0,0,4,0,,67,8,2010,2,40.0205,-75.21,935.0,6,0,0,0,0,0,0,0,1,,0,0,0,9.0,1,1,1,,0,40 01:14.085,,0,75 12:35.868,8,0,0,0,67301,1,0,0,,0,0,0,2,67301,0,,1,1,,,,,0,,0,0,1,3,3,,930.0,1,2,0,0,0,1,0,3,4,0,1,3,,N,,,,,,,,,,,
2010069229,1655.0,0,0,0,0,0,0,0,0,0,8,0,,67,6,2010,7,39.9967,-75.1066,1650.0,6,0,0,0,0,0,0,0,0,,0,0,0,16.0,1,1,1,,0,39 59:48.058,,0,75 06:23.849,4,0,0,0,67301,1,0,0,,1,0,0,2,67301,1,,1,1,,N,N,,0,,0,0,0,3,2,,1636.0,1,2,0,0,1,0,0,3,4,1,1,3,,N,,,,,,,,,,,
2010038619,137.0,1,0,0,0,0,0,0,0,0,7,0,,67,3,2010,5,40.1069,-75.0214,133.0,6,0,0,0,0,0,0,0,0,,0,0,0,1.0,3,0,0,,0,40 06:24.923,,0,75 01:17.092,0,0,0,0,67301,0,0,0,,0,0,0,1,67301,0,,4,1,,N,N,,0,,0,0,0,0,0,,133.0,0,1,0,0,0,0,0,3,4,0,1,3,,N,,,,,,,,,,,
2010085043,517.0,1,0,0,0,0,0,0,0,0,7,0,,67,7,2010,1,40.0105,-75.0633,517.0,6,0,0,0,0,0,0,0,0,2.0,0,0,0,5.0,5,4,0,,1,40 00:37.578,2.0,2,75 03:47.898,3,0,0,0,67301,0,0,0,Y,0,0,0,4,68K01,2,,2,1,,N,N,,0,,2,0,0,0,0,N,515.0,4,1,0,0,2,0,0,3,4,0,1,3,,N,,,,,,,,,,,
2010122346,1100.0,2,0,0,0,0,0,0,0,0,4,0,,67,11,2010,3,40.0014,-75.1515,1100.0,6,0,0,0,0,0,0,0,0,,0,0,0,9.0,1,0,2,,0,40 00:05.153,,0,75 09:05.817,9,0,0,0,67301,0,0,0,N,0,0,0,2,67301,0,,1,9,,N,N,,0,,0,0,0,3,3,,945.0,0,2,0,0,0,0,1,3,4,0,2,7,5.0,N,,,,,,,,,,,
2010041636,1330.0,1,0,0,0,0,0,0,0,0,0,0,,67,4,2010,1,39.9799,-75.1066,1326.0,6,0,0,0,0,0,1,0,0,1.0,0,0,0,13.0,1,2,0,,2,39 58:49.529,2.0,0,75 06:17.444,8,0,0,0,67301,0,0,0,N,0,0,0,2,68K01,0,,1,1,,N,N,,0,,0,0,0,0,0,Y,1324.0,2,1,0,0,0,2,0,3,4,0,1,3,,N,,,,,,,,,,,
2010122538,1532.0,2,0,0,0,0,0,0,0,0,5,0,,67,11,2010,7,40.0166,-75.1523,1530.0,6,0,0,0,0,0,0,0,0,1.0,0,0,0,15.0,1,5,0,,2,40 00:59.726,6.0,7,75 09:08.231,4,0,0,0,67301,0,0,0,,0,0,0,5,67301,5,,1,1,,,,,1,,0,0,0,0,0,Y,1520.0,5,3,0,0,5,0,0,3,4,0,3,3,,N,,,,,,,,,,,