CRN,ARRIVAL_TM,AUTOMOBILE_COUNT,BELTED_DEATH_COUNT,BELTED_SUSP_SERIOUS_INJ_COUNT,BICYCLE_COUNT,BICYCLE_DEATH_COUNT,BICYCLE_SUSP_SERIOUS_INJ_COUNT,BUS_COUNT,CHLDPAS_DEATH_COUNT,CHLDPAS_SUSP_SERIOUS_INJ_COUNT,COLLISION_TYPE,COMM_VEH_COUNT,CONS_ZONE_SPD_LIM,COUNTY,CRASH_MONTH,CRASH_YEAR,DAY_OF_WEEK,DEC_LAT,DEC_LONG,DISPATCH_TM,DISTRICT,DRIVER_COUNT_16YR,DRIVER_COUNT_17YR,DRIVER_COUNT_18YR,DRIVER_COUNT_19YR,DRIVER_COUNT_20YR,DRIVER_COUNT_50_64YR,DRIVER_COUNT_65_74YR,DRIVER_COUNT_75PLUS,EST_HRS_CLOSED,FATAL_COUNT,HEAVY_TRUCK_COUNT,HORSE_BUGGY_COUNT,HOUR_OF_DAY,ILLUMINATION,INJURY_COUNT,INTERSECT_TYPE,INTERSECTION_RELATED,LANE_CLOSED,LATITUDE,LN_CLOSE_DIR,LOCATION_TYPE,LONGITUDE,MAX_SEVERITY_LEVEL,MCYCLE_DEATH_COUNT,MCYCLE_SUSP_SERIOUS_INJ_COUNT,MOTORCYCLE_COUNT,MUNICIPALITY,NONMOTR_COUNT,NONMOTR_DEATH_COUNT,NONMOTR_SUSP_SERIOUS_INJ_COUNT,NTFY_HIWY_MAINT,PED_COUNT,PED_DEATH_COUNT,PED_SUSP_SERIOUS_INJ_COUNT,PERSON_COUNT,POLICE_AGCY,POSSIBLE_INJ_COUNT,RDWY_SURF_TYPE_CD,RELATION_TO_ROAD,ROAD_CONDITION,ROADWAY_CLEARED,SCH_BUS_IND,SCH_ZONE_IND,SECONDARY_CRASH,SMALL_TRUCK_COUNT,SPEC_JURIS_CD,SUSP_MINOR_INJ_COUNT,SUSP_SERIOUS_INJ_COUNT,SUV_COUNT,TCD_FUNC_CD,TCD_TYPE,TFC_DETOUR_IND,TIME_OF_DAY,TOT_INJ_COUNT,TOTAL_UNITS,UNB_DEATH_COUNT,UNB_SUSP_SERIOUS_INJ_COUNT,UNBELTED_OCC_COUNT,UNK_INJ_DEG_COUNT,UNK_INJ_PER_COUNT,URBAN_AREA,URBAN_RURAL,VAN_COUNT,VEHICLE_COUNT,WEATHER1,WEATHER2,WORK_ZONE_IND,WORK_ZONE_LOC,WORK_ZONE_TYPE,WORKERS_PRES,WZ_CLOSE_DETOUR,WZ_FLAGGER,WZ_LAW_OFFCR_IND,WZ_LN_CLOSURE,WZ_MOVING,WZ_OTHER,WZ_SHLDER_MDN,WZ_WORKERS_INJ_KILLED
2010122551,229.0,1,0,0,0,0,0,0,0,0,2,0,,67,11,2010,1,40.0531,-75.0402,224.0,6,0,0,0,0,0,1,0,0,,0,0,0,2.0,3,0,0,,0,40 03:11.313,,0,75 02:24.812,9,0,0,0,67301,0,0,0,N,0,0,0,3,67301,0,,1,1,,N,N,,1,,0,0,0,0,0,,219.0,0,2,0,0,0,0,1,3,4,0,2,3,,N,,,,,,,,,,,
2010038787,1843.0,1,0,0,0,0,0,0,0,0,8,0,,67,3,2010,3,39.9975,-75.1074,1843.0,6,0,0,0,0,0,1,0,0,,0,0,0,99.0,1,1,0,,0,39 59:51.126,,0,75 06:26.585,4,0,0,0,67301,1,0,0,,1,0,0,2,67301,1,,1,1,,,,,0,,0,0,0,0,0,,9999.0,1,2,0,0,0,0,0,3,4,0,1,3,,N,,,,,,,,,,,
2010038789,2140.0,0,0,0,0,0,0,0,0,0,7,0,,67,3,2010,7,40.0121,-75.1316,2133.0,6,0,0,0,0,0,0,0,0,,0,0,0,21.0,3,0,0,,0,40 00:43.662,,0,75 07:53.891,9,0,0,0,67301,0,0,0,,0,0,0,1,67301,0,,5,9,,,,,1,,0,0,0,0,0,,2133.0,0,2,0,0,0,0,1,3,4,0,1,7,,N,,,,,,,,,,,
2010122573,1850.0,1,0,0,0,0,0,0,0,0,8,0,,67,11,2010,7,39.9252,-75.1528,1845.0,6,0,0,0,0,0,0,0,0,,0,0,0,20.0,3,1,1,,0,39 55:30.550,,0,75 09:10.241,4,0,0,0,67301,1,0,0,,1,0,0,2,67301,1,,1,1,,,,,0,,0,0,0,9,9,,2045.0,1,2,0,0,0,0,1,3,4,0,1,99,,N,,,,,,,,,,,
2010122638,815.0,2,0,0,0,0,0,0,0,0,4,0,,67,11,2010,5,39.9944,-75.1046,807.0,6,0,0,0,1,0,0,0,0,,0,0,0,8.0,1,2,2,,0,39 59:39.829,,0,75 06:16.585,4,0,0,0,67301,0,0,0,,0,0,0,5,67301,2,,1,1,,,,,0,,0,0,0,3,3,,800.0,2,2,0,0,4,0,2,3,4,0,2,3,,N,,,,,,,,,,,
2010039000,1935.0,1,0,0,0,0,0,0,0,0,1,0,,67,3,2010,4,40.0002,-75.1422,1930.0,6,0,0,0,0,0,0,0,0,,0,0,0,19.0,1,3,1,,0,40 00:00.892,,0,75 08:31.851,4,0,0,0,67301,0,0,0,N,0,0,0,7,67301,3,,1,1,,N,N,,0,,0,0,0,3,2,,1925.0,3,2,0,0,0,0,0,3,4,1,2,3,,N,,,,,,,,,,,
2010039006,1602.0,4,0,0,0,0,0,0,0,0,1,0,,67,3,2010,4,39.9614,-75.1431,1555.0,6,0,0,0,0,0,0,0,0,,0,1,0,15.0,1,0,0,,0,39 57:40.876,,0,75 08:34.999,0,0,0,0,67301,0,0,0,N,0,0,0,5,67301,0,,1,1,,N,N,,0,,0,0,0,0,0,,1555.0,0,5,0,0,0,0,0,3,4,0,5,3,,N,,,,,,,,,,,
2010039171,1835.0,1,0,0,0,0,0,0,0,0,8,0,,67,3,2010,4,40.0467,-75.1648,1828.0,6,0,0,0,0,0,0,0,0,,0,0,0,18.0,4,1,0,,0,40 02:48.062,,0,75 09:53.197,4,0,0,0,67301,1,0,0,N,1,0,0,2,67301,1,,1,1,,N,N,,0,,0,0,0,0,0,,1800.0,1,2,0,0,0,0,1,3,4,0,1,3,,N,,,,,,,,,,,
2010039275,1608.0,2,0,0,0,0,0,0,0,0,4,0,,67,3,2010,1,40.0578,-75.1848,1607.0,6,0,0,0,0,0,0,0,0,,0,0,0,16.0,1,0,2,,0,40 03:27.979,,0,75 11:05.375,9,0,0,0,67301,0,0,0,N,0,0,0,3,67301,0,,1,9,,N,N,,0,,0,0,0,3,3,,1602.0,0,2,0,0,0,0,1,3,4,0,2,3,,N,,,,,,,,,,,
2010007056,1422.0,1,0,0,0,0,0,0,0,0,1,0,,67,1,2010,7,39.96,-75.1789,1420.0,6,0,0,0,0,0,0,0,0,1.0,0,0,0,14.0,1,0,0,,2,39 57:36.843,4.0,0,75 10:50.474,0,0,0,0,67301,0,0,0,N,0,0,0,4,68K01,0,,1,1,,N,N,,0,,0,0,1,0,0,N,1418.0,0,2,0,0,0,0,0,3,4,0,2,3,,N,,,,,,,,,,,
2010031758,333.0,1,0,0,0,0,0,0,0,0,7,0,,67,3,2010,1,39.9774,-75.1127,333.0,6,0,0,0,0,0,0,0,0,2.0,0,0,0,3.0,3,0,7,,2,39 58:41.178,2.0,2,75 06:41.033,0,0,0,0,67301,0,0,0,Y,0,0,0,1,68K01,0,,2,1,,N,N,,0,,0,0,0,0,0,N,332.0,0,1,0,0,0,0,0,3,4,0,1,3,,N,,,,,,,,,,,
2010031877,1610.0,1,0,0,0,0,0,0,0,0,1,0,,67,3,2010,6,40.0435,-75.0031,1604.0,6,0,0,0,0,0,0,0,0,,0,0,0,15.0,1,1,0,,0,40 02:36.675,,0,75 00:11.037,4,0,0,0,67301,0,0,0,N,0,0,0,3,68K01,1,,1,1,,N,N,,0,,0,0,0,0,0,,1559.0,1,2,0,0,0,0,1,3,4,0,2,3,,N,,,,,,,,,,,
2010029471,1705.0,1,0,0,1,0,0,0,0,0,4,0,,67,2,2010,1,39.9751,-75.1878,1659.0,6,0,0,0,0,0,0,0,0,,0,0,0,16.0,4,1,0,,0,39 58:30.404,,0,75 11:16.015,8,0,0,0,67301,1,0,0,,0,0,0,3,67301,0,,1,6,,N,N,,0,,0,0,0,3,2,,1640.0,1,2,0,0,0,1,0,3,4,0,1,10,,N,,,,,,,,,,,
2010032102,1205.0,3,0,0,0,0,0,0,0,0,1,0,,67,3,2010,3,39.96,-75.1789,1205.0,6,0,0,0,0,0,1,0,0,1.0,0,0,0,12.0,1,2,0,,2,39 57:36.843,4.0,0,75 10:50.474,8,0,0,0,67301,0,0,0,N,0,0,0,4,68K01,0,,1,1,,N,N,,0,,0,0,0,0,0,N,1203.0,2,3,0,0,0,2,0,3,4,0,3,3,,N,,,,,,,,,,,
2010016911,819.0,2,0,0,0,0,0,0,0,0,4,0,,67,1,2010,4,39.9776,-75.1606,818.0,6,0,0,0,0,0,1,0,0,,0,0,0,8.0,1,0,1,,0,39 58:39.345,,0,75 09:38.332,0,0,0,0,67301,0,0,0,N,0,0,0,4,67301,0,,1,1,,N,N,,0,,0,0,0,3,3,,815.0,0,2,0,0,0,0,0,3,4,0,2,3,,N,,,,,,,,,,,
2010019972,1055.0,3,0,0,0,0,0,0,0,0,4,0,,67,1,2010,1,40.0204,-75.0843,1046.0,6,0,0,0,0,0,0,1,0,,0,0,0,99.0,1,4,1,,0,40 01:13.411,,0,75 05:03.526,8,0,0,0,67301,0,0,0,N,0,0,0,5,67301,0,,1,9,,N,N,,0,,0,0,0,3,2,,9999.0,4,3,0,0,0,4,0,3,4,0,3,7,,N,,,,,,,,,,,
2010021484,143.0,1,0,0,0,0,0,0,0,0,7,0,,67,1,2010,1,40.0309,-75.0856,140.0,6,0,0,0,0,0,0,0,0,,0,0,0,1.0,3,0,2,,0,40 01:51.084,,0,75 05:08.060,0,0,0,0,67301,0,0,0,Y,0,0,0,1,67301,0,,5,2,,N,Y,,0,,0,0,0,3,2,,139.0,0,1,0,0,0,0,0,3,4,0,1,10,,N,,,,,,,,,,,
2010021560,22.0,2,0,0,0,0,0,0,0,0,4,0,,67,1,2010,1,40.0337,-75.0282,19.0,6,0,0,0,0,0,0,0,0,,0,0,0,0.0,3,2,0,,0,40 02:01.399,,0,75 01:41.527,4,0,0,0,67301,0,0,0,N,0,0,0,2,67301,2,,5,7,,N,N,,0,,0,0,0,0,0,,8.0,2,2,0,0,0,0,0,3,4,0,2,10,,N,,,,,,,,,,,
2010021630,1408.0,1,0,0,1,0,0,0,0,0,4,0,,67,1,2010,7,40.0488,-75.2354,1406.0,6,0,0,0,0,0,0,0,0,,0,0,0,14.0,1,1,1,,0,40 02:54.625,,0,75 14:06.990,8,0,0,0,67301,1,0,0,N,0,0,0,2,67301,0,,1,1,,N,N,,0,,0,0,0,3,2,,1401.0,1,2,0,0,0,1,0,3,4,0,1,3,,N,,,,,,,,,,,
2010021739,1515.0,1,0,0,0,0,0,0,0,0,8,0,,67,1,2010,2,39.9333,-75.1837,1506.0,6,0,0,0,0,0,0,0,0,,0,0,0,15.0,1,1,0,,0,39 55:59.721,,0,75 11:01.150,4,0,0,0,67301,1,0,0,N,1,0,0,2,67301,1,,1,1,,N,N,,0,,0,0,0,0,0,,1500.0,1,2,0,0,0,0,0,3,4,0,1,3,,N,,,,,,,,,,,
2010117955,750.0,0,0,0,1,0,0,0,0,0,1,0,,67,10,2010,7,39.9674,-75.2457,742.0,6,0,0,0,0,0,0,0,0,,0,0,0,7.0,1,1,1,,0,39 58:02.424,,0,75 14:44.666,8,0,0,0,67301,1,0,0,N,0,0,0,2,67301,0,,1,1,,N,N,,0,,0,0,1,3,2,,735.0,1,2,0,0,0,1,0,3,4,0,1,3,,N,,,,,,,,,,,
2010118013,1545.0,3,0,0,0,0,0,0,0,0,1,0,,67,10,2010,4,39.9057,-75.1939,1535.0,6,0,0,0,0,0,0,0,0,,0,0,0,15.0,1,0,1,,0,39 54:20.727,,0,75 11:38.377,0,0,0,0,67301,0,0,0,N,0,0,0,4,67301,0,,1,98,,N,N,,0,,0,0,1,3,2,,1530.0,0,4,0,0,4,0,0,3,4,0,4,7,,N,,,,,,,,,,,
2010053226,146.0,0,0,0,0,0,0,0,0,0,4,0,,67,4,2010,1,40.0946,-75.0152,141.0,6,0,0,0,0,0,1,0,0,1.0,0,0,0,1.0,3,2,1,,1,40 05:40.718,1.0,0,75 00:54.707,4,0,0,0,67301,0,0,0,N,0,0,0,11,67301,1,,1,9,,N,N,,0,,0,0,0,3,2,N,138.0,2,2,0,0,0,1,1,3,4,2,2,7,,N,,,,,,,,,,,
2010048459,1540.0,1,0,0,1,0,0,0,0,0,4,0,,67,4,2010,7,40.01,-75.0672,1533.0,6,0,0,0,0,0,1,0,0,,0,0,0,15.0,1,1,2,,0,40 00:35.841,,0,75 04:01.873,4,0,0,0,67301,1,0,0,N,0,0,0,3,67301,1,,1,1,,,,,0,,0,0,0,0,0,,1521.0,1,2,0,0,0,0,0,3,4,0,1,3,,N,,,,,,,,,,,
2010045123,1500.0,1,0,0,0,0,0,0,0,0,4,0,,67,4,2010,5,40.0338,-75.0466,455.0,6,0,0,0,1,0,0,0,0,,0,0,0,14.0,1,1,0,,0,40 02:01.705,,7,75 02:47.699,4,0,0,0,67301,0,0,0,N,0,0,0,2,67301,1,,1,1,,N,N,,0,,0,0,1,0,0,,1455.0,1,2,0,0,0,0,0,3,4,0,2,3,,N,,,,,,,,,,,
2010103927,9999.0,3,0,0,0,0,0,0,0,0,1,0,,67,9,2010,1,40.0087,-75.1903,9999.0,6,0,0,0,0,0,0,0,1,1.0,0,0,0,99.0,3,2,0,,2,40 00:36.496,2.0,0,75 11:09.646,4,0,0,0,67301,0,0,0,N,0,0,0,5,67301,2,,1,1,,N,N,,0,,0,0,0,0,0,N,9999.0,2,3,0,0,1,0,0,3,4,0,3,3,,N,,,,,,,,,,,
2010094239,1852.0,2,0,0,0,0,0,0,0,0,4,0,,67,8,2010,3,40.0486,-75.087,1746.0,6,0,0,0,0,0,1,1,0,,0,0,0,17.0,1,2,1,,0,40 02:54.851,,0,75 05:13.124,4,0,0,0,67301,0,0,0,N,0,0,0,2,67301,2,,1,1,,N,N,,1,,0,0,0,3,2,,1745.0,2,3,0,0,0,0,0,3,4,0,3,3,,N,,,,,,,,,,,
2010093699,1606.0,0,0,0,0,0,0,0,0,0,4,0,,67,8,2010,3,39.9693,-75.1561,1604.0,6,0,0,0,0,0,0,0,0,,0,0,0,99.0,1,1,1,,0,39 58:09.508,,0,75 09:21.923,8,0,0,1,67301,0,0,0,,0,0,0,3,67301,0,,1,1,,,,,1,,0,0,0,3,2,,9999.0,1,2,0,0,0,1,0,3,4,0,2,3,,N,,,,,,,,,,,
2010113502,1840.0,1,0,0,1,0,0,0,0,0,3,0,,67,10,2010,6,39.9413,-75.2093,1832.0,6,0,0,0,0,0,1,0,0,,0,0,0,17.0,1,1,0,,0,39 56:28.699,,0,75 12:33.350,3,0,0,0,67301,1,0,0,N,0,0,0,2,67301,0,,2,1,,N,N,,0,,1,0,0,0,0,,1720.0,1,2,0,0,0,0,0,3,4,0,1,3,,N,,,,,,,,,,,
2010111375,1800.0,1,0,0,0,0,0,0,0,0,8,0,,67,10,2010,2,39.9718,-75.1585,1800.0,6,0,0,0,0,0,0,0,0,,0,0,0,99.0,5,1,0,,0,39 58:18.362,,0,75 09:30.660,4,0,0,0,67301,1,0,0,,1,0,0,2,67301,1,,1,9,,,,,0,,0,0,0,0,0,,9999.0,1,2,0,0,0,0,0,3,4,0,1,7,,N,,,,,,,,,,,
2010111376,1510.0,1,0,0,0,0,0,0,0,0,8,0,,67,10,2010,6,39.9546,-75.1965,1508.0,6,0,0,0,0,0,0,0,0,,0,0,0,15.0,1,1,0,,0,39 57:16.578,,0,75 11:47.444,3,0,0,0,67301,1,0,0,N,1,0,0,2,67504,0,,1,1,,N,N,,0,,1,0,0,0,0,,1500.0,1,2,0,0,0,0,0,3,4,0,1,3,,N,,,,,,,,,,,
2010091272,1702.0,1,0,0,0,0,0,0,0,0,2,0,,67,8,2010,6,40.0634,-75.0083,1659.0,6,0,0,0,0,0,0,0,0,2.0,0,0,0,16.0,1,0,0,,2,40 03:48.366,2.0,0,75 00:29.991,9,0,0,0,67301,0,0,0,N,0,0,0,2,67301,0,,6,1,,N,N,,1,,0,0,0,0,0,Y,1655.0,0,2,0,0,0,0,1,3,4,0,2,3,,N,,,,,,,,,,,
2010091290,1510.0,2,0,0,0,0,0,0,0,0,5,0,,67,7,2010,5,40.0928,-74.9789,1504.0,6,0,0,0,0,0,0,0,0,1.0,0,0,0,15.0,1,2,0,,1,40 05:34.083,3.0,0,74 58:44.136,4,0,0,0,67301,0,0,0,N,0,0,0,4,67301,2,,1,1,,N,N,,0,,0,0,0,0,0,N,1503.0,2,2,0,0,0,0,0,3,4,0,2,3,,N,,,,,,,,,,,
2010088853,2349.0,0,0,0,0,0,0,0,0,0,1,1,,67,8,2010,7,39.9078,-75.1575,2345.0,6,0,0,0,0,0,0,0,0,2.0,0,1,0,23.0,3,1,0,,1,39 54:28.033,1.0,0,75 09:26.884,4,0,0,0,67301,1,0,0,N,0,0,0,2,67301,1,,2,1,,N,N,,0,,0,0,1,0,0,N,2345.0,1,2,0,0,0,0,0,3,4,0,2,3,,N,,,,,,,,,,,
2010110790,9999.0,0,0,0,0,0,0,0,0,0,8,0,,67,10,2010,6,40.0192,-75.0851,9999.0,6,0,0,0,0,0,0,0,0,,0,0,0,99.0,1,1,1,,0,40 01:09.213,,0,75 05:06.262,8,0,0,0,67301,1,0,0,,1,0,0,2,67301,0,,1,1,,,,,0,,0,0,1,0,0,,9999.0,1,2,0,0,0,1,0,3,4,0,1,3,,N,,,,,,,,,,,
2010109008,818.0,2,0,0,0,0,0,0,0,0,1,0,,67,10,2010,5,40.0021,-75.0783,808.0,6,0,0,0,0,0,1,0,0,,0,0,0,8.0,1,1,0,,0,40 00:08.023,,0,75 04:41.445,8,0,0,0,67301,0,0,0,N,0,0,0,2,68K01,0,,1,1,,N,N,,0,,0,0,0,0,0,,804.0,1,2,0,0,0,1,0,3,4,0,2,3,,N,,,,,,,,,,,
2010110858,1040.0,2,0,0,0,0,0,0,0,0,7,0,,67,10,2010,5,39.9597,-75.2418,1036.0,6,0,0,0,0,0,1,0,0,,0,0,0,10.0,1,0,0,,0,39 57:35.038,,0,75 14:30.465,0,0,0,0,67301,0,0,0,N,0,0,0,1,67301,0,,2,1,,N,N,,1,,0,0,1,0,0,,1030.0,0,4,0,0,0,0,0,3,4,0,4,3,,N,,,,,,,,,,,
2010058995,1545.0,2,0,0,0,0,0,0,0,0,4,0,,67,5,2010,7,40.0343,-75.0682,1535.0,6,0,0,0,0,0,0,0,0,,0,0,0,13.0,1,2,2,,0,40 02:03.408,,0,75 04:05.347,4,0,0,0,67301,0,0,0,N,0,0,0,3,67301,2,,1,1,,N,N,,0,,0,0,0,3,3,,1330.0,2,2,0,0,0,0,0,3,4,0,2,3,,N,,,,,,,,,,,
2010011642,1450.0,2,0,0,0,0,0,0,0,0,4,0,,67,1,2010,5,40.0602,-75.1888,1442.0,6,0,0,0,0,0,0,0,0,1.0,0,0,0,14.0,1,0,0,,1,40 03:36.873,1.0,0,75 11:19.858,0,0,0,0,67301,0,0,0,,0,0,0,2,67301,0,,1,1,,N,N,,0,,0,0,0,0,0,Y,1441.0,0,2,0,0,0,0,0,3,4,0,2,3,,N,,,,,,,,,,,
2010040549,1937.0,2,0,0,0,0,0,0,0,0,4,0,,67,3,2010,6,39.94,-75.2283,1935.0,6,0,0,0,0,0,0,0,0,,0,0,0,19.0,3,0,1,,0,39 56:23.830,,0,75 13:41.728,0,0,0,0,67301,0,0,0,,0,0,0,1,67301,0,,1,1,,,,,0,,0,0,0,9,3,,1935.0,0,2,0,0,1,0,0,3,4,0,2,3,,N,,,,,,,,,,,
2010040554,1605.0,2,0,0,0,0,0,0,0,0,1,0,,67,3,2010,1,40.0418,-75.2257,1600.0,6,0,0,0,0,0,0,0,0,,0,0,0,15.0,1,3,0,,0,40 02:29.860,,0,75 13:31.843,4,0,0,0,67301,0,0,0,,0,0,0,8,67301,1,,1,1,,N,N,,0,,0,0,1,0,0,,1555.0,3,3,0,0,0,2,0,3,4,0,3,3,,N,,,,,,,,,,,
2010038617,1755.0,0,0,0,0,0,0,1,0,0,1,1,,67,3,2010,4,39.9564,-75.1626,1742.0,6,0,0,0,0,0,1,1,0,,0,0,0,17.0,1,0,0,,0,39 57:22.964,,0,75 09:45.524,0,0,0,0,67301,0,0,0,N,0,0,0,2,67301,0,,1,1,,N,N,,0,,0,0,1,3,2,,1730.0,0,2,0,0,0,0,0,3,4,0,2,3,,N,,,,,,,,,,,
2010038673,740.0,1,0,0,0,0,0,1,0,0,4,1,,67,3,2010,3,40.0067,-75.0781,739.0,6,0,0,0,0,0,0,0,0,,0,0,0,7.0,1,1,2,,0,40 00:24.296,,0,75 04:41.005,3,0,0,0,67301,0,0,0,N,0,0,0,2,67301,0,,1,9,,N,N,,0,,1,0,0,3,3,,739.0,1,2,0,0,0,0,0,3,4,0,2,7,,N,,,,,,,,,,,
2010038738,925.0,3,0,0,0,0,0,0,0,0,4,0,,67,3,2010,6,40.0501,-75.0003,924.0,6,0,0,0,1,0,1,0,0,,0,0,0,8.0,1,1,0,,0,40 03:00.407,,7,75 00:00.901,8,0,0,0,67301,0,0,0,,0,0,0,3,67301,0,,1,9,,,,,1,,0,0,0,0,0,,843.0,1,4,0,0,0,1,0,3,4,0,4,7,,N,,,,,,,,,,,
2010122646,1326.0,1,0,0,0,0,0,0,0,0,7,0,,67,10,2010,2,39.9365,-75.1803,1324.0,6,0,0,0,0,0,0,0,0,,0,0,0,13.0,1,0,0,,0,39 56:11.520,,0,75 10:49.200,0,0,0,0,67301,0,0,0,N,0,0,0,2,67301,0,,6,1,,N,N,,0,,0,0,0,0,0,,1323.0,0,1,0,0,0,0,0,3,4,0,1,3,,N,,,,,,,,,,,
2010039306,1545.0,1,0,0,0,0,0,0,0,0,7,0,,67,4,2010,5,40.0009,-75.1014,1538.0,6,0,0,0,0,0,0,0,0,1.0,0,0,0,15.0,1,1,0,,2,40 00:03.268,2.0,0,75 06:04.946,4,0,0,0,67301,0,0,0,N,0,0,0,1,67301,1,,2,1,,N,N,,0,,0,0,0,0,0,Y,1535.0,1,1,0,0,0,0,0,3,4,0,1,3,,N,,,,,,,,,,,
2010029467,245.0,1,0,0,0,0,0,0,0,0,7,0,,67,2,2010,4,40.1172,-74.9839,239.0,6,0,0,0,0,0,0,0,0,1.0,0,0,0,2.0,3,1,0,,1,40 07:06.476,2.0,0,74 58:55.666,4,0,0,0,67301,0,0,0,,0,0,0,2,67301,1,,2,9,,,,,0,,0,0,0,0,0,N,235.0,1,1,0,0,0,0,0,3,4,0,1,10,,N,,,,,,,,,,,
2010032109,1512.0,3,0,0,0,0,0,0,0,0,1,0,,67,3,2010,2,39.9593,-75.1733,1505.0,6,0,0,0,0,0,0,0,0,,0,0,0,15.0,1,1,0,,0,39 57:33.621,,0,75 10:24.718,8,0,0,0,67301,0,0,0,N,0,0,0,3,68K01,0,,1,9,,N,N,,0,,0,0,0,0,0,,1501.0,1,3,0,0,0,1,0,3,4,0,3,7,,N,,,,,,,,,,,
2010032476,550.0,1,0,0,0,0,0,1,0,0,4,1,,67,2,2010,6,39.939,-75.2324,548.0,6,0,0,0,0,0,0,0,0,,0,0,0,5.0,5,0,1,,0,39 56:20.461,,0,75 13:56.639,0,0,0,0,67301,0,0,0,,0,0,0,7,67301,0,,1,7,,,,,0,,0,0,0,3,2,,543.0,0,2,0,0,0,0,0,3,4,0,2,10,,N,,,,,,,,,,,
2010032641,1425.0,1,0,0,0,0,0,0,0,0,4,0,,67,3,2010,6,39.9733,-75.2355,1419.0,6,0,0,0,0,0,0,0,1,,0,0,0,13.0,1,1,1,,0,39 58:23.707,,0,75 14:07.853,8,0,0,0,67301,0,0,0,,0,0,0,2,67301,0,,1,1,,,,,0,,0,0,1,3,3,,1348.0,1,2,0,0,0,1,0,3,4,0,2,3,,N,,,,,,,,,,,
2010019340,1659.0,1,0,0,0,0,0,0,0,0,1,0,,67,2,2010,2,40.0321,-75.0213,1655.0,6,0,0,0,0,0,0,0,0,,0,0,0,16.0,1,1,0,,0,40 01:55.998,,0,75 01:16.478,8,0,0,0,67301,0,0,0,N,0,0,0,4,68K01,0,,1,1,,N,N,,0,,0,0,0,0,0,,1653.0,1,2,0,0,0,1,0,3,4,1,2,3,,N,,,,,,,,,,,
2010016940,1508.0,1,0,0,0,0,0,0,0,0,1,0,,67,1,2010,7,40.0624,-75.1553,1500.0,6,0,0,1,0,0,0,0,0,,0,0,0,15.0,1,2,1,,0,40 03:44.697,,0,75 09:18.946,4,0,0,0,67301,0,0,0,N,0,0,0,2,67301,2,,1,1,,N,N,,0,,0,0,1,3,2,,1500.0,2,2,0,0,0,0,0,3,4,0,2,3,,N,,,,,,,,,,,
2010017110,2111.0,0,0,0,0,0,0,0,0,0,8,0,,67,1,2010,6,40.0224,-75.05,2109.0,6,0,0,0,0,0,0,0,0,,0,0,0,21.0,3,1,1,,0,40 01:20.770,,0,75 03:00.073,8,0,0,0,67301,1,0,0,N,1,0,0,2,67301,0,,1,1,,N,N,,1,,0,0,0,0,0,,2108.0,1,2,0,0,0,1,0,3,4,0,1,3,,N,,,,,,,,,,,
2010017135,1610.0,1,0,0,0,0,0,0,0,0,4,0,,67,1,2010,6,40.0749,-75.0459,1608.0,6,0,0,0,0,0,0,0,0,,0,0,0,16.0,1,3,2,,0,40 04:29.892,,0,75 02:45.874,4,0,0,0,67301,0,0,0,,0,0,0,4,67301,3,,1,1,,,,,0,,0,0,1,3,2,,1608.0,3,2,0,0,1,0,0,3,4,0,2,3,,N,,,,,,,,,,,
2010020471,1159.0,0,0,0,0,0,0,0,0,0,5,1,,67,2,2010,3,39.9782,-75.2024,1159.0,6,0,0,0,0,0,0,0,0,,0,1,0,11.0,1,0,0,,0,39 58:44.163,,0,75 12:12.344,9,0,0,0,67301,0,0,0,N,0,0,0,4,68K01,0,,1,1,,N,N,,0,,0,0,0,0,0,,1155.0,0,2,0,0,0,0,1,3,4,1,2,3,,N,,,,,,,,,,,
2010020476,1502.0,1,0,0,0,0,0,0,0,0,1,0,,67,2,2010,6,39.9689,-75.1271,1500.0,6,0,0,0,0,0,0,0,0,2.0,0,0,0,14.0,1,1,0,,1,39 58:10.968,1.0,0,75 07:34.086,8,0,0,0,67301,0,0,0,N,0,0,0,3,68K01,0,,1,1,,N,N,,0,,0,0,2,0,0,Y,1458.0,1,3,0,0,0,1,0,3,4,0,3,3,,N,,,,,,,,,,,
2010021687,920.0,2,0,0,0,0,0,0,0,0,1,0,,67,1,2010,4,40.0551,-75.1578,910.0,6,0,0,0,0,0,0,0,1,,0,0,0,8.0,1,1,1,,0,40 03:18.520,,0,75 09:28.001,8,0,0,0,67301,0,0,0,N,0,0,0,3,67301,0,,1,1,,N,N,,0,,0,0,0,3,2,,845.0,1,3,0,0,0,1,0,3,4,1,3,3,,N,,,,,,,,,,,
2010069907,119.0,3,0,0,0,0,0,0,0,0,4,0,,67,5,2010,1,39.9703,-75.1245,115.0,6,0,0,0,0,0,0,0,0,,0,0,0,1.0,3,0,2,,0,39 58:15.096,,0,75 07:25.112,0,0,0,0,67301,0,0,0,N,0,0,0,7,67301,0,,1,1,,N,N,,0,,0,0,0,3,2,,115.0,0,3,0,0,0,0,0,3,4,0,3,3,,N,,,,,,,,,,,
2010048455,2120.0,0,0,0,0,0,0,0,0,0,8,0,,67,4,2010,6,39.9867,-75.1807,2120.0,6,0,0,0,0,0,0,0,0,,0,0,0,21.0,6,1,1,,0,39 59:12.447,,0,75 10:50.908,4,0,0,0,67301,1,0,0,N,1,0,0,2,67301,1,,1,98,,N,N,,0,,0,0,1,3,2,,2120.0,1,2,0,0,0,0,0,3,4,0,1,99,,N,,,,,,,,,,,