CRN,ARRIVAL_TM,AUTOMOBILE_COUNT,BELTED_DEATH_COUNT,BELTED_SUSP_SERIOUS_INJ_COUNT,BICYCLE_COUNT,BICYCLE_DEATH_COUNT,BICYCLE_SUSP_SERIOUS_INJ_COUNT,BUS_COUNT,CHLDPAS_DEATH_COUNT,CHLDPAS_SUSP_SERIOUS_INJ_COUNT,COLLISION_TYPE,COMM_VEH_COUNT,CONS_ZONE_SPD_LIM,COUNTY,CRASH_MONTH,CRASH_YEAR,DAY_OF_WEEK,DEC_LAT,DEC_LONG,DISPATCH_TM,DISTRICT,DRIVER_COUNT_16YR,DRIVER_COUNT_17YR,DRIVER_COUNT_18YR,DRIVER_COUNT_19YR,DRIVER_COUNT_20YR,DRIVER_COUNT_50_64YR,DRIVER_COUNT_65_74YR,DRIVER_COUNT_75PLUS,EST_HRS_CLOSED,FATAL_COUNT,HEAVY_TRUCK_COUNT,HORSE_BUGGY_COUNT,HOUR_OF_DAY,ILLUMINATION,INJURY_COUNT,INTERSECT_TYPE,INTERSECTION_RELATED,LANE_CLOSED,LATITUDE,LN_CLOSE_DIR,LOCATION_TYPE,LONGITUDE,MAX_SEVERITY_LEVEL,MCYCLE_DEATH_COUNT,MCYCLE_SUSP_SERIOUS_INJ_COUNT,MOTORCYCLE_COUNT,MUNICIPALITY,NONMOTR_COUNT,NONMOTR_DEATH_COUNT,NONMOTR_SUSP_SERIOUS_INJ_COUNT,NTFY_HIWY_MAINT,PED_COUNT,PED_DEATH_COUNT,PED_SUSP_SERIOUS_INJ_COUNT,PERSON_COUNT,POLICE_AGCY,POSSIBLE_INJ_COUNT,RDWY_SURF_TYPE_CD,RELATION_TO_ROAD,ROAD_CONDITION,ROADWAY_CLEARED,SCH_BUS_IND,SCH_ZONE_IND,SECONDARY_CRASH,SMALL_TRUCK_COUNT,SPEC_JURIS_CD,SUSP_MINOR_INJ_COUNT,SUSP_SERIOUS_INJ_COUNT,SUV_COUNT,TCD_FUNC_CD,TCD_TYPE,TFC_DETOUR_IND,TIME_OF_DAY,TOT_INJ_COUNT,TOTAL_UNITS,UNB_DEATH_COUNT,UNB_SUSP_SERIOUS_INJ_COUNT,UNBELTED_OCC_COUNT,UNK_INJ_DEG_COUNT,UNK_INJ_PER_COUNT,URBAN_AREA,URBAN_RURAL,VAN_COUNT,VEHICLE_COUNT,WEATHER1,WEATHER2,WORK_ZONE_IND,WORK_ZONE_LOC,WORK_ZONE_TYPE,WORKERS_PRES,WZ_CLOSE_DETOUR,WZ_FLAGGER,WZ_LAW_OFFCR_IND,WZ_LN_CLOSURE,WZ_MOVING,WZ_OTHER,WZ_SHLDER_MDN,WZ_WORKERS_INJ_KILLED
2010048462,1110.0,2,0,0,0,0,0,0,0,0,4,0,,67,4,2010,1,40.0289,-75.0859,1100.0,6,0,0,0,0,0,1,0,0,,0,0,0,99.0,1,1,1,,0,40 01:43.906,,0,75 05:09.211,8,0,0,0,67301,0,0,0,,0,0,0,2,67301,0,,1,9,,,,,0,,0,0,0,3,3,,9999.0,1,2,0,0,0,1,0,3,4,0,2,7,,N,,,,,,,,,,,
2010075005,1420.0,1,0,0,0,0,0,0,0,0,7,0,,67,7,2010,6,40.0165,-75.2027,1413.0,6,0,0,0,0,0,0,0,0,1.0,0,0,0,14.0,1,1,0,,1,40 00:59.240,1.0,0,75 12:09.810,8,0,0,0,67301,0,0,0,N,0,0,0,1,67301,0,,2,9,,N,N,,0,,0,0,0,0,0,N,1412.0,1,1,0,0,0,1,0,3,4,0,1,7,,N,,,,,,,,,,,
2010075126,1925.0,2,0,0,0,0,0,0,0,0,4,0,,67,7,2010,7,39.997,-75.178,1915.0,6,0,0,1,0,0,0,0,0,,0,0,0,18.0,1,2,2,,0,39 59:49.078,,0,75 10:40.755,4,0,0,0,67301,0,0,0,N,0,0,0,4,67301,2,,1,1,,N,N,,0,,0,0,0,0,0,,1835.0,2,2,0,0,0,0,0,3,4,0,2,3,,N,,,,,,,,,,,
2010045421,2319.0,1,0,0,0,0,0,0,0,0,7,0,,67,5,2010,3,39.9148,-75.1895,2319.0,6,0,0,0,0,0,0,0,0,,0,0,0,23.0,3,0,0,,0,39 54:53.368,,0,75 11:22.344,0,0,0,0,67301,0,0,0,N,0,0,0,1,67501,0,,3,1,,N,N,,0,,0,0,0,0,0,,2319.0,0,1,0,0,0,0,0,3,4,0,1,3,,N,,,,,,,,,,,
2010045073,847.0,1,0,0,0,0,0,1,0,0,5,1,,67,3,2010,4,39.9516,-75.1637,841.0,6,0,0,0,0,0,1,0,0,,0,0,0,99.0,1,1,10,,0,39 57:05.855,,0,75 09:49.658,8,0,0,0,67301,0,0,0,N,0,0,0,8,67301,0,,1,1,,N,N,,0,,0,0,0,3,2,,9999.0,1,2,0,0,0,1,1,3,4,0,2,3,,N,,,,,,,,,,,
2010045114,750.0,1,0,0,0,0,0,0,0,0,8,0,,67,4,2010,2,40.0709,-75.0494,748.0,6,0,0,0,0,0,1,0,0,1.0,0,0,0,7.0,1,1,1,,1,40 04:15.211,1.0,0,75 02:57.868,4,0,0,0,67301,1,0,0,,1,0,0,2,67301,1,,1,1,,N,N,,0,,0,0,0,3,2,N,730.0,1,2,0,0,0,0,0,3,4,0,1,3,,N,,,,,,,,,,,
2010069886,635.0,0,0,0,0,0,0,0,0,0,1,0,,67,6,2010,3,40.0224,-75.0781,635.0,6,0,0,0,0,0,1,0,0,,0,0,0,6.0,1,1,1,,0,40 01:20.660,,0,75 04:41.477,2,0,1,1,67301,0,0,0,N,0,0,0,2,67301,0,,1,1,,N,N,,0,,0,1,1,3,2,,635.0,1,2,0,0,0,0,0,3,4,0,2,3,,N,,,,,,,,,,,
2010062050,250.0,0,0,0,0,0,0,0,0,0,7,0,,67,5,2010,7,40.0258,-75.1236,235.0,6,0,0,0,0,0,0,0,0,,0,0,0,2.0,3,1,0,,0,40 01:32.735,,0,75 07:24.949,4,0,0,1,67301,0,0,0,N,0,0,0,1,67301,1,,2,1,,N,N,,0,,0,0,0,0,0,,235.0,1,1,0,0,0,0,0,3,4,0,1,3,,N,,,,,,,,,,,
2010044426,1835.0,1,0,0,1,0,0,0,0,0,4,0,,67,4,2010,5,40.0242,-75.0452,1832.0,6,0,0,0,0,0,0,0,0,,0,0,0,18.0,1,1,2,,0,40 01:27.094,,0,75 02:42.669,4,0,0,0,67301,1,0,0,N,0,0,0,2,67301,1,,1,1,,N,N,,0,,0,0,0,0,0,,1830.0,1,2,0,0,0,0,0,3,4,0,1,3,,N,,,,,,,,,,,
2010105854,45.0,1,0,0,0,0,0,0,0,0,7,0,,67,10,2010,3,39.9814,-75.2071,41.0,6,0,0,0,0,0,0,0,0,,0,0,0,0.0,3,1,0,,0,39 58:56.510,,0,75 12:28.031,8,0,0,0,67301,0,0,0,Y,0,0,0,1,68K01,0,,2,9,,N,N,,0,,0,0,0,0,0,,37.0,1,1,0,0,1,1,0,3,4,0,1,7,,N,,,,,,,,,,,
2010089100,500.0,0,0,0,0,0,0,0,0,0,7,0,,67,8,2010,1,40.0218,-75.1383,455.0,6,0,0,0,0,0,0,0,0,1.0,0,0,0,4.0,3,0,0,,1,40 01:18.845,3.0,0,75 08:16.828,0,0,0,0,67301,0,0,0,N,0,0,0,1,67301,0,,5,1,,N,N,,0,,0,0,1,0,0,N,453.0,0,1,0,0,0,0,0,3,4,0,1,3,,N,,,,,,,,,,,
2010100915,242.0,0,0,0,0,0,0,0,0,0,7,0,,67,9,2010,1,40.0471,-75.1632,214.0,6,0,0,0,1,0,0,0,0,,0,0,0,2.0,3,1,1,,0,40 02:49.423,,0,75 09:47.462,4,0,0,0,67301,0,0,0,N,0,0,0,1,67301,1,,4,1,,N,N,,0,,0,0,0,3,2,,214.0,1,1,0,0,0,0,0,3,4,1,1,3,,N,,,,,,,,,,,
2010113602,1010.0,1,0,0,0,0,0,0,0,0,4,0,,67,10,2010,4,40.0652,-75.0554,1002.0,6,0,0,0,0,0,0,0,2,,0,0,0,10.0,1,1,1,,0,40 03:54.691,,0,75 03:19.475,4,0,0,0,67301,0,0,0,N,0,0,0,2,67301,1,,1,1,,N,N,,0,,0,0,1,3,3,,1000.0,1,2,0,0,0,0,0,3,4,0,2,3,,N,,,,,,,,,,,
2010094164,45.0,1,0,0,0,0,0,0,0,0,8,0,,67,8,2010,5,40.0311,-75.1657,38.0,6,0,0,0,0,0,0,0,0,,0,0,0,17.0,1,1,0,,0,40 01:51.888,,0,75 09:56.577,8,0,0,0,67301,1,0,0,,1,0,0,2,67301,0,,1,1,,,,,0,,0,0,0,0,0,,1730.0,1,2,0,0,0,1,0,3,4,0,1,3,,N,,,,,,,,,,,
2010094214,1530.0,1,0,0,1,0,0,0,0,0,4,0,,67,8,2010,1,39.9883,-75.1355,1525.0,6,0,0,1,0,0,0,0,0,2.0,0,0,0,15.0,1,1,1,,2,39 59:17.962,2.0,0,75 08:07.915,3,0,0,0,67301,1,0,0,N,0,0,0,2,67301,0,,1,9,,N,N,,0,,1,0,0,3,2,Y,1520.0,1,2,0,0,0,0,0,3,4,0,1,7,,N,,,,,,,,,,,
2010094217,820.0,1,0,0,0,0,0,0,0,0,1,0,99.0,67,9,2010,4,40.0145,-75.1783,815.0,6,0,0,0,0,0,1,0,0,1.0,0,0,0,8.0,1,1,0,,1,40 00:52.200,2.0,0,75 10:41.980,4,0,0,0,67301,0,0,0,N,0,0,0,2,67301,1,,1,1,,N,N,,0,,0,0,1,0,0,N,800.0,1,2,0,0,0,0,0,3,4,0,2,3,,Y,8.0,8.0,U,U,U,U,U,U,U,U,
2010094280,9999.0,2,0,0,0,0,0,0,0,0,4,0,,67,9,2010,1,39.8931,-75.2359,1754.0,6,0,0,0,0,0,0,0,0,,0,0,0,17.0,1,2,2,,0,39 53:34.421,,2,75 14:07.898,4,0,0,0,67301,0,0,0,,0,0,0,2,67301,1,,1,1,,,,,0,,0,0,0,3,3,,1700.0,2,2,0,0,0,1,0,3,4,0,2,3,,N,,,,,,,,,,,
2010096489,9999.0,3,0,0,0,0,0,0,0,0,1,0,,67,8,2010,3,40.0198,-75.1506,9999.0,6,0,0,0,0,0,0,0,0,,0,0,0,99.0,1,0,2,,0,40 01:11.208,,0,75 09:02.246,0,0,0,0,67301,0,0,0,N,0,0,0,3,67301,0,,1,1,,N,N,,0,,0,0,0,3,2,,9999.0,0,3,0,0,0,0,0,3,4,0,3,3,,N,,,,,,,,,,,
2010091465,2332.0,2,0,0,0,0,0,0,0,0,4,0,,67,8,2010,1,39.9577,-75.1624,2329.0,6,0,0,0,0,0,0,0,0,3.0,0,0,0,22.0,3,0,1,,2,39 57:27.542,3.0,0,75 09:44.544,0,0,0,0,67301,0,0,0,N,0,0,0,3,67301,0,,1,1,,N,N,,0,,0,0,0,3,2,N,2200.0,0,2,0,0,0,0,0,3,4,0,2,3,,N,,,,,,,,,,,
2010091475,1825.0,1,0,0,0,0,0,0,0,0,4,0,,67,8,2010,6,39.904,-75.2401,1819.0,6,0,0,0,0,0,0,0,0,,0,0,0,18.0,1,2,1,,0,39 54:14.619,,0,75 14:25.049,4,0,0,0,67301,0,0,0,,0,0,0,3,67301,2,,1,1,,N,N,,1,,0,0,0,2,2,,1800.0,2,2,0,0,0,0,0,3,4,0,2,3,,N,,,,,,,,,,,
2010113724,1411.0,2,0,0,0,0,0,0,0,0,1,0,,67,10,2010,3,39.9239,-75.2221,1410.0,6,0,0,0,0,0,0,1,0,,0,0,0,14.0,1,3,5,,0,39 55:26.087,,0,75 13:19.646,4,0,0,0,67301,0,0,0,N,0,0,0,4,67301,3,,1,1,,N,N,,0,,0,0,0,3,2,,1402.0,3,2,0,0,0,0,0,3,4,0,2,3,,N,,,,,,,,,,,
2010113769,1940.0,1,0,0,0,0,0,0,0,0,5,0,,67,10,2010,7,40.0428,-75.0631,1937.0,6,0,0,0,0,0,0,0,0,,0,0,0,19.0,3,1,1,,0,40 02:34.252,,0,75 03:47.603,4,0,0,0,67301,0,0,0,N,0,0,0,3,67301,1,,1,1,,N,N,,1,,0,0,0,3,2,,1935.0,1,2,0,0,0,0,0,3,4,0,2,3,,N,,,,,,,,,,,
2010093710,1920.0,0,0,0,0,0,0,0,0,0,4,0,,67,8,2010,6,40.0429,-75.1043,1909.0,6,0,0,0,0,0,0,0,0,,0,0,0,19.0,4,2,1,,0,40 02:34.484,,0,75 06:15.533,4,0,0,0,67301,0,0,0,N,0,0,0,4,67301,2,,1,1,,N,N,,1,,0,0,0,3,2,,1908.0,2,2,0,0,0,0,0,3,4,1,2,99,,N,,,,,,,,,,,
2010091268,1710.0,1,0,0,1,0,0,0,0,0,4,0,,67,8,2010,2,39.9468,-75.1636,1706.0,6,0,0,0,0,0,1,0,0,,0,0,0,17.0,1,1,2,,0,39 56:48.649,,0,75 09:49.111,4,0,0,0,67301,1,0,0,,0,0,0,3,67301,1,,1,1,,,,,0,,0,0,0,3,3,,1700.0,1,2,0,0,2,0,0,3,4,0,1,3,,N,,,,,,,,,,,
2010091275,15.0,2,0,0,0,0,0,0,0,0,1,0,,67,8,2010,1,40.0262,-75.2253,12.0,6,0,0,0,0,0,1,0,0,,0,0,0,0.0,3,1,0,,0,40 01:34.176,,0,75 13:31.213,4,0,0,0,67301,0,0,0,N,0,0,0,2,67301,1,,6,1,,N,N,,0,,0,0,0,0,0,,0.0,1,2,0,0,2,0,0,3,4,0,2,3,,N,,,,,,,,,,,
2010088849,1642.0,0,0,0,0,0,0,0,0,0,5,0,,67,8,2010,1,39.9326,-75.2301,1634.0,6,0,0,0,0,0,0,0,0,,0,0,0,15.0,1,0,0,,0,39 55:57.433,,0,75 13:48.529,9,0,0,0,67301,0,0,0,N,0,0,0,1,67301,0,,6,9,,N,N,,1,,0,0,1,3,3,,1537.0,0,2,0,0,0,0,1,3,4,0,2,7,,N,,,,,,,,,,,
2010110805,1638.0,2,0,0,0,0,0,0,0,0,1,0,,67,10,2010,6,40.0182,-75.17,1630.0,6,0,0,0,0,0,1,0,0,1.0,0,0,0,16.0,1,1,0,,1,40 01:05.552,4.0,0,75 10:11.910,4,0,0,0,67301,0,0,0,N,0,0,0,3,67301,1,,1,1,,N,N,,0,,0,0,0,0,0,N,1618.0,1,2,0,0,0,0,0,3,4,0,2,3,,N,,,,,,,,,,,
2010110812,1601.0,0,0,0,0,0,0,1,0,0,8,1,,67,10,2010,6,40.0574,-75.1601,1557.0,6,0,0,0,0,0,0,0,0,1.0,0,0,0,15.0,1,1,3,,2,40 03:26.611,2.0,0,75 09:36.536,8,0,0,0,67301,1,0,0,N,1,0,0,2,67301,0,,1,1,,Y,N,,0,,0,0,0,3,3,N,1550.0,1,2,0,0,0,1,0,3,4,0,1,3,,N,,,,,,,,,,,
2010088907,54.0,2,0,0,0,0,0,0,0,0,1,0,,67,8,2010,4,40.0516,-75.1852,54.0,6,0,0,0,0,0,0,0,0,,0,0,0,0.0,3,0,1,,0,40 03:05.788,,0,75 11:06.838,0,0,0,0,67301,0,0,0,N,0,0,0,3,67301,0,,1,1,,N,N,,0,,0,0,0,3,2,,50.0,0,2,0,0,0,0,0,3,4,0,2,3,,N,,,,,,,,,,,
2010088939,1230.0,2,0,0,0,0,0,0,0,0,4,0,,67,8,2010,2,40.0316,-75.21,1227.0,6,0,0,0,0,0,0,0,1,,0,0,0,12.0,1,0,1,,0,40 01:53.752,,0,75 12:36.111,0,0,0,0,67301,0,0,0,N,0,0,0,3,67301,0,,1,1,,N,N,,0,,0,0,1,3,3,,1225.0,0,3,0,0,0,0,0,3,4,0,3,3,,N,,,,,,,,,,,
2010110863,1827.0,1,0,0,0,0,0,0,0,0,8,0,,67,10,2010,4,39.9073,-75.1887,1824.0,6,0,0,0,0,0,0,0,0,,0,0,0,18.0,4,1,0,,0,39 54:26.145,,0,75 11:19.167,4,0,0,0,67301,1,0,0,N,1,0,0,2,67301,1,,1,1,,N,N,,0,,0,0,0,0,0,,1820.0,1,2,0,0,1,0,0,3,4,0,1,3,,N,,,,,,,,,,,
2010110894,740.0,0,0,0,0,0,0,0,0,0,4,0,,67,10,2010,5,40.0104,-75.0995,740.0,6,0,0,0,0,0,0,0,0,,0,0,0,7.0,1,1,0,,0,40 00:37.590,,0,75 05:58.302,4,0,0,0,67301,0,0,0,,0,0,0,2,67301,1,,1,1,,,,,0,,0,0,1,0,0,,738.0,1,2,0,0,0,0,0,3,4,1,2,3,,N,,,,,,,,,,,
2010059000,810.0,1,0,0,0,0,0,0,0,0,8,0,,67,5,2010,5,40.003,-75.1659,807.0,6,0,0,0,0,0,0,0,0,,0,0,0,8.0,1,1,0,,0,40 00:10.829,,0,75 09:57.415,2,0,0,0,67301,1,0,1,N,1,0,1,2,67301,0,,1,1,,N,N,,0,,0,1,0,0,0,,805.0,1,2,0,0,0,0,1,3,4,0,1,3,,N,,,,,,,,,,,
2010059011,1635.0,2,0,0,0,0,0,0,0,0,2,0,,67,5,2010,5,40.1343,-75.0091,1630.0,6,0,0,0,0,0,1,1,0,,0,0,0,16.0,1,2,1,,0,40 08:03.425,,0,75 00:32.780,4,0,0,0,67301,0,0,0,N,0,0,0,4,67301,2,,1,1,,,,,0,,0,0,0,3,2,,1628.0,2,2,0,0,0,0,0,3,4,0,2,3,,N,,,,,,,,,,,
2010037967,1500.0,1,0,0,0,0,0,0,0,0,1,1,,67,4,2010,6,39.9633,-75.184,1445.0,6,0,0,0,0,0,0,0,0,3.0,0,1,0,14.0,1,3,0,,1,39 57:46.691,3.0,0,75 11:01.316,8,0,0,0,67301,0,0,0,N,0,0,0,5,68K01,0,,1,1,,N,N,,0,,0,0,1,0,0,N,1440.0,3,3,0,0,0,3,0,3,4,0,3,3,,N,,,,,,,,,,,
2010011626,412.0,0,0,0,0,0,0,0,0,0,7,0,,67,1,2010,6,39.9594,-75.2169,410.0,6,0,0,0,0,0,0,0,0,,0,0,0,4.0,3,1,0,,0,39 57:33.921,,0,75 13:00.842,2,0,0,0,67301,0,0,0,N,0,0,0,2,67301,0,,2,9,,N,N,,0,,0,1,1,0,0,,409.0,1,1,0,1,1,0,0,3,4,0,1,7,,N,,,,,,,,,,,
2010038613,1515.0,2,0,0,0,0,0,0,0,0,4,0,,67,3,2010,6,39.9911,-75.1569,1507.0,6,0,0,0,0,0,0,0,0,,0,0,0,15.0,8,2,2,,0,39 59:27.909,,0,75 09:24.865,8,0,0,0,67301,0,0,0,N,0,0,0,4,67301,0,,1,9,,N,N,,0,,0,0,0,3,2,,1505.0,2,2,0,0,0,2,0,3,4,0,2,7,,N,,,,,,,,,,,
2010085050,1517.0,2,0,0,0,0,0,0,0,0,1,0,,67,9,2010,6,40.0034,-75.1952,1517.0,6,0,0,0,0,0,0,0,0,,0,0,0,15.0,1,2,0,,0,40 00:11.514,,0,75 11:42.357,4,0,0,0,67301,0,0,0,N,0,0,0,7,68K01,2,,1,1,,N,N,,0,,0,0,0,0,0,,1510.0,2,2,0,0,0,0,0,3,4,0,2,3,,N,,,,,,,,,,,
2010038677,1350.0,2,0,0,0,0,0,0,0,0,1,0,,67,3,2010,3,40.034,-75.0744,1345.0,6,0,0,0,0,0,0,0,0,,0,0,0,13.0,1,1,1,,0,40 02:02.361,,0,75 04:27.863,8,0,0,0,67301,1,0,0,N,0,0,0,2,67301,0,,1,1,,N,N,,0,,0,0,0,3,2,,1340.0,1,2,0,0,0,1,0,3,4,0,2,3,,N,,,,,,,,,,,
2010122347,2031.0,1,0,0,0,0,0,0,0,0,7,0,,67,11,2010,4,40.0036,-75.144,2030.0,6,0,0,0,0,0,0,0,0,,0,0,0,20.0,3,1,0,,0,40 00:12.960,,0,75 08:38.240,4,0,0,0,67301,0,0,0,,0,0,0,1,67301,1,,2,1,,N,N,,0,,0,0,0,3,3,,2028.0,1,1,0,0,1,0,0,3,4,0,1,3,,N,,,,,,,,,,,
2010122380,9999.0,1,0,0,0,0,0,0,0,0,5,0,,67,11,2010,5,40.0216,-75.1502,1830.0,6,0,0,0,0,0,0,0,0,,0,0,0,18.0,3,4,0,,0,40 01:17.901,,0,75 09:00.802,4,0,0,0,67301,0,0,0,N,0,0,0,5,67301,4,,1,1,,N,N,,0,,0,0,0,0,0,,1830.0,4,2,0,0,0,0,0,3,4,1,2,3,,N,,,,,,,,,,,
2010122499,1437.0,1,0,0,0,0,0,0,0,0,4,0,,67,11,2010,1,40.0302,-75.0438,1436.0,6,0,0,0,0,0,0,0,0,1.0,0,0,0,14.0,1,3,1,,1,40 01:48.784,2.0,0,75 02:37.647,8,0,0,0,67301,0,0,0,N,0,0,0,4,67301,0,,1,1,,N,N,,1,,0,0,0,3,2,Y,1408.0,3,2,0,0,0,3,0,3,4,0,2,3,,N,,,,,,,,,,,
2010122509,1025.0,1,0,0,0,0,0,0,0,0,8,0,,67,11,2010,2,39.9919,-75.1093,1015.0,6,0,0,0,0,0,0,0,0,,0,0,0,8.0,1,1,2,,0,39 59:30.783,,0,75 06:33.716,8,0,0,0,67301,1,0,0,N,1,0,0,2,67301,0,,1,1,,N,N,,0,,0,0,0,3,3,,825.0,1,2,0,0,0,1,0,3,4,0,1,3,,N,,,,,,,,,,,
2010122550,1558.0,3,0,0,0,0,0,0,0,0,4,0,,67,11,2010,6,39.934,-75.1481,1554.0,6,0,0,0,0,0,0,0,0,2.0,0,0,0,15.0,1,0,1,,1,39 56:02.371,3.0,0,75 08:53.174,9,0,0,0,67301,0,0,0,,0,0,0,3,67301,0,,1,1,,,,,0,,0,0,0,3,2,N,1541.0,0,3,0,0,0,0,1,3,4,0,3,3,,N,,,,,,,,,,,
2010122600,804.0,2,0,0,0,0,0,0,0,0,4,0,,67,11,2010,4,40.0603,-75.0672,759.0,6,0,0,0,0,0,1,0,0,,0,0,0,7.0,1,1,1,,0,40 03:37.191,,0,75 04:01.761,8,0,0,0,67301,0,0,0,N,0,0,0,3,67301,0,,1,1,,N,N,,0,,0,0,0,3,3,,747.0,1,2,0,0,0,1,0,3,4,0,2,3,,N,,,,,,,,,,,
2010039126,9999.0,2,0,0,0,0,0,0,0,0,1,0,,67,3,2010,7,,,9999.0,6,0,0,0,0,0,0,0,0,2.0,0,0,0,99.0,3,2,0,,2,,2.0,0,,4,0,0,0,67301,0,0,0,,0,0,0,4,67301,2,,1,9,,,,,0,,0,0,0,0,0,N,9999.0,2,2,0,0,0,0,0,3,3,0,2,7,,N,,,,,,,,,,,
2010039185,9999.0,1,0,0,0,0,0,0,0,0,8,0,,67,3,2010,6,39.9846,-75.1838,1948.0,6,0,0,0,0,0,0,0,0,,0,0,0,99.0,3,1,0,,0,39 59:04.738,,0,75 11:01.634,4,0,0,0,67301,1,0,0,,1,0,0,2,67301,1,,1,1,,,,,0,,0,0,0,0,0,,9999.0,1,2,0,0,0,0,0,3,4,0,1,3,,N,,,,,,,,,,,
2010039272,1804.0,2,0,0,0,0,0,0,0,0,4,0,,67,3,2010,7,40.0558,-75.1589,1804.0,6,0,0,1,0,0,0,0,0,,0,0,0,18.0,1,2,1,,0,40 03:20.764,,0,75 09:31.951,8,0,0,0,67301,0,0,0,N,0,0,0,3,67301,0,,1,1,,N,N,,0,,0,0,0,3,2,,1800.0,2,2,0,0,0,2,0,3,4,0,2,3,,N,,,,,,,,,,,
2010090108,2032.0,2,0,0,0,0,0,0,0,0,4,0,,67,8,2010,4,39.913,-75.1721,2024.0,6,1,0,0,0,0,0,0,0,,0,0,0,20.0,3,1,1,,0,39 54:46.993,,7,75 10:20.708,8,0,0,0,67301,0,0,0,,0,0,0,4,67301,0,,1,1,,,,,0,,0,0,0,3,2,,2020.0,1,2,0,0,0,1,1,3,4,0,2,3,,N,,,,,,,,,,,
2010032461,1451.0,1,0,0,0,0,0,0,0,0,0,0,,67,3,2010,7,39.9409,-75.2043,1447.0,6,0,0,0,0,0,0,0,0,,0,0,0,14.0,1,1,0,,0,39 56:27.317,,0,75 12:15.182,3,0,0,0,67301,0,0,0,,0,0,0,1,67301,0,,1,1,,N,N,,0,,1,0,0,0,0,,1435.0,1,1,0,0,0,0,0,3,4,0,1,3,,N,,,,,,,,,,,
2010032478,2230.0,0,0,0,0,0,0,0,0,0,8,0,,67,2,2010,4,40.0444,-75.1435,2230.0,6,0,0,0,0,0,1,0,0,,0,0,0,22.0,3,1,1,,0,40 02:39.873,,0,75 08:36.849,8,0,0,0,67301,1,0,0,N,1,0,0,2,67301,0,,1,1,,N,N,,0,,0,0,1,3,2,,2230.0,1,2,0,0,0,1,0,3,4,0,1,3,,N,,,,,,,,,,,
2010032495,310.0,2,0,0,0,0,0,0,0,0,1,0,,67,3,2010,6,40.0209,-75.1401,304.0,6,0,0,0,1,0,0,0,0,1.0,0,0,0,3.0,3,0,1,,2,40 01:15.608,3.0,0,75 08:23.307,0,0,0,0,67301,0,0,0,,0,0,0,2,67301,0,,1,1,,,,,0,,0,0,0,3,2,N,304.0,0,2,0,0,0,0,0,3,4,0,2,3,,N,,,,,,,,,,,
2010103934,1830.0,1,0,0,0,0,0,0,0,0,5,0,,67,9,2010,4,39.9927,-75.1299,1830.0,6,0,0,0,0,0,0,0,0,,0,0,0,18.0,4,0,0,,0,39 59:33.579,,0,75 07:47.683,0,0,0,0,67301,0,0,0,,0,0,0,3,67301,0,,1,1,,,,,1,,0,0,0,0,0,,1830.0,0,2,0,0,0,0,0,3,4,0,2,3,,N,,,,,,,,,,,
2010094126,2052.0,1,0,0,0,0,0,0,0,0,8,0,,67,8,2010,2,39.9714,-75.1594,2051.0,6,0,0,0,0,0,0,0,0,,0,0,0,20.0,3,1,1,,0,39 58:17.205,,0,75 09:33.736,3,0,0,0,67301,1,0,0,,1,0,0,3,67301,0,,2,1,,,,,0,,1,0,0,3,2,,2045.0,1,2,0,0,0,0,1,3,4,0,1,3,,N,,,,,,,,,,,
2010094150,150.0,1,0,0,0,0,0,0,0,0,8,0,,67,8,2010,7,39.9497,-75.1609,140.0,6,0,0,0,0,0,0,0,0,1.0,0,0,0,1.0,3,1,0,,1,39 56:58.984,4.0,0,75 09:39.070,4,0,0,0,67301,1,0,0,N,1,0,0,2,67301,1,,1,1,,N,N,,0,,0,0,0,3,2,Y,135.0,1,2,0,0,1,0,0,3,4,0,1,3,,N,,,,,,,,,,,
2010094177,1700.0,0,0,0,0,0,0,0,0,0,4,0,,67,8,2010,5,39.9992,-75.1344,1652.0,6,0,0,0,0,0,0,0,0,,0,0,0,16.0,1,0,1,,0,39 59:57.040,,0,75 08:03.901,0,0,0,0,67301,0,0,0,N,0,0,0,2,67301,0,,1,1,,N,N,,0,,0,0,2,3,3,,1632.0,0,2,0,0,0,0,0,3,4,0,2,3,,N,,,,,,,,,,,
2010094223,1308.0,2,0,0,0,0,0,0,0,0,1,0,,67,8,2010,6,39.9872,-75.1302,1302.0,6,0,0,0,0,0,0,0,0,,0,0,0,12.0,1,1,0,,0,39 59:14.078,,0,75 07:48.736,4,0,0,0,67301,0,0,0,,0,0,0,3,67301,1,,1,1,,N,N,,0,,0,0,0,0,0,,1255.0,1,2,0,0,2,0,0,3,4,0,2,3,,N,,,,,,,,,,,
2010094225,9999.0,1,0,0,1,0,0,0,0,0,4,0,,67,8,2010,2,39.9762,-75.1497,9999.0,6,0,0,0,0,0,0,0,0,,0,0,0,18.0,4,1,1,,0,39 58:34.291,,0,75 08:59.049,3,0,0,0,67301,1,0,0,N,0,0,0,2,67301,0,,1,1,,N,N,,0,,1,0,0,9,9,,1830.0,1,2,0,0,0,0,1,3,4,0,1,3,,N,,,,,,,,,,,
2010093692,1325.0,5,0,0,0,0,0,0,0,0,4,0,,67,9,2010,3,39.9778,-75.1622,1325.0,6,0,0,0,0,0,1,0,0,3.0,0,0,0,13.0,1,3,1,,2,39 58:40.076,1.0,0,75 09:44.002,8,0,0,0,67301,0,0,0,N,0,0,0,3,67301,0,,1,1,,N,N,,0,,0,0,0,3,3,Y,1315.0,3,5,0,0,0,3,0,3,4,0,5,3,,N,,,,,,,,,,,