CRN,ARRIVAL_TM,AUTOMOBILE_COUNT,BELTED_DEATH_COUNT,BELTED_SUSP_SERIOUS_INJ_COUNT,BICYCLE_COUNT,BICYCLE_DEATH_COUNT,BICYCLE_SUSP_SERIOUS_INJ_COUNT,BUS_COUNT,CHLDPAS_DEATH_COUNT,CHLDPAS_SUSP_SERIOUS_INJ_COUNT,COLLISION_TYPE,COMM_VEH_COUNT,CONS_ZONE_SPD_LIM,COUNTY,CRASH_MONTH,CRASH_YEAR,DAY_OF_WEEK,DEC_LAT,DEC_LONG,DISPATCH_TM,DISTRICT,DRIVER_COUNT_16YR,DRIVER_COUNT_17YR,DRIVER_COUNT_18YR,DRIVER_COUNT_19YR,DRIVER_COUNT_20YR,DRIVER_COUNT_50_64YR,DRIVER_COUNT_65_74YR,DRIVER_COUNT_75PLUS,EST_HRS_CLOSED,FATAL_COUNT,HEAVY_TRUCK_COUNT,HORSE_BUGGY_COUNT,HOUR_OF_DAY,ILLUMINATION,INJURY_COUNT,INTERSECT_TYPE,INTERSECTION_RELATED,LANE_CLOSED,LATITUDE,LN_CLOSE_DIR,LOCATION_TYPE,LONGITUDE,MAX_SEVERITY_LEVEL,MCYCLE_DEATH_COUNT,MCYCLE_SUSP_SERIOUS_INJ_COUNT,MOTORCYCLE_COUNT,MUNICIPALITY,NONMOTR_COUNT,NONMOTR_DEATH_COUNT,NONMOTR_SUSP_SERIOUS_INJ_COUNT,NTFY_HIWY_MAINT,PED_COUNT,PED_DEATH_COUNT,PED_SUSP_SERIOUS_INJ_COUNT,PERSON_COUNT,POLICE_AGCY,POSSIBLE_INJ_COUNT,RDWY_SURF_TYPE_CD,RELATION_TO_ROAD,ROAD_CONDITION,ROADWAY_CLEARED,SCH_BUS_IND,SCH_ZONE_IND,SECONDARY_CRASH,SMALL_TRUCK_COUNT,SPEC_JURIS_CD,SUSP_MINOR_INJ_COUNT,SUSP_SERIOUS_INJ_COUNT,SUV_COUNT,TCD_FUNC_CD,TCD_TYPE,TFC_DETOUR_IND,TIME_OF_DAY,TOT_INJ_COUNT,TOTAL_UNITS,UNB_DEATH_COUNT,UNB_SUSP_SERIOUS_INJ_COUNT,UNBELTED_OCC_COUNT,UNK_INJ_DEG_COUNT,UNK_INJ_PER_COUNT,URBAN_AREA,URBAN_RURAL,VAN_COUNT,VEHICLE_COUNT,WEATHER1,WEATHER2,WORK_ZONE_IND,WORK_ZONE_LOC,WORK_ZONE_TYPE,WORKERS_PRES,WZ_CLOSE_DETOUR,WZ_FLAGGER,WZ_LAW_OFFCR_IND,WZ_LN_CLOSURE,WZ_MOVING,WZ_OTHER,WZ_SHLDER_MDN,WZ_WORKERS_INJ_KILLED
2010093726,1240.0,2,0,0,0,0,0,0,0,0,4,0,,67,8,2010,6,39.9056,-75.1942,1235.0,6,0,0,0,0,0,0,1,0,,0,0,0,12.0,1,0,1,,0,39 54:20.429,,0,75 11:37.829,0,0,0,0,67301,0,0,0,N,0,0,0,2,67301,0,,1,1,,N,N,,0,,0,0,0,3,2,,1230.0,0,2,0,0,0,0,0,3,4,0,2,3,,N,,,,,,,,,,,
2010091282,2345.0,1,0,0,0,0,0,0,0,0,7,0,,67,8,2010,6,39.9787,-75.0977,2345.0,6,0,0,0,0,0,0,0,0,,0,0,0,23.0,3,1,2,,0,39 58:43.342,,0,75 05:51.613,3,0,0,0,67301,0,0,0,,0,0,0,1,67301,0,,2,1,,,,,0,,1,0,0,0,0,,2345.0,1,1,0,0,1,0,0,3,4,0,1,3,,N,,,,,,,,,,,
2010110786,2220.0,3,0,0,0,0,0,0,0,0,4,0,,67,10,2010,1,39.9849,-75.1631,2144.0,6,0,1,0,0,0,0,0,0,,0,0,0,21.0,3,0,1,,0,39 59:05.614,,0,75 09:47.123,0,0,0,0,67301,0,0,0,,0,0,0,4,67301,0,,1,1,,,,,0,,0,0,1,3,3,,2144.0,0,4,0,0,0,0,0,3,4,0,4,3,,N,,,,,,,,,,,
2010111074,2213.0,2,0,0,0,0,0,0,0,0,1,0,,67,10,2010,4,39.9788,-75.203,2213.0,6,0,0,0,0,2,0,0,0,1.0,0,0,0,22.0,3,1,6,,1,39 58:50.996,4.0,2,75 12:22.007,4,0,0,0,67301,0,0,0,N,0,0,0,2,68K01,1,,1,1,,N,N,,0,,0,0,0,0,0,Y,2213.0,1,2,0,0,0,0,0,3,4,0,2,3,,N,,,,,,,,,,,
2010088908,2038.0,1,0,0,0,0,0,0,0,0,4,0,,67,8,2010,7,40.0549,-75.1552,2032.0,6,0,0,0,0,0,1,0,0,,0,0,0,20.0,1,1,1,,0,40 03:17.748,,0,75 09:18.547,8,0,0,0,67301,0,0,0,N,0,0,0,3,67301,0,,1,1,,N,N,,0,,0,0,1,3,3,,2027.0,1,2,0,0,0,1,0,3,4,0,2,3,,N,,,,,,,,,,,
2010088941,2155.0,1,0,0,0,0,0,0,0,0,8,0,,67,8,2010,4,39.9595,-75.2332,2151.0,6,0,0,0,0,0,0,0,0,,0,0,0,21.0,3,1,1,,0,39 57:34.088,,0,75 13:59.355,3,0,0,0,67301,1,0,0,N,1,0,0,2,67301,0,,1,1,,N,N,,0,,1,0,0,3,2,,2149.0,1,2,0,0,0,0,0,3,4,0,1,3,,N,,,,,,,,,,,
2010069712,118.0,2,0,0,0,0,0,0,0,0,1,0,,67,6,2010,7,40.0813,-74.9839,115.0,6,0,0,0,0,0,0,0,0,,0,0,0,1.0,3,0,0,,0,40 04:52.770,,0,74 59:02.018,9,0,0,0,67301,0,0,0,N,0,0,0,1,67301,0,,6,1,,N,N,,0,,0,0,0,0,0,,115.0,0,2,0,0,0,0,1,3,4,0,2,3,,N,,,,,,,,,,,
2010069214,2255.0,2,0,0,0,0,0,0,0,0,5,0,,67,6,2010,6,40.0137,-75.1794,2245.0,6,0,0,0,0,0,0,0,0,2.0,0,0,0,22.0,3,2,0,,1,40 00:49.502,1.0,0,75 10:46.003,4,0,0,0,67301,0,0,0,N,0,0,0,3,67301,2,,1,1,,N,N,,0,,0,0,0,0,0,N,2243.0,2,2,0,0,0,0,1,3,4,0,2,3,,N,,,,,,,,,,,
2010040542,1008.0,1,0,0,0,0,0,0,0,0,7,0,,67,3,2010,5,40.0373,-75.1714,1008.0,6,0,0,0,0,0,0,0,0,,0,0,0,10.0,1,1,0,,0,40 02:14.280,,1,75 10:16.890,8,0,0,0,67301,0,0,0,N,0,0,0,2,67301,0,,2,1,,N,N,,0,,0,0,0,0,0,,1007.0,1,1,0,0,0,1,1,3,4,0,1,3,,N,,,,,,,,,,,
2010011566,257.0,1,0,0,0,0,0,0,0,0,7,0,,67,1,2010,2,40.0382,-75.0614,254.0,6,0,0,0,0,0,0,0,0,,0,0,0,2.0,3,1,0,,0,40 02:17.341,,0,75 03:41.024,8,0,0,0,67301,0,0,0,Y,0,0,0,1,67301,0,,2,1,,N,N,,0,,0,0,0,0,0,,252.0,1,1,0,0,0,1,0,3,4,0,1,3,,N,,,,,,,,,,,
2010012022,653.0,0,0,0,0,0,0,0,0,0,1,1,,67,1,2010,5,39.9901,-75.0872,651.0,6,0,0,0,0,0,2,0,0,1.0,0,1,0,6.0,5,0,0,,1,39 59:23.840,2.0,0,75 05:14.231,0,0,0,0,67301,0,0,0,N,0,0,0,2,68K01,0,,1,1,,N,N,,1,,0,0,0,0,0,N,650.0,0,2,0,0,0,0,0,3,4,0,2,3,,N,,,,,,,,,,,
2010122348,1327.0,1,0,0,0,0,0,0,0,0,8,0,,67,11,2010,7,40.0166,-75.1495,1323.0,6,0,0,0,0,0,1,0,0,,0,0,0,13.0,1,1,0,,0,40 00:59.588,,0,75 08:58.357,4,0,0,0,67301,1,0,0,N,1,0,0,2,67301,1,,1,1,,N,N,,0,,0,0,0,0,0,,1315.0,1,2,0,0,0,0,1,3,4,0,1,3,,N,,,,,,,,,,,
2010122356,2350.0,2,0,1,0,0,0,0,0,0,1,0,,67,11,2010,6,40.124,-75.0016,2345.0,6,0,0,0,0,0,1,1,0,,0,0,0,23.0,3,1,1,,0,40 07:26.457,,0,75 00:05.875,2,0,0,0,67301,0,0,0,,0,0,0,3,67301,0,,1,1,,,,,0,,0,1,0,3,3,,2315.0,1,2,0,0,0,0,0,3,4,0,2,3,,N,,,,,,,,,,,
2010122366,1125.0,1,0,0,0,0,0,0,0,0,4,1,,67,11,2010,2,39.9675,-75.202,1117.0,6,0,0,0,0,1,0,0,0,,0,0,0,11.0,1,1,1,,0,39 58:03.050,,0,75 12:07.052,4,0,0,0,67301,0,0,0,N,0,0,0,3,67301,1,,1,1,,N,N,,1,,0,0,0,3,3,,1116.0,1,2,0,0,0,0,0,3,4,0,2,3,,N,,,,,,,,,,,
2010122468,1433.0,2,0,0,0,0,0,0,0,0,4,0,,67,11,2010,4,40.0392,-75.11,1430.0,6,0,0,0,0,0,0,0,0,,0,0,0,14.0,1,0,5,,0,40 02:20.942,,0,75 06:36.006,0,0,0,0,67301,0,0,0,N,0,0,0,2,67301,0,,1,1,,N,N,,0,,0,0,0,3,2,,1430.0,0,2,0,0,0,0,0,3,4,0,2,3,,N,,,,,,,,,,,
2010122490,554.0,1,0,0,0,0,0,0,0,0,7,0,,67,11,2010,7,40.1035,-75.0029,553.0,6,0,0,0,0,0,0,0,0,,0,0,0,5.0,5,0,0,,0,40 06:12.573,,0,75 00:10.545,0,0,0,0,67301,0,0,0,N,0,0,0,1,67301,0,,2,1,,,,,0,,0,0,0,0,0,,550.0,0,1,0,0,0,0,0,3,4,0,1,3,,N,,,,,,,,,,,
2010122618,2115.0,1,0,0,0,0,0,0,0,0,7,0,,67,11,2010,6,39.948,-75.1906,2105.0,6,0,0,0,0,0,0,0,0,,0,0,0,21.0,3,1,0,,0,39 56:52.895,,0,75 11:26.283,8,0,0,0,67301,0,0,0,N,0,0,0,1,67301,0,,5,1,,N,N,,0,,0,0,0,0,0,,2105.0,1,1,0,0,1,1,0,3,4,0,1,3,,N,,,,,,,,,,,
2010039188,1634.0,2,0,0,0,0,0,0,0,0,4,0,,67,3,2010,4,39.978,-75.1581,1629.0,6,0,0,0,0,0,0,0,0,,0,0,0,16.0,1,0,0,,0,39 58:40.734,,0,75 09:29.092,0,0,0,0,67301,0,0,0,,0,0,0,4,67301,0,,1,1,,N,N,,0,,0,0,0,0,0,,1610.0,0,2,0,0,0,0,0,3,4,0,2,3,,N,,,,,,,,,,,
2010039296,1543.0,1,0,0,0,0,0,0,0,0,1,0,,67,3,2010,4,40.0168,-75.1744,1539.0,6,0,0,0,0,0,0,0,0,,0,0,0,15.0,1,3,6,,0,40 01:00.550,,2,75 10:27.641,8,0,0,0,67301,0,0,0,N,0,0,0,4,67301,0,,1,1,,N,N,,0,,0,0,0,0,0,,1510.0,3,2,0,0,0,3,0,3,4,1,2,3,,N,,,,,,,,,,,
2010117614,1610.0,0,0,1,0,0,0,0,0,0,8,0,,67,11,2010,1,39.9269,-75.1949,1603.0,6,0,0,0,0,0,0,0,0,3.0,0,0,0,16.0,1,2,0,,2,39 55:40.744,4.0,0,75 11:45.308,2,0,0,0,67301,1,0,1,N,1,0,1,2,68K01,0,,1,1,,N,N,,0,,0,2,0,0,0,Y,1600.0,2,3,0,0,0,0,0,3,4,2,2,3,,N,,,,,,,,,,,
2010090105,248.0,4,0,0,0,0,0,0,0,0,1,0,99.0,67,8,2010,1,40.0061,-75.1936,236.0,6,0,0,0,0,0,0,0,0,2.0,0,0,0,2.0,3,2,6,,1,40 00:23.138,2.0,8,75 11:35.350,4,0,0,0,67301,0,0,0,N,0,0,0,4,67301,2,,7,9,,N,N,,0,,0,0,0,0,0,N,230.0,2,4,0,0,0,0,1,3,4,0,4,7,,Y,8.0,8.0,U,U,U,U,U,U,U,U,
2010032474,1259.0,1,0,0,0,0,0,0,0,0,8,0,,67,3,2010,2,40.0215,-75.1398,1256.0,6,0,0,0,0,0,0,0,0,,0,0,0,7.0,1,1,1,,0,40 01:17.486,,0,75 08:23.326,4,0,0,0,67301,1,0,0,N,1,0,0,2,67301,1,,9,98,,N,N,,0,,0,0,0,3,2,,755.0,1,2,0,0,0,0,0,3,4,0,1,99,,N,,,,,,,,,,,
2010032825,1115.0,2,0,0,0,0,0,0,0,0,4,0,,67,3,2010,3,40.0713,-75.0383,1105.0,6,0,0,0,0,0,1,0,0,1.0,0,0,0,11.0,1,3,1,,1,40 04:16.614,2.0,0,75 02:17.825,3,0,0,0,67301,0,0,0,N,0,0,0,3,67301,0,,1,1,,N,N,,0,,3,0,0,3,2,N,1100.0,3,2,0,0,0,0,0,3,4,0,2,3,,N,,,,,,,,,,,
2010019343,952.0,0,0,0,0,0,0,0,0,0,7,0,,67,2,2010,4,39.9731,-75.1202,945.0,6,0,0,0,0,0,1,0,0,,0,0,0,9.0,1,0,0,,0,39 58:26.402,,0,75 07:08.169,0,0,0,0,67301,0,0,0,N,0,0,0,1,68K01,0,,2,6,,N,N,,0,,0,0,0,0,0,,943.0,0,1,0,0,0,0,0,3,4,1,1,9,,N,,,,,,,,,,,
2010008140,2220.0,1,0,0,0,0,0,0,0,0,7,0,,67,1,2010,4,39.9,-75.1609,2209.0,6,0,0,0,0,0,0,0,0,1.0,0,0,0,22.0,3,1,0,,1,39 54:00.752,2.0,0,75 09:32.417,8,0,0,0,67301,0,0,0,N,0,0,0,1,68K01,0,,3,1,,N,N,,0,,0,0,0,0,0,N,2209.0,1,1,0,0,0,1,0,3,4,0,1,3,,N,,,,,,,,,,,
2010011552,1445.0,0,0,0,0,0,0,0,0,0,4,0,,67,1,2010,2,40.0042,-75.0774,1436.0,6,0,0,0,0,0,0,0,0,,0,0,0,13.0,1,2,2,,0,40 00:15.052,,0,75 04:39.361,4,0,0,0,67301,0,0,0,N,0,0,0,2,67301,2,,1,1,,N,N,,0,,0,0,0,9,2,,1330.0,2,2,0,0,0,0,0,3,4,2,2,3,,N,,,,,,,,,,,
2010017084,1208.0,2,0,0,0,0,0,0,0,0,4,0,,67,1,2010,4,40.0492,-75.1446,1205.0,6,0,0,0,1,0,1,0,0,1.0,0,0,0,11.0,1,1,0,,1,40 02:57.106,2.0,7,75 08:40.620,8,0,0,0,67301,0,0,0,N,0,0,0,2,67301,0,,1,1,,N,N,,0,,0,0,0,0,0,N,1145.0,1,2,0,0,0,1,0,3,4,0,2,3,,N,,,,,,,,,,,
2010017161,252.0,0,0,0,0,0,0,0,0,0,7,0,,67,1,2010,7,39.9579,-75.1488,250.0,6,0,0,0,0,0,0,0,0,,0,0,0,2.0,3,0,1,,0,39 57:28.502,,1,75 08:55.805,0,0,0,0,67301,0,0,0,,0,0,0,0,67301,0,,5,1,,N,N,,0,,0,0,1,2,2,,220.0,0,1,0,0,0,0,0,3,4,0,1,3,,N,,,,,,,,,,,
2010017175,27.0,2,0,0,0,0,0,0,0,0,1,0,,67,1,2010,7,40.0211,-75.1399,21.0,6,0,0,0,0,0,0,0,0,,0,0,0,0.0,3,1,1,,0,40 01:15.937,,0,75 08:23.758,4,0,0,0,67301,0,0,0,N,0,0,0,2,67301,1,,1,1,,N,N,,0,,0,0,0,3,2,,20.0,1,2,0,0,0,0,0,3,4,0,2,3,,N,,,,,,,,,,,
2010017250,2105.0,2,0,0,0,0,0,0,0,0,2,0,,67,1,2010,7,40.0534,-75.1777,2100.0,6,0,0,0,0,0,1,0,0,,0,0,0,20.0,3,1,0,,0,40 03:12.208,,0,75 10:39.715,3,0,0,0,67301,0,0,0,N,0,0,0,4,67301,0,,1,1,,N,N,,1,,1,0,0,0,0,,2045.0,1,3,0,0,1,0,0,3,4,0,3,3,,N,,,,,,,,,,,
2010020092,200.0,2,0,0,0,0,0,0,0,0,6,0,,67,1,2010,1,39.9236,-75.1737,153.0,6,0,0,0,0,0,0,0,0,,0,0,0,99.0,1,1,1,,0,39 55:25.089,,0,75 10:25.413,4,0,0,0,67301,0,0,0,N,0,0,0,2,67301,1,,1,9,,N,N,,0,,0,0,0,0,0,,9999.0,1,2,0,0,0,0,0,3,4,0,2,3,,N,,,,,,,,,,,
2010021212,957.0,0,0,0,0,0,0,0,0,0,7,1,,67,2,2010,4,39.8887,-75.2177,950.0,6,0,0,0,0,1,0,0,0,1.0,0,1,0,9.0,1,1,0,,1,39 53:19.547,2.0,0,75 13:04.180,4,0,0,0,67301,0,0,0,N,0,0,0,2,68K01,1,,4,6,,N,N,,0,,0,0,0,0,0,N,946.0,1,2,0,0,0,0,0,3,4,1,2,10,,N,,,,,,,,,,,
2010021884,1803.0,1,0,0,0,0,0,0,0,0,4,0,,67,1,2010,2,40.0229,-75.1632,1800.0,6,0,0,0,0,0,0,0,0,,0,0,0,17.0,3,1,1,,0,40 01:22.634,,0,75 09:47.577,8,0,0,0,67301,0,0,0,N,0,0,0,3,67301,0,,1,1,,N,N,,0,,0,0,0,3,3,,1758.0,1,2,0,0,1,1,0,3,4,1,2,3,,N,,,,,,,,,,,
2010094713,915.0,1,0,0,0,0,0,0,0,0,1,0,,67,9,2010,4,39.9287,-75.1966,856.0,6,0,0,0,0,0,0,0,0,,0,0,0,8.0,1,1,0,,0,39 55:46.332,,0,75 11:51.108,4,0,0,0,67301,0,0,0,N,0,0,0,3,68K01,1,,1,1,,N,N,,1,,0,0,0,0,0,,849.0,1,2,0,0,0,0,0,3,4,0,2,3,,N,,,,,,,,,,,
2010117989,2155.0,0,0,0,1,0,0,0,0,0,1,0,,67,11,2010,3,39.9642,-75.1902,2145.0,6,0,0,0,0,0,0,0,0,,0,0,0,21.0,3,1,1,,0,39 57:51.138,,0,75 11:24.597,4,0,0,0,67301,1,0,0,N,0,0,0,2,67301,1,,1,1,,N,N,,0,,0,0,0,2,3,,2144.0,1,2,0,0,0,0,0,3,4,0,1,3,,N,,,,,,,,,,,
2010045632,2038.0,2,0,0,0,0,0,0,0,0,2,0,,67,4,2010,1,39.9363,-75.1996,2038.0,6,0,0,0,0,0,1,0,0,2.0,0,0,0,8.0,3,1,0,,2,39 56:14.340,3.0,0,75 11:55.838,8,0,0,0,67301,0,0,0,N,0,0,0,2,68K01,0,,1,1,,N,N,,0,,0,0,0,0,0,N,836.0,1,2,0,0,0,1,0,3,4,0,2,3,,N,,,,,,,,,,,
2010121288,353.0,1,0,0,0,0,0,0,0,0,7,0,,67,12,2010,4,39.9805,-75.2059,344.0,6,0,0,0,0,0,0,0,0,,0,0,0,3.0,3,1,0,,0,39 58:52.640,,0,75 12:24.916,4,0,0,0,67301,0,0,0,N,0,0,0,2,68K01,1,,5,9,,N,N,,0,,0,0,0,0,0,,340.0,1,2,0,0,2,0,0,3,4,0,1,7,,N,,,,,,,,,,,
2010096352,1416.0,1,0,0,0,0,0,0,0,0,1,0,35.0,67,10,2010,4,39.9539,-75.1396,1413.0,6,0,0,0,0,0,1,0,0,,0,0,0,14.0,1,1,6,,0,39 57:13.873,,2,75 08:22.671,8,0,0,0,67301,0,0,0,N,0,0,0,5,67501,0,,1,1,,N,N,,0,,0,0,1,3,3,,1413.0,1,2,0,0,0,1,0,3,4,0,2,3,,Y,2.0,2.0,Y,,,N,Y,,,,
2010094101,1128.0,1,0,0,0,0,0,0,0,0,4,0,,67,8,2010,7,39.9787,-75.1578,9999.0,6,0,0,0,0,0,0,0,0,,0,0,0,0.0,3,1,1,,0,39 58:43.230,,0,75 09:28.092,8,0,0,0,67301,0,0,0,,0,0,0,2,67301,0,,1,1,,N,,,0,,0,0,0,3,2,,0.0,1,2,0,0,1,1,1,3,4,0,2,3,,N,,,,,,,,,,,
2010094169,529.0,1,0,0,0,0,0,0,0,0,7,0,,67,8,2010,1,39.9173,-75.2373,529.0,6,0,0,0,0,0,0,0,0,,0,0,0,5.0,3,1,0,,0,39 55:02.373,,0,75 14:14.119,8,0,0,0,67301,0,0,0,,0,0,0,1,67301,0,,5,1,,,,,0,,0,0,0,0,0,,528.0,1,1,0,0,0,1,0,3,4,0,1,3,,N,,,,,,,,,,,
2010094229,1530.0,1,0,0,0,0,0,0,0,0,8,0,,67,9,2010,5,39.9689,-75.1363,1529.0,6,0,0,0,0,0,0,0,0,,0,0,0,15.0,1,1,0,,0,39 58:07.903,,0,75 08:10.685,3,0,0,0,67301,1,0,0,N,1,0,0,2,67301,0,,1,1,,N,N,,0,,1,0,0,0,0,,1500.0,1,2,0,0,0,0,0,3,4,0,1,3,,N,,,,,,,,,,,
2010086422,1300.0,1,0,0,0,0,0,0,0,0,7,0,,67,7,2010,3,39.9597,-75.1764,1300.0,6,0,0,0,0,0,1,0,0,2.0,0,0,0,12.0,1,1,7,,1,39 57:35.684,3.0,2,75 10:41.169,4,0,0,0,67301,0,0,0,N,0,0,0,1,68K01,1,,2,1,,N,N,,0,,0,0,0,0,0,N,1259.0,1,1,0,0,0,0,0,3,4,0,1,3,,N,,,,,,,,,,,
2010088851,2055.0,0,0,0,0,0,0,0,0,0,4,0,,67,8,2010,7,39.9847,-75.1323,2050.0,6,0,0,0,0,1,1,0,0,1.0,0,0,0,20.0,3,1,3,,1,39 59:05.168,5.0,0,75 07:55.938,4,0,0,0,67301,0,0,0,,0,0,0,5,67301,1,,1,1,,,,,1,,0,0,0,3,2,Y,2035.0,1,2,0,0,0,0,0,3,4,1,2,3,,N,,,,,,,,,,,
2010088864,1429.0,3,0,0,0,0,0,0,0,0,4,0,,67,8,2010,3,40.0845,-75.0384,1404.0,6,0,0,0,0,0,0,0,0,1.0,0,0,0,14.0,1,2,1,,1,40 05:04.029,3.0,0,75 02:18.148,4,0,0,0,67301,0,0,0,N,0,0,0,4,67301,2,,1,1,,N,N,,0,,0,0,0,3,2,N,1400.0,2,3,0,0,0,0,0,3,4,0,3,3,,N,,,,,,,,,,,
2010088900,245.0,1,0,0,0,0,0,0,0,0,7,0,,67,8,2010,2,39.948,-75.1409,230.0,6,0,0,0,1,0,0,0,0,,0,0,0,2.0,3,1,0,,0,39 56:52.705,,2,75 08:27.188,4,0,0,0,67301,0,0,0,N,0,0,0,1,67301,1,,2,1,,N,N,,0,,0,0,0,0,0,,226.0,1,1,0,0,1,0,0,3,4,0,1,3,,N,,,,,,,,,,,
2010088903,1715.0,4,0,0,0,0,0,0,0,0,5,0,,67,8,2010,7,40.0303,-75.1444,1710.0,6,0,0,0,0,0,0,0,0,,0,0,0,17.0,1,6,0,,0,40 01:49.008,,0,75 08:39.764,4,0,0,0,67301,0,0,0,N,0,0,0,6,67301,2,,6,1,,N,N,,0,,0,0,0,0,0,,1700.0,6,4,0,0,0,4,0,3,4,0,4,3,,N,,,,,,,,,,,
2010110893,1240.0,2,0,0,0,0,0,0,0,0,1,0,,67,10,2010,3,40.0075,-75.174,1240.0,6,0,0,0,0,0,1,0,0,,0,0,0,11.0,1,1,0,,0,40 00:26.888,,0,75 10:26.307,4,0,0,0,67301,0,0,0,,0,0,0,2,67301,1,,1,9,,N,N,,0,,0,0,0,0,0,,1150.0,1,2,0,0,2,0,0,3,4,0,2,7,,N,,,,,,,,,,,
2010069707,30.0,2,0,0,0,0,0,0,0,0,4,0,,67,6,2010,6,39.9626,-75.2467,27.0,6,0,0,0,0,0,0,0,0,3.0,0,0,0,21.0,3,2,1,,2,39 57:45.461,3.0,0,75 14:48.589,4,0,0,0,67301,0,0,0,N,0,0,0,2,67301,1,,1,1,,N,N,,0,,0,0,0,3,2,N,2153.0,2,2,0,0,0,1,0,3,4,0,2,3,,N,,,,,,,,,,,
2010122541,1550.0,2,0,0,0,0,0,0,0,0,4,0,,67,11,2010,2,40.0097,-75.1549,1545.0,6,0,0,0,0,0,0,0,0,2.0,0,0,0,15.0,1,1,0,,1,40 00:34.946,3.0,0,75 09:17.163,4,0,0,0,67301,0,0,0,,0,0,0,2,67301,1,,1,1,,,,,1,,0,0,0,0,0,N,1500.0,1,3,0,0,0,0,0,3,4,0,3,3,,N,,,,,,,,,,,
2010038779,305.0,1,0,0,0,0,0,0,0,0,7,0,,67,3,2010,7,40.0445,-75.1931,254.0,6,0,0,0,0,0,0,0,0,,0,0,0,2.0,3,0,1,,0,40 02:40.301,,0,75 11:35.235,0,0,0,0,67301,0,0,0,N,0,0,0,1,67301,0,,5,1,,N,N,,0,,0,0,0,3,2,,245.0,0,1,0,0,0,0,0,3,4,0,1,3,,N,,,,,,,,,,,
2010041828,2330.0,1,0,0,0,0,0,0,0,0,1,0,,67,4,2010,6,39.9252,-75.1934,2318.0,6,0,0,0,0,0,1,0,0,1.0,0,0,0,23.0,3,0,0,,1,39 55:35.505,4.0,0,75 11:40.488,0,0,0,0,67301,0,0,0,N,0,0,0,3,68K01,0,,1,1,,N,N,,1,,0,0,0,0,0,N,2300.0,0,2,0,0,0,0,0,3,4,0,2,3,,N,,,,,,,,,,,
2010031744,308.0,1,0,0,0,0,0,0,0,0,1,0,,67,1,2010,6,40.0038,-75.077,306.0,6,0,0,0,0,0,0,0,0,5.0,2,0,0,3.0,3,3,0,,2,40 00:13.851,1.0,0,75 04:36.864,1,0,0,0,67301,0,0,0,Y,0,0,0,5,68K01,2,1.0,1,9,,N,N,,0,0.0,0,1,1,0,0,Y,303.0,3,3,0,1,2,0,0,3,4,1,3,7,,N,,,,,,,,,,,
2010122559,1835.0,1,0,0,0,0,0,0,0,0,8,0,,67,11,2010,7,39.9368,-75.2288,1831.0,6,0,0,0,0,0,0,0,0,,0,0,0,18.0,3,1,0,,0,39 56:12.314,,0,75 13:43.582,4,0,0,0,67301,1,0,0,N,1,0,0,3,67301,1,,1,1,,N,N,,0,,0,0,0,0,0,,1830.0,1,2,0,0,2,0,0,3,4,0,1,3,,N,,,,,,,,,,,
2010039119,2020.0,2,0,0,0,0,0,0,0,0,8,0,,67,3,2010,6,40.0401,-75.1086,2016.0,6,0,0,0,0,0,1,0,0,,0,0,0,20.0,3,1,0,,0,40 02:24.188,,0,75 06:31.099,8,0,0,0,67301,1,0,0,,1,0,0,4,67301,0,,1,9,,,,,0,,0,0,0,0,0,,2015.0,1,3,0,0,0,1,0,3,4,0,2,7,,N,,,,,,,,,,,
2010039156,2251.0,1,0,0,0,0,0,0,0,0,5,0,,67,3,2010,4,40.0162,-75.1756,2234.0,6,0,0,0,0,0,0,0,0,,0,0,0,22.0,3,5,0,,0,40 00:58.455,,0,75 10:32.186,4,0,0,0,67301,0,0,0,N,0,0,0,6,67301,5,,1,1,,N,N,,0,,0,0,1,0,0,,2232.0,5,2,0,0,0,0,0,3,4,0,2,3,,N,,,,,,,,,,,
2010039182,825.0,1,0,0,0,0,0,0,0,0,7,0,,67,3,2010,2,40.1231,-75.0145,820.0,6,0,0,0,0,0,0,0,0,,0,0,0,8.0,1,1,0,,0,40 07:23.062,,0,75 00:52.318,3,0,0,0,67301,0,0,0,N,0,0,0,1,67301,0,,5,9,,N,N,,0,,1,0,0,0,0,,815.0,1,1,0,0,0,0,0,3,4,0,1,7,,N,,,,,,,,,,,
2010035529,1330.0,0,0,0,0,0,0,0,0,0,7,1,,67,4,2010,6,39.9641,-75.1843,1306.0,6,0,0,0,0,0,1,0,0,3.0,0,1,0,13.0,1,0,6,,2,39 57:50.519,4.0,2,75 11:04.128,0,0,0,0,67301,0,0,0,Y,0,0,0,1,67301,0,,2,1,,N,N,,0,,0,0,0,0,0,N,1300.0,0,1,0,0,0,0,0,3,4,0,1,3,,N,,,,,,,,,,,
2010032829,801.0,2,0,0,0,0,0,0,0,0,4,0,,67,3,2010,5,39.9018,-75.2394,754.0,6,0,0,0,0,0,2,0,0,9.0,0,0,0,99.0,1,0,0,,2,39 54:06.434,1.0,0,75 14:21.918,0,0,0,0,67301,0,0,0,N,0,0,0,2,67301,0,,1,1,,N,N,,0,,0,0,0,0,0,N,9999.0,0,2,0,0,0,0,0,3,4,0,2,3,,N,,,,,,,,,,,