CRN,ARRIVAL_TM,AUTOMOBILE_COUNT,BELTED_DEATH_COUNT,BELTED_SUSP_SERIOUS_INJ_COUNT,BICYCLE_COUNT,BICYCLE_DEATH_COUNT,BICYCLE_SUSP_SERIOUS_INJ_COUNT,BUS_COUNT,CHLDPAS_DEATH_COUNT,CHLDPAS_SUSP_SERIOUS_INJ_COUNT,COLLISION_TYPE,COMM_VEH_COUNT,CONS_ZONE_SPD_LIM,COUNTY,CRASH_MONTH,CRASH_YEAR,DAY_OF_WEEK,DEC_LAT,DEC_LONG,DISPATCH_TM,DISTRICT,DRIVER_COUNT_16YR,DRIVER_COUNT_17YR,DRIVER_COUNT_18YR,DRIVER_COUNT_19YR,DRIVER_COUNT_20YR,DRIVER_COUNT_50_64YR,DRIVER_COUNT_65_74YR,DRIVER_COUNT_75PLUS,EST_HRS_CLOSED,FATAL_COUNT,HEAVY_TRUCK_COUNT,HORSE_BUGGY_COUNT,HOUR_OF_DAY,ILLUMINATION,INJURY_COUNT,INTERSECT_TYPE,INTERSECTION_RELATED,LANE_CLOSED,LATITUDE,LN_CLOSE_DIR,LOCATION_TYPE,LONGITUDE,MAX_SEVERITY_LEVEL,MCYCLE_DEATH_COUNT,MCYCLE_SUSP_SERIOUS_INJ_COUNT,MOTORCYCLE_COUNT,MUNICIPALITY,NONMOTR_COUNT,NONMOTR_DEATH_COUNT,NONMOTR_SUSP_SERIOUS_INJ_COUNT,NTFY_HIWY_MAINT,PED_COUNT,PED_DEATH_COUNT,PED_SUSP_SERIOUS_INJ_COUNT,PERSON_COUNT,POLICE_AGCY,POSSIBLE_INJ_COUNT,RDWY_SURF_TYPE_CD,RELATION_TO_ROAD,ROAD_CONDITION,ROADWAY_CLEARED,SCH_BUS_IND,SCH_ZONE_IND,SECONDARY_CRASH,SMALL_TRUCK_COUNT,SPEC_JURIS_CD,SUSP_MINOR_INJ_COUNT,SUSP_SERIOUS_INJ_COUNT,SUV_COUNT,TCD_FUNC_CD,TCD_TYPE,TFC_DETOUR_IND,TIME_OF_DAY,TOT_INJ_COUNT,TOTAL_UNITS,UNB_DEATH_COUNT,UNB_SUSP_SERIOUS_INJ_COUNT,UNBELTED_OCC_COUNT,UNK_INJ_DEG_COUNT,UNK_INJ_PER_COUNT,URBAN_AREA,URBAN_RURAL,VAN_COUNT,VEHICLE_COUNT,WEATHER1,WEATHER2,WORK_ZONE_IND,WORK_ZONE_LOC,WORK_ZONE_TYPE,WORKERS_PRES,WZ_CLOSE_DETOUR,WZ_FLAGGER,WZ_LAW_OFFCR_IND,WZ_LN_CLOSURE,WZ_MOVING,WZ_OTHER,WZ_SHLDER_MDN,WZ_WORKERS_INJ_KILLED
2010013433,148.0,2,0,0,0,0,0,0,0,0,1,0,,67,1,2010,7,39.99,-75.2055,148.0,6,0,0,0,0,0,1,0,0,1.0,0,0,0,1.0,3,0,0,,1,39 59:26.873,4.0,0,75 12:15.550,0,0,0,0,67301,0,0,0,N,0,0,0,2,68K01,0,,1,1,,N,N,,0,,0,0,1,0,0,N,145.0,0,3,0,0,0,0,0,3,4,0,3,3,,N,,,,,,,,,,,
2010016941,929.0,2,0,0,0,0,0,0,0,0,2,0,,67,1,2010,3,40.0602,-75.191,926.0,6,0,0,0,0,1,1,0,0,,0,0,0,9.0,1,0,2,,0,40 03:36.586,,0,75 11:27.771,0,0,0,0,67301,0,0,0,N,0,0,0,3,67301,0,,1,1,,N,N,,0,,0,0,0,3,2,,926.0,0,2,0,0,0,0,0,3,4,0,2,3,,N,,,,,,,,,,,
2010017004,302.0,0,0,0,0,0,0,0,0,0,7,0,,67,1,2010,7,39.9721,-75.1642,9999.0,6,0,0,0,0,0,0,0,0,,0,0,0,3.0,3,0,1,,0,39 58:19.481,,0,75 09:51.217,0,0,0,0,67301,0,0,0,N,0,0,0,1,67301,0,,5,2,,N,N,,0,,0,0,1,3,2,,300.0,0,1,0,0,0,0,0,3,4,0,1,3,,N,,,,,,,,,,,
2010017048,1911.0,1,0,0,0,0,0,0,0,0,8,0,,67,1,2010,7,39.9325,-75.2303,1910.0,6,0,0,0,0,0,0,0,0,,0,0,0,19.0,3,1,1,,0,39 55:57.085,,0,75 13:49.023,8,0,0,0,67301,1,0,0,,1,0,0,2,67301,0,,1,1,,,,,0,,0,0,0,3,2,,1910.0,1,2,0,0,0,1,0,3,4,0,1,3,,N,,,,,,,,,,,
2010014314,1042.0,1,0,0,0,0,0,0,0,0,1,0,,67,1,2010,3,39.9598,-75.1772,1031.0,6,0,0,0,0,0,0,1,0,,0,0,0,10.0,1,0,0,,0,39 57:35.911,,0,75 10:42.928,0,0,0,0,67301,0,0,0,N,0,0,0,3,68K01,0,,1,1,,N,N,,0,,0,0,1,0,0,,1029.0,0,2,0,0,0,0,0,3,4,0,2,3,,N,,,,,,,,,,,
2010017218,1425.0,1,0,0,0,0,0,0,0,0,7,0,,67,1,2010,5,39.9064,-75.1939,1420.0,6,0,0,0,0,0,0,0,0,,0,0,0,14.0,1,1,0,,0,39 54:22.501,,0,75 11:38.036,4,0,0,0,67301,0,0,0,,0,0,0,1,67301,1,,3,1,,,,,0,,0,0,0,0,0,,1420.0,1,1,0,0,0,0,0,3,4,0,1,3,,N,,,,,,,,,,,
2010027299,1918.0,2,0,0,0,0,0,0,0,0,4,0,,67,2,2010,5,40.0508,-74.9908,1857.0,6,0,0,0,1,0,0,0,0,,0,0,0,18.0,3,1,0,,0,40 03:02.859,,0,74 59:26.928,8,0,0,0,67301,0,0,0,N,0,0,0,3,68M03,0,,1,1,,N,N,,0,,0,0,0,0,0,,1855.0,1,2,0,0,0,1,0,3,4,0,2,3,,N,,,,,,,,,,,
2010021432,756.0,1,0,0,0,0,0,0,0,0,2,0,,67,1,2010,1,40.0871,-74.9804,753.0,6,0,0,0,1,0,0,0,0,,0,0,0,6.0,1,1,0,,0,40 05:13.668,,0,74 58:49.414,8,0,0,0,67301,0,0,0,,0,0,0,1,67301,0,,6,1,,,,,1,,0,0,0,0,0,,654.0,1,2,0,0,0,1,0,3,4,0,2,3,,N,,,,,,,,,,,
2010021443,1710.0,1,0,0,0,0,0,0,0,0,8,0,,67,1,2010,5,39.9692,-75.138,1702.0,6,0,0,0,0,0,0,0,0,,0,0,0,17.0,4,1,2,,0,39 58:09.198,,0,75 08:16.134,3,0,0,0,67301,1,0,0,N,1,0,0,2,67301,0,,1,1,,N,N,,0,,1,0,0,0,0,,1702.0,1,2,0,0,0,0,0,3,4,0,1,3,,N,,,,,,,,,,,
2010094711,2347.0,2,0,0,0,0,0,0,0,0,1,0,,67,8,2010,2,40.007,-75.1996,2347.0,6,0,0,1,0,0,0,0,0,,0,0,0,23.0,3,1,0,,0,40 00:24.180,,0,75 11:56.220,4,0,0,0,67301,0,0,0,N,0,0,0,3,68K01,1,,1,1,,N,N,,0,,0,0,1,0,0,,2347.0,1,3,0,0,0,0,0,3,4,0,3,3,,N,,,,,,,,,,,
2010118021,2340.0,1,0,0,1,0,0,0,0,0,4,0,,67,10,2010,5,40.0214,-75.0794,2340.0,6,0,0,0,1,0,0,0,0,,0,0,0,23.0,6,1,1,,0,40 01:17.161,,0,75 04:45.952,8,0,0,0,67301,1,0,0,,0,0,0,2,67301,0,,1,1,,N,N,,0,,0,0,0,3,3,,2335.0,1,2,0,0,0,1,0,3,4,0,1,3,,N,,,,,,,,,,,
2010064753,912.0,0,0,0,0,0,0,0,0,0,1,1,,67,5,2010,2,39.9721,-75.1228,903.0,6,0,0,0,0,0,1,0,0,,0,1,0,9.0,1,1,0,,0,39 58:19.767,,0,75 07:21.585,8,0,0,0,67301,0,0,0,N,0,0,0,2,67301,0,,1,1,,N,N,,1,,0,0,0,0,0,,900.0,1,2,0,0,0,1,0,3,4,0,2,3,,N,,,,,,,,,,,
2010045065,1051.0,1,0,0,1,0,0,0,0,0,4,0,,67,3,2010,4,39.9626,-75.163,1050.0,6,0,0,0,0,0,1,0,0,,0,0,0,10.0,1,1,1,,0,39 57:45.352,,0,75 09:46.940,8,0,0,0,67301,1,0,0,N,0,0,0,2,67301,0,,1,1,,,,,0,,0,0,0,3,2,,1040.0,1,2,0,0,0,1,0,3,4,0,1,3,,N,,,,,,,,,,,
2010069897,2245.0,2,0,0,1,0,0,0,0,0,4,0,,67,6,2010,6,39.954,-75.1448,2241.0,6,0,0,0,0,0,0,0,0,1.0,0,0,0,22.0,3,1,1,,1,39 57:14.472,3.0,0,75 08:41.402,8,0,0,0,67301,1,0,0,N,0,0,0,4,67301,0,,1,1,,N,N,,0,,0,0,0,3,2,N,2235.0,1,3,0,0,0,1,0,3,4,0,2,3,,N,,,,,,,,,,,
2010062053,107.0,1,0,0,0,0,0,0,0,0,7,0,,67,4,2010,7,39.9406,-75.2364,101.0,6,0,0,0,0,0,0,0,0,,0,0,0,0.0,2,0,0,,0,39 56:25.993,,0,75 14:11.046,0,0,0,0,67301,0,0,0,N,0,0,0,1,67301,0,,2,1,,N,N,,0,,0,0,0,0,0,,58.0,0,1,0,0,0,0,0,3,4,0,1,99,,N,,,,,,,,,,,
2010044730,1253.0,1,0,0,0,0,0,0,0,0,2,0,,67,3,2010,7,40.0079,-75.1723,1251.0,6,0,0,0,0,0,0,1,1,,0,0,0,12.0,1,2,1,,0,40 00:28.314,,0,75 10:20.141,4,0,0,0,67301,0,0,0,,0,0,0,3,67301,1,,1,1,,,,,1,,0,0,1,3,2,,1215.0,2,3,0,0,0,1,0,3,4,0,3,3,,N,,,,,,,,,,,
2010067461,1540.0,2,0,0,0,0,0,0,0,0,1,0,,67,6,2010,3,39.9954,-75.0832,1435.0,6,0,0,0,0,0,0,0,0,,0,0,0,14.0,1,1,0,,0,39 59:43.960,,0,75 04:59.204,4,0,0,0,67301,0,0,0,N,0,0,0,2,68K01,1,,1,1,,N,N,,0,,0,0,0,0,0,,1429.0,1,2,0,0,0,0,0,3,4,0,2,3,,N,,,,,,,,,,,
2010067471,1343.0,1,0,0,0,0,0,0,0,0,1,0,,67,7,2010,1,39.9798,-75.2048,1341.0,6,0,0,0,0,0,0,0,0,1.0,0,0,0,13.0,1,0,0,,2,39 58:49.846,3.0,0,75 12:21.103,0,0,0,0,67301,0,0,0,N,0,0,0,3,68K01,0,,1,1,,N,N,,0,,0,0,0,0,0,N,1339.0,0,2,0,0,0,0,0,3,4,1,2,3,,N,,,,,,,,,,,
2010043870,2200.0,0,0,0,0,0,0,0,0,0,7,0,,67,5,2010,1,40.0294,-75.189,2143.0,6,0,0,0,0,0,1,0,0,3.0,0,0,0,21.0,3,1,3,,2,40 01:45.922,5.0,0,75 11:20.353,8,0,0,0,67301,0,0,0,N,0,0,0,1,67301,0,,1,1,,N,N,,1,,0,0,0,3,2,Y,2142.0,1,1,0,0,0,1,0,3,4,0,1,3,,N,,,,,,,,,,,
2010052335,1701.0,0,0,0,0,0,0,0,0,0,1,0,,67,5,2010,3,40.0305,-75.0865,1656.0,6,0,0,0,0,0,0,0,0,,0,0,0,16.0,1,1,0,,0,40 01:49.931,,7,75 05:10.943,4,0,0,0,67301,0,0,0,N,0,0,0,4,67301,1,,1,1,,N,N,,0,,0,0,2,0,0,,1653.0,1,4,0,0,0,0,1,3,4,1,4,3,,N,,,,,,,,,,,
2010052416,2112.0,3,0,0,0,0,0,0,0,0,4,0,,67,5,2010,7,39.9218,-75.2216,2107.0,6,0,1,0,0,0,0,0,0,,0,0,0,20.0,3,1,2,,0,39 55:18.429,,0,75 13:17.630,4,0,0,0,67301,0,0,0,N,0,0,0,1,67301,1,,2,1,,N,N,,0,,0,0,0,3,3,,2047.0,1,3,0,0,0,0,0,3,4,0,3,3,,N,,,,,,,,,,,
2010101516,1822.0,1,0,0,0,0,0,0,0,0,1,0,,67,10,2010,6,40.0184,-75.0471,1822.0,6,0,0,0,0,0,1,0,0,2.0,0,0,0,18.0,3,1,0,,1,40 01:07.147,1.0,0,75 02:48.099,3,0,0,0,67301,0,0,0,N,0,0,0,3,68K01,0,,1,1,,N,N,,1,,1,0,0,0,0,N,1822.0,1,3,0,0,0,0,0,3,4,1,3,3,,N,,,,,,,,,,,
2010089108,1833.0,2,0,0,0,0,0,0,0,0,2,0,,67,8,2010,6,39.9261,-75.1828,1830.0,6,0,0,0,0,0,1,0,0,,0,0,0,18.0,1,2,1,,0,39 55:33.757,,0,75 10:57.484,4,0,0,0,67301,0,0,0,N,0,0,0,3,67301,2,,1,1,,N,N,,0,,0,0,0,3,2,,1828.0,2,2,0,0,0,0,0,3,4,0,2,3,,N,,,,,,,,,,,
2010094145,1400.0,1,0,0,1,0,0,0,0,0,4,0,,67,6,2010,6,40.0194,-75.1161,1330.0,6,0,0,0,0,0,0,0,0,,0,0,0,13.0,1,1,0,,0,40 01:09.915,,0,75 06:57.794,8,0,0,0,67301,1,0,0,N,0,0,0,2,67301,0,,6,1,,N,N,,0,,0,0,0,0,0,,1330.0,1,2,0,0,0,1,0,3,4,0,1,99,,N,,,,,,,,,,,
2010094267,1351.0,2,0,0,0,0,0,0,0,0,1,0,,67,8,2010,2,40.0223,-75.162,1350.0,6,0,0,0,0,0,0,0,0,,0,0,0,23.0,6,1,1,,0,40 01:20.289,,0,75 09:43.290,8,0,0,0,67301,0,0,0,N,0,0,0,2,67301,0,,1,98,,N,N,,0,,0,0,0,3,2,,2340.0,1,2,0,0,0,1,1,3,4,0,2,99,,N,,,,,,,,,,,
2010096492,540.0,2,0,0,0,0,0,0,0,0,1,0,,67,8,2010,7,40.0225,-75.166,531.0,6,0,0,0,0,0,1,0,0,,0,0,0,5.0,3,0,0,,0,40 01:20.905,,0,75 09:57.765,9,0,0,0,67301,0,0,0,,0,0,0,1,67301,0,,6,1,,,,,0,,0,0,0,0,0,,525.0,0,2,0,0,0,0,1,3,4,0,2,3,,N,,,,,,,,,,,
2010086423,1407.0,1,0,0,0,0,0,0,0,0,7,0,,67,7,2010,4,39.9272,-75.1465,1407.0,6,0,0,0,0,0,0,0,0,2.0,0,0,0,13.0,1,4,0,,2,39 55:38.357,1.0,0,75 08:47.409,3,0,0,0,67301,0,0,0,N,0,0,0,4,68K01,3,,2,1,,N,N,,0,,1,0,0,0,0,N,1359.0,4,1,0,0,0,0,0,3,4,0,1,3,,N,,,,,,,,,,,
2010113758,1230.0,2,0,0,0,0,0,0,0,0,1,0,,67,10,2010,6,40.0253,-75.1238,1230.0,6,0,0,0,0,0,0,0,0,,0,0,0,19.0,1,1,0,,0,40 01:31.174,,0,75 07:24.629,4,0,0,0,67301,0,0,0,N,0,0,0,3,67301,1,,1,1,,N,N,,0,,0,0,0,0,0,,1900.0,1,2,0,0,0,0,0,3,4,0,2,3,,N,,,,,,,,,,,
2010093725,1000.0,1,0,0,0,0,0,0,0,0,8,0,,67,8,2010,7,40.0085,-75.2107,953.0,6,0,0,0,0,0,1,0,0,3.0,0,0,0,9.0,1,1,1,,1,40 00:29.749,2.0,0,75 12:39.282,3,0,0,0,67301,1,0,0,N,1,0,0,3,67301,0,,1,1,,N,N,,0,,1,0,0,3,2,N,952.0,1,2,0,0,0,0,0,3,4,0,1,3,,N,,,,,,,,,,,
2010091278,1441.0,1,0,0,0,0,0,0,0,0,4,0,,67,8,2010,1,39.9638,-75.1729,1439.0,6,0,0,0,0,0,1,1,0,2.0,0,0,0,14.0,1,1,1,,2,39 57:49.790,2.0,0,75 10:22.508,4,0,0,0,67301,0,0,0,,0,0,0,2,67301,1,,1,1,,,,,0,,0,0,0,3,2,Y,1430.0,1,2,0,0,0,0,0,3,4,1,2,3,,N,,,,,,,,,,,
2010110807,1845.0,1,0,0,0,0,0,0,0,0,8,0,,67,10,2010,3,39.9414,-75.1476,1835.0,6,0,0,0,0,0,0,0,0,,0,0,0,18.0,3,1,1,,0,39 56:29.130,,0,75 08:51.356,4,0,0,0,67301,1,0,0,N,1,0,0,2,67301,1,,1,1,,N,N,,0,,0,0,0,3,2,,1835.0,1,2,0,0,0,0,0,3,4,0,1,3,,N,,,,,,,,,,,
2010106580,620.0,0,0,0,0,0,0,0,0,0,7,1,,67,11,2010,2,39.9766,-75.1131,610.0,6,0,0,0,0,0,1,0,0,4.0,0,1,0,6.0,3,0,0,,2,39 58:36.843,5.0,1,75 06:46.800,0,0,0,0,67301,0,0,0,N,0,0,0,1,67301,0,,4,1,,N,N,,0,,0,0,0,3,8,Y,610.0,0,1,0,0,0,0,0,3,4,0,1,3,,N,,,,,,,,,,,
2010088909,1658.0,2,0,0,0,0,0,0,0,0,4,0,,67,8,2010,6,40.0437,-75.1783,1655.0,6,0,0,0,0,0,0,0,0,,0,0,0,16.0,1,1,1,,0,40 02:37.280,,0,75 10:41.980,4,0,0,0,67301,0,0,0,N,0,0,0,3,67301,1,,1,1,,N,N,,0,,0,0,0,3,3,,1654.0,1,2,0,0,0,0,0,3,4,0,2,3,,N,,,,,,,,,,,
2010110850,1749.0,0,0,0,0,0,0,0,0,0,7,0,,67,10,2010,1,39.934,-75.1862,1946.0,6,0,0,0,0,0,1,0,0,3.0,0,0,0,17.0,3,0,1,,2,39 56:02.515,3.0,0,75 11:10.165,0,0,0,0,67301,0,0,0,Y,0,0,0,1,67301,0,,2,1,,N,N,,0,,0,0,1,3,2,Y,1746.0,0,1,0,0,0,0,0,3,4,0,1,3,,N,,,,,,,,,,,
2010110859,903.0,1,0,0,0,0,0,0,0,0,4,0,,67,10,2010,3,39.9584,-75.2313,859.0,6,0,0,0,0,0,1,0,0,,0,0,0,8.0,1,1,1,,0,39 57:30.398,,0,75 13:52.701,8,0,0,0,67301,0,0,0,N,0,0,0,2,67301,0,,1,9,,N,N,,1,,0,0,0,3,3,,856.0,1,2,0,0,0,1,0,3,4,0,2,3,,N,,,,,,,,,,,
2010110869,1446.0,1,0,0,0,0,0,1,0,0,4,1,,67,10,2010,4,39.9519,-75.16,1443.0,6,0,0,0,0,0,0,1,0,,0,0,0,14.0,1,1,0,,0,39 57:07.008,,0,75 09:35.890,3,0,0,0,67301,0,0,0,,0,0,0,3,67301,0,,1,1,,,,,0,,1,0,0,0,0,,1441.0,1,2,0,0,0,0,0,3,4,0,2,3,,N,,,,,,,,,,,
2010069199,1547.0,1,0,0,0,0,0,0,0,0,6,0,,67,6,2010,3,40.0363,-75.1557,1543.0,6,0,0,1,0,0,1,0,0,,0,0,0,15.0,1,1,0,,0,40 02:10.605,,0,75 09:20.601,4,0,0,0,67301,0,0,0,N,0,0,0,4,67301,1,,1,1,,N,N,,0,,0,0,0,0,0,,1541.0,1,2,0,0,0,0,0,3,4,1,2,3,,N,,,,,,,,,,,
2010011576,1545.0,0,0,0,0,0,0,0,0,0,8,0,,67,1,2010,4,40.0729,-75.0759,1539.0,6,0,0,0,0,0,0,1,0,,0,0,0,15.0,1,1,1,,0,40 04:22.410,,0,75 04:33.193,4,0,0,0,67301,1,0,0,N,1,0,0,2,67301,1,,1,1,,N,N,,0,,0,0,1,3,2,,1538.0,1,2,0,0,0,0,1,3,4,0,1,3,,N,,,,,,,,,,,
2010011644,1735.0,1,0,0,0,0,0,0,0,0,8,0,,67,1,2010,2,40.0523,-75.2015,1730.0,6,0,0,0,0,0,1,0,0,,0,0,0,17.0,3,1,1,,0,40 03:08.365,,0,75 12:05.193,8,0,0,0,67301,1,0,0,N,1,0,0,2,67301,0,,1,1,,N,N,,0,,0,0,0,3,3,,1730.0,1,2,0,0,0,1,0,3,4,0,1,3,,N,,,,,,,,,,,
2010040547,115.0,0,0,0,0,0,0,0,0,0,6,0,,67,3,2010,5,40.0296,-75.2139,104.0,6,0,0,0,0,0,0,0,0,,0,0,0,1.0,3,0,0,,0,40 01:46.507,,0,75 12:49.976,0,0,0,0,67301,0,0,0,,0,0,0,1,67301,0,,1,1,,N,N,,0,,0,0,4,0,0,,100.0,0,4,0,0,0,0,0,3,4,0,4,3,,N,,,,,,,,,,,
2010038546,121.0,0,0,0,0,0,0,0,0,0,7,0,,67,3,2010,1,40.0231,-75.0349,116.0,6,0,0,0,0,0,0,0,0,,0,0,0,1.0,3,2,0,,0,40 01:23.330,,0,75 02:05.037,3,0,0,0,67301,0,0,0,Y,0,0,0,2,68K01,1,,4,1,,N,N,,0,,1,0,1,0,0,,111.0,2,1,0,0,2,0,0,3,4,0,1,3,,N,,,,,,,,,,,
2010038618,50.0,1,0,0,0,0,0,0,0,0,4,0,,67,3,2010,7,40.0176,-75.065,47.0,6,0,0,1,0,0,0,0,0,,0,0,0,0.0,3,3,1,,0,40 01:03.097,,0,75 03:54.438,4,0,0,0,67301,0,0,0,,0,0,0,4,67301,3,,1,1,,,,,0,,0,0,1,3,2,,36.0,3,2,0,0,0,0,0,3,4,0,2,3,,N,,,,,,,,,,,
2010038717,857.0,1,0,0,0,0,0,0,0,0,7,0,,67,3,2010,1,40.0425,-75.1932,847.0,6,0,0,0,0,0,1,0,0,,0,0,0,7.0,1,1,1,,0,40 02:33.177,,0,75 11:35.636,8,0,0,0,67301,0,0,0,N,0,0,0,1,67301,0,,2,9,,N,N,,0,,0,0,0,0,0,,746.0,1,1,0,0,0,1,0,3,4,0,1,7,,N,,,,,,,,,,,
2010038965,625.0,1,0,0,0,0,0,0,0,0,1,0,,67,3,2010,3,40.0405,-75.0591,620.0,6,0,0,0,0,0,0,0,0,,0,0,0,6.0,1,2,1,,0,40 02:25.798,,0,75 03:31.964,3,0,0,0,67301,0,0,0,,0,0,0,3,67301,0,,1,9,,,,,0,,2,0,0,3,2,,620.0,2,2,0,0,0,0,0,3,4,1,2,3,,N,,,,,,,,,,,
2010039123,1440.0,1,0,0,0,0,0,0,0,0,1,0,,67,4,2010,5,40.035,-75.0694,1435.0,6,0,0,0,0,0,0,0,0,1.0,0,0,0,14.0,1,1,1,,2,40 02:06.022,1.0,0,75 04:09.823,8,0,0,0,67301,0,0,0,,0,0,0,2,67301,0,,1,1,,N,N,,0,,0,0,1,3,2,N,1400.0,1,2,0,0,0,1,0,3,4,0,2,3,,N,,,,,,,,,,,
2010039129,717.0,0,0,0,0,0,0,0,0,0,4,0,,67,3,2010,6,39.9774,-75.2271,716.0,6,0,0,0,0,0,0,1,0,2.0,0,0,0,7.0,1,2,5,,1,39 58:38.507,3.0,7,75 13:37.478,4,0,0,0,67301,0,0,0,N,0,0,0,2,67301,2,,1,1,,N,N,,0,,0,0,2,3,2,Y,710.0,2,2,0,0,0,0,0,3,4,0,2,3,,N,,,,,,,,,,,
2010039140,727.0,3,0,0,0,0,0,0,0,0,2,0,,67,3,2010,2,39.9898,-75.2378,723.0,6,0,0,0,0,0,0,0,0,,0,0,0,7.0,1,1,1,,0,39 59:23.280,,0,75 14:16.259,4,0,0,0,67301,0,0,0,,0,0,0,1,67301,1,,1,1,,,,,0,,0,0,1,3,3,,720.0,1,4,0,0,0,0,0,3,4,0,4,3,,N,,,,,,,,,,,
2010031885,1749.0,1,0,0,0,0,0,0,0,0,5,0,,67,3,2010,6,40.0368,-75.0148,1742.0,6,0,1,0,0,0,1,0,0,1.0,0,0,0,17.0,1,1,0,,1,40 02:12.598,2.0,0,75 00:52.678,4,0,0,0,67301,0,0,0,N,0,0,0,2,68K01,1,,1,1,,N,N,,0,,0,0,0,0,0,N,1738.0,1,2,0,0,0,0,0,3,4,1,2,3,,N,,,,,,,,,,,
2010039209,315.0,0,0,0,0,0,0,0,0,0,1,0,,67,3,2010,1,40.0809,-75.0288,307.0,6,0,0,0,0,0,1,0,0,1.0,0,0,0,3.0,3,2,1,,1,40 04:51.077,2.0,0,75 01:43.585,4,0,0,0,67301,0,0,0,,0,0,0,3,67301,2,,1,9,,,,,0,,0,0,1,3,2,N,305.0,2,2,0,0,2,0,0,3,4,1,2,7,,N,,,,,,,,,,,
2010039318,1155.0,2,0,0,0,0,0,0,0,0,2,0,,67,3,2010,2,39.9617,-75.2449,1148.0,6,0,0,0,0,0,0,2,0,,0,0,0,11.0,1,4,1,,0,39 57:42.022,,0,75 14:41.618,4,0,0,0,67301,0,0,0,N,0,0,0,4,67301,4,,1,9,,N,N,,0,,0,0,0,3,3,,1145.0,4,2,0,0,0,0,0,3,4,0,2,7,,N,,,,,,,,,,,
2010032105,2317.0,1,0,0,0,0,0,0,0,0,7,0,,67,3,2010,2,39.954,-75.1814,2317.0,6,0,0,0,1,0,0,0,0,1.0,0,0,0,23.0,3,1,0,,1,39 57:19.924,3.0,0,75 10:51.099,4,0,0,0,67301,0,0,0,N,0,0,0,1,68K01,1,,4,9,,N,N,,0,,0,0,0,0,0,N,2315.0,1,1,0,0,0,0,0,3,4,0,1,7,,N,,,,,,,,,,,
2010035508,125.0,1,0,0,0,0,0,0,0,0,8,0,,67,3,2010,1,40.0387,-75.0443,122.0,6,0,0,0,0,0,0,0,0,,0,0,0,1.0,3,1,1,,0,40 02:19.179,,0,75 02:39.344,8,0,0,0,67301,1,0,0,,1,0,0,2,67301,0,,1,1,,,,,0,,0,0,0,3,3,,100.0,1,2,0,0,1,1,0,3,4,0,1,3,,N,,,,,,,,,,,
2010032830,2015.0,1,0,0,0,0,0,0,0,0,7,0,,67,2,2010,3,39.8924,-75.2224,2011.0,6,0,0,0,0,0,1,0,0,,0,0,0,20.0,3,0,0,,0,39 53:32.680,,0,75 13:20.730,0,0,0,0,67301,0,0,0,N,0,0,0,2,67301,0,,2,7,,N,N,,0,,0,0,0,3,2,,2000.0,0,1,0,0,0,0,0,3,4,0,1,10,,N,,,,,,,,,,,
2010011553,1044.0,0,0,0,1,0,0,0,0,0,5,0,,67,1,2010,5,39.9511,-75.198,1044.0,6,0,0,0,0,0,0,0,0,,0,0,0,10.0,1,1,0,,0,39 57:03.945,,0,75 11:52.706,4,0,0,0,67301,1,0,0,N,0,0,0,2,67301,1,,1,1,,N,N,,1,,0,0,0,0,0,,1044.0,1,2,0,0,1,0,0,3,4,0,1,3,,N,,,,,,,,,,,
2010017108,300.0,2,0,0,0,0,0,0,0,0,1,0,,67,1,2010,6,40.0544,-75.1412,244.0,6,0,0,0,0,0,0,0,0,,0,0,0,2.0,3,1,1,,0,40 03:15.726,,0,75 08:28.481,4,0,0,0,67301,0,0,0,N,0,0,0,2,67301,1,,1,1,,N,N,,0,,0,0,0,3,2,,240.0,1,2,0,0,0,0,0,3,4,0,2,3,,N,,,,,,,,,,,
2010017225,600.0,0,0,0,0,0,0,0,0,0,7,0,,67,1,2010,6,40.0093,-75.131,553.0,6,0,0,0,0,0,0,0,0,,0,0,0,5.0,3,2,0,,0,40 00:33.343,,0,75 07:51.654,8,0,0,0,67301,0,0,0,N,0,0,0,2,67301,0,,2,2,,N,N,,0,,0,0,1,0,0,,551.0,2,1,0,0,0,2,0,3,4,0,1,10,,N,,,,,,,,,,,
2010017226,1941.0,1,0,0,0,0,0,0,0,0,4,0,,67,1,2010,1,39.9973,-75.1203,9999.0,6,0,0,0,0,1,0,0,0,,0,0,0,19.0,3,1,1,,0,39 59:50.437,,0,75 07:13.185,4,0,0,0,67301,0,0,0,N,0,0,0,5,67301,1,,1,9,,N,N,,1,,0,0,0,3,3,,1940.0,1,2,0,0,0,0,0,3,4,0,2,7,,N,,,,,,,,,,,
2010021557,9999.0,2,0,0,0,0,0,0,0,0,4,0,,67,1,2010,3,40.0509,-75.0689,1230.0,6,0,0,0,0,0,1,0,0,,0,0,0,12.0,1,1,1,,0,40 03:03.232,,0,75 04:08.147,8,0,0,0,67301,0,0,0,N,0,0,0,2,67301,0,,1,1,,N,N,,0,,0,0,0,3,3,,1228.0,1,2,0,0,0,1,0,3,4,0,2,3,,N,,,,,,,,,,,
2010021883,1245.0,2,0,0,0,0,0,0,0,0,4,0,,67,1,2010,4,39.977,-75.1444,1245.0,6,0,0,0,0,0,0,0,0,,0,0,0,12.0,1,0,1,,0,39 58:37.156,,0,75 08:39.818,0,0,0,0,67301,2,0,0,N,0,0,0,3,67301,0,,1,9,,N,N,,0,,0,0,0,3,3,,1245.0,0,2,0,0,0,0,0,3,4,0,2,3,,N,,,,,,,,,,,