CRN,ARRIVAL_TM,AUTOMOBILE_COUNT,BELTED_DEATH_COUNT,BELTED_SUSP_SERIOUS_INJ_COUNT,BICYCLE_COUNT,BICYCLE_DEATH_COUNT,BICYCLE_SUSP_SERIOUS_INJ_COUNT,BUS_COUNT,CHLDPAS_DEATH_COUNT,CHLDPAS_SUSP_SERIOUS_INJ_COUNT,COLLISION_TYPE,COMM_VEH_COUNT,CONS_ZONE_SPD_LIM,COUNTY,CRASH_MONTH,CRASH_YEAR,DAY_OF_WEEK,DEC_LAT,DEC_LONG,DISPATCH_TM,DISTRICT,DRIVER_COUNT_16YR,DRIVER_COUNT_17YR,DRIVER_COUNT_18YR,DRIVER_COUNT_19YR,DRIVER_COUNT_20YR,DRIVER_COUNT_50_64YR,DRIVER_COUNT_65_74YR,DRIVER_COUNT_75PLUS,EST_HRS_CLOSED,FATAL_COUNT,HEAVY_TRUCK_COUNT,HORSE_BUGGY_COUNT,HOUR_OF_DAY,ILLUMINATION,INJURY_COUNT,INTERSECT_TYPE,INTERSECTION_RELATED,LANE_CLOSED,LATITUDE,LN_CLOSE_DIR,LOCATION_TYPE,LONGITUDE,MAX_SEVERITY_LEVEL,MCYCLE_DEATH_COUNT,MCYCLE_SUSP_SERIOUS_INJ_COUNT,MOTORCYCLE_COUNT,MUNICIPALITY,NONMOTR_COUNT,NONMOTR_DEATH_COUNT,NONMOTR_SUSP_SERIOUS_INJ_COUNT,NTFY_HIWY_MAINT,PED_COUNT,PED_DEATH_COUNT,PED_SUSP_SERIOUS_INJ_COUNT,PERSON_COUNT,POLICE_AGCY,POSSIBLE_INJ_COUNT,RDWY_SURF_TYPE_CD,RELATION_TO_ROAD,ROAD_CONDITION,ROADWAY_CLEARED,SCH_BUS_IND,SCH_ZONE_IND,SECONDARY_CRASH,SMALL_TRUCK_COUNT,SPEC_JURIS_CD,SUSP_MINOR_INJ_COUNT,SUSP_SERIOUS_INJ_COUNT,SUV_COUNT,TCD_FUNC_CD,TCD_TYPE,TFC_DETOUR_IND,TIME_OF_DAY,TOT_INJ_COUNT,TOTAL_UNITS,UNB_DEATH_COUNT,UNB_SUSP_SERIOUS_INJ_COUNT,UNBELTED_OCC_COUNT,UNK_INJ_DEG_COUNT,UNK_INJ_PER_COUNT,URBAN_AREA,URBAN_RURAL,VAN_COUNT,VEHICLE_COUNT,WEATHER1,WEATHER2,WORK_ZONE_IND,WORK_ZONE_LOC,WORK_ZONE_TYPE,WORKERS_PRES,WZ_CLOSE_DETOUR,WZ_FLAGGER,WZ_LAW_OFFCR_IND,WZ_LN_CLOSURE,WZ_MOVING,WZ_OTHER,WZ_SHLDER_MDN,WZ_WORKERS_INJ_KILLED
2010045630,2044.0,1,0,0,0,0,0,0,0,0,7,0,,67,4,2010,3,39.9701,-75.1928,2039.0,6,0,0,0,0,0,0,0,0,1.0,0,0,0,20.0,3,0,0,,1,39 58:14.239,3.0,0,75 11:35.098,0,0,0,0,67301,0,0,0,N,0,0,0,1,68K01,0,,4,1,,N,N,,0,,0,0,0,0,0,N,2035.0,0,1,0,0,0,0,0,3,4,0,1,3,,N,,,,,,,,,,,
2010075058,2150.0,1,0,0,0,0,0,0,0,0,4,0,,67,7,2010,1,39.9968,-75.1034,2140.0,6,0,0,0,0,0,0,0,0,,0,0,0,19.0,2,0,1,,0,39 59:48.427,,0,75 06:12.178,0,0,0,0,67301,0,0,0,N,0,0,0,6,67301,0,,1,1,,N,N,,0,,0,0,1,3,2,,1950.0,0,2,0,0,0,0,0,3,4,0,2,3,,N,,,,,,,,,,,
2010064761,736.0,2,0,0,0,0,0,0,0,0,4,0,,67,5,2010,2,39.9583,-75.152,731.0,6,0,0,0,0,0,0,0,0,,0,0,0,7.0,1,1,1,,0,39 57:30.009,,0,75 09:07.358,4,0,0,0,67301,0,0,0,N,0,0,0,2,67301,1,,1,1,,N,N,,0,,0,0,0,2,2,,730.0,1,2,0,0,0,0,0,3,4,0,2,3,,N,,,,,,,,,,,
2010074830,840.0,0,0,0,0,0,0,0,0,0,4,0,,67,7,2010,4,39.9863,-75.1561,835.0,6,0,0,0,0,0,0,0,0,,1,0,0,8.0,1,0,1,,0,39 59:10.631,,0,75 09:22.550,1,1,0,1,67301,0,0,0,N,0,0,0,2,67301,0,2.0,1,1,,N,N,,1,0.0,0,0,0,3,2,,835.0,0,2,0,0,0,0,0,3,4,0,2,3,,N,,,,,,,,,,,
2010074837,10.0,2,0,0,0,0,0,0,0,0,4,0,,67,7,2010,3,40.0725,-75.188,2358.0,6,0,0,1,0,0,0,0,0,,0,0,0,0.0,3,2,1,,0,40 04:21.003,,0,75 11:16.958,8,0,0,0,67301,0,0,0,N,0,0,0,4,67301,0,,1,9,,N,N,,0,,0,0,0,9,3,,0.0,2,2,0,0,0,2,1,3,4,0,2,7,,N,,,,,,,,,,,
2010094291,655.0,3,0,0,0,0,0,0,0,0,4,0,,67,9,2010,7,40.0248,-75.1096,648.0,6,0,0,0,0,0,0,0,0,9.0,0,0,0,6.0,1,2,5,,1,40 01:28.721,4.0,0,75 06:34.955,8,0,0,0,67301,0,0,0,N,0,0,0,2,67301,0,,1,1,,N,N,,0,,0,0,1,3,2,N,605.0,2,4,0,0,0,2,0,3,4,0,4,3,,N,,,,,,,,,,,
2010089106,2015.0,2,0,0,0,0,0,0,0,0,4,0,,67,8,2010,5,39.914,-75.1499,1845.0,6,0,0,0,0,0,1,0,0,,0,0,0,18.0,1,2,1,,0,39 54:50.431,,0,75 08:59.775,3,0,0,0,67301,0,0,0,N,0,0,0,3,67301,1,,1,1,,N,N,,0,,1,0,0,3,2,,1843.0,2,2,0,0,1,0,0,3,4,0,2,3,,N,,,,,,,,,,,
2010098321,2256.0,2,0,0,0,0,0,0,0,0,1,0,50.0,67,10,2010,6,39.924,-75.1475,2254.0,6,0,0,0,0,0,0,0,0,1.0,0,0,0,22.0,2,0,0,,2,39 55:26.100,2.0,0,75 08:50.933,0,0,0,0,67301,0,0,0,N,0,0,0,3,68K01,0,,1,1,,N,N,,0,,0,0,0,0,0,N,2245.0,0,2,0,0,0,0,0,3,4,0,2,3,,Y,4.0,2.0,N,N,N,N,Y,N,N,Y,
2010100914,1632.0,1,0,0,1,0,0,0,0,0,4,0,,67,9,2010,4,39.9933,-75.1493,1623.0,6,0,0,0,0,0,0,0,0,,0,0,0,16.0,1,2,0,,0,39 59:35.724,,0,75 08:57.476,4,0,0,0,67301,1,0,0,N,0,0,0,2,67301,2,,1,1,,N,N,,0,,0,0,0,0,0,,1615.0,2,2,0,0,0,0,0,3,4,0,1,3,,N,,,,,,,,,,,
2010094104,214.0,0,0,0,0,0,0,0,0,0,8,0,,67,8,2010,1,39.9923,-75.1097,210.0,6,0,0,0,0,0,0,0,0,,0,0,0,1.0,3,1,2,,0,39 59:32.454,,0,75 06:34.837,4,0,0,0,67301,1,0,0,,1,0,0,2,67301,1,,1,1,,N,N,,0,,0,0,1,0,0,,144.0,1,2,0,0,0,0,0,3,4,0,1,3,,N,,,,,,,,,,,
2010094179,1908.0,3,0,0,0,0,0,0,0,0,5,0,,67,8,2010,1,39.8948,-75.2369,1906.0,6,0,0,0,0,0,0,0,0,,0,0,0,19.0,1,1,0,,0,39 53:41.373,,0,75 14:12.989,8,0,0,0,67301,0,0,0,N,0,0,0,4,67301,0,,1,1,,N,N,,0,,0,0,0,0,0,,1902.0,1,4,0,0,0,1,1,3,4,0,4,3,,N,,,,,,,,,,,
2010096483,1441.0,1,0,0,0,0,0,0,0,0,1,0,,67,8,2010,3,39.975,-75.1867,1441.0,6,0,0,0,0,0,0,0,0,,0,0,0,14.0,1,2,2,,0,39 58:29.871,,0,75 11:11.969,4,0,0,0,67301,0,0,0,,0,0,0,3,67301,2,,1,1,,N,N,,0,,0,0,1,3,3,,1440.0,2,2,0,0,0,0,0,3,4,0,2,3,,N,,,,,,,,,,,
2010096497,1842.0,1,0,0,0,0,0,0,0,0,8,0,,67,8,2010,7,40.0418,-75.1009,1841.0,6,0,0,0,1,0,0,0,0,1.0,0,0,0,99.0,1,1,0,,1,40 02:30.318,3.0,0,75 06:03.196,4,0,0,0,67301,1,0,0,,1,0,0,2,67301,1,,1,1,,N,N,,0,,0,0,0,0,0,N,9999.0,1,2,0,0,0,0,0,3,4,0,1,3,,N,,,,,,,,,,,
2010093746,1647.0,1,0,0,0,0,0,0,0,0,1,0,,67,9,2010,1,39.9619,-75.1412,1645.0,6,0,0,0,0,1,0,0,0,,0,0,0,16.0,1,1,1,,0,39 57:42.847,,0,75 08:28.208,4,0,0,1,67301,0,0,0,N,0,0,0,2,67301,1,,1,1,,N,N,,0,,0,0,0,3,2,,1644.0,1,2,0,0,0,0,0,3,4,0,2,3,,N,,,,,,,,,,,
2010094090,1206.0,1,0,0,0,0,0,0,0,0,4,0,,67,8,2010,2,40.055,-75.1576,1204.0,6,0,0,0,0,0,0,0,0,1.0,0,0,0,12.0,1,0,1,,1,40 03:18.103,1.0,0,75 09:27.202,9,0,0,0,67301,0,0,0,N,0,0,0,3,67301,0,,1,1,,N,N,,0,,0,0,1,3,2,N,1200.0,0,2,0,0,0,0,1,3,4,0,2,3,,N,,,,,,,,,,,
2010110797,942.0,1,0,0,0,0,0,0,0,0,3,1,,67,10,2010,5,40.0663,-75.0541,940.0,6,0,0,0,0,0,0,0,0,1.0,0,1,0,9.0,1,1,0,,1,40 03:58.788,3.0,0,75 03:14.724,8,0,0,0,67301,0,0,0,N,0,0,0,2,67301,0,,1,1,,N,Y,,0,,0,0,0,0,0,N,936.0,1,2,0,0,0,1,0,3,4,0,2,3,,N,,,,,,,,,,,
2010110809,1745.0,0,0,0,0,0,0,0,0,0,8,0,,67,10,2010,6,40.0521,-74.9936,1705.0,6,0,0,0,0,0,0,0,0,,0,0,0,16.0,1,1,0,,0,40 03:07.531,,0,74 59:37.093,4,0,0,1,67301,1,0,0,,1,0,0,2,67301,1,,1,1,,,,,0,,0,0,0,0,0,,1627.0,1,2,0,0,0,0,0,3,4,0,1,3,,N,,,,,,,,,,,
2010088952,1210.0,0,0,0,0,0,0,0,0,0,8,0,,67,8,2010,7,39.996,-75.0991,1203.0,6,0,0,0,0,0,0,0,0,,0,0,0,12.0,1,1,0,,0,39 59:45.762,,0,75 05:56.580,3,0,0,0,67301,1,0,0,N,1,0,0,2,67301,0,,1,1,,N,N,,0,,1,0,1,0,0,,1200.0,1,2,0,0,0,0,0,3,4,0,1,3,,N,,,,,,,,,,,
2010110836,1630.0,2,0,0,0,0,0,0,0,0,1,0,,67,10,2010,3,40.0205,-75.1924,1625.0,6,0,0,0,0,0,0,0,1,2.0,0,0,0,16.0,1,1,1,,1,40 01:13.580,3.0,0,75 11:32.806,4,0,0,0,67301,0,0,0,Y,0,0,0,2,67301,1,,1,9,,N,N,,0,,0,0,0,3,1,Y,1610.0,1,2,0,0,1,0,0,3,4,0,2,98,,N,,,,,,,,,,,
2010059006,1235.0,2,0,0,0,0,0,0,0,0,1,0,,67,5,2010,1,40.0509,-75.0571,1231.0,6,0,0,0,0,0,0,0,1,,0,0,0,12.0,1,2,1,,0,40 03:03.289,,0,75 03:25.606,4,0,0,0,67301,0,0,0,,0,0,0,2,67301,2,,1,9,,,,,0,,0,0,0,3,2,,1224.0,2,2,0,0,0,0,0,3,4,0,2,7,,N,,,,,,,,,,,
2010040570,9999.0,1,0,0,0,0,0,0,0,0,8,0,,67,3,2010,1,40.054,-75.1448,305.0,6,0,0,0,0,0,0,0,0,,0,0,0,22.0,3,1,5,,0,40 03:14.457,,0,75 08:41.146,3,0,0,0,67301,1,0,0,N,1,0,0,2,67301,0,,1,9,,N,N,,0,,1,0,0,3,2,,2250.0,1,2,0,0,0,0,0,3,4,0,1,7,,N,,,,,,,,,,,
2010008990,1950.0,1,0,0,0,0,0,0,0,0,1,0,,67,1,2010,5,39.9596,-75.1755,1948.0,6,0,0,0,0,1,0,0,0,,0,0,0,19.0,3,3,0,,0,39 57:34.923,,0,75 10:35.158,8,0,0,0,67301,0,0,0,N,0,0,0,3,68K01,0,,1,1,,N,N,,0,,0,0,2,0,0,,1943.0,3,3,0,0,0,3,0,3,4,0,3,3,,N,,,,,,,,,,,
2010038680,810.0,1,0,0,0,0,0,1,0,0,1,1,,67,3,2010,3,39.9773,-75.1581,815.0,6,0,0,0,0,0,0,0,0,,0,0,0,8.0,1,2,1,,0,39 58:38.125,,0,75 09:29.199,8,0,0,0,67301,0,0,0,,0,0,0,11,67301,0,,1,1,,Y,N,,0,,0,0,0,3,2,,810.0,2,2,0,0,0,2,0,3,4,0,2,3,,N,,,,,,,,,,,
2010122349,537.0,2,0,0,0,0,0,0,0,0,4,0,,67,11,2010,2,40.0187,-75.1152,535.0,6,0,0,0,0,0,0,0,0,,0,0,0,5.0,3,1,1,,0,40 01:07.456,,0,75 06:54.889,4,0,0,0,67301,0,0,0,N,0,0,0,3,67301,1,,1,1,,N,N,,0,,0,0,0,3,2,,535.0,1,2,0,0,0,0,0,3,4,0,2,3,,N,,,,,,,,,,,
2010122353,850.0,2,0,0,0,0,0,0,0,0,4,0,,67,11,2010,7,39.9937,-75.1697,846.0,6,0,0,0,0,1,0,0,0,,0,0,0,8.0,1,1,1,,0,39 59:37.190,,0,75 10:10.743,4,0,0,0,67301,0,0,0,N,0,0,0,3,67301,1,,1,1,,N,N,,0,,0,0,0,3,3,,840.0,1,2,0,0,0,0,0,3,4,0,2,3,,N,,,,,,,,,,,
2010122379,2245.0,0,0,0,0,0,0,0,0,0,8,0,,67,11,2010,4,40.0285,-75.1366,2240.0,6,0,0,0,0,0,1,0,0,,0,0,0,22.0,3,1,0,,0,40 01:42.600,,0,75 08:11.925,4,0,0,0,67301,1,0,0,N,1,0,0,2,67301,1,,1,1,,N,N,,0,,0,0,1,0,0,,2235.0,1,2,0,0,0,0,0,3,4,0,1,3,,N,,,,,,,,,,,
2010038739,2120.0,1,0,0,0,0,0,0,0,0,6,0,,67,3,2010,7,40.0811,-74.9957,2114.0,6,0,0,0,0,0,0,0,1,,0,0,0,21.0,3,1,0,,0,40 04:51.788,,0,74 59:44.481,8,0,0,1,67301,0,0,0,,0,0,0,3,67301,0,,1,1,,N,N,,0,,0,0,0,3,8,,2105.0,1,2,0,0,0,1,1,3,4,0,2,3,,N,,,,,,,,,,,
2010122521,1124.0,1,0,0,0,0,0,0,0,0,4,0,,67,11,2010,4,40.0404,-75.086,1119.0,6,0,0,0,0,0,0,0,0,,0,0,0,11.0,1,1,2,,0,40 02:25.504,,0,75 05:09.459,4,0,0,0,67301,0,0,0,,0,0,0,2,67301,1,,1,1,,,,,0,,0,0,0,3,3,,1112.0,1,2,0,0,0,0,0,3,4,1,2,3,,N,,,,,,,,,,,
2010038758,9999.0,2,0,0,0,0,0,0,0,0,4,0,,67,3,2010,1,39.9924,-75.1421,1358.0,6,0,0,0,0,0,0,0,0,,0,0,0,13.0,1,2,0,,0,39 59:32.573,,7,75 08:31.561,4,0,0,0,67301,0,0,0,,0,0,0,6,67301,2,,1,9,,N,N,,0,,0,0,0,0,0,,1358.0,2,2,0,0,0,0,0,3,4,0,2,7,,N,,,,,,,,,,,
2010038791,2050.0,1,0,0,0,0,0,0,0,0,4,0,,67,3,2010,6,40.0232,-75.1244,2045.0,6,0,0,0,0,0,2,0,0,,0,0,0,20.0,3,2,1,,0,40 01:23.484,,0,75 07:27.893,4,0,0,0,67301,0,0,0,,0,0,0,3,67301,2,,1,1,,,,,1,,0,0,0,3,3,,2030.0,2,2,0,0,0,0,0,3,4,0,2,3,,N,,,,,,,,,,,
2010038989,1818.0,1,0,0,0,0,0,1,0,0,4,1,,67,3,2010,5,39.9579,-75.1758,1813.0,6,0,0,0,0,0,0,0,0,,0,0,0,18.0,3,1,2,,0,39 57:28.342,,0,75 10:32.807,4,0,0,0,67301,0,0,0,N,0,0,0,3,67301,1,,1,1,,N,N,,0,,0,0,0,3,2,,1808.0,1,2,0,0,0,0,0,3,4,0,2,3,,N,,,,,,,,,,,
2010039111,1619.0,1,0,0,0,0,0,0,0,0,7,0,,67,3,2010,3,39.9911,-75.1963,1546.0,6,0,0,0,0,0,0,0,0,,0,0,0,99.0,1,2,0,,0,39 59:27.666,,0,75 11:46.639,4,0,0,0,67301,0,0,0,,0,0,0,2,67301,2,,5,9,,N,N,,0,,0,0,0,0,0,,9999.0,2,1,0,0,0,0,0,3,4,0,1,7,,N,,,,,,,,,,,
2010039131,2045.0,1,0,0,0,0,0,0,0,0,8,0,,67,3,2010,4,39.9636,-75.2411,2000.0,6,0,0,0,0,0,0,0,0,,0,0,0,18.0,1,1,1,,0,39 57:49.078,,0,75 14:28.028,3,0,0,0,67301,1,0,0,,1,0,0,2,67301,0,,1,1,,,,,0,,1,0,0,9,3,,1819.0,1,2,0,0,0,0,0,3,4,0,1,3,,N,,,,,,,,,,,
2010117467,2245.0,1,0,0,0,0,0,0,0,0,7,0,,67,10,2010,6,40.0001,-75.08,2239.0,6,0,0,0,0,0,0,0,0,1.0,0,0,0,22.0,3,2,0,,1,40 00:00.064,2.0,0,75 04:48.170,3,0,0,0,67301,0,0,0,N,0,0,0,2,68K01,0,,5,1,,N,N,,0,,2,0,0,0,0,N,2236.0,2,2,0,0,0,0,0,3,4,0,1,3,,N,,,,,,,,,,,
2010029472,438.0,1,0,0,0,0,0,0,0,0,7,0,,67,1,2010,5,39.9178,-75.2115,432.0,6,0,0,0,0,0,0,0,0,,0,0,0,99.0,6,1,0,,0,39 55:04.784,,0,75 12:37.805,3,0,0,0,67301,0,0,0,,0,0,0,1,67301,0,,1,1,,,,,0,,1,0,0,0,0,,9999.0,1,1,0,0,0,0,0,3,4,0,1,3,,N,,,,,,,,,,,
2010114989,746.0,1,0,0,0,0,0,0,0,0,7,0,,67,11,2010,1,40.0263,-75.0273,737.0,6,0,0,0,0,0,0,0,0,1.0,0,0,0,7.0,1,1,0,,1,40 01:34.657,2.0,0,75 01:38.079,8,0,0,0,67301,0,0,0,Y,0,0,0,1,68K01,0,,2,1,,N,N,,0,,0,0,0,0,0,N,734.0,1,1,0,0,0,1,0,3,4,0,1,3,,N,,,,,,,,,,,
2010090114,1133.0,2,0,0,0,0,0,0,0,0,1,0,,67,8,2010,6,40.0232,-75.2089,1129.0,6,0,0,0,0,0,1,0,0,,0,0,0,11.0,1,1,1,,0,40 01:23.671,,0,75 12:32.119,3,0,0,0,67301,0,0,0,N,0,0,0,2,67301,0,,1,1,,N,N,,0,,1,0,0,3,3,,1120.0,1,2,0,0,0,0,0,3,4,0,2,3,,N,,,,,,,,,,,
2010010430,1357.0,0,0,0,0,0,0,0,0,0,7,0,,67,1,2010,1,39.8862,-75.2076,1337.0,6,0,0,0,0,1,0,0,0,2.0,0,0,0,13.0,1,0,0,,2,39 53:11.391,2.0,0,75 12:23.434,0,0,0,0,67301,0,0,0,N,0,0,0,1,68K01,0,,2,9,,N,N,,0,,0,0,1,0,0,N,1330.0,0,1,0,0,0,0,0,3,4,0,1,7,,N,,,,,,,,,,,
2010011543,833.0,0,0,0,0,0,0,0,0,0,8,0,,67,1,2010,7,39.9787,-75.0977,830.0,6,0,0,0,0,0,1,0,0,,0,0,0,8.0,1,1,10,,0,39 58:43.342,,0,75 05:51.613,4,0,0,0,67301,1,0,0,,1,0,0,2,67301,1,,1,1,,N,N,,1,,0,0,0,0,0,,800.0,1,2,0,0,0,0,0,3,4,0,1,3,,N,,,,,,,,,,,
2010017247,2121.0,2,0,0,0,0,0,0,0,0,4,0,,67,1,2010,5,40.0549,-75.1552,2121.0,6,0,0,0,0,0,0,1,0,,0,0,0,21.0,3,0,1,,0,40 03:17.748,,0,75 09:18.547,0,0,0,0,67301,0,0,0,N,0,0,0,2,67301,0,,1,1,,N,N,,0,,0,0,0,3,3,,2115.0,0,2,0,0,1,0,0,3,4,0,2,3,,N,,,,,,,,,,,
2010021435,2002.0,1,0,0,0,0,0,0,0,0,8,0,,67,1,2010,6,40.0016,-75.1528,1954.0,6,0,0,0,0,0,0,0,0,,0,0,0,15.0,1,1,1,,0,40 00:05.705,,0,75 09:10.074,4,0,0,0,67301,1,0,0,N,1,0,0,2,67301,1,,1,1,,N,N,,0,,0,0,0,9,2,,1517.0,1,2,0,0,0,0,0,3,4,0,1,3,,N,,,,,,,,,,,
2010021627,2325.0,2,0,0,0,0,0,0,0,0,6,0,,67,1,2010,6,40.0139,-75.126,2320.0,6,0,0,0,0,0,0,0,0,,0,0,0,23.0,3,0,1,,0,40 00:49.975,,0,75 07:33.617,0,0,0,0,67301,0,0,0,,0,0,0,2,67301,0,,1,1,,N,N,,0,,0,0,0,3,2,,2315.0,0,2,0,0,0,0,0,3,4,0,2,3,,N,,,,,,,,,,,
2010021728,1109.0,2,0,0,0,0,0,0,0,0,4,0,,67,1,2010,7,40.0659,-75.1765,1105.0,6,0,0,0,0,0,1,0,0,,0,0,0,11.0,1,0,1,,0,40 03:57.202,,0,75 10:35.464,0,0,0,0,67301,0,0,0,N,0,0,0,2,67301,0,,1,1,,N,N,,0,,0,0,0,3,3,,1100.0,0,2,0,0,0,0,0,3,4,0,2,3,,N,,,,,,,,,,,
2010030304,1956.0,1,0,0,0,0,0,0,0,0,4,0,,67,2,2010,5,39.9552,-75.1983,1956.0,6,0,0,0,0,1,1,0,0,,0,0,0,19.0,3,0,1,,0,39 57:18.540,,0,75 11:53.890,0,0,0,0,67301,0,0,0,N,0,0,0,2,67301,0,,1,2,,N,N,,0,,0,0,1,3,2,,1956.0,0,2,0,0,2,0,0,3,4,0,2,10,,N,,,,,,,,,,,
2010080549,932.0,1,0,0,0,0,0,0,0,0,7,0,,67,8,2010,3,39.9618,-75.1402,928.0,6,0,0,0,0,0,2,0,0,2.0,0,0,0,9.0,1,1,0,,2,39 57:32.964,2.0,2,75 08:29.525,4,0,0,0,67301,0,0,0,N,0,0,0,5,68K01,1,,2,1,,N,N,,1,,0,0,0,0,0,N,924.0,1,2,0,0,1,0,0,3,4,0,2,3,,N,,,,,,,,,,,
2010075095,2114.0,0,0,0,0,0,0,0,0,0,7,0,,67,7,2010,7,40.0212,-75.1343,2110.0,6,0,0,0,0,0,0,0,0,,0,0,0,20.0,3,0,0,,0,40 01:16.248,,0,75 08:03.390,0,0,0,0,67301,0,0,0,N,0,0,0,2,67301,0,,5,1,,N,N,,0,,0,0,1,0,0,,2056.0,0,1,0,0,2,0,0,3,4,0,1,3,,N,,,,,,,,,,,
2010064668,650.0,1,0,0,0,0,0,0,0,0,1,1,,67,6,2010,4,40.1044,-75.0021,625.0,6,0,0,0,0,0,0,0,0,1.0,0,1,0,6.0,1,1,2,,1,40 06:16.064,2.0,0,75 00:07.662,4,0,0,0,67301,0,0,0,N,0,0,0,2,67301,1,,1,1,,,,,0,,0,0,0,2,2,Y,625.0,1,2,0,0,0,0,0,3,4,0,2,3,,N,,,,,,,,,,,
2010080375,820.0,2,0,0,0,0,0,0,0,0,1,0,,67,8,2010,3,39.9486,-75.1859,820.0,6,0,0,0,0,0,0,0,0,1.0,0,0,0,8.0,1,1,6,,2,39 56:56.693,3.0,2,75 11:06.409,8,0,0,0,67301,0,0,0,N,0,0,0,2,68K01,0,,1,1,,N,N,,0,,0,0,0,0,0,N,814.0,1,2,0,0,0,1,0,3,4,0,2,3,,N,,,,,,,,,,,
2010103941,1130.0,1,0,0,0,0,0,0,0,0,5,0,,67,8,2010,2,39.9251,-75.2217,1119.0,6,0,0,0,0,0,0,0,0,,0,0,0,99.0,1,1,1,,0,39 55:30.536,,0,75 13:18.253,8,0,0,0,67301,0,0,0,,0,0,0,3,67301,0,,1,1,,,,,0,,0,0,0,9,9,,9999.0,1,2,0,0,0,1,0,3,4,1,2,3,,N,,,,,,,,,,,
2010099001,1202.0,2,0,0,0,0,0,0,0,0,1,0,,67,10,2010,3,39.9594,-75.1737,1155.0,6,0,0,0,0,0,1,0,0,,0,0,0,11.0,1,1,0,,0,39 57:33.897,,0,75 10:26.949,4,0,0,0,67301,0,0,0,N,0,0,0,2,68K01,1,,1,1,,N,N,,0,,0,0,0,0,0,,1143.0,1,2,0,0,0,0,0,3,4,0,2,3,,N,,,,,,,,,,,
2010100913,1238.0,2,0,0,0,0,0,0,0,0,4,0,,67,9,2010,7,40.0297,-75.1206,1230.0,6,0,0,0,0,0,0,0,0,,0,0,0,12.0,1,5,2,,0,40 01:46.929,,0,75 07:14.215,8,0,0,0,67301,0,0,0,N,0,0,0,6,67301,0,,1,1,,N,N,,0,,0,0,0,3,3,,1215.0,5,2,0,0,0,5,0,3,4,0,2,3,,N,,,,,,,,,,,
2010094112,1700.0,2,0,0,0,0,0,0,0,0,1,0,,67,8,2010,7,40.0884,-75.044,1650.0,6,0,1,0,0,0,1,1,0,9.0,0,0,0,16.0,1,2,2,,1,40 05:19.096,1.0,0,75 02:41.282,4,0,0,0,67301,0,0,0,N,0,0,0,4,67301,1,,1,1,,N,N,,1,,0,0,0,3,2,N,1640.0,2,3,0,0,0,1,0,3,4,0,3,3,,N,,,,,,,,,,,
2010094201,1025.0,1,0,0,0,0,0,0,0,0,4,0,,67,8,2010,7,39.9249,-75.174,1025.0,6,0,0,0,0,0,1,0,0,1.0,0,0,0,10.0,1,1,2,,1,39 55:28.493,3.0,0,75 10:16.477,2,0,1,1,67301,0,0,0,,0,0,0,2,67301,0,,1,1,,,,,0,,0,1,0,3,2,Y,1025.0,1,2,0,0,0,0,0,3,4,0,2,3,,N,,,,,,,,,,,
2010093693,944.0,1,0,0,0,0,0,0,0,0,6,0,,67,8,2010,5,39.9913,-75.1585,941.0,6,0,0,0,0,0,0,0,0,,0,0,0,9.0,1,1,1,,0,39 59:28.669,,0,75 09:30.520,8,0,0,0,67301,1,0,0,N,1,0,0,2,67301,0,,1,1,,N,N,,0,,0,0,0,3,2,,940.0,1,2,0,0,0,1,1,3,4,0,1,3,,N,,,,,,,,,,,
2010093703,830.0,1,0,0,0,0,0,0,0,0,7,0,,67,8,2010,6,39.9461,-75.1985,829.0,6,0,0,1,0,0,1,0,0,,0,0,0,8.0,1,0,1,,0,39 56:45.926,,0,75 11:54.625,0,0,0,0,67301,0,0,0,,0,0,0,2,67301,0,,3,1,,N,N,,0,,0,0,1,3,2,,829.0,0,2,0,0,0,0,0,3,4,0,2,3,,N,,,,,,,,,,,
2010091267,1350.0,2,0,0,0,0,0,0,0,0,1,0,,67,7,2010,4,40.0369,-75.1341,1345.0,6,0,0,0,0,0,0,0,0,,0,0,0,12.0,1,5,1,,0,40 02:12.851,,99,75 08:02.908,8,0,0,0,67301,0,0,0,N,0,0,0,6,67301,0,,1,98,,N,N,,0,,0,0,0,3,2,,1200.0,5,2,0,0,0,5,0,3,4,0,2,99,,N,,,,,,,,,,,
2010091271,1835.0,2,0,0,0,0,0,0,0,0,4,0,,67,8,2010,5,40.0673,-75.0088,1835.0,6,0,0,0,0,0,1,0,1,,0,0,0,18.0,1,2,1,,0,40 04:02.316,,0,75 00:31.866,4,0,0,0,67301,0,0,0,,0,0,0,3,67301,2,,1,1,,,,,0,,0,0,0,3,3,,1833.0,2,2,0,0,0,0,0,3,4,0,2,3,,N,,,,,,,,,,,
2010088860,142.0,2,0,0,0,0,0,0,0,0,4,0,,67,8,2010,7,40.0444,-75.0305,138.0,6,0,0,0,0,1,0,0,0,,0,0,0,1.0,3,2,1,,0,40 02:39.763,,0,75 01:49.950,4,0,0,0,67301,0,0,0,N,0,0,0,5,67301,2,,1,1,,N,N,,0,,0,0,0,3,3,,135.0,2,2,0,0,0,0,0,3,4,0,2,3,,N,,,,,,,,,,,