CRN,ARRIVAL_TM,AUTOMOBILE_COUNT,BELTED_DEATH_COUNT,BELTED_SUSP_SERIOUS_INJ_COUNT,BICYCLE_COUNT,BICYCLE_DEATH_COUNT,BICYCLE_SUSP_SERIOUS_INJ_COUNT,BUS_COUNT,CHLDPAS_DEATH_COUNT,CHLDPAS_SUSP_SERIOUS_INJ_COUNT,COLLISION_TYPE,COMM_VEH_COUNT,CONS_ZONE_SPD_LIM,COUNTY,CRASH_MONTH,CRASH_YEAR,DAY_OF_WEEK,DEC_LAT,DEC_LONG,DISPATCH_TM,DISTRICT,DRIVER_COUNT_16YR,DRIVER_COUNT_17YR,DRIVER_COUNT_18YR,DRIVER_COUNT_19YR,DRIVER_COUNT_20YR,DRIVER_COUNT_50_64YR,DRIVER_COUNT_65_74YR,DRIVER_COUNT_75PLUS,EST_HRS_CLOSED,FATAL_COUNT,HEAVY_TRUCK_COUNT,HORSE_BUGGY_COUNT,HOUR_OF_DAY,ILLUMINATION,INJURY_COUNT,INTERSECT_TYPE,INTERSECTION_RELATED,LANE_CLOSED,LATITUDE,LN_CLOSE_DIR,LOCATION_TYPE,LONGITUDE,MAX_SEVERITY_LEVEL,MCYCLE_DEATH_COUNT,MCYCLE_SUSP_SERIOUS_INJ_COUNT,MOTORCYCLE_COUNT,MUNICIPALITY,NONMOTR_COUNT,NONMOTR_DEATH_COUNT,NONMOTR_SUSP_SERIOUS_INJ_COUNT,NTFY_HIWY_MAINT,PED_COUNT,PED_DEATH_COUNT,PED_SUSP_SERIOUS_INJ_COUNT,PERSON_COUNT,POLICE_AGCY,POSSIBLE_INJ_COUNT,RDWY_SURF_TYPE_CD,RELATION_TO_ROAD,ROAD_CONDITION,ROADWAY_CLEARED,SCH_BUS_IND,SCH_ZONE_IND,SECONDARY_CRASH,SMALL_TRUCK_COUNT,SPEC_JURIS_CD,SUSP_MINOR_INJ_COUNT,SUSP_SERIOUS_INJ_COUNT,SUV_COUNT,TCD_FUNC_CD,TCD_TYPE,TFC_DETOUR_IND,TIME_OF_DAY,TOT_INJ_COUNT,TOTAL_UNITS,UNB_DEATH_COUNT,UNB_SUSP_SERIOUS_INJ_COUNT,UNBELTED_OCC_COUNT,UNK_INJ_DEG_COUNT,UNK_INJ_PER_COUNT,URBAN_AREA,URBAN_RURAL,VAN_COUNT,VEHICLE_COUNT,WEATHER1,WEATHER2,WORK_ZONE_IND,WORK_ZONE_LOC,WORK_ZONE_TYPE,WORKERS_PRES,WZ_CLOSE_DETOUR,WZ_FLAGGER,WZ_LAW_OFFCR_IND,WZ_LN_CLOSURE,WZ_MOVING,WZ_OTHER,WZ_SHLDER_MDN,WZ_WORKERS_INJ_KILLED
2010088861,935.0,2,0,0,0,0,0,0,0,0,1,0,,67,8,2010,1,40.0172,-75.097,930.0,6,0,0,1,0,1,1,0,0,,0,0,0,9.0,1,5,0,,0,40 01:02.667,,7,75 05:49.282,3,0,0,0,67301,0,0,0,,0,0,0,6,67301,1,,1,9,,N,N,,0,,2,0,1,0,0,,930.0,5,3,0,0,0,2,0,3,4,0,3,3,,N,,,,,,,,,,,
2010111142,833.0,1,0,0,1,0,0,0,0,0,4,0,,67,10,2010,1,39.905,-75.1954,830.0,6,0,0,0,0,0,0,0,0,2.0,0,0,0,99.0,1,1,0,,1,39 54:17.908,3.0,0,75 11:43.369,3,0,0,0,67301,1,0,0,,0,0,0,2,67301,0,,1,1,,,,,0,,1,0,0,0,0,N,9999.0,1,2,0,0,0,0,0,3,4,0,1,3,,N,,,,,,,,,,,
2010088921,1345.0,0,0,0,0,0,0,0,0,0,4,0,,67,8,2010,3,40.0383,-75.0754,1343.0,6,0,0,0,0,0,0,0,0,,0,0,0,13.0,1,0,1,,0,40 02:17.896,,0,75 04:31.313,0,0,0,0,67301,0,0,0,N,0,0,0,2,67301,0,,1,1,,N,N,,0,,0,0,1,3,2,,1343.0,0,2,0,0,1,0,0,3,4,1,2,3,,N,,,,,,,,,,,
2010110841,1736.0,2,0,0,0,0,0,0,0,0,4,0,,67,10,2010,1,39.9516,-75.2491,1735.0,6,0,0,0,0,0,1,0,0,,0,0,0,17.0,1,5,2,,0,39 57:05.909,,0,75 14:56.616,4,0,0,0,67301,2,0,0,N,2,0,0,6,67301,5,,1,1,,N,N,,1,,0,0,0,0,0,,1730.0,5,5,0,0,0,0,0,3,4,0,3,3,,N,,,,,,,,,,,
2010110848,2110.0,1,0,0,0,0,0,0,0,0,1,0,,67,10,2010,1,39.9057,-75.1939,2106.0,6,0,0,0,0,0,1,0,0,,0,0,0,20.0,3,1,1,,0,39 54:20.429,,0,75 11:37.829,4,0,0,0,67301,0,0,0,N,0,0,0,4,67301,1,,1,9,,N,N,,0,,0,0,1,3,4,,2050.0,1,2,0,0,0,0,0,3,4,0,2,7,,N,,,,,,,,,,,
2010110865,2028.0,0,0,0,0,0,0,0,0,0,8,0,,67,10,2010,6,40.0251,-75.1174,2024.0,6,0,0,0,0,0,0,0,0,,0,0,0,20.0,3,1,1,,0,40 01:30.262,,99,75 07:02.589,8,0,0,0,67301,1,0,0,N,1,0,0,2,67301,0,,1,1,,N,N,,0,,0,0,0,3,3,,2010.0,1,2,0,0,0,1,0,3,4,1,1,3,,N,,,,,,,,,,,
2010069708,1344.0,1,0,0,0,0,0,0,0,0,4,0,,67,5,2010,2,39.9633,-75.2385,1343.0,6,0,0,0,0,0,0,1,0,9.0,0,0,0,13.0,1,2,1,,1,39 57:47.872,1.0,0,75 14:18.509,4,0,0,0,67301,0,0,0,,0,0,0,3,67301,1,,1,1,,,,,0,,0,0,1,3,2,N,1342.0,2,2,0,0,0,1,0,3,4,0,2,3,,N,,,,,,,,,,,
2010035209,2116.0,1,0,0,0,0,0,0,0,0,5,0,,67,4,2010,7,39.9124,-75.1731,2112.0,6,0,0,0,0,0,1,0,0,,0,0,0,21.0,3,0,0,,0,39 54:44.796,,3,75 10:23.160,0,0,0,0,67301,0,0,0,N,0,0,0,2,67501,0,,1,1,,N,N,,0,,0,0,0,3,8,,2111.0,0,2,0,0,0,0,0,3,4,0,2,3,,N,,,,,,,,,,,
2010011581,408.0,1,0,0,0,0,0,0,0,0,7,0,,67,1,2010,6,39.908,-75.1732,352.0,6,0,0,0,0,0,0,0,0,,0,0,0,3.0,3,1,1,,0,39 54:29.105,,0,75 10:24.817,8,0,0,0,67301,0,0,0,Y,0,0,0,2,67301,0,,5,9,,N,N,,0,,0,0,0,1,3,,347.0,1,1,0,0,0,1,0,3,4,0,1,7,,N,,,,,,,,,,,
2010038634,1626.0,1,0,0,0,0,0,0,0,0,7,0,,67,3,2010,4,40.1079,-75.0539,1621.0,6,0,0,0,0,0,0,0,1,1.0,0,0,0,16.0,1,1,0,,1,40 06:28.291,4.0,0,75 03:13.873,3,0,0,0,67301,0,0,0,,0,0,0,1,67301,0,,5,1,,,,,0,,1,0,0,0,0,N,1614.0,1,1,0,0,0,0,0,3,4,0,1,3,,N,,,,,,,,,,,
2010035807,835.0,3,0,0,0,0,0,0,0,0,1,0,,67,4,2010,2,40.0114,-75.0613,835.0,6,0,0,0,0,0,1,0,0,,0,0,0,8.0,1,0,0,,0,40 00:40.963,,0,75 03:40.910,0,0,0,0,67301,0,0,0,N,0,0,0,4,68K01,0,,1,1,,N,N,,0,,0,0,1,0,0,,834.0,0,4,0,0,0,0,0,3,4,0,4,3,,N,,,,,,,,,,,
2010122374,827.0,0,0,0,0,0,0,0,0,0,7,0,,67,11,2010,4,39.966,-75.2233,819.0,6,0,0,0,0,0,1,0,0,,0,0,0,8.0,1,0,0,,0,39 57:57.574,,0,75 13:23.862,0,0,0,0,67301,0,0,0,N,0,0,0,2,67301,0,,1,9,,N,N,,1,,0,0,1,0,0,,817.0,0,2,0,0,0,0,0,3,4,0,2,3,,N,,,,,,,,,,,
2010038761,1429.0,1,0,0,1,0,0,0,0,0,4,0,,67,3,2010,1,39.9612,-75.1466,1426.0,6,0,0,0,0,0,0,0,0,,0,0,0,99.0,3,1,1,,0,39 57:40.044,,0,75 08:47.803,4,0,0,0,67301,1,0,0,,0,0,0,2,67301,1,,2,1,,,,,0,,0,0,0,9,2,,9999.0,1,2,0,0,0,0,1,3,4,0,1,99,,N,,,,,,,,,,,
2010034258,1248.0,1,0,0,0,0,0,0,0,0,1,0,,67,4,2010,7,39.9058,-75.133,1245.0,6,0,0,0,0,0,0,1,0,1.0,0,0,0,12.0,1,0,0,,1,39 54:21.049,4.0,3,75 07:58.950,9,0,0,0,67301,0,0,0,N,0,0,0,4,67501,0,,1,1,,N,N,,0,,0,0,2,3,8,N,1240.0,0,3,0,0,0,0,1,3,4,0,3,3,,N,,,,,,,,,,,
2010122575,1625.0,1,0,0,0,0,0,0,0,0,4,0,,67,11,2010,5,40.1167,-75.0198,1612.0,6,0,0,0,0,0,0,0,0,,0,0,0,16.0,1,1,1,,0,40 07:00.043,,0,75 01:11.647,3,0,0,0,67301,0,0,0,N,0,0,0,3,67301,0,,1,1,,N,N,,0,,1,0,1,3,2,,1600.0,1,2,0,0,0,0,0,3,4,0,2,3,,N,,,,,,,,,,,
2010122580,215.0,2,0,0,0,0,0,0,0,0,1,0,,67,11,2010,6,40.0101,-75.1214,215.0,6,0,0,0,0,1,0,0,0,,0,0,0,2.0,3,0,1,,0,40 00:36.435,,0,75 07:17.178,0,0,0,0,67301,0,0,0,N,0,0,0,4,67301,0,,1,9,,N,N,,0,,0,0,0,3,2,,215.0,0,2,0,0,4,0,0,3,4,0,2,3,,N,,,,,,,,,,,
2010039007,39.0,2,0,0,0,0,0,0,0,0,4,0,,67,3,2010,1,39.9543,-75.1545,35.0,6,0,0,0,0,1,1,0,0,1.0,0,0,0,0.0,3,3,1,,2,39 57:15.426,1.0,0,75 09:16.196,4,0,0,0,67301,0,0,0,N,0,0,0,3,67301,3,,1,1,,N,N,,0,,0,0,0,3,3,Y,25.0,3,2,0,0,0,0,0,3,4,0,2,3,,N,,,,,,,,,,,
2010039157,2125.0,1,0,0,0,0,0,0,0,0,8,0,,67,3,2010,3,39.9473,-75.1793,2117.0,6,0,0,0,0,0,0,0,0,,0,0,0,17.0,8,1,1,,0,39 56:50.359,,0,75 10:45.526,4,0,0,0,67301,1,0,0,N,1,0,0,2,67301,1,,1,9,,N,N,,0,,0,0,0,3,2,,1730.0,1,2,0,0,0,0,0,3,4,0,1,7,,N,,,,,,,,,,,
2010119931,2220.0,2,0,0,0,0,0,0,0,0,1,0,,67,11,2010,3,39.9325,-75.2,2213.0,6,0,0,0,0,0,0,1,0,1.0,0,0,0,22.0,3,2,6,,1,39 56:18.041,4.0,2,75 11:51.584,4,0,0,0,67301,0,0,0,N,0,0,0,4,68K01,2,,1,9,,N,N,,0,,0,0,0,3,4,N,2201.0,2,2,0,0,0,0,0,3,4,0,2,7,,N,,,,,,,,,,,
2010039174,1552.0,0,0,0,0,0,0,0,0,0,8,0,,67,3,2010,1,39.9564,-75.2301,1550.0,6,0,0,0,0,0,0,0,0,1.0,0,0,0,15.0,1,1,0,,1,39 57:22.986,6.0,0,75 13:48.500,8,0,0,0,67301,1,0,0,N,1,0,0,2,67301,0,,1,1,,N,N,,0,,0,0,0,0,0,N,1548.0,1,2,0,0,1,1,0,3,4,1,1,3,,N,,,,,,,,,,,
2010039199,1559.0,2,0,0,0,0,0,0,0,0,1,0,,67,3,2010,4,40.0459,-75.1822,1530.0,6,0,0,0,0,0,0,0,0,,0,0,0,15.0,1,1,1,,0,40 02:45.148,,0,75 10:55.939,4,0,0,0,67301,0,0,0,N,0,0,0,2,67301,1,,9,1,,N,N,,0,,0,0,0,3,2,,1510.0,1,2,0,0,0,0,0,3,4,0,2,3,,N,,,,,,,,,,,
2010039292,9999.0,2,0,0,0,0,0,0,0,0,1,0,,67,3,2010,3,39.9932,-75.1132,1152.0,6,0,0,0,0,0,0,0,0,,0,0,0,11.0,1,1,1,,0,39 59:35.671,,0,75 06:47.599,4,0,0,0,67301,0,0,0,,0,0,0,2,67301,1,,1,9,,,,,0,,0,0,0,3,3,,1152.0,1,2,0,0,0,0,1,3,4,0,2,7,,N,,,,,,,,,,,
2010090068,950.0,2,0,0,0,0,0,0,0,0,1,0,,67,9,2010,3,39.986,-75.0928,946.0,6,0,0,0,0,0,1,0,0,,0,0,0,9.0,1,0,0,,0,39 59:09.545,,0,75 05:34.544,0,0,0,0,67301,0,0,0,N,0,0,0,4,68K01,0,,1,1,,N,N,,1,,0,0,0,0,0,,943.0,0,3,0,0,0,0,0,3,4,0,3,3,,N,,,,,,,,,,,
2010032458,2120.0,1,0,0,0,0,0,0,0,0,4,0,,67,2,2010,5,39.9256,-75.1793,2118.0,6,0,0,0,0,0,0,0,0,,0,0,0,21.0,3,1,2,,0,39 55:32.114,,0,75 10:44.687,4,0,0,0,67301,0,0,0,,0,0,0,3,67301,1,,1,9,,N,,,0,,0,0,0,3,2,,2115.0,1,2,0,0,0,0,0,3,4,1,2,10,,N,,,,,,,,,,,
2010032485,805.0,1,0,0,1,0,0,0,0,0,4,0,,67,3,2010,7,39.9865,-75.2051,758.0,6,0,0,0,0,0,0,0,0,,0,0,0,7.0,1,1,2,,0,39 59:11.558,,0,75 12:18.363,8,0,0,0,67301,1,0,0,N,0,0,0,2,67301,0,,1,1,,N,N,,0,,0,0,0,3,2,,745.0,1,2,0,0,0,1,0,3,4,0,1,3,,N,,,,,,,,,,,
2010010429,323.0,1,0,0,0,0,0,0,0,0,7,0,,67,1,2010,1,39.9008,-75.1543,320.0,6,0,0,0,0,0,0,0,0,1.0,0,0,0,3.0,3,0,0,,1,39 54:04.181,2.0,0,75 09:10.833,0,0,0,0,67301,0,0,0,N,0,0,0,1,68K01,0,,4,1,,N,N,,0,,0,0,0,0,0,N,318.0,0,1,0,0,0,0,0,3,4,0,1,3,,N,,,,,,,,,,,
2010016949,110.0,2,0,0,0,0,0,0,0,0,4,0,,67,1,2010,3,39.9695,-75.2126,55.0,6,0,0,0,0,0,0,0,0,,0,0,0,0.0,3,0,1,,0,39 58:10.213,,0,75 12:45.380,0,0,0,0,67301,0,0,0,N,0,0,0,2,67301,0,,1,9,,N,N,,0,,0,0,0,3,2,,52.0,0,2,0,0,0,0,0,3,4,0,2,10,,N,,,,,,,,,,,
2010011565,2.0,1,0,0,0,0,0,0,0,0,4,0,,67,1,2010,6,40.0446,-75.0547,2357.0,6,0,0,0,0,0,0,0,0,1.0,0,0,0,23.0,3,3,1,,2,40 02:40.636,3.0,0,75 03:16.819,8,0,0,0,67301,0,0,0,N,0,0,0,4,67301,0,,1,1,,N,N,,0,,0,0,1,3,2,N,2355.0,3,2,0,0,0,3,0,3,4,0,2,3,,N,,,,,,,,,,,
2010017212,2055.0,2,0,0,0,0,0,0,0,0,1,0,,67,1,2010,2,40.0139,-75.126,2052.0,6,0,0,0,0,0,0,0,0,,0,0,0,20.0,3,1,1,,0,40 00:49.975,,0,75 07:33.617,4,0,0,0,67301,0,0,0,N,0,0,0,2,67301,1,,1,1,,N,N,,0,,0,0,0,3,2,,2045.0,1,2,0,0,0,0,0,3,4,0,2,3,,N,,,,,,,,,,,
2010021450,819.0,1,0,0,0,0,0,0,0,0,8,0,,67,1,2010,3,39.9691,-75.2454,814.0,6,0,0,0,0,0,0,0,0,,0,0,0,8.0,1,1,0,,0,39 58:08.887,,7,75 14:43.324,8,0,0,0,67301,1,0,0,,1,0,0,2,67301,0,,1,1,,,,,0,,0,0,0,0,0,,802.0,1,2,0,0,0,1,0,3,4,0,1,3,,N,,,,,,,,,,,
2010117985,752.0,1,0,0,0,0,0,0,0,0,4,0,,67,10,2010,3,40.0038,-75.1242,750.0,6,0,0,0,0,0,0,0,0,,0,0,0,7.0,1,0,2,,0,40 00:13.798,,0,75 07:26.950,0,0,0,0,67301,0,0,0,N,0,0,0,3,67301,0,,1,9,,N,N,,0,,0,0,1,3,3,,749.0,0,2,0,0,0,0,0,3,4,0,2,3,,N,,,,,,,,,,,
2010043245,1036.0,1,0,0,0,0,0,0,0,0,1,0,,67,4,2010,1,39.9619,-75.1396,1035.0,6,0,0,0,0,0,0,0,0,1.0,0,0,0,10.0,1,0,0,,1,39 57:43.235,1.0,0,75 08:22.390,9,0,0,0,67301,0,0,0,N,0,0,0,5,68K01,0,,1,9,,N,N,,1,,0,0,0,0,0,N,1034.0,0,2,0,0,0,0,1,3,4,0,2,7,,N,,,,,,,,,,,
2010075042,1720.0,1,0,0,0,0,0,0,0,0,2,0,,67,7,2010,6,40.0445,-75.1931,1715.0,6,0,0,0,0,0,1,0,0,2.0,0,0,0,17.0,1,2,1,,1,40 02:40.301,2.0,0,75 11:35.235,3,0,0,0,67301,0,0,0,N,0,0,0,2,67301,1,,1,1,,N,N,,0,,1,0,1,3,2,Y,1715.0,2,2,0,0,0,0,0,3,4,0,2,3,,N,,,,,,,,,,,
2010094135,137.0,1,0,0,0,0,0,0,0,0,4,0,,67,8,2010,1,40.096,-74.9768,135.0,6,0,0,0,0,0,0,0,0,,0,0,0,1.0,3,1,1,,0,40 05:45.431,,0,74 58:36.412,8,0,0,0,67301,0,0,0,N,0,0,0,3,67301,0,,1,1,,N,N,,1,,0,0,0,3,2,,133.0,1,2,0,0,0,1,0,3,4,0,2,3,,N,,,,,,,,,,,
2010113643,1444.0,1,0,0,0,0,0,0,0,0,1,0,,67,10,2010,4,39.8975,-75.2525,1442.0,6,0,0,0,0,0,0,0,0,,0,0,0,10.0,1,1,1,,0,39 53:50.875,,0,75 15:07.486,4,0,0,0,67301,0,0,0,N,0,0,0,2,67301,1,,1,1,,N,N,,0,,0,0,0,3,2,,1030.0,1,2,0,0,0,0,0,3,4,1,2,3,,N,,,,,,,,,,,
2010094158,115.0,2,0,0,0,0,0,0,0,0,4,0,,67,8,2010,1,39.9388,-75.2269,114.0,6,0,0,0,0,1,1,0,0,,0,0,0,1.0,3,1,1,,0,39 56:19.532,,0,75 13:36.735,8,0,0,0,67301,0,0,0,N,0,0,0,2,67301,0,,1,1,,N,N,,0,,0,0,0,3,2,,106.0,1,2,0,0,0,1,0,3,4,0,2,3,,N,,,,,,,,,,,
2010094191,1415.0,0,0,0,1,0,0,0,0,0,4,0,,67,8,2010,6,40.0186,-75.1831,1415.0,6,0,0,0,0,0,1,0,0,,0,0,0,14.0,1,1,1,,0,40 01:06.992,,0,75 10:59.131,8,0,0,0,67301,1,0,0,N,0,0,0,2,67301,0,,1,1,,N,N,,0,,0,0,1,3,3,,1412.0,1,2,0,0,0,1,0,3,4,0,1,3,,N,,,,,,,,,,,
2010094243,2114.0,2,0,0,0,0,0,0,0,0,1,0,,67,8,2010,6,40.0449,-75.0803,2110.0,6,0,0,0,0,0,1,0,0,,0,0,0,16.0,1,3,1,,0,40 02:41.686,,0,75 04:49.238,4,0,0,0,67301,0,0,0,,0,0,0,4,67301,2,,1,1,,,,,0,,0,0,0,3,2,,1610.0,3,2,0,0,0,1,0,3,4,0,2,3,,N,,,,,,,,,,,
2010113716,1225.0,2,0,0,0,0,0,0,0,0,6,0,,67,9,2010,2,39.9673,-75.1809,1224.0,6,0,0,0,0,0,0,0,0,1.0,0,0,0,12.0,1,0,0,,2,39 58:02.524,2.0,0,75 10:51.702,0,0,0,0,67301,0,0,0,,0,0,0,2,67301,0,,1,9,,N,N,,0,,0,0,0,0,0,Y,1224.0,0,2,0,0,0,0,0,3,4,0,2,7,,N,,,,,,,,,,,
2010113754,1240.0,0,0,0,0,0,0,0,0,0,8,0,,67,10,2010,7,39.9377,-75.2171,9999.0,6,0,0,0,0,0,0,0,0,,0,0,0,11.0,1,1,1,,0,39 56:15.615,,0,75 13:01.721,4,0,0,0,67301,1,0,0,,1,0,0,2,67301,1,,1,1,,N,N,,0,,0,0,1,0,0,,1115.0,1,2,0,0,0,0,0,3,4,0,1,3,,N,,,,,,,,,,,
2010091279,930.0,1,0,0,0,0,0,0,0,0,2,0,,67,8,2010,4,40.0253,-75.1676,924.0,6,0,0,0,0,0,1,0,0,,0,0,0,9.0,1,5,1,,0,40 01:31.318,,0,75 10:03.452,3,0,0,0,67301,0,0,0,,0,0,0,6,67301,4,,1,1,,,,,0,,1,0,1,3,2,,913.0,5,2,0,0,1,0,0,3,4,0,2,3,,N,,,,,,,,,,,
2010113549,1806.0,1,0,0,0,0,0,0,0,0,8,0,,67,10,2010,5,39.9204,-75.1603,1715.0,6,0,0,0,0,0,1,0,0,,0,0,0,17.0,1,2,1,,0,39 55:13.389,,0,75 09:37.133,8,0,0,0,67301,2,0,0,N,2,0,0,3,67301,0,,1,1,,N,N,,0,,0,0,0,3,3,,1715.0,2,3,0,0,0,2,0,3,4,0,1,3,,N,,,,,,,,,,,
2010110794,1025.0,1,0,0,0,0,0,1,0,0,1,1,,67,10,2010,6,39.96,-75.1653,1021.0,6,0,0,0,0,0,0,0,0,,0,0,0,9.0,1,3,2,,0,39 57:36.054,,0,75 09:55.036,8,0,0,0,67301,0,0,0,,0,0,0,6,67301,0,,1,1,,,,,0,,0,0,0,3,2,,908.0,3,2,0,0,0,3,1,3,4,0,2,3,,N,,,,,,,,,,,
2010088915,1240.0,1,0,0,0,0,0,0,0,0,4,0,,67,8,2010,6,40.0285,-75.0579,1231.0,6,0,0,0,0,0,0,0,0,,0,0,0,12.0,1,2,1,,0,40 01:42.531,,0,75 03:28.266,4,0,0,0,67301,0,0,0,,0,0,0,4,67301,2,,1,1,,,,,0,,0,0,1,3,2,,1215.0,2,2,0,0,0,0,0,3,4,0,2,3,,N,,,,,,,,,,,
2010088950,2145.0,1,0,0,0,0,0,0,0,0,5,0,,67,8,2010,2,40.0174,-75.1131,2140.0,6,0,0,0,0,0,0,0,0,,0,0,0,21.0,3,1,0,,0,40 01:02.809,,0,75 06:47.325,4,0,0,0,67301,0,0,0,N,0,0,0,1,67301,1,,1,1,,N,N,,0,,0,0,0,0,0,,2135.0,1,3,0,0,0,0,0,3,4,2,3,3,,N,,,,,,,,,,,
2010110834,850.0,1,0,0,0,0,0,0,0,0,4,0,,67,10,2010,4,40.0277,-75.184,843.0,6,0,0,0,0,0,0,0,0,,0,0,0,8.0,1,1,0,,0,40 01:39.560,,7,75 11:02.458,4,0,0,0,67301,0,0,0,,0,0,0,2,67301,1,,1,9,,N,N,,0,,0,0,1,0,0,,815.0,1,2,0,0,0,0,0,3,4,0,2,7,,N,,,,,,,,,,,
2010110838,903.0,0,0,0,0,0,0,0,0,0,4,0,,67,10,2010,6,40.0053,-75.157,903.0,6,0,0,0,0,0,0,1,0,,0,0,0,99.0,1,3,1,,0,40 00:19.033,,0,75 09:25.376,4,0,0,0,67301,0,0,0,N,0,0,0,3,67301,3,,4,1,,N,N,,0,,0,0,1,2,2,,9999.0,3,2,0,0,0,0,0,3,4,0,2,3,,N,,,,,,,,,,,
2010069731,1345.0,2,0,0,0,0,0,0,0,0,4,0,,67,6,2010,4,40.0162,-75.142,1340.0,6,0,0,0,0,0,0,1,1,,0,0,0,13.0,1,1,1,,0,40 00:58.197,,0,75 08:31.243,8,0,0,0,67301,0,0,0,,0,0,0,2,67301,0,,1,98,,N,N,,0,,0,0,0,3,3,,1330.0,1,2,0,0,0,1,0,3,4,0,2,99,,N,,,,,,,,,,,
2010069238,1308.0,1,0,0,0,0,0,0,0,0,7,0,,67,6,2010,3,40.0199,-75.1498,1304.0,6,0,0,0,0,0,0,0,0,2.0,0,0,0,13.0,1,3,0,,2,40 01:11.689,4.0,0,75 08:59.146,3,0,0,0,67301,0,0,0,N,0,0,0,4,67301,2,,3,1,,N,N,,0,,1,0,1,3,8,N,1301.0,3,2,0,0,0,0,0,3,4,0,2,3,,N,,,,,,,,,,,
2010006021,1805.0,1,0,0,0,0,0,0,0,0,1,0,,67,1,2010,2,39.9579,-75.1628,1800.0,6,0,0,0,0,0,1,0,0,,0,0,0,17.0,3,1,0,,0,39 57:28.475,,0,75 09:46.245,8,0,0,0,67301,0,0,0,N,0,0,0,2,68K01,0,,1,1,,N,N,,1,,0,0,0,0,0,,1756.0,1,2,0,0,0,1,0,3,4,0,2,3,,N,,,,,,,,,,,
2010011620,1552.0,2,0,0,0,0,0,0,0,0,4,0,,67,1,2010,2,40.0273,-75.0288,1548.0,6,0,0,0,1,0,0,0,0,9.0,0,0,0,15.0,1,2,1,,2,40 01:38.437,1.0,0,75 01:43.908,2,0,0,0,67301,0,0,0,N,0,0,0,4,67301,0,,1,1,,N,N,,0,,1,1,0,3,2,Y,1544.0,2,2,0,0,0,0,1,3,4,0,2,3,,N,,,,,,,,,,,
2010122376,2116.0,2,0,0,0,0,0,0,0,0,5,0,,67,11,2010,2,39.9795,-75.1743,2112.0,6,0,0,0,0,0,0,0,0,,0,0,0,21.0,3,1,0,,0,39 58:46.066,,0,75 10:27.620,4,0,0,0,67301,0,0,0,N,0,0,0,3,67301,1,,6,1,,N,N,,0,,0,0,0,0,0,,2110.0,1,2,0,0,2,0,0,3,4,0,2,3,,N,,,,,,,,,,,
2010122381,850.0,2,0,0,0,0,0,0,0,0,4,0,,67,11,2010,3,39.9832,-75.1568,847.0,6,0,0,0,0,0,1,0,0,3.0,0,0,0,8.0,1,1,1,,1,39 58:59.480,4.0,0,75 09:24.548,8,0,0,0,67301,0,0,0,N,0,0,0,2,67301,0,,1,1,,N,N,,0,,0,0,2,3,2,Y,840.0,1,4,0,0,0,1,0,3,4,0,4,98,,N,,,,,,,,,,,
2010122494,850.0,2,0,0,0,0,0,0,0,0,4,0,,67,11,2010,5,40.034,-75.0744,850.0,6,0,0,0,0,0,2,0,0,2.0,0,0,0,8.0,1,2,1,,2,40 02:02.361,1.0,0,75 04:27.863,4,0,0,0,67301,0,0,0,,0,0,0,2,67301,2,,1,1,,,,,0,,0,0,0,3,2,Y,850.0,2,2,0,0,0,0,0,3,4,0,2,3,,N,,,,,,,,,,,
2010122516,303.0,1,0,0,0,0,0,0,0,0,4,0,,67,11,2010,2,39.9944,-75.1924,256.0,6,0,0,0,0,0,0,0,0,9.0,0,0,0,2.0,3,1,0,,1,39 59:39.784,6.0,0,75 11:32.639,8,0,0,0,67301,0,0,0,N,0,0,0,2,67301,0,,1,1,,N,N,,0,,0,0,1,0,0,N,255.0,1,2,0,0,0,1,1,3,4,0,2,3,,N,,,,,,,,,,,
2010122543,1504.0,1,0,0,0,0,0,0,0,0,4,0,,67,11,2010,3,40.0275,-75.0624,1504.0,6,0,0,0,0,0,0,0,0,,0,0,0,15.0,1,0,1,,0,40 01:38.846,,0,75 03:44.583,0,0,0,0,67301,0,0,0,,0,0,0,2,67301,0,,1,9,,,,,1,,0,0,0,9,2,,1500.0,0,2,0,0,0,0,0,3,4,0,2,7,,N,,,,,,,,,,,
2010041826,1809.0,2,0,0,0,0,0,0,0,0,7,0,,67,4,2010,5,39.9843,-75.0963,1802.0,6,0,0,0,0,0,0,0,0,1.0,0,0,0,18.0,1,0,0,,1,39 59:03.183,2.0,0,75 05:47.059,0,0,0,0,67301,0,0,0,N,0,0,0,3,68K01,0,,5,1,,N,N,,0,,0,0,0,0,0,N,1800.0,0,2,0,0,0,0,0,3,4,0,2,3,,N,,,,,,,,,,,
2010122560,1208.0,1,0,0,0,0,0,0,0,0,4,0,,67,11,2010,2,39.923,-75.1885,1205.0,6,0,0,0,0,0,0,0,0,,0,0,0,12.0,1,3,2,,0,39 55:22.764,,1,75 11:18.725,4,0,0,0,67301,0,0,0,N,0,0,0,6,67301,3,,1,9,,N,N,,0,,0,0,0,3,2,,1200.0,3,2,0,0,0,0,0,3,4,1,2,3,,N,,,,,,,,,,,
2010122565,1520.0,1,0,0,0,0,0,0,0,0,1,0,,67,11,2010,2,40.0289,-75.106,1510.0,6,0,0,0,0,0,0,0,0,,0,0,0,15.0,1,1,1,,0,40 01:43.859,,0,75 06:21.744,4,0,0,0,67301,0,0,0,N,0,0,0,2,67301,1,,1,9,,N,N,,1,,0,0,0,3,2,,1508.0,1,2,0,0,0,0,0,3,4,0,2,3,,N,,,,,,,,,,,