CRN,ARRIVAL_TM,AUTOMOBILE_COUNT,BELTED_DEATH_COUNT,BELTED_SUSP_SERIOUS_INJ_COUNT,BICYCLE_COUNT,BICYCLE_DEATH_COUNT,BICYCLE_SUSP_SERIOUS_INJ_COUNT,BUS_COUNT,CHLDPAS_DEATH_COUNT,CHLDPAS_SUSP_SERIOUS_INJ_COUNT,COLLISION_TYPE,COMM_VEH_COUNT,CONS_ZONE_SPD_LIM,COUNTY,CRASH_MONTH,CRASH_YEAR,DAY_OF_WEEK,DEC_LAT,DEC_LONG,DISPATCH_TM,DISTRICT,DRIVER_COUNT_16YR,DRIVER_COUNT_17YR,DRIVER_COUNT_18YR,DRIVER_COUNT_19YR,DRIVER_COUNT_20YR,DRIVER_COUNT_50_64YR,DRIVER_COUNT_65_74YR,DRIVER_COUNT_75PLUS,EST_HRS_CLOSED,FATAL_COUNT,HEAVY_TRUCK_COUNT,HORSE_BUGGY_COUNT,HOUR_OF_DAY,ILLUMINATION,INJURY_COUNT,INTERSECT_TYPE,INTERSECTION_RELATED,LANE_CLOSED,LATITUDE,LN_CLOSE_DIR,LOCATION_TYPE,LONGITUDE,MAX_SEVERITY_LEVEL,MCYCLE_DEATH_COUNT,MCYCLE_SUSP_SERIOUS_INJ_COUNT,MOTORCYCLE_COUNT,MUNICIPALITY,NONMOTR_COUNT,NONMOTR_DEATH_COUNT,NONMOTR_SUSP_SERIOUS_INJ_COUNT,NTFY_HIWY_MAINT,PED_COUNT,PED_DEATH_COUNT,PED_SUSP_SERIOUS_INJ_COUNT,PERSON_COUNT,POLICE_AGCY,POSSIBLE_INJ_COUNT,RDWY_SURF_TYPE_CD,RELATION_TO_ROAD,ROAD_CONDITION,ROADWAY_CLEARED,SCH_BUS_IND,SCH_ZONE_IND,SECONDARY_CRASH,SMALL_TRUCK_COUNT,SPEC_JURIS_CD,SUSP_MINOR_INJ_COUNT,SUSP_SERIOUS_INJ_COUNT,SUV_COUNT,TCD_FUNC_CD,TCD_TYPE,TFC_DETOUR_IND,TIME_OF_DAY,TOT_INJ_COUNT,TOTAL_UNITS,UNB_DEATH_COUNT,UNB_SUSP_SERIOUS_INJ_COUNT,UNBELTED_OCC_COUNT,UNK_INJ_DEG_COUNT,UNK_INJ_PER_COUNT,URBAN_AREA,URBAN_RURAL,VAN_COUNT,VEHICLE_COUNT,WEATHER1,WEATHER2,WORK_ZONE_IND,WORK_ZONE_LOC,WORK_ZONE_TYPE,WORKERS_PRES,WZ_CLOSE_DETOUR,WZ_FLAGGER,WZ_LAW_OFFCR_IND,WZ_LN_CLOSURE,WZ_MOVING,WZ_OTHER,WZ_SHLDER_MDN,WZ_WORKERS_INJ_KILLED
2010038981,1310.0,2,0,0,0,0,0,0,0,0,1,0,,67,3,2010,6,40.1127,-75.0232,1304.0,6,0,0,0,0,1,0,1,0,,0,0,0,13.0,1,1,0,,0,40 06:45.792,,0,75 01:23.440,4,0,0,0,67301,0,0,0,N,0,0,0,4,67301,1,,1,1,,N,N,,0,,0,0,0,3,2,,1300.0,1,2,0,0,0,0,0,3,4,0,2,3,,N,,,,,,,,,,,
2010122643,1918.0,2,0,0,0,0,0,0,0,0,6,0,,67,11,2010,2,39.9305,-75.1683,9999.0,6,0,0,0,0,0,0,0,0,,0,0,0,19.0,3,5,1,,0,39 55:49.532,,0,75 10:06.324,4,0,0,0,67301,0,0,0,,0,0,0,6,67301,5,,1,1,,,,,0,,0,0,0,3,2,,1918.0,5,2,0,0,0,0,0,3,4,0,2,3,,N,,,,,,,,,,,
2010039187,1318.0,2,0,0,0,0,0,0,0,0,1,0,,67,3,2010,7,39.9815,-75.1674,1314.0,6,0,0,0,0,0,0,0,0,9.0,0,0,0,13.0,1,1,0,,1,39 58:53.421,3.0,0,75 10:02.719,8,0,0,0,67301,0,0,0,,0,0,0,1,67301,0,,6,1,,,,,0,,0,0,0,0,0,N,1310.0,1,2,0,0,0,1,0,3,4,0,2,3,,N,,,,,,,,,,,
2010090115,955.0,2,0,0,0,0,0,0,0,0,1,0,,67,8,2010,6,40.018,-75.1087,950.0,6,0,0,0,0,0,0,0,0,,0,0,0,9.0,1,1,0,,0,40 01:04.670,,0,75 06:31.428,4,0,0,0,67301,0,0,0,N,0,0,0,1,67301,1,,1,1,,N,N,,0,,0,0,0,0,0,,945.0,1,2,0,0,0,0,0,3,4,0,2,3,,N,,,,,,,,,,,
2010087361,29.0,0,0,0,0,0,0,0,0,0,0,0,,67,8,2010,3,40.0476,-74.9991,27.0,6,0,0,0,0,0,0,0,0,3.0,0,0,0,0.0,3,1,0,,1,40 02:47.287,1.0,2,74 59:56.654,4,0,0,1,67301,0,0,0,N,0,0,0,1,68K01,1,,1,1,,N,N,,0,,0,0,0,0,0,N,26.0,1,1,0,0,0,0,0,3,4,0,1,3,,N,,,,,,,,,,,
2010038268,115.0,1,0,0,0,0,0,0,0,0,8,0,,67,1,2010,4,39.9738,-75.2245,105.0,6,0,0,0,0,0,0,0,0,,0,0,0,1.0,3,1,0,,0,39 58:25.748,,0,75 13:28.052,8,0,0,0,67301,1,0,0,,1,0,0,2,67301,0,,1,1,,,,,0,,0,0,0,0,0,,105.0,1,2,0,0,0,1,0,3,4,0,1,3,,N,,,,,,,,,,,
2010014137,527.0,1,0,0,0,0,0,0,0,0,1,0,,67,1,2010,4,39.9763,-75.196,523.0,6,0,0,0,0,0,0,0,0,1.0,0,0,0,5.0,3,1,0,,1,39 58:36.078,3.0,0,75 11:50.246,3,0,0,0,67301,0,0,0,N,0,0,0,2,68K01,0,,1,1,,N,N,,0,,1,0,1,0,0,N,519.0,1,2,0,0,0,0,0,3,4,0,2,3,,N,,,,,,,,,,,
2010017107,9999.0,0,0,0,1,0,0,0,0,0,4,0,,67,1,2010,6,39.9996,-75.069,9999.0,6,0,0,1,0,0,0,0,0,,0,0,0,99.0,1,1,1,,0,39 59:58.519,,0,75 04:08.465,8,0,0,0,67301,1,0,0,N,0,0,0,2,67301,0,,1,1,,N,N,,0,,0,0,1,3,3,,9999.0,1,2,0,0,0,1,0,3,4,0,1,3,,N,,,,,,,,,,,
2010017217,2340.0,1,0,0,0,0,0,0,0,0,5,0,,67,1,2010,1,40.0593,-75.078,2320.0,6,0,0,0,0,0,0,0,0,,0,0,0,23.0,3,0,0,,0,40 03:33.328,,0,75 04:40.976,0,0,0,0,67301,0,0,0,N,0,0,0,1,67301,0,,6,9,,N,N,,0,,0,0,0,0,0,,2300.0,0,2,0,0,0,0,0,3,4,0,2,7,,N,,,,,,,,,,,
2010021456,1836.0,2,0,0,0,0,0,0,0,0,1,0,,67,1,2010,6,40.068,-75.0406,1831.0,6,0,0,0,0,0,0,0,0,1.0,0,0,0,18.0,3,0,0,,1,40 04:04.635,2.0,0,75 02:26.272,0,0,0,0,67301,0,0,0,N,0,0,0,3,67301,0,,1,1,,N,N,,0,,0,0,0,0,0,N,1828.0,0,2,0,0,0,0,0,3,4,0,2,3,,N,,,,,,,,,,,
2010021563,956.0,1,0,0,0,0,0,1,0,0,4,1,,67,2,2010,2,40.0265,-75.0975,956.0,6,0,0,0,0,0,0,0,0,1.0,0,0,0,9.0,1,1,1,,1,40 01:36.580,1.0,0,75 05:52.985,8,0,0,0,67301,0,0,0,,0,0,0,4,67301,0,,1,1,,N,N,,0,,0,0,0,3,2,N,955.0,1,2,0,0,0,1,0,3,4,0,2,3,,N,,,,,,,,,,,
2010021706,2133.0,1,0,0,0,0,0,0,0,0,4,0,,67,1,2010,1,39.9927,-75.1456,2130.0,6,0,0,0,0,0,0,1,0,,0,0,0,21.0,3,2,1,,0,39 59:34.220,,0,75 08:44.206,4,0,0,0,67301,0,0,0,,0,0,0,3,67301,2,,1,1,,,,,1,,0,0,2,0,0,,2130.0,2,4,0,0,0,0,0,3,4,0,4,3,,N,,,,,,,,,,,
2010118005,1728.0,2,0,0,0,0,0,0,0,0,6,0,,67,10,2010,3,40.0939,-74.9629,1723.0,6,0,0,0,0,0,0,1,0,,0,0,0,17.0,4,1,2,,0,40 05:38.187,,0,74 57:46.522,4,0,0,0,67301,0,0,0,N,0,0,0,2,67301,1,,1,1,,N,N,,0,,0,0,0,3,3,,1719.0,1,2,0,0,0,0,0,3,4,0,2,3,,N,,,,,,,,,,,
2010083029,227.0,1,0,0,0,0,0,0,0,0,7,0,,67,8,2010,4,39.9929,-75.0851,223.0,6,0,0,0,0,0,0,0,0,1.0,0,0,0,2.0,3,1,0,,1,39 59:34.710,1.0,0,75 05:06.044,4,0,0,0,67301,0,0,0,N,0,0,0,1,68K01,1,,3,1,,N,N,,0,,0,0,0,0,0,N,220.0,1,1,0,0,0,0,0,3,4,0,1,3,,N,,,,,,,,,,,
2010048465,1150.0,0,0,0,1,0,0,0,0,0,8,0,,67,4,2010,5,39.9933,-75.0866,1145.0,6,0,0,0,0,0,0,0,0,,0,0,0,11.0,1,1,2,,0,39 59:35.836,,0,75 05:11.781,4,0,0,0,67301,1,0,0,N,0,0,0,2,67301,1,,2,1,,N,N,,0,,0,0,1,3,3,,1140.0,1,2,0,0,0,0,0,3,4,0,1,3,,N,,,,,,,,,,,
2010048470,851.0,0,0,0,0,0,0,0,0,0,7,0,,67,4,2010,1,40.1197,-75.0088,850.0,6,0,0,0,0,0,1,0,0,2.0,0,0,0,8.0,1,1,0,,1,40 07:10.960,3.0,0,75 00:31.830,8,0,0,0,67301,0,0,0,N,0,0,0,1,67301,0,,2,9,,N,N,,0,,0,0,1,0,0,Y,845.0,1,1,0,0,1,1,0,3,4,0,1,7,,N,,,,,,,,,,,
2010074986,2110.0,2,0,0,0,0,0,0,0,0,6,0,,67,7,2010,2,40.0436,-75.1532,2109.0,6,0,0,0,0,0,0,0,0,,0,0,0,20.0,3,0,2,,0,40 02:37.100,,0,75 09:11.645,9,0,0,0,67301,0,0,0,,0,0,0,3,67301,0,,1,9,,,,,0,,0,0,0,3,3,,2037.0,0,2,0,0,0,0,1,3,4,0,2,7,,N,,,,,,,,,,,
2010105891,920.0,2,0,0,0,0,0,0,0,0,4,0,,67,10,2010,6,39.9614,-75.1498,914.0,6,0,0,0,0,0,0,0,0,,0,0,0,9.0,1,3,1,,0,39 57:41.314,,0,75 08:59.304,4,0,0,0,67301,0,0,0,N,0,0,0,4,67301,3,,1,9,,N,N,,0,,0,0,0,3,2,,911.0,3,2,0,0,0,0,0,3,4,0,2,7,,N,,,,,,,,,,,
2010094106,2015.0,2,0,0,0,0,0,0,0,0,4,0,,67,8,2010,5,39.9976,-75.1467,2014.0,6,0,0,0,0,0,0,0,0,,0,0,0,18.0,3,6,1,,0,39 59:51.514,,0,75 08:48.199,4,0,0,0,67301,0,0,0,,0,0,0,6,67301,1,,1,1,,,,,0,,0,0,0,3,3,,1814.0,6,2,0,0,0,5,0,3,4,0,2,3,,N,,,,,,,,,,,
2010094111,1413.0,2,0,0,0,0,0,0,0,0,2,0,,67,8,2010,3,40.0377,-75.0501,1409.0,6,0,1,0,0,0,0,0,0,1.0,0,0,0,13.0,1,1,0,,1,40 02:15.655,2.0,0,75 03:00.399,8,0,0,0,67301,0,0,0,,0,0,0,1,67301,0,,6,1,,N,N,,0,,0,0,0,0,0,Y,1310.0,1,2,0,0,0,1,0,3,4,0,2,3,,N,,,,,,,,,,,
2010098475,1002.0,1,0,0,0,0,0,0,0,0,1,0,,67,9,2010,4,39.9835,-75.2623,955.0,6,0,0,0,0,0,1,0,0,2.0,0,0,0,99.0,1,1,0,,2,39 59:00.497,5.0,0,75 15:44.126,4,0,0,0,67301,0,0,0,N,0,0,0,2,46104,1,,1,1,,N,N,,0,,0,0,1,0,0,N,9999.0,1,2,0,0,0,0,0,3,4,0,2,3,,N,,,,,,,,,,,
2010096482,1531.0,1,0,0,1,0,0,0,0,0,4,0,,67,9,2010,7,39.9652,-75.2027,1531.0,6,0,0,0,0,0,0,0,0,,0,0,0,14.0,1,1,1,,0,39 57:54.590,,0,75 12:09.575,3,0,0,0,67301,1,0,0,,0,0,0,2,67301,0,,1,1,,N,N,,0,,1,0,0,3,3,,1456.0,1,2,0,0,0,0,0,3,4,0,1,3,,N,,,,,,,,,,,
2010096495,206.0,0,0,0,0,0,0,0,0,0,4,0,,67,8,2010,2,39.9702,-75.1451,202.0,6,0,0,0,0,0,0,0,0,3.0,0,0,0,2.0,3,4,1,,2,39 58:12.816,6.0,0,75 08:41.997,8,0,0,0,67301,0,0,0,N,0,0,0,5,67301,0,,1,1,,N,N,,0,,0,0,0,3,2,Y,202.0,4,2,0,0,0,4,0,3,4,1,2,3,,N,,,,,,,,,,,
2010113740,1603.0,3,0,0,0,0,0,0,0,0,1,0,,67,10,2010,5,39.9568,-75.166,1528.0,6,0,0,0,0,0,0,1,0,,0,0,0,15.0,1,1,0,,0,39 57:24.445,,0,75 09:57.418,8,0,0,0,67301,0,0,0,,0,0,0,3,67301,0,,1,9,,,,,0,,0,0,0,0,0,,1525.0,1,3,0,0,0,1,0,3,4,0,3,7,,N,,,,,,,,,,,
2010110783,535.0,0,0,0,0,0,0,0,0,0,8,1,,67,10,2010,2,40.0386,-75.1426,533.0,6,0,0,0,0,0,0,0,0,,0,1,0,5.0,3,1,1,,0,40 02:18.957,,99,75 08:33.478,4,0,0,0,67301,1,0,0,N,1,0,0,2,67301,1,,1,9,,N,N,,0,,0,0,0,3,2,,525.0,1,2,0,0,0,0,0,3,4,0,1,7,,N,,,,,,,,,,,
2010111143,1250.0,2,0,0,0,0,0,0,0,0,5,0,,67,9,2010,5,39.9992,-75.1474,1247.0,6,0,0,0,0,0,0,0,0,,0,0,0,99.0,1,1,1,,0,39 59:57.271,,0,75 08:50.495,4,0,0,0,67301,0,0,0,N,0,0,0,2,67301,1,,1,1,,N,N,,0,,0,0,0,3,2,,9999.0,1,2,0,0,0,0,0,3,4,0,2,3,,N,,,,,,,,,,,
2010109010,1725.0,2,0,0,0,0,0,0,0,0,1,0,,67,11,2010,4,40.025,-75.0297,1722.0,6,0,0,0,0,0,2,0,0,,0,0,0,17.0,1,1,0,,0,40 01:29.815,,0,75 01:46.931,4,0,0,0,67301,0,0,0,N,0,0,0,2,68K01,1,,1,1,,N,N,,0,,0,0,0,0,0,,1709.0,1,2,0,0,0,0,0,3,4,0,2,3,,N,,,,,,,,,,,
2010088960,1859.0,1,0,0,0,0,0,0,0,0,8,0,,67,8,2010,7,39.9357,-75.173,1855.0,6,0,0,0,0,0,1,0,0,,0,0,0,18.0,1,1,0,,0,39 56:08.653,,0,75 10:22.797,4,0,0,0,67301,1,0,0,N,1,0,0,2,67301,1,,1,1,,N,N,,0,,0,0,0,0,0,,1850.0,1,2,0,0,0,0,0,3,4,0,1,3,,N,,,,,,,,,,,
2010110824,1152.0,1,0,0,0,0,0,0,0,0,8,0,,67,10,2010,3,39.968,-75.1281,1152.0,6,0,0,0,0,0,0,0,0,,0,0,0,10.0,1,1,5,,0,39 58:03.880,,0,75 07:43.555,8,0,0,0,67301,1,0,0,N,1,0,0,2,67301,0,,1,1,,N,N,,0,,0,0,0,3,2,,1000.0,1,2,0,0,0,1,0,3,4,0,1,3,,N,,,,,,,,,,,
2010110843,740.0,1,0,0,0,0,0,1,0,0,4,1,,67,10,2010,6,39.9964,-75.1739,736.0,6,0,0,0,0,0,1,0,0,,0,0,0,7.0,1,2,1,,0,39 59:47.190,,0,75 10:26.162,4,0,0,0,67301,0,0,0,,0,0,0,3,67301,1,,1,9,,Y,,,0,,0,0,0,3,2,,736.0,2,2,0,0,0,1,1,3,4,0,2,7,,N,,,,,,,,,,,
2010110867,115.0,3,0,0,0,0,0,0,0,0,5,0,,67,10,2010,2,39.9123,-75.1756,110.0,6,0,0,0,0,0,0,0,0,,0,0,0,1.0,3,0,0,,0,39 54:44.136,,0,75 10:32.059,0,0,0,0,67301,0,0,0,N,0,0,0,1,67301,0,,1,1,,N,N,,0,,0,0,0,0,0,,105.0,0,3,0,0,0,0,0,3,4,0,3,3,,N,,,,,,,,,,,
2010110873,1340.0,2,0,0,0,0,0,0,0,0,4,0,,67,10,2010,3,40.0657,-75.0624,1300.0,6,0,0,0,0,0,1,0,0,2.0,0,0,0,13.0,1,1,0,,2,40 03:56.677,6.0,0,75 03:44.736,8,0,0,0,67301,0,0,0,N,0,0,0,3,67301,0,,6,1,,N,N,,1,,0,0,1,0,0,Y,1335.0,1,4,0,0,0,1,0,3,4,0,4,3,,N,,,,,,,,,,,
2010038609,1915.0,1,0,0,0,0,0,0,0,0,8,0,,67,3,2010,4,40.026,-75.0548,1113.0,6,0,0,0,0,0,0,0,0,,0,0,0,99.0,1,1,2,,0,40 01:33.535,,0,75 03:17.341,8,0,0,0,67301,1,0,0,,1,0,0,2,67301,0,,1,1,,,,,0,,0,0,0,0,0,,9999.0,1,2,0,0,0,1,0,3,4,0,1,3,,N,,,,,,,,,,,
2010038652,1305.0,0,0,0,0,0,0,0,0,0,5,0,,67,3,2010,4,40.0286,-75.0265,1303.0,6,0,0,0,0,0,1,1,0,1.0,0,0,0,13.0,1,1,0,,1,40 01:43.071,1.0,0,75 01:35.566,3,0,0,1,67301,0,0,0,N,0,0,0,2,67301,0,,1,1,,N,N,,1,,1,0,0,0,0,N,1300.0,1,2,0,0,0,0,0,3,4,0,2,3,,N,,,,,,,,,,,
2010122368,548.0,1,0,0,0,0,0,0,0,0,8,0,,67,11,2010,6,39.9763,-75.2094,537.0,6,0,0,0,0,0,0,0,0,,0,0,0,5.0,3,1,1,,0,39 58:34.521,,0,75 12:33.579,4,0,0,0,67301,1,0,0,N,1,0,0,2,67301,1,,1,1,,N,N,,0,,0,0,0,3,2,,535.0,1,2,0,0,0,0,1,3,4,0,1,3,,N,,,,,,,,,,,
2010122459,806.0,0,0,0,0,0,0,0,0,0,7,0,,67,11,2010,4,40.0608,-75.0198,806.0,6,0,0,0,0,0,0,0,0,,0,0,0,7.0,1,1,0,,0,40 03:38.728,,0,75 01:11.160,3,0,0,0,67301,0,0,0,,0,0,0,1,67301,0,,5,1,,,,,0,,1,0,1,0,0,,745.0,1,1,0,0,0,0,0,3,4,0,1,3,,N,,,,,,,,,,,
2010122504,835.0,2,0,0,0,0,0,0,0,0,1,0,,67,11,2010,6,39.9245,-75.1746,831.0,6,0,0,0,0,0,1,0,0,,0,0,0,8.0,1,1,1,,0,39 55:28.352,,0,75 10:28.052,8,0,0,0,67301,0,0,0,,0,0,0,2,67301,0,,1,1,,N,N,,0,,0,0,0,3,2,,825.0,1,2,0,0,0,1,0,3,4,0,2,3,,N,,,,,,,,,,,
2010122525,1458.0,2,0,0,0,0,0,0,0,0,4,0,,67,11,2010,7,39.9238,-75.185,1455.0,6,0,0,0,0,0,0,0,0,,0,0,0,14.0,1,1,1,,0,39 55:25.708,,0,75 11:05.881,4,0,0,0,67301,0,0,0,N,0,0,0,2,67301,1,,1,1,,N,N,,0,,0,0,0,9,3,,1450.0,1,2,0,0,0,0,0,3,4,0,2,3,,N,,,,,,,,,,,
2010122532,1722.0,0,0,0,0,0,0,0,0,0,5,0,,67,11,2010,1,39.9536,-75.1986,1720.0,6,0,0,0,0,0,0,0,0,,0,0,0,17.0,3,1,1,,0,39 57:13.089,,0,75 11:55.030,3,0,0,2,67301,0,0,0,N,0,0,0,2,67301,0,,1,1,,N,N,,0,,1,0,0,2,2,,1718.0,1,2,0,0,0,0,0,3,4,0,2,3,,N,,,,,,,,,,,
2010039118,1340.0,2,0,0,0,0,0,0,0,0,2,0,,67,3,2010,5,39.9762,-75.161,1340.0,6,0,0,0,0,0,0,0,0,,0,0,0,13.0,1,1,1,,0,39 58:34.219,,0,75 09:39.495,4,0,0,0,67301,0,0,0,N,0,0,0,3,67301,1,,1,1,,N,N,,0,,0,0,0,0,0,,1330.0,1,2,0,0,2,0,0,3,4,0,2,3,,N,,,,,,,,,,,
2010039151,55.0,1,0,0,0,0,0,0,0,0,7,0,,67,3,2010,7,39.9714,-75.1594,50.0,6,0,0,0,1,0,0,0,0,,0,0,0,0.0,3,0,1,,0,39 58:17.205,,0,75 09:33.736,0,0,0,0,67301,0,0,0,,0,0,0,2,67301,0,,3,1,,,,,0,,0,0,0,3,2,,45.0,0,2,0,0,0,0,0,3,4,0,1,3,,N,,,,,,,,,,,
2010039274,851.0,2,0,0,0,0,0,0,0,0,4,0,,67,3,2010,6,40.0775,-75.1732,846.0,6,0,0,0,0,0,0,0,0,,0,0,0,8.0,1,2,1,,0,40 04:39.162,,0,75 10:23.357,4,0,0,0,67301,0,0,0,N,0,0,0,2,67301,2,,1,9,,N,N,,0,,0,0,0,3,3,,825.0,2,2,0,0,0,0,0,3,4,0,2,7,,N,,,,,,,,,,,
2010039311,2110.0,1,0,0,0,0,0,0,0,0,7,0,,67,3,2010,1,39.9624,-75.216,2108.0,6,0,0,0,0,0,1,0,0,,0,0,0,21.0,6,0,0,,0,39 57:44.637,,0,75 12:56.175,0,0,0,0,67301,0,0,0,N,0,0,0,1,67301,0,,2,98,,N,N,,0,,0,0,0,0,0,,2108.0,0,1,0,0,0,0,0,3,4,0,1,99,,N,,,,,,,,,,,
2010032535,1315.0,1,0,0,0,0,0,0,0,0,1,0,,67,3,2010,3,40.0096,-75.0896,1309.0,6,0,0,0,0,0,1,0,0,,0,0,0,12.0,1,1,3,,0,40 00:34.514,,0,75 05:22.410,4,0,0,0,67301,0,0,0,N,0,0,0,2,67301,1,,1,1,,N,N,,0,,0,0,0,3,3,,1245.0,1,2,0,0,1,0,0,3,4,1,2,3,,N,,,,,,,,,,,
2010032636,2100.0,2,0,0,0,0,0,0,0,0,0,0,,67,3,2010,4,40.0182,-75.2018,2052.0,6,0,0,0,0,0,0,0,0,1.0,0,0,0,20.0,2,0,0,,2,40 01:05.690,3.0,0,75 12:06.330,0,0,0,0,67301,0,0,0,,0,0,0,2,67301,0,,1,1,,N,N,,0,,0,0,0,0,0,N,2051.0,0,2,0,0,0,0,0,3,4,0,2,3,,N,,,,,,,,,,,
2010085220,306.0,1,0,0,0,0,0,0,0,0,7,0,,67,9,2010,7,39.9716,-75.1933,256.0,6,0,0,0,0,0,0,0,0,2.0,0,0,0,2.0,3,0,7,,2,39 58:23.355,4.0,2,75 11:37.454,0,0,0,0,67301,0,0,0,N,0,0,0,2,68K01,0,,5,1,,N,N,,0,,0,0,0,0,0,N,251.0,0,1,0,0,1,0,0,3,4,0,1,3,,N,,,,,,,,,,,
2010032711,2205.0,1,0,0,0,0,0,0,0,0,1,0,,67,2,2010,7,40.0715,-74.9813,2155.0,6,0,0,0,0,0,0,0,0,,0,0,0,21.0,3,1,0,,0,40 04:17.374,,0,74 58:52.732,8,0,0,0,67301,0,0,0,,0,0,0,1,67301,0,,6,1,,,,,0,,0,0,0,0,0,,2145.0,1,2,0,0,0,1,0,3,4,1,2,3,,N,,,,,,,,,,,
2010016784,1800.0,1,0,0,0,0,0,0,0,0,1,0,,67,1,2010,6,39.9747,-75.1944,1742.0,6,0,0,0,0,0,0,1,0,,0,0,0,17.0,3,1,0,,0,39 58:32.442,,0,75 11:42.023,8,0,0,0,67301,0,0,0,N,0,0,0,2,68K01,0,,1,1,,N,N,,0,,0,0,1,0,0,,1737.0,1,2,0,0,0,1,0,3,4,0,2,3,,N,,,,,,,,,,,
2010016936,2357.0,1,0,0,0,0,0,0,0,0,4,0,,67,1,2010,2,40.0029,-75.1017,2353.0,6,0,0,0,0,0,0,1,0,,0,0,0,23.0,3,3,5,,0,40 00:10.274,,0,75 06:06.094,4,0,0,0,67301,0,0,0,,0,0,0,4,67301,1,,1,9,,,,,0,,0,0,1,0,0,,2345.0,3,2,0,0,1,2,0,3,4,0,2,7,,N,,,,,,,,,,,
2010017111,1650.0,0,0,0,0,0,0,0,0,0,4,0,,67,1,2010,3,39.9575,-75.2112,1642.0,6,0,0,0,0,0,0,0,0,,0,0,0,16.0,1,3,2,,0,39 57:27.061,,0,75 12:40.366,4,0,0,0,67301,0,0,0,N,0,0,0,4,67301,1,,1,1,,N,N,,0,,0,0,0,3,3,,1640.0,3,2,0,0,0,2,0,3,4,2,2,3,,N,,,,,,,,,,,
2010017138,151.0,1,0,0,0,0,0,0,0,0,7,0,,67,1,2010,1,40.0971,-75.0182,144.0,6,0,0,0,0,0,0,0,0,,0,0,0,1.0,3,0,1,,0,40 05:49.711,,0,75 01:05.375,0,0,0,0,67301,0,0,0,N,0,0,0,1,67301,0,,2,1,,N,N,,0,,0,0,0,3,2,,140.0,0,1,0,0,0,0,0,3,4,0,1,3,,N,,,,,,,,,,,
2010017163,1023.0,1,0,0,0,0,0,0,0,0,4,0,,67,1,2010,7,40.0432,-75.0523,1017.0,6,0,0,0,0,0,1,0,0,1.0,0,0,0,10.0,1,0,1,,1,40 02:35.830,4.0,0,75 03:08.014,0,0,0,0,67301,0,0,0,N,0,0,0,2,67301,0,,1,1,,N,N,,0,,0,0,1,3,2,Y,1010.0,0,2,0,0,0,0,0,3,4,0,2,3,,N,,,,,,,,,,,
2010017182,310.0,1,0,0,0,0,0,0,0,0,7,0,,67,1,2010,1,39.9154,-75.221,306.0,6,0,0,0,0,1,0,0,0,,0,0,0,3.0,3,2,0,,0,39 54:56.077,,0,75 13:15.339,8,0,0,0,67301,0,0,0,,0,0,0,2,67301,0,,1,1,,N,N,,0,,0,0,0,0,0,,300.0,2,1,0,0,0,2,0,3,4,0,1,98,,N,,,,,,,,,,,
2010017246,2110.0,1,0,0,0,0,0,0,0,0,7,0,,67,1,2010,4,40.0562,-75.1865,2106.0,6,0,0,0,0,0,1,0,0,,0,0,0,21.0,3,1,2,,0,40 03:22.348,,0,75 11:11.579,8,0,0,0,67301,0,0,0,N,0,0,0,1,67301,0,,5,1,,N,N,,0,,0,0,0,3,3,,2100.0,1,1,0,0,0,1,0,3,4,0,1,3,,N,,,,,,,,,,,
2010021448,9999.0,1,0,0,0,0,0,0,0,0,4,0,,67,1,2010,4,40.0979,-75.016,1121.0,6,0,0,0,0,0,0,0,0,,0,0,0,11.0,1,1,2,,0,40 05:52.412,,0,75 00:57.600,4,0,0,0,67301,1,0,0,N,1,0,0,2,67301,1,,1,1,,N,N,,0,,0,0,0,3,3,,1119.0,1,2,0,0,0,0,0,3,4,0,1,3,,N,,,,,,,,,,,
2010021564,1640.0,2,0,0,0,0,0,0,0,0,6,0,,67,1,2010,7,,,1630.0,6,0,0,0,0,0,1,1,0,,0,0,0,16.0,1,1,0,,0,,,0,,4,0,0,0,67301,0,0,0,N,0,0,0,5,67301,1,,1,9,,N,N,,0,,0,0,0,0,0,,1630.0,1,2,0,0,0,0,0,3,3,0,2,10,,N,,,,,,,,,,,
2010021716,1530.0,0,0,0,1,0,0,0,0,0,4,0,,67,1,2010,4,39.9898,-75.1255,1528.0,6,0,0,0,0,0,0,0,0,,0,0,0,15.0,1,1,1,,0,39 59:23.298,,0,75 07:31.934,4,0,0,0,67301,1,0,0,,0,0,0,2,67301,1,,1,1,,,,,0,,0,0,0,3,2,,1525.0,1,2,0,0,0,0,1,3,4,1,1,3,,N,,,,,,,,,,,
2010021886,1400.0,2,0,0,0,0,0,0,0,0,1,0,,67,1,2010,4,40.0571,-75.1745,1348.0,6,0,0,0,0,0,0,0,0,,0,0,0,13.0,1,3,0,,0,40 03:25.682,,0,75 10:28.153,8,0,0,0,67301,0,0,0,N,0,0,0,3,67301,0,,2,1,,N,N,,0,,0,0,0,0,0,,1346.0,3,2,0,0,0,3,0,3,4,0,2,3,,N,,,,,,,,,,,
2010117998,1140.0,0,0,0,0,0,0,0,0,0,1,0,,67,10,2010,1,40.0341,-75.0274,1136.0,6,0,0,0,0,0,1,0,0,2.0,0,0,0,99.0,1,1,1,,1,40 02:02.885,1.0,0,75 01:38.648,4,0,0,0,67301,0,0,0,,0,0,0,3,67301,1,,1,1,,N,N,,0,,0,0,1,3,2,N,9999.0,1,2,0,0,0,0,0,3,4,1,2,3,,N,,,,,,,,,,,