CRN,ARRIVAL_TM,AUTOMOBILE_COUNT,BELTED_DEATH_COUNT,BELTED_SUSP_SERIOUS_INJ_COUNT,BICYCLE_COUNT,BICYCLE_DEATH_COUNT,BICYCLE_SUSP_SERIOUS_INJ_COUNT,BUS_COUNT,CHLDPAS_DEATH_COUNT,CHLDPAS_SUSP_SERIOUS_INJ_COUNT,COLLISION_TYPE,COMM_VEH_COUNT,CONS_ZONE_SPD_LIM,COUNTY,CRASH_MONTH,CRASH_YEAR,DAY_OF_WEEK,DEC_LAT,DEC_LONG,DISPATCH_TM,DISTRICT,DRIVER_COUNT_16YR,DRIVER_COUNT_17YR,DRIVER_COUNT_18YR,DRIVER_COUNT_19YR,DRIVER_COUNT_20YR,DRIVER_COUNT_50_64YR,DRIVER_COUNT_65_74YR,DRIVER_COUNT_75PLUS,EST_HRS_CLOSED,FATAL_COUNT,HEAVY_TRUCK_COUNT,HORSE_BUGGY_COUNT,HOUR_OF_DAY,ILLUMINATION,INJURY_COUNT,INTERSECT_TYPE,INTERSECTION_RELATED,LANE_CLOSED,LATITUDE,LN_CLOSE_DIR,LOCATION_TYPE,LONGITUDE,MAX_SEVERITY_LEVEL,MCYCLE_DEATH_COUNT,MCYCLE_SUSP_SERIOUS_INJ_COUNT,MOTORCYCLE_COUNT,MUNICIPALITY,NONMOTR_COUNT,NONMOTR_DEATH_COUNT,NONMOTR_SUSP_SERIOUS_INJ_COUNT,NTFY_HIWY_MAINT,PED_COUNT,PED_DEATH_COUNT,PED_SUSP_SERIOUS_INJ_COUNT,PERSON_COUNT,POLICE_AGCY,POSSIBLE_INJ_COUNT,RDWY_SURF_TYPE_CD,RELATION_TO_ROAD,ROAD_CONDITION,ROADWAY_CLEARED,SCH_BUS_IND,SCH_ZONE_IND,SECONDARY_CRASH,SMALL_TRUCK_COUNT,SPEC_JURIS_CD,SUSP_MINOR_INJ_COUNT,SUSP_SERIOUS_INJ_COUNT,SUV_COUNT,TCD_FUNC_CD,TCD_TYPE,TFC_DETOUR_IND,TIME_OF_DAY,TOT_INJ_COUNT,TOTAL_UNITS,UNB_DEATH_COUNT,UNB_SUSP_SERIOUS_INJ_COUNT,UNBELTED_OCC_COUNT,UNK_INJ_DEG_COUNT,UNK_INJ_PER_COUNT,URBAN_AREA,URBAN_RURAL,VAN_COUNT,VEHICLE_COUNT,WEATHER1,WEATHER2,WORK_ZONE_IND,WORK_ZONE_LOC,WORK_ZONE_TYPE,WORKERS_PRES,WZ_CLOSE_DETOUR,WZ_FLAGGER,WZ_LAW_OFFCR_IND,WZ_LN_CLOSURE,WZ_MOVING,WZ_OTHER,WZ_SHLDER_MDN,WZ_WORKERS_INJ_KILLED
2010118026,1910.0,1,0,0,0,0,0,0,0,0,8,0,,67,10,2010,7,40.0277,-75.0613,1910.0,6,0,0,0,0,0,0,0,0,,0,0,0,18.0,3,1,0,,0,40 01:39.668,,0,75 03:40.823,8,0,0,0,67301,1,0,0,,1,0,0,2,67301,0,,1,1,,,,,0,,0,0,0,0,0,,1857.0,1,2,0,0,0,1,0,3,4,0,1,3,,N,,,,,,,,,,,
2010094119,1524.0,2,0,0,0,0,0,0,0,0,4,0,,67,8,2010,3,39.9545,-75.1495,1518.0,6,0,0,0,0,0,0,0,1,,0,0,0,15.0,1,1,1,,0,39 57:16.308,,0,75 08:58.375,4,0,0,0,67301,0,0,0,,0,0,0,2,67301,1,,1,1,,,,,0,,0,0,0,3,2,,1518.0,1,2,0,0,0,0,0,3,4,0,2,3,,N,,,,,,,,,,,
2010094184,2207.0,1,0,0,1,0,0,0,0,0,4,0,,67,9,2010,7,39.9514,-75.1991,2207.0,6,0,0,0,0,0,0,0,0,,0,0,0,22.0,3,1,1,,0,39 57:04.866,,0,75 11:56.817,8,0,0,0,67301,1,0,0,N,0,0,0,3,67301,0,,1,1,,N,N,,0,,0,0,0,3,2,,2205.0,1,2,0,0,0,1,0,3,4,0,1,3,,N,,,,,,,,,,,
2010094236,1955.0,1,0,0,1,0,0,0,0,0,4,0,,67,8,2010,3,39.9724,-75.2436,1955.0,6,0,0,0,0,0,0,1,0,,0,0,0,19.0,4,1,2,,0,39 58:20.463,,0,75 14:36.949,4,0,0,0,67301,1,0,0,,0,0,0,2,67301,1,,1,9,,,,,0,,0,0,0,0,0,,1955.0,1,2,0,0,0,0,0,3,4,0,1,3,,N,,,,,,,,,,,
2010094245,1430.0,2,0,0,0,0,0,0,0,0,1,0,,67,8,2010,7,40.031,-75.1244,1430.0,6,0,0,0,0,0,0,0,0,,0,0,0,14.0,1,5,1,,0,40 01:51.528,,0,75 07:27.728,4,0,0,0,67301,0,0,0,N,0,0,0,6,67301,5,,1,1,,N,N,,0,,0,0,0,3,2,,1430.0,5,2,0,0,0,0,1,3,4,0,2,3,,N,,,,,,,,,,,
2010113741,1211.0,0,0,0,1,0,0,1,0,0,4,1,,67,10,2010,3,39.9536,-75.1732,1210.0,6,0,0,0,0,0,0,0,0,,0,0,0,12.0,1,1,1,,0,39 57:12.840,,0,75 10:23.682,4,0,0,0,67301,1,0,0,N,0,0,0,2,67301,1,,1,1,,N,N,,0,,0,0,0,3,2,,1207.0,1,2,0,0,0,0,0,3,4,0,1,3,,N,,,,,,,,,,,
2010094082,2245.0,1,0,0,0,0,0,0,0,0,1,0,,67,9,2010,5,40.0086,-75.0688,2243.0,6,0,0,0,0,0,0,0,0,,0,0,0,22.0,3,2,1,,0,40 00:31.034,,0,75 04:07.810,4,0,0,0,67301,0,0,0,N,0,0,0,2,67301,1,,1,1,,N,N,,0,,0,0,1,3,2,,2233.0,2,2,0,0,0,1,0,3,4,0,2,3,,N,,,,,,,,,,,
2010094095,1530.0,2,0,0,0,0,0,0,0,0,1,0,,67,8,2010,2,39.975,-75.1872,1549.0,6,0,0,0,0,0,0,0,0,,0,0,0,15.0,1,1,0,,0,39 58:30.114,,3,75 11:13.816,8,0,0,0,67301,0,0,0,N,0,0,0,3,67301,0,,1,9,,N,N,,0,,0,0,0,0,0,,1530.0,1,2,0,0,0,1,0,3,4,0,2,7,,N,,,,,,,,,,,
2010094139,2307.0,1,0,0,0,0,0,0,0,0,1,0,,67,9,2010,4,40.0217,-75.1394,2300.0,6,0,0,0,0,0,0,0,0,9.0,0,0,0,23.0,3,4,0,,1,40 01:18.168,2.0,0,75 08:21.957,8,0,0,0,67301,0,0,0,N,0,0,0,5,67301,0,,1,1,,N,N,,0,,0,0,1,0,0,N,2300.0,4,2,0,0,0,4,0,3,4,0,2,3,,N,,,,,,,,,,,
2010088845,1017.0,2,0,0,0,0,0,0,0,0,4,0,,67,7,2010,6,40.027,-75.0755,1014.0,6,0,0,0,0,1,0,0,0,,0,0,0,10.0,1,0,1,,0,40 01:37.269,,0,75 04:31.638,0,0,0,0,67301,0,0,0,,0,0,0,3,67301,0,,1,1,,,,,0,,0,0,0,3,2,,1012.0,0,2,0,0,0,0,0,3,4,0,2,3,,N,,,,,,,,,,,
2010069732,59.0,1,0,0,0,0,0,0,0,0,7,0,,67,6,2010,1,39.9392,-75.1933,59.0,6,0,0,0,0,0,0,0,0,1.0,0,0,0,0.0,3,1,2,,2,39 56:21.084,4.0,0,75 11:35.786,4,0,0,0,67301,0,0,0,N,0,0,0,1,67301,1,,5,1,,N,N,,0,,0,0,0,3,2,Y,59.0,1,1,0,0,0,0,0,3,4,0,1,3,,N,,,,,,,,,,,
2010069230,1230.0,2,0,0,0,0,0,0,0,0,4,0,,67,6,2010,4,40.0443,-75.1177,1228.0,6,0,0,0,0,0,1,0,0,,0,0,0,12.0,1,1,0,,0,40 02:39.447,,7,75 07:03.719,8,0,0,0,67301,0,0,0,N,0,0,0,3,67301,0,,1,1,,N,N,,0,,0,0,0,3,3,,1220.0,1,2,0,0,0,1,0,3,4,0,2,3,,N,,,,,,,,,,,
2010006030,1914.0,2,0,0,0,0,0,0,0,0,1,0,,67,1,2010,7,39.8916,-75.1986,1859.0,6,0,0,0,0,0,0,0,0,,0,0,0,18.0,3,0,0,,0,39 53:52.741,,0,75 11:02.182,0,0,0,0,67301,0,0,0,N,0,0,0,2,68K01,0,,1,1,,N,N,,0,,0,0,0,0,0,,1855.0,0,2,0,0,0,0,0,3,4,0,2,3,,N,,,,,,,,,,,
2010038651,2305.0,4,0,0,0,0,0,0,0,0,1,0,,67,3,2010,5,40.0333,-75.0699,2258.0,6,0,0,0,0,0,0,0,0,2.0,0,0,0,22.0,3,0,0,,2,40 01:59.988,3.0,0,75 04:11.473,0,0,0,0,67301,0,0,0,,0,0,0,2,67301,0,,1,1,,N,N,,0,,0,0,1,0,0,Y,2258.0,0,5,0,0,0,0,0,3,4,0,5,3,,N,,,,,,,,,,,
2010041295,932.0,0,0,0,0,0,0,0,0,0,7,0,,67,4,2010,2,39.9428,-75.1933,931.0,6,0,0,0,0,0,0,0,0,1.0,0,0,0,9.0,1,1,0,,2,39 56:39.753,3.0,0,75 11:30.328,8,0,0,0,67301,0,0,0,N,0,0,0,1,68K01,0,,3,9,,N,N,,0,,0,0,1,0,0,N,929.0,1,1,0,0,0,1,0,3,4,0,1,7,,N,,,,,,,,,,,
2010038815,800.0,2,0,0,0,0,0,0,0,0,1,0,,67,4,2010,5,39.9703,-75.1466,800.0,6,0,0,0,0,0,0,0,0,,0,0,0,8.0,1,2,1,,0,39 58:13.480,,0,75 08:47.465,4,0,0,0,67301,0,0,0,,0,0,0,3,67301,2,,1,1,,,,,0,,0,0,0,3,2,,800.0,2,2,0,0,0,0,1,3,4,0,2,3,,N,,,,,,,,,,,
2010124774,1423.0,1,0,0,0,0,0,0,0,0,7,0,,67,12,2010,2,39.9112,-75.1527,1419.0,6,0,0,0,0,0,0,0,0,,0,0,0,14.0,1,1,0,,0,39 54:40.546,,2,75 08:58.471,8,0,0,0,67301,0,0,0,N,0,0,0,1,68K01,0,,2,1,,N,N,,0,,0,0,0,0,0,,1416.0,1,1,0,0,1,1,0,3,4,0,1,3,,N,,,,,,,,,,,
2010122361,820.0,1,0,0,0,0,0,0,0,0,7,0,,67,11,2010,7,40.0861,-75.2119,814.0,6,0,0,0,0,0,0,0,0,,0,0,0,7.0,1,0,1,,0,40 05:09.951,,1,75 12:42.717,0,0,0,0,67301,0,0,0,N,0,0,0,1,67301,0,,3,1,,N,N,,0,,0,0,0,9,2,,731.0,0,1,0,0,0,0,0,3,4,0,1,98,,N,,,,,,,,,,,
2010122536,1035.0,2,0,0,0,0,0,0,0,0,4,0,,67,11,2010,3,40.049,-75.1624,1031.0,6,0,0,0,0,0,0,0,1,,0,0,0,10.0,1,1,2,,0,40 02:56.432,,0,75 09:44.654,4,0,0,0,67301,0,0,0,N,0,0,0,2,67301,1,,1,1,,N,N,,0,,0,0,0,3,3,,1030.0,1,2,0,0,0,0,0,3,4,0,2,3,,N,,,,,,,,,,,
2010122544,943.0,2,0,0,0,0,0,0,0,0,1,0,,67,11,2010,1,40.0497,-75.0786,939.0,6,0,0,0,0,0,0,0,0,,0,0,0,9.0,1,0,1,,0,40 02:58.765,,0,75 04:42.916,0,0,0,0,67301,0,0,0,N,0,0,0,3,67301,0,,1,1,,N,N,,0,,0,0,0,3,2,,930.0,0,2,0,0,0,0,0,3,4,0,2,3,,N,,,,,,,,,,,
2010038767,2122.0,1,0,0,1,0,0,0,0,0,4,0,,67,3,2010,3,39.9923,-75.1422,2120.0,6,0,0,0,0,0,1,0,0,1.0,0,0,0,21.0,3,1,1,,1,39 59:32.252,3.0,0,75 08:31.897,3,0,0,0,67301,1,0,0,N,0,0,0,2,67301,0,,1,1,,N,N,,0,,1,0,0,3,2,N,2120.0,1,2,0,0,0,0,0,3,4,0,1,3,,N,,,,,,,,,,,
2010122567,2300.0,2,0,0,0,0,0,0,0,0,4,0,,67,11,2010,7,39.9553,-75.2319,2300.0,6,0,0,0,1,0,0,0,0,,0,0,0,23.0,3,4,1,,0,39 57:19.191,,0,75 13:55.012,3,0,0,0,67301,0,0,0,N,0,0,0,4,67301,3,,1,1,,N,N,,0,,1,0,0,9,2,,2300.0,4,2,0,0,3,0,0,3,4,0,2,3,,N,,,,,,,,,,,
2010122605,1817.0,2,0,0,0,0,0,0,0,0,4,0,,67,11,2010,3,40.0612,-75.0789,1810.0,6,0,0,0,0,0,2,0,0,,0,0,0,18.0,3,1,1,,0,40 03:40.392,,0,75 04:44.129,4,0,0,0,67301,0,0,0,,0,0,0,2,67301,1,,1,1,,,,,0,,0,0,0,3,3,,1805.0,1,2,0,0,0,0,0,3,4,0,2,3,,N,,,,,,,,,,,
2010039141,1531.0,0,0,0,1,0,0,0,0,0,1,0,,67,3,2010,7,39.9808,-75.2357,1529.0,6,0,0,0,0,0,0,0,0,,0,0,0,15.0,1,1,3,,0,39 58:50.951,,0,75 14:08.562,8,0,0,0,67301,1,0,0,,0,0,0,2,67301,0,,1,1,,N,N,,0,,0,0,0,0,0,,1520.0,1,2,0,0,0,1,1,3,4,1,1,3,,N,,,,,,,,,,,
2010039191,2055.0,2,0,0,0,0,0,0,0,0,1,0,,67,3,2010,3,39.957,-75.2257,2050.0,6,0,0,0,0,1,0,0,0,,0,0,0,20.0,3,0,0,,0,39 57:25.163,,0,75 13:32.580,0,0,0,0,67301,0,0,0,,0,0,0,5,67301,0,,1,1,,N,N,,0,,0,0,1,0,0,,2025.0,0,3,0,0,0,0,0,3,4,0,3,3,,N,,,,,,,,,,,
2010039289,1933.0,1,0,0,0,0,0,0,0,0,8,0,,67,3,2010,2,39.9952,-75.1122,1933.0,6,0,0,0,0,0,0,0,0,,0,0,0,19.0,3,1,0,,0,39 59:42.654,,0,75 06:44.198,4,0,0,0,67301,1,0,0,N,1,0,0,2,67301,1,,1,9,,N,N,,0,,0,0,0,3,2,,1933.0,1,2,0,0,0,0,0,3,4,0,1,7,,N,,,,,,,,,,,
2010031751,1740.0,0,0,0,0,0,0,0,0,0,0,0,,67,3,2010,7,39.988,-75.2072,1739.0,6,0,0,0,0,0,0,0,0,,0,0,0,17.0,1,0,0,,0,39 59:20.621,,0,75 12:23.295,0,0,0,1,67301,0,0,0,N,0,0,0,1,68K01,0,,1,1,,N,N,,0,,0,0,0,0,0,,1738.0,0,1,0,0,0,0,0,3,4,0,1,3,,N,,,,,,,,,,,
2010032103,746.0,1,0,0,0,0,0,0,0,0,1,0,,67,3,2010,5,40.0144,-75.0557,737.0,6,0,0,0,0,0,0,0,0,,0,0,0,7.0,1,1,0,,0,40 00:52.921,,0,75 03:18.333,4,0,0,0,67301,0,0,0,N,0,0,0,3,68K01,1,,1,1,,N,N,,0,,0,0,1,0,0,,729.0,1,3,0,0,0,0,0,3,4,1,3,3,,N,,,,,,,,,,,
2010032494,1941.0,2,0,0,0,0,0,0,0,0,4,0,,67,3,2010,3,39.9851,-75.2474,1934.0,6,0,0,0,0,0,1,0,0,,0,0,0,19.0,3,0,1,,0,39 59:06.236,,0,75 14:50.528,0,0,0,0,67301,0,0,0,,0,0,0,2,67301,0,,1,9,,,,,0,,0,0,0,3,2,,1930.0,0,2,0,0,0,0,0,3,4,0,2,7,,N,,,,,,,,,,,
2010032503,1607.0,1,0,0,0,0,0,0,0,0,8,0,,67,3,2010,5,39.9697,-75.1416,1604.0,6,0,0,0,0,0,0,0,0,,0,0,0,15.0,1,1,1,,0,39 58:10.977,,0,75 08:29.403,4,0,0,0,67301,1,0,0,N,1,0,0,2,67301,1,,1,1,,,N,,0,,0,0,0,3,2,,1530.0,1,2,0,0,0,0,0,3,4,0,1,3,,N,,,,,,,,,,,
2010032719,1530.0,1,0,0,0,0,0,0,0,0,8,0,,67,3,2010,5,40.0168,-75.0836,1530.0,6,0,0,0,0,0,0,0,0,,0,0,0,15.0,1,2,5,,0,40 01:00.430,,0,75 05:00.995,8,0,0,0,67301,2,0,0,N,2,0,0,3,67301,0,,1,1,,N,N,,0,,0,0,0,3,2,,1525.0,2,3,0,0,0,2,0,3,4,0,1,3,,N,,,,,,,,,,,
2010032732,2359.0,1,0,0,0,0,0,0,0,0,7,0,,67,3,2010,6,40.042,-75.0972,2357.0,6,0,0,0,0,0,0,0,0,9.0,0,0,0,23.0,3,1,0,,2,40 02:31.165,5.0,0,75 05:49.890,2,0,0,0,67301,0,0,0,N,0,0,0,1,67301,0,,5,1,,N,N,,0,,0,1,2,0,0,Y,2357.0,1,3,0,1,1,0,0,3,4,0,3,3,,N,,,,,,,,,,,
2010032826,1505.0,2,0,0,0,0,0,0,0,0,1,0,,67,3,2010,1,39.9923,-75.1945,1455.0,6,0,0,0,0,0,0,0,0,,0,0,0,14.0,1,0,0,,0,39 59:32.177,,0,75 11:40.033,0,0,0,0,67301,0,0,0,,0,0,0,2,67301,0,,1,1,,,,,0,,0,0,0,0,0,,1450.0,0,2,0,0,0,0,0,3,4,0,2,3,,N,,,,,,,,,,,
2010032839,830.0,1,0,0,0,0,0,0,0,0,1,0,,67,3,2010,4,39.9706,-75.1514,819.0,6,0,0,0,0,0,0,0,0,,0,0,0,8.0,1,3,0,,0,39 58:14.158,,0,75 09:04.826,4,0,0,0,67301,0,0,0,N,0,0,0,4,67301,3,,1,1,,N,N,,0,,0,0,0,0,0,,819.0,3,2,0,0,0,0,0,3,4,0,2,3,,N,,,,,,,,,,,
2010038550,1520.0,0,0,0,0,0,0,0,0,0,1,0,,67,4,2010,6,39.9844,-75.0956,1507.0,6,0,0,0,0,0,3,0,0,2.0,0,0,0,15.0,1,1,0,,2,39 59:04.200,1.0,0,75 05:43.525,4,0,0,0,67301,0,0,0,N,0,0,0,8,68K01,1,,1,1,,N,N,,2,,0,0,3,0,0,N,1501.0,1,5,0,0,0,0,0,3,4,0,5,3,,N,,,,,,,,,,,
2010015861,2110.0,2,0,0,0,0,0,0,0,0,5,0,,67,1,2010,1,39.9796,-75.1076,2110.0,6,0,0,0,1,0,1,0,0,1.0,0,0,0,21.0,3,0,0,,1,39 58:48.064,2.0,0,75 06:21.984,0,0,0,0,67301,0,0,0,N,0,0,0,4,68K01,0,,1,1,,N,N,,0,,0,0,0,0,0,N,2108.0,0,2,0,0,0,0,0,3,4,0,2,3,,N,,,,,,,,,,,
2010016792,136.0,1,0,0,0,0,0,0,0,0,1,0,,67,2,2010,4,39.9961,-75.197,128.0,6,0,0,0,1,0,0,0,0,,0,0,0,1.0,3,0,0,,0,39 59:49.734,,0,75 11:46.700,9,0,0,0,67301,0,0,0,N,0,0,0,3,68K01,0,,1,9,,N,N,,0,,0,0,0,0,0,,122.0,0,2,0,0,0,0,1,3,4,1,2,10,,N,,,,,,,,,,,
2010016945,1630.0,1,0,0,0,0,0,0,0,0,6,0,,67,1,2010,1,40.0577,-75.0486,1600.0,6,0,0,0,0,0,0,0,0,4.0,0,0,0,15.0,1,2,1,,1,40 03:27.560,5.0,0,75 02:54.814,4,0,0,0,67301,0,0,0,N,0,0,0,2,67301,2,,1,9,,N,N,,0,,0,0,1,9,2,Y,1550.0,2,2,0,0,0,0,0,3,4,0,2,7,,N,,,,,,,,,,,
2010017142,525.0,0,0,0,0,0,0,0,0,0,7,0,,67,1,2010,6,40.1031,-75.0035,520.0,6,0,0,0,0,0,1,0,0,2.0,0,0,0,5.0,3,1,0,,2,40 06:11.302,1.0,0,75 00:12.374,4,0,0,0,67301,0,0,0,N,0,0,0,1,67301,1,,5,1,,N,N,,0,,0,0,1,0,0,Y,520.0,1,1,0,0,0,0,0,3,4,0,1,3,,N,,,,,,,,,,,
2010017158,2337.0,1,0,0,0,0,0,0,0,0,4,0,,67,1,2010,7,39.961,-75.1414,2336.0,6,0,0,0,0,1,0,0,0,1.0,0,0,0,23.0,3,2,1,,1,39 57:39.445,2.0,0,75 08:28.910,8,0,0,0,67301,0,0,0,,0,0,0,5,67301,0,,1,1,,N,N,,0,,0,0,1,3,3,N,2336.0,2,2,0,0,0,2,0,3,4,0,2,3,,N,,,,,,,,,,,
2010017183,1334.0,1,0,0,0,0,0,0,0,0,4,0,,67,1,2010,4,40.0582,-75.0427,1330.0,6,0,0,0,0,0,0,0,1,,0,0,0,13.0,1,0,2,,0,40 03:30.253,,7,75 02:34.859,0,0,0,0,67301,0,0,0,N,0,0,0,3,67301,0,,1,1,,N,N,,0,,0,0,1,0,0,,1327.0,0,2,0,0,0,0,0,3,4,0,2,3,,N,,,,,,,,,,,
2010017258,555.0,2,0,2,0,0,0,0,0,0,2,0,,67,1,2010,7,39.8945,-75.2468,545.0,6,0,0,0,0,0,0,0,0,9.0,0,0,0,5.0,3,3,2,,1,39 53:40.293,2.0,0,75 14:47.642,2,0,0,0,67301,0,0,0,N,0,0,0,7,67301,0,,1,1,,N,N,,0,,1,2,1,3,2,Y,543.0,3,3,0,0,1,0,0,3,4,0,3,3,,N,,,,,,,,,,,
2010021685,1908.0,1,0,0,0,0,0,0,0,0,8,0,,67,1,2010,1,40.0331,-75.107,1901.0,6,0,0,0,0,0,0,0,0,,0,0,0,18.0,3,1,1,,0,40 01:58.442,,0,75 06:24.270,8,0,0,0,67301,1,0,0,,1,0,0,2,67301,0,,1,1,,,,,0,,0,0,0,3,2,,1855.0,1,2,0,0,0,1,0,3,4,0,1,3,,N,,,,,,,,,,,
2010021694,1111.0,2,0,0,0,0,0,0,0,0,6,0,,67,1,2010,4,39.9999,-75.1126,1109.0,6,0,0,0,0,0,0,0,0,,0,0,0,11.0,1,0,0,,0,39 59:59.748,,0,75 06:45.252,9,0,0,0,67301,0,0,0,,0,0,0,1,67301,0,,6,1,,,,,2,,0,0,0,0,0,,1107.0,0,4,0,0,0,0,1,3,4,0,4,3,,N,,,,,,,,,,,
2010101517,1856.0,1,0,0,0,0,0,0,0,0,1,0,,67,10,2010,7,39.9788,-75.1101,1850.0,6,0,0,0,0,0,1,0,0,,0,0,0,18.0,3,1,0,,0,39 58:45.182,,0,75 06:32.231,4,0,0,0,67301,0,0,0,N,0,0,0,9,68K01,1,,1,1,,N,N,,0,,0,0,1,0,0,,1842.0,1,2,0,0,0,0,0,3,4,0,2,3,,N,,,,,,,,,,,
2010094294,149.0,1,0,0,0,0,0,0,0,0,8,0,,67,9,2010,5,40.0056,-75.1029,145.0,6,0,0,0,0,0,0,0,0,,0,0,0,1.0,3,1,0,,0,40 00:20.160,,0,75 06:10.544,8,0,0,0,67301,1,0,0,,1,0,0,2,67301,0,,1,1,,N,N,,0,,0,0,0,0,0,,142.0,1,2,0,0,0,1,0,3,4,0,1,3,,N,,,,,,,,,,,
2010094099,1450.0,1,0,0,1,0,0,0,0,0,4,0,,67,8,2010,7,39.9808,-75.174,1446.0,6,0,0,0,0,0,0,0,0,,0,0,0,14.0,1,1,1,,0,39 58:50.844,,0,75 10:26.522,4,0,0,0,67301,1,0,0,N,0,0,0,2,67301,1,,1,1,,N,N,,0,,0,0,0,3,2,,1430.0,1,2,0,0,0,0,0,3,4,0,1,3,,N,,,,,,,,,,,
2010094100,1944.0,1,0,0,1,0,0,0,0,0,5,0,,67,9,2010,5,39.9717,-75.1611,1940.0,6,0,0,0,0,0,0,0,0,,0,0,0,19.0,3,1,1,,0,39 58:18.002,,0,75 09:39.855,8,0,0,0,67301,1,0,0,N,0,0,0,2,67301,0,,1,1,,N,N,,0,,0,0,0,3,2,,1940.0,1,2,0,0,0,1,0,3,4,0,1,3,,N,,,,,,,,,,,
2010094133,845.0,2,0,0,0,0,0,0,0,0,1,0,,67,8,2010,3,39.9633,-75.1885,840.0,6,0,0,0,0,0,1,0,0,,0,0,0,8.0,1,2,1,,0,39 57:47.719,,0,75 11:18.597,8,0,0,0,67301,0,0,0,N,0,0,0,4,67301,0,,1,1,,N,N,,0,,0,0,0,3,2,,840.0,2,2,0,0,0,2,0,3,4,0,2,3,,N,,,,,,,,,,,
2010098511,1249.0,2,0,0,0,0,0,0,0,0,5,1,,67,9,2010,3,39.9233,-75.1474,1249.0,6,0,0,1,0,0,2,0,0,,0,1,0,12.0,1,1,0,,0,39 55:24.164,,0,75 08:50.498,4,0,0,0,67301,0,0,0,N,0,0,0,6,68K01,1,,1,1,,N,N,,0,,0,0,1,0,0,,1245.0,1,4,0,0,0,0,0,3,4,0,4,3,,N,,,,,,,,,,,
2010094190,1550.0,3,0,0,0,0,0,0,0,0,1,0,,67,8,2010,6,40.0166,-75.1496,1545.0,6,0,0,0,0,0,1,0,0,,0,0,0,15.0,1,4,0,,0,40 01:00.099,,0,75 08:58.632,4,0,0,0,67301,0,0,0,N,0,0,0,6,67301,4,,1,1,,N,N,,0,,0,0,0,0,0,,1535.0,4,3,0,0,0,0,0,3,4,0,3,3,,N,,,,,,,,,,,
2010094197,1638.0,1,0,0,0,0,0,0,0,0,8,0,,67,8,2010,7,39.933,-75.1882,1637.0,6,0,0,0,0,0,0,0,0,,0,0,0,16.0,1,1,0,,0,39 55:58.893,,0,75 11:17.628,8,0,0,0,67301,1,0,0,,1,0,0,2,67301,0,,1,1,,,,,0,,0,0,0,0,0,,1609.0,1,2,0,0,0,1,1,3,4,0,1,3,,N,,,,,,,,,,,
2010094219,1136.0,2,0,0,0,0,0,0,0,0,4,0,,67,8,2010,2,39.9587,-75.2333,1132.0,6,0,0,0,0,0,0,0,0,,0,0,0,10.0,1,1,1,,0,39 57:31.338,,0,75 14:00.034,4,0,0,0,67301,0,0,0,N,0,0,0,4,67301,1,,1,1,,N,N,,0,,0,0,0,9,3,,1040.0,1,2,0,0,0,0,0,3,4,0,2,3,,N,,,,,,,,,,,
2010094230,2140.0,1,0,0,0,0,0,0,0,0,8,0,,67,9,2010,5,39.9844,-75.1419,2134.0,6,0,0,0,0,0,0,0,0,,0,0,0,21.0,3,1,1,,0,39 59:03.987,,0,75 08:30.724,4,0,0,0,67301,1,0,0,N,1,0,0,2,67301,1,,1,1,,N,N,,0,,0,0,0,3,2,,2130.0,1,2,0,0,0,0,1,3,4,0,1,3,,N,,,,,,,,,,,
2010096494,1805.0,1,0,0,0,0,0,0,0,0,4,0,,67,8,2010,6,40.0289,-75.1006,1755.0,6,0,0,0,0,0,0,0,0,1.0,0,0,0,17.0,1,1,0,,1,40 01:44.261,2.0,6,75 06:02.382,3,0,0,1,67301,0,0,0,N,0,0,0,2,67301,0,,1,1,,N,N,,0,,1,0,0,3,2,Y,1749.0,1,2,0,0,0,0,0,3,4,0,2,3,,N,,,,,,,,,,,
2010113731,103.0,1,0,0,0,0,0,0,0,0,5,1,,67,10,2010,1,39.9511,-75.1536,58.0,6,0,0,0,0,0,1,0,0,2.0,0,1,0,0.0,3,1,1,,1,39 57:03.940,3.0,0,75 09:12.848,8,0,0,0,67301,0,0,0,,0,0,0,4,67301,0,,1,1,,N,N,,0,,0,0,0,3,2,N,52.0,1,2,0,0,2,1,0,3,4,0,2,3,,N,,,,,,,,,,,
2010113745,1700.0,0,0,0,0,0,0,0,0,0,7,0,,67,9,2010,5,40.0458,-75.0067,1656.0,6,0,0,0,0,0,0,1,0,,0,0,0,16.0,4,1,0,,0,40 02:45.180,,0,75 00:23.988,3,0,0,0,67301,0,0,0,N,0,0,0,1,67301,0,,5,9,,N,N,,0,,1,0,1,3,2,,1653.0,1,1,0,0,0,0,0,3,4,0,1,7,,N,,,,,,,,,,,
2010113509,1014.0,2,0,0,0,0,0,0,0,0,2,0,,67,10,2010,4,40.0808,-75.0284,1012.0,6,0,0,0,0,0,0,0,0,1.0,0,0,0,10.0,1,1,1,,1,40 04:50.820,1.0,0,75 01:42.117,4,0,0,0,67301,0,0,0,N,0,0,0,2,67301,1,,1,1,,N,N,,0,,0,0,0,3,2,N,1010.0,1,2,0,0,1,0,0,3,4,0,2,3,,N,,,,,,,,,,,