CRN,ARRIVAL_TM,AUTOMOBILE_COUNT,BELTED_DEATH_COUNT,BELTED_SUSP_SERIOUS_INJ_COUNT,BICYCLE_COUNT,BICYCLE_DEATH_COUNT,BICYCLE_SUSP_SERIOUS_INJ_COUNT,BUS_COUNT,CHLDPAS_DEATH_COUNT,CHLDPAS_SUSP_SERIOUS_INJ_COUNT,COLLISION_TYPE,COMM_VEH_COUNT,CONS_ZONE_SPD_LIM,COUNTY,CRASH_MONTH,CRASH_YEAR,DAY_OF_WEEK,DEC_LAT,DEC_LONG,DISPATCH_TM,DISTRICT,DRIVER_COUNT_16YR,DRIVER_COUNT_17YR,DRIVER_COUNT_18YR,DRIVER_COUNT_19YR,DRIVER_COUNT_20YR,DRIVER_COUNT_50_64YR,DRIVER_COUNT_65_74YR,DRIVER_COUNT_75PLUS,EST_HRS_CLOSED,FATAL_COUNT,HEAVY_TRUCK_COUNT,HORSE_BUGGY_COUNT,HOUR_OF_DAY,ILLUMINATION,INJURY_COUNT,INTERSECT_TYPE,INTERSECTION_RELATED,LANE_CLOSED,LATITUDE,LN_CLOSE_DIR,LOCATION_TYPE,LONGITUDE,MAX_SEVERITY_LEVEL,MCYCLE_DEATH_COUNT,MCYCLE_SUSP_SERIOUS_INJ_COUNT,MOTORCYCLE_COUNT,MUNICIPALITY,NONMOTR_COUNT,NONMOTR_DEATH_COUNT,NONMOTR_SUSP_SERIOUS_INJ_COUNT,NTFY_HIWY_MAINT,PED_COUNT,PED_DEATH_COUNT,PED_SUSP_SERIOUS_INJ_COUNT,PERSON_COUNT,POLICE_AGCY,POSSIBLE_INJ_COUNT,RDWY_SURF_TYPE_CD,RELATION_TO_ROAD,ROAD_CONDITION,ROADWAY_CLEARED,SCH_BUS_IND,SCH_ZONE_IND,SECONDARY_CRASH,SMALL_TRUCK_COUNT,SPEC_JURIS_CD,SUSP_MINOR_INJ_COUNT,SUSP_SERIOUS_INJ_COUNT,SUV_COUNT,TCD_FUNC_CD,TCD_TYPE,TFC_DETOUR_IND,TIME_OF_DAY,TOT_INJ_COUNT,TOTAL_UNITS,UNB_DEATH_COUNT,UNB_SUSP_SERIOUS_INJ_COUNT,UNBELTED_OCC_COUNT,UNK_INJ_DEG_COUNT,UNK_INJ_PER_COUNT,URBAN_AREA,URBAN_RURAL,VAN_COUNT,VEHICLE_COUNT,WEATHER1,WEATHER2,WORK_ZONE_IND,WORK_ZONE_LOC,WORK_ZONE_TYPE,WORKERS_PRES,WZ_CLOSE_DETOUR,WZ_FLAGGER,WZ_LAW_OFFCR_IND,WZ_LN_CLOSURE,WZ_MOVING,WZ_OTHER,WZ_SHLDER_MDN,WZ_WORKERS_INJ_KILLED
2010088862,635.0,1,0,0,0,0,0,0,0,0,2,0,,67,8,2010,1,40.0318,-75.1087,628.0,6,0,0,0,0,0,0,0,0,,0,0,0,6.0,5,0,0,,0,40 01:54.645,,0,75 06:31.474,9,0,0,0,67301,0,0,0,N,0,0,0,1,67301,0,,1,1,,N,N,,0,,0,0,0,0,0,,628.0,0,2,0,0,0,0,1,3,4,1,2,3,,N,,,,,,,,,,,
2010109007,1929.0,1,0,0,0,0,0,0,0,0,1,0,,67,10,2010,7,39.9812,-75.1031,1923.0,6,0,0,0,0,0,1,0,0,,0,0,0,19.0,3,1,0,,0,39 58:53.825,,0,75 06:07.768,8,0,0,0,67301,0,0,0,N,0,0,0,3,68K01,0,,1,1,,N,N,,0,,0,0,1,0,0,,1919.0,1,2,0,0,0,1,0,3,4,0,2,3,,N,,,,,,,,,,,
2010088917,1806.0,2,0,0,0,0,0,0,0,0,4,0,,67,8,2010,2,40.0351,-75.0343,1804.0,6,0,0,0,0,0,1,0,0,1.0,0,0,0,17.0,1,1,0,,2,40 02:06.533,2.0,0,75 02:03.362,4,0,0,0,67301,0,0,0,N,0,0,0,2,67301,1,,1,1,,,,,0,,0,0,0,0,0,N,1755.0,1,2,0,0,0,0,1,3,4,0,2,3,,N,,,,,,,,,,,
2010110861,1932.0,2,0,0,0,0,0,0,0,0,4,0,,67,10,2010,2,40.0021,-75.1441,1924.0,6,0,0,0,0,0,0,0,0,,0,0,0,19.0,3,2,5,,0,40 00:07.666,,0,75 08:38.744,4,0,0,0,67301,0,0,0,N,0,0,0,2,67301,2,,1,9,,N,N,,0,,0,0,0,3,2,,1920.0,2,2,0,0,0,0,0,3,4,0,2,7,,N,,,,,,,,,,,
2010059016,1223.0,1,0,0,0,0,0,0,0,0,4,0,,67,5,2010,1,39.9513,-75.1551,1222.0,6,0,0,0,1,0,0,0,0,1.0,0,0,0,12.0,1,1,1,,1,39 57:04.605,6.0,0,75 09:18.331,8,0,0,1,67301,0,0,0,,0,0,0,4,67301,0,,1,1,,,,,0,,0,0,0,3,2,N,1222.0,1,2,0,0,3,1,0,3,4,0,2,3,,N,,,,,,,,,,,
2010011611,1414.0,1,0,0,0,0,0,0,0,0,8,0,,67,1,2010,5,39.9425,-75.1561,1413.0,6,0,0,0,0,0,0,0,0,,0,0,0,14.0,1,1,0,,0,39 56:32.830,,0,75 09:22.068,4,0,0,0,67301,1,0,0,N,1,0,0,2,67301,1,,6,1,,N,N,,0,,0,0,0,0,0,,1405.0,1,2,0,0,0,0,0,3,4,0,1,3,,N,,,,,,,,,,,
2010038806,1824.0,0,0,0,0,0,0,0,0,0,8,0,,67,3,2010,2,40.0088,-75.1476,1804.0,6,0,0,0,0,0,0,0,0,,0,0,0,19.0,1,1,1,,0,40 00:31.666,,0,75 08:51.441,8,0,0,0,67301,1,0,0,N,1,0,0,2,67301,0,,1,9,,N,N,,0,,0,0,0,3,1,,1900.0,1,2,0,0,0,1,0,3,4,1,1,7,,N,,,,,,,,,,,
2010122358,2308.0,1,0,0,0,0,0,0,0,0,1,0,,67,11,2010,4,40.1312,-75.0125,2303.0,6,0,0,0,0,1,0,0,0,,0,0,0,22.0,2,0,0,,0,40 07:52.226,,0,75 00:45.164,0,0,0,0,67301,0,0,0,,0,0,0,3,67301,0,,1,1,,N,N,,1,,0,0,0,3,2,,2245.0,0,2,0,0,0,0,0,3,4,0,2,3,,N,,,,,,,,,,,
2010036143,1720.0,4,0,0,0,0,0,0,0,0,1,0,,67,4,2010,7,39.958,-75.1635,1710.0,6,0,0,0,0,0,3,0,0,,0,0,0,16.0,1,4,0,,0,39 57:28.749,,0,75 09:48.546,8,0,0,0,67301,0,0,0,N,0,0,0,8,68K01,0,,1,1,,N,N,,0,,0,0,0,0,0,,1659.0,4,4,0,0,1,4,0,3,4,0,4,3,,N,,,,,,,,,,,
2010122517,9999.0,2,0,0,0,0,0,0,0,0,1,0,,67,11,2010,2,39.973,-75.1477,5.0,6,0,0,0,0,0,0,0,0,,0,0,0,22.0,3,0,1,,0,39 58:22.958,,0,75 08:51.579,0,0,0,0,67301,0,0,0,,0,0,0,2,67301,0,,1,1,,N,N,,0,,0,0,0,3,3,,2245.0,0,2,0,0,0,0,0,3,4,0,2,3,,N,,,,,,,,,,,
2010122553,2007.0,0,0,0,0,0,0,0,0,0,8,0,,67,11,2010,3,39.937,-75.1751,2005.0,6,0,0,0,0,0,0,0,0,,0,0,0,19.0,3,2,1,,0,39 56:13.246,,0,75 10:30.496,3,0,0,0,67301,2,0,0,N,2,0,0,3,67301,1,,1,1,,N,N,,0,,1,0,1,3,3,,1955.0,2,3,0,0,0,0,0,3,4,0,1,3,,N,,,,,,,,,,,
2010038773,804.0,4,0,0,0,0,0,0,0,0,4,0,,67,3,2010,6,40.0246,-75.1306,758.0,6,0,0,0,0,0,1,1,0,2.0,0,0,0,7.0,1,4,1,,1,40 01:28.408,1.0,0,75 07:50.218,4,0,0,0,67301,0,0,0,,0,0,0,7,67301,4,,1,9,,,,,0,,0,0,0,2,2,N,752.0,4,4,0,0,0,0,0,3,4,0,4,7,,N,,,,,,,,,,,
2010122599,805.0,1,0,0,0,0,0,0,0,0,4,0,,67,11,2010,1,39.9946,-75.0945,757.0,6,0,0,0,0,0,0,0,0,,0,0,0,17.0,1,1,1,,0,39 59:40.673,,0,75 05:40.311,8,0,0,0,67301,0,0,0,,0,0,0,2,67301,0,,1,1,,,,,0,,0,0,1,9,2,,1730.0,1,2,0,0,0,1,1,3,4,0,2,3,,N,,,,,,,,,,,
2010122620,31.0,1,0,0,0,0,0,0,0,0,7,0,,67,11,2010,3,39.931,-75.2324,31.0,6,0,0,0,0,0,0,0,0,,0,0,0,0.0,3,1,0,,0,39 55:51.614,,0,75 13:56.793,8,0,0,0,67301,0,0,0,N,0,0,0,1,67301,0,,4,1,,N,,,0,,0,0,0,0,0,,31.0,1,1,0,0,1,1,0,3,4,0,1,3,,N,,,,,,,,,,,
2010038978,1920.0,0,0,0,0,0,0,0,0,0,4,0,,67,2,2010,1,40.0093,-75.0818,1918.0,6,0,1,0,0,0,0,0,0,2.0,2,0,0,19.0,3,0,1,,2,40 00:33.125,7.0,0,75 04:55.638,1,0,0,0,67301,0,0,0,,0,0,0,4,67301,0,2.0,1,1,,N,N,,0,0.0,0,0,1,0,0,Y,1915.0,0,2,0,0,0,0,0,3,4,0,2,3,,N,,,,,,,,,,,
2010039133,1747.0,2,0,0,0,0,0,0,0,0,1,0,,67,3,2010,3,39.9442,-75.1971,1745.0,6,0,0,0,0,0,0,0,0,,0,0,0,17.0,1,2,6,,0,39 56:39.054,,2,75 11:49.549,8,0,0,0,67301,0,0,0,,0,0,0,3,67301,0,,1,1,,,,,0,,0,0,0,0,0,,1745.0,2,2,0,0,2,2,0,3,4,0,2,3,,N,,,,,,,,,,,
2010032820,2145.0,2,0,0,0,0,0,0,0,0,4,0,,67,3,2010,2,40.0253,-75.0965,2140.0,6,0,0,0,0,1,0,0,0,,0,0,0,19.0,3,1,0,,0,40 01:31.056,,0,75 05:47.297,8,0,0,0,67301,0,0,0,N,0,0,0,3,67301,0,,1,1,,N,N,,0,,0,0,0,0,0,,1900.0,1,2,0,0,0,1,0,3,4,0,2,3,,N,,,,,,,,,,,
2010038269,2050.0,1,0,0,0,0,0,0,0,0,1,1,,67,3,2010,1,40.0999,-75.0082,2048.0,6,0,0,0,0,0,1,0,0,3.0,2,1,0,20.0,3,0,2,,2,40 05:59.597,1.0,0,75 00:29.385,1,0,0,0,67301,0,0,0,N,0,0,0,3,67301,0,2.0,1,1,,N,N,,0,0.0,0,0,0,3,2,Y,2047.0,0,2,0,0,0,0,0,3,4,0,2,3,,N,,,,,,,,,,,
2010012850,1632.0,1,0,0,0,0,0,0,0,0,1,0,,67,1,2010,7,40.0029,-75.1945,1631.0,6,0,0,0,0,0,0,0,0,,0,0,0,16.0,1,0,0,,0,40 00:10.938,,0,75 11:40.079,0,0,0,0,67301,0,0,0,N,0,0,0,3,68K01,0,,1,1,,N,N,,0,,0,0,1,0,0,,1624.0,0,2,0,0,0,0,0,3,4,0,2,3,,N,,,,,,,,,,,
2010007809,753.0,1,0,0,0,0,0,0,0,0,1,0,,67,1,2010,3,39.9987,-75.1957,752.0,6,0,0,0,0,0,0,0,0,1.0,0,0,0,7.0,1,4,0,,1,39 59:57.102,3.0,0,75 11:43.787,8,0,0,0,67301,0,0,0,N,0,0,0,8,68K01,0,,1,1,,N,N,,1,,0,0,0,0,0,N,747.0,4,3,0,0,0,4,0,3,4,1,3,3,,N,,,,,,,,,,,
2010008003,1953.0,1,0,0,0,0,0,0,0,0,7,0,,67,1,2010,3,40.0271,-75.0252,1859.0,6,0,0,0,1,0,0,0,0,,0,0,0,18.0,3,0,0,,0,40 01:37.945,,0,75 01:30.288,0,0,0,0,67301,0,0,0,N,0,0,0,1,68K01,0,,2,1,,N,N,,0,,0,0,0,0,0,,1857.0,0,1,0,0,0,0,0,3,4,0,1,3,,N,,,,,,,,,,,
2010016924,440.0,1,0,0,0,0,0,0,0,0,7,0,,67,1,2010,1,39.9569,-75.1693,433.0,6,0,0,0,0,0,0,0,0,,0,0,0,4.0,3,0,0,,0,39 57:26.463,,0,75 10:14.677,0,0,0,0,67301,0,0,0,,0,0,0,1,67301,0,,5,9,,N,N,,0,,0,0,0,2,2,,430.0,0,1,0,0,0,0,0,3,4,0,1,3,,N,,,,,,,,,,,
2010017211,1540.0,1,0,0,0,0,0,0,0,0,8,0,,67,1,2010,5,40.0405,-75.1079,1530.0,6,0,0,0,0,0,1,0,0,,0,0,0,5.0,1,1,0,,0,40 02:25.920,,7,75 06:28.481,8,0,0,0,67301,1,0,0,N,1,0,0,2,67301,0,,5,1,,N,N,,0,,0,0,0,3,2,,525.0,1,2,0,0,0,1,0,3,4,0,1,3,,N,,,,,,,,,,,
2010020478,1434.0,2,0,0,0,0,0,0,0,0,1,0,,67,2,2010,1,39.9501,-75.1837,1434.0,6,0,0,0,0,0,1,0,0,,0,0,0,14.0,1,0,0,,0,39 57:03.316,,0,75 10:59.035,0,0,0,0,67301,0,0,0,N,0,0,0,5,68K01,0,,1,9,,N,N,,1,,0,0,0,0,0,,1434.0,0,3,0,0,0,0,0,3,4,0,3,3,,N,,,,,,,,,,,
2010021555,1840.0,0,0,0,0,0,0,0,0,0,3,0,,67,1,2010,6,40.0257,-75.0316,1828.0,6,0,0,0,0,0,0,0,0,9.0,0,0,0,16.0,3,0,1,,1,40 01:32.421,1.0,0,75 01:53.914,0,0,0,0,67301,0,0,0,N,0,0,0,5,67301,0,,1,1,,N,N,,0,,0,0,0,3,2,N,1626.0,0,2,0,0,0,0,0,3,4,2,2,3,,N,,,,,,,,,,,
2010021876,1401.0,3,0,0,0,0,0,0,0,0,2,0,,67,1,2010,7,40.0319,-75.2247,1358.0,6,0,0,0,0,0,0,0,0,9.0,0,0,0,13.0,1,1,0,,2,40 01:54.829,7.0,0,75 13:28.999,3,0,0,0,67301,0,0,0,,0,0,0,1,67301,0,,6,1,,,,,1,,1,0,0,0,0,Y,1355.0,1,4,0,0,0,0,0,3,4,0,4,3,,N,,,,,,,,,,,
2010118025,2104.0,2,0,0,0,0,0,0,0,0,4,0,,67,11,2010,1,40.0132,-75.0704,2100.0,6,0,0,0,0,0,0,0,0,,0,0,0,21.0,3,1,1,,0,40 00:47.439,,0,75 04:13.514,4,0,0,0,67301,0,0,0,,0,0,0,2,67301,1,,1,1,,,,,0,,0,0,0,3,2,,2100.0,1,2,0,0,0,0,0,3,4,0,2,3,,N,,,,,,,,,,,
2010045633,1600.0,0,0,0,0,0,0,0,0,0,1,0,,67,4,2010,5,39.9994,-75.1952,1550.0,6,0,0,0,0,0,0,0,1,,0,0,0,15.0,1,1,0,,0,40 00:00.322,,0,75 11:41.821,8,0,0,1,67301,0,0,0,N,0,0,0,2,68K01,0,,1,1,,N,N,,0,,0,0,0,0,0,,1544.0,1,2,0,0,0,1,0,3,4,1,2,3,,N,,,,,,,,,,,
2010053394,1843.0,1,0,0,0,0,0,0,0,0,7,0,,67,5,2010,2,39.9901,-75.0872,1843.0,6,0,0,0,0,0,0,0,0,1.0,0,0,0,18.0,1,3,0,,1,39 59:23.840,2.0,0,75 05:14.231,4,0,0,0,67301,0,0,0,Y,0,0,0,3,68K01,3,,2,1,,N,N,,0,,0,0,0,0,0,N,1840.0,3,2,0,0,0,0,0,3,4,0,1,3,,N,,,,,,,,,,,
2010105892,1117.0,2,0,0,0,0,0,0,0,0,5,0,,67,10,2010,7,39.9573,-75.1439,1114.0,6,0,0,0,0,0,0,0,0,,0,0,0,11.0,1,1,5,,0,39 57:26.357,,2,75 08:38.887,4,0,0,0,67301,0,0,0,,0,0,0,2,67301,1,,1,1,,,,,0,,0,0,0,3,2,,1105.0,1,2,0,0,0,0,0,3,4,0,2,3,,N,,,,,,,,,,,
2010105909,845.0,1,0,0,0,0,0,0,0,0,8,0,,67,9,2010,5,40.0375,-75.1414,845.0,6,0,0,0,0,0,1,0,0,,0,0,0,8.0,1,1,0,,0,40 02:14.880,,7,75 08:28.930,4,0,0,0,67301,1,0,0,N,1,0,0,2,67301,1,,1,9,,N,N,,0,,0,0,0,3,3,,840.0,1,2,0,0,0,0,0,3,4,0,1,7,,N,,,,,,,,,,,
2010098320,4.0,0,0,0,0,0,0,0,0,0,7,0,,67,10,2010,1,39.9994,-75.085,2359.0,6,0,0,0,0,0,0,0,0,,0,0,0,23.0,3,0,0,,0,39 59:53.905,,2,75 05:03.103,0,0,0,0,67301,0,0,0,N,0,0,0,1,68K01,0,,3,1,,N,N,,1,,0,0,0,0,0,,2347.0,0,1,0,0,0,0,0,3,4,0,1,3,,N,,,,,,,,,,,
2010098322,1854.0,2,0,0,0,0,0,0,0,0,1,0,,67,10,2010,1,39.9782,-75.2024,1853.0,6,0,0,0,0,0,0,0,0,,0,0,0,18.0,3,0,0,,0,39 58:44.163,,0,75 12:12.344,9,0,0,0,67301,0,0,0,N,0,0,0,2,68K01,0,,1,1,,N,N,,0,,0,0,0,0,0,,1852.0,0,2,0,0,0,0,1,3,4,0,2,3,,N,,,,,,,,,,,
2010098346,1710.0,0,0,0,1,1,0,0,0,0,4,1,,67,10,2010,6,39.9291,-75.2205,1700.0,6,0,0,0,0,0,1,0,0,4.0,1,1,0,15.0,1,0,1,,2,39 55:44.578,7.0,0,75 13:14.118,1,0,0,0,67301,1,1,0,N,0,0,0,3,67301,0,2.0,1,1,,N,N,,0,0.0,0,0,0,3,2,Y,1535.0,0,2,0,0,0,0,0,3,4,0,1,3,,N,,,,,,,,,,,
2010113623,1747.0,2,0,0,0,0,0,0,0,0,1,0,,67,10,2010,6,40.0387,-75.0608,1745.0,6,0,0,0,0,0,1,0,0,9.0,0,0,0,17.0,1,2,0,,1,40 02:19.409,2.0,0,75 03:38.809,8,0,0,0,67301,0,0,0,,0,0,0,2,67301,0,,1,1,,,,,0,,0,0,0,0,0,N,1740.0,2,2,0,0,0,2,0,3,4,0,2,3,,N,,,,,,,,,,,
2010093688,2333.0,0,0,0,0,0,0,0,0,0,5,0,,67,8,2010,2,40.0299,-75.1046,2327.0,6,0,0,0,0,0,1,0,0,,0,0,0,23.0,3,1,1,,0,40 01:46.545,,0,75 06:13.959,4,0,0,0,67301,0,0,0,N,0,0,0,3,67301,1,,1,1,,N,N,,1,,0,0,1,3,2,,2325.0,1,2,0,0,0,0,1,3,4,0,2,3,,N,,,,,,,,,,,
2010093705,9999.0,1,0,0,0,0,0,0,0,0,4,0,,67,9,2010,5,39.8987,-75.2386,9999.0,6,0,0,0,0,0,0,0,0,9.0,0,1,0,10.0,1,0,0,,1,39 53:55.342,2.0,3,75 14:19.036,0,0,0,0,67301,0,0,0,N,0,0,0,3,67301,0,,2,1,,N,N,,0,,0,0,0,0,0,N,1000.0,0,2,0,0,0,0,0,3,4,0,2,3,,N,,,,,,,,,,,
2010093744,1825.0,1,0,0,0,0,0,0,0,0,1,0,,67,8,2010,2,40.0245,-75.1478,1820.0,6,0,0,0,0,0,1,0,0,,0,0,0,18.0,1,1,2,,0,40 01:28.097,,0,75 08:52.131,4,0,0,0,67301,0,0,0,N,0,0,0,2,67301,1,,1,1,,N,N,,0,,0,0,1,0,0,,1800.0,1,2,0,0,0,0,0,3,4,0,2,3,,N,,,,,,,,,,,
2010093874,1350.0,1,0,0,0,0,0,0,0,0,8,0,,67,8,2010,6,39.9537,-75.1579,1348.0,6,0,0,0,0,0,0,0,0,,0,0,0,13.0,1,1,1,,0,39 57:13.496,,0,75 09:28.376,3,0,0,0,67301,1,0,0,,1,0,0,2,67301,0,,1,1,,N,N,,0,,1,0,0,3,2,,1345.0,1,2,0,0,0,0,0,3,4,0,1,3,,N,,,,,,,,,,,
2010110810,1134.0,0,0,0,0,0,0,0,0,0,7,0,,67,9,2010,5,40.0616,-75.0333,1134.0,6,0,0,0,0,0,1,0,0,,0,0,0,11.0,1,0,0,,0,40 03:41.782,,0,75 01:59.830,0,0,0,0,67301,0,0,0,,0,0,0,1,67301,0,,5,9,,,,,1,,0,0,0,0,0,,1100.0,0,1,0,0,0,0,0,3,4,0,1,3,,N,,,,,,,,,,,
2010088906,1405.0,1,0,0,0,0,0,0,0,0,4,0,,67,8,2010,2,40.0341,-75.1829,1400.0,6,0,0,0,0,0,0,0,0,,0,0,0,13.0,1,2,1,,0,40 02:02.623,,0,75 10:58.452,4,0,0,0,67301,0,0,0,N,0,0,0,3,67301,2,,1,1,,N,N,,0,,0,0,0,3,2,,1330.0,2,2,0,0,1,0,0,3,4,1,2,3,,N,,,,,,,,,,,
2010110829,1028.0,0,0,0,0,0,0,0,0,0,4,0,,67,10,2010,6,39.9717,-75.1259,1028.0,6,0,0,0,0,0,1,0,0,,0,0,0,10.0,1,2,0,,0,39 58:18.564,,0,75 07:32.095,4,0,0,0,67301,0,0,0,,0,0,0,2,67301,2,,1,1,,N,N,,1,,0,0,1,0,0,,1027.0,2,2,0,0,0,0,0,3,4,0,2,3,,N,,,,,,,,,,,
2010110835,647.0,1,0,0,0,0,0,0,0,0,8,0,,67,10,2010,2,40.0028,-75.1624,642.0,6,0,0,0,0,0,0,0,0,,0,0,0,6.0,3,1,2,,0,40 00:10.153,,0,75 09:44.662,4,0,0,0,67301,1,0,0,N,1,0,0,2,67301,1,,1,9,,N,N,,0,,0,0,0,3,3,,630.0,1,2,0,0,0,0,1,3,4,0,1,7,,N,,,,,,,,,,,
2010110878,1235.0,2,0,0,0,0,0,0,0,0,4,0,,67,10,2010,1,40.0929,-75.2236,1228.0,6,0,0,0,0,0,0,1,0,,0,0,0,12.0,1,2,1,,0,40 05:34.396,,0,75 13:24.828,3,0,0,0,67301,0,0,0,N,0,0,0,2,67301,1,,1,1,,N,N,,0,,1,0,0,3,2,,1225.0,2,2,0,0,0,0,0,3,4,0,2,3,,N,,,,,,,,,,,
2010069198,653.0,1,0,0,0,0,0,0,0,0,4,0,,67,6,2010,4,39.9215,-75.1473,648.0,6,0,0,0,0,0,2,0,0,9.0,0,0,0,6.0,1,2,1,,2,39 55:17.340,7.0,0,75 08:50.248,8,0,0,0,67301,0,0,0,,0,0,0,2,67301,0,,1,1,,,,,1,,0,0,0,3,3,Y,600.0,2,2,0,0,0,2,0,3,4,0,2,3,,N,,,,,,,,,,,
2010037859,2352.0,0,0,0,0,0,0,0,0,0,1,0,,67,4,2010,4,40.0123,-75.0596,2348.0,6,0,0,0,0,0,1,0,0,1.0,0,0,0,23.0,3,0,0,,1,40 00:44.199,2.0,0,75 03:35.069,0,0,0,0,67301,0,0,0,N,0,0,0,2,68K01,0,,1,1,,N,N,,2,,0,0,0,0,0,N,2348.0,0,2,0,0,0,0,0,3,4,0,2,3,,N,,,,,,,,,,,
2010087553,655.0,5,0,0,0,0,0,0,0,0,5,1,,67,9,2010,2,39.9571,-75.1559,640.0,6,0,0,0,0,0,1,0,0,4.0,0,1,0,6.0,1,4,0,,2,39 57:25.488,4.0,6,75 09:21.234,4,0,0,0,67301,0,0,0,Y,0,0,0,9,67301,4,,1,1,,N,N,,2,,0,0,0,0,0,Y,635.0,4,9,0,0,1,0,2,3,4,0,9,3,,N,,,,,,,,,,,
2010122355,1249.0,2,0,0,0,0,0,0,0,0,4,0,,67,11,2010,5,40.0661,-75.063,1247.0,6,0,0,0,0,0,0,1,1,,0,0,0,12.0,1,2,1,,0,40 03:58.061,,0,75 03:46.964,3,0,0,0,67301,0,0,0,,0,0,0,2,67301,1,,1,1,,N,N,,0,,1,0,0,3,2,,1226.0,2,2,0,0,0,0,0,3,4,0,2,3,,N,,,,,,,,,,,
2010122369,935.0,0,0,0,0,0,0,0,0,0,8,0,,67,11,2010,6,39.9747,-75.1984,930.0,6,0,0,0,0,0,0,0,0,,0,0,0,9.0,1,1,2,,0,39 58:29.370,,0,75 11:54.251,8,0,0,0,67301,1,0,0,N,1,0,0,2,67301,0,,1,1,,N,N,,0,,0,0,1,3,2,,930.0,1,2,0,0,0,1,0,3,4,0,1,3,,N,,,,,,,,,,,
2010122475,9999.0,0,0,0,0,0,0,1,0,0,8,1,,67,11,2010,2,40.0302,-75.1185,730.0,6,0,0,0,0,0,0,0,0,,0,0,0,7.0,1,1,1,,0,40 01:48.733,,0,75 07:06.450,4,0,0,0,67301,1,0,0,N,1,0,0,2,67301,1,,1,9,,N,N,,0,,0,0,0,3,2,,730.0,1,2,0,0,0,0,0,3,4,0,1,5,,N,,,,,,,,,,,
2010122587,2016.0,1,0,0,0,0,0,0,0,0,4,0,,67,11,2010,7,40.022,-75.0568,2013.0,6,0,0,0,0,0,1,0,0,,0,0,0,20.0,3,1,2,,0,40 01:19.146,,0,75 03:24.497,8,0,0,0,67301,0,0,0,,0,0,0,2,67301,0,,1,1,,,,,0,,0,0,1,3,3,,2000.0,1,2,0,0,0,1,0,3,4,0,2,3,,N,,,,,,,,,,,
2010122597,1740.0,1,0,0,0,0,0,0,0,0,8,0,,67,11,2010,3,39.9149,-75.1566,1721.0,6,0,0,0,0,0,0,0,0,,0,0,0,17.0,4,1,2,,0,39 54:53.602,,0,75 09:23.840,4,0,0,0,67301,1,0,0,,1,0,0,3,67301,1,,1,9,,,,,0,,0,0,0,0,0,,1700.0,1,2,0,0,0,0,0,3,4,0,1,7,,N,,,,,,,,,,,
2010122603,1915.0,1,0,0,0,0,0,0,0,0,8,0,99.0,67,11,2010,3,40.0523,-75.047,1900.0,6,0,0,0,0,0,0,0,1,,0,0,0,19.0,3,1,1,,0,40 03:08.218,,0,75 02:49.329,8,0,0,0,67301,1,0,0,,1,0,0,2,67301,0,,1,1,,,,,0,,0,0,0,0,0,,1900.0,1,2,0,0,0,1,0,3,4,0,1,3,,Y,4.0,8.0,Y,,,U,,,Y,,
2010039200,1945.0,2,0,0,0,0,0,0,0,0,1,0,,67,4,2010,6,40.0867,-75.0399,1944.0,6,0,0,0,0,0,1,0,0,,0,0,0,19.0,3,2,0,,0,40 05:12.165,,0,75 02:23.756,4,0,0,0,67301,0,0,0,,0,0,0,4,67301,2,,1,1,,,,,0,,0,0,0,0,0,,1943.0,2,2,0,0,0,0,0,3,4,0,2,3,,N,,,,,,,,,,,
2010039211,1538.0,1,0,0,1,0,0,0,0,0,8,0,,67,4,2010,5,39.941,-75.1743,1538.0,6,0,0,0,0,0,0,0,0,,0,0,0,15.0,1,1,1,,0,39 56:27.704,,0,75 10:27.386,4,0,0,0,67301,1,0,0,N,0,0,0,2,67301,1,,1,1,,N,N,,0,,0,0,0,3,2,,1536.0,1,2,0,0,0,0,0,3,4,0,1,3,,N,,,,,,,,,,,
2010031753,2010.0,1,0,0,0,0,0,0,0,0,1,0,,67,3,2010,7,39.9769,-75.1977,2009.0,6,0,0,0,0,0,0,0,0,1.0,0,0,0,20.0,3,3,0,,1,39 58:37.909,4.0,0,75 11:57.479,4,0,0,0,67301,0,0,0,N,0,0,0,7,68K01,3,,1,1,,N,N,,0,,0,0,0,0,0,N,2004.0,3,2,0,0,0,0,0,3,4,1,2,3,,N,,,,,,,,,,,
2010029474,35.0,1,0,0,0,0,0,0,0,0,1,0,,67,1,2010,7,40.0,-75.1893,30.0,6,0,0,0,0,0,0,0,0,,0,0,0,0.0,3,0,0,,0,40 00:00.070,,1,75 11:21.359,0,0,0,0,67301,0,0,0,,0,0,0,2,67301,0,,1,1,,,,,0,,0,0,0,0,0,,25.0,0,2,0,0,0,0,0,3,4,0,2,3,,N,,,,,,,,,,,
2010032101,2351.0,0,0,0,0,0,0,0,0,0,7,0,,67,3,2010,7,39.9264,-75.1469,2346.0,6,0,0,0,0,0,1,0,0,,0,0,0,23.0,3,0,0,,0,39 55:33.997,,2,75 08:49.917,0,0,0,0,67301,0,0,0,N,0,0,0,1,68K01,0,,2,9,,N,N,,1,,0,0,0,0,0,,2343.0,0,1,0,0,0,0,0,3,4,0,1,7,,N,,,,,,,,,,,
2010032642,1153.0,1,0,0,0,0,0,0,0,0,7,0,,67,2,2010,6,39.9694,-75.2618,1122.0,6,0,0,0,0,0,1,0,0,,0,0,0,11.0,1,0,0,,0,39 58:09.980,,0,75 15:42.540,0,0,0,0,67301,0,0,0,N,0,0,0,1,67301,0,,4,6,,N,N,,0,,0,0,0,0,0,,1118.0,0,1,0,0,0,0,0,3,4,0,1,10,,N,,,,,,,,,,,