CRN,ARRIVAL_TM,AUTOMOBILE_COUNT,BELTED_DEATH_COUNT,BELTED_SUSP_SERIOUS_INJ_COUNT,BICYCLE_COUNT,BICYCLE_DEATH_COUNT,BICYCLE_SUSP_SERIOUS_INJ_COUNT,BUS_COUNT,CHLDPAS_DEATH_COUNT,CHLDPAS_SUSP_SERIOUS_INJ_COUNT,COLLISION_TYPE,COMM_VEH_COUNT,CONS_ZONE_SPD_LIM,COUNTY,CRASH_MONTH,CRASH_YEAR,DAY_OF_WEEK,DEC_LAT,DEC_LONG,DISPATCH_TM,DISTRICT,DRIVER_COUNT_16YR,DRIVER_COUNT_17YR,DRIVER_COUNT_18YR,DRIVER_COUNT_19YR,DRIVER_COUNT_20YR,DRIVER_COUNT_50_64YR,DRIVER_COUNT_65_74YR,DRIVER_COUNT_75PLUS,EST_HRS_CLOSED,FATAL_COUNT,HEAVY_TRUCK_COUNT,HORSE_BUGGY_COUNT,HOUR_OF_DAY,ILLUMINATION,INJURY_COUNT,INTERSECT_TYPE,INTERSECTION_RELATED,LANE_CLOSED,LATITUDE,LN_CLOSE_DIR,LOCATION_TYPE,LONGITUDE,MAX_SEVERITY_LEVEL,MCYCLE_DEATH_COUNT,MCYCLE_SUSP_SERIOUS_INJ_COUNT,MOTORCYCLE_COUNT,MUNICIPALITY,NONMOTR_COUNT,NONMOTR_DEATH_COUNT,NONMOTR_SUSP_SERIOUS_INJ_COUNT,NTFY_HIWY_MAINT,PED_COUNT,PED_DEATH_COUNT,PED_SUSP_SERIOUS_INJ_COUNT,PERSON_COUNT,POLICE_AGCY,POSSIBLE_INJ_COUNT,RDWY_SURF_TYPE_CD,RELATION_TO_ROAD,ROAD_CONDITION,ROADWAY_CLEARED,SCH_BUS_IND,SCH_ZONE_IND,SECONDARY_CRASH,SMALL_TRUCK_COUNT,SPEC_JURIS_CD,SUSP_MINOR_INJ_COUNT,SUSP_SERIOUS_INJ_COUNT,SUV_COUNT,TCD_FUNC_CD,TCD_TYPE,TFC_DETOUR_IND,TIME_OF_DAY,TOT_INJ_COUNT,TOTAL_UNITS,UNB_DEATH_COUNT,UNB_SUSP_SERIOUS_INJ_COUNT,UNBELTED_OCC_COUNT,UNK_INJ_DEG_COUNT,UNK_INJ_PER_COUNT,URBAN_AREA,URBAN_RURAL,VAN_COUNT,VEHICLE_COUNT,WEATHER1,WEATHER2,WORK_ZONE_IND,WORK_ZONE_LOC,WORK_ZONE_TYPE,WORKERS_PRES,WZ_CLOSE_DETOUR,WZ_FLAGGER,WZ_LAW_OFFCR_IND,WZ_LN_CLOSURE,WZ_MOVING,WZ_OTHER,WZ_SHLDER_MDN,WZ_WORKERS_INJ_KILLED
2010019341,1946.0,0,0,0,0,0,0,0,0,0,1,0,,67,2,2010,2,39.9568,-75.151,1922.0,6,0,0,0,0,0,0,0,0,1.0,0,0,0,19.0,3,0,0,,1,39 57:24.508,2.0,2,75 09:03.476,0,0,0,0,67301,0,0,0,N,0,0,0,2,68K01,0,,1,2,,N,N,,1,,0,0,1,0,0,N,1909.0,0,2,0,0,0,0,0,3,4,0,2,3,,N,,,,,,,,,,,
2010016787,1931.0,1,0,0,0,0,0,0,0,0,7,0,,67,1,2010,1,39.8991,-75.1682,1924.0,6,0,0,0,0,0,0,0,0,,0,0,0,19.0,3,0,0,,0,39 53:57.741,,0,75 09:56.784,0,0,0,0,67301,0,0,0,N,0,0,0,3,68K01,0,,3,1,,N,N,,0,,0,0,0,0,0,,1920.0,0,1,0,0,0,0,0,3,4,0,1,3,,N,,,,,,,,,,,
2010016930,1605.0,1,0,0,0,0,0,0,0,0,4,1,,67,1,2010,5,40.0948,-75.0153,1548.0,6,0,0,0,0,0,0,0,1,1.0,0,1,0,15.0,1,0,5,,1,40 05:41.218,2.0,0,75 00:55.140,0,0,0,0,67301,0,0,0,N,0,0,0,2,67301,0,,1,1,,N,N,,0,,0,0,0,3,2,N,1548.0,0,2,0,0,0,0,0,3,4,0,2,3,,N,,,,,,,,,,,
2010011148,1427.0,0,0,0,0,0,0,0,0,0,7,0,,67,1,2010,7,40.0103,-75.1976,1424.0,6,0,0,0,0,0,0,0,0,2.0,2,0,0,14.0,1,0,0,,2,40 00:37.137,5.0,0,75 11:51.295,1,0,0,0,67301,0,0,0,N,0,0,0,2,67301,0,2.0,5,1,,N,N,,0,0.0,0,0,1,0,0,Y,1422.0,0,1,0,0,0,0,0,3,4,0,1,3,,N,,,,,,,,,,,
2010020465,905.0,1,0,0,0,0,0,0,0,0,7,0,35.0,67,1,2010,1,40.0233,-75.0347,903.0,6,0,0,0,0,0,0,0,0,2.0,0,0,0,9.0,1,0,2,,2,40 01:23.541,3.0,2,75 02:04.220,0,0,0,0,67301,0,0,0,N,0,0,0,1,68K01,0,,5,1,,N,N,,0,,0,0,0,0,0,Y,900.0,0,1,0,0,0,0,0,3,4,0,1,3,,Y,4.0,1.0,N,N,N,N,N,N,Y,N,
2010023916,2035.0,1,0,0,0,0,0,0,0,0,5,0,,67,2,2010,4,39.9705,-75.193,2033.0,6,0,0,0,0,1,0,0,0,,0,0,0,20.0,3,0,0,,0,39 58:16.028,,0,75 11:35.794,9,0,0,0,67301,0,0,0,N,0,0,0,3,68K01,0,,1,1,,N,N,,0,,0,0,1,0,0,,2030.0,0,2,0,0,0,0,1,3,4,0,2,3,,N,,,,,,,,,,,
2010021523,1515.0,2,0,0,0,0,0,0,0,0,4,0,,67,1,2010,6,39.9573,-75.1439,9999.0,6,0,0,0,0,0,0,0,0,,0,0,0,14.0,1,1,5,,0,39 57:26.357,,2,75 08:38.887,4,0,0,0,67301,0,0,0,N,0,0,0,2,67301,1,,1,1,,N,N,,0,,0,0,0,3,2,,1400.0,1,2,0,0,0,0,0,3,4,0,2,3,,N,,,,,,,,,,,
2010021648,1710.0,0,0,0,0,0,0,0,0,0,8,0,,67,1,2010,5,39.9383,-75.1702,1707.0,6,0,0,0,0,0,0,0,0,,0,0,0,11.0,1,1,0,,0,39 56:17.834,,0,75 10:12.736,8,0,0,0,67301,1,0,0,,1,0,0,2,67301,0,,1,9,,,,,0,,0,0,0,0,0,,1119.0,1,2,0,0,0,1,0,3,4,0,1,3,,N,,,,,,,,,,,
2010117976,813.0,1,0,0,0,0,0,0,0,0,1,0,,67,11,2010,6,39.9301,-75.1444,810.0,6,0,0,0,1,0,0,0,0,9.0,0,0,0,7.0,1,0,0,,1,39 55:48.386,2.0,0,75 08:39.836,0,0,0,0,67301,0,0,0,,0,0,0,2,67301,0,,1,9,,N,N,,1,,0,0,0,0,0,N,725.0,0,2,0,0,0,0,0,3,4,0,2,7,,N,,,,,,,,,,,
2010048458,2015.0,1,0,0,0,0,0,0,0,0,1,0,,67,4,2010,6,39.9876,-75.1559,2000.0,6,0,0,0,1,0,0,1,0,,0,0,0,19.0,3,1,0,,0,39 59:15.378,,0,75 09:21.081,8,0,0,0,67301,0,0,0,,0,0,0,4,67301,0,,1,9,,,,,0,,0,0,1,0,0,,1957.0,1,2,0,0,0,1,0,3,4,0,2,7,,N,,,,,,,,,,,
2010075011,140.0,1,0,0,0,0,0,0,0,0,8,0,,67,6,2010,7,40.0008,-75.1481,50.0,6,0,0,0,0,0,0,0,0,,0,0,0,0.0,3,1,0,,0,40 00:03.027,,0,75 08:53.246,4,0,0,0,67301,1,0,0,N,1,0,0,2,67301,1,,1,1,,N,N,,0,,0,0,0,0,0,,39.0,1,2,0,0,0,0,1,3,4,0,1,3,,N,,,,,,,,,,,
2010060667,1510.0,3,0,0,0,0,0,0,0,0,1,0,,67,6,2010,3,39.9585,-75.168,1455.0,6,0,0,0,0,1,1,0,0,,0,0,0,14.0,1,3,0,,0,39 57:30.688,,0,75 10:04.796,8,0,0,0,67301,0,0,0,N,0,0,0,6,68K01,0,,1,1,,N,N,,1,,0,0,0,0,0,,1452.0,3,4,0,0,0,3,0,3,4,0,4,3,,N,,,,,,,,,,,
2010075048,1310.0,2,0,0,0,0,0,0,0,0,4,0,,67,7,2010,5,39.9057,-75.1761,1308.0,6,0,0,0,0,0,0,0,0,,0,0,0,13.0,1,3,0,,0,39 54:20.350,,7,75 10:33.790,4,0,0,0,67301,1,0,0,N,0,0,0,3,67301,3,,5,1,,N,N,,1,,0,0,0,0,0,,1308.0,3,3,0,0,0,0,0,3,4,0,3,3,,N,,,,,,,,,,,
2010094292,2115.0,2,0,0,0,0,0,0,0,0,6,0,,67,9,2010,7,40.0001,-75.1029,2115.0,6,0,0,0,0,0,1,0,0,,0,0,0,21.0,3,1,1,,0,40 00:00.180,,0,75 06:10.443,4,0,0,0,67301,0,0,0,N,0,0,0,3,67301,1,,1,1,,N,N,,0,,0,0,0,3,3,,2105.0,1,2,0,0,1,0,0,3,4,0,2,3,,N,,,,,,,,,,,
2010101109,757.0,1,0,0,0,0,0,0,0,0,8,0,,67,9,2010,6,39.9189,-75.2439,757.0,6,0,0,0,0,0,0,0,0,1.0,0,0,0,7.0,1,2,2,,2,39 55:08.097,6.0,0,75 14:37.957,4,0,0,0,67301,2,0,0,N,2,0,0,3,67301,1,,1,1,,N,N,,0,,0,0,0,3,2,N,756.0,2,3,0,0,0,1,0,3,4,0,1,3,,N,,,,,,,,,,,
2010095891,1229.0,2,0,0,0,0,0,0,0,0,1,0,,67,10,2010,7,39.9136,-75.1828,1129.0,6,0,0,0,0,0,1,0,0,,0,0,0,12.0,1,1,0,,0,39 54:48.947,,0,75 10:58.097,8,0,0,0,67301,0,0,0,N,0,0,0,3,67501,0,,1,1,,N,N,,0,,0,0,0,0,0,,1229.0,1,2,0,0,0,1,0,3,4,0,2,3,,N,,,,,,,,,,,
2010094206,740.0,2,0,0,0,0,0,0,0,0,1,0,,67,8,2010,2,39.9217,-75.1902,734.0,6,0,0,0,0,1,0,0,0,,0,0,0,7.0,1,2,1,,0,39 55:17.972,,0,75 11:24.679,4,0,0,0,67301,0,0,0,N,0,0,0,3,67301,2,,1,1,,N,N,,1,,0,0,0,9,2,,730.0,2,3,0,0,0,0,0,3,4,0,3,3,,N,,,,,,,,,,,
2010094222,1735.0,1,0,0,0,0,0,0,0,0,1,0,,67,8,2010,3,39.9927,-75.1451,1733.0,6,0,0,0,0,0,1,0,0,,0,0,0,17.0,1,3,1,,0,39 59:33.618,,0,75 08:42.503,3,0,0,0,67301,0,0,0,,0,0,0,4,67301,2,,1,1,,N,N,,1,,1,0,1,0,0,,1705.0,3,3,0,0,0,0,0,3,4,0,3,3,,N,,,,,,,,,,,
2010094254,1946.0,1,0,0,1,0,0,0,0,0,4,0,,67,8,2010,3,39.9425,-75.2246,1944.0,6,0,0,0,0,0,1,0,0,,0,0,0,19.0,4,1,1,,0,39 56:32.956,,0,75 13:28.678,8,0,0,0,67301,1,0,0,N,0,0,0,2,67301,0,,1,1,,N,N,,0,,0,0,0,3,3,,1900.0,1,2,0,0,0,1,0,3,4,0,1,3,,N,,,,,,,,,,,
2010093695,222.0,0,0,0,0,0,0,0,0,0,8,0,,67,8,2010,1,39.9815,-75.2241,222.0,6,0,0,0,0,0,0,0,0,2.0,0,0,0,2.0,3,1,0,,2,39 58:53.284,2.0,0,75 13:26.606,3,0,0,0,67301,1,0,0,N,1,0,0,2,67301,0,,1,9,,N,N,,0,,1,0,0,3,2,N,200.0,1,2,0,0,0,0,0,3,4,1,1,7,,N,,,,,,,,,,,
2010096282,1738.0,1,0,0,0,0,0,0,0,0,8,0,,67,9,2010,7,39.9525,-75.2349,1734.0,6,0,0,0,0,0,0,0,0,,0,0,0,17.0,1,1,0,,0,39 57:08.938,,0,75 14:05.517,8,0,0,0,67301,1,0,0,N,1,0,0,2,67301,0,,1,1,,N,N,,0,,0,0,0,0,0,,1730.0,1,2,0,0,0,1,0,3,4,0,1,3,,N,,,,,,,,,,,
2010091261,1300.0,1,0,0,0,0,0,0,0,0,8,0,,67,8,2010,6,40.0,-75.1405,1245.0,6,0,0,0,0,0,0,0,0,,0,0,0,12.0,1,1,1,,0,40 00:00.076,,0,75 08:25.772,4,0,0,0,67301,1,0,0,N,1,0,0,2,67301,1,,1,1,,N,N,,0,,0,0,0,0,0,,1230.0,1,2,0,0,0,0,0,3,4,0,1,3,,N,,,,,,,,,,,
2010091285,1248.0,2,0,0,0,0,0,0,0,0,1,0,,67,8,2010,5,39.9798,-75.1125,1238.0,6,0,0,0,0,0,1,0,0,,0,0,0,99.0,1,1,0,,0,39 58:47.292,,0,75 06:44.837,8,0,0,0,67301,0,0,0,,0,0,0,1,67301,0,,2,9,,,,,0,,0,0,0,3,2,,9999.0,1,2,0,0,0,1,0,3,4,0,2,3,,N,,,,,,,,,,,
2010110787,510.0,2,0,0,0,0,0,0,0,0,1,0,,67,10,2010,3,39.8946,-75.2367,450.0,6,0,0,0,0,0,0,0,0,,0,0,0,4.0,3,1,1,,0,39 53:40.603,,0,75 14:12.181,4,0,0,0,67301,0,0,0,N,0,0,0,2,67301,1,,1,9,,N,N,,0,,0,0,0,3,2,,450.0,1,2,0,0,1,0,0,3,4,0,2,7,,N,,,,,,,,,,,
2010058996,2142.0,1,0,0,0,0,0,0,0,0,8,0,,67,5,2010,3,39.9972,-75.1673,2138.0,6,0,0,0,0,0,0,0,0,,0,0,0,21.0,3,1,1,,0,39 59:49.970,,0,75 10:02.157,8,0,0,0,67301,1,0,0,N,1,0,0,2,67301,0,,1,1,,N,N,,0,,0,0,0,3,2,,2135.0,1,2,0,0,0,1,0,3,4,0,1,3,,N,,,,,,,,,,,
2010059012,1610.0,2,0,0,0,0,0,0,0,0,4,0,,67,5,2010,2,39.9388,-75.1644,1608.0,6,0,0,0,0,0,1,0,0,,0,0,0,16.0,1,1,1,,0,39 56:19.683,,0,75 09:51.692,8,0,0,0,67301,0,0,0,N,0,0,0,2,67301,0,,1,9,,N,N,,0,,0,0,0,3,3,,1605.0,1,2,0,0,0,1,0,3,4,0,2,7,,N,,,,,,,,,,,
2010040863,1204.0,1,0,0,0,0,0,0,0,0,7,0,,67,3,2010,4,40.0323,-75.0509,1158.0,6,0,0,0,0,0,1,0,0,,0,0,0,11.0,1,1,0,,0,40 01:56.222,,7,75 03:03.412,8,0,0,0,67301,0,0,0,N,0,0,0,4,67301,0,,5,1,,N,N,,0,,0,0,0,0,0,,1155.0,1,1,0,0,3,1,0,3,4,0,1,3,,N,,,,,,,,,,,
2010008993,1530.0,1,0,0,0,0,0,0,0,0,7,0,,67,1,2010,3,39.9823,-75.1002,1511.0,6,0,0,0,0,0,1,0,0,,0,0,0,15.0,1,0,0,,0,39 58:56.594,,0,75 05:59.953,0,0,0,0,67301,0,0,0,N,0,0,0,2,68K01,0,,4,1,,N,N,,1,,0,0,0,0,0,,1509.0,0,2,0,0,0,0,0,3,4,0,2,3,,N,,,,,,,,,,,
2010038709,2200.0,3,0,0,0,0,0,0,0,0,1,0,,67,3,2010,7,40.0391,-75.11,2150.0,6,0,0,0,0,0,0,0,0,,0,0,0,21.0,3,5,0,,0,40 02:20.798,,0,75 06:36.011,4,0,0,0,67301,0,0,0,,0,0,0,8,67301,5,,1,1,,,,,0,,0,0,0,0,0,,2145.0,5,3,0,0,0,0,1,3,4,0,3,3,,N,,,,,,,,,,,
2010038809,1125.0,2,0,0,0,0,0,0,0,0,1,0,,67,3,2010,4,40.0571,-75.1396,1113.0,6,0,0,0,0,0,0,0,0,,0,0,0,11.0,1,3,1,,0,40 03:25.574,,0,75 08:22.625,4,0,0,0,67301,0,0,0,,0,0,0,4,67301,3,,1,1,,,,,0,,0,0,0,3,3,,1107.0,3,2,0,0,0,0,0,3,4,0,2,3,,N,,,,,,,,,,,
2010038725,57.0,0,0,0,0,0,0,0,0,0,8,0,,67,3,2010,1,40.0202,-75.1141,50.0,6,0,0,0,0,0,0,0,0,,0,0,0,0.0,3,1,1,,0,40 01:13.222,,0,75 06:50.843,8,0,0,0,67301,1,0,0,N,1,0,0,2,67301,0,,1,9,,N,N,,0,,0,0,0,3,2,,49.0,1,2,0,0,1,1,0,3,4,1,1,7,,N,,,,,,,,,,,
2010122456,45.0,2,0,0,0,0,0,0,0,0,4,0,,67,11,2010,7,39.9996,-75.1251,45.0,6,0,0,0,0,0,0,1,0,,0,0,0,0.0,3,0,1,,0,39 59:58.554,,0,75 07:30.237,0,0,0,0,67301,0,0,0,,0,0,0,2,67301,0,,1,1,,,,,0,,0,0,0,3,2,,15.0,0,2,0,0,0,0,0,3,4,0,2,3,,N,,,,,,,,,,,
2010122496,1816.0,0,0,0,0,0,0,0,0,0,8,0,,67,11,2010,2,39.9183,-75.1437,1808.0,6,0,0,0,0,0,0,0,0,,0,0,0,99.0,4,1,0,,0,39 55:05.743,,0,75 08:37.291,8,0,0,0,67301,1,0,0,N,1,0,0,2,67301,0,,1,1,,N,N,,0,,0,0,0,0,0,,9999.0,1,2,0,0,0,1,1,3,4,0,1,3,,N,,,,,,,,,,,
2010122571,1314.0,1,0,0,1,0,0,0,0,0,4,0,,67,11,2010,1,39.9321,-75.1611,1311.0,6,0,0,0,0,0,1,0,0,,0,0,0,13.0,1,1,0,,0,39 55:55.412,,0,75 09:40.071,4,0,0,0,67301,1,0,0,,0,0,0,2,67301,1,,1,1,,,,,0,,0,0,0,0,0,,1305.0,1,2,0,0,0,0,0,3,4,0,1,3,,N,,,,,,,,,,,
2010039110,1228.0,1,0,0,0,0,0,0,0,0,5,1,,67,3,2010,4,39.993,-75.1509,1219.0,6,0,0,0,0,0,1,0,0,,0,1,0,12.0,1,1,0,,0,39 59:34.840,,0,75 09:03.298,8,0,0,0,67301,0,0,0,N,0,0,0,3,67301,0,,1,1,,N,N,,0,,0,0,0,0,0,,1210.0,1,2,0,0,0,1,0,3,4,0,2,3,,N,,,,,,,,,,,
2010039206,2059.0,1,0,0,0,0,0,0,0,0,1,0,,67,3,2010,2,39.909,-75.2329,2055.0,6,0,0,0,0,0,0,0,0,1.0,0,0,0,20.0,3,3,1,,1,39 54:32.227,4.0,0,75 13:58.526,8,0,0,0,67301,0,0,0,,0,0,0,3,67301,0,,1,9,,N,N,,0,,0,0,1,1,2,N,2054.0,3,2,0,0,0,3,0,3,4,0,2,7,,N,,,,,,,,,,,
2010039214,1824.0,1,0,0,1,0,0,0,0,0,4,0,,67,3,2010,5,40.0878,-74.9723,1824.0,6,0,0,0,0,0,0,0,0,,0,0,0,18.0,1,1,0,,0,40 05:15.944,,0,74 58:20.326,8,0,0,0,67301,1,0,0,,0,0,0,2,67301,0,,1,1,,,,,0,,0,0,0,0,0,,1809.0,1,2,0,0,0,1,1,3,4,0,1,7,,N,,,,,,,,,,,
2010039326,1730.0,1,0,0,0,0,0,0,0,0,4,0,,67,3,2010,2,39.963,-75.1584,1713.0,6,0,0,0,0,0,1,0,0,,0,0,0,17.0,1,1,5,,0,39 57:46.921,,0,75 09:30.341,4,0,0,0,67301,0,0,0,,0,0,0,2,67301,1,,1,9,,,,,1,,0,0,0,3,3,,1700.0,1,2,0,0,0,0,0,3,4,0,2,7,,N,,,,,,,,,,,
2010032496,2128.0,2,0,0,0,0,0,0,0,0,1,0,,67,3,2010,4,40.0355,-75.0698,2127.0,6,0,0,0,0,0,1,0,0,1.0,0,0,0,21.0,3,1,1,,1,40 02:07.817,2.0,0,75 04:11.352,8,0,0,0,67301,0,0,0,N,0,0,0,4,67301,0,,1,1,,N,N,,0,,0,0,0,3,2,N,2126.0,1,2,0,0,0,1,0,3,4,0,2,3,,N,,,,,,,,,,,
2010032515,801.0,3,0,0,0,0,0,0,0,0,6,0,,67,3,2010,5,39.9657,-75.2216,759.0,6,0,0,0,0,0,0,0,1,,0,0,0,7.0,1,1,0,,0,39 57:56.689,,0,75 13:17.864,4,0,0,0,67301,0,0,0,N,0,0,0,1,67301,1,,6,1,,N,N,,0,,0,0,0,0,0,,735.0,1,3,0,0,0,0,0,3,4,0,3,3,,N,,,,,,,,,,,
2010089910,644.0,1,0,0,0,0,0,0,0,0,7,0,,67,9,2010,7,40.0011,-75.0861,633.0,6,0,0,0,0,0,0,0,0,,0,0,0,6.0,1,1,0,,0,40 00:03.712,,2,75 05:09.776,4,0,0,0,67301,0,0,0,Y,0,0,0,1,68K01,1,,2,1,,N,N,,0,,0,0,0,0,0,,630.0,1,1,0,0,0,0,0,3,4,0,1,3,,N,,,,,,,,,,,
2010016927,730.0,3,0,0,0,0,0,0,0,0,1,0,,67,1,2010,5,39.9056,-75.1941,730.0,6,0,0,0,0,0,3,0,0,1.0,0,0,0,7.0,1,1,0,,1,39 54:20.085,3.0,0,75 11:38.566,4,0,0,0,67301,0,0,0,N,0,0,0,3,67301,1,,1,1,,N,N,,0,,0,0,0,0,0,N,730.0,1,3,0,0,0,0,0,3,4,0,3,3,,N,,,,,,,,,,,
2010014140,1520.0,1,0,0,0,0,0,0,0,0,7,0,,67,1,2010,2,39.9598,-75.1784,1519.0,6,0,0,0,0,0,0,0,0,,0,0,0,15.0,1,0,7,,0,39 57:35.399,,2,75 10:42.496,0,0,0,0,67301,0,0,0,N,0,0,0,1,68K01,0,,5,9,,N,N,,0,,0,0,0,0,0,,1518.0,0,1,0,0,0,0,0,3,4,0,1,7,,N,,,,,,,,,,,
2010017191,1009.0,2,0,0,0,0,0,0,0,0,4,0,,67,1,2010,2,40.0971,-75.0182,1007.0,6,0,0,0,0,0,1,0,1,,0,0,0,10.0,1,0,1,,0,40 05:49.711,,0,75 01:05.375,9,0,0,0,67301,0,0,0,N,0,0,0,6,67301,0,,1,1,,N,N,,0,,0,0,1,3,2,,1007.0,0,3,0,0,0,0,1,3,4,0,3,3,,N,,,,,,,,,,,
2010021550,935.0,2,0,0,0,0,0,0,0,0,4,0,,67,1,2010,3,39.9398,-75.1641,932.0,6,0,0,0,0,0,1,0,0,,0,0,0,9.0,1,1,1,,0,39 56:23.157,,0,75 09:50.911,4,0,0,0,67301,0,0,0,N,0,0,0,3,67301,1,,1,1,,N,N,,0,,0,0,0,3,3,,920.0,1,2,0,0,0,0,0,3,4,0,2,3,,N,,,,,,,,,,,
2010021565,2253.0,0,0,0,0,0,0,0,0,0,7,0,,67,1,2010,5,40.072,-75.0369,2248.0,6,0,0,0,0,0,1,0,0,2.0,0,0,0,22.0,3,0,0,,2,40 04:18.949,1.0,0,75 02:12.896,0,0,0,0,67301,0,0,0,N,0,0,0,1,67301,0,,2,1,,,,,0,,0,0,1,0,0,N,2200.0,0,1,0,0,1,0,0,3,4,0,1,3,,N,,,,,,,,,,,
2010021724,1302.0,2,0,0,0,0,0,0,0,0,4,0,,67,1,2010,6,39.9513,-75.1553,1302.0,6,0,0,0,0,1,0,0,0,1.0,0,0,0,13.0,1,1,0,,1,39 57:04.710,6.0,0,75 09:19.196,4,0,0,0,67301,0,0,0,N,0,0,0,4,67301,1,,1,1,,N,N,,0,,0,0,0,0,0,N,1300.0,1,2,0,0,0,0,0,3,4,0,2,3,,N,,,,,,,,,,,
2010021887,1945.0,2,0,0,0,0,0,0,0,0,1,0,,67,1,2010,6,39.9069,-75.1849,1935.0,6,0,0,0,0,0,0,0,0,,0,0,0,99.0,3,1,0,,0,39 54:24.825,,7,75 11:05.690,4,0,0,0,67301,0,0,0,N,0,0,0,3,67301,1,,1,1,,N,N,,0,,0,0,0,0,0,,9999.0,1,2,0,0,0,0,0,3,4,0,2,3,,N,,,,,,,,,,,
2010094709,1049.0,2,0,0,0,0,0,0,0,0,1,0,,67,8,2010,3,39.9974,-75.1964,1047.0,6,0,0,0,0,0,0,0,0,,0,0,0,10.0,1,1,0,,0,39 59:53.258,,0,75 11:45.485,4,0,0,0,67301,0,0,0,N,0,0,0,2,68K01,1,,1,1,,N,N,,0,,0,0,0,0,0,,1042.0,1,2,0,0,0,0,0,3,4,0,2,3,,N,,,,,,,,,,,
2010094715,113.0,1,0,0,0,0,0,0,0,0,7,0,,67,9,2010,1,39.966,-75.1365,103.0,6,0,0,0,0,0,0,0,0,1.0,0,0,0,1.0,3,1,0,,1,39 57:57.360,2.0,0,75 08:11.934,3,0,0,0,67301,0,0,0,N,0,0,0,1,68K01,0,,5,1,,N,N,,0,,1,0,0,0,0,N,101.0,1,1,0,0,0,0,0,3,4,0,1,3,,N,,,,,,,,,,,
2010048546,10.0,0,0,0,0,0,0,0,0,0,7,1,,67,4,2010,3,39.9771,-75.1121,2359.0,6,0,0,0,0,0,0,0,0,9.0,0,1,0,23.0,3,0,0,,2,39 58:38.435,5.0,1,75 06:43.664,0,0,0,0,67301,0,0,0,N,0,0,0,1,67301,0,,5,9,,N,N,,0,,0,0,0,3,1,Y,2355.0,0,1,0,0,0,0,0,3,4,0,1,3,,N,,,,,,,,,,,
2010045133,1510.0,1,0,0,0,0,0,0,0,0,5,0,,67,4,2010,4,40.0253,-75.139,1500.0,6,0,0,0,0,0,0,0,0,,0,0,0,14.0,1,2,0,,0,40 01:30.993,,0,75 08:20.356,4,0,0,0,67301,1,0,0,N,0,0,0,2,67301,2,,1,1,,N,N,,0,,0,0,0,0,0,,1445.0,2,2,0,0,0,0,0,3,4,1,2,3,,N,,,,,,,,,,,
2010075031,1414.0,0,0,0,0,0,0,0,0,0,8,0,,67,7,2010,5,39.9986,-75.1303,1412.0,6,0,0,0,0,0,1,0,0,1.0,0,0,0,14.0,1,1,2,,1,39 59:55.134,4.0,0,75 07:49.242,3,0,0,0,67301,1,0,0,N,1,0,0,2,67301,0,,1,1,,N,N,,1,,1,0,0,3,3,Y,1403.0,1,2,0,0,0,0,1,3,4,0,1,3,,N,,,,,,,,,,,
2010044887,1337.0,1,0,0,0,0,0,0,0,0,1,0,,67,4,2010,1,40.1042,-75.002,1332.0,6,0,0,0,0,0,0,0,0,1.0,0,0,0,13.0,1,1,1,,1,40 06:15.034,1.0,0,75 00:07.000,4,0,0,0,67301,0,0,0,N,0,0,0,7,67301,1,,1,1,,N,N,,1,,0,0,0,3,2,N,1329.0,1,2,0,0,0,0,0,3,4,0,2,3,,N,,,,,,,,,,,
2010045064,1240.0,1,0,0,1,0,0,0,0,0,5,0,,67,3,2010,3,39.9514,-75.1684,1227.0,6,0,0,0,0,0,0,0,0,,0,0,0,12.0,1,1,0,,0,39 57:05.114,,0,75 10:06.278,4,0,0,0,67301,1,0,0,N,0,0,0,2,67301,1,,1,9,,N,N,,0,,0,0,0,3,2,,1220.0,1,2,0,0,0,0,0,3,4,0,1,7,,N,,,,,,,,,,,
2010045115,1550.0,0,0,0,0,0,0,0,0,0,4,0,,67,4,2010,1,40.0937,-75.039,1545.0,6,0,0,0,0,0,1,0,0,1.0,0,0,0,15.0,1,1,2,,1,40 05:37.338,1.0,0,75 02:20.511,4,0,0,0,67301,0,0,0,N,0,0,0,2,67301,1,,1,1,,N,N,,0,,0,0,2,3,3,Y,1520.0,1,2,0,0,0,0,0,3,4,0,2,3,,N,,,,,,,,,,,
2010100916,1400.0,1,0,0,0,0,0,0,0,0,7,0,,67,8,2010,1,40.088,-74.9724,1359.0,6,0,0,0,0,0,0,0,0,1.0,0,0,0,13.0,1,0,0,,1,40 05:16.686,4.0,0,74 58:20.566,0,0,0,0,67301,0,0,0,Y,0,0,0,1,67301,0,,2,1,,N,N,,0,,0,0,0,0,0,N,1358.0,0,1,0,0,0,0,0,3,4,0,1,3,,N,,,,,,,,,,,
2010113604,1848.0,1,0,0,0,0,0,0,0,0,8,0,,67,10,2010,6,40.0787,-75.0249,1847.0,6,0,0,0,0,0,0,0,0,,0,0,0,18.0,3,1,0,,0,40 04:43.294,,7,75 01:29.731,8,0,0,0,67301,1,0,0,N,1,0,0,2,67301,0,,1,1,,N,N,,0,,0,0,0,0,0,,1840.0,1,2,0,0,0,1,0,3,4,0,1,3,,N,,,,,,,,,,,