CRN,ARRIVAL_TM,AUTOMOBILE_COUNT,BELTED_DEATH_COUNT,BELTED_SUSP_SERIOUS_INJ_COUNT,BICYCLE_COUNT,BICYCLE_DEATH_COUNT,BICYCLE_SUSP_SERIOUS_INJ_COUNT,BUS_COUNT,CHLDPAS_DEATH_COUNT,CHLDPAS_SUSP_SERIOUS_INJ_COUNT,COLLISION_TYPE,COMM_VEH_COUNT,CONS_ZONE_SPD_LIM,COUNTY,CRASH_MONTH,CRASH_YEAR,DAY_OF_WEEK,DEC_LAT,DEC_LONG,DISPATCH_TM,DISTRICT,DRIVER_COUNT_16YR,DRIVER_COUNT_17YR,DRIVER_COUNT_18YR,DRIVER_COUNT_19YR,DRIVER_COUNT_20YR,DRIVER_COUNT_50_64YR,DRIVER_COUNT_65_74YR,DRIVER_COUNT_75PLUS,EST_HRS_CLOSED,FATAL_COUNT,HEAVY_TRUCK_COUNT,HORSE_BUGGY_COUNT,HOUR_OF_DAY,ILLUMINATION,INJURY_COUNT,INTERSECT_TYPE,INTERSECTION_RELATED,LANE_CLOSED,LATITUDE,LN_CLOSE_DIR,LOCATION_TYPE,LONGITUDE,MAX_SEVERITY_LEVEL,MCYCLE_DEATH_COUNT,MCYCLE_SUSP_SERIOUS_INJ_COUNT,MOTORCYCLE_COUNT,MUNICIPALITY,NONMOTR_COUNT,NONMOTR_DEATH_COUNT,NONMOTR_SUSP_SERIOUS_INJ_COUNT,NTFY_HIWY_MAINT,PED_COUNT,PED_DEATH_COUNT,PED_SUSP_SERIOUS_INJ_COUNT,PERSON_COUNT,POLICE_AGCY,POSSIBLE_INJ_COUNT,RDWY_SURF_TYPE_CD,RELATION_TO_ROAD,ROAD_CONDITION,ROADWAY_CLEARED,SCH_BUS_IND,SCH_ZONE_IND,SECONDARY_CRASH,SMALL_TRUCK_COUNT,SPEC_JURIS_CD,SUSP_MINOR_INJ_COUNT,SUSP_SERIOUS_INJ_COUNT,SUV_COUNT,TCD_FUNC_CD,TCD_TYPE,TFC_DETOUR_IND,TIME_OF_DAY,TOT_INJ_COUNT,TOTAL_UNITS,UNB_DEATH_COUNT,UNB_SUSP_SERIOUS_INJ_COUNT,UNBELTED_OCC_COUNT,UNK_INJ_DEG_COUNT,UNK_INJ_PER_COUNT,URBAN_AREA,URBAN_RURAL,VAN_COUNT,VEHICLE_COUNT,WEATHER1,WEATHER2,WORK_ZONE_IND,WORK_ZONE_LOC,WORK_ZONE_TYPE,WORKERS_PRES,WZ_CLOSE_DETOUR,WZ_FLAGGER,WZ_LAW_OFFCR_IND,WZ_LN_CLOSURE,WZ_MOVING,WZ_OTHER,WZ_SHLDER_MDN,WZ_WORKERS_INJ_KILLED
2010094279,2130.0,1,0,0,1,0,0,0,0,0,4,0,,67,8,2010,2,39.9953,-75.2314,2126.0,6,0,0,0,0,0,0,0,0,,0,0,0,99.0,3,1,1,,0,39 59:43.177,,0,75 13:52.960,4,0,0,0,67301,1,0,0,,0,0,0,2,67301,1,,1,1,,,,,0,,0,0,0,3,3,,9999.0,1,2,0,0,0,0,0,3,4,0,1,3,,N,,,,,,,,,,,
2010091464,539.0,1,0,0,0,0,0,0,0,0,1,0,,67,8,2010,7,40.0465,-75.1815,534.0,6,0,0,0,0,0,0,0,0,,0,0,0,5.0,3,0,0,,0,40 02:47.547,,0,75 10:53.432,0,0,0,0,67301,2,0,0,N,0,0,0,3,67301,0,,6,1,,N,N,,0,,0,0,0,0,0,,525.0,0,2,0,0,0,0,0,3,4,1,2,3,,N,,,,,,,,,,,
2010113734,2343.0,1,0,0,1,0,0,0,0,0,1,0,,67,10,2010,3,39.9548,-75.1664,2342.0,6,0,0,0,0,0,0,0,0,,0,0,0,23.0,3,1,0,,0,39 57:17.361,,0,75 09:58.951,8,0,0,0,67301,1,0,0,,0,0,0,2,67301,0,,1,1,,,,,0,,0,0,0,0,0,,2341.0,1,2,0,0,0,1,0,3,4,0,1,3,,N,,,,,,,,,,,
2010113757,1740.0,1,0,0,0,0,0,1,0,0,4,1,,67,10,2010,6,40.0001,-75.1167,1725.0,6,0,0,0,0,0,0,0,0,,0,0,0,16.0,1,1,1,,0,40 00:00.347,,0,75 07:00.190,4,0,0,0,67301,0,0,0,N,0,0,0,3,67301,1,,1,1,,Y,N,,0,,0,0,0,3,3,,1623.0,1,2,0,0,0,0,0,3,4,0,2,3,,N,,,,,,,,,,,
2010110864,9999.0,1,0,0,1,0,0,0,0,0,8,0,,67,9,2010,3,39.9693,-75.2323,913.0,6,0,0,0,0,0,0,0,0,,0,0,0,6.0,1,1,2,,0,39 58:09.451,,0,75 13:56.369,3,0,0,0,67301,1,0,0,N,0,0,0,2,67301,0,,1,9,,N,N,,0,,1,0,0,3,3,,655.0,1,2,0,0,0,0,0,3,4,0,1,7,,N,,,,,,,,,,,
2010069682,1625.0,1,0,0,0,0,0,0,0,0,4,1,,67,6,2010,7,39.9206,-75.2143,1622.0,6,0,0,0,0,0,0,0,0,1.0,0,1,0,16.0,1,1,0,,2,39 55:14.210,7.0,0,75 12:51.638,2,0,0,0,67301,0,0,0,N,0,0,0,1,67301,0,,1,1,,N,N,,0,,0,1,0,0,0,Y,1622.0,1,2,0,1,1,0,0,3,4,0,2,3,,N,,,,,,,,,,,
2010059010,1808.0,0,0,0,0,0,0,0,0,0,7,0,,67,5,2010,6,40.0543,-75.1413,1804.0,6,0,0,0,0,0,0,0,0,,0,0,0,17.0,1,1,0,,0,40 03:15.541,,0,75 08:28.575,3,0,0,0,67301,0,0,0,N,0,0,0,1,67301,0,,4,1,,N,,,1,,1,0,0,0,0,,1738.0,1,1,0,0,1,0,0,3,4,0,1,3,,N,,,,,,,,,,,
2010011582,1346.0,2,0,0,0,0,0,0,0,0,1,0,,67,1,2010,3,40.0598,-75.1501,1342.0,6,0,0,0,0,0,0,0,0,,0,0,0,13.0,1,1,1,,0,40 03:35.442,,0,75 09:00.370,8,0,0,0,67301,0,0,0,,0,0,0,3,67301,0,,1,1,,N,N,,0,,0,0,0,3,2,,1340.0,1,2,0,0,0,1,0,3,4,0,2,3,,N,,,,,,,,,,,
2010011631,510.0,0,0,0,0,0,0,0,0,0,7,0,,67,1,2010,1,40.0248,-75.1544,502.0,6,0,0,0,0,0,0,0,0,,0,0,0,4.0,3,1,0,,0,40 01:29.259,,0,75 09:15.807,4,0,0,0,67301,0,0,0,,0,0,0,1,67301,1,,5,1,,,,,0,,0,0,1,0,0,,455.0,1,1,0,0,0,0,0,3,4,0,1,3,,N,,,,,,,,,,,
2010011806,1945.0,3,0,0,0,0,0,0,0,0,1,0,,67,1,2010,3,39.9828,-75.1,1943.0,6,0,1,0,0,0,0,0,0,,0,0,0,19.0,3,1,0,,0,39 58:57.459,,2,75 06:01.676,8,0,0,0,67301,0,0,0,N,0,0,0,5,68K01,0,,1,1,,N,N,,0,,0,0,1,3,2,,1940.0,1,4,0,0,1,1,0,3,4,0,4,3,,N,,,,,,,,,,,
2010038611,2325.0,1,0,0,0,0,0,0,0,0,7,0,,67,3,2010,2,40.0598,-75.2352,2320.0,6,0,0,0,0,1,0,0,0,,0,0,0,23.0,3,0,0,,0,40 03:35.240,,0,75 14:06.605,0,0,0,0,67301,0,0,0,,0,0,0,1,67301,0,,9,9,,,,,0,,0,0,0,0,0,,2315.0,0,1,0,0,0,0,0,3,4,0,1,7,,N,,,,,,,,,,,
2010038638,310.0,1,0,0,0,0,0,0,0,0,1,0,,67,3,2010,1,40.0268,-75.1171,308.0,6,0,0,0,0,0,0,0,0,1.0,0,0,0,3.0,3,1,1,,1,40 01:36.522,2.0,0,75 07:02.104,3,0,0,1,67301,0,0,0,N,0,0,0,2,67301,0,,1,1,,N,N,,0,,1,0,0,3,2,N,308.0,1,2,0,0,0,0,0,3,4,0,2,3,,N,,,,,,,,,,,
2010122513,219.0,0,0,0,0,0,0,0,0,0,8,0,,67,11,2010,1,39.9741,-75.2044,214.0,6,0,0,0,0,0,0,0,0,2.0,0,0,0,2.0,3,1,0,,1,39 58:26.635,3.0,0,75 12:15.788,3,0,0,0,67301,1,0,0,N,1,0,0,2,67301,0,,1,1,,N,N,,1,,1,0,0,0,0,Y,212.0,1,2,0,0,0,0,0,3,4,0,1,3,,N,,,,,,,,,,,
2010038752,204.0,1,0,0,0,0,0,0,0,0,8,0,,67,3,2010,5,39.9441,-75.2282,155.0,6,0,0,0,0,0,0,0,0,,0,0,0,21.0,2,1,1,,0,39 56:38.929,,0,75 13:41.444,8,0,0,0,67301,1,0,0,N,1,0,0,2,67301,0,,1,9,,N,N,,0,,0,0,0,3,3,,2137.0,1,2,0,0,0,1,0,3,4,0,1,7,,N,,,,,,,,,,,
2010122633,954.0,2,0,0,0,0,0,0,0,0,4,0,,67,7,2010,7,40.0255,-75.0398,949.0,6,0,0,0,0,0,0,0,0,,0,0,0,9.0,1,6,1,,0,40 01:31.954,,0,75 02:23.175,3,0,0,0,67301,0,0,0,N,0,0,0,6,67301,4,,1,1,,N,N,,0,,2,0,0,3,3,,947.0,6,2,0,0,3,0,0,3,4,0,2,3,,N,,,,,,,,,,,
2010031873,1310.0,1,0,0,0,0,0,0,0,0,4,0,,67,3,2010,7,40.0269,-75.0262,1301.0,6,0,0,0,0,0,0,0,0,,0,0,0,12.0,1,0,0,,0,40 01:36.853,,0,75 01:34.072,0,0,0,0,67301,0,0,0,N,0,0,0,5,68K01,0,,1,9,,N,N,,0,,0,0,1,0,0,,1259.0,0,2,0,0,1,0,0,3,4,0,2,7,,N,,,,,,,,,,,
2010029473,1508.0,2,0,0,0,0,0,0,0,0,4,0,,67,2,2010,5,40.0507,-75.1486,1456.0,6,0,0,0,0,0,0,0,0,2.0,0,0,0,99.0,1,1,1,,2,40 03:02.656,3.0,0,75 08:55.144,3,0,0,0,67301,0,0,0,N,0,0,0,2,67301,0,,1,1,,N,N,,0,,1,0,0,3,2,Y,9999.0,1,2,0,0,0,0,0,3,4,0,2,3,,N,,,,,,,,,,,
2010029476,1830.0,0,0,0,0,0,0,0,0,0,7,0,,67,2,2010,4,40.0174,-75.0832,1820.0,6,0,0,0,1,0,0,0,0,1.0,0,0,0,99.0,3,2,0,,1,40 01:02.512,2.0,0,75 04:59.471,4,0,0,0,67301,0,0,0,,0,0,0,2,67301,2,,3,1,,,,,0,,0,0,1,0,0,Y,9999.0,2,1,0,0,0,0,0,3,4,0,1,3,,N,,,,,,,,,,,
2010090104,1835.0,2,0,0,0,0,0,0,0,0,1,0,,67,7,2010,6,40.0189,-75.1164,1830.0,6,0,0,0,0,0,0,0,0,,0,0,0,18.0,1,1,1,,0,40 01:08.105,,0,75 06:59.116,4,0,0,0,67301,0,0,0,,0,0,0,2,67301,1,,1,1,,N,N,,0,,0,0,0,3,3,,1830.0,1,2,0,0,0,0,0,3,4,0,2,3,,N,,,,,,,,,,,
2010089795,830.0,1,0,0,0,0,0,0,0,0,1,1,,67,9,2010,6,40.0111,-75.1644,815.0,6,0,0,0,0,0,0,0,0,3.0,0,1,0,8.0,1,1,0,,1,40 00:39.816,4.0,0,75 09:51.800,4,0,0,0,67301,0,0,0,Y,0,0,0,1,67301,1,,6,1,,N,N,,0,,0,0,0,0,0,N,815.0,1,2,0,0,0,0,0,3,4,0,2,3,,N,,,,,,,,,,,
2010032491,501.0,1,0,0,0,0,0,0,0,0,7,0,,67,3,2010,7,40.0217,-75.0941,459.0,6,0,0,0,0,0,0,0,0,,1,0,0,4.0,3,0,0,,0,40 01:18.662,,0,75 05:38.614,1,0,0,0,67301,0,0,0,N,0,0,0,1,67301,0,2.0,5,9,,N,N,,0,0.0,0,0,0,9,2,,458.0,0,1,0,0,0,0,0,3,4,0,1,7,,N,,,,,,,,,,,
2010032493,2347.0,4,0,0,0,0,0,0,0,0,5,0,,67,2,2010,6,39.9739,-75.2441,2347.0,6,0,0,0,0,0,0,0,0,3.0,0,0,0,23.0,3,0,0,,1,39 58:26.110,3.0,0,75 14:38.700,0,0,0,0,67301,0,0,0,,0,0,0,0,61301,0,,4,2,,N,N,,0,,0,0,1,0,0,N,2330.0,0,5,0,0,0,0,0,3,4,0,5,10,,N,,,,,,,,,,,
2010032508,1639.0,1,0,0,0,0,0,0,0,0,4,0,,67,3,2010,6,40.0372,-75.058,1636.0,6,0,0,1,0,1,0,0,0,,0,0,0,16.0,1,1,1,,0,40 02:13.840,,0,75 03:28.781,8,0,0,0,67301,0,0,0,N,0,0,0,5,67301,0,,1,9,,N,,,0,,0,0,0,3,3,,1635.0,1,2,0,0,0,1,0,3,4,1,2,7,,N,,,,,,,,,,,
2010032542,1655.0,0,0,0,0,0,0,0,0,0,4,0,,67,3,2010,3,39.9335,-75.1443,1654.0,6,0,0,0,0,0,2,0,0,1.0,0,0,0,16.0,1,0,0,,1,39 56:00.463,3.0,7,75 08:39.368,0,0,0,0,67301,0,0,0,,0,0,0,5,67301,0,,1,9,,N,N,,1,,0,0,0,0,0,N,1653.0,0,2,0,0,0,0,0,3,4,1,2,7,,N,,,,,,,,,,,
2010032635,2225.0,1,0,0,0,0,0,0,0,0,7,0,,67,2,2010,1,40.0945,-74.9685,2225.0,6,0,0,0,0,0,0,0,0,,0,0,0,22.0,3,2,0,,0,40 05:40.286,,0,74 58:06.575,3,0,0,0,67301,0,0,0,,0,0,0,2,67301,0,,3,1,,,,,0,,1,0,0,0,0,,2225.0,2,1,0,0,0,1,0,3,4,0,1,3,,N,,,,,,,,,,,
2010032638,1530.0,0,0,0,0,0,0,0,0,0,8,0,,67,2,2010,5,39.9658,-75.2461,1527.0,6,0,0,0,0,0,0,0,0,,0,0,0,12.0,1,1,1,,0,39 57:56.929,,0,75 14:45.807,4,0,0,0,67301,1,0,0,N,1,0,0,2,67301,1,,1,9,,N,N,,0,,0,0,0,3,2,,1200.0,1,2,0,0,0,0,1,3,4,0,1,10,,N,,,,,,,,,,,
2010005037,648.0,1,0,0,0,0,0,0,0,0,1,0,45.0,67,1,2010,4,,,648.0,6,0,0,0,1,0,0,0,0,1.0,0,0,0,6.0,3,2,0,,2,,3.0,3,,4,0,0,0,67301,0,0,0,N,0,0,0,3,67501,2,,1,1,,N,N,,0,,0,0,1,3,2,N,648.0,2,2,0,0,1,0,0,3,3,0,2,3,,Y,4.0,2.0,Y,,,N,Y,,,,
2010017136,1750.0,0,0,0,0,0,0,0,0,0,8,0,,67,1,2010,6,40.0649,-75.0515,1747.0,6,0,0,0,0,0,0,1,0,,0,0,0,17.0,2,1,1,,0,40 03:53.766,,0,75 03:05.562,3,0,0,0,67301,1,0,0,,1,0,0,2,67301,0,,1,1,,,,,0,,1,0,1,3,2,,1745.0,1,2,0,0,0,0,0,3,4,0,1,3,,N,,,,,,,,,,,
2010017159,237.0,0,0,0,0,0,0,0,0,0,7,0,,67,1,2010,1,39.9666,-75.1473,236.0,6,0,0,0,0,0,0,0,0,1.0,0,0,0,2.0,3,0,0,,2,39 57:59.725,2.0,0,75 08:50.118,9,0,0,0,67301,0,0,0,N,0,0,0,1,67301,0,,5,1,,N,N,,0,,0,0,1,0,0,Y,236.0,0,1,0,0,0,0,1,3,4,0,1,3,,N,,,,,,,,,,,
2010017189,2151.0,2,0,0,0,0,0,0,0,0,4,0,,67,1,2010,1,39.9934,-75.097,2150.0,6,0,0,0,0,2,0,0,0,,0,0,0,21.0,3,2,1,,0,39 59:36.362,,0,75 05:49.314,4,0,0,0,67301,0,0,0,,0,0,0,3,67301,2,,1,9,,N,Y,,0,,0,0,0,3,2,,2146.0,2,2,0,0,0,0,0,3,4,0,2,7,,N,,,,,,,,,,,
2010017244,703.0,0,0,0,0,0,0,0,0,0,8,1,,67,1,2010,2,40.0098,-75.1669,700.0,6,0,0,0,0,0,1,0,0,,0,1,0,6.0,1,1,1,,0,40 00:35.623,,0,75 10:00.930,4,0,0,0,67301,1,0,0,N,1,0,0,2,67301,1,,1,1,,N,N,,0,,0,0,0,0,0,,655.0,1,2,0,0,0,0,0,3,4,0,1,3,,N,,,,,,,,,,,
2010021642,2313.0,1,0,0,0,0,0,0,0,0,5,0,,67,1,2010,6,39.9449,-75.1468,2313.0,6,0,0,0,0,0,0,0,0,,0,0,0,99.0,3,0,0,,0,39 56:41.635,,0,75 08:48.591,0,0,0,0,67301,0,0,0,N,0,0,0,1,67301,0,,6,1,,N,N,,0,,0,0,1,0,0,,9999.0,0,2,0,0,0,0,0,3,4,0,2,3,,N,,,,,,,,,,,
2010019302,1058.0,1,0,0,0,0,0,0,0,0,5,0,,67,2,2010,6,,,1058.0,6,0,0,0,0,0,0,0,0,,0,0,0,10.0,1,0,0,,0,,,0,,0,0,0,0,67301,0,0,0,N,0,0,0,2,67501,0,,1,1,,N,N,,0,,0,0,1,0,0,,1058.0,0,2,0,0,0,0,0,3,3,0,2,3,,N,,,,,,,,,,,
2010021880,615.0,2,0,0,0,0,0,0,0,0,1,0,,67,1,2010,2,39.9616,-75.2245,613.0,6,0,0,0,0,0,1,0,0,,0,0,0,4.0,5,1,1,,0,39 57:41.510,,0,75 13:28.359,8,0,0,0,67301,0,0,0,N,0,0,0,4,67301,0,,1,9,,N,N,,0,,0,0,0,3,2,,445.0,1,2,0,0,0,1,2,3,4,0,2,99,,N,,,,,,,,,,,
2010118006,807.0,1,0,0,0,0,0,0,0,0,4,0,,67,10,2010,2,40.0746,-75.0848,800.0,6,0,0,0,1,0,0,0,0,1.0,0,0,0,7.0,1,1,0,,1,40 04:28.439,1.0,7,75 05:05.393,8,0,0,0,67301,0,0,0,,0,0,0,2,67301,0,,1,1,,N,N,,0,,0,0,1,0,0,N,752.0,1,2,0,0,0,1,0,3,4,0,2,3,,N,,,,,,,,,,,
2010118031,1535.0,3,0,0,0,0,0,0,0,0,4,0,,67,11,2010,1,39.914,-75.1499,1525.0,6,0,0,1,0,0,1,0,0,,0,0,0,15.0,1,2,2,,0,39 54:50.431,,0,75 08:59.775,4,0,0,0,67301,0,0,0,N,0,0,0,4,67301,2,,1,1,,N,N,,0,,0,0,0,3,2,,1525.0,2,3,0,0,0,0,1,3,4,0,3,3,,N,,,,,,,,,,,
2010118038,902.0,1,0,0,0,0,0,0,0,0,7,0,,67,9,2010,4,40.0243,-75.1457,852.0,6,0,0,0,0,0,1,0,0,,0,0,0,8.0,1,1,1,,0,40 01:27.357,,0,75 08:44.545,2,0,0,0,67301,0,0,0,N,0,0,0,1,67301,0,,5,1,,N,N,,0,,0,1,0,0,0,,845.0,1,1,0,0,0,0,0,3,4,0,1,3,,N,,,,,,,,,,,
2010118044,1210.0,3,0,0,0,0,0,0,0,0,1,0,,67,10,2010,3,40.036,-75.1863,1201.0,6,0,0,0,0,0,0,0,0,2.0,0,0,0,11.0,1,1,2,,2,40 02:09.760,1.0,7,75 11:10.789,8,0,0,0,67301,0,0,0,N,0,0,0,1,67301,0,,1,1,,N,N,,0,,0,0,0,3,3,N,1150.0,1,3,0,0,0,1,0,3,4,0,3,3,,N,,,,,,,,,,,
2010069906,1145.0,3,0,0,0,0,0,0,0,0,1,0,,67,6,2010,2,40.066,-75.0629,1140.0,6,0,0,0,0,0,0,1,1,1.0,0,0,0,11.0,1,3,0,,2,40 03:57.718,6.0,0,75 03:46.412,3,0,0,0,67301,0,0,0,N,0,0,0,3,67301,2,,1,1,,N,N,,0,,1,0,0,3,2,Y,1130.0,3,3,0,0,0,0,0,3,4,0,3,3,,N,,,,,,,,,,,
2010083109,1910.0,1,0,0,0,0,0,0,0,0,7,0,,67,7,2010,7,39.9919,-75.0841,1905.0,6,0,0,0,0,0,1,0,0,2.0,0,0,0,19.0,1,2,0,,1,39 59:30.906,5.0,0,75 05:02.541,8,0,0,0,67301,0,0,0,N,0,0,0,3,67301,0,,5,1,,N,N,,0,,0,0,0,0,0,Y,1900.0,2,1,0,0,0,2,0,3,4,0,1,3,,N,,,,,,,,,,,
2010048544,115.0,2,0,0,0,0,0,0,0,0,5,0,,67,4,2010,6,39.9648,-75.2261,110.0,6,0,0,0,1,0,0,0,0,,0,0,0,0.0,3,1,1,,0,39 57:53.438,,0,75 13:34.071,8,0,0,0,67301,0,0,0,N,0,0,0,2,67301,0,,1,1,,N,N,,0,,0,0,0,2,2,,10.0,1,2,0,0,0,1,0,3,4,0,2,3,,N,,,,,,,,,,,
2010103917,936.0,1,0,0,0,0,0,0,0,0,8,0,,67,9,2010,4,39.9838,-75.1114,926.0,6,0,0,0,0,0,0,0,0,,0,0,0,8.0,1,1,2,,0,39 59:01.611,,0,75 06:40.960,8,0,0,0,67301,1,0,0,N,1,0,0,2,67301,0,,1,1,,N,Y,,0,,0,0,0,0,0,,823.0,1,2,0,0,0,1,0,3,4,0,1,3,,N,,,,,,,,,,,
2010101515,2105.0,2,0,0,0,0,0,0,0,0,1,0,,67,10,2010,5,39.9566,-75.15,2050.0,6,0,0,0,0,0,0,0,0,,0,0,0,20.0,3,1,0,,0,39 57:23.843,,2,75 08:59.997,4,0,0,0,67301,0,0,0,N,0,0,0,2,68K01,1,,1,9,,N,N,,0,,0,0,0,0,0,,2047.0,1,2,0,0,0,0,0,3,4,0,2,3,,N,,,,,,,,,,,
2010098593,1816.0,2,0,0,0,0,0,0,0,0,4,0,,67,8,2010,5,40.0432,-75.1936,1815.0,6,0,0,0,0,0,1,0,0,2.0,0,0,0,18.0,1,1,2,,1,40 02:35.623,2.0,0,75 11:36.927,3,0,0,0,67301,0,0,0,,0,0,0,2,67301,0,,1,9,,N,N,,0,,1,0,0,3,3,N,1800.0,1,2,0,0,0,0,0,3,4,0,2,7,,N,,,,,,,,,,,
2010094181,9999.0,3,0,0,0,0,0,0,0,0,1,0,,67,8,2010,7,39.9035,-75.2486,9999.0,6,0,0,0,0,0,0,0,0,,0,0,0,20.0,3,1,0,,0,39 54:12.520,,0,75 14:54.790,8,0,0,0,67301,0,0,0,N,0,0,0,1,67301,0,,1,1,,N,N,,0,,0,0,0,0,0,,2015.0,1,3,0,0,0,1,0,3,4,0,3,3,,N,,,,,,,,,,,
2010094216,1620.0,2,0,0,0,0,0,0,0,0,5,0,,67,8,2010,7,40.0169,-75.1744,1610.0,6,0,0,0,0,0,0,0,0,1.0,0,0,0,16.0,1,1,0,,1,40 01:00.834,2.0,0,75 10:28.049,4,0,0,0,67301,0,0,0,N,0,0,0,6,67301,1,,1,1,,N,N,,0,,0,0,0,0,0,N,1608.0,1,2,0,0,0,0,1,3,4,0,2,3,,N,,,,,,,,,,,
2010091266,2155.0,2,0,0,0,0,0,0,0,0,1,0,,67,8,2010,5,40.0629,-75.0427,2155.0,6,0,0,1,0,0,0,0,0,2.0,0,0,0,21.0,3,2,0,,1,40 03:46.002,1.0,0,75 02:33.936,4,0,0,0,67301,0,0,0,N,0,0,0,4,67301,2,,1,1,,N,N,,0,,0,0,1,0,0,N,2130.0,2,3,0,0,0,0,0,3,4,0,3,3,,N,,,,,,,,,,,
2010088904,2238.0,1,0,0,0,0,0,0,0,0,4,0,,67,8,2010,7,40.053,-75.1889,2028.0,6,0,0,0,0,0,2,0,0,,0,0,0,22.0,3,1,1,,0,40 03:10.886,,0,75 11:19.982,8,0,0,0,67301,0,0,0,N,0,0,0,4,67301,0,,1,1,,N,N,,1,,0,0,0,3,3,,2223.0,1,2,0,0,2,1,0,3,4,0,2,3,,N,,,,,,,,,,,
2010088924,922.0,1,0,0,0,0,0,0,0,0,5,1,,67,8,2010,4,40.0875,-74.9711,918.0,6,0,0,0,0,0,0,0,0,,0,1,0,9.0,1,1,1,,0,40 05:15.124,,0,74 58:16.775,8,0,0,0,67301,0,0,0,N,0,0,0,2,67301,0,,1,1,,N,N,,0,,0,0,0,3,2,,917.0,1,2,0,0,0,1,1,3,4,0,2,3,,N,,,,,,,,,,,
2010088947,1915.0,2,0,0,0,0,0,0,0,0,6,0,,67,7,2010,1,39.9612,-75.1748,1909.0,6,0,0,0,0,0,0,0,0,,0,0,0,99.0,1,1,1,,0,39 57:40.918,,0,75 10:30.472,8,0,0,0,67301,0,0,0,,0,0,0,2,67301,0,,1,1,,N,N,,0,,0,0,0,3,2,,9999.0,1,2,0,0,0,1,0,3,4,0,2,3,,N,,,,,,,,,,,
2010110903,9999.0,1,0,0,0,0,0,0,0,0,4,0,,67,10,2010,1,40.0099,-75.1964,9999.0,6,0,1,0,0,1,0,0,0,,0,0,0,17.0,1,0,1,,0,40 00:35.549,,0,75 11:47.231,0,0,0,0,67301,0,0,0,N,0,0,0,5,67301,0,,1,1,,N,N,,0,,0,0,1,3,2,,1745.0,0,2,0,0,0,0,0,3,4,0,2,3,,N,,,,,,,,,,,
2010011616,440.0,5,0,0,0,0,0,0,0,0,5,0,,67,1,2010,6,40.0659,-75.1447,436.0,6,0,0,0,0,0,0,0,0,,0,0,0,1.0,3,1,0,,0,40 03:57.363,,0,75 08:40.914,4,0,0,0,67301,0,0,0,N,0,0,0,1,67301,1,,6,9,,N,N,,0,,0,0,0,0,0,,120.0,1,5,0,0,0,0,0,3,4,0,5,7,,N,,,,,,,,,,,
2010011630,1930.0,0,0,0,0,0,0,0,0,0,8,0,,67,1,2010,3,40.0401,-75.0317,1920.0,6,0,0,0,0,0,0,0,0,,0,0,0,19.0,2,1,2,,0,40 02:24.308,,0,75 01:53.971,8,0,0,0,67301,1,0,0,N,1,0,0,2,67301,0,,1,1,,N,N,,1,,0,0,0,0,0,,1900.0,1,2,0,0,0,1,0,3,4,0,1,3,,N,,,,,,,,,,,
2010038656,36.0,0,0,0,0,0,0,0,0,0,4,0,,67,3,2010,1,39.9549,-75.1511,36.0,6,0,0,0,0,0,1,0,0,,0,0,0,23.0,3,0,1,,0,39 57:17.491,,0,75 09:04.108,0,0,0,0,67301,0,0,0,N,0,0,0,2,67301,0,,1,1,,,,,1,,0,0,1,3,2,,2340.0,0,2,0,0,0,0,0,3,4,0,2,3,,N,,,,,,,,,,,
2010035811,1544.0,3,0,0,0,0,0,0,0,0,1,0,,67,4,2010,7,39.959,-75.1704,1534.0,6,0,0,0,0,0,1,0,0,1.0,0,0,0,15.0,1,0,0,,1,39 57:32.248,4.0,1,75 10:13.645,0,0,0,0,67301,0,0,0,N,0,0,0,3,68K01,0,,1,1,,N,N,,0,,0,0,0,0,0,N,1525.0,0,3,0,0,0,0,0,3,4,0,3,3,,N,,,,,,,,,,,
2010038721,749.0,1,0,0,0,0,0,0,0,0,4,0,,67,3,2010,5,40.0377,-75.1283,747.0,6,0,0,0,0,0,0,0,0,,0,0,0,7.0,1,4,1,,0,40 02:15.856,,6,75 07:41.923,8,0,0,0,67301,0,0,0,N,0,0,0,4,67301,0,,1,1,,N,N,,0,,0,0,0,3,3,,735.0,4,2,0,0,0,4,0,3,4,1,2,3,,N,,,,,,,,,,,
2010122375,1732.0,2,0,0,0,0,0,0,0,0,4,0,,67,7,2010,7,39.9796,-75.176,1731.0,6,0,0,0,0,0,0,0,0,2.0,0,0,0,17.0,1,3,1,,2,39 58:46.488,4.0,0,75 10:33.466,4,0,0,0,67301,0,0,0,,0,0,0,3,67301,3,,1,1,,,,,0,,0,0,0,3,2,Y,1729.0,3,2,0,0,0,0,0,3,4,0,2,3,,N,,,,,,,,,,,
2010122554,821.0,1,0,0,0,0,0,0,0,0,8,0,,67,11,2010,2,39.9405,-75.1874,820.0,6,0,0,0,0,0,0,0,0,,0,0,0,8.0,1,1,1,,0,39 56:25.699,,0,75 11:14.495,8,0,0,0,67301,1,0,0,N,1,0,0,2,67301,0,,1,1,,N,N,,0,,0,0,0,3,2,,818.0,1,2,0,0,0,1,1,3,4,0,1,3,,N,,,,,,,,,,,
2010039127,1209.0,2,0,0,0,0,0,0,0,0,1,0,,67,4,2010,6,40.1288,-75.0137,1207.0,6,0,0,0,0,0,0,0,0,,0,0,0,99.0,1,2,1,,0,40 07:43.924,,0,75 00:49.810,4,0,0,0,67301,0,0,0,,0,0,0,4,67301,1,,1,1,,,,,0,,0,0,0,3,2,,9999.0,2,2,0,0,0,1,1,3,4,0,2,3,,N,,,,,,,,,,,