CRN,ARRIVAL_TM,AUTOMOBILE_COUNT,BELTED_DEATH_COUNT,BELTED_SUSP_SERIOUS_INJ_COUNT,BICYCLE_COUNT,BICYCLE_DEATH_COUNT,BICYCLE_SUSP_SERIOUS_INJ_COUNT,BUS_COUNT,CHLDPAS_DEATH_COUNT,CHLDPAS_SUSP_SERIOUS_INJ_COUNT,COLLISION_TYPE,COMM_VEH_COUNT,CONS_ZONE_SPD_LIM,COUNTY,CRASH_MONTH,CRASH_YEAR,DAY_OF_WEEK,DEC_LAT,DEC_LONG,DISPATCH_TM,DISTRICT,DRIVER_COUNT_16YR,DRIVER_COUNT_17YR,DRIVER_COUNT_18YR,DRIVER_COUNT_19YR,DRIVER_COUNT_20YR,DRIVER_COUNT_50_64YR,DRIVER_COUNT_65_74YR,DRIVER_COUNT_75PLUS,EST_HRS_CLOSED,FATAL_COUNT,HEAVY_TRUCK_COUNT,HORSE_BUGGY_COUNT,HOUR_OF_DAY,ILLUMINATION,INJURY_COUNT,INTERSECT_TYPE,INTERSECTION_RELATED,LANE_CLOSED,LATITUDE,LN_CLOSE_DIR,LOCATION_TYPE,LONGITUDE,MAX_SEVERITY_LEVEL,MCYCLE_DEATH_COUNT,MCYCLE_SUSP_SERIOUS_INJ_COUNT,MOTORCYCLE_COUNT,MUNICIPALITY,NONMOTR_COUNT,NONMOTR_DEATH_COUNT,NONMOTR_SUSP_SERIOUS_INJ_COUNT,NTFY_HIWY_MAINT,PED_COUNT,PED_DEATH_COUNT,PED_SUSP_SERIOUS_INJ_COUNT,PERSON_COUNT,POLICE_AGCY,POSSIBLE_INJ_COUNT,RDWY_SURF_TYPE_CD,RELATION_TO_ROAD,ROAD_CONDITION,ROADWAY_CLEARED,SCH_BUS_IND,SCH_ZONE_IND,SECONDARY_CRASH,SMALL_TRUCK_COUNT,SPEC_JURIS_CD,SUSP_MINOR_INJ_COUNT,SUSP_SERIOUS_INJ_COUNT,SUV_COUNT,TCD_FUNC_CD,TCD_TYPE,TFC_DETOUR_IND,TIME_OF_DAY,TOT_INJ_COUNT,TOTAL_UNITS,UNB_DEATH_COUNT,UNB_SUSP_SERIOUS_INJ_COUNT,UNBELTED_OCC_COUNT,UNK_INJ_DEG_COUNT,UNK_INJ_PER_COUNT,URBAN_AREA,URBAN_RURAL,VAN_COUNT,VEHICLE_COUNT,WEATHER1,WEATHER2,WORK_ZONE_IND,WORK_ZONE_LOC,WORK_ZONE_TYPE,WORKERS_PRES,WZ_CLOSE_DETOUR,WZ_FLAGGER,WZ_LAW_OFFCR_IND,WZ_LN_CLOSURE,WZ_MOVING,WZ_OTHER,WZ_SHLDER_MDN,WZ_WORKERS_INJ_KILLED
2010039144,1730.0,2,0,0,0,0,0,0,0,0,4,0,,67,3,2010,6,39.9778,-75.2134,1722.0,6,0,0,0,0,0,0,0,0,,0,0,0,17.0,4,1,1,,0,39 58:39.875,,0,75 12:48.192,3,0,0,0,67301,0,0,0,N,0,0,0,2,67301,0,,1,9,,N,N,,0,,1,0,0,3,2,,1721.0,1,2,0,0,0,0,0,3,4,0,2,7,,N,,,,,,,,,,,
2010039168,35.0,2,0,0,0,0,0,0,0,0,1,0,,67,3,2010,1,39.9595,-75.162,30.0,6,0,1,0,0,0,0,0,0,,0,0,0,0.0,3,1,1,,0,39 57:34.154,,0,75 09:43.529,4,0,0,0,67301,0,0,0,,0,0,0,2,67301,1,,1,9,,,,,0,,0,0,0,9,2,,25.0,1,2,0,0,0,0,0,3,4,0,2,7,,N,,,,,,,,,,,
2010039268,820.0,2,0,0,0,0,0,0,0,0,1,0,,67,4,2010,5,39.9462,-75.2142,816.0,6,0,0,0,0,0,0,0,0,,0,0,0,8.0,1,1,0,,0,39 56:46.269,,0,75 12:51.218,8,0,0,0,67301,0,0,0,N,0,0,0,2,67301,0,,1,1,,N,N,,0,,0,0,0,3,2,,813.0,1,2,0,0,0,1,1,3,4,0,2,3,,N,,,,,,,,,,,
2010039269,1955.0,2,0,0,0,0,0,0,0,0,4,0,,67,3,2010,2,39.9595,-75.2332,1955.0,6,0,0,0,0,0,0,0,0,,0,0,0,19.0,3,0,2,,0,39 57:34.088,,0,75 13:59.355,0,0,0,0,67301,0,0,0,N,0,0,0,2,67301,0,,1,1,,N,N,,0,,0,0,0,3,2,,1900.0,0,2,0,0,0,0,0,3,4,0,2,3,,N,,,,,,,,,,,
2010039320,1901.0,2,0,0,0,0,0,0,0,0,1,0,,67,3,2010,4,39.9602,-75.1909,1858.0,6,0,0,0,0,0,0,0,0,,0,0,0,6.0,2,2,1,,0,39 57:36.745,,0,75 11:27.211,8,0,0,0,67301,0,0,0,N,0,0,0,3,67301,0,,1,1,,N,N,,0,,0,0,0,3,1,,645.0,2,2,0,0,0,2,0,3,4,0,2,3,,N,,,,,,,,,,,
2010039321,2145.0,1,0,0,0,0,0,0,0,0,1,0,,67,3,2010,1,39.9196,-75.2028,2138.0,6,0,0,0,0,0,0,0,0,,0,0,0,21.0,2,0,0,,0,39 55:10.522,,3,75 12:10.079,9,0,0,0,67301,0,0,0,Y,0,0,0,2,67301,0,,1,1,,N,N,,0,,0,0,0,0,0,,2115.0,0,2,0,0,0,0,1,3,4,0,2,3,,N,,,,,,,,,,,
2010032402,1837.0,0,0,0,0,0,0,0,0,0,4,0,,67,4,2010,6,40.0741,-75.1909,1834.0,6,0,0,0,0,0,1,0,0,2.0,0,0,0,18.0,1,2,1,,2,40 04:26.624,2.0,0,75 11:27.147,8,0,0,0,67301,0,0,0,N,0,0,0,3,46108,0,,1,1,,N,N,,0,,0,0,1,3,2,N,1834.0,2,2,0,0,0,2,0,3,4,1,2,3,,N,,,,,,,,,,,
2010035306,1522.0,0,0,0,0,0,0,0,0,0,0,0,,67,4,2010,1,,,1522.0,6,0,0,0,0,0,0,0,0,,0,0,0,15.0,1,1,0,,0,,,0,,2,0,1,1,67301,0,0,0,N,0,0,0,1,67501,0,,1,1,,N,N,,0,,0,1,0,0,0,,1522.0,1,1,0,0,0,0,0,3,3,0,1,3,,N,,,,,,,,,,,
2010038284,142.0,2,0,0,0,0,0,0,0,0,4,0,,67,3,2010,5,39.9585,-75.1659,142.0,6,0,0,0,0,0,1,0,0,,2,0,0,1.0,3,0,1,,0,39 57:30.637,,0,75 09:56.095,1,0,0,0,67301,0,0,0,,0,0,0,3,67301,0,2.0,1,1,,,,,0,0.0,0,0,0,3,2,,142.0,0,2,0,0,0,0,0,3,4,0,2,3,,N,,,,,,,,,,,
2010010198,1519.0,0,0,0,0,0,0,0,0,0,7,0,,67,1,2010,1,,,1519.0,6,0,0,0,0,0,0,0,0,1.0,0,0,0,15.0,1,0,0,,1,,3.0,3,,0,0,0,0,67301,0,0,0,N,0,0,0,1,67501,0,,3,1,,N,N,,0,,0,0,1,3,8,N,1519.0,0,1,0,0,1,0,0,3,3,0,1,3,,N,,,,,,,,,,,
2010010262,1439.0,2,0,0,0,0,0,0,0,0,4,0,,67,1,2010,1,39.998,-75.2332,1438.0,6,0,0,0,0,0,0,0,0,,0,0,0,14.0,1,1,1,,0,39 59:52.806,,0,75 13:59.531,4,0,0,0,67301,0,0,0,N,0,0,0,7,46104,1,,1,1,,N,N,,0,,0,0,0,3,3,,1438.0,1,2,0,0,0,0,0,3,4,0,2,3,,N,,,,,,,,,,,
2010019976,1110.0,0,0,0,0,0,0,0,0,0,0,1,,67,2,2010,4,39.9553,-75.1494,1107.0,6,0,0,0,0,0,1,0,0,3.0,0,1,0,11.0,1,1,7,,2,39 57:19.142,3.0,8,75 08:57.678,4,0,0,0,67301,0,0,0,N,0,0,0,1,67501,1,,1,1,,N,N,,0,,0,0,0,0,0,N,1107.0,1,1,0,0,0,0,0,3,4,0,1,3,,N,,,,,,,,,,,
2010017070,1746.0,1,0,0,0,0,0,0,0,0,8,0,,67,1,2010,5,39.9898,-75.1039,1746.0,6,0,0,0,0,0,0,0,0,,0,0,0,17.0,3,1,1,,0,39 59:23.218,,0,75 06:14.002,8,0,0,0,67301,1,0,0,,1,0,0,2,67301,0,,1,1,,N,,,0,,0,0,0,2,2,,1745.0,1,2,0,0,0,1,0,3,4,0,1,3,,N,,,,,,,,,,,
2010017115,1610.0,1,0,0,0,0,0,0,0,0,3,0,,67,1,2010,2,40.0061,-75.14,1605.0,6,0,0,0,0,0,1,0,0,,0,0,0,15.0,1,2,1,,0,40 00:22.111,,0,75 08:23.981,8,0,0,0,67301,0,0,0,,0,0,0,3,67301,0,,1,1,,,,,1,,0,0,0,3,3,,1550.0,2,2,0,0,0,2,0,3,4,0,2,3,,N,,,,,,,,,,,
2010017140,1535.0,1,0,0,0,0,0,0,0,0,8,0,,67,1,2010,1,39.9188,-75.1759,1530.0,6,0,0,0,0,0,1,0,0,,0,0,0,15.0,1,1,2,,0,39 55:07.694,,0,75 10:33.178,4,0,0,0,67301,1,0,0,N,1,0,0,2,67301,1,,1,1,,N,N,,0,,0,0,0,3,3,,1515.0,1,2,0,0,0,0,0,3,4,0,1,3,,N,,,,,,,,,,,
2010017155,1515.0,2,0,0,0,0,0,0,0,0,4,0,,67,1,2010,3,40.0604,-75.167,1511.0,6,0,0,0,0,0,0,0,1,,0,0,0,15.0,1,1,1,,0,40 03:37.486,,0,75 10:01.148,8,0,0,0,67301,0,0,0,N,0,0,0,5,67301,0,,1,1,,N,N,,0,,0,0,0,3,2,,1508.0,1,2,0,0,2,1,0,3,4,0,2,3,,N,,,,,,,,,,,
2010018608,750.0,2,0,0,0,0,0,0,0,0,1,0,,67,1,2010,3,39.9462,-75.1422,737.0,6,0,0,0,0,0,1,0,0,1.0,0,0,0,7.0,1,3,0,,1,39 56:46.830,1.0,0,75 08:31.798,4,0,0,0,67301,0,0,0,N,0,0,0,4,68K01,3,,1,1,,N,N,,0,,0,0,1,0,0,N,735.0,3,3,0,0,0,0,0,3,4,0,3,3,,N,,,,,,,,,,,
2010021454,1633.0,2,0,0,0,0,0,0,0,0,5,0,,67,2,2010,2,40.0275,-75.1102,1628.0,6,0,0,0,0,0,0,0,0,1.0,0,0,0,16.0,1,0,0,,1,40 01:39.185,3.0,0,75 06:36.308,0,0,0,0,67301,0,0,0,,0,0,0,1,67301,0,,1,1,,N,N,,0,,0,0,0,0,0,N,1628.0,0,2,0,0,0,0,0,3,4,0,2,3,,N,,,,,,,,,,,
2010021670,9999.0,2,0,0,0,0,0,0,0,0,6,0,,67,1,2010,1,39.9951,-75.1632,9999.0,6,0,0,0,0,0,0,0,0,,0,0,0,99.0,3,1,1,,0,39 59:42.186,,0,75 09:47.474,4,0,0,0,67301,0,0,0,N,0,0,0,3,67301,1,,1,1,,,,,0,,0,0,0,3,2,,9999.0,1,2,0,0,0,0,0,3,4,0,2,3,,N,,,,,,,,,,,
2010021713,1018.0,1,0,0,0,0,0,0,0,0,4,0,,67,1,2010,3,39.9627,-75.2471,1018.0,6,0,0,0,0,0,0,0,0,,0,0,0,10.0,1,1,1,,0,39 57:45.461,,0,75 14:48.589,8,0,0,0,67301,0,0,0,N,0,0,0,4,67301,0,,1,1,,N,N,,0,,0,0,1,3,2,,1012.0,1,2,0,0,0,1,0,3,4,0,2,3,,N,,,,,,,,,,,
2010094722,16.0,0,0,0,0,0,0,0,0,0,0,0,,67,9,2010,1,39.8924,-75.234,3.0,6,0,0,0,0,0,0,1,0,,0,0,0,0.0,3,1,0,,0,39 53:30.002,,2,75 14:10.754,4,0,0,1,67301,0,0,0,N,0,0,0,1,68K01,1,,1,1,,N,N,,0,,0,0,0,0,0,,1.0,1,1,0,0,0,0,0,3,4,0,1,3,,N,,,,,,,,,,,
2010048466,1800.0,0,0,0,0,0,0,0,0,0,0,0,,67,4,2010,3,39.9714,-75.1594,1800.0,6,0,0,0,0,0,0,0,0,,0,0,0,99.0,1,1,1,,0,39 58:17.205,,0,75 09:33.736,8,0,0,1,67301,0,0,0,Y,0,0,0,1,67301,0,,1,1,,N,N,,0,,0,0,0,0,0,,9999.0,1,1,0,0,0,1,0,3,4,0,1,3,,N,,,,,,,,,,,
2010060707,530.0,0,0,0,0,0,0,0,0,0,4,1,,67,6,2010,1,39.9502,-75.1586,500.0,6,0,0,0,0,0,0,0,0,5.0,0,0,0,3.0,3,0,1,,2,39 57:00.681,3.0,0,75 09:30.817,0,0,0,0,67301,0,0,0,N,0,0,0,3,67301,0,,1,1,,N,N,,1,,0,0,1,3,2,Y,326.0,0,2,0,0,0,0,0,3,4,0,2,3,,N,,,,,,,,,,,
2010075021,1153.0,1,0,0,1,0,0,0,0,0,4,0,,67,7,2010,2,40.0139,-75.126,1152.0,6,0,0,0,0,0,0,0,0,,0,0,0,11.0,1,1,1,,0,40 00:49.975,,0,75 07:33.617,4,0,0,0,67301,1,0,0,N,0,0,0,2,67301,1,,1,9,,N,N,,0,,0,0,0,3,2,,1151.0,1,2,0,0,0,0,0,3,4,0,1,7,,N,,,,,,,,,,,
2010075041,1733.0,2,0,0,0,0,0,0,0,0,4,0,,67,7,2010,1,40.0553,-75.1929,1729.0,6,0,0,0,0,0,0,0,0,,0,0,0,16.0,1,1,1,,0,40 03:19.015,,0,75 11:34.594,4,0,0,0,67301,0,0,0,N,0,0,0,2,67301,1,,1,1,,N,N,,0,,0,0,0,3,2,,1620.0,1,2,0,0,0,0,1,3,4,0,2,3,,N,,,,,,,,,,,
2010098524,341.0,1,0,0,0,0,0,0,0,0,7,0,,67,10,2010,1,39.9807,-75.2061,338.0,6,0,0,0,0,0,0,0,0,,0,0,0,3.0,3,1,0,,0,39 58:53.173,,0,75 12:25.487,3,0,0,0,67301,0,0,0,N,0,0,0,1,68K01,0,,4,1,,N,N,,0,,1,0,0,0,0,,334.0,1,1,0,0,1,0,0,3,4,0,1,3,,N,,,,,,,,,,,
2010099521,45.0,1,0,0,0,0,0,0,0,0,4,0,,67,9,2010,1,39.9831,-75.1012,2346.0,6,0,0,0,0,0,0,0,0,,0,0,0,23.0,3,2,0,,0,39 58:59.278,,7,75 06:04.099,3,0,0,1,67301,0,0,0,N,0,0,0,4,67301,1,,2,1,,N,N,,0,,1,0,0,0,0,,2345.0,2,2,0,0,2,0,0,3,4,0,2,3,,N,,,,,,,,,,,
2010089107,236.0,0,0,0,0,0,0,0,0,0,5,0,,67,8,2010,1,40.0734,-75.0847,230.0,6,0,0,0,1,0,0,0,0,,0,0,0,2.0,3,1,3,,0,40 04:24.158,,0,75 05:04.743,4,0,0,0,67301,1,0,0,N,1,0,0,2,67301,1,,1,1,,N,N,,1,,0,0,0,3,2,,204.0,1,2,0,0,0,0,0,3,4,0,1,3,,N,,,,,,,,,,,
2010094128,2150.0,2,0,0,1,0,0,0,0,0,4,0,,67,8,2010,3,39.9666,-75.1604,2148.0,6,0,0,0,0,0,1,0,0,,0,0,0,21.0,3,1,1,,0,39 57:59.738,,0,75 09:37.523,4,0,0,0,67301,1,0,0,,0,0,0,3,67301,1,,1,1,,,,,0,,0,0,0,3,2,,2100.0,1,3,0,0,1,0,0,3,4,0,2,3,,N,,,,,,,,,,,
2010113621,1327.0,1,0,0,1,0,0,0,0,0,4,0,,67,10,2010,7,39.9503,-75.1917,1327.0,6,0,0,0,0,0,0,0,0,9.0,0,0,0,13.0,1,1,1,,1,39 57:01.078,3.0,0,75 11:30.262,4,0,0,0,67301,1,0,0,N,0,0,0,2,67301,1,,1,1,,N,N,,0,,0,0,0,3,2,Y,1325.0,1,2,0,0,0,0,0,3,4,0,1,3,,N,,,,,,,,,,,
2010094208,748.0,2,0,0,0,0,0,0,0,0,1,0,,67,8,2010,4,39.9907,-75.1405,744.0,6,0,0,0,0,0,0,0,0,,0,0,0,7.0,1,1,0,,0,39 59:26.498,,0,75 08:25.749,4,0,0,0,67301,0,0,0,N,0,0,0,1,67301,1,,6,1,,N,N,,0,,0,0,0,3,2,,706.0,1,2,0,0,0,0,0,3,4,0,2,3,,N,,,,,,,,,,,
2010113736,1111.0,2,0,0,0,0,0,0,0,0,4,0,,67,10,2010,4,39.9634,-75.1694,1110.0,6,0,0,0,0,1,1,0,0,2.0,0,0,0,99.0,1,1,1,,1,39 57:48.568,2.0,0,75 10:09.794,8,0,0,0,67301,0,0,0,N,0,0,0,2,67301,0,,1,1,,N,N,,0,,0,0,0,3,2,N,9999.0,1,2,0,0,0,1,0,3,4,0,2,3,,N,,,,,,,,,,,
2010113752,802.0,2,0,0,0,0,0,0,0,0,5,0,,67,10,2010,2,40.0108,-75.0905,748.0,6,0,0,0,0,0,0,0,0,,0,0,0,7.0,1,1,2,,0,40 00:38.822,,0,75 05:25.850,4,0,0,0,67301,0,0,0,,0,0,0,2,67301,1,,1,1,,N,N,,0,,0,0,1,3,3,,745.0,1,5,0,0,0,0,1,3,4,0,5,3,,N,,,,,,,,,,,
2010093713,2200.0,2,0,0,0,0,0,0,0,0,2,0,,67,9,2010,7,39.9177,-75.1777,2200.0,6,0,0,0,1,0,0,0,0,,0,0,0,21.0,3,2,5,,0,39 55:03.752,,0,75 10:39.799,3,0,0,0,67301,0,0,0,,0,0,0,3,67301,0,,1,1,,,,,0,,1,0,0,3,2,,2158.0,2,2,0,0,0,1,0,3,4,0,2,3,,N,,,,,,,,,,,
2010110814,823.0,1,0,0,0,0,0,0,0,0,8,0,,67,10,2010,4,40.0619,-75.1632,821.0,6,0,0,0,0,0,0,0,0,,0,0,0,7.0,1,1,1,,0,40 03:42.905,,0,75 09:47.363,8,0,0,0,67301,1,0,0,N,1,0,0,2,67301,0,,1,1,,Y,N,,0,,0,0,0,3,2,,754.0,1,2,0,0,0,1,0,3,4,0,1,3,,N,,,,,,,,,,,
2010088954,2005.0,1,0,0,1,0,0,0,0,0,4,0,,67,8,2010,5,39.9979,-75.1043,2002.0,6,0,0,0,0,0,0,0,0,,0,0,0,20.0,3,1,1,,0,39 59:52.368,,0,75 06:15.638,4,0,0,0,67301,1,0,0,N,0,0,0,2,67301,1,,1,1,,N,N,,0,,0,0,0,3,2,,2000.0,1,2,0,0,0,0,0,3,4,0,1,3,,N,,,,,,,,,,,
2010110902,1820.0,2,0,0,0,0,0,0,0,0,4,0,,67,10,2010,7,40.0267,-75.1173,1816.0,6,0,0,0,0,0,2,0,0,1.0,0,0,0,18.0,1,1,1,,2,40 01:36.153,4.0,0,75 07:02.268,3,0,0,0,67301,0,0,0,N,0,0,0,2,67301,0,,1,1,,N,N,,0,,1,0,0,3,2,Y,1814.0,1,2,0,0,0,0,0,3,4,0,2,3,,N,,,,,,,,,,,
2010040559,845.0,1,0,0,0,0,0,0,0,0,1,0,,67,3,2010,5,40.0631,-75.1621,840.0,6,0,0,0,0,0,1,1,0,,0,0,0,7.0,1,3,1,,0,40 03:47.030,,0,75 09:43.378,8,0,0,0,67301,0,0,0,N,0,0,0,5,67301,0,,1,1,,N,N,,2,,0,0,0,2,2,,758.0,3,3,0,0,0,3,0,3,4,0,3,3,,N,,,,,,,,,,,
2010038807,942.0,1,0,0,0,0,0,0,0,0,8,0,,67,3,2010,6,39.9498,-75.1506,927.0,6,0,0,0,0,0,0,0,0,,0,0,0,9.0,1,1,0,,0,39 56:59.204,,0,75 09:02.101,3,0,0,0,67301,1,0,0,,1,0,0,2,67301,0,,6,1,,,,,0,,1,0,0,0,0,,925.0,1,2,0,0,0,0,0,3,4,0,1,3,,N,,,,,,,,,,,
2010122354,745.0,1,0,0,0,0,0,0,0,0,8,0,,67,11,2010,2,40.0159,-75.187,744.0,6,0,0,0,0,0,0,0,0,,0,0,0,7.0,1,1,1,,0,40 00:57.231,,0,75 11:13.347,4,0,0,0,67301,1,0,0,N,1,0,0,2,67301,1,,1,9,,N,N,,0,,0,0,0,0,0,,744.0,1,2,0,0,1,0,0,3,4,0,1,5,,N,,,,,,,,,,,
2010122370,1730.0,0,0,0,0,0,0,0,0,0,8,0,,67,11,2010,7,39.9793,-75.2372,1726.0,6,0,0,0,0,0,0,0,0,,0,0,0,17.0,3,1,0,,0,39 58:45.426,,0,75 14:14.020,4,0,0,0,67301,1,0,0,,1,0,0,2,67301,1,,1,1,,N,N,,1,,0,0,0,0,0,,1720.0,1,2,0,0,0,0,0,3,4,0,1,3,,N,,,,,,,,,,,
2010122387,1016.0,1,0,0,0,0,0,0,0,0,4,0,,67,11,2010,4,39.9273,-75.1448,1011.0,6,0,0,0,0,0,2,0,0,,0,0,0,10.0,1,2,1,,0,39 55:38.469,,0,75 08:41.194,4,0,0,0,67301,0,0,0,,0,0,0,2,67301,1,,1,1,,,,,0,,0,0,1,3,2,,1000.0,2,2,0,0,0,1,0,3,4,0,2,3,,N,,,,,,,,,,,
2010125045,1240.0,1,0,0,0,0,0,0,0,0,7,0,,67,12,2010,1,39.935,-75.1999,1230.0,6,0,0,0,1,0,0,0,0,,0,0,0,12.0,1,0,0,,0,39 56:09.140,,0,75 11:59.107,0,0,0,0,67301,0,0,0,N,0,0,0,1,68K01,0,,2,9,,N,N,,0,,0,0,0,0,0,,1227.0,0,1,0,0,0,0,0,3,4,0,1,3,,N,,,,,,,,,,,
2010038771,1758.0,0,0,0,0,0,0,0,0,0,8,0,,67,3,2010,2,39.9221,-75.1616,1755.0,6,0,0,0,0,0,0,0,0,,0,0,0,17.0,1,1,1,,0,39 55:19.419,,0,75 09:41.738,3,0,0,0,67301,1,0,0,,1,0,0,2,67301,0,,1,9,,N,N,,0,,1,0,0,3,3,,1750.0,1,2,0,0,0,0,0,3,4,1,1,7,,N,,,,,,,,,,,
2010038802,1417.0,1,0,0,0,0,0,0,0,0,5,1,,67,3,2010,2,39.8836,-75.2515,1417.0,6,0,0,0,0,0,0,0,0,,0,1,0,99.0,1,1,2,,0,39 53:01.106,,2,75 15:05.259,3,0,0,0,67301,0,0,0,,0,0,0,3,67301,0,,7,9,,,,,0,,1,0,0,3,2,,9999.0,1,2,0,0,0,0,0,3,4,0,2,7,,N,,,,,,,,,,,
2010038998,825.0,3,0,0,0,0,0,0,0,0,4,0,,67,3,2010,3,40.0352,-75.1455,823.0,6,0,0,0,0,0,0,0,0,9.0,0,0,0,8.0,1,0,1,,1,40 02:06.884,2.0,0,75 08:44.049,0,0,0,0,67301,0,0,0,N,0,0,0,3,67301,0,,1,1,,N,,,0,,0,0,0,3,2,N,815.0,0,3,0,0,0,0,0,3,4,0,3,3,,N,,,,,,,,,,,
2010039135,1535.0,1,0,0,1,0,0,0,0,0,4,0,,67,3,2010,5,39.9342,-75.1582,1525.0,6,0,0,0,0,0,0,0,0,,0,0,0,15.0,1,1,1,,0,39 56:03.076,,0,75 09:29.620,4,0,0,0,67301,1,0,0,N,0,0,0,2,67301,1,,1,1,,N,N,,0,,0,0,0,3,3,,1515.0,1,2,0,0,0,0,0,3,4,0,1,3,,N,,,,,,,,,,,
2010039270,750.0,0,0,0,0,0,0,0,0,0,1,0,,67,3,2010,5,39.9461,-75.2424,743.0,6,0,0,0,0,0,1,0,0,1.0,0,0,0,7.0,1,1,0,,1,39 56:46.026,4.0,0,75 14:32.641,8,0,0,0,67301,0,0,0,N,0,0,0,3,67301,0,,1,1,,N,N,,0,,0,0,2,0,0,N,738.0,1,2,0,0,0,1,0,3,4,0,2,3,,N,,,,,,,,,,,
2010039325,810.0,1,0,0,0,0,0,0,0,0,4,0,,67,4,2010,5,39.954,-75.1448,806.0,6,0,0,0,0,0,2,0,0,,0,0,0,8.0,1,1,1,,0,39 57:14.472,,0,75 08:41.402,8,0,0,0,67301,0,0,0,N,0,0,0,2,67301,0,,1,1,,N,N,,1,,0,0,0,3,2,,801.0,1,2,0,0,2,1,0,3,4,0,2,3,,N,,,,,,,,,,,
2010032578,1439.0,1,0,0,0,0,0,0,0,0,1,0,,67,3,2010,2,39.9651,-75.1607,1437.0,6,0,0,0,0,0,1,0,0,,0,0,0,14.0,1,1,0,,0,39 57:54.462,,0,75 09:38.667,4,0,0,0,67301,1,0,0,N,1,0,0,2,67301,1,,1,1,,N,N,,0,,0,0,0,3,2,,1439.0,1,2,0,0,0,0,0,3,4,0,1,3,,N,,,,,,,,,,,
2010032466,1705.0,3,0,0,0,0,0,0,0,0,4,0,,67,3,2010,3,39.9799,-75.1373,1659.0,6,0,0,0,0,0,0,0,0,,0,0,0,16.0,1,2,0,,0,39 58:47.812,,0,75 08:14.388,8,0,0,0,67301,0,0,0,N,0,0,0,5,67301,0,,1,1,,N,N,,1,,0,0,0,3,2,,1650.0,2,4,0,0,0,2,0,3,4,0,4,3,,N,,,,,,,,,,,
2010032509,844.0,1,0,0,0,0,0,0,0,0,7,0,,67,2,2010,6,39.8779,-75.2134,842.0,6,0,0,0,0,0,0,0,0,,0,0,0,8.0,1,1,0,,0,39 52:40.260,,0,75 12:48.140,4,0,0,0,67301,0,0,0,,0,0,0,1,67301,1,,5,2,,,,,0,,0,0,0,0,0,,842.0,1,1,0,0,0,0,0,3,4,0,1,10,,N,,,,,,,,,,,
2010032727,1240.0,2,0,0,0,0,0,0,0,0,1,0,,67,3,2010,1,40.0397,-75.1104,1238.0,6,0,0,1,0,0,0,0,0,,0,0,0,12.0,1,1,0,,0,40 02:23.060,,0,75 06:37.320,4,0,0,0,67301,0,0,0,,0,0,0,6,67301,1,,1,1,,N,N,,0,,0,0,0,0,0,,1236.0,1,2,0,0,0,0,0,3,4,0,2,3,,N,,,,,,,,,,,
2010008004,2246.0,1,0,0,0,0,0,0,0,0,5,0,,67,1,2010,3,39.8863,-75.2428,2235.0,6,0,0,0,0,0,0,0,0,1.0,0,0,0,22.0,3,1,0,,1,39 53:08.063,1.0,0,75 14:35.667,3,0,0,0,67301,0,0,0,N,0,0,0,2,68K01,0,,1,1,,N,N,,0,,1,0,1,0,0,N,2230.0,1,2,0,0,0,0,0,3,4,0,2,3,,N,,,,,,,,,,,
2010016795,2047.0,1,0,0,0,0,0,0,0,0,1,0,,67,2,2010,4,39.9838,-75.0976,2038.0,6,0,0,0,0,0,1,0,0,1.0,0,0,0,20.0,3,0,0,,1,39 59:01.239,2.0,2,75 05:52.115,9,0,0,0,67301,0,0,0,N,0,0,0,2,68K01,0,,1,1,,N,N,,0,,0,0,0,0,0,Y,2033.0,0,2,0,0,0,0,1,3,4,0,2,3,,N,,,,,,,,,,,
2010017085,7.0,0,0,0,0,0,0,0,0,0,4,0,,67,1,2010,7,40.0313,-75.0849,2359.0,6,0,0,0,1,0,1,0,0,9.0,0,0,0,23.0,3,0,5,,1,40 01:53.078,1.0,0,75 05:05.038,0,0,0,0,67301,0,0,0,N,0,0,0,3,67301,0,,1,1,,N,N,,0,,0,0,2,3,2,N,2357.0,0,2,0,0,0,0,0,3,4,0,2,3,,N,,,,,,,,,,,
2010017141,710.0,1,0,0,0,0,0,1,0,0,5,1,,67,1,2010,5,39.9204,-75.1986,707.0,6,0,0,0,0,0,0,1,0,,0,0,0,7.0,1,1,0,,0,39 55:13.326,,3,75 11:54.985,8,0,0,0,67301,0,0,0,N,0,0,0,4,67301,0,,1,1,,Y,N,,0,,0,0,0,0,0,,705.0,1,2,0,0,0,1,0,3,4,0,2,3,,N,,,,,,,,,,,
2010014324,1815.0,2,0,0,0,0,0,0,0,0,1,0,,67,1,2010,6,39.9722,-75.1936,1810.0,6,0,0,0,0,0,1,0,0,,0,0,0,18.0,3,0,0,,0,39 58:22.926,,0,75 11:37.933,0,0,0,0,67301,0,0,0,N,0,0,0,2,68K01,0,,1,1,,N,N,,0,,0,0,0,0,0,,1801.0,0,2,0,0,0,0,0,3,4,0,2,3,,N,,,,,,,,,,,
2010017153,1610.0,2,0,0,0,0,0,0,0,0,5,0,,67,1,2010,5,40.0654,-75.1584,1553.0,6,0,0,0,0,0,0,1,0,1.0,0,0,0,15.0,1,1,0,,1,40 03:55.374,2.0,0,75 09:30.190,4,0,0,0,67301,0,0,0,N,0,0,0,3,67301,1,,6,1,,N,N,,0,,0,0,0,0,0,N,1545.0,1,2,0,0,0,0,0,3,4,0,2,3,,N,,,,,,,,,,,