CRN,ARRIVAL_TM,AUTOMOBILE_COUNT,BELTED_DEATH_COUNT,BELTED_SUSP_SERIOUS_INJ_COUNT,BICYCLE_COUNT,BICYCLE_DEATH_COUNT,BICYCLE_SUSP_SERIOUS_INJ_COUNT,BUS_COUNT,CHLDPAS_DEATH_COUNT,CHLDPAS_SUSP_SERIOUS_INJ_COUNT,COLLISION_TYPE,COMM_VEH_COUNT,CONS_ZONE_SPD_LIM,COUNTY,CRASH_MONTH,CRASH_YEAR,DAY_OF_WEEK,DEC_LAT,DEC_LONG,DISPATCH_TM,DISTRICT,DRIVER_COUNT_16YR,DRIVER_COUNT_17YR,DRIVER_COUNT_18YR,DRIVER_COUNT_19YR,DRIVER_COUNT_20YR,DRIVER_COUNT_50_64YR,DRIVER_COUNT_65_74YR,DRIVER_COUNT_75PLUS,EST_HRS_CLOSED,FATAL_COUNT,HEAVY_TRUCK_COUNT,HORSE_BUGGY_COUNT,HOUR_OF_DAY,ILLUMINATION,INJURY_COUNT,INTERSECT_TYPE,INTERSECTION_RELATED,LANE_CLOSED,LATITUDE,LN_CLOSE_DIR,LOCATION_TYPE,LONGITUDE,MAX_SEVERITY_LEVEL,MCYCLE_DEATH_COUNT,MCYCLE_SUSP_SERIOUS_INJ_COUNT,MOTORCYCLE_COUNT,MUNICIPALITY,NONMOTR_COUNT,NONMOTR_DEATH_COUNT,NONMOTR_SUSP_SERIOUS_INJ_COUNT,NTFY_HIWY_MAINT,PED_COUNT,PED_DEATH_COUNT,PED_SUSP_SERIOUS_INJ_COUNT,PERSON_COUNT,POLICE_AGCY,POSSIBLE_INJ_COUNT,RDWY_SURF_TYPE_CD,RELATION_TO_ROAD,ROAD_CONDITION,ROADWAY_CLEARED,SCH_BUS_IND,SCH_ZONE_IND,SECONDARY_CRASH,SMALL_TRUCK_COUNT,SPEC_JURIS_CD,SUSP_MINOR_INJ_COUNT,SUSP_SERIOUS_INJ_COUNT,SUV_COUNT,TCD_FUNC_CD,TCD_TYPE,TFC_DETOUR_IND,TIME_OF_DAY,TOT_INJ_COUNT,TOTAL_UNITS,UNB_DEATH_COUNT,UNB_SUSP_SERIOUS_INJ_COUNT,UNBELTED_OCC_COUNT,UNK_INJ_DEG_COUNT,UNK_INJ_PER_COUNT,URBAN_AREA,URBAN_RURAL,VAN_COUNT,VEHICLE_COUNT,WEATHER1,WEATHER2,WORK_ZONE_IND,WORK_ZONE_LOC,WORK_ZONE_TYPE,WORKERS_PRES,WZ_CLOSE_DETOUR,WZ_FLAGGER,WZ_LAW_OFFCR_IND,WZ_LN_CLOSURE,WZ_MOVING,WZ_OTHER,WZ_SHLDER_MDN,WZ_WORKERS_INJ_KILLED
2010021568,700.0,1,0,0,0,0,0,1,0,0,1,1,,67,1,2010,5,39.9914,-75.085,648.0,6,0,0,0,0,0,1,0,0,,0,0,0,6.0,1,1,1,,0,39 59:29.273,,0,75 05:05.743,4,0,0,0,67301,0,0,0,,0,0,0,2,67301,1,,1,1,,Y,,,0,,0,0,0,3,3,,635.0,1,2,0,0,0,0,0,3,4,0,2,3,,N,,,,,,,,,,,
2010021727,1200.0,1,0,0,0,0,0,0,0,0,7,0,,67,1,2010,6,40.0502,-75.2037,1155.0,6,0,0,0,0,0,0,0,0,2.0,0,0,0,11.0,1,1,0,,2,40 03:00.574,6.0,0,75 12:13.488,8,0,0,0,67301,0,0,0,N,0,0,0,1,67301,0,,5,1,,N,N,,0,,0,0,0,0,0,Y,1150.0,1,1,0,0,1,1,0,3,4,0,1,3,,N,,,,,,,,,,,
2010021673,1210.0,0,0,0,0,0,0,0,0,0,8,0,,67,1,2010,6,40.0152,-75.067,1203.0,6,0,0,0,0,0,0,0,1,,0,0,0,7.0,1,1,2,,0,40 00:54.838,,0,75 04:01.221,3,0,0,0,67301,1,0,0,N,1,0,0,2,67301,0,,1,1,,N,N,,0,,1,0,0,0,0,,715.0,1,2,0,0,0,0,0,3,4,1,1,3,,N,,,,,,,,,,,
2010021698,22.0,2,0,0,0,0,0,0,0,0,4,0,,67,1,2010,3,39.9909,-75.1178,18.0,6,0,0,0,0,0,0,0,0,,0,0,0,0.0,3,2,1,,0,39 59:27.081,,0,75 07:04.025,4,0,0,0,67301,0,0,0,N,0,0,0,3,67301,2,,1,1,,N,N,,0,,0,0,0,3,3,,10.0,2,2,0,0,0,0,0,3,4,0,2,3,,N,,,,,,,,,,,
2010021877,1800.0,0,0,0,0,0,0,0,0,0,7,0,,67,1,2010,3,39.9778,-75.2002,1755.0,6,0,0,0,0,0,0,0,0,1.0,0,0,0,17.0,3,0,0,,1,39 58:40.030,3.0,0,75 12:00.710,0,0,0,0,67301,0,0,0,N,0,0,0,1,67301,0,,2,1,,N,N,,0,,0,0,0,0,0,N,1750.0,0,1,0,0,0,0,0,3,4,1,1,3,,N,,,,,,,,,,,
2010117979,2230.0,0,0,0,0,0,0,0,0,0,8,0,,67,10,2010,5,39.9379,-75.1667,2227.0,6,0,0,0,0,0,0,0,0,,0,0,0,22.0,3,1,1,,0,39 56:16.111,,0,75 10:00.162,8,0,0,0,67301,1,0,0,N,1,0,0,2,67301,0,,1,1,,N,N,,0,,0,0,0,3,2,,2200.0,1,2,0,0,0,1,0,3,4,0,1,3,,N,,,,,,,,,,,
2010118023,138.0,1,0,0,0,0,0,0,0,0,7,0,,67,11,2010,6,40.0325,-75.0808,130.0,6,0,0,0,0,0,0,0,0,2.0,0,0,0,1.0,3,0,0,,2,40 01:57.007,1.0,0,75 04:51.115,0,0,0,0,67301,0,0,0,,0,0,0,1,67301,0,,3,2,,N,N,,0,,0,0,0,0,0,Y,125.0,0,1,0,0,0,0,0,3,4,0,1,7,,N,,,,,,,,,,,
2010074861,1912.0,1,0,0,0,0,0,0,0,0,4,0,,67,7,2010,3,40.0677,-75.1653,1902.0,6,0,0,0,1,0,1,0,0,,0,0,0,19.0,1,1,2,,0,40 04:03.741,,0,75 09:55.126,8,0,0,0,67301,0,0,0,N,0,0,0,3,67301,0,,1,9,,N,N,,0,,0,0,2,3,3,,1902.0,1,3,0,0,0,1,0,3,4,0,3,3,,N,,,,,,,,,,,
2010044720,1800.0,2,0,0,0,0,0,0,0,0,4,0,,67,4,2010,7,40.015,-75.1478,1752.0,6,0,0,0,0,0,0,0,0,,0,0,0,99.0,1,2,2,,0,40 00:54.086,,0,75 08:51.917,4,0,0,0,67301,0,0,0,,0,0,0,2,67301,2,,1,1,,,,,0,,0,0,0,3,3,,9999.0,2,2,0,0,0,0,0,3,4,0,2,3,,N,,,,,,,,,,,
2010103936,2255.0,2,0,0,0,0,0,0,0,0,1,0,,67,9,2010,5,40.0337,-75.0856,2255.0,6,0,0,0,1,0,0,0,0,,0,0,0,22.0,3,1,0,,0,40 02:01.366,,0,75 05:08.126,8,0,0,0,67301,0,0,0,N,0,0,0,1,67301,0,,1,9,,N,N,,0,,0,0,0,0,0,,2250.0,1,2,0,0,0,1,0,3,4,0,2,7,,N,,,,,,,,,,,
2010094121,1420.0,0,0,0,0,0,0,0,0,0,8,0,,67,8,2010,6,39.9559,-75.2044,1420.0,6,0,0,0,0,0,0,0,0,,0,0,0,14.0,1,1,0,,0,39 57:21.234,,0,75 12:15.795,4,0,0,0,67301,1,0,0,N,1,0,0,2,67301,1,,6,1,,N,N,,1,,0,0,0,0,0,,1417.0,1,2,0,0,0,0,0,3,4,0,1,3,,N,,,,,,,,,,,
2010094185,1640.0,2,0,0,0,0,0,0,0,0,5,0,,67,8,2010,2,40.0096,-75.1529,1635.0,6,0,0,0,0,0,0,0,0,,0,0,0,16.0,1,2,0,,0,40 00:34.628,,0,75 09:10.368,4,0,0,0,67301,3,0,0,N,2,0,0,5,67301,2,,6,1,,N,N,,0,,0,0,1,3,2,,1635.0,2,5,0,0,0,0,0,3,4,0,3,3,,N,,,,,,,,,,,
2010113723,2020.0,2,0,0,0,0,0,0,0,0,3,0,,67,10,2010,6,39.93,-75.2193,2015.0,6,0,0,0,0,0,0,1,0,,0,0,0,20.0,3,1,0,,0,39 55:47.829,,0,75 13:09.513,8,0,0,0,67301,1,0,0,,0,0,0,2,67301,0,,6,1,,,,,0,,0,0,0,0,0,,2005.0,1,2,0,0,0,1,0,3,4,0,2,3,,N,,,,,,,,,,,
2010088937,1040.0,1,0,0,0,0,0,0,0,0,4,0,,67,8,2010,1,39.9713,-75.2273,1033.0,6,0,0,0,0,0,0,0,0,,0,0,0,10.0,1,4,1,,0,39 58:16.582,,0,75 13:38.114,4,0,0,0,67301,0,0,0,N,0,0,0,5,67301,4,,1,1,,N,N,,0,,0,0,0,3,2,,1033.0,4,2,0,0,0,0,0,3,4,0,2,3,,N,,,,,,,,,,,
2010110822,1706.0,1,0,0,0,0,0,0,0,0,1,0,,67,10,2010,2,39.9903,-75.1387,1701.0,6,0,0,0,0,0,0,0,0,,0,0,0,17.0,1,1,1,,0,39 59:24.990,,0,75 08:19.269,4,0,0,0,67301,1,0,0,N,0,0,0,2,67301,1,,1,9,,N,N,,0,,0,0,1,3,3,,1700.0,1,2,0,0,0,0,1,3,4,0,2,7,,N,,,,,,,,,,,
2010069711,610.0,2,0,0,0,0,0,0,0,0,1,0,,67,6,2010,4,39.9397,-75.2171,606.0,6,0,0,1,0,0,0,0,0,,0,0,0,6.0,1,0,0,,0,39 56:22.741,,0,75 13:01.509,0,0,0,0,67301,0,0,0,,0,0,0,1,37301,0,,1,1,,,,,0,,0,0,0,0,0,,603.0,0,2,0,0,0,0,0,3,4,0,2,3,,N,,,,,,,,,,,
2010040541,1258.0,2,0,0,0,0,0,0,0,0,1,0,,67,3,2010,7,40.0459,-75.0311,1255.0,6,0,1,0,0,0,1,0,0,,0,0,0,12.0,1,1,0,,0,40 02:45.074,,0,75 01:51.956,4,0,0,0,67301,0,0,0,N,0,0,0,2,67301,1,,1,9,,N,N,,0,,0,0,0,0,0,,1245.0,1,2,0,0,0,0,0,3,4,0,2,7,,N,,,,,,,,,,,
2010037969,2131.0,2,0,0,0,0,0,0,0,0,5,0,,67,4,2010,6,39.9956,-75.083,2123.0,6,0,0,0,1,0,0,0,0,,0,0,0,21.0,3,1,0,,0,39 59:44.698,,0,75 04:58.658,4,0,0,0,67301,0,0,0,N,0,0,0,2,68K01,1,,3,9,,N,N,,0,,0,0,0,0,0,,2123.0,1,2,0,0,0,0,1,3,4,0,2,7,,N,,,,,,,,,,,
2010038138,1650.0,2,0,0,0,0,0,0,0,0,4,0,,67,2,2010,7,39.9795,-75.1642,1645.0,6,0,0,0,0,0,0,0,0,,0,0,0,16.0,1,1,1,,0,39 58:46.218,,0,75 09:51.248,3,0,0,0,67301,2,0,0,,2,0,0,8,67301,0,,1,9,,N,N,,0,,1,0,0,2,2,,1639.0,1,4,0,0,0,0,0,3,4,0,2,3,,N,,,,,,,,,,,
2010085375,1800.0,1,0,0,0,0,0,0,0,0,7,0,,67,7,2010,4,39.9447,-75.1582,1550.0,6,0,1,0,0,0,0,0,0,,0,0,0,99.0,1,0,1,,0,39 56:40.905,,0,75 09:29.527,0,0,0,0,67301,0,0,0,N,0,0,0,1,67301,0,,5,1,,N,N,,0,,0,0,0,3,2,,9999.0,0,1,0,0,1,0,0,3,4,0,1,3,,N,,,,,,,,,,,
2010038803,846.0,1,0,0,0,0,0,0,0,0,8,0,,67,3,2010,7,39.9358,-75.2286,846.0,6,0,0,0,0,0,1,0,0,,0,0,0,8.0,1,1,1,,0,39 56:08.815,,0,75 13:42.823,4,0,0,0,67301,1,0,0,N,1,0,0,2,67301,1,,1,1,,N,N,,0,,0,0,0,3,2,,845.0,1,2,0,0,0,0,0,3,4,0,1,3,,N,,,,,,,,,,,
2010038811,1611.0,1,0,0,1,0,0,0,0,0,4,0,,67,4,2010,6,40.0348,-75.1175,1609.0,6,0,0,0,0,0,0,0,0,,0,0,0,15.0,1,1,1,,0,40 02:05.216,,0,75 07:03.112,4,0,0,0,67301,1,0,0,N,0,0,0,2,67301,1,,1,1,,N,Y,,0,,0,0,0,3,2,,1505.0,1,2,0,0,0,0,0,3,4,0,1,3,,N,,,,,,,,,,,
2010122570,1620.0,0,0,0,0,0,0,0,0,0,4,0,,67,11,2010,3,40.0202,-75.1266,1619.0,6,1,0,0,0,0,1,0,0,,0,0,0,16.0,1,1,2,,0,40 01:12.594,,0,75 07:35.673,4,0,0,1,67301,0,0,0,,0,0,0,2,67301,1,,1,1,,,,,0,,0,0,1,0,0,,1612.0,1,2,0,0,0,0,0,3,4,0,2,3,,N,,,,,,,,,,,
2010122626,1753.0,2,0,0,0,0,0,0,0,0,4,0,,67,11,2010,6,39.9396,-75.2203,1752.0,6,0,0,0,0,0,0,0,0,,0,0,0,17.0,1,1,1,,0,39 56:22.383,,0,75 13:13.087,4,0,0,0,67301,0,0,0,N,0,0,0,2,67301,1,,1,1,,N,N,,0,,0,0,0,3,2,,1730.0,1,2,0,0,0,0,0,3,4,0,2,3,,N,,,,,,,,,,,
2010039120,1506.0,3,0,0,0,0,0,0,0,0,4,0,,67,4,2010,6,40.0911,-75.047,1504.0,6,0,0,0,0,0,1,1,0,1.0,0,0,0,15.0,1,4,2,,1,40 05:27.780,4.0,0,75 02:49.339,4,0,0,0,67301,0,0,0,N,0,0,0,7,67301,1,,1,1,,N,N,,0,,0,0,0,3,3,N,1500.0,4,3,0,0,0,3,0,3,4,0,3,3,,N,,,,,,,,,,,
2010122645,335.0,1,0,0,1,0,0,0,0,0,4,0,,67,11,2010,7,39.9399,-75.198,335.0,6,0,0,0,0,0,0,0,0,,0,0,0,3.0,6,1,0,,0,39 56:23.793,,7,75 11:52.757,4,0,0,0,67301,1,0,0,,0,0,0,2,67301,1,,1,1,,,,,0,,0,0,0,0,0,,330.0,1,2,0,0,0,0,0,3,4,0,1,3,,N,,,,,,,,,,,
2010039161,726.0,2,0,0,0,0,0,0,0,0,1,0,,67,3,2010,6,39.9666,-75.2398,726.0,6,0,0,0,0,0,1,0,0,,0,0,0,7.0,1,1,1,,0,39 57:59.670,,0,75 14:23.337,8,0,0,0,67301,0,0,0,,0,0,0,2,67301,0,,1,1,,,,,0,,0,0,0,3,2,,723.0,1,2,0,0,0,1,1,3,4,0,2,3,,N,,,,,,,,,,,
2010039169,1014.0,1,0,0,0,0,0,0,0,0,1,1,,67,3,2010,6,39.9505,-75.1658,1012.0,6,0,0,0,0,0,0,0,0,1.0,0,1,0,9.0,1,0,0,,1,39 57:01.837,2.0,0,75 09:56.790,0,0,0,0,67301,1,0,0,,0,0,0,2,67301,0,,1,1,,,,,0,,0,0,0,0,0,N,952.0,0,2,0,0,0,0,0,3,4,0,2,3,,N,,,,,,,,,,,
2010039285,1630.0,0,0,0,1,0,0,0,0,0,8,0,,67,3,2010,4,39.9875,-75.1191,1626.0,6,0,0,0,0,0,0,0,0,,0,0,0,16.0,1,2,1,,0,39 59:14.888,,0,75 07:08.601,4,0,0,0,67301,2,0,0,N,1,0,0,3,67301,1,,1,1,,N,N,,1,,0,0,0,3,3,,1623.0,2,3,0,0,0,1,0,3,4,0,1,3,,N,,,,,,,,,,,
2010031752,1828.0,0,0,0,0,0,0,0,0,0,7,0,,67,3,2010,7,39.9598,-75.1784,1822.0,6,0,0,0,0,0,1,0,0,2.0,0,0,0,18.0,1,0,7,,2,39 57:35.399,3.0,2,75 10:42.496,0,0,0,0,67301,0,0,0,N,0,0,0,1,68K01,0,,7,1,,N,N,,0,,0,0,1,0,0,N,1818.0,0,1,0,0,0,0,0,3,4,0,1,3,,N,,,,,,,,,,,
2010032580,2035.0,1,0,0,0,0,0,0,0,0,8,0,,67,3,2010,6,39.9954,-75.2341,2029.0,6,0,0,0,0,0,0,1,0,,0,0,0,17.0,6,1,0,,0,39 59:43.468,,0,75 14:02.691,4,0,0,0,67301,1,0,0,N,1,0,0,2,67301,1,,1,1,,N,N,,0,,0,0,0,0,0,,1710.0,1,2,0,0,0,0,1,3,4,0,1,3,,N,,,,,,,,,,,
2010035511,122.0,1,0,0,0,0,0,0,0,0,7,0,,67,3,2010,6,40.0788,-75.2012,118.0,6,0,0,1,0,0,0,0,0,2.0,0,0,0,0.0,3,0,0,,2,40 04:43.628,6.0,0,75 12:04.386,0,0,0,0,67301,0,0,0,N,0,0,0,3,67301,0,,5,1,,N,N,,0,,0,0,0,0,0,Y,30.0,0,1,0,0,0,0,0,3,4,0,1,3,,N,,,,,,,,,,,
2010017130,38.0,0,0,0,0,0,0,0,0,0,8,0,,67,1,2010,3,39.9381,-75.1685,37.0,6,0,0,0,0,0,1,0,0,3.0,0,0,0,0.0,3,1,1,,1,39 56:17.059,3.0,0,75 10:06.455,8,0,0,0,67301,1,0,0,N,1,0,0,3,67301,0,,1,9,,N,N,,0,,0,0,1,3,2,N,35.0,1,2,0,0,0,1,0,3,4,0,1,98,,N,,,,,,,,,,,
2010017223,1659.0,0,0,0,0,0,0,0,0,0,8,0,,67,1,2010,2,39.9752,-75.1211,1657.0,6,0,0,0,0,0,0,0,0,,0,0,0,16.0,4,1,1,,0,39 58:34.464,,0,75 07:11.128,4,0,0,0,67301,1,0,0,N,1,0,0,2,67301,1,,1,1,,N,N,,1,,0,0,0,3,2,,1657.0,1,2,0,0,0,0,0,3,4,0,1,3,,N,,,,,,,,,,,
2010021559,9999.0,2,0,0,0,0,0,0,0,0,4,0,,67,1,2010,7,40.0245,-75.147,1834.0,6,0,0,0,0,0,0,0,0,,0,0,0,99.0,3,3,0,,0,40 01:28.056,,0,75 08:49.178,8,0,0,0,67301,0,0,0,N,0,0,0,4,67301,0,,1,7,,N,N,,0,,0,0,0,0,0,,9999.0,3,2,0,0,0,3,0,3,4,0,2,10,,N,,,,,,,,,,,
2010021715,809.0,1,0,0,0,0,0,0,0,0,7,0,,67,1,2010,3,39.9718,-75.1258,809.0,6,0,0,0,0,0,1,0,0,,0,0,0,8.0,1,1,0,,0,39 58:18.754,,0,75 07:31.548,4,0,0,0,67301,0,0,0,N,0,0,0,1,67301,1,,3,1,,N,N,,0,,0,0,0,0,0,,808.0,1,1,0,0,0,0,0,3,4,0,1,3,,N,,,,,,,,,,,
2010021868,637.0,1,0,0,0,0,0,0,0,0,8,0,,67,1,2010,3,39.9726,-75.2596,634.0,6,0,0,0,0,0,1,0,0,,0,0,0,6.0,3,1,5,,0,39 58:21.514,,0,75 15:34.689,4,0,0,0,67301,2,0,0,,2,0,0,3,67301,1,,1,1,,N,N,,0,,0,0,0,3,2,,630.0,1,3,0,0,0,0,1,3,4,0,1,3,,N,,,,,,,,,,,
2010021869,1707.0,1,0,0,0,0,0,0,0,0,1,1,,67,1,2010,3,40.0187,-75.1017,1706.0,6,0,0,0,0,0,0,0,0,,0,1,0,16.0,1,1,2,,0,40 01:07.309,,0,75 06:05.983,4,0,0,0,67301,0,0,0,N,0,0,0,2,67301,1,,1,1,,N,N,,0,,0,0,0,3,3,,1650.0,1,2,0,0,0,0,0,3,4,0,2,3,,N,,,,,,,,,,,
2010121135,1425.0,2,0,0,0,0,0,0,0,0,4,0,,67,12,2010,3,40.0257,-75.1251,1416.0,6,0,0,0,0,1,0,0,0,,0,0,0,14.0,1,1,1,,0,40 01:31.774,,0,75 07:31.582,8,0,0,0,67301,0,0,0,N,0,0,0,3,67301,0,,1,1,,N,N,,1,,0,0,0,3,2,,1416.0,1,3,0,0,0,1,0,3,4,0,3,3,,N,,,,,,,,,,,
2010050819,2302.0,2,0,0,0,0,0,0,0,0,8,0,,67,5,2010,7,40.0069,-75.1329,2300.0,6,0,0,0,0,0,0,0,0,9.0,1,0,0,22.0,3,0,0,,2,40 00:24.800,6.0,0,75 07:58.613,1,0,0,0,67301,1,1,0,N,1,1,0,2,67301,0,2.0,1,1,,N,N,,0,0.0,0,0,0,0,0,Y,2257.0,0,3,0,0,0,0,0,3,4,0,2,3,,N,,,,,,,,,,,
2010052898,550.0,1,0,0,0,0,0,0,0,0,0,0,,67,5,2010,1,39.9804,-75.2057,548.0,6,0,0,0,0,0,0,0,0,1.0,0,0,0,5.0,5,1,0,,2,39 58:52.162,3.0,0,75 12:24.379,8,0,0,0,67301,0,0,0,N,0,0,0,1,68K01,0,,4,9,,N,N,,0,,0,0,0,0,0,N,543.0,1,1,0,0,1,1,0,3,4,0,1,3,,N,,,,,,,,,,,
2010074984,1915.0,1,0,0,0,0,0,0,0,0,4,0,,67,6,2010,6,39.9772,-75.1136,1915.0,6,0,0,0,0,0,0,0,0,,0,0,0,19.0,4,1,0,,0,39 58:38.404,,0,75 06:49.271,4,0,0,1,67301,0,0,0,N,0,0,0,1,67301,1,,1,1,,N,N,,0,,0,0,0,0,0,,1915.0,1,2,0,0,0,0,0,3,4,0,2,3,,N,,,,,,,,,,,
2010074864,1600.0,3,0,0,0,0,0,0,0,0,1,0,,67,4,2010,4,39.9442,-75.2166,1550.0,6,0,0,0,0,0,0,0,0,,0,0,0,15.0,1,1,1,,0,39 56:38.959,,0,75 12:59.632,4,0,0,0,67301,0,0,0,,0,0,0,3,67301,1,,1,1,,,,,0,,0,0,0,3,2,,1545.0,1,3,0,0,0,0,0,3,4,0,3,3,,N,,,,,,,,,,,
2010074877,1235.0,2,0,0,0,0,0,0,0,0,4,0,,67,7,2010,1,40.0428,-75.0631,1228.0,6,0,0,0,0,0,1,0,1,,0,0,0,12.0,1,2,1,,0,40 02:34.252,,0,75 03:47.603,3,0,0,0,67301,0,0,0,N,0,0,0,2,67301,0,,1,1,,,,,0,,2,0,0,3,2,,1228.0,2,2,0,0,2,0,0,3,4,0,2,3,,N,,,,,,,,,,,
2010074879,910.0,0,0,0,1,0,0,0,0,0,4,0,,67,7,2010,1,39.9979,-75.1043,910.0,6,0,0,0,0,0,0,0,0,,0,0,0,23.0,3,1,1,,0,39 59:52.368,,0,75 06:15.638,4,0,0,0,67301,1,0,0,,0,0,0,2,67301,1,,1,1,,N,N,,0,,0,0,1,3,3,,2320.0,1,2,0,0,0,0,0,3,4,0,1,3,,N,,,,,,,,,,,
2010074899,9999.0,1,0,0,0,0,0,0,0,0,1,0,,67,7,2010,5,40.0563,-75.141,1807.0,6,0,0,0,0,0,0,0,0,,0,0,0,18.0,1,1,0,,0,40 03:22.539,,0,75 08:27.562,4,0,0,1,67301,0,0,0,,0,0,0,4,67301,1,,1,1,,,,,0,,0,0,2,0,0,,1800.0,1,4,0,0,0,0,1,3,4,0,4,3,,N,,,,,,,,,,,
2010069883,2350.0,0,0,0,0,0,0,0,0,0,1,0,,67,6,2010,1,40.0746,-75.0351,2344.0,6,0,0,0,0,0,0,0,0,2.0,0,0,0,23.0,3,0,1,,1,40 04:28.594,3.0,0,75 02:06.267,0,0,0,0,67301,0,0,0,N,0,0,0,2,67301,0,,1,1,,N,N,,1,,0,0,1,3,2,Y,2340.0,0,2,0,0,0,0,0,3,4,0,2,3,,N,,,,,,,,,,,
2010045264,1711.0,2,0,0,0,0,0,0,0,0,1,0,,67,4,2010,2,39.9351,-75.1998,1659.0,6,0,0,0,0,0,0,0,0,2.0,0,0,0,16.0,1,1,0,,1,39 56:11.271,4.0,0,75 11:57.745,3,0,0,0,67301,0,0,0,N,0,0,0,3,68K01,0,,1,1,,N,N,,0,,1,0,1,0,0,N,1658.0,1,3,0,0,0,0,0,3,4,0,3,3,,N,,,,,,,,,,,
2010072485,1930.0,1,0,0,1,0,0,0,0,0,5,0,,67,4,2010,1,39.9288,-75.1687,1927.0,6,0,0,0,0,0,0,0,0,,0,0,0,19.0,3,1,0,,0,39 55:43.239,,0,75 10:07.257,4,0,0,0,67301,1,0,0,N,0,0,0,2,67301,1,,1,9,,N,N,,0,,0,0,1,0,0,,1925.0,1,3,0,0,0,0,0,3,4,0,2,7,,N,,,,,,,,,,,
2010062055,9999.0,0,0,0,0,0,0,0,0,0,8,0,,67,4,2010,1,40.0334,-75.1312,700.0,6,0,0,0,0,0,0,0,0,,0,0,0,5.0,1,1,1,,0,40 02:00.178,,6,75 07:52.165,4,0,0,0,67301,1,0,0,N,1,0,0,2,67301,1,,1,9,,N,N,,0,,0,0,1,3,2,,500.0,1,2,0,0,0,0,0,3,4,0,1,7,,N,,,,,,,,,,,
2010081521,2117.0,1,0,0,0,0,0,0,0,0,8,0,,67,7,2010,2,40.0245,-75.1478,2115.0,6,0,0,0,1,0,0,0,0,3.0,0,0,0,21.0,3,1,1,,1,40 01:28.097,2.0,0,75 08:52.131,3,0,0,0,67301,1,0,0,N,1,0,0,4,67301,0,,1,1,,N,N,,0,,1,0,0,2,2,Y,2115.0,1,2,0,0,0,0,0,3,4,0,1,3,,N,,,,,,,,,,,
2010044530,9999.0,2,0,0,0,0,0,0,0,0,4,0,,67,4,2010,1,40.0582,-75.1404,1218.0,6,0,0,0,0,0,0,0,0,,0,0,0,12.0,1,0,1,,0,40 03:29.512,,0,75 08:25.526,0,0,0,0,67301,0,0,0,N,0,0,0,4,67301,0,,1,1,,N,N,,0,,0,0,0,3,2,,1218.0,0,3,0,0,0,0,0,3,4,1,3,3,,N,,,,,,,,,,,
2010105890,2009.0,0,0,0,0,0,0,0,0,0,8,0,,67,9,2010,6,39.9484,-75.171,2005.0,6,0,0,0,0,0,0,0,0,,0,0,0,20.0,3,1,2,,0,39 56:54.165,,0,75 10:15.747,4,0,0,0,67301,1,0,0,N,1,0,0,3,67301,1,,2,1,,N,N,,0,,0,0,1,3,2,,2000.0,1,2,0,0,0,0,0,3,4,0,1,3,,N,,,,,,,,,,,
2010105897,937.0,1,0,0,0,0,0,0,0,0,1,0,,67,9,2010,5,39.9615,-75.1517,931.0,6,0,0,0,0,0,0,0,0,,0,0,0,9.0,1,1,1,,0,39 57:41.633,,0,75 09:06.404,4,0,0,0,67301,0,0,0,N,0,0,0,2,67301,1,,1,9,,N,N,,1,,0,0,0,3,2,,915.0,1,2,0,0,0,0,0,3,4,0,2,3,,N,,,,,,,,,,,
2010094203,47.0,1,0,0,0,0,0,0,0,0,7,0,,67,8,2010,4,40.0047,-75.1722,44.0,6,0,0,0,0,0,1,0,0,,0,0,0,0.0,3,0,0,,0,40 00:16.816,,0,75 10:19.795,0,0,0,0,67301,0,0,0,N,0,0,0,2,67301,0,,1,1,,N,N,,0,,0,0,0,0,0,,42.0,0,1,0,0,0,0,0,3,4,0,1,3,,N,,,,,,,,,,,
2010094213,113.0,0,0,0,0,0,0,0,0,0,7,0,,67,8,2010,7,39.9665,-75.1369,110.0,6,0,0,0,0,0,0,0,0,,0,0,0,1.0,3,1,2,,0,39 57:59.536,,0,75 08:12.911,8,0,0,1,67301,0,0,0,,0,0,0,2,67301,0,,2,1,,,,,0,,0,0,0,3,3,,100.0,1,1,0,0,0,1,1,3,4,0,1,3,,N,,,,,,,,,,,
2010094283,1322.0,0,0,0,1,0,0,0,0,0,4,1,,67,8,2010,7,40.0269,-75.2272,1322.0,6,0,0,0,0,0,1,0,0,,0,1,0,12.0,1,1,1,,0,40 01:36.847,,0,75 13:37.905,4,0,0,0,67301,1,0,0,,0,0,0,2,67301,1,,1,1,,,,,0,,0,0,0,0,0,,1245.0,1,2,0,0,0,0,0,3,4,0,1,3,,N,,,,,,,,,,,
2010113739,2225.0,1,0,0,0,0,0,0,0,0,4,0,,67,10,2010,3,39.9467,-75.1746,2222.0,6,0,0,0,0,0,1,0,0,,0,0,0,22.0,3,0,0,,0,39 56:48.087,,7,75 10:28.617,0,0,0,0,67301,0,0,0,N,0,0,0,2,67301,0,,7,1,,N,N,,1,,0,0,0,0,0,,2222.0,0,2,0,0,0,0,0,3,4,0,2,3,,N,,,,,,,,,,,