CRN,ARRIVAL_TM,AUTOMOBILE_COUNT,BELTED_DEATH_COUNT,BELTED_SUSP_SERIOUS_INJ_COUNT,BICYCLE_COUNT,BICYCLE_DEATH_COUNT,BICYCLE_SUSP_SERIOUS_INJ_COUNT,BUS_COUNT,CHLDPAS_DEATH_COUNT,CHLDPAS_SUSP_SERIOUS_INJ_COUNT,COLLISION_TYPE,COMM_VEH_COUNT,CONS_ZONE_SPD_LIM,COUNTY,CRASH_MONTH,CRASH_YEAR,DAY_OF_WEEK,DEC_LAT,DEC_LONG,DISPATCH_TM,DISTRICT,DRIVER_COUNT_16YR,DRIVER_COUNT_17YR,DRIVER_COUNT_18YR,DRIVER_COUNT_19YR,DRIVER_COUNT_20YR,DRIVER_COUNT_50_64YR,DRIVER_COUNT_65_74YR,DRIVER_COUNT_75PLUS,EST_HRS_CLOSED,FATAL_COUNT,HEAVY_TRUCK_COUNT,HORSE_BUGGY_COUNT,HOUR_OF_DAY,ILLUMINATION,INJURY_COUNT,INTERSECT_TYPE,INTERSECTION_RELATED,LANE_CLOSED,LATITUDE,LN_CLOSE_DIR,LOCATION_TYPE,LONGITUDE,MAX_SEVERITY_LEVEL,MCYCLE_DEATH_COUNT,MCYCLE_SUSP_SERIOUS_INJ_COUNT,MOTORCYCLE_COUNT,MUNICIPALITY,NONMOTR_COUNT,NONMOTR_DEATH_COUNT,NONMOTR_SUSP_SERIOUS_INJ_COUNT,NTFY_HIWY_MAINT,PED_COUNT,PED_DEATH_COUNT,PED_SUSP_SERIOUS_INJ_COUNT,PERSON_COUNT,POLICE_AGCY,POSSIBLE_INJ_COUNT,RDWY_SURF_TYPE_CD,RELATION_TO_ROAD,ROAD_CONDITION,ROADWAY_CLEARED,SCH_BUS_IND,SCH_ZONE_IND,SECONDARY_CRASH,SMALL_TRUCK_COUNT,SPEC_JURIS_CD,SUSP_MINOR_INJ_COUNT,SUSP_SERIOUS_INJ_COUNT,SUV_COUNT,TCD_FUNC_CD,TCD_TYPE,TFC_DETOUR_IND,TIME_OF_DAY,TOT_INJ_COUNT,TOTAL_UNITS,UNB_DEATH_COUNT,UNB_SUSP_SERIOUS_INJ_COUNT,UNBELTED_OCC_COUNT,UNK_INJ_DEG_COUNT,UNK_INJ_PER_COUNT,URBAN_AREA,URBAN_RURAL,VAN_COUNT,VEHICLE_COUNT,WEATHER1,WEATHER2,WORK_ZONE_IND,WORK_ZONE_LOC,WORK_ZONE_TYPE,WORKERS_PRES,WZ_CLOSE_DETOUR,WZ_FLAGGER,WZ_LAW_OFFCR_IND,WZ_LN_CLOSURE,WZ_MOVING,WZ_OTHER,WZ_SHLDER_MDN,WZ_WORKERS_INJ_KILLED
2010093694,1603.0,1,0,0,0,0,0,0,0,0,7,0,,67,8,2010,6,39.9746,-75.1745,1601.0,6,0,0,0,0,0,0,0,0,3.0,0,0,0,16.0,1,1,0,,2,39 58:28.527,3.0,0,75 10:28.243,4,0,0,0,67301,0,0,0,N,0,0,0,1,67301,1,,5,1,,N,N,,0,,0,0,0,0,0,Y,1600.0,1,1,0,0,0,0,0,3,4,0,1,3,,N,,,,,,,,,,,
2010091258,1310.0,2,0,0,0,0,0,0,0,0,4,0,,67,8,2010,7,40.0809,-75.0288,1304.0,6,0,0,0,0,0,0,0,0,,0,0,0,13.0,1,2,1,,0,40 04:51.445,,0,75 01:43.230,4,0,0,0,67301,0,0,0,N,0,0,0,4,67301,2,,1,1,,N,N,,0,,0,0,0,3,2,,1304.0,2,2,0,0,0,0,0,3,4,0,2,3,,N,,,,,,,,,,,
2010088901,1200.0,1,0,0,0,0,0,0,0,0,1,1,,67,8,2010,2,39.9589,-75.152,1155.0,6,0,0,0,0,0,2,0,0,,0,1,0,11.0,1,1,0,,0,39 57:31.942,,0,75 09:07.105,4,0,0,0,67301,0,0,0,N,0,0,0,3,67301,1,,1,1,,N,N,,0,,0,0,0,0,0,,1155.0,1,2,0,0,0,0,0,3,4,0,2,3,,N,,,,,,,,,,,
2010088925,1355.0,1,0,0,0,0,0,0,0,0,1,0,,67,8,2010,4,40.0938,-75.0034,1352.0,6,0,0,0,0,0,0,0,0,2.0,0,0,0,13.0,1,2,0,,1,40 05:37.520,2.0,7,75 00:12.250,8,0,0,0,67301,0,0,0,N,0,0,0,2,67301,0,,1,1,,N,N,,0,,0,0,1,0,0,N,1351.0,2,2,0,0,0,2,0,3,4,0,2,3,,N,,,,,,,,,,,
2010037962,1114.0,2,0,0,0,0,0,0,0,0,5,0,,67,4,2010,1,39.9993,-75.1953,1111.0,6,0,0,0,0,0,0,0,0,,0,0,0,11.0,1,1,0,,0,39 59:59.887,,0,75 11:41.978,8,0,0,0,67301,0,0,0,N,0,0,0,4,68K01,0,,1,1,,N,N,,0,,0,0,0,0,0,,1108.0,1,2,0,0,0,1,0,3,4,0,2,3,,N,,,,,,,,,,,
2010011635,1015.0,0,0,0,0,0,0,0,0,0,7,0,,67,1,2010,6,40.0042,-75.1486,1000.0,6,0,0,0,0,0,1,0,0,,0,0,0,10.0,1,1,5,,0,40 00:15.188,,0,75 08:55.136,8,0,0,0,67301,0,0,0,,0,0,0,1,67301,0,,2,1,,,,,1,,0,0,0,0,0,,1000.0,1,1,0,0,1,1,0,3,4,0,1,3,,N,,,,,,,,,,,
2010085379,1319.0,6,0,0,0,0,0,0,0,0,1,0,,67,7,2010,4,39.9396,-75.1982,1319.0,6,0,0,0,0,0,0,1,0,,0,0,0,13.0,1,1,1,,0,39 56:22.681,,0,75 11:53.378,2,0,0,0,67301,0,0,0,,0,0,0,6,67301,0,,1,1,,,,,0,,0,1,0,3,2,,1315.0,1,6,0,0,0,0,0,3,4,0,6,3,,N,,,,,,,,,,,
2010038614,9999.0,1,0,0,0,0,0,0,0,0,7,0,,67,3,2010,6,40.123,-75.021,2053.0,6,0,0,0,0,0,1,0,0,2.0,0,0,0,20.0,3,0,2,,1,40 07:22.771,6.0,0,75 01:15.466,0,0,0,0,67301,0,0,0,,0,0,0,2,67301,0,,5,1,,,,,0,,0,0,0,0,0,Y,2050.0,0,1,0,0,0,0,0,3,4,0,1,3,,N,,,,,,,,,,,
2010038655,1956.0,1,0,0,0,0,0,0,0,0,4,0,,67,3,2010,5,40.0887,-74.9642,1952.0,6,0,0,0,0,0,0,1,0,,0,0,0,99.0,3,0,0,,0,40 05:19.341,,7,74 57:51.246,0,0,0,0,67301,0,0,0,N,0,0,0,4,67301,0,,1,1,,N,N,,1,,0,0,1,3,3,,9999.0,0,3,0,0,0,0,0,3,4,0,3,3,,N,,,,,,,,,,,
2010038657,1648.0,2,0,0,0,0,0,0,0,0,4,0,,67,3,2010,2,40.001,-75.148,1632.0,6,0,0,0,0,0,0,0,0,,0,0,0,16.0,1,1,1,,0,40 00:03.604,,0,75 08:53.867,8,0,0,0,67301,0,0,0,N,0,0,0,3,67301,0,,1,1,,N,N,,0,,0,0,0,3,2,,1630.0,1,2,0,0,0,1,0,3,4,0,2,3,,N,,,,,,,,,,,
2010122343,1159.0,1,0,0,0,0,0,0,0,0,1,0,,67,11,2010,7,39.972,-75.2464,1157.0,6,0,0,0,0,0,1,0,0,,0,0,0,99.0,1,1,3,,0,39 58:19.332,,0,75 14:46.859,3,0,0,0,67301,0,0,0,N,0,0,0,3,67301,0,,1,1,,N,N,,1,,1,0,0,0,0,,9999.0,1,2,0,0,0,0,0,3,4,0,2,3,,N,,,,,,,,,,,
2010122359,2125.0,1,0,0,0,0,0,0,0,0,7,0,,67,11,2010,3,40.0352,-75.121,2125.0,6,0,0,0,0,1,0,0,0,,0,0,0,21.0,3,0,0,,0,40 02:06.793,,3,75 07:15.650,0,0,0,0,67301,0,0,0,N,0,0,0,2,67301,0,,5,1,,N,N,,0,,0,0,0,0,0,,2122.0,0,1,0,0,0,0,0,3,4,0,1,3,,N,,,,,,,,,,,
2010122385,2055.0,2,0,0,0,0,0,0,0,0,4,0,,67,11,2010,5,40.0521,-75.0678,2037.0,6,0,0,0,0,0,1,0,0,,0,0,0,20.0,3,3,1,,0,40 03:07.696,,0,75 04:04.036,4,0,0,0,67301,0,0,0,N,0,0,0,4,67301,1,,1,1,,N,Y,,0,,0,0,0,3,2,,2030.0,3,2,0,0,0,2,0,3,4,0,2,3,,N,,,,,,,,,,,
2010122471,149.0,2,0,0,0,0,0,0,0,0,1,0,,67,11,2010,7,39.9873,-75.1227,142.0,6,0,0,0,0,0,0,0,0,,0,0,0,1.0,3,1,0,,0,39 59:14.316,,0,75 07:21.545,3,0,0,0,67301,0,0,0,N,0,0,0,4,67301,0,,1,1,,N,N,,0,,1,0,0,0,0,,135.0,1,2,0,0,1,0,0,3,4,0,2,3,,N,,,,,,,,,,,
2010122481,643.0,2,0,0,0,0,0,0,0,0,4,0,,67,11,2010,6,39.9325,-75.2246,633.0,6,0,0,0,0,0,0,0,0,2.0,0,0,0,6.0,3,2,2,,2,39 55:56.906,7.0,0,75 13:28.606,8,0,0,0,67301,0,0,0,,0,0,0,4,67301,0,,1,1,,,,,0,,0,0,0,3,2,Y,633.0,2,2,0,0,0,2,0,3,4,0,2,3,,N,,,,,,,,,,,
2010122545,705.0,1,0,0,0,0,0,0,0,0,4,0,,67,11,2010,4,40.0143,-75.0709,655.0,6,0,0,0,0,0,0,0,0,,0,0,0,6.0,1,0,1,,0,40 00:51.572,,0,75 04:15.064,0,0,0,0,67301,0,0,0,N,0,0,0,3,67301,0,,1,1,,N,N,,1,,0,0,0,3,2,,655.0,0,2,0,0,0,0,0,3,4,0,2,3,,N,,,,,,,,,,,
2010038762,1337.0,1,0,0,0,0,0,0,0,0,5,1,,67,3,2010,3,40.0196,-75.1479,1335.0,6,0,0,0,0,0,0,0,0,2.0,0,1,0,13.0,1,2,0,,2,40 01:10.544,1.0,0,75 08:52.674,4,0,0,0,67301,0,0,0,N,0,0,0,3,67301,2,,1,1,,N,N,,0,,0,0,0,0,0,Y,1330.0,2,2,0,0,0,0,0,3,4,0,2,3,,N,,,,,,,,,,,
2010038763,1630.0,3,0,0,0,0,0,0,0,0,4,0,,67,3,2010,6,39.9572,-75.1587,1623.0,6,0,0,0,0,0,2,0,0,3.0,0,0,0,16.0,1,6,1,,1,39 57:25.881,3.0,0,75 09:31.332,8,0,0,0,67301,0,0,0,,0,0,0,7,67301,0,,1,1,,N,N,,0,,0,0,0,3,2,N,1614.0,6,3,0,0,1,6,0,3,4,0,3,3,,N,,,,,,,,,,,
2010038770,752.0,1,0,0,0,0,0,0,0,0,4,0,,67,3,2010,2,39.9798,-75.1262,750.0,6,0,0,0,0,0,0,0,0,,0,0,0,7.0,1,1,1,,0,39 58:47.265,,0,75 07:34.219,4,0,0,0,67301,0,0,0,,0,0,0,2,67301,1,,1,9,,,,,0,,0,0,1,3,3,,745.0,1,2,0,0,0,0,0,3,4,0,2,7,,N,,,,,,,,,,,
2010038800,908.0,2,0,0,0,0,0,0,0,0,4,0,,67,3,2010,7,39.9634,-75.1629,905.0,6,0,0,1,0,0,0,0,0,1.0,0,0,0,9.0,1,2,2,,2,39 57:48.060,2.0,0,75 09:46.616,8,0,0,0,67301,0,0,0,N,0,0,0,3,67301,0,,1,1,,N,Y,,0,,0,0,0,3,3,Y,900.0,2,2,0,0,0,2,0,3,4,0,2,3,,N,,,,,,,,,,,
2010122579,1250.0,1,0,0,0,0,0,0,0,0,1,0,,67,11,2010,6,40.0365,-75.1306,1250.0,6,0,0,0,0,0,0,0,0,,0,0,0,12.0,1,2,0,,0,40 02:11.207,,0,75 07:50.254,4,0,0,0,67301,0,0,0,N,0,0,0,5,67301,2,,1,1,,N,N,,1,,0,0,0,0,0,,1242.0,2,2,0,0,0,0,0,3,4,0,2,3,,N,,,,,,,,,,,
2010038967,1402.0,2,0,0,0,0,0,0,0,0,4,0,,67,3,2010,6,39.9232,-75.182,1356.0,6,0,1,0,0,0,1,0,0,1.0,0,0,0,99.0,1,2,2,,2,39 55:24.698,2.0,0,75 10:48.754,8,0,0,0,67301,0,0,0,N,0,0,0,5,67301,0,,1,1,,N,N,,0,,0,0,0,3,3,Y,9999.0,2,2,0,0,0,2,0,3,4,0,2,3,,N,,,,,,,,,,,
2010039113,1233.0,2,0,0,0,0,0,0,0,0,4,0,,67,3,2010,1,40.1018,-75.0275,1229.0,6,0,0,0,0,0,0,0,0,,0,0,0,12.0,1,1,2,,0,40 06:06.588,,0,75 01:38.906,8,0,0,0,67301,0,0,0,N,0,0,0,2,67301,0,,1,9,,N,N,,0,,0,0,0,3,2,,1229.0,1,2,0,0,0,1,0,3,4,0,2,7,,N,,,,,,,,,,,
2010004457,658.0,2,0,0,0,0,0,0,0,0,4,0,,67,1,2010,6,39.9423,-75.1433,648.0,6,0,0,0,0,0,0,0,0,1.0,0,0,0,6.0,5,1,0,,1,39 56:32.067,2.0,0,75 08:35.782,3,0,0,0,67301,0,0,0,N,0,0,0,3,68K02,0,,1,9,,N,N,,0,,1,0,1,0,0,N,646.0,1,3,0,0,0,0,0,3,4,0,3,3,,N,,,,,,,,,,,
2010117388,2106.0,1,0,0,0,0,0,0,0,0,8,0,,67,10,2010,4,39.9909,-75.1016,2104.0,6,0,0,0,0,0,0,0,0,,0,0,0,99.0,3,1,1,,0,39 59:27.381,,0,75 06:05.712,4,0,0,0,67301,1,0,0,N,1,0,0,2,67301,1,,1,1,,N,N,,0,,0,0,0,1,2,,9999.0,1,2,0,0,0,0,0,3,4,0,1,3,,N,,,,,,,,,,,
2010089908,1550.0,1,0,0,0,0,0,0,0,0,1,0,,67,9,2010,4,39.9636,-75.1385,1544.0,6,0,0,0,0,0,1,0,0,,0,0,0,15.0,1,0,0,,0,39 57:49.579,,0,75 08:18.053,0,0,0,0,67301,0,0,0,N,0,0,0,4,68K01,0,,1,1,,N,N,,2,,0,0,1,0,0,,1542.0,0,4,0,0,0,0,0,3,4,0,4,3,,N,,,,,,,,,,,
2010038311,123.0,1,0,0,0,0,0,0,0,0,8,0,,67,4,2010,7,40.01,-75.1666,123.0,6,0,0,0,0,0,0,0,0,,1,0,0,1.0,3,0,0,,0,40 00:35.936,,0,75 09:59.618,1,0,0,0,67301,1,1,0,,1,1,0,2,67301,0,2.0,1,1,,,,,0,0.0,0,0,0,0,0,,120.0,0,2,0,0,0,0,0,3,4,0,1,3,,N,,,,,,,,,,,
2010017113,30.0,1,0,0,0,0,0,0,0,0,4,0,,67,1,2010,1,39.9586,-75.214,30.0,6,0,0,0,0,0,0,0,0,,0,0,0,0.0,3,1,1,,0,39 57:31.189,,0,75 12:50.310,8,0,0,0,67301,0,0,0,N,0,0,0,3,67301,0,,1,1,,N,N,,0,,0,0,0,3,2,,30.0,1,2,0,0,1,1,1,3,4,1,2,3,,N,,,,,,,,,,,
2010014323,1859.0,2,0,0,0,0,0,0,0,0,5,0,,67,1,2010,6,40.0267,-75.0266,1839.0,6,0,0,1,0,0,0,0,0,,0,0,0,18.0,2,0,0,,0,40 01:36.075,,0,75 01:35.493,0,0,0,0,67301,0,0,0,N,0,0,0,4,68K01,0,,2,1,,N,N,,0,,0,0,0,0,0,,1832.0,0,2,0,0,0,0,0,3,4,0,2,3,,N,,,,,,,,,,,
2010017214,1106.0,1,0,0,0,0,0,0,0,0,4,0,,67,1,2010,1,40.0359,-75.1344,1106.0,6,0,0,0,0,0,1,0,0,,0,0,0,10.0,1,1,2,,0,40 02:09.168,,0,75 08:03.699,4,0,0,0,67301,0,0,0,N,0,0,0,8,67301,1,,1,9,,N,N,,0,,0,0,1,3,3,,1050.0,1,2,0,0,0,0,0,3,4,0,2,7,,N,,,,,,,,,,,
2010017249,1515.0,1,0,0,0,0,0,0,0,0,4,0,,67,1,2010,1,40.0703,-75.1554,1510.0,6,0,0,0,1,0,0,0,0,,0,0,0,15.0,1,2,1,,0,40 04:13.096,,0,75 09:19.314,8,0,0,0,67301,0,0,0,N,0,0,0,3,67301,0,,1,9,,N,N,,0,,0,0,1,3,3,,1503.0,2,2,0,0,0,2,0,3,4,0,2,7,,N,,,,,,,,,,,
2010023330,1057.0,1,0,0,0,0,0,0,0,0,7,0,,67,2,2010,6,39.9253,-75.1469,1057.0,6,0,0,0,0,0,0,0,0,2.0,0,0,0,10.0,1,1,0,,1,39 55:31.445,1.0,0,75 08:48.913,4,0,0,0,67301,0,0,0,N,0,0,0,1,68K01,1,,4,6,,N,N,,0,,0,0,0,0,0,Y,1057.0,1,1,0,0,0,0,0,3,4,0,1,10,,N,,,,,,,,,,,
2010020206,1525.0,2,0,0,0,0,0,0,0,0,4,0,,67,1,2010,3,40.012,-75.176,1520.0,6,0,0,0,0,0,0,0,0,,0,0,0,15.0,1,2,1,,0,40 00:43.053,,0,75 10:33.696,4,0,0,0,67301,0,0,0,N,0,0,0,3,67301,2,,1,1,,N,N,,0,,0,0,0,3,1,,1505.0,2,2,0,0,0,0,0,3,4,0,2,3,,N,,,,,,,,,,,
2010021216,1731.0,1,0,0,0,0,0,0,0,0,1,0,,67,2,2010,3,39.9496,-75.1842,1728.0,6,0,0,0,1,0,0,0,0,2.0,0,0,0,17.0,4,0,0,,1,39 57:01.175,3.0,0,75 11:00.608,0,0,0,0,67301,0,0,0,N,0,0,0,5,68K01,0,,1,1,,N,N,,0,,0,0,1,0,0,N,1725.0,0,2,0,0,0,0,0,3,4,0,2,3,,N,,,,,,,,,,,
2010021625,2233.0,2,0,0,0,0,0,0,0,0,4,0,,67,1,2010,7,39.9492,-75.2292,2230.0,6,0,0,0,0,0,0,0,0,,0,0,0,22.0,3,2,1,,0,39 56:57.195,,0,75 13:45.112,4,0,0,0,67301,0,0,0,N,0,0,0,3,67301,2,,1,1,,N,N,,0,,0,0,0,3,2,,2220.0,2,2,0,0,0,0,0,3,4,0,2,3,,N,,,,,,,,,,,
2010021631,1724.0,1,0,0,0,0,0,0,0,0,8,0,,67,1,2010,5,40.0552,-75.0086,1721.0,6,0,0,0,0,0,0,1,0,,0,0,0,17.0,4,1,0,,0,40 03:18.857,,0,75 00:30.978,4,0,0,0,67301,1,0,0,N,1,0,0,4,67301,1,,1,1,,N,N,,0,,0,0,0,0,0,,1720.0,1,2,0,0,0,0,0,3,4,0,1,3,,N,,,,,,,,,,,
2010021646,1840.0,1,0,0,0,0,0,0,0,0,1,0,,67,1,2010,6,40.0536,-75.1414,1838.0,6,0,0,0,0,0,0,0,0,,0,0,0,18.0,3,1,0,,0,40 03:12.978,,0,75 08:29.212,8,0,0,0,67301,0,0,0,N,0,0,0,6,67301,0,,1,1,,N,N,,1,,0,0,0,0,0,,1830.0,1,2,0,0,0,1,0,3,4,0,2,3,,N,,,,,,,,,,,
2010103921,1938.0,1,0,0,0,0,0,0,0,0,4,0,,67,9,2010,7,40.0521,-75.0678,1927.0,6,0,0,0,0,1,0,0,0,2.0,0,0,0,18.0,3,3,1,,2,40 03:07.696,7.0,0,75 04:04.036,4,0,0,0,67301,0,0,0,,0,0,0,4,67301,3,,1,1,,N,N,,0,,0,0,0,3,2,Y,1813.0,3,2,0,0,0,0,0,3,4,1,2,3,,N,,,,,,,,,,,
2010098526,1442.0,1,0,0,0,0,0,0,0,0,7,0,,67,10,2010,1,39.9569,-75.1534,1438.0,6,0,0,0,0,0,0,0,0,,0,0,0,14.0,1,0,0,,0,39 57:24.970,,0,75 09:12.271,0,0,0,0,67301,0,0,0,N,0,0,0,1,68K01,0,,2,1,,N,N,,0,,0,0,0,0,0,,1434.0,0,1,0,0,0,0,0,3,4,0,1,3,,N,,,,,,,,,,,
2010099509,1509.0,0,0,0,0,0,0,0,0,0,6,0,,67,8,2010,2,39.9634,-75.1875,1507.0,6,0,0,0,0,0,0,0,0,,0,0,0,15.0,1,1,0,,0,39 57:48.024,,7,75 11:14.834,8,0,0,0,67301,0,0,0,,0,0,0,3,67301,0,,1,1,,N,N,,0,,0,0,2,0,0,,1506.0,1,2,0,0,0,1,2,3,4,0,2,3,,N,,,,,,,,,,,
2010100896,1855.0,1,0,0,0,0,0,0,0,0,4,0,,67,9,2010,3,39.9055,-75.1741,1850.0,6,0,0,0,1,0,1,0,0,,0,0,0,18.0,1,1,1,,0,39 54:19.871,,0,75 10:26.843,4,0,0,0,67301,0,0,0,N,0,0,0,4,67301,1,,1,1,,N,N,,0,,0,0,1,0,0,,1840.0,1,2,0,0,0,0,0,3,4,0,2,3,,N,,,,,,,,,,,
2010094264,1210.0,1,0,0,0,0,0,0,0,0,4,0,,67,8,2010,2,40.0401,-75.1734,1205.0,6,0,0,0,0,0,0,0,0,2.0,0,0,0,12.0,1,4,1,,2,40 02:24.504,5.0,0,75 10:24.261,3,0,0,0,67301,0,0,0,N,0,0,0,5,67301,1,,1,1,,N,N,,1,,3,0,0,3,3,Y,1202.0,4,2,0,0,0,0,0,3,4,0,2,3,,N,,,,,,,,,,,
2010094084,2116.0,1,0,0,1,0,0,0,0,0,4,0,,67,8,2010,3,39.9797,-75.1659,2116.0,6,0,0,0,0,0,0,0,0,,0,0,0,20.0,1,1,1,,0,39 58:46.973,,0,75 09:57.111,3,0,0,0,67301,1,0,0,N,0,0,0,3,67301,0,,1,1,,N,N,,0,,1,0,0,3,2,,2004.0,1,2,0,0,0,0,0,3,4,0,1,3,,N,,,,,,,,,,,
2010094096,1235.0,1,0,0,0,0,0,0,0,0,8,0,,67,8,2010,5,40.0386,-75.1426,1230.0,6,0,0,0,0,0,0,0,0,,0,0,0,12.0,1,2,1,,0,40 02:18.957,,0,75 08:33.478,4,0,0,0,67301,2,0,0,N,2,0,0,3,67301,2,,1,1,,N,N,,0,,0,0,0,3,2,,1215.0,2,3,0,0,0,0,0,3,4,0,1,3,,N,,,,,,,,,,,
2010088865,855.0,3,0,0,0,0,0,0,0,0,1,0,,67,8,2010,3,40.0997,-74.9869,855.0,6,0,0,0,0,0,0,0,0,,0,0,0,8.0,1,0,0,,0,40 05:58.799,,0,74 59:12.862,0,0,0,0,67301,0,0,0,N,0,0,0,3,67301,0,,1,1,,N,N,,0,,0,0,0,0,0,,855.0,0,4,0,0,0,0,0,3,4,0,3,3,,N,,,,,,,,,,,
2010088912,1900.0,2,0,0,0,0,0,0,0,0,4,0,,67,7,2010,7,40.0303,-75.0644,1900.0,6,0,0,0,0,0,0,0,0,,0,0,0,18.0,1,1,1,,0,40 01:48.978,,0,75 03:51.736,8,0,0,0,67301,0,0,0,N,0,0,0,3,67301,0,,1,1,,N,N,,0,,0,0,0,3,2,,1850.0,1,2,0,0,0,1,0,3,4,0,2,3,,N,,,,,,,,,,,
2010110896,1600.0,1,0,0,0,0,0,0,0,0,8,0,,67,10,2010,2,39.932,-75.19,1550.0,6,0,0,0,0,0,0,0,0,,0,0,0,15.0,1,1,1,,0,39 55:55.218,,0,75 11:23.827,8,0,0,0,67301,1,0,0,N,1,0,0,2,67301,0,,1,9,,N,N,,0,,0,0,0,0,0,,1545.0,1,2,0,0,0,1,1,3,4,0,1,7,,N,,,,,,,,,,,
2010069710,1400.0,1,0,0,0,0,0,0,0,0,8,0,,67,6,2010,4,40.0446,-75.0547,1354.0,6,0,0,0,0,0,0,0,0,,0,0,0,21.0,3,1,1,,0,40 02:40.636,,0,75 03:16.819,4,0,0,0,67301,1,0,0,N,1,0,0,2,67301,1,,1,1,,N,N,,0,,0,0,0,9,2,,2130.0,1,2,0,0,0,0,0,3,4,0,1,3,,N,,,,,,,,,,,
2010069730,2134.0,1,0,0,0,0,0,0,0,0,8,0,,67,6,2010,4,39.9365,-75.172,2132.0,6,0,0,0,0,0,0,0,0,,0,0,0,21.0,3,1,1,,0,39 56:11.364,,0,75 10:19.253,4,0,0,0,67301,1,0,0,N,1,0,0,2,67301,1,,1,9,,N,N,,0,,0,0,0,3,3,,2120.0,1,2,0,0,0,0,0,3,4,0,1,7,,N,,,,,,,,,,,
2010037970,238.0,1,0,0,0,0,0,0,0,0,7,0,,67,4,2010,7,39.9595,-75.1806,238.0,6,0,0,0,0,1,0,0,0,1.0,0,0,0,2.0,3,0,0,,1,39 57:34.933,3.0,3,75 10:50.371,0,0,0,0,67301,0,0,0,N,0,0,0,4,68K01,0,,2,1,,N,N,,0,,0,0,0,0,0,N,238.0,0,1,0,0,0,0,0,3,4,0,1,3,,N,,,,,,,,,,,
2010011571,1117.0,0,0,0,0,0,0,0,0,0,4,0,,67,1,2010,2,40.0363,-75.0643,1110.0,6,0,0,0,0,0,0,0,0,1.0,0,0,0,11.0,1,2,1,,2,40 02:10.729,1.0,0,75 03:51.497,3,0,0,0,67301,0,0,0,,0,0,0,3,67301,0,,1,1,,N,,,1,,2,0,1,3,2,Y,1107.0,2,2,0,0,0,0,0,3,4,0,2,3,,N,,,,,,,,,,,
2010040856,2005.0,1,0,0,0,0,0,1,0,0,4,1,,67,3,2010,4,39.9878,-75.1676,2001.0,6,0,0,0,0,0,1,0,0,,0,0,0,99.0,3,1,1,,0,39 59:15.993,,0,75 10:03.457,8,0,0,0,67301,0,0,0,N,0,0,0,14,67301,0,,1,1,,N,N,,0,,0,0,0,3,2,,9999.0,1,2,0,0,0,1,0,3,4,0,2,3,,N,,,,,,,,,,,
2010011805,1827.0,3,0,0,0,0,0,0,0,0,1,0,,67,1,2010,3,39.9653,-75.1857,1813.0,6,0,0,0,0,0,2,0,0,,0,0,0,18.0,1,4,6,,0,39 57:59.300,,2,75 11:13.674,8,0,0,0,67301,0,0,0,N,0,0,0,5,68K01,0,,7,1,,N,N,,0,,0,0,0,3,4,,1810.0,4,3,0,0,0,4,0,3,4,0,3,3,,N,,,,,,,,,,,
2010038621,153.0,1,0,0,0,0,0,0,0,0,7,0,,67,3,2010,3,40.0506,-75.0508,147.0,6,0,0,0,0,0,0,0,0,2.0,0,0,0,1.0,3,2,2,,1,40 03:01.973,5.0,6,75 03:02.661,3,0,0,0,67301,0,0,0,N,0,0,0,2,67301,0,,3,1,,N,N,,0,,2,0,0,0,0,Y,145.0,2,1,0,0,0,0,0,3,4,0,1,3,,N,,,,,,,,,,,
2010038804,1610.0,1,0,0,0,0,0,0,0,0,8,0,,67,3,2010,3,39.9914,-75.1136,1550.0,6,0,0,0,0,0,0,0,0,,0,0,0,15.0,1,1,0,,0,39 59:28.996,,0,75 06:49.086,4,0,0,0,67301,1,0,0,N,1,0,0,2,67301,1,,1,9,,N,N,,0,,0,0,0,0,0,,1545.0,1,2,0,0,0,0,1,3,4,0,1,7,,N,,,,,,,,,,,
2010122373,12.0,0,0,0,0,0,0,0,0,0,4,0,,67,11,2010,4,39.9732,-75.2122,6.0,6,0,0,0,0,0,0,0,0,2.0,0,0,0,23.0,3,2,1,,1,39 58:23.685,3.0,0,75 12:43.721,4,0,0,0,67301,0,0,0,,0,0,0,10,67301,2,,1,1,,,,,0,,0,0,1,9,2,N,2353.0,2,2,0,0,0,0,0,3,4,0,2,3,,N,,,,,,,,,,,
2010038742,520.0,2,0,0,0,0,0,0,0,0,6,0,,67,3,2010,7,39.9075,-75.1512,513.0,6,0,1,0,0,0,0,0,0,1.0,0,0,0,99.0,3,1,1,,1,39 54:26.956,2.0,0,75 09:04.460,4,0,0,0,67301,0,0,0,N,0,0,0,4,67301,1,,7,9,,N,N,,0,,0,0,0,3,2,N,9999.0,1,2,0,0,0,0,0,3,4,0,2,7,,N,,,,,,,,,,,
2010122564,1228.0,2,0,0,0,0,0,0,0,0,6,0,,67,11,2010,1,40.0006,-75.1329,1225.0,6,0,0,0,0,0,0,0,0,2.0,0,0,0,12.0,1,0,2,,1,40 00:02.271,2.0,0,75 07:58.407,0,0,0,0,67301,0,0,0,N,0,0,0,3,67301,0,,1,1,,N,N,,0,,0,0,0,3,2,N,1220.0,0,2,0,0,0,0,0,3,4,0,2,3,,N,,,,,,,,,,,
2010122613,0.0,2,0,0,0,0,0,0,0,0,4,0,,67,11,2010,5,39.9772,-75.2668,0.0,6,0,0,0,0,0,0,0,0,,0,0,0,22.0,3,0,2,,0,39 58:38.096,,0,75 16:00.649,9,0,0,0,67301,0,0,0,,0,0,0,3,67301,0,,1,1,,N,N,,0,,0,0,0,9,9,,2245.0,0,2,0,0,0,0,3,3,4,0,2,99,,N,,,,,,,,,,,