CRN,ARRIVAL_TM,AUTOMOBILE_COUNT,BELTED_DEATH_COUNT,BELTED_SUSP_SERIOUS_INJ_COUNT,BICYCLE_COUNT,BICYCLE_DEATH_COUNT,BICYCLE_SUSP_SERIOUS_INJ_COUNT,BUS_COUNT,CHLDPAS_DEATH_COUNT,CHLDPAS_SUSP_SERIOUS_INJ_COUNT,COLLISION_TYPE,COMM_VEH_COUNT,CONS_ZONE_SPD_LIM,COUNTY,CRASH_MONTH,CRASH_YEAR,DAY_OF_WEEK,DEC_LAT,DEC_LONG,DISPATCH_TM,DISTRICT,DRIVER_COUNT_16YR,DRIVER_COUNT_17YR,DRIVER_COUNT_18YR,DRIVER_COUNT_19YR,DRIVER_COUNT_20YR,DRIVER_COUNT_50_64YR,DRIVER_COUNT_65_74YR,DRIVER_COUNT_75PLUS,EST_HRS_CLOSED,FATAL_COUNT,HEAVY_TRUCK_COUNT,HORSE_BUGGY_COUNT,HOUR_OF_DAY,ILLUMINATION,INJURY_COUNT,INTERSECT_TYPE,INTERSECTION_RELATED,LANE_CLOSED,LATITUDE,LN_CLOSE_DIR,LOCATION_TYPE,LONGITUDE,MAX_SEVERITY_LEVEL,MCYCLE_DEATH_COUNT,MCYCLE_SUSP_SERIOUS_INJ_COUNT,MOTORCYCLE_COUNT,MUNICIPALITY,NONMOTR_COUNT,NONMOTR_DEATH_COUNT,NONMOTR_SUSP_SERIOUS_INJ_COUNT,NTFY_HIWY_MAINT,PED_COUNT,PED_DEATH_COUNT,PED_SUSP_SERIOUS_INJ_COUNT,PERSON_COUNT,POLICE_AGCY,POSSIBLE_INJ_COUNT,RDWY_SURF_TYPE_CD,RELATION_TO_ROAD,ROAD_CONDITION,ROADWAY_CLEARED,SCH_BUS_IND,SCH_ZONE_IND,SECONDARY_CRASH,SMALL_TRUCK_COUNT,SPEC_JURIS_CD,SUSP_MINOR_INJ_COUNT,SUSP_SERIOUS_INJ_COUNT,SUV_COUNT,TCD_FUNC_CD,TCD_TYPE,TFC_DETOUR_IND,TIME_OF_DAY,TOT_INJ_COUNT,TOTAL_UNITS,UNB_DEATH_COUNT,UNB_SUSP_SERIOUS_INJ_COUNT,UNBELTED_OCC_COUNT,UNK_INJ_DEG_COUNT,UNK_INJ_PER_COUNT,URBAN_AREA,URBAN_RURAL,VAN_COUNT,VEHICLE_COUNT,WEATHER1,WEATHER2,WORK_ZONE_IND,WORK_ZONE_LOC,WORK_ZONE_TYPE,WORKERS_PRES,WZ_CLOSE_DETOUR,WZ_FLAGGER,WZ_LAW_OFFCR_IND,WZ_LN_CLOSURE,WZ_MOVING,WZ_OTHER,WZ_SHLDER_MDN,WZ_WORKERS_INJ_KILLED
2010038985,817.0,1,0,0,0,0,0,0,0,0,4,0,,67,3,2010,4,40.0219,-75.1394,807.0,6,0,0,0,0,0,1,0,0,,0,0,0,7.0,1,1,2,,0,40 01:18.344,,0,75 08:22.742,4,0,0,0,67301,0,0,0,N,0,0,0,2,67301,1,,1,1,,N,N,,0,,0,0,1,3,2,,746.0,1,2,0,0,0,0,0,3,4,0,2,3,,N,,,,,,,,,,,
2010039124,1700.0,1,0,0,0,0,0,0,0,0,1,0,,67,3,2010,5,40.1143,-74.9879,1653.0,6,0,0,0,0,0,0,0,1,2.0,0,0,0,16.0,1,2,5,,1,40 06:51.356,2.0,0,74 59:16.486,4,0,0,0,67301,0,0,0,N,0,0,0,4,67301,1,,1,1,,N,N,,2,,0,0,0,0,0,N,1653.0,2,3,0,0,0,1,1,3,4,0,3,3,,N,,,,,,,,,,,
2010039146,1322.0,1,0,0,0,0,0,0,0,0,4,0,,67,3,2010,2,39.9737,-75.2079,1320.0,6,0,0,0,0,0,0,0,0,,0,0,0,13.0,1,3,0,,0,39 58:25.238,,0,75 12:28.144,8,0,0,0,67301,0,0,0,N,0,0,0,5,67301,0,,1,1,,N,N,,0,,0,0,0,0,0,,1319.0,3,2,0,0,0,3,0,3,4,0,2,3,,N,,,,,,,,,,,
2010039152,2348.0,2,0,0,0,0,0,0,0,0,1,0,,67,3,2010,3,39.9925,-75.1796,2346.0,6,0,0,0,0,0,1,0,0,,0,0,0,23.0,3,1,1,,0,39 59:32.913,,0,75 10:46.449,4,0,0,0,67301,0,0,0,Y,0,0,0,2,67301,1,,1,1,,N,N,,0,,0,0,1,3,2,,2342.0,1,3,0,0,0,0,0,3,4,0,3,3,,N,,,,,,,,,,,
2010039166,9999.0,2,0,0,0,0,0,0,0,0,5,0,,67,3,2010,6,40.0024,-75.139,928.0,6,0,0,0,1,0,0,0,0,,0,0,0,9.0,1,0,0,,0,40 00:08.460,,0,75 08:20.259,0,0,0,0,67301,0,0,0,N,0,0,0,1,67301,0,,1,1,,N,N,,0,,0,0,0,0,0,,928.0,0,2,0,0,1,0,0,3,4,0,2,3,,N,,,,,,,,,,,
2010039173,1258.0,2,0,0,0,0,0,0,0,0,5,0,,67,3,2010,5,40.0581,-75.2369,1256.0,6,0,0,0,0,0,0,0,0,,0,0,0,12.0,1,0,0,,0,40 03:27.802,,0,75 14:11.915,0,0,0,0,67301,0,0,0,,0,0,0,1,67301,0,,1,98,,,,,0,,0,0,0,0,0,,1250.0,0,2,0,0,1,0,0,3,4,0,2,99,,N,,,,,,,,,,,
2010039176,2123.0,1,0,0,0,0,0,0,0,0,2,0,,67,3,2010,7,39.9907,-75.2375,2012.0,6,0,0,0,0,0,1,0,0,,0,0,0,20.0,3,1,0,,0,39 59:26.656,,0,75 14:15.026,8,0,0,0,67301,0,0,0,N,0,0,0,2,67301,0,,1,1,,N,N,,0,,0,0,0,0,0,,2000.0,1,2,0,0,0,1,1,3,4,0,2,3,,N,,,,,,,,,,,
2010039180,2128.0,1,0,0,0,0,0,0,0,0,5,0,,67,3,2010,3,40.0253,-75.1676,2126.0,6,0,0,0,0,0,0,0,0,,0,0,0,99.0,3,1,1,,0,40 01:31.318,,0,75 10:03.452,3,0,0,1,67301,0,0,0,,0,0,0,2,67301,0,,1,1,,,,,0,,1,0,0,3,2,,9999.0,1,2,0,0,0,0,1,3,4,0,2,3,,N,,,,,,,,,,,
2010032463,1745.0,0,0,0,0,0,0,0,0,0,1,0,,67,2,2010,4,40.0347,-75.0446,1739.0,6,0,0,0,0,0,0,0,0,,0,0,0,16.0,1,2,1,,0,40 02:05.288,,0,75 02:40.904,4,0,0,0,67301,0,0,0,,0,0,0,3,67301,2,,1,1,,N,N,,0,,0,0,1,3,2,,1600.0,2,2,0,0,0,0,0,3,4,1,2,3,,N,,,,,,,,,,,
2010032629,9999.0,1,0,0,0,0,0,0,0,0,8,0,,67,3,2010,1,40.0296,-75.0627,402.0,6,0,0,0,0,0,0,0,0,,0,0,0,1.0,6,1,0,,0,40 01:46.399,,0,75 03:45.653,4,0,0,0,67301,1,0,0,N,1,0,0,2,67301,1,,1,1,,N,N,,0,,0,0,0,0,0,,130.0,1,2,0,0,0,0,1,3,4,0,1,3,,N,,,,,,,,,,,
2010032633,1755.0,2,0,0,0,0,0,0,0,0,1,0,,67,3,2010,3,40.0114,-75.1318,1702.0,6,0,0,0,0,0,0,0,0,,0,0,0,14.0,1,1,2,,0,40 00:41.202,,0,75 07:54.411,8,0,0,0,67301,0,0,0,N,0,0,0,3,67301,0,,1,1,,N,N,,0,,0,0,0,0,0,,1450.0,1,2,0,0,0,1,1,3,4,0,2,3,,N,,,,,,,,,,,
2010032817,1033.0,2,0,0,0,0,0,0,0,0,4,0,,67,3,2010,3,39.9634,-75.1874,1030.0,6,0,0,0,0,0,2,0,0,,0,0,0,10.0,1,0,1,,0,39 57:48.208,,0,75 11:14.787,0,0,0,0,67301,0,0,0,N,0,0,0,3,67301,0,,1,1,,N,N,,0,,0,0,0,3,2,,1015.0,0,2,0,0,1,0,0,3,4,0,2,3,,N,,,,,,,,,,,
2010010260,1024.0,0,0,0,0,0,0,0,0,0,7,0,,67,1,2010,7,39.9879,-75.2549,1022.0,6,0,0,0,0,0,0,0,0,,0,0,0,10.0,1,1,0,,0,39 59:16.480,,0,75 15:17.667,8,0,0,0,67301,0,0,0,N,0,0,0,2,46104,0,,5,1,,N,N,,0,,0,0,1,0,0,,1020.0,1,1,0,0,1,1,0,3,4,0,1,3,,N,,,,,,,,,,,
2010017119,1730.0,0,0,0,0,0,0,0,0,0,1,0,,67,1,2010,4,40.0941,-74.9891,1722.0,6,0,0,0,0,0,0,0,0,,0,0,0,17.0,1,2,2,,0,40 05:38.626,,0,74 59:20.907,8,0,0,0,67301,0,0,0,N,0,0,0,3,67301,0,,1,1,,N,N,,0,,0,0,2,3,2,,1720.0,2,2,0,0,0,2,0,3,4,0,2,3,,N,,,,,,,,,,,
2010017042,1107.0,0,0,0,0,0,0,0,0,0,8,0,,67,1,2010,5,39.9714,-75.1594,1105.0,6,0,0,0,0,0,0,0,0,,0,0,0,11.0,1,1,1,,0,39 58:17.205,,0,75 09:33.736,2,0,0,0,67301,1,0,1,,1,0,1,2,67301,0,,1,1,,N,N,,1,,0,1,0,3,2,,1105.0,1,2,0,0,0,0,0,3,4,0,1,3,,N,,,,,,,,,,,
2010017196,156.0,1,0,0,0,0,0,0,0,0,1,0,,67,1,2010,1,39.927,-75.2435,150.0,6,0,0,0,0,0,0,0,0,,0,0,0,1.0,3,0,2,,0,39 55:37.231,,0,75 14:36.560,0,0,0,0,67301,0,0,0,N,0,0,0,1,67301,0,,1,2,,N,N,,0,,0,0,0,9,3,,150.0,0,2,0,0,0,0,0,3,4,1,2,3,,N,,,,,,,,,,,
2010021211,1400.0,0,0,0,0,0,0,0,0,0,7,0,,67,2,2010,7,39.9365,-75.1446,1400.0,6,0,0,0,0,0,0,0,0,2.0,0,0,0,14.0,1,1,0,,1,39 56:11.148,2.0,0,75 08:40.509,4,0,0,0,67301,0,0,0,N,0,0,0,1,68K01,1,,4,7,,N,N,,0,,0,0,1,0,0,N,1400.0,1,1,0,0,0,0,0,3,4,0,1,10,,N,,,,,,,,,,,
2010021437,231.0,1,0,0,0,0,0,0,0,0,7,0,,67,1,2010,1,40.0971,-75.0182,226.0,6,0,0,0,1,0,0,0,0,,0,0,0,2.0,3,1,1,,0,40 05:49.711,,0,75 01:05.375,3,0,0,0,67301,0,0,0,,0,0,0,4,67301,0,,5,1,,N,N,,1,,1,0,0,0,0,,222.0,1,2,0,0,0,0,0,3,4,0,2,3,,N,,,,,,,,,,,
2010021444,935.0,0,0,0,0,0,0,0,0,0,5,1,,67,1,2010,3,39.9627,-75.1632,925.0,6,0,0,0,0,0,0,0,0,1.0,0,1,0,9.0,1,0,0,,1,39 57:45.788,4.0,0,75 09:47.467,0,0,0,0,67301,0,0,0,N,0,0,0,4,67301,0,,1,1,,N,N,,0,,0,0,0,3,8,N,920.0,0,2,0,0,0,0,0,3,4,1,2,3,,N,,,,,,,,,,,
2010021453,1715.0,2,0,0,0,0,0,0,0,0,4,0,,67,1,2010,2,39.9948,-75.234,1658.0,6,0,0,0,0,0,1,0,0,,0,0,0,16.0,3,1,1,,0,39 59:41.254,,0,75 14:02.558,4,0,0,0,67301,0,0,0,N,0,0,0,3,67301,1,,1,1,,N,N,,0,,0,0,0,3,2,,1655.0,1,2,0,0,0,0,0,3,4,0,2,3,,N,,,,,,,,,,,
2010021710,1112.0,2,0,0,0,0,0,0,0,0,1,0,,67,1,2010,4,40.0341,-75.2083,1102.0,6,0,0,0,0,0,0,1,0,,0,0,0,11.0,1,0,2,,0,40 02:03.005,,0,75 12:29.994,0,0,0,0,67301,0,0,0,,0,0,0,3,67301,0,,1,1,,,,,0,,0,0,0,3,2,,1100.0,0,2,0,0,0,0,0,3,4,0,2,3,,N,,,,,,,,,,,
2010103916,1850.0,1,0,0,0,0,0,0,0,0,8,0,,67,9,2010,4,40.0506,-75.1531,1835.0,6,0,0,0,1,0,0,0,0,,0,0,0,18.0,1,1,0,,0,40 03:02.044,,0,75 09:11.088,4,0,0,0,67301,1,0,0,N,1,0,0,2,67301,1,,1,1,,N,N,,0,,0,0,0,0,0,,1800.0,1,2,0,0,1,0,0,3,4,0,1,3,,N,,,,,,,,,,,
2010100902,59.0,1,0,0,0,0,0,0,0,0,4,0,,67,9,2010,3,40.0248,-75.1495,49.0,6,0,0,0,0,0,0,0,0,2.0,0,0,0,99.0,3,0,5,,1,40 01:29.110,4.0,0,75 08:58.358,0,0,0,0,67301,0,0,0,N,0,0,0,6,67301,0,,1,1,,N,N,,0,,0,0,1,3,2,N,9999.0,0,2,0,0,0,0,0,3,4,0,2,3,,N,,,,,,,,,,,
2010094120,1433.0,1,0,0,0,0,0,0,0,0,4,0,,67,8,2010,2,39.9157,-75.2366,1428.0,6,0,0,1,0,0,0,1,0,9.0,0,0,0,14.0,1,3,1,,1,39 54:56.512,4.0,0,75 14:11.723,4,0,0,0,67301,0,0,0,N,0,0,0,6,67301,3,,1,1,,N,N,,0,,0,0,1,3,3,N,1401.0,3,2,0,0,0,0,0,3,4,0,2,3,,N,,,,,,,,,,,
2010094204,1324.0,2,0,0,0,0,0,0,0,0,5,0,,67,8,2010,2,39.9345,-75.1674,1324.0,6,0,0,0,0,0,0,0,0,,0,0,0,13.0,1,2,0,,0,39 56:03.857,,0,75 10:02.807,8,0,0,0,67301,1,0,0,,0,0,0,2,67301,0,,1,1,,,,,1,,0,0,0,0,0,,1324.0,2,4,0,0,0,2,0,3,4,0,4,3,,N,,,,,,,,,,,
2010113738,2325.0,1,0,0,0,0,0,0,0,0,4,0,,67,10,2010,2,39.9512,-75.167,2319.0,6,0,0,0,0,0,1,0,0,2.0,0,0,0,23.0,3,2,2,,2,39 57:04.489,3.0,0,75 10:01.286,8,0,0,0,67301,0,0,0,N,0,0,0,3,67301,0,,1,9,,N,N,,1,,0,0,0,3,2,Y,2315.0,2,2,0,0,0,2,0,3,4,0,2,7,,N,,,,,,,,,,,
2010113766,550.0,2,0,0,0,0,0,0,0,0,6,0,,67,10,2010,3,40.0561,-75.064,547.0,6,0,0,0,0,0,1,0,0,,0,0,0,5.0,3,2,1,,0,40 03:21.873,,0,75 03:50.497,3,0,0,0,67301,0,0,0,,0,0,0,2,67301,0,,1,9,,,,,0,,2,0,0,3,2,,546.0,2,2,0,0,0,0,0,3,4,0,2,7,,N,,,,,,,,,,,
2010091281,908.0,1,0,0,0,0,0,1,0,0,1,1,,67,8,2010,4,40.0259,-75.0432,908.0,6,0,0,0,0,0,0,0,0,1.0,0,0,0,9.0,1,1,1,,1,40 01:33.389,2.0,0,75 02:35.691,8,0,0,0,67301,0,0,0,N,0,0,0,17,67301,0,,1,9,,N,N,,0,,0,0,0,3,2,Y,905.0,1,2,0,0,0,1,0,3,4,0,2,7,,N,,,,,,,,,,,
2010110884,1829.0,1,0,0,0,0,0,0,0,0,8,0,,67,9,2010,4,40.0845,-74.9737,1825.0,6,0,0,0,0,1,0,0,0,,0,0,0,18.0,1,1,1,,0,40 05:04.180,,0,74 58:25.617,8,0,0,0,67301,1,0,0,N,1,0,0,2,67301,0,,1,1,,,,,0,,0,0,0,3,2,,1824.0,1,2,0,0,0,1,0,3,4,0,1,3,,N,,,,,,,,,,,
2010040380,1510.0,1,0,0,0,0,0,0,0,0,0,1,,67,4,2010,5,39.9551,-75.1416,1456.0,6,0,0,0,0,0,0,0,0,,0,1,0,14.0,1,0,0,,0,39 57:17.993,,0,75 08:29.793,0,0,0,0,67301,0,0,0,N,0,0,0,2,68K01,0,,1,1,,N,N,,0,,0,0,0,0,0,,1445.0,0,2,0,0,0,0,0,3,4,0,2,3,,N,,,,,,,,,,,
2010040556,805.0,2,0,0,0,0,0,0,0,0,4,0,,67,3,2010,3,40.066,-75.1546,800.0,6,0,0,0,0,0,0,0,0,2.0,0,0,0,7.0,1,4,1,,2,40 03:57.600,7.0,0,75 09:16.718,3,0,0,0,67301,0,0,0,N,0,0,0,4,67301,2,,1,9,,N,N,,1,,2,0,0,3,3,Y,733.0,4,3,0,0,0,0,0,3,4,0,3,7,,N,,,,,,,,,,,
2010011572,725.0,1,0,0,0,0,0,0,0,0,1,0,,67,1,2010,3,40.027,-75.0983,703.0,6,0,0,0,0,0,0,0,0,1.0,0,0,0,7.0,1,1,0,,1,40 01:38.381,1.0,0,75 05:55.702,4,0,0,0,67301,0,0,0,N,0,0,0,2,67301,1,,1,1,,N,N,,0,,0,0,0,3,2,N,700.0,1,2,0,0,0,0,0,3,4,1,2,3,,N,,,,,,,,,,,
2010011601,1630.0,0,0,0,0,0,0,0,0,0,8,0,,67,1,2010,3,40.0023,-75.11,1630.0,6,0,0,0,0,0,0,0,0,,0,0,0,16.0,1,1,2,,0,40 00:08.347,,0,75 06:36.050,4,0,0,0,67301,1,0,0,N,1,0,0,2,67301,1,,1,1,,N,N,,1,,0,0,0,3,3,,1630.0,1,2,0,0,0,0,0,3,4,0,1,3,,N,,,,,,,,,,,
2010040553,1845.0,0,0,0,0,0,0,0,0,0,1,0,,67,3,2010,1,39.9969,-75.1538,1833.0,6,0,0,0,0,0,0,1,0,,0,0,0,18.0,4,0,0,,0,39 59:48.784,,0,75 09:13.752,0,0,0,0,67301,0,0,0,N,0,0,0,3,67301,0,,1,1,,N,N,,0,,0,0,1,0,0,,1813.0,0,2,0,0,1,0,0,3,4,1,2,3,,N,,,,,,,,,,,
2010122350,715.0,1,0,0,0,0,0,0,0,0,6,0,,67,11,2010,3,40.0223,-75.1307,710.0,6,0,0,1,0,0,0,0,0,,0,0,0,6.0,1,1,1,,0,40 01:20.398,,0,75 07:50.350,3,0,0,0,67301,0,0,0,,0,0,0,5,67301,0,,1,9,,,,,0,,1,0,0,3,3,,655.0,1,2,0,0,2,0,0,3,4,0,2,7,,N,,,,,,,,,,,
2010122371,1231.0,0,0,0,0,0,0,0,0,0,2,0,,67,11,2010,7,39.9386,-75.2166,1230.0,6,0,0,0,0,0,0,0,0,,0,0,0,11.0,1,0,0,,0,39 56:19.046,,7,75 12:59.785,0,0,0,0,67301,0,0,0,N,0,0,0,2,67301,0,,1,1,,N,N,,0,,0,0,1,0,0,,1146.0,0,2,0,0,0,0,0,3,4,1,2,3,,N,,,,,,,,,,,
2010122466,1532.0,0,0,0,0,0,0,0,0,0,8,0,,67,11,2010,7,40.008,-75.1417,1530.0,6,0,0,0,0,0,1,0,0,,0,0,0,15.0,1,1,1,,0,40 00:28.951,,0,75 08:30.175,4,0,0,0,67301,1,0,0,N,1,0,0,2,67301,1,,1,1,,N,,,0,,0,0,0,9,9,,1528.0,1,2,0,0,0,0,0,3,4,1,1,3,,N,,,,,,,,,,,
2010122479,2145.0,1,0,0,0,0,0,0,0,0,7,0,,67,11,2010,3,39.9358,-75.2286,2145.0,6,0,0,0,0,0,0,0,0,,0,0,0,21.0,3,0,1,,0,39 56:08.815,,0,75 13:42.823,0,0,0,0,67301,0,0,0,N,0,0,0,3,67301,0,,5,9,,N,N,,0,,0,0,0,3,2,,2140.0,0,1,0,0,0,0,0,3,4,0,1,7,,N,,,,,,,,,,,
2010122505,844.0,1,0,0,0,0,0,0,0,0,7,0,,67,11,2010,5,40.0195,-75.1472,840.0,6,0,0,0,0,0,0,0,0,9.0,0,0,0,8.0,1,0,0,,2,40 01:10.217,3.0,1,75 08:50.023,0,0,0,0,67301,0,0,0,N,0,0,0,1,67301,0,,5,9,,N,N,,0,,0,0,0,0,0,N,838.0,0,1,0,0,0,0,0,3,4,0,1,7,,N,,,,,,,,,,,
2010122589,1309.0,2,0,0,0,0,0,0,0,0,1,0,,67,11,2010,3,40.0797,-75.0422,1309.0,6,0,0,0,0,0,1,0,0,,0,0,0,13.0,1,1,0,,0,40 04:46.784,,0,75 02:32.110,8,0,0,0,67301,0,0,0,N,0,0,0,2,67301,0,,1,9,,N,N,,0,,0,0,0,0,0,,1305.0,1,2,0,0,0,1,1,3,4,0,2,7,,N,,,,,,,,,,,
2010122610,2330.0,2,0,0,0,0,0,0,0,0,4,0,,67,11,2010,7,39.9386,-75.1421,2329.0,6,0,0,0,0,0,0,0,0,,0,0,0,23.0,3,1,2,,0,39 56:18.437,,2,75 08:32.410,4,0,0,0,67301,0,0,0,,0,0,0,2,67301,1,,1,1,,,,,0,,0,0,0,3,2,,2315.0,1,2,0,0,0,0,0,3,4,0,2,3,,N,,,,,,,,,,,
2010122629,1053.0,2,0,0,0,0,0,0,0,0,2,0,,67,11,2010,1,40.0243,-75.2197,1050.0,6,0,0,0,0,0,0,0,0,,0,0,0,10.0,1,2,0,,0,40 01:27.544,,0,75 13:10.970,8,0,0,0,67301,0,0,0,,0,0,0,5,67301,0,,1,1,,,,,0,,0,0,0,0,0,,1049.0,2,2,0,0,0,2,0,3,4,0,2,3,,N,,,,,,,,,,,
2010029468,210.0,1,0,0,0,0,0,0,0,0,5,0,,67,2,2010,1,39.9184,-75.1829,204.0,6,0,0,0,0,0,0,0,0,,0,0,0,99.0,3,0,0,,0,39 55:06.153,,0,75 10:58.609,0,0,0,0,67301,0,0,0,N,0,0,0,2,67301,0,,1,9,,N,N,,0,,0,0,1,3,2,,9999.0,0,2,0,0,0,0,0,3,4,0,2,3,,N,,,,,,,,,,,
2010016905,1250.0,2,0,0,0,0,0,0,0,0,4,0,,67,1,2010,3,40.0963,-75.0172,1226.0,6,0,0,0,0,0,0,1,0,,0,0,0,12.0,1,1,0,,0,40 05:46.776,,7,75 01:01.970,8,0,0,0,67301,0,0,0,N,0,0,0,2,67301,0,,1,1,,N,N,,0,,0,0,0,0,0,,1210.0,1,2,0,0,0,1,0,3,4,0,2,3,,N,,,,,,,,,,,
2010011555,855.0,3,0,0,0,0,0,0,0,0,1,0,,67,1,2010,6,40.0613,-75.0518,845.0,6,0,0,0,0,0,1,0,0,,0,0,0,8.0,1,0,1,,0,40 03:40.798,,0,75 03:06.793,0,0,0,0,67301,0,0,0,N,0,0,0,4,67301,0,,1,1,,N,N,,0,,0,0,0,3,2,,835.0,0,3,0,0,0,0,0,3,4,0,3,3,,N,,,,,,,,,,,
2010011562,1440.0,1,0,0,0,0,0,0,0,0,1,0,,67,1,2010,5,39.9447,-75.1652,1432.0,6,0,0,0,0,0,0,0,0,9.0,0,0,0,14.0,1,0,1,,1,39 56:40.704,1.0,0,75 09:54.830,0,0,0,0,67301,0,0,0,,0,0,0,2,67301,0,,1,1,,,,,0,,0,0,0,3,2,N,1415.0,0,2,0,0,0,0,0,3,4,1,2,3,,N,,,,,,,,,,,
2010017082,1920.0,3,0,0,0,0,0,0,0,0,4,0,,67,1,2010,2,39.9753,-75.1833,1919.0,6,0,0,0,0,0,1,0,0,,0,0,0,19.0,3,2,2,,0,39 58:30.949,,0,75 10:59.934,4,0,0,0,67301,0,0,0,,0,0,0,2,67301,1,,1,1,,,,,0,,0,0,0,3,3,,1913.0,2,3,0,0,0,1,0,3,4,0,3,3,,N,,,,,,,,,,,
2010017019,2127.0,2,0,0,0,0,0,0,0,0,4,0,,67,1,2010,2,40.064,-75.0596,2123.0,6,0,0,0,0,0,0,0,0,,0,0,0,21.0,3,1,1,,0,40 03:50.306,,0,75 03:34.568,8,0,0,0,67301,0,0,0,N,0,0,0,2,67301,0,,1,1,,N,N,,0,,0,0,0,3,3,,2117.0,1,2,0,0,0,1,0,3,4,0,2,3,,N,,,,,,,,,,,
2010017133,230.0,1,0,0,0,0,0,0,0,0,4,0,,67,1,2010,1,39.9736,-75.2515,225.0,6,0,0,1,0,0,0,0,0,,0,0,0,2.0,3,1,0,,0,39 58:25.051,,0,75 15:05.520,4,0,0,0,67301,0,0,0,N,0,0,0,1,67301,1,,1,1,,N,Y,,0,,0,0,1,0,0,,225.0,1,2,0,0,0,0,0,3,4,0,2,3,,N,,,,,,,,,,,
2010018606,148.0,1,0,0,0,0,0,0,0,0,0,0,,67,1,2010,7,39.9899,-75.2058,148.0,6,0,0,0,0,0,0,0,0,1.0,0,0,0,1.0,3,0,0,,1,39 59:26.417,4.0,0,75 12:17.304,0,0,0,0,67301,0,0,0,N,0,0,0,1,68K01,0,,1,1,,N,N,,0,,0,0,0,0,0,N,145.0,0,1,0,0,0,0,0,3,4,0,1,3,,N,,,,,,,,,,,
2010021558,1928.0,1,0,0,0,0,0,0,0,0,4,0,,67,1,2010,5,40.0273,-75.0288,1927.0,6,0,0,0,0,0,0,0,0,,0,0,0,19.0,3,0,2,,0,40 01:38.437,,0,75 01:43.908,0,0,0,0,67301,0,0,0,,0,0,0,2,67301,0,,1,1,,N,N,,0,,0,0,1,3,2,,1926.0,0,2,0,0,0,0,0,3,4,0,2,3,,N,,,,,,,,,,,
2010021633,1447.0,2,0,0,0,0,0,0,0,0,1,0,,67,1,2010,6,40.0659,-75.0285,1443.0,6,0,0,0,0,0,0,0,0,2.0,0,0,0,14.0,1,1,0,,2,40 03:57.330,3.0,0,75 01:42.495,4,0,0,0,67301,0,0,0,N,0,0,0,1,67301,1,,6,1,,N,N,,0,,0,0,0,0,0,N,1410.0,1,2,0,0,0,0,0,3,4,0,2,3,,N,,,,,,,,,,,
2010021634,1615.0,1,0,1,0,0,0,0,0,0,2,0,,67,1,2010,1,40.0066,-75.1942,1606.0,6,0,0,0,0,0,1,0,0,1.0,0,0,0,16.0,4,2,0,,2,40 00:23.857,5.0,0,75 11:39.016,2,0,0,0,67301,0,0,0,N,0,0,0,2,67301,0,,1,9,,N,N,,0,,1,1,1,0,0,Y,1605.0,2,2,0,0,0,0,0,3,4,0,2,3,,N,,,,,,,,,,,
2010117999,2246.0,2,0,0,0,0,0,0,0,0,4,0,,67,10,2010,1,40.0352,-75.1455,2243.0,6,0,0,0,0,0,2,0,0,,0,0,0,22.0,3,1,1,,0,40 02:06.884,,0,75 08:44.049,8,0,0,0,67301,0,0,0,N,0,0,0,2,67301,0,,1,1,,N,N,,0,,0,0,0,3,2,,2243.0,1,2,0,0,0,1,0,3,4,0,2,3,,N,,,,,,,,,,,
2010083132,932.0,2,0,0,0,0,0,0,0,0,1,0,,67,8,2010,3,40.0278,-75.0986,931.0,6,0,0,0,0,0,0,0,0,1.0,0,0,0,9.0,1,0,2,,1,40 01:40.095,2.0,0,75 05:55.134,0,0,0,0,67301,0,0,0,N,0,0,0,3,67301,0,,1,1,,N,N,,1,,0,0,0,3,2,N,930.0,0,3,0,0,0,0,0,3,4,0,3,3,,N,,,,,,,,,,,
2010075066,1830.0,1,0,0,2,0,0,0,0,0,4,0,,67,7,2010,7,39.9948,-75.0941,1815.0,6,0,0,0,0,0,1,0,0,1.0,0,0,0,17.0,1,2,0,,1,39 59:41.430,1.0,7,75 05:38.871,4,0,0,0,67301,2,0,0,N,0,0,0,3,67301,2,,4,1,,N,N,,0,,0,0,0,3,3,N,1735.0,2,3,0,0,0,0,0,3,4,0,1,3,,N,,,,,,,,,,,
2010075103,1817.0,1,0,0,0,0,0,0,0,0,2,0,,67,7,2010,3,40.064,-75.0596,1752.0,6,0,0,0,0,0,0,0,0,,0,0,0,17.0,1,0,1,,0,40 03:50.306,,0,75 03:34.568,9,0,0,0,67301,0,0,0,N,0,0,0,3,67301,0,,1,1,,N,N,,0,,0,0,1,3,3,,1752.0,0,2,0,0,2,0,1,3,4,0,2,3,,N,,,,,,,,,,,
2010075105,2318.0,1,0,0,0,0,0,0,0,0,8,0,,67,6,2010,7,39.9609,-75.245,2313.0,6,0,0,0,0,0,0,0,0,9.0,0,0,0,23.0,3,1,1,,1,39 57:39.331,6.0,0,75 14:41.973,8,0,0,0,67301,1,0,0,N,1,0,0,2,67301,0,,1,1,,N,N,,0,,0,0,0,3,2,N,2310.0,1,2,0,0,0,1,1,3,4,0,1,3,,N,,,,,,,,,,,