CRN,ARRIVAL_TM,AUTOMOBILE_COUNT,BELTED_DEATH_COUNT,BELTED_SUSP_SERIOUS_INJ_COUNT,BICYCLE_COUNT,BICYCLE_DEATH_COUNT,BICYCLE_SUSP_SERIOUS_INJ_COUNT,BUS_COUNT,CHLDPAS_DEATH_COUNT,CHLDPAS_SUSP_SERIOUS_INJ_COUNT,COLLISION_TYPE,COMM_VEH_COUNT,CONS_ZONE_SPD_LIM,COUNTY,CRASH_MONTH,CRASH_YEAR,DAY_OF_WEEK,DEC_LAT,DEC_LONG,DISPATCH_TM,DISTRICT,DRIVER_COUNT_16YR,DRIVER_COUNT_17YR,DRIVER_COUNT_18YR,DRIVER_COUNT_19YR,DRIVER_COUNT_20YR,DRIVER_COUNT_50_64YR,DRIVER_COUNT_65_74YR,DRIVER_COUNT_75PLUS,EST_HRS_CLOSED,FATAL_COUNT,HEAVY_TRUCK_COUNT,HORSE_BUGGY_COUNT,HOUR_OF_DAY,ILLUMINATION,INJURY_COUNT,INTERSECT_TYPE,INTERSECTION_RELATED,LANE_CLOSED,LATITUDE,LN_CLOSE_DIR,LOCATION_TYPE,LONGITUDE,MAX_SEVERITY_LEVEL,MCYCLE_DEATH_COUNT,MCYCLE_SUSP_SERIOUS_INJ_COUNT,MOTORCYCLE_COUNT,MUNICIPALITY,NONMOTR_COUNT,NONMOTR_DEATH_COUNT,NONMOTR_SUSP_SERIOUS_INJ_COUNT,NTFY_HIWY_MAINT,PED_COUNT,PED_DEATH_COUNT,PED_SUSP_SERIOUS_INJ_COUNT,PERSON_COUNT,POLICE_AGCY,POSSIBLE_INJ_COUNT,RDWY_SURF_TYPE_CD,RELATION_TO_ROAD,ROAD_CONDITION,ROADWAY_CLEARED,SCH_BUS_IND,SCH_ZONE_IND,SECONDARY_CRASH,SMALL_TRUCK_COUNT,SPEC_JURIS_CD,SUSP_MINOR_INJ_COUNT,SUSP_SERIOUS_INJ_COUNT,SUV_COUNT,TCD_FUNC_CD,TCD_TYPE,TFC_DETOUR_IND,TIME_OF_DAY,TOT_INJ_COUNT,TOTAL_UNITS,UNB_DEATH_COUNT,UNB_SUSP_SERIOUS_INJ_COUNT,UNBELTED_OCC_COUNT,UNK_INJ_DEG_COUNT,UNK_INJ_PER_COUNT,URBAN_AREA,URBAN_RURAL,VAN_COUNT,VEHICLE_COUNT,WEATHER1,WEATHER2,WORK_ZONE_IND,WORK_ZONE_LOC,WORK_ZONE_TYPE,WORKERS_PRES,WZ_CLOSE_DETOUR,WZ_FLAGGER,WZ_LAW_OFFCR_IND,WZ_LN_CLOSURE,WZ_MOVING,WZ_OTHER,WZ_SHLDER_MDN,WZ_WORKERS_INJ_KILLED
2010045497,2227.0,1,0,0,0,0,0,0,0,0,7,0,,67,5,2010,6,39.9542,-75.141,2222.0,6,0,0,0,0,0,0,0,0,2.0,0,0,0,22.0,3,1,0,,1,39 57:19.142,4.0,2,75 08:28.105,3,0,0,0,67301,0,0,0,Y,0,0,0,1,68K01,0,,2,1,,N,N,,0,,1,0,0,0,0,N,2214.0,1,1,0,0,1,0,0,3,4,0,1,3,,N,,,,,,,,,,,
2010064713,1747.0,1,0,0,0,0,0,0,0,0,8,0,,67,6,2010,3,40.0362,-75.1101,1745.0,6,0,0,0,0,0,1,0,0,,0,0,0,17.0,1,1,0,,0,40 02:10.220,,0,75 06:36.480,4,0,0,0,67301,1,0,0,,1,0,0,2,67301,1,,1,1,,N,,,0,,0,0,0,0,0,,1740.0,1,2,0,0,0,0,0,3,4,0,1,3,,N,,,,,,,,,,,
2010074905,9999.0,1,0,0,0,0,0,0,0,0,8,0,,67,7,2010,4,39.9611,-75.2338,1349.0,6,0,0,0,0,0,0,0,0,,0,0,0,13.0,1,1,0,,0,39 57:40.082,,0,75 14:01.698,8,0,0,0,67301,1,0,0,N,1,0,0,2,67301,0,,1,1,,N,N,,0,,0,0,0,0,0,,1347.0,1,2,0,0,0,1,0,3,4,0,1,3,,N,,,,,,,,,,,
2010044729,1538.0,0,0,0,0,0,0,0,0,0,8,0,,67,4,2010,3,40.0037,-75.1689,1536.0,6,0,0,0,0,0,0,0,0,,0,0,0,15.0,1,1,5,,0,40 00:13.178,,0,75 10:08.095,4,0,0,0,67301,1,0,0,N,1,0,0,2,67301,1,,1,9,,N,N,,0,,0,0,0,3,2,,1536.0,1,2,0,0,0,0,0,3,4,1,1,7,,N,,,,,,,,,,,
2010081449,1117.0,1,0,0,0,0,0,0,0,0,1,0,,67,7,2010,5,40.0352,-75.1083,1114.0,6,0,0,0,0,0,1,0,0,,0,0,0,11.0,1,1,0,,0,40 02:05.510,,0,75 06:29.222,3,0,0,0,67301,0,0,0,,0,0,0,4,67301,0,,1,1,,N,N,,0,,1,0,1,0,0,,1113.0,1,2,0,0,0,0,3,3,4,0,2,3,,N,,,,,,,,,,,
2010044458,9999.0,2,0,0,0,0,0,0,0,0,4,0,,67,4,2010,5,40.0063,-75.2136,909.0,6,0,0,0,0,0,0,0,0,,0,0,0,99.0,1,0,0,,0,40 00:22.667,,7,75 12:49.022,9,0,0,0,67301,0,0,0,N,0,0,0,2,67301,0,,1,1,,N,N,,0,,0,0,0,9,2,,9999.0,0,2,0,0,0,0,2,3,4,0,2,3,,N,,,,,,,,,,,
2010103943,1510.0,2,0,0,0,0,0,0,0,0,1,0,,67,9,2010,1,40.1198,-75.0084,1458.0,6,0,0,0,0,0,1,0,0,1.0,0,0,0,14.0,1,3,0,,1,40 07:11.290,4.0,0,75 00:30.340,4,0,0,0,67301,0,0,0,N,0,0,0,3,67301,1,,1,1,,N,N,,0,,0,0,0,3,2,N,1450.0,3,2,0,0,0,2,0,3,4,0,2,3,,N,,,,,,,,,,,
2010103945,1845.0,0,0,0,0,0,0,0,0,0,4,0,,67,9,2010,7,40.033,-75.1161,1720.0,6,0,0,0,0,0,1,0,0,,0,0,0,17.0,3,1,1,,0,40 01:58.974,,0,75 06:57.861,4,0,0,1,67301,0,0,0,,0,0,0,2,67301,1,,1,1,,,,,0,,0,0,1,1,2,,1715.0,1,2,0,0,0,0,0,3,4,0,2,3,,N,,,,,,,,,,,
2010099522,323.0,2,0,0,0,0,0,0,0,0,1,0,,67,4,2010,2,40.0013,-75.2153,305.0,6,0,0,0,0,0,0,0,0,,0,0,0,2.0,3,1,1,,0,40 00:04.629,,0,75 12:55.137,4,0,0,0,67301,0,0,0,N,0,0,0,2,67301,1,,1,9,,N,N,,0,,0,0,0,3,2,,245.0,1,2,0,0,0,0,1,3,4,0,2,7,,N,,,,,,,,,,,
2010100905,1925.0,1,0,0,0,0,0,0,0,0,8,0,,67,9,2010,6,39.9359,-75.1772,1920.0,6,0,0,0,0,0,0,0,0,2.0,0,0,0,18.0,1,1,0,,2,39 56:09.175,4.0,0,75 10:37.812,4,0,0,0,67301,1,0,0,N,1,0,0,2,67301,1,,1,1,,N,N,,0,,0,0,0,0,0,Y,1830.0,1,2,0,0,0,0,0,3,4,0,1,3,,N,,,,,,,,,,,
2010113606,1924.0,2,0,0,0,0,0,0,0,0,4,0,,67,10,2010,1,39.9119,-75.239,1922.0,6,0,0,0,0,1,0,0,0,,0,0,0,19.0,3,1,2,,0,39 54:42.735,,0,75 14:20.234,4,0,0,0,67301,0,0,0,,0,0,0,3,67301,1,,1,1,,,,,0,,0,0,0,3,3,,1915.0,1,2,0,0,0,0,0,3,4,0,2,3,,N,,,,,,,,,,,
2010098513,131.0,1,0,0,0,0,0,0,0,0,7,0,,67,9,2010,2,39.9804,-75.2057,120.0,6,0,0,0,0,0,0,0,0,2.0,0,0,0,1.0,3,0,0,,2,39 58:52.162,3.0,0,75 12:24.379,0,0,0,0,67301,0,0,0,N,0,0,0,1,68K01,0,,2,9,,N,N,,0,,0,0,0,0,0,N,118.0,0,1,0,0,0,0,0,3,4,0,1,7,,N,,,,,,,,,,,
2010094166,230.0,1,0,0,0,0,0,0,0,0,7,0,,67,9,2010,5,39.9283,-75.2434,218.0,6,0,0,0,0,0,0,0,0,,0,0,0,2.0,3,1,0,,0,39 55:41.881,,0,75 14:36.383,8,0,0,0,67301,0,0,0,,0,0,0,1,67301,0,,5,1,,,,,0,,0,0,0,0,0,,215.0,1,1,0,0,0,1,0,3,4,0,1,3,,N,,,,,,,,,,,
2010094180,9999.0,2,0,0,0,0,0,0,0,0,4,0,,67,8,2010,1,39.9217,-75.2427,9999.0,6,0,0,0,0,0,1,0,0,,0,0,0,99.0,1,2,1,,0,39 55:18.066,,0,75 14:33.727,4,0,0,0,67301,0,0,0,,0,0,0,6,67301,1,,1,9,,,,,0,,0,0,0,1,2,,9999.0,2,2,0,0,2,1,0,3,4,0,2,3,,N,,,,,,,,,,,
2010094187,2014.0,1,0,0,0,0,0,0,0,0,8,0,,67,9,2010,3,40.0405,-75.0401,2009.0,6,0,0,0,0,0,0,0,0,1.0,0,0,0,20.0,3,1,1,,1,40 02:25.692,3.0,0,75 02:24.233,3,0,0,0,67301,1,0,0,N,1,0,0,2,67301,0,,1,1,,N,N,,0,,1,0,0,2,3,Y,2005.0,1,2,0,0,0,0,0,3,4,0,1,3,,N,,,,,,,,,,,
2010094231,1647.0,1,0,0,0,0,0,0,0,0,4,0,,67,8,2010,4,39.9152,-75.1587,1645.0,6,0,0,0,0,1,0,0,0,,0,0,0,15.0,1,1,2,,0,39 54:54.874,,0,75 09:31.260,4,0,0,1,67301,0,0,0,,0,0,0,2,67301,1,,1,1,,N,N,,0,,0,0,0,3,3,,1545.0,1,2,0,0,0,0,0,3,4,0,2,3,,N,,,,,,,,,,,
2010113750,1058.0,1,0,0,0,0,0,0,0,0,1,1,,67,10,2010,3,39.9204,-75.1781,1054.0,6,0,0,0,0,0,1,0,0,1.0,0,1,0,10.0,1,1,0,,2,39 55:13.342,3.0,0,75 10:41.008,8,0,0,0,67301,0,0,0,,0,0,0,2,67301,0,,1,9,,,,,0,,0,0,0,0,0,Y,1040.0,1,2,0,0,2,1,0,3,4,0,2,7,,N,,,,,,,,,,,
2010113775,1855.0,0,0,0,0,0,0,0,0,0,8,0,,67,10,2010,6,39.9243,-75.1843,1852.0,6,0,0,0,0,0,0,0,0,,0,0,0,18.0,1,1,0,,0,39 55:27.552,,0,75 11:03.325,3,0,0,0,67301,1,0,0,N,1,0,0,2,67301,0,,1,1,,N,N,,1,,1,0,0,0,0,,1832.0,1,2,0,0,0,0,0,3,4,0,1,3,,N,,,,,,,,,,,
2010093706,2355.0,2,0,0,0,0,0,0,0,0,5,0,,67,9,2010,4,39.9966,-75.0748,2350.0,6,0,0,0,0,0,0,0,0,,0,0,0,23.0,3,1,0,,0,39 59:47.704,,0,75 04:29.632,8,0,0,0,67301,0,0,0,,0,0,0,1,67301,0,,1,1,,N,N,,3,,0,0,0,0,0,,2340.0,1,5,0,0,1,1,0,3,4,0,5,3,,N,,,,,,,,,,,
2010113503,9999.0,2,0,0,0,0,0,0,0,0,4,0,,67,10,2010,3,39.9624,-75.2447,9999.0,6,0,0,0,0,0,0,0,0,,0,0,0,7.0,1,3,1,,0,39 57:44.550,,0,75 14:41.174,8,0,0,0,67301,0,0,0,N,0,0,0,4,67301,0,,1,1,,N,N,,0,,0,0,0,3,2,,745.0,3,2,0,0,0,3,1,3,4,0,2,3,,N,,,,,,,,,,,
2010088856,1721.0,2,0,0,0,0,0,0,0,0,1,0,,67,8,2010,5,39.9162,-75.1662,1717.0,6,0,0,0,0,0,0,1,0,,0,0,0,17.0,1,2,0,,0,39 54:58.345,,0,75 09:58.151,4,0,0,0,67301,0,0,0,,0,0,0,3,67301,2,,1,1,,,,,0,,0,0,0,3,2,,1705.0,2,2,0,0,0,0,0,3,4,0,2,3,,N,,,,,,,,,,,
2010110811,1640.0,1,0,0,0,0,0,0,0,0,4,0,,67,10,2010,7,40.0501,-75.0964,1635.0,6,0,0,1,0,0,0,0,0,1.0,0,0,0,16.0,1,1,1,,2,40 03:00.190,2.0,0,75 05:47.108,4,0,0,0,67301,0,0,0,N,0,0,0,4,67301,1,,1,1,,N,N,,1,,0,0,0,3,3,Y,1620.0,1,2,0,0,1,0,0,3,4,0,2,3,,N,,,,,,,,,,,
2010088911,9999.0,1,0,0,1,0,0,0,0,0,4,0,,67,8,2010,4,40.0184,-75.0835,9999.0,6,0,0,0,0,0,0,0,0,,0,0,0,99.0,1,1,1,,0,40 01:06.150,,0,75 05:00.653,8,0,0,0,67301,1,0,0,,0,0,0,2,67301,0,,1,1,,N,,,0,,0,0,0,3,3,,9999.0,1,2,0,0,0,1,0,3,4,0,1,3,,N,,,,,,,,,,,
2010088940,9999.0,1,0,0,0,0,0,0,0,0,0,0,,67,8,2010,1,40.0308,-75.1835,456.0,6,0,0,0,0,0,0,0,0,,0,0,0,4.0,3,1,0,,0,40 01:50.880,,0,75 11:00.590,4,0,0,0,67301,0,0,0,,0,0,0,1,67301,1,,1,1,,N,N,,0,,0,0,0,0,0,,456.0,1,1,0,0,1,0,0,3,4,0,1,3,,N,,,,,,,,,,,
2010110842,611.0,1,0,0,0,0,0,0,0,0,8,0,,67,10,2010,3,40.0419,-75.124,609.0,6,0,0,0,0,0,1,0,0,1.0,0,0,0,6.0,3,1,1,,1,40 02:30.933,1.0,0,75 07:26.313,8,0,0,0,67301,1,0,0,N,1,0,0,2,67301,0,,1,9,,N,N,,0,,0,0,0,3,2,N,600.0,1,2,0,0,0,1,0,3,4,0,1,7,,N,,,,,,,,,,,
2010110856,1719.0,2,0,0,0,0,0,0,0,0,4,0,,67,10,2010,5,40.0403,-75.0584,1714.0,6,0,0,0,0,0,0,0,0,1.0,0,0,0,17.0,1,0,1,,1,40 02:24.861,1.0,0,75 03:30.268,0,0,0,0,67301,0,0,0,,0,0,0,3,67301,0,,1,1,,N,N,,0,,0,0,0,3,2,N,1710.0,0,2,0,0,0,0,0,3,4,0,2,3,,N,,,,,,,,,,,
2010069715,530.0,0,0,0,1,0,0,0,0,0,4,0,,67,6,2010,6,39.9494,-75.1646,522.0,6,0,0,0,0,0,0,0,0,,0,0,0,5.0,1,2,0,,0,39 56:57.784,,0,75 09:52.517,8,0,0,1,67301,1,0,0,,0,0,0,2,67301,0,,1,1,,,,,0,,0,0,0,0,0,,517.0,2,2,0,0,0,2,0,3,4,0,1,3,,N,,,,,,,,,,,
2010011632,601.0,2,0,0,0,0,0,0,0,0,1,0,,67,1,2010,6,40.0551,-75.1411,600.0,6,0,0,0,0,0,0,0,0,,0,0,0,4.0,3,2,2,,0,40 03:18.500,,99,75 08:27.970,8,0,0,0,67301,0,0,0,N,0,0,0,3,67301,0,,1,1,,N,N,,0,,0,0,0,3,2,,445.0,2,2,0,0,3,2,1,3,4,0,2,3,,N,,,,,,,,,,,
2010008988,109.0,1,0,0,0,0,0,0,0,0,7,0,,67,1,2010,6,39.9587,-75.1686,107.0,6,0,0,0,0,0,0,0,0,1.0,0,0,0,1.0,3,0,0,,1,39 57:31.422,4.0,0,75 10:06.991,9,0,0,0,67301,0,0,0,N,0,0,0,1,68K01,0,,3,9,,N,N,,0,,0,0,0,0,0,N,105.0,0,1,0,0,0,0,1,3,4,0,1,7,,N,,,,,,,,,,,
2010122360,1445.0,0,0,0,0,0,0,0,0,0,1,0,,67,11,2010,2,39.9216,-75.1915,1358.0,6,0,0,0,0,0,0,0,0,,0,0,0,13.0,1,1,3,,0,39 55:17.587,,0,75 11:29.484,4,0,0,0,67301,0,0,0,N,0,0,0,3,67301,1,,1,1,,N,N,,1,,0,0,0,9,2,,1345.0,1,2,0,0,0,0,0,3,4,1,2,3,,N,,,,,,,,,,,
2010122472,1339.0,2,0,0,0,0,0,0,0,0,4,0,,67,11,2010,6,39.9705,-75.151,1337.0,6,0,0,0,0,0,1,0,0,1.0,0,0,0,13.0,1,1,1,,1,39 58:14.108,1.0,1,75 09:03.119,4,0,0,0,67301,0,0,0,N,0,0,0,2,67301,1,,1,1,,N,N,,0,,0,0,0,3,3,N,1337.0,1,2,0,0,0,0,0,3,4,0,2,3,,N,,,,,,,,,,,
2010122477,1915.0,1,0,0,0,0,0,0,0,0,8,0,,67,11,2010,6,40.0485,-75.1508,1856.0,6,0,0,0,0,0,0,0,1,,0,0,0,19.0,3,1,1,,0,40 02:54.628,,0,75 09:02.883,4,0,0,0,67301,1,0,0,N,1,0,0,2,67301,1,,1,1,,N,N,,0,,0,0,0,3,2,,1900.0,1,2,0,0,0,0,0,3,4,0,1,3,,N,,,,,,,,,,,
2010122502,1505.0,0,0,0,0,0,0,0,0,0,8,0,,67,11,2010,4,39.9864,-75.1562,1500.0,6,0,0,0,0,0,0,0,0,,0,0,0,14.0,1,1,0,,0,39 59:11.196,,7,75 09:22.426,4,0,0,0,67301,1,0,0,N,1,0,0,2,67301,1,,1,1,,N,N,,0,,0,0,1,0,0,,1455.0,1,2,0,0,1,0,0,3,4,0,1,3,,N,,,,,,,,,,,
2010122639,1705.0,1,0,0,0,0,0,0,0,0,8,0,,67,11,2010,4,39.9876,-75.1537,1657.0,6,0,0,0,0,0,0,0,0,,0,0,0,16.0,1,1,1,,0,39 59:15.286,,0,75 09:13.173,4,0,0,0,67301,1,0,0,N,1,0,0,2,67301,1,,1,1,,N,N,,0,,0,0,0,3,3,,1600.0,1,2,0,0,0,0,0,3,4,0,1,3,,N,,,,,,,,,,,
2010122647,1713.0,1,0,0,0,0,0,0,0,0,4,0,,67,11,2010,2,40.009,-75.1223,1713.0,6,0,0,0,0,0,0,0,0,3.0,0,0,0,17.0,3,2,0,,2,40 00:32.270,7.0,0,75 07:20.169,4,0,0,0,67301,0,0,0,N,0,0,0,3,67301,2,,1,9,,N,N,,0,,0,0,0,0,0,Y,1705.0,2,2,0,0,0,0,0,3,4,1,2,7,,N,,,,,,,,,,,
2010119937,1414.0,2,0,0,0,0,0,0,0,0,1,0,,67,12,2010,4,39.9458,-75.19,1414.0,6,0,0,0,0,0,0,0,1,,0,0,0,14.0,1,1,6,,0,39 56:46.176,,2,75 11:22.427,8,0,0,0,67301,0,0,0,N,0,0,0,2,68K01,0,,1,9,,N,N,,0,,0,0,0,3,4,,1412.0,1,2,0,0,0,1,0,3,4,0,2,3,,N,,,,,,,,,,,
2010039293,755.0,1,0,0,0,0,0,0,0,0,8,0,,67,4,2010,2,39.9958,-75.1147,729.0,6,0,0,0,0,0,1,0,0,,0,0,0,7.0,1,1,0,,0,39 59:44.984,,0,75 06:52.808,4,0,0,0,67301,1,0,0,,1,0,0,2,67301,1,,1,1,,N,N,,0,,0,0,0,0,0,,729.0,1,2,0,0,0,0,0,3,4,0,1,3,,N,,,,,,,,,,,
2010039322,1518.0,1,0,0,0,0,0,0,0,0,4,1,,67,3,2010,2,39.9778,-75.1191,1515.0,6,0,0,0,0,0,1,0,0,1.0,0,1,0,15.0,1,1,1,,2,39 58:43.906,1.0,0,75 07:06.898,4,0,0,0,67301,0,0,0,N,0,0,0,2,67301,1,,1,98,,N,N,,0,,0,0,0,3,2,Y,1500.0,1,2,0,0,0,0,0,3,4,0,2,99,,N,,,,,,,,,,,
2010114991,920.0,2,0,0,0,0,0,0,0,0,1,0,,67,11,2010,5,39.9952,-75.0837,915.0,6,0,0,0,0,0,0,0,0,1.0,0,0,0,9.0,1,1,0,,1,39 59:42.260,2.0,0,75 05:01.489,4,0,0,0,67301,0,0,0,N,0,0,0,3,68K01,1,,1,1,,N,N,,1,,0,0,0,0,0,N,912.0,1,3,0,0,0,0,0,3,4,0,3,3,,N,,,,,,,,,,,
2010032468,1805.0,3,0,0,0,0,0,0,0,0,1,0,,67,3,2010,3,40.122,-75.0128,1801.0,6,0,0,0,0,0,0,1,0,1.0,0,0,0,17.0,4,3,0,,1,40 07:19.290,4.0,0,75 00:45.930,3,0,0,0,67301,0,0,0,,0,0,0,5,67301,1,,1,9,,N,N,,0,,2,0,0,0,0,N,1739.0,3,3,0,0,0,0,1,3,4,0,3,7,,N,,,,,,,,,,,
2010017160,1710.0,2,0,0,0,0,0,0,0,0,4,0,,67,1,2010,5,39.9614,-75.1433,1700.0,6,0,0,0,0,0,1,0,0,,0,0,0,16.0,4,1,1,,0,39 57:41.068,,0,75 08:35.811,4,0,0,0,67301,0,0,0,,0,0,0,2,67301,1,,1,9,,,,,0,,0,0,0,3,3,,1645.0,1,2,0,0,0,0,0,3,4,0,2,3,,N,,,,,,,,,,,
2010020466,834.0,0,0,0,0,0,0,0,0,0,0,1,,67,2,2010,7,39.9372,-75.1441,828.0,6,0,0,0,0,0,0,0,0,3.0,0,1,0,8.0,1,0,0,,1,39 56:14.355,1.0,0,75 08:38.450,0,0,0,0,67301,0,0,0,Y,0,0,0,1,68K01,0,,3,7,,N,N,,0,,0,0,0,0,0,N,824.0,0,1,0,0,0,0,0,3,4,0,1,10,,N,,,,,,,,,,,
2010018607,232.0,1,0,0,0,0,0,0,0,0,7,0,,67,1,2010,2,39.9809,-75.2064,231.0,6,0,0,0,0,0,0,0,0,,0,0,0,2.0,3,1,0,,0,39 58:54.179,,0,75 12:26.391,8,0,0,0,67301,0,0,0,N,0,0,0,2,68K01,0,,2,9,,N,N,,0,,0,0,0,0,0,,228.0,1,1,0,0,2,1,0,3,4,0,1,7,,N,,,,,,,,,,,
2010021639,1704.0,2,0,0,0,0,0,0,0,0,4,0,,67,2,2010,3,40.0419,-75.075,1704.0,6,0,0,0,0,0,1,0,0,,0,0,0,16.0,4,0,5,,0,40 02:31.027,,0,75 04:30.123,0,0,0,0,67301,0,0,0,,0,0,0,2,67301,0,,1,1,,N,N,,0,,0,0,0,3,2,,1658.0,0,2,0,0,0,0,0,3,4,0,2,3,,N,,,,,,,,,,,
2010021733,1800.0,0,0,0,0,0,0,0,0,0,8,0,,67,1,2010,3,39.9729,-75.2388,1750.0,6,0,0,0,0,0,0,0,0,,0,0,0,7.0,1,1,2,,0,39 58:22.396,,0,75 14:19.798,3,0,0,0,67301,1,0,0,N,1,0,0,2,67301,0,,1,1,,N,N,,0,,1,0,1,3,3,,730.0,1,2,0,0,0,0,1,3,4,0,1,3,,N,,,,,,,,,,,
2010027624,513.0,1,0,0,0,0,0,0,0,0,7,0,,67,2,2010,7,40.0266,-75.1154,511.0,6,0,0,0,0,0,0,0,0,3.0,2,0,0,5.0,3,1,0,,2,40 01:35.909,1.0,0,75 06:55.441,1,0,0,0,67301,0,0,0,,0,0,0,3,67301,1,2.0,3,2,,,,,0,0.0,0,0,0,0,0,Y,510.0,1,1,2,0,3,0,0,3,4,0,1,98,,N,,,,,,,,,,,
2010117971,803.0,1,0,0,0,0,0,0,0,0,8,0,,67,1,2010,2,39.9512,-75.167,800.0,6,0,0,0,0,0,0,0,0,,0,0,0,8.0,8,1,1,,0,39 57:04.489,,0,75 10:01.286,4,0,0,0,67301,1,0,0,N,1,0,0,2,67301,1,,1,9,,N,N,,0,,0,0,0,3,2,,800.0,1,2,0,0,0,0,0,3,4,0,1,7,,N,,,,,,,,,,,
2010117975,150.0,3,0,0,0,0,0,0,0,0,4,0,,67,10,2010,7,39.9261,-75.1828,145.0,6,0,0,0,0,0,0,0,0,,0,0,0,1.0,3,3,1,,0,39 55:33.757,,0,75 10:57.484,8,0,0,0,67301,0,0,0,N,0,0,0,3,67301,0,,1,1,,N,N,,2,,0,0,0,3,2,,145.0,3,5,0,0,0,3,0,3,4,0,5,3,,N,,,,,,,,,,,
2010117992,705.0,1,0,0,0,0,0,0,0,0,7,0,,67,9,2010,5,40.0081,-75.1613,703.0,6,0,0,0,0,0,0,0,0,,0,0,0,7.0,1,5,1,,0,40 00:29.314,,0,75 09:40.503,8,0,0,0,67301,0,0,0,,0,0,0,5,67301,0,,5,1,,,,,0,,0,0,0,0,0,,703.0,5,1,0,0,0,5,0,3,4,0,1,3,,N,,,,,,,,,,,
2010089097,2129.0,1,0,0,0,0,0,0,0,0,8,0,,67,8,2010,2,40.0271,-75.0893,2126.0,6,0,0,0,0,0,0,0,0,,0,0,0,21.0,3,1,1,,0,40 01:37.478,,0,75 05:21.466,8,0,0,0,67301,1,0,0,N,1,0,0,2,67301,0,,1,1,,N,N,,0,,0,0,0,3,3,,2118.0,1,2,0,0,0,1,0,3,4,0,1,3,,N,,,,,,,,,,,
2010100899,2315.0,1,0,0,0,0,0,0,0,0,4,0,,67,9,2010,7,40.0258,-75.1235,2305.0,6,0,0,0,0,0,0,0,0,2.0,0,0,0,23.0,3,1,1,,1,40 01:32.799,3.0,0,75 07:24.507,4,0,0,0,67301,0,0,0,N,0,0,0,2,67301,1,,1,1,,N,N,,1,,0,0,0,2,2,N,2303.0,1,2,0,0,0,0,0,3,4,0,2,3,,N,,,,,,,,,,,
2010094162,1350.0,1,0,0,0,0,0,0,0,0,4,0,,67,8,2010,7,40.0445,-75.1931,1343.0,6,0,0,0,0,0,0,0,1,,0,0,0,13.0,1,0,2,,0,40 02:40.301,,0,75 11:35.235,0,0,0,0,67301,0,0,0,,0,0,0,2,67301,0,,1,1,,N,N,,0,,0,0,1,3,2,,1313.0,0,2,0,0,0,0,0,3,4,0,2,3,,N,,,,,,,,,,,
2010094278,1131.0,2,0,0,0,0,0,0,0,0,3,0,,67,8,2010,3,39.9773,-75.2505,1129.0,6,0,0,0,0,0,0,0,0,,0,0,0,11.0,1,0,0,,0,39 58:38.410,,0,75 15:01.640,0,0,0,0,67301,0,0,0,N,0,0,0,1,67301,0,,6,1,,N,N,,0,,0,0,0,0,0,,1129.0,0,2,0,0,0,0,0,3,4,0,2,3,,N,,,,,,,,,,,
2010113749,952.0,1,0,0,0,0,0,0,0,0,5,1,,67,10,2010,6,39.9494,-75.166,940.0,6,0,0,0,0,0,0,0,0,,0,1,0,9.0,1,3,0,,0,39 56:57.850,,0,75 09:57.460,4,0,0,0,67301,0,0,0,,0,0,0,4,67301,3,,1,1,,,,,0,,0,0,0,0,0,,940.0,3,2,0,0,1,0,0,3,4,0,2,3,,N,,,,,,,,,,,
2010093732,1600.0,2,0,0,0,0,0,0,0,0,4,0,,67,8,2010,7,39.9583,-75.152,1600.0,6,0,0,0,0,0,0,0,0,,0,0,0,15.0,1,1,1,,0,39 57:30.009,,0,75 09:07.358,4,0,0,0,67301,0,0,0,N,0,0,0,3,67301,1,,1,1,,N,N,,0,,0,0,0,3,2,,1559.0,1,2,0,0,0,0,0,3,4,0,2,3,,N,,,,,,,,,,,
2010091260,9999.0,0,0,0,0,0,0,0,0,0,8,0,,67,8,2010,6,39.9924,-75.1402,9999.0,6,0,0,0,0,0,1,0,0,,0,0,0,13.0,1,1,0,,0,39 59:32.521,,0,75 08:24.601,8,0,0,0,67301,1,0,0,N,1,0,0,2,67301,0,,6,1,,N,N,,0,,0,0,0,0,0,,1330.0,1,2,0,0,0,1,0,3,4,1,1,3,,N,,,,,,,,,,,
2010088933,1550.0,2,0,0,0,0,0,0,0,0,4,0,,67,8,2010,3,39.9651,-75.2277,1543.0,6,0,0,0,1,0,0,1,0,,0,0,0,15.0,1,1,1,,0,39 57:54.252,,0,75 13:39.784,4,0,0,0,67301,0,0,0,N,0,0,0,3,67301,1,,1,1,,N,N,,0,,0,0,1,3,2,,1512.0,1,3,0,0,0,0,0,3,4,0,3,3,,N,,,,,,,,,,,
2010110825,1945.0,1,0,0,0,0,0,0,0,0,8,0,,67,10,2010,6,39.9857,-75.1211,1929.0,6,0,0,0,0,0,0,1,0,,0,0,0,18.0,3,1,0,,0,39 59:08.446,,0,75 07:16.053,8,0,0,0,67301,1,0,0,N,1,0,0,2,67301,0,,1,9,,N,N,,0,,0,0,0,0,0,,1850.0,1,2,0,0,0,1,0,3,4,0,1,3,,N,,,,,,,,,,,
2010110866,1710.0,1,0,0,0,0,0,0,0,0,8,0,,67,10,2010,3,40.0104,-75.1423,1700.0,6,0,0,0,0,0,1,0,0,,0,0,0,15.0,1,1,0,,0,40 00:37.547,,0,75 08:32.248,8,0,0,0,67301,1,0,0,,1,0,0,2,67301,0,,1,1,,,,,0,,0,0,0,0,0,,1538.0,1,2,0,0,0,1,0,3,4,0,1,3,,N,,,,,,,,,,,