CRN,ARRIVAL_TM,AUTOMOBILE_COUNT,BELTED_DEATH_COUNT,BELTED_SUSP_SERIOUS_INJ_COUNT,BICYCLE_COUNT,BICYCLE_DEATH_COUNT,BICYCLE_SUSP_SERIOUS_INJ_COUNT,BUS_COUNT,CHLDPAS_DEATH_COUNT,CHLDPAS_SUSP_SERIOUS_INJ_COUNT,COLLISION_TYPE,COMM_VEH_COUNT,CONS_ZONE_SPD_LIM,COUNTY,CRASH_MONTH,CRASH_YEAR,DAY_OF_WEEK,DEC_LAT,DEC_LONG,DISPATCH_TM,DISTRICT,DRIVER_COUNT_16YR,DRIVER_COUNT_17YR,DRIVER_COUNT_18YR,DRIVER_COUNT_19YR,DRIVER_COUNT_20YR,DRIVER_COUNT_50_64YR,DRIVER_COUNT_65_74YR,DRIVER_COUNT_75PLUS,EST_HRS_CLOSED,FATAL_COUNT,HEAVY_TRUCK_COUNT,HORSE_BUGGY_COUNT,HOUR_OF_DAY,ILLUMINATION,INJURY_COUNT,INTERSECT_TYPE,INTERSECTION_RELATED,LANE_CLOSED,LATITUDE,LN_CLOSE_DIR,LOCATION_TYPE,LONGITUDE,MAX_SEVERITY_LEVEL,MCYCLE_DEATH_COUNT,MCYCLE_SUSP_SERIOUS_INJ_COUNT,MOTORCYCLE_COUNT,MUNICIPALITY,NONMOTR_COUNT,NONMOTR_DEATH_COUNT,NONMOTR_SUSP_SERIOUS_INJ_COUNT,NTFY_HIWY_MAINT,PED_COUNT,PED_DEATH_COUNT,PED_SUSP_SERIOUS_INJ_COUNT,PERSON_COUNT,POLICE_AGCY,POSSIBLE_INJ_COUNT,RDWY_SURF_TYPE_CD,RELATION_TO_ROAD,ROAD_CONDITION,ROADWAY_CLEARED,SCH_BUS_IND,SCH_ZONE_IND,SECONDARY_CRASH,SMALL_TRUCK_COUNT,SPEC_JURIS_CD,SUSP_MINOR_INJ_COUNT,SUSP_SERIOUS_INJ_COUNT,SUV_COUNT,TCD_FUNC_CD,TCD_TYPE,TFC_DETOUR_IND,TIME_OF_DAY,TOT_INJ_COUNT,TOTAL_UNITS,UNB_DEATH_COUNT,UNB_SUSP_SERIOUS_INJ_COUNT,UNBELTED_OCC_COUNT,UNK_INJ_DEG_COUNT,UNK_INJ_PER_COUNT,URBAN_AREA,URBAN_RURAL,VAN_COUNT,VEHICLE_COUNT,WEATHER1,WEATHER2,WORK_ZONE_IND,WORK_ZONE_LOC,WORK_ZONE_TYPE,WORKERS_PRES,WZ_CLOSE_DETOUR,WZ_FLAGGER,WZ_LAW_OFFCR_IND,WZ_LN_CLOSURE,WZ_MOVING,WZ_OTHER,WZ_SHLDER_MDN,WZ_WORKERS_INJ_KILLED
2010110880,1858.0,1,0,0,0,0,0,0,0,0,8,0,,67,10,2010,7,40.0103,-75.0932,1856.0,6,0,0,0,0,0,0,0,0,,0,0,0,18.0,3,1,0,,0,40 00:36.910,,0,75 05:35.685,4,0,0,0,67301,1,0,0,,1,0,0,2,67301,1,,1,1,,N,N,,0,,0,0,0,0,0,,1855.0,1,2,0,0,0,0,1,3,4,0,1,3,,N,,,,,,,,,,,
2010069733,123.0,1,0,0,0,0,0,0,0,0,7,0,,67,6,2010,2,40.0629,-75.1714,122.0,6,0,0,0,0,0,0,0,0,1.0,0,0,0,1.0,3,2,0,,1,40 03:46.545,2.0,0,75 10:16.967,4,0,0,0,67301,0,0,0,N,0,0,0,3,67301,1,,5,1,,N,N,,0,,0,0,0,0,0,N,121.0,2,1,0,0,3,1,0,3,4,0,1,3,,N,,,,,,,,,,,
2010059008,1945.0,2,0,0,0,0,0,0,0,0,1,0,,67,5,2010,6,40.0362,-75.1556,1942.0,6,0,0,0,0,0,1,0,0,,0,0,0,19.0,1,3,2,,0,40 02:10.172,,0,75 09:20.203,4,0,0,0,67301,0,0,0,N,0,0,0,3,67301,2,,1,1,,N,N,,0,,0,0,0,3,2,,1928.0,3,2,0,0,1,1,0,3,4,0,2,3,,N,,,,,,,,,,,
2010069177,1546.0,2,0,0,0,0,0,0,0,0,1,0,,67,7,2010,4,39.889,-75.2412,1546.0,6,0,0,0,0,0,1,0,0,,0,0,0,15.0,1,2,0,,0,39 53:20.307,,0,75 14:28.443,8,0,0,0,67301,0,0,0,N,0,0,0,3,68K01,0,,7,1,,N,N,,0,,0,0,1,0,0,,1544.0,2,3,0,0,0,2,0,3,4,0,3,3,,N,,,,,,,,,,,
2010006022,847.0,0,0,0,0,0,0,0,0,0,1,0,,67,1,2010,3,39.9797,-75.1074,847.0,6,0,0,0,0,0,1,0,0,,0,0,0,8.0,1,0,0,,0,39 58:48.357,,0,75 06:20.994,0,0,0,0,67301,0,0,0,N,0,0,0,4,68K01,0,,1,1,,N,N,,1,,0,0,1,0,0,,845.0,0,2,0,0,0,0,0,3,4,0,2,3,,N,,,,,,,,,,,
2010038544,1035.0,1,0,0,0,0,0,0,0,0,1,0,,67,3,2010,3,39.9867,-75.2083,1035.0,6,0,0,0,0,0,0,0,0,,0,0,0,9.0,1,1,2,,0,39 59:11.983,,2,75 12:29.919,8,0,0,0,67301,0,0,0,N,0,0,0,3,68K01,0,,1,1,,N,N,,0,,0,0,1,3,3,,945.0,1,2,0,0,0,1,0,3,4,0,2,3,,N,,,,,,,,,,,
2010039009,2137.0,1,0,0,0,0,0,0,0,0,1,0,,67,3,2010,3,40.0533,-75.1224,2131.0,6,0,0,0,0,0,0,0,0,,0,0,0,21.0,3,0,0,,0,40 03:11.769,,0,75 07:20.711,0,0,0,0,67301,0,0,0,N,0,0,0,1,67301,0,,2,1,,N,N,,0,,0,0,1,0,0,,2115.0,0,2,0,0,0,0,0,3,4,0,2,3,,N,,,,,,,,,,,
2010122357,629.0,2,0,0,0,0,0,0,0,0,4,0,,67,11,2010,3,40.1292,-75.0249,626.0,6,0,0,0,0,0,0,0,0,,0,0,0,6.0,5,1,1,,0,40 07:44.974,,0,75 01:30.100,4,0,0,0,67301,0,0,0,N,0,0,0,4,67301,1,,1,9,,N,N,,0,,0,0,0,3,2,,620.0,1,2,0,0,0,0,0,3,4,0,2,7,,N,,,,,,,,,,,
2010122483,5.0,1,0,0,0,0,0,0,0,0,7,0,,67,11,2010,7,39.9706,-75.1899,2359.0,6,0,0,0,0,1,0,0,0,1.0,0,0,0,23.0,3,1,0,,2,39 58:14.242,7.0,0,75 11:23.694,8,0,0,0,67301,0,0,0,N,0,0,0,1,67301,0,,5,1,,N,N,,0,,0,0,0,0,0,Y,2356.0,1,1,0,0,0,1,0,3,4,0,1,3,,N,,,,,,,,,,,
2010038785,1859.0,0,0,0,0,0,0,0,0,0,4,0,,67,3,2010,1,40.0497,-75.0754,1857.0,6,0,0,0,0,0,1,0,0,2.0,0,0,0,18.0,1,1,0,,1,40 02:58.938,4.0,7,75 04:31.584,3,0,0,1,67301,0,0,0,N,0,0,0,1,67301,0,,1,1,,N,N,,0,,1,0,1,3,2,N,1855.0,1,2,0,0,0,0,0,3,4,0,2,3,,N,,,,,,,,,,,
2010038796,2215.0,1,0,0,0,0,0,0,0,0,1,0,,67,3,2010,5,40.0115,-75.0698,2215.0,6,0,0,0,0,0,0,0,0,,0,0,0,22.0,3,1,1,,0,40 00:41.506,,0,75 04:11.278,4,0,0,0,67301,0,0,0,N,0,0,0,5,67301,1,,1,1,,N,N,,0,,0,0,1,3,2,,2215.0,1,3,0,0,0,0,0,3,4,1,3,3,,N,,,,,,,,,,,
2010039130,1705.0,2,0,0,0,0,0,0,0,0,2,0,,67,3,2010,4,39.9722,-75.2516,1702.0,6,0,0,0,0,0,0,1,0,,0,0,0,17.0,1,1,0,,0,39 58:19.737,,0,75 15:05.857,8,0,0,0,67301,0,0,0,N,0,0,0,1,67301,0,,1,1,,N,N,,0,,0,0,0,0,0,,1702.0,1,2,0,0,0,1,0,3,4,0,2,3,,N,,,,,,,,,,,
2010039184,2335.0,1,0,0,0,0,0,0,0,0,8,0,,67,3,2010,6,39.9909,-75.1551,2330.0,6,0,0,0,0,0,0,0,0,,0,0,0,23.0,3,1,1,,0,39 59:27.061,,0,75 09:18.508,2,0,0,0,67301,1,0,1,N,1,0,1,2,67301,0,,1,1,,N,N,,0,,0,1,0,3,2,,2330.0,1,2,0,0,0,0,1,3,4,0,1,3,,N,,,,,,,,,,,
2010039324,1615.0,1,0,0,0,0,0,0,0,0,1,0,,67,3,2010,2,39.9566,-75.154,9999.0,6,0,0,0,0,0,1,0,0,,0,0,0,15.0,1,1,2,,0,39 57:23.665,,0,75 09:14.149,4,0,0,0,67301,0,0,0,,0,0,0,4,67301,1,,1,1,,,,,0,,0,0,1,3,3,,1530.0,1,2,0,0,0,0,0,3,4,0,2,3,,N,,,,,,,,,,,
2010031878,1707.0,0,0,0,0,0,0,0,0,0,1,0,,67,3,2010,6,40.04,-75.0062,1642.0,6,0,0,0,0,0,0,2,0,,0,0,0,16.0,1,0,0,,0,40 02:24.186,,0,75 00:21.771,0,0,0,0,67301,0,0,0,N,0,0,0,3,68K01,0,,1,1,,N,N,,0,,0,0,2,0,0,,1637.0,0,2,0,0,0,0,0,3,4,0,2,3,,N,,,,,,,,,,,
2010032575,958.0,2,0,0,0,0,0,0,0,0,1,0,,67,2,2010,1,39.974,-75.1788,953.0,6,0,0,0,0,0,0,0,0,,0,0,0,2.0,3,1,1,,0,39 58:26.322,,0,75 10:43.822,4,0,0,0,67301,0,0,0,N,0,0,0,2,67301,1,,1,1,,N,N,,0,,0,0,0,0,0,,230.0,1,2,0,0,0,0,1,3,4,0,2,3,,N,,,,,,,,,,,
2010032107,505.0,0,0,0,0,0,0,0,0,0,7,0,,67,3,2010,7,40.0289,-75.0231,428.0,6,0,0,0,0,0,0,0,0,,0,0,0,4.0,3,0,0,,0,40 01:44.213,,0,75 01:22.819,0,0,0,0,67301,0,0,0,Y,0,0,0,1,68K01,0,,2,1,,N,N,,0,,0,0,1,0,0,,425.0,0,1,0,0,0,0,0,3,4,0,1,3,,N,,,,,,,,,,,
2010032646,751.0,2,0,0,0,0,0,0,0,0,4,0,,67,3,2010,4,40.0582,-75.0427,748.0,6,0,0,0,0,0,0,0,0,,0,0,0,7.0,1,1,1,,0,40 03:30.253,,0,75 02:34.859,4,0,0,0,67301,0,0,0,,0,0,0,2,67301,1,,1,9,,N,N,,0,,0,0,0,3,3,,745.0,1,2,0,0,0,0,0,3,4,0,2,7,,N,,,,,,,,,,,
2010017050,420.0,2,0,0,0,0,0,0,0,0,4,0,,67,1,2010,6,40.1062,-75.0347,9999.0,6,0,0,0,0,0,1,0,0,,0,0,0,4.0,3,0,2,,0,40 06:22.372,,0,75 02:05.090,0,0,0,0,67301,0,0,0,N,0,0,0,1,67301,0,,2,7,,N,N,,0,,0,0,0,0,0,,420.0,0,2,0,0,0,0,0,3,4,0,2,10,,N,,,,,,,,,,,
2010017199,1450.0,1,0,0,0,0,0,0,0,0,4,0,,67,1,2010,4,39.993,-75.1103,1445.0,6,0,0,0,0,0,0,0,0,,0,0,0,14.0,1,0,1,,0,39 59:34.736,,0,75 06:36.857,0,0,0,0,67301,0,0,0,,0,0,0,2,67301,0,,1,1,,,,,0,,0,0,1,3,2,,1420.0,0,2,0,0,0,0,0,3,4,0,2,3,,N,,,,,,,,,,,
2010017233,1200.0,2,0,0,0,0,0,0,0,0,4,0,,67,1,2010,2,40.0655,-75.0525,1158.0,6,0,0,0,0,0,1,0,0,1.0,0,0,0,11.0,1,1,1,,1,40 03:55.900,2.0,0,75 03:09.041,8,0,0,0,67301,0,0,0,N,0,0,0,2,67301,0,,1,1,,N,N,,0,,0,0,0,3,2,N,1156.0,1,2,0,0,0,1,1,3,4,0,2,3,,N,,,,,,,,,,,
2010017237,1105.0,1,0,0,0,0,0,0,0,0,7,0,,67,1,2010,1,40.1304,-75.0115,1100.0,6,0,0,0,0,0,0,0,0,,0,0,0,10.0,1,0,0,,0,40 07:49.274,,0,75 00:41.241,0,0,0,0,67301,0,0,0,N,0,0,0,1,67301,0,,2,9,,N,N,,0,,0,0,0,0,0,,1040.0,0,1,0,0,0,0,0,3,4,0,1,7,,N,,,,,,,,,,,
2010017238,9999.0,3,0,0,0,0,0,0,0,0,4,0,,67,1,2010,3,40.1079,-75.0265,1939.0,6,0,0,0,1,0,0,0,0,,0,0,0,99.0,2,2,0,,0,40 06:28.369,,7,75 01:35.529,4,0,0,0,67301,0,0,0,N,0,0,0,2,67301,2,,1,1,,N,N,,0,,0,0,0,3,2,,9999.0,2,3,0,0,0,0,0,3,4,0,3,3,,N,,,,,,,,,,,
2010021487,50.0,1,0,0,0,0,0,0,0,0,1,0,,67,1,2010,6,40.0188,-75.0571,50.0,6,0,0,0,0,0,0,0,0,3.0,0,0,0,0.0,3,0,0,,1,40 01:07.599,1.0,0,75 03:25.534,9,0,0,0,67301,0,0,0,N,0,0,0,3,67301,0,,1,1,,N,N,,0,,0,0,1,0,0,N,50.0,0,2,0,0,0,0,1,3,4,0,2,3,,N,,,,,,,,,,,
2010021527,247.0,2,0,0,0,0,0,0,0,0,5,0,,67,1,2010,7,40.0325,-75.1746,245.0,6,0,0,0,0,0,0,0,0,,0,0,0,2.0,3,0,0,,0,40 01:56.924,,0,75 10:28.606,9,0,0,0,67301,0,0,0,N,0,0,0,1,67301,0,,6,1,,N,N,,0,,0,0,0,0,0,,235.0,0,2,0,0,0,0,1,3,4,0,2,3,,N,,,,,,,,,,,
2010021686,1440.0,2,0,0,0,0,0,0,0,0,4,0,,67,2,2010,2,40.0362,-75.0642,1430.0,6,0,0,0,0,0,1,0,0,1.0,0,0,0,14.0,1,2,5,,2,40 02:10.346,1.0,0,75 03:51.114,8,0,0,0,67301,0,0,0,N,0,0,0,3,67301,0,,1,1,,N,N,,0,,0,0,0,3,2,Y,1420.0,2,2,0,0,0,2,0,3,4,0,2,3,,N,,,,,,,,,,,
2010117978,415.0,1,0,0,0,0,0,0,0,0,7,0,,67,10,2010,2,39.9389,-75.1885,413.0,6,0,0,0,0,0,1,0,0,,0,0,0,4.0,3,1,1,,0,39 56:20.036,,0,75 11:18.434,2,0,0,0,67301,0,0,0,N,0,0,0,1,67301,0,,5,1,,N,N,,0,,0,1,0,3,3,,414.0,1,1,0,1,1,0,0,3,4,0,1,3,,N,,,,,,,,,,,
2010118011,59.0,1,0,0,0,0,0,0,0,0,7,0,,67,10,2010,7,39.9441,-75.1967,56.0,6,0,0,0,0,0,0,0,0,,0,0,0,0.0,3,1,2,,0,39 56:38.507,,2,75 11:48.950,3,0,0,0,67301,0,0,0,N,0,0,0,1,67301,0,,5,1,,N,N,,0,,1,0,0,3,2,,56.0,1,1,0,0,0,0,0,3,4,0,1,3,,N,,,,,,,,,,,
2010083106,1624.0,2,0,0,0,0,0,0,0,0,4,1,,67,7,2010,5,40.0948,-75.0153,1617.0,6,0,0,0,0,0,0,0,0,,0,1,0,99.0,1,1,1,,0,40 05:40.718,,0,75 00:54.707,4,0,0,0,67301,0,0,0,N,0,0,0,3,67301,1,,1,1,,N,N,,0,,0,0,0,3,2,,9999.0,1,3,0,0,0,0,0,3,4,0,3,3,,N,,,,,,,,,,,
2010048450,1525.0,2,0,0,0,0,0,0,0,0,1,0,,67,4,2010,7,39.9924,-75.1651,1520.0,6,0,0,0,0,0,0,0,0,,0,0,0,15.0,1,1,2,,0,39 59:32.578,,0,75 09:54.197,4,0,0,0,67301,0,0,0,N,0,0,0,2,67301,1,,1,1,,N,N,,0,,0,0,0,0,0,,1500.0,1,2,0,0,0,0,0,3,4,0,2,3,,N,,,,,,,,,,,
2010075094,2036.0,2,0,0,0,0,0,0,0,0,4,0,,67,7,2010,2,39.9992,-75.1474,2035.0,6,0,0,0,0,0,0,0,0,,0,0,0,20.0,1,1,1,,0,39 59:57.271,,0,75 08:50.495,4,0,0,0,67301,0,0,0,N,0,0,0,3,67301,1,,1,9,,N,N,,0,,0,0,0,0,0,,2010.0,1,3,0,0,0,0,2,3,4,0,3,7,,N,,,,,,,,,,,
2010075110,1604.0,2,0,0,0,0,0,0,0,0,1,0,,67,7,2010,2,40.0152,-75.1552,1602.0,6,0,0,0,0,0,0,0,0,,0,0,0,16.0,1,2,0,,0,40 00:54.814,,0,75 09:18.839,4,0,0,0,67301,2,0,0,N,0,0,0,3,07301,2,,2,1,,N,N,,0,,0,0,0,3,2,,1600.0,2,3,0,0,0,0,1,3,4,1,3,3,,N,,,,,,,,,,,
2010047482,2102.0,1,0,0,0,0,0,0,0,0,7,0,,67,5,2010,3,40.0242,-75.0302,2046.0,6,0,0,0,0,0,0,0,0,,0,0,0,20.0,2,0,0,,0,40 01:28.689,,2,75 01:46.831,0,0,0,0,67301,0,0,0,N,0,0,0,2,68K01,0,,2,9,,N,N,,0,,0,0,0,0,0,,2042.0,0,1,0,0,0,0,0,3,4,0,1,7,,N,,,,,,,,,,,
2010105898,1824.0,0,0,0,0,0,0,0,0,0,8,1,,67,10,2010,6,39.9961,-75.1044,1820.0,6,0,0,0,0,0,0,0,0,,0,1,0,15.0,1,1,0,,0,39 59:46.088,,0,75 06:15.733,4,0,0,0,67301,1,0,0,,1,0,0,2,67301,1,,1,9,,N,Y,,0,,0,0,0,0,0,,1530.0,1,2,0,0,0,0,0,3,4,0,1,7,,N,,,,,,,,,,,
2010105904,835.0,5,0,0,0,0,0,0,0,0,1,0,,67,9,2010,2,,,827.0,6,0,0,0,0,0,3,0,0,2.0,0,0,0,8.0,1,2,0,,2,,5.0,0,,3,0,0,0,67301,0,0,0,N,0,0,0,6,67301,0,,1,9,,N,N,,1,,2,0,0,0,0,Y,825.0,2,6,0,0,0,0,0,3,3,0,6,7,,N,,,,,,,,,,,
2010105908,1542.0,1,0,0,0,0,0,0,0,0,8,0,,67,10,2010,1,40.0136,-75.0558,1538.0,6,0,0,0,0,0,0,0,0,,0,0,0,12.0,1,1,0,,0,40 00:48.841,,0,75 03:20.710,8,0,0,0,67301,1,0,0,N,1,0,0,2,67301,0,,1,1,,,N,,0,,0,0,0,0,0,,1230.0,1,2,0,0,0,1,0,3,4,0,1,3,,N,,,,,,,,,,,
2010103939,650.0,1,0,0,0,0,0,0,0,0,7,0,,67,9,2010,4,40.1127,-74.9898,645.0,6,0,0,0,0,0,1,0,0,,0,0,0,6.0,1,1,0,,0,40 06:45.818,,0,74 59:23.258,4,0,0,0,67301,0,0,0,N,0,0,0,1,67301,1,,2,1,,N,N,,0,,0,0,0,0,0,,645.0,1,1,0,0,0,0,0,3,4,0,1,3,,N,,,,,,,,,,,
2010103944,1220.0,1,0,0,0,0,0,0,0,0,8,0,,67,9,2010,4,40.0142,-75.0869,1216.0,6,0,0,0,0,0,0,0,0,,0,0,0,11.0,1,2,0,,0,40 00:50.981,,0,75 05:12.733,8,0,0,0,67301,2,0,0,N,2,0,0,3,67301,0,,1,98,,N,N,,0,,0,0,0,0,0,,1150.0,2,3,0,0,0,2,0,3,4,0,1,99,,N,,,,,,,,,,,
2010089112,854.0,1,0,0,1,0,0,0,0,0,4,0,,67,8,2010,5,39.9577,-75.2132,850.0,6,0,0,0,0,0,0,0,0,,0,0,0,8.0,1,1,1,,0,39 57:27.885,,0,75 12:47.494,8,0,0,0,67301,1,0,0,N,0,0,0,2,67301,0,,1,1,,N,N,,0,,0,0,0,3,3,,845.0,1,2,0,0,0,1,0,3,4,0,1,3,,N,,,,,,,,,,,
2010094224,502.0,2,0,0,0,0,0,0,0,0,1,0,,67,8,2010,2,39.9742,-75.1302,500.0,6,0,0,0,0,0,0,0,0,2.0,0,0,0,3.0,3,0,0,,2,39 58:27.271,4.0,0,75 07:48.748,0,0,0,0,67301,0,0,0,N,0,0,0,1,67301,0,,1,1,,N,N,,0,,0,0,0,0,0,Y,300.0,0,2,0,0,0,0,0,3,4,0,2,3,,N,,,,,,,,,,,
2010094234,1015.0,2,0,0,0,0,0,0,0,0,1,0,,67,8,2010,6,40.0242,-75.1328,1015.0,6,0,0,0,0,0,1,0,0,,0,0,0,10.0,1,1,1,,0,40 01:26.988,,0,75 07:59.257,4,0,0,0,67301,0,0,0,N,0,0,0,3,67301,1,,1,1,,N,N,,0,,0,0,0,3,2,,1015.0,1,3,0,0,1,0,0,3,4,1,3,3,,N,,,,,,,,,,,
2010094259,9999.0,1,0,0,0,0,0,0,0,0,8,0,,67,8,2010,3,39.9487,-75.1726,9999.0,6,0,0,0,0,0,1,0,0,,0,0,0,20.0,4,1,2,,0,39 56:55.386,,0,75 10:21.292,4,0,0,0,67301,1,0,0,,1,0,0,2,67301,1,,1,1,,,,,0,,0,0,0,3,3,,2035.0,1,2,0,0,0,0,0,3,4,0,1,3,,N,,,,,,,,,,,
2010094265,1400.0,1,0,0,0,0,0,0,0,0,8,0,,67,8,2010,2,40.0513,-75.1786,1345.0,6,0,0,0,0,0,0,0,0,,0,0,0,12.0,1,1,1,,0,40 03:04.683,,0,75 10:42.891,8,0,0,0,67301,1,0,0,N,1,0,0,2,67301,0,,1,1,,N,N,,0,,0,0,0,3,3,,1253.0,1,2,0,0,0,1,0,3,4,0,1,3,,N,,,,,,,,,,,
2010091463,1326.0,1,0,0,0,0,0,0,0,0,5,0,,67,8,2010,5,40.0936,-74.9802,1323.0,6,0,0,0,0,0,0,0,0,,0,0,0,13.0,1,1,0,,0,40 05:37.020,,0,74 58:48.835,4,0,0,0,67301,0,0,0,N,0,0,0,1,67301,1,,4,1,,N,N,,0,,0,0,1,0,0,,1320.0,1,2,0,0,0,0,0,3,4,0,2,3,,N,,,,,,,,,,,
2010094290,1125.0,1,0,0,0,0,0,0,0,0,4,0,,67,8,2010,2,39.9835,-75.1261,1120.0,6,0,0,0,0,0,0,0,0,,0,0,0,11.0,1,0,0,,0,39 59:00.744,,0,75 07:33.978,0,0,0,0,67301,0,0,0,N,0,0,0,1,67301,0,,6,1,,N,N,,0,,0,0,1,0,0,,1115.0,0,2,0,0,0,0,0,3,4,0,2,3,,N,,,,,,,,,,,
2010091286,1755.0,1,0,0,0,0,0,0,0,0,1,0,,67,8,2010,5,39.9973,-75.0969,1743.0,6,0,0,0,0,0,0,0,0,,0,0,0,15.0,1,0,0,,0,39 59:50.210,,0,75 05:48.741,0,0,0,0,67301,0,0,0,N,0,0,0,3,67301,0,,1,9,,N,N,,0,,0,0,0,0,0,,1530.0,0,2,0,0,0,0,0,3,4,1,2,3,,N,,,,,,,,,,,
2010088857,2018.0,1,0,0,1,0,0,0,0,0,5,0,,67,8,2010,2,39.9193,-75.16,2011.0,6,0,0,0,0,0,0,0,0,,0,0,0,19.0,4,1,1,,0,39 55:09.501,,0,75 09:36.079,4,0,0,0,67301,1,0,0,,0,0,0,2,67301,1,,1,1,,N,N,,0,,0,0,0,0,0,,1958.0,1,2,0,0,0,0,0,3,4,0,1,3,,N,,,,,,,,,,,
2010113573,2308.0,1,0,0,0,0,0,0,0,0,7,0,,67,10,2010,7,40.0924,-75.0125,2241.0,6,0,0,0,0,0,0,0,0,3.0,1,0,0,22.0,3,1,0,,2,40 05:32.780,4.0,0,75 00:44.956,1,0,0,0,67301,0,0,0,N,0,0,0,2,67301,0,2.0,4,1,,N,N,,0,0.0,0,1,0,0,0,Y,2241.0,1,1,0,0,0,0,0,3,4,0,1,3,,N,,,,,,,,,,,
2010091426,2220.0,1,0,0,0,0,0,0,0,0,0,0,,67,9,2010,6,39.8918,-75.2368,2211.0,6,0,0,0,0,0,1,0,0,1.0,0,0,0,22.0,3,2,0,,1,39 53:30.384,1.0,0,75 14:12.195,8,0,0,0,67301,0,0,0,N,0,0,0,2,68K01,0,,1,1,,N,N,,0,,0,0,0,0,0,N,2209.0,2,1,0,0,0,2,0,3,4,0,1,3,,N,,,,,,,,,,,
2010088953,1238.0,1,0,0,0,0,0,0,0,0,1,0,,67,8,2010,1,39.9911,-75.1143,1236.0,6,0,0,0,0,0,0,0,0,,0,0,0,12.0,1,2,1,,0,39 59:28.000,,0,75 06:51.407,8,0,0,0,67301,0,0,0,,0,0,0,6,67301,0,,1,9,,N,N,,0,,0,0,1,3,3,,1235.0,2,2,0,0,0,2,0,3,4,0,2,7,,N,,,,,,,,,,,
2010069683,1840.0,0,0,0,1,0,0,0,0,0,4,0,,67,6,2010,6,39.9498,-75.2148,1829.0,6,0,0,0,0,0,0,0,0,,0,0,0,18.0,1,1,2,,0,39 56:59.193,,0,75 12:53.445,8,0,0,0,67301,1,0,0,N,0,0,0,2,67301,0,,1,1,,N,N,,0,,0,0,0,0,0,,1800.0,1,2,0,0,1,1,0,3,4,1,1,3,,N,,,,,,,,,,,
2010011804,2224.0,1,0,0,0,0,0,0,0,0,1,0,,67,1,2010,1,39.9945,-75.1986,2215.0,6,0,0,0,0,0,1,0,0,1.0,0,0,0,22.0,3,2,0,,1,39 59:43.568,3.0,0,75 11:51.964,4,0,0,0,67301,0,0,0,N,0,0,0,5,68K01,2,,1,1,,N,N,,1,,0,0,0,0,0,N,2210.0,2,3,0,0,0,0,0,3,4,1,3,3,,N,,,,,,,,,,,
2010008994,527.0,1,0,0,0,0,0,0,0,0,7,0,,67,1,2010,5,40.0093,-75.205,526.0,6,0,0,0,0,0,0,0,0,,0,0,0,5.0,3,0,7,,0,40 00:33.653,,2,75 12:18.287,0,0,0,0,67301,0,0,0,N,0,0,0,1,68K01,0,,4,1,,N,N,,0,,0,0,0,0,0,,521.0,0,1,0,0,0,0,0,3,4,0,1,3,,N,,,,,,,,,,,
2010008995,1610.0,4,0,0,0,0,0,0,0,0,1,0,,67,1,2010,5,39.9795,-75.2043,1606.0,6,0,0,0,0,1,1,0,0,1.0,0,0,0,16.0,1,1,0,,1,39 58:48.802,3.0,0,75 12:19.495,4,0,0,0,67301,0,0,0,N,0,0,0,4,68K01,1,,1,1,,N,N,,0,,0,0,0,0,0,N,1601.0,1,4,0,0,0,0,0,3,4,0,4,3,,N,,,,,,,,,,,
2010038720,1301.0,0,0,0,0,0,0,0,0,0,8,0,,67,3,2010,2,40.039,-75.0778,1300.0,6,0,0,0,0,0,0,0,0,2.0,0,0,0,12.0,1,1,2,,2,40 02:19.753,1.0,0,75 04:40.977,8,0,0,0,67301,1,0,0,N,1,0,0,2,67301,0,,1,9,,N,N,,0,,0,0,0,0,0,Y,1255.0,1,2,0,0,0,1,0,3,4,1,1,7,,N,,,,,,,,,,,
2010122486,1937.0,0,0,0,0,0,0,0,0,0,4,0,,67,11,2010,2,39.9965,-75.2288,1929.0,6,0,0,0,0,0,0,0,0,,0,0,0,18.0,3,0,1,,0,39 59:47.382,,0,75 13:43.683,0,0,0,0,67301,0,0,0,N,0,0,0,2,67301,0,,1,1,,N,N,,0,,0,0,1,3,3,,1847.0,0,2,0,0,0,0,0,3,4,1,2,3,,N,,,,,,,,,,,
2010034286,954.0,1,0,0,0,0,0,0,0,0,1,1,,67,3,2010,7,39.9716,-75.123,948.0,6,0,0,0,0,0,1,0,0,3.0,0,1,0,9.0,1,2,0,,2,39 58:21.464,1.0,0,75 07:17.543,4,0,0,0,67301,0,0,0,Y,0,0,0,8,68K01,2,,1,1,,N,N,,0,,0,0,2,0,0,N,945.0,2,4,0,0,0,0,0,3,4,0,4,3,,N,,,,,,,,,,,
2010039178,2348.0,2,0,0,0,0,0,0,0,0,1,0,,67,3,2010,2,39.9757,-75.1685,2344.0,6,0,0,0,0,0,0,0,0,,0,0,0,23.0,3,3,1,,0,39 58:32.680,,0,75 10:06.728,3,0,0,0,67301,0,0,0,N,0,0,0,4,67301,2,,1,9,,N,N,,0,,1,0,0,3,2,,2342.0,3,2,0,0,0,0,0,3,4,0,2,98,,N,,,,,,,,,,,
2010039197,230.0,2,0,0,0,0,0,0,0,0,4,0,,67,3,2010,1,40.0494,-75.0146,229.0,6,0,0,0,0,0,0,0,0,,0,0,0,2.0,3,1,0,,0,40 02:57.775,,0,75 00:52.420,4,0,0,0,67301,0,0,0,N,0,0,0,1,67301,1,,6,1,,N,N,,0,,0,0,0,0,0,,220.0,1,2,0,0,0,0,0,3,4,0,2,3,,N,,,,,,,,,,,