CRN,ARRIVAL_TM,AUTOMOBILE_COUNT,BELTED_DEATH_COUNT,BELTED_SUSP_SERIOUS_INJ_COUNT,BICYCLE_COUNT,BICYCLE_DEATH_COUNT,BICYCLE_SUSP_SERIOUS_INJ_COUNT,BUS_COUNT,CHLDPAS_DEATH_COUNT,CHLDPAS_SUSP_SERIOUS_INJ_COUNT,COLLISION_TYPE,COMM_VEH_COUNT,CONS_ZONE_SPD_LIM,COUNTY,CRASH_MONTH,CRASH_YEAR,DAY_OF_WEEK,DEC_LAT,DEC_LONG,DISPATCH_TM,DISTRICT,DRIVER_COUNT_16YR,DRIVER_COUNT_17YR,DRIVER_COUNT_18YR,DRIVER_COUNT_19YR,DRIVER_COUNT_20YR,DRIVER_COUNT_50_64YR,DRIVER_COUNT_65_74YR,DRIVER_COUNT_75PLUS,EST_HRS_CLOSED,FATAL_COUNT,HEAVY_TRUCK_COUNT,HORSE_BUGGY_COUNT,HOUR_OF_DAY,ILLUMINATION,INJURY_COUNT,INTERSECT_TYPE,INTERSECTION_RELATED,LANE_CLOSED,LATITUDE,LN_CLOSE_DIR,LOCATION_TYPE,LONGITUDE,MAX_SEVERITY_LEVEL,MCYCLE_DEATH_COUNT,MCYCLE_SUSP_SERIOUS_INJ_COUNT,MOTORCYCLE_COUNT,MUNICIPALITY,NONMOTR_COUNT,NONMOTR_DEATH_COUNT,NONMOTR_SUSP_SERIOUS_INJ_COUNT,NTFY_HIWY_MAINT,PED_COUNT,PED_DEATH_COUNT,PED_SUSP_SERIOUS_INJ_COUNT,PERSON_COUNT,POLICE_AGCY,POSSIBLE_INJ_COUNT,RDWY_SURF_TYPE_CD,RELATION_TO_ROAD,ROAD_CONDITION,ROADWAY_CLEARED,SCH_BUS_IND,SCH_ZONE_IND,SECONDARY_CRASH,SMALL_TRUCK_COUNT,SPEC_JURIS_CD,SUSP_MINOR_INJ_COUNT,SUSP_SERIOUS_INJ_COUNT,SUV_COUNT,TCD_FUNC_CD,TCD_TYPE,TFC_DETOUR_IND,TIME_OF_DAY,TOT_INJ_COUNT,TOTAL_UNITS,UNB_DEATH_COUNT,UNB_SUSP_SERIOUS_INJ_COUNT,UNBELTED_OCC_COUNT,UNK_INJ_DEG_COUNT,UNK_INJ_PER_COUNT,URBAN_AREA,URBAN_RURAL,VAN_COUNT,VEHICLE_COUNT,WEATHER1,WEATHER2,WORK_ZONE_IND,WORK_ZONE_LOC,WORK_ZONE_TYPE,WORKERS_PRES,WZ_CLOSE_DETOUR,WZ_FLAGGER,WZ_LAW_OFFCR_IND,WZ_LN_CLOSURE,WZ_MOVING,WZ_OTHER,WZ_SHLDER_MDN,WZ_WORKERS_INJ_KILLED
2010039276,9999.0,1,0,0,0,0,0,0,0,0,8,0,,67,3,2010,4,40.0073,-75.1582,2037.0,6,0,0,0,0,0,0,0,0,,0,0,0,99.0,3,1,0,,0,40 00:26.348,,0,75 09:29.567,4,0,0,0,67301,1,0,0,,1,0,0,2,67301,1,,1,1,,,,,0,,0,0,0,0,0,,9999.0,1,2,0,0,0,0,0,3,4,0,1,3,,N,,,,,,,,,,,
2010120089,2147.0,1,0,0,0,0,0,0,0,0,7,0,,67,11,2010,1,39.9666,-75.1353,2141.0,6,0,0,0,0,0,0,0,0,2.0,0,0,0,21.0,3,1,0,,1,39 57:59.684,1.0,0,75 08:07.601,8,0,0,0,67301,0,0,0,N,0,0,0,1,68K01,0,,3,1,,N,N,,0,,0,0,0,0,0,N,2139.0,1,1,0,0,0,1,0,3,4,0,1,3,,N,,,,,,,,,,,
2010013696,2038.0,1,0,0,0,0,0,0,0,0,1,0,,67,2,2010,5,40.0619,-75.1367,2036.0,6,0,0,0,0,0,0,0,0,3.0,0,0,0,20.0,3,0,1,,1,40 03:42.622,2.0,0,75 08:12.011,0,0,0,0,67301,0,0,0,N,0,0,0,2,46102,0,,1,1,,N,N,,0,,0,0,1,3,2,Y,2036.0,0,2,0,0,0,0,0,3,4,0,2,3,,N,,,,,,,,,,,
2010008136,709.0,1,0,0,0,0,0,0,0,0,5,1,,67,1,2010,4,39.9951,-75.198,707.0,6,0,0,0,0,0,0,0,0,3.0,0,1,0,7.0,5,1,0,,1,39 59:45.842,3.0,0,75 11:50.111,4,0,0,0,67301,0,0,0,Y,0,0,0,3,68K01,1,,1,1,,N,N,,0,,0,0,0,0,0,N,703.0,1,2,0,0,0,0,0,3,4,0,2,3,,N,,,,,,,,,,,
2010011506,29.0,1,0,0,0,0,0,0,0,0,7,0,,67,1,2010,7,40.0732,-75.1894,29.0,6,0,0,0,0,0,1,0,0,2.0,0,0,0,0.0,3,0,0,,1,40 04:23.595,1.0,0,75 11:21.776,0,0,0,0,67301,0,0,0,N,0,0,0,2,46108,0,,3,1,,N,N,,0,,0,0,0,3,2,N,29.0,0,1,0,0,0,0,0,3,4,0,1,3,,N,,,,,,,,,,,
2010017040,1600.0,2,0,0,0,0,0,0,0,0,4,0,,67,1,2010,1,40.0332,-75.0378,1600.0,6,0,0,1,0,0,0,0,0,,0,0,0,15.0,8,1,1,,0,40 01:59.691,,0,75 02:15.936,4,0,0,0,67301,0,0,0,,0,0,0,2,67301,1,,1,9,,,,,0,,0,0,0,3,2,,1545.0,1,2,0,0,0,0,0,3,4,0,2,7,,N,,,,,,,,,,,
2010017262,2028.0,1,0,0,1,0,0,0,0,0,5,0,,67,1,2010,3,39.9485,-75.1668,2026.0,6,0,0,0,0,0,0,0,0,,0,0,0,20.0,3,1,0,,0,39 56:54.495,,0,75 10:00.332,4,0,0,0,67301,1,0,0,,0,0,0,2,67301,1,,1,1,,,,,0,,0,0,0,0,0,,2022.0,1,2,0,0,1,0,0,3,4,0,1,3,,N,,,,,,,,,,,
2010021485,2047.0,3,0,0,0,0,0,0,0,0,4,0,,67,1,2010,7,39.9495,-75.219,2045.0,6,0,0,0,0,0,0,0,0,,0,0,0,20.0,3,0,1,,0,39 56:58.131,,0,75 13:08.453,0,0,0,0,67301,0,0,0,N,0,0,0,3,67301,0,,1,9,,N,N,,0,,0,0,0,3,3,,2040.0,0,3,0,0,1,0,0,3,4,0,3,10,,N,,,,,,,,,,,
2010021731,2159.0,1,0,0,0,0,0,0,0,0,1,0,,67,1,2010,3,40.0746,-75.204,2152.0,6,0,0,0,0,0,1,0,0,,0,0,0,21.0,3,4,0,,0,40 04:27.754,,0,75 12:13.230,4,0,0,0,67301,0,0,0,N,0,0,0,5,67301,4,,1,1,,N,N,,0,,0,0,1,3,2,,2135.0,4,2,0,0,0,0,0,3,4,0,2,3,,N,,,,,,,,,,,
2010021714,1014.0,1,0,0,0,0,0,0,0,0,8,0,,67,1,2010,6,39.9494,-75.1927,1009.0,6,0,0,0,0,0,0,0,0,,0,0,0,7.0,1,1,2,,0,39 57:17.395,,0,75 11:22.577,4,0,0,0,67301,1,0,0,N,1,0,0,2,67301,1,,1,1,,N,N,,0,,0,0,0,0,0,,700.0,1,2,0,0,0,0,1,3,4,0,1,3,,N,,,,,,,,,,,
2010118007,1300.0,2,0,0,0,0,0,0,0,0,1,0,,67,11,2010,2,40.1197,-75.0088,1246.0,6,0,0,0,0,0,0,0,0,,0,0,0,11.0,1,1,0,,0,40 07:11.028,,0,75 00:31.820,3,0,0,0,67301,0,0,0,N,0,0,0,2,67301,0,,1,1,,N,N,,0,,1,0,0,0,0,,1100.0,1,2,0,0,0,0,0,3,4,0,2,3,,N,,,,,,,,,,,
2010074990,9999.0,1,0,0,0,0,0,0,0,0,4,0,,67,7,2010,6,40.0463,-75.1481,2030.0,6,0,0,0,0,0,0,0,0,,0,0,0,20.0,3,0,1,,0,40 02:46.590,,0,75 08:53.066,9,0,0,0,67301,0,0,0,N,0,0,0,3,67301,0,,1,9,,N,N,,0,,0,0,1,3,3,,2030.0,0,2,0,0,0,0,1,3,4,0,2,7,,N,,,,,,,,,,,
2010045338,1739.0,0,0,0,0,0,0,0,0,0,8,0,,67,3,2010,7,40.0267,-75.1173,1731.0,6,0,0,0,0,0,0,0,0,3.0,0,0,0,17.0,1,1,5,,1,40 01:36.153,2.0,0,75 07:02.268,3,0,0,1,67301,1,0,0,,1,0,0,2,67301,0,,1,1,,N,N,,0,,1,0,0,3,2,Y,1730.0,1,2,0,0,0,0,0,3,4,0,1,3,,N,,,,,,,,,,,
2010075069,1935.0,0,0,0,0,0,0,0,0,0,4,0,,67,6,2010,5,40.0072,-75.1234,1934.0,6,0,0,0,0,0,0,0,0,3.0,0,0,0,99.0,1,0,1,,2,40 00:25.981,3.0,0,75 07:24.378,0,0,0,0,67301,0,0,0,,0,0,0,4,67301,0,,1,1,,,,,0,,0,0,0,3,2,Y,9999.0,0,3,0,0,0,0,0,3,4,3,3,3,,N,,,,,,,,,,,
2010075098,1430.0,2,0,0,0,0,0,0,0,0,4,0,,67,7,2010,2,39.9591,-75.1583,1420.0,6,0,0,0,0,0,0,0,0,,0,0,0,14.0,1,1,1,,0,39 57:32.806,,0,75 09:29.825,4,0,0,0,67301,0,0,0,N,0,0,0,4,67301,1,,1,1,,N,N,,0,,0,0,1,3,2,,1420.0,1,3,0,0,0,0,0,3,4,0,3,3,,N,,,,,,,,,,,
2010064777,1121.0,2,0,0,0,0,0,0,0,0,4,0,,67,6,2010,5,39.951,-75.2247,1120.0,6,0,0,0,0,0,1,0,0,,0,0,0,10.0,1,2,1,,0,39 57:03.654,,0,75 13:29.060,4,0,0,0,67301,0,0,0,N,0,0,0,2,67301,2,,1,1,,N,N,,0,,0,0,0,3,3,,1039.0,2,2,0,0,0,0,0,3,4,0,2,3,,N,,,,,,,,,,,
2010045824,2033.0,0,0,0,0,0,0,0,0,0,7,0,,67,5,2010,5,40.0297,-75.0221,2026.0,6,0,0,0,0,0,0,0,0,,0,0,0,20.0,3,0,0,,0,40 01:47.718,,0,75 01:18.928,0,0,0,0,67301,0,0,0,N,0,0,0,1,68K01,0,,2,1,,N,N,,0,,0,0,1,0,0,,2024.0,0,1,0,0,0,0,0,3,4,0,1,3,,N,,,,,,,,,,,
2010105918,805.0,1,0,0,0,0,0,0,0,0,8,0,,67,9,2010,3,40.0478,-75.1454,746.0,6,0,0,0,0,0,0,0,0,,0,0,0,99.0,1,1,2,,0,40 02:52.112,,0,75 08:43.573,4,0,0,0,67301,1,0,0,N,1,0,0,2,67301,1,,1,9,,N,N,,0,,0,0,0,3,3,,9999.0,1,2,0,0,0,0,0,3,4,0,1,7,,N,,,,,,,,,,,
2010094141,2334.0,1,0,0,0,0,0,0,0,0,8,0,,67,8,2010,6,40.0557,-75.1405,2334.0,6,0,0,0,0,0,0,0,0,,0,0,0,22.0,3,1,0,,0,40 03:20.585,,0,75 08:25.686,8,0,0,0,67301,1,0,0,N,1,0,0,2,67301,0,,1,1,,N,N,,0,,0,0,0,0,0,,2234.0,1,2,0,0,0,1,0,3,4,0,1,3,,N,,,,,,,,,,,
2010094154,1715.0,1,0,0,0,0,0,0,0,0,1,0,,67,9,2010,7,40.0089,-75.0721,1707.0,6,0,0,0,0,0,0,0,0,2.0,0,0,0,16.0,1,1,1,,1,40 00:31.910,2.0,0,75 04:19.379,8,0,0,0,67301,0,0,0,N,0,0,0,3,67301,0,,1,1,,N,N,,0,,0,0,1,3,2,N,1610.0,1,2,0,0,0,1,0,3,4,0,2,3,,N,,,,,,,,,,,
2010094175,1422.0,1,0,0,1,0,0,0,0,0,4,0,,67,8,2010,5,39.999,-75.1332,1420.0,6,0,0,0,1,0,0,0,0,,0,0,0,14.0,1,1,1,,0,39 59:56.704,,0,75 07:59.559,3,0,0,0,67301,1,0,0,N,0,0,0,3,67301,0,,1,1,,N,N,,0,,1,0,0,3,2,,1418.0,1,2,0,0,0,0,0,3,4,0,1,3,,N,,,,,,,,,,,
2010094252,1306.0,2,0,0,0,0,0,0,0,0,4,0,,67,9,2010,6,40.049,-75.0947,1304.0,6,0,0,0,0,0,0,0,1,,0,0,0,13.0,1,2,1,,0,40 02:56.557,,0,75 05:40.778,4,0,0,0,67301,0,0,0,,0,0,0,3,67301,2,,1,1,,,,,0,,0,0,0,3,3,,1304.0,2,2,0,0,0,0,0,3,4,0,2,3,,N,,,,,,,,,,,
2010096486,1740.0,2,0,0,0,0,0,0,0,0,4,0,,67,8,2010,3,40.0322,-75.144,1540.0,6,0,0,0,0,0,0,0,0,3.0,0,0,0,15.0,1,0,3,,1,40 01:55.776,7.0,0,75 08:38.342,9,0,0,0,67301,0,0,0,N,0,0,0,2,67301,0,,1,1,,N,N,,0,,0,0,0,3,3,N,1530.0,0,2,0,0,0,0,1,3,4,0,2,3,,N,,,,,,,,,,,
2010096496,809.0,1,0,0,0,0,0,0,0,0,7,0,,67,8,2010,3,40.0786,-74.9781,805.0,6,0,0,1,0,0,0,0,0,,0,0,0,8.0,1,2,0,,0,40 04:42.798,,0,74 58:41.257,3,0,0,0,67301,0,0,0,,0,0,0,2,67301,0,,5,1,,N,N,,0,,2,0,0,0,0,,803.0,2,1,0,0,0,0,0,3,4,0,1,98,,N,,,,,,,,,,,
2010088846,1105.0,1,0,0,0,0,0,0,0,0,4,0,,67,8,2010,7,39.9299,-75.2282,1059.0,6,0,0,0,0,0,0,0,0,,0,0,0,10.0,1,1,0,,0,39 55:47.758,,0,75 13:41.358,4,0,0,0,67301,0,0,0,N,0,0,0,2,67301,1,,1,1,,N,N,,0,,0,0,0,3,2,,1015.0,1,3,0,0,0,0,0,3,4,1,3,3,,N,,,,,,,,,,,
2010088863,510.0,2,0,0,0,0,0,0,0,0,2,0,,67,8,2010,6,40.038,-75.0788,505.0,6,0,0,0,0,0,0,0,0,,0,0,0,5.0,3,1,0,,0,40 02:16.678,,0,75 04:43.618,4,0,0,0,67301,0,0,0,N,0,0,0,1,67301,1,,6,1,,N,N,,1,,0,0,1,0,0,,500.0,1,4,0,0,0,0,0,3,4,0,4,3,,N,,,,,,,,,,,
2010110833,1700.0,1,0,0,0,0,0,0,0,0,1,0,,67,10,2010,4,40.0176,-75.1891,1713.0,6,0,0,0,0,0,0,0,0,,0,0,0,17.0,1,1,0,,0,40 01:03.307,,0,75 11:20.774,4,0,0,0,67301,0,0,0,N,0,0,0,2,67301,1,,1,1,,N,N,,0,,0,0,1,0,0,,1700.0,1,2,0,0,0,0,0,3,4,0,2,3,,N,,,,,,,,,,,
2010059005,1800.0,2,0,0,0,0,0,0,0,0,4,0,,67,5,2010,4,40.0345,-75.0821,1800.0,6,0,0,0,0,0,0,0,0,,0,0,0,17.0,1,1,0,,0,40 02:04.293,,0,75 04:55.544,4,0,0,0,67301,0,0,0,N,0,0,0,2,67301,1,,1,1,,N,N,,0,,0,0,0,0,0,,1755.0,1,2,0,0,0,0,0,3,4,0,2,3,,N,,,,,,,,,,,
2010085378,1540.0,1,0,0,0,0,0,0,0,0,8,0,,67,7,2010,5,39.9805,-75.2282,1529.0,6,0,0,0,0,0,0,0,0,,0,0,0,14.0,1,1,1,,0,39 58:49.670,,0,75 13:41.343,8,0,0,0,67301,1,0,0,,1,0,0,2,67301,0,,1,1,,,,,0,,0,0,0,3,2,,1429.0,1,2,0,0,0,1,0,3,4,0,1,3,,N,,,,,,,,,,,
2010038681,1808.0,0,0,0,0,0,0,0,0,0,8,0,,67,3,2010,7,39.9805,-75.1757,1806.0,6,0,0,0,0,0,0,0,0,,0,0,0,18.0,1,1,1,,0,39 58:49.893,,0,75 10:32.645,3,0,0,0,67301,1,0,0,,1,0,0,2,67301,0,,1,1,,,,,0,,1,0,0,3,3,,1804.0,1,2,0,0,0,0,0,3,4,0,1,3,,N,,,,,,,,,,,
2010122552,2311.0,2,0,0,0,0,0,0,0,0,5,0,,67,11,2010,2,40.0436,-75.0291,2306.0,6,0,0,0,0,0,0,1,0,,0,0,0,22.0,3,0,0,,0,40 02:37.096,,0,75 01:44.799,0,0,0,0,67301,0,0,0,N,0,0,0,1,67301,0,,1,1,,N,N,,0,,0,0,0,0,0,,2250.0,0,2,0,0,0,0,0,3,4,0,2,3,,N,,,,,,,,,,,
2010038751,1207.0,2,0,0,0,0,0,0,0,0,1,0,,67,3,2010,1,40.0299,-75.0878,1202.0,6,0,0,0,0,0,1,0,0,1.0,0,0,0,11.0,1,0,1,,1,40 01:47.231,1.0,0,75 05:16.817,0,0,0,0,67301,0,0,0,,0,0,0,2,67301,0,,1,1,,,,,0,,0,0,0,3,2,N,1152.0,0,2,0,0,0,0,0,3,4,0,2,3,,N,,,,,,,,,,,
2010038780,245.0,1,0,0,0,0,0,0,0,0,0,0,,67,3,2010,6,39.9241,-75.1815,244.0,6,0,0,0,0,0,0,0,0,,0,0,0,2.0,3,0,0,,0,39 55:26.580,,0,75 10:53.518,0,0,0,0,67301,0,0,0,N,0,0,0,2,67301,0,,1,9,,N,N,,0,,0,0,0,0,0,,235.0,0,1,0,0,0,0,0,3,4,0,1,7,,N,,,,,,,,,,,
2010122631,854.0,1,0,0,0,0,0,0,0,0,1,0,,67,11,2010,4,40.0493,-75.2457,850.0,6,0,0,0,0,0,0,0,0,,0,0,0,8.0,1,2,2,,0,40 02:57.315,,0,75 14:44.545,4,0,0,0,67301,0,0,0,N,0,0,0,2,67301,1,,1,9,,N,N,,0,,0,0,1,0,0,,846.0,2,2,0,0,0,1,0,3,4,0,2,3,,N,,,,,,,,,,,
2010038968,2215.0,0,0,0,0,0,0,0,0,0,1,0,,67,3,2010,7,39.9534,-75.1845,2211.0,6,0,0,0,0,0,0,0,0,,0,0,0,22.0,3,1,0,,0,39 57:12.318,,0,75 11:04.052,4,0,0,0,67301,0,0,0,N,0,0,0,6,67301,1,,1,9,,N,N,,0,,0,0,1,3,2,,2205.0,1,2,0,0,2,0,0,3,4,1,2,3,,N,,,,,,,,,,,
2010038979,840.0,2,0,0,0,0,0,0,0,0,1,0,,67,3,2010,2,40.1036,-75.0283,834.0,6,0,0,0,0,0,0,0,0,,0,0,0,8.0,1,1,0,,0,40 06:12.981,,0,75 01:41.733,4,0,0,0,67301,0,0,0,N,0,0,0,2,67301,1,,1,9,,N,N,,0,,0,0,0,0,0,,825.0,1,2,0,0,0,0,0,3,4,0,2,7,,N,,,,,,,,,,,
2010039280,1420.0,1,0,0,0,0,0,0,0,0,4,0,,67,3,2010,5,40.0062,-75.1518,1411.0,6,0,0,0,0,0,0,0,0,,0,0,0,14.0,1,2,2,,0,40 00:22.203,,0,75 09:06.487,4,0,0,0,67301,0,0,0,N,0,0,0,3,67301,2,,1,1,,N,N,,0,,0,0,1,3,3,,1409.0,2,2,0,0,0,0,0,3,4,0,2,3,,N,,,,,,,,,,,
2010039295,1155.0,2,0,0,0,0,0,0,0,0,4,0,,67,3,2010,1,40.012,-75.176,1152.0,6,0,0,0,0,0,0,0,0,,0,0,0,11.0,1,1,1,,0,40 00:43.053,,0,75 10:33.696,8,0,0,0,67301,0,0,0,N,0,0,0,2,67301,0,,1,1,,N,N,,0,,0,0,0,3,2,,1149.0,1,2,0,0,0,1,1,3,4,0,2,3,,N,,,,,,,,,,,
2010117472,1036.0,1,0,0,0,0,0,0,0,0,7,0,,67,11,2010,5,39.9945,-75.1986,1035.0,6,0,0,0,0,0,0,0,0,2.0,0,0,0,10.0,1,1,0,,1,39 59:43.568,3.0,0,75 11:51.964,8,0,0,0,67301,0,0,0,N,0,0,0,1,68K01,0,,2,9,,N,N,,0,,0,0,0,0,0,N,1032.0,1,2,0,0,1,1,0,3,4,0,1,7,,N,,,,,,,,,,,
2010010433,2057.0,0,0,0,0,0,0,0,0,0,7,0,,67,1,2010,1,40.0234,-75.0321,2046.0,6,0,0,0,0,0,0,0,0,,0,0,0,20.0,3,0,0,,0,40 01:23.820,,2,75 01:54.133,0,0,0,0,67301,0,0,0,N,0,0,0,1,68K01,0,,7,9,,N,N,,0,,0,0,1,0,0,,2042.0,0,1,0,0,0,0,0,3,4,0,1,7,,N,,,,,,,,,,,
2010017086,228.0,1,0,0,0,0,0,0,0,0,4,0,,67,1,2010,7,40.1046,-75.0023,224.0,6,0,0,0,0,0,1,0,0,,0,0,0,2.0,3,0,1,,0,40 06:16.508,,0,75 00:08.227,0,0,0,0,67301,0,0,0,N,0,0,0,2,67301,0,,1,1,,N,N,,1,,0,0,0,3,2,,221.0,0,2,0,0,0,0,0,3,4,0,2,3,,N,,,,,,,,,,,
2010017205,1345.0,0,0,0,0,0,0,0,0,0,8,0,,67,1,2010,5,39.9209,-75.1722,1345.0,6,0,0,0,0,0,0,0,0,1.0,0,0,0,13.0,1,1,1,,1,39 55:15.211,2.0,0,75 10:19.952,4,0,0,0,67301,1,0,0,N,1,0,0,2,67301,1,,1,1,,N,N,,1,,0,0,0,3,3,Y,1345.0,1,2,0,0,0,0,0,3,4,0,1,3,,N,,,,,,,,,,,
2010021551,830.0,1,0,0,0,0,0,0,0,0,5,1,,67,1,2010,4,39.935,-75.174,825.0,6,0,0,0,0,0,0,0,0,,0,1,0,8.0,1,1,1,,0,39 56:05.913,,0,75 10:26.255,8,0,0,0,67301,0,0,0,,0,0,0,2,67301,0,,7,1,,N,N,,0,,0,0,0,3,3,,809.0,1,2,0,0,0,1,1,3,4,0,2,3,5.0,N,,,,,,,,,,,
2010021737,2312.0,2,0,0,0,0,0,0,0,0,4,0,,67,1,2010,6,39.9536,-75.1732,2310.0,6,0,0,0,0,0,0,0,0,,0,0,0,23.0,3,1,1,,0,39 57:12.840,,0,75 10:23.682,4,0,0,0,67301,0,0,0,N,0,0,0,2,67301,1,,1,1,,N,N,,0,,0,0,0,3,2,,2308.0,1,2,0,0,0,0,0,3,4,0,2,3,,N,,,,,,,,,,,
2010021703,2225.0,2,0,0,0,0,0,0,0,0,4,0,,67,1,2010,2,40.0306,-75.0548,2220.0,6,0,0,0,0,0,1,0,0,,0,0,0,22.0,3,0,1,,0,40 01:50.211,,0,75 03:17.181,9,0,0,0,67301,0,0,0,N,0,0,0,2,67301,0,,1,1,,N,N,,0,,0,0,0,3,2,,2200.0,0,2,0,0,0,0,1,3,4,0,2,3,,N,,,,,,,,,,,
2010021711,1206.0,1,0,0,0,0,0,0,0,0,4,0,,67,1,2010,2,40.0811,-75.0289,1200.0,6,0,0,0,0,0,0,0,0,1.0,0,0,0,12.0,1,2,5,,1,40 04:51.448,2.0,0,75 01:44.242,3,0,0,0,67301,0,0,0,N,0,0,0,4,67301,1,,1,9,,N,N,,0,,1,0,1,3,2,N,1200.0,2,2,0,0,0,0,1,3,4,0,2,7,,N,,,,,,,,,,,
2010117963,106.0,1,0,0,0,0,0,0,0,0,7,0,,67,10,2010,1,40.0538,-75.1414,55.0,6,0,0,0,0,0,0,0,0,,0,0,0,0.0,3,2,0,,0,40 03:13.647,,0,75 08:29.066,8,0,0,0,67301,0,0,0,N,0,0,0,2,67301,0,,4,1,,N,N,,0,,0,0,0,0,0,,33.0,2,1,0,0,0,2,0,3,4,0,1,3,,N,,,,,,,,,,,
2010118032,1826.0,1,0,0,1,0,0,0,0,0,5,0,,67,11,2010,2,39.922,-75.151,1821.0,6,0,0,0,0,0,0,0,0,,0,0,0,18.0,3,1,0,,0,39 55:19.079,,0,75 09:03.628,4,0,0,0,67301,1,0,0,N,0,0,0,2,67301,1,,1,9,,N,N,,0,,0,0,0,0,0,,1805.0,1,2,0,0,0,0,0,3,4,0,1,7,,N,,,,,,,,,,,
2010118039,2030.0,1,0,0,0,0,0,0,0,0,8,0,,67,11,2010,4,40.0523,-75.2015,2030.0,6,0,0,0,0,0,0,0,1,2.0,0,0,0,20.0,3,1,1,,1,40 03:08.305,1.0,0,75 12:05.257,3,0,0,0,67301,1,0,0,N,1,0,0,2,67301,0,,1,1,,N,N,,0,,1,0,0,3,3,N,2020.0,1,2,0,0,0,0,0,3,4,0,1,3,,N,,,,,,,,,,,
2010060673,801.0,1,0,0,0,0,0,0,0,0,1,0,,67,6,2010,4,39.9922,-75.0858,738.0,6,0,0,0,0,0,0,0,0,,0,0,0,6.0,1,0,0,,0,39 59:31.485,,0,75 05:09.261,0,0,0,0,67301,0,0,0,N,0,0,0,2,68K01,0,,1,1,,N,N,,0,,0,0,1,0,0,,652.0,0,2,0,0,0,0,0,3,4,0,2,3,,N,,,,,,,,,,,
2010075030,2243.0,1,0,0,0,0,0,0,0,0,4,0,,67,6,2010,7,40.1141,-74.9877,2233.0,6,0,0,1,0,0,0,0,0,1.0,0,0,0,22.0,3,0,1,,1,40 06:50.926,3.0,0,74 59:15.880,0,0,0,0,67301,0,0,0,N,0,0,0,2,67301,0,,1,1,,N,N,,1,,0,0,0,3,2,N,2233.0,0,2,0,0,0,0,0,3,4,0,2,3,,N,,,,,,,,,,,
2010075051,308.0,0,0,0,0,0,0,0,0,0,8,0,,67,7,2010,7,40.1317,-75.0122,304.0,6,0,0,0,1,0,0,0,0,,0,0,0,3.0,3,1,1,,0,40 07:54.116,,0,75 00:44.359,8,0,0,0,67301,1,0,0,N,1,0,0,3,67301,0,,1,1,,N,N,,1,,0,0,0,3,2,,300.0,1,2,0,0,0,1,0,3,4,0,1,3,,N,,,,,,,,,,,
2010075090,9999.0,4,0,0,0,0,0,0,0,0,1,0,,67,7,2010,3,40.043,-75.1291,9999.0,6,0,0,0,0,0,1,0,0,,0,0,0,14.0,1,2,0,,0,40 02:34.627,,0,75 07:44.727,8,0,0,0,67301,0,0,0,N,0,0,0,5,67301,0,,1,1,,N,N,,0,,0,0,0,9,9,,1400.0,2,4,0,0,0,2,0,3,4,0,4,3,,N,,,,,,,,,,,
2010048553,1120.0,0,0,0,0,0,0,0,0,0,8,0,,67,5,2010,1,40.0398,-75.1445,1114.0,6,0,0,0,0,0,0,0,0,,0,0,0,11.0,1,1,1,,0,40 02:23.373,,0,75 08:40.028,3,0,0,0,67301,1,0,0,N,1,0,0,2,67301,0,,1,1,,N,N,,0,,1,0,1,3,2,,1110.0,1,2,0,0,0,0,0,3,4,0,1,3,,N,,,,,,,,,,,
2010064775,1540.0,1,0,0,0,0,0,0,0,0,1,0,,67,6,2010,3,40.0348,-75.0711,1522.0,6,0,0,0,0,0,2,0,0,1.0,0,0,0,15.0,1,1,1,,1,40 02:05.146,1.0,0,75 04:15.791,3,0,0,1,67301,0,0,0,N,0,0,0,2,67301,0,,1,1,,N,N,,0,,1,0,0,3,2,N,1510.0,1,2,0,0,0,0,0,3,4,0,2,3,,N,,,,,,,,,,,
2010062009,1039.0,1,0,0,0,0,0,0,0,0,1,0,45.0,67,5,2010,5,40.0064,-75.1932,1036.0,6,0,0,0,0,0,0,0,0,1.0,0,0,0,10.0,1,1,0,,2,40 00:23.948,3.0,3,75 11:34.392,4,0,0,0,67301,0,0,0,N,0,0,0,4,67301,1,,1,1,,N,N,,1,,0,0,1,3,8,N,1034.0,1,3,0,0,1,0,0,3,4,0,3,3,,Y,5.0,1.0,Y,U,U,Y,Y,U,Y,Y,
2010044424,254.0,1,0,0,0,0,0,0,0,0,4,0,,67,4,2010,7,40.0971,-75.0182,248.0,6,0,0,0,0,0,0,0,0,,0,0,0,1.0,3,0,1,,0,40 05:49.711,,0,75 01:05.375,0,0,0,0,67301,0,0,0,N,0,0,0,4,67301,0,,1,9,,N,N,,1,,0,0,0,3,2,,155.0,0,2,0,0,0,0,0,3,4,0,2,7,,N,,,,,,,,,,,
2010044468,1339.0,1,0,0,0,0,0,0,0,0,4,0,,67,4,2010,5,40.0811,-75.0289,1336.0,6,0,0,0,0,0,0,0,0,1.0,0,0,0,13.0,1,0,1,,1,40 04:51.448,2.0,0,75 01:44.242,0,0,0,0,67301,0,0,0,N,0,0,0,2,67301,0,,1,1,,N,N,,1,,0,0,0,3,2,N,1335.0,0,2,0,0,0,0,0,3,4,0,2,3,,N,,,,,,,,,,,