CRN,ARRIVAL_TM,AUTOMOBILE_COUNT,BELTED_DEATH_COUNT,BELTED_SUSP_SERIOUS_INJ_COUNT,BICYCLE_COUNT,BICYCLE_DEATH_COUNT,BICYCLE_SUSP_SERIOUS_INJ_COUNT,BUS_COUNT,CHLDPAS_DEATH_COUNT,CHLDPAS_SUSP_SERIOUS_INJ_COUNT,COLLISION_TYPE,COMM_VEH_COUNT,CONS_ZONE_SPD_LIM,COUNTY,CRASH_MONTH,CRASH_YEAR,DAY_OF_WEEK,DEC_LAT,DEC_LONG,DISPATCH_TM,DISTRICT,DRIVER_COUNT_16YR,DRIVER_COUNT_17YR,DRIVER_COUNT_18YR,DRIVER_COUNT_19YR,DRIVER_COUNT_20YR,DRIVER_COUNT_50_64YR,DRIVER_COUNT_65_74YR,DRIVER_COUNT_75PLUS,EST_HRS_CLOSED,FATAL_COUNT,HEAVY_TRUCK_COUNT,HORSE_BUGGY_COUNT,HOUR_OF_DAY,ILLUMINATION,INJURY_COUNT,INTERSECT_TYPE,INTERSECTION_RELATED,LANE_CLOSED,LATITUDE,LN_CLOSE_DIR,LOCATION_TYPE,LONGITUDE,MAX_SEVERITY_LEVEL,MCYCLE_DEATH_COUNT,MCYCLE_SUSP_SERIOUS_INJ_COUNT,MOTORCYCLE_COUNT,MUNICIPALITY,NONMOTR_COUNT,NONMOTR_DEATH_COUNT,NONMOTR_SUSP_SERIOUS_INJ_COUNT,NTFY_HIWY_MAINT,PED_COUNT,PED_DEATH_COUNT,PED_SUSP_SERIOUS_INJ_COUNT,PERSON_COUNT,POLICE_AGCY,POSSIBLE_INJ_COUNT,RDWY_SURF_TYPE_CD,RELATION_TO_ROAD,ROAD_CONDITION,ROADWAY_CLEARED,SCH_BUS_IND,SCH_ZONE_IND,SECONDARY_CRASH,SMALL_TRUCK_COUNT,SPEC_JURIS_CD,SUSP_MINOR_INJ_COUNT,SUSP_SERIOUS_INJ_COUNT,SUV_COUNT,TCD_FUNC_CD,TCD_TYPE,TFC_DETOUR_IND,TIME_OF_DAY,TOT_INJ_COUNT,TOTAL_UNITS,UNB_DEATH_COUNT,UNB_SUSP_SERIOUS_INJ_COUNT,UNBELTED_OCC_COUNT,UNK_INJ_DEG_COUNT,UNK_INJ_PER_COUNT,URBAN_AREA,URBAN_RURAL,VAN_COUNT,VEHICLE_COUNT,WEATHER1,WEATHER2,WORK_ZONE_IND,WORK_ZONE_LOC,WORK_ZONE_TYPE,WORKERS_PRES,WZ_CLOSE_DETOUR,WZ_FLAGGER,WZ_LAW_OFFCR_IND,WZ_LN_CLOSURE,WZ_MOVING,WZ_OTHER,WZ_SHLDER_MDN,WZ_WORKERS_INJ_KILLED
2010044476,1944.0,5,0,0,0,0,0,0,0,0,5,0,,67,3,2010,2,39.9477,-75.1792,1942.0,6,0,0,0,0,0,1,0,0,1.0,0,0,0,19.0,3,1,2,,2,39 56:51.751,2.0,0,75 10:45.172,8,0,0,0,67301,0,0,0,N,0,0,0,1,07301,0,,1,1,,N,N,,0,,0,0,0,9,3,Y,1941.0,1,5,0,0,0,1,0,3,4,0,5,3,,N,,,,,,,,,,,
2010044486,1425.0,0,0,0,0,0,0,0,0,0,8,0,,67,4,2010,4,39.9966,-75.1755,1420.0,6,0,0,0,0,0,0,0,0,,0,0,0,14.0,1,1,1,,0,39 59:47.932,,0,75 10:31.898,4,0,0,0,67301,1,0,0,N,1,0,0,2,67301,1,,1,1,,N,N,,1,,0,0,0,3,2,,1410.0,1,2,0,0,0,0,0,3,4,0,1,3,,N,,,,,,,,,,,
2010052283,2301.0,1,0,0,0,0,0,0,0,0,8,0,,67,4,2010,6,39.9198,-75.2412,2236.0,6,0,0,0,0,0,0,0,0,,0,0,0,22.0,3,1,0,,0,39 55:11.251,,0,75 14:28.320,3,0,0,0,67301,1,0,0,,1,0,0,2,67301,0,,1,1,,N,N,,0,,1,0,0,0,0,,2235.0,1,2,0,0,0,0,0,3,4,0,1,3,,N,,,,,,,,,,,
2010052336,903.0,1,0,0,0,0,0,0,0,0,8,0,,67,5,2010,4,40.025,-75.139,850.0,6,0,0,0,0,0,1,0,0,,0,0,0,8.0,1,2,1,,0,40 01:30.104,,0,75 08:20.432,4,0,0,0,67301,2,0,0,N,2,0,0,3,67301,2,,1,1,,N,N,,0,,0,0,0,3,2,,820.0,2,3,0,0,0,0,0,3,4,0,1,3,,N,,,,,,,,,,,
2010052347,1522.0,2,0,0,0,0,0,0,0,0,4,0,,67,4,2010,2,39.9704,-75.2172,1517.0,6,0,0,0,0,0,0,0,0,,0,0,0,15.0,1,1,1,,0,39 58:13.317,,0,75 13:01.912,4,0,0,0,67301,0,0,0,N,0,0,0,3,67301,1,,1,1,,N,,,0,,0,0,0,2,2,,1515.0,1,2,0,0,0,0,1,3,4,0,2,3,,N,,,,,,,,,,,
2010052040,135.0,1,0,0,0,0,0,0,0,0,7,0,,67,5,2010,6,39.9682,-75.1291,129.0,6,0,0,0,0,0,0,0,0,1.0,0,0,0,1.0,3,0,0,,2,39 58:07.151,1.0,0,75 07:41.466,0,0,0,0,67301,0,0,0,N,0,0,0,1,68K01,0,,3,1,,N,N,,0,,0,0,0,0,0,N,125.0,0,1,0,0,0,0,0,3,4,0,1,3,,N,,,,,,,,,,,
2010044637,1200.0,2,0,0,0,0,0,0,0,0,1,0,,67,4,2010,5,40.1144,-74.9878,1155.0,6,0,0,0,0,1,1,0,0,1.0,0,0,0,11.0,1,1,0,,1,40 06:51.680,2.0,0,74 59:16.007,8,0,0,0,67301,0,0,0,N,0,0,0,2,67301,0,,1,1,,N,N,,0,,0,0,0,3,2,N,1150.0,1,2,0,0,0,1,0,3,4,0,2,3,,N,,,,,,,,,,,
2010050572,1227.0,0,0,0,0,0,0,0,0,0,5,0,50.0,67,5,2010,2,39.8985,-75.1812,1227.0,6,0,0,0,0,0,1,0,0,,0,0,0,12.0,1,0,0,,0,39 53:55.511,,0,75 10:12.143,0,0,0,0,67301,0,0,0,N,0,0,0,2,68K01,0,,1,1,,N,N,,1,,0,0,1,3,1,,1226.0,0,2,0,0,0,0,0,3,4,0,2,3,,Y,8.0,1.0,Y,N,N,Y,Y,N,N,N,
2010128582,1150.0,2,0,0,0,0,0,0,0,0,4,0,,67,11,2010,5,39.9292,-75.1872,1147.0,6,0,0,0,1,0,0,0,0,2.0,0,0,0,11.0,1,0,1,,1,39 55:44.943,1.0,0,75 11:13.894,0,0,0,0,67301,0,0,0,,0,0,0,2,67301,0,,1,9,,,,,0,,0,0,0,3,2,N,1140.0,0,3,0,0,0,0,0,3,4,1,3,7,,N,,,,,,,,,,,
2010048853,1957.0,3,0,0,0,0,0,0,0,0,5,0,,67,4,2010,6,39.9921,-75.112,816.0,6,0,0,0,0,0,0,0,0,,0,0,0,18.0,1,1,0,,0,39 59:31.627,,0,75 06:43.230,4,0,0,0,67301,0,0,0,,0,0,0,1,67301,1,,6,1,,,,,0,,0,0,0,0,0,,1816.0,1,4,0,0,0,0,0,3,4,1,4,3,,N,,,,,,,,,,,
2010048869,1905.0,1,0,0,0,0,0,0,0,0,1,0,,67,4,2010,4,39.981,-75.1887,1856.0,6,0,0,0,0,0,0,0,0,,0,0,0,18.0,4,1,0,,0,39 58:51.685,,0,75 11:19.449,8,0,0,0,67301,0,0,0,N,0,0,0,3,67301,0,,1,9,,N,N,,0,,0,0,0,3,2,,1856.0,1,2,0,0,0,1,0,3,4,1,2,7,,N,,,,,,,,,,,
2010061192,1721.0,1,0,0,0,0,0,0,0,0,7,0,,67,6,2010,7,39.9988,-75.1956,1714.0,6,0,0,1,0,0,0,0,0,1.0,0,0,0,17.0,1,0,0,,2,39 59:57.673,3.0,0,75 11:43.580,0,0,0,0,67301,0,0,0,N,0,0,0,1,68K01,0,,3,1,,N,N,,0,,0,0,0,0,0,N,1712.0,0,1,0,0,0,0,0,3,4,0,1,3,,N,,,,,,,,,,,
2010075902,1758.0,1,0,0,0,0,0,0,0,0,8,0,,67,7,2010,7,39.9955,-75.1244,1755.0,6,0,0,0,0,0,0,1,0,,0,0,0,17.0,1,1,0,,0,39 59:43.827,,0,75 07:28.012,4,0,0,0,67301,1,0,0,,1,0,0,2,67301,1,,1,1,,,,,0,,0,0,0,0,0,,1700.0,1,2,0,0,0,0,0,3,4,0,1,3,,N,,,,,,,,,,,
2010032582,2200.0,1,0,0,0,0,0,0,0,0,7,0,,67,3,2010,1,40.0485,-75.03,2153.0,6,0,0,0,0,0,0,0,0,2.0,0,0,0,21.0,3,0,0,,2,40 02:54.759,1.0,0,75 01:48.138,0,0,0,0,67301,0,0,0,N,0,0,0,1,67301,0,,4,1,,N,N,,0,,0,0,0,0,0,Y,2145.0,0,1,0,0,0,0,0,3,4,0,1,3,,N,,,,,,,,,,,
2010032747,2110.0,1,0,0,0,0,0,0,0,0,8,0,,67,3,2010,7,39.9687,-75.1297,2106.0,6,0,0,0,0,0,0,0,0,,0,0,0,21.0,3,1,0,,0,39 58:07.394,,0,75 07:46.751,8,0,0,0,67301,1,0,0,,1,0,0,2,67301,0,,1,9,,,,,0,,0,0,0,0,0,,2104.0,1,2,0,0,0,1,0,3,4,0,1,7,,N,,,,,,,,,,,
2010073630,1256.0,0,0,0,0,0,0,0,0,0,1,0,,67,6,2010,2,39.9742,-75.2552,1250.0,6,0,0,0,0,0,0,0,0,,0,0,0,7.0,1,1,3,,0,39 58:27.296,,0,75 15:18.665,4,0,0,0,67301,0,0,0,N,0,0,0,2,67301,1,,1,1,,N,N,,1,,0,0,1,0,0,,730.0,1,2,0,0,0,0,1,3,4,0,2,3,,N,,,,,,,,,,,
2010015323,1526.0,1,0,0,0,0,0,0,0,0,7,0,,67,2,2010,3,40.06,-75.1334,1525.0,6,0,0,0,0,0,0,0,0,2.0,0,0,0,15.0,1,2,0,,2,40 03:35.786,4.0,0,75 08:00.309,8,0,0,0,67301,0,0,0,N,0,0,0,4,46102,0,,3,7,,N,N,,0,,0,0,2,1,2,Y,1525.0,2,3,0,0,0,2,0,3,4,0,3,10,,N,,,,,,,,,,,
2010104908,1658.0,1,0,0,1,0,0,0,0,0,4,0,,67,9,2010,2,39.9752,-75.1882,1656.0,6,0,0,0,0,0,0,0,0,1.0,0,0,0,16.0,1,1,1,,1,39 58:30.584,4.0,0,75 11:17.385,8,0,0,0,67301,1,0,0,,0,0,0,2,67301,0,,1,1,,,,,0,,0,0,0,2,2,N,1600.0,1,2,0,0,0,1,0,3,4,0,1,3,,N,,,,,,,,,,,
2010104913,442.0,1,0,0,0,0,0,0,0,0,0,0,,67,9,2010,2,39.9039,-75.15,435.0,6,0,0,0,0,0,0,0,0,9.0,0,0,0,4.0,3,0,0,,1,39 54:11.042,3.0,2,75 09:01.428,0,0,0,0,67301,0,0,0,N,0,0,0,1,67301,0,,7,9,,N,N,,0,,0,0,0,0,0,N,420.0,0,1,0,0,0,0,0,3,4,0,1,7,,N,,,,,,,,,,,
2010104921,49.0,1,0,0,1,0,0,0,0,0,4,0,,67,9,2010,7,39.9816,-75.1739,49.0,6,0,0,0,0,0,1,0,0,,0,0,0,0.0,3,2,1,,0,39 58:53.884,,0,75 10:25.911,4,0,0,0,67301,2,0,0,N,0,0,0,3,67301,2,,1,1,,N,N,,0,,0,0,0,3,2,,48.0,2,2,0,0,0,0,0,3,4,0,1,3,,N,,,,,,,,,,,
2010099747,2302.0,2,0,0,0,0,0,0,0,0,5,0,,67,9,2010,7,39.9834,-75.1468,2302.0,6,0,0,0,0,1,0,0,0,1.0,0,0,0,23.0,3,0,0,,2,39 59:00.388,7.0,0,75 08:48.441,0,0,0,0,67301,0,0,0,N,0,0,0,2,67301,0,,1,1,,N,N,,0,,0,0,0,0,0,Y,2300.0,0,2,0,0,0,0,0,3,4,0,2,3,,N,,,,,,,,,,,
2010099814,1837.0,1,0,0,0,0,0,0,0,0,4,0,,67,9,2010,1,40.0514,-75.1243,1832.0,6,0,0,0,0,0,1,0,0,,0,0,0,17.0,1,2,1,,0,40 03:05.086,,0,75 07:27.616,4,0,0,0,67301,0,0,0,N,0,0,0,5,67301,2,,1,1,,N,N,,0,,0,0,1,3,3,,1720.0,2,2,0,0,0,0,0,3,4,0,2,3,,N,,,,,,,,,,,
2010099827,1545.0,5,0,0,0,0,0,0,0,0,5,0,,67,9,2010,2,39.9332,-75.1508,1542.0,6,0,0,0,0,0,0,0,0,2.0,0,0,0,15.0,1,0,0,,2,39 55:59.510,4.0,0,75 09:02.960,0,0,0,0,67301,0,0,0,N,0,0,0,2,67301,0,,1,1,,N,N,,1,,0,0,1,0,0,Y,1540.0,0,7,0,0,0,0,0,3,4,0,7,3,,N,,,,,,,,,,,
2010110704,2023.0,0,0,0,0,0,0,0,0,0,0,0,,67,9,2010,5,39.9851,-75.2582,2018.0,6,0,0,0,0,0,0,0,0,6.0,0,0,0,19.0,3,0,0,,2,39 59:06.491,5.0,0,75 15:29.529,0,0,0,0,67301,0,0,0,,0,0,0,1,67301,0,,1,9,,,,,0,,0,0,0,0,0,Y,1947.0,0,1,0,0,0,0,0,3,4,1,1,7,,N,,,,,,,,,,,
2010110705,2002.0,1,0,0,0,0,0,0,0,0,5,0,,67,9,2010,7,39.9396,-75.1982,2000.0,6,0,0,0,0,0,0,0,0,,0,0,0,20.0,3,1,1,,0,39 56:22.681,,0,75 11:53.378,8,0,0,1,67301,0,0,0,N,0,0,0,2,67301,0,,1,1,,,,,0,,0,0,0,3,2,,2002.0,1,2,0,0,0,1,0,3,4,0,2,3,,N,,,,,,,,,,,
2010110715,111.0,1,0,0,0,0,0,0,0,0,8,0,,67,10,2010,1,40.0057,-75.1011,108.0,6,0,0,0,0,0,0,0,0,,0,0,0,1.0,3,1,1,,0,40 00:20.425,,0,75 06:03.822,2,0,0,0,67301,1,0,1,,1,0,1,2,67301,0,,1,1,,,,,0,,0,1,0,0,0,,107.0,1,2,0,0,0,0,0,3,4,0,1,3,,N,,,,,,,,,,,
2010118107,1655.0,2,0,0,0,0,0,0,0,0,4,0,,67,10,2010,3,40.0505,-75.1555,1652.0,6,0,0,0,0,0,0,0,0,,0,0,0,16.0,1,0,1,,0,40 03:01.778,,0,75 09:19.630,9,0,0,0,67301,0,0,0,N,0,0,0,3,67301,0,,1,1,,N,N,,0,,0,0,0,3,3,,1632.0,0,2,0,0,0,0,2,3,4,0,2,3,,N,,,,,,,,,,,
2010102415,1719.0,1,0,0,0,0,0,0,0,0,8,0,,67,9,2010,7,40.0392,-75.0668,1716.0,6,0,0,0,0,0,0,0,0,,0,0,0,17.0,1,1,1,,0,40 02:21.254,,0,75 04:00.550,4,0,0,0,67301,1,0,0,N,1,0,0,2,67301,1,,1,1,,N,N,,0,,0,0,0,3,2,,1713.0,1,2,0,0,0,0,0,3,4,0,1,3,,N,,,,,,,,,,,
2010102492,1530.0,0,0,0,0,0,0,0,0,0,7,0,,67,9,2010,2,40.0254,-75.1945,1511.0,6,0,0,0,0,0,0,1,0,1.0,0,0,0,14.0,1,1,0,,1,40 01:31.420,1.0,0,75 11:40.220,4,0,0,0,67301,0,0,0,,0,0,0,2,67301,1,,3,9,,,,,0,,0,0,1,0,0,N,1455.0,1,1,0,0,0,0,0,3,4,0,1,7,,N,,,,,,,,,,,
2010102494,914.0,1,0,0,0,0,0,0,0,0,6,0,,67,9,2010,5,40.0265,-75.0422,914.0,6,0,0,0,0,0,1,1,0,,0,0,0,9.0,1,1,1,,0,40 01:35.410,,0,75 02:31.777,8,0,0,0,67301,0,0,0,N,0,0,0,2,67301,0,,1,1,,N,N,,1,,0,0,0,3,3,,914.0,1,2,0,0,0,1,1,3,4,0,2,3,,N,,,,,,,,,,,
2010102497,1210.0,2,0,0,0,0,0,0,0,0,4,0,,67,9,2010,3,39.91,-75.2262,1159.0,6,0,0,0,0,0,1,1,0,,0,0,0,11.0,1,1,0,,0,39 54:36.000,,0,75 13:34.186,3,0,0,0,67301,0,0,0,N,0,0,0,2,67301,0,,1,1,,N,N,,0,,1,0,0,0,0,,1145.0,1,2,0,0,2,0,0,3,4,0,2,3,,N,,,,,,,,,,,
2010105036,1040.0,3,0,0,0,0,0,0,0,0,2,0,,67,9,2010,6,39.9214,-75.1914,1031.0,6,0,0,0,0,0,2,0,0,,0,0,0,10.0,1,1,5,,0,39 55:17.183,,0,75 11:29.074,8,0,0,0,67301,0,0,0,N,0,0,0,4,67301,0,,1,1,,N,N,,1,,0,0,0,3,2,,1028.0,1,4,0,0,4,1,0,3,4,0,4,3,,N,,,,,,,,,,,
2010113314,1940.0,0,0,0,0,0,0,0,0,0,5,0,,67,10,2010,1,39.9687,-75.22,1935.0,6,0,0,0,0,0,0,0,0,,0,0,0,19.0,6,1,2,,0,39 58:07.215,,0,75 13:12.057,4,0,0,1,67301,0,0,0,N,0,0,0,2,67301,1,,1,1,,N,N,,0,,0,0,0,0,0,,1930.0,1,2,0,0,0,0,0,3,4,0,2,3,,N,,,,,,,,,,,
2010105055,9999.0,1,0,0,0,0,0,0,0,0,8,0,,67,9,2010,6,39.9923,-75.1422,9999.0,6,0,0,0,0,0,0,0,0,,0,0,0,99.0,1,1,1,,0,39 59:32.607,,0,75 08:31.827,4,0,0,0,67301,1,0,0,N,1,0,0,2,67301,1,,1,1,,N,N,,0,,0,0,0,3,2,,9999.0,1,2,0,0,0,0,0,3,4,0,1,3,,N,,,,,,,,,,,
2010093684,1658.0,1,0,0,0,0,0,0,0,0,4,0,,67,8,2010,2,39.9593,-75.1599,1651.0,6,0,0,0,0,0,0,0,0,,0,0,0,16.0,1,0,1,,0,39 57:33.501,,0,75 09:35.521,0,0,0,0,67301,0,0,0,N,0,0,0,2,67301,0,,1,1,,N,N,,0,,0,0,1,3,2,,1640.0,0,2,0,0,0,0,0,3,4,0,2,3,,N,,,,,,,,,,,
2010088652,1710.0,1,0,0,0,0,0,0,0,0,1,0,,67,8,2010,1,39.9837,-75.1842,1704.0,6,0,0,0,0,0,0,0,0,,0,0,0,16.0,1,1,2,,0,39 59:01.273,,0,75 11:03.274,8,0,0,0,67301,0,0,0,,0,0,0,3,67301,0,,1,1,,,,,1,,0,0,0,3,3,,1655.0,1,2,0,0,0,1,0,3,4,0,2,3,,N,,,,,,,,,,,
2010088699,828.0,2,0,0,0,0,0,0,0,0,1,0,,67,8,2010,7,40.0682,-75.0297,824.0,6,0,0,0,0,0,0,0,0,2.0,0,0,0,8.0,1,0,1,,1,40 04:05.322,4.0,0,75 01:46.758,0,0,0,0,67301,0,0,0,N,0,0,0,3,67301,0,,1,1,,N,N,,1,,0,0,0,3,2,N,820.0,0,3,0,0,1,0,0,3,4,0,3,3,,N,,,,,,,,,,,
2010091249,1805.0,0,0,0,0,0,0,0,0,0,1,0,,67,8,2010,5,40.0171,-75.1511,1800.0,6,0,0,0,0,0,1,0,0,2.0,0,0,0,17.0,1,3,1,,1,40 01:01.667,3.0,0,75 09:04.024,4,0,0,0,67301,0,0,0,N,0,0,0,5,67301,3,,1,9,,N,N,,1,,0,0,1,3,2,Y,1755.0,3,2,0,0,3,0,0,3,4,0,2,7,,N,,,,,,,,,,,
2010088760,307.0,1,0,0,0,0,0,0,0,0,7,0,,67,8,2010,1,40.0455,-75.1128,303.0,6,0,0,0,0,0,0,0,0,,0,0,0,3.0,3,0,2,,0,40 02:50.984,,0,75 06:44.541,0,0,0,0,67301,0,0,0,N,0,0,0,2,67301,0,,5,9,,N,N,,0,,0,0,0,3,2,,300.0,0,1,0,0,0,0,0,3,4,0,1,7,,N,,,,,,,,,,,
2010088783,1650.0,2,0,0,0,0,0,0,0,0,4,0,,67,8,2010,1,40.0429,-75.1935,1641.0,6,0,0,0,0,0,0,0,0,1.0,0,0,0,16.0,1,2,2,,1,40 02:34.327,1.0,0,75 11:36.548,3,0,0,0,67301,0,0,0,,0,0,0,6,67301,1,,1,9,,N,N,,1,,1,0,0,3,3,N,1641.0,2,3,0,0,0,0,0,3,4,0,3,7,,N,,,,,,,,,,,
2010088837,2034.0,2,0,0,0,0,0,0,0,0,5,0,,67,8,2010,3,40.027,-75.0486,28.0,6,0,0,0,0,0,0,0,0,3.0,0,0,0,19.0,1,1,0,,2,40 01:37.106,1.0,0,75 02:54.938,4,0,0,0,67301,0,0,0,N,0,0,0,1,67301,1,,1,1,,N,N,,0,,0,0,0,0,0,Y,1956.0,1,2,0,0,0,0,0,3,4,0,2,3,,N,,,,,,,,,,,
2010099740,1658.0,2,0,0,0,0,0,0,0,0,1,0,,67,9,2010,4,40.0426,-75.0562,1653.0,6,0,0,0,1,0,1,1,0,2.0,0,0,0,16.0,1,1,0,,2,40 02:33.281,1.0,6,75 03:22.274,3,0,0,0,67301,0,0,0,N,0,0,0,5,67301,0,,1,1,,N,N,,0,,1,0,0,0,0,N,1651.0,1,4,0,0,0,0,0,3,4,2,4,3,,N,,,,,,,,,,,
2010102347,1805.0,0,0,0,0,0,0,1,0,0,1,1,,67,9,2010,2,40.0604,-75.167,1800.0,6,0,0,0,0,0,0,0,0,,0,0,0,17.0,1,1,1,,0,40 03:37.486,,0,75 10:01.148,3,0,0,0,67301,0,0,0,N,0,0,0,2,67301,0,,1,1,,N,N,,0,,1,0,1,3,2,,1730.0,1,2,0,0,0,0,0,3,4,0,2,3,,N,,,,,,,,,,,
2010105654,1725.0,2,0,0,0,0,0,0,0,0,4,0,,67,9,2010,5,39.99,-75.1484,1723.0,6,0,0,0,0,0,0,0,0,2.0,0,0,0,17.0,1,1,1,,2,39 59:23.942,1.0,0,75 08:54.063,8,0,0,0,67301,0,0,0,N,0,0,0,5,67301,0,,1,9,,N,N,,0,,0,0,0,3,2,Y,1720.0,1,2,0,0,0,1,0,3,4,0,2,7,,N,,,,,,,,,,,
2010123012,2128.0,1,0,0,0,0,0,0,0,0,7,0,,67,10,2010,6,39.9479,-75.2496,2123.0,6,0,1,0,0,0,0,0,0,,0,0,0,21.0,3,1,2,,0,39 56:52.270,,0,75 14:58.699,4,0,0,0,67301,0,0,0,N,0,0,0,1,67301,1,,5,98,,N,N,,0,,0,0,0,0,0,,2122.0,1,1,0,0,0,0,0,3,4,0,1,3,,N,,,,,,,,,,,
2010105889,1715.0,0,0,0,0,0,0,0,0,0,8,0,,67,9,2010,1,39.989,-75.1409,1715.0,6,0,0,0,0,0,0,0,0,9.0,0,0,0,17.0,1,1,1,,1,39 59:20.443,1.0,0,75 08:27.250,3,0,0,1,67301,1,0,0,,1,0,0,2,67301,0,,1,1,,,,,0,,1,0,0,3,2,N,1715.0,1,2,0,0,0,0,0,3,4,0,1,3,,N,,,,,,,,,,,
2010105907,952.0,1,0,0,0,0,0,0,0,0,4,0,,67,9,2010,5,40.0296,-75.0868,950.0,6,0,0,0,0,1,0,0,0,,0,0,0,9.0,1,0,1,,0,40 01:46.571,,0,75 05:12.580,0,0,0,0,67301,0,0,0,,0,0,0,3,67301,0,,1,9,,,,,0,,0,0,0,3,2,,945.0,0,2,0,0,0,0,0,3,4,1,2,7,,N,,,,,,,,,,,
2010094097,1250.0,2,0,0,0,0,0,0,0,0,4,0,,67,9,2010,7,39.9359,-75.1569,1248.0,6,0,0,0,0,0,1,0,0,,0,0,0,12.0,1,1,1,,0,39 56:09.409,,0,75 09:24.814,4,0,0,0,67301,0,0,0,,0,0,0,3,67301,1,,1,1,,,,,0,,0,0,0,3,2,,1240.0,1,2,0,0,0,0,0,3,4,0,2,3,,N,,,,,,,,,,,
2010100903,900.0,2,0,0,0,0,0,0,0,0,4,0,,67,9,2010,5,40.0475,-75.1428,830.0,6,0,0,0,0,0,1,0,0,,0,0,0,6.0,5,2,2,,0,40 02:50.960,,0,75 08:34.014,4,0,0,0,67301,0,0,0,N,0,0,0,2,67301,1,,1,1,,N,N,,0,,0,0,0,3,2,,630.0,2,2,0,0,0,1,0,3,4,0,2,3,,N,,,,,,,,,,,
2010113626,2010.0,2,0,0,0,0,0,0,0,0,4,0,,67,10,2010,6,40.0103,-75.1063,2004.0,6,0,0,0,0,0,0,0,0,1.0,0,0,0,20.0,3,0,0,,2,40 00:37.087,5.0,0,75 06:22.802,0,0,0,0,67301,0,0,0,N,0,0,0,1,67301,0,,6,1,,N,N,,0,,0,0,0,0,0,Y,2000.0,0,2,0,0,0,0,0,3,4,0,2,3,,N,,,,,,,,,,,
2010094240,1815.0,3,0,0,0,0,0,0,0,0,1,0,,67,8,2010,2,40.0285,-75.0997,1807.0,6,0,0,1,0,0,1,0,0,,0,0,0,18.0,1,1,0,,0,40 01:42.670,,0,75 05:59.042,4,0,0,0,67301,0,0,0,N,0,0,0,4,67301,1,,1,1,,N,N,,0,,0,0,0,3,2,,1802.0,1,3,0,0,0,0,0,3,4,0,3,3,,N,,,,,,,,,,,
2010094270,1355.0,1,0,0,0,0,0,0,0,0,8,0,,67,8,2010,2,40.07,-75.1627,1352.0,6,0,0,0,0,0,0,0,0,,0,0,0,13.0,1,1,1,,0,40 04:12.010,,0,75 09:45.872,4,0,0,0,67301,1,0,0,N,1,0,0,2,67301,1,,2,1,,N,N,,0,,0,0,0,3,2,,1300.0,1,2,0,0,0,0,0,3,4,0,1,3,,N,,,,,,,,,,,
2010113719,510.0,2,0,0,0,0,0,0,0,0,4,0,,67,10,2010,7,39.9905,-75.1687,457.0,6,0,0,0,0,0,0,0,1,,0,0,0,99.0,1,2,1,,0,39 59:25.969,,0,75 10:07.229,2,0,0,0,67301,0,0,0,,0,0,0,3,67301,1,,1,1,,,,,0,,0,1,0,3,2,,9999.0,2,2,0,0,0,0,0,3,4,0,2,3,,N,,,,,,,,,,,
2010113756,2041.0,1,0,0,0,0,0,0,0,0,4,0,,67,10,2010,7,40.114,-74.9876,2040.0,6,0,0,0,0,0,0,0,0,1.0,0,0,0,20.0,3,3,1,,1,40 06:50.539,1.0,0,74 59:15.391,3,0,0,0,67301,0,0,0,,0,0,0,5,67301,2,,1,1,,,,,0,,1,0,0,3,2,N,2040.0,3,2,0,0,0,0,0,3,4,1,2,3,,N,,,,,,,,,,,
2010093716,2234.0,0,0,0,0,0,0,0,0,0,8,0,,67,9,2010,7,39.9667,-75.2249,2231.0,6,0,0,0,0,0,1,0,0,,0,0,0,22.0,3,1,1,,0,39 57:59.822,,0,75 13:29.529,4,0,0,0,67301,1,0,0,N,1,0,0,2,67301,1,,1,1,,N,N,,0,,0,0,1,3,2,,2231.0,1,2,0,0,1,0,0,3,4,0,1,3,,N,,,,,,,,,,,
2010094077,2230.0,2,0,0,0,0,0,0,0,0,1,0,,67,8,2010,6,40.092,-75.0177,2222.0,6,0,0,0,0,0,0,0,0,,0,0,0,21.0,3,3,0,,0,40 05:31.342,,0,75 01:03.728,8,0,0,0,67301,0,0,0,N,0,0,0,4,67301,0,,1,1,,N,N,,0,,0,0,0,0,0,,2100.0,3,2,0,0,0,3,0,3,4,0,2,3,,N,,,,,,,,,,,
2010088913,1552.0,1,0,0,0,0,0,0,0,0,1,0,,67,8,2010,4,40.0285,-75.0471,1548.0,6,0,0,0,0,0,0,0,1,,0,0,0,15.0,1,1,0,,0,40 01:42.646,,0,75 02:49.455,8,0,0,0,67301,0,0,0,N,0,0,0,1,67301,0,,6,1,,N,N,,0,,0,0,1,0,0,,1535.0,1,3,0,0,0,1,0,3,4,1,3,3,,N,,,,,,,,,,,
2010088930,1635.0,0,0,0,1,0,0,0,0,0,2,0,,67,8,2010,6,40.0267,-75.1403,1630.0,6,0,0,0,0,0,0,0,0,,0,0,0,16.0,1,1,1,,0,40 01:36.282,,0,75 08:25.094,4,0,0,0,67301,1,0,0,N,0,0,0,2,67301,1,,2,1,,N,N,,0,,0,0,0,3,3,,1620.0,1,2,0,0,0,0,0,3,4,1,1,3,,N,,,,,,,,,,,