CRN,ARRIVAL_TM,AUTOMOBILE_COUNT,BELTED_DEATH_COUNT,BELTED_SUSP_SERIOUS_INJ_COUNT,BICYCLE_COUNT,BICYCLE_DEATH_COUNT,BICYCLE_SUSP_SERIOUS_INJ_COUNT,BUS_COUNT,CHLDPAS_DEATH_COUNT,CHLDPAS_SUSP_SERIOUS_INJ_COUNT,COLLISION_TYPE,COMM_VEH_COUNT,CONS_ZONE_SPD_LIM,COUNTY,CRASH_MONTH,CRASH_YEAR,DAY_OF_WEEK,DEC_LAT,DEC_LONG,DISPATCH_TM,DISTRICT,DRIVER_COUNT_16YR,DRIVER_COUNT_17YR,DRIVER_COUNT_18YR,DRIVER_COUNT_19YR,DRIVER_COUNT_20YR,DRIVER_COUNT_50_64YR,DRIVER_COUNT_65_74YR,DRIVER_COUNT_75PLUS,EST_HRS_CLOSED,FATAL_COUNT,HEAVY_TRUCK_COUNT,HORSE_BUGGY_COUNT,HOUR_OF_DAY,ILLUMINATION,INJURY_COUNT,INTERSECT_TYPE,INTERSECTION_RELATED,LANE_CLOSED,LATITUDE,LN_CLOSE_DIR,LOCATION_TYPE,LONGITUDE,MAX_SEVERITY_LEVEL,MCYCLE_DEATH_COUNT,MCYCLE_SUSP_SERIOUS_INJ_COUNT,MOTORCYCLE_COUNT,MUNICIPALITY,NONMOTR_COUNT,NONMOTR_DEATH_COUNT,NONMOTR_SUSP_SERIOUS_INJ_COUNT,NTFY_HIWY_MAINT,PED_COUNT,PED_DEATH_COUNT,PED_SUSP_SERIOUS_INJ_COUNT,PERSON_COUNT,POLICE_AGCY,POSSIBLE_INJ_COUNT,RDWY_SURF_TYPE_CD,RELATION_TO_ROAD,ROAD_CONDITION,ROADWAY_CLEARED,SCH_BUS_IND,SCH_ZONE_IND,SECONDARY_CRASH,SMALL_TRUCK_COUNT,SPEC_JURIS_CD,SUSP_MINOR_INJ_COUNT,SUSP_SERIOUS_INJ_COUNT,SUV_COUNT,TCD_FUNC_CD,TCD_TYPE,TFC_DETOUR_IND,TIME_OF_DAY,TOT_INJ_COUNT,TOTAL_UNITS,UNB_DEATH_COUNT,UNB_SUSP_SERIOUS_INJ_COUNT,UNBELTED_OCC_COUNT,UNK_INJ_DEG_COUNT,UNK_INJ_PER_COUNT,URBAN_AREA,URBAN_RURAL,VAN_COUNT,VEHICLE_COUNT,WEATHER1,WEATHER2,WORK_ZONE_IND,WORK_ZONE_LOC,WORK_ZONE_TYPE,WORKERS_PRES,WZ_CLOSE_DETOUR,WZ_FLAGGER,WZ_LAW_OFFCR_IND,WZ_LN_CLOSURE,WZ_MOVING,WZ_OTHER,WZ_SHLDER_MDN,WZ_WORKERS_INJ_KILLED
2010110827,2155.0,1,0,0,0,0,0,0,0,0,4,0,,67,9,2010,4,40.0269,-75.2272,2153.0,6,0,0,0,0,0,0,0,0,,0,0,0,21.0,3,1,1,,0,40 01:36.847,,0,75 13:37.905,3,0,0,1,67301,0,0,0,,0,0,0,2,67301,0,,1,1,,,,,0,,1,0,0,3,2,,2155.0,1,2,0,0,0,0,0,3,4,0,2,3,,N,,,,,,,,,,,
2010110901,1931.0,3,0,0,0,0,0,0,0,0,4,0,,67,10,2010,5,40.054,-75.1788,1931.0,6,0,0,0,0,0,1,0,0,,0,0,0,18.0,3,1,0,,0,40 03:14.543,,0,75 10:43.512,4,0,0,0,67301,0,0,0,,0,0,0,2,67301,1,,1,1,,,,,0,,0,0,1,0,0,,1855.0,1,4,0,0,0,0,0,3,4,0,4,3,,N,,,,,,,,,,,
2010069736,1958.0,1,0,0,0,0,0,0,0,0,1,0,,67,6,2010,2,40.0375,-75.1925,1953.0,6,0,0,0,0,0,0,0,0,,0,0,0,19.0,1,1,0,,0,40 02:15.480,,0,75 11:32.479,8,0,0,1,67301,0,0,0,N,0,0,0,1,67301,0,,2,1,,N,N,,0,,0,0,0,0,0,,1952.0,1,2,0,0,0,1,0,3,4,0,2,3,,N,,,,,,,,,,,
2010011567,820.0,1,0,0,0,0,0,0,0,0,4,0,,67,1,2010,2,40.055,-75.1348,818.0,6,0,0,0,0,0,1,0,0,,0,0,0,8.0,1,5,1,,0,40 03:18.136,,0,75 08:05.204,4,0,0,0,67301,0,0,0,,0,0,0,5,67301,5,,1,1,,,,,0,,0,0,1,3,3,,815.0,5,2,0,0,0,0,0,3,4,0,2,3,,N,,,,,,,,,,,
2010011615,1524.0,0,0,0,0,0,0,0,0,0,8,0,,67,1,2010,1,39.9243,-75.1501,1513.0,6,0,0,0,0,0,0,0,0,,0,0,0,15.0,1,1,2,,0,39 55:27.516,,0,75 09:00.352,4,0,0,0,67301,1,0,0,N,1,0,0,2,67301,1,,1,1,,N,N,,0,,0,0,0,3,3,,1513.0,1,2,0,0,0,0,0,3,4,1,1,3,,N,,,,,,,,,,,
2010038719,1915.0,2,0,0,0,0,0,0,0,0,2,0,,67,3,2010,4,40.1018,-75.0276,1901.0,6,0,0,0,0,0,1,1,0,,0,0,0,18.0,3,2,1,,0,40 06:06.493,,0,75 01:39.355,3,0,0,0,67301,0,0,0,,0,0,0,3,67301,1,,5,1,,,,,0,,1,0,0,3,2,,1854.0,2,2,0,0,0,0,0,3,4,0,2,3,,N,,,,,,,,,,,
2010038810,815.0,2,0,0,0,0,0,1,0,0,5,1,,67,3,2010,4,40.0299,-75.1533,813.0,6,0,0,0,0,0,0,0,0,1.0,0,0,0,8.0,1,1,5,,1,40 01:47.791,1.0,0,75 09:11.771,4,0,0,0,67301,0,0,0,N,0,0,0,3,67301,1,,1,1,,Y,N,,0,,0,0,0,3,2,N,811.0,1,3,0,0,0,0,0,3,4,0,3,3,,N,,,,,,,,,,,
2010038817,1851.0,2,0,0,0,0,0,0,0,0,1,0,,67,3,2010,2,40.0285,-75.1008,1834.0,6,0,0,0,0,0,1,0,0,1.0,0,0,0,18.0,3,1,0,,1,40 01:43.170,1.0,0,75 06:03.864,4,0,0,0,67301,0,0,0,N,0,0,0,2,67301,1,,1,9,,N,N,,0,,0,0,0,3,2,N,1832.0,1,2,0,0,0,0,0,3,4,0,2,3,,N,,,,,,,,,,,
2010036140,801.0,2,0,0,0,0,0,0,0,0,1,0,,67,4,2010,6,39.9426,-75.1934,740.0,6,0,0,0,0,0,0,0,0,1.0,0,0,0,7.0,1,1,0,,1,39 56:40.438,4.0,0,75 11:29.070,4,0,0,0,67301,0,0,0,N,0,0,0,5,68K01,1,,1,1,,N,N,,0,,0,0,0,0,0,N,737.0,1,2,0,0,0,0,0,3,4,0,2,3,,N,,,,,,,,,,,
2010038768,1932.0,1,0,0,0,0,0,0,0,0,8,0,,67,3,2010,3,39.9847,-75.1352,1930.0,6,0,0,0,0,0,0,0,0,,0,0,0,17.0,1,1,0,,0,39 59:04.950,,0,75 08:06.779,3,0,0,0,67301,1,0,0,N,1,0,0,2,67301,0,,1,1,,N,N,,0,,1,0,0,0,0,,1730.0,1,2,0,0,0,0,0,3,4,0,1,3,,N,,,,,,,,,,,
2010038792,1932.0,0,0,0,0,0,0,1,0,0,4,1,,67,3,2010,5,39.9695,-75.2254,1930.0,6,0,0,0,1,0,0,0,0,,0,0,0,19.0,4,9,1,,0,39 58:10.251,,0,75 13:31.337,4,0,0,0,67301,0,0,0,N,0,0,0,10,67301,9,,1,1,,N,N,,0,,0,0,0,3,2,,1910.0,9,2,0,0,0,0,0,3,4,1,2,3,,N,,,,,,,,,,,
2010122621,1708.0,2,0,0,0,0,0,0,0,0,1,0,,67,11,2010,4,39.9487,-75.2252,1724.0,6,0,0,0,0,0,0,0,0,,0,0,0,7.0,3,1,2,,0,39 56:55.413,,0,75 13:30.820,8,0,0,0,67301,0,0,0,,0,0,0,3,67301,0,,1,1,,,,,0,,0,0,0,3,3,,700.0,1,2,0,0,0,1,0,3,4,0,2,3,,N,,,,,,,,,,,
2010039267,1543.0,2,0,0,0,0,0,0,0,0,4,0,,67,3,2010,1,39.9566,-75.2098,1540.0,6,0,0,0,0,0,0,0,0,,0,0,0,15.0,1,1,1,,0,39 57:23.632,,0,75 12:35.044,8,0,0,0,67301,0,0,0,N,0,0,0,2,67301,0,,1,1,,N,N,,0,,0,0,0,3,2,,1530.0,1,2,0,0,0,1,1,3,4,0,2,3,,N,,,,,,,,,,,
2010039287,2235.0,2,0,0,0,0,0,0,0,0,4,0,,67,3,2010,6,40.0113,-75.1061,2230.0,6,0,0,1,0,1,0,0,0,,0,0,0,21.0,3,1,1,,0,40 00:40.651,,0,75 06:21.920,8,0,0,0,67301,0,0,0,N,0,0,0,2,67301,0,,1,1,,N,N,,0,,0,0,0,3,2,,2130.0,1,2,0,0,0,1,0,3,4,0,2,3,,N,,,,,,,,,,,
2010032644,2340.0,2,0,0,0,0,0,0,0,0,5,0,,67,2,2010,7,39.9198,-75.202,2336.0,6,0,0,0,0,0,0,0,0,3.0,0,0,0,23.0,3,0,0,,1,39 55:11.380,3.0,3,75 12:07.527,9,0,0,0,67301,0,0,0,N,0,0,0,2,67301,0,,1,1,,N,N,,0,,0,0,0,0,0,N,2330.0,0,2,0,0,0,0,1,3,4,0,2,3,,N,,,,,,,,,,,
2010016469,104.0,1,0,0,0,0,0,0,0,0,7,0,,67,2,2010,1,39.9216,-75.1903,104.0,6,0,0,0,0,0,0,0,0,,0,0,0,1.0,3,0,0,,0,39 55:17.901,,3,75 11:25.055,0,0,0,0,67301,0,0,0,N,0,0,0,1,67501,0,,3,1,,N,N,,0,,0,0,0,3,8,,104.0,0,1,0,0,0,0,0,3,4,0,1,3,,N,,,,,,,,,,,
2010017176,9999.0,2,0,0,0,0,0,0,0,0,4,0,,67,1,2010,5,40.0189,-75.1472,9999.0,6,0,0,0,0,0,0,0,0,,0,0,0,19.0,3,1,1,,0,40 01:08.216,,0,75 08:49.391,8,0,0,0,67301,0,0,0,N,0,0,0,4,67301,0,,1,98,,N,N,,0,,0,0,0,3,2,,1943.0,1,2,0,0,0,1,0,3,4,0,2,3,,N,,,,,,,,,,,
2010017190,753.0,1,0,0,0,0,0,0,0,0,4,0,,67,1,2010,2,40.0971,-75.0182,748.0,6,0,0,0,0,0,1,0,0,1.0,0,0,0,7.0,1,0,1,,2,40 05:49.711,6.0,0,75 01:05.375,0,0,0,0,67301,0,0,0,,0,0,0,5,67301,0,,1,1,,,,,0,,0,0,2,3,2,Y,748.0,0,3,0,0,1,0,0,3,4,0,3,3,,N,,,,,,,,,,,
2010017230,2008.0,2,0,0,0,0,0,0,0,0,4,0,,67,1,2010,6,40.0222,-75.0632,2006.0,6,0,0,0,0,1,0,0,0,,0,0,0,20.0,3,2,0,,0,40 01:19.820,,0,75 03:47.669,3,0,0,0,67301,0,0,0,,0,0,0,3,67301,1,,1,1,,,,,0,,1,0,0,3,2,,2000.0,2,2,0,0,0,0,1,3,4,0,2,3,,N,,,,,,,,,,,
2010017260,1310.0,3,0,0,0,0,0,0,0,0,1,0,,67,1,2010,1,39.9654,-75.1625,1308.0,6,0,0,0,0,0,0,0,0,,0,0,0,13.0,1,1,1,,0,39 57:55.296,,0,75 09:45.035,3,0,0,0,67301,0,0,0,,0,0,0,5,67301,0,,1,1,,,,,0,,1,0,0,3,2,,1300.0,1,3,0,0,0,0,0,3,4,0,3,3,,N,,,,,,,,,,,
2010021683,1914.0,1,0,0,0,0,0,0,0,0,1,0,,67,1,2010,1,40.0345,-75.0821,1911.0,6,0,0,0,0,0,0,0,0,,0,0,0,19.0,3,3,1,,0,40 02:04.103,,0,75 04:55.728,4,0,0,0,67301,0,0,0,N,0,0,0,4,67301,3,,1,1,,N,N,,0,,0,0,1,9,2,,1900.0,3,2,0,0,0,0,0,3,4,0,2,3,,N,,,,,,,,,,,
2010021878,800.0,4,0,0,0,0,0,0,0,0,6,0,,67,1,2010,1,40.0348,-75.1175,745.0,6,0,0,0,0,0,0,0,0,,0,0,0,7.0,3,1,1,,0,40 02:05.216,,0,75 07:03.112,8,0,0,0,67301,0,0,0,N,0,0,0,2,67301,0,,1,1,,N,N,,0,,0,0,0,3,2,,730.0,1,4,0,0,0,1,1,3,4,0,4,3,,N,,,,,,,,,,,
2010084921,1124.0,1,0,0,0,0,0,0,0,0,5,1,,67,8,2010,7,39.9664,-75.1358,1124.0,6,0,0,0,0,0,0,0,0,2.0,0,1,0,11.0,1,2,0,,1,39 57:58.811,2.0,0,75 08:09.469,3,0,0,0,67301,0,0,0,N,0,0,0,4,68K01,1,,1,1,,N,N,,0,,1,0,0,0,0,N,1110.0,2,2,0,0,2,0,0,3,4,0,2,3,,N,,,,,,,,,,,
2010045124,2040.0,1,0,0,0,0,0,0,0,0,8,0,,67,4,2010,6,39.9693,-75.1782,2039.0,6,0,0,0,0,0,0,0,0,,0,0,0,20.0,3,1,0,,0,39 58:09.620,,0,75 10:41.564,8,0,0,0,67301,1,0,0,N,1,0,0,2,67301,0,,1,1,,N,N,,0,,0,0,0,0,0,,2025.0,1,2,0,0,0,1,0,3,4,0,1,3,,N,,,,,,,,,,,
2010060670,1351.0,2,0,0,0,0,0,0,0,0,7,0,,67,6,2010,6,39.9577,-75.1603,1342.0,6,0,0,0,1,0,0,0,1,1.0,0,0,0,13.0,1,1,0,,2,39 57:27.590,4.0,0,75 09:37.035,4,0,0,0,67301,0,0,0,N,0,0,0,3,68K01,1,,3,1,,N,N,,0,,0,0,1,0,0,N,1338.0,1,3,0,0,0,0,0,3,4,0,3,3,,N,,,,,,,,,,,
2010045078,133.0,2,0,0,0,0,0,0,0,0,1,0,,67,3,2010,7,39.9057,-75.1941,127.0,6,0,0,0,0,0,0,0,0,,0,0,0,1.0,3,0,0,,0,39 54:20.838,,3,75 11:38.405,0,0,0,0,67301,0,0,0,,0,0,0,5,67301,0,,1,9,,,,,0,,0,0,0,0,0,,127.0,0,2,0,0,0,0,0,3,4,0,2,7,,N,,,,,,,,,,,
2010074893,1520.0,1,0,0,0,0,0,0,0,0,4,0,,67,7,2010,7,39.9675,-75.1487,1515.0,6,0,0,0,0,0,0,0,0,,0,0,0,15.0,1,3,1,,0,39 58:03.072,,0,75 08:55.265,4,0,0,0,67301,0,0,0,,0,0,0,3,67301,3,,1,1,,,N,,1,,0,0,0,3,3,,1515.0,3,2,0,0,0,0,0,3,4,0,2,3,,N,,,,,,,,,,,
2010069884,1238.0,0,0,0,0,0,0,0,0,0,1,0,,67,6,2010,3,40.05,-75.0862,1224.0,6,0,0,0,0,0,0,0,0,,0,0,0,12.0,1,0,2,,0,40 03:00.037,,0,75 05:10.235,0,0,0,0,67301,0,0,0,,0,0,0,2,67301,0,,1,1,,,,,1,,0,0,1,3,2,,1205.0,0,2,0,0,0,0,0,3,4,0,2,3,,N,,,,,,,,,,,
2010069891,559.0,4,0,0,0,0,0,0,0,0,1,0,,67,6,2010,7,39.9874,-75.2324,557.0,6,0,0,0,1,0,0,0,0,,0,0,0,5.0,1,1,1,,0,39 59:14.726,,0,75 13:56.711,8,0,0,0,67301,0,0,0,N,0,0,0,1,67301,0,,1,1,,N,N,,0,,0,0,0,0,0,,557.0,1,4,0,0,0,1,0,3,4,0,4,3,,N,,,,,,,,,,,
2010062010,1927.0,3,0,0,0,0,0,0,0,0,1,0,,67,4,2010,2,40.0227,-75.1799,1924.0,6,0,0,0,0,0,0,0,0,,0,0,0,19.0,1,1,0,,0,40 01:21.770,,0,75 10:47.752,4,0,0,0,67301,0,0,0,,0,0,0,1,67301,1,,6,1,,N,N,,0,,0,0,0,0,0,,1916.0,1,3,0,0,1,0,0,3,4,0,3,3,,N,,,,,,,,,,,
2010121316,1959.0,2,0,0,0,0,0,0,0,0,1,0,,67,12,2010,3,40.0429,-75.0565,1952.0,6,0,0,0,0,0,0,0,0,1.0,0,0,0,19.0,3,2,0,,1,40 02:34.369,2.0,0,75 03:23.540,8,0,0,0,67301,0,0,0,N,0,0,0,2,67301,0,,1,1,,N,N,,0,,0,0,0,0,0,N,1950.0,2,2,0,0,0,2,0,3,4,0,2,3,,N,,,,,,,,,,,
2010094207,1336.0,1,0,0,0,0,0,0,0,0,7,0,,67,8,2010,3,40.0189,-75.0495,1332.0,6,0,0,0,0,0,0,0,0,1.0,0,0,0,13.0,1,4,2,,2,40 01:08.120,4.0,0,75 02:58.216,2,0,0,0,67301,0,0,0,,0,0,0,5,67301,2,,5,1,,,,,0,,0,2,0,3,3,Y,1332.0,4,1,0,0,0,0,0,3,4,0,1,3,,N,,,,,,,,,,,
2010094249,45.0,1,0,0,0,0,0,0,0,0,4,0,,67,8,2010,5,40.0948,-75.0507,41.0,6,0,0,0,0,0,1,0,0,1.0,0,0,0,0.0,3,0,1,,1,40 05:41.192,2.0,0,75 03:02.752,0,0,0,0,67301,0,0,0,,0,0,0,2,67301,0,,1,1,,N,N,,1,,0,0,0,3,2,Y,41.0,0,2,0,0,0,0,0,3,4,0,2,3,,N,,,,,,,,,,,
2010096491,9999.0,1,0,0,0,0,0,0,0,0,8,0,,67,9,2010,5,39.9329,-75.2298,9999.0,6,0,0,0,0,0,0,0,0,,0,0,0,99.0,1,1,2,,0,39 55:58.301,,0,75 13:47.296,4,0,0,0,67301,1,0,0,N,1,0,0,2,67301,1,,1,1,,N,N,,0,,0,0,0,0,0,,9999.0,1,2,0,0,0,0,0,3,4,0,1,3,,N,,,,,,,,,,,
2010093709,1956.0,2,0,0,0,0,0,0,0,0,4,0,,67,9,2010,4,39.9598,-75.1637,1953.0,6,0,0,0,0,0,1,0,0,9.0,0,0,0,19.0,3,2,1,,1,39 57:35.366,2.0,0,75 09:49.409,4,0,0,0,67301,0,0,0,,0,0,0,2,67301,2,,1,1,,N,N,,0,,0,0,0,3,3,N,1952.0,2,2,0,0,0,0,0,3,4,0,2,3,,N,,,,,,,,,,,
2010094041,2048.0,1,0,0,0,0,0,0,0,0,1,0,,67,9,2010,6,39.9944,-75.1985,2046.0,6,0,0,0,0,0,0,0,0,,0,0,0,20.0,3,1,0,,0,39 59:43.111,,0,75 11:51.548,8,0,0,0,67301,0,0,0,N,0,0,0,5,68K01,0,,1,1,,N,N,,0,,0,0,1,0,0,,2041.0,1,2,0,0,0,1,0,3,4,0,2,3,,N,,,,,,,,,,,
2010113505,806.0,2,0,0,0,0,0,0,0,0,1,0,,67,10,2010,6,39.9601,-75.2059,806.0,6,0,0,0,0,0,0,0,0,,0,0,0,8.0,1,2,2,,0,39 57:36.270,,0,75 12:21.326,8,0,0,0,67301,0,0,0,,0,0,0,3,67301,0,,1,9,,N,N,,0,,0,0,0,3,3,,805.0,2,2,0,0,0,2,0,3,4,0,2,7,,N,,,,,,,,,,,
2010110874,1743.0,2,0,0,0,0,0,0,0,0,4,0,,67,10,2010,7,40.028,-75.0574,1737.0,6,0,0,0,0,0,0,0,1,,0,0,0,17.0,1,1,1,,0,40 01:40.752,,0,75 03:26.701,8,0,0,0,67301,0,0,0,,0,0,0,2,67301,0,,1,1,,,,,0,,0,0,0,3,2,,1729.0,1,2,0,0,0,1,0,3,4,0,2,3,,N,,,,,,,,,,,
2010061523,1130.0,2,0,0,0,0,0,0,0,0,1,0,,67,5,2010,1,40.0609,-75.1508,1124.0,6,0,0,0,0,0,0,0,0,,0,0,0,9.0,1,2,0,,0,40 03:39.135,,0,75 09:02.921,4,0,0,0,67301,0,0,0,N,0,0,0,2,67301,2,,1,1,,N,N,,0,,0,0,0,0,0,,915.0,2,2,0,0,2,0,0,3,4,0,2,3,,N,,,,,,,,,,,
2010059007,550.0,1,0,0,0,0,0,0,0,0,1,0,,67,5,2010,6,40.0199,-75.0956,544.0,6,0,0,0,0,0,1,0,0,,0,0,0,99.0,1,1,0,,0,40 01:11.674,,0,75 05:44.148,4,0,0,0,67301,0,0,0,,0,0,0,2,67301,1,,1,1,,N,N,,0,,0,0,1,0,0,,9999.0,1,2,0,0,0,0,0,3,4,0,2,3,,N,,,,,,,,,,,
2010040268,1845.0,2,0,0,0,0,0,0,0,0,1,0,,67,4,2010,2,39.9894,-75.2518,1843.0,6,0,0,0,0,0,1,0,0,,0,0,0,18.0,1,1,0,,0,39 59:21.763,,0,75 15:06.396,4,0,0,0,67301,0,0,0,N,0,0,0,2,46104,1,,1,1,,N,N,,0,,0,0,0,0,0,,1843.0,1,2,0,0,0,0,0,3,4,0,2,3,,N,,,,,,,,,,,
2010040560,708.0,1,0,0,0,0,0,0,0,0,4,0,,67,3,2010,7,39.9579,-75.1641,705.0,6,0,0,0,0,0,1,0,0,,0,0,0,6.0,1,0,1,,0,39 57:28.586,,0,75 09:50.892,0,0,0,0,67301,0,0,0,,0,0,0,2,67301,0,,1,1,,,,,1,,0,0,0,3,2,,655.0,0,2,0,0,0,0,0,3,4,0,2,3,,N,,,,,,,,,,,
2010036137,1355.0,0,0,0,0,0,0,0,0,0,1,0,,67,3,2010,4,39.9347,-75.2002,1347.0,6,0,0,0,0,0,0,0,0,1.0,0,0,0,13.0,1,0,0,,1,39 56:01.797,3.0,2,75 12:00.660,9,0,0,0,67301,0,0,0,N,0,0,0,3,68K01,0,,1,1,,N,N,,0,,0,0,2,3,4,N,1340.0,0,3,0,0,0,0,1,3,4,0,3,3,,N,,,,,,,,,,,
2010122609,1710.0,1,0,0,0,0,0,0,0,0,4,0,,67,11,2010,7,40.0333,-75.0801,1641.0,6,0,0,0,0,0,0,0,0,,0,0,0,16.0,3,1,1,,0,40 01:59.916,,0,75 04:48.230,8,0,0,0,67301,0,0,0,N,0,0,0,2,67301,0,,1,1,,N,N,,1,,0,0,0,3,3,,1630.0,1,2,0,0,0,1,1,3,4,0,2,3,,N,,,,,,,,,,,
2010122637,1730.0,2,0,0,0,0,0,0,0,0,1,0,,67,11,2010,4,40.0193,-75.1062,1720.0,6,0,0,0,0,0,1,0,0,,0,0,0,17.0,3,2,0,,0,40 01:09.402,,0,75 06:22.400,8,0,0,0,67301,0,0,0,,0,0,0,5,67301,0,,1,1,,N,N,,0,,0,0,1,0,0,,1705.0,2,4,0,0,0,2,1,3,4,0,4,3,,N,,,,,,,,,,,
2010039142,1535.0,2,0,0,0,0,0,0,0,0,1,0,,67,3,2010,1,39.9761,-75.1381,1532.0,6,0,0,0,0,0,0,0,0,,0,0,0,14.0,1,0,0,,0,39 58:33.797,,0,75 08:17.214,0,0,0,0,67301,0,0,0,N,0,0,0,1,67301,0,,2,1,,N,N,,0,,0,0,0,0,0,,1446.0,0,3,0,0,0,0,0,3,4,1,3,3,,N,,,,,,,,,,,
2010039145,1715.0,1,0,0,0,0,0,0,0,0,1,0,,67,3,2010,5,39.9663,-75.2167,1710.0,6,0,0,0,0,0,1,0,0,1.0,0,0,0,17.0,1,1,1,,2,39 57:58.791,5.0,0,75 13:00.094,4,0,0,0,67301,0,0,0,N,0,0,0,4,67301,1,,1,1,,N,N,,0,,0,0,0,3,2,Y,1705.0,1,2,0,0,0,0,0,3,4,1,2,3,,N,,,,,,,,,,,
2010039307,20.0,1,0,0,0,0,0,0,0,0,5,0,,67,4,2010,7,39.9914,-75.085,16.0,6,0,0,0,0,1,0,0,0,,0,0,0,0.0,3,1,2,,0,39 59:29.273,,0,75 05:05.743,3,0,0,0,67301,0,0,0,,0,0,0,2,67301,0,,1,1,,N,N,,0,,1,0,0,3,3,,16.0,1,2,0,0,0,0,0,3,4,1,2,3,,N,,,,,,,,,,,
2010032576,1549.0,0,0,0,0,0,0,0,0,0,8,0,,67,3,2010,4,39.9488,-75.215,1544.0,6,0,0,0,0,0,0,0,0,,0,0,0,15.0,1,1,1,,0,39 56:55.809,,0,75 12:54.124,4,0,0,0,67301,1,0,0,N,1,0,0,2,67301,1,,1,1,,N,N,,0,,0,0,1,3,2,,1541.0,1,2,0,0,0,0,0,3,4,0,1,3,,N,,,,,,,,,,,
2010090107,1451.0,1,0,0,1,0,0,0,0,0,4,0,,67,8,2010,7,40.085,-75.0364,1416.0,6,0,0,0,0,0,1,0,0,,0,0,0,14.0,1,1,0,,0,40 05:06.078,,7,75 02:11.106,4,0,0,0,67301,1,0,0,N,0,0,0,2,67301,1,,2,1,,N,N,,0,,0,0,0,0,0,,1414.0,1,2,0,0,0,0,0,3,4,0,1,3,,N,,,,,,,,,,,
2010032649,1655.0,2,0,0,0,0,0,0,0,0,1,0,,67,3,2010,2,40.0291,-75.0903,1640.0,6,0,0,0,0,0,0,0,0,1.0,0,0,0,16.0,1,1,0,,1,40 01:44.728,2.0,0,75 05:24.935,4,0,0,0,67301,0,0,0,,0,0,0,2,67301,1,,1,1,,,,,0,,0,0,0,0,0,N,1638.0,1,2,0,0,0,0,0,3,4,0,2,3,,N,,,,,,,,,,,
2010010428,21.0,1,0,0,0,0,0,0,0,0,7,0,,67,1,2010,1,39.9319,-75.1998,19.0,6,0,0,0,0,0,0,0,0,1.0,0,0,0,0.0,3,0,0,,1,39 55:56.866,4.0,0,75 12:00.062,0,0,0,0,67301,0,0,0,N,0,0,0,2,68K01,0,,3,1,,N,N,,0,,0,0,0,0,0,N,11.0,0,1,0,0,0,0,0,3,4,0,1,3,,N,,,,,,,,,,,
2010019191,517.0,0,0,0,0,0,0,0,0,0,1,0,,67,2,2010,7,39.9148,-75.1481,451.0,6,0,0,0,0,0,0,0,0,2.0,0,0,0,4.0,3,0,0,,1,39 54:51.926,2.0,0,75 08:53.410,0,0,0,0,67301,0,0,0,N,0,0,0,2,68K01,0,,1,7,,N,N,,1,,0,0,1,0,0,N,447.0,0,2,0,0,0,0,0,3,4,0,2,10,,N,,,,,,,,,,,
2010017123,1315.0,1,0,0,0,0,0,0,0,0,1,0,,67,1,2010,1,39.9555,-75.1884,1315.0,6,0,0,0,0,0,0,0,0,,0,0,0,13.0,1,1,0,,0,39 57:19.858,,6,75 11:18.123,4,0,0,0,67301,0,0,0,,0,0,0,2,20301,1,,1,9,,N,N,,1,,0,0,0,0,0,,1315.0,1,2,0,0,0,0,1,3,4,0,2,7,,N,,,,,,,,,,,
2010021214,928.0,1,0,0,0,0,0,0,0,0,1,0,,67,2,2010,3,39.983,-75.2081,918.0,6,0,0,0,1,0,1,0,0,,0,0,0,9.0,1,1,0,,0,39 59:02.741,,0,75 12:29.976,8,0,0,0,67301,0,0,0,N,0,0,0,2,68K01,0,,1,9,,N,N,,0,,0,0,1,0,0,,914.0,1,2,0,0,0,1,0,3,4,0,2,10,,N,,,,,,,,,,,
2010021688,1246.0,1,0,0,0,0,0,0,0,0,4,0,,67,1,2010,7,40.0351,-75.0695,1242.0,6,0,0,0,0,0,0,0,0,1.0,0,0,0,12.0,1,1,5,,2,40 02:06.425,1.0,0,75 04:10.216,3,0,0,0,67301,0,0,0,N,0,0,0,2,67301,0,,1,1,,N,N,,0,,1,0,1,3,2,N,1238.0,1,2,0,0,1,0,0,3,4,0,2,3,,N,,,,,,,,,,,
2010069901,2033.0,1,0,0,1,0,0,0,0,0,4,0,,67,6,2010,4,40.0326,-75.087,2031.0,6,0,0,0,0,0,0,0,0,,0,0,0,20.0,1,1,2,,0,40 01:57.378,,0,75 05:13.214,8,0,0,0,67301,1,0,0,N,0,0,0,2,67301,0,,1,1,,N,N,,0,,0,0,0,0,0,,2005.0,1,2,0,0,1,1,0,3,4,0,1,3,,N,,,,,,,,,,,
2010045128,1628.0,3,0,0,0,0,0,0,0,0,1,0,,67,4,2010,3,39.964,-75.1747,1622.0,6,0,0,0,0,0,0,0,0,,0,0,0,16.0,1,0,0,,0,39 57:50.560,,0,75 10:28.870,0,0,0,0,67301,0,0,0,,0,0,0,1,67301,0,,6,9,,,,,0,,0,0,1,0,0,,1620.0,0,4,0,0,0,0,0,3,4,0,4,7,,N,,,,,,,,,,,
2010075018,6.0,1,0,0,0,0,0,0,0,0,4,0,,67,7,2010,3,40.0265,-75.0422,4.0,6,0,0,0,0,0,0,0,0,1.0,0,0,0,0.0,3,1,1,,1,40 01:35.410,3.0,0,75 02:31.777,8,0,0,0,67301,0,0,0,N,0,0,0,3,67301,0,,1,1,,N,N,,0,,0,0,1,3,3,N,0.0,1,2,0,0,0,1,0,3,4,0,2,3,,N,,,,,,,,,,,