CRN,ARRIVAL_TM,AUTOMOBILE_COUNT,BELTED_DEATH_COUNT,BELTED_SUSP_SERIOUS_INJ_COUNT,BICYCLE_COUNT,BICYCLE_DEATH_COUNT,BICYCLE_SUSP_SERIOUS_INJ_COUNT,BUS_COUNT,CHLDPAS_DEATH_COUNT,CHLDPAS_SUSP_SERIOUS_INJ_COUNT,COLLISION_TYPE,COMM_VEH_COUNT,CONS_ZONE_SPD_LIM,COUNTY,CRASH_MONTH,CRASH_YEAR,DAY_OF_WEEK,DEC_LAT,DEC_LONG,DISPATCH_TM,DISTRICT,DRIVER_COUNT_16YR,DRIVER_COUNT_17YR,DRIVER_COUNT_18YR,DRIVER_COUNT_19YR,DRIVER_COUNT_20YR,DRIVER_COUNT_50_64YR,DRIVER_COUNT_65_74YR,DRIVER_COUNT_75PLUS,EST_HRS_CLOSED,FATAL_COUNT,HEAVY_TRUCK_COUNT,HORSE_BUGGY_COUNT,HOUR_OF_DAY,ILLUMINATION,INJURY_COUNT,INTERSECT_TYPE,INTERSECTION_RELATED,LANE_CLOSED,LATITUDE,LN_CLOSE_DIR,LOCATION_TYPE,LONGITUDE,MAX_SEVERITY_LEVEL,MCYCLE_DEATH_COUNT,MCYCLE_SUSP_SERIOUS_INJ_COUNT,MOTORCYCLE_COUNT,MUNICIPALITY,NONMOTR_COUNT,NONMOTR_DEATH_COUNT,NONMOTR_SUSP_SERIOUS_INJ_COUNT,NTFY_HIWY_MAINT,PED_COUNT,PED_DEATH_COUNT,PED_SUSP_SERIOUS_INJ_COUNT,PERSON_COUNT,POLICE_AGCY,POSSIBLE_INJ_COUNT,RDWY_SURF_TYPE_CD,RELATION_TO_ROAD,ROAD_CONDITION,ROADWAY_CLEARED,SCH_BUS_IND,SCH_ZONE_IND,SECONDARY_CRASH,SMALL_TRUCK_COUNT,SPEC_JURIS_CD,SUSP_MINOR_INJ_COUNT,SUSP_SERIOUS_INJ_COUNT,SUV_COUNT,TCD_FUNC_CD,TCD_TYPE,TFC_DETOUR_IND,TIME_OF_DAY,TOT_INJ_COUNT,TOTAL_UNITS,UNB_DEATH_COUNT,UNB_SUSP_SERIOUS_INJ_COUNT,UNBELTED_OCC_COUNT,UNK_INJ_DEG_COUNT,UNK_INJ_PER_COUNT,URBAN_AREA,URBAN_RURAL,VAN_COUNT,VEHICLE_COUNT,WEATHER1,WEATHER2,WORK_ZONE_IND,WORK_ZONE_LOC,WORK_ZONE_TYPE,WORKERS_PRES,WZ_CLOSE_DETOUR,WZ_FLAGGER,WZ_LAW_OFFCR_IND,WZ_LN_CLOSURE,WZ_MOVING,WZ_OTHER,WZ_SHLDER_MDN,WZ_WORKERS_INJ_KILLED
2010075019,1720.0,1,0,0,0,0,0,0,0,0,7,0,,67,7,2010,2,40.0253,-75.1476,1710.0,6,0,0,0,0,0,1,0,0,,0,0,0,17.0,1,1,0,,0,40 01:31.129,,0,75 08:51.467,4,0,0,0,67301,0,0,0,N,0,0,0,1,67301,1,,5,1,,N,N,,0,,0,0,0,0,0,,1710.0,1,1,0,0,0,0,0,3,4,0,1,3,,N,,,,,,,,,,,
2010075114,735.0,2,0,0,0,0,0,0,0,0,2,0,,67,6,2010,3,39.9482,-75.1743,731.0,6,0,0,0,0,0,1,0,0,2.0,0,0,0,7.0,1,2,1,,2,39 56:53.426,1.0,0,75 10:27.573,4,0,0,0,67301,0,0,0,N,0,0,0,3,67301,1,,1,1,,N,N,,0,,0,0,0,3,2,Y,725.0,2,2,0,0,2,1,1,3,4,0,2,3,,N,,,,,,,,,,,
2010075124,1822.0,1,0,0,0,0,0,0,0,0,5,0,,67,7,2010,4,40.0241,-75.1335,1820.0,6,0,0,1,0,0,0,0,0,,0,0,0,18.0,1,1,0,,0,40 01:26.463,,0,75 08:01.717,4,0,0,0,67301,0,0,0,N,0,0,0,1,67301,1,,6,1,,N,N,,1,,0,0,0,0,0,,1820.0,1,2,0,0,1,0,0,3,4,0,2,3,,N,,,,,,,,,,,
2010064770,845.0,0,0,0,0,0,0,0,0,0,4,0,,67,5,2010,4,40.0695,-75.0689,845.0,6,0,0,0,0,0,0,1,0,9.0,1,0,0,8.0,1,0,2,,2,40 04:10.095,3.0,0,75 04:07.973,1,1,0,1,67301,0,0,0,,0,0,0,2,67301,0,2.0,1,1,,,,,1,0.0,0,0,0,0,0,Y,845.0,0,2,0,0,0,0,0,3,4,0,2,3,,N,,,,,,,,,,,
2010064774,1124.0,1,0,0,0,0,0,0,0,0,4,0,,67,5,2010,2,40.0351,-75.0709,1110.0,6,0,0,0,0,0,1,0,0,1.0,0,0,0,11.0,1,1,1,,1,40 02:06.421,2.0,0,75 04:15.407,4,0,0,1,67301,0,0,0,N,0,0,0,2,67301,1,,1,1,,N,N,,0,,0,0,0,3,2,N,1114.0,1,2,0,0,0,0,0,3,4,0,2,3,,N,,,,,,,,,,,
2010045080,1930.0,2,0,0,0,0,0,0,0,0,4,0,,67,4,2010,2,40.0528,-75.1474,1928.0,6,0,0,0,0,0,0,0,0,3.0,0,0,0,19.0,1,2,2,,2,40 03:10.069,7.0,0,75 08:50.801,8,0,0,0,67301,0,0,0,N,0,0,0,2,67301,0,,1,1,,N,N,,0,,0,0,0,3,3,Y,1928.0,2,2,0,0,1,2,0,3,4,0,2,3,,N,,,,,,,,,,,
2010045090,1935.0,1,0,0,1,0,0,0,0,0,4,0,,67,4,2010,3,39.92,-75.1626,1930.0,6,0,0,0,0,0,0,0,0,,0,0,0,19.0,4,1,2,,0,39 55:11.856,,0,75 09:45.316,8,0,0,0,67301,1,0,0,N,0,0,0,2,67301,0,,1,1,,N,N,,0,,0,0,0,3,3,,1925.0,1,2,0,0,0,1,0,3,4,0,1,3,,N,,,,,,,,,,,
2010045117,1950.0,1,0,0,1,0,0,0,0,0,4,0,,67,4,2010,5,39.9528,-75.2285,1932.0,6,0,0,0,0,0,0,0,0,,0,0,0,19.0,4,1,1,,0,39 57:09.972,,0,75 13:42.430,8,0,0,0,67301,1,0,0,N,0,0,0,2,67301,0,,1,1,,N,N,,0,,0,0,0,3,3,,1930.0,1,2,0,0,0,1,0,3,4,0,1,3,,N,,,,,,,,,,,
2010069876,229.0,2,0,0,0,0,0,0,0,0,1,0,,67,6,2010,6,39.9224,-75.2231,229.0,6,0,0,0,0,0,0,0,0,2.0,0,0,0,22.0,3,1,1,,1,39 55:20.731,4.0,0,75 13:23.335,3,0,0,0,67301,0,0,0,,0,0,0,2,67301,0,,1,1,,,,,0,,1,0,0,3,2,N,2200.0,1,2,0,0,0,0,0,3,4,0,2,3,,N,,,,,,,,,,,
2010044453,1250.0,3,0,0,0,0,0,0,0,0,1,0,,67,4,2010,2,40.0316,-75.0633,1232.0,6,0,0,0,0,0,1,0,0,,0,0,0,12.0,1,1,5,,0,40 01:53.711,,0,75 03:48.013,4,0,0,0,67301,0,0,0,,0,0,0,3,67301,1,,1,1,,,,,0,,0,0,0,3,2,,1230.0,1,3,0,0,0,0,0,3,4,0,3,3,,N,,,,,,,,,,,
2010084254,1307.0,1,0,0,1,0,0,0,0,0,4,0,,67,8,2010,3,40.0042,-75.1729,1302.0,6,0,0,0,0,0,0,0,0,,0,0,0,99.0,1,1,2,,0,40 00:15.018,,0,75 10:22.359,8,0,0,0,67301,1,0,0,N,0,0,0,2,67301,0,,1,1,,N,N,,0,,0,0,0,0,0,,9999.0,1,2,0,0,0,1,0,3,4,0,1,3,,N,,,,,,,,,,,
2010084257,1155.0,2,0,0,0,0,0,0,0,0,4,0,,67,7,2010,7,40.0205,-75.1226,1153.0,6,0,0,0,0,0,0,0,0,,0,0,0,11.0,1,1,2,,0,40 01:13.766,,0,75 07:21.369,4,0,0,0,67301,0,0,0,,0,0,0,2,67301,1,,1,1,,,,,0,,0,0,0,0,0,,1145.0,1,2,0,0,0,0,0,3,4,0,2,3,,N,,,,,,,,,,,
2010073721,1755.0,1,0,0,0,0,0,0,0,0,1,0,,67,7,2010,5,40.0263,-75.0274,1755.0,6,0,0,0,0,0,0,0,0,2.0,0,0,0,17.0,1,2,0,,2,40 01:34.451,2.0,0,75 01:38.454,4,0,0,2,67301,0,0,0,N,0,0,0,3,68K01,2,,1,1,,N,N,,0,,0,0,0,0,0,N,1754.0,2,3,0,0,0,0,0,3,4,0,3,3,,N,,,,,,,,,,,
2010052271,1503.0,0,0,0,0,0,0,0,0,0,8,0,,67,4,2010,7,39.9263,-75.1774,1501.0,6,0,0,0,0,0,1,0,0,,0,0,0,14.0,1,1,0,,0,39 55:34.532,,0,75 10:38.726,3,0,0,0,67301,1,0,0,N,1,0,0,2,67301,0,,1,1,,N,N,,0,,1,0,1,0,0,,1455.0,1,2,0,0,0,0,0,3,4,0,1,3,,N,,,,,,,,,,,
2010084183,1305.0,0,0,0,0,0,0,0,0,0,1,0,,67,8,2010,7,40.0568,-75.1607,1301.0,6,0,0,0,0,0,0,1,0,1.0,0,0,0,13.0,1,1,2,,1,40 03:24.505,1.0,0,75 09:38.479,4,0,0,0,67301,0,0,0,N,0,0,0,3,67301,1,,1,1,,N,N,,1,,0,0,0,0,0,N,1300.0,1,2,0,0,0,0,0,3,4,1,2,3,,N,,,,,,,,,,,
2010084244,1845.0,1,0,0,0,0,0,0,0,0,6,0,,67,8,2010,1,40.0396,-75.1392,1843.0,6,0,0,0,0,0,1,0,0,,0,0,0,18.0,1,1,0,,0,40 02:22.560,,0,75 08:20.989,8,0,0,0,67301,0,0,0,N,0,0,0,2,67301,0,,1,9,,N,N,,1,,0,0,0,0,0,,1840.0,1,2,0,0,0,1,0,3,4,0,2,7,,N,,,,,,,,,,,
2010059752,616.0,0,0,0,0,0,0,0,0,0,5,0,,67,6,2010,4,39.9483,-75.1864,611.0,6,0,0,0,0,0,0,0,0,,0,0,0,6.0,1,1,6,,0,39 56:55.750,,2,75 11:08.160,4,0,0,0,67301,0,0,0,N,0,0,0,2,68K01,1,,1,1,,N,N,,2,,0,0,0,0,0,,607.0,1,2,0,0,0,0,0,3,4,0,2,3,,N,,,,,,,,,,,
2010052313,1420.0,2,0,0,0,0,0,0,0,0,1,0,,67,4,2010,3,39.95,-75.157,1418.0,6,0,0,0,0,0,0,0,0,,0,0,0,14.0,1,4,1,,0,39 56:59.986,,0,75 09:25.190,4,0,0,0,67301,0,0,0,,0,0,0,6,67301,4,,1,1,,,,,0,,0,0,0,3,2,,1417.0,4,2,0,0,0,0,0,3,4,0,2,3,,N,,,,,,,,,,,
2010052379,4.0,2,0,0,0,0,0,0,0,0,1,0,,67,5,2010,1,39.9718,-75.2289,4.0,6,0,0,0,0,0,0,0,0,9.0,0,0,0,0.0,3,2,0,,1,39 58:18.368,2.0,0,75 13:43.935,4,0,0,0,67301,0,0,0,N,0,0,0,3,67301,2,,1,1,,N,N,,0,,0,0,0,3,2,N,3.0,2,2,0,0,0,0,0,3,4,0,2,3,,N,,,,,,,,,,,
2010052397,1636.0,2,0,0,0,0,0,0,0,0,4,0,,67,4,2010,1,39.9546,-75.1813,1633.0,6,0,0,0,0,0,0,0,0,,0,0,0,16.0,1,1,1,,0,39 57:16.405,,0,75 10:52.046,8,0,0,0,67301,0,0,0,N,0,0,0,3,67301,0,,1,9,,N,N,,0,,0,0,0,3,2,,1623.0,1,2,0,0,0,1,0,3,4,0,2,7,,N,,,,,,,,,,,
2010047045,2353.0,1,0,0,0,0,0,0,0,0,7,0,,67,5,2010,2,40.0929,-75.0169,2348.0,6,0,0,0,0,0,0,0,0,1.0,0,0,0,23.0,3,1,0,,2,40 05:34.321,1.0,0,75 01:00.862,3,0,0,0,67301,0,0,0,N,0,0,0,1,67301,0,,3,9,,N,N,,0,,1,0,0,0,0,N,2346.0,1,1,0,0,1,0,0,3,4,0,1,7,,N,,,,,,,,,,,
2010062238,1246.0,1,0,0,0,0,0,0,0,0,2,0,,67,5,2010,1,39.9365,-75.1856,1245.0,6,0,0,0,0,0,2,0,0,2.0,0,0,0,12.0,1,0,1,,1,39 56:11.277,1.0,0,75 11:08.239,9,0,0,0,67301,0,0,0,N,0,0,0,7,67301,0,,1,1,,N,N,,0,,0,0,0,3,2,N,1244.0,0,2,0,0,0,0,7,3,4,1,2,3,,N,,,,,,,,,,,
2010044308,15.0,1,0,0,0,0,0,0,0,0,7,0,,67,4,2010,7,39.9333,-75.2001,3.0,6,0,0,0,0,0,0,1,0,1.0,0,0,0,0.0,3,0,7,,2,39 55:56.854,3.0,2,75 12:00.596,0,0,0,0,67301,0,0,0,Y,0,0,0,1,68K01,0,,7,1,,N,N,,0,,0,0,0,3,4,N,1.0,0,1,0,0,0,0,0,3,4,0,1,3,,N,,,,,,,,,,,
2010081539,849.0,1,0,0,0,0,0,0,0,0,4,0,,67,7,2010,4,39.9545,-75.2149,845.0,6,0,0,0,0,0,1,0,0,,0,0,0,8.0,1,0,1,,0,39 57:16.045,,0,75 12:53.647,9,0,0,0,67301,0,0,0,,0,0,0,2,67301,0,,1,1,,,,,1,,0,0,0,0,0,,840.0,0,2,0,0,0,0,2,3,4,0,2,3,,N,,,,,,,,,,,
2010044605,232.0,2,0,0,0,0,0,0,0,0,1,0,,67,3,2010,1,39.9217,-75.1902,231.0,6,0,0,0,0,0,0,0,0,,0,0,0,2.0,3,4,1,,0,39 55:18.369,,2,75 11:25.591,2,0,0,0,67301,0,0,0,,0,0,0,5,67301,1,,1,1,,,,,0,,2,1,0,0,0,,225.0,4,2,0,0,0,0,0,3,4,0,2,3,,N,,,,,,,,,,,
2010044646,1705.0,2,0,0,0,0,0,0,0,0,4,0,,67,4,2010,3,40.0196,-75.0791,1657.0,6,0,0,0,0,0,0,0,0,,0,0,0,12.0,1,1,1,,0,40 01:10.632,,0,75 04:44.741,4,0,0,0,67301,0,0,0,N,0,0,0,3,67301,1,,1,9,,N,N,,0,,0,0,0,3,3,,1215.0,1,2,0,0,0,0,0,3,4,0,2,7,,N,,,,,,,,,,,
2010062315,1358.0,0,0,0,1,0,1,0,0,0,1,0,,67,6,2010,7,39.9704,-75.1344,1358.0,6,0,0,0,0,0,0,0,0,,0,0,0,1.0,3,1,0,,0,39 58:13.563,,0,75 08:03.883,2,0,0,0,67301,1,0,1,N,0,0,0,2,67301,0,,2,1,,N,N,,0,,0,1,0,0,0,,100.0,1,2,0,0,0,0,1,3,4,0,1,3,,N,,,,,,,,,,,
2010044699,1603.0,1,0,0,0,0,0,0,0,0,4,0,,67,3,2010,6,40.042,-75.0718,1603.0,6,0,0,0,0,0,0,0,0,,0,0,0,15.0,1,1,1,,0,40 02:31.358,,0,75 04:18.519,8,0,0,0,67301,0,0,0,N,0,0,0,2,67301,0,,1,9,,N,N,,0,,0,0,0,3,3,,1556.0,1,2,0,0,0,1,1,3,4,1,2,7,,N,,,,,,,,,,,
2010044717,1936.0,1,0,0,0,0,0,0,0,0,4,0,,67,3,2010,1,39.9644,-75.1777,1930.0,6,0,0,0,0,0,0,0,0,,0,0,0,19.0,2,2,1,,0,39 57:52.521,,0,75 10:40.457,4,0,0,0,67301,0,0,0,N,0,0,0,4,67301,2,,1,1,,N,N,,0,,0,0,1,1,1,,1930.0,2,2,0,0,0,0,0,3,4,0,2,3,,N,,,,,,,,,,,
2010044871,205.0,1,0,0,0,0,0,0,0,0,4,0,,67,4,2010,3,39.992,-75.1402,150.0,6,0,0,0,0,0,0,0,0,,0,0,0,1.0,3,1,1,,0,39 59:31.320,,0,75 08:24.665,4,0,0,0,67301,0,0,0,N,0,0,0,2,67301,1,,1,1,,N,N,,0,,0,0,0,3,2,,150.0,1,2,0,0,0,0,1,3,4,1,2,3,,N,,,,,,,,,,,
2010044878,2200.0,2,0,0,0,0,0,0,0,0,5,0,,67,4,2010,5,39.9651,-75.157,2148.0,6,0,0,0,0,0,0,1,0,,0,0,0,21.0,1,1,0,,0,39 57:54.234,,0,75 09:25.293,4,0,0,0,67301,0,0,0,,0,0,0,3,67301,1,,1,1,,,,,0,,0,0,0,3,3,,2135.0,1,3,0,0,0,0,0,3,4,1,3,3,,N,,,,,,,,,,,
2010048855,819.0,1,0,0,0,0,0,0,0,0,8,0,,67,4,2010,3,39.9651,-75.1608,812.0,6,0,0,0,0,0,0,0,0,1.0,0,0,0,99.0,1,1,1,,1,39 57:54.315,5.0,0,75 09:38.699,8,0,0,0,67301,1,0,0,,1,0,0,2,67301,0,,1,1,,,,,0,,0,0,0,3,2,Y,9999.0,1,2,0,0,0,1,0,3,4,0,1,3,,N,,,,,,,,,,,
2010060266,1734.0,0,0,0,0,0,0,0,0,0,8,0,,67,5,2010,4,39.9967,-75.1797,1734.0,6,0,0,0,0,0,0,0,0,3.0,0,0,0,16.0,1,1,2,,2,39 59:48.188,3.0,0,75 10:46.829,8,0,0,0,67301,1,0,0,N,1,0,0,2,67301,0,,1,1,,N,N,,0,,0,0,0,0,0,Y,1609.0,1,2,0,0,0,1,1,3,4,1,1,3,,N,,,,,,,,,,,
2010057852,639.0,1,0,0,0,0,0,0,0,0,1,0,,67,6,2010,2,40.0086,-75.0696,634.0,6,0,0,0,0,0,0,0,0,,0,0,0,6.0,1,0,0,,0,40 00:31.212,,0,75 04:09.689,9,0,0,0,67301,0,0,0,N,0,0,0,6,68K01,0,,1,1,,N,N,,1,,0,0,1,0,0,,625.0,0,4,0,0,0,0,1,3,4,0,4,3,,N,,,,,,,,,,,
2010057895,300.0,2,0,0,0,0,0,0,0,0,2,0,,67,5,2010,6,39.9867,-75.2076,256.0,6,0,0,0,0,0,0,0,0,,0,0,0,2.0,3,2,1,,0,39 59:12.208,,2,75 12:27.247,3,0,0,0,67301,0,0,0,N,0,0,0,2,67301,0,,7,9,,N,N,,0,,2,0,0,3,3,,240.0,2,2,0,0,0,0,0,3,4,0,2,3,,N,,,,,,,,,,,
2010067756,2307.0,1,0,0,0,0,0,0,0,0,1,0,,67,7,2010,6,39.966,-75.1866,2238.0,6,0,0,0,0,0,0,0,0,,0,0,0,22.0,3,2,0,,0,39 58:02.790,,0,75 11:19.961,8,0,0,0,67301,0,0,0,N,0,0,0,5,68K01,0,,1,1,,N,N,,0,,0,0,1,0,0,,2228.0,2,2,0,0,0,2,0,3,4,0,2,3,,N,,,,,,,,,,,
2010029610,1558.0,1,0,0,0,0,0,0,0,0,7,0,,67,3,2010,2,40.0453,-75.0023,1558.0,6,0,0,0,0,0,0,0,0,,0,0,0,15.0,1,1,6,,0,40 02:45.698,,2,75 00:07.121,4,0,0,0,67301,0,0,0,Y,0,0,0,1,68K01,1,,4,1,,N,N,,0,,0,0,0,0,0,,1556.0,1,1,0,0,0,0,0,3,4,0,1,3,,N,,,,,,,,,,,
2010039384,1020.0,2,0,0,0,0,0,0,0,0,1,0,,67,4,2010,7,,,1012.0,6,0,0,0,0,0,1,0,0,,0,0,0,10.0,1,4,0,,0,,,3,,3,0,0,0,67301,0,0,0,N,0,0,0,6,67501,1,,1,1,,N,N,,0,,3,0,1,3,8,,1012.0,4,3,0,0,0,0,0,3,3,0,3,3,,N,,,,,,,,,,,
2010032792,210.0,2,0,0,0,0,0,0,0,0,5,0,,67,3,2010,7,40.0264,-75.1825,204.0,6,0,0,0,0,0,0,0,0,,0,0,0,2.0,3,0,0,,0,40 01:34.957,,0,75 10:57.061,0,0,0,0,67301,0,0,0,N,0,0,0,1,67301,0,,6,1,,N,N,,0,,0,0,1,3,2,,200.0,0,3,0,0,0,0,0,3,4,0,3,3,,N,,,,,,,,,,,
2010030373,2215.0,2,0,0,0,0,0,1,0,0,6,1,,67,2,2010,5,40.0645,-75.1539,2202.0,6,0,0,0,0,0,1,0,0,1.0,0,0,0,21.0,3,1,0,,1,40 03:52.279,5.0,0,75 09:14.011,4,0,0,0,67301,0,0,0,N,0,0,0,4,67301,1,,6,9,,N,N,,1,,0,0,0,0,0,Y,2150.0,1,4,0,0,0,0,0,3,4,0,4,98,,N,,,,,,,,,,,
2010104919,205.0,1,0,0,0,0,0,0,0,0,7,0,,67,10,2010,7,39.9227,-75.1565,200.0,6,0,0,0,0,0,0,0,0,,0,0,0,2.0,3,0,1,,0,39 55:21.651,,0,75 09:23.503,0,0,0,0,67301,0,0,0,,0,0,0,2,67301,0,,5,1,,,,,0,,0,0,0,3,2,,200.0,0,1,0,0,0,0,0,3,4,0,1,3,,N,,,,,,,,,,,
2010104982,1242.0,1,0,0,0,0,0,0,0,0,4,0,,67,9,2010,2,39.9289,-75.2434,1241.0,6,0,0,0,0,0,0,0,1,,0,0,0,12.0,1,3,0,,0,39 55:44.034,,0,75 14:36.308,3,0,0,0,67301,0,0,0,N,0,0,0,3,67301,2,,1,9,,N,N,,1,,1,0,0,0,0,,1239.0,3,2,0,0,0,0,0,3,4,0,2,7,,N,,,,,,,,,,,
2010010018,1209.0,2,0,0,0,0,0,0,0,0,1,0,,67,1,2010,7,39.9769,-75.1982,1205.0,6,0,0,0,0,0,0,0,0,1.0,0,0,0,12.0,1,5,0,,1,39 58:37.622,3.0,0,75 11:58.395,3,0,0,0,67301,0,0,0,N,0,0,0,7,68K01,3,,1,1,,N,N,,0,,2,0,1,0,0,N,1203.0,5,3,0,0,1,0,0,3,4,0,3,3,,N,,,,,,,,,,,
2010099793,305.0,2,0,0,0,0,0,0,0,0,4,0,,67,9,2010,7,39.9606,-75.1406,300.0,6,0,0,0,0,0,0,0,0,,0,0,0,2.0,3,1,1,,0,39 57:38.079,,0,75 08:25.623,4,0,0,0,67301,0,0,0,N,0,0,0,6,67301,1,,1,1,,N,N,,0,,0,0,0,3,2,,255.0,1,2,0,0,2,0,0,3,4,0,2,3,,N,,,,,,,,,,,
2010118050,1440.0,1,0,0,0,0,0,0,0,0,8,0,,67,10,2010,6,40.0289,-75.1632,1440.0,6,0,1,0,0,0,0,0,0,,0,0,0,14.0,1,1,0,,0,40 01:44.094,,0,75 09:47.494,8,0,0,0,67301,1,0,0,N,1,0,0,3,67301,0,,1,1,,N,N,,0,,0,0,0,0,0,,1402.0,1,2,0,0,0,1,0,3,4,0,1,3,,N,,,,,,,,,,,
2010118073,1312.0,1,0,0,0,0,0,0,0,0,8,0,,67,10,2010,6,40.0317,-75.1789,1306.0,6,0,0,0,0,0,0,1,0,,0,0,0,13.0,1,1,2,,0,40 01:54.260,,0,75 10:43.950,8,0,0,0,67301,1,0,0,,1,0,0,2,67301,0,,1,1,,,,,0,,0,0,0,3,2,,1305.0,1,2,0,0,0,1,0,3,4,0,1,3,,N,,,,,,,,,,,
2010099848,2121.0,1,0,0,0,0,0,0,0,0,8,0,,67,9,2010,1,39.9317,-75.1815,2120.0,6,0,0,0,0,0,0,0,0,,0,0,0,21.0,3,1,0,,0,39 55:54.130,,0,75 10:53.482,4,0,0,0,67301,1,0,0,N,1,0,0,2,67301,1,,1,1,,N,N,,0,,0,0,0,0,0,,2120.0,1,2,0,0,0,0,0,3,4,0,1,3,,N,,,,,,,,,,,
2010099857,1605.0,2,0,0,0,0,0,0,0,0,1,0,,67,7,2010,2,39.9573,-75.1407,1555.0,6,0,0,0,0,0,1,0,0,,0,0,0,15.0,1,1,0,,0,39 57:24.124,,2,75 08:36.055,4,0,0,0,67301,0,0,0,N,0,0,0,2,67301,1,,1,1,,N,N,,0,,0,0,0,0,0,,1555.0,1,2,0,0,0,0,0,3,4,0,2,3,,N,,,,,,,,,,,
2010102403,1610.0,1,0,0,0,0,0,0,0,0,7,0,,67,9,2010,6,40.0628,-75.0495,1607.0,6,0,0,0,0,0,0,0,0,,0,0,0,16.0,1,2,1,,0,40 03:46.245,,0,75 02:58.059,8,0,0,0,67301,0,0,0,N,0,0,0,3,67301,0,,2,1,,N,N,,0,,0,0,0,0,0,,1607.0,2,1,0,0,0,2,0,3,4,0,1,3,,N,,,,,,,,,,,
2010097415,1330.0,1,0,0,0,0,0,0,0,0,1,0,,67,8,2010,6,39.9902,-75.1737,1330.0,6,0,0,0,0,0,1,0,0,,0,0,0,13.0,1,1,1,,0,39 59:24.604,,0,75 10:25.157,4,0,0,0,67301,0,0,0,,0,0,0,2,67301,1,,1,1,,N,,,1,,0,0,0,3,2,,1329.0,1,2,0,0,0,0,0,3,4,0,2,3,,N,,,,,,,,,,,
2010102475,9999.0,1,0,0,0,0,0,0,0,0,1,0,,67,9,2010,3,40.0517,-75.1271,9999.0,6,0,0,0,0,0,2,0,0,,0,0,0,99.0,1,0,1,,0,40 03:06.246,,0,75 07:37.696,0,0,0,0,67301,0,0,0,N,0,0,0,2,67301,0,,1,1,,N,N,,0,,0,0,1,3,2,,9999.0,0,2,0,0,0,0,0,3,4,0,2,3,,N,,,,,,,,,,,
2010113316,1625.0,1,0,0,1,0,0,0,0,0,4,0,,67,10,2010,1,40.0398,-75.1445,1620.0,6,0,0,0,0,0,0,0,0,,0,0,0,16.0,1,1,1,,0,40 02:23.373,,0,75 08:40.028,8,0,0,0,67301,1,0,0,N,0,0,0,2,67301,0,,1,1,,N,N,,0,,0,0,0,3,2,,1615.0,1,2,0,0,0,1,0,3,4,0,1,3,,N,,,,,,,,,,,
2010118389,431.0,1,0,0,0,0,0,0,0,0,5,0,,67,10,2010,1,39.9541,-75.221,431.0,6,0,0,0,0,0,0,0,0,,0,0,0,4.0,3,0,0,,0,39 57:14.870,,0,75 13:15.740,0,0,0,0,67301,0,0,0,,0,0,0,1,67301,0,,2,1,,N,N,,0,,0,0,1,0,0,,415.0,0,2,0,0,0,0,0,3,4,0,2,3,,N,,,,,,,,,,,
2010120997,2212.0,0,0,0,0,0,0,0,0,0,7,0,,67,11,2010,3,40.0078,-75.2023,2203.0,6,0,0,0,0,0,0,0,0,1.0,0,0,0,21.0,3,1,0,,2,40 00:28.082,3.0,2,75 12:08.272,8,0,0,0,67301,0,0,0,N,0,0,0,2,68K01,0,,3,9,,N,N,,0,,0,0,1,0,0,Y,2159.0,1,1,0,0,1,1,0,3,4,0,1,7,,N,,,,,,,,,,,
2010034182,208.0,3,0,0,0,0,0,0,0,0,1,0,,67,2,2010,7,39.9456,-75.165,151.0,6,0,0,0,0,0,1,0,0,1.0,0,0,0,99.0,3,1,1,,1,39 56:44.049,2.0,0,75 09:54.498,4,0,0,0,67301,0,0,0,,0,0,0,4,67301,1,,1,1,,,,,0,,0,0,0,3,2,N,9999.0,1,3,0,0,1,0,0,3,4,0,3,3,,N,,,,,,,,,,,
2010034190,1445.0,2,0,0,0,0,0,0,0,0,5,0,,67,3,2010,6,40.0352,-75.1448,1430.0,6,0,0,0,0,0,0,0,0,,0,0,0,12.0,1,2,1,,0,40 02:06.568,,0,75 08:41.251,8,0,0,0,67301,0,0,0,,0,0,0,2,67301,0,,1,9,,N,N,,0,,0,0,0,3,2,,1200.0,2,2,0,0,0,2,0,3,4,0,2,7,,N,,,,,,,,,,,
2010088682,1820.0,1,0,0,0,0,0,0,0,0,1,0,,67,8,2010,1,39.9778,-75.2134,1820.0,6,0,0,0,0,0,0,0,0,,0,0,0,18.0,1,1,1,,0,39 58:40.054,,0,75 12:48.645,4,0,0,0,67301,0,0,0,,0,0,0,2,67301,1,,1,1,,,,,0,,0,0,1,2,2,,1820.0,1,2,0,0,0,0,1,3,4,0,2,3,,N,,,,,,,,,,,
2010075120,2049.0,1,0,0,0,0,0,0,0,0,8,0,,67,7,2010,7,40.0373,-75.1249,2045.0,6,0,0,0,0,0,0,0,0,,0,0,0,20.0,4,2,0,,0,40 02:14.312,,0,75 07:29.567,4,0,0,0,67301,2,0,0,N,2,0,0,3,67301,2,,5,1,,N,N,,0,,0,0,0,0,0,,2042.0,2,3,0,0,0,0,0,3,4,0,1,3,,N,,,,,,,,,,,
2010042956,1733.0,0,0,0,0,0,0,0,0,0,1,0,,67,5,2010,3,39.9568,-75.1544,1720.0,6,0,0,0,0,0,0,1,0,,0,0,0,17.0,1,0,0,,0,39 57:24.493,,0,75 09:15.989,0,0,0,0,67301,0,0,0,N,0,0,0,2,68K01,0,,1,1,,N,N,,0,,0,0,1,0,0,,1709.0,0,2,0,0,0,0,0,3,4,1,2,3,,N,,,,,,,,,,,