CRN,ARRIVAL_TM,AUTOMOBILE_COUNT,BELTED_DEATH_COUNT,BELTED_SUSP_SERIOUS_INJ_COUNT,BICYCLE_COUNT,BICYCLE_DEATH_COUNT,BICYCLE_SUSP_SERIOUS_INJ_COUNT,BUS_COUNT,CHLDPAS_DEATH_COUNT,CHLDPAS_SUSP_SERIOUS_INJ_COUNT,COLLISION_TYPE,COMM_VEH_COUNT,CONS_ZONE_SPD_LIM,COUNTY,CRASH_MONTH,CRASH_YEAR,DAY_OF_WEEK,DEC_LAT,DEC_LONG,DISPATCH_TM,DISTRICT,DRIVER_COUNT_16YR,DRIVER_COUNT_17YR,DRIVER_COUNT_18YR,DRIVER_COUNT_19YR,DRIVER_COUNT_20YR,DRIVER_COUNT_50_64YR,DRIVER_COUNT_65_74YR,DRIVER_COUNT_75PLUS,EST_HRS_CLOSED,FATAL_COUNT,HEAVY_TRUCK_COUNT,HORSE_BUGGY_COUNT,HOUR_OF_DAY,ILLUMINATION,INJURY_COUNT,INTERSECT_TYPE,INTERSECTION_RELATED,LANE_CLOSED,LATITUDE,LN_CLOSE_DIR,LOCATION_TYPE,LONGITUDE,MAX_SEVERITY_LEVEL,MCYCLE_DEATH_COUNT,MCYCLE_SUSP_SERIOUS_INJ_COUNT,MOTORCYCLE_COUNT,MUNICIPALITY,NONMOTR_COUNT,NONMOTR_DEATH_COUNT,NONMOTR_SUSP_SERIOUS_INJ_COUNT,NTFY_HIWY_MAINT,PED_COUNT,PED_DEATH_COUNT,PED_SUSP_SERIOUS_INJ_COUNT,PERSON_COUNT,POLICE_AGCY,POSSIBLE_INJ_COUNT,RDWY_SURF_TYPE_CD,RELATION_TO_ROAD,ROAD_CONDITION,ROADWAY_CLEARED,SCH_BUS_IND,SCH_ZONE_IND,SECONDARY_CRASH,SMALL_TRUCK_COUNT,SPEC_JURIS_CD,SUSP_MINOR_INJ_COUNT,SUSP_SERIOUS_INJ_COUNT,SUV_COUNT,TCD_FUNC_CD,TCD_TYPE,TFC_DETOUR_IND,TIME_OF_DAY,TOT_INJ_COUNT,TOTAL_UNITS,UNB_DEATH_COUNT,UNB_SUSP_SERIOUS_INJ_COUNT,UNBELTED_OCC_COUNT,UNK_INJ_DEG_COUNT,UNK_INJ_PER_COUNT,URBAN_AREA,URBAN_RURAL,VAN_COUNT,VEHICLE_COUNT,WEATHER1,WEATHER2,WORK_ZONE_IND,WORK_ZONE_LOC,WORK_ZONE_TYPE,WORKERS_PRES,WZ_CLOSE_DETOUR,WZ_FLAGGER,WZ_LAW_OFFCR_IND,WZ_LN_CLOSURE,WZ_MOVING,WZ_OTHER,WZ_SHLDER_MDN,WZ_WORKERS_INJ_KILLED
2010045775,1430.0,1,0,0,0,0,0,0,0,0,1,0,,67,4,2010,6,39.9687,-75.2113,1430.0,6,0,0,0,0,0,0,0,0,,0,0,0,13.0,1,1,1,,0,39 58:07.468,,0,75 12:40.860,4,0,0,0,67301,0,0,0,N,0,0,0,2,46104,1,,1,1,,N,N,,0,,0,0,1,3,2,,1330.0,1,2,0,0,0,0,0,3,4,0,2,3,,N,,,,,,,,,,,
2010045784,2323.0,1,0,0,0,0,0,0,0,0,1,0,,67,5,2010,5,40.0014,-75.2262,2321.0,6,0,0,0,0,0,0,0,0,,0,0,0,23.0,3,1,0,,0,40 00:04.975,,0,75 13:34.410,8,0,0,0,67301,0,0,0,N,0,0,0,3,46104,0,,1,1,,N,N,,0,,0,0,1,0,0,,2321.0,1,2,0,0,0,1,0,3,4,0,2,3,,N,,,,,,,,,,,
2010045112,1834.0,2,0,0,0,0,0,0,0,0,7,0,,67,4,2010,5,40.0351,-75.1278,1831.0,6,0,0,0,0,0,0,0,0,,0,0,0,18.0,1,1,0,,0,40 02:06.226,,0,75 07:40.220,4,0,0,0,67301,0,0,0,N,0,0,0,1,67301,1,,2,1,,N,N,,0,,0,0,1,0,0,,1826.0,1,3,0,0,0,0,0,3,4,0,3,3,,N,,,,,,,,,,,
2010074881,1605.0,2,0,0,0,0,0,0,0,0,5,0,,67,6,2010,4,40.005,-75.1469,1600.0,6,0,0,0,1,0,0,0,0,,0,0,0,15.0,1,3,0,,0,40 00:18.046,,0,75 08:48.868,4,0,0,0,67301,0,0,0,,0,0,0,4,67301,3,,1,1,,,,,0,,0,0,0,0,0,,1550.0,3,2,0,0,0,0,0,3,4,0,2,3,,N,,,,,,,,,,,
2010062049,140.0,2,0,0,0,0,0,0,0,0,2,0,,67,5,2010,7,40.0255,-75.1227,129.0,6,0,0,0,0,0,2,0,0,3.0,0,0,0,1.0,3,3,1,,1,40 01:31.746,3.0,0,75 07:20.688,4,0,0,0,67301,0,0,0,,0,0,0,3,67301,3,,1,9,,,,,0,,0,0,0,3,2,N,129.0,3,2,0,0,0,0,0,3,4,0,2,7,,N,,,,,,,,,,,
2010044725,1556.0,1,0,0,0,0,0,0,0,0,8,0,,67,4,2010,6,40.0467,-75.1041,1551.0,6,0,0,0,0,0,1,0,0,9.0,0,0,0,15.0,1,1,1,,1,40 02:48.264,4.0,0,75 06:14.615,8,0,0,0,67301,2,0,0,N,2,0,0,5,67301,0,,1,1,,N,N,,0,,0,0,0,9,3,N,1548.0,1,3,0,0,0,1,0,3,4,0,1,3,,N,,,,,,,,,,,
2010081435,328.0,2,0,1,0,0,0,0,0,0,3,0,,67,7,2010,1,39.982,-75.2391,322.0,6,0,0,0,0,0,0,0,0,,0,0,0,16.0,1,2,0,,0,39 58:55.075,,0,75 14:20.652,2,0,0,0,67301,0,0,0,,0,0,0,4,67301,0,,1,1,,N,N,,0,,1,1,0,0,0,,1600.0,2,2,0,0,0,0,1,3,4,0,2,3,,N,,,,,,,,,,,
2010081439,745.0,1,0,0,0,0,0,0,0,0,4,0,,67,7,2010,4,39.9923,-75.1422,740.0,6,0,0,0,0,0,0,0,0,,0,0,0,99.0,1,1,1,,0,39 59:32.607,,0,75 08:31.827,8,0,0,0,67301,0,0,0,N,0,0,0,3,67301,0,,1,1,,N,N,,0,,0,0,1,3,2,,9999.0,1,3,0,0,0,1,0,3,4,1,3,3,,N,,,,,,,,,,,
2010044463,1532.0,2,0,0,0,0,0,0,0,0,2,0,,67,4,2010,2,39.9806,-75.2465,1526.0,6,0,0,0,0,0,0,0,0,,0,0,0,15.0,1,0,3,,0,39 58:51.252,,0,75 14:47.556,0,0,0,0,67301,0,0,0,,0,0,0,3,67301,0,,1,1,,N,N,,0,,0,0,0,3,3,,1500.0,0,2,0,0,1,0,0,3,4,0,2,3,,N,,,,,,,,,,,
2010044474,1900.0,2,0,0,0,0,0,0,0,0,4,0,,67,3,2010,6,39.9818,-75.1819,1900.0,6,0,0,0,0,0,1,0,0,,0,0,0,99.0,1,1,1,,0,39 58:54.400,,0,75 10:54.828,8,0,0,0,67301,0,0,0,,0,0,0,2,67301,0,,1,1,,N,N,,0,,0,0,0,3,2,,9999.0,1,2,0,0,0,1,1,3,4,0,2,3,,N,,,,,,,,,,,
2010052270,219.0,0,0,0,0,0,0,0,0,0,7,0,,67,5,2010,4,39.947,-75.1653,218.0,6,0,0,0,0,0,0,0,0,,0,0,0,2.0,3,0,0,,0,39 56:49.351,,0,75 09:54.983,0,0,0,0,67301,0,0,0,N,0,0,0,1,67301,0,,2,1,,N,N,,1,,0,0,0,0,0,,200.0,0,1,0,0,0,0,0,3,4,0,1,3,,N,,,,,,,,,,,
2010052357,1610.0,1,0,0,1,0,0,0,0,0,4,0,,67,4,2010,4,39.9493,-75.1642,1606.0,6,0,0,0,0,0,0,0,0,,0,0,0,16.0,1,1,1,,0,39 56:57.599,,0,75 09:51.029,4,0,0,0,67301,1,0,0,N,0,0,0,2,67301,1,,1,1,,N,N,,0,,0,0,0,3,2,,1605.0,1,2,0,0,0,0,0,3,4,0,1,3,,N,,,,,,,,,,,
2010052423,2355.0,0,0,0,0,0,0,0,0,0,7,0,,67,4,2010,6,39.9818,-75.085,2350.0,6,0,0,0,0,0,0,0,0,,0,0,0,23.0,3,1,0,,0,39 58:54.477,,0,75 05:06.035,4,0,0,0,67301,0,0,0,N,0,0,0,1,67301,1,,4,1,,N,N,,0,,0,0,1,0,0,,2330.0,1,1,0,0,0,0,0,3,4,0,1,3,,N,,,,,,,,,,,
2010084072,848.0,2,0,0,0,0,0,0,0,0,5,0,,67,9,2010,4,39.9377,-75.1439,841.0,6,0,0,0,0,0,1,0,0,,0,0,0,8.0,1,1,0,,0,39 56:15.989,,0,75 08:37.791,4,0,0,0,67301,0,0,0,N,0,0,0,2,68K01,1,,1,1,,N,N,,0,,0,0,0,0,0,,839.0,1,2,0,0,0,0,0,3,4,0,2,3,,N,,,,,,,,,,,
2010084522,409.0,1,0,0,0,0,0,0,0,0,7,0,,67,8,2010,2,39.9311,-75.1991,405.0,6,0,0,0,0,1,0,0,0,1.0,0,0,0,4.0,3,0,0,,2,39 55:54.215,4.0,0,75 11:58.869,0,0,0,0,67301,0,0,0,N,0,0,0,1,68K01,0,,2,1,,N,N,,0,,0,0,0,0,0,N,402.0,0,1,0,0,0,0,0,3,4,0,1,3,,N,,,,,,,,,,,
2010044795,1953.0,1,0,0,0,0,0,0,0,0,8,0,,67,3,2010,5,40.0558,-75.0896,1950.0,6,0,0,0,0,0,0,0,0,,0,0,0,19.0,1,1,1,,0,40 03:20.701,,0,75 05:22.429,2,0,0,0,67301,1,0,1,N,1,0,1,2,67301,0,,1,9,,N,N,,0,,0,1,0,3,2,,1945.0,1,2,0,0,1,0,0,3,4,0,1,7,,N,,,,,,,,,,,
2010044824,758.0,2,0,0,0,0,0,0,0,0,4,0,,67,4,2010,6,39.9538,-75.1666,756.0,6,0,0,0,0,1,0,0,0,1.0,0,0,0,99.0,1,1,2,,1,39 57:13.704,1.0,0,75 09:59.736,4,0,0,0,67301,0,0,0,N,0,0,0,5,67301,1,,1,1,,N,N,,0,,0,0,1,3,2,Y,9999.0,1,3,0,0,0,0,0,3,4,0,3,3,,N,,,,,,,,,,,
2010044865,2120.0,0,0,0,0,0,0,0,0,0,8,0,,67,4,2010,5,39.9412,-75.2325,2102.0,6,0,0,0,0,0,0,0,0,,0,0,0,19.0,1,1,1,,0,39 56:28.212,,0,75 13:56.931,4,0,0,0,67301,1,0,0,,1,0,0,2,67301,1,,1,1,,N,,,0,,0,0,0,3,3,,1900.0,1,2,0,0,0,0,0,3,4,0,1,3,,N,,,,,,,,,,,
2010044869,2145.0,0,0,0,0,0,0,0,0,0,8,0,,67,3,2010,6,40.0219,-75.1342,9999.0,6,0,0,0,0,0,0,1,0,,0,0,0,19.0,1,1,0,,0,40 01:18.976,,0,75 08:03.242,4,0,0,0,67301,1,0,0,N,1,0,0,2,67301,1,,1,1,,N,N,,0,,0,0,1,0,0,,1930.0,1,2,0,0,0,0,0,3,4,0,1,3,,N,,,,,,,,,,,
2010084593,2234.0,1,0,0,1,0,0,0,0,0,4,0,,67,8,2010,7,40.012,-75.1359,2229.0,6,0,0,0,0,0,0,0,0,,0,0,0,21.0,3,1,1,,0,40 00:43.066,,0,75 08:09.135,3,0,0,0,67301,1,0,0,,0,0,0,2,67301,0,,1,1,,N,N,,0,,1,0,0,3,2,,2152.0,1,2,0,0,1,0,0,3,4,0,1,3,,N,,,,,,,,,,,
2010050561,653.0,0,0,0,0,0,0,0,0,0,7,0,,67,5,2010,6,40.0051,-75.0764,633.0,6,0,0,0,0,0,0,0,0,2.0,0,0,0,6.0,1,0,0,,1,40 00:12.737,2.0,2,75 04:40.033,0,0,0,0,67301,0,0,0,Y,0,0,0,1,68K01,0,,2,2,,N,N,,0,,0,0,1,0,0,N,626.0,0,1,0,0,0,0,0,3,4,0,1,3,,N,,,,,,,,,,,
2010084616,2230.0,1,0,0,0,0,0,0,0,0,5,0,,67,7,2010,5,39.9973,-75.079,2215.0,6,0,0,0,0,0,0,0,0,,0,0,0,20.0,3,0,0,,0,39 59:50.151,,0,75 04:44.498,0,0,0,0,67301,0,0,0,N,0,0,0,1,67301,0,,1,1,,,,,0,,0,0,2,0,0,,2010.0,0,3,0,0,0,0,0,3,4,0,3,3,,N,,,,,,,,,,,
2010060215,2025.0,0,0,0,0,0,0,0,0,0,8,0,,67,4,2010,1,39.9236,-75.2272,2022.0,6,0,0,0,0,0,0,0,0,,0,0,0,20.0,1,1,0,,0,39 55:24.974,,0,75 13:37.981,8,0,0,0,67301,1,0,0,N,1,0,0,3,67301,0,,9,9,,N,N,,0,,0,0,0,0,0,,2022.0,1,2,0,0,0,1,0,3,4,1,1,98,,N,,,,,,,,,,,
2010057892,1632.0,1,0,0,0,0,0,0,0,0,8,0,,67,5,2010,6,39.9616,-75.2225,1630.0,6,0,0,0,0,0,0,0,1,,0,0,0,16.0,1,1,0,,0,39 57:41.760,,0,75 13:21.025,2,0,0,0,67301,1,0,1,N,1,0,1,2,67301,0,,1,1,,N,N,,0,,0,1,0,3,3,,1630.0,1,2,0,0,0,0,0,3,4,0,1,3,,N,,,,,,,,,,,
2010051036,415.0,1,0,0,0,0,0,0,0,0,1,0,,67,5,2010,1,39.9623,-75.1613,411.0,6,0,0,0,0,0,0,0,0,,0,0,0,4.0,3,1,1,,0,39 57:44.409,,0,75 09:40.847,4,0,0,1,67301,0,0,0,N,0,0,0,2,67301,1,,1,1,,N,N,,0,,0,0,0,3,2,,405.0,1,2,0,0,0,0,0,3,4,0,2,3,,N,,,,,,,,,,,
2010061360,1910.0,1,0,0,0,0,0,0,0,0,1,0,45.0,67,6,2010,3,39.899,-75.169,1900.0,6,0,0,0,0,0,0,0,0,1.0,0,0,0,18.0,1,0,0,,1,39 53:57.429,2.0,0,75 09:59.304,0,0,0,0,67301,0,0,0,N,0,0,0,5,68K01,0,,1,1,,N,N,,0,,0,0,0,0,0,N,1858.0,0,2,0,0,3,0,0,3,4,1,2,3,,Y,4.0,1.0,N,N,N,N,N,N,Y,N,
2010032741,2100.0,1,0,0,1,0,0,0,0,0,5,0,,67,3,2010,1,39.9758,-75.1202,2052.0,6,0,0,0,0,0,0,0,0,,0,0,0,20.0,3,1,3,,0,39 58:36.861,,0,75 07:10.067,8,0,0,0,67301,1,0,0,,0,0,0,2,67301,0,,1,1,,,,,0,,0,0,0,0,0,,2000.0,1,2,0,0,0,1,0,3,4,0,1,3,,N,,,,,,,,,,,
2010068571,2231.0,4,0,0,0,0,0,0,0,0,1,0,,67,6,2010,6,39.9751,-75.1172,2220.0,6,0,0,0,0,0,0,0,0,1.0,0,0,0,22.0,3,4,0,,1,39 58:32.353,2.0,0,75 06:57.940,3,0,0,0,67301,0,0,0,N,0,0,0,9,68K01,0,,1,1,,N,N,,0,,4,0,0,0,0,N,2217.0,4,4,0,0,1,0,0,3,4,0,4,3,,N,,,,,,,,,,,
2010012663,1618.0,1,0,0,0,0,0,0,0,0,4,0,,67,1,2010,6,40.0381,-75.1018,1612.0,6,0,0,0,0,0,0,0,0,,0,0,0,16.0,1,1,0,,0,40 02:17.007,,7,75 06:06.473,8,0,0,1,67301,0,0,0,,0,0,0,2,67301,0,,4,1,,N,N,,0,,0,0,0,0,0,,1610.0,1,2,0,0,0,1,0,3,4,0,2,3,,N,,,,,,,,,,,
2010104947,810.0,1,0,0,0,0,0,0,0,0,4,0,,67,10,2010,6,40.0445,-75.1931,810.0,6,0,0,0,0,0,2,0,0,,0,0,0,8.0,5,0,1,,0,40 02:40.301,,0,75 11:35.235,0,0,0,0,67301,0,0,0,Y,0,0,0,3,67301,0,,1,9,,N,N,,1,,0,0,0,3,2,,810.0,0,2,0,0,0,0,0,3,4,0,2,7,5.0,N,,,,,,,,,,,
2010112757,230.0,1,0,0,0,0,0,0,0,0,7,0,,67,11,2010,5,39.993,-75.2003,227.0,6,0,0,0,0,0,0,0,0,2.0,0,0,0,2.0,3,1,0,,1,39 59:37.723,4.0,0,75 11:57.127,8,0,0,0,67301,0,0,0,N,0,0,0,1,68K01,0,,3,1,,N,N,,0,,0,0,0,0,0,N,225.0,1,1,0,0,0,1,0,3,4,0,1,3,,N,,,,,,,,,,,
2010099831,1304.0,2,0,0,0,0,0,0,0,0,4,0,,67,9,2010,1,40.0707,-75.162,1303.0,6,0,0,0,0,0,1,0,0,,0,0,0,12.0,1,1,1,,0,40 04:14.487,,0,75 09:43.335,4,0,0,0,67301,0,0,0,N,0,0,0,2,67301,1,,1,1,,N,N,,0,,0,0,0,3,3,,1250.0,1,2,0,0,0,0,0,3,4,0,2,3,,N,,,,,,,,,,,
2010099836,1106.0,1,0,0,0,0,0,0,0,0,4,0,,67,9,2010,1,40.0032,-75.1525,1104.0,6,0,0,0,0,0,0,0,0,,0,0,0,11.0,1,2,1,,0,40 00:11.393,,0,75 09:08.837,8,0,0,0,67301,0,0,0,,0,0,0,2,67301,0,,1,1,,,,,0,,0,0,1,3,2,,1104.0,2,2,0,0,1,2,0,3,4,0,2,3,,N,,,,,,,,,,,
2010102493,9999.0,2,0,0,0,0,0,0,0,0,4,0,,67,9,2010,4,39.992,-75.1216,9999.0,6,0,0,0,0,0,0,0,0,,0,0,0,15.0,1,2,1,,0,39 59:31.308,,0,75 07:17.698,8,0,0,0,67301,0,0,0,N,0,0,0,4,67301,0,,1,1,,N,N,,0,,0,0,0,0,0,,1500.0,2,2,0,0,0,2,0,3,4,0,2,3,,N,,,,,,,,,,,
2010105013,1931.0,1,0,0,0,0,0,0,0,0,8,0,,67,10,2010,7,39.9927,-75.1203,1930.0,6,0,0,1,0,0,0,0,0,9.0,0,0,0,19.0,3,1,5,,1,39 59:33.831,3.0,0,75 07:13.101,8,0,0,0,67301,1,0,0,,1,0,0,2,67301,0,,1,1,,,,,0,,0,0,0,3,2,N,1930.0,1,2,0,0,0,1,0,3,4,0,1,3,,N,,,,,,,,,,,
2010105014,1740.0,1,0,0,0,0,0,0,0,0,1,0,,67,9,2010,2,39.9669,-75.1401,1735.0,6,0,0,0,0,0,1,0,0,,0,0,0,17.0,1,1,0,,0,39 58:00.746,,0,75 08:24.316,4,0,0,0,67301,0,0,0,,0,0,0,2,67301,1,,1,1,,,,,0,,0,0,1,0,0,,1715.0,1,2,0,0,1,0,0,3,4,0,2,3,,N,,,,,,,,,,,
2010113330,1925.0,0,0,0,0,0,0,0,0,0,7,0,,67,10,2010,1,40.1186,-75.007,1921.0,6,0,0,0,0,0,0,0,0,,0,0,0,19.0,3,2,2,,0,40 07:06.945,,0,75 00:25.153,3,0,0,1,67301,0,0,0,,0,0,0,2,67301,0,,2,1,,,,,0,,2,0,0,3,2,,1918.0,2,1,0,0,0,0,0,3,4,0,1,3,,N,,,,,,,,,,,
2010089365,743.0,1,0,0,0,0,0,0,0,0,5,0,,67,9,2010,4,39.9488,-75.1856,743.0,6,0,0,0,0,0,0,0,0,1.0,0,0,0,7.0,1,1,0,,1,39 56:57.519,3.0,0,75 11:04.935,4,0,0,1,67301,0,0,0,N,0,0,0,4,68K01,1,,1,1,,N,N,,0,,0,0,0,0,0,N,738.0,1,2,0,0,0,0,0,3,4,0,2,3,,N,,,,,,,,,,,
2010034130,1152.0,1,0,0,0,0,0,0,0,0,5,1,,67,2,2010,6,39.949,-75.1677,1144.0,6,0,0,0,0,0,0,0,0,2.0,0,1,0,11.0,1,0,0,,1,39 56:56.389,1.0,0,75 10:03.702,0,0,0,0,67301,0,0,0,N,0,0,0,2,67301,0,,1,9,,N,N,,0,,0,0,0,3,8,N,1130.0,0,2,0,0,0,0,0,3,4,0,2,10,,N,,,,,,,,,,,
2010093679,1241.0,1,0,0,0,0,0,0,0,0,7,0,,67,9,2010,1,40.0679,-75.0476,1232.0,6,0,0,0,0,0,0,0,0,,0,0,0,12.0,1,0,10,,0,40 04:04.396,,0,75 02:51.233,9,0,0,0,67301,0,0,0,N,0,0,0,1,67301,0,,5,1,,N,N,,0,,0,0,0,0,0,,1225.0,0,1,0,0,0,0,1,3,4,0,1,3,,N,,,,,,,,,,,
2010088673,1852.0,1,0,0,0,0,0,0,0,0,8,0,,67,8,2010,2,39.9717,-75.2162,1846.0,6,0,0,0,0,0,0,0,0,,0,0,0,18.0,1,1,0,,0,39 58:17.926,,0,75 12:58.114,4,0,0,0,67301,1,0,0,N,1,0,0,2,67301,1,,1,1,,N,N,,0,,0,0,0,0,0,,1845.0,1,2,0,0,0,0,1,3,4,0,1,3,,N,,,,,,,,,,,
2010048467,9999.0,1,0,0,0,0,0,0,0,0,8,0,,67,4,2010,2,40.0614,-75.0839,1600.0,6,0,0,0,0,0,0,0,0,,0,0,0,20.0,3,1,5,,0,40 03:41.363,,0,75 05:01.699,4,0,0,0,67301,1,0,0,N,1,0,0,2,67301,1,,1,9,,N,N,,0,,0,0,0,9,2,,2015.0,1,2,0,0,0,0,0,3,4,0,1,7,,N,,,,,,,,,,,
2010045127,1726.0,0,0,0,0,0,0,1,0,0,2,1,,67,4,2010,3,39.9973,-75.0894,1725.0,6,0,0,0,0,0,1,0,0,,0,0,0,17.0,1,1,1,,0,39 59:50.247,,0,75 05:21.971,4,0,0,1,67301,0,0,0,N,0,0,0,2,67301,1,,1,1,,Y,N,,0,,0,0,0,3,2,,1724.0,1,2,0,0,0,0,0,3,4,0,2,3,,N,,,,,,,,,,,
2010074999,945.0,1,0,0,0,0,0,0,0,0,5,0,,67,6,2010,4,39.9408,-75.2342,940.0,6,0,0,0,0,0,0,0,0,2.0,0,0,0,8.0,1,0,0,,1,39 56:26.960,2.0,0,75 14:03.180,0,0,0,0,67301,1,0,0,N,0,0,0,7,67301,0,,2,1,,N,N,,1,,0,0,1,0,0,N,830.0,0,3,0,0,0,0,0,3,4,0,3,3,,N,,,,,,,,,,,
2010075055,135.0,2,0,0,0,0,0,0,0,0,4,0,,67,7,2010,1,40.0118,-75.11,130.0,6,0,0,0,1,0,0,0,0,,0,0,0,1.0,3,1,1,,0,40 00:42.501,,0,75 06:35.945,4,0,0,0,67301,0,0,0,N,0,0,0,3,67301,1,,1,1,,N,,,0,,0,0,0,3,3,,100.0,1,2,0,0,1,0,0,3,4,0,2,3,,N,,,,,,,,,,,
2010074835,1400.0,1,0,0,0,0,0,0,0,0,4,1,,67,7,2010,6,39.9898,-75.1039,1355.0,6,0,0,0,0,0,1,1,0,,0,1,0,13.0,1,0,1,,0,39 59:23.218,,0,75 06:14.002,0,0,0,0,67301,0,0,0,N,0,0,0,2,67301,0,,1,1,,N,N,,0,,0,0,0,3,2,,1345.0,0,2,0,0,0,0,0,3,4,0,2,3,,N,,,,,,,,,,,
2010074844,1129.0,1,0,0,0,0,0,0,0,0,5,1,,67,6,2010,6,39.9396,-75.1982,1127.0,6,0,0,0,0,0,0,0,0,,0,1,0,11.0,1,1,1,,0,39 56:22.681,,0,75 11:53.378,4,0,0,0,67301,0,0,0,N,0,0,0,2,67301,1,,1,1,,N,N,,0,,0,0,0,3,2,,1117.0,1,2,0,0,1,0,0,3,4,0,2,3,,N,,,,,,,,,,,
2010074846,1839.0,1,0,0,0,0,0,0,0,0,8,0,,67,7,2010,6,40.0347,-75.078,1837.0,6,0,0,0,0,0,0,0,0,,0,0,0,18.0,1,1,0,,0,40 02:04.988,,0,75 04:40.742,4,0,0,0,67301,1,0,0,N,1,0,0,2,67301,1,,1,1,,,,,0,,0,0,0,0,0,,1835.0,1,2,0,0,0,0,0,3,4,0,1,3,,N,,,,,,,,,,,
2010045119,830.0,1,0,0,1,0,0,0,0,0,4,0,,67,4,2010,2,40.0396,-75.2412,825.0,6,0,0,0,0,0,1,0,0,,0,0,0,8.0,1,1,0,,0,40 02:22.575,,7,75 14:28.242,4,0,0,0,67301,1,0,0,N,0,0,0,3,67301,1,,1,1,,N,N,,0,,0,0,0,0,0,,824.0,1,2,0,0,0,0,0,3,4,0,1,3,,N,,,,,,,,,,,
2010080453,525.0,0,0,0,0,0,0,0,0,0,5,1,,67,8,2010,2,40.1044,-75.0519,449.0,6,0,0,0,0,0,1,0,0,5.0,0,1,0,4.0,3,1,0,,2,40 06:15.911,7.0,0,75 03:06.695,8,0,0,0,67301,0,0,0,N,0,0,0,2,67301,0,,1,1,,N,N,,1,,0,0,0,3,2,Y,448.0,1,2,0,0,1,1,0,3,4,0,2,3,,N,,,,,,,,,,,
2010052690,1827.0,0,0,0,0,0,0,0,0,0,7,0,,67,5,2010,1,,,1823.0,6,0,0,0,0,0,1,0,0,3.0,0,0,0,18.0,1,1,0,,2,,2.0,2,,4,0,0,0,67301,0,0,0,N,0,0,0,1,67501,1,,7,1,,N,N,,0,,0,0,1,0,0,Y,1823.0,1,1,0,0,0,0,0,3,3,0,1,3,,N,,,,,,,,,,,
2010062002,2015.0,0,0,0,0,0,0,0,0,0,8,0,,67,4,2010,3,40.0554,-75.1583,2009.0,6,0,0,0,0,0,0,0,0,,0,0,0,18.0,4,1,2,,0,40 03:19.559,,0,75 09:29.848,4,0,0,0,67301,1,0,0,N,1,0,0,2,67301,1,,9,1,,N,N,,0,,0,0,1,3,3,,1830.0,1,2,0,0,0,0,0,3,4,0,1,3,,N,,,,,,,,,,,
2010062030,1345.0,0,0,1,0,0,0,0,0,0,4,0,,67,4,2010,5,40.0585,-75.0788,1340.0,6,0,0,0,0,0,0,0,0,3.0,0,0,0,13.0,1,1,1,,1,40 03:30.663,3.0,0,75 04:43.841,2,0,0,0,67301,0,0,0,,0,0,0,3,67301,0,,1,1,,N,N,,0,,0,1,2,3,3,Y,1330.0,1,2,0,0,0,0,0,3,4,0,2,3,,N,,,,,,,,,,,
2010062041,1230.0,1,0,0,1,0,0,0,0,0,4,0,,67,4,2010,7,40.0139,-75.0863,1226.0,6,0,0,0,0,0,0,0,0,9.0,0,0,0,12.0,1,1,1,,1,40 00:49.881,1.0,0,75 05:10.693,4,0,0,0,67301,1,0,0,N,0,0,0,3,67301,1,,1,1,,N,N,,0,,0,0,0,3,2,N,1225.0,1,2,0,0,0,0,0,3,4,0,1,3,,N,,,,,,,,,,,
2010083950,147.0,0,0,0,0,0,0,0,0,0,1,1,,67,8,2010,1,39.9915,-75.1226,147.0,6,0,0,0,0,0,0,0,0,,1,1,0,1.0,3,1,5,,0,39 59:29.295,,0,75 07:21.395,1,1,0,1,67301,0,0,0,,0,0,0,3,67301,0,2.0,1,1,,,,,0,0.0,1,0,0,3,2,,145.0,1,2,0,0,0,0,0,3,4,0,2,3,,N,,,,,,,,,,,
2010044451,1142.0,0,0,0,0,0,0,0,0,0,8,0,,67,4,2010,1,40.0287,-75.0674,1139.0,6,0,0,0,0,0,0,0,0,,0,0,0,11.0,1,1,0,,0,40 01:43.492,,0,75 04:02.614,8,0,0,0,67301,1,0,0,N,1,0,0,2,67301,0,,1,1,,N,N,,0,,0,0,1,0,0,,1135.0,1,2,0,0,0,1,0,3,4,0,1,3,,N,,,,,,,,,,,
2010044457,1314.0,2,0,0,0,0,0,0,0,0,4,0,,67,3,2010,2,39.9622,-75.2294,1312.0,6,0,0,0,0,1,1,0,0,,0,0,0,13.0,1,0,1,,0,39 57:43.826,,0,75 13:45.983,0,0,0,0,67301,0,0,0,N,0,0,0,2,67301,0,,1,9,,N,N,,0,,0,0,0,3,3,,1312.0,0,2,0,0,0,0,0,3,4,0,2,7,,N,,,,,,,,,,,
2010067460,1822.0,0,0,0,0,0,0,0,0,0,0,0,,67,6,2010,1,39.9111,-75.1516,1813.0,6,0,0,0,0,0,0,0,0,1.0,0,0,0,18.0,1,1,6,,1,39 54:43.115,1.0,2,75 08:56.516,4,0,0,0,67301,0,0,0,N,0,0,0,2,68K01,1,,1,1,,N,N,,0,,0,0,1,0,0,N,1811.0,1,1,0,0,0,0,0,3,4,0,1,3,,N,,,,,,,,,,,