CRN,ARRIVAL_TM,AUTOMOBILE_COUNT,BELTED_DEATH_COUNT,BELTED_SUSP_SERIOUS_INJ_COUNT,BICYCLE_COUNT,BICYCLE_DEATH_COUNT,BICYCLE_SUSP_SERIOUS_INJ_COUNT,BUS_COUNT,CHLDPAS_DEATH_COUNT,CHLDPAS_SUSP_SERIOUS_INJ_COUNT,COLLISION_TYPE,COMM_VEH_COUNT,CONS_ZONE_SPD_LIM,COUNTY,CRASH_MONTH,CRASH_YEAR,DAY_OF_WEEK,DEC_LAT,DEC_LONG,DISPATCH_TM,DISTRICT,DRIVER_COUNT_16YR,DRIVER_COUNT_17YR,DRIVER_COUNT_18YR,DRIVER_COUNT_19YR,DRIVER_COUNT_20YR,DRIVER_COUNT_50_64YR,DRIVER_COUNT_65_74YR,DRIVER_COUNT_75PLUS,EST_HRS_CLOSED,FATAL_COUNT,HEAVY_TRUCK_COUNT,HORSE_BUGGY_COUNT,HOUR_OF_DAY,ILLUMINATION,INJURY_COUNT,INTERSECT_TYPE,INTERSECTION_RELATED,LANE_CLOSED,LATITUDE,LN_CLOSE_DIR,LOCATION_TYPE,LONGITUDE,MAX_SEVERITY_LEVEL,MCYCLE_DEATH_COUNT,MCYCLE_SUSP_SERIOUS_INJ_COUNT,MOTORCYCLE_COUNT,MUNICIPALITY,NONMOTR_COUNT,NONMOTR_DEATH_COUNT,NONMOTR_SUSP_SERIOUS_INJ_COUNT,NTFY_HIWY_MAINT,PED_COUNT,PED_DEATH_COUNT,PED_SUSP_SERIOUS_INJ_COUNT,PERSON_COUNT,POLICE_AGCY,POSSIBLE_INJ_COUNT,RDWY_SURF_TYPE_CD,RELATION_TO_ROAD,ROAD_CONDITION,ROADWAY_CLEARED,SCH_BUS_IND,SCH_ZONE_IND,SECONDARY_CRASH,SMALL_TRUCK_COUNT,SPEC_JURIS_CD,SUSP_MINOR_INJ_COUNT,SUSP_SERIOUS_INJ_COUNT,SUV_COUNT,TCD_FUNC_CD,TCD_TYPE,TFC_DETOUR_IND,TIME_OF_DAY,TOT_INJ_COUNT,TOTAL_UNITS,UNB_DEATH_COUNT,UNB_SUSP_SERIOUS_INJ_COUNT,UNBELTED_OCC_COUNT,UNK_INJ_DEG_COUNT,UNK_INJ_PER_COUNT,URBAN_AREA,URBAN_RURAL,VAN_COUNT,VEHICLE_COUNT,WEATHER1,WEATHER2,WORK_ZONE_IND,WORK_ZONE_LOC,WORK_ZONE_TYPE,WORKERS_PRES,WZ_CLOSE_DETOUR,WZ_FLAGGER,WZ_LAW_OFFCR_IND,WZ_LN_CLOSURE,WZ_MOVING,WZ_OTHER,WZ_SHLDER_MDN,WZ_WORKERS_INJ_KILLED
2010081526,2007.0,2,0,0,0,0,0,0,0,0,4,0,,67,6,2010,4,39.975,-75.1516,2003.0,6,0,0,0,1,0,0,0,0,,0,0,0,20.0,1,0,1,,0,39 58:29.877,,0,75 09:05.813,0,0,0,0,67301,0,0,0,N,0,0,0,2,67301,0,,1,1,,N,N,,0,,0,0,0,3,2,,2000.0,0,2,0,0,0,0,0,3,4,0,2,3,,N,,,,,,,,,,,
2010059743,1415.0,1,0,0,0,0,0,0,0,0,7,0,,67,6,2010,6,40.0279,-75.0244,1349.0,6,0,0,0,0,0,0,1,0,,0,0,0,13.0,1,0,7,,0,40 01:38.995,,2,75 01:30.237,0,0,0,0,67301,0,0,0,N,0,0,0,1,68K01,0,,7,1,,N,N,,0,,0,0,0,0,0,,1339.0,0,1,0,0,0,0,0,3,4,0,1,3,,N,,,,,,,,,,,
2010052254,2150.0,2,0,0,0,0,0,0,0,0,4,0,,67,5,2010,7,40.0999,-75.0216,2145.0,6,0,0,0,0,0,0,0,0,,0,0,0,21.0,1,1,0,,0,40 05:59.758,,7,75 01:17.886,4,0,0,0,67301,0,0,0,N,0,0,0,2,67301,1,,1,1,,N,N,,0,,0,0,0,0,0,,2140.0,1,2,0,0,0,0,0,3,4,0,2,3,,N,,,,,,,,,,,
2010052280,1850.0,0,0,0,0,0,0,0,0,0,1,0,,67,5,2010,4,40.0217,-75.0514,1850.0,6,0,1,0,0,0,0,0,0,,0,0,0,18.0,1,1,0,,0,40 01:18.156,,0,75 03:05.123,4,0,0,1,67301,0,0,0,N,0,0,0,2,67301,1,,1,1,,N,N,,0,,0,0,0,0,0,,1850.0,1,2,0,0,0,0,0,3,4,0,2,3,,N,,,,,,,,,,,
2010052411,1250.0,1,0,0,0,0,0,0,0,0,8,0,,67,4,2010,6,39.9521,-75.1566,1250.0,6,0,0,0,0,0,0,0,0,,0,0,0,12.0,1,1,0,,0,39 57:07.622,,0,75 09:23.708,4,0,0,0,67301,1,0,0,,1,0,0,2,67301,1,,1,1,,,,,0,,0,0,0,0,0,,1235.0,1,2,0,0,0,0,0,3,4,0,1,3,,N,,,,,,,,,,,
2010044529,1630.0,1,0,0,0,0,0,0,0,0,8,0,,67,4,2010,4,39.9962,-75.1138,1615.0,6,0,0,0,0,0,0,0,0,,0,0,0,14.0,1,1,0,,0,39 59:46.498,,0,75 06:49.711,3,0,0,0,67301,1,0,0,N,1,0,0,2,67301,0,,1,1,,N,N,,0,,1,0,0,0,0,,1405.0,1,2,0,0,0,0,0,3,4,0,1,3,,N,,,,,,,,,,,
2010044553,1630.0,2,0,0,0,0,0,0,0,0,4,0,,67,4,2010,6,39.9383,-75.1986,1625.0,6,0,0,0,0,0,1,0,0,,0,0,0,15.0,1,1,1,,0,39 56:18.900,,0,75 11:54.432,4,0,0,0,67301,0,0,0,N,0,0,0,2,67301,1,,1,1,,N,N,,0,,0,0,0,3,2,,1550.0,1,2,0,0,0,0,0,3,4,0,2,3,,N,,,,,,,,,,,
2010044640,1918.0,2,0,0,0,0,0,0,0,0,1,0,,67,4,2010,3,39.959,-75.1503,1916.0,6,0,0,0,0,0,0,0,0,,0,0,0,99.0,1,1,0,,0,39 57:32.240,,0,75 09:01.047,4,0,0,0,67301,0,0,0,,0,0,0,3,67301,1,,1,1,,N,N,,0,,0,0,0,0,0,,9999.0,1,2,0,0,0,0,0,3,4,0,2,3,,N,,,,,,,,,,,
2010044700,1056.0,1,0,0,0,0,0,0,0,0,7,0,,67,4,2010,6,39.9787,-75.234,1055.0,6,0,0,0,0,0,0,1,0,2.0,0,0,0,10.0,1,2,0,,2,39 58:43.229,5.0,0,75 14:02.499,8,0,0,0,67301,0,0,0,,0,0,0,2,67301,0,,5,1,,,,,0,,0,0,0,3,3,Y,1050.0,2,1,0,0,0,2,0,3,4,0,1,3,,N,,,,,,,,,,,
2010062079,1550.0,1,0,0,0,0,0,0,0,0,8,0,,67,5,2010,6,40.0308,-75.1772,1550.0,6,0,0,0,0,0,0,0,0,,0,0,0,15.0,1,1,0,,0,40 01:50.872,,0,75 10:38.151,3,0,0,0,67301,1,0,0,,1,0,0,2,67301,0,,1,1,,N,N,,0,,1,0,0,0,0,,1545.0,1,2,0,0,1,0,0,3,4,0,1,3,,N,,,,,,,,,,,
2010064648,1947.0,1,0,0,0,0,0,0,0,0,8,0,,67,6,2010,3,40.0306,-75.2254,1940.0,6,0,0,0,0,0,0,0,0,2.0,0,0,0,19.0,1,1,0,,2,40 01:50.307,6.0,0,75 13:31.314,2,0,0,0,67301,1,0,1,N,1,0,1,4,67301,0,,1,1,,N,N,,0,,0,1,0,0,0,N,1938.0,1,2,0,0,0,0,0,3,4,0,1,3,,N,,,,,,,,,,,
2010044742,325.0,1,0,0,0,0,0,0,0,0,1,0,,67,4,2010,7,40.025,-75.1257,300.0,6,0,0,0,0,0,0,0,0,,0,0,0,1.0,3,1,2,,0,40 01:30.152,,0,75 07:31.660,3,0,0,0,67301,0,0,0,,0,0,0,2,67301,0,,1,1,,N,N,,0,,1,0,1,2,2,,155.0,1,2,0,0,0,0,1,3,4,0,2,3,,N,,,,,,,,,,,
2010044797,1510.0,1,0,0,0,0,0,0,0,0,4,0,,67,3,2010,5,39.9895,-75.1108,1500.0,6,0,0,0,0,0,1,0,0,,0,0,0,14.0,1,2,1,,0,39 59:22.038,,0,75 06:38.739,4,0,0,0,67301,0,0,0,N,0,0,0,3,67301,2,,1,1,,N,N,,0,,0,0,1,0,0,,1455.0,2,2,0,0,0,0,0,3,4,0,2,3,,N,,,,,,,,,,,
2010044862,2022.0,1,0,0,0,0,0,0,0,0,8,0,,67,3,2010,1,39.9164,-75.2356,2016.0,6,0,0,0,0,0,0,0,0,,0,0,0,20.0,3,1,2,,0,39 54:59.108,,0,75 14:08.037,8,0,0,0,67301,1,0,0,N,1,0,0,2,67301,0,,1,1,,N,N,,0,,0,0,0,0,0,,2012.0,1,2,0,0,0,1,1,3,4,0,1,3,,N,,,,,,,,,,,
2010084598,2018.0,3,0,0,0,0,0,0,0,0,4,0,,67,8,2010,1,40.0528,-75.1529,2014.0,6,0,0,0,0,0,1,0,0,,0,0,0,19.0,4,1,1,,0,40 03:10.198,,0,75 09:10.288,8,0,0,0,67301,0,0,0,N,0,0,0,3,67301,0,,1,1,,,,,0,,0,0,0,3,2,,1907.0,1,3,0,0,0,1,0,3,4,0,3,3,,N,,,,,,,,,,,
2010084604,1400.0,2,0,0,0,0,0,0,0,0,1,0,,67,8,2010,5,40.0624,-75.1506,1348.0,6,0,0,0,0,0,0,0,0,,0,0,0,13.0,1,2,0,,0,40 03:44.586,,0,75 09:02.048,8,0,0,0,67301,0,0,0,N,0,0,0,2,67301,0,,2,1,,N,N,,0,,0,0,0,0,0,,1330.0,2,2,0,0,0,2,0,3,4,0,2,3,,N,,,,,,,,,,,
2010127651,823.0,1,0,0,0,0,0,0,0,0,1,0,,67,12,2010,6,39.9984,-75.1958,819.0,6,0,0,0,0,0,0,0,0,,0,0,0,8.0,1,0,0,,0,39 59:56.244,,0,75 11:44.113,0,0,0,0,67301,0,0,0,N,0,0,0,2,68K01,0,,1,1,,N,N,,0,,0,0,1,0,0,,815.0,0,2,0,0,0,0,0,3,4,0,2,3,,N,,,,,,,,,,,
2010127904,652.0,2,0,0,0,0,0,0,0,0,1,0,,67,12,2010,3,39.9514,-75.1827,643.0,6,0,0,0,0,0,0,0,0,,0,0,0,6.0,5,0,6,,0,39 57:08.599,,2,75 10:55.538,0,0,0,0,67301,0,0,0,N,0,0,0,2,68K01,0,,1,1,,N,N,,0,,0,0,0,0,0,,638.0,0,2,0,0,0,0,0,3,4,0,2,3,,N,,,,,,,,,,,
2010128696,631.0,1,0,0,0,0,0,0,0,0,7,0,,67,12,2010,4,39.9326,-75.1456,620.0,6,0,1,0,0,0,0,0,0,1.0,0,0,0,6.0,5,0,0,,1,39 55:56.988,2.0,0,75 08:44.059,0,0,0,0,67301,0,0,0,Y,0,0,0,1,68K01,0,,7,1,,N,N,,0,,0,0,0,0,0,N,616.0,0,1,0,0,0,0,0,3,4,0,1,3,,N,,,,,,,,,,,
2010057908,9999.0,1,0,0,0,0,0,0,0,0,4,0,,67,4,2010,5,39.9913,-75.101,9999.0,6,0,0,0,0,1,0,0,0,,0,0,0,16.0,1,2,0,,0,39 59:28.494,,7,75 06:03.582,4,0,0,0,67301,0,0,0,N,0,0,0,3,67301,2,,1,1,,N,N,,0,,0,0,0,0,0,,1600.0,2,2,0,0,0,0,0,3,4,1,2,3,,N,,,,,,,,,,,
2010070666,745.0,0,0,0,0,0,0,0,0,0,0,0,,67,6,2010,1,40.0093,-75.1969,739.0,6,0,0,0,0,0,0,0,0,,0,0,0,7.0,1,1,0,,0,40 00:30.386,,0,75 11:41.036,8,0,0,1,67301,0,0,0,N,0,0,0,1,67301,0,,1,1,,N,N,,0,,0,0,0,0,0,,738.0,1,1,0,0,0,1,0,3,4,0,1,3,,N,,,,,,,,,,,
2010039239,1239.0,3,0,0,0,0,0,0,0,0,4,0,,67,3,2010,3,39.9912,-75.1011,1236.0,6,0,0,0,0,0,0,0,0,,0,0,0,12.0,1,3,0,,0,39 59:28.350,,7,75 06:03.859,4,0,0,0,67301,0,0,0,N,0,0,0,5,67301,2,,1,9,,N,N,,0,,0,0,0,0,0,,1230.0,3,3,0,0,0,1,0,3,4,0,3,7,,N,,,,,,,,,,,
2010075910,1445.0,3,0,0,0,0,0,0,0,0,3,0,,67,7,2010,5,39.9837,-75.244,9999.0,6,0,0,0,0,0,1,0,0,,0,0,0,14.0,1,1,0,,0,39 59:01.166,,0,75 14:38.524,4,0,0,0,67301,0,0,0,N,0,0,0,3,67301,1,,1,1,,N,N,,0,,0,0,0,0,0,,1445.0,1,3,0,0,0,0,2,3,4,0,3,99,,N,,,,,,,,,,,
2010032610,2115.0,2,0,0,0,0,0,0,0,0,4,0,,67,3,2010,3,39.975,-75.1867,2110.0,6,0,0,0,0,0,0,0,0,2.0,0,0,0,20.0,3,2,2,,1,39 58:29.871,6.0,0,75 11:11.969,3,0,0,0,67301,0,0,0,,0,0,0,6,67301,1,,1,1,,,,,0,,1,0,0,3,3,N,2000.0,2,2,0,0,0,0,0,3,4,0,2,3,,N,,,,,,,,,,,
2010030186,906.0,0,0,0,0,0,0,0,0,0,1,0,,67,3,2010,3,40.0095,-75.0662,902.0,6,0,0,0,0,0,1,0,0,1.0,0,0,0,8.0,1,0,0,,2,40 00:33.969,2.0,0,75 03:58.836,0,0,0,0,67301,0,0,0,N,0,0,0,3,68K01,0,,1,1,,N,N,,0,,0,0,2,0,0,N,859.0,0,3,0,0,0,0,0,3,4,1,3,3,,N,,,,,,,,,,,
2010104929,1305.0,1,0,0,0,0,0,0,0,0,1,0,,67,10,2010,6,40.099,-75.0128,1303.0,6,0,0,0,0,0,0,1,0,1.0,0,0,0,13.0,1,3,0,,1,40 05:56.455,1.0,0,75 00:46.070,3,0,0,0,67301,0,0,0,N,0,0,0,4,67301,1,,1,9,,N,N,,0,,1,0,1,0,0,N,1300.0,3,2,0,0,0,1,0,3,4,0,2,7,,N,,,,,,,,,,,
2010074873,9999.0,1,0,0,0,0,0,0,0,0,7,0,,67,7,2010,3,40.0037,-75.0678,748.0,6,0,0,0,0,0,0,0,0,,0,0,0,7.0,1,1,1,,0,40 00:13.240,,0,75 04:04.234,4,0,0,0,67301,0,0,0,N,0,0,0,1,67301,1,,5,1,,N,N,,0,,0,0,0,3,3,,740.0,1,1,0,0,0,0,0,3,4,0,1,3,,N,,,,,,,,,,,
2010069890,813.0,2,0,0,0,0,0,0,0,0,4,0,,67,5,2010,7,39.9945,-75.1593,804.0,6,0,0,0,0,0,0,0,1,2.0,0,0,0,8.0,1,2,1,,1,39 59:40.362,1.0,0,75 09:33.546,3,0,0,0,67301,0,0,0,,0,0,0,3,67301,0,,1,1,,,,,0,,2,0,0,3,2,Y,800.0,2,2,0,0,3,0,0,3,4,0,2,3,,N,,,,,,,,,,,
2010062027,1045.0,0,0,0,1,0,0,0,0,0,4,0,,67,4,2010,5,39.9928,-75.1461,1045.0,6,0,0,0,0,0,1,0,0,,0,0,0,9.0,1,1,1,,0,39 59:34.453,,0,75 08:45.990,4,0,0,0,67301,1,0,0,N,0,0,0,2,67301,1,,1,1,,N,N,,0,,0,0,0,3,2,,939.0,1,2,0,0,0,0,0,3,4,1,1,3,,N,,,,,,,,,,,
2010084207,345.0,1,0,0,0,0,0,0,0,0,5,0,,67,7,2010,6,39.9645,-75.1878,341.0,6,0,0,0,0,0,0,0,0,,0,0,0,3.0,3,0,0,,0,39 57:52.027,,0,75 11:15.957,9,0,0,0,67301,0,0,0,N,0,0,0,1,67301,0,,6,1,,N,N,,0,,0,0,1,0,0,,320.0,0,2,0,0,0,0,1,3,4,0,2,3,,N,,,,,,,,,,,
2010084228,1712.0,2,0,0,0,0,0,0,0,0,1,0,,67,8,2010,3,40.1053,-75.0277,1710.0,6,0,0,0,0,0,2,0,0,1.0,0,0,0,17.0,1,2,0,,1,40 06:19.163,2.0,0,75 01:39.558,4,0,0,0,67301,0,0,0,N,0,0,0,2,67301,2,,1,1,,N,N,,0,,0,0,0,0,0,N,1706.0,2,2,0,0,0,0,0,3,4,0,2,3,,N,,,,,,,,,,,
2010046310,1045.0,2,0,0,0,0,0,0,0,0,4,0,,67,3,2010,4,40.0427,-75.0797,1045.0,6,0,0,0,1,0,0,0,0,,0,0,0,10.0,1,1,1,,0,40 02:33.612,,0,75 04:47.042,8,0,0,0,67301,0,0,0,N,0,0,0,2,67301,0,,1,1,,N,N,,0,,0,0,0,3,3,,1035.0,1,2,0,0,0,1,0,3,4,0,2,3,,N,,,,,,,,,,,
2010062333,415.0,1,0,0,1,0,0,0,0,0,2,0,,67,5,2010,7,39.9806,-75.1724,415.0,6,0,0,0,0,0,0,0,1,,0,0,0,4.0,3,1,5,,0,39 58:50.287,,0,75 10:21.024,8,0,0,0,67301,1,0,0,N,0,0,0,2,67301,0,,1,1,,N,N,,0,,0,0,0,3,2,,415.0,1,2,0,0,0,1,0,3,4,0,1,3,,N,,,,,,,,,,,
2010081637,558.0,2,0,0,0,0,0,0,0,0,4,0,,67,7,2010,4,40.0316,-75.2076,555.0,6,0,0,0,0,0,2,0,0,,0,0,0,5.0,1,3,1,,0,40 01:53.934,,0,75 12:27.524,3,0,0,0,67301,0,0,0,,0,0,0,3,67301,0,,1,1,,N,N,,0,,3,0,0,3,2,,545.0,3,2,0,0,0,0,0,3,4,0,2,3,,N,,,,,,,,,,,
2010044701,120.0,2,0,0,0,0,0,0,0,0,4,0,,67,4,2010,1,39.9913,-75.1349,118.0,6,0,0,0,0,0,0,0,0,,0,0,0,0.0,3,0,1,,0,39 59:29.209,,0,75 08:05.493,0,0,0,0,67301,0,0,0,N,0,0,0,3,67301,0,,1,1,,N,N,,0,,0,0,0,3,2,,29.0,0,2,0,0,0,0,0,3,4,0,2,3,,N,,,,,,,,,,,
2010044858,1847.0,2,0,0,0,0,0,0,0,0,4,0,,67,4,2010,3,40.0447,-75.1214,1845.0,6,0,0,0,0,0,0,0,0,,0,0,0,18.0,1,1,2,,0,40 02:40.989,,0,75 07:17.032,8,0,0,0,67301,0,0,0,N,0,0,0,6,67301,0,,1,1,,N,N,,0,,0,0,0,3,3,,1845.0,1,2,0,0,1,1,0,3,4,0,2,3,,N,,,,,,,,,,,
2010084572,2006.0,1,0,0,0,0,0,0,0,0,8,0,,67,8,2010,6,40.0728,-75.1634,2002.0,6,0,0,0,0,0,0,0,0,,0,0,0,19.0,1,1,0,,0,40 04:22.126,,0,75 09:48.182,4,0,0,0,67301,1,0,0,N,1,0,0,2,67301,1,,1,1,,N,N,,0,,0,0,0,0,0,,1916.0,1,2,0,0,0,0,0,3,4,0,1,3,,N,,,,,,,,,,,
2010084600,1412.0,2,0,0,0,0,0,0,0,0,4,0,,67,7,2010,6,39.9534,-75.1633,1348.0,6,0,0,0,0,0,0,0,0,9.0,0,0,0,13.0,1,0,10,,1,39 57:12.091,4.0,0,75 09:47.852,9,0,0,0,67301,0,0,0,N,0,0,0,1,67301,0,,4,1,,N,N,,0,,0,0,0,0,0,N,1348.0,0,2,0,0,0,0,1,3,4,0,2,3,,N,,,,,,,,,,,
2010128513,1615.0,2,0,0,0,0,0,0,0,0,5,0,,67,10,2010,1,40.035,-75.0442,1610.0,6,0,0,0,0,0,0,0,0,,0,0,0,15.0,1,1,0,,0,40 02:05.971,,0,75 02:38.960,8,0,0,0,67301,0,0,0,,0,0,0,2,67301,0,,1,1,,,,,0,,0,0,0,0,0,,1510.0,1,2,0,0,0,1,1,3,4,0,2,3,,N,,,,,,,,,,,
2010057855,1902.0,1,0,0,0,0,0,0,0,0,1,0,,67,6,2010,2,39.8931,-75.2297,1902.0,6,0,0,0,0,0,0,0,0,,0,0,0,19.0,1,1,0,,0,39 53:35.139,,0,75 13:45.568,4,0,0,0,67301,0,0,0,N,0,0,0,2,68K01,1,,1,1,,N,N,,0,,0,0,1,0,0,,1902.0,1,2,0,0,0,0,0,3,4,0,2,3,,N,,,,,,,,,,,
2010030175,1225.0,0,0,0,0,0,0,0,0,0,7,0,,67,3,2010,7,40.0084,-75.2027,1222.0,6,0,0,0,0,0,1,0,0,1.0,0,0,0,12.0,1,0,0,,1,40 00:29.757,4.0,0,75 12:08.791,0,0,0,0,67301,0,0,0,N,0,0,0,1,68K01,0,,2,1,,N,N,,0,,0,0,1,0,0,N,1221.0,0,1,0,0,0,0,0,3,4,0,1,3,,N,,,,,,,,,,,
2010030178,447.0,0,0,0,0,0,0,0,0,0,7,0,,67,3,2010,4,40.0499,-74.9926,435.0,6,0,0,0,0,0,0,0,0,1.0,0,0,0,4.0,3,1,0,,1,40 02:59.789,1.0,0,74 59:33.040,4,0,0,0,67301,0,0,0,N,0,0,0,1,68K01,1,,4,1,,N,N,,1,,0,0,0,0,0,N,434.0,1,1,0,0,0,0,0,3,4,0,1,3,,N,,,,,,,,,,,
2010030184,1445.0,1,0,0,0,0,0,0,0,0,7,0,,67,3,2010,7,40.0131,-75.0582,1441.0,6,0,0,0,0,0,1,0,0,,0,0,0,14.0,1,0,0,,0,40 00:47.073,,0,75 03:29.893,0,0,0,0,67301,0,0,0,N,0,0,0,4,68K01,0,,3,9,,N,N,,0,,0,0,1,0,0,,1439.0,0,2,0,0,0,0,0,3,4,0,2,7,,N,,,,,,,,,,,
2010073631,1315.0,2,0,0,0,0,0,0,0,0,4,0,,67,4,2010,3,40.0333,-75.0801,1312.0,6,0,0,0,0,0,0,0,1,,0,0,0,13.0,1,1,1,,0,40 01:59.916,,0,75 04:48.230,3,0,0,0,67301,0,0,0,,0,0,0,4,67301,0,,1,9,,,,,0,,1,0,0,3,3,,1300.0,1,2,0,0,0,0,0,3,4,0,2,7,,N,,,,,,,,,,,
2010083491,1715.0,1,0,0,0,0,0,0,0,0,4,0,,67,7,2010,5,40.0293,-75.1815,1700.0,6,0,0,0,0,0,0,0,0,,0,0,0,16.0,1,3,1,,0,40 01:45.357,,0,75 10:53.338,8,0,0,0,67301,0,0,0,,0,0,0,8,67301,0,,1,1,,,,,0,,0,0,1,3,2,,1655.0,3,2,0,0,0,3,3,3,4,0,2,3,,N,,,,,,,,,,,
2010026597,1756.0,1,0,0,0,0,0,0,0,0,1,0,,67,3,2010,5,39.9476,-75.1877,1744.0,6,0,0,0,0,0,0,0,0,,0,0,0,17.0,4,0,0,,0,39 56:52.980,,0,75 11:13.396,0,0,0,0,67301,0,0,0,N,0,0,0,3,68K01,0,,1,1,,N,N,,0,,0,0,1,0,0,,1741.0,0,2,0,0,0,0,0,3,4,0,2,3,,N,,,,,,,,,,,
2010099753,128.0,1,0,0,0,0,0,0,0,0,4,0,,67,8,2010,1,40.0272,-75.1512,126.0,6,0,0,1,0,0,0,0,0,,0,0,0,1.0,3,2,1,,0,40 01:37.801,,0,75 09:04.478,2,0,1,1,67301,0,0,0,N,0,0,0,5,67301,1,,1,1,,N,N,,0,,0,1,0,2,2,,124.0,2,2,0,0,0,0,0,3,4,0,2,3,,N,,,,,,,,,,,
2010099777,9999.0,1,0,0,0,0,0,0,0,0,4,0,,67,9,2010,3,39.9073,-75.1878,2355.0,6,0,0,0,0,1,0,0,0,,0,0,0,22.0,3,2,2,,0,39 54:26.280,,0,75 11:16.256,4,0,0,0,67301,0,0,0,N,0,0,0,3,67301,2,,1,1,,N,N,,0,,0,0,1,9,3,,2248.0,2,2,0,0,0,0,0,3,4,0,2,3,,N,,,,,,,,,,,
2010099787,2016.0,2,0,0,0,0,0,0,0,0,5,0,,67,9,2010,4,40.0271,-75.097,2015.0,6,0,0,0,0,0,0,1,0,1.0,0,0,0,20.0,3,0,0,,1,40 01:37.616,4.0,0,75 05:49.233,0,0,0,0,67301,0,0,0,N,0,0,0,1,67301,0,,1,1,,N,N,,0,,0,0,0,0,0,N,2014.0,0,3,0,0,0,0,0,3,4,1,3,3,,N,,,,,,,,,,,
2010112760,754.0,0,0,0,0,0,0,0,0,0,1,2,,67,11,2010,6,40.0097,-75.0651,733.0,6,0,0,0,0,0,1,0,0,1.0,0,2,0,7.0,1,0,0,,2,40 00:34.890,2.0,0,75 03:54.842,0,0,0,0,67301,0,0,0,N,0,0,0,2,68K01,0,,1,1,,N,N,,0,,0,0,0,0,0,N,732.0,0,2,0,0,0,0,0,3,4,0,2,3,,N,,,,,,,,,,,
2010099818,1310.0,2,0,0,0,0,0,0,0,0,4,0,,67,9,2010,2,40.0702,-75.1805,1259.0,6,0,0,0,0,0,0,0,0,,0,0,0,12.0,1,2,1,,0,40 04:12.680,,0,75 10:49.758,8,0,0,0,67301,0,0,0,N,0,0,0,2,67301,0,,1,1,,N,N,,0,,0,0,0,3,2,,1250.0,2,2,0,0,0,2,0,3,4,0,2,3,,N,,,,,,,,,,,
2010118079,1750.0,1,0,0,0,0,0,0,0,0,8,0,,67,10,2010,4,39.9658,-75.2461,1744.0,6,0,0,0,0,0,0,0,0,,0,0,0,17.0,1,1,1,,0,39 57:56.929,,0,75 14:45.807,4,0,0,0,67301,1,0,0,,1,0,0,2,67301,1,,1,1,,,,,0,,0,0,0,3,2,,1735.0,1,2,0,0,0,0,0,3,4,0,1,3,,N,,,,,,,,,,,
2010102495,1141.0,2,0,0,0,0,0,0,0,0,4,0,,67,9,2010,5,40.0124,-75.1019,1139.0,6,0,0,0,0,1,0,0,0,,0,0,0,11.0,1,0,1,,0,40 00:44.618,,0,75 06:06.739,0,0,0,0,67301,0,0,0,N,0,0,0,2,67301,0,,1,1,,N,N,,0,,0,0,0,3,3,,1138.0,0,2,0,0,0,0,0,3,4,0,2,3,,N,,,,,,,,,,,
2010113307,2259.0,1,0,0,0,0,0,0,0,0,5,0,,67,10,2010,7,39.9056,-75.1944,2251.0,6,0,0,0,0,0,0,0,0,1.0,0,0,0,22.0,3,1,0,,1,39 54:20.298,4.0,3,75 11:39.675,4,0,0,0,67301,0,0,0,N,0,0,0,3,67301,1,,1,1,,N,N,,0,,0,0,0,0,0,N,2245.0,1,2,0,0,0,0,0,3,4,0,2,3,,N,,,,,,,,,,,
2010102529,10.0,1,0,0,0,0,0,0,0,0,7,0,,67,9,2010,6,39.9172,-75.2463,6.0,6,0,0,0,0,0,0,0,0,,0,0,0,0.0,3,0,2,,0,39 55:01.859,,0,75 14:46.691,0,0,0,0,67301,0,0,0,N,0,0,0,1,67301,0,,1,9,,N,N,,0,,0,0,0,3,3,,5.0,0,1,0,0,0,0,0,3,4,0,1,7,,N,,,,,,,,,,,
2010105096,1325.0,2,0,0,0,0,0,0,0,0,2,0,,67,9,2010,5,39.9561,-75.238,1323.0,6,0,0,0,0,0,0,1,0,,0,0,0,13.0,1,2,1,,0,39 57:21.859,,0,75 14:16.659,4,0,0,0,67301,0,0,0,N,0,0,0,2,67301,2,,1,1,,N,N,,0,,0,0,0,3,2,,1320.0,2,2,0,0,0,0,0,3,4,0,2,3,,N,,,,,,,,,,,
2010110144,540.0,1,0,0,0,0,0,0,0,0,1,0,,67,8,2010,6,39.9767,-75.1133,536.0,6,0,0,0,0,0,1,0,0,3.0,1,0,0,5.0,5,0,0,,1,39 58:38.028,1.0,0,75 06:45.734,1,1,0,1,67301,0,0,0,N,0,0,0,2,68K01,0,1.0,1,1,,N,N,,0,0.0,0,0,0,0,0,N,530.0,0,2,0,0,0,0,0,3,4,0,2,3,,N,,,,,,,,,,,
2010039227,559.0,2,0,0,0,0,0,0,0,0,4,0,,67,3,2010,1,39.9561,-75.2188,556.0,6,0,0,0,0,1,0,0,0,,0,0,0,5.0,3,1,0,,0,39 57:22.085,,0,75 13:07.698,4,0,0,0,67301,0,0,0,N,0,0,0,1,67301,1,,6,9,,N,N,,0,,0,0,0,0,0,,500.0,1,2,0,0,0,0,0,3,4,0,2,3,,N,,,,,,,,,,,
2010029577,1715.0,1,0,0,0,0,0,0,0,0,1,0,,67,3,2010,6,39.9897,-75.2508,1700.0,6,0,0,0,0,0,0,0,0,,0,0,0,17.0,1,5,2,,0,39 59:23.350,,7,75 15:03.019,4,0,0,0,67301,0,0,0,N,0,0,0,5,46104,5,,1,1,,N,N,,0,,0,0,1,0,0,,1700.0,5,2,0,0,0,0,0,3,4,0,2,3,,N,,,,,,,,,,,