CRN,ARRIVAL_TM,AUTOMOBILE_COUNT,BELTED_DEATH_COUNT,BELTED_SUSP_SERIOUS_INJ_COUNT,BICYCLE_COUNT,BICYCLE_DEATH_COUNT,BICYCLE_SUSP_SERIOUS_INJ_COUNT,BUS_COUNT,CHLDPAS_DEATH_COUNT,CHLDPAS_SUSP_SERIOUS_INJ_COUNT,COLLISION_TYPE,COMM_VEH_COUNT,CONS_ZONE_SPD_LIM,COUNTY,CRASH_MONTH,CRASH_YEAR,DAY_OF_WEEK,DEC_LAT,DEC_LONG,DISPATCH_TM,DISTRICT,DRIVER_COUNT_16YR,DRIVER_COUNT_17YR,DRIVER_COUNT_18YR,DRIVER_COUNT_19YR,DRIVER_COUNT_20YR,DRIVER_COUNT_50_64YR,DRIVER_COUNT_65_74YR,DRIVER_COUNT_75PLUS,EST_HRS_CLOSED,FATAL_COUNT,HEAVY_TRUCK_COUNT,HORSE_BUGGY_COUNT,HOUR_OF_DAY,ILLUMINATION,INJURY_COUNT,INTERSECT_TYPE,INTERSECTION_RELATED,LANE_CLOSED,LATITUDE,LN_CLOSE_DIR,LOCATION_TYPE,LONGITUDE,MAX_SEVERITY_LEVEL,MCYCLE_DEATH_COUNT,MCYCLE_SUSP_SERIOUS_INJ_COUNT,MOTORCYCLE_COUNT,MUNICIPALITY,NONMOTR_COUNT,NONMOTR_DEATH_COUNT,NONMOTR_SUSP_SERIOUS_INJ_COUNT,NTFY_HIWY_MAINT,PED_COUNT,PED_DEATH_COUNT,PED_SUSP_SERIOUS_INJ_COUNT,PERSON_COUNT,POLICE_AGCY,POSSIBLE_INJ_COUNT,RDWY_SURF_TYPE_CD,RELATION_TO_ROAD,ROAD_CONDITION,ROADWAY_CLEARED,SCH_BUS_IND,SCH_ZONE_IND,SECONDARY_CRASH,SMALL_TRUCK_COUNT,SPEC_JURIS_CD,SUSP_MINOR_INJ_COUNT,SUSP_SERIOUS_INJ_COUNT,SUV_COUNT,TCD_FUNC_CD,TCD_TYPE,TFC_DETOUR_IND,TIME_OF_DAY,TOT_INJ_COUNT,TOTAL_UNITS,UNB_DEATH_COUNT,UNB_SUSP_SERIOUS_INJ_COUNT,UNBELTED_OCC_COUNT,UNK_INJ_DEG_COUNT,UNK_INJ_PER_COUNT,URBAN_AREA,URBAN_RURAL,VAN_COUNT,VEHICLE_COUNT,WEATHER1,WEATHER2,WORK_ZONE_IND,WORK_ZONE_LOC,WORK_ZONE_TYPE,WORKERS_PRES,WZ_CLOSE_DETOUR,WZ_FLAGGER,WZ_LAW_OFFCR_IND,WZ_LN_CLOSURE,WZ_MOVING,WZ_OTHER,WZ_SHLDER_MDN,WZ_WORKERS_INJ_KILLED
2010088658,2140.0,1,0,0,1,0,0,0,0,0,2,0,,67,8,2010,3,40.0105,-75.0791,2135.0,6,0,0,0,0,0,0,0,0,,0,0,0,21.0,3,1,1,,0,40 00:37.460,,0,75 04:45.357,4,0,0,0,67301,1,0,0,N,0,0,0,2,67301,1,,1,1,,N,N,,0,,0,0,0,3,2,,2105.0,1,2,0,0,0,0,0,3,4,0,1,3,,N,,,,,,,,,,,
2010091251,413.0,1,0,0,0,0,0,0,0,0,1,0,,67,8,2010,7,39.9159,-75.2387,411.0,6,0,0,0,0,0,0,0,0,,0,0,0,1.0,3,0,0,,0,39 54:57.171,,0,75 14:19.330,0,0,0,0,67301,0,0,0,N,0,0,0,1,67301,0,,6,1,,N,N,,0,,0,0,1,0,0,,138.0,0,2,0,0,0,0,0,3,4,0,2,3,,N,,,,,,,,,,,
2010088484,844.0,0,0,0,0,0,0,0,0,0,7,0,,67,9,2010,1,40.0315,-75.0213,837.0,6,0,0,0,0,0,0,0,0,,0,0,0,8.0,1,0,0,,0,40 01:53.988,,0,75 01:16.191,0,0,0,0,67301,0,0,0,N,0,0,0,1,68K01,0,,2,9,,N,N,,1,,0,0,0,0,0,,835.0,0,1,0,0,0,0,0,3,4,0,1,7,,N,,,,,,,,,,,
2010099722,1239.0,1,0,0,0,0,0,0,0,0,7,0,,67,8,2010,1,40.0295,-75.1033,1236.0,6,0,0,0,0,0,0,0,0,2.0,0,0,0,12.0,1,3,0,,1,40 01:46.098,1.0,0,75 06:13.644,2,0,0,0,67301,0,0,0,N,0,0,0,3,67301,0,,3,1,,N,N,,0,,2,1,0,0,0,N,1235.0,3,1,0,0,0,0,0,3,4,0,1,3,,N,,,,,,,,,,,
2010125706,1756.0,1,0,0,0,0,0,0,0,0,1,0,,67,12,2010,6,39.9878,-75.0896,1752.0,6,0,0,0,0,0,1,0,0,,0,0,0,17.0,3,1,0,,0,39 59:15.767,,0,75 05:22.910,4,0,0,0,67301,0,0,0,N,0,0,0,2,68K01,1,,1,1,,N,N,,0,,0,0,0,0,0,,1748.0,1,2,0,0,0,0,0,3,4,1,2,3,,N,,,,,,,,,,,
2010125711,2257.0,1,0,0,0,0,0,0,0,0,7,0,,67,12,2010,1,39.932,-75.1998,2257.0,6,0,0,0,0,0,0,0,0,,0,0,0,22.0,3,0,0,,0,39 55:57.148,,0,75 12:00.098,0,0,0,0,67301,0,0,0,N,0,0,0,1,68K01,0,,2,9,,N,N,,0,,0,0,0,0,0,,2257.0,0,1,0,0,0,0,0,3,4,0,1,7,,N,,,,,,,,,,,
2010102939,1745.0,1,0,0,0,0,0,0,0,0,2,0,,67,7,2010,2,40.0257,-75.2177,1741.0,6,0,0,0,0,0,0,0,0,3.0,0,0,0,17.0,1,2,0,,2,40 01:32.682,1.0,0,75 13:03.788,3,0,0,0,67301,0,0,0,,0,0,0,3,67301,0,,1,1,,,N,,0,,1,0,0,0,0,Y,1732.0,2,2,0,0,0,1,0,3,4,1,2,3,,N,,,,,,,,,,,
2010103034,635.0,1,0,0,0,0,0,0,0,0,7,0,,67,9,2010,6,39.9853,-75.2122,630.0,6,0,0,0,0,0,0,0,0,,0,0,0,6.0,1,0,0,,0,39 59:07.081,,0,75 12:43.765,0,0,0,0,67301,0,0,0,N,0,0,0,1,67301,0,,5,9,,N,N,,0,,0,0,0,0,0,,625.0,0,1,0,0,0,0,0,3,4,0,1,7,,N,,,,,,,,,,,
2010117693,810.0,2,0,0,0,0,0,0,0,0,4,0,,67,10,2010,5,39.9715,-75.2419,802.0,6,0,0,0,0,0,0,0,0,,0,0,0,8.0,1,4,2,,0,39 58:17.310,,0,75 14:30.821,4,0,0,0,67301,0,0,0,N,0,0,0,7,67301,4,,1,1,,N,N,,0,,0,0,0,3,3,,800.0,4,2,0,0,0,0,0,3,4,0,2,3,,N,,,,,,,,,,,
2010114293,9999.0,1,0,0,0,0,0,0,0,0,4,0,,67,10,2010,6,39.9955,-75.1415,9999.0,6,0,0,0,0,0,0,0,0,,0,0,0,23.0,3,2,1,,0,39 59:43.634,,0,75 08:29.417,3,0,0,0,67301,0,0,0,,0,0,0,3,67301,0,,1,1,,,,,1,,1,0,0,3,2,,2313.0,2,2,0,0,0,1,1,3,4,0,2,3,,N,,,,,,,,,,,
2010018609,750.0,2,0,0,0,0,0,0,0,0,1,1,,67,1,2010,3,39.9462,-75.1422,737.0,6,0,0,0,0,0,0,1,0,1.0,0,1,0,7.0,1,2,0,,1,39 56:46.830,1.0,0,75 08:31.798,3,0,0,0,67301,0,0,0,N,0,0,0,6,68K01,1,,1,1,,N,N,,0,,1,0,0,0,0,N,735.0,2,3,0,0,0,0,0,3,4,0,3,3,,N,,,,,,,,,,,
2010021881,1618.0,1,0,0,0,0,0,0,0,0,4,0,,67,1,2010,4,39.9565,-75.1644,1613.0,6,0,0,0,0,0,2,0,0,,0,0,0,16.0,1,1,1,,0,39 57:23.194,,0,75 09:52.027,4,0,0,0,67301,0,0,0,,0,0,0,3,67301,1,,1,1,,,,,0,,0,0,1,3,2,,1613.0,1,2,0,0,0,0,2,3,4,0,2,3,,N,,,,,,,,,,,
2010082173,9.0,1,0,0,0,0,0,0,0,0,4,0,,67,8,2010,7,40.0945,-75.015,9.0,6,0,0,0,0,0,0,0,0,2.0,0,0,0,0.0,3,2,5,,1,40 05:40.380,7.0,0,75 00:54.123,4,0,0,0,67301,0,0,0,N,0,0,0,2,67301,2,,1,1,,N,N,,0,,0,0,1,3,2,N,9.0,2,2,0,0,0,0,0,3,4,0,2,3,,N,,,,,,,,,,,
2010075014,9999.0,0,0,0,0,0,0,0,0,0,1,0,,67,7,2010,6,40.0096,-75.1873,9999.0,6,0,0,0,0,0,0,0,0,1.0,0,0,0,99.0,1,2,6,,1,40 00:34.498,1.0,2,75 11:14.124,8,0,0,0,67301,1,0,0,,1,0,0,3,67301,0,,1,9,,N,N,,0,,0,0,1,0,0,N,9999.0,2,3,0,0,0,2,0,3,4,1,2,7,,N,,,,,,,,,,,
2010075047,2155.0,2,0,0,0,0,0,0,0,0,4,0,,67,6,2010,4,39.9264,-75.1758,2150.0,6,0,0,1,0,0,0,0,0,,0,0,0,21.0,3,2,1,,0,39 55:35.068,,0,75 10:32.933,3,0,0,0,67301,0,0,0,,0,0,0,5,67301,1,,1,9,,N,,,0,,1,0,0,3,3,,2140.0,2,2,0,0,0,0,0,3,4,0,2,7,,N,,,,,,,,,,,
2010075073,1618.0,2,0,0,0,0,0,0,0,0,1,0,,67,6,2010,1,40.0997,-74.9869,1613.0,6,0,0,0,0,0,2,0,0,,0,0,0,16.0,1,2,0,,0,40 05:58.748,,0,74 59:12.802,8,0,0,0,67301,0,0,0,N,0,0,0,3,67301,0,,1,1,,N,N,,0,,0,0,0,0,0,,1610.0,2,2,0,0,0,2,0,3,4,0,2,3,,N,,,,,,,,,,,
2010075127,1310.0,2,0,0,0,0,0,0,0,0,4,0,,67,7,2010,6,39.9964,-75.1739,1257.0,6,0,0,0,0,0,0,0,0,1.0,0,0,0,12.0,1,2,1,,1,39 59:47.207,2.0,0,75 10:26.289,8,0,0,0,67301,0,0,0,,0,0,0,3,67301,0,,1,1,,,,,0,,0,0,0,2,2,N,1251.0,2,2,0,0,0,2,0,3,4,0,2,3,,N,,,,,,,,,,,
2010064756,1936.0,1,0,0,0,0,0,0,0,0,1,0,,67,5,2010,5,40.0408,-75.1833,1933.0,6,0,0,0,1,0,0,0,0,2.0,0,0,0,19.0,3,10,0,,1,40 02:26.956,4.0,0,75 10:59.972,4,0,0,0,67301,0,0,0,N,0,0,0,12,67301,10,,1,1,,N,N,,0,,0,0,0,0,0,N,1930.0,10,2,0,0,10,0,0,3,4,1,2,3,,N,,,,,,,,,,,
2010064783,1311.0,1,0,0,0,0,0,0,0,0,4,0,,67,6,2010,7,40.0332,-75.0378,1308.0,6,0,0,0,0,0,0,1,0,,0,0,0,12.0,1,0,1,,0,40 01:59.691,,0,75 02:15.936,0,0,0,0,67301,0,0,0,,0,0,0,6,67301,0,,1,1,,,,,0,,0,0,1,3,2,,1255.0,0,2,0,0,0,0,0,3,4,0,2,3,,N,,,,,,,,,,,
2010069888,945.0,1,0,0,0,0,0,0,0,0,4,0,,67,6,2010,5,40.0659,-75.1765,928.0,6,0,0,0,0,0,0,0,0,,0,0,0,9.0,1,2,1,,0,40 03:57.202,,0,75 10:35.464,4,0,0,0,67301,0,0,0,N,0,0,0,4,67301,1,,1,1,,N,N,,1,,0,0,0,3,3,,924.0,2,2,0,0,1,1,0,3,4,0,2,3,,N,,,,,,,,,,,
2010062019,1635.0,1,0,0,0,0,0,0,0,0,1,0,,67,4,2010,6,40.0324,-75.1479,1629.0,6,0,1,0,0,0,1,0,0,,0,0,0,16.0,1,1,1,,0,40 01:56.607,,0,75 08:52.393,4,0,0,0,67301,1,0,0,N,0,0,0,4,67301,1,,1,1,,N,N,,0,,0,0,1,3,3,,1610.0,1,3,0,0,0,0,0,3,4,1,3,3,,N,,,,,,,,,,,
2010044436,1202.0,1,0,0,0,0,0,0,0,0,2,0,,67,3,2010,2,40.1186,-75.007,1200.0,6,0,0,0,0,0,1,0,0,3.0,0,0,0,12.0,1,2,2,,2,40 07:06.945,6.0,0,75 00:25.153,8,0,0,0,67301,0,0,0,N,0,0,0,2,67301,0,,1,9,,N,N,,0,,0,0,1,3,2,Y,1200.0,2,2,0,0,0,2,0,3,4,0,2,7,,N,,,,,,,,,,,
2010044459,1144.0,2,0,0,0,0,0,0,0,0,4,0,,67,4,2010,5,39.9794,-75.2253,1140.0,6,0,0,0,0,0,1,0,0,,0,0,0,99.0,1,2,1,,0,39 58:45.965,,0,75 13:31.446,8,0,0,0,67301,0,0,0,,0,0,0,2,67301,0,,1,1,,,,,0,,0,0,0,9,2,,9999.0,2,2,0,0,0,2,0,3,4,0,2,3,,N,,,,,,,,,,,
2010044461,1428.0,0,0,0,0,0,0,0,0,0,4,0,,67,4,2010,1,39.9774,-75.2271,1423.0,6,0,0,0,0,0,0,0,0,,0,0,0,14.0,1,1,1,,0,39 58:38.507,,0,75 13:37.478,4,0,0,0,67301,0,0,0,,0,0,0,6,67301,1,,1,1,,,,,1,,0,0,1,3,2,,1420.0,1,2,0,0,0,0,0,3,4,0,2,3,,N,,,,,,,,,,,
2010084220,1720.0,1,0,0,0,0,0,0,0,0,4,0,,67,8,2010,1,40.0189,-75.1472,1711.0,6,0,0,0,0,0,1,0,0,,0,0,0,17.0,1,1,1,,0,40 01:08.216,,0,75 08:49.391,4,0,0,0,67301,0,0,0,N,0,0,0,2,67301,1,,1,1,,N,N,,0,,0,0,1,3,2,,1709.0,1,2,0,0,0,0,1,3,4,0,2,3,,N,,,,,,,,,,,
2010052334,1635.0,2,0,0,0,0,0,0,0,0,4,0,,67,5,2010,7,40.0136,-75.0685,1631.0,6,0,0,0,0,1,0,0,0,,0,0,0,16.0,1,1,5,,0,40 00:48.913,,0,75 04:06.725,4,0,0,0,67301,0,0,0,,0,0,0,2,67301,1,,1,1,,,,,0,,0,0,0,3,2,,1622.0,1,2,0,0,0,0,0,3,4,0,2,3,,N,,,,,,,,,,,
2010044708,741.0,1,0,0,0,0,0,0,0,0,1,0,,67,4,2010,3,40.0488,-75.1792,730.0,6,0,0,0,1,0,0,0,0,,0,0,0,7.0,3,0,1,,0,40 02:55.856,,0,75 10:45.195,0,0,0,0,67301,0,0,0,N,0,0,0,2,67301,0,,1,1,,N,N,,0,,0,0,0,0,0,,730.0,0,2,0,0,2,0,0,3,4,1,2,3,,N,,,,,,,,,,,
2010044768,1528.0,1,0,0,0,0,0,1,0,0,4,1,,67,3,2010,2,40.0152,-75.1699,1525.0,6,0,0,0,0,0,0,0,0,,0,0,0,15.0,1,1,1,,0,40 00:54.823,,0,75 10:11.829,4,0,0,0,67301,0,0,0,,0,0,0,2,67301,1,,1,9,,N,N,,0,,0,0,0,3,2,,1525.0,1,2,0,0,0,0,0,3,4,0,2,7,,N,,,,,,,,,,,
2010080240,1626.0,0,0,0,0,0,0,0,0,0,7,0,,67,8,2010,2,40.0455,-75.1128,1623.0,6,0,0,0,0,0,0,0,0,,0,0,0,16.0,1,1,2,,0,40 02:50.984,,0,75 06:44.541,3,0,0,0,67301,0,0,0,N,0,0,0,1,46102,0,,5,9,,N,N,,0,,1,0,0,3,2,,1621.0,1,1,0,0,0,0,0,3,4,1,1,7,,N,,,,,,,,,,,
2010082124,1115.0,2,0,0,0,0,0,0,0,0,4,0,,67,7,2010,6,39.9976,-75.1467,1111.0,6,0,0,0,0,0,0,0,0,,0,0,0,11.0,1,1,2,,0,39 59:51.514,,0,75 08:48.199,4,0,0,0,67301,0,0,0,N,0,0,0,2,67301,1,,1,1,,N,N,,0,,0,0,0,3,3,,1105.0,1,2,0,0,0,0,0,3,4,0,2,3,,N,,,,,,,,,,,
2010075893,1850.0,2,0,0,0,0,0,0,0,0,4,0,,67,7,2010,5,39.9937,-75.1087,1848.0,6,0,0,0,0,0,0,1,0,,0,0,0,16.0,1,1,1,,0,39 59:37.419,,0,75 06:31.297,4,0,0,0,67301,0,0,0,,0,0,0,3,67301,1,,1,1,,,,,0,,0,0,0,3,3,,1642.0,1,2,0,0,0,0,0,3,4,0,2,3,,N,,,,,,,,,,,
2010030183,1402.0,1,0,0,0,0,0,0,0,0,7,0,,67,3,2010,7,40.0389,-75.009,1357.0,6,0,0,0,0,0,0,0,0,2.0,0,0,0,13.0,1,1,0,,2,40 02:20.054,2.0,0,75 00:32.069,8,0,0,0,67301,0,0,0,N,0,0,0,1,68K01,0,,3,9,,N,N,,0,,0,0,0,0,0,N,1355.0,1,1,0,0,1,1,0,3,4,0,1,7,,N,,,,,,,,,,,
2010032758,903.0,2,0,0,0,0,0,0,0,0,4,0,,67,3,2010,4,40.0496,-75.0582,902.0,6,0,0,1,0,0,0,0,0,1.0,0,0,0,9.0,1,1,2,,1,40 02:58.860,2.0,0,75 03:29.773,4,0,0,0,67301,0,0,0,,0,0,0,2,67301,1,,1,9,,,,,0,,0,0,0,3,2,Y,900.0,1,2,0,0,0,0,0,3,4,0,2,7,,N,,,,,,,,,,,
2010104909,1401.0,1,0,0,0,0,0,0,0,0,6,0,,67,9,2010,2,39.9754,-75.19,1400.0,6,0,0,0,0,0,0,0,0,,0,0,0,14.0,1,2,1,,0,39 58:31.433,,0,75 11:23.825,8,0,0,0,67301,0,0,0,N,0,0,0,2,67301,0,,1,9,,N,N,,0,,0,0,1,9,2,,1400.0,2,2,0,0,0,2,0,3,4,0,2,7,,N,,,,,,,,,,,
2010104952,9999.0,1,0,0,0,0,0,0,0,0,1,0,,67,9,2010,4,39.9585,-75.164,1435.0,6,0,0,0,0,0,0,0,0,,0,0,0,14.0,1,2,0,,0,39 57:30.747,,0,75 09:50.442,8,0,0,0,67301,0,0,0,,0,0,0,4,67301,0,,1,1,,,,,0,,0,0,1,0,0,,1400.0,2,2,0,0,0,2,0,3,4,0,2,3,,N,,,,,,,,,,,
2010118054,1105.0,1,0,0,0,0,0,0,0,0,1,0,,67,10,2010,4,40.0574,-75.0602,1100.0,6,0,0,0,0,0,0,2,0,,0,0,0,10.0,1,1,1,,0,40 03:26.777,,0,75 03:36.971,8,0,0,0,67301,0,0,0,N,0,0,0,2,67301,0,,1,9,,N,N,,0,,0,0,1,3,2,,1045.0,1,2,0,0,0,1,0,3,4,0,2,7,,N,,,,,,,,,,,
2010118061,310.0,2,0,0,0,0,0,0,0,0,6,0,,67,10,2010,1,40.0436,-75.0212,309.0,6,0,0,0,0,0,0,0,0,2.0,0,0,0,3.0,6,3,0,,1,40 02:37.007,5.0,0,75 01:16.217,4,0,0,0,67301,0,0,0,,0,0,0,3,67301,3,,1,98,,N,N,,1,,0,0,0,0,0,Y,309.0,3,3,0,0,3,0,0,3,4,0,3,99,,N,,,,,,,,,,,
2010110725,1250.0,0,0,0,0,0,0,0,0,0,8,0,,67,10,2010,6,40.045,-75.1497,1355.0,6,0,0,0,0,0,0,0,1,,0,0,0,99.0,1,1,1,,0,40 02:41.917,,0,75 08:58.844,4,0,0,0,67301,1,0,0,N,1,0,0,2,67301,1,,1,1,,N,N,,0,,0,0,0,3,2,,9999.0,1,2,0,0,0,0,0,3,4,1,1,3,,N,,,,,,,,,,,
2010118089,1705.0,1,0,0,0,0,0,0,0,0,8,0,,67,11,2010,3,39.941,-75.2245,1659.0,6,0,0,0,0,0,0,0,0,,0,0,0,16.0,1,1,0,,0,39 56:27.495,,0,75 13:28.034,4,0,0,0,67301,1,0,0,N,1,0,0,2,67301,1,,1,1,,N,N,,0,,0,0,0,0,0,,1649.0,1,2,0,0,0,0,0,3,4,0,1,3,,N,,,,,,,,,,,
2010102413,1642.0,2,0,0,0,0,0,0,0,0,4,0,,67,9,2010,6,40.0992,-75.0123,1635.0,6,0,0,0,0,1,1,0,0,,0,0,0,16.0,1,1,1,,0,40 05:57.051,,0,75 00:44.384,4,0,0,0,67301,0,0,0,N,0,0,0,2,67301,1,,1,1,,N,N,,0,,0,0,0,3,2,,1630.0,1,2,0,0,0,0,0,3,4,0,2,3,,N,,,,,,,,,,,
2010102431,1148.0,1,0,0,0,0,0,0,0,0,7,0,,67,9,2010,3,40.0816,-74.9985,1147.0,6,0,0,0,0,0,0,0,1,3.0,0,0,0,11.0,1,1,0,,2,40 04:53.619,2.0,0,74 59:54.452,8,0,0,0,67301,0,0,0,N,0,0,0,1,67301,0,,4,1,,N,N,,0,,0,0,0,0,0,Y,1146.0,1,1,0,0,0,1,0,3,4,0,1,3,,N,,,,,,,,,,,
2010113315,1000.0,1,0,0,0,0,0,0,0,0,8,0,,67,10,2010,6,40.0352,-75.1448,945.0,6,0,0,0,0,0,0,0,0,,0,0,0,9.0,1,1,2,,0,40 02:06.568,,0,75 08:41.251,8,0,0,0,67301,1,0,0,N,1,0,0,2,67301,0,,1,1,,N,N,,0,,0,0,0,3,2,,930.0,1,2,0,0,0,1,0,3,4,0,1,3,,N,,,,,,,,,,,
2010089373,1927.0,1,0,0,0,0,0,0,0,0,4,0,,67,9,2010,7,40.0619,-75.1367,1919.0,6,0,0,0,0,0,1,0,0,3.0,0,0,0,18.0,4,1,1,,1,40 03:42.622,2.0,0,75 08:12.011,8,0,0,0,67301,0,0,0,N,0,0,0,3,46102,0,,1,1,,N,N,,0,,0,0,1,3,2,N,1827.0,1,2,0,0,0,1,0,3,4,0,2,3,,N,,,,,,,,,,,
2010105042,340.0,2,0,0,0,0,0,0,0,0,4,0,,67,9,2010,3,39.9754,-75.1342,337.0,6,0,0,0,0,0,0,0,0,,0,0,0,3.0,3,0,0,,0,39 58:31.414,,0,75 08:02.943,0,0,0,0,67301,0,0,0,N,0,0,0,1,67301,0,,6,1,,N,N,,0,,0,0,0,0,0,,335.0,0,2,0,0,0,0,0,3,4,0,2,3,,N,,,,,,,,,,,
2010105054,1405.0,1,0,0,0,0,0,0,0,0,8,0,,67,9,2010,4,39.992,-75.1463,1358.0,6,0,0,0,0,0,1,0,0,,0,0,0,14.0,1,1,0,,0,39 59:31.160,,0,75 08:46.726,8,0,0,0,67301,1,0,0,N,1,0,0,2,67301,0,,1,1,,N,N,,0,,0,0,0,0,0,,1400.0,1,2,0,0,0,1,0,3,4,0,1,3,,N,,,,,,,,,,,
2010118386,1232.0,0,0,0,0,0,0,0,0,0,4,1,,67,11,2010,5,39.9629,-75.1913,1230.0,6,0,0,0,0,0,0,0,0,1.0,0,1,0,12.0,1,1,1,,2,39 57:46.553,3.0,0,75 11:28.839,4,0,0,0,67301,0,0,0,N,0,0,0,3,67301,1,,1,9,,N,N,,1,,0,0,0,3,2,N,1229.0,1,2,0,0,0,0,0,3,4,0,2,7,,N,,,,,,,,,,,
2010118444,1943.0,1,0,0,0,0,0,0,0,0,8,0,,67,11,2010,2,39.9172,-75.2463,1943.0,6,0,0,0,0,0,0,0,0,1.0,0,0,0,19.0,3,1,1,,1,39 55:01.598,2.0,0,75 14:46.968,4,0,0,0,67301,1,0,0,,1,0,0,2,67301,1,,1,1,,,,,0,,0,0,0,3,2,N,1943.0,1,2,0,0,0,0,0,3,4,0,1,3,,N,,,,,,,,,,,
2010118449,1601.0,3,0,0,0,0,0,0,0,0,5,0,,67,10,2010,3,39.9182,-75.169,1552.0,6,0,0,0,0,0,0,0,1,,0,0,0,14.0,1,3,0,,0,39 55:05.693,,0,75 10:08.501,4,0,0,0,67301,2,0,0,N,0,0,0,5,67301,3,,1,1,,N,N,,0,,0,0,0,0,0,,1435.0,3,3,0,0,0,0,0,3,4,0,3,3,,N,,,,,,,,,,,
2010110147,1657.0,2,0,0,0,0,0,0,0,0,1,0,,67,11,2010,7,39.9584,-75.1671,1649.0,6,0,0,0,0,0,1,0,0,,0,0,0,16.0,1,1,0,,0,39 57:30.288,,0,75 10:01.446,4,0,0,0,67301,0,0,0,N,0,0,0,4,68K01,1,,1,1,,N,N,,0,,0,0,0,0,0,,1642.0,1,2,0,0,0,0,0,3,4,0,2,3,,N,,,,,,,,,,,
2010120992,826.0,1,0,0,0,0,0,0,0,0,1,0,,67,11,2010,4,40.0087,-75.0689,826.0,6,0,0,0,0,0,0,0,0,1.0,0,0,0,8.0,1,1,0,,2,40 00:31.783,1.0,2,75 04:06.369,8,0,0,0,67301,0,0,0,N,0,0,0,2,68K01,0,,1,1,,N,N,,0,,0,0,1,0,0,N,820.0,1,2,0,0,0,1,0,3,4,0,2,3,,N,,,,,,,,,,,
2010073371,420.0,2,0,0,0,0,0,0,0,0,5,0,,67,6,2010,7,40.0275,-75.1461,415.0,6,0,0,0,0,0,0,0,0,,0,0,0,4.0,3,0,0,,0,40 01:38.967,,0,75 08:46.089,9,0,0,0,67301,0,0,0,N,0,0,0,1,67301,0,,1,98,,N,N,,0,,0,0,0,0,0,,415.0,0,2,0,0,0,0,1,3,4,0,2,3,,N,,,,,,,,,,,
2010088817,8.0,3,0,0,0,0,0,0,0,0,1,0,,67,8,2010,7,39.9868,-75.1668,5.0,6,0,0,0,0,0,0,0,0,,0,0,0,0.0,2,1,0,,0,39 59:12.310,,0,75 10:00.400,3,0,0,0,67301,1,0,0,N,1,0,0,2,67301,0,,6,1,,N,N,,0,,1,0,0,0,0,,5.0,1,4,0,0,0,0,0,3,4,0,3,3,,N,,,,,,,,,,,
2010099619,1257.0,1,0,0,0,0,0,0,0,0,5,0,,67,9,2010,2,40.1018,-75.0275,1255.0,6,0,0,0,0,0,0,0,0,,0,0,0,12.0,1,2,1,,0,40 06:06.588,,0,75 01:38.906,8,0,0,0,67301,0,0,0,,0,0,0,3,67301,0,,1,1,,N,N,,0,,0,0,0,3,2,,1250.0,2,2,0,0,0,2,0,3,4,0,2,3,,N,,,,,,,,,,,
2010021725,1235.0,1,0,0,0,0,0,0,0,0,8,0,,67,1,2010,4,39.9513,-75.1551,1235.0,6,0,0,0,0,0,0,0,0,,0,0,0,99.0,1,1,1,,0,39 57:04.605,,0,75 09:18.331,3,0,0,0,67301,1,0,0,N,1,0,0,2,67301,0,,1,1,,N,N,,0,,1,0,0,3,2,,9999.0,1,2,0,0,0,0,0,3,4,0,1,3,,N,,,,,,,,,,,
2010117966,1348.0,1,0,0,0,0,0,0,0,0,8,0,,67,10,2010,7,39.9966,-75.1755,1345.0,6,0,0,0,0,0,0,0,0,,0,0,0,13.0,1,1,1,,0,39 59:47.932,,0,75 10:31.898,4,0,0,0,67301,1,0,0,N,1,0,0,2,67301,1,,1,1,,N,N,,0,,0,0,0,3,2,,1340.0,1,2,0,0,0,0,0,3,4,0,1,3,,N,,,,,,,,,,,
2010118037,1150.0,2,0,0,0,0,0,0,0,0,1,0,,67,10,2010,7,40.0592,-74.9941,1145.0,6,0,0,0,0,0,1,0,0,,0,0,0,11.0,1,1,2,,0,40 03:32.950,,0,74 59:38.770,4,0,0,0,67301,0,0,0,N,0,0,0,6,67301,1,,1,1,,N,N,,1,,0,0,0,3,2,,1140.0,1,3,0,0,1,0,1,3,4,0,3,3,,N,,,,,,,,,,,
2010053396,905.0,1,0,0,0,0,0,0,0,0,1,0,,67,5,2010,4,40.0148,-75.055,853.0,6,0,0,0,0,0,1,0,0,,0,0,0,8.0,1,1,0,,0,40 00:53.012,,0,75 03:18.149,4,0,0,0,67301,0,0,0,N,0,0,0,2,68K01,1,,1,1,,N,N,,0,,0,0,1,0,0,,850.0,1,2,0,0,0,0,0,3,4,0,2,3,,N,,,,,,,,,,,
2010048539,354.0,1,0,0,0,0,0,0,0,0,4,0,,67,4,2010,1,39.9586,-75.1471,354.0,6,0,0,0,0,0,0,0,0,2.0,0,0,0,3.0,3,1,1,,2,39 57:30.984,1.0,0,75 08:49.682,8,0,0,0,67301,0,0,0,N,0,0,0,2,67301,0,,1,9,,N,N,,0,,0,0,0,3,3,Y,335.0,1,2,0,0,0,1,0,3,4,0,2,7,,N,,,,,,,,,,,