CRN,ARRIVAL_TM,AUTOMOBILE_COUNT,BELTED_DEATH_COUNT,BELTED_SUSP_SERIOUS_INJ_COUNT,BICYCLE_COUNT,BICYCLE_DEATH_COUNT,BICYCLE_SUSP_SERIOUS_INJ_COUNT,BUS_COUNT,CHLDPAS_DEATH_COUNT,CHLDPAS_SUSP_SERIOUS_INJ_COUNT,COLLISION_TYPE,COMM_VEH_COUNT,CONS_ZONE_SPD_LIM,COUNTY,CRASH_MONTH,CRASH_YEAR,DAY_OF_WEEK,DEC_LAT,DEC_LONG,DISPATCH_TM,DISTRICT,DRIVER_COUNT_16YR,DRIVER_COUNT_17YR,DRIVER_COUNT_18YR,DRIVER_COUNT_19YR,DRIVER_COUNT_20YR,DRIVER_COUNT_50_64YR,DRIVER_COUNT_65_74YR,DRIVER_COUNT_75PLUS,EST_HRS_CLOSED,FATAL_COUNT,HEAVY_TRUCK_COUNT,HORSE_BUGGY_COUNT,HOUR_OF_DAY,ILLUMINATION,INJURY_COUNT,INTERSECT_TYPE,INTERSECTION_RELATED,LANE_CLOSED,LATITUDE,LN_CLOSE_DIR,LOCATION_TYPE,LONGITUDE,MAX_SEVERITY_LEVEL,MCYCLE_DEATH_COUNT,MCYCLE_SUSP_SERIOUS_INJ_COUNT,MOTORCYCLE_COUNT,MUNICIPALITY,NONMOTR_COUNT,NONMOTR_DEATH_COUNT,NONMOTR_SUSP_SERIOUS_INJ_COUNT,NTFY_HIWY_MAINT,PED_COUNT,PED_DEATH_COUNT,PED_SUSP_SERIOUS_INJ_COUNT,PERSON_COUNT,POLICE_AGCY,POSSIBLE_INJ_COUNT,RDWY_SURF_TYPE_CD,RELATION_TO_ROAD,ROAD_CONDITION,ROADWAY_CLEARED,SCH_BUS_IND,SCH_ZONE_IND,SECONDARY_CRASH,SMALL_TRUCK_COUNT,SPEC_JURIS_CD,SUSP_MINOR_INJ_COUNT,SUSP_SERIOUS_INJ_COUNT,SUV_COUNT,TCD_FUNC_CD,TCD_TYPE,TFC_DETOUR_IND,TIME_OF_DAY,TOT_INJ_COUNT,TOTAL_UNITS,UNB_DEATH_COUNT,UNB_SUSP_SERIOUS_INJ_COUNT,UNBELTED_OCC_COUNT,UNK_INJ_DEG_COUNT,UNK_INJ_PER_COUNT,URBAN_AREA,URBAN_RURAL,VAN_COUNT,VEHICLE_COUNT,WEATHER1,WEATHER2,WORK_ZONE_IND,WORK_ZONE_LOC,WORK_ZONE_TYPE,WORKERS_PRES,WZ_CLOSE_DETOUR,WZ_FLAGGER,WZ_LAW_OFFCR_IND,WZ_LN_CLOSURE,WZ_MOVING,WZ_OTHER,WZ_SHLDER_MDN,WZ_WORKERS_INJ_KILLED
2010074980,1404.0,2,0,0,0,0,0,0,0,0,2,0,,67,7,2010,5,40.0827,-75.0321,1359.0,6,0,0,1,0,0,1,0,0,,0,0,0,13.0,1,2,1,,0,40 04:57.634,,0,75 01:55.598,4,0,0,0,67301,0,0,0,N,0,0,0,2,67301,2,,1,1,,N,N,,0,,0,0,0,3,2,,1348.0,2,2,0,0,0,0,0,3,4,0,2,3,,N,,,,,,,,,,,
2010075067,9999.0,0,0,0,0,0,0,0,0,0,2,0,,67,7,2010,4,40.0216,-75.1244,9999.0,6,0,0,0,1,0,0,0,0,,0,0,0,99.0,1,1,1,,0,40 01:17.655,,0,75 07:27.663,4,0,0,2,67301,0,0,0,N,0,0,0,2,67301,1,,1,1,,N,N,,0,,0,0,0,3,2,,9999.0,1,2,0,0,0,0,1,3,4,0,2,3,,N,,,,,,,,,,,
2010075083,1434.0,2,0,0,0,0,0,0,0,0,4,0,,67,7,2010,5,40.1323,-75.0116,1416.0,6,0,0,0,0,0,0,0,2,,0,0,0,14.0,1,1,0,,0,40 07:56.291,,7,75 00:41.710,3,0,0,0,67301,0,0,0,,0,0,0,2,67301,0,,1,1,,N,N,,0,,1,0,0,0,0,,1410.0,1,2,0,0,0,0,0,3,4,0,2,3,,N,,,,,,,,,,,
2010075091,305.0,1,0,0,0,0,0,0,0,0,2,0,,67,7,2010,2,40.0107,-75.1508,259.0,6,0,0,0,0,0,0,0,0,1.0,0,0,0,2.0,3,1,1,,2,40 00:38.544,1.0,0,75 09:02.934,3,0,0,1,67301,0,0,0,N,0,0,0,2,67301,0,,1,1,,N,N,,0,,1,0,0,3,2,Y,250.0,1,2,0,0,0,0,0,3,4,0,2,3,,N,,,,,,,,,,,
2010064705,1705.0,2,0,0,0,0,0,0,0,0,4,0,,67,6,2010,5,40.0573,-75.1406,1700.0,6,0,0,0,0,0,0,0,0,,0,0,0,15.0,1,2,1,,0,40 03:26.326,,0,75 08:26.228,4,0,0,0,67301,0,0,0,,0,0,0,2,67301,2,,1,1,,N,N,,0,,0,0,0,3,3,,1530.0,2,2,0,0,0,0,0,3,4,0,2,3,,N,,,,,,,,,,,
2010045079,1145.0,2,0,0,0,0,0,0,0,0,1,0,,67,3,2010,4,39.9513,-75.1503,1136.0,6,0,0,0,0,0,1,0,0,,0,0,0,11.0,1,1,0,,0,39 57:04.523,,0,75 09:00.908,4,0,0,0,67301,0,0,0,N,0,0,0,2,67301,1,,1,1,,N,N,,0,,0,0,0,0,0,,1136.0,1,2,0,0,0,0,0,3,4,0,2,3,,N,,,,,,,,,,,
2010045108,437.0,1,0,0,0,0,0,0,0,0,7,0,,67,4,2010,6,39.9132,-75.2433,437.0,6,0,0,0,0,0,0,0,0,2.0,0,0,0,4.0,3,1,0,,1,39 54:47.595,2.0,0,75 14:35.824,8,0,0,0,67301,0,0,0,N,0,0,0,1,67301,0,,2,9,,N,N,,0,,0,0,0,0,0,N,437.0,1,1,0,0,0,1,0,3,4,0,1,7,,N,,,,,,,,,,,
2010074874,907.0,1,0,0,0,0,0,0,0,0,4,0,,67,7,2010,1,39.9585,-75.1659,906.0,6,0,0,0,0,0,1,0,0,,0,0,0,9.0,1,2,1,,0,39 57:30.637,,0,75 09:56.095,4,0,0,0,67301,0,0,0,N,0,0,0,3,67301,2,,1,1,,N,N,,1,,0,0,0,3,2,,905.0,2,2,0,0,0,0,0,3,4,0,2,3,,N,,,,,,,,,,,
2010062007,1833.0,1,0,0,0,0,0,0,0,0,4,0,,67,5,2010,2,39.9861,-75.2348,1834.0,6,0,0,0,0,0,0,0,0,,0,0,0,18.0,1,1,1,,0,39 59:09.999,,0,75 14:05.272,4,0,0,0,67301,1,0,0,,1,0,0,2,67301,1,,1,1,,,,,0,,0,0,0,0,0,,1831.0,1,2,0,0,1,0,0,3,4,0,1,3,,N,,,,,,,,,,,
2010044431,2105.0,2,0,0,0,0,0,0,0,0,1,0,,67,3,2010,5,39.9588,-75.2063,2058.0,6,0,0,0,0,0,2,0,0,,0,0,0,17.0,1,1,1,,0,39 57:31.834,,0,75 12:22.607,4,0,0,0,67301,0,0,0,N,0,0,0,3,67301,1,,1,1,,N,N,,0,,0,0,0,3,3,,1730.0,1,2,0,0,0,0,1,3,4,0,2,3,,N,,,,,,,,,,,
2010084246,119.0,0,0,0,0,0,0,0,0,0,8,0,,67,7,2010,1,39.9692,-75.2284,117.0,6,0,0,0,0,0,0,0,0,,0,1,0,1.0,3,1,1,,0,39 58:09.192,,0,75 13:42.211,4,0,0,0,67301,1,0,0,N,1,0,0,2,67301,1,,1,1,,N,N,,0,,0,0,0,3,3,,116.0,1,2,0,0,0,0,0,3,4,0,1,3,,N,,,,,,,,,,,
2010044526,1838.0,1,0,0,0,0,0,0,0,0,4,0,,67,4,2010,7,39.9249,-75.2335,1838.0,6,0,0,0,0,0,0,0,0,,0,0,0,18.0,1,0,2,,0,39 55:29.640,,0,75 14:00.688,9,0,0,0,67301,0,0,0,N,0,0,0,1,67301,0,,2,1,,N,N,,1,,0,0,0,0,0,,1838.0,0,2,0,0,0,0,1,3,4,0,2,3,,N,,,,,,,,,,,
2010084110,748.0,2,0,0,0,0,0,0,0,0,1,0,,67,7,2010,7,39.9716,-75.2259,747.0,6,0,0,0,0,0,0,0,0,,0,0,0,7.0,1,1,0,,0,39 58:17.541,,0,75 13:33.085,8,0,0,0,67301,0,0,0,N,0,0,0,1,67301,0,,6,1,,N,N,,0,,0,0,0,0,0,,730.0,1,2,0,0,1,1,0,3,4,0,2,3,,N,,,,,,,,,,,
2010062318,2245.0,0,0,0,0,0,0,0,0,0,8,0,,67,5,2010,1,39.9738,-75.2582,2241.0,6,0,0,0,1,0,0,0,0,,0,0,0,99.0,3,1,1,,0,39 58:25.603,,0,75 15:29.678,4,0,0,0,67301,1,0,0,,1,0,0,2,67301,1,,1,1,,,,,0,,0,0,1,3,2,,9999.0,1,2,0,0,0,0,0,3,4,0,1,3,,N,,,,,,,,,,,
2010044743,1404.0,1,0,0,0,0,0,0,0,0,4,0,,67,4,2010,5,40.009,-75.1224,1358.0,6,0,0,0,0,0,0,0,0,,0,0,0,13.0,1,5,0,,0,40 00:32.438,,0,75 07:20.548,4,0,0,0,67301,0,0,0,N,0,0,0,6,67301,5,,1,1,,N,N,,1,,0,0,0,0,0,,1358.0,5,3,0,0,0,0,0,3,4,1,3,3,,N,,,,,,,,,,,
2010044761,2119.0,1,0,0,0,0,0,0,0,0,4,0,,67,4,2010,7,39.9959,-75.1855,2117.0,6,0,0,0,0,0,0,0,0,3.0,0,0,0,21.0,6,2,1,,2,39 59:45.204,5.0,0,75 11:07.659,8,0,0,0,67301,0,0,0,,0,0,0,3,67301,0,,1,1,,,,,0,,0,0,0,0,0,Y,2117.0,2,2,0,0,3,2,0,3,4,1,2,3,,N,,,,,,,,,,,
2010050560,825.0,1,0,0,0,0,0,0,0,0,1,0,,67,5,2010,5,39.9582,-75.1647,819.0,6,0,0,0,0,0,0,0,0,,0,0,0,8.0,1,2,0,,0,39 57:29.651,,0,75 09:52.962,4,0,0,0,67301,0,0,0,N,0,0,0,3,68K01,2,,1,1,,N,N,,0,,0,0,1,0,0,,812.0,2,2,0,0,0,0,0,3,4,0,2,3,,N,,,,,,,,,,,
2010050574,842.0,2,0,0,0,0,0,0,0,0,1,0,,67,5,2010,4,39.9671,-75.1339,837.0,6,0,0,0,0,0,2,0,0,,0,0,0,8.0,1,1,0,,0,39 58:01.338,,0,75 08:02.726,4,0,0,0,67301,0,0,0,N,0,0,0,2,68K01,1,,1,1,,N,N,,0,,0,0,0,0,0,,830.0,1,2,0,0,0,0,0,3,4,0,2,3,,N,,,,,,,,,,,
2010127898,36.0,1,0,0,0,0,0,0,0,0,7,0,,67,12,2010,7,39.9551,-75.1411,31.0,6,0,0,0,0,0,0,0,0,,0,0,0,0.0,3,1,0,,0,39 57:22.255,,2,75 08:30.492,4,0,0,0,67301,0,0,0,N,0,0,0,1,68K01,1,,4,1,,N,N,,0,,0,0,0,0,0,,28.0,1,1,0,0,0,0,0,3,4,0,1,3,,N,,,,,,,,,,,
2010048815,2010.0,0,0,0,0,0,0,0,0,0,8,0,,67,4,2010,7,39.9624,-75.2282,1952.0,6,0,0,0,0,0,1,0,0,,0,0,0,18.0,4,1,0,,0,39 57:44.672,,0,75 13:41.502,8,0,0,0,67301,1,0,0,N,1,0,0,2,67301,0,,1,1,,N,N,,0,,0,0,0,0,0,,1830.0,1,2,0,0,0,1,0,3,4,1,1,3,,N,,,,,,,,,,,
2010057847,1103.0,3,0,0,0,0,0,0,0,0,1,0,,67,6,2010,6,39.9832,-75.2081,1102.0,6,0,0,0,0,0,0,1,0,1.0,0,0,0,11.0,1,0,0,,1,39 59:03.313,3.0,0,75 12:30.015,0,0,0,0,67301,0,0,0,N,0,0,0,3,68K01,0,,1,1,,N,N,,0,,0,0,0,0,0,N,1100.0,0,3,0,0,0,0,0,3,4,0,3,3,,N,,,,,,,,,,,
2010060382,1514.0,1,0,0,0,0,0,0,0,0,1,0,,67,6,2010,6,,,1514.0,6,0,0,0,0,0,0,0,0,,0,0,0,15.0,1,0,7,,0,,,2,,0,0,0,0,67301,0,0,0,N,0,0,0,4,67501,0,,1,1,,N,N,,0,,0,0,1,0,0,,1514.0,0,2,0,0,0,0,0,3,3,0,2,3,,N,,,,,,,,,,,
2010058839,1919.0,2,0,0,0,0,0,0,0,0,4,0,,67,5,2010,3,40.0096,-75.1536,1916.0,6,0,0,0,0,0,1,0,0,,0,0,0,19.0,1,2,1,,0,40 00:34.382,,0,75 09:12.737,4,0,0,0,67301,0,0,0,,0,0,0,2,67301,2,,1,1,,N,N,,0,,0,0,0,3,3,,1913.0,2,2,0,0,0,0,0,3,4,0,2,3,,N,,,,,,,,,,,
2010058908,1555.0,1,0,0,0,0,0,0,0,0,8,0,,67,5,2010,2,39.9418,-75.1508,1552.0,6,0,0,0,0,0,1,0,0,,0,0,0,15.0,1,1,1,,0,39 56:30.552,,0,75 09:02.721,4,0,0,0,67301,1,0,0,N,1,0,0,2,67301,1,,1,9,,N,N,,0,,0,0,0,3,2,,1550.0,1,2,0,0,0,0,0,3,4,0,1,3,,N,,,,,,,,,,,
2010058910,2145.0,1,0,0,0,0,0,0,0,0,2,0,,67,5,2010,5,40.0011,-75.2266,2138.0,6,0,0,0,0,0,0,0,0,,0,0,0,14.0,1,1,0,,0,40 00:03.947,,7,75 13:35.846,8,0,0,1,67301,0,0,0,N,0,0,0,2,67301,0,,9,1,,N,N,,0,,0,0,0,0,0,,1400.0,1,2,0,0,0,1,0,3,4,0,2,3,,N,,,,,,,,,,,
2010070667,1100.0,2,0,0,0,0,0,0,0,0,4,0,,67,6,2010,5,39.9776,-75.1606,1052.0,6,0,0,0,0,0,1,1,0,,0,0,0,10.0,1,1,10,,0,39 58:39.345,,0,75 09:38.332,4,0,0,0,67301,0,0,0,N,0,0,0,2,67301,1,,1,1,,N,N,,0,,0,0,0,3,3,,1050.0,1,2,0,0,0,0,0,3,4,0,2,3,,N,,,,,,,,,,,
2010026297,930.0,0,0,0,0,0,0,0,0,0,5,1,,67,2,2010,6,39.9425,-75.1432,927.0,6,0,0,0,0,0,0,0,0,2.0,0,1,0,9.0,1,1,0,,2,39 56:33.120,2.0,0,75 08:35.594,8,0,0,0,67301,0,0,0,N,0,0,0,3,68K01,0,,1,6,,N,N,,0,,0,0,1,0,0,Y,924.0,1,3,0,0,0,1,0,3,4,1,3,10,,N,,,,,,,,,,,
2010032606,937.0,2,0,0,0,0,0,0,0,0,4,0,,67,3,2010,4,39.9589,-75.1454,936.0,6,0,0,0,0,0,1,1,0,,0,0,0,9.0,1,1,0,,0,39 57:32.109,,0,75 08:43.457,4,0,0,0,67301,0,0,0,,0,0,0,2,67301,1,,1,1,,,,,0,,0,0,0,0,0,,936.0,1,2,0,0,0,0,0,3,4,0,2,3,,N,,,,,,,,,,,
2010030372,1251.0,1,0,0,0,0,0,1,0,0,4,1,,67,2,2010,4,39.9534,-75.2161,1247.0,6,0,0,0,0,0,0,0,0,2.0,0,0,0,12.0,1,2,1,,1,39 57:12.114,3.0,0,75 12:58.132,3,0,0,0,67301,0,0,0,N,0,0,0,11,67301,1,,1,2,,N,N,,0,,1,0,0,3,2,Y,1245.0,2,2,0,0,0,0,8,3,4,0,2,98,,N,,,,,,,,,,,
2010099780,829.0,2,0,0,0,0,0,0,0,0,6,0,,67,8,2010,5,39.9237,-75.1796,827.0,6,0,0,0,0,0,1,0,0,9.0,0,0,0,8.0,1,1,2,,2,39 55:26.257,7.0,0,75 10:40.267,8,0,0,0,67301,0,0,0,N,0,0,0,2,67301,0,,1,1,,N,N,,0,,0,0,0,3,2,Y,826.0,1,2,0,0,0,1,0,3,4,0,2,3,,N,,,,,,,,,,,
2010118052,745.0,1,0,0,0,0,0,0,0,0,8,0,,67,10,2010,5,40.0369,-75.0898,740.0,6,0,0,0,0,0,0,0,0,,0,0,0,7.0,1,1,2,,0,40 02:12.703,,0,75 05:23.290,4,0,0,0,67301,1,0,0,,1,0,0,2,67301,1,,1,1,,N,Y,,0,,0,0,0,0,0,,730.0,1,2,0,0,0,0,0,3,4,0,1,3,,N,,,,,,,,,,,
2010099816,2050.0,1,0,0,1,0,0,0,0,0,4,0,,67,9,2010,5,40.0331,-75.1812,2045.0,6,0,0,0,0,0,0,1,0,,0,0,0,20.0,3,1,1,,0,40 01:59.135,,0,75 10:52.429,4,0,0,0,67301,1,0,0,,0,0,0,2,67301,1,,1,1,,,,,0,,0,0,0,3,2,,2040.0,1,2,0,0,0,0,0,3,4,0,1,3,,N,,,,,,,,,,,
2010099842,1700.0,1,0,0,0,0,0,0,0,0,7,0,,67,9,2010,3,39.9861,-75.0767,1656.0,6,0,0,0,0,0,0,0,0,,0,0,0,16.0,1,0,0,,0,39 59:10.060,,0,75 04:36.130,0,0,0,0,67301,0,0,0,N,0,0,0,3,67301,0,,2,1,,N,N,,0,,0,0,0,0,0,,1652.0,0,1,0,0,0,0,0,3,4,0,1,3,,N,,,,,,,,,,,
2010102375,323.0,0,0,0,1,0,0,0,0,0,5,0,,67,9,2010,7,39.9467,-75.161,322.0,6,0,0,0,0,0,1,0,0,,0,0,0,3.0,3,1,0,,0,39 56:47.977,,0,75 09:39.643,3,0,0,0,67301,1,0,0,N,0,0,0,2,67301,0,,1,1,,N,N,,0,,1,0,1,0,0,,322.0,1,2,0,0,0,0,0,3,4,0,1,3,,N,,,,,,,,,,,
2010097382,2045.0,1,0,0,0,0,0,0,0,0,7,0,,67,9,2010,5,39.9457,-75.1426,2042.0,6,0,0,0,0,0,1,0,0,,0,0,0,20.0,3,1,0,,0,39 56:44.642,,0,75 08:33.232,4,0,0,0,67301,0,0,0,N,0,0,0,1,68K01,1,,2,9,,N,N,,0,,0,0,0,0,0,,2037.0,1,1,0,0,0,0,0,3,4,0,1,7,,N,,,,,,,,,,,
2010118113,620.0,2,0,0,0,0,0,0,0,0,1,0,,67,10,2010,5,40.0201,-75.1512,609.0,6,0,0,0,0,0,1,0,0,1.0,0,0,0,5.0,3,5,0,,2,40 01:12.407,2.0,0,75 09:04.455,4,0,0,0,67301,0,0,0,N,0,0,0,5,67301,5,,1,1,,N,N,,0,,0,0,0,0,0,N,555.0,5,3,0,0,0,0,0,3,4,1,3,3,,N,,,,,,,,,,,
2010086702,1758.0,1,0,0,0,0,0,0,0,0,1,0,,67,8,2010,6,39.9578,-75.161,1745.0,6,0,0,0,0,0,0,0,0,1.0,0,0,0,17.0,1,0,0,,1,39 57:27.915,4.0,0,75 09:39.478,0,0,0,0,67301,0,0,0,N,0,0,0,2,68K01,0,,1,1,,N,N,,0,,0,0,1,0,0,Y,1737.0,0,2,0,0,0,0,0,3,4,0,2,3,,N,,,,,,,,,,,
2010113310,50.0,1,0,0,0,0,0,0,0,0,4,0,,67,10,2010,5,39.9614,-75.1433,47.0,6,0,0,0,0,0,0,0,0,2.0,0,0,0,0.0,3,0,1,,2,39 57:41.068,3.0,0,75 08:35.811,0,0,0,0,67301,0,0,0,N,0,0,0,4,67301,0,,1,1,,N,N,,1,,0,0,0,3,3,Y,40.0,0,2,0,0,0,0,0,3,4,0,2,3,,N,,,,,,,,,,,
2010075000,1330.0,2,0,0,0,0,0,0,0,0,1,0,,67,7,2010,6,39.9921,-75.1026,1326.0,6,0,0,0,0,0,0,0,0,,0,0,0,13.0,1,1,1,,0,39 59:31.635,,0,75 06:09.428,8,0,0,0,67301,0,0,0,N,0,0,0,4,67301,0,,1,9,,N,N,,0,,0,0,0,3,3,,1320.0,1,2,0,0,0,1,1,3,4,0,2,98,,N,,,,,,,,,,,
2010075085,1740.0,2,0,0,0,0,0,0,0,0,4,0,,67,6,2010,6,40.0864,-74.9655,1733.0,6,0,0,0,0,1,0,0,0,,0,0,0,17.0,1,1,0,,0,40 05:11.060,,7,74 57:55.850,8,0,0,0,67301,0,0,0,,0,0,0,4,67301,0,,1,1,,,,,0,,0,0,0,3,3,,1730.0,1,2,0,0,0,1,0,3,4,0,2,3,,N,,,,,,,,,,,
2010044886,1201.0,2,0,0,0,0,0,0,0,0,1,0,,67,3,2010,7,40.0495,-75.0516,1159.0,6,0,0,0,0,0,0,0,0,1.0,0,0,0,11.0,1,1,0,,1,40 02:58.256,2.0,6,75 03:05.617,4,0,0,0,67301,0,0,0,N,0,0,0,4,67301,1,,7,1,,N,N,,0,,0,0,0,0,0,N,1156.0,1,2,0,0,0,0,0,3,4,0,2,3,,N,,,,,,,,,,,
2010053221,9999.0,2,0,0,0,0,0,0,0,0,5,0,,67,4,2010,4,39.9733,-75.2348,9999.0,6,0,0,0,0,0,0,0,0,,0,0,0,23.0,3,2,0,,0,39 58:23.782,,0,75 14:05.262,4,0,0,0,67301,0,0,0,N,0,0,0,4,67301,2,,1,1,,N,N,,0,,0,0,0,0,0,,2310.0,2,2,0,0,0,0,1,3,4,0,2,3,,N,,,,,,,,,,,
2010045277,1732.0,1,0,0,0,0,0,0,0,0,1,0,,67,5,2010,1,39.9626,-75.1392,1718.0,6,0,0,0,0,1,0,0,0,,0,0,0,17.0,1,1,0,,0,39 57:45.917,,0,75 08:20.759,8,0,0,0,67301,0,0,0,N,0,0,0,5,68K01,0,,1,1,,N,N,,0,,0,0,1,0,0,,1714.0,1,2,0,0,0,1,0,3,4,0,2,3,,N,,,,,,,,,,,
2010043401,1604.0,1,0,0,0,0,0,0,0,0,1,0,,67,5,2010,3,39.8997,-75.163,1548.0,6,0,0,0,0,0,0,0,0,,0,0,0,15.0,1,2,0,,0,39 53:59.876,,0,75 09:39.508,8,0,0,0,67301,0,0,0,N,0,0,0,7,68K01,0,,1,1,,N,N,,0,,0,0,0,0,0,,1546.0,2,3,0,0,0,2,0,3,4,2,3,3,,N,,,,,,,,,,,
2010062031,2041.0,1,0,0,0,0,0,0,0,0,4,0,,67,4,2010,5,40.0464,-75.0575,2035.0,6,0,0,0,0,0,0,0,0,3.0,0,0,0,20.0,3,1,0,,2,40 02:46.857,6.0,0,75 03:27.026,8,0,0,1,67301,0,0,0,,0,0,0,5,67301,0,,1,1,,N,N,,0,,0,0,0,0,0,Y,2034.0,1,2,0,0,0,1,2,3,4,0,2,3,,N,,,,,,,,,,,
2010044432,1948.0,2,0,0,0,0,0,0,0,0,4,0,,67,3,2010,2,40.0947,-74.9687,1945.0,6,0,0,0,0,0,0,0,0,,0,0,0,19.0,3,0,1,,0,40 05:41.399,,0,74 58:07.319,0,0,0,0,67301,0,0,0,,0,0,0,2,67301,0,,1,9,,,,,0,,0,0,0,3,2,,1940.0,0,2,0,0,0,0,0,3,4,0,2,7,,N,,,,,,,,,,,
2010062216,1238.0,1,0,0,0,0,0,0,0,0,1,0,,67,6,2010,2,39.9205,-75.1482,1230.0,6,0,0,0,0,0,0,0,0,,0,0,0,12.0,1,1,0,,0,39 55:12.126,,0,75 08:53.533,4,0,0,0,67301,0,0,0,N,0,0,0,5,68K01,1,,1,1,,N,N,,0,,0,0,1,0,0,,1227.0,1,3,0,0,0,0,0,3,4,1,3,3,,N,,,,,,,,,,,
2010044611,1457.0,1,0,0,0,0,0,0,0,0,4,0,,67,4,2010,3,40.0586,-75.0089,1453.0,6,0,0,0,0,0,0,1,0,,0,0,0,14.0,1,1,2,,0,40 03:31.182,,0,75 00:32.433,8,0,0,0,67301,0,0,0,N,0,0,0,2,67301,0,,1,1,,N,N,,0,,0,0,1,0,0,,1453.0,1,2,0,0,0,1,0,3,4,0,2,3,,N,,,,,,,,,,,
2010062335,154.0,0,0,0,0,0,0,0,0,0,8,0,,67,5,2010,1,39.9911,-75.1329,154.0,6,0,0,0,0,0,0,0,0,,1,0,0,1.0,3,0,1,,0,39 59:28.296,,0,75 07:58.428,1,0,0,0,67301,1,1,0,N,1,1,0,2,67301,0,2.0,1,1,,N,N,,0,0.0,0,0,0,3,2,,154.0,0,2,0,0,0,0,0,3,4,0,1,3,,N,,,,,,,,,,,
2010084141,1720.0,2,0,0,0,0,0,0,0,0,4,0,,67,8,2010,3,40.063,-75.0549,1708.0,6,0,0,0,0,0,0,0,0,,0,0,0,16.0,1,1,1,,0,40 03:46.831,,0,75 03:17.585,8,0,0,0,67301,0,0,0,N,0,0,0,3,67301,0,,1,1,,N,N,,0,,0,0,0,3,3,,1649.0,1,2,0,0,0,1,0,3,4,0,2,3,,N,,,,,,,,,,,
2010044693,1600.0,2,0,0,0,0,0,0,0,0,4,0,,67,4,2010,7,40.0747,-75.2078,1552.0,6,0,0,0,0,0,1,0,0,,0,0,0,15.0,1,1,1,,0,40 04:28.747,,0,75 12:27.925,4,0,0,0,67301,0,0,0,N,0,0,0,2,67301,1,,3,1,,N,N,,0,,0,0,0,3,3,,1530.0,1,2,0,0,0,0,0,3,4,0,2,3,,N,,,,,,,,,,,
2010044709,115.0,2,0,0,0,0,0,0,0,0,1,0,,67,3,2010,3,40.0013,-75.1382,107.0,6,0,0,0,0,0,1,0,0,9.0,0,0,0,0.0,3,3,0,,2,40 00:04.816,1.0,0,75 08:17.509,4,0,0,0,67301,1,0,0,N,1,0,0,4,67301,3,,1,1,,N,N,,1,,0,0,0,0,0,Y,54.0,3,4,0,0,0,0,1,3,4,0,3,3,,N,,,,,,,,,,,
2010084590,1835.0,1,0,0,1,0,0,0,0,0,4,0,,67,7,2010,7,40.0122,-75.1129,1835.0,6,0,0,0,1,0,0,0,0,,0,0,0,18.0,1,1,0,,0,40 00:43.866,,7,75 06:46.267,3,0,0,0,67301,1,0,0,,0,0,0,2,67301,0,,1,1,,N,N,,0,,1,0,0,3,3,,1830.0,1,2,0,0,0,0,0,3,4,0,1,3,,N,,,,,,,,,,,
2010084605,1556.0,1,0,0,0,0,0,0,0,0,1,0,,67,8,2010,1,40.041,-75.166,1544.0,6,0,0,0,0,0,0,0,0,,0,0,0,14.0,1,2,0,,0,40 02:27.427,,0,75 09:57.488,4,0,0,0,67301,0,0,0,N,0,0,0,3,67301,2,,1,1,,N,N,,0,,0,0,1,0,0,,1444.0,2,2,0,0,0,0,0,3,4,0,2,3,,N,,,,,,,,,,,
2010082131,1854.0,1,0,0,0,0,0,0,0,0,4,0,,67,7,2010,6,40.0283,-75.12,1847.0,6,0,0,0,0,0,0,0,0,,0,0,0,18.0,1,1,1,,0,40 01:41.935,,0,75 07:12.129,8,0,0,0,67301,0,0,0,N,0,0,0,4,67301,0,,1,1,,N,N,,0,,0,0,1,3,2,,1837.0,1,3,0,0,0,1,0,3,4,1,3,3,,N,,,,,,,,,,,
2010127893,1637.0,1,0,0,0,0,0,0,0,0,7,0,,67,12,2010,2,39.9459,-75.1425,1627.0,6,0,0,0,0,0,0,0,0,1.0,0,0,0,16.0,3,0,0,,2,39 56:45.080,2.0,0,75 08:33.139,0,0,0,0,67301,0,0,0,N,0,0,0,1,68K01,0,,1,1,,N,N,,0,,0,0,0,0,0,N,1623.0,0,1,0,0,0,0,0,3,4,0,1,3,,N,,,,,,,,,,,
2010048809,2315.0,1,0,0,0,0,0,0,0,0,4,0,,67,4,2010,3,40.0037,-75.1502,2300.0,6,0,0,0,0,1,1,0,0,,0,0,0,22.0,3,1,1,,0,40 00:13.158,,0,75 09:00.777,3,0,0,0,67301,0,0,0,N,0,0,0,3,67301,0,,1,1,,N,N,,0,,1,0,0,3,3,,2250.0,1,2,0,0,1,0,0,3,4,1,2,3,,N,,,,,,,,,,,
2010048817,1315.0,0,0,0,0,0,0,0,0,0,4,0,,67,4,2010,5,40.0701,-75.1667,1310.0,6,0,0,0,0,0,0,1,0,,0,0,0,13.0,1,2,1,,0,40 04:12.522,,0,75 10:00.271,4,0,0,0,67301,0,0,0,N,0,0,0,3,67301,2,,1,1,,N,N,,0,,0,0,2,3,2,,1305.0,2,2,0,0,0,0,0,3,4,0,2,3,,N,,,,,,,,,,,
2010057851,1125.0,3,0,0,0,0,0,0,0,0,1,0,,67,6,2010,7,39.958,-75.1636,1122.0,6,0,0,0,0,0,2,0,0,1.0,0,0,0,11.0,1,1,0,,1,39 57:28.801,3.0,0,75 09:48.979,8,0,0,0,67301,0,0,0,N,0,0,0,7,68K01,0,,1,1,,N,N,,0,,0,0,0,0,0,N,1119.0,1,3,0,0,0,1,2,3,4,0,3,3,,N,,,,,,,,,,,