CRN,ARRIVAL_TM,AUTOMOBILE_COUNT,BELTED_DEATH_COUNT,BELTED_SUSP_SERIOUS_INJ_COUNT,BICYCLE_COUNT,BICYCLE_DEATH_COUNT,BICYCLE_SUSP_SERIOUS_INJ_COUNT,BUS_COUNT,CHLDPAS_DEATH_COUNT,CHLDPAS_SUSP_SERIOUS_INJ_COUNT,COLLISION_TYPE,COMM_VEH_COUNT,CONS_ZONE_SPD_LIM,COUNTY,CRASH_MONTH,CRASH_YEAR,DAY_OF_WEEK,DEC_LAT,DEC_LONG,DISPATCH_TM,DISTRICT,DRIVER_COUNT_16YR,DRIVER_COUNT_17YR,DRIVER_COUNT_18YR,DRIVER_COUNT_19YR,DRIVER_COUNT_20YR,DRIVER_COUNT_50_64YR,DRIVER_COUNT_65_74YR,DRIVER_COUNT_75PLUS,EST_HRS_CLOSED,FATAL_COUNT,HEAVY_TRUCK_COUNT,HORSE_BUGGY_COUNT,HOUR_OF_DAY,ILLUMINATION,INJURY_COUNT,INTERSECT_TYPE,INTERSECTION_RELATED,LANE_CLOSED,LATITUDE,LN_CLOSE_DIR,LOCATION_TYPE,LONGITUDE,MAX_SEVERITY_LEVEL,MCYCLE_DEATH_COUNT,MCYCLE_SUSP_SERIOUS_INJ_COUNT,MOTORCYCLE_COUNT,MUNICIPALITY,NONMOTR_COUNT,NONMOTR_DEATH_COUNT,NONMOTR_SUSP_SERIOUS_INJ_COUNT,NTFY_HIWY_MAINT,PED_COUNT,PED_DEATH_COUNT,PED_SUSP_SERIOUS_INJ_COUNT,PERSON_COUNT,POLICE_AGCY,POSSIBLE_INJ_COUNT,RDWY_SURF_TYPE_CD,RELATION_TO_ROAD,ROAD_CONDITION,ROADWAY_CLEARED,SCH_BUS_IND,SCH_ZONE_IND,SECONDARY_CRASH,SMALL_TRUCK_COUNT,SPEC_JURIS_CD,SUSP_MINOR_INJ_COUNT,SUSP_SERIOUS_INJ_COUNT,SUV_COUNT,TCD_FUNC_CD,TCD_TYPE,TFC_DETOUR_IND,TIME_OF_DAY,TOT_INJ_COUNT,TOTAL_UNITS,UNB_DEATH_COUNT,UNB_SUSP_SERIOUS_INJ_COUNT,UNBELTED_OCC_COUNT,UNK_INJ_DEG_COUNT,UNK_INJ_PER_COUNT,URBAN_AREA,URBAN_RURAL,VAN_COUNT,VEHICLE_COUNT,WEATHER1,WEATHER2,WORK_ZONE_IND,WORK_ZONE_LOC,WORK_ZONE_TYPE,WORKERS_PRES,WZ_CLOSE_DETOUR,WZ_FLAGGER,WZ_LAW_OFFCR_IND,WZ_LN_CLOSURE,WZ_MOVING,WZ_OTHER,WZ_SHLDER_MDN,WZ_WORKERS_INJ_KILLED
2010057913,1110.0,1,0,0,0,0,0,0,0,0,4,0,,67,5,2010,7,39.9285,-75.1786,1105.0,6,0,0,0,0,0,0,0,0,,0,0,0,11.0,1,1,2,,0,39 55:42.564,,0,75 10:42.988,4,0,0,0,67301,0,0,0,,0,0,0,3,67301,1,,1,1,,,,,0,,0,0,1,3,3,,1103.0,1,2,0,0,0,0,0,3,4,0,2,3,,N,,,,,,,,,,,
2010058903,1607.0,1,0,0,0,0,0,0,0,0,8,0,,67,5,2010,1,40.032,-75.0791,1603.0,6,0,0,0,0,0,0,0,0,,0,0,0,15.0,1,1,0,,0,40 01:55.215,,0,75 04:44.809,4,0,0,0,67301,1,0,0,,1,0,0,2,67301,1,,1,1,,N,N,,0,,0,0,0,0,0,,1550.0,1,2,0,0,0,0,0,3,4,0,1,3,,N,,,,,,,,,,,
2010058915,750.0,1,0,0,0,0,0,0,0,0,4,0,,67,5,2010,6,39.9908,-75.1309,745.0,6,0,0,0,0,0,2,0,0,,0,0,0,7.0,1,1,1,,0,39 59:27.376,,0,75 07:51.301,4,0,0,0,67301,0,0,0,,0,0,0,4,67301,1,,1,1,,N,N,,0,,0,0,1,3,2,,745.0,1,2,0,0,0,0,0,3,4,0,2,3,,N,,,,,,,,,,,
2010039242,1808.0,2,0,0,0,0,0,0,0,0,1,0,,67,3,2010,3,40.0205,-75.1924,1803.0,6,0,0,0,0,0,1,0,0,,0,0,0,18.0,1,0,1,,0,40 01:13.809,,0,75 11:32.576,0,0,0,0,67301,0,0,0,N,0,0,0,2,67301,0,,1,1,,N,Y,,0,,0,0,0,3,2,,1800.0,0,2,0,0,0,0,0,3,4,0,2,3,,N,,,,,,,,,,,
2010075909,335.0,4,0,0,0,0,0,0,0,0,6,0,,67,7,2010,1,40.008,-75.1367,334.0,6,0,0,0,0,0,0,0,0,,0,0,0,3.0,3,4,2,,0,40 00:28.778,,0,75 08:12.191,8,0,0,0,67301,0,0,0,,0,0,0,6,67301,0,,1,1,,,,,0,,0,0,0,0,0,,327.0,4,4,0,0,2,4,0,3,4,0,4,3,,N,,,,,,,,,,,
2010026299,1950.0,1,0,0,0,0,0,0,0,0,7,0,,67,2,2010,6,39.9864,-75.0922,1947.0,6,0,0,0,0,0,0,0,0,1.0,0,0,0,19.0,3,0,0,,2,39 59:10.806,2.0,0,75 05:32.125,0,0,0,0,67301,0,0,0,N,0,0,0,1,68K01,0,,2,1,,N,N,,0,,0,0,0,0,0,N,1945.0,0,1,0,0,0,0,0,3,4,0,1,3,,N,,,,,,,,,,,
2010026302,904.0,1,0,0,0,0,0,0,0,0,0,0,,67,3,2010,4,39.9788,-75.1093,858.0,6,0,0,0,0,0,0,0,0,,0,0,0,8.0,1,0,0,,0,39 58:44.039,,0,75 06:33.638,0,0,0,0,67301,0,0,0,N,0,0,0,1,68K01,0,,1,1,,N,N,,0,,0,0,0,0,0,,854.0,0,1,0,0,0,0,0,3,4,0,1,3,,N,,,,,,,,,,,
2010099748,146.0,0,0,0,0,0,0,1,0,0,4,1,,67,8,2010,3,39.9474,-75.168,142.0,6,0,0,0,0,0,1,0,0,4.0,0,0,0,1.0,3,2,2,,2,39 56:50.600,1.0,0,75 10:04.875,3,0,0,0,67301,0,0,0,N,0,0,0,3,67301,1,,1,1,,N,N,,0,,1,0,1,3,2,Y,140.0,2,2,0,0,0,0,0,3,4,0,2,3,,N,,,,,,,,,,,
2010115580,1418.0,0,0,1,0,0,0,0,0,0,4,0,,67,10,2010,6,40.0201,-75.0431,1410.0,6,0,0,0,0,0,0,0,0,1.0,0,0,0,12.0,1,2,1,,1,40 01:12.246,3.0,0,75 02:35.428,2,0,0,0,67301,0,0,0,N,0,0,0,2,67301,0,,1,1,,N,N,,0,,0,1,2,3,2,N,1250.0,2,2,0,0,0,1,0,3,4,0,2,3,,N,,,,,,,,,,,
2010112756,1253.0,2,0,0,0,0,0,0,0,0,1,0,,67,11,2010,4,40.0119,-75.2049,1250.0,6,0,0,0,0,0,0,0,0,,0,0,0,12.0,1,1,7,,0,40 00:39.639,,2,75 12:22.116,4,0,0,0,67301,0,0,0,N,0,0,0,2,68K01,1,,1,1,,N,N,,0,,0,0,0,3,3,,1240.0,1,2,0,0,0,0,0,3,4,0,2,3,,N,,,,,,,,,,,
2010112762,302.0,0,0,0,0,0,0,0,0,0,7,0,,67,11,2010,7,39.9529,-75.182,302.0,6,0,0,0,0,0,0,0,0,1.0,0,0,0,3.0,3,2,0,,1,39 57:14.836,3.0,0,75 10:53.099,4,0,0,0,67301,0,0,0,N,0,0,0,2,68K01,2,,3,1,,N,N,,0,,0,0,1,0,0,N,300.0,2,1,0,0,0,0,0,3,4,0,1,3,,N,,,,,,,,,,,
2010115666,1455.0,1,0,0,0,0,0,0,0,0,1,1,,67,11,2010,3,40.0868,-74.9718,1446.0,6,0,0,0,0,0,2,0,0,,0,1,0,14.0,1,1,1,,0,40 05:12.438,,3,74 58:18.635,8,0,0,0,67301,0,0,0,N,0,0,0,2,67301,0,,1,1,,N,N,,0,,0,0,0,3,2,,1439.0,1,2,0,0,0,1,0,3,4,0,2,3,,N,,,,,,,,,,,
2010102405,1320.0,2,0,0,0,0,0,0,0,0,4,0,,67,9,2010,4,39.9773,-75.1982,1317.0,6,0,0,0,0,0,0,0,0,1.0,0,0,0,13.0,1,0,2,,1,39 58:38.175,2.0,0,75 11:53.584,9,0,0,0,67301,0,0,0,N,0,0,0,4,67301,0,,1,1,,N,N,,0,,0,0,1,3,2,N,1317.0,0,3,0,0,0,0,1,3,4,0,3,3,,N,,,,,,,,,,,
2010118087,9999.0,2,0,0,0,0,0,0,0,0,4,0,,67,10,2010,4,39.8946,-75.2367,1944.0,6,0,0,0,0,0,0,0,0,3.0,0,0,0,19.0,3,1,1,,2,39 53:40.603,4.0,0,75 14:12.181,8,0,0,0,67301,0,0,0,,0,0,0,3,67301,0,,1,1,,N,N,,0,,0,0,0,3,2,Y,1944.0,1,2,0,0,0,1,2,3,4,0,2,3,,N,,,,,,,,,,,
2010112996,1835.0,3,0,0,0,0,0,0,0,0,1,0,,67,11,2010,6,40.0368,-75.014,1835.0,6,0,0,1,0,0,1,0,0,,0,0,0,18.0,3,0,0,,0,40 02:12.630,,0,75 00:49.726,0,0,0,0,67301,0,0,0,N,0,0,0,3,68K01,0,,1,1,,N,N,,0,,0,0,0,0,0,,1828.0,0,3,0,0,0,0,0,3,4,0,3,3,,N,,,,,,,,,,,
2010102473,830.0,2,0,0,0,0,0,0,0,0,5,0,,67,9,2010,2,40.0185,-75.1671,825.0,6,0,0,0,0,0,0,0,0,1.0,0,0,0,8.0,1,0,6,,1,40 01:06.762,2.0,2,75 10:01.463,0,0,0,0,67301,0,0,0,N,0,0,0,2,67301,0,,1,1,,N,N,,0,,0,0,0,0,0,N,825.0,0,2,0,0,0,0,0,3,4,0,2,3,,N,,,,,,,,,,,
2010102522,9999.0,2,0,0,0,0,0,0,0,0,1,0,,67,9,2010,6,40.0295,-75.1467,51.0,6,0,0,0,0,0,0,0,0,,0,0,0,23.0,3,1,1,,0,40 01:46.123,,0,75 08:48.184,8,0,0,0,67301,0,0,0,N,0,0,0,3,67301,0,,1,1,,N,N,,0,,0,0,1,3,2,,2300.0,1,3,0,0,0,1,2,3,4,0,3,3,,N,,,,,,,,,,,
2010102545,1050.0,1,0,0,0,0,0,0,0,0,7,0,,67,9,2010,5,40.0289,-75.0895,1045.0,6,0,0,0,0,0,0,0,0,,0,0,0,10.0,1,1,1,,0,40 01:43.697,,0,75 05:23.235,8,0,0,0,67301,1,0,0,N,1,0,0,2,67301,0,,5,1,,N,N,,0,,0,0,0,3,2,,1039.0,1,2,0,0,0,1,0,3,4,0,1,3,,N,,,,,,,,,,,
2010088762,30.0,0,0,0,0,0,0,0,0,0,7,0,,67,8,2010,5,39.9485,-75.1606,20.0,6,0,0,0,0,0,0,0,0,2.0,0,0,0,0.0,3,1,0,,2,39 56:54.603,2.0,0,75 09:38.206,4,0,0,0,67301,1,0,0,N,1,0,0,3,67301,1,,2,1,,N,N,,0,,0,0,1,3,2,Y,15.0,1,2,0,0,1,0,0,3,4,0,1,3,,N,,,,,,,,,,,
2010088779,1506.0,1,0,0,0,0,0,0,0,0,8,0,,67,8,2010,6,39.999,-75.1668,1506.0,6,0,0,0,0,0,0,0,1,,0,0,0,15.0,1,1,0,,0,39 59:56.313,,0,75 10:00.638,4,0,0,0,67301,1,0,0,,1,0,0,2,67301,1,,1,1,,N,N,,0,,0,0,0,0,0,,1500.0,1,2,0,0,1,0,0,3,4,0,1,3,,N,,,,,,,,,,,
2010088789,1352.0,2,0,0,0,0,0,0,0,0,6,0,,67,7,2010,6,40.0276,-75.0283,1318.0,6,0,0,0,0,0,1,0,0,,0,0,0,13.0,1,1,0,,0,40 01:39.235,,0,75 01:41.988,8,0,0,0,67301,0,0,0,N,0,0,0,2,67301,0,,1,1,,N,N,,0,,0,0,0,0,0,,1315.0,1,2,0,0,0,1,0,3,4,0,2,3,,N,,,,,,,,,,,
2010088795,36.0,1,0,0,0,0,0,0,0,0,8,0,,67,8,2010,4,40.0517,-75.1501,35.0,6,0,0,0,0,0,0,0,0,1.0,0,0,0,0.0,3,1,0,,1,40 03:06.001,2.0,0,75 09:00.439,3,0,0,0,67301,1,0,0,N,1,0,0,2,67301,0,,1,1,,N,N,,0,,1,0,0,0,0,N,34.0,1,2,0,0,0,0,0,3,4,0,1,3,,N,,,,,,,,,,,
2010084253,1940.0,1,0,0,0,0,0,0,0,0,4,0,,67,7,2010,7,39.9636,-75.171,1938.0,6,0,0,0,0,0,0,0,0,,0,0,0,19.0,1,2,1,,0,39 57:48.926,,0,75 10:15.586,8,0,0,0,67301,0,0,0,,0,0,0,3,67301,0,,1,1,,,,,0,,0,0,1,3,2,,1938.0,2,2,0,0,0,2,0,3,4,0,2,3,,N,,,,,,,,,,,
2010052345,1645.0,1,0,0,0,0,0,0,0,0,1,0,,67,4,2010,5,40.1227,-75.0157,1639.0,6,0,0,0,0,0,0,0,1,,0,0,0,16.0,1,2,0,,0,40 07:21.897,,7,75 00:56.688,8,0,0,0,67301,0,0,0,N,0,0,0,4,67301,0,,1,1,,N,N,,1,,0,0,0,0,0,,1635.0,2,2,0,0,1,2,0,3,4,0,2,3,,N,,,,,,,,,,,
2010044547,2015.0,1,0,0,0,0,0,0,0,0,4,0,,67,3,2010,2,39.9566,-75.166,2012.0,6,0,0,0,0,0,1,0,0,,0,0,0,20.0,3,0,1,,0,39 57:24.226,,0,75 09:57.465,9,0,0,0,67301,0,0,0,N,0,0,0,2,67301,0,,1,9,,N,N,,1,,0,0,0,3,2,,2010.0,0,2,0,0,0,0,2,3,4,0,2,7,,N,,,,,,,,,,,
2010044317,1940.0,1,0,0,0,0,0,0,0,0,5,0,,67,5,2010,6,39.9837,-75.0977,1940.0,6,0,0,0,0,0,1,0,0,2.0,0,0,0,19.0,4,0,0,,1,39 59:01.039,2.0,2,75 05:52.572,0,0,0,0,67301,0,0,0,N,0,0,0,8,68K01,0,,1,1,,N,N,,0,,0,0,0,0,0,Y,1940.0,0,2,0,0,0,0,0,3,4,1,2,3,,N,,,,,,,,,,,
2010084069,1407.0,1,0,0,0,0,0,0,0,0,1,0,,67,8,2010,6,,,1350.0,6,0,0,0,0,0,1,0,0,,0,0,0,13.0,1,0,0,,0,,,2,,9,0,0,0,67301,0,0,0,N,0,0,0,3,68K01,0,,1,1,,N,N,,0,,0,0,1,0,0,,1340.0,0,3,0,0,0,0,1,3,3,0,3,3,,N,,,,,,,,,,,
2010044588,1228.0,0,0,0,0,0,0,0,0,0,8,0,,67,4,2010,2,39.9934,-75.1713,1224.0,6,0,0,0,0,0,0,0,1,,0,0,0,99.0,1,1,1,,0,39 59:36.402,,0,75 10:16.759,4,0,0,0,67301,1,0,0,N,1,0,0,2,67301,1,,1,1,,N,N,,0,,0,0,1,0,0,,9999.0,1,2,0,0,0,0,0,3,4,0,1,3,,N,,,,,,,,,,,
2010044769,2153.0,2,0,0,0,0,0,0,0,0,4,0,,67,4,2010,7,40.0159,-75.1538,2153.0,6,0,0,0,0,0,0,0,0,1.0,0,0,0,21.0,3,2,1,,1,40 00:57.144,3.0,0,75 09:13.828,4,0,0,0,67301,0,0,0,N,0,0,0,6,37301,2,,1,1,,N,N,,0,,0,0,0,3,2,Y,2149.0,2,2,0,0,0,0,2,3,4,0,2,3,,N,,,,,,,,,,,
2010058039,1630.0,2,0,0,0,0,0,0,0,0,5,1,,67,6,2010,7,39.8985,-75.21,1533.0,6,0,0,0,0,0,2,0,0,2.0,0,1,0,15.0,1,2,0,,2,39 53:54.495,3.0,3,75 12:35.860,4,0,0,0,67301,0,0,0,N,0,0,0,4,67301,2,,1,1,,N,N,,0,,0,0,0,0,0,Y,1532.0,2,3,0,0,0,0,0,3,4,0,3,3,,N,,,,,,,,,,,
2010044860,1145.0,1,0,0,1,0,0,0,0,0,4,0,,67,4,2010,1,39.9435,-75.2467,1145.0,6,0,0,0,0,0,0,1,0,,0,0,0,11.0,1,1,2,,0,39 56:36.552,,0,75 14:48.306,4,0,0,0,67301,1,0,0,N,0,0,0,2,67301,1,,1,1,,N,N,,0,,0,0,0,3,2,,1135.0,1,2,0,0,0,0,0,3,4,0,1,3,,N,,,,,,,,,,,
2010084584,9999.0,0,0,0,1,0,0,0,0,0,5,0,,67,7,2010,4,39.9843,-75.1405,9999.0,6,0,0,0,0,0,0,0,0,,0,0,0,99.0,1,1,1,,0,39 59:03.318,,0,75 08:25.749,4,0,0,0,67301,1,0,0,N,0,0,0,2,67301,1,,1,1,,N,N,,1,,0,0,0,0,0,,9999.0,1,2,0,0,0,0,1,3,4,0,1,3,,N,,,,,,,,,,,
2010050563,1900.0,2,0,0,0,0,0,0,0,0,1,0,,67,5,2010,6,39.8926,-75.2342,1853.0,6,0,0,0,0,0,1,0,0,,0,0,0,18.0,1,1,0,,0,39 53:33.884,,0,75 14:00.996,8,0,0,0,67301,0,0,0,N,0,0,0,2,68K01,0,,1,1,,N,N,,0,,0,0,0,0,0,,1845.0,1,2,0,0,0,1,0,3,4,0,2,3,,N,,,,,,,,,,,
2010082118,107.0,2,0,0,0,0,0,0,0,0,4,0,,67,7,2010,4,40.0047,-75.1769,106.0,6,0,0,0,0,0,0,0,0,,0,0,0,0.0,3,0,1,,0,40 00:16.889,,0,75 10:36.864,0,0,0,0,67301,0,0,0,,0,0,0,2,67301,0,,1,1,,,,,0,,0,0,0,3,2,,55.0,0,2,0,0,0,0,0,3,4,0,2,3,,N,,,,,,,,,,,
2010060290,2147.0,0,0,0,0,0,0,0,0,0,7,0,,67,5,2010,5,39.9239,-75.2449,2140.0,6,0,0,0,0,0,0,0,0,,0,0,0,20.0,3,1,0,,0,39 55:25.870,,0,75 14:41.718,2,0,1,1,67301,0,0,0,,0,0,0,1,67301,0,,3,1,,N,N,,0,,0,1,0,0,0,,2058.0,1,1,0,0,0,0,0,3,4,0,1,3,,N,,,,,,,,,,,
2010060954,1052.0,0,0,0,0,0,0,0,0,0,7,0,,67,6,2010,7,39.9205,-75.1482,1044.0,6,0,0,0,0,0,0,0,0,,0,0,0,10.0,1,0,0,,0,39 55:12.126,,0,75 08:53.533,0,0,0,0,67301,0,0,0,N,0,0,0,1,68K01,0,,4,1,,N,N,,0,,0,0,1,0,0,,1041.0,0,1,0,0,0,0,0,3,4,0,1,3,,N,,,,,,,,,,,
2010058847,847.0,1,0,0,0,0,0,0,0,0,4,0,,67,2,2010,4,40.0912,-74.9663,842.0,6,0,0,0,0,0,0,0,0,,0,0,0,8.0,1,1,0,,0,40 05:28.385,,0,74 57:58.733,8,0,0,0,67301,0,0,0,N,0,0,0,2,67301,0,,1,1,,N,,,1,,0,0,0,0,0,,840.0,1,2,0,0,0,1,0,3,4,0,2,3,,N,,,,,,,,,,,
2010058855,1735.0,0,0,0,0,0,0,0,0,0,8,0,,67,4,2010,5,39.9127,-75.1797,1727.0,6,0,0,0,0,0,0,0,0,9.0,0,0,0,17.0,1,1,2,,1,39 54:45.853,4.0,0,75 10:47.096,3,0,0,0,67301,1,0,0,,1,0,0,2,67301,0,,1,1,,,,,1,,1,0,0,3,3,Y,1727.0,1,2,0,0,0,0,0,3,4,0,1,3,,N,,,,,,,,,,,
2010058912,1118.0,1,0,0,0,0,0,0,0,0,6,0,,67,5,2010,2,40.0296,-75.0868,1114.0,6,0,0,0,0,1,0,0,0,1.0,0,0,0,11.0,1,2,1,,1,40 01:46.571,6.0,0,75 05:12.580,4,0,0,0,67301,0,0,0,,0,0,0,3,67301,2,,1,1,,,,,1,,0,0,0,3,2,N,1112.0,2,2,0,0,0,0,0,3,4,0,2,3,,N,,,,,,,,,,,
2010032607,42.0,1,0,0,0,0,0,0,0,0,4,0,,67,2,2010,1,39.964,-75.1628,35.0,6,0,0,0,0,0,0,0,0,,0,0,0,0.0,3,0,1,,0,39 57:50.418,,0,75 09:46.090,0,0,0,0,67301,0,0,0,,0,0,0,2,67301,0,,1,1,,,,,0,,0,0,1,3,3,,25.0,0,2,0,0,0,0,0,3,4,0,2,3,,N,,,,,,,,,,,
2010032608,819.0,1,0,0,0,0,0,0,0,0,4,0,,67,3,2010,3,40.0808,-75.0286,813.0,6,0,0,0,0,0,1,0,0,,0,0,0,8.0,1,1,1,,0,40 04:50.725,,0,75 01:42.964,8,0,0,0,67301,0,0,0,N,0,0,0,2,67301,0,,1,1,,N,N,,0,,0,0,1,3,2,,800.0,1,2,0,0,0,1,0,3,4,0,2,3,,N,,,,,,,,,,,
2010068579,1800.0,1,0,0,0,0,0,0,0,0,1,0,,67,7,2010,1,39.9591,-75.1808,1800.0,6,0,0,0,0,0,0,0,0,,0,0,0,17.0,1,0,6,,0,39 57:27.720,,2,75 10:49.080,0,0,0,0,67301,0,0,0,N,0,0,0,2,68K01,0,,1,1,,N,N,,0,,0,0,1,0,0,,1755.0,0,2,0,0,0,0,0,3,4,0,2,3,,N,,,,,,,,,,,
2010083563,1519.0,2,0,0,0,0,0,0,0,0,4,0,,67,9,2010,4,40.1143,-74.9879,1515.0,6,0,0,0,0,0,0,0,0,1.0,0,0,0,15.0,1,0,1,,1,40 06:51.356,3.0,0,74 59:16.486,0,0,0,0,67301,0,0,0,N,0,0,0,2,67301,0,,1,1,,N,N,,0,,0,0,0,3,2,N,1512.0,0,2,0,0,0,0,0,3,4,0,2,3,,N,,,,,,,,,,,
2010099812,1738.0,3,0,0,0,0,0,0,0,0,1,0,,67,9,2010,1,40.0333,-75.1312,1736.0,6,0,0,0,0,0,0,1,0,,0,0,0,17.0,1,2,0,,0,40 01:59.893,,0,75 07:52.262,3,0,0,0,67301,0,0,0,N,0,0,0,4,67301,0,,1,1,,N,N,,0,,1,0,0,0,0,,1730.0,2,3,0,0,0,1,0,3,4,0,3,3,,N,,,,,,,,,,,
2010110678,1627.0,1,0,0,0,0,0,0,0,0,7,0,,67,11,2010,7,39.9575,-75.1475,1611.0,6,0,0,1,0,0,0,0,0,1.0,0,0,0,16.0,1,1,0,,1,39 57:27.416,3.0,0,75 08:54.148,8,0,0,0,67301,0,0,0,N,0,0,0,1,68K01,0,,2,1,,N,N,,0,,0,0,0,0,0,N,1609.0,1,1,0,0,0,1,0,3,4,0,1,3,,N,,,,,,,,,,,
2010110744,1228.0,2,0,0,0,0,0,0,0,0,4,0,,67,10,2010,5,40.0115,-75.0698,1225.0,6,0,0,0,0,0,0,0,0,,0,0,0,12.0,1,0,1,,0,40 00:41.506,,0,75 04:11.278,0,0,0,0,67301,0,0,0,N,0,0,0,2,67301,0,,1,9,,N,N,,0,,0,0,0,3,2,,1210.0,0,2,0,0,0,0,0,3,4,0,2,7,,N,,,,,,,,,,,
2010102498,905.0,1,0,0,0,0,0,0,0,0,8,0,,67,9,2010,6,40.0389,-75.0833,900.0,6,0,0,0,0,0,0,0,0,,0,0,0,9.0,1,1,1,,0,40 02:20.090,,0,75 04:59.750,8,0,0,0,67301,1,0,0,N,1,0,0,2,67301,0,,1,1,,N,N,,0,,0,0,0,3,2,,900.0,1,2,0,0,1,1,0,3,4,0,1,3,,N,,,,,,,,,,,
2010118388,1044.0,1,0,0,1,0,0,0,0,0,5,0,,67,10,2010,5,39.9506,-75.194,1039.0,6,0,0,0,0,0,1,0,0,,0,0,0,10.0,1,1,0,,0,39 57:02.196,,0,75 11:38.500,3,0,0,0,67301,1,0,0,N,0,0,0,3,67301,0,,1,1,,N,N,,0,,1,0,0,0,0,,1039.0,1,2,0,0,1,0,0,3,4,0,1,3,,N,,,,,,,,,,,
2010034173,1855.0,2,0,0,0,0,0,0,0,0,4,0,,67,3,2010,6,40.0518,-75.0878,1851.0,6,0,0,0,0,0,0,0,0,,0,0,0,18.0,3,3,1,,0,40 03:06.566,,0,75 05:16.058,8,0,0,0,67301,0,0,0,N,0,0,0,5,67301,0,,1,1,,N,N,,0,,0,0,0,3,3,,1849.0,3,2,0,0,0,3,0,3,4,0,2,3,,N,,,,,,,,,,,
2010078319,122.0,1,0,0,0,0,0,0,0,0,1,0,,67,6,2010,4,40.0149,-75.0802,119.0,6,0,0,0,0,0,0,0,0,,0,0,0,0.0,2,1,1,,0,40 00:53.564,,0,75 04:48.655,8,0,0,0,67301,1,0,0,N,0,0,0,2,67301,0,,1,1,,N,N,,1,,0,0,0,3,3,,4.0,1,2,0,0,0,1,0,3,4,0,2,3,,N,,,,,,,,,,,
2010093317,1944.0,1,0,0,0,0,0,0,0,0,4,0,,67,8,2010,1,39.9939,-75.1545,1942.0,6,0,0,0,0,1,0,0,0,9.0,0,0,0,99.0,4,1,1,,1,39 59:38.150,1.0,0,75 09:16.063,3,0,0,1,67301,0,0,0,,0,0,0,2,67301,0,,1,9,,,,,0,,1,0,0,3,2,Y,9999.0,1,2,0,0,0,0,0,3,4,0,2,99,,N,,,,,,,,,,,
2010093687,1630.0,2,0,0,0,0,0,0,0,0,4,0,,67,8,2010,6,40.0845,-74.9737,1625.0,6,0,0,1,0,0,1,0,0,2.0,0,0,0,16.0,1,2,1,,1,40 05:04.128,1.0,0,74 58:25.148,8,0,0,0,67301,0,0,0,,0,0,0,3,67301,0,,1,1,,,,,0,,0,0,0,3,2,N,1621.0,2,2,0,0,1,2,1,3,4,0,2,3,,N,,,,,,,,,,,
2010091229,2136.0,0,0,0,0,0,0,0,0,0,8,0,,67,8,2010,1,39.9955,-75.137,2136.0,6,0,0,0,0,0,0,0,0,,0,0,0,18.0,1,2,0,,0,39 59:43.918,,0,75 08:13.182,3,0,0,1,67301,1,0,0,N,1,0,0,3,67301,1,,1,1,,N,N,,0,,1,0,0,0,0,,1822.0,2,2,0,0,0,0,0,3,4,0,1,3,,N,,,,,,,,,,,
2010088784,1255.0,0,0,0,0,0,0,0,0,0,4,0,,67,8,2010,5,40.0445,-75.1931,1249.0,6,0,0,0,0,0,0,0,0,,0,0,0,12.0,1,0,1,,0,40 02:40.301,,0,75 11:35.235,0,0,0,0,67301,0,0,0,N,0,0,0,3,67301,0,,1,9,,N,N,,0,,0,0,2,3,2,,1245.0,0,2,0,0,0,0,0,3,4,0,2,3,,N,,,,,,,,,,,
2010125714,139.0,1,0,0,0,0,0,0,0,0,7,0,,67,12,2010,2,39.9439,-75.1427,134.0,6,0,0,1,0,0,0,0,0,2.0,0,0,0,1.0,3,2,0,,2,39 56:38.372,1.0,0,75 08:33.505,3,0,0,0,67301,0,0,0,N,0,0,0,2,68K01,0,,4,9,,N,N,,0,,2,0,0,0,0,N,132.0,2,1,0,0,0,0,0,3,4,0,1,7,,N,,,,,,,,,,,
2010086007,1150.0,1,0,0,0,0,0,0,0,0,8,0,,67,7,2010,1,39.9368,-75.1736,1141.0,6,0,0,0,0,0,1,0,0,,0,0,0,11.0,1,1,1,,0,39 56:12.307,,0,75 10:24.884,8,0,0,0,67301,1,0,0,N,1,0,0,2,67301,0,,1,1,,N,N,,0,,0,0,0,3,3,,1138.0,1,2,0,0,0,1,0,3,4,0,1,3,,N,,,,,,,,,,,
2010103103,1940.0,1,0,0,0,0,0,0,0,0,8,0,,67,9,2010,7,40.0306,-75.0799,1935.0,6,0,0,0,0,0,0,0,0,,0,0,0,19.0,3,1,1,,0,40 01:50.098,,0,75 04:47.636,8,0,0,0,67301,1,0,0,N,1,0,0,2,67301,0,,1,1,,N,N,,0,,0,0,0,0,0,,1900.0,1,2,0,0,0,1,0,3,4,0,1,3,,N,,,,,,,,,,,
2010088228,1444.0,2,0,0,0,0,0,0,0,0,1,0,,67,9,2010,6,39.9954,-75.2389,1440.0,6,0,0,0,0,0,1,0,0,,0,0,0,14.0,1,3,0,,0,39 59:43.535,,0,75 14:20.009,3,0,0,0,67301,0,0,0,N,0,0,0,5,46104,1,,1,1,,N,N,,0,,1,0,0,0,0,,1439.0,3,3,0,0,0,1,1,3,4,1,3,3,,N,,,,,,,,,,,
2010103017,1258.0,4,0,0,0,0,0,0,0,0,4,0,,67,9,2010,6,39.9673,-75.1754,1256.0,6,0,0,0,0,0,0,0,0,,0,0,0,12.0,1,1,1,,0,39 58:02.431,,0,75 10:31.324,8,0,0,0,67301,0,0,0,N,0,0,0,2,67301,0,,1,1,,N,N,,0,,0,0,0,3,2,,1256.0,1,4,0,0,0,1,0,3,4,0,4,3,,N,,,,,,,,,,,