CRN,ARRIVAL_TM,AUTOMOBILE_COUNT,BELTED_DEATH_COUNT,BELTED_SUSP_SERIOUS_INJ_COUNT,BICYCLE_COUNT,BICYCLE_DEATH_COUNT,BICYCLE_SUSP_SERIOUS_INJ_COUNT,BUS_COUNT,CHLDPAS_DEATH_COUNT,CHLDPAS_SUSP_SERIOUS_INJ_COUNT,COLLISION_TYPE,COMM_VEH_COUNT,CONS_ZONE_SPD_LIM,COUNTY,CRASH_MONTH,CRASH_YEAR,DAY_OF_WEEK,DEC_LAT,DEC_LONG,DISPATCH_TM,DISTRICT,DRIVER_COUNT_16YR,DRIVER_COUNT_17YR,DRIVER_COUNT_18YR,DRIVER_COUNT_19YR,DRIVER_COUNT_20YR,DRIVER_COUNT_50_64YR,DRIVER_COUNT_65_74YR,DRIVER_COUNT_75PLUS,EST_HRS_CLOSED,FATAL_COUNT,HEAVY_TRUCK_COUNT,HORSE_BUGGY_COUNT,HOUR_OF_DAY,ILLUMINATION,INJURY_COUNT,INTERSECT_TYPE,INTERSECTION_RELATED,LANE_CLOSED,LATITUDE,LN_CLOSE_DIR,LOCATION_TYPE,LONGITUDE,MAX_SEVERITY_LEVEL,MCYCLE_DEATH_COUNT,MCYCLE_SUSP_SERIOUS_INJ_COUNT,MOTORCYCLE_COUNT,MUNICIPALITY,NONMOTR_COUNT,NONMOTR_DEATH_COUNT,NONMOTR_SUSP_SERIOUS_INJ_COUNT,NTFY_HIWY_MAINT,PED_COUNT,PED_DEATH_COUNT,PED_SUSP_SERIOUS_INJ_COUNT,PERSON_COUNT,POLICE_AGCY,POSSIBLE_INJ_COUNT,RDWY_SURF_TYPE_CD,RELATION_TO_ROAD,ROAD_CONDITION,ROADWAY_CLEARED,SCH_BUS_IND,SCH_ZONE_IND,SECONDARY_CRASH,SMALL_TRUCK_COUNT,SPEC_JURIS_CD,SUSP_MINOR_INJ_COUNT,SUSP_SERIOUS_INJ_COUNT,SUV_COUNT,TCD_FUNC_CD,TCD_TYPE,TFC_DETOUR_IND,TIME_OF_DAY,TOT_INJ_COUNT,TOTAL_UNITS,UNB_DEATH_COUNT,UNB_SUSP_SERIOUS_INJ_COUNT,UNBELTED_OCC_COUNT,UNK_INJ_DEG_COUNT,UNK_INJ_PER_COUNT,URBAN_AREA,URBAN_RURAL,VAN_COUNT,VEHICLE_COUNT,WEATHER1,WEATHER2,WORK_ZONE_IND,WORK_ZONE_LOC,WORK_ZONE_TYPE,WORKERS_PRES,WZ_CLOSE_DETOUR,WZ_FLAGGER,WZ_LAW_OFFCR_IND,WZ_LN_CLOSURE,WZ_MOVING,WZ_OTHER,WZ_SHLDER_MDN,WZ_WORKERS_INJ_KILLED
2010125098,1630.0,1,0,0,0,0,0,0,0,0,8,0,,67,11,2010,1,40.0414,-75.1441,1620.0,6,0,0,0,0,0,0,0,0,,0,0,0,16.0,1,1,1,,0,40 02:28.894,,0,75 08:39.243,8,0,0,0,67301,1,0,0,N,1,0,0,2,67301,0,,1,1,,N,N,,0,,0,0,0,2,2,,1600.0,1,2,0,0,0,1,0,3,4,0,1,3,,N,,,,,,,,,,,
2010125111,2326.0,1,0,0,0,0,0,0,0,0,1,0,,67,11,2010,4,39.9274,-75.1841,2325.0,6,0,0,0,0,0,0,0,0,3.0,0,0,0,23.0,3,0,0,,2,39 55:38.650,2.0,0,75 11:02.760,0,0,0,0,67301,0,0,0,N,0,0,0,1,67301,0,,6,1,,N,N,,1,,0,0,1,0,0,Y,2325.0,0,4,0,0,0,0,0,3,4,1,4,3,,N,,,,,,,,,,,
2010114243,2057.0,0,0,0,0,0,0,0,0,0,4,0,,67,10,2010,7,39.9397,-75.1815,2056.0,6,0,0,0,0,0,0,0,0,,0,0,0,20.0,3,2,1,,0,39 56:22.862,,0,75 10:53.371,8,0,0,0,67301,0,0,0,N,0,0,0,2,67301,0,,1,1,,N,N,,0,,0,0,2,3,2,,2053.0,2,2,0,0,0,2,0,3,4,0,2,3,,N,,,,,,,,,,,
2010040364,1219.0,1,0,0,0,0,0,0,0,0,7,0,,67,2,2010,7,39.9945,-75.1986,1213.0,6,0,0,0,0,0,0,0,0,1.0,0,0,0,12.0,1,1,0,,2,39 59:43.568,3.0,0,75 11:51.964,8,0,0,0,67301,0,0,0,N,0,0,0,2,68K01,0,,3,9,,N,N,,0,,0,0,1,0,0,N,1210.0,1,2,0,0,0,1,0,3,4,0,2,3,,N,,,,,,,,,,,
2010070777,417.0,2,0,0,0,0,0,0,0,0,4,0,,67,6,2010,7,40.0475,-75.1301,415.0,6,0,0,0,0,1,0,0,0,1.0,0,0,0,4.0,3,1,1,,2,40 02:50.946,7.0,0,75 07:48.406,4,0,0,0,67301,0,0,0,N,0,0,0,2,67301,1,,1,1,,N,N,,0,,0,0,0,3,3,N,407.0,1,2,0,0,0,0,0,3,4,0,2,3,,N,,,,,,,,,,,
2010062667,315.0,1,0,0,0,0,0,0,0,0,7,0,,67,5,2010,3,40.0312,-75.0217,307.0,6,0,0,0,0,0,0,0,0,,0,0,0,3.0,3,1,2,,0,40 01:52.459,,0,75 01:18.271,4,0,0,0,67301,0,0,0,N,0,0,0,1,67301,1,,5,9,,N,N,,0,,0,0,0,3,2,,300.0,1,1,0,0,0,0,0,3,4,0,1,7,,N,,,,,,,,,,,
2010044442,1122.0,0,0,0,0,0,0,0,0,0,8,0,,67,3,2010,6,39.979,-75.2168,1118.0,6,0,0,0,0,0,0,0,0,,0,0,0,10.0,1,1,2,,0,39 58:44.458,,0,75 13:00.396,3,0,0,0,67301,1,0,0,,1,0,0,2,67301,0,,1,9,,,,,0,,1,0,0,3,3,,1045.0,1,2,0,0,0,0,0,3,4,1,1,3,,N,,,,,,,,,,,
2010084213,148.0,1,0,0,0,0,0,0,0,0,7,0,,67,7,2010,6,40.0072,-75.1234,146.0,6,0,0,0,0,0,0,0,0,,0,0,0,1.0,3,0,1,,0,40 00:25.981,,0,75 07:24.378,9,0,0,0,67301,0,0,0,N,0,0,0,1,67301,0,,5,1,,N,N,,0,,0,0,0,3,2,,140.0,0,1,0,0,0,0,1,3,4,0,1,3,,N,,,,,,,,,,,
2010062235,1801.0,2,0,0,0,0,0,0,0,0,4,0,,67,6,2010,1,39.9388,-75.1644,1800.0,6,0,0,0,0,0,0,0,0,,0,0,0,17.0,1,1,1,,0,39 56:19.683,,0,75 09:51.692,4,0,0,0,67301,0,0,0,N,0,0,0,3,67301,1,,1,1,,N,N,,0,,0,0,0,3,3,,1759.0,1,2,0,0,0,0,0,3,4,0,2,3,,N,,,,,,,,,,,
2010044559,1358.0,2,0,0,0,0,0,0,0,0,1,0,,67,3,2010,6,39.9574,-75.2293,1347.0,6,0,0,0,0,0,1,0,0,,0,0,0,11.0,1,1,0,,0,39 57:26.773,,0,75 13:45.592,8,0,0,0,67301,0,0,0,N,0,0,0,2,67301,0,,1,9,,N,N,,0,,0,0,0,0,0,,1100.0,1,2,0,0,0,1,0,3,4,0,2,7,,N,,,,,,,,,,,
2010062243,1432.0,1,0,0,1,0,0,0,0,0,5,0,,67,5,2010,6,39.9712,-75.1579,1430.0,6,0,0,0,0,0,0,0,0,9.0,0,0,0,14.0,1,1,0,,1,39 58:16.306,3.0,0,75 09:28.468,8,0,0,0,67301,1,0,0,,0,0,0,2,67301,0,,1,1,,,,,0,,0,0,0,0,0,N,1430.0,1,2,0,0,0,1,1,3,4,0,1,3,,N,,,,,,,,,,,
2010064838,1558.0,1,0,0,0,0,0,0,0,0,1,0,,67,7,2010,6,40.1034,-75.0041,1552.0,6,0,0,0,0,0,0,0,0,1.0,0,0,0,15.0,1,0,0,,2,40 06:12.066,2.0,0,75 00:14.672,0,0,0,0,67301,0,0,0,N,0,0,0,3,67301,0,,1,1,,N,N,,0,,0,0,1,0,0,N,1550.0,0,2,0,0,1,0,0,3,4,0,2,3,,N,,,,,,,,,,,
2010044320,720.0,2,0,0,0,0,0,0,0,0,1,0,,67,5,2010,1,39.9817,-75.2072,716.0,6,0,0,0,0,0,1,0,0,,0,0,0,7.0,1,0,0,,0,39 58:58.263,,0,75 12:28.342,0,0,0,0,67301,0,0,0,N,0,0,0,2,68K01,0,,1,1,,N,N,,0,,0,0,0,0,0,,716.0,0,2,0,0,0,0,0,3,4,0,2,3,,N,,,,,,,,,,,
2010044616,2044.0,1,0,0,0,0,0,0,0,0,4,0,,67,4,2010,1,40.0666,-75.0511,2043.0,6,0,0,0,0,0,0,0,0,,0,0,0,20.0,3,1,1,,0,40 03:59.676,,0,75 03:04.085,4,0,0,0,67301,0,0,0,,0,0,0,5,67301,1,,1,1,,N,N,,0,,0,0,0,3,2,,2040.0,1,2,0,0,0,0,0,3,4,1,2,3,,N,,,,,,,,,,,
2010081606,905.0,1,0,0,0,0,0,0,0,0,4,0,,67,7,2010,6,39.9624,-75.2447,857.0,6,0,0,0,0,0,1,0,0,,0,0,0,8.0,1,1,1,,0,39 57:44.550,,0,75 14:41.174,4,0,0,0,67301,0,0,0,N,0,0,0,2,67301,1,,1,1,,N,N,,0,,0,0,1,3,2,,850.0,1,2,0,0,0,0,0,3,4,0,2,3,,N,,,,,,,,,,,
2010081635,535.0,2,0,0,0,0,0,0,0,0,4,0,,67,7,2010,2,40.0525,-75.2271,530.0,6,0,0,0,0,0,0,0,0,2.0,0,0,0,5.0,1,2,1,,1,40 03:09.105,2.0,0,75 13:37.712,4,0,0,0,67301,0,0,0,N,0,0,0,2,67301,1,,1,1,,N,N,,0,,0,0,0,3,2,N,525.0,2,2,0,0,0,1,0,3,4,0,2,3,,N,,,,,,,,,,,
2010044711,805.0,1,0,0,0,0,0,0,0,0,4,0,,67,4,2010,4,40.0903,-75.0199,801.0,6,0,0,0,0,0,1,0,0,1.0,0,0,0,7.0,1,2,0,,1,40 05:25.056,2.0,6,75 01:11.784,3,0,0,0,67301,0,0,0,,0,0,0,3,67301,0,,1,1,,,,,0,,1,0,1,0,0,N,740.0,2,2,0,0,0,1,0,3,4,0,2,3,,N,,,,,,,,,,,
2010044741,921.0,0,0,0,0,0,0,0,0,0,8,0,,67,3,2010,1,39.9562,-75.1774,920.0,6,0,0,0,0,0,0,1,0,,0,0,0,9.0,1,1,2,,0,39 57:22.190,,0,75 10:38.582,3,0,0,0,67301,1,0,0,N,1,0,0,2,67301,0,,1,1,,,,,1,,1,0,0,3,3,,910.0,1,2,0,0,1,0,0,3,4,0,1,3,,N,,,,,,,,,,,
2010065930,1127.0,2,0,0,0,0,0,0,0,0,1,0,,67,7,2010,4,40.0201,-75.0443,1119.0,6,0,0,0,0,0,1,0,0,1.0,0,0,0,11.0,1,0,0,,1,40 01:12.063,2.0,0,75 02:39.771,0,0,0,0,67301,0,0,0,N,0,0,0,5,68K01,0,,1,1,,N,N,,2,,0,0,0,0,0,N,1116.0,0,4,0,0,0,0,0,3,4,0,4,3,,N,,,,,,,,,,,
2010048827,1705.0,1,0,0,1,0,0,0,0,0,4,0,,67,4,2010,1,40.0546,-75.1917,1659.0,6,0,0,0,0,0,0,1,0,,0,0,0,14.0,1,1,1,,0,40 03:16.646,,0,75 11:30.220,4,0,0,0,67301,1,0,0,N,0,0,0,2,67301,1,,1,1,,N,N,,0,,0,0,0,3,3,,1430.0,1,2,0,0,0,0,0,3,4,0,1,3,,N,,,,,,,,,,,
2010060304,1922.0,1,0,0,0,0,0,0,0,0,4,0,,67,5,2010,6,40.0358,-75.0704,1922.0,6,0,0,0,1,0,0,0,0,2.0,0,0,0,19.0,1,2,0,,1,40 02:08.795,1.0,7,75 04:13.397,4,0,0,0,67301,0,0,0,,0,0,0,4,67301,2,,1,1,,,,,0,,0,0,1,0,0,N,1915.0,2,2,0,0,1,0,0,3,4,0,2,3,,N,,,,,,,,,,,
2010070180,1635.0,2,0,0,0,0,0,0,0,0,1,0,,67,6,2010,4,39.9959,-75.0831,1631.0,6,0,0,0,0,1,0,0,0,1.0,0,0,0,16.0,1,1,0,,1,39 59:44.924,2.0,0,75 04:59.509,4,0,0,0,67301,0,0,0,N,0,0,0,4,68K01,1,,1,1,,N,N,,0,,0,0,0,0,0,N,1631.0,1,2,0,0,0,0,0,3,4,0,2,3,,N,,,,,,,,,,,
2010039233,928.0,1,0,0,0,0,0,0,0,0,7,0,,67,3,2010,3,39.9139,-75.2436,928.0,6,0,0,0,0,0,0,0,0,,0,0,0,9.0,1,1,0,,0,39 54:49.949,,0,75 14:37.000,4,0,0,0,67301,0,0,0,N,0,0,0,1,67301,1,,5,1,,N,N,,0,,0,0,0,0,0,,926.0,1,1,0,0,0,0,0,3,4,0,1,3,,N,,,,,,,,,,,
2010039251,1703.0,2,0,0,0,0,0,0,0,0,4,0,,67,3,2010,2,39.9261,-75.2248,1700.0,6,0,0,0,0,0,1,0,0,1.0,0,0,0,17.0,1,1,1,,1,39 55:33.882,3.0,0,75 13:29.323,4,0,0,0,67301,0,0,0,,0,0,0,2,67301,1,,1,1,,N,N,,0,,0,0,0,2,2,Y,1700.0,1,2,0,0,0,0,0,3,4,0,2,3,,N,,,,,,,,,,,
2010075879,908.0,1,0,0,0,0,0,0,0,0,4,1,,67,7,2010,5,39.9262,-75.1457,907.0,6,0,0,0,0,0,0,0,0,,0,1,0,9.0,1,0,1,,0,39 55:34.782,,2,75 08:46.917,0,0,0,0,67301,0,0,0,,0,0,0,3,67301,0,,1,1,,,,,0,,0,0,0,3,3,,906.0,0,2,0,0,0,0,0,3,4,0,2,3,,N,,,,,,,,,,,
2010075907,1924.0,1,0,0,0,0,0,0,0,0,8,0,,67,7,2010,2,40.0448,-75.1259,1922.0,6,0,0,0,0,0,1,0,0,,0,0,0,19.0,4,1,0,,0,40 02:41.125,,0,75 07:33.117,4,0,0,0,67301,1,0,0,,1,0,0,2,67301,1,,1,9,,N,N,,0,,0,0,0,0,0,,1922.0,1,2,0,0,1,0,0,3,4,0,1,7,,N,,,,,,,,,,,
2010026395,1030.0,0,0,0,0,0,0,0,0,0,7,1,,67,2,2010,6,39.9579,-75.1404,1019.0,6,0,0,0,0,0,0,0,0,2.0,0,1,0,10.0,1,2,0,,1,39 57:23.930,3.0,2,75 08:31.593,4,0,0,0,67301,0,0,0,Y,0,0,0,3,68K01,2,,3,9,,N,N,,0,,0,0,1,0,0,N,1015.0,2,2,0,0,0,0,0,3,4,0,2,10,,N,,,,,,,,,,,
2010104927,22.0,0,0,0,0,0,0,0,0,0,1,0,,67,9,2010,5,39.9547,-75.1947,22.0,6,0,0,0,0,0,0,0,0,,0,0,0,0.0,3,0,0,,0,39 57:16.925,,0,75 11:40.911,0,0,0,0,67301,0,0,0,N,0,0,0,1,67301,0,,6,1,,N,N,,0,,0,0,2,0,0,,22.0,0,2,0,0,0,0,0,3,4,0,2,3,,N,,,,,,,,,,,
2010104960,2305.0,3,0,0,0,0,0,0,0,0,4,0,,67,9,2010,2,40.1008,-74.9749,2259.0,6,0,0,0,1,0,0,0,0,,0,0,0,22.0,3,1,0,,0,40 06:02.977,,7,74 58:29.794,4,0,0,0,67301,0,0,0,,0,0,0,3,67301,1,,1,9,,,,,0,,0,0,0,0,0,,2259.0,1,3,0,0,0,0,0,3,4,0,3,7,,N,,,,,,,,,,,
2010099751,1422.0,1,0,0,0,0,0,0,0,0,1,0,,67,9,2010,2,40.0563,-75.1675,1418.0,6,0,0,0,0,0,1,0,0,,0,0,0,14.0,1,1,2,,0,40 03:22.508,,0,75 10:03.038,3,0,0,0,67301,0,0,0,,0,0,0,3,67301,0,,1,1,,N,N,,1,,1,0,0,3,2,,1400.0,1,2,0,0,0,0,0,3,4,0,2,3,,N,,,,,,,,,,,
2010118071,20.0,2,0,0,0,0,0,0,0,0,4,0,,67,10,2010,7,39.9209,-75.1629,16.0,6,0,0,0,0,0,0,0,0,,0,0,0,99.0,3,0,0,,0,39 55:15.351,,0,75 09:46.605,0,0,0,0,67301,0,0,0,N,0,0,0,1,67301,0,,6,1,,N,N,,0,,0,0,0,0,0,,9999.0,0,2,0,0,0,0,0,3,4,0,2,3,,N,,,,,,,,,,,
2010099858,1610.0,2,0,0,0,0,0,0,0,0,4,0,,67,9,2010,7,40.0808,-75.0284,1555.0,6,0,0,0,0,0,0,1,0,1.0,0,0,0,15.0,1,0,5,,1,40 04:50.820,2.0,0,75 01:42.117,0,0,0,0,67301,0,0,0,N,0,0,0,3,67301,0,,1,1,,N,N,,0,,0,0,0,3,2,N,1550.0,0,2,0,0,0,0,0,3,4,0,2,3,,N,,,,,,,,,,,
2010110723,8.0,1,0,0,0,0,0,0,0,0,8,0,,67,10,2010,7,39.9695,-75.2126,2.0,6,0,0,0,0,0,0,0,0,1.0,0,0,0,0.0,3,1,1,,1,39 58:10.213,3.0,0,75 12:45.380,3,0,0,0,67301,1,0,0,,1,0,0,2,67301,0,,1,1,,N,N,,0,,1,0,0,3,2,Y,1.0,1,2,0,0,0,0,0,3,4,0,1,3,,N,,,,,,,,,,,
2010110728,725.0,1,0,0,0,0,0,0,0,0,4,0,,67,10,2010,4,39.9547,-75.1944,724.0,6,0,0,0,0,0,0,1,0,,0,0,0,7.0,1,0,1,,0,39 57:16.798,,0,75 11:39.891,0,0,0,0,67301,0,0,0,N,0,0,0,2,67301,0,,1,1,,N,N,,0,,0,0,0,3,2,,724.0,0,2,0,0,0,0,0,3,4,1,2,3,,N,,,,,,,,,,,
2010118115,505.0,1,0,0,0,0,0,0,0,0,1,0,,67,10,2010,1,40.0687,-75.1568,500.0,6,0,0,0,0,0,0,0,0,,0,0,0,0.0,3,1,5,,0,40 04:07.262,,0,75 09:24.365,8,0,0,0,67301,0,0,0,N,0,0,0,2,67301,0,,1,1,,N,N,,0,,0,0,0,3,2,,4.0,1,2,0,0,1,1,1,3,4,0,2,3,,N,,,,,,,,,,,
2010105031,1715.0,1,0,0,1,0,0,0,0,0,8,0,,67,9,2010,7,39.9975,-75.1116,1713.0,6,0,0,0,0,0,0,0,0,,0,0,0,17.0,1,1,2,,0,39 59:50.928,,0,75 06:41.821,8,0,0,0,67301,1,0,0,N,0,0,0,2,67301,0,,1,1,,N,N,,0,,0,0,0,0,0,,1700.0,1,2,0,0,0,1,0,3,4,0,1,3,,N,,,,,,,,,,,
2010113289,357.0,1,0,0,0,0,0,0,0,0,7,0,,67,10,2010,1,39.957,-75.182,347.0,6,0,0,0,0,0,0,0,0,,0,0,0,3.0,3,0,2,,0,39 57:20.601,,0,75 10:50.529,9,0,0,0,67301,0,0,0,N,0,0,0,1,67301,0,,2,1,,N,N,,0,,0,0,0,3,2,,339.0,0,1,0,0,0,0,1,3,4,0,1,3,,N,,,,,,,,,,,
2010104995,1835.0,2,0,0,0,0,0,0,0,0,4,0,,67,9,2010,5,39.9252,-75.1712,1835.0,6,0,0,0,0,0,0,0,0,,0,0,0,8.0,3,1,1,,0,39 55:30.861,,0,75 10:15.876,4,0,0,0,67301,0,0,0,N,0,0,0,2,67301,1,,1,9,,N,N,,0,,0,0,0,3,2,,835.0,1,2,0,0,0,0,0,3,4,0,2,7,,N,,,,,,,,,,,
2010105039,1703.0,1,0,0,0,0,0,0,0,0,1,0,,67,9,2010,2,39.9946,-75.192,1700.0,6,0,0,0,0,0,0,0,0,1.0,0,0,0,16.0,1,0,3,,1,39 59:40.556,1.0,0,75 11:31.354,0,0,0,0,67301,0,0,0,N,0,0,0,2,67301,0,,1,1,,N,N,,0,,0,0,1,0,0,N,1650.0,0,2,0,0,0,0,0,3,4,0,2,3,,N,,,,,,,,,,,
2010088657,1135.0,0,0,0,0,0,0,0,0,0,8,0,,67,8,2010,7,40.0209,-75.0812,1130.0,6,0,0,0,0,0,0,0,0,,0,0,0,11.0,1,1,0,,0,40 01:15.402,,0,75 04:52.190,4,0,0,0,67301,1,0,0,N,1,0,0,2,67301,1,,1,1,,N,N,,0,,0,0,1,0,0,,1130.0,1,2,0,0,0,0,0,3,4,0,1,3,,N,,,,,,,,,,,
2010091215,1626.0,1,0,0,0,0,0,0,0,0,1,0,,67,8,2010,2,40.0613,-75.1511,1620.0,6,0,0,0,0,0,0,0,0,,0,0,0,16.0,1,2,1,,0,40 03:40.777,,0,75 09:04.114,3,0,0,0,67301,0,0,0,N,0,0,0,3,67301,0,,1,1,,N,N,,1,,2,0,0,3,2,,1619.0,2,2,0,0,0,0,0,3,4,0,2,3,,N,,,,,,,,,,,
2010091217,213.0,1,0,0,0,0,0,0,0,0,0,0,,67,8,2010,1,39.9457,-75.228,214.0,6,0,0,0,0,0,0,0,0,1.0,0,0,0,2.0,3,0,2,,1,39 56:44.527,1.0,0,75 13:40.666,0,0,0,0,67301,0,0,0,N,0,0,0,1,67301,0,,1,1,,N,N,,0,,0,0,0,0,0,N,205.0,0,1,0,0,0,0,0,3,4,0,1,3,,N,,,,,,,,,,,
2010105647,1424.0,2,0,0,0,0,0,0,0,1,4,0,,67,8,2010,1,39.9753,-75.189,1420.0,6,0,0,0,0,0,1,0,0,,0,0,0,14.0,1,4,0,,0,39 58:30.961,,0,75 11:20.244,2,0,0,0,67301,0,0,0,,0,0,0,4,67301,0,,1,1,,,,,0,,0,1,0,0,0,,1415.0,4,2,0,0,0,3,0,3,4,0,2,3,,N,,,,,,,,,,,
2010125709,249.0,1,0,0,0,0,0,0,0,0,7,0,,67,12,2010,1,40.0313,-75.0216,241.0,6,0,0,0,0,0,0,0,0,1.0,0,0,0,2.0,3,1,0,,2,40 01:53.338,2.0,0,75 01:17.602,8,0,0,0,67301,0,0,0,N,0,0,0,1,68K01,0,,2,9,,N,N,,0,,0,0,0,0,0,N,237.0,1,1,0,0,1,1,0,3,4,0,1,7,,N,,,,,,,,,,,
2010102358,1924.0,1,0,0,0,0,0,0,0,0,2,0,,67,9,2010,6,39.9669,-75.2085,1916.0,6,0,0,0,0,0,0,0,0,,0,0,0,19.0,3,0,1,,0,39 58:00.932,,0,75 12:30.305,0,0,0,1,67301,0,0,0,N,0,0,0,6,67301,0,,1,1,,N,N,,1,,0,0,0,0,0,,1915.0,0,3,0,0,0,0,0,3,4,0,3,3,,N,,,,,,,,,,,
2010103025,1715.0,1,0,0,0,0,0,0,0,0,8,0,,67,9,2010,4,39.9361,-75.1633,1710.0,6,0,0,0,0,0,0,0,0,,0,0,0,14.0,1,1,2,,0,39 56:10.042,,0,75 09:47.955,4,0,0,0,67301,1,0,0,,1,0,0,2,67301,1,,1,1,,,,,0,,0,0,0,3,3,,1440.0,1,2,0,0,0,0,0,3,4,0,1,3,,N,,,,,,,,,,,
2010103039,1305.0,1,0,0,0,0,0,1,0,0,1,1,,67,9,2010,7,40.0452,-75.1582,1300.0,6,0,0,0,0,0,0,0,0,,0,0,0,12.0,1,1,0,,0,40 02:42.601,,0,75 09:29.617,4,0,0,0,67301,0,0,0,N,0,0,0,3,67301,1,,1,1,,N,N,,0,,0,0,0,3,3,,1255.0,1,2,0,0,0,0,0,3,4,0,2,3,,N,,,,,,,,,,,
2010123015,1845.0,0,0,0,0,0,0,0,0,0,8,0,,67,11,2010,5,40.0477,-75.075,1839.0,6,0,0,0,0,0,0,0,0,,0,0,0,18.0,3,1,1,,0,40 02:51.572,,0,75 04:30.111,3,0,0,0,67301,1,0,0,,1,0,0,2,67301,0,,1,1,,,,,0,,1,0,0,3,3,,1830.0,1,2,0,0,0,0,0,3,4,0,1,3,,N,,,,,,,,,,,
2010005374,326.0,1,0,0,0,0,0,0,0,0,7,0,,67,1,2010,6,39.9995,-75.0846,317.0,6,0,0,0,0,0,0,0,0,,0,0,0,2.0,3,0,3,,0,39 59:58.179,,2,75 05:04.576,0,0,0,0,67301,0,0,0,N,0,0,0,2,68K03,0,,2,9,,N,N,,0,,0,0,0,0,0,,242.0,0,1,0,0,0,0,0,3,4,0,1,3,,N,,,,,,,,,,,
2010021644,955.0,3,0,0,0,0,0,0,0,0,4,0,,67,1,2010,5,40.0611,-75.0335,954.0,6,0,0,0,0,0,1,0,1,,0,0,0,9.0,1,1,0,,0,40 03:40.039,,0,75 02:00.621,8,0,0,0,67301,0,0,0,N,0,0,0,2,67301,0,,1,1,,N,N,,0,,0,0,0,0,0,,950.0,1,3,0,0,0,1,0,3,4,0,3,3,,N,,,,,,,,,,,
2010021879,1754.0,1,0,0,0,0,0,0,0,0,1,0,,67,1,2010,1,40.0379,-75.1302,1747.0,6,0,0,0,0,0,1,0,0,,0,0,0,99.0,3,2,1,,0,40 02:16.612,,0,75 07:48.705,3,0,0,0,67301,0,0,0,N,0,0,0,3,67301,0,,1,9,,N,N,,0,,2,0,0,3,2,,9999.0,2,2,0,0,0,0,0,3,4,1,2,7,,N,,,,,,,,,,,
2010094712,951.0,2,0,0,0,0,0,0,0,0,1,0,,67,8,2010,3,40.0259,-75.028,936.0,6,0,0,0,0,0,0,1,0,,0,0,0,9.0,1,0,0,,0,40 01:33.240,,0,75 01:40.667,0,0,0,0,67301,0,0,0,N,0,0,0,5,68K01,0,,1,1,,N,N,,0,,0,0,1,0,0,,933.0,0,3,0,0,0,0,0,3,4,0,3,3,,N,,,,,,,,,,,
2010118014,1205.0,1,0,0,0,0,0,0,0,0,4,0,,67,10,2010,5,39.9731,-75.1944,1155.0,6,0,0,0,0,0,0,0,0,,0,0,0,11.0,1,1,0,,0,39 58:23.278,,0,75 11:39.976,3,0,0,0,67301,0,0,0,N,0,0,0,3,67301,0,,1,1,,N,N,,1,,1,0,1,0,0,,1140.0,1,3,0,0,0,0,0,3,4,0,3,3,,N,,,,,,,,,,,
2010046096,1156.0,2,0,0,0,0,0,0,0,0,1,0,,67,4,2010,4,40.051,-74.9904,1151.0,6,0,0,0,0,0,0,0,0,2.0,0,0,0,11.0,1,1,0,,1,40 03:03.384,2.0,0,74 59:25.679,8,0,0,0,67301,0,0,0,N,0,0,0,4,68K01,0,,1,1,,N,N,,0,,0,0,1,0,0,N,1146.0,1,4,0,0,0,1,0,3,4,1,4,3,,N,,,,,,,,,,,
2010064702,1250.0,0,0,0,0,0,0,0,0,0,4,0,,67,5,2010,5,39.9325,-75.185,1245.0,6,0,0,0,0,0,0,0,0,3.0,0,0,0,12.0,1,1,0,,2,39 55:56.930,1.0,0,75 11:05.840,2,0,1,1,67301,0,0,0,,0,0,0,1,67301,0,,6,1,,,,,0,,0,1,1,0,0,Y,1240.0,1,2,0,0,0,0,0,3,4,0,2,3,,N,,,,,,,,,,,
2010064760,1618.0,0,0,0,0,0,0,0,0,0,8,0,,67,5,2010,7,40.0335,-75.1271,1610.0,6,0,0,0,0,0,1,0,0,,0,0,0,15.0,1,1,1,,0,40 02:00.589,,0,75 07:37.387,4,0,0,0,67301,1,0,0,N,1,0,0,2,67301,1,,1,1,,N,N,,0,,0,0,1,3,3,,1537.0,1,2,0,0,0,0,0,3,4,0,1,3,,N,,,,,,,,,,,
2010069893,956.0,1,0,0,0,0,0,0,0,0,4,0,,67,6,2010,6,39.9612,-75.1748,955.0,6,0,0,0,0,0,1,0,0,1.0,0,0,0,9.0,1,1,1,,1,39 57:40.918,4.0,0,75 10:30.472,4,0,0,0,67301,0,0,0,N,0,0,0,2,67301,1,,1,1,,N,N,,0,,0,0,1,3,2,N,903.0,1,2,0,0,0,0,0,3,4,0,2,3,,N,,,,,,,,,,,
2010069894,1356.0,2,0,0,0,0,0,0,0,0,6,0,,67,6,2010,2,39.9571,-75.1511,1347.0,6,0,0,0,0,0,1,0,0,2.0,0,0,0,99.0,1,3,5,,2,39 57:25.688,4.0,2,75 09:03.847,4,0,0,0,67301,0,0,0,N,0,0,0,3,67301,1,,1,1,,N,N,,0,,0,0,0,3,2,Y,9999.0,3,2,0,0,0,2,0,3,4,0,2,3,,N,,,,,,,,,,,