CRN,ARRIVAL_TM,AUTOMOBILE_COUNT,BELTED_DEATH_COUNT,BELTED_SUSP_SERIOUS_INJ_COUNT,BICYCLE_COUNT,BICYCLE_DEATH_COUNT,BICYCLE_SUSP_SERIOUS_INJ_COUNT,BUS_COUNT,CHLDPAS_DEATH_COUNT,CHLDPAS_SUSP_SERIOUS_INJ_COUNT,COLLISION_TYPE,COMM_VEH_COUNT,CONS_ZONE_SPD_LIM,COUNTY,CRASH_MONTH,CRASH_YEAR,DAY_OF_WEEK,DEC_LAT,DEC_LONG,DISPATCH_TM,DISTRICT,DRIVER_COUNT_16YR,DRIVER_COUNT_17YR,DRIVER_COUNT_18YR,DRIVER_COUNT_19YR,DRIVER_COUNT_20YR,DRIVER_COUNT_50_64YR,DRIVER_COUNT_65_74YR,DRIVER_COUNT_75PLUS,EST_HRS_CLOSED,FATAL_COUNT,HEAVY_TRUCK_COUNT,HORSE_BUGGY_COUNT,HOUR_OF_DAY,ILLUMINATION,INJURY_COUNT,INTERSECT_TYPE,INTERSECTION_RELATED,LANE_CLOSED,LATITUDE,LN_CLOSE_DIR,LOCATION_TYPE,LONGITUDE,MAX_SEVERITY_LEVEL,MCYCLE_DEATH_COUNT,MCYCLE_SUSP_SERIOUS_INJ_COUNT,MOTORCYCLE_COUNT,MUNICIPALITY,NONMOTR_COUNT,NONMOTR_DEATH_COUNT,NONMOTR_SUSP_SERIOUS_INJ_COUNT,NTFY_HIWY_MAINT,PED_COUNT,PED_DEATH_COUNT,PED_SUSP_SERIOUS_INJ_COUNT,PERSON_COUNT,POLICE_AGCY,POSSIBLE_INJ_COUNT,RDWY_SURF_TYPE_CD,RELATION_TO_ROAD,ROAD_CONDITION,ROADWAY_CLEARED,SCH_BUS_IND,SCH_ZONE_IND,SECONDARY_CRASH,SMALL_TRUCK_COUNT,SPEC_JURIS_CD,SUSP_MINOR_INJ_COUNT,SUSP_SERIOUS_INJ_COUNT,SUV_COUNT,TCD_FUNC_CD,TCD_TYPE,TFC_DETOUR_IND,TIME_OF_DAY,TOT_INJ_COUNT,TOTAL_UNITS,UNB_DEATH_COUNT,UNB_SUSP_SERIOUS_INJ_COUNT,UNBELTED_OCC_COUNT,UNK_INJ_DEG_COUNT,UNK_INJ_PER_COUNT,URBAN_AREA,URBAN_RURAL,VAN_COUNT,VEHICLE_COUNT,WEATHER1,WEATHER2,WORK_ZONE_IND,WORK_ZONE_LOC,WORK_ZONE_TYPE,WORKERS_PRES,WZ_CLOSE_DETOUR,WZ_FLAGGER,WZ_LAW_OFFCR_IND,WZ_LN_CLOSURE,WZ_MOVING,WZ_OTHER,WZ_SHLDER_MDN,WZ_WORKERS_INJ_KILLED
2010083817,1355.0,1,0,0,0,0,0,0,0,0,4,0,,67,7,2010,1,40.093,-75.0165,1341.0,6,0,0,0,0,0,0,0,0,3.0,1,0,0,13.0,1,1,0,,2,40 05:34.801,1.0,6,75 00:59.506,1,0,0,0,67301,0,0,0,N,0,0,0,2,67301,0,2.0,1,1,,N,N,,0,0.0,1,0,1,0,0,Y,1341.0,1,2,0,0,0,0,0,3,4,0,2,3,,N,,,,,,,,,,,
2010044735,1530.0,1,0,0,0,0,0,0,0,0,1,0,,67,4,2010,6,39.8919,-75.2419,1525.0,6,0,0,0,0,0,0,1,0,,0,0,0,15.0,1,1,2,,0,39 53:30.990,,0,75 14:30.862,4,0,0,0,67301,0,0,0,N,0,0,0,3,67301,1,,1,1,,N,N,,0,,0,0,0,3,2,,1510.0,1,2,0,0,0,0,1,3,4,1,2,3,,N,,,,,,,,,,,
2010059619,2324.0,1,0,0,0,0,0,1,0,0,5,1,,67,5,2010,3,40.0251,-75.2227,2320.0,6,0,0,0,0,0,1,0,0,,0,0,0,23.0,3,1,2,,0,40 01:30.316,,0,75 13:21.561,4,0,0,0,67301,1,0,0,,1,0,0,4,67301,1,,1,9,,,,,0,,0,0,0,3,2,,2315.0,1,3,0,0,2,0,0,3,4,0,2,7,,N,,,,,,,,,,,
2010044433,1353.0,3,0,0,0,0,0,0,0,0,2,0,,67,4,2010,5,40.0792,-75.0694,1351.0,6,0,0,0,0,0,1,0,0,,0,0,0,13.0,1,1,0,,0,40 04:45.233,,0,75 04:09.940,4,0,0,0,67301,0,0,0,N,0,0,0,1,67301,1,,1,1,,N,N,,0,,0,0,0,0,0,,1349.0,1,3,0,0,1,0,0,3,4,0,3,3,,N,,,,,,,,,,,
2010052255,1550.0,1,0,0,0,0,0,0,0,0,4,0,,67,3,2010,3,39.9911,-75.1552,1504.0,6,0,0,0,0,0,0,0,0,,0,0,0,14.0,1,4,0,,0,39 59:28.091,,0,75 09:18.728,8,0,0,0,67301,0,0,0,N,0,0,0,6,67301,0,,1,1,,N,N,,0,,0,0,0,0,0,,1458.0,4,2,0,0,2,4,0,3,4,1,2,3,,N,,,,,,,,,,,
2010043825,1146.0,2,0,0,0,0,0,0,0,0,1,0,,67,5,2010,1,39.96,-75.1788,1143.0,6,0,0,0,0,0,1,0,0,1.0,0,0,0,11.0,1,0,0,,2,39 57:36.751,4.0,0,75 10:50.049,0,0,0,0,67301,0,0,0,N,0,0,0,2,68K01,0,,1,1,,N,N,,0,,0,0,0,0,0,N,1141.0,0,2,0,0,0,0,0,3,4,0,2,3,,N,,,,,,,,,,,
2010052370,2150.0,2,0,0,0,0,0,0,0,0,4,0,,67,4,2010,3,39.9919,-75.2337,2146.0,6,0,0,0,0,0,1,0,0,2.0,0,0,0,21.0,3,1,1,,1,39 59:30.829,2.0,0,75 14:01.359,8,0,0,0,67301,0,0,0,N,0,0,0,2,67301,0,,1,1,,N,N,,0,,0,0,0,3,2,Y,2144.0,1,2,0,0,0,1,0,3,4,0,2,3,,N,,,,,,,,,,,
2010044528,1615.0,0,0,0,0,0,0,1,0,0,8,1,,67,4,2010,5,39.908,-75.1732,1615.0,6,0,0,0,0,0,1,0,0,,0,0,0,16.0,1,1,1,,0,39 54:29.105,,0,75 10:24.817,4,0,0,0,67301,1,0,0,N,1,0,0,2,67301,1,,1,1,,N,N,,0,,0,0,0,3,2,,1605.0,1,2,0,0,0,0,0,3,4,0,1,3,,N,,,,,,,,,,,
2010062329,315.0,0,0,0,0,0,0,0,0,0,7,0,,67,5,2010,3,39.9343,-75.222,314.0,6,0,0,0,0,0,0,0,0,,1,0,0,3.0,3,0,0,,0,39 56:03.325,,0,75 13:19.138,1,0,0,0,67301,0,0,0,,0,0,0,1,67301,0,2.0,3,1,,N,N,,1,0.0,0,0,0,0,0,,310.0,0,1,0,0,0,0,0,3,4,0,1,3,,N,,,,,,,,,,,
2010084131,2230.0,1,0,0,1,0,0,0,0,0,6,0,,67,7,2010,7,39.9284,-75.1537,2230.0,6,0,0,0,0,0,1,0,0,,0,0,0,22.0,3,1,0,,0,39 55:42.150,,0,75 09:13.424,4,0,0,0,67301,1,0,0,N,0,0,0,3,67301,1,,1,1,,N,N,,0,,0,0,0,0,0,,2225.0,1,2,0,0,2,0,0,3,4,0,1,3,,N,,,,,,,,,,,
2010044707,810.0,1,0,0,0,0,0,0,0,0,4,0,,67,4,2010,3,40.0709,-75.1644,755.0,6,0,0,0,0,0,0,0,0,,0,0,0,7.0,1,1,0,,0,40 04:15.387,,0,75 09:51.786,8,0,0,0,67301,0,0,0,N,0,0,0,2,67301,0,,1,1,,N,N,,0,,0,0,0,0,0,,718.0,1,2,0,0,0,1,0,3,4,1,2,3,,N,,,,,,,,,,,
2010044757,200.0,2,0,0,0,0,0,0,0,0,4,0,,67,4,2010,1,39.9465,-75.1415,200.0,6,0,0,0,0,0,0,0,0,2.0,0,0,0,1.0,3,2,0,,2,39 56:47.244,1.0,7,75 08:29.550,3,0,0,0,67301,0,0,0,N,0,0,0,5,67301,0,,1,1,,N,N,,0,,2,0,0,3,2,Y,155.0,2,2,0,0,1,0,0,3,4,0,2,3,,N,,,,,,,,,,,
2010044803,1537.0,2,0,0,0,0,0,0,0,0,2,0,,67,3,2010,1,39.9972,-75.1802,1534.0,6,0,0,0,1,0,1,0,0,,0,0,0,15.0,1,1,1,,0,39 59:50.115,,0,75 10:48.664,8,0,0,0,67301,0,0,0,N,0,0,0,5,67301,0,,1,1,,N,N,,0,,0,0,1,0,0,,1532.0,1,3,0,0,0,1,4,3,4,0,3,3,,N,,,,,,,,,,,
2010084564,45.0,0,0,0,1,0,0,0,0,0,6,0,,67,8,2010,6,40.0489,-75.1837,38.0,6,0,0,0,0,0,0,0,0,,0,0,0,22.0,3,1,0,,0,40 02:56.041,,0,75 11:01.486,4,0,0,0,67301,1,0,0,N,0,0,0,2,67301,1,,1,1,,N,N,,0,,0,0,0,0,0,,2230.0,1,2,0,0,0,0,0,3,4,0,1,3,,N,,,,,,,,,,,
2010082123,649.0,2,0,0,0,0,0,0,0,0,1,0,,67,8,2010,1,40.1044,-75.0022,624.0,6,0,0,0,0,0,1,0,0,,0,0,0,6.0,1,1,0,,0,40 06:15.965,,7,75 00:07.806,4,0,0,0,67301,0,0,0,N,0,0,0,3,67301,1,,1,1,,N,N,,0,,0,0,0,3,2,,624.0,1,2,0,0,0,0,0,3,4,0,2,3,,N,,,,,,,,,,,
2010048793,2141.0,1,0,0,0,0,0,0,0,0,7,0,,67,4,2010,7,39.9327,-75.2161,2141.0,6,0,0,0,0,0,0,0,0,,0,0,0,21.0,3,1,0,,0,39 55:57.772,,7,75 12:57.914,4,0,0,0,67301,0,0,0,N,0,0,0,4,67301,1,,2,1,,N,N,,0,,0,0,0,0,0,,2140.0,1,1,0,0,2,0,0,3,4,0,1,3,,N,,,,,,,,,,,
2010048848,1745.0,1,0,0,1,0,0,0,0,0,4,0,,67,4,2010,6,39.9462,-75.1534,1744.0,6,0,0,0,0,0,0,0,0,,0,0,0,17.0,1,1,1,,0,39 56:46.164,,0,75 09:12.416,4,0,0,0,67301,1,0,0,N,0,0,0,2,67301,1,,1,1,,N,N,,0,,0,0,0,3,2,,1744.0,1,2,0,0,0,0,0,3,4,0,1,3,,N,,,,,,,,,,,
2010060296,1800.0,2,0,0,0,0,0,0,0,0,4,0,,67,5,2010,4,39.9703,-75.1245,1750.0,6,0,0,0,0,0,0,0,0,,0,0,0,17.0,1,1,1,,0,39 58:15.096,,0,75 07:25.112,4,0,0,0,67301,0,0,0,,0,0,0,2,67301,1,,1,1,,,,,0,,0,0,0,3,2,,1745.0,1,2,0,0,0,0,0,3,4,0,2,3,,N,,,,,,,,,,,
2010039234,1251.0,2,0,0,0,0,0,0,0,0,1,0,,67,3,2010,3,39.909,-75.2329,1247.0,6,0,0,0,0,0,1,0,1,,0,0,0,99.0,1,1,1,,0,39 54:32.227,,0,75 13:58.526,4,0,0,0,67301,0,0,0,N,0,0,0,3,67301,1,,1,1,,N,N,,0,,0,0,0,3,3,,9999.0,1,2,0,0,0,0,0,3,4,0,2,3,,N,,,,,,,,,,,
2010039266,2340.0,1,0,0,0,0,0,0,0,0,1,0,,67,3,2010,6,39.9834,-75.2432,2334.0,6,0,0,0,0,0,0,0,0,,0,0,0,23.0,3,0,2,,0,39 59:00.118,,0,75 14:35.451,9,0,0,0,67301,0,0,0,N,0,0,0,2,67301,0,,1,1,,N,N,,0,,0,0,1,0,0,,2300.0,0,2,0,0,0,0,2,3,4,0,2,3,,N,,,,,,,,,,,
2010075896,1847.0,2,0,0,0,0,0,0,0,0,1,0,,67,7,2010,6,39.9705,-75.1898,1840.0,6,0,0,0,0,1,0,0,0,1.0,0,0,0,18.0,1,1,0,,1,39 58:13.805,1.0,0,75 11:23.439,4,0,0,0,67301,0,0,0,N,0,0,0,4,67301,1,,1,9,,N,N,,0,,0,0,0,0,0,N,1838.0,1,3,0,0,0,0,1,3,4,0,3,7,,N,,,,,,,,,,,
2010075903,1050.0,1,0,0,0,0,0,0,0,0,8,0,,67,7,2010,4,39.9591,-75.1703,1040.0,6,0,0,0,0,0,1,0,0,,0,0,0,10.0,1,1,0,,0,39 57:32.701,,0,75 10:13.160,3,0,0,0,67301,1,0,0,,1,0,0,4,67301,0,,1,1,,N,N,,0,,1,0,0,0,0,,1030.0,1,2,0,0,3,0,0,3,4,0,1,3,,N,,,,,,,,,,,
2010073633,1920.0,2,0,0,0,0,0,0,0,0,4,0,,67,6,2010,5,40.0089,-75.1004,1845.0,6,0,0,0,0,0,0,1,0,,0,0,0,18.0,1,1,1,,0,40 00:32.119,,0,75 06:01.299,4,0,0,0,67301,0,0,0,,0,0,0,3,67301,1,,1,1,,,,,0,,0,0,0,3,3,,1844.0,1,2,0,0,0,0,0,3,4,0,2,3,,N,,,,,,,,,,,
2010099779,1015.0,1,0,0,0,0,0,0,0,0,1,0,,67,4,2010,6,39.9775,-75.1484,1000.0,6,0,0,0,0,0,0,0,0,,0,0,0,10.0,1,1,1,,0,39 58:38.895,,0,75 08:54.409,4,0,0,0,67301,0,0,0,,0,0,0,2,67301,1,,1,1,,,,,0,,0,0,1,3,2,,1000.0,1,2,0,0,0,0,0,3,4,0,2,3,,N,,,,,,,,,,,
2010099781,1626.0,2,0,0,0,0,0,0,0,0,4,0,,67,8,2010,2,39.9796,-75.1295,1625.0,6,0,0,0,0,0,0,0,0,3.0,0,0,0,16.0,1,1,1,,2,39 58:46.512,4.0,0,75 07:46.051,4,0,0,0,67301,0,0,0,,0,0,0,6,67301,1,,1,1,,,,,0,,0,0,0,3,2,Y,1624.0,1,2,0,0,0,0,0,3,4,0,2,3,,N,,,,,,,,,,,
2010118055,1237.0,2,0,0,0,0,0,0,0,0,1,0,,67,10,2010,1,40.0343,-75.0638,1236.0,6,0,0,0,0,0,0,0,0,9.0,0,0,0,11.0,1,1,0,,9,40 02:03.491,4.0,7,75 03:49.571,4,0,0,0,67301,0,0,0,N,0,0,0,4,67301,1,,1,1,,N,N,,0,,0,0,0,0,0,N,1155.0,1,2,0,0,0,0,0,3,4,0,2,3,,N,,,,,,,,,,,
2010099806,2150.0,1,0,0,0,0,0,0,0,0,8,0,,67,8,2010,1,40.0314,-75.0847,2143.0,6,0,0,0,0,0,0,0,0,2.0,0,0,0,21.0,3,1,0,,1,40 01:53.356,1.0,0,75 05:04.292,2,0,0,0,67301,1,0,1,N,1,0,1,2,67301,0,,1,1,,N,N,,0,,0,1,0,3,2,N,2142.0,1,2,0,0,0,0,0,3,4,0,1,3,,N,,,,,,,,,,,
2010099838,145.0,2,0,0,0,0,0,0,0,0,1,0,,67,9,2010,7,39.9959,-75.0921,140.0,6,0,0,0,0,0,0,0,0,,0,0,0,1.0,3,0,1,,0,39 59:45.293,,0,75 05:31.432,0,0,0,0,67301,0,0,0,N,0,0,0,3,67301,0,,1,1,,N,N,,0,,0,0,0,3,2,,140.0,0,2,0,0,0,0,0,3,4,0,2,3,,N,,,,,,,,,,,
2010099856,1226.0,1,0,0,0,0,0,0,0,0,4,0,,67,9,2010,3,40.095,-75.0154,1226.0,6,0,0,0,0,0,0,2,0,1.0,0,0,0,11.0,1,1,1,,1,40 05:41.851,2.0,0,75 00:55.548,8,0,0,0,67301,0,0,0,N,0,0,0,3,67301,0,,1,1,,N,N,,1,,0,0,0,3,2,N,1159.0,1,2,0,0,0,1,0,3,4,0,2,3,,N,,,,,,,,,,,
2010099859,1120.0,0,0,0,0,0,0,0,0,0,7,0,,67,9,2010,7,40.0235,-75.1336,1102.0,6,0,0,0,0,0,0,0,0,2.0,0,0,0,11.0,1,0,0,,1,40 01:24.732,3.0,0,75 07:59.868,0,0,0,0,67301,0,0,0,N,0,0,0,0,67301,0,,5,1,,N,N,,1,,0,0,0,0,0,N,1102.0,0,1,0,0,0,0,0,3,4,0,1,3,,N,,,,,,,,,,,
2010105050,1735.0,1,0,0,0,0,0,0,0,0,4,0,,67,9,2010,2,39.9911,-75.1329,1730.0,6,0,0,0,0,0,0,1,0,,0,0,0,17.0,4,1,1,,0,39 59:27.918,,0,75 07:58.290,4,0,0,0,67301,0,0,0,,0,0,0,3,67301,1,,1,9,,N,N,,0,,0,0,0,3,2,,1730.0,1,2,0,0,3,0,0,3,4,1,2,7,,N,,,,,,,,,,,
2010105099,828.0,1,0,0,0,0,0,1,0,0,4,1,,67,9,2010,3,39.9495,-75.2251,826.0,6,0,0,0,0,0,0,0,0,3.0,0,0,0,8.0,1,8,1,,2,39 56:58.095,7.0,0,75 13:30.251,4,0,0,0,67301,0,0,0,N,0,0,0,33,67301,8,,1,9,,Y,N,,0,,0,0,0,3,3,Y,814.0,8,2,0,0,0,0,0,3,4,0,2,7,,N,,,,,,,,,,,
2010105100,1011.0,2,0,0,0,0,0,0,0,0,1,0,,67,9,2010,3,39.9585,-75.2252,1000.0,6,0,0,0,0,0,1,1,0,,0,0,0,10.0,1,1,1,,0,39 57:30.546,,0,75 13:30.586,8,0,0,0,67301,0,0,0,N,0,0,0,3,67301,0,,1,1,,N,N,,0,,0,0,0,3,2,,1000.0,1,2,0,0,0,1,0,3,4,0,2,3,,N,,,,,,,,,,,
2010105105,1228.0,2,0,0,0,0,0,0,0,0,4,0,,67,9,2010,3,40.0022,-75.1203,1221.0,6,0,0,0,0,0,0,0,0,,0,1,0,12.0,1,3,2,,0,40 00:07.744,,0,75 07:13.030,8,0,0,0,67301,0,0,0,,0,0,0,3,67301,0,,1,9,,,,,0,,0,0,0,3,3,,1221.0,3,4,0,0,0,3,0,3,4,1,4,7,,N,,,,,,,,,,,
2010117993,1533.0,1,0,0,0,0,0,0,0,0,6,0,,67,11,2010,2,39.9219,-75.2308,1531.0,6,0,0,0,0,0,1,0,0,1.0,0,0,0,15.0,1,1,0,,2,39 55:18.743,6.0,0,75 13:50.863,4,0,0,0,67301,0,0,0,,0,0,0,2,67301,1,,1,1,,,,,0,,0,0,0,0,0,Y,1526.0,1,2,0,0,0,0,0,3,4,0,2,3,,N,,,,,,,,,,,
2010048469,1806.0,2,0,0,0,0,0,0,0,0,5,0,,67,4,2010,4,40.1325,-75.0086,1802.0,6,0,0,0,0,0,0,0,0,1.0,0,0,0,18.0,1,1,0,,2,40 07:57.162,5.0,0,75 00:30.882,3,0,0,0,67301,0,0,0,,0,0,0,1,67301,0,,6,9,,N,N,,0,,1,0,2,0,0,Y,1800.0,1,4,0,0,0,0,0,3,4,0,4,7,,N,,,,,,,,,,,
2010075006,2045.0,1,0,0,0,0,0,0,0,0,6,0,,67,7,2010,6,40.0698,-74.9853,2044.0,6,0,0,0,0,0,1,0,0,,0,0,0,20.0,3,4,3,,0,40 04:11.294,,0,74 59:06.975,8,0,0,0,67301,0,0,0,,0,0,0,4,67301,0,,1,1,,,,,0,,0,0,0,0,0,,2017.0,4,3,0,0,0,4,0,3,4,2,3,3,,N,,,,,,,,,,,
2010075086,15.0,2,0,0,0,0,0,0,0,0,1,0,,67,7,2010,2,40.0552,-75.044,1.0,6,0,0,0,0,0,1,0,0,,0,0,0,23.0,3,1,0,,0,40 03:18.606,,7,75 02:38.290,4,0,0,0,67301,0,0,0,N,0,0,0,3,67301,1,,1,1,,N,N,,0,,0,0,0,0,0,,2351.0,1,2,0,0,0,0,0,3,4,0,2,3,,N,,,,,,,,,,,
2010064772,2109.0,1,0,0,1,0,0,0,0,0,4,0,,67,5,2010,2,39.9915,-75.1361,2107.0,6,0,0,0,0,0,0,1,0,,0,0,0,20.0,3,1,0,,0,39 59:29.409,,0,75 08:09.847,3,0,0,0,67301,1,0,0,N,0,0,0,2,67301,0,,1,1,,N,N,,0,,1,0,0,2,2,,2045.0,1,2,0,0,0,0,0,3,4,0,1,3,,N,,,,,,,,,,,
2010074851,410.0,1,0,0,0,0,0,0,0,0,7,0,,67,7,2010,7,40.0435,-75.1753,400.0,6,0,0,0,0,0,0,0,0,,0,0,0,3.0,3,1,0,,0,40 02:36.578,,0,75 10:31.058,3,0,0,0,67301,0,0,0,N,0,0,0,1,67301,0,,5,1,,N,N,,0,,1,0,0,0,0,,349.0,1,1,0,0,0,0,0,3,4,0,1,3,,N,,,,,,,,,,,
2010062005,2.0,1,0,0,0,0,0,0,0,0,6,0,,67,4,2010,4,39.9629,-75.2446,2.0,6,0,0,0,0,0,0,0,0,2.0,0,0,0,0.0,3,0,0,,2,39 57:46.515,5.0,0,75 14:40.664,0,0,0,0,67301,0,0,0,N,0,0,0,1,67301,0,,1,1,,N,N,,0,,0,0,2,3,2,Y,0.0,0,3,0,0,0,0,0,3,4,0,3,3,,N,,,,,,,,,,,
2010044727,1655.0,2,0,0,0,0,0,0,0,0,7,0,,67,4,2010,1,40.0545,-75.0908,1650.0,6,0,0,0,0,0,0,0,0,,0,0,0,16.0,1,1,1,,0,40 03:16.301,,0,75 05:26.793,4,0,0,0,67301,0,0,0,,0,0,0,1,67301,1,,5,1,,N,N,,0,,0,0,0,0,0,,1649.0,1,3,0,0,0,0,0,3,4,1,3,3,,N,,,,,,,,,,,
2010044427,1015.0,2,0,0,0,0,0,0,0,0,5,0,,67,4,2010,7,40.0726,-75.0479,1015.0,6,0,0,0,0,0,0,1,0,,0,0,0,10.0,1,1,0,,0,40 04:21.207,,0,75 02:52.480,4,0,0,0,67301,0,0,0,N,0,0,0,2,67301,1,,1,1,,N,N,,0,,0,0,0,0,0,,1010.0,1,2,0,0,0,0,0,3,4,0,2,3,,N,,,,,,,,,,,
2010044454,812.0,0,0,0,0,0,0,0,0,0,8,0,,67,3,2010,3,39.9252,-75.1762,812.0,6,0,0,0,0,0,0,0,0,3.0,0,0,0,8.0,1,2,1,,2,39 55:30.667,4.0,0,75 10:33.358,2,0,0,0,67301,2,0,1,,2,0,1,3,67301,0,,1,9,,,,,0,,1,1,0,3,2,Y,811.0,2,3,0,0,0,0,0,3,4,1,1,7,,N,,,,,,,,,,,
2010081522,1507.0,2,0,0,0,0,0,0,0,0,4,0,,67,7,2010,3,39.9601,-75.2059,1503.0,6,0,0,0,0,0,0,0,0,,0,0,0,14.0,1,1,1,,0,39 57:36.270,,0,75 12:21.326,3,0,0,0,67301,0,0,0,N,0,0,0,2,67301,0,,1,1,,N,N,,0,,1,0,0,3,3,,1425.0,1,2,0,0,0,0,1,3,4,0,2,3,,N,,,,,,,,,,,
2010073722,1204.0,1,0,0,0,0,0,0,0,0,5,2,,67,7,2010,6,39.9319,-75.1998,1156.0,6,0,0,0,0,0,0,0,0,3.0,0,2,0,11.0,1,1,0,,1,39 55:56.866,4.0,0,75 12:00.062,8,0,0,0,67301,0,0,0,N,0,0,0,8,68K01,0,,1,1,,N,N,,0,,0,0,0,0,0,N,1153.0,1,4,0,0,0,1,0,3,4,1,4,3,,N,,,,,,,,,,,
2010052251,719.0,1,0,0,0,0,0,0,0,0,4,0,,67,4,2010,6,40.0774,-75.0242,717.0,6,0,0,0,1,0,0,0,0,,0,0,0,7.0,1,2,0,,0,40 04:38.804,,7,75 01:27.205,4,0,0,0,67301,0,0,0,N,0,0,0,5,67301,2,,1,1,,N,N,,1,,0,0,0,0,0,,715.0,2,2,0,0,0,0,0,3,4,0,2,3,,N,,,,,,,,,,,
2010052033,1622.0,2,0,0,0,0,0,0,0,0,1,0,,67,5,2010,5,39.9927,-75.201,1622.0,6,0,0,1,0,0,1,0,0,,0,0,0,15.0,1,1,0,,0,39 59:36.408,,0,75 11:59.725,4,0,0,0,67301,0,0,0,N,0,0,0,3,68K01,1,,1,1,,N,N,,0,,0,0,0,0,0,,1555.0,1,2,0,0,0,0,0,3,4,0,2,3,,N,,,,,,,,,,,
2010044572,1235.0,1,0,0,0,0,0,1,0,0,1,1,,67,4,2010,2,40.0208,-75.1416,1230.0,6,0,0,0,1,0,0,0,0,,0,0,0,12.0,1,0,2,,0,40 01:14.433,,0,75 08:30.725,0,0,0,0,67301,0,0,0,N,0,0,0,5,67301,0,,1,1,,N,N,,0,,0,0,0,0,0,,1230.0,0,2,0,0,0,0,0,3,4,0,2,3,,N,,,,,,,,,,,
2010062293,1740.0,1,0,0,0,0,0,0,0,0,1,0,,67,6,2010,1,39.995,-75.0971,1731.0,6,0,0,0,0,0,0,0,0,,0,0,0,99.0,1,1,2,,0,39 59:41.913,,0,75 05:49.585,4,0,0,0,67301,0,0,0,,0,0,0,3,67301,1,,1,1,,,,,1,,0,0,0,3,3,,9999.0,1,2,0,0,0,0,0,3,4,0,2,3,,N,,,,,,,,,,,
2010062337,2126.0,2,0,0,0,0,0,0,0,0,1,0,,67,4,2010,6,40.0261,-75.1183,2123.0,6,0,0,0,0,0,0,0,0,2.0,0,0,0,21.0,3,0,0,,1,40 01:34.000,1.0,0,75 07:05.245,9,0,0,0,67301,3,0,0,,0,0,0,4,67301,0,,1,1,,,,,1,,0,0,0,0,0,N,2122.0,0,3,0,0,0,0,1,3,4,0,3,3,,N,,,,,,,,,,,
2010044762,1132.0,1,0,0,0,0,0,0,0,0,1,0,,67,4,2010,5,40.0476,-75.1788,1131.0,6,0,0,0,0,0,0,0,0,,0,0,0,11.0,1,1,2,,0,40 02:51.180,,0,75 10:43.838,8,0,0,0,67301,0,0,0,N,0,0,0,2,67301,0,,1,1,,N,N,,0,,0,0,0,3,3,,1131.0,1,2,0,0,0,1,1,3,4,0,2,3,,N,,,,,,,,,,,
2010044774,55.0,1,0,0,0,0,0,0,0,0,8,0,,67,3,2010,4,39.9287,-75.2341,52.0,6,0,0,0,0,0,0,0,0,,0,0,0,0.0,3,1,0,,0,39 55:43.330,,3,75 14:02.880,3,0,0,0,67301,1,0,0,N,1,0,0,2,67301,0,,1,9,,N,N,,0,,1,0,0,0,0,,48.0,1,2,0,0,0,0,1,3,4,0,1,7,,N,,,,,,,,,,,
2010082545,718.0,3,0,0,0,0,0,0,0,0,1,0,50.0,67,8,2010,2,39.8912,-75.1993,715.0,6,0,0,0,0,0,1,0,0,1.0,0,0,0,7.0,1,1,0,,1,39 53:32.784,2.0,3,75 11:51.297,8,0,0,0,67301,0,0,0,N,0,0,0,4,68K01,0,,1,1,,N,N,,0,,0,0,1,2,8,Y,712.0,1,4,0,0,0,1,0,3,4,0,4,3,,Y,4.0,1.0,Y,N,N,N,Y,N,N,Y,
2010082583,2346.0,1,0,0,0,0,0,0,0,0,7,0,,67,8,2010,3,,,2346.0,6,0,0,0,0,0,0,0,0,,0,0,0,23.0,3,0,0,,0,,,3,,0,0,0,0,67301,0,0,0,N,0,0,0,1,67501,0,,3,1,,N,N,,0,,0,0,0,3,8,,2346.0,0,1,0,0,0,0,0,3,3,0,1,3,,N,,,,,,,,,,,
2010050547,1338.0,2,0,0,0,0,0,0,0,0,1,0,,67,5,2010,4,39.957,-75.1558,1327.0,6,0,0,0,0,0,0,1,0,,0,0,0,13.0,1,0,0,,0,39 57:25.106,,0,75 09:20.898,0,0,0,0,67301,0,0,0,N,0,0,0,3,68K01,0,,1,1,,N,N,,0,,0,0,0,0,0,,1325.0,0,2,0,0,0,0,0,3,4,0,2,3,,N,,,,,,,,,,,
2010065933,1617.0,1,0,0,0,0,0,0,0,0,1,0,,67,7,2010,6,40.0075,-75.2004,1604.0,6,0,0,0,0,0,1,1,0,1.0,0,0,0,16.0,1,0,0,,2,40 00:26.090,3.0,0,75 11:58.698,0,0,0,0,67301,0,0,0,N,0,0,0,8,68K01,0,,1,9,,N,N,,1,,0,0,2,0,0,N,1602.0,0,4,0,0,0,0,0,3,4,0,4,7,,N,,,,,,,,,,,
2010060301,1215.0,2,0,0,0,0,0,0,0,0,4,0,,67,5,2010,4,40.0446,-75.1446,1200.0,6,0,0,0,0,0,0,0,0,,0,0,0,99.0,1,2,1,,0,40 02:40.423,,0,75 08:40.657,4,0,0,0,67301,0,0,0,,0,0,0,3,67301,1,,1,1,,,,,0,,0,0,0,3,3,,9999.0,2,2,0,0,0,1,0,3,4,0,2,3,,N,,,,,,,,,,,
2010057842,1750.0,1,0,0,0,0,0,0,0,0,1,0,,67,6,2010,3,39.9865,-75.2081,1745.0,6,0,0,0,0,0,1,0,0,,0,0,0,17.0,1,0,0,,0,39 59:15.157,,0,75 12:27.612,0,0,0,0,67301,0,0,0,N,0,0,0,2,68K01,0,,1,1,,N,N,,0,,0,0,1,0,0,,1743.0,0,2,0,0,0,0,0,3,4,0,2,3,,N,,,,,,,,,,,