CRN,ARRIVAL_TM,AUTOMOBILE_COUNT,BELTED_DEATH_COUNT,BELTED_SUSP_SERIOUS_INJ_COUNT,BICYCLE_COUNT,BICYCLE_DEATH_COUNT,BICYCLE_SUSP_SERIOUS_INJ_COUNT,BUS_COUNT,CHLDPAS_DEATH_COUNT,CHLDPAS_SUSP_SERIOUS_INJ_COUNT,COLLISION_TYPE,COMM_VEH_COUNT,CONS_ZONE_SPD_LIM,COUNTY,CRASH_MONTH,CRASH_YEAR,DAY_OF_WEEK,DEC_LAT,DEC_LONG,DISPATCH_TM,DISTRICT,DRIVER_COUNT_16YR,DRIVER_COUNT_17YR,DRIVER_COUNT_18YR,DRIVER_COUNT_19YR,DRIVER_COUNT_20YR,DRIVER_COUNT_50_64YR,DRIVER_COUNT_65_74YR,DRIVER_COUNT_75PLUS,EST_HRS_CLOSED,FATAL_COUNT,HEAVY_TRUCK_COUNT,HORSE_BUGGY_COUNT,HOUR_OF_DAY,ILLUMINATION,INJURY_COUNT,INTERSECT_TYPE,INTERSECTION_RELATED,LANE_CLOSED,LATITUDE,LN_CLOSE_DIR,LOCATION_TYPE,LONGITUDE,MAX_SEVERITY_LEVEL,MCYCLE_DEATH_COUNT,MCYCLE_SUSP_SERIOUS_INJ_COUNT,MOTORCYCLE_COUNT,MUNICIPALITY,NONMOTR_COUNT,NONMOTR_DEATH_COUNT,NONMOTR_SUSP_SERIOUS_INJ_COUNT,NTFY_HIWY_MAINT,PED_COUNT,PED_DEATH_COUNT,PED_SUSP_SERIOUS_INJ_COUNT,PERSON_COUNT,POLICE_AGCY,POSSIBLE_INJ_COUNT,RDWY_SURF_TYPE_CD,RELATION_TO_ROAD,ROAD_CONDITION,ROADWAY_CLEARED,SCH_BUS_IND,SCH_ZONE_IND,SECONDARY_CRASH,SMALL_TRUCK_COUNT,SPEC_JURIS_CD,SUSP_MINOR_INJ_COUNT,SUSP_SERIOUS_INJ_COUNT,SUV_COUNT,TCD_FUNC_CD,TCD_TYPE,TFC_DETOUR_IND,TIME_OF_DAY,TOT_INJ_COUNT,TOTAL_UNITS,UNB_DEATH_COUNT,UNB_SUSP_SERIOUS_INJ_COUNT,UNBELTED_OCC_COUNT,UNK_INJ_DEG_COUNT,UNK_INJ_PER_COUNT,URBAN_AREA,URBAN_RURAL,VAN_COUNT,VEHICLE_COUNT,WEATHER1,WEATHER2,WORK_ZONE_IND,WORK_ZONE_LOC,WORK_ZONE_TYPE,WORKERS_PRES,WZ_CLOSE_DETOUR,WZ_FLAGGER,WZ_LAW_OFFCR_IND,WZ_LN_CLOSURE,WZ_MOVING,WZ_OTHER,WZ_SHLDER_MDN,WZ_WORKERS_INJ_KILLED
2010063478,1147.0,1,0,0,0,0,0,0,0,0,7,0,,67,7,2010,5,39.9645,-75.1823,1147.0,6,0,0,0,0,0,2,0,0,1.0,0,0,0,11.0,1,1,2,,2,39 57:52.248,7.0,0,75 10:56.281,3,0,0,0,67301,0,0,0,N,0,0,0,2,68K01,0,,2,1,,N,N,,0,,1,0,1,3,2,Y,1147.0,1,2,0,0,0,0,1,3,4,0,2,3,,N,,,,,,,,,,,
2010058896,1444.0,1,0,0,0,0,0,0,0,0,1,0,,67,5,2010,6,40.0791,-75.0307,1440.0,6,0,0,0,0,0,1,0,0,,0,0,0,14.0,1,0,0,,0,40 04:44.919,,0,75 01:50.533,0,0,0,0,67301,0,0,0,N,0,0,0,2,67301,0,,1,1,,N,N,,0,,0,0,0,0,0,,1440.0,0,2,0,0,0,0,0,3,4,1,2,3,,N,,,,,,,,,,,
2010058909,1800.0,1,0,0,1,0,0,0,0,0,4,0,,67,5,2010,4,39.9276,-75.1652,1757.0,6,0,0,0,0,0,1,0,0,1.0,0,0,0,17.0,1,1,1,,1,39 55:39.212,4.0,0,75 09:54.745,3,0,0,0,67301,1,0,0,N,0,0,0,2,67301,0,,1,1,,N,N,,0,,1,0,0,2,3,Y,1755.0,1,2,0,0,1,0,0,3,4,0,1,3,,N,,,,,,,,,,,
2010075877,1545.0,1,0,0,0,0,0,0,0,0,4,0,,67,7,2010,2,39.9695,-75.2254,1530.0,6,0,0,0,0,1,0,0,0,,0,0,0,15.0,1,3,1,,0,39 58:10.251,,0,75 13:31.337,8,0,0,1,67301,0,0,0,N,0,0,0,5,67301,0,,1,1,,N,N,,1,,0,0,0,3,2,,1500.0,3,3,0,0,0,3,0,3,4,0,3,3,,N,,,,,,,,,,,
2010026397,354.0,1,0,0,0,0,0,0,0,0,7,0,,67,2,2010,7,39.9531,-75.1413,354.0,6,0,0,0,0,1,0,0,0,2.0,0,0,0,3.0,3,0,0,,2,39 57:17.404,2.0,2,75 08:28.007,0,0,0,0,67301,0,0,0,N,0,0,0,1,68K01,0,,2,2,,N,N,,0,,0,0,0,0,0,N,342.0,0,1,0,0,0,0,0,3,4,0,1,98,,N,,,,,,,,,,,
2010032585,1056.0,3,0,0,0,0,0,0,0,0,4,0,,67,3,2010,4,40.093,-75.0316,1056.0,6,0,0,0,0,0,0,1,0,,0,0,0,10.0,1,5,0,,0,40 05:34.959,,7,75 01:53.814,3,0,0,0,67301,0,0,0,N,0,0,0,6,67301,3,,1,1,,N,N,,0,,2,0,0,0,0,,1056.0,5,3,0,0,3,0,0,3,4,0,3,3,,N,,,,,,,,,,,
2010030346,2256.0,2,0,0,0,0,0,0,0,0,1,0,,67,2,2010,7,39.978,-75.1579,2256.0,6,0,0,0,0,0,0,0,0,,0,0,0,22.0,3,1,0,,0,39 58:40.838,,0,75 09:28.611,4,0,0,0,67301,0,0,0,N,0,0,0,2,67301,1,,1,1,,N,N,,0,,0,0,0,3,2,,2253.0,1,2,0,0,0,0,1,3,4,0,2,3,,N,,,,,,,,,,,
2010026062,1714.0,1,0,0,0,0,0,0,0,0,7,0,,67,2,2010,3,39.9351,-75.1998,1705.0,6,0,0,0,0,0,0,0,0,1.0,0,0,0,17.0,1,0,0,,1,39 56:14.546,4.0,0,75 11:55.174,0,0,0,0,67301,0,0,0,N,0,0,0,2,68K01,0,,2,8,,N,N,,0,,0,0,0,0,0,Y,1703.0,0,2,0,0,0,0,0,3,4,0,1,7,,N,,,,,,,,,,,
2010083332,2315.0,2,0,0,0,0,0,0,0,0,1,0,35.0,67,8,2010,4,39.9058,-75.1328,2315.0,6,0,0,0,0,0,0,0,0,4.0,0,0,0,23.0,3,0,0,,1,39 54:20.884,3.0,3,75 07:57.982,0,0,0,0,67301,0,0,0,N,0,0,0,3,67501,0,,1,1,,N,N,,0,,0,0,0,3,2,Y,2315.0,0,2,0,0,0,0,0,3,4,0,2,3,,Y,2.0,1.0,Y,Y,,N,Y,,,,
2010104986,215.0,2,0,0,0,0,0,0,0,0,4,0,,67,10,2010,6,40.0465,-75.0453,2330.0,6,0,0,0,0,0,0,0,0,,0,0,0,23.0,3,0,2,,0,40 02:47.443,,0,75 02:42.968,0,0,0,0,67301,0,0,0,N,0,0,0,2,67301,0,,1,1,,N,N,,0,,0,0,0,3,2,,2330.0,0,2,0,0,0,0,0,3,4,0,2,3,,N,,,,,,,,,,,
2010036292,603.0,0,0,0,0,0,0,0,0,0,0,0,,67,3,2010,2,39.8832,-75.2446,558.0,6,0,0,0,0,0,0,1,0,1.0,0,0,0,5.0,3,1,0,,1,39 52:55.663,1.0,0,75 14:43.413,4,0,0,0,67301,0,0,0,N,0,0,0,1,68K01,1,,3,1,,N,N,,0,,0,0,1,0,0,N,557.0,1,1,0,0,0,0,0,3,4,0,1,3,,N,,,,,,,,,,,
2010026585,49.0,1,0,0,0,0,0,0,0,0,1,0,,67,3,2010,2,39.9393,-75.1966,41.0,6,0,0,0,0,0,0,0,0,1.0,0,0,0,0.0,3,0,0,,1,39 56:28.626,4.0,0,75 11:40.867,0,0,0,0,67301,0,0,0,N,0,0,0,2,68K01,0,,1,1,,N,N,,0,,0,0,1,0,0,N,37.0,0,2,0,0,0,0,0,3,4,0,2,3,,N,,,,,,,,,,,
2010026589,1551.0,2,0,0,0,0,0,0,0,0,1,0,,67,3,2010,2,40.0483,-74.9986,1536.0,6,0,0,0,0,0,1,1,0,1.0,0,0,0,15.0,1,3,0,,2,40 02:54.062,1.0,0,74 59:54.508,4,0,0,0,67301,0,0,0,N,0,0,0,4,68K01,3,,1,1,,N,N,,0,,0,0,1,0,0,N,1532.0,3,3,0,0,0,0,0,3,4,0,3,3,,N,,,,,,,,,,,
2010099791,807.0,0,0,0,0,0,0,0,0,0,8,0,,67,8,2010,7,40.0281,-75.1726,805.0,6,0,0,0,0,0,0,0,0,3.0,0,0,0,8.0,1,1,0,,2,40 01:41.260,1.0,0,75 10:21.604,8,0,0,0,67301,1,0,0,,1,0,0,2,67301,0,,1,1,,,,,1,,0,0,0,0,0,Y,803.0,1,2,0,0,0,1,0,3,4,0,1,3,,N,,,,,,,,,,,
2010118048,939.0,3,0,0,0,0,0,0,0,0,4,0,,67,10,2010,6,40.0581,-75.1743,935.0,6,0,0,0,1,0,2,0,0,2.0,0,0,0,9.0,1,1,1,,2,40 03:29.309,7.0,0,75 10:27.487,4,0,0,0,67301,0,0,0,N,0,0,0,4,67301,1,,1,1,,N,N,,0,,0,0,0,3,2,Y,930.0,1,3,0,0,0,0,0,3,4,0,3,3,,N,,,,,,,,,,,
2010112744,28.0,1,0,0,0,0,0,0,0,0,7,0,,67,10,2010,6,39.9803,-75.2056,19.0,6,0,0,0,0,0,0,0,0,1.0,0,0,0,0.0,3,1,0,,2,39 58:51.865,3.0,0,75 12:24.003,4,0,0,0,67301,0,0,0,N,0,0,0,1,68K01,1,,4,1,,N,N,,0,,0,0,0,0,0,N,17.0,1,2,0,0,0,0,0,3,4,0,1,3,,N,,,,,,,,,,,
2010113269,1915.0,3,0,0,0,0,0,0,0,0,1,0,,67,11,2010,2,39.9585,-75.168,1859.0,6,0,0,0,0,0,0,0,0,,0,0,0,18.0,3,0,0,,0,39 57:30.706,,0,75 10:04.943,0,0,0,0,67301,0,0,0,N,0,0,0,3,68K01,0,,1,1,,N,N,,0,,0,0,0,0,0,,1856.0,0,3,0,0,0,0,0,3,4,0,3,3,,N,,,,,,,,,,,
2010113319,610.0,2,0,0,0,0,0,0,0,0,4,0,,67,10,2010,3,40.012,-75.176,552.0,6,0,0,0,0,0,1,0,0,,0,0,0,5.0,3,1,1,,0,40 00:43.053,,0,75 10:33.696,8,0,0,0,67301,0,0,0,N,0,0,0,2,67301,0,,1,9,,,,,0,,0,0,0,3,2,,545.0,1,2,0,0,0,1,0,3,4,0,2,3,,N,,,,,,,,,,,
2010075101,1206.0,3,0,0,0,0,0,0,0,0,1,0,,67,7,2010,1,40.0723,-75.0292,1202.0,6,0,0,0,0,0,0,0,1,,0,0,0,11.0,1,2,0,,0,40 04:20.442,,0,75 01:45.199,8,0,0,0,67301,1,0,0,N,0,0,0,2,67301,0,,4,1,,N,N,,0,,0,0,0,0,0,,1150.0,2,3,0,0,0,2,0,3,4,0,3,3,,N,,,,,,,,,,,
2010074834,1750.0,2,0,0,0,0,0,0,0,0,4,0,,67,7,2010,3,40.0122,-75.1378,1742.0,6,0,0,1,0,0,1,0,0,,0,0,0,17.0,1,2,1,,0,40 00:43.977,,0,75 08:16.141,4,0,0,0,67301,0,0,0,N,0,0,0,4,67301,2,,1,1,,N,N,,0,,0,0,0,2,2,,1739.0,2,2,0,0,0,0,0,3,4,0,2,3,,N,,,,,,,,,,,
2010045091,2040.0,2,0,0,0,0,0,0,0,0,4,0,,67,4,2010,2,39.9162,-75.2258,1957.0,6,1,0,0,0,1,0,0,0,2.0,0,0,0,19.0,3,0,1,,1,39 54:58.161,3.0,0,75 13:32.992,0,0,0,0,67301,0,0,0,,0,0,0,3,67301,0,,1,1,,N,N,,0,,0,0,0,3,2,Y,1950.0,0,2,0,0,0,0,0,3,4,0,2,3,,N,,,,,,,,,,,
2010074902,1220.0,1,0,0,0,0,0,0,0,0,8,0,,67,6,2010,3,39.9318,-75.1885,1220.0,6,0,0,0,0,0,0,0,0,,0,0,0,19.0,4,1,0,,0,39 55:54.490,,0,75 11:18.646,2,0,0,0,67301,1,0,1,N,1,0,1,2,67301,0,,1,1,,N,N,,0,,0,1,0,0,0,,1930.0,1,2,0,0,0,0,0,3,4,0,1,3,,N,,,,,,,,,,,
2010074909,1745.0,1,0,0,0,0,0,0,0,0,1,0,,67,7,2010,3,40.0369,-75.1451,9999.0,6,0,0,0,0,1,0,0,0,,0,0,0,16.0,1,2,1,,0,40 02:13.055,,0,75 08:42.701,4,0,0,0,67301,0,0,0,N,0,0,0,3,67301,2,,1,1,,N,N,,0,,0,0,1,3,2,,1620.0,2,2,0,0,0,0,1,3,4,0,2,3,,N,,,,,,,,,,,
2010083207,1019.0,1,0,0,0,0,0,0,0,0,1,0,25.0,67,8,2010,3,39.9988,-75.2318,1019.0,6,0,0,0,0,0,0,0,0,,0,0,0,99.0,1,1,0,,0,39 59:55.517,,0,75 13:54.511,8,0,0,0,67301,0,0,0,N,0,0,0,2,46104,0,,1,1,,N,N,,0,,0,0,1,0,0,,9999.0,1,2,0,0,0,1,0,3,4,0,2,3,,Y,1.0,2.0,Y,N,N,Y,N,Y,N,N,
2010059584,913.0,1,0,0,0,0,0,0,0,0,5,0,,67,5,2010,2,39.9487,-75.1929,911.0,6,0,0,0,0,0,1,0,0,,0,0,0,9.0,1,1,0,,0,39 56:55.246,,7,75 11:34.412,4,0,0,1,67301,0,0,0,N,0,0,0,2,67301,1,,1,1,,N,N,,0,,0,0,0,3,2,,910.0,1,2,0,0,0,0,0,3,4,0,2,3,,N,,,,,,,,,,,
2010044440,1551.0,4,0,0,0,0,0,0,0,0,4,0,,67,3,2010,4,39.9577,-75.1742,1505.0,6,0,0,0,0,0,0,0,0,,0,0,0,99.0,1,0,1,,0,39 57:27.565,,0,75 10:27.159,0,0,0,0,67301,0,0,0,,0,0,0,3,67301,0,,1,1,,,,,0,,0,0,0,3,2,,9999.0,0,4,0,0,0,0,0,3,4,0,4,3,,N,,,,,,,,,,,
2010084241,9999.0,1,0,0,0,0,0,0,0,0,7,0,,67,7,2010,7,40.0148,-75.0855,9999.0,6,0,0,0,0,0,1,0,0,,0,0,0,99.0,1,1,1,,0,40 00:53.164,,1,75 05:07.676,8,0,0,0,67301,0,0,0,,0,0,0,1,67301,0,,3,1,,N,N,,0,,0,0,0,3,2,,9999.0,1,1,0,0,0,1,0,3,4,0,1,3,,N,,,,,,,,,,,
2010052281,736.0,3,0,0,0,0,0,0,0,0,2,0,,67,5,2010,4,40.0477,-75.06,736.0,6,0,0,0,0,0,0,0,0,2.0,0,0,0,7.0,1,2,1,,2,40 02:51.581,1.0,0,75 03:35.828,4,0,0,0,67301,0,0,0,N,0,0,0,6,67301,2,,1,1,,N,N,,0,,0,0,0,3,2,Y,736.0,2,3,0,0,0,0,0,3,4,0,3,3,,N,,,,,,,,,,,
2010052377,400.0,3,0,0,0,0,0,0,0,0,1,0,,67,4,2010,7,39.9724,-75.2533,358.0,6,0,0,0,0,0,0,0,0,2.0,0,0,0,3.0,3,0,1,,1,39 58:20.717,6.0,0,75 15:11.791,0,0,0,0,67301,0,0,0,N,0,0,0,2,67301,0,,1,1,,N,N,,0,,0,0,0,3,2,Y,355.0,0,3,0,0,0,0,0,3,4,0,3,3,,N,,,,,,,,,,,
2010052385,433.0,1,0,0,0,0,0,0,0,0,1,0,,67,5,2010,7,40.0209,-75.1486,433.0,6,0,0,0,1,0,0,0,0,,0,1,0,4.0,3,1,2,,0,40 01:15.020,,99,75 08:54.994,4,0,0,0,67301,0,0,0,N,0,0,0,2,67301,1,,1,1,,N,N,,0,,0,0,0,0,0,,430.0,1,2,0,0,1,0,0,3,4,0,2,3,,N,,,,,,,,,,,
2010062257,1820.0,2,0,0,0,0,0,0,0,0,4,0,,67,5,2010,1,39.9932,-75.1697,1813.0,6,0,0,0,0,0,0,0,1,,0,0,0,18.0,1,1,2,,0,39 59:35.664,,0,75 10:11.063,4,0,0,0,67301,0,0,0,,0,0,0,2,67301,1,,1,2,,,,,0,,0,0,0,3,3,,1810.0,1,2,0,0,0,0,1,3,4,0,2,3,,N,,,,,,,,,,,
2010084070,1552.0,1,0,0,0,0,0,0,0,0,7,0,,67,8,2010,7,39.9706,-75.1245,1551.0,6,0,0,0,0,0,0,0,0,,0,0,0,15.0,1,7,0,,0,39 58:17.258,,0,75 07:24.596,8,0,0,0,67301,0,0,0,N,0,0,0,7,68K01,0,,3,1,,N,N,,0,,0,0,0,0,0,,1547.0,7,1,0,0,0,7,0,3,4,0,1,3,,N,,,,,,,,,,,
2010044583,742.0,1,0,0,0,0,0,0,0,0,1,0,,67,4,2010,4,40.1212,-75.0112,739.0,6,0,0,0,1,0,0,0,0,,0,0,0,7.0,1,1,2,,0,40 07:16.190,,0,75 00:40.345,4,0,0,0,67301,0,0,0,N,0,0,0,2,67301,1,,1,1,,N,N,,1,,0,0,0,0,0,,739.0,1,2,0,0,0,0,0,3,4,0,2,3,,N,,,,,,,,,,,
2010044706,839.0,1,0,0,0,0,0,0,0,0,4,0,,67,4,2010,4,40.0682,-75.1741,830.0,6,0,0,0,0,0,0,0,0,,0,0,0,8.0,1,1,1,,0,40 04:05.455,,0,75 10:26.738,4,0,0,0,67301,0,0,0,N,0,0,0,2,67301,1,,1,1,,N,N,,0,,0,0,1,3,3,,830.0,1,2,0,0,0,0,0,3,4,0,2,3,,N,,,,,,,,,,,
2010062057,1900.0,0,0,0,0,0,0,0,0,0,4,0,,67,4,2010,2,40.0355,-75.114,1900.0,6,0,0,0,0,1,0,0,0,,0,0,0,99.0,2,0,2,,0,40 02:07.746,,0,75 06:50.477,0,0,0,0,67301,0,0,0,,0,0,0,2,67301,0,,1,9,,N,N,,0,,0,0,2,3,3,,9999.0,0,2,0,0,0,0,0,3,4,0,2,7,,N,,,,,,,,,,,
2010084585,9999.0,2,0,0,0,0,0,0,0,0,1,0,,67,7,2010,7,39.9972,-75.1193,9999.0,6,0,0,0,0,0,0,0,0,,0,0,0,18.0,1,1,1,,0,39 59:50.271,,0,75 07:09.670,8,0,0,0,67301,0,0,0,,0,0,0,2,67301,0,,1,1,,,,,0,,0,0,0,3,2,,1800.0,1,2,0,0,0,1,0,3,4,0,2,3,,N,,,,,,,,,,,
2010129134,202.0,1,0,0,0,0,0,0,0,0,7,0,,67,10,2010,3,39.9793,-75.2038,200.0,6,0,0,0,0,0,1,0,0,,0,0,0,1.0,3,0,0,,0,39 58:48.509,,0,75 12:18.283,0,0,0,0,67301,0,0,0,N,0,0,0,1,68K01,0,,2,9,,N,N,,0,,0,0,0,0,0,,153.0,0,1,0,0,0,0,0,3,4,0,1,7,,N,,,,,,,,,,,
2010048616,1450.0,0,0,0,1,0,0,0,0,0,2,0,,67,4,2010,3,39.9421,-75.1604,9999.0,6,0,0,0,0,0,1,0,0,,0,0,0,14.0,1,1,2,,0,39 56:31.675,,0,75 09:37.522,4,0,0,0,67301,1,0,0,N,0,0,0,2,67301,1,,1,1,,N,N,,0,,0,0,1,3,2,,1435.0,1,2,0,0,1,0,0,3,4,0,1,3,,N,,,,,,,,,,,
2010039244,1643.0,0,0,0,0,0,0,0,0,0,8,0,,67,3,2010,7,40.0219,-75.1591,1641.0,6,0,0,0,0,0,0,0,0,,0,0,0,15.0,1,1,0,,0,40 01:18.750,,0,75 09:32.810,3,0,0,0,67301,1,0,0,,1,0,0,2,67301,0,,1,1,,,,,0,,1,0,0,0,0,,1500.0,1,2,0,0,0,0,1,3,4,0,1,99,,N,,,,,,,,,,,
2010026420,222.0,1,0,0,0,0,0,0,0,0,7,0,,67,3,2010,7,39.9539,-75.1396,222.0,6,0,0,0,0,1,0,0,0,,0,0,0,2.0,3,0,0,,0,39 57:13.586,,3,75 08:22.771,0,0,0,0,67301,0,0,0,N,0,0,0,4,67501,0,,3,9,,N,N,,0,,0,0,0,3,8,,215.0,0,1,0,0,0,0,0,3,4,0,1,7,,N,,,,,,,,,,,
2010032751,5.0,2,0,0,0,0,0,0,0,0,4,0,,67,3,2010,6,39.9107,-75.1855,0.0,6,0,0,0,0,0,0,0,0,,0,0,0,22.0,3,0,3,,0,39 54:38.994,,0,75 11:07.679,0,0,0,0,67301,0,0,0,N,0,0,0,2,67301,0,,1,1,,N,N,,0,,0,0,0,3,2,,2230.0,0,2,0,0,0,0,0,3,4,0,2,3,,N,,,,,,,,,,,
2010030374,330.0,3,0,0,0,0,0,0,0,0,1,0,,67,2,2010,1,39.9561,-75.1682,325.0,6,0,0,0,0,0,0,0,0,,0,0,0,3.0,3,3,5,,0,39 57:25.004,,0,75 10:09.709,8,0,0,0,67301,0,0,0,N,0,0,0,8,67301,0,,1,1,,N,N,,0,,0,0,1,3,2,,300.0,3,4,0,0,0,3,0,3,4,0,4,3,,N,,,,,,,,,,,
2010104955,842.0,1,0,0,0,0,0,0,0,0,4,0,,67,9,2010,2,39.9535,-75.1398,841.0,6,0,0,0,0,0,1,0,0,,0,0,0,8.0,1,2,2,,0,39 57:12.636,,0,75 08:24.027,4,0,0,0,67301,0,0,0,,0,0,0,4,67301,2,,1,9,,,,,1,,0,0,0,3,2,,825.0,2,2,0,0,0,0,0,3,4,0,2,7,,N,,,,,,,,,,,
2010026596,2108.0,1,0,0,0,0,0,0,0,0,7,0,,67,3,2010,4,39.9842,-75.0964,2107.0,6,0,0,0,0,0,0,0,0,1.0,0,0,0,21.0,3,1,0,,1,39 59:03.097,1.0,0,75 05:47.244,4,0,0,0,67301,0,0,0,N,0,0,0,1,68K01,1,,2,1,,N,N,,0,,0,0,0,0,0,N,2104.0,1,1,0,0,0,0,0,3,4,0,1,3,,N,,,,,,,,,,,
2010118049,112.0,2,0,0,0,0,0,0,0,0,4,0,,67,10,2010,7,40.0626,-75.1708,112.0,6,0,0,0,0,0,0,0,0,3.0,0,0,0,1.0,3,1,1,,2,40 03:45.318,6.0,0,75 10:14.844,8,0,0,0,67301,0,0,0,N,0,0,0,3,67301,0,,1,1,,N,N,,0,,0,0,0,3,2,Y,110.0,1,2,0,0,0,1,2,3,4,0,2,3,,N,,,,,,,,,,,
2010118057,843.0,2,0,0,0,0,0,0,0,0,4,0,,67,10,2010,5,40.0415,-75.0133,840.0,6,0,0,0,0,0,1,0,0,,0,0,0,8.0,1,1,1,,0,40 02:29.395,,0,75 00:47.623,3,0,0,0,67301,0,0,0,N,0,0,0,2,67301,0,,1,1,,N,N,,0,,1,0,0,3,2,,835.0,1,2,0,0,0,0,0,3,4,0,2,3,,N,,,,,,,,,,,
2010102488,2000.0,1,0,0,0,0,0,0,0,0,8,0,,67,9,2010,5,40.0105,-75.0791,1958.0,6,0,0,0,0,0,0,0,0,9.0,0,0,0,19.0,3,1,1,,1,40 00:37.460,1.0,0,75 04:45.357,8,0,0,0,67301,1,0,0,N,1,0,0,2,67301,0,,1,1,,N,N,,0,,0,0,0,3,2,N,1956.0,1,2,0,0,0,1,0,3,4,0,1,3,,N,,,,,,,,,,,
2010102490,811.0,1,0,0,1,0,0,0,0,0,4,0,,67,9,2010,3,40.0473,-75.0948,810.0,6,0,0,0,0,0,1,0,0,1.0,0,0,0,8.0,1,1,1,,1,40 02:50.136,3.0,0,75 05:41.341,4,0,0,0,67301,1,0,0,N,0,0,0,2,67301,1,,1,1,,N,N,,0,,0,0,0,3,3,N,810.0,1,2,0,0,0,0,0,3,4,0,1,3,,N,,,,,,,,,,,
2010105006,1314.0,2,0,0,0,0,0,0,0,0,2,0,,67,10,2010,1,40.0404,-75.0655,1314.0,6,0,0,1,0,0,0,0,0,,0,0,0,12.0,1,1,1,,0,40 02:25.631,,0,75 03:56.177,4,0,0,0,67301,0,0,0,,0,0,0,3,67301,1,,1,1,,,,,0,,0,0,0,3,2,,1257.0,1,2,0,0,0,0,0,3,4,0,2,3,,N,,,,,,,,,,,
2010113332,1715.0,1,0,0,1,0,0,0,0,0,4,0,,67,9,2010,1,40.0488,-75.2354,1710.0,6,0,0,0,0,0,0,0,0,,0,0,0,17.0,1,1,1,,0,40 02:54.625,,0,75 14:06.990,8,0,0,0,67301,1,0,0,,0,0,0,2,67301,0,,1,9,,,,,0,,0,0,0,3,2,,1705.0,1,2,0,0,1,1,0,3,4,0,1,7,,N,,,,,,,,,,,
2010105053,1731.0,1,0,0,0,0,0,0,0,0,6,0,,67,9,2010,1,39.9923,-75.1422,1730.0,6,0,0,0,0,0,1,0,0,,0,0,0,17.0,1,1,1,,0,39 59:32.607,,0,75 08:31.827,4,0,0,0,67301,0,0,0,N,0,0,0,2,67301,1,,1,1,,N,N,,0,,0,0,1,3,2,,1730.0,1,2,0,0,0,0,0,3,4,0,2,3,,N,,,,,,,,,,,
2010105106,1724.0,1,0,0,1,0,0,0,0,0,4,0,,67,9,2010,4,39.9477,-75.2377,1635.0,6,0,0,0,0,0,0,0,0,,0,0,0,16.0,1,1,2,,0,39 56:51.644,,0,75 14:15.773,4,0,0,0,67301,1,0,0,N,0,0,0,2,67301,1,,1,1,,N,N,,0,,0,0,0,0,0,,1630.0,1,2,0,0,0,0,0,3,4,0,1,3,,N,,,,,,,,,,,
2010034144,1730.0,1,0,0,0,0,0,0,0,0,5,0,,67,2,2010,5,39.9236,-75.2214,1724.0,6,0,0,0,0,0,0,0,0,,0,0,0,17.0,2,0,0,,0,39 55:25.100,,0,75 13:17.133,0,0,0,0,67301,0,0,0,,0,0,0,1,67301,0,,2,9,,N,,,1,,0,0,1,0,0,,1720.0,0,3,0,0,1,0,0,3,4,0,3,10,,N,,,,,,,,,,,
2010034185,9999.0,1,0,0,0,0,0,0,0,0,4,0,,67,3,2010,2,40.0237,-75.1646,9999.0,6,0,0,0,0,0,0,0,0,,0,0,0,15.0,1,1,1,,0,40 01:25.413,,0,75 09:52.656,8,0,0,0,67301,0,0,0,N,0,0,0,2,67301,0,,1,1,,N,N,,0,,0,0,1,3,3,,1500.0,1,2,0,0,0,1,1,3,4,0,2,3,,N,,,,,,,,,,,
2010039222,215.0,1,0,0,0,0,0,0,0,0,7,0,,67,3,2010,6,39.9244,-75.1439,215.0,6,0,0,0,0,0,0,0,0,,0,0,0,2.0,3,0,0,,0,39 55:28.030,,0,75 08:37.985,0,0,0,0,67301,0,0,0,N,0,0,0,3,67301,0,,5,1,,N,N,,0,,0,0,0,0,0,,210.0,0,1,0,0,0,0,0,3,4,0,1,3,,N,,,,,,,,,,,
2010088702,1348.0,4,0,0,0,0,0,0,0,0,1,1,,67,7,2010,4,39.9519,-75.2348,1343.0,6,0,0,0,0,0,0,0,1,,0,1,0,13.0,1,0,0,,0,39 57:06.958,,0,75 14:05.157,0,0,0,0,67301,0,0,0,,0,0,0,1,67301,0,,1,1,,N,N,,0,,0,0,0,0,0,,1343.0,0,5,0,0,0,0,0,3,4,0,5,3,,N,,,,,,,,,,,
2010088724,1730.0,1,0,0,0,0,0,0,0,0,4,0,,67,8,2010,5,40.0445,-75.1931,1706.0,6,0,0,0,0,0,1,0,0,9.0,0,0,0,17.0,1,0,1,,1,40 02:40.301,1.0,0,75 11:35.235,0,0,0,0,67301,0,0,0,N,0,0,0,5,67301,0,,1,9,,N,N,,0,,0,0,1,3,2,N,1700.0,0,2,0,0,0,0,0,3,4,0,2,7,,N,,,,,,,,,,,
2010099615,9999.0,3,0,0,0,0,0,0,0,0,1,0,,67,9,2010,4,40.0898,-75.0701,9999.0,6,0,0,0,0,0,1,0,0,,0,0,0,7.0,1,1,0,,0,40 05:23.160,,7,75 04:12.320,4,0,0,0,67301,0,0,0,N,0,0,0,4,67301,1,,1,1,,N,N,,0,,0,0,1,0,0,,755.0,1,4,0,0,0,0,0,3,4,0,4,3,,N,,,,,,,,,,,