CRN,ARRIVAL_TM,AUTOMOBILE_COUNT,BELTED_DEATH_COUNT,BELTED_SUSP_SERIOUS_INJ_COUNT,BICYCLE_COUNT,BICYCLE_DEATH_COUNT,BICYCLE_SUSP_SERIOUS_INJ_COUNT,BUS_COUNT,CHLDPAS_DEATH_COUNT,CHLDPAS_SUSP_SERIOUS_INJ_COUNT,COLLISION_TYPE,COMM_VEH_COUNT,CONS_ZONE_SPD_LIM,COUNTY,CRASH_MONTH,CRASH_YEAR,DAY_OF_WEEK,DEC_LAT,DEC_LONG,DISPATCH_TM,DISTRICT,DRIVER_COUNT_16YR,DRIVER_COUNT_17YR,DRIVER_COUNT_18YR,DRIVER_COUNT_19YR,DRIVER_COUNT_20YR,DRIVER_COUNT_50_64YR,DRIVER_COUNT_65_74YR,DRIVER_COUNT_75PLUS,EST_HRS_CLOSED,FATAL_COUNT,HEAVY_TRUCK_COUNT,HORSE_BUGGY_COUNT,HOUR_OF_DAY,ILLUMINATION,INJURY_COUNT,INTERSECT_TYPE,INTERSECTION_RELATED,LANE_CLOSED,LATITUDE,LN_CLOSE_DIR,LOCATION_TYPE,LONGITUDE,MAX_SEVERITY_LEVEL,MCYCLE_DEATH_COUNT,MCYCLE_SUSP_SERIOUS_INJ_COUNT,MOTORCYCLE_COUNT,MUNICIPALITY,NONMOTR_COUNT,NONMOTR_DEATH_COUNT,NONMOTR_SUSP_SERIOUS_INJ_COUNT,NTFY_HIWY_MAINT,PED_COUNT,PED_DEATH_COUNT,PED_SUSP_SERIOUS_INJ_COUNT,PERSON_COUNT,POLICE_AGCY,POSSIBLE_INJ_COUNT,RDWY_SURF_TYPE_CD,RELATION_TO_ROAD,ROAD_CONDITION,ROADWAY_CLEARED,SCH_BUS_IND,SCH_ZONE_IND,SECONDARY_CRASH,SMALL_TRUCK_COUNT,SPEC_JURIS_CD,SUSP_MINOR_INJ_COUNT,SUSP_SERIOUS_INJ_COUNT,SUV_COUNT,TCD_FUNC_CD,TCD_TYPE,TFC_DETOUR_IND,TIME_OF_DAY,TOT_INJ_COUNT,TOTAL_UNITS,UNB_DEATH_COUNT,UNB_SUSP_SERIOUS_INJ_COUNT,UNBELTED_OCC_COUNT,UNK_INJ_DEG_COUNT,UNK_INJ_PER_COUNT,URBAN_AREA,URBAN_RURAL,VAN_COUNT,VEHICLE_COUNT,WEATHER1,WEATHER2,WORK_ZONE_IND,WORK_ZONE_LOC,WORK_ZONE_TYPE,WORKERS_PRES,WZ_CLOSE_DETOUR,WZ_FLAGGER,WZ_LAW_OFFCR_IND,WZ_LN_CLOSURE,WZ_MOVING,WZ_OTHER,WZ_SHLDER_MDN,WZ_WORKERS_INJ_KILLED
2010099660,215.0,2,0,0,0,0,0,0,0,0,1,0,,67,8,2010,7,39.9486,-75.2174,211.0,6,0,0,0,0,0,0,0,0,,0,0,0,0.0,3,1,0,,0,39 56:54.892,,0,75 13:02.672,3,0,0,0,67301,0,0,0,N,0,0,0,3,67301,0,,1,9,,N,N,,0,,1,0,0,0,0,,10.0,1,2,0,0,0,0,0,3,4,0,2,3,,N,,,,,,,,,,,
2010090811,831.0,1,0,0,0,0,0,0,0,0,1,0,,67,9,2010,2,39.9785,-75.1106,826.0,6,0,0,0,0,0,1,1,0,1.0,0,0,0,8.0,1,0,0,,1,39 58:44.506,2.0,0,75 06:34.099,0,0,0,0,67301,0,0,0,N,0,0,0,4,68K01,0,,1,1,,N,N,,1,,0,0,0,0,0,N,825.0,0,2,0,0,0,0,0,3,4,0,2,3,,N,,,,,,,,,,,
2010086002,2335.0,3,0,0,0,0,0,0,0,0,1,0,,67,7,2010,4,39.908,-75.1732,2331.0,6,0,0,0,0,0,0,0,0,,0,0,0,23.0,3,0,1,,0,39 54:28.874,,0,75 10:23.661,0,0,0,0,67301,0,0,0,,0,0,0,6,67301,0,,1,9,,,,,0,,0,0,0,3,2,,2300.0,0,3,0,0,6,0,0,3,4,0,3,7,,N,,,,,,,,,,,
2010075035,2030.0,0,0,0,1,0,0,0,0,0,4,0,,67,6,2010,3,40.0406,-75.1746,2029.0,6,0,0,0,0,0,1,0,0,,0,0,0,20.0,1,1,1,,0,40 02:26.250,,0,75 10:28.527,8,0,0,0,67301,1,0,0,N,0,0,0,2,67301,0,,1,1,,N,N,,0,,0,0,0,3,2,,2028.0,1,2,0,0,0,1,0,3,4,1,1,3,,N,,,,,,,,,,,
2010045496,208.0,1,0,0,0,0,0,0,0,0,7,0,,67,5,2010,6,40.0038,-75.1953,204.0,6,0,0,0,0,1,0,0,0,,0,0,0,2.0,3,1,0,,0,40 00:12.689,,0,75 11:42.738,4,0,0,0,67301,0,0,0,N,0,0,0,1,68K01,1,,2,1,,N,N,,0,,0,0,0,0,0,,200.0,1,1,0,0,1,0,0,3,4,0,1,3,,N,,,,,,,,,,,
2010045068,15.0,2,0,0,0,0,0,0,0,0,5,0,,67,4,2010,2,39.9864,-75.1696,5.0,6,0,0,0,0,0,0,0,0,,0,0,0,0.0,3,1,1,,0,39 59:11.018,,0,75 10:10.592,8,0,0,0,67301,0,0,0,,0,0,0,3,67301,0,,1,1,,N,N,,0,,0,0,0,3,2,,5.0,1,2,0,0,0,1,0,3,4,0,2,3,,N,,,,,,,,,,,
2010059611,1506.0,1,0,0,0,0,0,0,0,0,1,1,,67,5,2010,4,39.8816,-75.2533,1504.0,6,0,0,0,0,0,0,0,0,1.0,0,1,0,99.0,1,1,2,,1,39 52:53.688,4.0,2,75 15:11.963,8,0,0,0,67301,0,0,0,,0,0,0,2,67301,0,,1,1,,N,N,,0,,0,0,0,2,1,N,9999.0,1,2,0,0,0,1,0,3,4,0,2,3,,N,,,,,,,,,,,
2010084247,1945.0,2,0,0,0,0,0,0,0,0,1,0,,67,7,2010,1,39.9658,-75.2461,1938.0,6,0,0,0,0,0,0,0,0,,0,0,0,19.0,1,1,1,,0,39 57:56.929,,0,75 14:45.807,4,0,0,0,67301,0,0,0,,0,0,0,2,67301,1,,1,9,,,,,0,,0,0,0,3,2,,1930.0,1,2,0,0,0,0,0,3,4,0,2,3,,N,,,,,,,,,,,
2010084252,1843.0,1,0,0,0,0,0,0,0,0,1,0,,67,7,2010,6,39.948,-75.1731,1840.0,6,0,0,0,0,0,0,0,0,,0,0,0,18.0,1,1,0,,0,39 56:52.789,,0,75 10:23.113,4,0,0,0,67301,0,0,0,N,0,0,0,2,67301,1,,1,1,,N,N,,1,,0,0,0,0,0,,1839.0,1,2,0,0,1,0,0,3,4,0,2,3,,N,,,,,,,,,,,
2010044532,838.0,1,0,0,0,0,0,0,0,0,8,0,,67,4,2010,5,40.0351,-75.089,833.0,6,0,0,0,0,0,0,0,0,,0,0,0,99.0,1,1,2,,0,40 02:06.370,,0,75 05:20.295,8,0,0,0,67301,1,0,0,N,1,0,0,2,67301,0,,1,1,,N,N,,0,,0,0,0,3,3,,9999.0,1,2,0,0,0,1,1,3,4,0,1,3,,N,,,,,,,,,,,
2010044586,1823.0,0,0,0,0,0,0,0,0,0,8,0,,67,4,2010,2,39.9833,-75.1694,1821.0,6,0,0,0,0,0,0,0,0,,0,0,0,99.0,1,1,2,,0,39 58:59.782,,0,75 10:10.005,8,0,0,0,67301,1,0,0,N,1,0,0,2,67301,0,,1,1,,N,N,,0,,0,0,1,0,0,,9999.0,1,2,0,0,0,1,1,3,4,0,1,3,,N,,,,,,,,,,,
2010062304,930.0,1,0,0,0,0,0,0,0,0,7,0,,67,5,2010,3,39.8908,-75.2282,930.0,6,0,0,0,0,0,0,0,0,1.0,0,0,0,9.0,1,1,6,,1,39 53:27.057,3.0,2,75 13:38.597,8,0,0,0,67301,0,0,0,,0,0,0,1,67301,0,,2,9,,N,N,,0,,0,0,0,0,0,N,929.0,1,1,0,0,0,1,0,3,4,0,1,7,,N,,,,,,,,,,,
2010062310,2005.0,0,0,0,0,0,0,0,0,0,8,0,,67,6,2010,2,39.9181,-75.171,2000.0,6,0,0,0,0,0,0,1,0,,0,0,0,16.0,1,1,1,,0,39 55:05.384,,0,75 10:15.977,4,0,0,0,67301,1,0,0,N,1,0,0,2,67301,1,,1,1,,N,N,,0,,0,0,1,9,2,,1630.0,1,2,0,0,0,0,0,3,4,0,1,3,,N,,,,,,,,,,,
2010044771,1534.0,1,0,0,1,0,0,0,0,0,4,0,,67,4,2010,3,39.9249,-75.174,1530.0,6,0,0,0,0,0,0,0,0,,0,0,0,15.0,1,1,1,,0,39 55:28.493,,0,75 10:16.477,8,0,0,0,67301,1,0,0,N,0,0,0,2,67301,0,,1,1,,N,N,,0,,0,0,0,3,2,,1525.0,1,2,0,0,0,1,0,3,4,0,1,3,,N,,,,,,,,,,,
2010130264,1145.0,1,0,0,0,0,0,0,0,0,4,0,,67,12,2010,5,40.0598,-75.1334,1142.0,6,0,0,1,0,0,0,0,0,2.0,0,0,0,11.0,1,2,1,,1,40 03:35.459,4.0,0,75 07:59.829,8,0,0,0,67301,0,0,0,N,0,0,0,5,46102,0,,1,1,,N,N,,0,,0,0,1,3,2,Y,1142.0,2,2,0,0,0,2,0,3,4,0,2,3,,N,,,,,,,,,,,
2010048846,2030.0,2,0,0,0,0,0,0,0,0,4,0,,67,4,2010,2,40.0418,-75.1124,2025.0,6,0,0,0,0,0,0,0,0,,0,0,0,20.0,3,1,2,,0,40 02:30.370,,0,75 06:44.466,4,0,0,0,67301,0,0,0,N,0,0,0,2,67301,1,,1,9,,N,N,,0,,0,0,0,0,0,,2010.0,1,2,0,0,0,0,0,3,4,0,2,7,,N,,,,,,,,,,,
2010060255,1545.0,2,0,0,0,0,0,0,0,0,1,0,,67,5,2010,3,40.1047,-75.0012,1537.0,6,0,0,0,0,0,0,0,1,,0,0,0,14.0,1,1,0,,0,40 06:16.854,,0,75 00:04.363,8,0,0,0,67301,0,0,0,,0,0,0,3,67301,0,,1,1,,,,,0,,0,0,0,3,2,,1435.0,1,2,0,0,0,1,0,3,4,0,2,3,,N,,,,,,,,,,,
2010058891,101.0,2,0,0,0,0,0,0,0,0,1,0,,67,5,2010,3,40.0543,-75.0657,59.0,6,0,0,0,0,0,1,0,0,,0,0,0,0.0,3,0,0,,0,40 03:15.526,,0,75 03:56.530,0,0,0,0,67301,0,0,0,N,0,0,0,1,67301,0,,7,1,,N,N,,0,,0,0,0,0,0,,58.0,0,2,0,0,0,0,0,3,4,0,2,3,,N,,,,,,,,,,,
2010075906,909.0,2,0,0,0,0,0,0,0,0,1,0,,67,7,2010,5,40.0272,-75.1145,905.0,6,0,1,0,0,0,0,0,0,,0,0,0,9.0,1,1,1,,0,40 01:37.940,,0,75 06:52.496,4,0,0,0,67301,0,0,0,N,0,0,0,4,67301,1,,1,1,,N,N,,0,,0,0,0,3,3,,904.0,1,2,0,0,0,0,0,3,4,0,2,3,,N,,,,,,,,,,,
2010104915,1145.0,3,0,0,0,0,0,0,0,0,2,0,,67,9,2010,1,39.9774,-75.2272,1139.0,6,0,1,0,0,0,0,0,0,2.0,0,0,0,11.0,1,2,0,,2,39 58:38.623,5.0,0,75 13:37.958,8,0,0,0,67301,0,0,0,N,0,0,0,4,67301,0,,1,9,,N,N,,0,,0,0,0,0,0,N,1130.0,2,3,0,0,0,2,1,3,4,0,3,7,,N,,,,,,,,,,,
2010104936,2135.0,1,0,0,0,0,0,0,0,0,4,0,,67,9,2010,4,40.0618,-75.0561,213.0,6,0,0,0,0,0,0,0,0,1.0,0,0,0,21.0,3,0,1,,1,40 03:42.317,1.0,0,75 03:21.839,0,0,0,0,67301,0,0,0,,0,0,0,3,67301,0,,1,1,,N,N,,0,,0,0,0,3,2,N,2120.0,0,2,0,0,0,0,0,3,4,1,2,3,,N,,,,,,,,,,,
2010104948,1138.0,1,0,0,0,0,0,0,0,0,7,0,,67,10,2010,6,40.02,-75.0533,1135.0,6,0,0,0,0,0,0,0,0,,0,0,0,11.0,1,1,2,,0,40 01:11.971,,0,75 03:11.764,8,0,0,0,67301,0,0,0,,0,0,0,1,67301,0,,2,9,,N,N,,0,,0,0,0,0,0,,1130.0,1,1,0,0,0,1,0,3,4,0,1,7,,N,,,,,,,,,,,
2010113135,1140.0,2,0,0,0,0,0,1,0,0,5,1,,67,11,2010,4,39.9549,-75.1517,1128.0,6,0,0,0,0,0,0,0,0,3.0,0,0,0,11.0,1,1,2,,1,39 57:17.713,1.0,0,75 09:05.995,4,0,0,0,67301,0,0,0,N,0,0,0,2,67301,1,,1,1,,N,N,,0,,0,0,0,0,0,N,1115.0,1,3,0,0,0,0,0,3,4,0,3,3,,N,,,,,,,,,,,
2010097387,646.0,2,0,0,0,0,0,0,0,0,1,0,,67,10,2010,5,39.9778,-75.2015,645.0,6,0,0,0,0,0,0,1,0,1.0,0,0,0,6.0,5,1,0,,1,39 58:42.385,3.0,0,75 12:09.628,3,0,0,0,67301,0,0,0,N,0,0,0,3,68K01,0,,1,1,,N,N,,1,,1,0,0,0,0,N,643.0,1,3,0,0,0,0,0,3,4,0,3,3,,N,,,,,,,,,,,
2010118109,1200.0,2,0,0,0,0,0,0,0,0,1,0,,67,10,2010,7,40.0624,-75.0427,1154.0,6,0,0,0,0,0,1,0,1,1.0,0,0,0,11.0,1,1,2,,1,40 03:44.577,2.0,0,75 02:33.887,4,0,0,0,67301,0,0,0,N,0,0,0,3,67301,1,,1,1,,N,N,,0,,0,0,0,3,2,N,1154.0,1,2,0,0,0,0,0,3,4,0,2,3,,N,,,,,,,,,,,
2010118111,1625.0,2,0,0,0,0,0,0,0,0,1,0,,67,11,2010,3,40.0277,-75.0993,1614.0,6,0,0,0,0,1,0,0,0,,0,0,0,16.0,1,2,0,,0,40 01:40.583,,0,75 05:59.023,8,0,0,0,67301,0,0,0,N,0,0,0,3,67301,0,,1,1,,N,N,,0,,0,0,0,0,0,,1605.0,2,2,0,0,0,2,0,3,4,0,2,3,,N,,,,,,,,,,,
2010102474,2250.0,3,0,0,0,0,0,0,0,0,1,0,,67,9,2010,4,40.0179,-75.1493,2243.0,6,0,0,0,0,0,0,0,0,2.0,0,0,0,22.0,3,1,1,,1,40 01:04.608,2.0,0,75 08:57.650,4,0,0,0,67301,0,0,0,N,0,0,0,5,67301,1,,9,1,,N,N,,0,,0,0,0,0,0,N,2243.0,1,3,0,0,0,0,0,3,4,0,3,3,,N,,,,,,,,,,,
2010102500,1530.0,2,0,0,0,0,0,0,0,0,4,0,,67,9,2010,1,40.0275,-75.0624,1530.0,6,0,0,0,2,0,0,0,0,1.0,0,0,0,15.0,1,1,1,,1,40 01:38.846,5.0,0,75 03:44.583,4,0,0,0,67301,0,0,0,N,0,0,0,2,67301,1,,1,1,,N,N,,0,,0,0,0,3,2,N,1525.0,1,2,0,0,1,0,0,3,4,0,2,3,,N,,,,,,,,,,,
2010087033,1205.0,1,0,0,0,0,0,0,0,0,7,0,,67,9,2010,7,40.0162,-75.0522,1200.0,6,0,0,0,0,0,0,0,0,,0,0,0,11.0,1,0,0,,0,40 00:57.944,,0,75 03:08.234,0,0,0,0,67301,0,0,0,Y,0,0,0,7,68K01,0,,2,1,,N,N,,0,,0,0,1,0,0,,1157.0,0,2,0,0,0,0,0,3,4,0,2,3,,N,,,,,,,,,,,
2010029387,302.0,1,0,0,0,0,0,0,0,0,7,0,,67,3,2010,1,39.9594,-75.1741,300.0,6,0,0,0,0,0,0,0,0,,0,0,0,2.0,3,0,7,,0,39 57:33.444,,2,75 10:23.293,0,0,0,0,67301,0,0,0,N,0,0,0,1,68K01,0,,2,1,,N,N,,0,,0,0,0,0,0,,258.0,0,1,0,0,0,0,0,3,4,0,1,3,,N,,,,,,,,,,,
2010034146,1715.0,1,0,0,0,0,0,0,0,0,8,0,,67,2,2010,7,40.0412,-75.1445,1709.0,6,0,0,0,0,0,0,0,0,,0,0,0,21.0,8,1,2,,0,40 02:28.338,,0,75 08:40.106,4,0,0,0,67301,1,0,0,N,1,0,0,2,67301,1,,1,98,,N,N,,0,,0,0,0,9,3,,2100.0,1,2,0,0,1,0,0,3,4,0,1,99,,N,,,,,,,,,,,
2010034186,1918.0,2,0,0,0,0,0,0,0,0,4,0,,67,3,2010,7,40.0064,-75.0807,1913.0,6,0,1,0,0,0,0,0,0,,0,0,0,19.0,3,2,1,,0,40 00:23.036,,0,75 04:50.415,8,0,0,0,67301,0,0,0,N,0,0,0,4,67301,0,,1,1,,N,N,,0,,0,0,0,3,3,,1913.0,2,2,0,0,0,2,0,3,4,0,2,3,,N,,,,,,,,,,,
2010088669,2000.0,1,0,0,0,0,0,0,0,0,4,0,,67,8,2010,2,40.0158,-75.1411,1950.0,6,1,0,0,0,0,0,0,0,9.0,0,0,0,19.0,3,6,1,,2,40 00:56.894,7.0,0,75 08:28.039,8,0,0,0,67301,0,0,0,N,0,0,0,6,67301,0,,1,1,,N,N,,0,,0,0,1,2,2,Y,1950.0,6,2,0,0,4,6,0,3,4,0,2,3,,N,,,,,,,,,,,
2010086023,1710.0,0,0,0,0,0,0,0,0,0,8,0,,67,8,2010,3,40.0316,-75.1451,1700.0,6,0,0,0,0,0,1,0,0,,0,0,0,16.0,1,1,0,,0,40 01:53.605,,0,75 08:42.360,8,0,0,0,67301,1,0,0,N,1,0,0,2,67301,0,,1,1,,N,N,,0,,0,0,0,0,0,,1630.0,1,2,0,0,0,1,0,3,4,1,1,3,,N,,,,,,,,,,,
2010099662,953.0,1,0,0,1,0,0,0,0,0,4,0,,67,8,2010,2,39.9542,-75.1775,943.0,6,0,0,0,0,0,1,0,0,,0,0,0,9.0,1,1,0,,0,39 57:14.945,,0,75 10:39.131,8,0,0,0,67301,1,0,0,,0,0,0,2,67301,0,,1,1,,,,,0,,0,0,0,0,0,,943.0,1,2,0,0,1,1,0,3,4,0,1,3,,N,,,,,,,,,,,
2010103114,1420.0,2,0,0,0,0,0,0,0,0,4,0,,67,9,2010,3,39.9608,-75.1547,1415.0,6,0,0,0,0,0,0,0,1,,0,0,0,14.0,1,1,1,,0,39 57:38.754,,0,75 09:16.977,4,0,0,0,67301,0,0,0,,0,0,0,2,67301,1,,1,9,,,,,0,,0,0,0,3,3,,1405.0,1,2,0,0,0,0,0,3,4,0,2,3,,N,,,,,,,,,,,
2010105667,1736.0,3,0,0,0,0,0,0,0,0,1,0,,67,9,2010,4,39.9942,-75.1924,1736.0,6,0,0,0,0,0,1,1,0,1.0,0,0,0,17.0,1,0,0,,1,39 59:39.215,1.0,0,75 11:32.603,9,0,0,0,67301,0,0,0,N,0,0,0,4,67301,0,,1,1,,N,N,,0,,0,0,0,0,0,N,1731.0,0,3,0,0,0,0,2,3,4,0,3,3,,N,,,,,,,,,,,
2010103015,1300.0,1,0,0,0,0,0,0,0,0,8,0,,67,9,2010,6,40.0292,-75.1468,1250.0,6,0,0,0,0,0,0,0,0,,0,0,0,12.0,1,1,0,,0,40 01:45.008,,0,75 08:48.428,8,0,0,0,67301,1,0,0,N,1,0,0,2,67301,0,,1,1,,N,N,,0,,0,0,0,0,0,,1247.0,1,2,0,0,0,1,1,3,4,0,1,3,,N,,,,,,,,,,,
2010103044,1600.0,3,0,0,0,0,0,0,0,0,1,0,,67,6,2010,2,39.9397,-75.2255,1554.0,6,0,0,1,0,0,0,0,0,,0,0,0,15.0,1,0,1,,0,39 56:23.042,,0,75 13:31.760,0,0,0,0,67301,0,0,0,N,0,0,0,3,67301,0,,1,1,,N,N,,0,,0,0,0,3,2,,1549.0,0,3,0,0,0,0,0,3,4,0,3,3,,N,,,,,,,,,,,
2010103076,2202.0,0,0,0,0,0,0,0,0,0,8,0,,67,9,2010,4,40.0452,-75.0638,2200.0,6,0,0,0,0,0,0,0,0,,0,0,0,21.0,3,1,2,,0,40 02:42.615,,0,75 03:49.503,3,0,0,0,67301,1,0,0,,1,0,0,2,67301,0,,1,9,,N,N,,0,,1,0,0,3,3,,2158.0,1,2,0,0,0,0,0,3,4,0,1,7,,N,,,,,,,,,,,
2010095750,2029.0,1,0,0,0,0,0,0,0,0,1,0,,67,9,2010,7,39.9914,-75.2034,2023.0,6,0,0,0,0,0,0,0,0,,0,0,0,20.0,3,1,0,,0,39 59:31.298,,0,75 12:07.948,4,0,0,0,67301,0,0,0,N,0,0,0,8,68K01,1,,1,1,,N,N,,0,,0,0,1,0,0,,2014.0,1,2,0,0,0,0,0,3,4,0,2,3,,N,,,,,,,,,,,
2010117919,1415.0,0,0,0,0,0,0,0,0,0,8,0,,67,11,2010,6,39.9572,-75.2025,1413.0,6,0,0,0,0,0,0,0,0,,0,0,0,14.0,1,1,0,,0,39 57:26.092,,6,75 12:08.887,4,0,0,0,67301,1,0,0,N,1,0,0,2,67301,1,,6,1,,N,N,,0,,0,0,1,0,0,,1408.0,1,2,0,0,0,0,0,3,4,0,1,3,,N,,,,,,,,,,,
2010117928,1127.0,3,0,0,0,0,0,0,0,0,4,0,,67,10,2010,2,39.9298,-75.1442,1123.0,6,0,0,0,0,0,1,0,1,,0,0,0,11.0,1,1,1,,0,39 55:47.801,,0,75 08:39.967,4,0,0,0,67301,0,0,0,,0,0,0,3,67301,1,,1,1,,,,,0,,0,0,0,3,2,,1121.0,1,3,0,0,0,0,0,3,4,0,3,3,,N,,,,,,,,,,,
2010117954,917.0,2,0,0,0,0,0,0,0,0,4,0,,67,10,2010,1,40.032,-75.2319,909.0,6,0,0,0,0,0,1,0,0,,0,0,0,9.0,1,1,2,,0,40 01:55.203,,0,75 13:54.713,8,0,0,0,67301,0,0,0,,0,0,0,3,67301,0,,1,1,,N,N,,0,,0,0,0,3,3,,909.0,1,2,0,0,0,1,0,3,4,0,2,3,,N,,,,,,,,,,,
2010114325,1150.0,1,0,0,0,0,0,0,0,0,4,0,,67,10,2010,6,40.0028,-75.1244,1150.0,6,0,0,0,0,0,0,1,0,,0,0,0,11.0,1,1,0,,0,40 00:09.985,,0,75 07:27.772,4,0,0,0,67301,0,0,0,,0,0,0,5,67301,1,,1,1,,,,,0,,0,0,0,3,2,,1145.0,1,2,0,0,0,0,0,3,4,1,2,3,,N,,,,,,,,,,,
2010037671,1638.0,0,0,0,0,0,0,0,0,0,1,0,,67,4,2010,6,39.9585,-75.1676,1631.0,6,0,0,0,0,0,1,0,0,1.0,0,0,0,16.0,1,0,0,,1,39 57:30.526,3.0,0,75 10:03.441,0,0,0,0,67301,0,0,0,N,0,0,0,3,68K01,0,,1,1,,N,N,,1,,0,0,1,0,0,N,1625.0,0,3,0,0,0,0,0,3,4,1,3,3,,N,,,,,,,,,,,
2010044738,1257.0,0,0,0,0,0,0,0,0,0,4,0,,67,3,2010,6,40.0528,-75.1529,1255.0,6,0,0,0,0,0,0,0,0,1.0,0,0,0,12.0,1,1,1,,1,40 03:10.198,4.0,0,75 09:10.288,8,0,0,0,67301,0,0,0,N,0,0,0,2,67301,0,,1,1,,N,Y,,0,,0,0,1,3,2,N,1253.0,1,2,0,0,0,1,0,3,4,0,2,3,,N,,,,,,,,,,,
2010059661,103.0,2,0,0,0,0,0,0,0,0,1,0,,67,5,2010,4,40.0289,-75.1075,1250.0,6,0,1,0,0,0,1,0,0,,0,0,0,99.0,1,1,0,,0,40 01:43.892,,7,75 06:27.017,8,0,0,0,67301,0,0,0,,0,0,0,3,67301,0,,1,1,,N,N,,0,,0,0,0,0,0,,9999.0,1,2,0,0,0,1,1,3,4,0,2,3,,N,,,,,,,,,,,
2010084223,2316.0,1,0,0,0,0,0,0,0,0,4,0,,67,7,2010,5,39.912,-75.1505,2306.0,6,0,0,0,0,0,2,0,0,,0,0,0,21.0,3,0,2,,0,39 54:43.254,,2,75 09:01.766,0,0,0,0,67301,0,0,0,N,0,0,0,2,67301,0,,1,1,,N,N,,0,,0,0,1,3,2,,2100.0,0,2,0,0,1,0,0,3,4,0,2,3,,N,,,,,,,,,,,
2010073724,932.0,1,0,0,0,0,0,0,0,0,1,0,,67,8,2010,2,39.957,-75.1528,932.0,6,0,0,0,0,0,1,0,0,1.0,0,0,0,9.0,1,1,0,,1,39 57:25.341,4.0,0,75 09:09.901,4,0,0,0,67301,0,0,0,N,0,0,0,3,68K01,1,,1,1,,N,N,,1,,0,0,1,0,0,N,932.0,1,3,0,0,0,0,0,3,4,0,3,3,,N,,,,,,,,,,,
2010052359,2205.0,0,0,0,0,0,0,1,0,0,4,1,,67,5,2010,1,40.0208,-75.0633,2153.0,6,0,0,0,0,0,0,0,0,,0,0,0,21.0,3,1,0,,0,40 01:15.249,,0,75 03:47.929,3,0,0,1,67301,0,0,0,,0,0,0,2,67301,0,,1,1,,N,N,,0,,1,0,0,0,0,,2148.0,1,2,0,0,0,0,0,3,4,0,2,3,,N,,,,,,,,,,,
2010052366,820.0,2,0,0,0,0,0,0,0,0,4,0,,67,4,2010,5,39.9192,-75.1692,819.0,6,0,0,0,0,0,0,0,0,,0,0,0,7.0,1,1,1,,0,39 55:09.148,,0,75 10:09.105,4,0,0,0,67301,0,0,0,N,0,0,0,5,67301,1,,1,1,,N,N,,0,,0,0,0,0,0,,730.0,1,2,0,0,1,0,0,3,4,0,2,3,,N,,,,,,,,,,,
2010052396,1530.0,0,0,0,0,0,0,0,0,0,5,0,,67,5,2010,1,40.0068,-75.0778,1530.0,6,0,0,0,0,0,1,0,0,,0,0,0,15.0,1,1,0,,0,40 00:24.395,,0,75 04:40.254,4,0,0,0,67301,0,0,0,,0,0,0,5,67301,1,,2,1,,N,N,,1,,0,0,0,0,0,,1524.0,1,2,0,0,4,0,0,3,4,1,2,3,,N,,,,,,,,,,,
2010044714,1420.0,2,0,0,0,0,0,0,0,0,4,0,,67,2,2010,1,40.0107,-75.1509,1412.0,6,0,0,0,0,0,0,1,0,4.0,0,0,0,14.0,1,1,0,,1,40 00:38.210,1.0,7,75 09:03.397,4,0,0,0,67301,0,0,0,,0,0,0,2,67301,1,,4,1,,,,,0,,0,0,0,0,0,N,1400.0,1,2,0,0,0,0,0,3,4,0,2,3,,N,,,,,,,,,,,
2010044716,1205.0,1,0,0,0,0,0,0,0,0,1,1,,67,4,2010,5,40.0046,-75.1523,1205.0,6,0,0,0,0,0,1,0,0,,0,1,0,12.0,1,1,0,,0,40 00:16.692,,0,75 09:08.122,3,0,0,0,67301,0,0,0,N,0,0,0,3,67301,0,,1,1,,N,N,,0,,1,0,1,3,2,,1205.0,1,3,0,0,0,0,0,3,4,0,3,3,,N,,,,,,,,,,,
2010062084,1805.0,1,0,0,0,0,0,0,0,0,6,0,,67,5,2010,1,40.0405,-75.1443,1758.0,6,0,0,0,0,0,0,0,0,,0,0,0,17.0,1,1,2,,0,40 02:25.794,,0,75 08:39.500,3,0,0,0,67301,0,0,0,,0,0,0,2,67301,0,,1,1,,,,,0,,1,0,1,0,0,,1745.0,1,2,0,0,0,0,0,3,4,0,2,3,,N,,,,,,,,,,,
2010044810,9999.0,1,0,0,0,0,0,0,0,0,8,0,,67,3,2010,2,40.0219,-75.0803,1946.0,6,0,0,0,0,0,0,0,0,,0,0,0,14.0,1,1,1,,0,40 01:18.858,,0,75 04:49.036,3,0,0,0,67301,1,0,0,N,1,0,0,2,67301,0,,1,1,,N,N,,0,,1,0,0,3,3,,1430.0,1,2,0,0,0,0,0,3,4,0,1,3,,N,,,,,,,,,,,
2010044818,1550.0,1,0,0,0,0,0,0,0,0,4,0,,67,3,2010,4,39.9579,-75.1641,1545.0,6,0,0,0,1,0,1,0,0,,0,0,0,15.0,1,1,1,,0,39 57:28.508,,0,75 09:50.910,8,0,0,0,67301,0,0,0,,0,0,0,3,67301,0,,1,1,,,,,0,,0,0,1,3,2,,1543.0,1,2,0,0,0,1,0,3,4,0,2,3,,N,,,,,,,,,,,
2010044823,301.0,2,0,0,0,0,0,0,0,0,4,0,,67,1,2010,6,39.9526,-75.1653,301.0,6,0,0,0,0,0,1,0,0,,0,0,0,3.0,3,1,2,,0,39 57:09.365,,0,75 09:55.348,4,0,0,0,67301,0,0,0,,0,0,0,2,67301,1,,1,1,,,,,0,,0,0,0,3,2,,301.0,1,2,0,0,0,0,1,3,4,0,2,3,,N,,,,,,,,,,,