CRN,ARRIVAL_TM,AUTOMOBILE_COUNT,BELTED_DEATH_COUNT,BELTED_SUSP_SERIOUS_INJ_COUNT,BICYCLE_COUNT,BICYCLE_DEATH_COUNT,BICYCLE_SUSP_SERIOUS_INJ_COUNT,BUS_COUNT,CHLDPAS_DEATH_COUNT,CHLDPAS_SUSP_SERIOUS_INJ_COUNT,COLLISION_TYPE,COMM_VEH_COUNT,CONS_ZONE_SPD_LIM,COUNTY,CRASH_MONTH,CRASH_YEAR,DAY_OF_WEEK,DEC_LAT,DEC_LONG,DISPATCH_TM,DISTRICT,DRIVER_COUNT_16YR,DRIVER_COUNT_17YR,DRIVER_COUNT_18YR,DRIVER_COUNT_19YR,DRIVER_COUNT_20YR,DRIVER_COUNT_50_64YR,DRIVER_COUNT_65_74YR,DRIVER_COUNT_75PLUS,EST_HRS_CLOSED,FATAL_COUNT,HEAVY_TRUCK_COUNT,HORSE_BUGGY_COUNT,HOUR_OF_DAY,ILLUMINATION,INJURY_COUNT,INTERSECT_TYPE,INTERSECTION_RELATED,LANE_CLOSED,LATITUDE,LN_CLOSE_DIR,LOCATION_TYPE,LONGITUDE,MAX_SEVERITY_LEVEL,MCYCLE_DEATH_COUNT,MCYCLE_SUSP_SERIOUS_INJ_COUNT,MOTORCYCLE_COUNT,MUNICIPALITY,NONMOTR_COUNT,NONMOTR_DEATH_COUNT,NONMOTR_SUSP_SERIOUS_INJ_COUNT,NTFY_HIWY_MAINT,PED_COUNT,PED_DEATH_COUNT,PED_SUSP_SERIOUS_INJ_COUNT,PERSON_COUNT,POLICE_AGCY,POSSIBLE_INJ_COUNT,RDWY_SURF_TYPE_CD,RELATION_TO_ROAD,ROAD_CONDITION,ROADWAY_CLEARED,SCH_BUS_IND,SCH_ZONE_IND,SECONDARY_CRASH,SMALL_TRUCK_COUNT,SPEC_JURIS_CD,SUSP_MINOR_INJ_COUNT,SUSP_SERIOUS_INJ_COUNT,SUV_COUNT,TCD_FUNC_CD,TCD_TYPE,TFC_DETOUR_IND,TIME_OF_DAY,TOT_INJ_COUNT,TOTAL_UNITS,UNB_DEATH_COUNT,UNB_SUSP_SERIOUS_INJ_COUNT,UNBELTED_OCC_COUNT,UNK_INJ_DEG_COUNT,UNK_INJ_PER_COUNT,URBAN_AREA,URBAN_RURAL,VAN_COUNT,VEHICLE_COUNT,WEATHER1,WEATHER2,WORK_ZONE_IND,WORK_ZONE_LOC,WORK_ZONE_TYPE,WORKERS_PRES,WZ_CLOSE_DETOUR,WZ_FLAGGER,WZ_LAW_OFFCR_IND,WZ_LN_CLOSURE,WZ_MOVING,WZ_OTHER,WZ_SHLDER_MDN,WZ_WORKERS_INJ_KILLED
2010044854,1536.0,1,0,0,0,0,0,0,0,0,7,0,,67,4,2010,3,40.0025,-75.1847,1534.0,6,0,0,0,0,0,0,1,0,,0,0,0,14.0,1,1,3,,0,40 00:09.496,,0,75 11:04.305,4,0,0,0,67301,0,0,0,,0,0,0,1,67301,1,,3,1,,,,,0,,0,0,0,9,3,,1429.0,1,1,0,0,0,0,0,3,4,0,1,3,,N,,,,,,,,,,,
2010044861,245.0,2,0,0,0,0,0,0,0,0,1,0,,67,3,2010,7,39.9123,-75.2445,240.0,6,0,0,0,0,0,0,0,0,3.0,0,0,0,2.0,3,0,1,,2,39 54:44.114,2.0,0,75 14:40.073,0,0,0,0,67301,0,0,0,N,0,0,0,2,67301,0,,1,1,,N,N,,1,,0,0,1,3,3,Y,220.0,0,4,0,0,0,0,0,3,4,0,4,3,,N,,,,,,,,,,,
2010084614,1022.0,1,0,0,0,0,0,0,0,0,1,0,,67,7,2010,3,39.9407,-75.2029,1021.0,6,0,0,0,0,0,0,0,0,1.0,0,0,0,10.0,1,2,0,,2,39 56:26.683,4.0,0,75 12:10.305,8,0,0,0,67301,0,0,0,N,0,0,0,5,67301,0,,1,1,,N,N,,1,,0,0,0,0,0,N,1020.0,2,2,0,0,0,2,1,3,4,0,2,3,,N,,,,,,,,,,,
2010060244,143.0,2,0,0,0,0,0,0,0,0,6,0,,67,5,2010,7,39.9996,-75.2096,135.0,6,0,0,0,0,0,1,0,0,,0,0,0,1.0,3,1,0,,0,39 59:58.726,,0,75 12:34.570,8,0,0,0,67301,0,0,0,N,0,0,0,2,67301,0,,1,1,,N,N,,0,,0,0,0,3,2,,125.0,1,2,0,0,0,1,1,3,4,0,2,3,,N,,,,,,,,,,,
2010060264,1857.0,1,0,0,0,0,0,0,0,0,8,0,,67,5,2010,6,40.0433,-75.1729,1848.0,6,0,0,0,0,0,0,0,0,,0,0,0,18.0,1,1,1,,0,40 02:35.962,,0,75 10:22.418,4,0,0,0,67301,1,0,0,N,1,0,0,2,67301,1,,1,1,,N,N,,0,,0,0,0,0,0,,1848.0,1,2,0,0,0,0,1,3,4,0,1,3,,N,,,,,,,,,,,
2010063766,1030.0,1,0,0,0,0,0,0,0,0,4,1,,67,7,2010,3,39.9524,-75.1468,1010.0,6,0,0,0,0,0,0,0,0,1.0,0,1,0,10.0,1,1,2,,1,39 57:08.527,2.0,0,75 08:48.441,4,0,0,0,67301,0,0,0,N,0,0,0,2,67301,1,,1,1,,N,N,,0,,0,0,0,3,2,Y,1000.0,1,2,0,0,0,0,0,3,4,0,2,3,,N,,,,,,,,,,,
2010058894,1650.0,1,0,0,0,0,0,0,0,0,1,0,,67,4,2010,6,39.9962,-75.1236,1648.0,6,0,0,0,0,0,0,0,0,,0,0,0,14.0,1,2,1,,0,39 59:46.180,,0,75 07:24.886,4,0,0,0,67301,0,0,0,,0,0,0,5,67301,1,,1,1,,,,,0,,0,0,0,0,0,,1420.0,2,2,0,0,0,1,0,3,4,1,2,3,,N,,,,,,,,,,,
2010070668,1307.0,2,0,0,0,0,0,0,0,0,4,0,,67,6,2010,2,40.049,-75.0947,1304.0,6,0,0,0,0,0,1,0,0,,0,0,0,12.0,1,1,1,,0,40 02:56.557,,0,75 05:40.778,4,0,0,0,67301,0,0,0,N,0,0,0,4,67301,1,,1,1,,N,N,,0,,0,0,0,3,3,,1240.0,1,2,0,0,0,0,0,3,4,0,2,3,,N,,,,,,,,,,,
2010029768,1528.0,1,0,0,0,0,0,0,0,0,1,0,,67,1,2010,6,39.9226,-75.1701,1520.0,6,0,0,0,0,0,0,0,0,,0,0,0,15.0,1,2,0,,0,39 55:21.507,,0,75 10:12.436,4,0,0,0,67301,0,0,0,,0,0,0,4,67301,2,,1,1,,,,,0,,0,0,1,0,0,,1510.0,2,2,0,0,2,0,0,3,4,0,2,3,,N,,,,,,,,,,,
2010032761,2220.0,4,0,0,0,0,0,0,0,0,1,0,,67,2,2010,7,39.9844,-75.1419,2210.0,6,0,0,0,0,0,0,0,0,,0,0,0,22.0,3,3,2,,0,39 59:03.987,,0,75 08:30.724,4,0,0,0,67301,0,0,0,N,0,0,0,6,67301,3,,1,1,,N,N,,0,,0,0,0,0,0,,2200.0,3,4,0,0,0,0,3,3,4,0,4,3,,N,,,,,,,,,,,
2010032776,857.0,2,0,0,0,0,0,0,0,0,4,0,,67,3,2010,2,40.0019,-75.1184,845.0,6,0,0,0,0,0,0,0,0,9.0,0,0,0,8.0,1,1,2,,1,40 00:06.855,3.0,0,75 07:06.101,8,0,0,0,67301,0,0,0,,0,0,0,2,67301,0,,1,1,,N,N,,0,,0,0,0,3,3,N,830.0,1,2,0,0,0,1,0,3,4,0,2,3,,N,,,,,,,,,,,
2010104961,1044.0,0,0,0,0,0,0,0,0,0,1,0,,67,9,2010,4,40.0647,-74.9823,1044.0,6,0,0,0,0,0,0,0,0,,0,0,0,10.0,1,1,1,,0,40 03:52.885,,0,74 58:56.121,8,0,0,0,67301,0,0,0,N,0,0,0,3,67301,0,,1,1,,N,N,,2,,0,0,0,3,2,,1044.0,1,2,0,0,0,1,0,3,4,0,2,3,,N,,,,,,,,,,,
2010099761,1555.0,2,0,0,0,0,0,0,0,0,6,0,,67,9,2010,2,40.005,-75.1786,1546.0,6,0,0,0,0,0,0,0,0,,0,0,0,15.0,1,1,5,,0,40 00:17.718,,0,75 10:43.298,8,0,0,0,67301,0,0,0,,0,0,0,2,67301,0,,1,1,,,,,0,,0,0,0,3,2,,1544.0,1,2,0,0,0,1,1,3,4,0,2,3,,N,,,,,,,,,,,
2010118116,338.0,2,0,0,0,0,0,0,0,0,4,0,,67,10,2010,7,39.9374,-75.2279,334.0,6,0,0,0,0,0,0,0,0,,0,0,0,3.0,3,0,0,,0,39 56:14.593,,0,75 13:40.555,9,0,0,0,67301,0,0,0,N,0,0,0,1,67301,0,,6,1,,N,N,,0,,0,0,1,0,0,,325.0,0,3,0,0,0,0,1,3,4,0,3,3,,N,,,,,,,,,,,
2010115766,1819.0,0,0,0,0,0,0,0,0,0,1,0,,67,11,2010,2,39.9567,-75.1436,1802.0,6,0,0,0,0,0,1,1,0,1.0,0,0,0,18.0,3,1,0,,1,39 57:26.617,3.0,0,75 08:49.702,8,0,0,0,67301,0,0,0,N,0,0,0,6,68K01,0,,1,1,,N,N,,0,,0,0,2,0,0,N,1800.0,1,4,0,0,2,1,0,3,4,2,4,3,,N,,,,,,,,,,,
2010102514,812.0,1,0,0,0,0,0,0,0,0,7,0,,67,9,2010,2,40.0173,-75.2023,758.0,6,0,0,0,0,0,0,0,0,,0,0,0,7.0,1,0,0,,0,40 01:02.110,,0,75 12:08.240,0,0,0,0,67301,0,0,0,N,0,0,0,1,67301,0,,2,9,,N,N,,0,,0,0,0,0,0,,750.0,0,1,0,0,0,0,0,3,4,0,1,7,,N,,,,,,,,,,,
2010105015,2009.0,2,0,0,0,0,0,0,0,0,6,0,,67,9,2010,6,39.9883,-75.1355,1954.0,6,0,0,0,0,0,0,0,0,1.0,0,0,0,19.0,3,1,1,,1,39 59:17.962,2.0,0,75 08:07.915,4,0,0,0,67301,0,0,0,N,0,0,0,5,67301,1,,1,1,,N,N,,0,,0,0,0,2,2,N,1952.0,1,2,0,0,0,0,0,3,4,0,2,3,,N,,,,,,,,,,,
2010113327,1330.0,1,0,0,1,0,0,0,0,0,4,0,,67,8,2010,1,39.9953,-75.134,1230.0,6,0,0,0,0,0,0,0,0,,0,0,0,12.0,1,1,0,,0,39 59:42.970,,0,75 08:02.540,4,0,0,0,67301,1,0,0,N,0,0,0,2,67301,1,,1,1,,N,N,,0,,0,0,0,0,0,,1230.0,1,2,0,0,0,0,0,3,4,0,1,3,,N,,,,,,,,,,,
2010091838,757.0,1,0,0,0,0,0,0,0,0,1,0,,67,9,2010,6,39.9886,-75.2535,755.0,6,0,0,0,0,0,0,0,0,,0,0,0,7.0,1,2,0,,0,39 59:18.825,,0,75 15:12.656,4,0,0,0,67301,0,0,0,N,0,0,0,3,68K01,2,,1,1,,N,N,,0,,0,0,0,0,0,,750.0,2,2,0,0,0,0,0,3,4,1,2,5,,N,,,,,,,,,,,
2010105094,1340.0,2,0,0,0,0,0,0,0,0,4,0,,67,9,2010,5,39.9682,-75.2251,1335.0,6,0,0,0,0,0,1,0,0,,0,0,0,13.0,1,3,1,,0,39 58:05.274,,0,75 13:30.499,8,0,0,0,67301,0,0,0,N,0,0,0,4,67301,0,,1,1,,N,N,,0,,0,0,0,3,2,,1340.0,3,2,0,0,0,3,0,3,4,0,2,3,,N,,,,,,,,,,,
2010115949,1214.0,1,0,0,0,0,0,0,0,0,7,0,,67,11,2010,6,39.9198,-75.1482,1210.0,6,0,0,0,0,0,0,0,0,,0,0,0,12.0,1,1,0,,0,39 55:09.678,,0,75 08:53.216,4,0,0,0,67301,0,0,0,N,0,0,0,1,68K01,1,,2,1,,N,N,,0,,0,0,0,0,0,,1206.0,1,1,0,0,0,0,0,3,4,0,1,3,,N,,,,,,,,,,,
2010034145,1525.0,0,0,0,0,0,0,1,0,0,6,1,,67,2,2010,2,39.921,-75.1634,1518.0,6,0,0,0,0,0,2,0,0,2.0,0,0,0,14.0,1,5,1,,2,39 55:15.718,2.0,0,75 09:48.351,4,0,0,0,67301,0,0,0,,0,0,0,6,67301,5,,1,1,,Y,,,0,,0,0,1,3,3,Y,1440.0,5,2,0,0,0,0,0,3,4,0,2,3,,N,,,,,,,,,,,
2010034183,1338.0,0,0,0,1,0,0,0,0,0,4,0,,67,3,2010,4,40.0225,-75.1565,1334.0,6,0,0,0,0,0,0,0,0,,0,0,0,12.0,1,1,1,,0,40 01:20.956,,0,75 09:23.468,4,0,0,0,67301,1,0,0,N,0,0,0,2,67301,1,,5,1,,N,N,,1,,0,0,0,3,3,,1231.0,1,2,0,0,0,0,1,3,4,0,1,3,,N,,,,,,,,,,,
2010034184,1719.0,2,0,0,0,0,0,0,0,0,5,0,,67,3,2010,4,40.0471,-75.14,1715.0,6,0,0,0,0,0,2,0,0,,0,0,0,17.0,4,1,0,,0,40 02:49.637,,0,75 08:24.059,8,0,0,0,67301,0,0,0,N,0,0,0,2,67301,0,,1,1,,N,N,,0,,0,0,1,0,0,,1704.0,1,3,0,0,0,1,0,3,4,0,3,3,,N,,,,,,,,,,,
2010034192,55.0,2,0,0,0,0,0,0,0,0,2,0,,67,3,2010,3,40.0277,-75.1251,48.0,6,0,0,0,0,0,0,0,0,,0,0,0,0.0,3,0,0,,0,40 01:39.715,,0,75 07:30.189,0,0,0,0,67301,0,0,0,N,0,0,0,2,67301,0,,1,1,,N,N,,0,,0,0,0,0,0,,45.0,0,2,0,0,0,0,0,3,4,0,2,3,,N,,,,,,,,,,,
2010078313,1455.0,1,0,0,0,0,0,0,0,0,7,0,,67,7,2010,1,40.0987,-75.0099,1445.0,6,0,0,0,0,0,0,0,0,1.0,0,0,0,14.0,1,1,0,,1,40 05:55.405,1.0,0,75 00:35.447,3,0,0,0,67301,0,0,0,N,0,0,0,1,67301,0,,4,1,,N,N,,0,,1,0,0,0,0,N,1440.0,1,1,0,0,0,0,0,3,4,0,1,3,,N,,,,,,,,,,,
2010093316,1606.0,0,0,0,0,0,0,0,0,0,8,0,,67,8,2010,6,39.9322,-75.1529,1602.0,6,0,0,0,0,0,0,0,0,,0,0,0,99.0,1,1,1,,0,39 55:55.984,,0,75 09:10.403,4,0,0,0,67301,1,0,0,,1,0,0,2,67301,1,,1,1,,N,,,1,,0,0,0,3,3,,9999.0,1,2,0,0,0,0,0,3,4,0,1,3,,N,,,,,,,,,,,
2010093318,9999.0,2,0,0,0,0,0,0,0,0,1,0,,67,8,2010,2,39.9244,-75.1696,1645.0,6,0,0,0,0,0,0,0,0,,0,0,0,99.0,1,1,1,,0,39 55:27.728,,0,75 10:10.600,8,0,0,0,67301,0,0,0,,0,0,0,4,67301,0,,1,1,,,,,0,,0,0,0,3,2,,9999.0,1,3,0,0,0,1,0,3,4,0,3,3,,N,,,,,,,,,,,
2010088700,158.0,1,0,0,1,0,0,0,0,0,4,0,,67,8,2010,1,39.9566,-75.198,158.0,6,0,0,0,0,0,0,0,0,,0,0,0,1.0,3,1,1,,0,39 57:23.865,,0,75 11:52.879,3,0,0,0,67301,1,0,0,N,0,0,0,5,67504,0,,1,1,,N,N,,0,,1,0,0,3,2,,158.0,1,2,0,0,4,0,0,3,4,0,1,3,,N,,,,,,,,,,,
2010091222,1205.0,1,0,0,0,0,0,0,0,0,8,0,,67,8,2010,7,40.0442,-75.1814,1201.0,6,0,0,0,0,0,0,0,1,,0,0,0,11.0,1,1,2,,0,40 02:39.005,,0,75 10:53.098,4,0,0,0,67301,1,0,0,N,1,0,0,2,67301,1,,1,1,,N,N,,0,,0,0,0,3,3,,1150.0,1,2,0,0,0,0,0,3,4,0,1,3,,N,,,,,,,,,,,
2010059618,2040.0,1,0,0,0,0,0,0,0,0,4,0,,67,5,2010,3,39.9564,-75.1443,2040.0,6,0,0,0,0,0,0,0,0,,0,0,0,20.0,3,0,1,,0,39 57:23.011,,0,75 08:39.598,0,0,0,0,67301,0,0,0,N,0,0,0,5,67301,0,,1,1,,N,N,,0,,0,0,1,3,3,,2038.0,0,2,0,0,0,0,0,3,4,0,2,3,,N,,,,,,,,,,,
2010067470,1045.0,1,0,0,0,0,0,0,0,0,7,0,,67,7,2010,7,39.9439,-75.1921,1035.0,6,0,0,0,0,0,1,0,0,2.0,0,0,0,10.0,1,0,0,,2,39 56:41.561,4.0,0,75 11:27.798,0,0,0,0,67301,0,0,0,N,0,0,0,1,68K01,0,,2,9,,N,N,,0,,0,0,0,0,0,N,1033.0,0,1,0,0,0,0,0,3,4,0,1,7,,N,,,,,,,,,,,
2010084221,1145.0,3,0,0,0,0,0,0,0,0,4,0,,67,7,2010,2,40.0101,-75.1214,1145.0,6,0,0,1,0,0,0,0,0,,0,0,0,11.0,1,4,1,,0,40 00:36.531,,0,75 07:17.602,4,0,0,0,67301,0,0,0,N,0,0,0,5,67301,4,,1,1,,N,N,,0,,0,0,1,3,2,,1140.0,4,4,0,0,0,0,1,3,4,0,4,3,,N,,,,,,,,,,,
2010084224,1240.0,0,0,0,0,0,0,0,0,0,7,0,,67,7,2010,1,40.1079,-75.0006,1234.0,6,0,0,1,0,0,0,0,0,,0,0,0,12.0,1,0,0,,0,40 06:28.600,,7,75 00:02.190,0,0,0,0,67301,0,0,0,N,0,0,0,4,67301,0,,5,1,,N,N,,0,,0,0,0,0,0,,1230.0,0,1,0,0,0,0,0,3,4,1,1,3,,N,,,,,,,,,,,
2010084230,1810.0,1,0,0,1,0,0,0,0,0,5,0,,67,7,2010,3,39.9232,-75.1798,1805.0,6,0,0,0,0,0,0,0,0,,0,0,0,17.0,1,1,1,,0,39 55:23.361,,0,75 10:47.283,4,0,0,0,67301,1,0,0,,0,0,0,2,67301,1,,1,1,,,,,0,,0,0,0,3,3,,1753.0,1,2,0,0,0,0,0,3,4,0,1,3,,N,,,,,,,,,,,
2010044587,57.0,2,0,0,0,0,0,0,0,0,1,0,,67,4,2010,2,39.9939,-75.1545,50.0,6,0,0,0,0,0,1,0,0,,0,0,0,0.0,3,3,1,,0,39 59:38.150,,0,75 09:16.063,8,0,0,0,67301,0,0,0,N,0,0,0,4,67301,0,,1,1,,N,N,,0,,0,0,0,3,2,,40.0,3,2,0,0,0,3,1,3,4,0,2,3,,N,,,,,,,,,,,
2010044632,1530.0,2,0,0,0,0,0,0,0,0,4,0,,67,4,2010,3,40.0493,-75.0679,1530.0,6,0,0,0,0,0,1,0,0,1.0,0,0,0,15.0,1,0,1,,1,40 02:57.481,1.0,0,75 04:04.310,0,0,0,0,67301,0,0,0,N,0,0,0,2,67301,0,,1,1,,N,N,,0,,0,0,0,3,2,N,1520.0,0,2,0,0,0,0,0,3,4,0,2,3,,N,,,,,,,,,,,
2010062067,2045.0,2,0,0,0,0,0,0,0,0,4,0,,67,4,2010,7,40.0247,-75.1237,2028.0,6,0,0,0,0,0,0,0,0,,0,0,0,20.0,3,2,1,,0,40 01:28.740,,0,75 07:25.247,3,0,0,0,67301,0,0,0,,0,0,0,2,67301,0,,1,1,,,,,0,,2,0,0,3,2,,2028.0,2,2,0,0,0,0,0,3,4,0,2,3,,N,,,,,,,,,,,
2010044753,1940.0,0,0,0,0,0,0,0,0,0,8,0,,67,3,2010,7,40.0067,-75.0786,1931.0,6,0,0,0,0,0,0,0,0,,0,0,0,19.0,4,1,0,,0,40 00:23.940,,0,75 04:42.902,3,0,0,0,67301,1,0,0,N,1,0,0,2,67301,0,,1,1,,N,N,,1,,1,0,0,0,0,,1920.0,1,2,0,0,0,0,0,3,4,0,1,3,,N,,,,,,,,,,,
2010044879,2240.0,3,0,0,0,0,0,0,0,0,1,0,,67,3,2010,4,40.0005,-75.1262,2239.0,6,0,0,0,0,0,0,0,0,,0,0,0,22.0,3,2,0,,0,40 00:01.717,,0,75 07:34.158,4,0,0,0,67301,0,0,0,N,0,0,0,4,67301,2,,1,1,,N,N,,0,,0,0,0,0,0,,2239.0,2,3,0,0,0,0,0,3,4,0,3,3,,N,,,,,,,,,,,
2010065936,1757.0,1,0,0,0,0,0,0,0,0,7,0,,67,7,2010,7,39.9668,-75.1341,1752.0,6,0,0,0,0,0,0,0,0,2.0,0,0,0,17.0,1,2,0,,1,39 58:00.783,1.0,0,75 08:02.122,4,0,0,0,67301,0,0,0,N,0,0,0,2,68K01,2,,2,1,,N,N,,0,,0,0,0,0,0,Y,1750.0,2,2,0,0,0,0,0,3,4,0,1,3,,N,,,,,,,,,,,
2010048798,1342.0,2,0,0,0,0,0,0,0,0,4,0,,67,4,2010,2,40.0289,-75.0342,1336.0,6,0,0,0,0,0,0,0,1,,0,0,0,13.0,1,3,1,,0,40 01:45.604,,0,75 02:12.063,8,0,0,0,67301,0,0,0,N,0,0,0,3,67301,0,,1,1,,N,N,,0,,0,0,0,3,2,,1335.0,3,2,0,0,0,3,0,3,4,0,2,3,,N,,,,,,,,,,,
2010048824,1611.0,2,0,0,0,0,0,0,0,0,1,0,,67,4,2010,3,40.0548,-75.1988,1607.0,6,0,0,0,0,0,1,1,0,3.0,0,0,0,15.0,1,3,1,,1,40 03:17.307,1.0,0,75 11:55.612,4,0,0,0,67301,0,0,0,N,0,0,0,3,67301,3,,1,9,,N,N,,1,,0,0,0,3,2,Y,1530.0,3,3,0,0,0,0,0,3,4,0,3,7,,N,,,,,,,,,,,
2010048867,2230.0,0,0,0,0,0,0,0,0,0,7,0,,67,4,2010,6,40.0023,-75.1325,2225.0,6,0,0,0,0,0,0,0,0,2.0,0,0,0,22.0,3,1,0,,2,40 00:08.125,1.0,0,75 07:57.072,3,0,0,0,67301,0,0,0,N,0,0,0,1,67301,0,,5,1,,N,N,,0,,1,0,0,3,2,Y,2220.0,1,1,0,0,0,0,0,3,4,1,1,3,,N,,,,,,,,,,,
2010061366,101.0,0,0,0,0,0,0,0,0,0,7,0,,67,6,2010,2,40.0259,-75.0274,101.0,6,0,0,0,0,0,0,0,0,2.0,0,0,0,1.0,3,2,0,,2,40 01:33.442,2.0,0,75 01:38.665,4,0,0,0,67301,0,0,0,N,0,0,0,2,68K01,2,,4,1,,N,N,,1,,0,0,0,0,0,N,101.0,2,1,0,0,0,0,0,3,4,0,1,3,,N,,,,,,,,,,,
2010058848,358.0,1,0,0,0,0,0,0,0,0,1,0,,67,5,2010,7,40.0592,-75.0345,355.0,6,0,0,0,0,0,0,0,0,2.0,0,0,0,3.0,3,0,0,,2,40 03:32.950,5.0,0,75 02:04.066,9,0,0,0,67301,0,0,0,N,0,0,0,2,67301,0,,6,1,,N,N,,0,,0,0,1,0,0,Y,355.0,0,2,0,0,0,0,1,3,4,0,2,3,,N,,,,,,,,,,,
2010058907,1610.0,1,0,0,0,0,0,0,0,0,4,0,,67,4,2010,6,39.9704,-75.1482,1609.0,6,0,0,0,0,0,0,0,0,,0,0,0,16.0,1,2,1,,0,39 58:13.815,,0,75 08:53.198,4,0,0,0,67301,0,0,0,,0,0,0,3,67301,2,,1,1,,,,,1,,0,0,0,9,2,,1608.0,2,2,0,0,0,0,0,3,4,0,2,3,,N,,,,,,,,,,,
2010039263,1915.0,1,0,0,0,0,0,0,0,0,8,0,,67,3,2010,4,40.0424,-75.2263,1906.0,6,0,0,0,0,0,1,0,0,,0,0,0,19.0,3,2,2,,0,40 02:32.107,,0,75 13:34.029,8,0,0,0,67301,2,0,0,,2,0,0,3,67301,0,,1,1,,N,N,,0,,0,0,0,3,2,,1906.0,2,3,0,0,0,2,0,3,4,0,1,3,,N,,,,,,,,,,,
2010029613,2021.0,2,0,0,0,0,0,0,0,0,1,0,,67,3,2010,3,39.9894,-75.2063,2014.0,6,0,0,0,0,0,0,0,0,,0,0,0,20.0,3,2,0,,0,39 59:25.011,,0,75 12:19.318,4,0,0,0,67301,0,0,0,N,0,0,0,3,68K01,2,,1,1,,N,N,,0,,0,0,0,0,0,,2007.0,2,2,0,0,0,0,1,3,4,0,2,3,,N,,,,,,,,,,,
2010032785,1218.0,1,0,0,0,0,0,0,0,0,5,0,,67,3,2010,6,39.9647,-75.1406,1216.0,6,0,0,0,0,0,0,0,0,,0,0,0,12.0,1,1,0,,0,39 57:52.766,,0,75 08:26.053,4,0,0,0,67301,0,0,0,,0,0,0,4,67301,1,,1,1,,,,,1,,0,0,0,0,0,,1216.0,1,2,0,0,0,0,0,3,4,0,2,3,,N,,,,,,,,,,,
2010032809,2155.0,4,0,0,0,0,0,0,0,0,1,0,,67,3,2010,7,39.9917,-75.138,2150.0,6,0,0,0,0,0,0,0,0,,0,0,0,21.0,3,4,0,,0,39 59:30.284,,0,75 08:16.635,4,0,0,0,67301,0,0,0,N,0,0,0,5,67301,4,,6,9,,N,N,,0,,0,0,0,0,0,,2145.0,4,5,0,0,0,0,0,3,4,1,5,7,,N,,,,,,,,,,,
2010083488,1252.0,2,0,0,0,0,0,0,0,0,5,0,,67,6,2010,3,40.0239,-75.2075,1250.0,6,0,0,0,0,0,0,0,0,,0,0,0,12.0,1,1,0,,0,40 01:26.104,,0,75 12:26.866,8,0,0,0,67301,1,0,0,N,0,0,0,3,67301,0,,2,1,,N,N,,0,,0,0,0,3,2,,1240.0,1,2,0,0,0,1,0,3,4,0,2,3,,N,,,,,,,,,,,
2010036293,1500.0,2,0,0,0,0,0,0,0,0,1,0,,67,4,2010,5,40.0074,-75.2012,1456.0,6,0,0,0,0,0,1,0,0,,0,0,0,14.0,1,1,0,,0,40 00:26.643,,2,75 12:04.352,4,0,0,0,67301,0,0,0,N,0,0,0,2,68K01,1,,1,1,,N,N,,0,,0,0,0,0,0,,1453.0,1,2,0,0,0,0,0,3,4,0,2,3,,N,,,,,,,,,,,
2010099750,335.0,3,0,0,0,0,0,0,0,0,4,0,,67,8,2010,1,39.9256,-75.2343,9999.0,6,0,0,0,0,0,1,0,0,,0,0,0,3.0,3,2,1,,0,39 55:32.060,,0,75 14:03.558,3,0,0,0,67301,0,0,0,N,0,0,0,3,67301,0,,1,1,,N,N,,0,,2,0,0,3,2,,330.0,2,3,0,0,0,0,0,3,4,0,3,3,,N,,,,,,,,,,,
2010097269,715.0,1,0,0,0,0,0,0,0,0,7,0,,67,10,2010,3,39.9105,-75.1499,709.0,6,0,0,0,0,0,0,0,0,1.0,0,0,0,7.0,5,0,0,,1,39 54:39.039,1.0,2,75 08:55.148,0,0,0,0,67301,0,0,0,N,0,0,0,1,68K01,0,,4,9,,N,N,,0,,0,0,0,0,0,N,705.0,0,1,0,0,0,0,0,3,4,0,1,7,,N,,,,,,,,,,,
2010099820,9999.0,2,0,0,0,0,0,0,0,0,2,0,,67,9,2010,4,40.0767,-75.1762,9999.0,6,0,0,0,0,0,0,0,1,,0,0,0,7.0,1,1,1,,0,40 04:36.212,,0,75 10:34.207,4,0,0,0,67301,0,0,0,,0,0,0,2,67301,1,,1,1,,N,N,,0,,0,0,0,3,3,,730.0,1,2,0,0,1,0,0,3,4,0,2,3,,N,,,,,,,,,,,
2010099855,1710.0,1,0,0,0,0,0,1,0,0,1,1,,67,9,2010,5,40.0272,-75.0989,1710.0,6,0,0,0,0,1,0,0,0,3.0,0,0,0,17.0,1,0,1,,1,40 01:38.505,1.0,0,75 05:56.834,0,0,0,0,67301,0,0,0,,0,0,0,2,67301,0,,1,1,,Y,,,0,,0,0,0,3,2,N,1709.0,0,2,0,0,1,0,0,3,4,0,2,3,,N,,,,,,,,,,,
2010110719,2028.0,2,0,0,0,0,0,0,0,0,4,0,,67,10,2010,4,39.9579,-75.1641,2016.0,6,0,0,0,0,1,0,0,0,,0,0,0,20.0,3,0,5,,0,39 57:28.245,,2,75 09:50.968,0,0,0,0,67301,0,0,0,N,0,0,0,3,67301,0,,1,9,,N,N,,0,,0,0,0,3,2,,2000.0,0,2,0,0,0,0,0,3,4,0,2,7,,N,,,,,,,,,,,