CRN,ARRIVAL_TM,AUTOMOBILE_COUNT,BELTED_DEATH_COUNT,BELTED_SUSP_SERIOUS_INJ_COUNT,BICYCLE_COUNT,BICYCLE_DEATH_COUNT,BICYCLE_SUSP_SERIOUS_INJ_COUNT,BUS_COUNT,CHLDPAS_DEATH_COUNT,CHLDPAS_SUSP_SERIOUS_INJ_COUNT,COLLISION_TYPE,COMM_VEH_COUNT,CONS_ZONE_SPD_LIM,COUNTY,CRASH_MONTH,CRASH_YEAR,DAY_OF_WEEK,DEC_LAT,DEC_LONG,DISPATCH_TM,DISTRICT,DRIVER_COUNT_16YR,DRIVER_COUNT_17YR,DRIVER_COUNT_18YR,DRIVER_COUNT_19YR,DRIVER_COUNT_20YR,DRIVER_COUNT_50_64YR,DRIVER_COUNT_65_74YR,DRIVER_COUNT_75PLUS,EST_HRS_CLOSED,FATAL_COUNT,HEAVY_TRUCK_COUNT,HORSE_BUGGY_COUNT,HOUR_OF_DAY,ILLUMINATION,INJURY_COUNT,INTERSECT_TYPE,INTERSECTION_RELATED,LANE_CLOSED,LATITUDE,LN_CLOSE_DIR,LOCATION_TYPE,LONGITUDE,MAX_SEVERITY_LEVEL,MCYCLE_DEATH_COUNT,MCYCLE_SUSP_SERIOUS_INJ_COUNT,MOTORCYCLE_COUNT,MUNICIPALITY,NONMOTR_COUNT,NONMOTR_DEATH_COUNT,NONMOTR_SUSP_SERIOUS_INJ_COUNT,NTFY_HIWY_MAINT,PED_COUNT,PED_DEATH_COUNT,PED_SUSP_SERIOUS_INJ_COUNT,PERSON_COUNT,POLICE_AGCY,POSSIBLE_INJ_COUNT,RDWY_SURF_TYPE_CD,RELATION_TO_ROAD,ROAD_CONDITION,ROADWAY_CLEARED,SCH_BUS_IND,SCH_ZONE_IND,SECONDARY_CRASH,SMALL_TRUCK_COUNT,SPEC_JURIS_CD,SUSP_MINOR_INJ_COUNT,SUSP_SERIOUS_INJ_COUNT,SUV_COUNT,TCD_FUNC_CD,TCD_TYPE,TFC_DETOUR_IND,TIME_OF_DAY,TOT_INJ_COUNT,TOTAL_UNITS,UNB_DEATH_COUNT,UNB_SUSP_SERIOUS_INJ_COUNT,UNBELTED_OCC_COUNT,UNK_INJ_DEG_COUNT,UNK_INJ_PER_COUNT,URBAN_AREA,URBAN_RURAL,VAN_COUNT,VEHICLE_COUNT,WEATHER1,WEATHER2,WORK_ZONE_IND,WORK_ZONE_LOC,WORK_ZONE_TYPE,WORKERS_PRES,WZ_CLOSE_DETOUR,WZ_FLAGGER,WZ_LAW_OFFCR_IND,WZ_LN_CLOSURE,WZ_MOVING,WZ_OTHER,WZ_SHLDER_MDN,WZ_WORKERS_INJ_KILLED
2010110737,2001.0,2,0,0,0,0,0,0,0,0,4,0,,67,10,2010,5,39.9554,-75.2063,2000.0,6,0,0,0,0,0,0,0,0,,0,0,0,19.0,3,1,1,,0,39 57:19.274,,0,75 12:22.561,4,0,0,0,67301,0,0,0,N,0,0,0,5,67301,1,,1,9,,N,N,,0,,0,0,0,3,3,,1933.0,1,2,0,0,0,0,0,3,4,0,2,7,,N,,,,,,,,,,,
2010118077,1345.0,2,0,0,0,0,0,0,0,0,4,0,,67,11,2010,3,40.0466,-75.1233,1341.0,6,0,0,1,0,0,0,0,0,,0,0,0,12.0,1,2,2,,0,40 02:47.688,,0,75 07:23.973,8,0,0,0,67301,0,0,0,N,0,0,0,6,67301,0,,1,1,,N,N,,0,,0,0,0,3,2,,1250.0,2,2,0,0,0,2,0,3,4,0,2,3,,N,,,,,,,,,,,
2010102482,218.0,1,0,0,0,0,0,0,0,0,7,0,,67,9,2010,1,39.9358,-75.1994,215.0,6,0,0,0,0,0,0,0,0,,0,0,0,2.0,3,1,3,,0,39 56:10.721,,0,75 11:57.476,3,0,0,0,67301,0,0,0,,0,0,0,1,67301,0,,2,1,,,,,0,,1,0,0,0,0,,200.0,1,1,0,0,0,0,0,3,4,0,1,3,,N,,,,,,,,,,,
2010102508,1420.0,2,0,0,0,0,0,0,0,0,3,0,,67,9,2010,4,39.963,-75.1662,1414.0,6,0,0,0,0,0,0,0,0,,0,0,0,14.0,1,2,1,,0,39 57:46.788,,0,75 09:58.411,4,0,0,0,67301,0,0,0,,0,0,0,3,67301,2,,1,1,,N,N,,0,,0,0,0,3,2,,1400.0,2,2,0,0,0,0,0,3,4,0,2,3,,N,,,,,,,,,,,
2010105063,820.0,1,0,0,0,0,0,0,0,0,1,0,,67,9,2010,2,40.0071,-75.2137,816.0,6,0,0,0,0,0,0,0,0,,0,0,0,8.0,1,2,1,,0,40 00:25.593,,0,75 12:49.352,4,0,0,0,67301,0,0,0,N,0,0,0,3,67301,2,,1,1,,N,N,,0,,0,0,1,3,2,,800.0,2,2,0,0,1,0,1,3,4,0,2,3,,N,,,,,,,,,,,
2010087025,1545.0,1,0,0,0,0,0,0,0,0,7,0,,67,7,2010,3,39.9807,-75.1042,1533.0,6,0,0,0,0,0,0,0,0,1.0,0,0,0,15.0,1,2,0,,1,39 58:52.643,2.0,0,75 06:10.370,8,0,0,0,67301,0,0,0,N,0,0,0,2,68K01,0,,2,1,,N,N,,0,,0,0,0,0,0,N,1533.0,2,3,0,0,0,2,0,3,4,1,2,3,,N,,,,,,,,,,,
2010107700,1946.0,2,0,0,0,0,0,0,0,0,5,0,,67,10,2010,6,40.0221,-75.039,1941.0,6,0,0,1,0,0,0,0,0,1.0,0,0,0,19.0,3,2,0,,2,40 01:19.175,1.0,0,75 02:20.789,4,0,0,0,67301,0,0,0,N,0,0,0,2,68K01,2,,1,1,,N,N,,0,,0,0,0,0,0,N,1934.0,2,2,0,0,0,0,0,3,4,0,2,3,,N,,,,,,,,,,,
2010029390,729.0,0,0,0,0,0,0,0,0,0,1,0,,67,3,2010,2,40.0009,-75.0792,721.0,6,0,0,0,0,0,0,0,0,,0,0,0,7.0,1,0,0,,0,40 00:03.517,,0,75 04:44.773,0,0,0,0,67301,0,0,0,N,0,0,0,2,68K01,0,,1,1,,N,N,,1,,0,0,0,0,0,,721.0,0,2,0,0,0,0,0,3,4,1,2,3,,N,,,,,,,,,,,
2010034129,1215.0,1,0,0,0,0,0,0,0,0,4,0,,67,3,2010,6,39.956,-75.2176,1205.0,6,0,0,1,0,0,0,0,0,,0,0,0,11.0,1,2,1,,0,39 57:21.570,,0,75 13:03.535,8,0,0,0,67301,0,0,0,N,0,0,0,2,67301,0,,1,1,,N,N,,0,,0,0,1,3,2,,1152.0,2,2,0,0,0,2,0,3,4,0,2,3,,N,,,,,,,,,,,
2010091228,945.0,2,0,0,0,0,0,0,0,0,4,0,,67,1,2010,4,39.9014,-75.2294,941.0,6,0,0,0,0,0,2,0,0,,0,0,0,9.0,1,1,0,,0,39 54:05.020,,7,75 13:46.000,4,0,0,0,67301,0,0,0,N,0,0,0,2,67301,1,,1,1,,N,N,,0,,0,0,0,0,0,,920.0,1,2,0,0,0,0,0,3,4,0,2,3,,N,,,,,,,,,,,
2010093466,2308.0,2,0,0,0,0,0,0,0,0,1,0,,67,9,2010,6,40.0009,-75.195,2307.0,6,0,0,0,0,0,0,0,0,,0,0,0,23.0,3,0,0,,0,40 00:03.917,,0,75 11:42.007,0,0,0,0,67301,0,0,0,N,0,0,0,4,68K01,0,,1,1,,N,N,,0,,0,0,0,0,0,,2300.0,0,2,0,0,0,0,0,3,4,0,2,3,,N,,,,,,,,,,,
2010088727,2036.0,1,0,0,0,0,0,0,0,0,4,0,,67,8,2010,4,39.9498,-75.2058,2035.0,6,0,0,1,0,0,0,0,0,,0,0,0,20.0,3,0,1,,0,39 56:59.424,,0,75 12:20.905,0,0,0,0,67301,0,0,0,N,0,0,0,6,67301,0,,1,1,,N,N,,1,,0,0,0,3,2,,2033.0,0,2,0,0,0,0,0,3,4,0,2,3,,N,,,,,,,,,,,
2010088788,1320.0,0,0,0,0,0,0,0,0,0,5,0,,67,8,2010,7,39.9916,-75.1004,1320.0,6,0,0,0,0,0,0,0,0,,0,0,0,13.0,1,2,0,,0,39 59:29.614,,0,75 06:01.442,4,0,0,0,67301,0,0,0,N,0,0,0,3,67301,2,,1,1,,N,N,,0,,0,0,2,0,0,,1310.0,2,2,0,0,0,0,0,3,4,0,2,3,,N,,,,,,,,,,,
2010088876,1256.0,1,0,0,0,0,0,0,0,0,4,0,,67,8,2010,5,39.9159,-75.2453,1224.0,6,0,0,0,0,0,1,0,0,,0,0,0,12.0,1,2,2,,0,39 54:57.347,,0,75 14:42.963,4,0,0,0,67301,0,0,0,N,0,0,0,4,67301,2,,1,1,,,,,0,,0,0,1,0,0,,1252.0,2,2,0,0,0,0,0,3,4,0,2,3,,N,,,,,,,,,,,
2010105643,917.0,0,0,0,0,0,0,0,0,0,7,0,,67,9,2010,3,39.9843,-75.2575,914.0,6,0,0,0,0,0,0,0,0,2.0,0,0,0,9.0,1,0,0,,1,39 59:03.525,1.0,0,75 15:27.058,0,0,0,0,67301,0,0,0,N,0,0,0,1,67301,0,,5,1,,N,N,,0,,0,0,1,0,0,N,909.0,0,1,0,0,0,0,0,3,4,0,1,3,,N,,,,,,,,,,,
2010062036,310.0,2,0,0,0,0,0,0,0,0,6,0,,67,5,2010,1,39.9919,-75.1393,300.0,6,0,0,0,0,0,0,0,0,1.0,0,0,0,2.0,3,2,1,,2,39 59:31.263,5.0,0,75 08:21.407,4,0,0,0,67301,0,0,0,N,0,0,0,3,67301,2,,1,1,,N,N,,0,,0,0,0,3,3,Y,259.0,2,2,0,0,0,0,0,3,4,0,2,3,,N,,,,,,,,,,,
2010067466,1420.0,2,0,0,0,0,0,0,0,0,7,0,,67,7,2010,7,39.9989,-75.0809,1418.0,6,0,0,0,1,0,0,0,0,1.0,0,0,0,14.0,1,1,0,,2,39 59:55.832,2.0,0,75 04:51.344,4,0,0,0,67301,0,0,0,N,0,0,0,3,68K01,1,,4,1,,N,N,,0,,0,0,0,0,0,N,1418.0,1,2,0,0,0,0,0,3,4,0,2,3,,N,,,,,,,,,,,
2010084248,2230.0,1,0,0,0,0,0,0,0,0,8,0,,67,7,2010,2,39.9752,-75.2534,2230.0,6,0,0,0,0,0,0,0,0,,0,0,0,19.0,4,2,0,,0,39 58:30.621,,0,75 15:12.237,4,0,0,0,67301,2,0,0,,2,0,0,3,67301,2,,1,1,,N,N,,0,,0,0,0,0,0,,1930.0,2,3,0,0,0,0,0,3,4,0,1,99,,N,,,,,,,,,,,
2010084256,1245.0,1,0,0,0,0,0,0,0,0,8,0,,67,8,2010,3,40.0054,-75.1638,1235.0,6,0,0,0,0,0,0,0,0,,0,0,0,21.0,3,1,1,,0,40 00:19.378,,0,75 09:49.669,4,0,0,0,67301,1,0,0,N,1,0,0,2,67301,1,,1,1,,N,N,,0,,0,0,0,3,2,,2100.0,1,2,0,0,0,0,0,3,4,0,1,3,,N,,,,,,,,,,,
2010059749,751.0,0,0,0,0,0,0,0,0,0,0,0,50.0,67,6,2010,1,39.8974,-75.1872,749.0,6,0,0,0,0,0,1,0,0,2.0,0,0,0,7.0,1,1,0,,2,39 53:56.491,1.0,0,75 10:28.914,3,0,0,1,67301,0,0,0,N,0,0,0,1,68K01,0,,1,1,,N,N,,0,,1,0,0,0,0,Y,747.0,1,1,0,0,0,0,0,3,4,0,1,3,,Y,4.0,1.0,Y,N,N,N,Y,N,N,Y,
2010052327,351.0,1,0,0,0,0,0,0,0,0,7,0,,67,5,2010,5,40.0728,-75.0758,351.0,6,0,0,0,0,0,0,0,0,,0,0,0,2.0,2,0,0,,0,40 04:22.149,,7,75 04:32.723,9,0,0,0,67301,0,0,0,,0,0,0,1,67301,0,,5,1,,,,,0,,0,0,0,0,0,,230.0,0,1,0,0,0,0,1,3,4,0,1,3,,N,,,,,,,,,,,
2010052386,106.0,2,0,0,0,0,0,0,0,0,4,0,,67,5,2010,2,39.9168,-75.1713,105.0,6,0,0,0,0,0,1,0,0,,0,0,0,1.0,3,2,1,,0,39 55:00.583,,0,75 10:16.768,3,0,0,0,67301,0,0,0,N,0,0,0,4,67301,0,,1,1,,N,N,,0,,2,0,1,3,2,,103.0,2,3,0,0,0,0,1,3,4,0,3,3,,N,,,,,,,,,,,
2010052407,923.0,2,0,0,0,0,0,0,0,0,4,0,,67,4,2010,3,39.9391,-75.1917,917.0,6,0,0,0,0,0,0,1,0,,0,0,0,9.0,1,2,1,,0,39 56:20.652,,0,75 11:30.026,8,0,0,0,67301,0,0,0,,0,0,0,2,67301,0,,1,1,,,,,0,,0,0,0,3,3,,915.0,2,2,0,0,0,2,0,3,4,0,2,3,,N,,,,,,,,,,,
2010052417,1415.0,2,0,0,0,0,0,0,0,0,1,0,,67,5,2010,7,39.9255,-75.2212,1411.0,6,0,0,0,0,0,0,0,0,,0,0,0,99.0,1,2,0,,0,39 55:31.609,,7,75 13:16.406,8,0,0,0,67301,0,0,0,N,0,0,0,2,67301,0,,1,1,,N,N,,0,,0,0,0,0,0,,9999.0,2,2,0,0,0,2,0,3,4,0,2,3,,N,,,,,,,,,,,
2010078721,1255.0,0,0,0,0,0,0,0,0,0,1,0,,67,8,2010,5,39.8992,-75.1673,1236.0,6,0,0,0,0,0,0,1,0,,0,0,0,12.0,1,0,0,,0,39 53:58.120,,0,75 09:53.714,0,0,0,0,67301,0,0,0,N,0,0,0,5,68K01,0,,1,1,,N,N,,1,,0,0,1,0,0,,1234.0,0,2,0,0,0,0,0,3,4,0,2,3,,N,,,,,,,,,,,
2010044613,705.0,1,0,0,0,0,0,0,0,0,1,1,,67,4,2010,5,39.9709,-75.1652,700.0,6,0,0,0,0,0,0,0,0,,0,0,0,7.0,1,1,1,,0,39 58:15.248,,0,75 09:54.903,8,0,0,0,67301,0,0,0,,0,0,0,2,67301,0,,1,1,,,,,1,,0,0,0,3,2,,700.0,1,2,0,0,0,1,0,3,4,0,2,3,,N,,,,,,,,,,,
2010044620,2332.0,2,0,0,0,0,0,0,0,0,4,0,,67,4,2010,4,40.0083,-75.1944,2300.0,6,0,0,0,0,0,0,0,0,,0,0,0,22.0,3,1,2,,0,40 00:30.056,,0,75 11:40.124,4,0,0,0,67301,0,0,0,,0,0,0,2,67301,1,,1,1,,,,,0,,0,0,0,3,2,,2250.0,1,2,0,0,0,0,0,3,4,0,2,3,,N,,,,,,,,,,,
2010044639,1535.0,0,0,0,1,0,0,0,0,0,4,0,,67,4,2010,3,39.9463,-75.153,1531.0,6,0,0,0,0,0,0,0,0,,0,0,0,15.0,1,1,1,,0,39 56:46.667,,0,75 09:10.835,4,0,0,0,67301,1,0,0,,0,0,0,2,67301,1,,1,9,,,,,0,,0,0,0,3,3,,1500.0,1,2,0,0,0,0,0,3,4,0,1,7,5.0,N,,,,,,,,,,,
2010076177,1544.0,2,0,0,0,0,0,0,0,0,4,0,,67,7,2010,4,39.9976,-75.2342,1539.0,6,0,0,1,0,0,0,0,0,,0,0,0,15.0,1,1,2,,0,39 59:51.450,,0,75 14:03.152,4,0,0,0,67301,0,0,0,N,0,0,0,3,46104,1,,1,1,,N,N,,0,,0,0,0,3,3,,1539.0,1,2,0,0,0,0,0,3,4,0,2,3,,N,,,,,,,,,,,
2010056964,1535.0,0,0,0,0,0,0,0,0,0,1,0,,67,6,2010,5,39.9978,-75.1959,1529.0,6,0,0,0,0,0,0,0,0,,0,0,0,15.0,1,0,0,,0,39 59:55.577,,0,75 11:43.637,0,0,0,0,67301,0,0,0,N,0,0,0,2,68K01,0,,1,1,,N,N,,1,,0,0,1,0,0,,1500.0,0,2,0,0,0,0,0,3,4,0,2,3,,N,,,,,,,,,,,
2010062093,1325.0,1,0,0,0,0,0,0,0,0,1,0,,67,5,2010,7,39.9101,-75.2424,1317.0,6,0,0,0,0,0,0,1,0,3.0,0,0,0,23.0,6,4,0,,1,39 54:36.194,2.0,0,75 14:32.756,3,0,0,0,67301,0,0,0,N,0,0,0,5,67301,0,,1,1,,N,N,,0,,4,0,0,3,2,N,2349.0,4,2,0,0,0,0,0,3,4,1,2,3,,N,,,,,,,,,,,
2010047849,1525.0,1,0,0,0,0,0,0,0,0,1,0,,67,5,2010,6,39.8884,-75.2178,1525.0,6,0,0,0,0,1,0,1,0,1.0,0,1,0,15.0,1,2,0,,1,39 53:13.461,1.0,0,75 12:56.128,8,0,0,0,67301,0,0,0,N,0,0,0,4,68K01,0,,1,1,,N,N,,0,,0,0,0,0,0,N,1525.0,2,2,0,0,0,2,0,3,4,0,2,3,,N,,,,,,,,,,,
2010058902,209.0,1,0,0,0,0,0,0,0,0,8,0,,67,4,2010,1,39.9612,-75.1748,204.0,6,0,0,0,0,0,0,0,0,2.0,0,0,0,2.0,3,1,1,,2,39 57:40.918,4.0,0,75 10:30.472,2,0,0,0,67301,1,0,1,,1,0,1,2,67301,0,,1,1,,N,N,,0,,0,1,0,3,2,Y,203.0,1,2,0,0,1,0,0,3,4,0,1,3,,N,,,,,,,,,,,
2010026298,1243.0,2,0,0,0,0,0,0,0,0,1,0,,67,2,2010,6,39.8856,-75.2099,1237.0,6,0,0,0,0,0,0,0,0,,0,0,0,12.0,1,0,0,,0,39 53:29.019,,3,75 11:55.972,0,0,0,0,67301,0,0,0,N,0,0,0,2,68K01,0,,1,9,,N,N,,0,,0,0,0,0,0,,1232.0,0,2,0,0,0,0,0,3,4,0,2,7,,N,,,,,,,,,,,
2010071110,1342.0,1,0,0,0,0,0,0,0,0,1,0,,67,7,2010,7,39.9763,-75.1954,1329.0,6,0,0,0,0,0,0,0,0,,0,0,0,13.0,1,0,0,,0,39 58:36.528,,0,75 11:49.154,0,0,0,0,67301,0,0,0,N,0,0,0,2,68K01,0,,1,1,,N,N,,1,,0,0,0,0,0,,1325.0,0,2,0,0,0,0,0,3,4,0,2,3,,N,,,,,,,,,,,
2010104976,1916.0,1,0,0,1,0,0,0,0,0,4,0,,67,9,2010,5,39.9729,-75.1703,1915.0,6,0,0,0,0,0,0,0,0,,0,0,0,19.0,3,1,1,,0,39 58:22.278,,0,75 10:12.895,8,0,0,0,67301,1,0,0,N,0,0,0,2,67301,0,,1,9,,N,N,,0,,0,0,0,3,2,,1900.0,1,2,0,0,0,1,0,3,4,0,1,7,,N,,,,,,,,,,,
2010097322,2235.0,2,0,0,0,0,0,0,0,0,5,0,,67,10,2010,6,40.0681,-75.0406,2212.0,6,0,0,0,0,1,0,0,0,3.0,0,0,0,22.0,3,0,0,,1,40 04:04.841,2.0,0,75 02:26.179,0,0,0,0,67301,0,0,0,N,0,0,0,2,67301,0,,1,1,,N,N,,0,,0,0,0,0,0,N,2212.0,0,2,0,0,0,0,0,3,4,0,2,3,,N,,,,,,,,,,,
2010099804,1407.0,0,0,0,1,0,0,0,0,0,4,0,,67,9,2010,7,40.0614,-75.0839,1359.0,6,0,0,0,0,0,0,0,0,,0,0,0,13.0,1,1,1,,0,40 03:41.185,,0,75 05:01.882,8,0,0,0,67301,1,0,0,N,0,0,0,2,67301,0,,1,1,,N,N,,0,,0,0,0,3,2,,1359.0,1,2,0,0,0,1,0,3,4,1,1,3,,N,,,,,,,,,,,
2010099809,1944.0,2,0,0,0,0,0,0,0,0,4,0,,67,8,2010,2,39.938,-75.234,1942.0,6,0,0,0,0,0,0,0,0,3.0,0,0,0,99.0,4,1,1,,2,39 56:16.816,3.0,0,75 14:02.268,8,0,0,0,67301,0,0,0,,0,0,0,2,67301,0,,1,1,,,,,0,,0,0,0,3,2,N,9999.0,1,2,0,0,0,1,0,3,4,0,2,3,,N,,,,,,,,,,,
2010118088,1250.0,1,0,0,0,0,0,0,0,0,8,0,,67,10,2010,7,39.9419,-75.2139,1242.0,6,0,0,0,0,0,0,0,1,,0,0,0,12.0,1,1,1,,0,39 56:30.976,,0,75 12:49.989,8,0,0,0,67301,1,0,0,N,1,0,0,2,67301,0,,1,1,,N,N,,0,,0,0,0,3,3,,1239.0,1,2,0,0,0,1,0,3,4,0,1,3,,N,,,,,,,,,,,
2010118094,12.0,2,0,0,0,0,0,0,0,0,1,0,,67,10,2010,5,39.9915,-75.2266,0.0,6,0,0,0,0,0,1,0,0,,0,0,0,0.0,3,1,1,,0,39 59:29.569,,0,75 13:35.687,8,0,0,0,67301,0,0,0,,0,0,0,3,67301,0,,1,1,,,,,0,,0,0,0,3,2,,12.0,1,2,0,0,1,1,1,3,4,0,2,3,,N,,,,,,,,,,,
2010118095,1532.0,1,0,0,0,0,0,0,0,0,7,0,,67,11,2010,3,40.0166,-75.0463,1528.0,6,1,0,0,0,0,0,0,0,,0,0,0,15.0,1,2,0,,0,40 00:59.664,,0,75 02:46.851,3,0,0,0,67301,0,0,0,N,0,0,0,3,67301,1,,2,1,,N,N,,0,,1,0,0,0,0,,1523.0,2,1,0,0,0,0,0,3,4,0,1,3,,N,,,,,,,,,,,
2010118112,835.0,2,0,0,0,0,0,0,0,0,5,0,,67,10,2010,6,40.0413,-75.0581,828.0,6,0,0,0,1,0,0,0,0,1.0,0,0,0,8.0,1,2,0,,1,40 02:28.505,2.0,6,75 03:29.046,4,0,0,0,67301,0,0,0,N,0,0,0,4,67301,2,,1,1,,N,N,,0,,0,0,0,0,0,N,820.0,2,2,0,0,0,0,0,3,4,0,2,3,,N,,,,,,,,,,,
2010105060,1339.0,1,0,0,0,0,0,0,0,0,1,0,,67,9,2010,5,39.9461,-75.1985,1329.0,6,0,0,0,0,0,0,0,1,,0,0,0,13.0,1,1,0,,0,39 56:46.128,,0,75 11:54.435,3,0,0,0,67301,0,0,0,N,0,0,0,2,67301,0,,1,1,,N,N,,0,,1,0,1,0,0,,1320.0,1,2,0,0,0,0,0,3,4,0,2,3,,N,,,,,,,,,,,
2010105068,9999.0,2,0,0,0,0,0,0,0,0,4,0,,67,9,2010,3,39.967,-75.1603,954.0,6,0,0,0,0,0,2,0,0,,0,0,0,9.0,1,2,1,,0,39 58:01.120,,0,75 09:37.224,4,0,0,0,67301,0,0,0,,0,0,0,3,67301,2,,1,9,,,,,1,,0,0,0,3,2,,900.0,2,3,0,0,0,0,0,3,4,0,3,7,,N,,,,,,,,,,,
2010087028,830.0,4,0,0,0,0,0,0,0,0,5,0,,67,8,2010,2,39.957,-75.1559,720.0,6,0,0,1,0,1,0,0,0,1.0,0,0,0,7.0,1,1,0,,1,39 57:25.162,3.0,0,75 09:21.318,8,0,0,0,67301,0,0,0,N,0,0,0,8,68K01,0,,1,1,,N,N,,0,,0,0,1,0,0,Y,716.0,1,5,0,0,0,1,0,3,4,0,5,3,,N,,,,,,,,,,,
2010105092,1836.0,2,0,0,0,0,0,0,0,0,4,0,,67,9,2010,6,39.9706,-75.2472,1834.0,6,0,0,0,0,0,0,0,0,,0,0,0,18.0,1,1,1,,0,39 58:14.239,,0,75 14:50.031,4,0,0,0,67301,0,0,0,N,0,0,0,3,67301,1,,1,1,,N,N,,0,,0,0,0,3,2,,1834.0,1,2,0,0,1,0,0,3,4,0,2,3,,N,,,,,,,,,,,
2010029382,206.0,2,0,0,0,0,0,0,0,0,2,0,,67,3,2010,7,39.9567,-75.1436,153.0,6,0,0,0,0,0,0,0,0,2.0,0,0,0,1.0,3,0,6,,2,39 57:26.617,3.0,2,75 08:49.702,0,0,0,0,67301,0,0,0,N,0,0,0,3,68K01,0,,1,1,,N,N,,0,,0,0,0,0,0,N,150.0,0,2,0,0,0,0,0,3,4,0,2,3,,N,,,,,,,,,,,
2010034168,1025.0,1,0,0,0,0,0,0,0,0,4,0,,67,3,2010,2,40.0298,-75.0403,1024.0,6,0,0,0,0,0,0,0,0,,0,0,0,10.0,1,1,1,,0,40 01:47.099,,0,75 02:24.977,8,0,0,0,67301,1,0,0,N,0,0,0,3,67301,0,,1,1,,N,N,,1,,0,0,1,3,3,,1022.0,1,3,0,0,0,1,1,3,4,0,3,3,,N,,,,,,,,,,,
2010034170,1223.0,1,0,0,1,0,0,0,0,0,4,0,,67,3,2010,7,40.0399,-75.1268,1213.0,6,0,0,0,0,0,0,0,0,,0,0,0,12.0,1,1,2,,0,40 02:23.679,,0,75 07:36.490,8,0,0,0,67301,1,0,0,N,0,0,0,2,67301,0,,1,9,,N,N,,0,,0,0,0,3,3,,1203.0,1,2,0,0,0,1,0,3,4,0,1,7,,N,,,,,,,,,,,
2010034188,2110.0,1,0,0,0,0,0,0,0,0,1,0,,67,3,2010,2,40.0487,-75.1449,2100.0,6,0,0,0,0,0,1,0,0,,0,0,0,99.0,3,0,0,,0,40 02:55.184,,0,75 08:41.778,0,0,0,0,67301,0,0,0,,0,0,0,4,67301,0,,1,1,,N,N,,0,,0,0,1,3,2,,9999.0,0,2,0,0,0,0,0,3,4,0,2,3,,N,,,,,,,,,,,
2010093669,9999.0,1,0,0,0,0,0,0,0,0,4,0,,67,8,2010,5,39.9697,-75.2115,9999.0,6,0,0,0,0,0,0,0,0,2.0,0,0,0,99.0,1,2,1,,2,39 58:10.746,1.0,0,75 12:41.274,8,0,0,0,67301,0,0,0,N,0,0,0,5,67301,0,,1,1,,N,N,,0,,0,0,1,3,2,Y,9999.0,2,2,0,0,0,2,0,3,4,0,2,3,,N,,,,,,,,,,,
2010093682,2058.0,3,0,0,0,0,0,0,0,0,4,0,,67,8,2010,5,39.9741,-75.2424,137.0,6,0,0,0,0,0,0,0,0,,0,0,0,13.0,1,1,1,,0,39 58:26.781,,0,75 14:32.708,3,0,0,0,67301,0,0,0,,0,0,0,3,67301,0,,1,1,,,,,0,,1,0,0,3,3,,1358.0,1,3,0,0,0,0,0,3,4,0,3,3,,N,,,,,,,,,,,
2010088753,910.0,1,0,0,0,0,0,0,0,0,4,0,,67,8,2010,6,40.0293,-75.1638,905.0,6,0,0,0,0,0,1,0,0,1.0,0,0,0,99.0,1,1,1,,1,40 01:45.341,2.0,0,75 09:49.576,8,0,0,0,67301,0,0,0,N,0,0,0,4,67301,0,,1,1,,N,N,,0,,0,0,0,3,2,Y,9999.0,1,2,0,0,0,1,1,3,4,1,2,3,,N,,,,,,,,,,,
2010088757,115.0,1,0,0,0,0,0,0,0,0,5,0,,67,6,2010,6,39.957,-75.2255,107.0,6,0,1,0,0,0,0,0,0,,0,0,0,19.0,1,1,1,,0,39 57:25.067,,0,75 13:31.807,8,0,0,1,67301,0,0,0,N,0,0,0,3,67301,0,,1,1,,N,N,,0,,0,0,0,3,2,,1930.0,1,2,0,0,0,1,0,3,4,0,2,3,,N,,,,,,,,,,,
2010088806,2205.0,1,0,0,0,0,0,0,0,0,8,0,,67,8,2010,3,40.027,-75.0755,2204.0,6,0,0,0,0,0,0,0,0,,0,0,0,22.0,3,1,1,,0,40 01:37.269,,0,75 04:31.638,4,0,0,0,67301,1,0,0,,1,0,0,2,67301,1,,1,1,,,,,0,,0,0,0,3,2,,2202.0,1,2,0,0,0,0,0,3,4,0,1,3,,N,,,,,,,,,,,
2010088813,1730.0,1,0,0,0,0,0,0,0,0,8,0,,67,8,2010,4,40.0477,-75.06,1720.0,6,0,0,0,0,0,0,0,0,,0,0,0,17.0,1,1,1,,0,40 02:51.686,,0,75 03:35.363,4,0,0,0,67301,1,0,0,,1,0,0,2,67301,1,,1,1,,N,N,,0,,0,0,0,3,2,,1705.0,1,2,0,0,0,0,0,3,4,0,1,3,,N,,,,,,,,,,,
2010086033,844.0,0,0,0,0,0,0,0,0,0,1,0,,67,7,2010,3,40.0215,-75.1398,838.0,6,0,0,0,0,0,0,0,0,2.0,0,0,0,8.0,1,1,1,,2,40 01:17.486,4.0,0,75 08:23.326,4,0,0,0,67301,0,0,0,N,0,0,0,3,67301,1,,1,1,,N,N,,0,,0,0,2,3,2,Y,834.0,1,2,0,0,0,0,0,3,4,0,2,3,,N,,,,,,,,,,,
2010045126,1302.0,4,0,0,0,0,0,0,0,0,1,0,,67,4,2010,1,39.9542,-75.2485,1253.0,6,0,0,0,0,0,0,0,0,,0,0,0,12.0,1,2,2,,0,39 57:15.105,,0,75 14:54.700,4,0,0,0,67301,1,0,0,,0,0,0,2,67301,2,,2,1,,N,N,,0,,0,0,0,0,0,,1252.0,2,4,0,0,0,0,0,3,4,0,4,3,,N,,,,,,,,,,,