CRN,ARRIVAL_TM,AUTOMOBILE_COUNT,BELTED_DEATH_COUNT,BELTED_SUSP_SERIOUS_INJ_COUNT,BICYCLE_COUNT,BICYCLE_DEATH_COUNT,BICYCLE_SUSP_SERIOUS_INJ_COUNT,BUS_COUNT,CHLDPAS_DEATH_COUNT,CHLDPAS_SUSP_SERIOUS_INJ_COUNT,COLLISION_TYPE,COMM_VEH_COUNT,CONS_ZONE_SPD_LIM,COUNTY,CRASH_MONTH,CRASH_YEAR,DAY_OF_WEEK,DEC_LAT,DEC_LONG,DISPATCH_TM,DISTRICT,DRIVER_COUNT_16YR,DRIVER_COUNT_17YR,DRIVER_COUNT_18YR,DRIVER_COUNT_19YR,DRIVER_COUNT_20YR,DRIVER_COUNT_50_64YR,DRIVER_COUNT_65_74YR,DRIVER_COUNT_75PLUS,EST_HRS_CLOSED,FATAL_COUNT,HEAVY_TRUCK_COUNT,HORSE_BUGGY_COUNT,HOUR_OF_DAY,ILLUMINATION,INJURY_COUNT,INTERSECT_TYPE,INTERSECTION_RELATED,LANE_CLOSED,LATITUDE,LN_CLOSE_DIR,LOCATION_TYPE,LONGITUDE,MAX_SEVERITY_LEVEL,MCYCLE_DEATH_COUNT,MCYCLE_SUSP_SERIOUS_INJ_COUNT,MOTORCYCLE_COUNT,MUNICIPALITY,NONMOTR_COUNT,NONMOTR_DEATH_COUNT,NONMOTR_SUSP_SERIOUS_INJ_COUNT,NTFY_HIWY_MAINT,PED_COUNT,PED_DEATH_COUNT,PED_SUSP_SERIOUS_INJ_COUNT,PERSON_COUNT,POLICE_AGCY,POSSIBLE_INJ_COUNT,RDWY_SURF_TYPE_CD,RELATION_TO_ROAD,ROAD_CONDITION,ROADWAY_CLEARED,SCH_BUS_IND,SCH_ZONE_IND,SECONDARY_CRASH,SMALL_TRUCK_COUNT,SPEC_JURIS_CD,SUSP_MINOR_INJ_COUNT,SUSP_SERIOUS_INJ_COUNT,SUV_COUNT,TCD_FUNC_CD,TCD_TYPE,TFC_DETOUR_IND,TIME_OF_DAY,TOT_INJ_COUNT,TOTAL_UNITS,UNB_DEATH_COUNT,UNB_SUSP_SERIOUS_INJ_COUNT,UNBELTED_OCC_COUNT,UNK_INJ_DEG_COUNT,UNK_INJ_PER_COUNT,URBAN_AREA,URBAN_RURAL,VAN_COUNT,VEHICLE_COUNT,WEATHER1,WEATHER2,WORK_ZONE_IND,WORK_ZONE_LOC,WORK_ZONE_TYPE,WORKERS_PRES,WZ_CLOSE_DETOUR,WZ_FLAGGER,WZ_LAW_OFFCR_IND,WZ_LN_CLOSURE,WZ_MOVING,WZ_OTHER,WZ_SHLDER_MDN,WZ_WORKERS_INJ_KILLED
2010045493,156.0,1,0,0,0,0,0,0,0,0,7,0,,67,4,2010,1,39.9476,-75.1877,148.0,6,0,0,0,0,0,0,0,0,2.0,0,0,0,1.0,3,0,0,,2,39 56:52.980,3.0,0,75 11:13.396,0,0,0,0,67301,0,0,0,N,0,0,0,2,68K01,0,,2,9,,N,N,,0,,0,0,0,0,0,N,142.0,0,1,0,0,0,0,0,3,4,0,1,7,,N,,,,,,,,,,,
2010064712,1312.0,1,0,0,0,0,0,0,0,0,4,0,,67,5,2010,1,39.9291,-75.197,1310.0,6,0,0,0,0,0,0,0,0,,0,0,0,13.0,1,1,10,,0,39 55:44.737,,0,75 11:49.327,4,0,0,1,67301,0,0,0,N,0,0,0,3,67301,1,,1,1,,N,N,,0,,0,0,0,0,0,,1305.0,1,2,0,0,0,0,0,3,4,0,2,3,,N,,,,,,,,,,,
2010053217,1540.0,0,0,0,1,0,0,0,0,0,4,0,,67,4,2010,6,39.9482,-75.1644,1524.0,6,0,0,0,0,0,0,0,0,,0,0,0,15.0,1,1,1,,0,39 56:53.580,,0,75 09:52.430,4,0,0,0,67301,1,0,0,,0,0,0,2,67301,1,,1,1,,,,,0,,0,0,1,3,2,,1500.0,1,2,0,0,0,0,0,3,4,0,1,3,,N,,,,,,,,,,,
2010053222,1134.0,0,0,0,0,0,0,0,0,0,8,0,,67,5,2010,7,39.9964,-75.1135,1133.0,6,0,0,0,0,0,1,0,0,,0,0,0,11.0,1,1,1,,0,39 59:47.157,,0,75 06:48.512,8,0,0,0,67301,1,0,0,N,1,0,0,2,67301,0,,1,1,,N,N,,1,,0,0,0,3,2,,1130.0,1,2,0,0,0,1,0,3,4,0,1,3,,N,,,,,,,,,,,
2010045057,2220.0,2,0,0,0,0,0,0,0,0,3,0,,67,4,2010,6,39.9818,-75.1777,2216.0,6,0,0,0,0,0,0,0,0,,0,0,0,22.0,3,2,0,,0,39 58:54.310,,0,75 10:39.802,4,0,0,0,67301,1,0,0,,1,0,0,2,67301,2,,1,1,,,,,0,,0,0,0,0,0,,2216.0,2,3,0,0,0,0,0,3,4,0,2,3,,N,,,,,,,,,,,
2010062008,1512.0,1,0,0,0,0,0,0,0,0,5,1,,67,4,2010,5,40.0249,-75.1296,1446.0,6,0,0,0,0,0,0,0,0,2.0,0,1,0,14.0,1,1,0,,2,40 01:29.439,4.0,0,75 07:47.543,3,0,0,0,67301,0,0,0,N,0,0,0,2,67301,0,,1,1,,N,N,,0,,1,0,0,3,2,N,1442.0,1,2,0,0,0,0,0,3,4,0,2,3,,N,,,,,,,,,,,
2010083815,2300.0,0,0,0,0,0,0,0,0,0,5,0,,67,8,2010,2,39.9306,-75.2301,2258.0,6,0,0,0,0,0,0,0,0,9.0,1,0,0,22.0,3,0,0,,2,39 55:50.203,6.0,0,75 13:48.270,1,1,0,1,67301,0,0,0,N,0,0,0,1,67301,0,1.0,6,1,,N,N,,0,0.0,0,0,1,0,0,Y,2255.0,0,2,0,0,0,0,0,3,4,0,2,3,,N,,,,,,,,,,,
2010081495,45.0,1,0,0,0,0,0,0,0,0,7,0,,67,7,2010,4,39.9962,-75.0756,39.0,6,0,0,0,0,0,1,0,0,,0,0,0,0.0,3,1,2,,0,39 59:46.252,,0,75 04:32.473,8,0,0,0,67301,0,0,0,N,0,0,0,1,67301,0,,5,1,,N,N,,0,,0,0,0,0,0,,30.0,1,1,0,0,1,1,0,3,4,0,1,3,,N,,,,,,,,,,,
2010084189,2010.0,3,0,0,0,0,0,0,0,0,4,0,,67,7,2010,7,40.0528,-75.1956,1959.0,6,0,0,0,0,0,1,0,0,2.0,0,0,0,19.0,2,1,1,,1,40 03:10.159,2.0,0,75 11:44.213,3,0,0,0,67301,0,0,0,N,0,0,0,2,67301,0,,1,1,,N,N,,0,,1,0,0,3,2,N,1935.0,1,3,0,0,0,0,0,3,4,0,3,3,,N,,,,,,,,,,,
2010044437,2130.0,1,0,0,0,0,0,0,0,0,8,0,,67,4,2010,2,39.9659,-75.2075,2128.0,6,0,0,0,0,0,0,0,0,,0,0,0,21.0,3,1,1,,0,39 57:57.225,,0,75 12:26.989,8,0,0,0,67301,1,0,0,N,1,0,0,2,67301,0,,1,1,,N,N,,0,,0,0,0,3,3,,2123.0,1,2,0,0,0,1,1,3,4,0,1,3,,N,,,,,,,,,,,
2010081524,238.0,0,0,0,1,0,0,0,0,0,4,0,,67,7,2010,7,39.9576,-75.206,234.0,6,0,0,0,0,0,0,0,0,,0,0,0,1.0,3,1,1,,0,39 57:27.418,,0,75 12:21.703,4,0,0,0,67301,1,0,0,N,0,0,0,2,67301,1,,1,1,,N,N,,0,,0,0,0,3,2,,100.0,1,2,0,0,0,0,1,3,4,0,1,3,,N,,,,,,,,,,,
2010084222,2147.0,1,0,0,1,0,0,0,0,0,5,0,,67,7,2010,1,39.9479,-75.1624,2147.0,6,0,0,0,0,0,0,0,0,,0,0,0,21.0,3,1,1,,0,39 56:52.576,,0,75 09:44.521,4,0,0,0,67301,1,0,0,,0,0,0,2,67301,1,,1,1,,N,N,,0,,0,0,0,3,2,,2145.0,1,2,0,0,0,0,0,3,4,0,1,3,,N,,,,,,,,,,,
2010052252,1011.0,1,0,0,0,0,0,0,0,0,8,0,,67,4,2010,6,40.1167,-75.0198,1006.0,6,0,0,0,0,0,0,0,0,,0,0,0,10.0,1,1,1,,0,40 07:00.010,,0,75 01:11.269,3,0,0,0,67301,1,0,0,N,1,0,0,2,67301,0,,1,1,,N,N,,0,,1,0,0,3,2,,1005.0,1,2,0,0,0,0,0,3,4,0,1,3,,N,,,,,,,,,,,
2010052401,250.0,4,0,0,0,0,0,0,0,0,5,0,,67,5,2010,1,39.9828,-75.1066,247.0,6,0,0,0,0,1,0,0,0,2.0,0,0,0,2.0,3,0,0,,2,39 58:58.105,1.0,0,75 06:23.763,0,0,0,0,67301,0,0,0,N,0,0,0,1,67301,0,,1,1,,N,N,,0,,0,0,0,0,0,Y,230.0,0,4,0,0,0,0,0,3,4,0,4,3,,N,,,,,,,,,,,
2010052419,1730.0,2,0,0,0,0,0,0,0,0,1,0,,67,4,2010,6,39.9092,-75.2415,1638.0,6,0,0,0,0,1,0,0,0,3.0,0,0,0,16.0,1,1,2,,1,39 54:32.994,1.0,0,75 14:29.392,4,0,0,0,67301,0,0,0,N,0,0,0,2,67301,1,,1,1,,N,N,,0,,0,0,0,3,2,Y,1638.0,1,2,0,0,0,0,0,3,4,0,2,3,,N,,,,,,,,,,,
2010052046,1644.0,3,0,0,0,0,0,0,0,0,1,0,,67,5,2010,1,40.0306,-75.0219,1638.0,6,0,0,0,0,0,0,1,0,2.0,0,0,0,16.0,1,0,0,,1,40 01:50.579,2.0,0,75 01:18.746,0,0,0,0,67301,0,0,0,N,0,0,0,7,68K01,0,,1,1,,N,N,,0,,0,0,0,0,0,N,1635.0,0,3,0,0,0,0,0,3,4,0,3,3,,N,,,,,,,,,,,
2010049964,705.0,1,0,0,0,0,0,0,0,0,1,1,,67,5,2010,5,40.0299,-75.1034,657.0,6,0,0,0,0,0,0,0,0,3.0,0,1,0,6.0,1,1,0,,2,40 01:47.727,2.0,0,75 06:12.355,4,0,0,0,67301,0,0,0,N,0,0,0,2,67301,1,,1,1,,N,N,,0,,0,0,0,3,2,N,643.0,1,2,0,0,0,0,0,3,4,0,2,3,,N,,,,,,,,,,,
2010044561,1218.0,4,0,0,0,0,0,0,0,0,1,0,,67,3,2010,7,40.0579,-75.0598,1214.0,6,0,0,0,0,0,2,0,1,1.0,0,0,0,12.0,1,3,0,,2,40 03:28.403,2.0,0,75 03:35.437,8,0,0,0,67301,0,0,0,N,0,0,0,6,67301,0,,1,1,,N,N,,0,,0,0,0,0,0,Y,1212.0,3,4,0,0,0,3,0,3,4,0,4,3,,N,,,,,,,,,,,
2010044563,2215.0,1,0,0,0,0,0,0,0,0,4,0,,67,3,2010,7,40.0335,-75.0853,2208.0,6,0,0,0,0,0,0,0,0,,0,0,0,22.0,3,5,1,,0,40 02:00.712,,0,75 05:07.191,8,0,0,0,67301,0,0,0,,0,0,0,6,67301,0,,1,1,,N,N,,0,,0,0,0,3,2,,2206.0,5,2,0,0,0,5,0,3,4,0,2,3,,N,,,,,,,,,,,
2010062289,230.0,2,0,0,0,0,0,0,0,0,4,0,,67,5,2010,1,40.0942,-75.0342,220.0,6,0,0,0,0,0,0,0,0,,0,0,0,2.0,3,0,0,,0,40 05:39.058,,0,75 02:02.986,0,0,0,0,67301,0,0,0,,0,0,0,1,67301,0,,1,9,,N,N,,0,,0,0,0,0,0,,210.0,0,2,0,0,0,0,0,3,4,0,2,7,,N,,,,,,,,,,,
2010081540,1912.0,0,0,0,0,0,0,0,0,0,1,0,,67,7,2010,7,39.9556,-75.2023,1908.0,6,0,0,0,0,0,0,0,0,9.0,0,0,0,19.0,1,2,1,,1,39 57:20.282,3.0,0,75 12:08.149,4,0,0,0,67301,0,0,0,N,0,0,0,4,67301,2,,1,1,,N,N,,1,,0,0,0,3,2,N,1908.0,2,2,0,0,3,0,0,3,4,1,2,3,,N,,,,,,,,,,,
2010062312,751.0,1,0,0,0,0,0,0,0,0,6,0,,67,6,2010,6,40.0598,-75.1501,747.0,6,0,0,0,0,0,1,1,0,,0,0,0,7.0,1,1,1,,0,40 03:35.442,,0,75 09:00.370,8,0,0,0,67301,0,0,0,N,0,0,0,2,67301,0,,1,1,,N,N,,1,,0,0,0,3,2,,717.0,1,2,0,0,0,1,0,3,4,0,2,3,,N,,,,,,,,,,,
2010062317,1606.0,0,0,0,0,0,0,0,0,0,4,0,,67,5,2010,6,39.9821,-75.2238,1601.0,6,0,0,0,0,0,0,1,0,2.0,1,0,0,15.0,1,1,2,,1,39 58:55.668,1.0,0,75 13:25.588,1,0,0,0,67301,0,0,0,N,0,0,0,3,67301,0,2.0,1,1,,N,N,,1,0.0,0,0,0,3,3,Y,1550.0,1,3,0,0,0,1,0,3,4,2,3,3,,N,,,,,,,,,,,
2010084130,9999.0,1,0,0,1,0,0,0,0,0,4,0,,67,7,2010,6,39.9299,-75.1635,9999.0,6,0,0,0,0,0,0,0,0,,0,0,0,0.0,3,1,1,,0,39 55:47.470,,0,75 09:48.661,3,0,0,0,67301,1,0,0,,0,0,0,2,67301,0,,1,1,,,,,0,,1,0,0,3,2,,30.0,1,2,0,0,0,0,0,3,4,0,1,3,,N,,,,,,,,,,,
2010043495,1826.0,2,0,0,0,0,0,0,0,0,1,0,,67,4,2010,6,39.9946,-75.1983,1802.0,6,0,0,0,0,0,1,1,0,1.0,0,0,0,17.0,1,2,0,,1,39 59:43.874,3.0,0,75 11:50.893,3,0,0,0,67301,0,0,0,N,0,0,0,3,68K01,0,,1,1,,N,N,,0,,2,0,0,0,0,N,1756.0,2,2,0,0,0,0,0,3,4,0,2,3,,N,,,,,,,,,,,
2010084586,1716.0,1,0,0,0,0,0,0,0,0,4,0,,67,8,2010,4,40.0123,-75.1419,1715.0,6,0,0,0,0,0,0,0,0,,0,0,0,17.0,1,1,0,,0,40 00:44.107,,0,75 08:30.865,4,0,0,0,67301,0,0,0,N,0,0,0,2,67301,1,,1,1,,N,N,,2,,0,0,0,0,0,,1700.0,1,3,0,0,0,0,0,3,4,0,3,3,,N,,,,,,,,,,,
2010084589,1430.0,1,0,0,0,0,0,0,0,0,4,0,,67,7,2010,6,40.0416,-75.0643,1428.0,6,0,0,0,0,0,0,0,0,,0,0,0,14.0,1,1,1,,0,40 02:29.839,,0,75 03:51.611,4,0,0,1,67301,0,0,0,N,0,0,0,2,67301,1,,1,1,,N,N,,0,,0,0,0,3,2,,1415.0,1,2,0,0,0,0,0,3,4,0,2,3,,N,,,,,,,,,,,
2010057853,803.0,2,0,0,0,0,0,0,0,0,1,0,,67,6,2010,2,40.0496,-74.9954,756.0,6,0,0,0,0,0,1,0,0,,0,0,0,7.0,1,0,0,,0,40 02:58.583,,0,74 59:43.458,0,0,0,0,67301,0,0,0,N,0,0,0,3,68K01,0,,1,1,,N,N,,0,,0,0,0,0,0,,750.0,0,2,0,0,0,0,0,3,4,0,2,3,,N,,,,,,,,,,,
2010053504,1841.0,2,0,0,0,0,0,0,0,0,1,0,,67,6,2010,4,39.8895,-75.2407,1824.0,6,0,0,0,0,0,0,0,0,,0,0,0,18.0,1,1,0,,0,39 53:22.202,,0,75 14:26.567,4,0,0,0,67301,0,0,0,N,0,0,0,2,68K01,1,,1,1,,N,N,,0,,0,0,0,0,0,,1820.0,1,2,0,0,0,0,0,3,4,0,2,3,,N,,,,,,,,,,,
2010058889,43.0,5,0,0,0,0,0,0,0,0,6,0,,67,5,2010,4,40.017,-75.1515,40.0,6,0,0,0,0,0,0,0,0,,0,0,0,0.0,3,2,0,,0,40 01:01.095,,0,75 09:05.265,8,0,0,0,67301,0,0,0,N,0,0,0,2,67301,0,,5,1,,N,N,,0,,0,0,0,0,0,,38.0,2,5,0,0,0,2,0,3,4,0,5,3,,N,,,,,,,,,,,
2010058900,1847.0,1,0,0,0,0,0,0,0,0,8,0,,67,5,2010,6,40.0661,-75.0503,1839.0,6,0,0,0,0,1,0,0,0,,0,0,0,18.0,1,1,0,,0,40 03:57.999,,0,75 03:00.993,4,0,0,0,67301,1,0,0,N,1,0,0,3,67301,1,,1,1,,N,N,,0,,0,0,0,0,0,,1839.0,1,2,0,0,0,0,0,3,4,0,1,3,,N,,,,,,,,,,,
2010070669,237.0,1,0,0,0,0,0,0,0,0,7,0,,67,6,2010,7,40.0565,-75.1916,235.0,6,0,0,0,0,0,0,0,0,2.0,0,0,0,2.0,3,0,2,,2,40 03:23.374,6.0,0,75 11:29.770,0,0,0,0,67301,0,0,0,N,0,0,0,2,67301,0,,5,1,,N,N,,0,,0,0,0,0,0,Y,234.0,0,1,0,0,0,0,0,3,4,0,1,3,,N,,,,,,,,,,,
2010075890,1423.0,2,0,0,0,0,0,0,0,0,4,0,,67,6,2010,2,40.0825,-75.0405,1418.0,6,0,0,0,1,0,0,1,0,,0,0,0,99.0,1,1,2,,0,40 04:57.003,,7,75 02:25.844,3,0,0,0,67301,0,0,0,N,0,0,0,2,67301,0,,1,1,,N,N,,0,,1,0,0,3,2,,9999.0,1,2,0,0,0,0,0,3,4,0,2,3,,N,,,,,,,,,,,
2010075914,1805.0,3,0,0,0,0,0,0,0,0,1,0,,67,7,2010,3,40.0296,-75.153,1758.0,6,0,0,0,0,0,0,0,0,,0,0,0,17.0,1,1,0,,0,40 01:46.440,,0,75 09:10.779,4,0,0,0,67301,0,0,0,,0,0,0,1,67301,1,,2,1,,N,N,,0,,0,0,0,0,0,,1736.0,1,4,0,0,0,0,0,3,4,1,4,3,,N,,,,,,,,,,,
2010026396,153.0,0,0,0,0,0,0,0,0,0,7,0,,67,2,2010,7,39.9105,-75.1499,143.0,6,0,0,1,0,0,0,0,0,1.0,0,0,0,1.0,3,0,0,,1,39 54:39.039,3.0,2,75 08:55.148,0,0,0,0,67301,0,0,0,N,0,0,0,4,68K01,0,,2,2,,N,N,,0,,0,0,1,0,0,N,140.0,0,1,0,0,0,0,0,3,4,0,1,3,,N,,,,,,,,,,,
2010032806,1115.0,1,0,0,0,0,0,0,0,0,8,0,,67,3,2010,3,39.9992,-75.1084,1106.0,6,0,0,0,0,0,0,0,0,,0,0,0,9.0,1,1,0,,0,39 59:57.282,,0,75 06:30.371,4,0,0,0,67301,1,0,0,,1,0,0,2,67301,1,,1,1,,N,N,,0,,0,0,0,0,0,,930.0,1,2,0,0,0,0,0,3,4,0,1,3,,N,,,,,,,,,,,
2010068575,1540.0,2,0,0,0,0,0,0,0,0,1,0,,67,7,2010,7,39.9998,-75.1953,1535.0,6,0,0,0,0,0,1,0,0,,0,0,0,15.0,1,1,0,,0,40 00:00.659,,0,75 11:42.624,8,0,0,0,67301,0,0,0,N,0,0,0,2,68K01,0,,1,1,,N,N,,0,,0,0,0,0,0,,1531.0,1,2,0,0,0,1,0,3,4,0,2,3,,N,,,,,,,,,,,
2010073577,1711.0,1,0,0,0,0,0,0,0,0,1,0,,67,7,2010,6,40.0294,-75.0223,1652.0,6,0,0,0,0,0,2,0,0,1.0,0,0,0,16.0,1,1,0,,1,40 01:46.423,1.0,0,75 01:19.726,4,0,0,0,67301,0,0,0,N,0,0,0,5,68K01,1,,1,1,,N,N,,0,,0,0,1,0,0,N,1650.0,1,3,0,0,1,0,0,3,4,1,3,3,,N,,,,,,,,,,,
2010118202,1310.0,2,0,0,0,0,0,0,0,0,4,0,,67,11,2010,2,39.9375,-75.2306,1302.0,6,0,0,0,0,0,0,0,0,,0,0,0,99.0,1,1,1,,0,39 56:15.072,,0,75 13:50.239,4,0,0,0,67301,0,0,0,N,0,0,0,3,67301,1,,1,1,,N,,,0,,0,0,0,3,3,,9999.0,1,2,0,0,0,0,0,3,4,0,2,3,,N,,,,,,,,,,,
2010102513,1650.0,2,0,0,0,0,0,0,0,0,1,0,,67,9,2010,6,40.0808,-75.0286,1647.0,6,0,0,1,1,0,0,0,0,1.0,0,0,0,16.0,1,0,1,,1,40 04:50.725,1.0,0,75 01:42.964,0,0,0,0,67301,0,0,0,N,0,0,0,2,67301,0,,1,1,,N,N,,0,,0,0,0,3,2,N,1647.0,0,2,0,0,0,0,0,3,4,0,2,3,,N,,,,,,,,,,,
2010105024,2016.0,0,0,0,0,0,0,1,0,0,8,1,,67,9,2010,2,40.0109,-75.1643,2014.0,6,0,0,0,0,0,1,0,0,,0,0,0,20.0,3,1,2,,0,40 00:39.309,,0,75 09:51.487,4,0,0,0,67301,1,0,0,,1,0,0,2,67301,1,,1,9,,,,,0,,0,0,0,3,3,,2006.0,1,2,0,0,0,0,0,3,4,0,1,7,,N,,,,,,,,,,,
2010102523,1549.0,2,0,0,0,0,0,0,0,0,1,0,,67,9,2010,5,40.0448,-75.1218,1539.0,6,0,0,0,0,0,0,1,0,,0,0,0,99.0,1,1,0,,0,40 02:41.151,,0,75 07:18.298,4,0,0,0,67301,0,0,0,N,0,0,0,4,67301,1,,1,1,,N,N,,0,,0,0,0,0,0,,9999.0,1,2,0,0,0,0,0,3,4,0,2,3,,N,,,,,,,,,,,
2010052291,1049.0,5,0,0,0,0,0,0,0,0,5,0,,67,4,2010,1,39.9847,-75.1615,1045.0,6,0,0,0,0,1,0,0,0,,0,0,0,10.0,1,0,1,,0,39 59:04.959,,0,75 09:41.497,0,0,0,0,67301,1,0,0,,0,0,0,3,67301,0,,1,9,,,,,0,,0,0,0,3,3,,1045.0,0,5,0,0,0,0,0,3,4,0,5,7,,N,,,,,,,,,,,
2010052413,9999.0,2,0,0,0,0,0,0,0,0,1,0,,67,5,2010,3,39.9155,-75.1671,9999.0,6,0,0,0,0,0,0,0,0,,0,0,0,12.0,1,0,0,,0,39 54:55.627,,0,75 10:01.443,0,0,0,0,67301,1,0,0,N,0,0,0,2,67301,0,,6,1,,N,N,,1,,0,0,0,0,0,,1227.0,0,3,0,0,0,0,0,3,4,0,3,3,,N,,,,,,,,,,,
2010044573,1706.0,1,0,0,0,0,0,0,0,0,8,0,,67,4,2010,4,40.0805,-74.9902,1703.0,6,0,0,0,0,0,0,0,0,,0,0,0,16.0,1,1,0,,0,40 04:49.861,,0,74 59:24.885,4,0,0,0,67301,1,0,0,,1,0,0,2,67301,1,,1,1,,,,,0,,0,0,0,0,0,,1630.0,1,2,0,0,0,0,0,3,4,0,1,3,,N,,,,,,,,,,,
2010044576,740.0,2,0,0,0,0,0,0,0,0,4,0,,67,4,2010,6,39.9352,-75.1723,728.0,6,0,0,0,0,0,0,0,0,,0,0,0,7.0,1,1,1,,0,39 56:06.860,,0,75 10:20.222,4,0,0,0,67301,0,0,0,N,0,0,0,2,67301,1,,1,1,,N,N,,0,,0,0,0,3,3,,710.0,1,2,0,0,0,0,0,3,4,0,2,3,,N,,,,,,,,,,,
2010044635,1745.0,2,0,0,0,0,0,0,0,0,4,0,,67,3,2010,7,40.0198,-75.1105,1730.0,6,0,0,0,0,0,0,0,0,,0,0,0,17.0,1,1,2,,0,40 01:11.456,,0,75 06:37.889,4,0,0,0,67301,0,0,0,N,0,0,0,3,67301,1,,1,1,,N,,,0,,0,0,0,9,2,,1730.0,1,2,0,0,0,0,0,3,4,0,2,3,,N,,,,,,,,,,,
2010044775,1615.0,1,0,0,0,0,0,0,0,0,4,0,,67,4,2010,3,39.9477,-75.2323,1610.0,6,0,0,0,0,0,1,0,0,,0,0,0,16.0,1,2,0,,0,39 56:51.654,,7,75 13:56.167,8,0,0,0,67301,0,0,0,N,0,0,0,4,67301,0,,1,1,,N,N,,0,,0,0,0,0,0,,1600.0,2,2,0,0,0,2,0,3,4,1,2,3,,N,,,,,,,,,,,
2010044852,553.0,2,0,0,0,0,0,0,0,0,4,0,,67,4,2010,3,39.9035,-75.2432,517.0,6,0,0,0,0,0,0,0,0,,0,0,0,5.0,1,1,1,,0,39 54:12.423,,0,75 14:35.429,4,0,0,0,67301,0,0,0,N,0,0,0,2,67301,1,,1,1,,N,N,,0,,0,0,0,3,2,,517.0,1,2,0,0,0,0,0,3,4,0,2,3,,N,,,,,,,,,,,
2010048841,102.0,1,0,0,0,0,0,0,0,0,7,0,,67,4,2010,4,39.9669,-75.2085,102.0,6,0,0,0,0,1,0,0,0,,0,0,0,1.0,3,1,1,,0,39 58:00.932,,0,75 12:30.305,3,0,0,0,67301,0,0,0,N,0,0,0,1,67301,0,,5,1,,N,N,,0,,1,0,0,0,0,,102.0,1,1,0,0,0,0,0,3,4,0,1,3,,N,,,,,,,,,,,
2010048857,920.0,0,0,0,1,0,0,0,0,0,2,0,,67,4,2010,5,39.9666,-75.1722,920.0,6,0,0,0,0,0,1,0,0,,0,0,0,9.0,1,1,1,,0,39 57:59.684,,0,75 10:19.898,4,0,0,0,67301,1,0,0,N,0,0,0,2,67301,1,,1,1,,N,N,,0,,0,0,0,3,3,,916.0,1,2,0,0,1,0,0,3,4,1,1,3,,N,,,,,,,,,,,
2010057845,1207.0,1,0,0,0,0,0,0,0,0,1,0,,67,6,2010,5,39.9799,-75.2048,1202.0,6,0,0,0,0,0,0,0,0,,0,0,0,11.0,1,0,0,,0,39 58:50.728,,0,75 12:21.605,9,0,0,0,67301,0,0,0,N,0,0,0,2,68K01,0,,1,1,,N,N,,0,,0,0,0,0,0,,1152.0,0,2,0,0,0,0,1,3,4,0,2,3,,N,,,,,,,,,,,
2010061364,240.0,1,0,0,0,0,0,0,0,0,7,0,,67,6,2010,1,39.9772,-75.1999,239.0,6,0,0,0,0,0,0,0,0,1.0,0,0,0,2.0,3,0,0,,1,39 58:39.479,3.0,0,75 12:04.251,0,0,0,0,67301,0,0,0,N,0,0,0,2,68K01,0,,2,1,,N,N,,0,,0,0,0,0,0,N,230.0,0,1,0,0,0,0,0,3,4,0,1,3,,N,,,,,,,,,,,
2010058906,1415.0,2,0,0,0,0,0,0,0,0,4,0,,67,5,2010,5,40.0555,-75.0858,1410.0,6,0,0,0,0,0,0,0,0,1.0,0,0,0,99.0,1,1,1,,1,40 03:19.755,5.0,0,75 05:08.882,3,0,0,0,67301,0,0,0,,0,0,0,3,67301,0,,1,1,,,,,0,,1,0,0,3,2,N,9999.0,1,2,0,0,0,0,0,3,4,0,2,3,,N,,,,,,,,,,,
2010067818,600.0,0,0,0,0,0,0,0,0,0,0,1,,67,7,2010,2,40.1142,-75.0359,420.0,6,0,0,0,0,0,0,0,0,5.0,0,1,0,3.0,3,1,0,,2,40 06:51.296,1.0,0,75 02:09.387,3,0,0,0,67301,0,0,0,N,0,0,0,1,67301,0,,1,1,,N,N,,0,,1,0,0,0,0,N,330.0,1,1,0,0,0,0,0,3,4,0,1,3,,N,,,,,,,,,,,
2010075916,1714.0,3,0,0,0,0,0,0,0,0,4,0,,67,7,2010,6,39.9213,-75.2316,1714.0,6,0,1,0,0,0,1,1,0,,0,0,0,17.0,1,2,1,,0,39 55:16.784,,0,75 13:53.649,3,0,0,0,67301,0,0,0,N,0,0,0,3,67301,1,,1,1,,N,Y,,0,,1,0,0,3,2,,1714.0,2,3,0,0,1,0,0,3,4,0,3,3,,N,,,,,,,,,,,
2010015317,1448.0,1,0,0,0,0,0,0,0,0,1,1,,67,2,2010,3,39.9058,-75.1326,1448.0,6,0,0,0,0,0,0,0,0,1.0,0,1,0,14.0,1,2,0,,2,39 54:20.766,3.0,3,75 07:57.446,3,0,0,0,67301,0,0,0,N,0,0,0,3,67501,0,,1,1,,N,N,,0,,1,0,0,3,8,N,1448.0,2,2,0,0,0,1,0,3,4,0,2,3,,N,,,,,,,,,,,
2010104951,1255.0,2,0,0,0,0,0,0,0,0,4,0,,67,9,2010,7,39.984,-75.1513,1247.0,6,0,0,0,1,0,0,0,0,3.0,0,0,0,99.0,3,0,1,,1,39 59:02.342,1.0,0,75 09:04.582,9,0,0,0,67301,0,0,0,,0,0,0,2,67301,0,,5,1,,,,,0,,0,0,0,3,2,Y,9999.0,0,2,0,0,0,0,1,3,4,0,2,3,,N,,,,,,,,,,,