CRN,ARRIVAL_TM,AUTOMOBILE_COUNT,BELTED_DEATH_COUNT,BELTED_SUSP_SERIOUS_INJ_COUNT,BICYCLE_COUNT,BICYCLE_DEATH_COUNT,BICYCLE_SUSP_SERIOUS_INJ_COUNT,BUS_COUNT,CHLDPAS_DEATH_COUNT,CHLDPAS_SUSP_SERIOUS_INJ_COUNT,COLLISION_TYPE,COMM_VEH_COUNT,CONS_ZONE_SPD_LIM,COUNTY,CRASH_MONTH,CRASH_YEAR,DAY_OF_WEEK,DEC_LAT,DEC_LONG,DISPATCH_TM,DISTRICT,DRIVER_COUNT_16YR,DRIVER_COUNT_17YR,DRIVER_COUNT_18YR,DRIVER_COUNT_19YR,DRIVER_COUNT_20YR,DRIVER_COUNT_50_64YR,DRIVER_COUNT_65_74YR,DRIVER_COUNT_75PLUS,EST_HRS_CLOSED,FATAL_COUNT,HEAVY_TRUCK_COUNT,HORSE_BUGGY_COUNT,HOUR_OF_DAY,ILLUMINATION,INJURY_COUNT,INTERSECT_TYPE,INTERSECTION_RELATED,LANE_CLOSED,LATITUDE,LN_CLOSE_DIR,LOCATION_TYPE,LONGITUDE,MAX_SEVERITY_LEVEL,MCYCLE_DEATH_COUNT,MCYCLE_SUSP_SERIOUS_INJ_COUNT,MOTORCYCLE_COUNT,MUNICIPALITY,NONMOTR_COUNT,NONMOTR_DEATH_COUNT,NONMOTR_SUSP_SERIOUS_INJ_COUNT,NTFY_HIWY_MAINT,PED_COUNT,PED_DEATH_COUNT,PED_SUSP_SERIOUS_INJ_COUNT,PERSON_COUNT,POLICE_AGCY,POSSIBLE_INJ_COUNT,RDWY_SURF_TYPE_CD,RELATION_TO_ROAD,ROAD_CONDITION,ROADWAY_CLEARED,SCH_BUS_IND,SCH_ZONE_IND,SECONDARY_CRASH,SMALL_TRUCK_COUNT,SPEC_JURIS_CD,SUSP_MINOR_INJ_COUNT,SUSP_SERIOUS_INJ_COUNT,SUV_COUNT,TCD_FUNC_CD,TCD_TYPE,TFC_DETOUR_IND,TIME_OF_DAY,TOT_INJ_COUNT,TOTAL_UNITS,UNB_DEATH_COUNT,UNB_SUSP_SERIOUS_INJ_COUNT,UNBELTED_OCC_COUNT,UNK_INJ_DEG_COUNT,UNK_INJ_PER_COUNT,URBAN_AREA,URBAN_RURAL,VAN_COUNT,VEHICLE_COUNT,WEATHER1,WEATHER2,WORK_ZONE_IND,WORK_ZONE_LOC,WORK_ZONE_TYPE,WORKERS_PRES,WZ_CLOSE_DETOUR,WZ_FLAGGER,WZ_LAW_OFFCR_IND,WZ_LN_CLOSURE,WZ_MOVING,WZ_OTHER,WZ_SHLDER_MDN,WZ_WORKERS_INJ_KILLED
2010104972,210.0,1,0,0,0,0,0,0,0,0,7,0,,67,9,2010,7,40.0026,-75.1903,154.0,6,0,0,0,0,0,0,0,0,1.0,0,0,0,1.0,3,0,0,,1,40 00:07.139,1.0,0,75 11:25.025,0,0,0,0,67301,0,0,0,N,0,0,0,1,67301,0,,5,1,,N,N,,0,,0,0,0,0,0,N,142.0,0,1,0,0,0,0,0,3,4,0,1,3,,N,,,,,,,,,,,
2010112759,556.0,1,0,0,0,0,0,0,0,0,1,0,,67,11,2010,6,39.9869,-75.0913,549.0,6,0,0,0,0,0,1,0,0,1.0,0,1,0,5.0,3,1,0,,1,39 59:12.496,2.0,0,75 05:28.883,4,0,0,0,67301,0,0,0,N,0,0,0,2,68K01,1,,1,1,,N,N,,0,,0,0,0,0,0,N,549.0,1,2,0,0,0,0,0,3,4,0,2,3,,N,,,,,,,,,,,
2010099822,124.0,2,0,0,0,0,0,0,0,0,1,0,,67,9,2010,1,40.0339,-75.0743,124.0,6,0,0,0,0,0,0,0,0,,0,0,0,1.0,3,2,1,,0,40 02:02.039,,0,75 04:27.141,4,0,0,0,67301,0,0,0,N,0,0,0,4,67301,2,,1,1,,N,N,,0,,0,0,0,3,2,,101.0,2,2,0,0,0,0,0,3,4,0,2,3,,N,,,,,,,,,,,
2010099824,1455.0,1,0,0,0,0,0,0,0,0,8,0,,67,9,2010,3,40.046,-75.0571,1452.0,6,0,0,0,0,0,0,0,0,,0,0,0,14.0,1,1,2,,0,40 02:45.606,,0,75 03:25.542,8,0,0,0,67301,1,0,0,,1,0,0,2,67301,0,,1,1,,,,,0,,0,0,0,3,3,,1452.0,1,2,0,0,0,1,0,3,4,0,1,3,,N,,,,,,,,,,,
2010099826,1650.0,2,0,0,0,0,0,0,0,0,4,0,,67,9,2010,1,40.0607,-75.029,1639.0,6,0,1,0,0,0,0,0,0,2.0,0,0,0,16.0,1,1,1,,1,40 03:38.408,1.0,0,75 01:44.317,4,0,0,0,67301,0,0,0,N,0,0,0,3,67301,1,,1,1,,N,N,,0,,0,0,0,3,3,N,1625.0,1,2,0,0,0,0,0,3,4,0,2,3,,N,,,,,,,,,,,
2010099833,2240.0,1,0,0,1,0,0,0,0,0,4,0,,67,8,2010,1,39.9619,-75.2271,2240.0,6,0,0,0,0,0,0,0,0,,0,0,0,22.0,3,1,1,,0,39 57:42.814,,0,75 13:37.667,4,0,0,0,67301,1,0,0,,0,0,0,2,67301,1,,1,1,,,,,0,,0,0,0,0,0,,2240.0,1,2,0,0,0,0,0,3,4,0,1,3,,N,,,,,,,,,,,
2010099854,1223.0,1,0,0,0,0,0,0,0,0,5,0,,67,9,2010,3,40.0104,-75.1852,1222.0,6,0,0,1,0,0,1,0,0,1.0,0,0,0,12.0,1,2,0,,1,40 00:39.694,2.0,1,75 11:01.127,3,0,0,0,67301,0,0,0,,0,0,0,3,67301,1,,1,1,,,,,0,,1,0,1,0,0,N,1221.0,2,2,0,0,1,0,0,3,4,0,2,3,,N,,,,,,,,,,,
2010110706,1857.0,1,0,0,1,0,0,0,0,0,4,0,,67,10,2010,7,39.9728,-75.1657,1850.0,6,0,0,0,0,0,0,0,0,,0,0,0,99.0,1,1,0,,0,39 58:21.950,,0,75 09:56.682,4,0,0,0,67301,1,0,0,N,0,0,0,2,67301,1,,1,1,,N,N,,0,,0,0,0,3,3,,9999.0,1,2,0,0,0,0,1,3,4,0,1,3,,N,,,,,,,,,,,
2010102429,32.0,4,0,0,0,0,0,0,0,0,6,0,,67,9,2010,1,40.0237,-75.1544,30.0,6,0,0,0,0,0,0,0,0,,0,0,0,0.0,3,1,0,,0,40 01:25.473,,0,75 09:15.758,4,0,0,0,67301,0,0,0,N,0,0,0,3,67301,1,,1,1,,N,N,,1,,0,0,2,0,0,,30.0,1,7,0,0,0,0,0,3,4,0,7,3,,N,,,,,,,,,,,
2010102540,1640.0,2,0,0,0,0,0,0,0,0,4,0,,67,9,2010,4,40.0142,-75.086,1638.0,6,0,0,0,0,0,0,0,0,,0,0,0,16.0,1,1,0,,0,40 00:51.196,,0,75 05:09.485,8,0,0,0,67301,2,0,0,N,0,0,0,5,67301,0,,2,1,,N,N,,0,,0,0,0,0,0,,1630.0,1,2,0,0,0,1,4,3,4,0,2,3,,N,,,,,,,,,,,
2010104997,940.0,1,0,0,0,0,0,0,0,0,4,1,,67,9,2010,5,39.9172,-75.2374,940.0,6,0,0,0,0,0,0,0,0,,0,1,0,9.0,1,0,1,,0,39 55:02.019,,0,75 14:14.620,0,0,0,0,67301,0,0,0,N,0,0,0,2,67301,0,,1,1,,N,N,,0,,0,0,0,3,2,,930.0,0,2,0,0,0,0,0,3,4,0,2,3,,N,,,,,,,,,,,
2010034195,1238.0,1,0,0,0,0,0,0,0,0,2,1,,67,2,2010,1,39.9094,-75.1611,1235.0,6,0,0,0,0,0,0,0,0,9.0,0,1,0,12.0,1,2,1,,1,39 54:33.696,6.0,0,75 09:40.053,8,0,0,0,67301,0,0,0,,0,0,0,4,67301,0,,1,1,,,,,0,,0,0,1,0,0,N,1228.0,2,3,0,0,0,2,0,3,4,0,3,3,,N,,,,,,,,,,,
2010088653,1950.0,1,0,0,0,0,0,0,0,0,1,0,,67,8,2010,7,39.9812,-75.1772,1950.0,6,0,0,0,0,0,0,0,0,,0,0,0,19.0,3,1,1,,0,39 58:52.370,,0,75 10:37.898,8,0,0,0,67301,0,0,0,,0,0,0,4,67301,0,,1,1,,,,,0,,0,0,0,3,2,,1945.0,1,3,0,0,0,1,0,3,4,0,3,3,,N,,,,,,,,,,,
2010088728,1636.0,1,0,0,0,0,0,0,0,0,4,0,,67,8,2010,6,39.9541,-75.1966,1634.0,6,0,0,0,0,0,1,0,0,,0,0,0,16.0,1,1,1,,0,39 57:14.904,,0,75 11:47.788,4,0,0,1,67301,0,0,0,N,0,0,0,2,67301,1,,1,1,,N,N,,0,,0,0,0,3,3,,1625.0,1,2,0,0,0,0,0,3,4,0,2,3,,N,,,,,,,,,,,
2010088831,1757.0,2,0,0,0,0,0,0,0,0,4,0,,67,8,2010,6,39.991,-75.1561,1753.0,6,0,0,0,0,0,1,0,0,9.0,0,0,0,17.0,1,0,1,,1,39 59:27.542,3.0,0,75 09:22.060,0,0,0,0,67301,0,0,0,N,0,0,0,2,67301,0,,1,1,,N,N,,0,,0,0,0,3,3,Y,1736.0,0,2,0,0,0,0,0,3,4,0,2,3,,N,,,,,,,,,,,
2010088881,1319.0,2,0,0,0,0,0,0,0,0,8,0,,67,8,2010,5,40.0281,-75.0761,1316.0,6,0,0,0,0,0,0,0,0,,0,0,0,13.0,1,1,0,,0,40 01:41.023,,0,75 04:34.064,8,0,0,0,67301,1,0,0,N,1,0,0,2,67301,0,,1,1,,N,N,,1,,0,0,1,0,0,,1313.0,1,5,0,0,0,1,0,3,4,0,4,99,,N,,,,,,,,,,,
2010125705,2339.0,1,0,0,0,0,0,0,0,0,7,0,,67,12,2010,4,40.0184,-75.0471,2327.0,6,0,0,0,0,0,0,0,0,1.0,0,0,0,23.0,3,0,0,,1,40 01:07.147,1.0,0,75 02:48.099,0,0,0,0,67301,0,0,0,N,0,0,0,1,68K01,0,,2,1,,N,N,,0,,0,0,0,0,0,N,2324.0,0,1,0,0,0,0,0,3,4,0,1,3,,N,,,,,,,,,,,
2010102298,249.0,2,0,0,0,0,0,0,0,0,1,0,,67,10,2010,7,39.9308,-75.199,246.0,6,0,0,0,0,0,0,0,0,2.0,0,0,0,2.0,6,3,0,,1,39 55:48.659,3.0,0,75 11:54.247,8,0,0,0,67301,0,0,0,Y,0,0,0,4,68K01,0,,1,1,,N,N,,0,,0,0,0,0,0,N,243.0,3,2,0,0,0,3,0,3,4,0,2,3,,N,,,,,,,,,,,
2010086009,1255.0,0,0,0,0,0,0,0,0,0,1,0,,67,7,2010,6,39.9469,-75.1644,1251.0,6,0,0,0,0,0,2,0,0,,0,0,0,12.0,1,3,0,,0,39 56:48.953,,0,75 09:51.698,4,0,0,0,67301,0,0,0,,0,0,0,4,67301,3,,1,1,,,,,2,,0,0,0,0,0,,1245.0,3,2,0,0,0,0,0,3,4,0,2,3,,N,,,,,,,,,,,
2010105659,2302.0,1,0,0,0,0,0,0,0,0,1,0,,67,9,2010,2,40.1046,-75.0023,2302.0,6,0,0,0,0,0,0,0,0,2.0,0,0,0,22.0,3,0,1,,1,40 06:16.508,2.0,0,75 00:08.227,0,0,0,0,67301,0,0,0,,0,0,0,4,67301,0,,1,9,,,,,0,,0,0,0,3,2,N,2245.0,0,2,0,0,0,0,0,3,4,1,2,3,,N,,,,,,,,,,,
2010103012,123.0,2,0,0,0,0,0,0,0,0,1,0,,67,9,2010,7,40.0541,-75.049,120.0,6,0,0,0,0,0,2,0,0,9.0,0,0,0,1.0,3,1,1,,1,40 03:14.351,1.0,0,75 02:56.006,8,0,0,0,67301,0,0,0,N,0,0,0,3,67301,0,,1,1,,N,N,,1,,0,0,0,3,2,N,117.0,1,3,0,0,0,1,0,3,4,0,3,3,,N,,,,,,,,,,,
2010125081,1135.0,3,0,0,0,0,0,0,0,0,1,0,,67,11,2010,3,39.9765,-75.1847,1130.0,6,0,0,0,0,0,1,0,0,,0,0,0,11.0,1,1,1,,0,39 58:35.482,,0,75 11:04.901,3,0,0,0,67301,0,0,0,N,0,0,0,2,67301,0,,1,9,,N,N,,0,,1,0,0,3,3,,1130.0,1,4,0,0,1,0,0,3,4,1,4,7,,N,,,,,,,,,,,
2010100349,1301.0,1,0,0,0,0,0,0,0,0,7,0,,67,9,2010,4,39.9846,-75.0952,1251.0,6,0,0,0,0,0,0,0,0,1.0,0,0,0,12.0,1,1,0,,1,39 59:04.942,1.0,0,75 05:42.025,4,0,0,0,67301,0,0,0,N,0,0,0,2,68K01,1,,3,1,,N,N,,0,,0,0,0,0,0,N,1251.0,1,1,0,0,0,0,0,3,4,0,1,3,,N,,,,,,,,,,,
2010098168,1532.0,1,0,0,0,0,0,0,0,0,1,0,,67,9,2010,2,39.8893,-75.2405,1527.0,6,0,0,0,0,0,1,0,0,1.0,0,0,0,15.0,1,2,0,,1,39 53:20.449,1.0,0,75 14:26.962,4,0,0,0,67301,0,0,0,N,0,0,0,2,68K01,2,,1,1,,N,N,,0,,0,0,1,0,0,N,1525.0,2,2,0,0,0,0,0,3,4,0,2,3,,N,,,,,,,,,,,
2010117900,1937.0,2,0,0,0,0,0,0,0,0,4,0,,67,11,2010,7,39.9214,-75.1914,1934.0,6,0,0,0,0,0,0,0,0,,0,0,0,19.0,3,0,2,,0,39 55:17.587,,0,75 11:29.484,9,0,0,0,67301,0,0,0,N,0,0,0,2,67301,0,,1,1,,N,N,,0,,0,0,0,3,2,,1933.0,0,2,0,0,0,0,1,3,4,0,2,3,,N,,,,,,,,,,,
2010109106,1610.0,2,0,0,0,0,0,0,0,0,4,0,,67,11,2010,6,40.0297,-75.1053,1512.0,6,0,0,0,0,1,0,0,0,,0,0,0,15.0,1,0,2,,0,40 01:47.204,,0,75 06:18.255,0,0,0,0,67301,0,0,0,N,0,0,0,2,67301,0,,1,1,,N,N,,0,,0,0,0,0,0,,1511.0,0,2,0,0,0,0,0,3,4,0,2,3,,N,,,,,,,,,,,
2010006619,548.0,2,0,0,0,0,0,0,0,0,4,0,,67,1,2010,3,40.0619,-75.1367,543.0,6,0,0,0,0,0,1,0,0,2.0,0,0,0,5.0,3,1,1,,1,40 03:42.622,2.0,6,75 08:12.011,8,0,0,0,67301,0,0,0,N,0,0,0,2,46102,0,,1,1,,N,N,,0,,0,0,0,3,2,N,540.0,1,2,0,0,1,1,0,3,4,0,2,3,,N,,,,,,,,,,,
2010017122,2110.0,1,0,0,0,0,0,0,0,0,7,0,,67,1,2010,6,40.0294,-75.189,2101.0,6,0,0,0,0,0,0,0,0,1.0,0,0,0,21.0,3,0,2,,1,40 01:45.922,2.0,0,75 11:20.353,0,0,0,0,67301,0,0,0,N,0,0,0,0,67301,0,,3,1,,N,N,,0,,0,0,0,3,2,Y,2101.0,0,1,0,0,0,0,0,3,4,0,1,3,,N,,,,,,,,,,,
2010017043,830.0,2,0,0,0,0,0,0,0,0,1,0,,67,1,2010,5,39.9157,-75.1516,817.0,6,0,0,0,0,0,0,0,0,,0,0,0,8.0,1,2,0,,0,39 54:56.421,,0,75 09:05.902,4,0,0,0,67301,1,0,0,,0,0,0,2,67301,2,,1,1,,,,,0,,0,0,0,0,0,,800.0,2,3,0,0,0,0,0,3,4,1,3,3,,N,,,,,,,,,,,
2010017047,330.0,2,0,0,0,0,0,0,0,0,5,0,,67,1,2010,7,39.9669,-75.1974,328.0,6,0,0,0,0,0,0,0,0,,0,0,0,3.0,3,3,0,,0,39 58:00.721,,0,75 11:50.730,4,0,0,0,67301,0,0,0,N,0,0,0,6,67301,2,,6,1,,N,N,,1,,0,0,0,0,0,,327.0,3,3,0,0,1,1,0,3,4,0,3,3,,N,,,,,,,,,,,
2010017154,424.0,2,0,0,0,0,0,0,0,0,5,0,,67,1,2010,7,40.0517,-75.175,416.0,6,0,0,0,0,0,0,0,0,,0,0,0,3.0,3,0,0,,0,40 03:06.148,,0,75 10:29.868,0,0,0,0,67301,0,0,0,N,0,0,0,1,67301,0,,6,1,,N,N,,0,,0,0,1,0,0,,350.0,0,3,0,0,0,0,0,3,4,0,3,3,,N,,,,,,,,,,,
2010017201,1210.0,2,0,0,0,0,0,0,0,0,1,0,,67,1,2010,2,39.9497,-75.1669,1153.0,6,0,0,0,0,0,0,0,0,,0,0,0,11.0,1,4,0,,0,39 56:58.794,,0,75 10:00.617,4,0,0,0,67301,4,0,0,N,0,0,0,6,67301,2,,6,1,,N,N,,0,,0,0,0,0,0,,1150.0,4,2,0,0,0,2,0,3,4,0,2,3,,N,,,,,,,,,,,
2010017202,1830.0,2,0,0,0,0,0,0,0,0,4,0,,67,1,2010,2,39.997,-75.142,1820.0,6,0,0,0,1,0,0,0,0,,0,0,0,18.0,3,1,1,,0,39 59:49.311,,0,75 08:31.142,4,0,0,0,67301,0,0,0,,0,0,0,2,67301,1,,1,1,,,,,0,,0,0,0,3,3,,1815.0,1,2,0,0,0,0,1,3,4,0,2,3,,N,,,,,,,,,,,
2010017345,1005.0,0,0,0,0,0,0,0,0,0,1,0,,67,2,2010,2,40.0553,-75.1259,1005.0,6,0,0,0,0,0,0,0,0,,0,0,0,2.0,3,0,0,,0,40 03:19.103,,0,75 07:33.260,9,0,0,0,67301,0,0,0,N,0,0,0,1,46102,0,,6,2,,N,N,,0,,0,0,1,0,0,,245.0,0,2,0,0,0,0,1,3,4,1,2,3,,N,,,,,,,,,,,
2010021638,1615.0,0,0,0,0,0,0,0,0,0,4,0,,67,1,2010,1,40.0471,-75.098,1612.0,6,0,0,0,0,0,0,0,0,,0,0,0,16.0,4,1,1,,0,40 02:49.639,,0,75 05:52.794,4,0,0,0,67301,0,0,0,,0,0,0,4,67301,1,,1,1,,N,N,,0,,0,0,1,0,0,,1611.0,1,2,0,0,0,0,1,3,4,1,2,3,,N,,,,,,,,,,,
2010021695,1943.0,2,0,0,0,0,0,0,0,0,4,0,,67,1,2010,7,40.1111,-75.0243,1943.0,6,0,0,0,0,0,1,0,0,,0,0,0,19.0,3,1,1,,0,40 06:40.143,,0,75 01:27.353,4,0,0,0,67301,0,0,0,N,0,0,0,3,67301,1,,1,1,,N,N,,0,,0,0,0,3,2,,1940.0,1,2,0,0,0,0,0,3,4,0,2,3,,N,,,,,,,,,,,
2010117973,305.0,9,0,0,0,0,0,0,0,0,5,0,,67,10,2010,1,39.9369,-75.1502,258.0,6,0,0,0,0,0,0,0,0,,0,0,0,2.0,3,0,0,,0,39 56:12.822,,0,75 09:00.745,0,0,0,0,67301,0,0,0,N,0,0,0,1,67301,0,,6,1,,N,N,,0,,0,0,0,0,0,,255.0,0,9,0,0,0,0,0,3,4,0,9,3,,N,,,,,,,,,,,
2010117997,9999.0,1,0,0,0,0,0,0,0,0,8,0,,67,10,2010,3,39.9863,-75.1318,1740.0,6,0,0,0,0,0,1,0,0,,0,0,0,17.0,1,1,0,,0,39 59:10.795,,0,75 07:54.498,4,0,0,0,67301,1,0,0,,1,0,0,2,67301,1,,1,1,,,,,0,,0,0,0,0,0,,1732.0,1,2,0,0,0,0,0,3,4,0,1,3,,N,,,,,,,,,,,
2010118034,710.0,1,0,0,0,0,0,0,0,0,8,0,,67,10,2010,4,40.0153,-75.0743,704.0,6,0,0,0,0,0,0,0,0,1.0,0,0,0,6.0,1,1,1,,2,40 00:55.112,2.0,0,75 04:27.555,8,0,0,0,67301,1,0,0,N,1,0,0,2,67301,0,,1,9,,N,N,,0,,0,0,0,3,3,N,649.0,1,2,0,0,1,1,1,3,4,0,1,7,,N,,,,,,,,,,,
2010048540,244.0,2,0,0,0,0,0,0,0,0,1,0,,67,4,2010,5,39.9501,-75.1705,239.0,6,0,0,0,0,0,0,0,0,,0,0,0,2.0,3,0,0,,0,39 57:00.403,,0,75 10:13.524,0,0,0,0,67301,0,0,0,,0,0,0,1,67301,0,,6,1,,,,,0,,0,0,0,0,0,,239.0,0,2,0,0,0,0,0,3,4,0,2,3,,N,,,,,,,,,,,
2010075040,1459.0,2,0,0,0,0,0,0,0,0,1,0,,67,7,2010,6,40.0808,-75.0286,1451.0,6,0,0,0,0,0,1,0,0,,0,0,0,14.0,1,1,1,,0,40 04:51.077,,0,75 01:43.585,4,0,0,0,67301,0,0,0,N,0,0,0,2,67301,1,,1,1,,N,N,,0,,0,0,0,3,2,,1451.0,1,2,0,0,0,0,0,3,4,0,2,3,,N,,,,,,,,,,,
2010045086,1625.0,1,0,0,0,0,0,0,0,0,1,0,,67,4,2010,6,40.0266,-75.0954,1609.0,6,0,0,0,0,0,0,0,0,,0,0,0,16.0,1,0,0,,0,40 01:35.695,,0,75 05:43.323,0,0,0,0,67301,0,0,0,N,0,0,0,5,67301,0,,1,1,,N,N,,1,,0,0,0,3,2,,1605.0,0,2,0,0,0,0,0,3,4,0,2,3,,N,,,,,,,,,,,
2010045093,1221.0,2,0,0,0,0,0,0,0,0,8,0,,67,3,2010,2,40.072,-75.1606,1217.0,6,0,0,0,0,0,0,0,0,,0,0,0,11.0,1,2,0,,0,40 04:19.215,,0,75 09:38.194,3,0,0,0,67301,2,0,0,N,2,0,0,3,67301,0,,6,9,,N,N,,0,,2,0,0,0,0,,1145.0,2,4,0,0,0,0,0,3,4,0,2,7,,N,,,,,,,,,,,
2010045118,2145.0,1,0,0,0,0,0,0,0,0,8,0,,67,4,2010,5,39.9504,-75.2351,2140.0,6,0,0,0,0,0,0,1,0,,0,0,0,21.0,3,1,0,,0,39 57:01.314,,0,75 14:06.334,8,0,0,0,67301,1,0,0,N,1,0,0,2,67301,0,,1,1,,N,N,,0,,0,0,0,0,0,,2130.0,1,2,0,0,0,1,0,3,4,0,1,3,,N,,,,,,,,,,,
2010074858,737.0,0,0,0,0,0,0,0,0,0,7,0,,67,7,2010,7,39.9868,-75.2069,735.0,6,0,0,0,0,0,0,1,0,,0,0,0,7.0,1,1,0,,0,39 59:12.610,,0,75 12:24.750,4,0,0,1,67301,0,0,0,N,0,0,0,1,67301,1,,1,1,,N,N,,0,,0,0,0,3,8,,733.0,1,1,0,0,0,0,0,3,4,0,1,3,,N,,,,,,,,,,,
2010083204,1945.0,0,0,0,0,0,0,0,0,0,5,0,,67,8,2010,6,39.9963,-75.2371,1938.0,6,0,0,0,0,0,0,0,0,1.0,0,0,0,19.0,1,1,0,,2,39 59:46.520,2.0,7,75 14:13.645,3,0,0,1,67301,0,0,0,N,0,0,0,2,46104,0,,1,1,,N,N,,0,,1,0,1,0,0,Y,1935.0,1,2,0,0,0,0,0,3,4,0,2,3,,N,,,,,,,,,,,
2010081519,1330.0,2,0,0,0,0,0,0,0,0,1,0,,67,7,2010,2,40.0689,-75.1818,1324.0,6,1,0,0,0,0,0,1,0,,0,0,0,13.0,1,1,1,,0,40 04:08.025,,0,75 10:54.330,4,0,0,0,67301,0,0,0,N,0,0,0,3,67301,1,,1,1,,N,N,,0,,0,0,0,3,2,,1320.0,1,2,0,0,0,0,0,3,4,0,2,3,,N,,,,,,,,,,,
2010084255,2145.0,2,0,0,0,0,0,0,0,0,1,0,,67,8,2010,4,40.0045,-75.1321,2144.0,6,0,0,0,0,1,0,0,0,,0,0,0,21.0,3,1,1,,0,40 00:16.318,,0,75 07:55.437,8,0,0,0,67301,0,0,0,N,0,0,0,2,67301,0,,1,1,,N,N,,0,,0,0,0,3,2,,2144.0,1,2,0,0,0,1,0,3,4,0,2,3,,N,,,,,,,,,,,
2010044560,1030.0,2,0,0,0,0,0,0,0,0,2,0,,67,3,2010,6,40.0753,-75.0849,1024.0,6,0,0,0,0,0,0,1,0,1.0,0,0,0,10.0,1,2,0,,1,40 04:31.017,2.0,0,75 05:05.783,4,0,0,0,67301,0,0,0,N,0,0,0,3,67301,1,,1,1,,N,N,,0,,0,0,1,0,0,N,1018.0,2,3,0,0,0,1,0,3,4,0,3,3,,N,,,,,,,,,,,
2010062286,545.0,1,0,0,0,0,0,0,0,0,4,0,,67,5,2010,6,40.0353,-75.0252,537.0,6,0,0,0,0,1,0,0,0,,0,0,0,5.0,5,1,1,,0,40 02:07.013,,0,75 01:30.652,4,0,0,0,67301,0,0,0,N,0,0,0,3,67301,1,,1,1,,N,N,,0,,0,0,1,3,2,,530.0,1,2,0,0,0,0,0,3,4,0,2,3,,N,,,,,,,,,,,
2010044627,1348.0,0,0,0,0,0,0,0,0,0,1,0,,67,4,2010,1,39.9753,-75.2455,1347.0,6,0,0,0,0,0,0,0,0,,0,0,0,13.0,1,1,1,,0,39 58:31.257,,0,75 14:43.799,4,0,0,0,67301,0,0,0,N,0,0,0,4,67301,1,,1,1,,N,N,,1,,0,0,1,3,2,,1345.0,1,2,0,0,0,0,3,3,4,0,2,3,,N,,,,,,,,,,,
2010062306,1821.0,3,0,0,0,0,0,0,0,0,4,0,,67,5,2010,7,40.0809,-75.0288,1815.0,6,0,0,0,0,0,1,0,0,2.0,0,0,0,18.0,1,3,1,,2,40 04:51.445,7.0,0,75 01:43.230,3,0,0,0,67301,0,0,0,N,0,0,0,4,67301,1,,1,1,,N,N,,0,,2,0,0,3,2,Y,1815.0,3,3,0,0,0,0,0,3,4,0,3,3,,N,,,,,,,,,,,
2010081638,1002.0,2,0,0,0,0,0,0,0,0,4,0,,67,7,2010,1,40.064,-75.0596,959.0,6,0,0,0,0,0,1,0,0,,0,0,0,9.0,1,2,2,,0,40 03:50.306,,0,75 03:34.568,4,0,0,0,67301,0,0,0,N,0,0,0,4,67301,2,,1,1,,N,N,,0,,0,0,0,3,3,,957.0,2,2,0,0,0,0,0,3,4,0,2,3,,N,,,,,,,,,,,
2010044702,1506.0,3,0,0,0,0,0,0,0,0,5,0,,67,3,2010,7,40.0014,-75.1247,1506.0,6,0,0,0,0,0,1,0,0,1.0,0,0,0,15.0,1,1,0,,1,40 00:04.916,5.0,0,75 07:28.865,2,0,0,0,67301,1,0,1,N,1,0,1,2,67301,0,,2,1,,N,N,,1,,0,1,0,0,0,Y,1505.0,1,5,0,0,0,0,0,3,4,0,4,3,,N,,,,,,,,,,,
2010062066,1340.0,1,0,0,0,0,0,0,0,0,8,0,,67,4,2010,4,39.9559,-75.1444,1320.0,6,0,0,0,0,0,1,0,0,,0,0,0,99.0,1,1,1,,0,39 57:21.063,,0,75 08:39.976,4,0,0,0,67301,1,0,0,,1,0,0,2,67301,1,,1,9,,,,,0,,0,0,0,3,2,,9999.0,1,2,0,0,0,0,0,3,4,0,1,7,,N,,,,,,,,,,,
2010062094,1715.0,2,0,0,0,0,0,0,0,0,1,0,,67,4,2010,2,39.9459,-75.2403,1710.0,6,0,0,0,0,0,2,0,0,,0,0,0,16.0,1,1,5,,0,39 56:45.089,,0,75 14:25.018,4,0,0,0,67301,0,0,0,N,0,0,0,2,67301,1,,1,9,,N,N,,0,,0,0,0,3,2,,1605.0,1,3,0,0,0,0,0,3,4,0,3,7,,N,,,,,,,,,,,
2010044827,2046.0,0,0,0,0,0,0,0,0,0,4,0,,67,4,2010,1,40.0016,-75.1164,2038.0,6,0,0,0,0,0,0,0,0,,0,0,0,16.0,1,0,1,,0,40 00:05.890,,0,75 06:59.070,9,0,0,0,67301,0,0,0,N,0,0,0,3,67301,0,,1,1,,N,N,,1,,0,0,0,3,2,,1640.0,0,2,0,0,0,0,1,3,4,0,2,3,,N,,,,,,,,,,,
2010084582,1137.0,1,0,0,0,0,0,0,0,0,4,0,,67,8,2010,3,39.9892,-75.0967,2135.0,6,0,0,0,0,0,0,1,0,,0,0,0,11.0,1,1,1,,0,39 59:21.296,,0,75 05:47.983,8,0,0,0,67301,0,0,0,,0,0,0,2,67301,0,,1,1,,,,,1,,0,0,0,3,3,,1134.0,1,2,0,0,0,1,0,3,4,0,2,3,,N,,,,,,,,,,,
2010084602,1745.0,2,0,0,0,0,0,0,0,0,1,0,,67,7,2010,5,40.0014,-75.0731,1740.0,6,0,0,0,0,0,2,0,0,,0,0,0,17.0,1,1,0,,0,40 00:05.014,,0,75 04:22.994,4,0,0,0,67301,0,0,0,,0,0,0,3,67301,1,,1,1,,N,N,,1,,0,0,0,0,0,,1730.0,1,3,0,0,0,0,0,3,4,0,3,7,,N,,,,,,,,,,,