CRN,ARRIVAL_TM,AUTOMOBILE_COUNT,BELTED_DEATH_COUNT,BELTED_SUSP_SERIOUS_INJ_COUNT,BICYCLE_COUNT,BICYCLE_DEATH_COUNT,BICYCLE_SUSP_SERIOUS_INJ_COUNT,BUS_COUNT,CHLDPAS_DEATH_COUNT,CHLDPAS_SUSP_SERIOUS_INJ_COUNT,COLLISION_TYPE,COMM_VEH_COUNT,CONS_ZONE_SPD_LIM,COUNTY,CRASH_MONTH,CRASH_YEAR,DAY_OF_WEEK,DEC_LAT,DEC_LONG,DISPATCH_TM,DISTRICT,DRIVER_COUNT_16YR,DRIVER_COUNT_17YR,DRIVER_COUNT_18YR,DRIVER_COUNT_19YR,DRIVER_COUNT_20YR,DRIVER_COUNT_50_64YR,DRIVER_COUNT_65_74YR,DRIVER_COUNT_75PLUS,EST_HRS_CLOSED,FATAL_COUNT,HEAVY_TRUCK_COUNT,HORSE_BUGGY_COUNT,HOUR_OF_DAY,ILLUMINATION,INJURY_COUNT,INTERSECT_TYPE,INTERSECTION_RELATED,LANE_CLOSED,LATITUDE,LN_CLOSE_DIR,LOCATION_TYPE,LONGITUDE,MAX_SEVERITY_LEVEL,MCYCLE_DEATH_COUNT,MCYCLE_SUSP_SERIOUS_INJ_COUNT,MOTORCYCLE_COUNT,MUNICIPALITY,NONMOTR_COUNT,NONMOTR_DEATH_COUNT,NONMOTR_SUSP_SERIOUS_INJ_COUNT,NTFY_HIWY_MAINT,PED_COUNT,PED_DEATH_COUNT,PED_SUSP_SERIOUS_INJ_COUNT,PERSON_COUNT,POLICE_AGCY,POSSIBLE_INJ_COUNT,RDWY_SURF_TYPE_CD,RELATION_TO_ROAD,ROAD_CONDITION,ROADWAY_CLEARED,SCH_BUS_IND,SCH_ZONE_IND,SECONDARY_CRASH,SMALL_TRUCK_COUNT,SPEC_JURIS_CD,SUSP_MINOR_INJ_COUNT,SUSP_SERIOUS_INJ_COUNT,SUV_COUNT,TCD_FUNC_CD,TCD_TYPE,TFC_DETOUR_IND,TIME_OF_DAY,TOT_INJ_COUNT,TOTAL_UNITS,UNB_DEATH_COUNT,UNB_SUSP_SERIOUS_INJ_COUNT,UNBELTED_OCC_COUNT,UNK_INJ_DEG_COUNT,UNK_INJ_PER_COUNT,URBAN_AREA,URBAN_RURAL,VAN_COUNT,VEHICLE_COUNT,WEATHER1,WEATHER2,WORK_ZONE_IND,WORK_ZONE_LOC,WORK_ZONE_TYPE,WORKERS_PRES,WZ_CLOSE_DETOUR,WZ_FLAGGER,WZ_LAW_OFFCR_IND,WZ_LN_CLOSURE,WZ_MOVING,WZ_OTHER,WZ_SHLDER_MDN,WZ_WORKERS_INJ_KILLED
2010127895,933.0,1,0,0,0,0,0,0,0,0,1,0,,67,12,2010,3,39.9646,-75.1851,933.0,6,0,0,0,0,0,0,0,0,1.0,0,0,0,9.0,1,1,0,,1,39 57:51.014,3.0,0,75 11:05.004,8,0,0,0,67301,0,0,0,N,0,0,0,2,68K01,0,,1,1,,N,N,,0,,0,0,1,0,0,N,930.0,1,2,0,0,0,1,0,3,4,0,2,3,,N,,,,,,,,,,,
2010048866,2120.0,1,0,0,0,0,0,0,0,0,6,0,,67,4,2010,1,40.009,-75.1489,2035.0,6,0,0,0,1,0,0,0,0,,0,0,0,20.0,1,1,0,,0,40 00:32.263,,0,75 08:56.121,8,0,0,0,67301,0,0,0,N,0,0,0,1,67301,0,,6,9,,N,N,,0,,0,0,1,0,0,,2035.0,1,2,0,0,0,1,0,3,4,0,2,7,,N,,,,,,,,,,,
2010048875,1727.0,0,0,0,1,0,0,0,0,0,2,0,,67,4,2010,4,39.9712,-75.1318,1723.0,6,0,0,0,0,0,0,0,0,,0,0,0,16.0,1,1,0,,0,39 58:16.150,,0,75 07:54.465,4,0,0,0,67301,1,0,0,N,0,0,0,2,67301,1,,1,1,,N,N,,0,,0,0,1,0,0,,1649.0,1,2,0,0,0,0,0,3,4,0,1,3,,N,,,,,,,,,,,
2010073004,1422.0,3,0,0,0,0,0,0,0,0,1,0,,67,7,2010,6,39.9571,-75.1559,1421.0,6,0,0,0,0,0,0,0,0,,0,0,0,14.0,1,3,0,,0,39 57:25.495,,0,75 09:21.287,8,0,0,0,67301,0,0,0,N,0,0,0,11,68K01,0,,1,1,,N,N,,0,,0,0,0,0,0,,1420.0,3,3,0,0,0,3,0,3,4,0,3,3,,N,,,,,,,,,,,
2010067755,2204.0,1,0,0,0,0,0,0,0,0,1,0,,67,7,2010,6,39.8988,-75.1712,2145.0,6,0,1,0,0,0,0,1,0,1.0,0,0,0,21.0,2,2,0,,1,39 53:56.519,2.0,0,75 10:06.701,3,0,0,0,67301,0,0,0,N,0,0,0,3,68K01,1,,1,1,,N,N,,0,,1,0,1,0,0,N,2142.0,2,2,0,0,0,0,0,3,4,0,2,3,,N,,,,,,,,,,,
2010075882,356.0,1,0,0,0,0,0,0,0,0,7,0,,67,7,2010,7,39.9244,-75.1643,356.0,6,0,0,0,0,0,0,0,0,,0,0,0,3.0,3,0,0,,0,39 55:27.714,,0,75 09:51.609,0,0,0,0,67301,0,0,0,N,0,0,0,1,67301,0,,2,1,,N,N,,0,,0,0,0,0,0,,356.0,0,1,0,0,0,0,0,3,4,0,1,99,,N,,,,,,,,,,,
2010030176,907.0,1,0,0,0,0,0,0,0,0,7,0,,67,3,2010,2,39.982,-75.1009,858.0,6,0,0,0,0,0,0,0,1,,0,0,0,8.0,1,0,0,,0,39 58:55.364,,0,75 06:02.693,9,0,0,0,67301,0,0,0,N,0,0,0,1,68K01,0,,2,1,,N,N,,0,,0,0,0,0,0,,854.0,0,1,0,0,0,0,1,3,4,0,1,3,,N,,,,,,,,,,,
2010032759,248.0,1,0,0,0,0,0,0,0,0,1,0,,67,2,2010,2,40.039,-75.11,247.0,6,0,0,0,0,0,1,0,0,,0,0,0,2.0,3,1,0,,0,40 02:20.237,,0,75 06:35.873,4,0,0,0,67301,0,0,0,,0,0,0,2,67301,1,,1,1,,,,,0,,0,0,1,1,2,,246.0,1,2,0,0,0,0,0,3,4,0,2,3,,N,,,,,,,,,,,
2010032773,1954.0,1,0,0,0,0,0,0,0,0,8,0,,67,2,2010,1,39.9854,-75.1239,1950.0,6,0,0,0,0,0,0,0,0,,0,0,0,19.0,3,1,0,,0,39 59:07.555,,0,75 07:25.989,8,0,0,0,67301,1,0,0,N,1,0,0,2,67301,0,,1,1,,N,N,,0,,0,0,0,0,0,,1949.0,1,2,0,0,0,1,0,3,4,0,1,3,,N,,,,,,,,,,,
2010083486,1430.0,0,0,0,0,0,0,0,0,0,2,1,,67,6,2010,5,40.0306,-75.2292,1414.0,6,0,0,0,0,0,1,0,0,,0,1,0,14.0,1,0,0,,0,40 01:50.152,,0,75 13:45.019,0,0,0,0,67301,0,0,0,N,0,0,0,1,67301,0,,6,1,,N,N,,0,,0,0,1,0,0,,1400.0,0,2,0,0,0,0,0,3,4,0,2,3,,N,,,,,,,,,,,
2010099757,1650.0,0,0,0,0,0,0,0,0,0,8,0,,67,9,2010,5,40.011,-75.1509,1647.0,6,0,0,0,0,0,0,1,0,,0,0,0,16.0,1,1,0,,0,40 00:39.582,,0,75 09:03.098,4,0,0,0,67301,1,0,0,N,1,0,0,2,67301,1,,1,1,,N,N,,1,,0,0,0,0,0,,1645.0,1,2,0,0,0,0,0,3,4,0,1,3,,N,,,,,,,,,,,
2010021623,327.0,1,0,0,0,0,0,0,0,0,4,0,,67,1,2010,1,40.0254,-75.1677,323.0,6,0,0,0,0,0,0,0,0,2.0,0,0,0,3.0,3,1,0,,2,40 01:31.644,5.0,0,75 10:04.046,8,0,0,0,67301,0,0,0,N,0,0,0,1,67301,0,,1,1,,N,N,,1,,0,0,0,0,0,Y,320.0,1,2,0,0,0,1,0,3,4,0,2,3,,N,,,,,,,,,,,
2010021626,1515.0,1,0,0,0,0,0,0,0,0,4,0,,67,1,2010,1,40.057,-75.0343,1507.0,6,0,0,0,1,0,1,0,0,,0,0,0,15.0,1,1,1,,0,40 03:25.671,,0,75 02:04.150,4,0,0,0,67301,0,0,0,N,0,0,0,5,67301,1,,1,1,,N,N,,0,,0,0,0,3,2,,1505.0,1,2,0,0,0,0,0,3,4,1,2,3,,N,,,,,,,,,,,
2010021699,800.0,2,0,0,0,0,0,0,0,0,1,0,,67,1,2010,3,40.0312,-75.0217,753.0,6,0,0,1,0,0,0,0,0,,0,0,0,7.0,1,1,2,,0,40 01:52.459,,0,75 01:18.271,8,0,0,0,67301,0,0,0,N,0,0,0,2,67301,0,,1,9,,N,N,,0,,0,0,0,3,2,,740.0,1,2,0,0,0,1,1,3,4,0,2,3,,N,,,,,,,,,,,
2010094710,501.0,0,0,0,0,0,0,0,0,0,4,0,,67,8,2010,6,39.9568,-75.1534,459.0,6,0,0,0,0,0,1,0,0,2.0,0,0,0,4.0,3,1,0,,2,39 57:24.581,3.0,0,75 09:12.112,4,0,0,0,67301,0,0,0,N,0,0,0,3,68K01,1,,1,1,,N,N,,1,,0,0,1,0,0,Y,457.0,1,2,0,0,0,0,0,3,4,0,2,3,,N,,,,,,,,,,,
2010094723,1010.0,1,0,0,0,0,0,0,0,0,1,1,,67,9,2010,4,39.9331,-75.2,956.0,6,0,0,0,0,0,1,1,0,,0,1,0,9.0,1,1,0,,0,39 56:04.404,,0,75 11:59.476,8,0,0,0,67301,0,0,0,N,0,0,0,4,68K01,0,,1,1,,N,N,,0,,0,0,0,0,0,,954.0,1,2,0,0,0,1,0,3,4,0,2,3,,N,,,,,,,,,,,
2010092270,842.0,2,0,0,0,0,0,0,0,0,1,0,,67,9,2010,7,39.9748,-75.1178,834.0,6,0,0,0,0,0,0,0,0,1.0,0,0,0,8.0,1,1,0,,2,39 58:31.026,1.0,0,75 07:00.482,8,0,0,0,67301,0,0,0,N,0,0,0,4,68K01,0,,1,1,,N,N,,0,,0,0,0,0,0,N,831.0,1,2,0,0,0,1,0,3,4,0,2,3,,N,,,,,,,,,,,
2010074982,1704.0,0,0,0,0,0,0,0,0,0,8,0,,67,6,2010,3,40.1029,-75.0175,1657.0,6,0,0,0,0,0,0,0,0,,0,0,0,99.0,1,1,1,,0,40 06:10.296,,0,75 01:02.888,4,0,0,0,67301,1,0,0,N,1,0,0,5,67301,1,,1,1,,N,N,,0,,0,0,0,3,3,,9999.0,1,2,0,0,0,0,0,3,4,1,1,3,,N,,,,,,,,,,,
2010074997,1810.0,1,0,0,0,0,0,0,0,0,4,0,,67,6,2010,4,40.0742,-75.0347,1800.0,6,0,0,0,0,0,0,0,0,,0,0,0,17.0,1,1,0,,0,40 04:26.982,,0,75 02:04.891,3,0,0,0,67301,1,0,0,N,1,0,0,3,67301,0,,1,1,,N,N,,0,,1,0,0,3,2,,1756.0,1,2,0,0,0,0,0,3,4,0,1,3,,N,,,,,,,,,,,
2010045342,1614.0,2,0,0,0,0,0,0,0,0,5,0,,67,3,2010,3,39.935,-75.2277,1609.0,6,0,0,0,0,0,1,0,0,1.0,0,0,0,99.0,1,1,0,,1,39 56:06.128,1.0,0,75 13:39.703,4,0,0,0,67301,0,0,0,,0,0,0,2,67301,1,,1,1,,,,,1,,0,0,0,0,0,N,9999.0,1,3,0,0,0,0,0,3,4,0,3,3,,N,,,,,,,,,,,
2010075046,1906.0,0,0,0,0,0,0,0,0,0,8,1,,67,6,2010,3,39.9482,-75.1644,1903.0,6,0,0,0,0,0,0,0,0,,0,1,0,18.0,1,1,1,,0,39 56:53.500,,0,75 09:51.952,3,0,0,0,67301,1,0,0,,1,0,0,2,67301,0,,1,1,,,,,0,,1,0,0,3,2,,1842.0,1,2,0,0,0,0,0,3,4,0,1,3,,N,,,,,,,,,,,
2010075060,1845.0,0,0,0,0,0,0,0,0,0,8,0,,67,6,2010,5,40.0464,-75.1545,1843.0,6,0,0,0,0,0,0,0,0,,0,0,0,18.0,1,1,0,,0,40 02:47.014,,0,75 09:16.110,2,0,0,0,67301,1,0,1,,1,0,1,2,67301,0,,1,1,,N,N,,0,,0,1,1,0,0,,1840.0,1,2,0,0,0,0,1,3,4,0,1,3,,N,,,,,,,,,,,
2010075113,1632.0,3,0,0,0,0,0,0,0,0,4,0,,67,7,2010,7,39.9377,-75.1952,1628.0,6,0,0,0,0,0,0,0,0,,0,0,0,16.0,1,1,1,,0,39 56:15.716,,0,75 11:42.655,8,0,0,0,67301,0,0,0,N,0,0,0,5,67301,0,,1,1,,N,N,,0,,0,0,0,3,3,,1620.0,1,3,0,0,0,1,1,3,4,0,3,3,,N,,,,,,,,,,,
2010045500,57.0,0,0,0,0,0,0,0,0,0,7,0,,67,5,2010,2,39.9804,-75.2057,45.0,6,0,0,0,0,0,0,0,0,,0,0,0,0.0,3,1,0,,0,39 58:52.162,,0,75 12:24.379,8,0,0,0,67301,0,0,0,N,0,0,0,1,68K01,0,,2,1,,N,N,,0,,0,0,1,0,0,,43.0,1,1,0,0,0,1,0,3,4,0,1,3,,N,,,,,,,,,,,
2010072327,1459.0,1,0,0,0,0,0,0,0,0,1,0,,67,7,2010,4,39.9578,-75.1617,1446.0,6,0,0,0,0,0,1,0,0,,0,0,0,14.0,1,0,0,,0,39 57:28.246,,0,75 09:41.969,0,0,0,0,67301,0,0,0,N,0,0,0,3,68K01,0,,1,1,,N,N,,2,,0,0,0,0,0,,1440.0,0,3,0,0,0,0,0,3,4,0,3,3,,N,,,,,,,,,,,
2010074901,924.0,1,0,0,0,0,0,0,0,0,4,0,,67,7,2010,4,40.0186,-75.0502,905.0,6,0,0,0,0,1,0,0,0,,0,0,0,9.0,1,2,1,,0,40 00:59.183,,0,75 02:47.910,3,0,0,0,67301,0,0,0,N,0,0,0,5,67301,1,,1,1,,N,N,,0,,1,0,1,3,3,,900.0,2,2,0,0,1,0,0,3,4,0,2,3,,N,,,,,,,,,,,
2010062018,809.0,1,0,0,0,0,0,0,0,0,8,0,,67,4,2010,2,39.9592,-75.1654,808.0,6,0,0,0,0,0,0,1,0,,0,0,0,8.0,1,1,2,,0,39 57:33.249,,0,75 09:55.540,4,0,0,0,67301,1,0,0,N,1,0,0,2,67301,1,,1,1,,N,N,,0,,0,0,0,3,3,,807.0,1,2,0,0,0,0,0,3,4,0,1,3,,N,,,,,,,,,,,
2010052434,1625.0,3,0,0,0,0,0,0,0,0,1,0,,67,5,2010,4,40.0328,-75.0817,1530.0,6,0,0,0,0,0,1,0,0,2.0,0,0,0,15.0,1,0,0,,1,40 01:57.956,2.0,0,75 04:54.155,0,0,0,0,67301,0,0,0,N,0,0,0,4,67301,0,,1,1,,N,N,,0,,0,0,1,0,0,N,1529.0,0,4,0,0,0,0,0,3,4,0,4,3,,N,,,,,,,,,,,
2010062280,1745.0,1,0,0,1,0,0,0,0,0,4,0,,67,6,2010,4,40.1062,-75.0347,1741.0,6,0,0,0,0,0,0,0,0,,0,0,0,17.0,1,1,2,,0,40 06:22.372,,0,75 02:05.090,3,0,0,0,67301,1,0,0,N,0,0,0,3,67301,0,,1,1,,N,N,,0,,1,0,0,2,3,,1741.0,1,2,0,0,0,0,0,3,4,0,1,3,,N,,,,,,,,,,,
2010044622,1129.0,0,0,0,0,0,0,0,0,0,8,0,,67,3,2010,1,40.0092,-75.1508,1126.0,6,0,0,0,0,0,0,0,0,,0,0,0,11.0,1,1,1,,0,40 00:33.133,,0,75 09:02.943,4,0,0,0,67301,1,0,0,N,1,0,0,2,67301,1,,1,9,,N,N,,0,,0,0,1,3,2,,1123.0,1,2,0,0,0,0,0,3,4,0,1,7,,N,,,,,,,,,,,
2010044633,1256.0,1,0,0,0,0,0,0,0,0,4,0,,67,3,2010,7,39.9671,-75.1621,1255.0,6,0,0,0,0,0,0,0,0,,0,0,0,12.0,1,4,1,,0,39 58:01.549,,0,75 09:43.675,4,0,0,0,67301,0,0,0,N,0,0,0,5,67301,1,,1,1,,N,N,,0,,0,0,0,3,2,,1255.0,4,2,0,0,0,3,0,3,4,1,2,3,,N,,,,,,,,,,,
2010044634,1338.0,1,0,0,0,0,0,0,0,0,1,0,,67,4,2010,5,40.0155,-75.1794,1333.0,6,0,0,0,0,0,0,0,0,1.0,0,0,0,13.0,1,2,0,,1,40 00:55.716,2.0,0,75 10:45.896,8,0,0,0,67301,0,0,0,N,0,0,0,3,67301,0,,1,1,,N,N,,1,,0,0,0,0,0,N,1329.0,2,2,0,0,1,2,0,3,4,0,2,3,,N,,,,,,,,,,,
2010084119,305.0,2,0,0,0,0,0,0,0,0,5,0,,67,8,2010,1,39.9643,-75.1961,300.0,6,0,0,0,0,0,0,0,0,,0,0,0,2.0,3,0,0,,0,39 57:51.501,,0,75 11:45.870,0,0,0,0,67301,0,0,0,N,0,0,0,1,67301,0,,1,1,,N,N,,0,,0,0,0,0,0,,255.0,0,2,0,0,0,0,0,3,4,0,2,3,,N,,,,,,,,,,,
2010084127,7.0,2,0,0,0,0,0,0,0,0,1,0,,67,8,2010,2,40.0351,-75.0709,1.0,6,0,0,1,0,0,1,0,0,1.0,0,0,0,23.0,3,3,0,,1,40 02:06.468,2.0,0,75 04:15.198,8,0,0,0,67301,0,0,0,N,0,0,0,4,67301,0,,1,1,,N,N,,0,,0,0,0,3,2,N,2358.0,3,2,0,0,0,3,0,3,4,0,2,3,,N,,,,,,,,,,,
2010084145,1737.0,1,0,0,1,0,0,0,0,0,5,0,,67,7,2010,3,39.9945,-75.1448,1720.0,6,0,0,0,0,0,0,0,0,,0,0,0,16.0,1,1,0,,0,39 59:40.185,,0,75 08:41.114,4,0,0,0,67301,1,0,0,N,0,0,0,2,67301,1,,1,1,,N,N,,0,,0,0,0,0,0,,1650.0,1,2,0,0,0,0,0,3,4,0,1,3,,N,,,,,,,,,,,
2010062080,1524.0,2,0,0,0,0,0,0,0,0,4,0,,67,5,2010,1,40.0361,-75.0879,1521.0,6,0,0,0,0,0,0,0,0,,0,0,0,14.0,1,1,1,,0,40 02:09.822,,0,75 05:16.321,3,0,0,0,67301,0,0,0,N,0,0,0,4,67301,0,,1,1,,N,N,,0,,1,0,1,3,2,,1458.0,1,3,0,0,0,0,0,3,4,0,3,3,,N,,,,,,,,,,,
2010062086,406.0,2,0,0,0,0,0,0,0,0,4,0,,67,5,2010,1,40.0314,-75.1548,401.0,6,0,0,0,0,0,0,0,0,,0,0,0,4.0,3,1,1,,0,40 01:53.151,,0,75 09:17.114,3,0,0,0,67301,0,0,0,N,0,0,0,3,67301,0,,1,9,,N,N,,0,,1,0,0,3,2,,400.0,1,2,0,0,0,0,1,3,4,0,2,3,,N,,,,,,,,,,,
2010048819,1910.0,0,0,0,0,0,0,0,0,0,1,0,,67,4,2010,5,40.045,-75.1929,1910.0,6,0,0,0,0,0,2,0,0,,0,0,0,19.0,4,2,0,,0,40 02:41.948,,0,75 11:34.515,8,0,0,0,67301,0,0,0,N,0,0,0,3,67301,0,,1,1,,N,N,,0,,0,0,1,0,0,,1900.0,2,2,0,0,0,2,0,3,4,1,2,3,,N,,,,,,,,,,,
2010048839,1028.0,1,0,0,0,0,0,0,0,0,5,0,,67,4,2010,3,39.9926,-75.0941,1025.0,6,0,0,0,0,0,0,0,0,,0,0,0,10.0,1,1,0,,0,39 59:33.338,,0,75 05:38.912,4,0,0,0,67301,1,0,0,,1,0,0,2,67301,1,,1,1,,,,,0,,0,0,0,0,0,,1015.0,1,2,0,0,0,0,0,3,4,0,1,3,,N,,,,,,,,,,,
2010060951,1934.0,0,0,0,0,0,0,0,0,0,1,0,45.0,67,6,2010,6,39.8858,-75.208,1920.0,6,0,0,0,0,0,0,0,0,,0,0,0,19.0,1,2,0,,0,39 53:37.347,,3,75 11:44.591,4,0,0,0,67301,0,0,0,N,0,0,0,5,68K01,2,,1,1,,N,N,,2,,0,0,0,0,0,,1918.0,2,3,0,0,0,0,0,3,4,1,3,3,,Y,4.0,1.0,Y,N,N,N,N,Y,N,Y,
2010058852,204.0,2,0,0,0,0,0,0,0,0,5,0,,67,5,2010,1,40.0433,-75.1437,201.0,6,0,0,0,0,0,0,1,0,,0,0,0,2.0,3,3,0,,0,40 02:35.937,,0,75 08:37.289,4,0,0,0,67301,2,0,0,N,0,0,0,4,67301,2,,1,9,,N,N,,0,,0,0,0,0,0,,204.0,3,2,0,0,0,1,0,3,4,0,2,7,,N,,,,,,,,,,,
2010039265,1550.0,3,0,0,0,0,0,0,0,0,4,0,,67,3,2010,6,39.9828,-75.2415,1540.0,6,0,0,0,0,0,0,0,0,,0,0,0,15.0,1,0,2,,0,39 58:58.044,,0,75 14:29.363,0,0,0,0,67301,0,0,0,N,0,0,0,3,67301,0,,1,9,,N,N,,0,,0,0,0,3,3,,1532.0,0,3,0,0,0,0,0,3,4,0,3,7,,N,,,,,,,,,,,
2010032768,57.0,1,0,0,0,0,0,0,0,0,8,0,,67,2,2010,1,39.9262,-75.1938,54.0,6,0,0,0,0,1,0,0,0,4.0,0,0,0,0.0,3,2,0,,2,39 55:34.374,3.0,0,75 11:37.572,2,0,0,0,67301,1,0,1,N,1,0,1,2,67301,1,,2,2,,N,N,,0,,0,1,0,0,0,Y,52.0,2,3,0,0,0,0,0,3,4,1,2,3,,N,,,,,,,,,,,
2010104984,50.0,1,0,0,0,0,0,0,0,0,8,0,,67,9,2010,5,40.0392,-75.0668,45.0,6,0,0,0,0,0,0,0,0,,0,0,0,19.0,8,1,1,,0,40 02:21.129,,0,75 04:00.301,8,0,0,0,67301,1,0,0,N,1,0,0,2,67301,0,,1,9,,N,N,,0,,0,0,0,9,2,,1945.0,1,2,0,0,0,1,0,3,4,0,1,7,,N,,,,,,,,,,,
2010099788,2315.0,2,0,0,0,0,0,0,0,0,1,0,,67,9,2010,4,40.0219,-75.1395,2315.0,6,0,0,0,0,0,0,0,0,2.0,0,0,0,23.0,3,2,1,,1,40 01:18.103,2.0,0,75 08:23.224,4,0,0,0,67301,0,0,0,N,0,0,0,3,67301,2,,1,1,,N,N,,0,,0,0,0,3,2,N,2312.0,2,2,0,0,0,0,0,3,4,0,2,3,,N,,,,,,,,,,,
2010110734,1207.0,2,0,0,0,0,0,0,0,0,4,0,,67,10,2010,1,40.0729,-75.0759,1205.0,6,0,0,0,0,0,0,1,1,,0,0,0,12.0,1,1,1,,0,40 04:22.410,,0,75 04:33.193,8,0,0,0,67301,0,0,0,N,0,0,0,4,67301,0,,1,1,,N,N,,0,,0,0,0,3,2,,1205.0,1,2,0,0,0,1,2,3,4,0,2,3,,N,,,,,,,,,,,
2010102396,1658.0,3,0,0,0,0,0,0,0,0,1,0,,67,9,2010,6,40.0994,-75.0116,1658.0,6,0,0,0,0,0,0,0,0,,0,0,0,16.0,1,3,0,,0,40 05:57.969,,0,75 00:41.766,4,0,0,0,67301,0,0,0,,0,0,0,7,67301,3,,1,1,,N,N,,1,,0,0,0,3,2,,1658.0,3,4,0,0,1,0,0,3,4,0,4,3,,N,,,,,,,,,,,
2010113295,2040.0,1,0,0,0,0,0,0,0,0,7,0,,67,10,2010,4,40.0345,-75.1277,2030.0,6,0,0,0,0,0,0,0,0,,0,0,0,20.0,3,3,0,,0,40 02:04.070,,0,75 07:39.710,3,0,0,0,67301,0,0,0,N,0,0,0,3,67301,0,,4,9,,N,N,,0,,3,0,0,0,0,,2020.0,3,1,0,0,0,0,0,3,4,0,1,7,,N,,,,,,,,,,,
2010123485,2244.0,1,0,0,0,0,0,0,0,0,5,0,,67,11,2010,4,39.9716,-75.1933,2238.0,6,0,0,0,1,0,0,0,0,2.0,0,0,0,22.0,3,3,7,,1,39 58:15.132,4.0,2,75 11:34.938,4,0,0,0,67301,0,0,0,Y,0,0,0,13,68K01,3,,7,1,,N,N,,0,,0,0,0,0,0,N,2235.0,3,2,0,0,0,0,0,3,4,1,2,3,,N,,,,,,,,,,,
2010107699,1807.0,2,0,0,0,0,0,0,0,0,1,0,,67,10,2010,6,39.9547,-75.1411,1804.0,6,0,0,0,0,0,1,0,0,1.0,0,0,0,17.0,4,0,0,,1,39 57:22.931,2.0,2,75 08:33.470,0,0,0,0,67301,0,0,0,N,0,0,0,4,68K01,0,,1,1,,N,N,,1,,0,0,0,0,0,Y,1746.0,0,3,0,0,0,0,0,3,4,0,3,3,,N,,,,,,,,,,,
2010029570,731.0,1,0,0,0,0,0,0,0,0,7,0,,67,3,2010,7,40.0093,-75.2095,729.0,6,0,0,0,0,0,0,0,0,1.0,0,0,0,7.0,2,1,2,,1,40 00:32.963,2.0,2,75 12:35.365,8,0,0,0,67301,0,0,0,Y,0,0,0,1,46104,0,,3,9,,N,N,,0,,0,0,0,3,2,N,726.0,1,1,0,0,1,1,0,3,4,0,1,7,,N,,,,,,,,,,,
2010029575,1740.0,0,0,0,0,0,0,0,0,0,4,0,,67,3,2010,6,40.0039,-75.2207,1740.0,6,0,0,0,0,0,0,0,0,,0,0,0,17.0,4,1,1,,0,40 00:14.091,,0,75 13:14.544,3,0,0,0,67301,0,0,0,N,0,0,0,2,46104,0,,1,9,,N,N,,0,,1,0,1,3,2,,1730.0,1,2,0,0,0,0,0,3,4,1,2,7,,N,,,,,,,,,,,
2010088661,1857.0,0,0,0,0,0,0,0,0,0,8,0,,67,7,2010,6,39.9867,-75.1595,1850.0,6,0,0,0,0,0,0,0,0,,0,0,0,18.0,1,1,1,,0,39 59:12.228,,0,75 09:34.174,4,0,0,0,67301,1,0,0,N,1,0,0,2,67301,1,,1,1,,N,N,,0,,0,0,1,3,2,,1850.0,1,2,0,0,0,0,0,3,4,0,1,3,,N,,,,,,,,,,,
2010091220,1013.0,0,0,0,0,0,0,0,0,0,7,0,,67,8,2010,5,39.9862,-75.1214,1012.0,6,0,0,0,0,0,0,0,0,,0,0,0,10.0,1,2,0,,0,39 59:10.285,,0,75 07:17.132,4,0,0,0,67301,0,0,0,,0,0,0,3,67301,2,,5,9,,N,N,,0,,0,0,0,0,0,,1007.0,2,1,0,0,0,0,0,3,4,1,1,7,,N,,,,,,,,,,,
2010045029,851.0,1,0,0,0,0,0,0,0,0,1,0,45.0,67,5,2010,4,39.8983,-75.1833,842.0,6,0,0,0,0,0,0,0,0,,0,0,0,8.0,1,0,0,,0,39 53:55.882,,0,75 10:47.146,0,0,0,0,67301,0,0,0,N,0,0,0,2,68K01,0,,1,1,,N,N,,0,,0,0,1,0,0,,838.0,0,2,0,0,0,0,0,3,4,0,2,3,,Y,2.0,1.0,N,N,N,N,Y,N,N,Y,
2010045066,1206.0,0,0,0,1,0,0,0,0,0,5,1,,67,4,2010,4,39.9505,-75.1926,1200.0,6,0,0,0,0,0,0,0,0,,0,1,0,11.0,1,1,1,,0,39 57:01.634,,0,75 11:33.356,3,0,0,0,67301,1,0,0,N,0,0,0,2,67301,0,,1,1,,N,N,,0,,1,0,0,3,2,,1159.0,1,2,0,0,0,0,0,3,4,0,1,3,,N,,,,,,,,,,,
2010045120,930.0,3,0,0,0,0,0,0,0,0,5,0,,67,4,2010,1,40.0209,-75.1414,920.0,6,0,0,0,0,0,0,0,0,2.0,0,0,0,9.0,1,0,0,,2,40 01:14.733,4.0,0,75 08:29.993,0,0,0,0,67301,0,0,0,N,0,0,0,2,67301,0,,1,1,,N,N,,0,,0,0,0,0,0,N,914.0,0,3,0,0,0,0,0,3,4,0,3,3,,N,,,,,,,,,,,
2010069889,811.0,0,0,0,0,0,0,0,0,0,7,0,,67,6,2010,3,39.9335,-75.2155,809.0,6,0,0,0,0,0,0,0,0,,0,0,0,7.0,1,1,3,,0,39 56:00.699,,0,75 12:55.912,4,0,0,0,67301,0,0,0,N,0,0,0,2,67301,1,,2,1,,N,N,,0,,0,0,1,3,2,,750.0,1,1,0,0,0,0,0,3,4,0,1,3,,N,,,,,,,,,,,