CRN,ARRIVAL_TM,AUTOMOBILE_COUNT,BELTED_DEATH_COUNT,BELTED_SUSP_SERIOUS_INJ_COUNT,BICYCLE_COUNT,BICYCLE_DEATH_COUNT,BICYCLE_SUSP_SERIOUS_INJ_COUNT,BUS_COUNT,CHLDPAS_DEATH_COUNT,CHLDPAS_SUSP_SERIOUS_INJ_COUNT,COLLISION_TYPE,COMM_VEH_COUNT,CONS_ZONE_SPD_LIM,COUNTY,CRASH_MONTH,CRASH_YEAR,DAY_OF_WEEK,DEC_LAT,DEC_LONG,DISPATCH_TM,DISTRICT,DRIVER_COUNT_16YR,DRIVER_COUNT_17YR,DRIVER_COUNT_18YR,DRIVER_COUNT_19YR,DRIVER_COUNT_20YR,DRIVER_COUNT_50_64YR,DRIVER_COUNT_65_74YR,DRIVER_COUNT_75PLUS,EST_HRS_CLOSED,FATAL_COUNT,HEAVY_TRUCK_COUNT,HORSE_BUGGY_COUNT,HOUR_OF_DAY,ILLUMINATION,INJURY_COUNT,INTERSECT_TYPE,INTERSECTION_RELATED,LANE_CLOSED,LATITUDE,LN_CLOSE_DIR,LOCATION_TYPE,LONGITUDE,MAX_SEVERITY_LEVEL,MCYCLE_DEATH_COUNT,MCYCLE_SUSP_SERIOUS_INJ_COUNT,MOTORCYCLE_COUNT,MUNICIPALITY,NONMOTR_COUNT,NONMOTR_DEATH_COUNT,NONMOTR_SUSP_SERIOUS_INJ_COUNT,NTFY_HIWY_MAINT,PED_COUNT,PED_DEATH_COUNT,PED_SUSP_SERIOUS_INJ_COUNT,PERSON_COUNT,POLICE_AGCY,POSSIBLE_INJ_COUNT,RDWY_SURF_TYPE_CD,RELATION_TO_ROAD,ROAD_CONDITION,ROADWAY_CLEARED,SCH_BUS_IND,SCH_ZONE_IND,SECONDARY_CRASH,SMALL_TRUCK_COUNT,SPEC_JURIS_CD,SUSP_MINOR_INJ_COUNT,SUSP_SERIOUS_INJ_COUNT,SUV_COUNT,TCD_FUNC_CD,TCD_TYPE,TFC_DETOUR_IND,TIME_OF_DAY,TOT_INJ_COUNT,TOTAL_UNITS,UNB_DEATH_COUNT,UNB_SUSP_SERIOUS_INJ_COUNT,UNBELTED_OCC_COUNT,UNK_INJ_DEG_COUNT,UNK_INJ_PER_COUNT,URBAN_AREA,URBAN_RURAL,VAN_COUNT,VEHICLE_COUNT,WEATHER1,WEATHER2,WORK_ZONE_IND,WORK_ZONE_LOC,WORK_ZONE_TYPE,WORKERS_PRES,WZ_CLOSE_DETOUR,WZ_FLAGGER,WZ_LAW_OFFCR_IND,WZ_LN_CLOSURE,WZ_MOVING,WZ_OTHER,WZ_SHLDER_MDN,WZ_WORKERS_INJ_KILLED
2010062024,1805.0,1,0,0,1,0,0,0,0,0,4,0,,67,4,2010,6,39.936,-75.1689,1805.0,6,0,0,0,0,0,0,0,0,,0,0,0,18.0,1,1,2,,0,39 56:09.488,,0,75 10:08.043,4,0,0,0,67301,1,0,0,,0,0,0,2,67301,1,,1,1,,N,N,,0,,0,0,0,0,0,,1805.0,1,2,0,0,0,0,0,3,4,0,1,3,,N,,,,,,,,,,,
2010062048,750.0,2,0,0,0,0,0,0,0,0,6,0,,67,5,2010,6,40.026,-75.122,744.0,6,0,0,0,0,0,1,0,0,1.0,0,0,0,7.0,1,2,1,,1,40 01:33.550,2.0,0,75 07:19.144,3,0,0,0,67301,0,0,0,,0,0,0,2,67301,0,,1,1,,,N,,0,,1,0,0,3,2,Y,744.0,2,2,0,0,1,1,0,3,4,0,2,3,,N,,,,,,,,,,,
2010083816,2100.0,1,0,0,0,0,0,0,0,0,7,0,,67,7,2010,7,40.0939,-75.0311,2100.0,6,0,0,0,0,0,0,0,0,,1,0,0,20.0,4,0,0,,0,40 05:38.001,,0,75 01:52.106,1,0,0,0,67301,1,1,0,,1,1,0,2,67301,0,2.0,4,1,,N,N,,0,0.0,0,0,0,0,0,,2010.0,0,2,0,0,0,0,0,3,4,0,1,3,,N,,,,,,,,,,,
2010081436,1917.0,1,0,0,0,0,0,0,0,0,0,0,,67,7,2010,3,39.9671,-75.2491,1917.0,6,0,0,0,0,0,0,0,0,3.0,0,0,0,19.0,1,0,0,,2,39 58:01.516,2.0,0,75 14:56.745,9,0,0,0,67301,0,0,0,,0,0,0,1,67301,0,,1,1,,,,,0,,0,0,0,0,0,Y,1910.0,0,1,0,0,0,0,1,3,4,0,1,3,,N,,,,,,,,,,,
2010044479,1645.0,2,0,0,0,0,0,0,0,0,1,0,,67,4,2010,2,39.9265,-75.148,1641.0,6,0,0,0,0,1,1,0,0,,0,0,0,16.0,1,1,0,,0,39 55:35.493,,0,75 08:52.713,4,0,0,0,67301,0,0,0,N,0,0,0,2,67301,1,,1,1,,N,N,,0,,0,0,0,0,0,,1635.0,1,2,0,0,0,0,0,3,4,0,2,3,,N,,,,,,,,,,,
2010044489,1625.0,2,0,0,0,0,0,0,0,0,4,0,,67,4,2010,1,39.9776,-75.1606,1624.0,6,0,0,0,1,0,0,0,0,,0,0,0,16.0,1,1,1,,0,39 58:39.345,,0,75 09:38.332,8,0,0,0,67301,0,0,0,N,0,0,0,3,67301,0,,1,1,,N,N,,0,,0,0,0,3,3,,1620.0,1,2,0,0,0,1,0,3,4,0,2,3,,N,,,,,,,,,,,
2010084209,9999.0,1,0,0,0,0,0,0,0,0,1,0,,67,7,2010,4,39.9144,-75.1531,1655.0,6,0,0,0,0,0,0,0,0,,0,0,0,16.0,1,2,2,,0,39 54:52.226,,0,75 09:10.741,8,0,0,0,67301,0,0,0,N,0,0,0,4,67301,0,,1,1,,N,N,,0,,0,0,1,3,2,,1630.0,2,2,0,0,0,2,2,3,4,0,2,3,,N,,,,,,,,,,,
2010084240,1355.0,1,0,0,1,0,0,0,0,0,4,0,,67,7,2010,2,40.096,-74.9768,1345.0,6,0,0,0,0,0,0,0,0,,0,0,0,6.0,1,1,1,,0,40 05:45.431,,0,74 58:36.412,4,0,0,0,67301,1,0,0,N,0,0,0,2,67301,1,,1,1,,N,N,,0,,0,0,0,2,2,,630.0,1,2,0,0,0,0,0,3,4,0,1,3,,N,,,,,,,,,,,
2010052394,2323.0,0,0,0,0,0,0,0,0,0,8,0,,67,5,2010,4,40.021,-75.0541,2317.0,6,0,0,0,0,0,0,0,0,,0,0,0,23.0,3,1,0,,0,40 01:15.584,,0,75 03:14.916,8,0,0,0,67301,1,0,0,,1,0,0,2,67301,0,,1,1,,,,,0,,0,0,0,0,0,,2311.0,1,2,0,0,0,1,0,3,4,0,1,3,,N,,,,,,,,,,,
2010062291,1138.0,1,0,0,0,0,0,0,0,0,4,0,,67,5,2010,6,39.9054,-75.1736,1131.0,6,0,0,0,0,0,0,0,0,1.0,0,0,0,11.0,1,1,1,,1,39 54:19.501,1.0,0,75 10:24.816,4,0,0,0,67301,0,0,0,,0,0,0,3,67301,1,,1,1,,,,,1,,0,0,0,3,2,N,1120.0,1,2,0,0,2,0,0,3,4,0,2,3,,N,,,,,,,,,,,
2010062343,1330.0,0,0,0,0,0,0,0,0,0,7,0,,67,6,2010,4,40.1111,-75.0243,1323.0,6,0,0,0,0,0,1,0,0,3.0,0,0,0,13.0,1,0,1,,2,40 06:40.188,7.0,0,75 01:27.736,9,0,0,0,67301,0,0,0,,0,0,0,1,67301,0,,2,1,,,,,1,,0,0,0,3,3,Y,1320.0,0,1,0,0,0,0,1,3,4,0,1,3,,N,,,,,,,,,,,
2010081607,1919.0,2,0,0,0,0,0,0,0,0,4,0,,67,7,2010,5,40.0673,-75.0592,1916.0,6,0,0,0,0,0,0,0,0,,0,0,0,19.0,1,1,1,,0,40 04:02.319,,0,75 03:33.245,8,0,0,0,67301,0,0,0,,0,0,0,5,67301,0,,1,1,,N,N,,0,,0,0,0,3,3,,1916.0,1,2,0,0,0,1,0,3,4,0,2,3,,N,,,,,,,,,,,
2010043497,1952.0,1,0,0,0,0,0,0,0,0,1,0,,67,4,2010,6,39.9446,-75.1913,1941.0,6,0,0,0,0,0,0,0,0,,0,0,0,19.0,4,0,6,,0,39 56:43.369,,2,75 11:25.410,0,0,0,0,67301,0,0,0,N,0,0,0,2,68K01,0,,1,1,,N,N,,0,,0,0,1,3,4,,1935.0,0,2,0,0,0,0,0,3,4,0,2,3,,N,,,,,,,,,,,
2010062056,1940.0,2,0,0,0,0,0,0,0,0,5,0,,67,4,2010,6,40.0489,-75.1417,1935.0,6,0,0,0,0,0,1,0,0,,0,0,0,19.0,3,1,0,,0,40 02:56.083,,0,75 08:30.148,4,0,0,0,67301,0,0,0,N,0,0,0,1,67301,1,,6,9,,N,N,,0,,0,0,0,0,0,,1930.0,1,2,0,0,1,0,0,3,4,0,2,7,,N,,,,,,,,,,,
2010062078,252.0,1,0,0,0,0,0,0,0,0,7,0,,67,5,2010,7,40.01,-75.0841,252.0,6,0,0,0,0,0,0,0,0,,0,0,0,2.0,3,1,0,,0,40 00:35.848,,0,75 05:02.598,8,0,0,0,67301,0,0,0,N,0,0,0,1,67301,0,,5,1,,N,N,,0,,0,0,0,0,0,,248.0,1,1,0,0,1,1,0,3,4,0,1,3,,N,,,,,,,,,,,
2010062083,2123.0,2,0,0,0,0,0,0,0,0,1,0,,67,5,2010,5,40.0575,-75.1493,2117.0,6,0,0,0,0,0,0,0,0,,0,0,0,19.0,3,1,1,,0,40 03:27.061,,0,75 08:57.497,8,0,0,0,67301,0,0,0,N,0,0,0,2,67301,0,,1,1,,N,N,,0,,0,0,0,3,2,,1948.0,1,2,0,0,0,1,0,3,4,0,2,3,,N,,,,,,,,,,,
2010047855,1501.0,2,0,0,0,0,0,0,0,0,1,0,,67,5,2010,3,39.9871,-75.2079,1455.0,6,0,0,0,0,0,0,0,0,,0,0,0,14.0,1,4,0,,0,39 59:17.245,,0,75 12:26.423,3,0,0,0,67301,0,0,0,N,0,0,0,5,68K01,3,,1,9,,N,N,,0,,1,0,0,0,0,,1451.0,4,2,0,0,0,0,0,3,4,0,2,7,,N,,,,,,,,,,,
2010050562,1804.0,1,0,0,0,0,0,0,0,0,1,0,,67,5,2010,6,39.9678,-75.1308,1743.0,6,0,0,0,0,0,0,0,0,,0,0,0,17.0,1,1,0,,0,39 58:04.940,,0,75 07:48.403,4,0,0,0,67301,0,0,0,N,0,0,0,3,68K01,1,,1,1,,N,N,,0,,0,0,1,0,0,,1723.0,1,2,0,0,0,0,0,3,4,0,2,3,,N,,,,,,,,,,,
2010057906,1148.0,1,0,0,0,0,0,0,0,0,8,0,,67,5,2010,3,39.9557,-75.2156,1144.0,6,0,0,0,0,0,1,0,0,,0,0,0,11.0,1,1,1,,0,39 57:20.650,,0,75 12:56.102,4,0,0,0,67301,1,0,0,N,1,0,0,2,67301,1,,1,9,,N,N,,0,,0,0,0,3,2,,1140.0,1,2,0,0,0,0,0,3,4,0,1,7,,N,,,,,,,,,,,
2010032613,9999.0,2,0,0,0,0,0,0,0,0,4,0,,67,2,2010,1,39.9795,-75.1642,9999.0,6,0,0,0,0,1,1,0,0,,0,0,0,99.0,8,1,1,,0,39 58:46.218,,0,75 09:51.248,8,0,0,0,67301,0,0,0,,0,0,0,3,67301,0,,1,1,,,,,0,,0,0,0,3,2,,9999.0,1,2,0,0,0,1,0,3,4,0,2,3,,N,,,,,,,,,,,
2010104969,1205.0,2,0,0,0,0,0,0,0,0,7,0,,67,9,2010,1,40.0164,-75.203,1205.0,6,0,0,0,0,0,1,0,0,1.0,0,0,0,12.0,1,1,0,,2,40 00:59.000,1.0,0,75 12:10.660,4,0,0,0,67301,0,0,0,N,0,0,0,2,67301,1,,4,9,,N,N,,0,,0,0,0,0,0,N,1205.0,1,2,0,0,0,0,0,3,4,0,2,7,,N,,,,,,,,,,,
2010099763,1435.0,1,0,0,0,0,0,1,0,0,4,1,,67,9,2010,6,40.0109,-75.1645,9999.0,6,0,0,0,0,0,0,0,0,,0,0,0,14.0,1,1,1,,0,40 00:39.388,,0,75 09:52.725,8,0,0,0,67301,0,0,0,,0,0,0,4,67301,0,,1,1,,,,,0,,0,0,0,0,0,,1430.0,1,2,0,0,0,1,0,3,4,0,2,3,,N,,,,,,,,,,,
2010099851,1545.0,1,0,0,0,0,0,0,0,0,8,0,,67,9,2010,3,39.9651,-75.1608,1515.0,6,0,0,0,0,0,0,0,0,,0,0,0,15.0,1,1,1,,0,39 57:54.315,,0,75 09:38.699,4,0,0,0,67301,1,0,0,N,1,0,0,2,67301,1,,1,1,,N,N,,0,,0,0,0,3,2,,1513.0,1,2,0,0,0,0,1,3,4,0,1,3,,N,,,,,,,,,,,
2010110730,1455.0,1,0,0,0,0,0,0,0,0,8,0,,67,10,2010,1,39.9627,-75.2203,1450.0,6,0,0,0,0,0,0,0,0,,0,0,0,14.0,1,1,0,,0,39 57:45.824,,0,75 13:13.000,8,0,0,0,67301,1,0,0,N,1,0,0,2,67301,0,,1,1,,N,N,,0,,0,0,0,0,0,,1445.0,1,2,0,0,0,1,0,3,4,0,1,3,,N,,,,,,,,,,,
2010102433,1205.0,2,0,0,0,0,0,0,0,0,4,0,,67,9,2010,4,40.0486,-75.1515,1201.0,6,0,0,0,0,0,0,0,0,,0,0,0,11.0,1,2,1,,0,40 02:54.952,,0,75 09:05.417,4,0,0,0,67301,0,0,0,N,0,0,0,2,67301,2,,1,1,,N,N,,0,,0,0,0,3,3,,1145.0,2,2,0,0,2,0,0,3,4,0,2,3,,N,,,,,,,,,,,
2010102491,1600.0,0,0,0,0,0,0,0,0,0,2,0,,67,9,2010,5,40.0433,-75.181,1552.0,6,0,0,0,0,0,1,0,0,,0,1,0,99.0,1,1,0,,0,40 02:36.052,,0,75 10:51.480,8,0,0,0,67301,0,0,0,N,0,0,0,3,67301,0,,1,1,,N,N,,0,,0,0,1,0,0,,9999.0,1,2,0,0,0,1,0,3,4,0,2,3,,N,,,,,,,,,,,
2010113318,155.0,6,0,0,0,0,0,0,0,0,2,0,,67,10,2010,5,40.0493,-75.1747,145.0,6,0,0,0,0,0,0,0,0,,0,0,0,23.0,3,1,0,,0,40 02:57.327,,0,75 10:28.879,4,0,0,0,67301,0,0,0,,0,0,0,1,67301,1,,1,1,,,,,0,,0,0,0,0,0,,2315.0,1,6,0,0,0,0,0,3,4,0,6,3,,N,,,,,,,,,,,
2010102536,1620.0,2,0,0,0,0,0,0,0,0,5,0,,67,9,2010,1,40.0224,-75.2186,1613.0,6,0,0,0,0,0,0,0,0,,0,0,0,16.0,1,0,0,,0,40 01:20.525,,0,75 13:06.787,0,0,0,0,67301,0,0,0,,0,0,0,1,67301,0,,6,1,,,,,0,,0,0,0,0,0,,1600.0,0,2,0,0,0,0,0,3,4,0,2,3,,N,,,,,,,,,,,
2010105041,2017.0,1,0,0,0,0,0,0,0,0,2,0,,67,9,2010,5,39.9199,-75.2228,9999.0,6,0,0,1,0,0,0,0,0,,0,0,0,18.0,3,1,10,,0,39 55:11.966,,0,75 13:22.049,8,0,0,1,67301,0,0,0,N,0,0,0,2,67301,0,,1,1,,,N,,0,,0,0,0,3,2,,1859.0,1,2,0,0,0,1,0,3,4,0,2,3,,N,,,,,,,,,,,
2010105051,845.0,0,0,0,0,0,0,0,0,0,6,0,,67,9,2010,6,39.9842,-75.1377,844.0,6,0,0,0,0,0,0,0,0,,0,0,0,8.0,1,1,0,,0,39 59:03.020,,0,75 08:15.570,4,0,0,0,67301,0,0,0,N,0,0,0,1,67301,1,,2,1,,N,N,,1,,0,0,1,0,0,,844.0,1,2,0,0,0,0,0,3,4,0,2,3,,N,,,,,,,,,,,
2010118401,9999.0,1,0,0,0,0,0,0,0,0,7,0,,67,11,2010,6,40.0045,-75.0935,9999.0,6,0,0,0,0,0,0,0,0,,0,0,0,99.0,1,1,2,,0,40 00:16.148,,0,75 05:36.678,3,0,0,0,67301,0,0,0,N,0,0,0,1,67301,0,,5,1,,N,N,,0,,1,0,0,0,0,,9999.0,1,1,0,0,0,0,0,3,4,0,1,3,,N,,,,,,,,,,,
2010089568,1901.0,2,0,0,0,0,0,0,0,0,4,0,,67,9,2010,1,39.9568,-75.1536,1853.0,6,0,0,0,0,0,0,0,0,1.0,0,0,0,18.0,1,2,7,,2,39 57:24.497,3.0,2,75 09:12.843,4,0,0,0,67301,0,0,0,N,0,0,0,4,68K01,2,,1,1,,N,N,,0,,0,0,1,0,0,N,1852.0,2,3,0,0,0,0,0,3,4,0,3,3,,N,,,,,,,,,,,
2010039229,110.0,2,0,0,0,0,0,0,0,0,6,0,,67,3,2010,3,40.0782,-75.1748,102.0,6,0,0,0,0,0,0,0,0,,0,0,0,0.0,3,2,0,,0,40 04:41.555,,0,75 10:29.144,4,0,0,0,67301,2,0,0,N,0,0,0,3,67301,2,,6,1,,N,N,,0,,0,0,0,0,0,,38.0,2,2,0,0,0,0,0,3,4,0,2,3,,N,,,,,,,,,,,
2010088668,650.0,1,0,0,0,0,0,0,0,0,1,0,,67,8,2010,2,40.0429,-75.0565,640.0,6,0,0,0,0,0,0,0,0,,0,0,0,6.0,1,1,2,,0,40 02:34.600,,0,75 03:23.294,4,0,0,1,67301,0,0,0,N,0,0,0,2,67301,1,,1,1,,N,N,,0,,0,0,0,3,3,,635.0,1,2,0,0,0,0,0,3,4,0,2,3,,N,,,,,,,,,,,
2010088679,852.0,1,0,0,0,0,0,0,0,0,1,0,,67,8,2010,6,39.9669,-75.1923,850.0,6,0,0,0,0,0,0,1,0,,0,0,0,8.0,1,1,0,,0,39 58:00.987,,0,75 11:32.168,8,0,0,0,67301,0,0,0,N,0,0,0,6,67301,0,,1,1,,N,N,,0,,0,0,1,3,1,,845.0,1,2,0,0,0,1,0,3,4,0,2,3,,N,,,,,,,,,,,
2010091252,902.0,1,0,0,0,0,0,0,0,0,7,0,,67,8,2010,3,40.0107,-75.1211,858.0,6,0,0,0,0,0,0,0,0,,0,0,0,8.0,1,1,0,,0,40 00:38.375,,0,75 07:15.785,8,0,0,0,67301,0,0,0,,0,0,0,1,67301,0,,4,1,,N,N,,0,,0,0,0,0,0,,855.0,1,1,0,0,1,1,0,3,4,0,1,3,,N,,,,,,,,,,,
2010088742,1525.0,2,0,0,0,0,0,0,0,0,4,0,,67,8,2010,1,40.1148,-75.0217,1519.0,6,0,0,0,0,0,0,1,0,,0,0,0,15.0,1,1,0,,0,40 06:53.347,,0,75 01:18.069,8,0,0,0,67301,0,0,0,,0,0,0,2,67301,0,,1,9,,,,,0,,0,0,0,0,0,,1515.0,1,2,0,0,0,1,0,3,4,0,2,7,,N,,,,,,,,,,,
2010088816,1620.0,2,0,0,0,0,0,0,0,0,1,0,,67,8,2010,7,39.9236,-75.1918,1612.0,6,0,0,0,0,0,0,0,0,,0,0,0,15.0,1,1,2,,0,39 55:24.790,,0,75 11:30.457,8,0,0,0,67301,0,0,0,N,0,0,0,2,67301,0,,1,1,,N,N,,0,,0,0,0,3,3,,1540.0,1,2,0,0,0,1,0,3,4,0,2,3,,N,,,,,,,,,,,
2010088833,1824.0,2,0,0,0,0,0,0,0,0,1,0,,67,8,2010,3,39.9709,-75.1392,1824.0,6,0,0,0,0,0,1,0,0,,0,0,0,18.0,1,1,1,,0,39 58:15.412,,0,75 08:21.253,4,0,0,0,67301,0,0,0,,0,0,0,1,67301,1,,1,1,,N,N,,0,,0,0,1,3,2,,1824.0,1,3,0,0,1,0,0,3,4,0,3,3,,N,,,,,,,,,,,
2010067468,2216.0,1,0,0,0,0,0,0,0,0,7,0,,67,7,2010,4,39.9412,-75.2107,2207.0,6,0,0,0,0,0,0,0,0,,0,0,0,21.0,3,0,0,,0,39 56:28.490,,0,75 12:38.564,0,0,0,0,67301,0,0,0,N,0,0,0,1,68K01,0,,2,1,,N,N,,0,,0,0,0,3,2,,2145.0,0,1,0,0,0,0,0,3,4,0,1,3,,N,,,,,,,,,,,
2010084265,1155.0,0,0,0,0,0,0,0,0,0,5,0,,67,7,2010,6,39.9472,-75.1463,1150.0,6,0,0,0,0,0,0,0,0,,0,0,0,11.0,1,0,0,,0,39 56:50.030,,0,75 08:46.740,0,0,0,0,67301,0,0,0,N,0,0,0,1,67301,0,,6,1,,N,N,,2,,0,0,0,0,0,,1148.0,0,2,0,0,0,0,0,3,4,0,2,3,,N,,,,,,,,,,,
2010052330,1248.0,1,0,0,0,0,0,0,0,0,8,0,,67,4,2010,2,39.9709,-75.2492,1244.0,6,0,0,0,0,0,0,0,1,,0,0,0,12.0,1,1,1,,0,39 58:15.114,,0,75 14:57.159,4,0,0,0,67301,1,0,0,,1,0,0,2,67301,1,,1,9,,,,,0,,0,0,0,3,2,,1229.0,1,2,0,0,0,0,0,3,4,0,1,7,,N,,,,,,,,,,,
2010052415,814.0,1,0,0,0,0,0,0,0,0,8,0,,67,4,2010,2,39.9245,-75.1697,811.0,6,0,0,0,0,0,0,0,0,,0,0,0,8.0,1,1,0,,0,39 55:28.247,,0,75 10:10.953,4,0,0,0,67301,1,0,0,N,1,0,0,2,67301,1,,1,9,,N,N,,0,,0,0,0,3,2,,806.0,1,2,0,0,0,0,0,3,4,0,1,7,,N,,,,,,,,,,,
2010052429,115.0,4,0,0,0,0,0,0,0,0,5,0,,67,5,2010,1,40.0228,-75.1342,110.0,6,0,0,1,0,0,0,0,0,1.0,0,0,0,1.0,6,0,0,,1,40 01:22.004,3.0,0,75 08:03.206,0,0,0,0,67301,0,0,0,N,0,0,0,3,67301,0,,1,1,,N,N,,0,,0,0,1,0,0,N,105.0,0,5,0,0,0,0,0,3,4,0,5,3,,N,,,,,,,,,,,
2010044569,2328.0,1,0,0,0,0,0,0,0,0,1,0,,67,4,2010,6,39.8978,-75.2113,2326.0,6,0,0,0,0,0,0,0,0,3.0,0,0,0,23.0,3,2,0,,2,39 53:52.264,3.0,0,75 12:40.858,4,0,0,0,67301,0,0,0,N,0,0,0,4,67301,2,,1,9,,N,N,,0,,0,0,0,0,0,N,2326.0,2,2,0,0,0,0,0,3,4,1,2,7,,N,,,,,,,,,,,
2010044570,2328.0,2,0,0,0,0,0,0,0,0,1,0,,67,4,2010,6,39.8978,-75.2113,2326.0,6,0,0,0,0,0,0,0,0,3.0,0,0,0,23.0,3,0,0,,2,39 53:52.299,3.0,3,75 12:40.780,0,0,0,0,67301,0,0,0,,0,0,0,3,67301,0,,1,9,,,,,0,,0,0,0,0,0,N,2326.0,0,2,0,0,0,0,0,3,4,0,2,7,,N,,,,,,,,,,,
2010044575,1645.0,1,0,0,0,0,0,0,0,0,4,0,,67,3,2010,4,39.9317,-75.1779,1629.0,6,0,0,0,0,1,0,0,0,,0,0,0,16.0,1,1,1,,0,39 55:54.181,,0,75 10:40.468,4,0,0,1,67301,0,0,0,,0,0,0,4,67301,1,,1,1,,,,,0,,0,0,0,3,3,,1628.0,1,2,0,0,0,0,0,3,4,0,2,3,,N,,,,,,,,,,,
2010084520,1832.0,1,0,0,0,0,0,0,0,0,4,0,,67,8,2010,3,39.8859,-75.2189,1829.0,6,0,0,0,0,0,0,0,0,,0,0,0,17.0,1,0,0,,0,39 53:09.074,,0,75 13:08.104,0,0,0,0,67301,0,0,0,N,0,0,0,5,68K01,0,,1,9,,N,N,,0,,0,0,0,0,0,,1753.0,0,2,0,0,0,0,0,3,4,1,2,7,,N,,,,,,,,,,,
2010084607,1520.0,0,0,0,1,0,0,0,0,0,1,1,,67,7,2010,6,39.9717,-75.2438,1513.0,6,0,0,0,0,0,0,0,0,,0,1,0,15.0,1,1,2,,0,39 58:18.193,,0,75 14:37.536,8,0,0,0,67301,1,0,0,N,0,0,0,2,67301,0,,1,1,,N,N,,0,,0,0,0,0,0,,1510.0,1,2,0,0,0,1,0,3,4,0,1,3,,N,,,,,,,,,,,
2010127890,506.0,1,0,0,0,0,0,0,0,0,7,0,,67,12,2010,1,39.9734,-75.1194,459.0,6,0,0,0,0,0,0,0,0,,0,0,0,4.0,3,1,0,,0,39 58:19.483,,2,75 07:20.074,3,0,0,0,67301,0,0,0,N,0,0,0,1,68K01,0,,7,1,,N,N,,0,,1,0,0,0,0,,456.0,1,1,0,0,0,0,0,3,4,0,1,3,,N,,,,,,,,,,,
2010058842,1245.0,2,0,0,0,0,0,0,0,0,4,0,,67,5,2010,1,40.078,-75.0237,1240.0,6,0,0,0,0,0,1,0,0,,0,0,0,12.0,1,2,2,,0,40 04:40.775,,0,75 01:25.271,4,0,0,0,67301,0,0,0,N,0,0,0,3,67301,2,,1,1,,N,N,,0,,0,0,0,3,2,,1235.0,2,2,0,0,0,0,0,3,4,0,2,3,,N,,,,,,,,,,,
2010058905,955.0,1,0,0,0,0,0,0,0,0,8,0,,67,5,2010,5,39.9479,-75.1624,951.0,6,0,0,0,0,0,0,0,0,1.0,0,0,0,9.0,1,1,1,,1,39 56:52.576,1.0,0,75 09:44.521,4,0,0,0,67301,1,0,0,,1,0,0,3,67301,1,,1,1,,,,,0,,0,0,0,3,2,N,949.0,1,2,0,0,0,0,0,3,4,0,1,3,,N,,,,,,,,,,,
2010075884,1430.0,0,0,0,0,0,0,0,0,0,8,0,,67,7,2010,5,39.9952,-75.1641,1420.0,6,0,0,0,0,0,0,0,0,,0,0,0,14.0,1,1,1,,0,39 59:42.591,,0,75 09:50.608,3,0,0,1,67301,1,0,0,N,1,0,0,2,37301,0,,1,1,,N,N,,0,,1,0,0,3,2,,1400.0,1,2,0,0,0,0,0,3,4,0,1,3,,N,,,,,,,,,,,
2010030187,1015.0,1,0,0,0,0,0,0,0,0,7,0,,67,3,2010,3,40.0033,-75.0774,1011.0,6,0,0,0,0,0,0,0,0,,0,0,0,10.0,1,0,0,,0,40 00:12.182,,0,75 04:38.284,0,0,0,0,67301,0,0,0,Y,0,0,0,1,68K01,0,,4,1,,N,N,,0,,0,0,0,0,0,,1009.0,0,1,0,0,0,0,0,3,4,0,1,3,,N,,,,,,,,,,,
2010032745,808.0,0,0,0,0,0,0,0,0,0,8,0,,67,3,2010,7,39.9788,-75.1165,807.0,6,0,0,0,0,0,0,0,0,,0,0,0,8.0,1,1,0,,0,39 58:43.809,,0,75 06:59.511,4,0,0,0,67301,1,0,0,N,1,0,0,2,67301,1,,1,1,,N,N,,1,,0,0,0,0,0,,805.0,1,2,0,0,0,0,1,3,4,0,1,3,,N,,,,,,,,,,,
2010104958,1320.0,2,0,0,0,0,0,0,0,0,4,0,,67,9,2010,4,40.1328,-75.011,1314.0,6,0,0,0,0,0,1,1,0,,0,0,0,13.0,1,1,0,,0,40 07:57.977,,7,75 00:39.807,4,0,0,0,67301,0,0,0,,0,0,0,2,67301,1,,1,1,,,,,0,,0,0,0,0,0,,1310.0,1,2,0,0,0,0,1,3,4,0,2,3,,N,,,,,,,,,,,
2010099828,855.0,0,0,0,0,0,0,0,0,0,8,0,,67,9,2010,3,39.9204,-75.1486,848.0,6,0,0,0,0,1,0,0,0,,0,0,0,8.0,1,1,1,,0,39 55:13.551,,0,75 08:55.075,4,0,0,0,67301,1,0,0,N,1,0,0,3,67301,1,,1,1,,N,N,,1,,0,0,0,3,3,,844.0,1,2,0,0,0,0,0,3,4,0,1,3,,N,,,,,,,,,,,
2010099852,2226.0,1,0,0,0,0,0,0,0,0,8,0,,67,8,2010,7,40.0029,-75.1629,2222.0,6,0,0,0,0,0,0,0,0,3.0,0,0,0,22.0,3,1,0,,2,40 00:10.386,6.0,0,75 09:46.452,8,0,0,0,67301,1,0,0,,1,0,0,2,67301,0,,1,1,,N,,,0,,0,0,0,0,0,Y,2220.0,1,2,0,0,1,1,0,3,4,0,1,3,,N,,,,,,,,,,,
2010118099,820.0,2,0,0,0,0,0,0,0,0,1,0,,67,10,2010,4,40.0321,-75.1461,730.0,6,0,0,0,0,0,0,0,0,,0,0,0,7.0,1,0,1,,0,40 01:55.630,,0,75 08:46.102,0,0,0,0,67301,0,0,0,N,0,0,0,2,67301,0,,1,9,,N,N,,0,,0,0,0,9,2,,754.0,0,2,0,0,0,0,0,3,4,0,2,7,,N,,,,,,,,,,,