CRN,ARRIVAL_TM,AUTOMOBILE_COUNT,BELTED_DEATH_COUNT,BELTED_SUSP_SERIOUS_INJ_COUNT,BICYCLE_COUNT,BICYCLE_DEATH_COUNT,BICYCLE_SUSP_SERIOUS_INJ_COUNT,BUS_COUNT,CHLDPAS_DEATH_COUNT,CHLDPAS_SUSP_SERIOUS_INJ_COUNT,COLLISION_TYPE,COMM_VEH_COUNT,CONS_ZONE_SPD_LIM,COUNTY,CRASH_MONTH,CRASH_YEAR,DAY_OF_WEEK,DEC_LAT,DEC_LONG,DISPATCH_TM,DISTRICT,DRIVER_COUNT_16YR,DRIVER_COUNT_17YR,DRIVER_COUNT_18YR,DRIVER_COUNT_19YR,DRIVER_COUNT_20YR,DRIVER_COUNT_50_64YR,DRIVER_COUNT_65_74YR,DRIVER_COUNT_75PLUS,EST_HRS_CLOSED,FATAL_COUNT,HEAVY_TRUCK_COUNT,HORSE_BUGGY_COUNT,HOUR_OF_DAY,ILLUMINATION,INJURY_COUNT,INTERSECT_TYPE,INTERSECTION_RELATED,LANE_CLOSED,LATITUDE,LN_CLOSE_DIR,LOCATION_TYPE,LONGITUDE,MAX_SEVERITY_LEVEL,MCYCLE_DEATH_COUNT,MCYCLE_SUSP_SERIOUS_INJ_COUNT,MOTORCYCLE_COUNT,MUNICIPALITY,NONMOTR_COUNT,NONMOTR_DEATH_COUNT,NONMOTR_SUSP_SERIOUS_INJ_COUNT,NTFY_HIWY_MAINT,PED_COUNT,PED_DEATH_COUNT,PED_SUSP_SERIOUS_INJ_COUNT,PERSON_COUNT,POLICE_AGCY,POSSIBLE_INJ_COUNT,RDWY_SURF_TYPE_CD,RELATION_TO_ROAD,ROAD_CONDITION,ROADWAY_CLEARED,SCH_BUS_IND,SCH_ZONE_IND,SECONDARY_CRASH,SMALL_TRUCK_COUNT,SPEC_JURIS_CD,SUSP_MINOR_INJ_COUNT,SUSP_SERIOUS_INJ_COUNT,SUV_COUNT,TCD_FUNC_CD,TCD_TYPE,TFC_DETOUR_IND,TIME_OF_DAY,TOT_INJ_COUNT,TOTAL_UNITS,UNB_DEATH_COUNT,UNB_SUSP_SERIOUS_INJ_COUNT,UNBELTED_OCC_COUNT,UNK_INJ_DEG_COUNT,UNK_INJ_PER_COUNT,URBAN_AREA,URBAN_RURAL,VAN_COUNT,VEHICLE_COUNT,WEATHER1,WEATHER2,WORK_ZONE_IND,WORK_ZONE_LOC,WORK_ZONE_TYPE,WORKERS_PRES,WZ_CLOSE_DETOUR,WZ_FLAGGER,WZ_LAW_OFFCR_IND,WZ_LN_CLOSURE,WZ_MOVING,WZ_OTHER,WZ_SHLDER_MDN,WZ_WORKERS_INJ_KILLED
2010118114,1130.0,1,0,0,0,0,0,0,0,0,4,0,,67,10,2010,7,39.8993,-75.1748,1107.0,6,0,0,0,0,0,0,0,0,2.0,0,0,0,10.0,1,1,2,,2,39 53:57.390,4.0,0,75 10:29.307,4,0,0,0,67301,0,0,0,N,0,0,0,2,67301,1,,1,1,,N,N,,0,,0,0,0,3,2,Y,1055.0,1,2,0,0,0,0,0,3,4,0,2,3,,N,,,,,,,,,,,
2010102420,713.0,0,0,0,0,0,0,0,0,0,8,0,,67,3,2010,6,40.1002,-75.0217,710.0,6,0,0,0,0,0,0,0,0,,0,0,0,6.0,5,1,1,,0,40 06:00.676,,0,75 01:18.249,4,0,0,0,67301,1,0,0,N,1,0,0,2,67301,1,,1,9,,N,Y,,0,,0,0,0,3,2,,659.0,1,2,0,0,0,0,0,3,4,0,1,7,,N,,,,,,,,,,,
2010102511,2140.0,2,0,0,0,0,0,0,0,0,4,0,,67,9,2010,4,40.0407,-75.1056,2131.0,6,0,0,0,0,0,0,0,0,,0,0,0,21.0,3,1,2,,0,40 02:26.437,,0,75 06:20.235,4,0,0,0,67301,0,0,0,N,0,0,0,2,67301,1,,1,9,,N,N,,0,,0,0,0,3,3,,2110.0,1,2,0,0,0,0,0,3,4,0,2,7,,N,,,,,,,,,,,
2010102541,1055.0,0,0,0,0,0,0,0,0,0,8,0,,67,9,2010,3,40.0012,-75.0972,1055.0,6,0,0,0,0,0,0,1,0,,0,0,0,16.0,1,1,2,,0,40 00:04.157,,0,75 05:49.913,8,0,0,0,67301,1,0,0,,1,0,0,2,67301,0,,1,1,,N,,,0,,0,0,1,3,3,,1620.0,1,2,0,0,0,1,0,3,4,0,1,3,,N,,,,,,,,,,,
2010123479,1856.0,3,0,0,0,0,0,0,0,0,1,0,,67,11,2010,1,39.8992,-75.1765,1856.0,6,0,0,0,0,0,0,0,0,1.0,0,0,0,18.0,3,1,0,,2,39 53:56.976,1.0,0,75 09:59.430,4,0,0,0,67301,0,0,0,N,0,0,0,4,68K01,1,,1,1,,N,N,,0,,0,0,0,0,0,N,1856.0,1,4,0,0,0,0,0,3,4,1,4,3,,N,,,,,,,,,,,
2010105048,1214.0,1,0,0,0,0,0,0,0,0,8,0,,67,9,2010,7,39.9704,-75.1474,1210.0,6,0,0,0,0,0,0,0,0,,0,0,0,12.0,1,1,1,,0,39 58:13.726,,0,75 08:50.401,4,0,0,0,67301,1,0,0,N,1,0,0,2,67301,1,,1,1,,N,N,,0,,0,0,0,0,0,,1208.0,1,2,0,0,0,0,1,3,4,0,1,3,,N,,,,,,,,,,,
2010105057,1815.0,2,0,0,0,0,0,0,0,0,4,0,,67,9,2010,7,40.0579,-75.0424,1806.0,6,0,0,1,0,0,0,0,0,,0,0,0,18.0,1,0,0,,0,40 03:28.790,,0,75 02:33.827,0,0,0,0,67301,0,0,0,N,0,0,0,5,67301,0,,1,1,,N,N,,0,,0,0,0,0,0,,1800.0,0,2,0,0,0,0,0,3,4,0,2,3,,N,,,,,,,,,,,
2010105088,2347.0,2,0,0,0,0,0,0,0,0,6,0,,67,9,2010,5,39.9367,-75.1669,2330.0,6,0,0,0,0,0,1,0,0,,0,0,0,23.0,3,1,1,,0,39 56:12.075,,0,75 10:01.033,3,0,0,0,67301,0,0,0,,0,0,0,5,67301,0,,1,9,,,,,0,,1,0,0,3,2,,2330.0,1,2,0,0,0,0,0,3,4,0,2,7,,N,,,,,,,,,,,
2010102638,1112.0,0,0,0,0,0,0,0,0,0,8,0,,67,7,2010,4,39.9626,-75.1622,1100.0,6,0,0,0,0,0,0,0,0,,0,0,0,11.0,1,1,0,,0,39 57:45.325,,0,75 09:43.765,2,0,0,0,67301,1,0,1,N,1,0,1,3,67301,0,,6,1,,N,N,,1,,0,1,0,0,0,,1105.0,1,2,0,0,0,0,0,3,4,0,1,3,,N,,,,,,,,,,,
2010036541,1905.0,1,0,0,0,0,0,0,0,0,7,0,,67,3,2010,2,39.9803,-75.2056,1901.0,6,0,0,0,0,0,0,0,0,,0,0,0,18.0,4,2,0,,0,39 58:51.865,,0,75 12:24.003,4,0,0,0,67301,0,0,0,N,0,0,0,2,68K01,2,,4,9,,N,N,,0,,0,0,0,0,0,,1858.0,2,1,0,0,0,0,0,3,4,0,1,98,,N,,,,,,,,,,,
2010078314,2320.0,5,0,0,0,0,0,0,0,0,5,0,,67,7,2010,3,39.9247,-75.2268,2317.0,6,0,0,0,0,0,0,0,0,,0,0,0,23.0,3,0,0,,0,39 55:28.952,,0,75 13:36.330,0,0,0,0,67301,0,0,0,N,0,0,0,1,67301,0,,6,1,,N,N,,0,,0,0,1,0,0,,2311.0,0,6,0,0,0,0,0,3,4,0,6,3,,N,,,,,,,,,,,
2010088671,1034.0,1,0,0,0,0,0,0,0,0,8,0,,67,8,2010,2,39.9719,-75.2166,1025.0,6,0,0,0,0,0,0,0,0,,0,0,0,9.0,1,1,0,,0,39 58:18.855,,7,75 12:59.656,4,0,0,0,67301,1,0,0,N,1,0,0,2,67301,1,,1,1,,N,N,,0,,0,0,0,0,0,,950.0,1,2,0,0,0,0,0,3,4,0,1,3,,N,,,,,,,,,,,
2010088687,9999.0,2,0,0,0,0,0,0,0,0,1,0,,67,8,2010,7,39.9833,-75.176,9999.0,6,0,0,0,0,0,0,0,0,,0,0,0,12.0,1,2,0,,0,39 58:59.710,,0,75 10:33.768,4,0,0,0,67301,0,0,0,,0,0,0,3,67301,1,,1,1,,,,,0,,0,0,0,0,0,,1245.0,2,2,0,0,0,1,1,3,4,0,2,3,,N,,,,,,,,,,,
2010088720,1610.0,1,0,0,0,0,0,0,0,0,4,0,,67,8,2010,6,39.9856,-75.1629,1607.0,6,0,0,0,0,0,0,0,0,,0,0,0,16.0,1,1,1,,0,39 59:08.005,,0,75 09:46.580,8,0,0,0,67301,0,0,0,N,0,0,0,2,67301,0,,3,1,,N,N,,0,,0,0,0,3,2,,1600.0,1,2,0,0,0,1,0,3,4,1,2,3,,N,,,,,,,,,,,
2010088771,948.0,2,0,0,0,0,0,0,0,0,1,0,,67,8,2010,2,40.027,-75.0755,943.0,6,0,0,0,0,0,1,0,0,1.0,0,0,0,9.0,1,1,1,,1,40 01:37.269,1.0,0,75 04:31.638,4,0,0,0,67301,0,0,0,N,0,0,0,3,67301,1,,1,1,,N,N,,0,,0,0,0,9,2,N,922.0,1,2,0,0,0,0,0,3,4,0,2,3,,N,,,,,,,,,,,
2010088481,1636.0,0,0,0,0,0,0,0,0,0,1,0,,67,9,2010,3,39.9402,-75.1957,1636.0,6,0,0,0,0,0,0,0,0,1.0,0,0,0,16.0,1,1,0,,1,39 56:31.920,4.0,0,75 11:37.612,8,0,0,0,67301,0,0,0,N,0,0,0,3,68K01,0,,1,1,,N,N,,0,,0,0,3,0,0,Y,1635.0,1,3,0,0,0,1,1,3,4,0,3,3,,N,,,,,,,,,,,
2010088869,850.0,2,0,0,0,0,0,0,0,0,4,0,,67,7,2010,6,39.9075,-75.19,843.0,6,0,0,0,0,0,1,0,0,,0,0,0,8.0,1,0,3,,0,39 54:27.172,,0,75 11:24.082,0,0,0,0,67301,0,0,0,N,0,0,0,2,67301,0,,1,1,,N,N,,0,,0,0,0,3,2,,840.0,0,2,0,0,0,0,0,3,4,0,2,3,,N,,,,,,,,,,,
2010102967,1720.0,1,0,0,0,0,0,0,0,0,1,0,,67,9,2010,3,40.0959,-75.0251,1714.0,6,0,0,0,0,0,2,0,0,,0,0,0,17.0,1,1,0,,0,40 05:45.304,,0,75 01:30.399,4,0,0,0,67301,0,0,0,N,0,0,0,2,67301,1,,1,1,,N,N,,0,,0,0,1,0,0,,1710.0,1,2,0,0,0,0,0,3,4,0,2,3,,N,,,,,,,,,,,
2010125103,1650.0,2,0,0,0,0,0,0,0,0,4,0,,67,11,2010,3,39.9774,-75.2271,1645.0,6,0,0,0,0,0,0,0,0,1.0,0,0,0,16.0,3,1,5,,1,39 58:38.507,4.0,0,75 13:37.478,8,0,0,0,67301,0,0,0,N,0,0,0,3,67301,0,,1,1,,N,N,,0,,0,0,0,3,2,N,1645.0,1,2,0,0,0,1,1,3,4,0,2,3,,N,,,,,,,,,,,
2010100354,1711.0,1,0,0,0,0,0,0,0,0,7,0,,67,10,2010,1,39.9005,-75.1558,1709.0,6,0,0,0,0,0,0,0,0,1.0,0,0,0,17.0,1,2,0,,2,39 54:07.377,1.0,0,75 09:04.772,8,0,0,0,67301,0,0,0,N,0,0,0,2,68K01,0,,2,1,,N,N,,0,,0,0,0,0,0,N,1709.0,2,1,0,0,1,2,0,3,4,0,1,3,,N,,,,,,,,,,,
2010117908,857.0,1,0,0,0,0,0,0,0,0,4,0,,67,10,2010,7,40.0105,-75.1608,845.0,6,0,0,0,0,0,0,0,0,,0,0,0,8.0,1,1,1,,0,40 00:37.732,,0,75 09:38.718,3,0,0,0,67301,0,0,0,,0,0,0,2,67301,0,,1,1,,,,,0,,1,0,0,3,3,,800.0,1,2,0,0,0,0,0,3,4,1,2,3,,N,,,,,,,,,,,
2010012402,1000.0,0,0,0,0,0,0,0,0,0,9,0,,67,1,2010,5,40.0256,-75.1501,956.0,6,0,0,0,0,0,0,0,0,,0,0,0,8.0,3,1,0,,0,40 01:32.268,,99,75 09:00.460,4,0,0,0,67301,0,0,0,,0,0,0,2,67301,1,,6,1,,N,N,,0,,0,0,2,0,0,,810.0,1,3,0,0,0,0,0,3,4,1,3,3,,N,,,,,,,,,,,
2010042419,940.0,1,0,0,0,0,0,0,0,0,5,1,,67,5,2010,3,40.1196,-74.9801,932.0,6,0,0,0,0,0,0,0,1,3.0,0,1,0,9.0,1,0,0,,1,40 07:10.777,1.0,0,74 58:48.220,0,0,0,0,67301,0,0,0,N,0,0,0,2,67301,0,,1,1,,N,N,,0,,0,0,0,0,0,N,930.0,0,2,0,0,0,0,0,3,4,0,2,3,,N,,,,,,,,,,,
2010050820,1022.0,1,0,0,0,0,0,0,1,0,0,0,,67,4,2010,6,39.9645,-75.2045,1021.0,6,0,0,0,0,0,0,0,0,3.0,1,0,0,10.0,1,0,2,,2,39 57:52.259,6.0,0,75 12:16.304,1,0,0,0,67301,0,0,0,N,0,0,0,6,67301,0,2.0,1,1,,N,N,,0,0.0,0,0,0,3,3,Y,1020.0,0,1,0,0,2,0,0,3,4,0,1,3,,N,,,,,,,,,,,
2010053398,836.0,1,0,0,0,0,0,0,0,0,0,0,,67,6,2010,3,39.9968,-75.1967,829.0,6,0,0,0,0,0,0,0,0,1.0,0,0,0,8.0,1,0,0,,2,39 59:51.388,3.0,0,75 11:46.488,0,0,0,0,67301,0,0,0,N,0,0,0,1,68K01,0,,1,1,,N,N,,0,,0,0,0,0,0,N,827.0,0,1,0,0,0,0,0,3,4,0,1,3,,N,,,,,,,,,,,
2010075062,25.0,1,0,0,0,0,0,0,0,0,4,0,,67,7,2010,1,39.9702,-75.1451,15.0,6,0,0,0,0,1,0,0,0,2.0,0,0,0,99.0,3,1,1,,2,39 58:12.550,1.0,0,75 08:42.062,4,0,0,0,67301,0,0,0,N,0,0,0,3,67301,1,,1,1,,N,N,,0,,0,0,0,3,2,Y,9999.0,1,2,0,0,0,0,2,3,4,1,2,3,,N,,,,,,,,,,,
2010074840,100.0,0,0,0,1,0,1,0,0,0,4,0,,67,6,2010,6,40.0038,-75.1427,54.0,6,0,0,0,0,0,0,0,0,,0,0,0,18.0,4,1,2,,0,40 00:13.770,,0,75 08:33.723,2,0,0,0,67301,1,0,1,N,0,0,0,2,67301,0,,9,1,,N,N,,0,,0,1,0,3,3,,1830.0,1,2,0,0,0,0,0,3,4,1,1,3,,N,,,,,,,,,,,
2010045077,935.0,1,0,0,0,0,0,0,0,0,8,0,,67,4,2010,6,40.0429,-75.1272,930.0,6,0,0,0,0,0,0,0,0,,0,0,0,9.0,1,1,1,,0,40 02:34.260,,0,75 07:37.880,4,0,0,0,67301,1,0,0,N,1,0,0,2,67301,1,,1,1,,N,N,,0,,0,0,0,3,3,,930.0,1,2,0,0,0,0,0,3,4,0,1,3,,N,,,,,,,,,,,
2010069896,1925.0,2,0,0,0,0,0,0,0,0,1,0,,67,6,2010,1,39.9558,-75.1392,1922.0,6,0,0,0,0,0,0,0,0,,0,0,0,19.0,1,0,0,,0,39 57:20.808,,7,75 08:21.193,0,0,0,0,67301,0,0,0,,0,0,0,2,67301,0,,1,1,,,,,0,,0,0,0,3,2,,1922.0,0,2,0,0,0,0,0,3,4,0,2,3,,N,,,,,,,,,,,
2010083951,131.0,0,0,0,0,0,0,0,0,0,7,0,,67,7,2010,7,39.9768,-75.1963,127.0,6,0,0,0,0,0,0,0,0,,1,0,0,1.0,3,0,0,,0,39 58:36.620,,0,75 11:46.660,1,1,0,1,67301,0,0,0,,0,0,0,1,67301,0,2.0,2,1,,,,,0,0.0,0,0,0,0,0,,115.0,0,1,0,0,0,0,0,3,4,0,1,3,,N,,,,,,,,,,,
2010059622,1652.0,2,0,0,0,0,0,0,0,0,1,0,,67,5,2010,4,39.964,-75.1745,1650.0,6,0,0,0,0,0,0,0,0,1.0,0,0,0,16.0,1,0,2,,1,39 57:50.864,3.0,0,75 10:28.175,0,0,0,0,67301,0,0,0,N,0,0,0,2,67301,0,,1,1,,N,N,,0,,0,0,0,3,2,Y,1650.0,0,2,0,0,1,0,0,3,4,0,2,3,,N,,,,,,,,,,,
2010059624,2136.0,1,0,0,1,0,0,0,0,0,4,0,,67,5,2010,4,39.9511,-75.1785,2134.0,6,0,0,0,0,0,0,0,1,,0,0,0,21.0,3,1,1,,0,39 57:03.998,,0,75 10:42.378,4,0,0,0,67301,1,0,0,N,0,0,0,2,67301,1,,1,1,,N,N,,0,,0,0,0,3,2,,2133.0,1,2,0,0,0,0,0,3,4,0,1,3,,N,,,,,,,,,,,
2010044466,409.0,1,0,0,0,0,0,0,0,0,8,0,,67,3,2010,1,39.9721,-75.226,408.0,6,0,0,0,0,0,0,0,0,,0,0,0,3.0,3,1,0,,0,39 58:19.570,,0,75 13:33.458,3,0,0,0,67301,1,0,0,N,1,0,0,2,67301,0,,1,1,,N,N,,0,,1,0,0,0,0,,358.0,1,2,0,0,0,0,1,3,4,0,1,3,,N,,,,,,,,,,,
2010044485,1130.0,2,0,0,0,0,0,0,0,0,6,0,,67,4,2010,5,40.0182,-75.1698,1125.0,6,0,0,0,0,1,1,0,0,,0,0,0,11.0,1,1,0,,0,40 01:05.618,,0,75 10:11.351,8,0,0,0,67301,0,0,0,N,0,0,0,2,67301,0,,1,1,,N,N,,0,,0,0,0,0,0,,1120.0,1,2,0,0,0,1,0,3,4,0,2,3,,N,,,,,,,,,,,
2010084229,2121.0,1,0,0,0,0,0,0,0,0,4,0,,67,7,2010,4,39.9223,-75.1871,2120.0,6,0,0,0,0,0,0,0,0,1.0,0,0,0,21.0,3,0,1,,1,39 55:20.291,4.0,0,75 11:12.722,0,0,0,0,67301,0,0,0,,0,0,0,2,67301,0,,1,1,,,,,0,,0,0,1,3,2,N,2115.0,0,2,0,0,0,0,0,3,4,0,2,3,,N,,,,,,,,,,,
2010084235,650.0,2,0,0,0,0,0,0,0,0,1,0,,67,7,2010,1,40.0275,-75.1103,622.0,6,0,0,0,0,0,0,0,0,1.0,0,0,0,6.0,1,1,0,,1,40 01:39.071,1.0,0,75 06:36.663,4,0,0,0,67301,0,0,0,N,0,0,0,4,67301,1,,1,1,,N,N,,0,,0,0,1,3,2,N,622.0,1,3,0,0,0,0,0,3,4,0,3,3,,N,,,,,,,,,,,
2010052282,9999.0,2,0,0,0,0,0,0,0,0,4,0,,67,5,2010,7,40.0108,-75.139,9999.0,6,0,0,0,0,0,0,0,0,,0,0,0,99.0,3,1,1,,0,40 00:38.916,,0,75 08:20.371,4,0,0,0,67301,0,0,0,N,0,0,0,2,67301,1,,1,1,,N,N,,0,,0,0,1,3,3,,9999.0,1,3,0,0,0,0,1,3,4,0,3,3,,N,,,,,,,,,,,
2010052338,3.0,3,0,0,0,0,0,0,0,0,5,0,,67,5,2010,7,40.0025,-75.1544,1.0,6,0,0,0,0,0,0,0,0,,0,0,0,0.0,3,0,0,,0,40 00:08.877,,99,75 09:15.944,0,0,0,0,67301,0,0,0,,0,0,0,1,67301,0,,1,1,,N,N,,1,,0,0,0,0,0,,0.0,0,4,0,0,0,0,0,3,4,0,4,3,,N,,,,,,,,,,,
2010052395,1635.0,0,0,0,0,0,0,0,0,0,4,0,,67,5,2010,1,39.9939,-75.0802,1630.0,6,0,0,0,0,0,0,0,0,,0,0,0,15.0,1,1,2,,0,39 59:43.909,,0,75 04:37.056,4,0,0,1,67301,0,0,0,,0,0,0,2,67301,1,,1,1,,,,,0,,0,0,1,0,0,,1522.0,1,2,0,0,0,0,0,3,4,0,2,3,,N,,,,,,,,,,,
2010052430,2025.0,0,0,0,0,0,0,0,0,0,8,0,,67,4,2010,2,39.9827,-75.1753,2017.0,6,0,0,0,0,0,0,0,0,,0,0,0,18.0,4,1,1,,0,39 58:57.630,,0,75 10:30.952,8,0,0,0,67301,1,0,0,,1,0,0,2,67301,0,,1,9,,,,,1,,0,0,0,3,2,,1845.0,1,2,0,0,0,1,0,3,4,0,1,7,,N,,,,,,,,,,,
2010044645,1234.0,1,0,0,1,0,1,0,0,0,4,0,,67,4,2010,4,39.9806,-75.1608,1234.0,6,0,0,0,0,0,0,0,0,,0,0,0,12.0,1,1,1,,0,39 58:50.286,,0,75 09:38.890,2,0,0,0,67301,1,0,1,,0,0,0,4,67301,0,,1,1,,,,,0,,0,1,0,3,2,,1234.0,1,2,0,0,0,0,0,3,4,0,1,3,,N,,,,,,,,,,,
2010081643,1640.0,1,0,0,0,0,0,0,0,0,8,0,,67,7,2010,4,39.9408,-75.1661,1630.0,6,0,0,0,0,0,1,0,0,,0,0,0,15.0,1,1,0,,0,39 56:26.732,,0,75 09:57.860,8,0,0,0,67301,1,0,0,,1,0,0,2,67301,0,,1,1,,,,,0,,0,0,0,0,0,,1540.0,1,2,0,0,0,1,0,3,4,0,1,3,,N,,,,,,,,,,,
2010081672,2048.0,1,0,0,0,0,0,0,0,0,4,0,,67,7,2010,2,39.9352,-75.2264,2047.0,6,0,1,0,0,0,0,0,0,,0,0,0,17.0,1,1,1,,0,39 56:06.859,,0,75 13:35.141,4,0,0,0,67301,0,0,0,N,0,0,0,2,67301,1,,1,1,,N,N,,0,,0,0,0,3,3,,1700.0,1,2,0,0,0,0,0,3,4,1,2,3,,N,,,,,,,,,,,
2010044712,1223.0,3,0,0,0,0,0,0,0,0,5,0,,67,4,2010,7,40.0225,-75.1369,1217.0,6,0,0,0,0,0,1,0,1,2.0,0,0,0,12.0,1,1,0,,1,40 01:21.390,1.0,6,75 08:11.633,8,0,0,0,67301,0,0,0,N,0,0,0,3,67301,0,,1,1,,N,N,,0,,0,0,0,3,2,N,1215.0,1,3,0,0,0,1,0,3,4,0,3,3,,N,,,,,,,,,,,
2010062085,1020.0,1,0,0,0,0,0,0,0,0,1,0,,67,5,2010,4,40.0576,-75.1506,1015.0,6,0,0,0,0,0,0,0,0,,0,0,0,9.0,1,1,1,,0,40 03:27.270,,0,75 09:02.091,4,0,0,0,67301,0,0,0,N,0,0,0,2,67301,1,,1,1,,N,N,,0,,0,0,1,3,3,,950.0,1,2,0,0,0,0,0,3,4,0,2,3,,N,,,,,,,,,,,
2010044740,1519.0,2,0,0,0,0,0,0,0,0,4,0,,67,3,2010,4,39.9571,-75.1772,1515.0,6,0,0,0,0,0,0,0,1,,0,0,0,15.0,1,0,1,,0,39 57:25.542,,0,75 10:37.743,9,0,0,0,67301,0,0,0,N,0,0,0,2,67301,0,,1,9,,N,N,,0,,0,0,0,3,3,,1511.0,0,2,0,0,0,0,1,3,4,0,2,3,,N,,,,,,,,,,,
2010082550,1709.0,1,0,0,0,0,0,0,0,0,7,0,,67,8,2010,7,39.8985,-75.1821,1701.0,6,0,0,0,0,0,0,0,0,,0,0,0,16.0,1,1,0,,0,39 53:56.559,,0,75 10:43.231,4,0,0,0,67301,0,0,0,N,0,0,0,3,68K01,1,,2,1,,N,N,,0,,0,0,0,0,0,,1659.0,1,1,0,0,1,0,0,3,4,0,1,3,,N,,,,,,,,,,,
2010084576,1910.0,2,0,0,0,0,0,0,0,0,1,0,,67,8,2010,2,40.0316,-75.0633,1845.0,6,0,0,0,0,0,1,0,0,,0,0,0,18.0,1,1,1,,0,40 01:53.383,,0,75 03:47.425,8,0,0,0,67301,0,0,0,,0,0,0,3,67301,0,,1,1,,N,N,,0,,0,0,0,3,2,,1845.0,1,2,0,0,0,1,0,3,4,0,2,3,,N,,,,,,,,,,,
2010128580,725.0,0,0,0,0,0,0,0,0,0,8,1,,67,10,2010,3,39.9187,-75.2197,720.0,6,0,0,0,0,0,0,0,0,,0,1,0,6.0,2,1,0,,0,39 55:07.157,,7,75 13:11.091,4,0,0,0,67301,1,0,0,N,1,0,0,2,67301,1,,1,9,,N,N,,0,,0,0,0,0,0,,647.0,1,2,0,0,0,0,0,3,4,0,1,7,,N,,,,,,,,,,,
2010127193,2138.0,1,0,0,0,0,0,0,0,0,7,0,,67,12,2010,1,39.9815,-75.2069,2135.0,6,0,0,0,0,0,0,0,0,1.0,0,0,0,21.0,3,1,0,,1,39 58:57.116,4.0,0,75 12:27.803,4,0,0,0,67301,0,0,0,Y,0,0,0,1,68K01,1,,4,9,,N,N,,0,,0,0,0,0,0,N,2133.0,1,1,0,0,1,0,0,3,4,0,1,3,,N,,,,,,,,,,,
2010048872,9999.0,0,0,0,0,0,0,0,0,0,4,0,,67,4,2010,4,39.9751,-75.188,1622.0,6,0,0,0,1,0,0,0,0,,0,0,0,14.0,1,2,1,,0,39 58:30.510,,0,75 11:16.819,8,0,0,0,67301,0,0,0,N,0,0,0,5,67301,0,,1,1,,N,N,,0,,0,0,1,3,2,,1440.0,2,2,0,0,0,2,0,3,4,0,2,3,,N,,,,,,,,,,,
2010053449,228.0,1,0,0,0,0,0,0,0,0,7,0,,67,6,2010,7,40.0596,-75.0438,228.0,6,0,0,0,1,0,0,0,0,2.0,0,0,0,2.0,3,1,0,,1,40 03:33.598,1.0,0,75 02:38.134,4,0,0,0,67301,0,0,0,Y,0,0,0,1,67301,1,,2,1,,N,N,,0,,0,0,0,3,2,N,223.0,1,1,0,0,1,0,0,3,4,0,1,3,,N,,,,,,,,,,,
2010053503,1110.0,0,0,0,0,0,0,0,0,0,5,0,50.0,67,6,2010,4,39.8985,-75.1811,1107.0,6,0,0,0,0,0,0,0,0,1.0,0,0,0,11.0,1,2,0,,2,39 53:55.537,1.0,0,75 10:11.854,4,0,0,0,67301,0,0,0,N,0,0,0,5,68K01,2,,1,1,,N,N,,1,,0,0,1,0,0,N,1105.0,2,2,0,0,0,0,1,3,4,0,2,3,,Y,8.0,1.0,Y,N,N,N,N,N,Y,N,
2010065267,819.0,1,0,0,0,0,0,0,0,0,1,0,,67,6,2010,5,40.0355,-75.0171,753.0,6,0,0,0,0,0,1,0,0,1.0,0,0,0,7.0,1,0,0,,1,40 02:08.134,1.0,0,75 01:01.018,0,0,0,0,67301,0,0,0,N,0,0,0,2,68K01,0,,1,1,,N,N,,0,,0,0,1,0,0,N,734.0,0,2,0,0,0,0,0,3,4,0,2,3,,N,,,,,,,,,,,
2010039252,1113.0,0,0,0,0,0,0,0,0,0,5,0,,67,3,2010,3,39.9236,-75.2457,1108.0,6,0,0,0,0,0,0,0,0,,0,0,0,11.0,1,1,3,,0,39 55:25.034,,7,75 14:44.477,4,0,0,1,67301,0,0,0,N,0,0,0,3,67301,1,,1,1,,N,N,,1,,0,0,0,0,0,,1105.0,1,2,0,0,0,0,0,3,4,0,2,3,,N,,,,,,,,,,,
2010039259,311.0,1,0,0,0,0,0,0,0,0,7,0,,67,4,2010,6,39.9782,-75.1336,311.0,6,0,0,0,0,0,0,0,0,,0,0,0,3.0,3,0,0,,0,39 58:41.620,,0,75 08:00.968,0,0,0,0,67301,0,0,0,N,0,0,0,1,67301,0,,5,1,,N,N,,0,,0,0,0,0,0,,311.0,0,1,0,0,0,0,0,3,4,0,1,3,,N,,,,,,,,,,,
2010075915,2200.0,2,0,0,0,0,0,0,0,0,1,0,,67,7,2010,6,40.0462,-75.1355,2157.0,6,0,0,1,0,0,0,0,0,,0,0,0,20.0,3,0,0,,0,40 02:46.205,,0,75 08:07.758,0,0,0,0,67301,0,0,0,N,0,0,0,1,67301,0,,1,1,,N,N,,1,,0,0,0,0,0,,2050.0,0,3,0,0,0,0,0,3,4,0,3,3,,N,,,,,,,,,,,
2010026300,2024.0,1,0,0,0,0,0,0,0,0,7,0,,67,2,2010,6,39.9016,-75.1522,2022.0,6,0,0,0,0,0,0,0,0,1.0,0,0,0,20.0,3,0,0,,1,39 54:07.880,2.0,0,75 09:05.035,0,0,0,0,67301,0,0,0,N,0,0,0,1,68K01,0,,2,1,,N,N,,0,,0,0,0,0,0,N,2021.0,0,1,0,0,0,0,0,3,4,0,1,3,,N,,,,,,,,,,,