CRN,ARRIVAL_TM,AUTOMOBILE_COUNT,BELTED_DEATH_COUNT,BELTED_SUSP_SERIOUS_INJ_COUNT,BICYCLE_COUNT,BICYCLE_DEATH_COUNT,BICYCLE_SUSP_SERIOUS_INJ_COUNT,BUS_COUNT,CHLDPAS_DEATH_COUNT,CHLDPAS_SUSP_SERIOUS_INJ_COUNT,COLLISION_TYPE,COMM_VEH_COUNT,CONS_ZONE_SPD_LIM,COUNTY,CRASH_MONTH,CRASH_YEAR,DAY_OF_WEEK,DEC_LAT,DEC_LONG,DISPATCH_TM,DISTRICT,DRIVER_COUNT_16YR,DRIVER_COUNT_17YR,DRIVER_COUNT_18YR,DRIVER_COUNT_19YR,DRIVER_COUNT_20YR,DRIVER_COUNT_50_64YR,DRIVER_COUNT_65_74YR,DRIVER_COUNT_75PLUS,EST_HRS_CLOSED,FATAL_COUNT,HEAVY_TRUCK_COUNT,HORSE_BUGGY_COUNT,HOUR_OF_DAY,ILLUMINATION,INJURY_COUNT,INTERSECT_TYPE,INTERSECTION_RELATED,LANE_CLOSED,LATITUDE,LN_CLOSE_DIR,LOCATION_TYPE,LONGITUDE,MAX_SEVERITY_LEVEL,MCYCLE_DEATH_COUNT,MCYCLE_SUSP_SERIOUS_INJ_COUNT,MOTORCYCLE_COUNT,MUNICIPALITY,NONMOTR_COUNT,NONMOTR_DEATH_COUNT,NONMOTR_SUSP_SERIOUS_INJ_COUNT,NTFY_HIWY_MAINT,PED_COUNT,PED_DEATH_COUNT,PED_SUSP_SERIOUS_INJ_COUNT,PERSON_COUNT,POLICE_AGCY,POSSIBLE_INJ_COUNT,RDWY_SURF_TYPE_CD,RELATION_TO_ROAD,ROAD_CONDITION,ROADWAY_CLEARED,SCH_BUS_IND,SCH_ZONE_IND,SECONDARY_CRASH,SMALL_TRUCK_COUNT,SPEC_JURIS_CD,SUSP_MINOR_INJ_COUNT,SUSP_SERIOUS_INJ_COUNT,SUV_COUNT,TCD_FUNC_CD,TCD_TYPE,TFC_DETOUR_IND,TIME_OF_DAY,TOT_INJ_COUNT,TOTAL_UNITS,UNB_DEATH_COUNT,UNB_SUSP_SERIOUS_INJ_COUNT,UNBELTED_OCC_COUNT,UNK_INJ_DEG_COUNT,UNK_INJ_PER_COUNT,URBAN_AREA,URBAN_RURAL,VAN_COUNT,VEHICLE_COUNT,WEATHER1,WEATHER2,WORK_ZONE_IND,WORK_ZONE_LOC,WORK_ZONE_TYPE,WORKERS_PRES,WZ_CLOSE_DETOUR,WZ_FLAGGER,WZ_LAW_OFFCR_IND,WZ_LN_CLOSURE,WZ_MOVING,WZ_OTHER,WZ_SHLDER_MDN,WZ_WORKERS_INJ_KILLED
2010026399,2244.0,1,0,0,0,0,0,0,0,0,7,0,,67,2,2010,7,39.9168,-75.1475,2236.0,6,0,0,0,0,0,0,0,0,1.0,0,0,0,22.0,3,1,0,,1,39 55:01.007,1.0,0,75 08:50.993,4,0,0,0,67301,0,0,0,N,0,0,0,1,68K01,1,,2,1,,N,N,,0,,0,0,0,0,0,N,2234.0,1,1,0,0,0,0,0,3,4,0,1,3,,N,,,,,,,,,,,
2010032813,2236.0,1,0,0,1,0,0,0,0,0,4,0,,67,3,2010,3,39.955,-75.2031,2235.0,6,0,0,0,0,0,0,0,1,,0,0,0,22.0,3,1,0,,0,39 57:17.844,,0,75 12:11.255,4,0,0,0,67301,1,0,0,N,0,0,0,2,67301,1,,1,9,,N,N,,0,,0,0,0,0,0,,2235.0,1,2,0,0,0,0,0,3,4,0,1,7,,N,,,,,,,,,,,
2010073578,1511.0,2,0,0,0,0,0,0,0,0,1,0,,67,7,2010,7,39.9972,-75.0822,1458.0,6,0,0,0,0,1,0,0,0,,0,0,0,14.0,1,1,0,,0,39 59:49.580,,2,75 04:56.363,8,0,0,0,67301,0,0,0,N,0,0,0,2,68K01,0,,1,1,,N,N,,0,,0,0,0,0,0,,1458.0,1,2,0,0,0,1,0,3,4,0,2,3,,N,,,,,,,,,,,
2010104933,1641.0,2,0,0,0,0,0,0,0,0,4,0,,67,9,2010,1,39.9295,-75.2211,1631.0,6,0,0,0,0,0,0,0,0,,0,0,0,15.0,1,2,2,,0,39 55:46.196,,0,75 13:16.013,4,0,0,0,67301,0,0,0,N,0,0,0,2,67301,2,,1,1,,N,N,,0,,0,0,0,0,0,,1500.0,2,2,0,0,0,0,0,3,4,0,2,3,,N,,,,,,,,,,,
2010104950,238.0,2,0,0,0,0,0,0,0,0,2,0,,67,9,2010,7,39.979,-75.1602,9999.0,6,0,0,1,0,0,0,0,0,,0,0,0,0.0,3,4,1,,0,39 58:44.355,,0,75 09:36.809,3,0,0,0,67301,0,0,0,N,0,0,0,4,67301,0,,1,1,,N,N,,0,,4,0,0,3,3,,30.0,4,2,0,0,0,0,0,3,4,0,2,3,,N,,,,,,,,,,,
2010104978,1710.0,0,0,0,1,0,0,0,0,0,4,0,,67,9,2010,6,39.9681,-75.1563,1700.0,6,0,0,0,0,0,0,0,0,,0,0,0,16.0,1,1,1,,0,39 58:05.134,,0,75 09:22.845,8,0,0,0,67301,1,0,0,N,0,0,0,2,67301,0,,5,1,,N,N,,0,,0,0,0,3,3,,1640.0,1,2,0,0,0,1,0,3,4,0,1,3,,N,,,,,,,,,,,
2010099817,900.0,3,0,0,0,0,0,0,0,0,5,0,,67,9,2010,1,40.0693,-75.1634,854.0,6,0,0,0,0,0,0,0,0,,0,0,0,8.0,1,0,1,,0,40 04:09.619,,0,75 09:48.322,0,0,0,0,67301,0,0,0,N,0,0,0,1,67301,0,,1,1,,N,N,,0,,0,0,0,3,3,,845.0,0,3,0,0,0,0,0,3,4,0,3,3,,N,,,,,,,,,,,
2010097383,2212.0,0,0,0,0,0,0,0,0,0,7,0,,67,10,2010,2,39.899,-75.168,2208.0,6,0,0,0,0,0,0,0,0,2.0,0,0,0,22.0,3,1,0,,1,39 53:59.838,1.0,0,75 09:36.129,4,0,0,0,67301,0,0,0,N,0,0,0,1,68K01,1,,3,9,,N,N,,0,,0,0,1,0,0,N,2205.0,1,1,0,0,0,0,0,3,4,0,1,7,,N,,,,,,,,,,,
2010126109,2107.0,2,0,0,0,0,0,0,0,0,1,0,,67,12,2010,3,39.9578,-75.1613,2058.0,6,0,0,0,0,0,0,0,0,2.0,0,0,0,20.0,3,0,0,,2,39 57:28.074,4.0,0,75 09:40.681,0,0,0,0,67301,0,0,0,N,0,0,0,3,68K01,0,,1,1,,N,N,,0,,0,0,0,0,0,N,2053.0,0,2,0,0,0,0,0,3,4,0,2,3,,N,,,,,,,,,,,
2010069905,754.0,0,0,0,0,0,0,0,0,0,7,0,,67,6,2010,4,40.0282,-75.1662,750.0,6,0,0,0,1,0,0,0,0,,0,0,0,7.0,1,1,0,,0,40 01:41.400,,0,75 09:58.190,4,0,0,0,67301,0,0,0,,0,0,0,1,67301,1,,4,1,,N,N,,0,,0,0,0,0,0,,750.0,1,1,0,0,0,0,0,3,4,0,1,3,,N,,,,,,,,,,,
2010048551,1350.0,2,0,0,0,0,0,0,0,0,1,0,,67,4,2010,1,40.0392,-75.11,1347.0,6,0,0,0,0,0,0,0,0,,0,0,0,13.0,1,1,1,,0,40 02:20.942,,0,75 06:36.006,8,0,0,0,67301,0,0,0,,0,0,0,3,67301,0,,1,1,,N,N,,0,,0,0,0,3,2,,1340.0,1,2,0,0,0,1,1,3,4,0,2,3,,N,,,,,,,,,,,
2010075026,1104.0,0,0,0,0,0,0,0,0,0,6,0,,67,7,2010,7,39.9809,-75.1054,1101.0,6,0,0,0,0,0,0,0,0,,0,0,0,11.0,1,0,0,,0,39 58:51.018,,0,75 06:19.763,0,0,0,0,67301,0,0,0,,0,0,0,1,67301,0,,5,9,,,,,0,,0,0,1,3,2,,1100.0,0,2,0,0,1,0,0,3,4,1,2,7,,N,,,,,,,,,,,
2010045063,2333.0,1,0,0,0,0,0,0,0,0,7,0,,67,4,2010,6,40.0204,-75.1547,2307.0,6,0,0,0,0,0,0,0,0,,0,0,0,23.0,3,1,0,,0,40 01:13.574,,0,75 09:16.772,4,0,0,0,67301,0,0,0,N,0,0,0,1,67301,1,,3,1,,N,N,,0,,0,0,0,0,0,,2305.0,1,1,0,0,0,0,0,3,4,0,1,3,,N,,,,,,,,,,,
2010074845,9999.0,1,0,0,1,0,0,0,0,0,4,0,,67,7,2010,4,40.0628,-75.0733,9999.0,6,0,0,0,0,0,1,0,0,,0,0,0,13.0,1,1,1,,0,40 03:46.144,,0,75 04:23.851,4,0,0,0,67301,1,0,0,N,0,0,0,2,67301,1,,1,1,,N,N,,0,,0,0,0,3,3,,1300.0,1,2,0,0,0,0,0,3,4,0,1,3,,N,,,,,,,,,,,
2010074866,2045.0,1,0,0,0,0,0,0,0,0,1,0,,67,7,2010,7,40.0364,-75.1305,1225.0,6,0,0,0,0,0,1,0,0,,0,0,0,12.0,1,2,1,,0,40 02:11.165,,0,75 07:49.937,4,0,0,0,67301,0,0,0,N,0,0,0,7,67301,2,,1,1,,N,N,,0,,0,0,1,3,2,,1225.0,2,2,0,0,1,0,0,3,4,0,2,3,,N,,,,,,,,,,,
2010074889,9999.0,2,0,0,0,0,0,0,0,0,1,0,,67,7,2010,2,39.9949,-75.1542,9999.0,6,0,0,0,0,0,0,0,0,,0,0,0,17.0,1,1,0,,0,39 59:41.717,,0,75 09:15.288,8,0,0,0,67301,0,0,0,N,0,0,0,2,67301,0,,1,1,,N,N,,0,,0,0,0,0,0,,1700.0,1,2,0,0,0,1,0,3,4,0,2,3,,N,,,,,,,,,,,
2010069875,1910.0,1,0,0,0,0,0,0,0,0,8,0,,67,5,2010,7,39.9269,-75.2258,1905.0,6,0,0,0,0,0,0,0,0,,0,0,0,18.0,1,1,2,,0,39 55:36.768,,0,75 13:32.739,4,0,0,0,67301,1,0,0,N,1,0,0,2,67301,1,,1,1,,N,,,0,,0,0,0,3,3,,1834.0,1,2,0,0,0,0,0,3,4,0,1,3,,N,,,,,,,,,,,
2010062040,1851.0,0,0,0,1,0,0,0,0,0,4,0,,67,5,2010,3,40.0256,-75.0653,1846.0,6,0,0,0,0,0,0,0,0,,0,0,0,18.0,1,1,1,,0,40 01:32.142,,0,75 03:55.144,4,0,0,0,67301,1,0,0,N,0,0,0,2,67301,1,,1,1,,N,N,,1,,0,0,0,0,0,,1840.0,1,2,0,0,0,0,0,3,4,0,1,3,,N,,,,,,,,,,,
2010084194,1000.0,2,0,0,0,0,0,0,0,0,4,0,,67,7,2010,2,40.0072,-75.1419,900.0,6,0,0,0,0,0,1,0,0,,0,0,0,8.0,1,2,1,,0,40 00:25.948,,0,75 08:31.009,4,0,0,0,67301,0,0,0,N,0,0,0,4,67301,2,,1,1,,N,N,,0,,0,0,0,3,3,,830.0,2,2,0,0,0,0,0,3,4,0,2,3,,N,,,,,,,,,,,
2010044423,1528.0,2,0,0,0,0,0,0,0,0,4,0,,67,4,2010,7,39.9064,-75.1641,1528.0,6,0,0,0,0,0,0,0,1,1.0,0,0,0,15.0,1,1,0,,1,39 54:22.892,1.0,7,75 09:50.900,4,0,0,0,67301,0,0,0,,0,0,0,2,67301,1,,1,1,,N,N,,0,,0,0,0,0,0,N,1525.0,1,2,0,0,1,0,0,3,4,0,2,3,,N,,,,,,,,,,,
2010044465,1440.0,2,0,0,0,0,0,0,0,0,4,0,,67,4,2010,4,39.9774,-75.2271,1430.0,6,0,0,0,0,0,1,0,0,,0,0,0,13.0,1,1,3,,0,39 58:38.507,,6,75 13:37.478,4,0,0,0,67301,0,0,0,N,0,0,0,3,37601,1,,1,1,,N,N,,0,,0,0,0,3,2,,1300.0,1,2,0,0,0,0,0,3,4,0,2,3,,N,,,,,,,,,,,
2010059751,1436.0,0,0,0,0,0,0,0,0,0,1,0,,67,6,2010,2,39.9801,-75.2051,1431.0,6,0,0,0,0,0,1,0,0,,0,0,0,14.0,1,0,0,,0,39 58:51.511,,0,75 12:22.717,0,0,0,0,67301,0,0,0,N,0,0,0,2,68K01,0,,1,1,,Y,N,,2,,0,0,0,0,0,,1426.0,0,2,0,0,0,0,0,3,4,0,2,3,,N,,,,,,,,,,,
2010052284,815.0,1,0,0,0,0,0,0,0,0,8,0,,67,4,2010,5,39.9233,-75.1549,810.0,6,0,0,0,0,0,0,0,0,1.0,0,0,0,8.0,1,1,1,,1,39 55:23.847,3.0,0,75 09:17.560,3,0,0,0,67301,1,0,0,N,1,0,0,2,67301,0,,1,1,,N,N,,0,,1,0,0,9,3,N,800.0,1,2,0,0,0,0,0,3,4,0,1,3,,N,,,,,,,,,,,
2010052286,9999.0,2,0,0,0,0,0,0,0,0,4,0,,67,4,2010,4,39.9829,-75.2589,9999.0,6,0,0,0,0,0,0,0,0,,0,0,0,2.0,3,0,2,,0,39 58:58.479,,0,75 15:32.061,0,0,0,0,67301,0,0,0,N,0,0,0,7,67301,0,,1,1,,N,N,,0,,0,0,0,3,3,,231.0,0,2,0,0,0,0,0,3,4,0,2,3,,N,,,,,,,,,,,
2010062215,200.0,2,0,1,0,0,0,0,0,0,2,0,,67,6,2010,4,39.9666,-75.1876,110.0,6,0,0,0,0,0,0,0,0,4.0,1,0,0,1.0,3,1,7,,2,39 57:59.525,3.0,2,75 11:14.717,1,0,0,0,67301,0,0,0,Y,0,0,0,2,68K02,0,2.0,1,1,,N,N,,0,0.0,0,1,0,0,0,Y,100.0,1,2,1,0,1,0,0,3,4,0,2,3,,N,,,,,,,,,,,
2010044562,9999.0,0,0,0,0,0,0,0,0,0,8,0,,67,4,2010,5,40.0614,-75.0589,1606.0,6,0,0,0,0,0,1,0,0,,0,0,0,99.0,1,1,1,,0,40 03:41.216,,0,75 03:32.097,4,0,0,0,67301,1,0,0,N,1,0,0,2,67301,1,,1,1,,N,N,,0,,0,0,1,3,3,,9999.0,1,2,0,0,0,0,0,3,4,0,1,3,,N,,,,,,,,,,,
2010062247,1030.0,1,0,0,0,0,0,0,0,0,7,0,,67,5,2010,4,39.9646,-75.2475,1028.0,6,0,0,0,0,0,0,0,0,,0,0,0,99.0,3,2,0,,0,39 57:52.390,,0,75 14:50.841,8,0,0,0,67301,0,0,0,,0,0,0,2,67301,0,,2,1,,,,,0,,0,0,0,0,0,,9999.0,2,1,0,0,0,2,0,3,4,0,1,3,,N,,,,,,,,,,,
2010062268,1740.0,2,0,0,0,0,0,0,0,0,4,0,,67,6,2010,4,40.0287,-75.1177,1730.0,6,0,0,0,1,0,0,0,0,1.0,0,0,0,17.0,1,2,1,,1,40 01:43.284,4.0,0,75 07:03.795,4,0,0,0,67301,0,0,0,N,0,0,0,2,67301,2,,1,1,,N,N,,0,,0,0,0,3,2,N,1720.0,2,2,0,0,2,0,0,3,4,0,2,3,,N,,,,,,,,,,,
2010044582,1748.0,1,0,0,0,0,0,0,0,0,1,0,,67,4,2010,2,40.0825,-75.0405,1747.0,6,0,0,0,0,0,0,0,0,,0,0,0,17.0,1,2,2,,0,40 04:57.003,,0,75 02:25.844,4,0,0,0,67301,0,0,0,N,0,0,0,3,67301,2,,1,1,,N,N,,0,,0,0,1,3,2,,1747.0,2,2,0,0,0,0,0,3,4,0,2,3,,N,,,,,,,,,,,
2010044705,1302.0,1,0,0,0,0,0,0,0,0,8,0,,67,4,2010,7,39.9694,-75.1849,1300.0,6,0,0,0,0,0,1,0,0,1.0,0,0,0,13.0,1,1,0,,1,39 58:10.063,1.0,0,75 11:06.196,4,0,0,0,67301,1,0,0,N,1,0,0,2,67301,1,,1,1,,N,N,,0,,0,0,0,0,0,N,1300.0,1,2,0,0,1,0,0,3,4,0,1,3,,N,,,,,,,,,,,
2010044800,302.0,2,0,0,0,0,0,0,0,0,2,0,,67,4,2010,7,39.9938,-75.1008,302.0,6,0,0,0,0,0,0,0,0,,0,0,0,3.0,3,1,0,,0,39 59:37.648,,0,75 06:02.718,4,0,0,0,67301,0,0,0,N,0,0,0,1,67301,1,,1,1,,N,N,,0,,0,0,1,0,0,,301.0,1,3,0,0,1,0,0,3,4,0,3,3,,N,,,,,,,,,,,
2010127888,2302.0,0,0,0,0,0,0,0,0,0,7,0,,67,12,2010,6,39.999,-75.1956,2259.0,6,0,0,0,0,0,0,0,0,1.0,0,0,0,22.0,3,0,0,,1,39 59:58.255,3.0,0,75 11:43.380,0,0,0,0,67301,0,0,0,N,0,0,0,1,68K01,0,,4,1,,N,N,,0,,0,0,1,0,0,N,2249.0,0,1,0,0,0,0,0,3,4,0,1,3,,N,,,,,,,,,,,
2010129697,1929.0,2,0,0,0,0,0,0,0,0,5,0,,67,12,2010,1,39.9916,-75.2027,1929.0,6,0,0,0,0,0,0,0,1,2.0,0,0,0,19.0,2,2,0,,1,39 59:32.052,4.0,0,75 12:05.367,8,0,0,0,67301,0,0,0,N,0,0,0,3,68K01,0,,1,7,,N,N,,0,,0,0,0,0,0,N,1925.0,2,2,0,0,0,2,0,3,4,0,2,10,,N,,,,,,,,,,,
2010048790,2210.0,3,0,0,0,0,0,0,0,0,4,0,,67,4,2010,6,39.9027,-75.1522,2205.0,6,0,0,0,0,0,1,0,0,,0,0,0,22.0,3,3,1,,0,39 54:09.565,,0,75 09:08.096,4,0,0,0,67301,0,0,0,,0,0,0,6,67301,3,,1,1,,,,,0,,0,0,0,2,1,,2200.0,3,3,0,0,0,0,0,3,4,0,3,3,,N,,,,,,,,,,,
2010048805,2042.0,1,0,0,0,0,0,0,0,0,5,0,,67,4,2010,5,40.048,-75.0595,2040.0,6,0,0,0,0,0,0,0,0,,0,0,0,20.0,1,1,0,,0,40 02:52.958,,7,75 03:34.281,8,0,0,0,67301,0,0,0,N,0,0,0,4,67301,0,,1,1,,N,N,,0,,0,0,0,3,3,,2030.0,1,2,0,0,0,1,0,3,4,1,2,3,,N,,,,,,,,,,,
2010048843,638.0,2,0,0,0,0,0,0,0,0,4,0,,67,4,2010,1,39.9383,-75.1986,638.0,6,0,0,0,0,0,0,0,1,,0,0,0,6.0,1,2,1,,0,39 56:18.900,,0,75 11:54.432,3,0,0,0,67301,0,0,0,N,0,0,0,2,67301,1,,1,9,,N,N,,0,,1,0,0,3,2,,638.0,2,2,0,0,1,0,0,3,4,0,2,7,,N,,,,,,,,,,,
2010048863,1715.0,2,0,0,0,0,0,0,0,0,4,0,,67,4,2010,4,40.0225,-75.1317,1714.0,6,0,0,0,0,0,0,0,0,,0,0,0,15.0,1,2,1,,0,40 01:20.856,,0,75 07:53.943,4,0,0,0,67301,0,0,0,Y,0,0,0,2,67301,2,,1,1,,N,N,,0,,0,0,0,3,3,,1530.0,2,3,0,0,0,0,0,3,4,1,3,3,,N,,,,,,,,,,,
2010057838,1246.0,1,0,0,0,0,0,0,0,0,1,0,,67,5,2010,1,40.0079,-75.2022,1241.0,6,0,0,0,0,0,2,0,0,1.0,0,0,0,12.0,1,0,0,,1,40 00:27.924,3.0,0,75 12:06.528,0,0,0,0,67301,0,0,0,N,0,0,0,3,68K01,0,,1,1,,N,N,,0,,0,0,1,0,0,N,1237.0,0,2,0,0,0,0,0,3,4,0,2,3,,N,,,,,,,,,,,
2010057907,2257.0,1,0,0,0,0,0,0,0,0,4,0,,67,5,2010,6,39.9027,-75.1522,2252.0,6,0,0,0,0,0,0,0,0,,0,0,0,99.0,3,0,2,,0,39 54:09.565,,0,75 09:08.096,0,0,0,0,67301,0,0,0,,0,0,0,5,67301,0,,1,1,,,,,0,,0,0,1,3,2,,9999.0,0,2,0,0,0,0,0,3,4,0,2,3,,N,,,,,,,,,,,
2010075887,2314.0,2,0,0,0,0,0,0,0,0,4,0,,67,7,2010,1,40.0935,-74.9802,2313.0,6,0,0,1,0,0,0,0,0,2.0,0,0,0,23.0,3,2,1,,2,40 05:37.163,5.0,0,74 58:48.657,3,0,0,0,67301,0,0,0,,0,0,0,6,67301,0,,1,1,,,,,0,,1,0,0,3,2,Y,2312.0,2,2,0,0,0,1,2,3,4,0,2,3,,N,,,,,,,,,,,
2010075911,1245.0,2,0,0,0,0,0,0,0,0,4,0,,67,7,2010,6,40.0228,-75.159,1240.0,6,0,0,0,0,0,0,0,0,,0,0,0,99.0,1,6,5,,0,40 01:22.061,,0,75 09:32.460,8,0,0,0,67301,0,0,0,,0,0,0,7,67301,0,,1,1,,,,,0,,0,0,0,3,2,,9999.0,6,2,0,0,0,6,0,3,4,0,2,3,,N,,,,,,,,,,,
2010073635,2030.0,1,0,0,0,0,0,0,0,0,1,1,,67,6,2010,6,39.9255,-75.188,2027.0,6,0,0,0,0,0,0,0,0,,0,1,0,20.0,1,1,2,,0,39 55:31.677,,0,75 11:16.803,4,0,0,0,67301,0,0,0,N,0,0,0,2,67301,1,,1,1,,N,N,,0,,0,0,0,3,2,,2027.0,1,2,0,0,0,0,0,3,4,0,2,3,,N,,,,,,,,,,,
2010032786,946.0,1,0,0,0,0,0,0,0,0,4,0,,67,1,2010,7,39.989,-75.1404,945.0,6,0,0,0,0,0,0,0,0,,0,0,0,9.0,1,1,1,,0,39 59:20.223,,0,75 08:25.436,8,0,0,0,67301,0,0,0,,0,0,0,3,67301,0,,1,1,,,,,0,,0,0,1,3,3,,944.0,1,2,0,0,0,1,1,3,4,0,2,3,,N,,,,,,,,,,,
2010080776,437.0,2,0,1,0,0,0,0,0,0,7,0,,67,8,2010,1,39.8916,-75.2371,433.0,6,0,0,0,0,0,1,0,0,2.0,0,0,0,4.0,3,3,0,,2,39 53:29.767,1.0,0,75 14:13.566,2,0,0,0,67301,0,0,0,N,0,0,0,4,68K01,0,,2,1,,N,N,,0,,1,1,0,0,0,N,430.0,3,2,0,0,0,1,0,3,4,0,2,3,,N,,,,,,,,,,,
2010115589,1556.0,2,0,0,0,0,0,0,0,0,4,0,,67,10,2010,3,40.0345,-75.0482,1552.0,6,0,0,0,0,1,0,0,0,,0,0,0,15.0,1,1,1,,0,40 02:04.164,,0,75 02:53.357,8,0,0,0,67301,0,0,0,N,0,0,0,2,67301,0,,1,1,,N,N,,0,,0,0,0,3,3,,1550.0,1,2,0,0,1,1,0,3,4,0,2,3,,N,,,,,,,,,,,
2010112747,2324.0,1,0,0,0,0,0,1,0,0,1,1,,67,10,2010,1,39.9765,-75.1964,2318.0,6,0,0,0,0,0,1,0,0,,0,0,0,23.0,3,21,0,,0,39 58:36.367,,0,75 11:51.726,4,0,0,0,67301,0,0,0,N,0,0,0,25,68K01,21,,1,1,,Y,N,,0,,0,0,0,0,0,,2305.0,21,2,0,0,0,0,0,3,4,0,2,3,,N,,,,,,,,,,,
2010099843,2016.0,1,0,0,0,0,0,0,0,0,8,0,,67,9,2010,4,39.998,-75.1129,2015.0,6,0,0,0,0,0,0,0,0,1.0,0,0,0,20.0,3,1,1,,2,39 59:52.958,4.0,0,75 06:46.580,8,0,0,0,67301,1,0,0,N,1,0,0,2,67301,0,,1,1,,N,N,,0,,0,0,0,3,3,Y,2015.0,1,2,0,0,0,1,0,3,4,0,1,3,,N,,,,,,,,,,,
2010115674,1154.0,2,0,0,0,0,0,0,0,0,1,0,,67,11,2010,3,40.0824,-75.2054,1152.0,6,0,0,0,0,0,0,0,1,1.0,0,0,0,11.0,1,1,0,,1,40 04:56.686,1.0,7,75 12:19.472,3,0,0,0,67301,0,0,0,N,0,0,0,2,46108,0,,1,1,,N,N,,0,,1,0,0,0,0,N,1152.0,1,2,0,0,0,0,0,3,4,0,2,3,,N,,,,,,,,,,,
2010118084,1620.0,2,0,0,0,0,0,0,0,0,1,0,,67,10,2010,4,39.9473,-75.2337,1620.0,6,0,0,0,0,0,1,0,0,,0,0,0,15.0,1,1,1,,0,39 56:50.376,,0,75 14:01.334,8,0,0,0,67301,0,0,0,N,0,0,0,3,67301,0,,1,9,,N,N,,0,,0,0,0,3,2,,1545.0,1,2,0,0,0,1,2,3,4,0,2,7,,N,,,,,,,,,,,
2010102515,1900.0,1,0,0,0,0,0,1,0,0,2,1,,67,9,2010,4,40.0076,-75.1984,1900.0,6,0,0,0,0,0,1,0,0,2.0,0,0,0,18.0,4,4,0,,2,40 00:27.360,5.0,0,75 11:54.240,8,0,0,0,67301,0,0,0,N,0,0,0,12,67301,0,,1,1,,N,N,,0,,0,0,0,0,0,Y,1855.0,4,2,0,0,0,4,0,3,4,0,2,3,,N,,,,,,,,,,,
2010105023,740.0,1,0,0,1,0,0,0,0,0,5,0,,67,9,2010,4,39.9543,-75.1918,735.0,6,0,0,0,0,0,0,1,0,,0,0,0,7.0,1,1,1,,0,39 57:15.606,,0,75 11:30.315,3,0,0,0,67301,1,0,0,N,0,0,0,3,67301,0,,1,1,,N,N,,0,,1,0,0,3,2,,735.0,1,2,0,0,0,0,0,3,4,0,1,3,,N,,,,,,,,,,,
2010117960,808.0,1,0,0,0,0,0,0,0,0,4,0,,67,10,2010,3,40.0684,-75.1983,754.0,6,0,1,0,0,0,0,0,0,,0,0,0,7.0,1,0,0,,0,40 04:05.677,,0,75 11:53.408,0,0,0,0,67301,0,0,0,N,0,0,0,2,67301,0,,1,9,,N,N,,0,,0,0,1,0,0,,753.0,0,2,0,0,0,0,0,3,4,0,2,3,,N,,,,,,,,,,,
2010117994,101.0,2,0,0,0,0,0,0,0,0,1,0,,67,11,2010,3,39.9254,-75.2389,100.0,6,0,0,0,0,0,0,0,0,,0,0,0,1.0,3,0,0,,0,39 55:31.504,,99,75 14:20.198,9,0,0,0,67301,0,0,0,N,0,0,0,1,67301,0,,6,1,,N,N,,0,,0,0,1,3,3,,100.0,0,3,0,0,0,0,1,3,4,0,3,3,,N,,,,,,,,,,,
2010118010,837.0,3,0,0,0,0,0,0,0,0,1,0,,67,10,2010,4,40.072,-75.0295,832.0,6,0,0,0,0,0,0,0,1,,0,0,0,8.0,1,0,0,,0,40 04:19.330,,0,75 01:46.190,0,0,0,0,67301,0,0,0,,0,0,0,1,67301,0,,2,1,,,,,0,,0,0,1,0,0,,829.0,0,4,0,0,0,0,0,3,4,0,4,3,,N,,,,,,,,,,,
2010118012,327.0,4,0,0,0,0,0,0,0,0,4,0,,67,10,2010,7,39.997,-75.1296,324.0,6,0,0,0,0,0,0,0,0,,0,0,0,3.0,3,0,1,,0,39 59:49.056,,0,75 07:46.603,0,0,0,0,67301,0,0,0,N,0,0,0,2,67301,0,,2,1,,N,N,,0,,0,0,0,3,3,,323.0,0,4,0,0,0,0,0,3,4,0,4,3,,N,,,,,,,,,,,
2010045121,2150.0,1,0,0,0,0,0,0,0,0,1,0,,67,3,2010,5,40.0145,-75.1782,2148.0,6,0,0,0,0,0,0,0,0,,0,0,0,21.0,3,1,0,,0,40 00:52.048,,0,75 10:41.490,8,0,0,0,67301,0,0,0,,0,0,0,3,67301,0,,1,1,,,,,0,,0,0,1,0,0,,2145.0,1,2,0,0,0,1,1,3,4,0,2,3,,N,,,,,,,,,,,
2010075013,1450.0,1,0,0,0,0,0,0,0,0,8,0,,67,6,2010,3,39.999,-75.1252,1450.0,6,0,0,0,0,0,0,0,0,1.0,0,0,0,14.0,1,1,0,,2,39 59:56.319,5.0,0,75 07:30.718,4,0,0,0,67301,1,0,0,N,1,0,0,2,67301,1,,1,1,,N,Y,,0,,0,0,0,0,0,Y,1450.0,1,2,0,0,0,0,0,3,4,0,1,3,,N,,,,,,,,,,,
2010044882,1511.0,0,0,0,0,0,0,0,0,0,8,0,,67,4,2010,7,39.922,-75.2356,1510.0,6,0,0,0,0,0,0,0,0,,0,0,0,4.0,3,1,0,,0,39 55:19.164,,0,75 14:08.196,3,0,0,0,67301,1,0,0,N,1,0,0,2,67301,0,,1,1,,N,N,,0,,1,0,0,0,0,,430.0,1,2,0,0,0,0,0,3,4,0,1,3,,N,,,,,,,,,,,
2010045829,1643.0,1,0,0,0,0,0,0,0,0,7,0,,67,5,2010,4,39.9275,-75.1955,1632.0,6,0,0,0,1,0,0,0,0,1.0,0,0,0,16.0,1,1,0,,1,39 55:42.658,4.0,0,75 11:47.084,8,0,0,0,67301,0,0,0,N,0,0,0,3,68K01,0,,2,9,,N,N,,0,,0,0,0,0,0,N,1632.0,1,1,0,0,0,1,0,3,4,0,1,7,,N,,,,,,,,,,,