CRN,ARRIVAL_TM,AUTOMOBILE_COUNT,BELTED_DEATH_COUNT,BELTED_SUSP_SERIOUS_INJ_COUNT,BICYCLE_COUNT,BICYCLE_DEATH_COUNT,BICYCLE_SUSP_SERIOUS_INJ_COUNT,BUS_COUNT,CHLDPAS_DEATH_COUNT,CHLDPAS_SUSP_SERIOUS_INJ_COUNT,COLLISION_TYPE,COMM_VEH_COUNT,CONS_ZONE_SPD_LIM,COUNTY,CRASH_MONTH,CRASH_YEAR,DAY_OF_WEEK,DEC_LAT,DEC_LONG,DISPATCH_TM,DISTRICT,DRIVER_COUNT_16YR,DRIVER_COUNT_17YR,DRIVER_COUNT_18YR,DRIVER_COUNT_19YR,DRIVER_COUNT_20YR,DRIVER_COUNT_50_64YR,DRIVER_COUNT_65_74YR,DRIVER_COUNT_75PLUS,EST_HRS_CLOSED,FATAL_COUNT,HEAVY_TRUCK_COUNT,HORSE_BUGGY_COUNT,HOUR_OF_DAY,ILLUMINATION,INJURY_COUNT,INTERSECT_TYPE,INTERSECTION_RELATED,LANE_CLOSED,LATITUDE,LN_CLOSE_DIR,LOCATION_TYPE,LONGITUDE,MAX_SEVERITY_LEVEL,MCYCLE_DEATH_COUNT,MCYCLE_SUSP_SERIOUS_INJ_COUNT,MOTORCYCLE_COUNT,MUNICIPALITY,NONMOTR_COUNT,NONMOTR_DEATH_COUNT,NONMOTR_SUSP_SERIOUS_INJ_COUNT,NTFY_HIWY_MAINT,PED_COUNT,PED_DEATH_COUNT,PED_SUSP_SERIOUS_INJ_COUNT,PERSON_COUNT,POLICE_AGCY,POSSIBLE_INJ_COUNT,RDWY_SURF_TYPE_CD,RELATION_TO_ROAD,ROAD_CONDITION,ROADWAY_CLEARED,SCH_BUS_IND,SCH_ZONE_IND,SECONDARY_CRASH,SMALL_TRUCK_COUNT,SPEC_JURIS_CD,SUSP_MINOR_INJ_COUNT,SUSP_SERIOUS_INJ_COUNT,SUV_COUNT,TCD_FUNC_CD,TCD_TYPE,TFC_DETOUR_IND,TIME_OF_DAY,TOT_INJ_COUNT,TOTAL_UNITS,UNB_DEATH_COUNT,UNB_SUSP_SERIOUS_INJ_COUNT,UNBELTED_OCC_COUNT,UNK_INJ_DEG_COUNT,UNK_INJ_PER_COUNT,URBAN_AREA,URBAN_RURAL,VAN_COUNT,VEHICLE_COUNT,WEATHER1,WEATHER2,WORK_ZONE_IND,WORK_ZONE_LOC,WORK_ZONE_TYPE,WORKERS_PRES,WZ_CLOSE_DETOUR,WZ_FLAGGER,WZ_LAW_OFFCR_IND,WZ_LN_CLOSURE,WZ_MOVING,WZ_OTHER,WZ_SHLDER_MDN,WZ_WORKERS_INJ_KILLED
2010045070,101.0,2,0,0,0,0,0,0,0,0,4,0,,67,4,2010,5,40.0215,-75.1398,101.0,6,0,0,0,0,0,1,0,0,,0,0,0,0.0,3,0,1,,0,40 01:17.486,,0,75 08:23.326,0,0,0,0,67301,0,0,0,,0,0,0,2,67301,0,,1,1,,,,,0,,0,0,0,3,2,,1.0,0,2,0,0,0,0,0,3,4,0,2,3,,N,,,,,,,,,,,
2010045081,1514.0,2,0,0,0,0,0,0,0,0,4,0,,67,4,2010,3,39.953,-75.1519,1510.0,6,0,0,0,0,0,0,0,0,,0,0,0,15.0,1,1,0,,0,39 57:10.791,,0,75 09:06.688,4,0,0,0,67301,0,0,0,N,0,0,0,1,67301,1,,6,1,,N,N,,0,,0,0,0,0,0,,1500.0,1,2,0,0,1,0,0,3,4,0,2,3,,N,,,,,,,,,,,
2010074847,1640.0,2,0,0,0,0,0,0,0,0,1,0,,67,7,2010,5,40.0595,-75.0176,1631.0,6,0,0,0,0,0,0,0,0,,0,0,0,16.0,1,1,0,,0,40 03:34.024,,0,75 01:03.394,8,0,0,0,67301,0,0,0,N,0,0,0,4,67301,0,,1,1,,N,N,,0,,0,0,0,3,2,,1630.0,1,3,0,0,0,1,0,3,4,1,3,3,,N,,,,,,,,,,,
2010074871,2347.0,2,0,0,0,0,0,0,0,0,1,0,,67,7,2010,7,40.0431,-75.1672,2215.0,6,0,0,0,0,0,1,1,0,,0,0,0,22.0,3,4,1,,0,40 02:35.289,,0,75 10:02.002,4,0,0,0,67301,0,0,0,N,0,0,0,5,67301,4,,1,1,,N,N,,0,,0,0,0,3,2,,2215.0,4,2,0,0,1,0,0,3,4,0,2,3,,N,,,,,,,,,,,
2010074891,2038.0,0,0,0,0,0,0,1,0,0,3,1,,67,7,2010,7,39.9275,-75.1942,2030.0,6,0,0,0,0,0,0,0,0,,0,0,0,20.0,4,1,1,,0,39 55:39.069,,0,75 11:38.993,8,0,0,0,67301,0,0,0,N,0,0,0,2,67301,0,,1,1,,N,N,,1,,0,0,0,3,3,,2025.0,1,2,0,0,0,1,0,3,4,0,2,3,,N,,,,,,,,,,,
2010069879,710.0,1,0,0,0,0,0,0,0,0,4,0,,67,6,2010,7,40.046,-75.0823,700.0,6,0,0,0,0,0,1,0,0,,0,0,0,7.0,1,1,1,,0,40 02:45.600,,0,75 04:56.341,8,0,0,0,67301,0,0,0,,0,0,0,2,67301,0,,1,1,,,,,0,,0,0,0,3,2,,700.0,1,2,0,0,0,1,0,3,4,1,2,3,,N,,,,,,,,,,,
2010044456,2027.0,1,0,0,0,0,0,0,0,0,8,0,,67,3,2010,6,39.9837,-75.2342,2020.0,6,0,0,0,0,0,0,1,0,,0,0,0,20.0,3,1,2,,0,39 59:01.431,,0,75 14:03.238,8,0,0,0,67301,1,0,0,,1,0,0,2,67301,0,,9,1,,N,N,,0,,0,0,0,9,7,,2000.0,1,2,0,0,0,1,0,3,4,0,1,3,,N,,,,,,,,,,,
2010059660,1145.0,1,0,0,0,0,0,0,0,0,4,0,,67,4,2010,5,40.0568,-75.047,1128.0,6,0,0,0,1,0,0,0,0,1.0,0,0,0,11.0,1,0,1,,1,40 03:24.532,2.0,0,75 02:49.228,0,0,0,0,67301,0,0,0,N,0,0,0,2,67301,0,,1,1,,N,N,,0,,0,0,1,3,2,N,1128.0,0,2,0,0,0,0,0,3,4,0,2,3,,N,,,,,,,,,,,
2010084212,1244.0,0,0,0,0,0,0,0,0,0,8,0,,67,7,2010,4,39.9984,-75.1409,1242.0,6,0,0,0,0,0,0,0,0,,0,1,0,19.0,4,1,1,,0,39 59:54.322,,0,75 08:27.074,3,0,0,0,67301,1,0,0,N,1,0,0,2,67301,0,,1,1,,N,,,0,,1,0,0,3,2,,1930.0,1,2,0,0,0,0,0,3,4,0,1,3,,N,,,,,,,,,,,
2010084231,1600.0,1,0,0,0,0,0,0,0,0,8,0,,67,8,2010,3,39.9253,-75.1695,1554.0,6,0,0,0,0,0,1,0,0,,0,0,0,15.0,1,1,0,,0,39 55:31.168,,0,75 10:10.180,4,0,0,0,67301,1,0,0,,1,0,0,2,67301,1,,1,1,,N,N,,0,,0,0,0,0,0,,1554.0,1,2,0,0,0,0,0,3,4,0,1,3,,N,,,,,,,,,,,
2010046311,2255.0,1,0,0,0,0,0,0,0,0,4,0,,67,4,2010,2,40.0526,-75.0686,2255.0,6,0,0,0,0,0,0,0,0,,0,0,0,22.0,3,2,2,,0,40 03:09.314,,0,75 04:06.861,4,0,0,1,67301,0,0,0,N,0,0,0,3,67301,2,,1,1,,N,N,,0,,0,0,0,9,3,,2255.0,2,2,0,0,0,0,1,3,4,0,2,3,,N,,,,,,,,,,,
2010052354,1121.0,1,0,0,1,0,0,0,0,0,4,0,,67,5,2010,5,40.0272,-75.1099,1117.0,6,0,0,0,0,0,0,0,0,,0,0,0,11.0,1,1,0,,0,40 01:38.042,,0,75 06:35.751,4,0,0,0,67301,1,0,0,N,0,0,0,2,67301,1,,1,1,,N,N,,0,,0,0,0,0,0,,1107.0,1,2,0,0,0,0,0,3,4,0,1,3,,N,,,,,,,,,,,
2010052433,130.0,2,0,0,0,0,0,0,0,0,4,0,,67,5,2010,2,39.964,-75.1916,129.0,6,0,0,0,0,0,1,0,0,,0,0,0,99.0,3,2,1,,0,39 57:50.569,,0,75 11:29.777,8,0,0,0,67301,0,0,0,N,0,0,0,2,67301,0,,1,1,,N,N,,0,,0,0,1,3,2,,9999.0,2,4,0,0,0,2,0,3,4,1,4,3,,N,,,,,,,,,,,
2010083757,327.0,0,0,0,0,0,0,0,0,0,7,0,,67,8,2010,1,39.956,-75.1416,319.0,6,0,0,0,0,0,0,0,0,1.0,0,0,0,3.0,3,1,6,,2,39 57:21.582,4.0,2,75 08:29.701,8,0,0,0,67301,0,0,0,Y,0,0,0,1,68K01,0,,2,1,,N,N,,0,,0,0,1,0,0,Y,317.0,1,1,0,0,0,1,0,3,4,0,1,3,,N,,,,,,,,,,,
2010044564,1432.0,0,0,0,0,0,0,0,0,0,8,0,,67,4,2010,4,40.0149,-75.0802,1430.0,6,0,0,0,0,0,0,0,0,,0,0,0,14.0,1,1,1,,0,40 00:53.564,,0,75 04:48.655,8,0,0,0,67301,1,0,0,N,1,0,0,2,67301,0,,1,1,,N,N,,0,,0,0,1,3,3,,1424.0,1,2,0,0,0,1,0,3,4,0,1,3,,N,,,,,,,,,,,
2010062285,754.0,1,0,0,1,0,0,0,0,0,4,0,,67,6,2010,4,39.9602,-75.1909,750.0,6,0,0,0,0,0,0,0,0,2.0,0,0,0,7.0,1,1,1,,2,39 57:36.745,7.0,0,75 11:27.211,4,0,0,0,67301,1,0,0,N,0,0,0,2,67301,1,,1,1,,N,N,,0,,0,0,0,3,2,Y,745.0,1,2,0,0,0,0,0,3,4,0,1,3,,N,,,,,,,,,,,
2010064650,2223.0,1,0,0,0,0,0,0,0,0,4,0,,67,6,2010,1,40.0455,-75.1128,2220.0,6,0,0,0,0,0,0,0,0,,0,0,0,22.0,3,0,2,,0,40 02:50.984,,0,75 06:44.541,0,0,0,0,67301,0,0,0,N,0,0,0,2,67301,0,,1,1,,,,,1,,0,0,0,3,2,,2215.0,0,2,0,0,0,0,0,3,4,0,2,3,,N,,,,,,,,,,,
2010044790,1203.0,3,0,0,0,0,0,0,0,0,5,0,,67,3,2010,7,39.9497,-75.1765,1200.0,6,0,0,0,0,0,0,0,0,,0,0,0,2.0,6,0,0,,0,39 56:58.873,,0,75 10:35.328,0,0,0,0,67301,0,0,0,,0,0,0,1,67301,0,,2,1,,N,N,,0,,0,0,0,0,0,,200.0,0,4,0,0,0,0,0,3,4,0,4,3,,N,,,,,,,,,,,
2010044758,352.0,2,0,0,0,0,0,0,0,0,5,0,,67,4,2010,1,39.9526,-75.1403,352.0,6,0,0,0,0,0,0,0,0,1.0,0,0,0,3.0,3,1,0,,1,39 57:09.395,2.0,0,75 08:25.021,4,0,0,0,67301,0,0,0,,0,0,0,6,67301,1,,1,1,,N,N,,0,,0,0,0,0,0,N,350.0,1,2,0,0,0,0,0,3,4,0,2,3,,N,,,,,,,,,,,
2010044786,1512.0,1,0,0,0,0,0,0,0,0,6,0,,67,4,2010,1,39.8937,-75.2104,1506.0,6,0,0,0,0,0,0,0,0,,0,0,0,99.0,1,1,2,,0,39 53:37.176,,0,75 12:37.609,4,0,0,0,67301,0,0,0,N,0,0,0,3,67301,1,,1,1,,N,N,,0,,0,0,0,0,0,,9999.0,1,2,0,0,0,0,0,3,4,0,2,3,,N,,,,,,,,,,,
2010044787,1820.0,0,0,0,0,0,0,0,0,0,4,0,,67,4,2010,7,40.0093,-75.0818,1811.0,6,0,0,0,0,0,1,0,0,,0,0,0,18.0,1,1,1,,0,40 00:33.125,,0,75 04:55.638,8,0,0,1,67301,0,0,0,N,0,0,0,3,67301,0,,4,1,,N,N,,1,,0,0,0,0,0,,1808.0,1,2,0,0,0,1,0,3,4,0,2,3,,N,,,,,,,,,,,
2010082116,330.0,1,0,0,0,0,0,0,0,0,7,0,,67,7,2010,3,39.9218,-75.1905,323.0,6,0,0,0,0,0,0,0,0,,0,0,0,3.0,3,5,0,,0,39 55:18.757,,0,75 11:25.816,3,0,0,0,67301,0,0,0,,0,0,0,5,67301,0,,1,1,,,,,0,,5,0,0,0,0,,315.0,5,1,0,0,3,0,0,3,4,0,1,3,,N,,,,,,,,,,,
2010082125,1520.0,0,0,0,0,0,0,0,0,0,7,0,,67,7,2010,2,40.0203,-75.134,1518.0,6,0,0,0,0,0,0,0,0,,0,0,0,15.0,1,0,1,,0,40 01:13.249,,0,75 08:02.518,0,0,0,0,67301,0,0,0,,0,0,0,1,67301,0,,5,1,,,,,1,,0,0,0,3,2,,1515.0,0,1,0,0,0,0,0,3,4,0,1,3,,N,,,,,,,,,,,
2010127887,1120.0,1,0,0,0,0,0,0,0,0,7,0,,67,11,2010,2,39.9851,-75.0947,1107.0,6,0,0,0,0,0,0,0,0,2.0,0,0,0,11.0,1,0,0,,1,39 59:06.060,2.0,0,75 05:41.229,9,0,0,0,67301,0,0,0,N,0,0,0,1,68K01,0,,2,1,,N,N,,0,,0,0,0,0,0,N,1102.0,0,1,0,0,0,0,1,3,4,0,1,3,,N,,,,,,,,,,,
2010128099,1547.0,1,0,0,0,0,0,0,0,0,7,0,,67,12,2010,5,39.9205,-75.1482,1535.0,6,0,0,0,0,0,1,0,0,,0,0,0,15.0,1,0,0,,0,39 55:12.126,,0,75 08:53.533,0,0,0,0,67301,0,0,0,N,0,0,0,1,68K01,0,,2,7,,N,N,,0,,0,0,0,0,0,,1522.0,0,1,0,0,0,0,0,3,4,0,1,10,,N,,,,,,,,,,,
2010128579,1536.0,1,0,0,0,0,0,0,0,0,6,0,,67,11,2010,2,39.9627,-75.2471,1526.0,6,0,0,0,0,0,1,0,0,1.0,0,0,0,15.0,1,1,1,,1,39 57:45.461,2.0,0,75 14:48.589,3,0,0,0,67301,0,0,0,N,0,0,0,2,67301,0,,1,1,,N,N,,1,,1,0,0,3,2,Y,1526.0,1,2,0,0,0,0,0,3,4,0,2,3,,N,,,,,,,,,,,
2010048788,2010.0,2,0,0,0,0,0,0,0,0,4,0,,67,3,2010,6,39.9996,-75.1251,2000.0,6,0,1,0,0,0,0,0,0,,0,0,0,20.0,3,1,1,,0,39 59:58.554,,0,75 07:30.237,4,0,0,0,67301,0,0,0,,0,0,0,3,67301,1,,1,9,,,,,0,,0,0,0,3,2,,2000.0,1,2,0,0,0,0,0,3,4,0,2,7,,N,,,,,,,,,,,
2010061365,2042.0,0,0,0,0,0,0,0,0,0,1,0,,67,6,2010,1,39.9561,-75.1415,2028.0,6,0,1,0,0,0,0,0,0,1.0,0,0,0,20.0,2,0,0,,1,39 57:21.477,1.0,0,75 08:29.603,0,0,0,0,67301,0,0,0,N,0,0,0,3,68K01,0,,1,1,,N,N,,1,,0,0,1,0,0,N,2022.0,0,2,0,0,0,0,0,3,4,0,2,3,,N,,,,,,,,,,,
2010058846,39.0,2,0,0,0,0,0,0,0,0,1,0,,67,5,2010,6,40.0506,-75.0101,39.0,6,0,0,0,0,0,0,0,0,,0,0,0,0.0,3,0,0,,0,40 03:02.252,,0,75 00:36.468,0,0,0,0,67301,0,0,0,,0,0,0,3,67301,0,,1,1,,,,,0,,0,0,0,0,0,,39.0,0,2,0,0,0,0,0,3,4,0,2,3,,N,,,,,,,,,,,
2010065269,754.0,2,0,0,0,0,0,0,0,0,1,0,,67,7,2010,5,39.96,-75.1789,745.0,6,0,0,0,0,0,0,0,0,2.0,0,0,0,7.0,1,0,0,,1,39 57:36.843,4.0,0,75 10:50.474,0,0,0,0,67301,0,0,0,N,0,0,0,2,68K01,0,,1,1,,N,N,,0,,0,0,0,0,0,N,745.0,0,2,0,0,0,0,0,3,4,0,2,3,,N,,,,,,,,,,,
2010029609,1429.0,1,0,0,0,0,0,0,0,0,5,1,,67,3,2010,2,39.9132,-75.1483,1429.0,6,0,0,0,0,0,1,0,0,,0,1,0,14.0,1,0,0,,0,39 54:48.200,,0,75 08:53.582,0,0,0,0,67301,0,0,0,N,0,0,0,2,68K01,0,,1,1,,N,N,,0,,0,0,0,0,0,,1425.0,0,2,0,0,0,0,0,3,4,0,2,3,,N,,,,,,,,,,,
2010032605,1912.0,1,0,0,0,0,0,0,0,0,7,0,,67,3,2010,4,39.9895,-75.1108,1906.0,6,0,0,0,0,0,1,0,0,,0,0,0,19.0,3,1,1,,0,39 59:22.038,,0,75 06:38.739,4,0,0,0,67301,0,0,0,,0,0,0,2,67301,1,,5,1,,,,,0,,0,0,0,3,3,,1900.0,1,2,0,0,0,0,0,3,4,0,1,3,,N,,,,,,,,,,,
2010032770,1915.0,2,0,0,0,0,0,0,0,0,1,0,,67,3,2010,1,39.9396,-75.1982,1907.0,6,0,0,0,0,0,0,0,0,,0,0,0,18.0,3,4,1,,0,39 56:22.681,,0,75 11:53.378,8,0,0,0,67301,0,0,0,N,0,0,0,5,67301,0,,1,1,,N,N,,0,,0,0,0,3,2,,1832.0,4,2,0,0,0,4,1,3,4,0,2,3,,N,,,,,,,,,,,
2010104920,1745.0,1,0,0,0,0,0,0,0,0,8,0,,67,10,2010,1,39.9175,-75.161,1736.0,6,0,0,0,0,0,1,0,0,,0,0,0,17.0,4,1,0,,0,39 55:03.133,,0,75 09:39.477,4,0,0,0,67301,1,0,0,,1,0,0,3,67301,1,,1,1,,N,N,,0,,0,0,0,0,0,,1733.0,1,2,0,0,0,0,0,3,4,0,1,3,,N,,,,,,,,,,,
2010080775,117.0,1,0,0,0,0,0,0,0,0,7,0,,67,8,2010,5,39.9606,-75.1813,113.0,6,0,0,0,0,0,0,0,0,1.0,0,0,0,1.0,3,0,0,,1,39 57:36.646,4.0,2,75 10:48.630,9,0,0,0,67301,0,0,0,N,0,0,0,1,68K01,0,,2,1,,N,N,,0,,0,0,0,0,0,N,109.0,0,1,0,0,0,0,1,3,4,0,1,3,,N,,,,,,,,,,,
2010074875,248.0,0,0,0,0,0,0,0,0,0,7,0,,67,7,2010,7,40.0114,-75.1318,241.0,6,0,0,0,0,0,0,0,0,9.0,0,0,0,2.0,3,1,2,,1,40 00:41.202,3.0,0,75 07:54.411,3,0,0,0,67301,0,0,0,,0,0,0,1,67301,0,,5,1,,N,N,,0,,1,0,1,3,3,N,241.0,1,1,0,0,0,0,0,3,4,0,1,3,,N,,,,,,,,,,,
2010074885,2042.0,2,0,0,0,0,0,0,0,0,5,0,,67,6,2010,5,39.964,-75.1931,2039.0,6,0,0,0,0,0,0,0,0,,0,0,0,20.0,4,0,0,,0,39 57:50.400,,0,75 11:35.080,0,0,0,0,67301,0,0,0,N,0,0,0,3,67301,0,,1,1,,N,N,,0,,0,0,0,0,0,,2039.0,0,2,0,0,0,0,0,3,4,0,2,3,,N,,,,,,,,,,,
2010074892,2205.0,2,0,0,0,0,0,0,0,0,5,0,,67,7,2010,2,39.9222,-75.1882,2200.0,6,0,0,0,0,0,2,0,0,,0,0,0,21.0,3,1,2,,0,39 55:19.487,,0,75 11:19.195,8,0,0,0,67301,0,0,0,N,0,0,0,6,67301,0,,1,1,,N,N,,0,,0,0,0,3,2,,2155.0,1,2,0,0,0,1,0,3,4,0,2,3,,N,,,,,,,,,,,
2010062033,1523.0,0,0,0,0,0,0,0,0,0,8,0,,67,4,2010,6,39.9833,-75.1694,1520.0,6,0,0,0,0,0,0,0,0,,0,0,0,15.0,1,1,1,,0,39 58:59.782,,0,75 10:10.005,8,0,0,0,67301,1,0,0,N,1,0,0,2,67301,0,,1,1,,N,Y,,0,,0,0,1,3,3,,1515.0,1,2,0,0,1,1,0,3,4,0,1,3,,N,,,,,,,,,,,
2010062054,157.0,0,0,0,0,0,0,0,0,0,4,0,,67,4,2010,7,40.0143,-75.1573,145.0,6,0,0,0,0,0,0,0,0,,0,0,0,1.0,3,1,0,,0,40 00:51.380,,7,75 09:26.291,4,0,0,1,67301,0,0,0,N,0,0,0,2,67301,1,,1,1,,N,N,,0,,0,0,0,0,0,,145.0,1,2,0,0,0,0,0,3,4,0,2,3,,N,,,,,,,,,,,
2010044734,1542.0,2,0,0,0,0,0,0,0,0,4,0,,67,3,2010,3,39.9161,-75.2361,1542.0,6,0,0,0,0,0,0,0,0,,0,0,0,99.0,1,0,1,,0,39 54:57.913,,0,75 14:09.812,0,0,0,0,67301,0,0,0,,0,0,0,2,67301,0,,1,1,,N,N,,0,,0,0,0,3,2,,9999.0,0,2,0,0,0,0,0,3,4,0,2,3,,N,,,,,,,,,,,
2010044502,2342.0,2,0,0,0,0,0,0,0,0,4,0,,67,4,2010,5,40.0256,-75.1223,2340.0,6,0,0,0,0,0,0,1,0,1.0,0,0,0,23.0,3,1,1,,1,40 01:32.331,5.0,0,75 07:20.187,8,0,0,0,67301,0,0,0,,0,0,0,3,67301,0,,1,1,,N,N,,0,,0,0,0,3,2,N,2337.0,1,2,0,0,0,1,2,3,4,0,2,3,,N,,,,,,,,,,,
2010044504,245.0,0,0,0,0,0,0,0,0,0,8,0,,67,3,2010,7,40.0092,-75.1511,245.0,6,0,0,0,0,0,0,0,0,,0,0,0,2.0,3,1,1,,0,40 00:33.277,,0,75 09:04.079,2,0,0,0,67301,1,0,1,N,1,0,1,2,67301,0,,1,1,,N,N,,1,,0,1,0,3,2,,245.0,1,2,0,0,0,0,1,3,4,0,1,3,,N,,,,,,,,,,,
2010084216,205.0,2,0,0,0,0,0,0,0,0,6,0,,67,7,2010,4,39.9917,-75.1955,159.0,6,0,0,0,1,0,0,0,0,2.0,0,0,0,2.0,3,3,0,,2,39 59:30.117,1.0,0,75 11:43.826,3,0,0,0,67301,0,0,0,N,0,0,0,3,67301,0,,1,9,,N,N,,0,,3,0,0,0,0,Y,200.0,3,2,0,0,0,0,0,3,4,0,2,3,,N,,,,,,,,,,,
2010084245,1545.0,0,0,0,0,0,0,0,0,0,8,0,,67,7,2010,1,40.0274,-75.1362,1545.0,6,0,0,0,0,0,0,0,0,,0,0,0,15.0,1,1,0,,0,40 01:38.730,,0,75 08:10.320,4,0,0,0,67301,1,0,0,N,1,0,0,2,67301,1,,1,9,,N,N,,1,,0,0,0,0,0,,1544.0,1,2,0,0,0,0,0,3,4,0,1,7,,N,,,,,,,,,,,
2010059750,1625.0,2,0,0,0,0,0,1,0,0,5,1,,67,6,2010,1,39.9941,-75.1988,1625.0,6,0,0,0,0,0,0,0,1,1.0,0,0,0,16.0,1,1,0,,2,39 59:42.049,4.0,0,75 11:52.519,4,0,0,0,67301,0,0,0,N,0,0,0,5,68K01,1,,1,1,,N,N,,0,,0,0,0,0,0,N,1623.0,1,3,0,0,0,0,0,3,4,0,3,3,,N,,,,,,,,,,,
2010052275,1558.0,2,0,0,0,0,0,0,0,0,4,0,,67,5,2010,4,39.9519,-75.1598,1557.0,6,0,0,0,0,0,2,0,0,,0,0,0,15.0,1,0,1,,0,39 57:06.984,,0,75 09:35.699,0,0,0,0,67301,0,0,0,N,0,0,0,2,67301,0,,1,1,,N,N,,0,,0,0,0,3,2,,1557.0,0,2,0,0,0,0,0,3,4,0,2,3,,N,,,,,,,,,,,
2010052387,1800.0,1,0,0,0,0,0,0,0,0,4,0,,67,4,2010,2,39.9343,-75.2219,1759.0,6,0,0,0,0,0,0,1,0,,0,0,0,17.0,1,2,0,,0,39 56:03.508,,0,75 13:18.872,4,0,0,0,67301,0,0,0,N,0,0,0,4,67301,2,,1,9,,N,N,,0,,0,0,0,0,0,,1756.0,2,2,0,0,0,0,0,3,4,0,2,7,,N,,,,,,,,,,,
2010044319,827.0,1,0,0,0,0,0,0,0,0,7,0,,67,5,2010,7,39.9678,-75.1315,820.0,6,0,1,0,0,0,0,0,0,1.0,0,0,0,8.0,1,1,0,,1,39 58:03.829,1.0,0,75 07:54.291,4,0,0,0,67301,0,0,0,N,0,0,0,1,68K01,1,,3,1,,N,N,,0,,0,0,0,0,0,N,819.0,1,1,0,0,0,0,0,3,4,0,1,3,,N,,,,,,,,,,,
2010062339,1215.0,2,0,0,0,0,0,0,0,0,4,0,,67,5,2010,6,39.9561,-75.2278,1205.0,6,0,0,0,0,0,0,1,0,,0,0,0,10.0,1,2,1,,0,39 57:21.819,,0,75 13:39.910,4,0,0,0,67301,0,0,0,N,0,0,0,2,67301,2,,1,1,,N,N,,0,,0,0,0,3,3,,1005.0,2,2,0,0,0,0,0,3,4,0,2,3,,N,,,,,,,,,,,
2010062087,838.0,2,0,0,0,0,0,0,0,0,4,0,,67,5,2010,2,40.0391,-75.1461,830.0,6,0,0,0,0,0,0,1,0,,0,0,0,8.0,1,2,0,,0,40 02:20.605,,7,75 08:45.927,4,0,0,0,67301,0,0,0,,0,0,0,3,67301,2,,1,1,,,,,0,,0,0,0,0,0,,820.0,2,2,0,0,0,0,0,3,4,0,2,3,,N,,,,,,,,,,,
2010044796,805.0,4,0,0,0,0,0,0,0,0,1,0,,67,3,2010,1,40.0427,-75.0964,755.0,6,0,0,0,0,1,0,0,0,,0,0,0,7.0,1,2,0,,0,40 02:33.642,,0,75 05:47.014,4,0,0,0,67301,0,0,0,N,0,0,0,2,67301,1,,6,1,,N,N,,0,,0,0,0,0,0,,745.0,2,4,0,0,0,1,0,3,4,0,4,3,,N,,,,,,,,,,,
2010044825,952.0,1,0,0,0,0,0,0,0,0,4,0,,67,4,2010,6,39.9671,-75.1603,951.0,6,0,0,0,0,0,0,0,0,,0,0,0,9.0,1,1,0,,0,39 58:01.416,,0,75 09:37.160,4,0,0,0,67301,0,0,0,,0,0,0,5,67301,1,,1,1,,N,N,,0,,0,0,0,0,0,,950.0,1,2,0,0,0,0,1,3,4,1,2,3,,N,,,,,,,,,,,
2010044874,1232.0,2,0,0,0,0,0,0,0,0,2,0,,67,4,2010,1,39.9915,-75.1361,1229.0,6,0,0,0,0,0,0,0,0,,0,0,0,12.0,1,1,1,,0,39 59:29.442,,0,75 08:10.101,8,0,0,0,67301,0,0,0,,0,0,0,2,67301,0,,1,1,,N,N,,0,,0,0,0,3,2,,1226.0,1,2,0,0,1,1,1,3,4,0,2,3,,N,,,,,,,,,,,
2010082120,1820.0,0,0,0,0,0,0,0,0,0,8,0,,67,7,2010,2,39.9997,-75.1385,1806.0,6,0,0,0,0,0,0,0,0,,0,0,0,15.0,1,1,1,,0,39 59:59.174,,0,75 08:18.618,4,0,0,0,67301,1,0,0,N,1,0,0,2,67301,1,,1,1,,N,N,,1,,0,0,0,9,2,,1518.0,1,2,0,0,0,0,0,3,4,0,1,3,,N,,,,,,,,,,,
2010128693,2124.0,1,0,0,0,0,0,0,0,0,7,0,,67,11,2010,3,40.0085,-75.0704,2124.0,6,0,0,0,0,0,0,0,0,1.0,0,0,0,21.0,2,0,0,,1,40 00:30.276,1.0,0,75 04:14.049,0,0,0,0,67301,0,0,0,N,0,0,0,1,68K01,0,,2,1,,N,N,,0,,0,0,0,0,0,N,2114.0,0,1,0,0,0,0,0,3,4,0,1,3,,N,,,,,,,,,,,
2010048807,830.0,1,0,0,0,0,0,0,0,0,4,0,,67,4,2010,3,40.0369,-75.0798,826.0,6,0,0,0,0,0,0,0,0,,0,0,0,8.0,1,1,1,,0,40 02:12.854,,99,75 04:47.301,8,0,0,0,67301,0,0,0,N,0,0,0,3,67301,0,,1,1,,N,N,,0,,0,0,0,3,2,,825.0,1,2,0,0,1,1,0,3,4,1,2,3,,N,,,,,,,,,,,
2010048835,215.0,1,0,0,0,0,0,0,0,0,1,0,,67,4,2010,7,39.9263,-75.2282,206.0,6,0,0,0,0,0,0,0,0,,0,0,0,1.0,6,0,0,,0,39 55:34.516,,0,75 13:41.449,0,0,0,0,67301,2,0,0,N,0,0,0,4,67301,0,,6,1,,N,N,,1,,0,0,1,0,0,,152.0,0,3,0,0,2,0,0,3,4,0,3,3,,N,,,,,,,,,,,