CRN,ARRIVAL_TM,AUTOMOBILE_COUNT,BELTED_DEATH_COUNT,BELTED_SUSP_SERIOUS_INJ_COUNT,BICYCLE_COUNT,BICYCLE_DEATH_COUNT,BICYCLE_SUSP_SERIOUS_INJ_COUNT,BUS_COUNT,CHLDPAS_DEATH_COUNT,CHLDPAS_SUSP_SERIOUS_INJ_COUNT,COLLISION_TYPE,COMM_VEH_COUNT,CONS_ZONE_SPD_LIM,COUNTY,CRASH_MONTH,CRASH_YEAR,DAY_OF_WEEK,DEC_LAT,DEC_LONG,DISPATCH_TM,DISTRICT,DRIVER_COUNT_16YR,DRIVER_COUNT_17YR,DRIVER_COUNT_18YR,DRIVER_COUNT_19YR,DRIVER_COUNT_20YR,DRIVER_COUNT_50_64YR,DRIVER_COUNT_65_74YR,DRIVER_COUNT_75PLUS,EST_HRS_CLOSED,FATAL_COUNT,HEAVY_TRUCK_COUNT,HORSE_BUGGY_COUNT,HOUR_OF_DAY,ILLUMINATION,INJURY_COUNT,INTERSECT_TYPE,INTERSECTION_RELATED,LANE_CLOSED,LATITUDE,LN_CLOSE_DIR,LOCATION_TYPE,LONGITUDE,MAX_SEVERITY_LEVEL,MCYCLE_DEATH_COUNT,MCYCLE_SUSP_SERIOUS_INJ_COUNT,MOTORCYCLE_COUNT,MUNICIPALITY,NONMOTR_COUNT,NONMOTR_DEATH_COUNT,NONMOTR_SUSP_SERIOUS_INJ_COUNT,NTFY_HIWY_MAINT,PED_COUNT,PED_DEATH_COUNT,PED_SUSP_SERIOUS_INJ_COUNT,PERSON_COUNT,POLICE_AGCY,POSSIBLE_INJ_COUNT,RDWY_SURF_TYPE_CD,RELATION_TO_ROAD,ROAD_CONDITION,ROADWAY_CLEARED,SCH_BUS_IND,SCH_ZONE_IND,SECONDARY_CRASH,SMALL_TRUCK_COUNT,SPEC_JURIS_CD,SUSP_MINOR_INJ_COUNT,SUSP_SERIOUS_INJ_COUNT,SUV_COUNT,TCD_FUNC_CD,TCD_TYPE,TFC_DETOUR_IND,TIME_OF_DAY,TOT_INJ_COUNT,TOTAL_UNITS,UNB_DEATH_COUNT,UNB_SUSP_SERIOUS_INJ_COUNT,UNBELTED_OCC_COUNT,UNK_INJ_DEG_COUNT,UNK_INJ_PER_COUNT,URBAN_AREA,URBAN_RURAL,VAN_COUNT,VEHICLE_COUNT,WEATHER1,WEATHER2,WORK_ZONE_IND,WORK_ZONE_LOC,WORK_ZONE_TYPE,WORKERS_PRES,WZ_CLOSE_DETOUR,WZ_FLAGGER,WZ_LAW_OFFCR_IND,WZ_LN_CLOSURE,WZ_MOVING,WZ_OTHER,WZ_SHLDER_MDN,WZ_WORKERS_INJ_KILLED
2010048851,1316.0,1,0,0,0,0,0,0,0,0,4,0,,67,4,2010,3,40.0363,-75.0698,1313.0,6,0,0,0,0,0,1,0,0,2.0,0,0,0,13.0,1,1,0,,2,40 02:10.790,2.0,7,75 04:11.336,3,0,0,0,67301,0,0,0,,0,0,0,3,67301,0,,1,1,,N,N,,0,,1,0,1,0,0,Y,1300.0,1,2,0,0,1,0,0,3,4,0,2,3,,N,,,,,,,,,,,
2010061191,1127.0,1,0,0,0,0,0,0,0,0,7,0,,67,6,2010,7,40.0367,-75.0143,1119.0,6,0,0,0,0,0,0,0,0,3.0,0,0,0,11.0,1,3,0,,1,40 02:12.225,2.0,0,75 00:50.810,8,0,0,0,67301,0,0,0,N,0,0,0,3,68K01,0,,2,1,,N,N,,0,,0,0,0,0,0,N,1117.0,3,1,0,0,0,3,0,3,4,0,1,3,,N,,,,,,,,,,,
2010058901,2112.0,0,0,0,0,0,0,0,0,0,0,0,,67,5,2010,4,40.0376,-75.1122,2111.0,6,0,0,0,0,0,0,0,0,9.0,0,0,0,21.0,3,1,0,,1,40 02:15.414,2.0,0,75 06:44.011,3,0,0,1,67301,0,0,0,,0,0,0,1,67301,0,,1,1,,,N,,0,,1,0,0,0,0,N,2109.0,1,1,0,0,0,0,0,3,4,0,1,3,,N,,,,,,,,,,,
2010032612,1721.0,0,0,0,0,0,0,0,0,0,4,0,,67,2,2010,6,39.978,-75.1526,1720.0,6,0,0,0,0,0,0,0,0,,0,0,0,17.0,1,3,1,,0,39 58:40.547,,0,75 09:09.257,8,0,0,0,67301,0,0,0,N,0,0,0,4,67301,0,,1,9,,N,N,,1,,0,0,0,3,2,,1715.0,3,2,0,0,0,3,1,3,4,1,2,3,,N,,,,,,,,,,,
2010032781,150.0,1,0,0,0,0,0,0,0,0,7,0,,67,3,2010,7,39.9656,-75.1372,145.0,6,0,0,0,0,0,0,0,0,,0,0,0,1.0,3,0,3,,0,39 57:56.300,,0,75 08:14.010,0,0,0,0,67301,0,0,0,,0,0,0,1,67301,0,,3,1,,,,,0,,0,0,0,0,0,,140.0,0,1,0,0,1,0,0,3,4,0,1,3,,N,,,,,,,,,,,
2010104912,710.0,2,0,0,0,0,0,0,0,0,4,0,,67,9,2010,1,40.0351,-75.0693,706.0,6,0,0,0,0,0,0,1,0,,0,0,0,7.0,1,1,2,,0,40 02:07.511,,0,75 04:10.636,8,0,0,0,67301,0,0,0,N,0,0,0,2,67301,0,,1,1,,N,N,,0,,0,0,0,3,2,,705.0,1,2,0,0,0,1,0,3,4,0,2,3,,N,,,,,,,,,,,
2010099749,1835.0,0,0,0,1,0,0,0,0,0,1,0,,67,9,2010,7,39.9963,-75.1367,1830.0,6,0,0,0,0,0,0,0,0,,0,0,0,18.0,1,1,0,,0,39 59:46.760,,0,75 08:12.230,4,0,0,0,67301,1,0,0,,0,0,0,2,67301,1,,1,1,,,,,1,,0,0,0,0,0,,1825.0,1,2,0,0,0,0,1,3,4,0,1,3,,N,,,,,,,,,,,
2010099801,825.0,1,0,0,0,0,0,0,0,0,4,0,,67,8,2010,3,40.0166,-75.1472,820.0,6,0,0,0,0,0,2,0,0,,0,0,0,8.0,1,3,1,,0,40 00:59.814,,0,75 08:49.815,3,0,0,0,67301,0,0,0,N,0,0,0,5,67301,1,,1,1,,N,N,,0,,1,0,2,3,2,,810.0,3,3,0,0,0,1,1,3,4,0,3,3,,N,,,,,,,,,,,
2010099825,1305.0,1,0,0,0,0,0,0,0,0,8,0,,67,9,2010,5,40.082,-74.961,9999.0,6,0,0,0,0,0,0,0,0,,0,0,0,13.0,1,1,0,,0,40 04:55.233,,7,74 57:39.617,2,0,0,0,67301,1,0,1,N,1,0,1,3,67301,0,,1,1,,,,,0,,0,1,0,0,0,,1300.0,1,2,0,0,1,0,0,3,4,0,1,3,,N,,,,,,,,,,,
2010110738,800.0,1,0,0,0,0,0,0,0,0,8,0,,67,10,2010,4,39.9546,-75.2354,753.0,6,0,0,0,0,0,0,0,0,,0,0,0,7.0,1,1,0,,0,39 57:16.693,,0,75 14:07.324,8,0,0,0,67301,1,0,0,N,1,0,0,2,67301,0,,1,1,,N,N,,0,,0,0,0,0,0,,750.0,1,2,0,0,0,1,0,3,4,0,1,3,,N,,,,,,,,,,,
2010102404,1628.0,0,0,0,0,0,0,0,0,0,1,0,,67,9,2010,2,40.0169,-75.1515,1625.0,6,0,0,0,0,0,0,0,0,,0,0,0,16.0,1,1,1,,0,40 01:00.965,,0,75 09:05.545,4,0,0,0,67301,0,0,0,N,0,0,0,2,67301,1,,1,98,,N,N,,0,,0,0,1,0,0,,1615.0,1,2,0,0,0,0,0,3,4,1,2,99,,N,,,,,,,,,,,
2010102427,742.0,3,0,0,0,0,0,0,0,0,1,0,,67,9,2010,3,40.0597,-75.138,735.0,6,0,0,0,0,0,2,0,0,2.0,0,0,0,7.0,1,1,0,,1,40 03:35.082,2.0,0,75 08:16.791,4,0,0,0,67301,0,0,0,N,0,0,0,4,67301,1,,1,1,,N,N,,0,,0,0,0,0,0,N,727.0,1,3,0,0,4,0,0,3,4,0,3,3,,N,,,,,,,,,,,
2010113288,1333.0,0,0,0,1,0,1,0,0,0,4,0,,67,9,2010,4,39.9728,-75.2275,1330.0,6,0,0,0,0,0,1,0,0,2.0,0,0,0,13.0,1,1,1,,2,39 58:22.195,5.0,0,75 13:39.140,2,0,0,0,67301,1,0,1,N,0,0,0,2,67301,0,,1,1,,N,N,,0,,0,1,0,9,3,Y,1330.0,1,2,0,0,0,0,0,3,4,1,1,3,,N,,,,,,,,,,,
2010118395,2100.0,1,0,0,0,0,0,0,0,0,1,0,,67,10,2010,7,40.0459,-74.9946,2057.0,6,0,0,0,0,0,0,0,1,,0,0,0,20.0,3,1,1,,0,40 02:44.934,,0,74 59:40.960,8,0,0,0,67301,0,0,0,,0,0,0,2,67301,0,,1,1,,N,N,,1,,0,0,0,3,2,,2055.0,1,2,0,0,1,1,0,3,4,0,2,3,,N,,,,,,,,,,,
2010105082,9999.0,1,0,0,0,0,0,0,0,0,4,0,,67,9,2010,3,40.0227,-75.0899,9999.0,6,0,0,0,0,0,0,0,0,,0,0,0,22.0,3,1,1,,0,40 01:21.878,,0,75 05:23.636,8,0,0,0,67301,0,0,0,,0,0,0,4,67301,0,,1,1,,N,N,,0,,0,0,1,3,3,,2200.0,1,2,0,0,0,1,0,3,4,0,2,3,,N,,,,,,,,,,,
2010102637,9999.0,1,0,0,0,0,0,0,0,0,8,0,,67,9,2010,4,40.0369,-75.1451,1650.0,6,0,0,0,0,0,0,0,0,,0,0,0,16.0,1,1,1,,0,40 02:13.055,,0,75 08:42.701,3,0,0,0,67301,1,0,0,N,1,0,0,2,67301,0,,1,1,,N,N,,0,,1,0,0,0,0,,1645.0,1,2,0,0,0,0,0,3,4,0,1,3,,N,,,,,,,,,,,
2010088802,1117.0,2,0,0,0,0,0,0,0,0,4,0,,67,8,2010,5,39.9739,-75.2293,1114.0,6,0,0,0,0,0,1,0,0,,0,0,0,10.0,1,1,1,,0,39 58:26.122,,0,75 13:45.415,8,0,0,0,67301,0,0,0,,0,0,0,2,67301,0,,1,1,,,,,0,,0,0,0,3,3,,1000.0,1,2,0,0,0,1,0,3,4,0,2,3,,N,,,,,,,,,,,
2010088809,1119.0,0,0,0,0,0,0,0,0,0,7,0,,67,8,2010,7,40.004,-75.1804,1108.0,6,0,0,0,0,0,0,0,0,,0,0,0,11.0,1,1,2,,0,40 00:14.548,,0,75 10:50.194,4,0,0,0,67301,0,0,0,N,0,0,0,1,67301,1,,5,1,,N,N,,0,,0,0,1,3,2,,1105.0,1,1,0,0,0,0,0,3,4,0,1,3,,N,,,,,,,,,,,
2010086029,1613.0,4,0,0,0,0,0,0,0,0,6,0,,67,7,2010,7,39.9435,-75.1705,1610.0,6,0,0,0,0,0,0,0,0,,0,0,0,16.0,1,1,0,,0,39 56:36.760,,0,75 10:13.736,4,0,0,0,67301,0,0,0,N,0,0,0,1,67301,1,,1,1,,N,N,,0,,0,0,0,0,0,,1610.0,1,4,0,0,0,0,0,3,4,0,4,3,,N,,,,,,,,,,,
2010099742,359.0,3,0,0,0,0,0,0,0,0,1,0,,67,9,2010,1,40.0706,-75.0102,354.0,6,0,0,0,0,0,0,0,0,,0,0,0,3.0,3,2,0,,0,40 04:14.231,,0,75 00:36.736,8,0,0,0,67301,0,0,0,N,0,0,0,3,67301,0,,1,1,,N,N,,0,,0,0,0,0,0,,345.0,2,3,0,0,0,2,1,3,4,0,3,3,,N,,,,,,,,,,,
2010051872,908.0,2,0,0,0,0,0,0,0,0,1,0,,67,5,2010,5,39.9895,-75.0876,842.0,6,0,0,0,0,0,2,0,0,,0,0,0,8.0,1,1,0,,0,39 59:22.017,,0,75 05:15.670,8,0,0,0,67301,0,0,0,N,0,0,0,3,68K01,0,,1,1,,N,N,,1,,0,0,0,0,0,,835.0,1,3,0,0,0,1,0,3,4,0,3,3,,N,,,,,,,,,,,
2010052376,1649.0,0,0,0,0,0,0,0,0,0,8,0,,67,5,2010,4,40.0344,-75.1671,1647.0,6,0,0,0,0,0,0,0,0,,0,0,0,16.0,1,1,1,,0,40 02:03.814,,0,75 10:01.534,4,0,0,0,67301,1,0,0,N,1,0,0,2,67301,1,,1,1,,N,N,,0,,0,0,1,3,3,,1640.0,1,2,0,0,0,0,0,3,4,0,1,3,,N,,,,,,,,,,,
2010052384,1115.0,1,0,0,0,0,0,0,0,0,1,0,,67,5,2010,3,40.0063,-75.1939,1115.0,6,0,0,0,0,0,0,0,1,1.0,0,0,0,11.0,1,0,7,,1,40 00:23.964,2.0,2,75 11:36.713,0,0,0,0,67301,0,0,0,N,0,0,0,6,67301,0,,1,1,,N,N,,0,,0,0,0,3,8,N,1115.0,0,2,0,0,0,0,0,3,4,1,2,3,,N,,,,,,,,,,,
2010062292,1208.0,2,0,0,0,0,0,0,0,0,4,0,,67,5,2010,1,39.9167,-75.1596,1205.0,6,0,0,0,0,0,0,0,0,,0,0,0,12.0,1,1,1,,0,39 55:00.037,,0,75 09:34.383,4,0,0,0,67301,0,0,0,N,0,0,0,2,67301,1,,1,1,,N,N,,0,,0,0,0,3,3,,1200.0,1,3,0,0,0,0,0,3,4,1,3,3,,N,,,,,,,,,,,
2010044607,1407.0,0,0,0,0,0,0,0,0,0,4,0,,67,4,2010,7,40.0147,-75.065,1402.0,6,0,0,0,0,0,1,0,0,2.0,0,0,0,14.0,1,1,1,,1,40 00:52.928,2.0,0,75 03:53.895,2,0,1,1,67301,0,0,0,N,0,0,0,2,67301,0,,1,1,,N,N,,0,,0,1,1,0,0,Y,1400.0,1,2,0,0,0,0,0,3,4,0,2,3,,N,,,,,,,,,,,
2010044610,800.0,2,0,0,0,0,0,0,0,0,6,0,,67,4,2010,5,40.0758,-74.9876,755.0,6,0,0,0,0,1,1,0,0,,0,0,0,7.0,1,1,1,,0,40 04:32.945,,0,74 59:15.396,4,0,0,0,67301,0,0,0,N,0,0,0,2,67301,1,,1,1,,N,N,,0,,0,0,0,3,3,,700.0,1,2,0,0,0,0,0,3,4,0,2,3,,N,,,,,,,,,,,
2010062313,1059.0,1,0,0,1,0,0,0,0,0,4,0,,67,5,2010,2,39.9172,-75.2463,1045.0,6,0,0,0,0,0,0,1,0,,0,0,0,10.0,1,1,1,,0,39 55:01.598,,0,75 14:46.968,8,0,0,0,67301,1,0,0,N,0,0,0,2,67301,0,,1,1,,N,N,,0,,0,0,0,3,2,,1045.0,1,2,0,0,0,1,0,3,4,0,1,3,,N,,,,,,,,,,,
2010084144,2345.0,0,0,0,0,0,0,0,0,0,8,0,,67,7,2010,5,39.9302,-75.1566,2322.0,6,0,0,0,0,0,0,0,0,,0,0,0,22.0,3,1,1,,0,39 55:48.694,,0,75 09:23.662,8,0,0,0,67301,1,0,0,,1,0,0,2,67301,0,,1,1,,,,,0,,0,0,0,3,3,,2245.0,1,2,0,0,0,1,0,3,4,0,1,3,,N,,,,,,,,,,,
2010081610,1425.0,2,0,0,0,0,0,0,0,0,1,0,,67,7,2010,3,40.0527,-75.2362,1422.0,6,0,0,0,0,0,1,0,1,,0,0,0,14.0,1,1,1,,0,40 03:08.516,,0,75 14:10.540,8,0,0,0,67301,0,0,0,,0,0,0,2,67301,0,,1,1,,N,N,,0,,0,0,0,3,2,,1420.0,1,2,0,0,0,1,1,3,4,0,2,3,,N,,,,,,,,,,,
2010044805,1800.0,1,0,0,0,0,0,0,0,0,8,0,,67,3,2010,4,40.022,-75.1688,1800.0,6,0,0,0,0,0,0,0,0,,0,0,0,16.0,1,1,2,,0,40 01:19.075,,0,75 10:07.621,2,0,0,0,67301,1,0,1,,1,0,1,2,67301,0,,1,1,,,,,0,,0,1,0,0,0,,1630.0,1,2,0,0,0,0,0,3,4,0,1,3,,N,,,,,,,,,,,
2010044863,9999.0,1,0,0,0,0,0,0,0,0,8,0,,67,3,2010,5,39.9178,-75.2336,9999.0,6,0,0,0,0,0,0,1,0,,0,0,0,99.0,1,1,1,,0,39 55:04.087,,0,75 14:00.909,4,0,0,0,67301,1,0,0,N,1,0,0,4,67301,1,,1,1,,N,N,,0,,0,0,0,9,3,,9999.0,1,2,0,0,0,0,0,3,4,0,1,3,,N,,,,,,,,,,,
2010084565,1637.0,1,0,0,0,0,0,0,0,0,4,0,,67,8,2010,3,39.9936,-75.1005,1631.0,6,0,0,0,0,0,0,0,0,,0,0,0,16.0,1,1,0,,0,39 59:36.784,,0,75 06:01.948,4,0,0,0,67301,0,0,0,,0,0,0,1,67301,1,,6,1,,,,,1,,0,0,1,0,0,,1630.0,1,3,0,0,0,0,0,3,4,0,3,3,,N,,,,,,,,,,,
2010128791,735.0,2,0,0,0,0,0,0,0,0,1,0,,67,12,2010,7,39.9984,-75.1958,731.0,6,0,0,0,0,0,0,0,0,2.0,0,0,0,7.0,1,1,0,,1,39 59:56.244,3.0,0,75 11:44.113,8,0,0,0,67301,0,0,0,N,0,0,0,1,68K01,0,,1,1,,N,N,,0,,0,0,0,0,0,N,726.0,1,2,0,0,1,1,0,3,4,0,2,3,,N,,,,,,,,,,,
2010127998,332.0,1,0,0,0,0,0,0,0,0,7,0,,67,12,2010,5,39.9089,-75.1512,332.0,6,0,0,0,0,0,0,0,0,,0,0,0,3.0,3,0,6,,0,39 54:32.188,,2,75 09:04.173,0,0,0,0,67301,0,0,0,N,0,0,0,1,67501,0,,4,1,,N,N,,0,,0,0,0,0,0,,332.0,0,1,0,0,0,0,0,3,4,0,1,3,,N,,,,,,,,,,,
2010048826,853.0,0,0,0,0,0,0,0,0,0,4,0,,67,4,2010,4,40.0652,-75.1753,857.0,6,0,0,0,0,0,1,0,0,,0,0,0,8.0,1,1,1,,0,40 03:54.737,,0,75 10:31.167,4,0,0,0,67301,0,0,0,N,0,0,0,3,67301,1,,1,1,,N,N,,0,,0,0,2,3,2,,853.0,1,2,0,0,0,0,0,3,4,0,2,3,,N,,,,,,,,,,,
2010048842,1807.0,1,0,0,0,0,0,0,0,0,5,0,,67,4,2010,2,39.9453,-75.1703,1755.0,6,0,0,0,0,0,1,0,0,,0,0,0,17.0,1,1,0,,0,39 56:43.051,,0,75 10:13.119,8,0,0,0,67301,0,0,0,,0,0,0,3,67301,0,,5,1,,N,N,,0,,0,0,1,0,0,,1725.0,1,2,0,0,0,1,0,3,4,0,2,3,,N,,,,,,,,,,,
2010057846,1726.0,1,0,0,0,0,0,0,0,0,1,0,45.0,67,6,2010,5,39.8988,-75.1715,1726.0,6,0,0,0,0,0,1,0,0,,0,0,0,17.0,1,0,0,,0,39 53:56.420,,0,75 10:07.534,0,0,0,0,67301,0,0,0,N,0,0,0,3,68K01,0,,1,1,,N,N,,0,,0,0,2,3,1,,1705.0,0,3,0,0,0,0,0,3,4,0,3,3,,Y,2.0,1.0,Y,N,N,N,Y,N,N,Y,
2010057911,1056.0,1,0,0,0,0,0,0,0,0,4,0,,67,5,2010,2,40.0133,-75.1192,1047.0,6,0,0,0,0,0,0,0,0,,0,0,0,99.0,1,2,0,,0,40 00:47.731,,7,75 07:09.066,8,0,0,0,67301,0,0,0,,0,0,0,4,67301,0,,2,1,,,,,0,,0,0,0,3,3,,9999.0,2,2,0,0,0,2,0,3,4,1,2,3,,N,,,,,,,,,,,
2010039236,1850.0,2,0,0,0,0,0,0,0,0,4,0,,67,3,2010,6,40.0804,-74.9771,1840.0,6,1,0,0,0,0,0,0,0,1.0,0,0,0,18.0,3,1,1,,1,40 04:49.584,1.0,0,74 58:37.727,4,0,0,0,67301,0,0,0,,0,0,0,2,67301,1,,1,9,,N,N,,0,,0,0,0,3,2,N,1835.0,1,2,0,0,0,0,0,3,4,0,2,7,,N,,,,,,,,,,,
2010039247,1400.0,3,0,0,0,0,0,0,0,0,5,0,,67,4,2010,5,39.9111,-75.1849,1353.0,6,0,0,0,0,0,0,0,0,,0,0,0,13.0,1,2,0,,0,39 54:40.015,,0,75 11:05.723,8,0,0,0,67301,0,0,0,N,0,0,0,3,67301,0,,1,1,,N,N,,0,,0,0,0,0,0,,1350.0,2,3,0,0,0,2,0,3,4,0,3,3,,N,,,,,,,,,,,
2010075904,2157.0,1,0,0,0,0,0,0,0,0,1,0,,67,7,2010,5,40.1048,-75.0016,2149.0,6,0,0,0,0,0,0,0,0,1.0,0,0,0,21.0,3,1,1,,1,40 06:17.424,2.0,0,75 00:05.687,4,0,0,1,67301,0,0,0,,0,0,0,2,67301,1,,1,1,,,,,0,,0,0,0,3,2,N,2148.0,1,2,0,0,0,0,0,3,4,0,2,3,,N,,,,,,,,,,,
2010071111,650.0,1,0,0,0,0,0,0,0,0,7,0,,67,7,2010,1,39.8856,-75.2091,638.0,6,0,0,0,0,0,1,0,0,,0,0,0,6.0,1,0,0,,0,39 53:32.735,,0,75 11:50.894,0,0,0,0,67301,0,0,0,N,0,0,0,1,68K01,0,,4,1,,N,N,,0,,0,0,0,0,0,,634.0,0,1,0,0,0,0,0,3,4,0,1,3,,N,,,,,,,,,,,
2010032766,1710.0,1,0,0,0,0,0,0,0,0,1,0,,67,2,2010,4,40.0234,-75.0481,1703.0,6,0,0,0,0,0,0,0,0,,0,0,0,16.0,1,1,0,,0,40 01:24.350,,0,75 02:53.157,4,0,0,0,67301,0,0,0,N,0,0,0,2,67301,1,,1,1,,N,N,,0,,0,0,1,0,0,,1655.0,1,2,0,0,0,0,0,3,4,0,2,3,,N,,,,,,,,,,,
2010083441,2144.0,1,0,0,0,0,0,0,0,0,7,0,,67,8,2010,6,39.9509,-75.1412,2138.0,6,0,0,0,0,0,0,0,0,1.0,0,0,0,21.0,3,1,0,,2,39 57:05.253,1.0,2,75 08:28.268,3,0,0,0,67301,0,0,0,Y,0,0,0,1,68K01,0,,3,1,,N,N,,0,,1,0,0,0,0,Y,2136.0,1,1,0,0,0,0,0,3,4,0,1,3,,N,,,,,,,,,,,
2010026590,1903.0,1,0,0,0,0,0,0,0,0,5,0,,67,3,2010,2,39.9681,-75.1905,1859.0,6,0,0,1,0,0,1,0,0,1.0,0,0,0,18.0,4,1,0,,1,39 58:10.347,4.0,0,75 11:32.008,8,0,0,0,67301,0,0,0,N,0,0,0,8,68K01,0,,1,1,,N,N,,0,,0,0,0,0,0,N,1857.0,1,2,0,0,0,1,0,3,4,1,2,3,,N,,,,,,,,,,,
2010110747,1012.0,2,0,0,0,0,0,0,0,0,4,0,,67,10,2010,7,40.0704,-75.241,1008.0,6,0,0,0,0,0,1,0,0,2.0,0,0,0,10.0,1,1,2,,1,40 04:14.518,1.0,0,75 14:28.199,8,0,0,0,67301,0,0,0,,0,0,0,2,67301,0,,1,1,,,,,0,,0,0,0,0,0,N,1000.0,1,2,0,0,0,1,0,3,4,0,2,3,,N,,,,,,,,,,,
2010118085,1900.0,2,0,0,0,0,0,0,0,0,4,0,,67,10,2010,4,39.9527,-75.2448,1900.0,6,0,0,0,0,0,0,0,0,,0,0,0,16.0,1,1,1,,0,39 57:09.608,,0,75 14:41.107,4,0,0,0,67301,0,0,0,N,0,0,0,2,67301,1,,1,1,,N,N,,0,,0,0,0,3,2,,1630.0,1,2,0,0,0,0,1,3,4,0,2,3,,N,,,,,,,,,,,
2010102534,9999.0,1,0,0,0,0,0,1,0,0,5,1,,67,9,2010,4,40.0915,-74.9827,9999.0,6,0,0,0,0,0,2,0,0,,0,0,0,99.0,1,2,0,,0,40 05:29.294,,0,74 58:57.591,4,0,0,0,67301,0,0,0,,0,0,0,4,67301,2,,1,1,,,,,0,,0,0,0,0,0,,9999.0,2,2,0,0,0,0,0,3,4,0,2,3,,N,,,,,,,,,,,
2010105059,1125.0,1,0,0,0,0,0,0,0,0,7,0,,67,9,2010,2,40.0277,-75.0609,1120.0,6,0,0,0,0,1,0,0,0,,0,0,0,11.0,1,1,0,,0,40 01:39.601,,0,75 03:39.334,3,0,0,0,67301,0,0,0,N,0,0,0,1,67301,0,,5,1,,N,N,,0,,1,0,0,0,0,,1100.0,1,1,0,0,0,0,0,3,4,0,1,3,,N,,,,,,,,,,,
2010001139,2229.0,2,0,0,0,0,0,0,0,0,1,0,,67,1,2010,7,39.9951,-75.2397,2225.0,6,0,0,0,0,0,0,0,0,,0,0,0,22.0,3,0,0,,0,39 59:44.249,,0,75 14:18.488,0,0,0,0,67301,0,0,0,N,0,0,0,5,46104,0,,1,1,,N,N,,1,,0,0,1,0,0,,2220.0,0,4,0,0,0,0,0,3,4,0,4,3,,N,,,,,,,,,,,
2010029391,1130.0,1,0,0,0,0,0,0,0,0,1,1,,67,3,2010,2,40.0405,-75.0058,1125.0,6,0,0,0,0,0,1,0,0,2.0,0,1,0,11.0,1,1,0,,1,40 02:26.027,1.0,0,75 00:20.520,4,0,0,0,67301,0,0,0,N,0,0,0,2,68K01,1,,1,1,,N,N,,0,,0,0,0,0,0,N,1122.0,1,2,0,0,0,0,0,3,4,0,2,3,,N,,,,,,,,,,,
2010039219,1914.0,0,0,0,0,0,0,0,0,0,8,0,,67,3,2010,3,40.0009,-75.1103,1914.0,6,0,0,0,0,0,0,0,0,,0,0,0,19.0,3,1,1,,0,40 00:03.094,,0,75 06:37.166,8,0,0,0,67301,1,0,0,N,1,0,0,2,67301,0,,1,1,,N,N,,0,,0,0,0,3,2,,1913.0,1,2,0,0,0,1,0,3,4,1,1,3,,N,,,,,,,,,,,
2010088662,2116.0,1,0,0,0,0,0,0,0,0,8,0,,67,7,2010,6,39.9833,-75.1761,2113.0,6,0,0,0,0,0,0,0,0,,0,0,0,21.0,3,1,0,,0,39 58:59.888,,0,75 10:34.010,4,0,0,0,67301,1,0,0,,1,0,0,2,67301,1,,1,1,,,N,,0,,0,0,0,0,0,,2100.0,1,2,0,0,0,0,0,3,4,0,1,3,,N,,,,,,,,,,,
2010088704,1810.0,0,0,0,0,0,0,0,0,0,8,0,,67,8,2010,3,40.113,-75.023,1745.0,6,0,0,0,0,0,0,0,0,,0,0,0,13.0,1,1,1,,0,40 06:46.663,,0,75 01:22.836,3,0,0,0,67301,1,0,0,N,1,0,0,2,67301,0,,1,1,,N,N,,1,,1,0,0,3,2,,1300.0,1,2,0,0,0,0,1,3,4,0,1,3,,N,,,,,,,,,,,
2010091246,1307.0,2,0,0,0,0,0,0,0,0,4,0,,67,8,2010,4,40.0314,-75.0849,1303.0,6,0,0,0,0,0,0,0,0,2.0,0,0,0,13.0,1,2,5,,1,40 01:53.211,2.0,0,75 05:04.703,4,0,0,0,67301,0,0,0,N,0,0,0,3,67301,2,,1,1,,N,N,,0,,0,0,0,3,2,N,1302.0,2,2,0,0,0,0,1,3,4,0,2,3,,N,,,,,,,,,,,
2010091247,1530.0,1,0,0,0,0,0,0,0,0,7,0,,67,8,2010,5,40.007,-75.192,1530.0,6,0,0,0,0,0,0,0,0,1.0,0,0,0,15.0,1,0,0,,1,40 00:25.338,3.0,0,75 11:31.044,0,0,0,0,67301,0,0,0,,0,0,0,1,67301,0,,2,1,,,,,0,,0,0,0,0,0,N,1530.0,0,1,0,0,0,0,0,3,4,0,1,3,,N,,,,,,,,,,,
2010088749,1050.0,1,0,0,0,0,0,0,0,0,4,0,,67,8,2010,4,40.0232,-75.1137,1048.0,6,0,0,1,0,0,1,0,0,,0,0,0,10.0,1,1,0,,0,40 01:23.524,,7,75 06:49.301,4,0,0,0,67301,0,0,0,,0,0,0,2,67301,1,,1,9,,,,,0,,0,0,1,0,0,,1040.0,1,2,0,0,1,0,0,3,4,0,2,7,,N,,,,,,,,,,,
2010088761,2207.0,0,0,0,0,0,0,0,0,0,4,0,,67,8,2010,4,40.0314,-75.1548,2204.0,6,0,0,0,0,0,0,0,0,,0,0,0,21.0,3,1,1,,0,40 01:53.151,,0,75 09:17.114,4,0,0,1,67301,0,0,0,N,0,0,0,2,67301,1,,1,1,,N,N,,0,,0,0,1,3,2,,2159.0,1,2,0,0,0,0,0,3,4,0,2,3,,N,,,,,,,,,,,
2010088842,1130.0,1,0,0,0,0,0,0,0,0,6,0,,67,8,2010,5,40.0354,-75.1887,1120.0,6,0,0,0,0,0,0,0,0,2.0,0,0,0,11.0,1,1,0,,1,40 02:07.440,4.0,0,75 11:19.360,3,0,0,0,67301,0,0,0,N,0,0,0,2,67301,0,,1,9,,N,N,,0,,1,0,1,0,0,N,1120.0,1,2,0,0,0,0,0,3,4,0,2,7,,N,,,,,,,,,,,