CRN,ARRIVAL_TM,AUTOMOBILE_COUNT,BELTED_DEATH_COUNT,BELTED_SUSP_SERIOUS_INJ_COUNT,BICYCLE_COUNT,BICYCLE_DEATH_COUNT,BICYCLE_SUSP_SERIOUS_INJ_COUNT,BUS_COUNT,CHLDPAS_DEATH_COUNT,CHLDPAS_SUSP_SERIOUS_INJ_COUNT,COLLISION_TYPE,COMM_VEH_COUNT,CONS_ZONE_SPD_LIM,COUNTY,CRASH_MONTH,CRASH_YEAR,DAY_OF_WEEK,DEC_LAT,DEC_LONG,DISPATCH_TM,DISTRICT,DRIVER_COUNT_16YR,DRIVER_COUNT_17YR,DRIVER_COUNT_18YR,DRIVER_COUNT_19YR,DRIVER_COUNT_20YR,DRIVER_COUNT_50_64YR,DRIVER_COUNT_65_74YR,DRIVER_COUNT_75PLUS,EST_HRS_CLOSED,FATAL_COUNT,HEAVY_TRUCK_COUNT,HORSE_BUGGY_COUNT,HOUR_OF_DAY,ILLUMINATION,INJURY_COUNT,INTERSECT_TYPE,INTERSECTION_RELATED,LANE_CLOSED,LATITUDE,LN_CLOSE_DIR,LOCATION_TYPE,LONGITUDE,MAX_SEVERITY_LEVEL,MCYCLE_DEATH_COUNT,MCYCLE_SUSP_SERIOUS_INJ_COUNT,MOTORCYCLE_COUNT,MUNICIPALITY,NONMOTR_COUNT,NONMOTR_DEATH_COUNT,NONMOTR_SUSP_SERIOUS_INJ_COUNT,NTFY_HIWY_MAINT,PED_COUNT,PED_DEATH_COUNT,PED_SUSP_SERIOUS_INJ_COUNT,PERSON_COUNT,POLICE_AGCY,POSSIBLE_INJ_COUNT,RDWY_SURF_TYPE_CD,RELATION_TO_ROAD,ROAD_CONDITION,ROADWAY_CLEARED,SCH_BUS_IND,SCH_ZONE_IND,SECONDARY_CRASH,SMALL_TRUCK_COUNT,SPEC_JURIS_CD,SUSP_MINOR_INJ_COUNT,SUSP_SERIOUS_INJ_COUNT,SUV_COUNT,TCD_FUNC_CD,TCD_TYPE,TFC_DETOUR_IND,TIME_OF_DAY,TOT_INJ_COUNT,TOTAL_UNITS,UNB_DEATH_COUNT,UNB_SUSP_SERIOUS_INJ_COUNT,UNBELTED_OCC_COUNT,UNK_INJ_DEG_COUNT,UNK_INJ_PER_COUNT,URBAN_AREA,URBAN_RURAL,VAN_COUNT,VEHICLE_COUNT,WEATHER1,WEATHER2,WORK_ZONE_IND,WORK_ZONE_LOC,WORK_ZONE_TYPE,WORKERS_PRES,WZ_CLOSE_DETOUR,WZ_FLAGGER,WZ_LAW_OFFCR_IND,WZ_LN_CLOSURE,WZ_MOVING,WZ_OTHER,WZ_SHLDER_MDN,WZ_WORKERS_INJ_KILLED
2010105674,1529.0,1,0,0,0,0,0,0,0,0,8,0,,67,9,2010,2,39.992,-75.113,1527.0,6,0,0,0,0,0,0,0,0,,0,0,0,15.0,1,1,0,,0,39 59:31.030,,0,75 06:46.672,4,0,0,0,67301,1,0,0,N,1,0,0,2,67301,1,,1,9,,N,N,,0,,0,0,0,0,0,,1525.0,1,2,0,0,0,0,0,3,4,0,1,7,,N,,,,,,,,,,,
2010085545,1032.0,2,0,0,0,0,0,0,0,0,1,0,,67,9,2010,7,39.8884,-75.203,1027.0,6,0,0,0,0,0,0,1,0,,0,0,0,10.0,1,0,0,,0,39 53:50.164,,3,75 11:16.690,0,0,0,0,67301,0,0,0,N,0,0,0,2,68K01,0,,1,1,,N,N,,0,,0,0,0,0,0,,1021.0,0,2,0,0,0,0,0,3,4,0,2,3,,N,,,,,,,,,,,
2010117914,1057.0,2,0,0,0,0,0,0,0,0,5,0,,67,10,2010,7,40.0304,-75.1096,1043.0,6,0,0,0,0,0,1,0,0,,0,0,0,8.0,1,0,0,,0,40 01:49.530,,0,75 06:34.380,0,0,0,0,67301,0,0,0,N,0,0,0,1,67301,0,,6,9,,N,N,,0,,0,0,1,0,0,,835.0,0,3,0,0,0,0,0,3,4,0,3,3,,N,,,,,,,,,,,
2010117926,856.0,1,0,0,0,0,0,0,0,0,7,0,99.0,67,10,2010,6,40.0359,-75.1087,836.0,6,0,0,0,0,0,0,0,0,,0,0,0,99.0,8,0,0,,0,40 02:08.611,,0,75 06:31.206,9,0,0,0,67301,0,0,0,,0,0,0,1,67301,0,,2,98,,N,N,,0,,0,0,0,0,0,,9999.0,0,1,0,0,0,0,1,3,4,0,1,99,,Y,4.0,3.0,N,,,N,,,,Y,
2010053171,1545.0,2,0,0,0,0,0,0,0,0,1,0,,67,4,2010,2,39.8999,-75.1617,1533.0,6,0,0,1,0,0,0,0,0,1.0,0,0,0,15.0,1,0,0,,2,39 54:00.406,2.0,0,75 09:35.218,0,0,0,0,67301,0,0,0,N,0,0,0,7,68K01,0,,1,1,,N,N,,0,,0,0,1,0,0,N,1530.0,0,3,0,0,0,0,0,3,4,0,3,3,,N,,,,,,,,,,,
2010077159,1211.0,2,0,0,0,0,0,0,0,0,1,0,,67,8,2010,7,40.0252,-75.1253,1207.0,6,0,0,0,0,0,0,0,0,1.0,0,0,0,12.0,1,1,0,,2,40 01:30.693,1.0,0,75 07:31.151,8,0,0,0,67301,0,0,0,N,0,0,0,3,67301,0,,1,1,,N,N,,0,,0,0,0,0,0,N,1206.0,1,2,0,0,0,1,0,3,4,0,2,3,,N,,,,,,,,,,,
2010074884,1840.0,2,0,0,1,0,0,0,0,0,4,0,,67,6,2010,7,39.9634,-75.1974,1833.0,6,0,0,0,0,0,0,0,0,4.0,0,1,0,18.0,1,2,2,,2,39 57:48.280,1.0,0,75 11:50.607,4,0,0,0,67301,1,0,0,,0,0,0,3,67301,2,,1,1,,,,,0,,0,0,0,3,3,Y,1830.0,2,4,0,0,0,0,0,3,4,0,3,3,,N,,,,,,,,,,,
2010069874,408.0,1,0,0,1,0,0,0,0,0,4,0,,67,6,2010,7,39.9325,-75.1696,407.0,6,0,0,0,0,0,0,0,0,,0,0,0,4.0,3,1,0,,0,39 55:57.115,,0,75 10:10.717,8,0,0,0,67301,1,0,0,N,0,0,0,2,67301,0,,1,1,,N,N,,0,,0,0,0,0,0,,404.0,1,2,0,0,0,1,1,3,4,0,1,3,,N,,,,,,,,,,,
2010059612,2258.0,4,0,0,0,0,0,0,0,0,4,0,,67,4,2010,3,39.9552,-75.2116,2256.0,6,0,0,0,0,0,1,0,0,,0,0,0,21.0,3,3,1,,0,39 57:18.878,,0,75 12:41.782,4,0,0,0,67301,0,0,0,N,0,0,0,3,67301,3,,1,1,,N,N,,0,,0,0,0,3,2,,2116.0,3,4,0,0,0,0,0,3,4,0,4,3,,N,,,,,,,,,,,
2010081452,50.0,1,0,0,0,0,0,0,0,0,4,0,,67,7,2010,3,40.0166,-75.0643,48.0,6,0,0,1,0,0,0,0,0,,0,0,0,0.0,3,4,1,,0,40 00:59.738,,0,75 03:51.440,4,0,0,0,67301,0,0,0,N,0,0,0,4,67301,4,,1,1,,N,N,,1,,0,0,0,3,3,,46.0,4,2,0,0,0,0,0,3,4,0,2,3,,N,,,,,,,,,,,
2010084196,2020.0,2,0,0,0,0,0,0,0,0,1,0,,67,7,2010,7,39.9482,-75.1644,2015.0,6,0,0,0,0,0,0,0,0,,0,0,0,20.0,4,2,0,,0,39 56:53.353,,0,75 09:51.985,4,0,0,0,67301,0,0,0,N,0,0,0,3,67301,2,,1,1,,N,N,,0,,0,0,0,0,0,,2015.0,2,2,0,0,0,0,1,3,4,0,2,3,,N,,,,,,,,,,,
2010084197,331.0,3,0,0,0,0,0,0,0,0,4,0,,67,7,2010,7,39.9456,-75.1483,327.0,6,0,0,0,0,0,0,0,0,9.0,0,0,0,3.0,3,0,0,,1,39 56:44.023,2.0,0,75 08:53.876,9,0,0,0,67301,0,0,0,,0,0,0,3,67301,0,,4,1,,N,,,0,,0,0,0,0,0,N,315.0,0,3,0,0,0,0,2,3,4,0,3,3,,N,,,,,,,,,,,
2010051871,1604.0,2,0,0,0,0,0,0,0,0,1,0,,67,5,2010,2,39.953,-75.1818,1546.0,6,0,0,0,0,1,0,0,0,1.0,0,0,0,15.0,1,0,0,,1,39 57:15.249,4.0,0,75 10:52.278,0,0,0,0,67301,0,0,0,N,0,0,0,3,68K01,0,,1,9,,N,N,,0,,0,0,0,0,0,N,1541.0,0,2,0,0,0,0,0,3,4,0,2,7,,N,,,,,,,,,,,
2010052383,1720.0,1,0,0,0,0,0,0,0,0,1,0,,67,5,2010,2,39.9772,-75.2654,1645.0,6,0,0,0,0,0,0,0,0,,0,0,0,14.0,1,1,2,,0,39 58:37.944,,0,75 15:55.640,4,0,0,0,67301,0,0,0,N,0,0,0,2,67301,1,,1,1,,N,N,,0,,0,0,1,3,2,,1415.0,1,2,0,0,0,0,1,3,4,0,2,3,,N,,,,,,,,,,,
2010062237,1900.0,2,0,0,0,0,0,0,0,0,4,0,,67,5,2010,4,39.9887,-75.1622,1855.0,6,0,0,0,0,0,0,0,1,2.0,0,0,0,18.0,1,2,1,,2,39 59:19.286,1.0,0,75 09:44.050,8,0,0,0,67301,0,0,0,,0,0,0,2,67301,0,,1,1,,,,,0,,0,0,0,3,2,Y,1854.0,2,2,0,0,0,2,0,3,4,0,2,3,,N,,,,,,,,,,,
2010044531,1610.0,1,0,0,0,0,0,0,0,0,8,0,,67,3,2010,3,40.0099,-75.1413,1554.0,6,0,0,0,0,0,0,0,0,,0,0,0,15.0,1,1,0,,0,40 00:35.694,,0,75 08:28.791,4,0,0,0,67301,1,0,0,N,1,0,0,3,67301,1,,1,9,,N,N,,0,,0,0,0,0,0,,1530.0,1,2,0,0,2,0,0,3,4,0,1,7,,N,,,,,,,,,,,
2010062244,1615.0,0,0,0,0,0,0,1,0,0,1,1,,67,6,2010,4,40.1348,-75.0149,1608.0,6,0,0,0,0,0,1,0,0,,0,0,0,15.0,1,1,1,,0,40 08:05.424,,0,75 00:53.693,8,0,0,0,67301,0,0,0,N,0,0,0,2,67301,0,,1,1,,Y,N,,1,,0,0,0,0,0,,1540.0,1,2,0,0,0,1,1,3,4,0,2,3,,N,,,,,,,,,,,
2010084067,1408.0,0,0,0,0,0,0,0,0,0,7,0,,67,8,2010,5,39.9105,-75.1498,1355.0,6,0,0,0,0,0,1,0,0,1.0,0,0,0,13.0,1,1,0,,1,39 54:39.319,1.0,2,75 08:54.949,4,0,0,1,67301,0,0,0,N,0,0,0,1,68K01,1,,2,1,,N,N,,0,,0,0,0,0,0,N,1352.0,1,1,0,0,0,0,0,3,4,0,1,3,,N,,,,,,,,,,,
2010044579,320.0,2,0,0,0,0,0,0,0,0,4,0,,67,4,2010,6,40.11,-75.0252,409.0,6,0,0,0,0,0,0,0,0,1.0,0,0,0,3.0,3,1,0,,2,40 06:35.904,1.0,0,75 01:30.664,4,0,0,0,67301,0,0,0,N,0,0,0,3,67301,1,,1,9,,N,N,,0,,0,0,0,3,2,N,305.0,1,2,0,0,0,0,0,3,4,0,2,7,,N,,,,,,,,,,,
2010081609,2237.0,2,0,0,0,0,0,0,0,0,4,0,,67,7,2010,1,40.0105,-75.2011,2223.0,6,0,0,1,0,0,0,0,0,,0,0,0,22.0,3,0,0,,0,40 00:36.464,,7,75 11:59.660,0,0,0,0,67301,0,0,0,N,0,0,0,3,67301,0,,1,1,,N,N,,0,,0,0,0,0,0,,2223.0,0,2,0,0,0,0,0,3,4,0,2,3,,N,,,,,,,,,,,
2010062059,2223.0,1,0,0,0,0,0,0,0,0,8,0,,67,4,2010,6,39.9679,-75.2104,2212.0,6,0,0,0,0,0,0,0,0,,0,0,0,22.0,3,1,0,,0,39 58:04.592,,0,75 12:37.576,4,0,0,0,67301,1,0,0,N,1,0,0,2,67301,1,,1,9,,N,N,,0,,0,0,0,0,0,,2200.0,1,2,0,0,0,0,0,3,4,0,1,7,,N,,,,,,,,,,,
2010062096,1530.0,1,0,0,0,0,0,0,0,0,1,0,,67,4,2010,3,39.9615,-75.1534,1525.0,6,0,0,0,0,0,1,0,0,,0,0,0,15.0,1,1,0,,0,39 57:41.538,,0,75 09:12.269,4,0,0,0,67301,0,0,0,N,0,0,0,3,67301,1,,1,1,,N,N,,1,,0,0,0,0,0,,1523.0,1,2,0,0,0,0,0,3,4,0,2,3,,N,,,,,,,,,,,
2010044856,1900.0,2,0,0,0,0,0,0,0,0,4,0,,67,4,2010,7,40.0101,-75.1576,1800.0,6,0,0,1,0,0,0,0,0,,0,0,0,18.0,1,1,1,,0,40 00:36.235,,0,75 09:27.174,8,0,0,0,67301,0,0,0,,0,0,0,2,67301,0,,1,1,,,,,0,,0,0,0,3,2,,1830.0,1,2,0,0,0,1,0,3,4,0,2,3,,N,,,,,,,,,,,
2010044870,1745.0,1,0,0,0,0,0,0,0,0,4,0,,67,4,2010,5,40.0116,-75.1123,1735.0,6,0,0,0,0,0,1,0,0,,0,0,0,17.0,1,5,0,,0,40 00:41.734,,7,75 06:44.233,4,0,0,0,67301,0,0,0,,0,0,0,6,67301,4,,1,1,,,,,0,,0,0,1,0,0,,1715.0,5,2,0,0,0,1,0,3,4,0,2,3,,N,,,,,,,,,,,
2010084588,725.0,2,0,0,0,0,0,0,0,0,1,0,,67,7,2010,4,40.1131,-74.9893,716.0,6,0,0,0,0,0,0,0,0,1.0,0,0,0,7.0,1,1,0,,1,40 06:47.097,1.0,0,74 59:21.403,8,0,0,0,67301,0,0,0,N,0,0,0,4,67301,0,,1,1,,N,N,,0,,0,0,0,0,0,N,715.0,1,3,0,0,0,1,0,3,4,1,3,3,,N,,,,,,,,,,,
2010050546,2123.0,2,0,0,0,0,0,0,0,0,0,0,,67,5,2010,2,39.9223,-75.1479,2110.0,6,0,0,0,0,0,2,0,0,,0,0,0,21.0,3,0,0,,0,39 55:19.844,,0,75 08:52.332,0,0,0,0,67301,0,0,0,N,0,0,0,3,68K01,0,,1,1,,N,N,,1,,0,0,0,0,0,,2107.0,0,3,0,0,0,0,0,3,4,0,3,3,,N,,,,,,,,,,,
2010050548,1430.0,1,0,0,0,0,0,0,0,0,7,0,,67,5,2010,7,39.8784,-75.2507,1413.0,6,0,0,0,0,0,0,0,0,,0,0,0,14.0,1,1,0,,0,39 52:42.301,,0,75 15:02.618,8,0,0,0,67301,0,0,0,N,0,0,0,1,68K01,0,,2,1,,N,N,,0,,0,0,0,0,0,,1410.0,1,1,0,0,0,1,0,3,4,0,1,3,,N,,,,,,,,,,,
2010129753,852.0,3,0,0,0,0,0,0,0,0,4,0,,67,12,2010,3,39.9577,-75.1624,850.0,6,0,0,0,0,0,0,0,0,1.0,0,0,0,8.0,1,0,0,,2,39 57:27.542,4.0,0,75 09:44.544,0,0,0,0,67301,0,0,0,N,0,0,0,4,67501,0,,1,2,,N,N,,0,,0,0,0,0,0,Y,848.0,0,3,0,0,0,0,0,3,4,0,3,3,,N,,,,,,,,,,,
2010048850,1427.0,1,0,0,0,0,0,0,0,0,4,0,,67,4,2010,1,39.9173,-75.1746,1427.0,6,0,0,0,0,0,0,0,1,,0,0,0,14.0,1,1,1,,0,39 55:02.334,,0,75 10:28.574,8,0,0,0,67301,0,0,0,N,0,0,0,4,67301,0,,1,9,,N,N,,0,,0,0,1,3,2,,1424.0,1,2,0,0,0,1,0,3,4,0,2,7,,N,,,,,,,,,,,
2010048861,1746.0,3,0,0,0,0,0,0,0,0,1,0,,67,4,2010,6,39.997,-75.1174,1744.0,6,0,0,0,0,0,0,1,0,,0,0,0,17.0,1,1,1,,0,39 59:49.087,,0,75 07:02.700,4,0,0,0,67301,0,0,0,N,0,0,0,3,67301,1,,1,1,,N,N,,0,,0,0,0,3,2,,1740.0,1,3,0,0,0,0,0,3,4,0,3,7,,N,,,,,,,,,,,
2010060293,1931.0,1,0,0,0,0,0,0,0,0,4,0,,67,5,2010,7,39.9943,-75.121,1931.0,6,0,0,0,0,0,0,0,0,,0,0,0,19.0,1,2,2,,0,39 59:39.490,,0,75 07:15.520,8,0,0,1,67301,0,0,0,,0,0,0,2,67301,0,,1,1,,,,,0,,0,0,0,3,3,,1930.0,2,2,0,0,0,2,0,3,4,0,2,3,,N,,,,,,,,,,,
2010060302,1400.0,2,0,0,0,0,0,0,0,0,1,0,,67,5,2010,6,40.0488,-75.0589,1400.0,6,0,0,0,0,0,0,0,0,,0,0,0,14.0,1,2,0,,0,40 02:55.801,,0,75 03:31.872,8,0,0,0,67301,0,0,0,N,0,0,0,3,67301,0,,1,1,,N,N,,0,,0,0,0,0,0,,1400.0,2,2,0,0,0,2,0,3,4,0,2,3,,N,,,,,,,,,,,
2010058890,853.0,0,0,0,0,0,0,0,0,0,8,0,,67,5,2010,4,40.0168,-75.0839,847.0,6,0,0,0,0,0,0,0,0,,0,0,0,99.0,5,1,0,,0,40 01:00.515,,0,75 05:01.917,4,0,0,0,67301,1,0,0,N,1,0,0,2,67301,1,,1,9,,N,N,,0,,0,0,0,3,2,,9999.0,1,2,0,0,0,0,0,3,4,1,1,7,,N,,,,,,,,,,,
2010073377,2315.0,0,0,0,0,0,0,0,0,0,4,0,,67,6,2010,6,40.0971,-75.0182,2311.0,6,0,1,0,0,0,0,0,0,,0,0,0,23.0,3,3,1,,0,40 05:49.711,,0,75 01:05.375,4,0,0,0,67301,0,0,0,,0,0,0,9,67301,1,,1,1,,,,,0,,0,0,1,3,2,,2300.0,3,2,0,0,0,2,0,3,4,1,2,3,,N,,,,,,,,,,,
2010032762,1742.0,1,0,0,0,0,0,0,0,0,4,0,,67,3,2010,5,39.9837,-75.1365,1740.0,6,0,0,0,0,0,0,0,0,1.0,0,0,0,17.0,1,1,1,,1,39 59:01.460,4.0,0,75 08:11.468,8,0,0,0,67301,0,0,0,N,0,0,0,2,67301,0,,1,1,,N,N,,0,,0,0,1,3,2,N,1740.0,1,2,0,0,0,1,1,3,4,0,2,3,,N,,,,,,,,,,,
2010112755,1032.0,1,0,0,0,0,0,0,0,0,5,0,,67,11,2010,4,39.8988,-75.1711,1025.0,6,0,0,0,0,0,1,0,0,1.0,0,0,0,10.0,1,0,0,,1,39 53:56.555,2.0,0,75 10:06.408,0,0,0,0,67301,0,0,0,N,0,0,0,2,68K01,0,,1,1,,N,N,,0,,0,0,1,0,0,N,1011.0,0,2,0,0,0,0,0,3,4,0,2,3,,N,,,,,,,,,,,
2010099840,9999.0,3,0,1,0,0,0,0,0,0,1,0,,67,9,2010,7,39.9898,-75.1255,2130.0,6,0,0,0,0,0,1,0,0,,0,0,0,19.0,4,2,0,,0,39 59:23.245,,99,75 07:31.877,2,0,0,0,67301,0,0,0,N,0,0,0,5,67301,1,,1,1,,N,N,,0,,0,1,0,9,9,,1925.0,2,3,0,0,0,0,3,3,4,0,3,3,,N,,,,,,,,,,,
2010115651,9999.0,2,0,0,0,0,0,0,0,0,6,0,,67,10,2010,3,40.009,-75.1011,9999.0,6,0,0,1,0,0,0,0,0,,0,0,0,99.0,1,0,2,,0,40 00:32.493,,0,75 06:03.887,0,0,0,0,67301,0,0,0,,0,0,0,2,67301,0,,1,9,,,,,0,,0,0,0,3,3,,9999.0,0,2,0,0,0,0,0,3,4,0,2,7,,N,,,,,,,,,,,
2010102527,805.0,1,0,0,0,0,0,0,0,0,7,0,,67,9,2010,1,39.9026,-75.2249,805.0,6,0,0,0,0,0,0,0,0,,0,0,0,8.0,1,0,2,,0,39 54:09.198,,0,75 13:29.577,0,0,0,0,67301,0,0,0,N,0,0,0,2,67301,0,,2,9,,N,N,,0,,0,0,0,3,2,,800.0,0,1,0,0,0,0,0,3,4,0,1,7,,N,,,,,,,,,,,
2010102542,1120.0,1,0,0,0,0,0,0,0,0,1,0,,67,9,2010,7,40.0054,-75.1094,115.0,6,0,0,1,0,0,0,0,0,,0,0,0,23.0,3,1,1,,0,40 00:19.420,,0,75 06:33.689,8,0,0,0,67301,0,0,0,N,0,0,0,3,67301,0,,1,1,,N,N,,1,,0,0,0,3,2,,2355.0,1,2,0,0,1,1,1,3,4,0,2,3,,N,,,,,,,,,,,
2010115418,1910.0,2,0,0,0,0,0,0,0,0,4,0,,67,10,2010,6,40.006,-75.0933,1900.0,6,0,0,0,0,0,0,0,0,,0,0,0,13.0,1,1,1,,0,40 00:21.451,,0,75 05:35.746,4,0,0,0,67301,0,0,0,,0,0,0,3,67301,1,,1,1,,,,,0,,0,0,0,3,2,,1300.0,1,2,0,0,0,0,0,3,4,0,2,3,,N,,,,,,,,,,,
2010091836,943.0,2,0,0,0,0,0,0,0,0,1,0,,67,9,2010,5,39.9817,-75.2071,941.0,6,0,0,0,0,0,0,0,0,,0,0,0,9.0,1,1,0,,0,39 58:57.983,,0,75 12:28.220,4,0,0,0,67301,0,0,0,N,0,0,0,2,68K01,1,,1,1,,N,N,,0,,0,0,0,0,0,,938.0,1,2,0,0,0,0,0,3,4,0,2,3,,N,,,,,,,,,,,
2010086900,1104.0,2,0,0,0,0,0,1,0,0,5,1,35.0,67,9,2010,7,39.9535,-75.1378,1100.0,6,0,0,0,0,0,1,1,0,2.0,0,0,0,10.0,1,0,0,,2,39 57:12.751,4.0,3,75 08:16.069,0,0,0,0,67301,0,0,0,N,0,0,0,10,67501,0,,1,1,,N,N,,0,,0,0,0,3,8,N,1055.0,0,3,0,0,0,0,0,3,4,0,3,3,,Y,8.0,2.0,Y,,,N,Y,Y,,,
2010118404,1615.0,2,0,0,0,0,0,0,0,0,4,0,,67,10,2010,5,40.0215,-75.1398,1614.0,6,0,0,0,0,0,0,0,0,1.0,0,0,0,16.0,1,0,1,,1,40 01:17.486,2.0,0,75 08:23.326,0,0,0,0,67301,0,0,0,N,0,0,0,2,67301,0,,1,1,,N,N,,0,,0,0,0,3,2,N,1605.0,0,2,0,0,0,0,0,3,4,0,2,3,,N,,,,,,,,,,,
2010118437,100.0,2,0,0,1,0,0,0,0,0,4,0,,67,10,2010,6,39.9346,-75.1809,57.0,6,0,0,0,0,0,0,0,0,3.0,0,0,0,0.0,3,1,1,,2,39 56:04.578,1.0,0,75 10:51.110,8,0,0,0,67301,1,0,0,,0,0,0,2,67301,0,,1,1,,N,N,,0,,0,0,0,3,2,Y,57.0,1,3,0,0,0,1,0,3,4,0,2,3,,N,,,,,,,,,,,
2010093319,2238.0,2,0,0,0,0,0,0,0,0,5,0,,67,8,2010,3,39.9665,-75.1953,2234.0,6,0,0,0,0,0,0,0,0,1.0,0,0,0,99.0,3,1,0,,2,39 57:59.540,3.0,0,75 11:43.159,3,0,0,1,67301,0,0,0,,0,0,0,1,67301,0,,1,1,,N,N,,0,,1,0,0,0,0,Y,9999.0,1,3,0,0,0,0,0,3,4,0,3,3,,N,,,,,,,,,,,
2010088719,1622.0,2,0,0,0,0,0,0,0,0,1,0,,67,7,2010,6,39.9773,-75.1581,1622.0,6,0,0,0,0,0,1,0,0,,0,0,0,15.0,1,1,1,,0,39 58:38.125,,0,75 09:29.199,4,0,0,0,67301,0,0,0,,0,0,0,2,67301,1,,1,1,,,,,0,,0,0,0,3,2,,1530.0,1,2,0,0,0,0,0,3,4,0,2,3,,N,,,,,,,,,,,
2010023329,656.0,1,0,0,0,0,0,0,0,0,7,0,,67,2,2010,6,39.9258,-75.1471,656.0,6,0,0,0,0,0,0,0,0,2.0,0,0,0,6.0,1,1,0,,1,39 55:32.477,2.0,0,75 08:49.516,4,0,0,0,67301,0,0,0,N,0,0,0,1,68K01,1,,4,6,,N,N,,0,,0,0,0,0,0,Y,650.0,1,1,0,0,0,0,0,3,4,0,1,10,,N,,,,,,,,,,,
2010015916,1512.0,0,0,0,0,0,0,0,0,0,7,0,,67,2,2010,4,39.9858,-75.0684,1512.0,6,0,0,0,0,0,0,0,0,2.0,0,0,0,15.0,1,0,0,,2,39 59:08.969,3.0,3,75 04:06.397,0,0,0,0,67301,0,0,0,N,0,0,0,1,67501,0,,3,7,,N,N,,0,,0,0,0,3,8,N,1510.0,0,1,0,0,0,0,0,3,4,1,1,10,,N,,,,,,,,,,,
2010021517,1034.0,1,0,0,0,0,0,0,0,0,4,0,,67,1,2010,6,39.996,-75.1771,1034.0,6,0,0,0,0,0,1,0,0,,0,0,0,10.0,1,1,1,,0,39 59:45.639,,0,75 10:37.711,3,0,0,0,67301,0,0,0,N,0,0,0,2,67301,0,,1,1,,N,N,,0,,1,0,0,3,3,,1030.0,1,2,0,0,1,0,0,3,4,1,2,3,,N,,,,,,,,,,,
2010021552,1238.0,1,0,0,0,0,0,0,0,0,4,0,,67,1,2010,2,39.9328,-75.1864,1235.0,6,0,0,0,0,0,1,0,0,1.0,0,0,0,12.0,1,1,1,,1,39 55:58.105,2.0,0,75 11:11.075,8,0,0,0,67301,0,0,0,,0,0,0,3,67301,0,,1,9,,,,,1,,0,0,0,3,2,Y,1230.0,1,2,0,0,0,1,0,3,4,0,2,7,,N,,,,,,,,,,,
2010021723,115.0,2,0,0,0,0,0,0,0,0,1,0,,67,2,2010,5,39.9493,-75.1642,103.0,6,0,0,0,0,0,0,0,0,,0,0,0,0.0,3,0,1,,0,39 56:57.599,,0,75 09:51.029,0,0,0,0,67301,0,0,0,N,0,0,0,2,67301,0,,1,9,,N,N,,0,,0,0,0,2,2,,50.0,0,2,0,0,0,0,0,3,4,0,2,7,,N,,,,,,,,,,,
2010021700,1838.0,1,0,0,0,0,0,0,0,0,1,0,,67,1,2010,2,40.1044,-75.0023,1827.0,6,0,0,0,0,0,0,0,0,1.0,0,0,0,18.0,3,1,1,,1,40 06:15.759,2.0,0,75 00:08.105,4,0,0,0,67301,0,0,0,N,0,0,0,2,67301,1,,1,9,,N,N,,1,,0,0,0,3,2,N,1825.0,1,2,0,0,1,0,0,3,4,0,2,3,,N,,,,,,,,,,,
2010021891,1048.0,1,0,0,0,0,0,0,0,0,8,0,,67,1,2010,3,39.9847,-75.1323,1045.0,6,0,0,0,0,0,0,0,0,,0,0,0,10.0,1,1,5,,0,39 59:05.168,,0,75 07:55.938,4,0,0,0,67301,1,0,0,N,1,0,0,2,67301,1,,1,1,,N,N,,0,,0,0,0,3,2,,1045.0,1,2,0,0,0,0,0,3,4,0,1,3,,N,,,,,,,,,,,
2010094714,143.0,1,0,0,0,0,0,0,0,0,1,0,,67,9,2010,5,39.9818,-75.1013,137.0,6,0,0,0,0,1,0,1,0,1.0,0,0,0,1.0,3,0,0,,2,39 58:54.811,1.0,0,75 06:03.886,0,0,0,0,67301,0,0,0,N,0,0,0,2,68K01,0,,1,1,,N,N,,0,,0,0,1,0,0,N,134.0,0,2,0,0,0,0,0,3,4,0,2,3,,N,,,,,,,,,,,
2010048542,1719.0,1,0,0,0,0,0,0,0,0,8,0,,67,4,2010,6,39.9909,-75.165,1717.0,6,0,0,0,0,0,0,0,0,,0,0,0,17.0,1,1,0,,0,39 59:27.099,,0,75 09:54.028,4,0,0,0,67301,1,0,0,,1,0,0,2,67301,1,,1,1,,N,N,,0,,0,0,0,0,0,,1708.0,1,2,0,0,0,0,0,3,4,0,1,3,,N,,,,,,,,,,,
2010074998,530.0,1,0,0,0,0,0,0,0,0,7,0,,67,7,2010,7,40.0638,-74.9997,526.0,6,0,0,0,0,0,0,0,0,,0,0,0,5.0,1,0,0,,0,40 03:49.690,,0,74 59:58.768,0,0,0,0,67301,0,0,0,N,0,0,0,2,67301,0,,5,1,,N,N,,0,,0,0,0,3,1,,525.0,0,2,0,0,0,0,0,3,4,0,1,3,,N,,,,,,,,,,,
2010045341,1633.0,1,0,0,0,0,0,0,0,0,8,0,,67,4,2010,6,39.9873,-75.1642,1627.0,6,0,0,0,0,0,0,0,0,,0,0,0,16.0,1,1,1,,0,39 59:14.319,,0,75 09:51.051,8,0,0,0,67301,1,0,0,,1,0,0,2,67301,0,,1,1,,N,N,,0,,0,0,0,9,2,,1620.0,1,2,0,0,0,1,0,3,4,0,1,3,,N,,,,,,,,,,,