CRN,ARRIVAL_TM,AUTOMOBILE_COUNT,BELTED_DEATH_COUNT,BELTED_SUSP_SERIOUS_INJ_COUNT,BICYCLE_COUNT,BICYCLE_DEATH_COUNT,BICYCLE_SUSP_SERIOUS_INJ_COUNT,BUS_COUNT,CHLDPAS_DEATH_COUNT,CHLDPAS_SUSP_SERIOUS_INJ_COUNT,COLLISION_TYPE,COMM_VEH_COUNT,CONS_ZONE_SPD_LIM,COUNTY,CRASH_MONTH,CRASH_YEAR,DAY_OF_WEEK,DEC_LAT,DEC_LONG,DISPATCH_TM,DISTRICT,DRIVER_COUNT_16YR,DRIVER_COUNT_17YR,DRIVER_COUNT_18YR,DRIVER_COUNT_19YR,DRIVER_COUNT_20YR,DRIVER_COUNT_50_64YR,DRIVER_COUNT_65_74YR,DRIVER_COUNT_75PLUS,EST_HRS_CLOSED,FATAL_COUNT,HEAVY_TRUCK_COUNT,HORSE_BUGGY_COUNT,HOUR_OF_DAY,ILLUMINATION,INJURY_COUNT,INTERSECT_TYPE,INTERSECTION_RELATED,LANE_CLOSED,LATITUDE,LN_CLOSE_DIR,LOCATION_TYPE,LONGITUDE,MAX_SEVERITY_LEVEL,MCYCLE_DEATH_COUNT,MCYCLE_SUSP_SERIOUS_INJ_COUNT,MOTORCYCLE_COUNT,MUNICIPALITY,NONMOTR_COUNT,NONMOTR_DEATH_COUNT,NONMOTR_SUSP_SERIOUS_INJ_COUNT,NTFY_HIWY_MAINT,PED_COUNT,PED_DEATH_COUNT,PED_SUSP_SERIOUS_INJ_COUNT,PERSON_COUNT,POLICE_AGCY,POSSIBLE_INJ_COUNT,RDWY_SURF_TYPE_CD,RELATION_TO_ROAD,ROAD_CONDITION,ROADWAY_CLEARED,SCH_BUS_IND,SCH_ZONE_IND,SECONDARY_CRASH,SMALL_TRUCK_COUNT,SPEC_JURIS_CD,SUSP_MINOR_INJ_COUNT,SUSP_SERIOUS_INJ_COUNT,SUV_COUNT,TCD_FUNC_CD,TCD_TYPE,TFC_DETOUR_IND,TIME_OF_DAY,TOT_INJ_COUNT,TOTAL_UNITS,UNB_DEATH_COUNT,UNB_SUSP_SERIOUS_INJ_COUNT,UNBELTED_OCC_COUNT,UNK_INJ_DEG_COUNT,UNK_INJ_PER_COUNT,URBAN_AREA,URBAN_RURAL,VAN_COUNT,VEHICLE_COUNT,WEATHER1,WEATHER2,WORK_ZONE_IND,WORK_ZONE_LOC,WORK_ZONE_TYPE,WORKERS_PRES,WZ_CLOSE_DETOUR,WZ_FLAGGER,WZ_LAW_OFFCR_IND,WZ_LN_CLOSURE,WZ_MOVING,WZ_OTHER,WZ_SHLDER_MDN,WZ_WORKERS_INJ_KILLED
2010075065,2025.0,1,0,0,0,0,0,0,0,0,8,0,,67,7,2010,6,39.9975,-75.1153,2022.0,6,0,0,0,0,0,0,0,0,,0,0,0,20.0,4,1,0,,0,39 59:50.911,,0,75 06:55.211,4,0,0,0,67301,1,0,0,N,1,0,0,2,67301,1,,1,1,,N,N,,0,,0,0,0,0,0,,2015.0,1,2,0,0,0,0,0,3,4,0,1,3,,N,,,,,,,,,,,
2010075097,1630.0,1,0,0,0,0,0,0,0,0,4,0,,67,7,2010,1,39.9899,-75.2284,1620.0,6,0,0,0,0,0,0,0,0,,0,0,0,15.0,1,0,0,,0,39 59:23.564,,0,75 13:42.319,9,0,0,0,67301,0,0,0,N,0,0,0,2,67301,0,,6,1,,N,N,,0,,0,0,1,0,0,,1530.0,0,2,0,0,0,0,2,3,4,0,2,3,,N,,,,,,,,,,,
2010064757,2022.0,1,0,0,0,0,0,0,0,0,8,0,,67,5,2010,7,40.0533,-75.1614,2021.0,6,0,0,0,0,0,0,0,0,,0,0,0,20.0,4,3,2,,0,40 03:11.991,,0,75 09:40.924,3,0,0,0,67301,3,0,0,N,3,0,0,4,67301,0,,1,1,,N,N,,0,,1,0,0,3,3,,2021.0,3,4,0,0,0,2,0,3,4,0,1,3,,N,,,,,,,,,,,
2010047481,1834.0,0,0,0,0,0,0,0,0,0,1,0,,67,5,2010,3,40.0086,-75.0696,1830.0,6,0,0,0,0,0,0,0,0,1.0,0,0,0,18.0,1,1,0,,1,40 00:31.212,1.0,0,75 04:09.689,8,0,0,0,67301,0,0,0,N,0,0,0,2,68K01,0,,1,9,,N,N,,0,,0,0,1,0,0,N,1827.0,1,2,0,0,0,1,0,3,4,1,2,7,,N,,,,,,,,,,,
2010045104,2300.0,1,0,0,0,0,0,0,0,0,8,0,,67,3,2010,1,40.0361,-75.0879,2257.0,6,0,0,0,0,0,0,0,0,,0,0,0,22.0,3,1,1,,0,40 02:09.822,,0,75 05:16.321,3,0,0,0,67301,1,0,0,,1,0,0,2,67301,0,,2,9,,N,N,,0,,1,0,0,3,2,,2247.0,1,2,0,0,0,0,1,3,4,0,1,7,,N,,,,,,,,,,,
2010074849,1406.0,1,0,0,0,0,0,0,0,0,4,0,,67,7,2010,4,40.0443,-75.0541,1400.0,6,0,0,0,0,0,0,0,0,9.0,0,0,0,14.0,1,2,1,,1,40 02:39.696,1.0,0,75 03:14.496,4,0,0,0,67301,0,0,0,N,0,0,0,3,67301,2,,1,1,,N,N,,0,,0,0,1,3,2,N,1405.0,2,2,0,0,0,0,1,3,4,0,2,3,,N,,,,,,,,,,,
2010074876,2152.0,1,0,0,1,0,0,0,0,0,4,0,,67,7,2010,5,40.006,-75.0933,2148.0,6,0,0,0,1,0,0,0,0,,0,0,0,21.0,4,1,1,,0,40 00:21.451,,0,75 05:35.746,4,0,0,0,67301,1,0,0,,0,0,0,2,67301,1,,1,1,,,,,0,,0,0,0,0,0,,2145.0,1,2,0,0,0,0,0,3,4,0,1,3,,N,,,,,,,,,,,
2010069880,1656.0,1,0,0,0,0,0,0,0,0,5,0,,67,6,2010,7,40.0676,-75.1468,1642.0,6,0,0,0,0,0,0,0,0,,0,0,0,14.0,1,1,0,,0,40 04:03.327,,0,75 08:48.433,8,0,0,0,67301,0,0,0,N,0,0,0,2,67301,0,,1,1,,N,N,,0,,0,0,0,0,0,,1412.0,1,2,0,0,0,1,0,3,4,0,2,3,,N,,,,,,,,,,,
2010072466,1910.0,0,0,0,1,0,0,0,0,0,5,0,,67,5,2010,5,39.9826,-75.1786,1910.0,6,0,0,0,0,0,0,0,0,,0,0,0,18.0,1,1,0,,0,39 58:57.194,,0,75 10:42.859,3,0,0,0,67301,1,0,0,,0,0,0,2,67301,0,,1,1,,,,,0,,1,0,0,0,0,,1847.0,1,2,0,0,0,0,0,3,4,0,1,3,,N,,,,,,,,,,,
2010062011,325.0,0,0,0,0,0,0,0,0,0,8,0,,67,5,2010,7,40.0146,-75.1567,323.0,6,0,0,0,0,0,0,0,0,,0,0,0,3.0,3,1,1,,0,40 00:52.752,,0,75 09:24.063,3,0,0,0,67301,1,0,0,N,1,0,0,2,67301,0,,1,1,,N,N,,1,,1,0,0,3,2,,320.0,1,2,0,0,0,0,0,3,4,0,1,3,,N,,,,,,,,,,,
2010062039,1730.0,1,0,0,1,0,0,0,0,0,4,0,,67,5,2010,4,39.9834,-75.1191,1727.0,6,0,0,0,0,0,0,0,0,,0,0,0,17.0,1,1,1,,0,39 59:00.370,,0,75 07:08.921,8,0,0,0,67301,1,0,0,,0,0,0,2,67301,0,,1,1,,,,,0,,0,0,0,3,2,,1715.0,1,2,0,0,0,1,0,3,4,0,1,3,,N,,,,,,,,,,,
2010082513,1657.0,1,0,0,0,0,0,0,0,0,4,0,,67,8,2010,1,40.0619,-75.1367,1655.0,6,0,0,0,0,0,0,0,0,1.0,0,0,0,16.0,1,0,1,,1,40 03:42.622,2.0,0,75 08:12.011,0,0,0,0,67301,0,0,0,N,0,0,0,2,46102,0,,1,1,,N,N,,0,,0,0,1,3,2,N,1653.0,0,2,0,0,0,0,0,3,4,0,2,3,,N,,,,,,,,,,,
2010059635,710.0,2,0,0,0,0,0,0,0,0,1,0,,67,4,2010,3,40.1143,-74.9879,656.0,6,0,0,0,0,0,0,0,0,1.0,0,0,0,6.0,1,0,1,,2,40 06:51.356,2.0,0,74 59:16.486,0,0,0,0,67301,0,0,0,,0,0,0,2,67301,0,,1,1,,,,,0,,0,0,0,3,2,N,656.0,0,2,0,0,0,0,0,3,4,0,2,3,,N,,,,,,,,,,,
2010062505,1543.0,2,0,0,0,0,0,0,0,0,1,0,,67,6,2010,4,39.89,-75.2204,1512.0,6,0,0,0,0,0,1,0,0,,0,0,0,15.0,1,3,0,,0,39 53:22.547,,0,75 13:10.832,8,0,0,0,67301,0,0,0,N,0,0,0,6,68K01,0,,1,1,,N,N,,0,,0,0,0,0,0,,1506.0,3,2,0,0,0,3,0,3,4,0,2,3,,N,,,,,,,,,,,
2010084192,9999.0,1,0,0,0,0,0,0,0,0,8,0,,67,7,2010,4,40.0216,-75.1535,1808.0,6,0,0,0,0,0,0,0,0,,0,0,0,18.0,1,1,0,,0,40 01:17.670,,0,75 09:12.603,3,0,0,0,67301,1,0,0,,1,0,0,2,67301,0,,1,98,,,,,0,,1,0,0,0,0,,1808.0,1,2,0,0,0,0,1,3,4,0,1,99,,N,,,,,,,,,,,
2010044434,845.0,2,0,0,0,0,0,0,0,0,7,0,,67,4,2010,7,40.045,-75.1497,843.0,6,0,0,0,0,0,0,0,0,,0,0,0,8.0,1,1,1,,0,40 02:41.917,,0,75 08:58.844,4,0,0,0,67301,0,0,0,N,0,0,0,1,67301,1,,1,1,,N,N,,1,,0,0,0,0,0,,822.0,1,3,0,0,0,0,0,3,4,0,3,3,,N,,,,,,,,,,,
2010044439,1910.0,1,0,0,0,0,0,0,0,0,1,0,,67,3,2010,7,39.9565,-75.222,1905.0,6,0,0,0,0,0,0,0,0,,0,0,0,18.0,3,2,0,,0,39 57:23.524,,0,75 13:19.332,8,0,0,0,67301,0,0,0,N,0,0,0,3,67301,0,,1,9,,N,N,,1,,0,0,1,0,0,,1855.0,2,3,0,0,0,2,0,3,4,0,3,7,,N,,,,,,,,,,,
2010059650,930.0,2,0,0,0,0,0,0,0,0,4,0,,67,4,2010,6,39.9492,-75.2231,930.0,6,0,0,0,0,0,0,0,0,,0,0,0,9.0,1,2,1,,0,39 56:57.213,,0,75 13:23.152,3,0,0,0,67301,0,0,0,N,0,0,0,2,67301,0,,1,1,,N,N,,0,,2,0,0,3,3,,925.0,2,2,0,0,0,0,0,3,4,0,2,3,,N,,,,,,,,,,,
2010084250,1230.0,1,0,0,0,0,0,1,0,0,5,1,,67,7,2010,4,39.9191,-75.2285,2130.0,6,0,0,0,0,0,1,0,0,,0,0,0,21.0,3,0,0,,0,39 55:08.875,,0,75 13:42.700,0,0,0,0,67301,0,0,0,N,0,0,0,1,67301,0,,6,1,,N,N,,0,,0,0,0,0,0,,2130.0,0,2,0,0,0,0,0,3,4,0,2,3,,N,,,,,,,,,,,
2010084258,1113.0,1,0,0,0,0,0,0,0,0,8,0,,67,8,2010,4,40.0078,-75.1394,1112.0,6,0,0,0,0,0,0,0,0,,0,0,0,9.0,1,1,0,,0,40 00:27.901,,0,75 08:21.997,8,0,0,0,67301,1,0,0,,1,0,0,2,67301,0,,2,1,,,,,0,,0,0,0,0,0,,900.0,1,2,0,0,1,1,0,3,4,0,1,3,,N,,,,,,,,,,,
2010052044,305.0,2,0,0,0,0,0,0,0,0,2,0,,67,5,2010,1,39.9661,-75.1868,252.0,6,0,0,0,0,0,0,0,0,1.0,0,0,0,2.0,3,2,0,,2,39 57:57.098,3.0,0,75 11:11.665,8,0,0,0,67301,0,0,0,N,0,0,0,3,68K01,0,,1,9,,N,N,,0,,0,0,0,0,0,N,239.0,2,2,0,0,0,2,0,3,4,0,2,7,,N,,,,,,,,,,,
2010044638,103.0,1,0,0,0,0,0,0,0,0,7,0,,67,4,2010,5,39.9469,-75.1534,101.0,6,0,0,0,0,0,0,0,0,,0,0,0,0.0,3,1,0,,0,39 56:48.827,,0,75 09:12.270,4,0,0,0,67301,0,0,0,N,0,0,0,1,67301,1,,5,1,,N,N,,0,,0,0,0,0,0,,58.0,1,1,0,0,0,0,0,3,4,0,1,3,,N,,,,,,,,,,,
2010084129,1630.0,1,0,0,0,0,0,0,0,0,8,0,,67,8,2010,3,39.9286,-75.1687,1625.0,6,0,0,0,0,0,0,1,0,,0,0,0,16.0,1,1,0,,0,39 55:42.780,,0,75 10:07.356,4,0,0,0,67301,1,0,0,N,1,0,0,2,67301,1,,1,1,,N,N,,0,,0,0,0,0,0,,1613.0,1,2,0,0,0,0,0,3,4,0,1,3,,N,,,,,,,,,,,
2010081608,353.0,1,0,0,0,0,0,0,0,0,4,0,,67,3,2010,3,39.9533,-75.1838,343.0,6,0,0,0,0,0,0,0,0,,0,0,0,3.0,3,2,1,,0,39 57:12.003,,0,75 11:01.526,3,0,0,0,67301,0,0,0,N,0,0,0,2,67301,1,,1,1,,N,N,,0,,1,0,1,3,2,,340.0,2,2,0,0,0,0,0,3,4,0,2,3,,N,,,,,,,,,,,
2010044752,1430.0,1,0,0,1,0,0,0,0,0,4,0,,67,4,2010,5,,,1415.0,6,0,0,0,0,0,0,0,0,,0,0,0,99.0,1,1,0,,0,,,0,,8,0,0,0,67301,1,0,0,,0,0,0,2,67301,0,,2,1,,N,N,,0,,0,0,0,3,2,,9999.0,1,2,0,0,0,1,0,3,3,0,1,3,,N,,,,,,,,,,,
2010044754,2200.0,2,0,0,0,0,0,0,0,0,1,0,,67,4,2010,4,40.071,-75.0378,2150.0,6,0,0,0,0,0,0,0,0,,0,0,0,99.0,3,1,1,,0,40 04:15.522,,0,75 02:16.209,4,0,0,0,67301,0,0,0,N,0,0,0,2,67301,1,,1,1,,N,N,,0,,0,0,0,3,2,,9999.0,1,2,0,0,0,0,1,3,4,0,2,3,,N,,,,,,,,,,,
2010044770,1859.0,0,0,0,0,0,0,0,0,0,8,0,,67,3,2010,3,40.0015,-75.1279,1849.0,6,0,0,0,0,0,0,0,0,,0,0,0,18.0,1,1,1,,0,40 00:05.443,,0,75 07:40.576,4,0,0,0,67301,1,0,0,N,1,0,0,2,37301,1,,1,1,,N,N,,1,,0,0,0,0,0,,1849.0,1,2,0,0,0,0,0,3,4,0,1,3,,N,,,,,,,,,,,
2010044837,359.0,1,0,0,0,0,0,0,0,0,4,0,,67,4,2010,5,39.963,-75.1958,353.0,6,0,0,0,0,0,0,0,0,3.0,0,0,0,3.0,3,1,1,,2,39 57:46.897,5.0,0,75 11:45.052,8,0,0,0,67301,0,0,0,,0,0,0,1,67301,0,,1,1,,,,,1,,0,0,1,3,3,Y,350.0,1,4,0,0,0,1,0,3,4,1,4,3,,N,,,,,,,,,,,
2010044868,1251.0,1,0,0,0,0,0,0,0,0,5,0,,67,4,2010,5,40.033,-75.0693,1251.0,6,0,0,0,0,0,1,0,0,3.0,0,0,0,12.0,1,2,1,,2,40 01:58.795,7.0,0,75 04:09.334,4,0,0,0,67301,0,0,0,,0,0,0,3,67301,1,,1,1,,,,,0,,0,0,0,3,2,Y,1250.0,2,2,0,0,0,1,0,3,4,1,2,3,,N,,,,,,,,,,,
2010084606,1215.0,2,0,0,0,0,0,0,0,0,1,0,,67,7,2010,7,40.0836,-75.2223,1211.0,6,0,0,0,0,0,1,0,1,,0,0,0,12.0,1,1,2,,0,40 05:00.920,,0,75 13:20.330,4,0,0,0,67301,0,0,0,,0,0,0,3,67301,1,,1,1,,,,,0,,0,0,0,3,2,,1210.0,1,2,0,0,0,0,0,3,4,0,2,3,,N,,,,,,,,,,,
2010048796,2140.0,2,0,0,0,0,0,0,0,0,5,0,,67,4,2010,7,40.0542,-75.1979,2131.0,6,0,0,1,0,0,0,0,0,,0,0,0,21.0,3,0,0,,0,40 03:15.098,,0,75 11:52.270,0,0,0,0,67301,0,0,0,N,0,0,0,1,67301,0,,6,1,,N,N,,0,,0,0,0,0,0,,2125.0,0,2,0,0,0,0,0,3,4,0,2,3,,N,,,,,,,,,,,
2010048821,2030.0,2,0,0,0,0,0,0,0,0,2,0,,67,4,2010,2,40.0514,-75.1634,2015.0,6,0,0,0,0,0,1,0,0,,0,0,0,19.0,3,1,1,,0,40 03:05.090,,0,75 09:48.178,4,0,0,0,67301,0,0,0,N,0,0,0,2,67301,1,,1,9,,N,N,,0,,0,0,0,3,2,,1925.0,1,2,0,0,0,0,0,3,4,0,2,7,,N,,,,,,,,,,,
2010075080,1540.0,1,0,0,0,0,0,0,0,0,4,1,,67,7,2010,3,39.9348,-75.1426,1538.0,6,0,0,0,0,0,0,0,0,1.0,0,1,0,15.0,1,0,0,,1,39 56:05.221,1.0,0,75 08:33.344,0,0,0,0,67301,1,0,0,,0,0,0,3,67301,0,,1,1,,,,,1,,0,0,0,0,0,N,1535.0,0,3,0,0,0,0,0,3,4,0,3,3,,N,,,,,,,,,,,
2010074895,30.0,1,0,0,0,0,0,0,0,0,8,0,,67,7,2010,1,40.0214,-75.0701,18.0,6,0,0,0,0,1,0,0,0,,0,0,0,21.0,4,1,0,,0,40 01:16.885,,0,75 04:12.399,4,0,0,0,67301,1,0,0,N,1,0,0,2,67301,1,,1,1,,N,N,,0,,0,0,0,0,0,,2130.0,1,2,0,0,0,0,0,3,4,0,1,3,,N,,,,,,,,,,,
2010043400,655.0,1,0,0,0,0,0,0,0,0,1,0,,67,4,2010,1,40.0203,-75.0433,646.0,6,0,0,0,0,0,0,0,0,2.0,0,0,0,6.0,1,2,0,,1,40 01:15.144,1.0,0,75 02:30.735,4,0,0,0,67301,0,0,0,N,0,0,0,3,68K01,2,,1,9,,N,N,,0,,0,0,1,0,0,Y,636.0,2,3,0,0,0,0,1,3,4,1,3,7,,N,,,,,,,,,,,
2010062006,735.0,1,0,0,0,0,0,0,0,0,5,0,,67,4,2010,6,39.9858,-75.2371,708.0,6,0,0,0,1,0,0,0,0,,0,0,0,7.0,1,1,0,,0,39 59:08.887,,0,75 14:13.527,8,0,0,0,67301,0,0,0,N,0,0,0,1,67301,0,,2,1,,N,N,,1,,0,0,0,0,0,,700.0,1,2,0,0,0,1,0,3,4,0,2,3,,N,,,,,,,,,,,
2010044719,50.0,2,0,0,0,0,0,0,0,0,4,0,,67,3,2010,5,40.0564,-75.029,48.0,6,0,0,0,0,0,0,0,0,3.0,0,0,0,0.0,3,1,5,,2,40 03:23.087,2.0,0,75 01:44.916,3,0,0,0,67301,0,0,0,N,0,0,0,3,67301,0,,1,1,,N,N,,0,,1,0,0,3,2,Y,46.0,1,2,0,0,0,0,0,3,4,0,2,3,,N,,,,,,,,,,,
2010059617,9999.0,1,0,0,0,0,0,0,0,0,1,0,,67,5,2010,3,40.0468,-75.1375,1739.0,6,0,0,0,0,0,0,0,0,,0,0,0,17.0,1,0,1,,0,40 02:48.483,,0,75 08:15.120,0,0,0,0,67301,0,0,0,N,0,0,0,2,67301,0,,1,1,,N,N,,1,,0,0,0,9,2,,1739.0,0,2,0,0,0,0,0,3,4,0,2,3,,N,,,,,,,,,,,
2010081448,1406.0,1,0,0,0,0,0,1,0,0,4,1,,67,7,2010,5,40.0151,-75.2072,1404.0,6,0,0,0,0,0,1,0,0,,0,0,0,13.0,1,1,0,,0,40 00:54.492,,7,75 12:27.175,4,0,0,0,67301,0,0,0,,0,0,0,3,67301,1,,1,1,,,,,0,,0,0,0,3,2,,1343.0,1,2,0,0,0,0,0,3,4,0,2,3,,N,,,,,,,,,,,
2010084206,1630.0,1,0,0,0,0,0,0,0,0,4,0,,67,7,2010,4,39.9983,-75.1499,1618.0,6,0,0,0,0,0,0,0,0,,0,0,0,16.0,1,1,1,,0,39 59:53.948,,0,75 08:59.503,4,0,0,0,67301,0,0,0,,0,0,0,2,67301,1,,1,1,,,,,1,,0,0,0,3,2,,1606.0,1,2,0,0,0,0,0,3,4,0,2,3,,N,,,,,,,,,,,
2010052358,919.0,2,0,0,0,0,0,0,0,0,1,0,,67,5,2010,2,40.0946,-75.0152,916.0,6,0,0,0,1,0,0,0,0,,0,0,0,7.0,1,1,1,,0,40 05:40.718,,0,75 00:54.707,4,0,0,0,67301,0,0,0,N,0,0,0,2,67301,1,,1,9,,N,N,,0,,0,0,0,2,2,,753.0,1,2,0,0,0,0,0,3,4,0,2,7,,N,,,,,,,,,,,
2010044552,1440.0,1,0,0,0,0,0,0,0,0,8,0,,67,4,2010,6,40.0459,-75.1582,1430.0,6,0,0,0,0,0,1,0,0,,0,0,0,14.0,1,1,0,,0,40 02:45.117,,0,75 09:29.412,8,0,0,0,67301,1,0,0,,1,0,0,2,67301,0,,1,1,,N,N,,0,,0,0,0,0,0,,1427.0,1,2,0,0,0,1,0,3,4,0,1,3,,N,,,,,,,,,,,
2010078725,1801.0,1,0,0,0,0,0,0,0,0,7,0,,67,8,2010,1,40.0085,-75.2039,1759.0,6,0,0,0,0,0,0,0,0,2.0,0,0,0,17.0,1,1,0,,2,40 00:30.413,3.0,0,75 12:13.570,4,0,0,0,67301,0,0,0,N,0,0,0,1,68K01,1,,2,9,,N,N,,0,,0,0,0,0,0,N,1757.0,1,1,0,0,0,0,0,3,4,0,1,7,,N,,,,,,,,,,,
2010044608,1837.0,2,0,0,0,0,0,0,0,0,4,0,,67,4,2010,7,39.9597,-75.2413,1835.0,6,0,0,0,0,0,0,1,0,,0,0,0,18.0,1,2,1,,0,39 57:34.855,,0,75 14:28.607,8,0,0,0,67301,0,0,0,N,0,0,0,3,67301,0,,1,1,,N,N,,0,,0,0,0,3,3,,1830.0,2,2,0,0,0,2,0,3,4,0,2,3,,N,,,,,,,,,,,
2010044630,2154.0,2,0,0,0,0,0,0,0,0,1,0,,67,4,2010,6,39.9783,-75.1579,2154.0,6,0,0,0,1,0,0,0,0,1.0,0,0,0,21.0,2,0,0,,2,39 58:42.034,2.0,0,75 09:28.351,0,0,0,0,67301,0,0,0,,0,0,0,5,67301,0,,1,1,,,,,1,,0,0,0,0,0,N,2130.0,0,3,0,0,0,0,0,3,4,0,3,3,,N,,,,,,,,,,,
2010044642,2240.0,2,0,0,0,0,0,0,0,0,2,0,,67,4,2010,6,40.0542,-75.0493,2229.0,6,0,0,0,0,0,0,0,0,2.0,0,0,0,22.0,3,1,5,,2,40 03:14.734,7.0,0,75 02:56.552,4,0,0,0,67301,0,0,0,,0,0,0,2,67301,1,,1,1,,,,,0,,0,0,0,3,2,Y,2229.0,1,2,0,0,2,0,0,3,4,0,2,3,,N,,,,,,,,,,,
2010062319,1846.0,1,0,0,1,0,0,0,0,0,4,0,,67,5,2010,6,39.9757,-75.2684,1844.0,6,0,0,0,0,0,0,0,0,1.0,0,0,0,18.0,1,1,1,,1,39 58:32.628,5.0,0,75 16:06.362,4,0,0,0,67301,1,0,0,N,0,0,0,2,67301,1,,1,1,,N,N,,0,,0,0,0,3,2,N,1843.0,1,2,0,0,0,0,0,3,4,0,1,3,,N,,,,,,,,,,,
2010081642,1300.0,1,0,0,0,0,0,0,0,0,1,0,,67,7,2010,3,40.0107,-75.1513,1255.0,6,0,0,0,0,0,0,0,0,,0,0,0,12.0,1,4,2,,0,40 00:38.569,,0,75 09:04.826,4,0,0,0,67301,0,0,0,N,0,0,0,6,67301,4,,1,1,,N,N,,0,,0,0,1,3,2,,1253.0,4,2,0,0,0,0,0,3,4,0,2,3,,N,,,,,,,,,,,
2010044756,1305.0,1,0,0,0,0,0,0,0,0,4,0,,67,3,2010,3,39.9812,-75.1416,1300.0,6,0,0,0,0,0,0,1,0,,0,0,0,12.0,1,1,1,,0,39 58:52.453,,0,75 08:29.770,3,0,0,0,67301,0,0,0,N,0,0,0,3,67301,0,,1,9,,N,N,,0,,1,0,0,3,3,,1255.0,1,2,0,0,0,0,0,3,4,0,2,7,,N,,,,,,,,,,,
2010044776,1847.0,0,0,0,1,0,0,0,0,0,8,0,,67,4,2010,5,39.9192,-75.2303,1845.0,6,0,0,0,0,0,0,0,0,,0,0,0,18.0,1,1,0,,0,39 55:09.282,,0,75 13:48.914,8,0,0,0,67301,1,0,0,N,0,0,0,2,67301,0,,1,1,,N,N,,0,,0,0,1,0,0,,1840.0,1,2,0,0,0,1,0,3,4,0,1,3,,N,,,,,,,,,,,
2010047848,948.0,0,0,0,0,0,0,0,0,0,7,0,,67,5,2010,2,39.9582,-75.1643,941.0,6,0,0,0,0,0,0,0,0,,0,0,0,9.0,1,0,6,,0,39 57:29.451,,2,75 09:51.381,0,0,0,0,67301,0,0,0,Y,0,0,0,1,68K01,0,,4,1,,N,N,,0,,0,0,0,0,0,,930.0,0,1,0,0,0,0,0,3,4,1,1,3,,N,,,,,,,,,,,
2010044804,1600.0,1,0,0,1,0,0,0,0,0,4,0,,67,3,2010,5,40.0099,-75.156,1558.0,6,0,0,0,0,0,0,0,1,,0,0,0,15.0,1,1,1,,0,40 00:35.488,,0,75 09:21.409,4,0,0,0,67301,1,0,0,N,0,0,0,3,67301,1,,1,1,,N,N,,0,,0,0,0,3,2,,1550.0,1,2,0,0,0,0,0,3,4,0,1,3,,N,,,,,,,,,,,
2010044867,1705.0,1,0,0,0,0,0,0,0,0,4,0,,67,4,2010,3,40.0379,-75.0474,1659.0,6,0,0,0,0,0,0,0,0,,0,0,0,16.0,1,1,1,,0,40 02:16.440,,0,75 02:50.675,8,0,0,0,67301,0,0,0,,0,0,0,2,67301,0,,1,1,,,,,0,,0,0,1,3,3,,1630.0,1,2,0,0,0,1,0,3,4,0,2,3,,N,,,,,,,,,,,
2010082121,1340.0,2,0,0,0,0,0,0,0,0,6,0,,67,7,2010,7,39.9226,-75.2463,1335.0,6,0,0,0,1,0,1,1,0,3.0,0,0,0,13.0,1,6,0,,2,39 55:21.259,6.0,0,75 14:46.525,3,0,0,0,67301,0,0,0,,0,0,0,6,67301,5,,1,1,,N,N,,1,,1,0,0,0,0,Y,1335.0,6,3,0,0,0,0,0,3,4,0,3,3,,N,,,,,,,,,,,
2010130335,1826.0,1,0,0,0,0,0,0,0,0,4,0,,67,12,2010,5,40.0619,-75.1367,1820.0,6,0,0,0,0,0,2,0,0,1.0,0,0,0,18.0,3,0,1,,1,40 03:42.840,2.0,0,75 08:12.120,0,0,0,0,67301,0,0,0,N,0,0,0,2,46102,0,,1,9,,N,N,,0,,0,0,0,3,2,N,1820.0,0,2,0,0,0,0,0,3,4,1,2,3,,N,,,,,,,,,,,
2010060299,1347.0,2,0,0,0,0,0,0,0,0,4,0,,67,5,2010,1,40.0366,-75.0645,1345.0,6,0,0,0,0,0,0,0,0,1.0,0,0,0,13.0,1,1,1,,1,40 02:11.789,2.0,0,75 03:52.061,4,0,0,0,67301,0,0,0,N,0,0,0,2,67301,1,,1,1,,N,N,,0,,0,0,0,3,2,N,1345.0,1,2,0,0,0,0,0,3,4,0,2,3,,N,,,,,,,,,,,
2010058898,812.0,1,0,0,0,0,0,0,0,0,5,0,,67,5,2010,6,40.0868,-74.9747,811.0,6,0,0,0,0,0,0,0,0,1.0,0,0,0,8.0,1,1,0,,2,40 05:12.555,5.0,0,74 58:28.747,8,0,0,0,67301,1,0,0,,1,0,0,4,67301,0,,1,1,,N,N,,0,,0,0,0,0,0,N,809.0,1,2,0,0,0,1,0,3,4,0,1,3,,N,,,,,,,,,,,
2010029612,1254.0,2,0,0,0,0,0,0,0,0,1,0,,67,3,2010,3,40.0321,-75.021,1251.0,6,0,0,0,0,0,0,0,0,,0,0,0,12.0,1,0,0,,0,40 01:56.299,,0,75 01:15.168,0,0,0,0,67301,0,0,0,N,0,0,0,2,68K01,0,,1,1,,N,N,,0,,0,0,0,0,0,,1242.0,0,2,0,0,0,0,0,3,4,0,2,3,,N,,,,,,,,,,,
2010083490,1720.0,0,0,0,0,0,0,0,0,0,8,0,,67,7,2010,6,40.0348,-75.1268,1712.0,6,0,0,0,0,0,0,0,0,,0,0,0,17.0,1,1,0,,0,40 02:05.449,,0,75 07:36.436,4,0,0,0,67301,1,0,0,N,1,0,0,2,67301,1,,1,1,,N,N,,0,,0,0,0,0,0,,1704.0,1,2,0,0,0,0,1,3,4,0,1,3,,N,,,,,,,,,,,