CRN,ARRIVAL_TM,AUTOMOBILE_COUNT,BELTED_DEATH_COUNT,BELTED_SUSP_SERIOUS_INJ_COUNT,BICYCLE_COUNT,BICYCLE_DEATH_COUNT,BICYCLE_SUSP_SERIOUS_INJ_COUNT,BUS_COUNT,CHLDPAS_DEATH_COUNT,CHLDPAS_SUSP_SERIOUS_INJ_COUNT,COLLISION_TYPE,COMM_VEH_COUNT,CONS_ZONE_SPD_LIM,COUNTY,CRASH_MONTH,CRASH_YEAR,DAY_OF_WEEK,DEC_LAT,DEC_LONG,DISPATCH_TM,DISTRICT,DRIVER_COUNT_16YR,DRIVER_COUNT_17YR,DRIVER_COUNT_18YR,DRIVER_COUNT_19YR,DRIVER_COUNT_20YR,DRIVER_COUNT_50_64YR,DRIVER_COUNT_65_74YR,DRIVER_COUNT_75PLUS,EST_HRS_CLOSED,FATAL_COUNT,HEAVY_TRUCK_COUNT,HORSE_BUGGY_COUNT,HOUR_OF_DAY,ILLUMINATION,INJURY_COUNT,INTERSECT_TYPE,INTERSECTION_RELATED,LANE_CLOSED,LATITUDE,LN_CLOSE_DIR,LOCATION_TYPE,LONGITUDE,MAX_SEVERITY_LEVEL,MCYCLE_DEATH_COUNT,MCYCLE_SUSP_SERIOUS_INJ_COUNT,MOTORCYCLE_COUNT,MUNICIPALITY,NONMOTR_COUNT,NONMOTR_DEATH_COUNT,NONMOTR_SUSP_SERIOUS_INJ_COUNT,NTFY_HIWY_MAINT,PED_COUNT,PED_DEATH_COUNT,PED_SUSP_SERIOUS_INJ_COUNT,PERSON_COUNT,POLICE_AGCY,POSSIBLE_INJ_COUNT,RDWY_SURF_TYPE_CD,RELATION_TO_ROAD,ROAD_CONDITION,ROADWAY_CLEARED,SCH_BUS_IND,SCH_ZONE_IND,SECONDARY_CRASH,SMALL_TRUCK_COUNT,SPEC_JURIS_CD,SUSP_MINOR_INJ_COUNT,SUSP_SERIOUS_INJ_COUNT,SUV_COUNT,TCD_FUNC_CD,TCD_TYPE,TFC_DETOUR_IND,TIME_OF_DAY,TOT_INJ_COUNT,TOTAL_UNITS,UNB_DEATH_COUNT,UNB_SUSP_SERIOUS_INJ_COUNT,UNBELTED_OCC_COUNT,UNK_INJ_DEG_COUNT,UNK_INJ_PER_COUNT,URBAN_AREA,URBAN_RURAL,VAN_COUNT,VEHICLE_COUNT,WEATHER1,WEATHER2,WORK_ZONE_IND,WORK_ZONE_LOC,WORK_ZONE_TYPE,WORKERS_PRES,WZ_CLOSE_DETOUR,WZ_FLAGGER,WZ_LAW_OFFCR_IND,WZ_LN_CLOSURE,WZ_MOVING,WZ_OTHER,WZ_SHLDER_MDN,WZ_WORKERS_INJ_KILLED
2010104981,1203.0,1,0,0,0,0,0,0,0,0,1,0,,67,9,2010,7,39.9447,-75.2367,1200.0,6,0,0,0,0,0,0,0,0,,0,0,0,12.0,1,1,1,,0,39 56:40.833,,0,75 14:11.968,4,0,0,0,67301,0,0,0,N,0,0,0,2,67301,1,,1,98,,N,N,,1,,0,0,0,3,2,,1200.0,1,2,0,0,0,0,1,3,4,0,2,99,,N,,,,,,,,,,,
2010104990,1905.0,1,0,0,1,0,0,0,0,0,5,0,,67,9,2010,2,39.937,-75.1615,1900.0,6,0,0,0,0,0,1,0,0,,0,0,0,19.0,3,1,0,,0,39 56:13.347,,0,75 09:41.536,4,0,0,0,67301,1,0,0,N,0,0,0,2,67301,1,,6,9,,N,N,,0,,0,0,0,0,0,,1900.0,1,2,0,0,0,0,0,3,4,0,1,7,,N,,,,,,,,,,,
2010081141,1758.0,1,0,0,0,0,0,0,0,0,0,0,,67,8,2010,3,39.9482,-75.1421,1753.0,6,0,0,0,0,0,0,0,0,,0,0,0,17.0,1,0,0,,0,39 56:53.630,,0,75 08:31.546,0,0,0,0,67301,0,0,0,N,0,0,0,6,68K01,0,,1,1,,N,N,,0,,0,0,1,0,0,,1753.0,0,2,0,0,0,0,0,3,4,0,2,3,,N,,,,,,,,,,,
2010118047,1505.0,2,0,0,0,0,0,0,0,0,4,0,,67,10,2010,7,40.0584,-75.1492,1500.0,6,0,0,0,0,0,1,0,0,,0,0,0,15.0,1,0,5,,0,40 03:30.268,,0,75 08:57.263,9,0,0,0,67301,0,0,0,N,0,0,0,2,67301,0,,1,1,,N,Y,,0,,0,0,0,3,2,,1500.0,0,2,0,0,0,0,2,3,4,0,2,3,,N,,,,,,,,,,,
2010118051,9999.0,2,0,0,0,0,0,0,0,0,4,0,,67,11,2010,6,40.0251,-75.0627,9999.0,6,0,0,0,0,0,0,0,0,,0,0,0,99.0,1,3,1,,0,40 01:30.462,,0,75 03:45.765,8,0,0,0,67301,0,0,0,N,0,0,0,4,67301,0,,1,9,,N,N,,0,,0,0,0,3,2,,9999.0,3,2,0,0,0,3,0,3,4,0,2,98,,N,,,,,,,,,,,
2010118060,550.0,4,0,0,0,0,0,0,0,0,5,0,,67,10,2010,5,40.0615,-75.0237,545.0,6,0,0,0,1,0,0,0,0,,0,0,0,5.0,3,1,0,,0,40 03:41.230,,0,75 01:25.212,4,0,0,0,67301,0,0,0,N,0,0,0,1,67301,1,,1,1,,N,N,,0,,0,0,0,0,0,,540.0,1,4,0,0,0,0,0,3,4,0,4,3,,N,,,,,,,,,,,
2010099845,1539.0,1,0,0,0,0,0,0,0,0,1,0,,67,7,2010,2,39.9385,-75.1717,1538.0,6,0,0,0,0,0,2,0,0,,0,0,0,15.0,1,1,0,,0,39 56:18.466,,0,75 10:18.170,4,0,0,0,67301,0,0,0,,0,0,0,2,67301,1,,1,1,,,,,0,,0,0,0,0,0,,1537.0,1,2,0,0,0,0,0,3,4,1,2,3,,N,,,,,,,,,,,
2010110710,1053.0,1,0,0,0,0,0,0,0,0,7,0,,67,10,2010,2,40.0412,-75.2174,1048.0,6,0,0,0,0,0,0,0,1,,0,0,0,10.0,1,3,0,,0,40 02:28.226,,0,75 13:02.643,3,0,0,0,67301,0,0,0,N,0,0,0,3,67301,2,,2,1,,N,N,,0,,1,0,0,0,0,,1035.0,3,1,0,0,0,0,0,3,4,0,1,3,,N,,,,,,,,,,,
2010118100,1645.0,1,0,0,0,0,0,0,0,0,4,0,,67,11,2010,3,40.0292,-75.1746,1644.0,6,0,0,0,0,0,0,0,0,,0,0,0,16.0,1,0,1,,0,40 01:45.263,,0,75 10:28.501,0,0,0,0,67301,0,0,0,N,0,0,0,2,67301,0,,1,1,,N,N,,0,,0,0,0,3,2,,1640.0,0,2,0,0,0,0,0,3,4,1,2,3,,N,,,,,,,,,,,
2010105000,724.0,1,0,0,0,0,0,0,0,0,8,0,,67,10,2010,6,39.936,-75.1468,718.0,6,0,0,0,0,0,0,0,0,,0,0,0,7.0,3,1,1,,0,39 56:09.524,,0,75 08:48.533,4,0,0,0,67301,1,0,0,N,1,0,0,2,67301,1,,1,9,,N,N,,0,,0,0,0,3,3,,700.0,1,2,0,0,0,0,0,3,4,0,1,7,5.0,N,,,,,,,,,,,
2010105072,104.0,2,0,0,0,0,0,0,0,0,6,0,,67,10,2010,7,39.9522,-75.1452,103.0,6,0,0,0,0,0,0,0,0,,0,0,0,1.0,3,0,1,,0,39 57:07.822,,0,75 08:42.804,9,0,0,0,67301,0,0,0,,0,0,0,4,67301,0,,1,1,,N,N,,0,,0,0,0,3,2,,103.0,0,2,0,0,0,0,4,3,4,0,2,3,,N,,,,,,,,,,,
2010118428,707.0,0,0,0,0,0,0,0,0,0,4,0,,67,10,2010,2,40.0481,-75.0132,704.0,6,0,0,0,1,0,1,0,0,1.0,0,0,0,7.0,1,1,2,,1,40 02:53.161,1.0,0,75 00:47.627,8,0,0,1,67301,0,0,0,N,0,0,0,2,67301,0,,3,1,,N,Y,,1,,0,0,0,3,3,N,700.0,1,2,0,0,0,1,0,3,4,0,2,3,,N,,,,,,,,,,,
2010034172,2045.0,1,0,0,0,0,0,0,0,0,4,0,,67,3,2010,4,40.1167,-75.0198,2038.0,6,0,0,0,1,0,0,0,0,1.0,0,0,0,99.0,2,2,1,,1,40 07:00.043,2.0,0,75 01:11.647,8,0,0,0,67301,0,0,0,,0,0,0,5,67301,0,,1,1,,,,,0,,0,0,2,3,2,Y,9999.0,2,3,0,0,0,2,0,3,4,0,3,99,,N,,,,,,,,,,,
2010091226,815.0,2,0,0,0,0,0,0,0,0,1,0,,67,8,2010,5,40.0392,-75.11,755.0,6,0,0,0,0,0,0,0,0,,0,0,0,7.0,1,3,1,,0,40 02:20.942,,0,75 06:36.006,4,0,0,0,67301,0,0,0,N,0,0,0,4,67301,3,,1,1,,N,N,,0,,0,0,0,3,2,,745.0,3,2,0,0,0,0,0,3,4,0,2,3,,N,,,,,,,,,,,
2010088712,1732.0,2,0,0,0,0,0,0,0,0,4,0,,67,8,2010,2,40.1058,-75.0337,1722.0,6,0,0,0,0,0,0,0,0,,0,0,0,17.0,1,2,0,,0,40 06:20.865,,0,75 02:01.420,4,0,0,0,67301,1,0,0,N,1,0,0,2,67301,1,,6,1,,N,N,,0,,0,0,0,0,0,,1720.0,2,3,0,0,0,1,0,3,4,0,2,3,,N,,,,,,,,,,,
2010088732,441.0,1,0,0,0,0,0,0,0,0,7,0,,67,8,2010,2,39.9435,-75.1644,439.0,6,0,0,0,0,0,0,0,0,,0,0,0,4.0,3,0,2,,0,39 56:36.627,,0,75 09:51.894,9,0,0,0,67301,0,0,0,N,0,0,0,1,67301,0,,4,1,,N,N,,0,,0,0,0,3,3,,438.0,0,1,0,0,0,0,1,3,4,0,1,3,,N,,,,,,,,,,,
2010081644,1024.0,3,0,0,0,0,0,0,0,0,1,0,,67,7,2010,7,40.1007,-75.0296,1024.0,6,0,0,0,0,0,1,0,0,,0,0,0,10.0,1,0,3,,0,40 06:01.631,,0,75 01:47.496,0,0,0,0,67301,0,0,0,N,0,0,0,4,67301,0,,1,1,,N,N,,0,,0,0,0,3,2,,1024.0,0,3,0,0,0,0,0,3,4,0,3,3,,N,,,,,,,,,,,
2010044749,825.0,2,0,0,0,0,0,0,0,0,4,0,,67,3,2010,1,39.9525,-75.2489,821.0,6,0,0,0,0,0,1,0,0,,0,0,0,7.0,1,1,2,,0,39 57:08.820,,0,75 14:56.000,8,0,0,0,67301,0,0,0,,0,0,0,2,67301,0,,1,1,,,,,0,,0,0,0,3,3,,756.0,1,2,0,0,0,1,0,3,4,0,2,3,,N,,,,,,,,,,,
2010044816,34.0,1,0,0,0,0,0,0,0,0,7,0,,67,4,2010,6,39.9398,-75.1616,29.0,6,0,0,0,0,0,0,0,0,,0,0,0,0.0,3,0,0,,0,39 56:23.411,,99,75 09:41.699,9,0,0,0,67301,0,0,0,,0,0,0,1,67301,0,,5,9,,N,N,,0,,0,0,0,0,0,,29.0,0,1,0,0,0,0,1,3,4,0,1,7,,N,,,,,,,,,,,
2010044828,2011.0,1,0,0,0,0,0,0,0,0,8,0,,67,4,2010,2,39.9951,-75.1505,2000.0,6,0,0,0,0,0,0,0,0,,0,0,0,99.0,3,1,10,,0,39 59:42.230,,0,75 09:01.789,3,0,0,0,67301,1,0,0,N,1,0,0,2,67301,0,,1,1,,N,N,,0,,1,0,0,3,2,,9999.0,1,2,0,0,0,0,1,3,4,0,1,3,,N,,,,,,,,,,,
2010044851,1930.0,0,0,0,0,0,0,0,0,0,8,0,,67,3,2010,2,39.9266,-75.2329,1915.0,6,0,0,0,0,0,0,0,0,,0,0,0,19.0,3,1,0,,0,39 55:35.738,,0,75 13:58.344,8,0,0,0,67301,1,0,0,N,1,0,0,2,67301,0,,1,9,,N,N,,0,,0,0,0,0,0,,1910.0,1,2,0,0,0,1,1,3,4,0,1,7,,N,,,,,,,,,,,
2010044864,1940.0,1,0,0,0,0,0,0,0,0,8,0,,67,4,2010,4,39.9237,-75.2239,1938.0,6,0,0,0,0,0,0,0,0,,0,0,0,19.0,4,1,0,,0,39 55:25.370,,0,75 13:25.906,4,0,0,0,67301,1,0,0,,1,0,0,2,67301,1,,1,1,,N,N,,0,,0,0,0,0,0,,1935.0,1,2,0,0,0,0,0,3,4,0,1,3,,N,,,,,,,,,,,
2010080226,1430.0,0,0,0,0,0,0,0,0,0,0,1,,67,8,2010,2,40.0451,-75.2495,1415.0,6,0,0,0,0,0,1,0,0,4.0,0,1,0,14.0,1,1,0,,2,40 02:42.450,6.0,0,75 14:58.120,4,0,0,0,67301,0,0,0,N,0,0,0,2,67301,1,,1,1,,N,N,,0,,0,0,0,3,8,Y,1400.0,1,1,0,0,0,0,0,3,4,0,1,3,,N,,,,,,,,,,,
2010082130,215.0,1,0,0,0,0,0,0,0,0,7,0,,67,7,2010,7,40.028,-75.1379,210.0,6,0,0,0,0,0,0,0,0,,0,0,0,2.0,3,0,0,,0,40 01:40.642,,0,75 08:16.371,9,0,0,0,67301,0,0,0,,0,0,0,1,67301,0,,5,1,,,,,0,,0,0,0,0,0,,205.0,0,1,0,0,0,0,1,3,4,0,1,3,,N,,,,,,,,,,,
2010048829,1340.0,0,0,0,0,0,0,1,0,0,4,1,,67,4,2010,1,40.0596,-75.1878,1335.0,6,0,0,0,0,0,1,0,0,2.0,0,0,0,13.0,1,2,1,,1,40 03:34.607,3.0,0,75 11:16.162,8,0,0,0,67301,0,0,0,N,0,0,0,4,67301,0,,1,9,,N,N,,0,,0,0,1,3,3,N,1330.0,2,2,0,0,0,2,0,3,4,0,2,7,,N,,,,,,,,,,,
2010048864,2150.0,0,0,0,1,0,0,0,0,0,4,0,,67,4,2010,3,40.0028,-75.1142,2146.0,6,0,0,0,0,0,0,0,0,,0,0,0,18.0,1,1,2,,0,40 00:10.156,,0,75 06:50.980,4,0,0,0,67301,1,0,0,N,0,0,0,2,67301,1,,1,1,,N,N,,0,,0,0,0,3,3,,1840.0,1,2,0,0,0,0,0,3,4,1,1,3,,N,,,,,,,,,,,
2010060219,1256.0,1,0,0,0,0,0,0,0,0,7,0,,67,5,2010,2,,,1249.0,6,0,0,0,0,0,0,0,0,2.0,0,0,0,12.0,1,1,0,,2,,4.0,0,,3,0,0,0,67301,0,0,0,N,0,0,0,3,67301,0,,2,1,,N,N,,0,,1,0,0,0,0,Y,1248.0,1,1,0,0,0,0,0,3,3,0,1,3,,N,,,,,,,,,,,
2010060271,1432.0,1,0,0,0,0,0,0,0,0,4,0,,67,5,2010,5,40.0201,-75.1488,1310.0,6,0,0,0,0,0,0,0,1,,0,0,0,13.0,1,1,1,,0,40 01:12.183,,0,75 08:55.615,4,0,0,0,67301,0,0,0,N,0,0,0,4,67301,1,,1,1,,,N,,1,,0,0,0,3,2,,1310.0,1,2,0,0,0,0,0,3,4,0,2,3,,N,,,,,,,,,,,
2010075897,1806.0,1,0,0,0,0,0,0,0,0,1,0,,67,7,2010,1,39.9885,-75.1063,1755.0,6,0,0,0,0,1,0,0,0,,0,0,0,17.0,1,1,1,,0,39 59:18.500,,0,75 06:22.881,3,0,0,0,67301,0,0,0,,0,0,0,3,67301,0,,1,1,,,,,0,,1,0,2,3,2,,1755.0,1,3,0,0,0,0,0,3,4,0,3,3,,N,,,,,,,,,,,
2010026296,922.0,2,0,0,0,0,0,0,0,0,4,0,,67,2,2010,4,39.9769,-75.1976,917.0,6,0,0,0,0,0,0,0,0,1.0,0,0,0,9.0,1,1,0,,1,39 58:37.873,4.0,0,75 11:57.293,4,0,0,0,67301,0,0,0,N,0,0,0,2,68K01,1,,3,1,,N,N,,0,,0,0,0,0,0,N,913.0,1,3,0,0,0,0,0,3,4,0,2,3,,N,,,,,,,,,,,
2010032743,1305.0,1,0,0,0,0,0,1,0,0,1,1,,67,3,2010,4,39.9479,-75.1526,1300.0,6,0,0,0,0,0,0,0,0,,0,0,0,12.0,1,1,1,,0,39 56:52.462,,0,75 09:09.488,8,0,0,0,67301,0,0,0,,0,0,0,4,67301,0,,1,1,,,,,0,,0,0,0,0,0,,1248.0,1,2,0,0,0,1,1,3,4,0,2,3,,N,,,,,,,,,,,
2010104991,805.0,1,0,0,0,0,0,0,0,0,8,0,,67,10,2010,2,39.9578,-75.1602,800.0,6,0,0,0,0,0,1,0,0,,0,0,0,7.0,1,1,1,,0,39 57:28.066,,0,75 09:36.785,3,0,0,0,67301,1,0,0,N,1,0,0,2,67301,0,,1,9,,N,N,,0,,1,0,0,3,2,,755.0,1,2,0,0,1,0,0,3,4,0,1,7,,N,,,,,,,,,,,
2010081139,305.0,1,0,0,0,0,0,0,0,0,7,0,,67,8,2010,1,39.9738,-75.1939,305.0,6,0,0,0,0,0,0,0,0,,0,0,0,3.0,3,0,0,,0,39 58:25.685,,2,75 11:38.225,0,0,0,0,67301,0,0,0,N,0,0,0,2,68K01,0,,2,1,,N,N,,0,,0,0,0,0,0,,304.0,0,1,0,0,0,0,0,3,4,0,1,3,,N,,,,,,,,,,,
2010099760,9999.0,0,0,0,1,0,0,0,0,0,4,0,,67,9,2010,4,40.0005,-75.157,2356.0,6,0,0,0,0,0,0,0,0,,0,0,0,23.0,3,1,2,,0,40 00:01.717,,0,75 09:25.318,3,0,0,0,67301,1,0,0,,0,0,0,2,67301,0,,1,1,,,,,0,,1,0,0,0,0,,2305.0,1,2,0,0,0,0,0,3,4,0,1,3,,N,,,,,,,,,,,
2010115653,1506.0,3,0,0,0,0,0,0,0,0,4,0,,67,10,2010,3,39.9405,-75.2189,1506.0,6,0,0,0,0,0,0,1,0,,0,0,0,15.0,1,1,1,,0,39 56:25.916,,0,75 13:08.067,2,0,0,0,67301,0,0,0,N,0,0,0,3,67301,0,,1,1,,N,N,,0,,0,1,0,3,2,,1500.0,1,3,0,0,0,0,1,3,4,0,3,3,,N,,,,,,,,,,,
2010110739,1209.0,1,0,0,0,0,0,1,0,0,5,1,,67,10,2010,4,39.9588,-75.2278,1209.0,6,0,0,0,0,0,0,1,0,,0,0,0,12.0,1,1,2,,0,39 57:31.698,,0,75 13:39.943,4,0,0,0,67301,0,0,0,N,0,0,0,7,67301,1,,1,1,,Y,N,,0,,0,0,0,0,0,,1203.0,1,2,0,0,1,0,0,3,4,0,2,3,,N,,,,,,,,,,,
2010118076,1050.0,1,0,0,0,0,0,0,0,0,8,0,,67,10,2010,2,40.039,-75.1446,1050.0,6,0,0,0,0,0,0,0,0,,0,0,0,10.0,1,1,1,,0,40 02:20.571,,0,75 08:40.639,4,0,0,0,67301,1,0,0,,1,0,0,2,67301,1,,1,1,,,,,0,,0,0,0,3,2,,1050.0,1,2,0,0,0,0,0,3,4,0,1,3,,N,,,,,,,,,,,
2010115761,2310.0,3,0,0,0,0,0,0,0,0,4,0,,67,11,2010,6,39.926,-75.1942,2302.0,6,0,0,0,0,0,0,0,0,2.0,0,0,0,22.0,3,1,0,,2,39 55:36.531,3.0,0,75 11:42.002,4,0,0,0,67301,0,0,0,N,0,0,0,4,68K01,1,,1,1,,N,N,,0,,0,0,0,0,0,N,2254.0,1,3,0,0,0,0,0,3,4,0,3,3,,N,,,,,,,,,,,
2010102546,738.0,1,0,0,0,0,0,0,0,0,4,0,,67,9,2010,5,40.072,-75.0844,733.0,6,0,0,0,0,0,0,0,1,,0,0,0,7.0,1,1,3,,0,40 04:18.923,,0,75 05:03.942,8,0,0,0,67301,0,0,0,N,0,0,0,2,67301,0,,1,1,,N,N,,0,,0,0,1,3,3,,730.0,1,2,0,0,0,1,0,3,4,0,2,3,,N,,,,,,,,,,,
2010118420,155.0,1,0,0,0,0,0,0,0,0,8,0,,67,10,2010,1,39.9179,-75.2303,149.0,6,0,0,0,0,0,1,0,0,,0,0,0,1.0,3,1,0,,0,39 55:04.342,,0,75 13:49.130,4,0,0,0,67301,1,0,0,,1,0,0,2,67301,1,,1,1,,,,,0,,0,0,0,0,0,,140.0,1,2,0,0,0,0,0,3,4,0,1,3,,N,,,,,,,,,,,
2010118432,605.0,3,0,0,0,0,0,0,0,0,5,0,,67,10,2010,6,40.0312,-75.1304,559.0,6,0,0,0,0,0,0,0,0,2.0,0,0,0,99.0,3,0,0,,2,40 01:52.219,3.0,0,75 07:49.310,9,0,0,0,67301,0,0,0,N,0,0,0,1,67301,0,,1,1,,N,N,,1,,0,0,0,0,0,Y,9999.0,0,4,0,0,0,0,1,3,4,0,4,3,,N,,,,,,,,,,,
2010039228,1355.0,1,0,0,0,0,0,0,0,0,8,0,,67,3,2010,3,39.9575,-75.2254,1351.0,6,0,0,0,0,0,0,0,0,,0,0,0,13.0,1,1,0,,0,39 57:27.067,,0,75 13:31.385,8,0,0,0,67301,1,0,0,N,1,0,0,2,67301,0,,6,1,,N,N,,0,,0,0,0,0,0,,1350.0,1,2,0,0,0,1,0,3,4,0,1,3,,N,,,,,,,,,,,
2010091235,1916.0,2,0,0,0,0,0,0,0,0,4,0,,67,8,2010,6,40.0098,-75.1669,1910.0,6,0,0,0,0,0,0,0,0,,0,0,0,19.0,1,1,2,,0,40 00:35.506,,0,75 10:00.508,8,0,0,0,67301,0,0,0,N,0,0,0,3,67301,0,,1,1,,N,N,,0,,0,0,0,3,2,,1900.0,1,2,0,0,0,1,0,3,4,0,2,3,,N,,,,,,,,,,,
2010088830,748.0,0,0,0,0,0,0,0,0,0,8,0,,67,8,2010,3,39.9744,-75.1587,745.0,6,0,0,0,0,0,0,1,0,,0,0,0,7.0,1,1,0,,0,39 58:27.923,,0,75 09:31.412,8,0,0,0,67301,1,0,0,N,1,0,0,2,67301,0,,1,1,,N,N,,0,,0,0,0,3,2,,743.0,1,2,0,0,0,1,0,3,4,1,1,3,,N,,,,,,,,,,,
2010088873,311.0,1,0,0,0,0,0,0,0,0,8,0,,67,8,2010,1,40.0109,-75.1374,309.0,6,0,0,0,0,0,0,0,0,,0,0,0,3.0,3,1,0,,0,40 00:39.409,,0,75 08:14.463,4,0,0,0,67301,1,0,0,N,1,0,0,2,67301,1,,1,1,,N,N,,0,,0,0,0,0,0,,309.0,1,2,0,0,0,0,0,3,4,0,1,3,,N,,,,,,,,,,,
2010099659,21.0,2,0,0,0,0,0,0,0,0,4,0,,67,9,2010,6,40.0341,-75.1765,19.0,6,0,0,0,0,0,1,0,0,,0,0,0,23.0,3,0,1,,0,40 02:02.652,,7,75 10:35.500,0,0,0,0,67301,0,0,0,N,0,0,0,2,67301,0,,1,1,,N,N,,0,,0,0,0,3,2,,2330.0,0,2,0,0,0,0,0,3,4,0,2,3,,N,,,,,,,,,,,
2010103093,855.0,2,0,0,0,0,0,0,0,0,4,0,,67,9,2010,6,40.0325,-75.1898,854.0,6,0,0,0,0,0,0,1,0,,0,0,0,8.0,1,0,2,,0,40 01:57.000,,0,75 11:23.074,0,0,0,0,67301,0,0,0,N,0,0,0,2,67301,0,,1,9,,N,N,,0,,0,0,0,3,2,,818.0,0,2,0,0,0,0,0,3,4,0,2,3,,N,,,,,,,,,,,
2010103021,1830.0,1,0,0,1,0,0,0,0,0,4,0,,67,9,2010,3,39.9124,-75.2371,1750.0,6,0,0,0,0,0,1,0,0,,0,0,0,17.0,1,1,1,,0,39 54:44.690,,0,75 14:13.509,8,0,0,0,67301,1,0,0,N,0,0,0,3,67301,0,,1,1,,N,N,,0,,0,0,0,3,3,,1750.0,1,2,0,0,0,1,0,3,4,0,1,3,,N,,,,,,,,,,,
2010103036,1348.0,0,0,0,1,0,0,0,0,0,4,0,,67,9,2010,7,40.0411,-75.07,1346.0,6,0,0,0,0,0,0,1,0,2.0,0,0,0,13.0,1,1,1,,2,40 02:27.780,5.0,0,75 04:12.053,4,0,0,0,67301,1,0,0,N,0,0,0,2,67301,1,,1,1,,N,N,,0,,0,0,1,0,0,Y,1340.0,1,2,0,0,0,0,0,3,4,0,1,3,,N,,,,,,,,,,,
2010117887,2250.0,1,0,0,0,0,0,0,0,0,4,0,,67,10,2010,5,39.9829,-75.227,2239.0,6,0,0,0,0,0,0,0,0,,0,0,0,22.0,3,4,0,,0,39 58:58.617,,0,75 13:37.347,4,0,0,0,67301,0,0,0,,0,0,0,4,67301,4,,1,9,,N,N,,0,,0,0,1,0,0,,2215.0,4,2,0,0,0,0,0,3,4,0,2,7,,N,,,,,,,,,,,
2010042525,2130.0,0,0,0,0,0,0,0,0,0,1,0,,67,4,2010,4,39.9274,-75.1465,2128.0,6,0,0,0,0,0,0,0,0,2.0,0,0,0,21.0,3,2,0,,2,39 55:39.093,1.0,0,75 08:47.247,8,0,0,0,67301,0,0,0,Y,0,0,0,2,68K01,0,,1,1,,N,N,,2,,0,0,0,0,0,Y,2127.0,2,2,0,0,1,2,0,3,4,0,2,3,,N,,,,,,,,,,,
2010040528,1310.0,0,0,0,1,0,0,0,0,0,4,0,,67,3,2010,2,39.9562,-75.2196,1307.0,6,0,0,0,0,0,1,0,0,,0,0,0,13.0,1,1,1,,0,39 57:22.417,,0,75 13:10.384,8,0,0,0,67301,1,0,0,N,0,0,0,2,67301,0,,1,1,,N,N,,1,,0,0,0,3,2,,1306.0,1,2,0,0,0,1,0,3,4,0,1,3,,N,,,,,,,,,,,
2010040533,1315.0,1,0,0,0,0,0,0,0,0,4,0,,67,3,2010,3,39.9322,-75.1814,1315.0,6,0,0,0,0,0,0,0,0,1.0,0,0,0,13.0,1,3,2,,1,39 55:55.819,1.0,0,75 10:53.043,4,0,0,0,67301,0,0,0,N,0,0,0,4,67301,1,,1,9,,N,N,,0,,0,0,0,3,2,Y,1310.0,3,2,0,0,0,2,1,3,4,1,2,7,,N,,,,,,,,,,,
2010048727,2338.0,2,0,0,0,0,0,0,0,0,4,0,,67,4,2010,7,39.9573,-75.2479,2336.0,6,0,0,0,1,0,0,0,0,,0,0,0,23.0,3,1,1,,0,39 57:26.251,,0,75 14:52.347,3,0,0,0,67301,0,0,0,N,0,0,0,4,67301,0,,1,9,,N,N,,0,,1,0,0,3,2,,2336.0,1,2,0,0,1,0,0,3,4,0,2,7,,N,,,,,,,,,,,
2010048730,1958.0,0,0,0,0,0,0,0,0,0,0,0,,67,4,2010,7,40.0971,-74.9986,1955.0,6,0,0,0,0,0,1,0,0,,0,0,0,19.0,3,1,0,,0,40 05:49.406,,0,74 59:55.095,3,0,0,1,67301,0,0,0,N,0,0,0,1,67301,0,,1,2,,N,N,,0,,1,0,0,3,2,,1953.0,1,1,0,0,0,0,0,3,4,0,1,3,,N,,,,,,,,,,,
2010058745,815.0,0,0,0,0,0,0,0,0,0,8,0,,67,5,2010,5,40.0707,-75.2412,810.0,6,0,0,0,0,0,0,0,0,,0,0,0,8.0,1,1,1,,0,40 04:15.503,,0,75 14:28.767,8,0,0,0,67301,1,0,0,N,1,0,0,2,67301,0,,1,1,,N,N,,0,,0,0,1,3,2,,805.0,1,2,0,0,0,1,0,3,4,0,1,3,,N,,,,,,,,,,,
2010070732,1932.0,0,0,0,0,0,0,0,0,0,8,0,,67,5,2010,6,39.9799,-75.1429,1927.0,6,0,0,0,0,0,0,0,0,,0,0,0,19.0,1,1,1,,0,39 58:47.528,,0,75 08:34.317,4,0,0,0,67301,1,0,0,,1,0,0,2,67301,1,,1,1,,,,,0,,0,0,1,3,2,,1927.0,1,2,0,0,0,0,1,3,4,0,1,3,,N,,,,,,,,,,,
2010070747,1800.0,0,0,0,1,0,0,0,0,0,4,0,,67,6,2010,6,39.9714,-75.1447,1803.0,6,0,0,0,0,0,0,1,0,,0,0,0,6.0,1,1,1,,0,39 58:17.187,,0,75 08:40.999,4,0,0,0,67301,1,0,0,N,0,0,0,2,67301,1,,1,1,,N,N,,0,,0,0,1,3,2,,605.0,1,2,0,0,0,0,0,3,4,0,1,3,,N,,,,,,,,,,,
2010070769,37.0,1,0,0,0,0,0,0,0,0,2,0,,67,6,2010,3,39.9113,-75.2427,32.0,6,0,0,0,0,0,0,0,0,9.0,0,0,0,23.0,3,2,5,,1,39 54:40.810,1.0,0,75 14:33.592,4,0,0,0,67301,0,0,0,,0,0,0,4,67301,2,,1,1,,,,,0,,0,0,0,3,2,N,2316.0,2,2,0,0,0,0,0,3,4,0,2,3,,N,,,,,,,,,,,