CRN,ARRIVAL_TM,AUTOMOBILE_COUNT,BELTED_DEATH_COUNT,BELTED_SUSP_SERIOUS_INJ_COUNT,BICYCLE_COUNT,BICYCLE_DEATH_COUNT,BICYCLE_SUSP_SERIOUS_INJ_COUNT,BUS_COUNT,CHLDPAS_DEATH_COUNT,CHLDPAS_SUSP_SERIOUS_INJ_COUNT,COLLISION_TYPE,COMM_VEH_COUNT,CONS_ZONE_SPD_LIM,COUNTY,CRASH_MONTH,CRASH_YEAR,DAY_OF_WEEK,DEC_LAT,DEC_LONG,DISPATCH_TM,DISTRICT,DRIVER_COUNT_16YR,DRIVER_COUNT_17YR,DRIVER_COUNT_18YR,DRIVER_COUNT_19YR,DRIVER_COUNT_20YR,DRIVER_COUNT_50_64YR,DRIVER_COUNT_65_74YR,DRIVER_COUNT_75PLUS,EST_HRS_CLOSED,FATAL_COUNT,HEAVY_TRUCK_COUNT,HORSE_BUGGY_COUNT,HOUR_OF_DAY,ILLUMINATION,INJURY_COUNT,INTERSECT_TYPE,INTERSECTION_RELATED,LANE_CLOSED,LATITUDE,LN_CLOSE_DIR,LOCATION_TYPE,LONGITUDE,MAX_SEVERITY_LEVEL,MCYCLE_DEATH_COUNT,MCYCLE_SUSP_SERIOUS_INJ_COUNT,MOTORCYCLE_COUNT,MUNICIPALITY,NONMOTR_COUNT,NONMOTR_DEATH_COUNT,NONMOTR_SUSP_SERIOUS_INJ_COUNT,NTFY_HIWY_MAINT,PED_COUNT,PED_DEATH_COUNT,PED_SUSP_SERIOUS_INJ_COUNT,PERSON_COUNT,POLICE_AGCY,POSSIBLE_INJ_COUNT,RDWY_SURF_TYPE_CD,RELATION_TO_ROAD,ROAD_CONDITION,ROADWAY_CLEARED,SCH_BUS_IND,SCH_ZONE_IND,SECONDARY_CRASH,SMALL_TRUCK_COUNT,SPEC_JURIS_CD,SUSP_MINOR_INJ_COUNT,SUSP_SERIOUS_INJ_COUNT,SUV_COUNT,TCD_FUNC_CD,TCD_TYPE,TFC_DETOUR_IND,TIME_OF_DAY,TOT_INJ_COUNT,TOTAL_UNITS,UNB_DEATH_COUNT,UNB_SUSP_SERIOUS_INJ_COUNT,UNBELTED_OCC_COUNT,UNK_INJ_DEG_COUNT,UNK_INJ_PER_COUNT,URBAN_AREA,URBAN_RURAL,VAN_COUNT,VEHICLE_COUNT,WEATHER1,WEATHER2,WORK_ZONE_IND,WORK_ZONE_LOC,WORK_ZONE_TYPE,WORKERS_PRES,WZ_CLOSE_DETOUR,WZ_FLAGGER,WZ_LAW_OFFCR_IND,WZ_LN_CLOSURE,WZ_MOVING,WZ_OTHER,WZ_SHLDER_MDN,WZ_WORKERS_INJ_KILLED
2010118022,1940.0,1,0,0,0,0,0,0,0,0,4,0,,67,10,2010,5,40.0143,-75.0709,1936.0,6,0,0,0,0,0,0,0,0,,0,0,0,19.0,3,0,1,,0,40 00:51.572,,0,75 04:15.064,0,0,0,0,67301,0,0,0,N,0,0,0,3,67301,0,,1,1,,N,N,,1,,0,0,0,3,2,,1934.0,0,2,0,0,0,0,0,3,4,0,2,3,,N,,,,,,,,,,,
2010083108,1723.0,0,0,0,0,0,0,0,0,0,1,0,,67,7,2010,2,40.0329,-75.0864,1718.0,6,0,0,0,0,0,0,0,0,,0,0,0,10.0,1,1,1,,0,40 01:58.486,,0,75 05:11.194,8,0,0,0,67301,1,0,0,N,1,0,0,2,67301,0,,1,9,,N,N,,0,,0,0,1,3,2,,1030.0,1,2,0,0,0,1,0,3,4,0,1,3,,N,,,,,,,,,,,
2010075004,1837.0,2,0,0,0,0,0,0,0,0,5,0,,67,7,2010,1,39.9574,-75.1603,1837.0,6,0,0,0,1,0,0,0,0,1.0,0,0,0,18.0,1,2,1,,1,39 57:26.564,3.0,0,75 09:37.041,8,0,0,0,67301,0,0,0,N,0,0,0,3,67301,0,,1,1,,N,N,,0,,0,0,0,3,2,N,1837.0,2,2,0,0,0,2,0,3,4,0,2,3,,N,,,,,,,,,,,
2010075072,905.0,4,0,0,0,0,0,0,0,0,1,0,,67,7,2010,3,40.1086,-74.9974,859.0,6,0,0,0,0,0,1,0,0,1.0,0,0,0,8.0,1,0,0,,1,40 06:30.963,4.0,0,74 59:50.607,0,0,0,0,67301,0,0,0,,0,0,0,4,67301,0,,1,1,,,,,0,,0,0,0,0,0,N,857.0,0,4,0,0,0,0,0,3,4,0,4,3,,N,,,,,,,,,,,
2010075078,344.0,2,0,0,0,0,0,0,0,0,4,0,,67,7,2010,7,40.0299,-75.0878,335.0,6,0,0,0,0,0,0,0,0,1.0,0,0,0,3.0,3,0,1,,1,40 01:47.231,3.0,0,75 05:16.817,0,0,0,0,67301,0,0,0,N,0,0,0,3,67301,0,,1,1,,N,N,,0,,0,0,0,3,2,N,335.0,0,2,0,0,0,0,0,3,4,0,2,3,,N,,,,,,,,,,,
2010075100,1100.0,1,0,0,0,0,0,0,0,0,4,0,,67,5,2010,3,40.0037,-75.1691,1058.0,6,0,0,0,0,0,0,0,1,,0,0,0,10.0,1,2,1,,0,40 00:13.253,,0,75 10:08.679,4,0,0,0,67301,0,0,0,N,0,0,0,2,67301,2,,1,1,,N,N,,0,,0,0,0,3,2,,1057.0,2,2,0,0,0,0,0,3,4,1,2,3,,N,,,,,,,,,,,
2010064779,2245.0,2,0,0,0,0,0,0,0,0,1,0,,67,5,2010,1,40.024,-75.1596,2244.0,6,0,0,0,0,0,0,1,0,,0,0,0,21.0,3,1,1,,0,40 01:26.350,,0,75 09:34.481,4,0,0,0,67301,0,0,0,N,0,0,0,4,67301,1,,1,1,,N,N,,0,,0,0,0,3,2,,2140.0,1,2,0,0,0,0,0,3,4,0,2,3,,N,,,,,,,,,,,
2010045823,745.0,2,0,0,0,0,0,0,0,0,1,0,,67,5,2010,2,40.0075,-75.1924,745.0,6,0,0,0,0,0,0,0,0,,0,0,0,7.0,1,0,0,,0,40 00:32.936,,0,75 11:21.126,0,0,0,0,67301,0,0,0,N,0,0,0,2,68K01,0,,1,9,,N,N,,0,,0,0,0,0,0,,745.0,0,2,0,0,0,0,0,3,4,0,2,7,,N,,,,,,,,,,,
2010045092,1703.0,1,0,0,0,0,0,0,0,0,1,0,,67,4,2010,2,40.0064,-75.0894,1703.0,6,0,0,0,0,0,1,0,0,1.0,0,0,0,17.0,1,1,1,,1,40 00:22.733,1.0,0,75 05:22.991,8,0,0,0,67301,0,0,0,N,0,0,0,4,67301,0,,1,1,,N,N,,1,,0,0,0,3,3,N,1700.0,1,2,0,0,0,1,0,3,4,0,2,3,,N,,,,,,,,,,,
2010081498,1728.0,2,0,0,0,0,0,0,0,0,4,0,,67,7,2010,4,39.9819,-75.239,1727.0,6,0,0,1,0,0,1,0,0,,0,0,0,17.0,4,1,1,,0,39 58:54.974,,0,75 14:20.357,8,0,0,0,67301,0,0,0,N,0,0,0,3,67301,0,,1,98,,N,N,,0,,0,0,0,3,2,,1720.0,1,2,0,0,0,1,0,3,4,0,2,99,,N,,,,,,,,,,,
2010044488,1813.0,1,0,0,0,0,0,0,0,0,8,0,,67,4,2010,4,40.0389,-75.0798,1806.0,6,0,0,0,0,0,0,0,0,,0,0,0,18.0,1,1,0,,0,40 02:19.917,,0,75 04:47.456,3,0,0,0,67301,1,0,0,N,1,0,0,2,67301,0,,1,1,,N,N,,0,,1,0,0,0,0,,1800.0,1,2,0,0,0,0,0,3,4,0,1,3,,N,,,,,,,,,,,
2010084260,1218.0,1,0,0,0,0,0,0,0,0,8,0,,67,8,2010,2,39.936,-75.1789,1218.0,6,0,0,0,0,0,1,0,0,,0,0,0,99.0,1,1,0,,0,39 56:09.700,,0,75 10:44.079,4,0,0,0,67301,1,0,0,,1,0,0,2,67301,1,,1,1,,,,,0,,0,0,0,0,0,,9999.0,1,2,0,0,0,0,0,3,4,0,1,3,,N,,,,,,,,,,,
2010052372,1448.0,0,0,0,0,0,0,0,0,0,0,0,,67,5,2010,7,40.0808,-75.0373,1448.0,6,0,0,0,0,0,0,0,0,,0,0,0,14.0,1,0,0,,0,40 04:50.925,,0,75 02:14.133,0,0,0,0,67301,0,0,0,N,0,0,0,2,67301,0,,1,1,,N,N,,1,,0,0,0,0,0,,1448.0,0,1,0,0,0,0,0,3,4,0,1,98,,N,,,,,,,,,,,
2010062279,2330.0,2,0,0,0,0,0,0,0,0,4,0,,67,6,2010,7,39.9329,-75.1487,2325.0,6,0,0,0,0,0,0,0,0,,0,0,0,23.0,3,1,1,,0,39 55:58.508,,0,75 08:55.373,4,0,0,0,67301,0,0,0,N,0,0,0,4,67301,1,,1,1,,N,N,,0,,0,0,0,3,2,,2322.0,1,2,0,0,0,0,3,3,4,0,2,3,,N,,,,,,,,,,,
2010084068,2208.0,1,0,0,0,0,0,0,0,0,1,0,,67,8,2010,6,39.998,-75.196,2208.0,6,0,0,1,0,1,0,0,0,1.0,0,0,0,22.0,3,0,0,,2,39 59:55.147,3.0,0,75 11:44.580,0,0,0,0,67301,0,0,0,N,0,0,0,5,68K01,0,,1,1,,N,N,,0,,0,0,1,0,0,N,2208.0,0,2,0,0,0,0,0,3,4,0,2,3,,N,,,,,,,,,,,
2010084142,1520.0,1,0,0,0,0,0,0,0,0,4,0,,67,8,2010,1,40.0775,-75.0438,1511.0,6,0,0,0,0,0,1,0,0,,0,0,0,14.0,1,4,2,,0,40 04:39.117,,0,75 02:37.534,4,0,0,0,67301,0,0,0,,0,0,0,5,67301,3,,1,1,,N,N,,0,,0,0,1,3,2,,1450.0,4,2,0,0,0,1,0,3,4,0,2,3,,N,,,,,,,,,,,
2010062076,1440.0,2,0,0,0,0,0,0,0,0,1,0,,67,5,2010,2,39.9154,-75.1596,1435.0,6,0,0,0,0,1,0,0,0,,0,0,0,14.0,1,1,0,,0,39 54:55.251,,0,75 09:34.178,4,0,0,0,67301,0,0,0,N,0,0,0,2,67301,1,,1,1,,N,N,,0,,0,0,0,0,0,,1430.0,1,2,0,0,2,0,0,3,4,0,2,3,,N,,,,,,,,,,,
2010062091,449.0,1,0,0,0,0,0,0,0,0,3,0,,67,4,2010,5,40.006,-75.0927,445.0,6,0,0,0,0,0,0,0,0,9.0,0,0,0,4.0,3,2,0,,2,40 00:21.517,5.0,0,75 05:33.575,8,0,0,0,67301,0,0,0,N,0,0,0,3,67301,0,,1,1,,N,N,,0,,0,0,2,0,0,Y,438.0,2,3,0,0,0,2,0,3,4,0,3,3,,N,,,,,,,,,,,
2010044806,1840.0,0,0,0,0,0,0,1,0,0,1,2,,67,4,2010,3,39.9393,-75.1982,1835.0,6,0,0,0,0,0,0,0,0,,0,1,0,16.0,1,1,1,,0,39 56:22.681,,0,75 11:53.378,8,0,0,0,67301,0,0,0,N,0,0,0,3,67301,0,,1,1,,N,N,,0,,0,0,0,3,2,,1620.0,1,2,0,0,1,1,2,3,4,0,2,3,,N,,,,,,,,,,,
2010044841,1657.0,2,0,0,0,0,0,0,0,0,1,0,,67,4,2010,2,40.0292,-75.1068,1648.0,6,0,0,0,0,0,0,0,0,,0,0,0,16.0,1,2,0,,0,40 01:45.411,,0,75 06:23.826,4,0,0,0,67301,0,0,0,,0,0,0,3,67301,2,,1,1,,N,N,,0,,0,0,0,3,2,,1647.0,2,2,0,0,0,0,1,3,4,0,2,3,,N,,,,,,,,,,,
2010044873,1901.0,0,0,0,0,0,0,0,0,0,8,0,,67,4,2010,1,40.0226,-75.1306,900.0,6,0,0,0,0,0,0,0,0,,0,0,0,18.0,1,1,0,,0,40 01:21.522,,0,75 07:50.091,4,0,0,0,67301,1,0,0,N,1,0,0,2,67301,1,,1,1,,N,N,,0,,0,0,0,0,0,,1850.0,1,2,0,0,0,0,0,3,4,1,1,3,,N,,,,,,,,,,,
2010084617,2100.0,1,0,0,0,0,0,0,0,0,4,0,,67,8,2010,2,40.0211,-75.1399,2100.0,6,0,0,0,0,0,0,0,0,1.0,0,0,0,20.0,3,0,1,,2,40 01:15.937,3.0,0,75 08:23.758,9,0,0,0,67301,0,0,0,N,0,0,0,3,67301,0,,1,1,,N,N,,0,,0,0,1,3,2,N,2054.0,0,2,0,0,0,0,1,3,4,0,2,3,,N,,,,,,,,,,,
2010060305,1958.0,1,0,0,0,0,0,0,0,0,4,0,,67,5,2010,7,39.9431,-75.2153,1944.0,6,0,0,0,0,1,0,0,0,,0,0,0,19.0,1,2,1,,0,39 56:35.142,,0,75 12:54.968,4,0,0,0,67301,0,0,0,N,0,0,0,5,67301,2,,1,1,,N,N,,0,,0,0,1,3,2,,1910.0,2,2,0,0,1,0,0,3,4,0,2,3,,N,,,,,,,,,,,
2010057861,746.0,0,0,0,0,0,0,0,0,0,7,0,,67,6,2010,2,39.968,-75.1297,736.0,6,0,0,0,0,0,1,0,0,,0,0,0,7.0,1,0,7,,0,39 58:06.224,,2,75 07:44.162,0,0,0,0,67301,0,0,0,N,0,0,0,1,68K01,0,,7,1,,N,N,,0,,0,0,0,0,0,,731.0,0,1,0,0,0,0,0,3,4,1,1,3,,N,,,,,,,,,,,
2010058854,2244.0,0,0,0,0,0,0,0,0,0,7,0,,67,5,2010,4,40.0771,-74.9648,2244.0,6,0,0,0,0,0,0,0,0,3.0,0,0,0,22.0,3,1,0,,1,40 04:38.227,3.0,0,74 57:53.519,8,0,0,0,67301,0,0,0,,0,0,0,1,67301,0,,5,1,,,N,,0,,0,0,0,0,0,Y,2228.0,1,1,0,0,0,1,0,3,4,1,1,3,,N,,,,,,,,,,,
2010065268,1337.0,1,0,0,0,0,0,0,0,0,5,0,,67,6,2010,7,40.0326,-75.0207,1331.0,6,0,0,0,0,0,0,0,0,3.0,0,0,0,13.0,1,3,0,,1,40 01:57.972,1.0,0,75 01:14.186,8,0,0,0,67301,0,0,0,N,0,0,0,4,68K01,0,,1,1,,N,N,,0,,0,0,1,0,0,Y,1330.0,3,3,0,0,0,3,1,3,4,1,3,3,,N,,,,,,,,,,,
2010039255,10.0,2,0,0,0,0,0,0,0,0,5,0,,67,3,2010,3,40.0442,-75.1644,4.0,6,0,0,0,0,0,0,0,0,2.0,0,0,0,23.0,3,0,0,,2,40 02:39.156,3.0,0,75 09:51.811,0,0,0,0,67301,2,0,0,N,0,0,0,3,67301,0,,2,1,,N,N,,1,,0,0,0,0,0,Y,2350.0,0,3,0,0,0,0,0,3,4,0,3,3,,N,,,,,,,,,,,
2010032586,1140.0,2,0,0,0,0,0,0,0,0,4,0,,67,3,2010,2,40.0649,-75.0515,1136.0,6,0,0,0,0,0,1,0,0,,0,0,0,11.0,1,2,1,,0,40 03:53.766,,0,75 03:05.562,8,0,0,0,67301,0,0,0,,0,0,0,4,67301,0,,1,1,,,,,0,,0,0,0,3,2,,1135.0,2,2,0,0,0,2,1,3,4,0,2,3,,N,,,,,,,,,,,
2010032604,1315.0,1,0,0,0,0,0,0,0,0,8,0,,67,3,2010,2,39.9256,-75.1693,1245.0,6,0,0,0,0,0,0,0,0,,0,0,0,12.0,1,1,5,,0,39 55:32.000,,0,75 10:10.123,8,0,0,0,67301,1,0,0,N,1,0,0,2,67301,0,,2,1,,N,N,,0,,0,0,0,3,2,,1240.0,1,2,0,0,0,1,0,3,4,0,1,3,,N,,,,,,,,,,,
2010032748,1148.0,2,0,0,0,0,0,0,0,0,2,0,,67,3,2010,7,40.056,-75.1999,1137.0,6,0,0,0,0,0,0,1,0,,0,0,0,11.0,1,2,0,,0,40 03:21.509,,0,75 11:59.615,8,0,0,0,67301,0,0,0,N,0,0,0,2,67301,0,,1,1,,N,N,,0,,0,0,0,0,0,,1136.0,2,2,0,0,0,2,0,3,4,0,2,3,,N,,,,,,,,,,,
2010032796,1552.0,3,0,0,0,0,0,0,0,0,1,0,,67,2,2010,6,,,1550.0,6,0,0,0,0,0,0,1,0,,0,0,0,15.0,1,1,0,,0,,,0,,8,0,0,0,67301,0,0,0,N,0,0,0,1,67301,0,,3,9,,N,N,,0,,0,0,0,0,0,,1550.0,1,3,0,0,0,1,0,3,3,0,3,3,,N,,,,,,,,,,,
2010032805,830.0,2,0,0,0,0,0,0,0,0,5,1,,67,3,2010,3,40.0269,-75.0984,823.0,6,0,0,0,0,0,1,0,0,1.0,0,1,0,8.0,1,1,0,,1,40 01:37.191,1.0,0,75 05:54.848,8,0,0,0,67301,0,0,0,,0,0,0,6,67301,0,,1,1,,N,N,,0,,0,0,0,3,2,N,823.0,1,4,0,0,0,1,5,3,4,1,4,3,,N,,,,,,,,,,,
2010068574,1418.0,1,0,0,0,0,0,0,0,0,7,0,,67,7,2010,6,39.9978,-75.0809,1404.0,6,0,0,0,0,0,0,0,0,,0,0,0,14.0,1,3,0,,0,39 59:49.182,,2,75 04:51.201,4,0,0,0,67301,0,0,0,N,0,0,0,3,68K01,3,,3,1,,N,N,,0,,0,0,0,0,0,,1400.0,3,1,0,0,0,0,0,3,4,0,1,3,,N,,,,,,,,,,,
2010104914,1050.0,1,0,1,0,0,0,0,0,0,1,0,,67,9,2010,4,39.9858,-75.2156,1047.0,6,0,0,0,0,0,1,0,0,,0,0,0,10.0,1,3,1,,0,39 59:09.028,,0,75 12:56.230,2,0,0,0,67301,0,0,0,N,0,0,0,3,67301,0,,1,1,,N,N,,0,,2,1,1,3,2,,1040.0,3,2,0,0,0,0,0,3,4,0,2,3,,N,,,,,,,,,,,
2010099755,1032.0,2,0,0,0,0,0,0,0,0,5,0,,67,9,2010,7,40.043,-75.0373,1031.0,6,0,0,0,0,0,0,0,0,,0,0,0,10.0,1,1,0,,0,40 02:34.843,,0,75 02:14.388,4,0,0,0,67301,0,0,0,N,0,0,0,3,67301,1,,1,1,,N,N,,0,,0,0,0,0,0,,1025.0,1,2,0,0,0,0,0,3,4,0,2,3,,N,,,,,,,,,,,
2010099759,1705.0,1,0,0,0,0,0,0,0,0,8,0,,67,8,2010,7,40.0205,-75.1924,1703.0,6,0,0,0,0,0,0,0,0,9.0,0,0,0,99.0,1,1,1,,1,40 01:13.580,5.0,0,75 11:32.806,3,0,0,0,67301,1,0,0,,1,0,0,2,67301,0,,1,1,,N,N,,0,,1,0,0,3,2,Y,9999.0,1,2,0,0,0,0,0,3,4,0,1,3,,N,,,,,,,,,,,
2010099775,1645.0,1,0,0,1,0,0,0,0,0,4,0,,67,9,2010,6,39.9376,-75.1854,1640.0,6,0,0,0,0,0,0,0,0,,0,0,0,16.0,1,1,1,,0,39 56:15.295,,0,75 11:07.389,8,0,0,0,67301,1,0,0,N,0,0,0,3,67301,0,,1,1,,N,N,,0,,0,0,0,3,3,,1635.0,1,2,0,0,0,1,0,3,4,0,1,3,,N,,,,,,,,,,,
2010118075,715.0,0,0,0,0,0,0,0,0,0,8,0,,67,10,2010,3,40.0803,-75.1808,710.0,6,0,0,0,0,0,0,1,0,,0,0,0,7.0,1,1,2,,0,40 04:49.147,,0,75 10:50.851,4,0,0,0,67301,1,0,0,N,1,0,0,2,67301,1,,1,9,,N,N,,0,,0,0,1,3,2,,705.0,1,2,0,0,0,0,0,3,4,0,1,7,,N,,,,,,,,,,,
2010112749,925.0,1,0,0,0,0,0,0,0,0,1,0,,67,11,2010,6,40.0123,-75.0597,909.0,6,0,0,1,0,0,0,0,0,,0,0,0,9.0,1,0,0,,0,40 00:44.155,,0,75 03:35.148,0,0,0,0,67301,0,0,0,N,0,0,0,2,68K01,0,,1,9,,N,N,,0,,0,0,1,0,0,,904.0,0,2,0,0,0,0,0,3,4,0,2,3,,N,,,,,,,,,,,
2010110711,810.0,1,0,0,0,0,0,0,0,0,4,0,,67,10,2010,3,40.0302,-75.0438,801.0,6,0,0,0,0,0,0,1,0,,0,0,0,8.0,1,0,1,,0,40 01:48.784,,0,75 02:37.647,0,0,0,0,67301,0,0,0,N,0,0,0,2,67301,0,,1,9,,N,N,,0,,0,0,1,3,2,,800.0,0,2,0,0,0,0,0,3,4,0,2,7,,N,,,,,,,,,,,
2010110726,1537.0,0,0,0,0,0,0,0,0,0,8,0,,67,10,2010,6,39.9943,-75.1577,1535.0,6,0,0,0,0,0,0,0,0,,0,0,0,13.0,1,1,1,,0,39 59:39.638,,0,75 09:27.820,8,0,0,0,67301,1,0,0,N,1,0,0,2,67301,0,,2,1,,N,N,,0,,0,0,0,3,2,,1345.0,1,2,0,0,0,1,0,3,4,1,1,3,,N,,,,,,,,,,,
2010102430,1620.0,1,0,0,0,0,0,0,0,0,1,0,,67,9,2010,7,40.0405,-75.0589,1604.0,6,0,0,0,0,0,0,0,0,,0,0,0,15.0,1,1,1,,0,40 02:25.798,,0,75 03:31.964,8,0,0,0,67301,0,0,0,N,0,0,0,5,67301,0,,1,1,,N,N,,1,,0,0,0,3,2,,1550.0,1,2,0,0,0,1,0,3,4,0,2,3,,N,,,,,,,,,,,
2010105004,1545.0,1,0,0,0,0,0,1,0,0,1,1,,67,9,2010,5,39.9871,-75.1051,1542.0,6,0,0,0,0,0,0,0,0,,0,0,0,15.0,1,2,1,,0,39 59:13.491,,0,75 06:18.066,4,0,0,0,67301,0,0,0,,0,0,0,5,67301,2,,1,9,,,,,0,,0,0,0,3,2,,1540.0,2,2,0,0,1,0,0,3,4,0,2,7,,N,,,,,,,,,,,
2010074907,1620.0,1,0,0,0,0,0,0,0,0,1,0,,67,6,2010,3,40.0581,-75.139,1615.0,6,0,0,0,0,0,0,0,0,,0,0,0,15.0,1,2,1,,0,40 03:29.249,,0,75 08:20.370,4,0,0,0,67301,0,0,0,N,0,0,0,3,67301,2,,1,1,,N,N,,0,,0,0,0,3,2,,1500.0,2,2,0,0,0,0,0,3,4,1,2,3,,N,,,,,,,,,,,
2010062023,1552.0,2,0,0,0,0,0,0,0,0,4,0,,67,3,2010,5,40.019,-75.1601,1552.0,6,0,0,0,0,0,2,0,0,,0,0,0,15.0,1,1,2,,0,40 01:08.452,,0,75 09:36.288,4,0,0,0,67301,0,0,0,,0,0,0,2,67301,1,,1,1,,N,N,,1,,0,0,0,3,3,,1550.0,1,3,0,0,0,0,0,3,4,0,3,3,,N,,,,,,,,,,,
2010084159,1510.0,1,0,0,0,0,0,0,0,0,4,0,,67,7,2010,5,40.0566,-75.0138,1503.0,6,0,0,0,0,0,1,0,0,1.0,0,0,0,15.0,1,1,0,,1,40 03:23.803,4.0,7,75 00:49.683,4,0,0,0,67301,0,0,0,N,0,0,0,2,67301,1,,1,1,,N,N,,0,,0,0,1,0,0,Y,1500.0,1,2,0,0,0,0,0,3,4,0,2,3,,N,,,,,,,,,,,
2010044475,2010.0,0,0,0,1,0,0,0,0,0,8,0,,67,4,2010,7,40.0455,-75.1273,1951.0,6,0,0,0,0,0,0,0,0,,0,0,0,19.0,3,1,0,,0,40 02:43.693,,0,75 07:38.090,4,0,0,0,67301,1,0,0,,0,0,0,2,67301,1,,1,1,,,,,0,,0,0,1,0,0,,1930.0,1,2,0,0,0,0,1,3,4,0,1,3,,N,,,,,,,,,,,
2010044524,2340.0,2,0,0,0,0,0,0,0,0,1,0,,67,4,2010,5,39.8943,-75.2289,2335.0,6,0,0,0,0,0,1,0,0,1.0,0,0,0,23.0,2,0,0,,1,39 53:39.582,4.0,0,75 13:44.187,0,0,0,0,67301,0,0,0,N,0,0,0,2,67301,0,,1,9,,N,N,,0,,0,0,0,0,0,N,2331.0,0,2,0,0,0,0,0,3,4,0,2,7,,N,,,,,,,,,,,
2010052250,1448.0,1,0,0,0,0,0,0,0,0,1,0,,67,5,2010,4,39.9379,-75.1667,1443.0,6,0,0,0,0,0,0,1,0,,0,0,0,14.0,1,2,1,,0,39 56:16.111,,0,75 10:00.162,8,0,0,0,67301,0,0,0,N,0,0,0,3,67301,0,,1,1,,N,N,,0,,0,0,1,3,2,,1443.0,2,2,0,0,0,2,0,3,4,0,2,3,,N,,,,,,,,,,,
2010052333,1625.0,2,0,0,0,0,0,0,0,0,1,0,,67,5,2010,6,40.0718,-75.0736,1620.0,6,0,0,0,1,0,1,0,0,,0,0,0,16.0,1,1,0,,0,40 04:18.410,,0,75 04:25.052,4,0,0,0,67301,0,0,0,,0,0,0,3,67301,1,,1,1,,N,N,,0,,0,0,1,0,0,,1620.0,1,3,0,0,0,0,0,3,4,0,3,3,,N,,,,,,,,,,,
2010052393,1600.0,0,0,0,0,0,0,0,0,0,4,0,,67,4,2010,2,39.9239,-75.2221,1600.0,6,0,0,0,0,0,1,0,0,,0,0,0,13.0,1,1,1,,0,39 55:26.087,,0,75 13:19.646,4,0,0,0,67301,0,0,0,,0,0,0,3,67301,1,,1,9,,,,,0,,0,0,0,3,2,,1320.0,1,2,0,0,0,0,0,3,4,1,2,7,,N,,,,,,,,,,,
2010052408,821.0,0,0,0,0,0,0,0,0,0,8,0,,67,4,2010,6,39.9388,-75.1747,820.0,6,0,0,0,0,0,0,0,0,,0,0,0,8.0,1,1,1,,0,39 56:19.856,,0,75 10:29.074,8,0,0,0,67301,1,0,0,,1,0,0,2,67301,0,,1,1,,N,N,,1,,0,0,0,9,2,,818.0,1,2,0,0,1,1,0,3,4,0,1,3,,N,,,,,,,,,,,
2010052420,1346.0,2,0,0,0,0,0,0,0,0,5,0,,67,5,2010,7,39.8975,-75.2525,1335.0,6,0,0,0,0,0,1,0,0,,0,0,0,13.0,1,1,1,,0,39 53:50.875,,0,75 15:07.486,4,0,0,0,67301,0,0,0,N,0,0,0,4,67301,1,,1,1,,N,N,,0,,0,0,0,3,2,,1325.0,1,2,0,0,0,0,0,3,4,0,2,3,,N,,,,,,,,,,,
2010052425,1025.0,1,0,0,0,0,0,0,0,0,1,0,,67,5,2010,3,39.9911,-75.1232,1021.0,6,0,0,0,0,0,0,0,0,,0,0,0,10.0,1,1,0,,0,39 59:27.848,,0,75 07:23.361,4,0,0,0,67301,0,0,0,,0,0,0,3,67301,1,,1,1,,N,N,,1,,0,0,0,0,0,,1015.0,1,2,0,0,0,0,0,3,4,0,2,3,,N,,,,,,,,,,,
2010062239,205.0,1,0,0,1,0,0,0,0,0,6,0,,67,6,2010,7,39.9707,-75.1344,205.0,6,0,0,0,0,0,0,0,0,,0,0,0,1.0,3,1,0,,0,39 58:14.682,,0,75 08:03.875,4,0,0,0,67301,1,0,0,,0,0,0,2,67301,1,,1,1,,,,,0,,0,0,0,0,0,,105.0,1,2,0,0,0,0,0,3,4,0,1,3,,N,,,,,,,,,,,
2010044568,2339.0,2,0,0,0,0,0,0,0,0,4,0,,67,4,2010,7,40.0543,-75.0495,2336.0,6,0,0,0,0,0,0,0,0,1.0,0,0,0,23.0,3,4,1,,1,40 03:15.517,2.0,0,75 02:58.198,4,0,0,0,67301,0,0,0,,0,0,0,4,67301,4,,1,1,,,,,0,,0,0,0,3,2,Y,2336.0,4,2,0,0,0,0,0,3,4,0,2,3,,N,,,,,,,,,,,
2010062290,320.0,1,0,0,0,0,0,0,0,0,7,0,,67,6,2010,6,40.0997,-75.0643,315.0,6,0,0,0,0,0,0,0,0,,0,0,0,3.0,3,0,0,,0,40 05:58.923,,0,75 03:51.620,0,0,0,0,67301,0,0,0,,0,0,0,1,67301,0,,5,1,,N,N,,0,,0,0,0,0,0,,300.0,0,1,0,0,0,0,0,3,4,0,1,3,,N,,,,,,,,,,,
2010044644,159.0,0,0,0,0,0,0,0,0,0,4,0,,67,4,2010,1,39.9291,-75.1676,156.0,6,0,0,0,0,0,0,0,0,,0,0,0,1.0,3,0,2,,0,39 55:44.857,,0,75 10:03.442,0,0,0,0,67301,0,0,0,,0,0,0,1,67301,0,,1,1,,,,,0,,0,0,2,3,3,,150.0,0,2,0,0,0,0,0,3,4,0,2,3,,N,,,,,,,,,,,
2010084594,2003.0,2,0,1,0,0,0,0,0,0,4,0,,67,7,2010,7,40.013,-75.1193,2000.0,6,0,0,0,0,0,0,0,0,,0,0,0,19.0,1,1,0,,0,40 00:46.695,,7,75 07:09.537,2,0,0,0,67301,0,0,0,N,0,0,0,2,67301,0,,1,1,,N,N,,0,,0,1,0,0,0,,1950.0,1,2,0,0,0,0,0,3,4,0,2,3,,N,,,,,,,,,,,