CRN,ARRIVAL_TM,AUTOMOBILE_COUNT,BELTED_DEATH_COUNT,BELTED_SUSP_SERIOUS_INJ_COUNT,BICYCLE_COUNT,BICYCLE_DEATH_COUNT,BICYCLE_SUSP_SERIOUS_INJ_COUNT,BUS_COUNT,CHLDPAS_DEATH_COUNT,CHLDPAS_SUSP_SERIOUS_INJ_COUNT,COLLISION_TYPE,COMM_VEH_COUNT,CONS_ZONE_SPD_LIM,COUNTY,CRASH_MONTH,CRASH_YEAR,DAY_OF_WEEK,DEC_LAT,DEC_LONG,DISPATCH_TM,DISTRICT,DRIVER_COUNT_16YR,DRIVER_COUNT_17YR,DRIVER_COUNT_18YR,DRIVER_COUNT_19YR,DRIVER_COUNT_20YR,DRIVER_COUNT_50_64YR,DRIVER_COUNT_65_74YR,DRIVER_COUNT_75PLUS,EST_HRS_CLOSED,FATAL_COUNT,HEAVY_TRUCK_COUNT,HORSE_BUGGY_COUNT,HOUR_OF_DAY,ILLUMINATION,INJURY_COUNT,INTERSECT_TYPE,INTERSECTION_RELATED,LANE_CLOSED,LATITUDE,LN_CLOSE_DIR,LOCATION_TYPE,LONGITUDE,MAX_SEVERITY_LEVEL,MCYCLE_DEATH_COUNT,MCYCLE_SUSP_SERIOUS_INJ_COUNT,MOTORCYCLE_COUNT,MUNICIPALITY,NONMOTR_COUNT,NONMOTR_DEATH_COUNT,NONMOTR_SUSP_SERIOUS_INJ_COUNT,NTFY_HIWY_MAINT,PED_COUNT,PED_DEATH_COUNT,PED_SUSP_SERIOUS_INJ_COUNT,PERSON_COUNT,POLICE_AGCY,POSSIBLE_INJ_COUNT,RDWY_SURF_TYPE_CD,RELATION_TO_ROAD,ROAD_CONDITION,ROADWAY_CLEARED,SCH_BUS_IND,SCH_ZONE_IND,SECONDARY_CRASH,SMALL_TRUCK_COUNT,SPEC_JURIS_CD,SUSP_MINOR_INJ_COUNT,SUSP_SERIOUS_INJ_COUNT,SUV_COUNT,TCD_FUNC_CD,TCD_TYPE,TFC_DETOUR_IND,TIME_OF_DAY,TOT_INJ_COUNT,TOTAL_UNITS,UNB_DEATH_COUNT,UNB_SUSP_SERIOUS_INJ_COUNT,UNBELTED_OCC_COUNT,UNK_INJ_DEG_COUNT,UNK_INJ_PER_COUNT,URBAN_AREA,URBAN_RURAL,VAN_COUNT,VEHICLE_COUNT,WEATHER1,WEATHER2,WORK_ZONE_IND,WORK_ZONE_LOC,WORK_ZONE_TYPE,WORKERS_PRES,WZ_CLOSE_DETOUR,WZ_FLAGGER,WZ_LAW_OFFCR_IND,WZ_LN_CLOSURE,WZ_MOVING,WZ_OTHER,WZ_SHLDER_MDN,WZ_WORKERS_INJ_KILLED
2010048813,1216.0,1,0,0,0,0,0,0,0,0,4,0,,67,4,2010,1,39.9713,-75.2273,1216.0,6,0,0,0,0,0,0,0,0,,0,0,0,12.0,1,1,1,,0,39 58:16.582,,0,75 13:38.114,4,0,0,0,67301,4,0,0,N,0,0,0,6,67301,1,,1,1,,N,N,,1,,0,0,0,3,2,,1214.0,1,3,0,0,0,0,0,3,4,1,3,3,,N,,,,,,,,,,,
2010060273,923.0,1,0,0,0,0,0,0,0,0,2,0,,67,4,2010,4,39.9991,-75.2309,906.0,6,0,0,0,0,0,2,0,0,3.0,0,0,0,9.0,1,1,1,,1,39 59:56.763,1.0,0,75 13:51.120,8,0,0,1,67301,0,0,0,,0,0,0,2,67301,0,,1,1,,,,,0,,0,0,0,3,2,Y,901.0,1,2,0,0,0,1,0,3,4,0,2,3,,N,,,,,,,,,,,
2010060277,1840.0,2,0,0,0,0,0,0,0,0,4,0,,67,5,2010,6,40.0615,-75.1624,1840.0,6,0,0,0,0,0,2,0,0,,0,0,0,18.0,1,1,1,,0,40 03:41.403,,0,75 09:44.765,4,0,0,0,67301,0,0,0,N,0,0,0,2,67301,1,,1,1,,N,N,,0,,0,0,0,3,3,,1829.0,1,2,0,0,0,0,0,3,4,0,2,3,,N,,,,,,,,,,,
2010057849,1200.0,0,0,0,0,0,0,0,0,0,7,0,,67,6,2010,6,39.9785,-75.1106,1200.0,6,0,0,0,0,0,0,0,0,,0,0,0,11.0,1,0,0,,0,39 58:44.506,,0,75 06:34.099,0,0,0,0,67301,0,0,0,N,0,0,0,1,68K01,0,,1,1,,N,N,,0,,0,0,1,0,0,,1155.0,0,1,0,0,0,0,0,3,4,0,1,3,,N,,,,,,,,,,,
2010075886,1939.0,1,0,0,1,0,0,0,0,0,5,0,,67,7,2010,5,40.0263,-75.1288,1934.0,6,0,0,0,0,0,0,0,0,,0,0,0,19.0,1,1,0,,0,40 01:34.555,,0,75 07:43.718,4,0,0,0,67301,1,0,0,,0,0,0,2,67301,1,,1,1,,N,N,,0,,0,0,0,0,0,,1929.0,1,2,0,0,1,0,0,3,4,0,1,99,,N,,,,,,,,,,,
2010023660,1840.0,0,0,0,0,0,0,0,0,0,8,0,,67,1,2010,5,40.0324,-75.0922,1833.0,6,0,0,0,0,0,1,0,0,3.0,1,0,0,18.0,3,0,0,,2,40 01:56.523,6.0,0,75 05:31.870,1,0,0,0,67301,1,1,0,,1,1,0,2,67301,0,2.0,1,1,,,,,1,0.0,0,0,0,0,0,Y,1830.0,0,2,0,0,0,0,0,3,4,0,1,3,,N,,,,,,,,,,,
2010032746,1932.0,2,0,0,0,0,0,0,0,0,2,0,,67,3,2010,7,39.9882,-75.1285,1930.0,6,0,0,0,0,0,0,0,0,,0,0,0,19.0,3,0,2,,0,39 59:17.419,,0,75 07:42.725,0,0,0,0,67301,0,0,0,N,0,0,0,5,67301,0,,1,1,,N,N,,0,,0,0,0,0,0,,1900.0,0,2,0,0,0,0,0,3,4,0,2,3,,N,,,,,,,,,,,
2010073576,1115.0,1,0,0,0,0,0,0,0,0,1,0,,67,7,2010,2,39.9566,-75.1513,1101.0,6,0,0,0,0,0,2,0,0,2.0,0,0,0,10.0,1,1,2,,1,39 57:23.622,4.0,0,75 09:04.685,3,0,0,0,67301,0,0,0,N,0,0,0,3,68K01,0,,1,1,,N,N,,1,,1,0,0,3,1,Y,1057.0,1,3,0,0,0,0,1,3,4,1,3,3,,N,,,,,,,,,,,
2010104956,52.0,2,0,0,0,0,0,0,0,0,1,0,,67,10,2010,7,39.9958,-75.1048,48.0,6,0,0,0,0,0,0,0,0,1.0,0,0,0,0.0,3,0,0,,1,39 59:44.945,2.0,0,75 06:17.473,0,0,0,0,67301,0,0,0,N,0,0,0,1,67301,0,,1,1,,N,N,,0,,0,0,0,0,0,N,40.0,0,2,0,0,1,0,0,3,4,0,2,3,,N,,,,,,,,,,,
2010083278,707.0,1,0,0,0,0,0,0,0,0,1,1,,67,8,2010,2,40.0283,-75.0233,707.0,6,0,0,0,0,0,0,0,0,3.0,0,1,0,7.0,1,1,0,,1,40 01:42.418,1.0,0,75 01:23.317,8,0,0,0,67301,0,0,0,N,0,0,0,2,68K01,0,,1,1,,N,N,,0,,0,0,0,0,0,N,705.0,1,2,0,0,1,1,0,3,4,0,2,3,,N,,,,,,,,,,,
2010097268,635.0,1,0,0,0,0,0,0,0,0,1,0,,67,10,2010,3,39.9795,-75.108,629.0,6,0,0,0,0,0,1,0,0,,0,0,0,6.0,3,0,0,,0,39 58:47.590,,0,75 06:23.648,0,0,0,0,67301,0,0,0,N,0,0,0,2,68K01,0,,1,1,,N,N,,1,,0,0,0,0,0,,627.0,0,2,0,0,0,0,0,3,4,0,2,3,,N,,,,,,,,,,,
2010099810,1845.0,1,0,0,0,0,0,0,0,0,4,0,,67,9,2010,2,39.9195,-75.243,1840.0,6,0,0,0,0,0,0,0,0,,0,0,0,18.0,1,0,1,,0,39 55:10.311,,0,75 14:34.799,0,0,0,0,67301,0,0,0,N,0,0,0,4,67301,0,,1,1,,N,N,,1,,0,0,0,3,2,,1810.0,0,2,0,0,0,0,0,3,4,0,2,3,,N,,,,,,,,,,,
2010110745,1155.0,6,0,0,0,0,0,0,0,0,1,0,,67,10,2010,2,39.8937,-75.2209,1155.0,6,0,0,0,1,0,0,0,0,1.0,0,0,0,11.0,1,1,0,,2,39 53:37.264,4.0,3,75 13:15.141,4,0,0,0,67301,0,0,0,N,0,0,0,6,67301,1,,1,1,,N,N,,0,,0,0,0,0,0,Y,1150.0,1,6,0,0,3,0,0,3,4,0,6,3,,N,,,,,,,,,,,
2010097390,1924.0,1,0,0,0,0,0,0,0,0,0,0,,67,10,2010,5,39.9744,-75.1943,1919.0,6,0,0,0,0,0,0,0,0,1.0,0,0,0,19.0,3,0,0,,2,39 58:31.345,3.0,0,75 11:41.021,0,0,0,0,67301,0,0,0,N,0,0,0,1,68K01,0,,2,1,,N,N,,0,,0,0,0,0,0,N,1918.0,0,1,0,0,0,0,0,3,4,0,1,3,,N,,,,,,,,,,,
2010105029,950.0,2,0,0,0,0,0,0,0,0,1,0,,67,9,2010,7,39.9546,-75.1648,944.0,6,0,0,0,0,0,0,0,0,,0,0,0,9.0,1,2,1,,0,39 57:17.215,,0,75 09:58.983,8,0,0,0,67301,0,0,0,,0,0,0,5,67301,0,,1,1,,N,N,,0,,0,0,0,3,2,,940.0,2,2,0,0,0,2,0,3,4,0,2,3,,N,,,,,,,,,,,
2010113298,1825.0,1,0,0,0,0,0,0,0,0,8,0,,67,10,2010,7,40.0519,-75.1578,1820.0,6,0,0,0,0,0,1,0,0,,0,0,0,16.0,1,1,1,,0,40 03:07.005,,0,75 09:28.004,4,0,0,0,67301,1,0,0,N,1,0,0,4,67301,1,,1,1,,N,N,,0,,0,0,0,3,2,,1605.0,1,2,0,0,0,0,0,3,4,0,1,3,,N,,,,,,,,,,,
2010113325,1652.0,0,0,0,0,0,0,0,0,0,5,0,,67,10,2010,6,40.0824,-74.9669,1645.0,6,0,0,0,0,0,2,0,0,,0,0,0,16.0,1,0,0,,0,40 04:56.561,,0,74 58:01.012,0,0,0,0,67301,0,0,0,N,0,0,0,2,67301,0,,1,1,,N,N,,1,,0,0,1,0,0,,1645.0,0,2,0,0,0,0,0,3,4,0,2,3,,N,,,,,,,,,,,
2010102547,1542.0,1,0,0,0,0,0,0,0,0,8,0,,67,9,2010,7,39.9536,-75.1563,1540.0,6,0,0,0,0,1,0,0,0,,0,0,0,15.0,1,1,1,,0,39 57:12.784,,0,75 09:22.668,8,0,0,0,67301,1,0,0,N,1,0,0,2,67301,0,,1,1,,N,N,,0,,0,0,0,3,2,,1532.0,1,2,0,0,1,1,0,3,4,0,1,3,,N,,,,,,,,,,,
2010102552,1500.0,3,0,0,0,0,0,0,0,0,1,0,,67,9,2010,7,40.034,-75.0738,1453.0,6,0,0,0,0,0,0,0,0,1.0,0,0,0,14.0,1,7,0,,1,40 02:02.436,1.0,0,75 04:25.420,3,0,0,0,67301,0,0,0,N,0,0,0,9,67301,6,,1,1,,N,N,,0,,1,0,0,0,0,N,1449.0,7,3,0,0,0,0,0,3,4,0,3,3,,N,,,,,,,,,,,
2010115416,1430.0,2,0,0,0,0,0,0,0,0,5,0,,67,10,2010,5,40.0137,-75.1795,1420.0,6,0,0,0,0,1,1,0,0,1.0,0,0,0,14.0,1,2,6,,1,40 00:49.241,2.0,2,75 10:46.383,8,0,0,0,67301,0,0,0,N,0,0,0,4,67301,0,,1,1,,N,N,,0,,0,0,1,3,4,N,1418.0,2,3,0,0,0,2,0,3,4,0,3,3,,N,,,,,,,,,,,
2010123481,915.0,1,0,0,0,0,0,0,0,0,5,1,,67,11,2010,1,39.9362,-75.1444,900.0,6,0,0,0,0,0,0,0,0,,0,1,0,8.0,1,0,0,,0,39 56:10.890,,0,75 08:39.668,0,0,0,0,67301,0,0,0,N,0,0,0,2,68K01,0,,1,1,,N,N,,0,,0,0,0,0,0,,854.0,0,2,0,0,0,0,0,3,4,0,2,3,,N,,,,,,,,,,,
2010105061,1600.0,0,0,0,0,0,0,0,0,0,1,0,,67,9,2010,5,39.9428,-75.2102,1554.0,6,0,0,0,0,0,0,0,0,,0,0,0,15.0,1,1,0,,0,39 56:33.910,,0,75 12:36.644,8,0,0,0,67301,0,0,0,N,0,0,0,4,67301,0,,1,1,,N,N,,0,,0,0,2,0,0,,1550.0,1,2,0,0,0,1,3,3,4,0,2,3,,N,,,,,,,,,,,
2010118398,6.0,1,0,0,0,0,0,0,0,0,4,0,,67,10,2010,7,39.9666,-75.1604,0.0,6,0,0,0,0,0,0,0,0,,0,0,0,23.0,3,0,1,,0,39 57:59.738,,0,75 09:37.523,9,0,0,0,67301,0,0,0,N,0,0,0,2,67301,0,,1,1,,N,N,,0,,0,0,0,3,2,,2330.0,0,2,0,0,0,0,1,3,4,1,2,3,,N,,,,,,,,,,,
2010105098,1105.0,2,0,0,0,0,0,0,0,0,4,0,,67,9,2010,1,39.9626,-75.2467,1100.0,6,0,0,0,0,0,0,0,1,,0,0,0,11.0,1,1,1,,0,39 57:45.461,,0,75 14:48.589,3,0,0,0,67301,0,0,0,N,0,0,0,4,67301,0,,1,1,,N,N,,0,,1,0,0,3,2,,1100.0,1,2,0,0,1,0,0,3,4,0,2,3,,N,,,,,,,,,,,
2010105107,956.0,1,0,0,0,0,0,0,0,0,1,0,,67,9,2010,5,40.0188,-75.1654,956.0,6,0,0,0,0,0,1,0,1,,0,0,0,9.0,1,1,0,,0,40 01:07.877,,0,75 09:55.507,4,0,0,0,67301,0,0,0,N,0,0,0,3,67301,1,,1,1,,N,N,,0,,0,0,1,3,8,,950.0,1,3,0,0,0,0,0,3,4,1,3,3,,N,,,,,,,,,,,
2010123493,1216.0,0,0,0,0,0,0,0,0,0,0,0,,67,12,2010,4,39.9945,-75.1987,1216.0,6,0,0,0,0,0,1,0,0,,0,0,0,12.0,1,1,0,,0,39 59:43.414,,0,75 11:52.104,4,0,0,0,67301,0,0,0,N,0,0,0,2,68K01,1,,3,9,,N,N,,1,,0,0,0,0,0,,1214.0,1,1,0,0,0,0,0,3,4,0,1,7,,N,,,,,,,,,,,
2010034189,850.0,1,0,0,0,0,0,0,0,0,1,0,,67,3,2010,6,40.0347,-75.1172,842.0,6,0,0,0,0,0,0,0,0,,0,0,0,99.0,1,1,0,,0,40 02:05.064,,99,75 07:01.905,4,0,0,0,67301,0,0,0,N,0,0,0,5,67301,1,,1,9,,N,N,,0,,0,0,0,0,0,,9999.0,1,2,0,0,0,0,1,3,4,0,2,7,,N,,,,,,,,,,,
2010075002,1505.0,0,0,0,1,0,0,0,0,0,4,0,,67,7,2010,2,39.9348,-75.1525,1505.0,6,0,0,0,0,0,0,0,0,,0,0,0,14.0,1,1,0,,0,39 56:05.215,,0,75 09:09.133,4,0,0,0,67301,1,0,0,,0,0,0,2,67301,1,,1,1,,,,,0,,0,0,0,0,0,,1440.0,1,2,0,0,0,0,0,3,4,1,1,3,,N,,,,,,,,,,,
2010060665,2121.0,2,0,0,0,0,0,0,0,0,1,0,,67,6,2010,7,40.0228,-75.0368,2120.0,6,0,0,0,1,0,0,1,0,,0,0,0,21.0,3,1,0,,0,40 01:21.691,,0,75 02:12.899,8,0,0,0,67301,0,0,0,N,0,0,0,4,68K01,0,,1,1,,N,N,,1,,0,0,0,0,0,,2111.0,1,3,0,0,0,1,0,3,4,0,3,3,,N,,,,,,,,,,,
2010075063,2128.0,0,0,0,1,0,0,0,0,0,4,0,,67,6,2010,4,39.9118,-75.1606,2116.0,6,0,0,0,0,0,0,0,0,,0,0,0,20.0,3,1,2,,0,39 54:42.629,,2,75 09:38.174,4,0,0,0,67301,1,0,0,N,0,0,0,2,67301,1,,3,1,,N,N,,0,,0,0,1,9,9,,2042.0,1,2,0,0,0,0,0,3,4,0,1,3,,N,,,,,,,,,,,
2010075106,1742.0,3,0,0,0,0,0,0,0,0,1,0,,67,7,2010,3,40.0746,-75.0176,1740.0,6,0,0,1,0,0,0,0,0,,0,0,0,17.0,1,2,0,,0,40 04:28.658,,0,75 01:03.410,8,0,0,0,67301,0,0,0,N,0,0,0,4,67301,0,,1,1,,N,N,,0,,0,0,0,3,2,,1735.0,2,3,0,0,0,2,0,3,4,0,3,3,,N,,,,,,,,,,,
2010064674,1505.0,1,0,0,0,0,0,0,0,0,4,0,,67,5,2010,6,39.9709,-75.1557,1453.0,6,0,0,0,0,0,0,0,1,3.0,0,0,0,14.0,1,1,1,,2,39 58:15.735,6.0,0,75 09:20.593,2,0,1,1,67301,0,0,0,N,0,0,0,2,67301,0,,1,1,,N,N,,0,,0,1,0,3,2,Y,1452.0,1,2,0,0,0,0,0,3,4,0,2,3,,N,,,,,,,,,,,
2010045061,835.0,1,0,0,0,0,0,0,0,0,4,0,,67,3,2010,1,39.9821,-75.2219,830.0,6,0,0,0,0,0,1,0,0,,0,0,0,8.0,1,0,3,,0,39 58:55.704,,0,75 13:18.778,0,0,0,0,67301,0,0,0,N,0,0,0,4,67301,0,,1,1,,N,N,,0,,0,0,0,9,3,,815.0,0,2,0,0,1,0,0,3,4,1,2,3,,N,,,,,,,,,,,
2010074878,113.0,1,0,0,0,0,0,0,0,0,8,0,,67,7,2010,4,40.0267,-75.0672,109.0,6,0,1,0,0,0,0,0,0,,1,0,0,1.0,2,0,0,,0,40 01:36.159,,0,75 04:01.797,1,0,0,0,67301,1,1,0,N,1,1,0,3,67301,0,2.0,1,9,,N,N,,0,0.0,0,0,0,0,0,,109.0,0,2,0,0,0,0,0,3,4,0,1,7,,N,,,,,,,,,,,
2010074890,1825.0,2,0,0,0,0,0,0,0,0,1,0,,67,7,2010,7,40.0155,-75.0633,1825.0,6,0,0,0,0,1,0,0,0,,0,0,0,16.0,1,2,1,,0,40 00:55.959,,0,75 03:48.040,4,0,0,0,67301,0,0,0,,0,0,0,4,67301,2,,1,1,,,,,0,,0,0,0,3,2,,1640.0,2,3,0,0,0,0,0,3,4,1,3,3,,N,,,,,,,,,,,
2010062037,1145.0,0,0,0,0,0,0,0,0,0,8,0,,67,4,2010,5,39.9989,-75.1322,1145.0,6,0,0,0,0,0,0,0,0,,0,0,0,11.0,1,1,1,,0,39 59:56.202,,0,75 07:55.686,3,0,0,0,67301,1,0,0,,1,0,0,2,67301,0,,1,1,,,,,0,,1,0,1,3,3,,1140.0,1,2,0,0,0,0,0,3,4,0,1,3,,N,,,,,,,,,,,
2010081499,1733.0,0,0,0,0,0,0,0,0,0,0,0,,67,7,2010,7,39.9779,-75.1245,1730.0,6,0,0,0,0,0,0,0,0,,0,0,0,17.0,1,1,0,,0,39 58:40.450,,0,75 07:28.333,3,0,0,1,67301,0,0,0,,0,0,0,1,67301,0,,1,1,,,,,0,,1,0,0,0,0,,1730.0,1,1,0,0,0,0,0,3,4,0,1,3,,N,,,,,,,,,,,
2010044445,9999.0,2,0,0,0,0,0,0,0,0,1,0,,67,3,2010,6,40.0702,-75.0703,1822.0,6,0,0,0,0,0,0,0,0,,0,0,0,99.0,1,3,0,,0,40 04:12.573,,0,75 04:13.063,3,0,0,0,67301,0,0,0,N,0,0,0,3,67301,2,,1,1,,N,N,,0,,1,0,0,0,0,,9999.0,3,2,0,0,0,0,0,3,4,0,2,3,,N,,,,,,,,,,,
2010084202,1317.0,1,0,0,0,0,0,0,0,0,8,0,,67,7,2010,7,40.009,-75.163,1316.0,6,0,0,0,0,0,1,0,0,,0,0,0,13.0,1,1,0,,0,40 00:32.260,,0,75 09:46.780,4,0,0,0,67301,1,0,0,N,1,0,0,2,67301,1,,1,1,,N,N,,0,,0,0,0,0,0,,1310.0,1,2,0,0,0,0,0,3,4,0,1,3,,N,,,,,,,,,,,
2010084251,1327.0,1,0,0,1,0,0,0,0,0,4,0,,67,8,2010,1,39.9312,-75.2145,1324.0,6,0,0,0,0,0,0,0,0,,0,0,0,13.0,1,1,0,,0,39 55:52.215,,0,75 12:52.174,4,0,0,0,67301,1,0,0,N,0,0,0,3,67301,1,,1,1,,N,N,,0,,0,0,0,0,0,,1324.0,1,2,0,0,0,0,0,3,4,0,1,3,,N,,,,,,,,,,,
2010046344,1006.0,1,0,0,0,0,0,0,0,0,1,0,,67,5,2010,7,40.0588,-75.1317,1002.0,6,0,0,0,0,0,1,0,0,1.0,0,0,0,10.0,1,1,2,,1,40 03:31.459,4.0,0,75 07:54.249,4,0,0,0,67301,0,0,0,N,0,0,0,4,46102,1,,1,1,,N,N,,0,,0,0,0,0,0,N,1000.0,1,2,0,0,0,0,0,3,4,1,2,3,,N,,,,,,,,,,,
2010052348,2038.0,1,0,0,0,0,0,0,0,0,1,0,,67,5,2010,2,40.123,-75.021,2033.0,6,0,0,0,0,0,0,0,0,,0,0,0,20.0,3,3,2,,0,40 07:22.771,,0,75 01:15.466,4,0,0,0,67301,0,0,0,N,0,0,0,4,67301,3,,1,1,,N,N,,0,,0,0,1,0,0,,2030.0,3,2,0,0,0,0,1,3,4,0,2,3,,N,,,,,,,,,,,
2010062236,2114.0,1,0,0,0,0,0,0,0,0,8,0,,67,6,2010,4,39.9216,-75.1482,2110.0,6,0,0,0,0,0,0,0,0,,0,0,0,21.0,3,1,2,,0,39 55:17.779,,0,75 08:53.544,8,0,0,0,67301,1,0,0,N,1,0,0,3,67301,0,,1,1,,N,N,,0,,0,0,0,3,2,,2105.0,1,2,0,0,0,1,0,3,4,0,1,3,,N,,,,,,,,,,,
2010084118,1705.0,1,0,0,0,0,0,0,0,0,4,0,,67,7,2010,6,40.066,-75.1546,1700.0,6,0,0,0,0,0,1,0,0,,0,0,0,16.0,1,1,1,,0,40 03:57.600,,0,75 09:16.718,4,0,0,0,67301,0,0,0,N,0,0,0,2,67301,1,,1,1,,N,N,,0,,0,0,1,3,3,,1630.0,1,2,0,0,0,0,0,3,4,0,2,3,,N,,,,,,,,,,,
2010044698,2031.0,1,0,0,0,0,0,0,0,0,4,0,,67,3,2010,1,40.0441,-75.0619,2030.0,6,0,0,0,0,1,0,0,0,,0,0,0,99.0,3,1,1,,0,40 02:38.730,,0,75 03:42.723,4,0,0,0,67301,0,0,0,,0,0,0,2,67301,1,,1,9,,N,N,,0,,0,0,1,3,2,,9999.0,1,2,0,0,0,0,0,3,4,0,2,7,,N,,,,,,,,,,,
2010044843,10.0,2,0,0,0,0,0,0,0,0,1,0,,67,3,2010,6,40.0144,-75.1785,0.0,6,0,0,0,0,0,0,0,0,,0,0,0,0.0,3,1,0,,0,40 00:51.904,,0,75 10:42.498,4,0,0,0,67301,0,0,0,,0,0,0,2,67301,1,,1,9,,,,,0,,0,0,0,0,0,,0.0,1,2,0,0,0,0,0,3,4,0,2,7,,N,,,,,,,,,,,
2010084581,1057.0,1,0,0,0,0,0,0,0,0,4,0,,67,7,2010,7,39.9871,-75.1223,1054.0,6,0,0,0,0,0,1,0,0,,0,0,0,10.0,1,2,1,,0,39 59:13.382,,0,75 07:20.404,3,0,0,0,67301,0,0,0,N,0,0,0,3,67301,1,,1,1,,N,N,,0,,1,0,1,3,2,,1050.0,2,2,0,0,0,0,0,3,4,0,2,3,,N,,,,,,,,,,,
2010084587,1331.0,1,0,0,0,0,0,0,0,0,8,0,,67,8,2010,5,40.0166,-75.1348,1329.0,6,0,0,0,0,0,0,0,0,1.0,0,0,0,13.0,1,1,2,,1,40 00:59.828,2.0,0,75 08:05.348,4,0,0,0,67301,1,0,0,,1,0,0,2,67301,1,,1,1,,N,N,,0,,0,0,0,3,2,Y,1327.0,1,2,0,0,0,0,0,3,4,0,1,3,,N,,,,,,,,,,,
2010053042,557.0,1,0,0,0,0,0,0,0,0,5,0,45.0,67,6,2010,4,39.8992,-75.175,547.0,6,0,0,0,0,0,1,0,0,,0,0,0,5.0,5,0,0,,0,39 53:55.884,,0,75 10:19.278,0,0,0,0,67301,0,0,0,N,0,0,0,2,68K01,0,,1,1,,N,N,,0,,0,0,1,3,1,,545.0,0,3,0,0,0,0,0,3,4,0,2,3,,Y,2.0,1.0,Y,N,N,N,Y,N,N,Y,
2010084608,526.0,1,0,0,0,0,0,0,0,0,8,0,,67,7,2010,5,39.964,-75.2444,526.0,6,0,0,0,0,0,0,0,0,,0,0,0,5.0,3,1,1,,0,39 57:50.551,,0,75 14:39.847,8,0,0,0,67301,1,0,0,N,1,0,0,2,67301,0,,1,1,,N,N,,0,,0,0,0,3,3,,523.0,1,2,0,0,0,1,0,3,4,0,1,3,,N,,,,,,,,,,,
2010128584,1618.0,3,0,0,0,0,0,0,0,0,1,0,,67,11,2010,6,40.0411,-75.0758,1618.0,6,0,0,0,0,0,1,0,0,,0,0,0,14.0,1,3,2,,0,40 02:27.863,,0,75 04:32.844,4,0,0,0,67301,0,0,0,,0,0,0,6,67301,2,,1,1,,,,,0,,0,0,0,0,0,,1418.0,3,3,0,0,0,1,0,3,4,0,3,3,,N,,,,,,,,,,,
2010127195,1752.0,1,0,0,0,0,0,0,0,0,1,0,,67,12,2010,1,39.9325,-75.2,1738.0,6,0,0,0,0,0,1,0,0,1.0,0,0,0,17.0,3,1,6,,1,39 56:18.041,4.0,2,75 11:51.584,8,0,0,0,67301,0,0,0,N,0,0,0,2,68K01,0,,1,1,,N,N,,0,,0,0,1,3,4,N,1730.0,1,2,0,0,0,1,0,3,4,0,2,3,,N,,,,,,,,,,,
2010048822,1642.0,1,0,0,0,0,0,0,0,0,4,0,,67,5,2010,7,40.0774,-75.1755,1642.0,6,0,0,0,0,0,0,0,0,,0,0,0,16.0,1,1,1,,0,40 04:38.723,,0,75 10:31.829,8,0,0,0,67301,0,0,0,N,0,0,0,2,67301,0,,1,1,,N,N,,1,,0,0,0,3,2,,1635.0,1,2,0,0,0,1,0,3,4,0,2,3,,N,,,,,,,,,,,
2010048859,631.0,1,0,0,0,0,0,0,0,0,4,0,,67,4,2010,5,39.9671,-75.1637,628.0,6,0,0,0,0,0,0,0,0,,0,0,0,6.0,1,2,2,,0,39 58:01.657,,0,75 09:49.449,4,0,0,0,67301,0,0,0,,0,0,0,2,67301,1,,1,1,,,,,0,,0,0,1,3,2,,625.0,2,2,0,0,0,1,0,3,4,0,2,3,,N,,,,,,,,,,,
2010048865,1020.0,1,0,0,0,0,0,0,0,0,4,0,,67,4,2010,1,40.0033,-75.1415,1018.0,6,0,0,0,0,0,0,0,0,,0,0,0,10.0,1,1,1,,0,40 00:11.840,,0,75 08:29.450,4,0,0,0,67301,0,0,0,N,0,0,0,4,67301,1,,1,9,,N,N,,0,,0,0,0,2,2,,1017.0,1,2,0,0,0,0,0,3,4,1,2,7,,N,,,,,,,,,,,
2010048618,1738.0,1,0,0,0,0,0,0,0,0,1,0,99.0,67,4,2010,5,40.0616,-74.9938,1738.0,6,0,0,0,0,0,0,0,0,9.0,0,0,0,17.0,1,0,0,,1,40 03:41.695,3.0,0,74 59:37.602,0,0,0,0,67301,0,0,0,N,0,0,0,4,67301,0,,1,98,,N,N,,0,,0,0,1,0,0,N,1738.0,0,2,0,0,0,0,0,3,4,0,2,98,,Y,8.0,8.0,U,U,U,U,U,U,U,U,
2010039258,245.0,2,0,0,0,0,0,0,0,0,6,0,,67,3,2010,1,39.9565,-75.2316,230.0,6,0,0,0,0,0,0,0,0,,0,0,0,2.0,3,0,0,,0,39 57:23.512,,0,75 13:53.606,0,0,0,0,67301,0,0,0,,0,0,0,0,67301,0,,6,1,,N,N,,0,,0,0,1,0,0,,201.0,0,3,0,0,0,0,0,3,4,0,3,3,,N,,,,,,,,,,,
2010075898,1503.0,0,0,0,0,0,0,0,0,0,8,0,,67,7,2010,1,40.0313,-75.054,1500.0,6,0,0,0,0,0,1,0,0,,0,0,0,15.0,1,1,0,,0,40 01:52.580,,0,75 03:14.434,8,0,0,1,67301,1,0,0,,1,0,0,2,67301,0,,1,1,,,,,0,,0,0,0,0,0,,1500.0,1,2,0,0,0,1,0,3,4,0,1,3,,N,,,,,,,,,,,