CRN,ARRIVAL_TM,AUTOMOBILE_COUNT,BELTED_DEATH_COUNT,BELTED_SUSP_SERIOUS_INJ_COUNT,BICYCLE_COUNT,BICYCLE_DEATH_COUNT,BICYCLE_SUSP_SERIOUS_INJ_COUNT,BUS_COUNT,CHLDPAS_DEATH_COUNT,CHLDPAS_SUSP_SERIOUS_INJ_COUNT,COLLISION_TYPE,COMM_VEH_COUNT,CONS_ZONE_SPD_LIM,COUNTY,CRASH_MONTH,CRASH_YEAR,DAY_OF_WEEK,DEC_LAT,DEC_LONG,DISPATCH_TM,DISTRICT,DRIVER_COUNT_16YR,DRIVER_COUNT_17YR,DRIVER_COUNT_18YR,DRIVER_COUNT_19YR,DRIVER_COUNT_20YR,DRIVER_COUNT_50_64YR,DRIVER_COUNT_65_74YR,DRIVER_COUNT_75PLUS,EST_HRS_CLOSED,FATAL_COUNT,HEAVY_TRUCK_COUNT,HORSE_BUGGY_COUNT,HOUR_OF_DAY,ILLUMINATION,INJURY_COUNT,INTERSECT_TYPE,INTERSECTION_RELATED,LANE_CLOSED,LATITUDE,LN_CLOSE_DIR,LOCATION_TYPE,LONGITUDE,MAX_SEVERITY_LEVEL,MCYCLE_DEATH_COUNT,MCYCLE_SUSP_SERIOUS_INJ_COUNT,MOTORCYCLE_COUNT,MUNICIPALITY,NONMOTR_COUNT,NONMOTR_DEATH_COUNT,NONMOTR_SUSP_SERIOUS_INJ_COUNT,NTFY_HIWY_MAINT,PED_COUNT,PED_DEATH_COUNT,PED_SUSP_SERIOUS_INJ_COUNT,PERSON_COUNT,POLICE_AGCY,POSSIBLE_INJ_COUNT,RDWY_SURF_TYPE_CD,RELATION_TO_ROAD,ROAD_CONDITION,ROADWAY_CLEARED,SCH_BUS_IND,SCH_ZONE_IND,SECONDARY_CRASH,SMALL_TRUCK_COUNT,SPEC_JURIS_CD,SUSP_MINOR_INJ_COUNT,SUSP_SERIOUS_INJ_COUNT,SUV_COUNT,TCD_FUNC_CD,TCD_TYPE,TFC_DETOUR_IND,TIME_OF_DAY,TOT_INJ_COUNT,TOTAL_UNITS,UNB_DEATH_COUNT,UNB_SUSP_SERIOUS_INJ_COUNT,UNBELTED_OCC_COUNT,UNK_INJ_DEG_COUNT,UNK_INJ_PER_COUNT,URBAN_AREA,URBAN_RURAL,VAN_COUNT,VEHICLE_COUNT,WEATHER1,WEATHER2,WORK_ZONE_IND,WORK_ZONE_LOC,WORK_ZONE_TYPE,WORKERS_PRES,WZ_CLOSE_DETOUR,WZ_FLAGGER,WZ_LAW_OFFCR_IND,WZ_LN_CLOSURE,WZ_MOVING,WZ_OTHER,WZ_SHLDER_MDN,WZ_WORKERS_INJ_KILLED
2010032779,639.0,2,0,0,0,0,0,0,0,0,6,0,,67,3,2010,2,39.9847,-75.1323,634.0,6,0,0,0,0,0,0,0,0,,0,0,0,6.0,1,2,2,,0,39 59:05.168,,0,75 07:55.938,8,0,0,0,67301,0,0,0,N,0,0,0,2,67301,0,,1,1,,N,N,,0,,0,0,0,9,3,,632.0,2,2,0,0,2,2,0,3,4,0,2,3,,N,,,,,,,,,,,
2010104853,1125.0,5,0,0,0,0,0,0,0,0,1,0,,67,10,2010,6,,,1124.0,6,0,0,0,1,0,3,0,0,1.0,0,0,0,11.0,1,5,0,,2,,4.0,3,,8,0,0,0,67301,0,0,0,N,0,0,0,11,67501,0,,1,1,,N,N,,1,,0,0,3,0,0,N,1123.0,5,9,0,0,0,5,0,3,3,0,9,3,,N,,,,,,,,,,,
2010104911,1915.0,1,0,0,0,0,0,0,0,0,8,0,,67,10,2010,7,40.0309,-75.0319,1911.0,6,0,0,0,0,0,0,0,0,,0,0,0,19.0,2,1,0,,0,40 01:51.312,,0,75 01:54.858,2,0,0,0,67301,1,0,1,N,1,0,1,2,67301,0,,1,1,,N,N,,0,,0,1,0,0,0,,1900.0,1,2,0,0,0,0,0,3,4,0,1,3,,N,,,,,,,,,,,
2010104963,1640.0,2,0,0,0,0,0,0,0,0,4,0,,67,9,2010,7,39.9634,-75.1629,1635.0,6,0,0,0,0,1,0,0,0,,0,0,0,16.0,1,3,1,,0,39 57:48.060,,0,75 09:46.616,8,0,0,0,67301,0,0,0,N,0,0,0,7,67301,0,,1,1,,N,N,,0,,0,0,0,3,3,,1600.0,3,2,0,0,0,3,4,3,4,0,2,3,,N,,,,,,,,,,,
2010099766,320.0,2,0,0,0,0,0,0,0,0,1,0,,67,8,2010,1,40.0131,-75.1194,303.0,6,0,0,1,0,0,0,0,0,,0,0,0,2.0,3,4,0,,0,40 00:47.113,,0,75 07:09.984,4,0,0,0,67301,0,0,0,,0,0,0,5,67301,4,,1,1,,,,,0,,0,0,0,0,0,,255.0,4,3,0,0,0,0,1,3,4,0,2,3,,N,,,,,,,,,,,
2010099800,1128.0,2,0,0,0,0,0,0,0,0,1,0,,67,9,2010,2,39.9248,-75.1867,1124.0,6,0,0,0,0,0,0,0,0,,0,0,0,11.0,1,1,0,,0,39 55:29.400,,0,75 11:12.100,8,0,0,0,67301,1,0,0,N,0,0,0,2,67301,0,,1,1,,N,N,,0,,0,0,1,0,0,,1123.0,1,3,0,0,0,1,0,3,4,0,3,3,,N,,,,,,,,,,,
2010099834,2018.0,2,0,0,0,0,0,0,0,0,4,0,,67,8,2010,2,39.9172,-75.2463,2018.0,6,0,0,0,0,0,0,0,0,2.0,0,0,0,20.0,3,0,1,,1,39 55:01.859,7.0,0,75 14:46.691,9,0,0,0,67301,0,0,0,N,0,0,0,4,67301,0,,1,9,,N,N,,0,,0,0,0,3,2,N,2018.0,0,2,0,0,1,0,1,3,4,0,2,7,,N,,,,,,,,,,,
2010099835,1414.0,2,0,0,0,0,0,0,0,0,4,0,,67,8,2010,6,40.0707,-75.2412,1412.0,6,0,0,0,0,0,1,0,1,,0,0,0,14.0,1,4,5,,0,40 04:15.503,,0,75 14:28.767,3,0,0,0,67301,0,0,0,N,0,0,0,4,67301,3,,1,1,,N,N,,2,,1,0,0,2,2,,1412.0,4,4,0,0,0,0,0,3,4,0,4,3,,N,,,,,,,,,,,
2010110708,1852.0,1,0,0,0,0,0,0,0,0,8,0,,67,10,2010,5,40.0301,-75.0554,1830.0,6,0,0,0,0,0,0,0,0,,0,0,0,18.0,3,1,2,,0,40 01:48.388,,0,75 03:19.605,8,0,0,0,67301,1,0,0,,1,0,0,2,67301,0,,1,9,,,,,0,,0,0,0,0,0,,1835.0,1,2,0,0,0,1,0,3,4,0,1,7,,N,,,,,,,,,,,
2010110709,1415.0,1,0,0,0,0,0,0,0,0,5,0,,67,10,2010,7,40.0391,-75.0344,1401.0,6,0,0,0,0,0,0,0,0,1.0,0,0,0,99.0,1,0,0,,1,40 02:20.664,1.0,0,75 02:03.922,0,0,0,0,67301,0,0,0,,0,0,0,3,67301,0,,1,1,,,,,0,,0,0,0,0,0,Y,9999.0,0,2,0,0,0,0,0,3,4,1,2,3,,N,,,,,,,,,,,
2010102416,825.0,0,0,0,0,0,0,0,0,0,8,0,,67,9,2010,2,40.0492,-75.2198,815.0,6,0,0,0,0,0,1,0,0,,0,0,0,7.0,1,1,2,,0,40 02:57.718,,0,75 13:12.416,3,0,0,0,67301,1,0,0,,1,0,0,2,67301,0,,1,1,,,,,1,,1,0,0,3,2,,730.0,1,2,0,0,0,0,0,3,4,0,1,3,,N,,,,,,,,,,,
2010086826,1815.0,2,0,0,0,0,0,0,0,0,4,0,,67,9,2010,7,40.0619,-75.1367,1813.0,6,0,0,1,0,0,0,0,0,1.0,0,0,0,18.0,1,1,1,,1,40 03:42.622,4.0,8,75 08:12.011,3,0,0,0,67301,0,0,0,N,0,0,0,3,46102,0,,1,1,,N,N,,0,,1,0,0,3,2,N,1813.0,1,2,0,0,0,0,0,3,4,0,2,3,,N,,,,,,,,,,,
2010075038,1707.0,3,0,0,0,0,0,0,0,0,5,0,,67,6,2010,1,39.9999,-75.1266,1702.0,6,0,0,0,0,0,0,0,0,3.0,0,0,0,17.0,1,1,0,,2,39 59:59.622,4.0,0,75 07:35.598,8,0,0,0,67301,0,0,0,N,0,0,0,2,67301,0,,1,1,,N,N,,0,,0,0,1,0,0,Y,1700.0,1,4,0,0,0,1,1,3,4,0,4,3,,N,,,,,,,,,,,
2010075043,2155.0,0,0,0,0,0,0,0,0,0,4,0,,67,7,2010,3,40.0455,-75.1649,2155.0,6,0,0,0,0,0,0,0,0,,0,0,0,20.0,1,1,1,,0,40 02:43.800,,0,75 09:53.514,4,0,0,0,67301,0,0,0,N,0,0,0,2,67301,1,,1,1,,N,N,,0,,0,0,1,2,2,,2050.0,1,2,0,0,0,0,1,3,4,0,2,3,,N,,,,,,,,,,,
2010075088,936.0,2,0,0,0,0,0,0,0,0,4,0,,67,7,2010,5,39.969,-75.2373,928.0,6,0,0,0,0,0,0,0,0,1.0,0,0,0,9.0,1,1,1,,2,39 58:08.398,6.0,0,75 14:14.222,4,0,0,0,67301,0,0,0,N,0,0,0,2,67301,1,,1,1,,N,N,,0,,0,0,0,3,2,Y,923.0,1,2,0,0,0,0,0,3,4,0,2,3,,N,,,,,,,,,,,
2010075121,930.0,1,0,0,0,0,0,0,0,0,4,0,,67,7,2010,7,40.0554,-75.1263,927.0,6,0,0,0,0,0,1,0,0,,0,0,0,9.0,1,4,2,,0,40 03:19.907,,0,75 07:34.654,8,0,0,0,67301,0,0,0,N,0,0,0,4,67301,0,,1,9,,N,N,,0,,0,0,2,3,2,,926.0,4,3,0,0,0,4,0,3,4,0,3,7,,N,,,,,,,,,,,
2010064755,1720.0,1,0,0,0,0,0,0,0,0,6,0,,67,5,2010,6,40.0616,-75.1483,1715.0,6,0,0,0,0,0,0,1,0,3.0,0,0,0,99.0,1,3,0,,2,40 03:41.870,6.0,0,75 08:53.800,4,0,0,0,67301,0,0,0,N,0,0,0,5,67301,1,,1,1,,N,N,,0,,0,0,1,0,0,Y,9999.0,3,2,0,0,1,2,0,3,4,0,2,3,,N,,,,,,,,,,,
2010064778,1605.0,1,0,0,0,0,0,0,0,0,1,0,,67,6,2010,7,40.0521,-75.1418,1600.0,6,0,0,0,0,0,2,1,0,1.0,0,0,0,15.0,1,6,1,,2,40 03:07.474,1.0,0,75 08:30.413,4,0,0,0,67301,0,0,0,,0,0,0,12,67301,6,,1,1,,N,N,,0,,0,0,3,3,2,Y,1500.0,6,5,0,0,0,0,0,3,4,1,5,3,,N,,,,,,,,,,,
2010074852,1256.0,2,0,0,0,0,0,0,0,0,4,0,,67,7,2010,5,40.0714,-75.169,1249.0,6,0,0,0,0,0,1,0,0,9.0,0,0,0,12.0,1,1,1,,1,40 04:17.202,7.0,0,75 10:08.443,4,0,0,0,67301,0,0,0,N,0,0,0,2,67301,1,,1,1,,N,N,,0,,0,0,0,3,2,N,1235.0,1,2,0,0,0,0,0,3,4,0,2,3,,N,,,,,,,,,,,
2010074897,2057.0,1,0,0,0,0,0,0,0,0,8,0,,67,2,2010,7,40.0509,-75.0707,2050.0,6,0,0,0,0,0,0,0,0,,0,0,0,20.0,1,1,0,,0,40 03:03.355,,0,75 04:14.527,8,0,0,0,67301,1,0,0,,1,0,0,2,67301,0,,1,1,,N,N,,0,,0,0,0,0,0,,2047.0,1,2,0,0,0,1,0,3,4,0,1,3,,N,,,,,,,,,,,
2010069878,2115.0,1,0,0,0,0,0,0,0,0,4,0,,67,6,2010,7,40.0471,-75.0145,2108.0,6,0,0,0,0,0,1,0,0,1.0,0,0,0,21.0,3,1,0,,1,40 02:49.532,1.0,0,75 00:52.237,8,0,0,0,67301,0,0,0,,0,0,0,3,67301,0,,1,1,,,,,0,,0,0,1,0,0,N,2105.0,1,2,0,0,0,1,0,3,4,0,2,3,,N,,,,,,,,,,,
2010083814,2055.0,0,0,0,0,0,0,0,0,0,8,0,,67,8,2010,5,39.9094,-75.1611,2052.0,6,0,0,0,0,0,1,0,0,1.0,1,0,0,20.0,3,0,1,,1,39 54:33.696,3.0,0,75 09:40.053,1,0,0,0,67301,1,1,0,N,1,1,0,2,67301,0,2.0,1,1,,N,N,,1,0.0,0,0,0,9,2,N,2052.0,0,2,0,0,0,0,0,3,4,0,1,3,,N,,,,,,,,,,,
2010078919,655.0,1,0,0,0,0,0,0,0,0,5,1,,67,8,2010,3,39.9456,-75.1902,646.0,6,0,0,0,0,0,0,0,0,1.0,0,1,0,6.0,1,0,0,,1,39 56:45.488,3.0,0,75 11:23.324,0,0,0,0,67301,0,0,0,N,0,0,0,2,68K01,0,,1,1,,N,N,,0,,0,0,0,0,0,N,646.0,0,2,0,0,0,0,0,3,4,0,2,3,,N,,,,,,,,,,,
2010084214,1137.0,2,0,0,0,0,0,0,0,0,4,0,,67,7,2010,6,39.9684,-75.1925,1136.0,6,0,0,0,0,0,1,0,0,,0,0,0,11.0,1,1,2,,0,39 58:06.076,,0,75 11:33.004,4,0,0,0,67301,0,0,0,N,0,0,0,4,67301,1,,1,1,,N,N,,0,,0,0,0,0,0,,1130.0,1,2,0,0,0,0,0,3,4,0,2,3,,N,,,,,,,,,,,
2010052364,1705.0,1,0,0,0,0,0,0,0,0,4,0,,67,4,2010,1,40.0352,-75.1455,1700.0,6,0,0,0,0,0,0,1,0,,0,0,0,16.0,1,2,1,,0,40 02:06.884,,0,75 08:44.049,2,0,1,1,67301,0,0,0,,0,0,0,2,67301,0,,1,1,,,,,0,,0,1,0,3,2,,1650.0,2,2,0,0,0,1,0,3,4,0,2,3,,N,,,,,,,,,,,
2010044621,808.0,3,0,0,0,0,0,0,0,0,4,0,,67,3,2010,4,39.9877,-75.2162,758.0,6,0,1,0,0,0,0,0,0,,0,0,0,7.0,1,2,2,,0,39 59:15.900,,0,75 12:58.189,2,0,0,0,67301,0,0,0,,0,0,0,5,67301,0,,1,9,,,,,0,,1,1,0,2,2,,745.0,2,3,0,0,0,0,0,3,4,0,3,3,,N,,,,,,,,,,,
2010044628,1843.0,1,0,0,0,0,0,0,0,0,1,0,,67,3,2010,1,39.9643,-75.2464,1837.0,6,0,0,0,0,0,1,0,0,1.0,0,0,0,18.0,1,1,1,,1,39 57:51.440,1.0,0,75 14:47.280,3,0,0,1,67301,0,0,0,N,0,0,0,2,67301,0,,1,1,,N,N,,0,,1,0,0,0,0,Y,1808.0,1,2,0,0,0,0,0,3,4,0,2,3,,N,,,,,,,,,,,
2010062338,1525.0,1,0,0,0,0,0,0,0,0,2,0,,67,5,2010,7,,,1513.0,6,0,0,0,0,0,0,0,0,3.0,0,0,0,99.0,1,3,0,,2,,5.0,0,,3,0,0,0,67301,0,0,0,,0,0,0,3,67301,1,,1,9,,,,,0,,2,0,1,0,0,Y,9999.0,3,2,0,0,0,0,0,3,3,0,2,7,,N,,,,,,,,,,,
2010084154,1310.0,0,0,0,1,0,0,0,0,0,4,0,,67,7,2010,7,39.9305,-75.1683,1300.0,6,0,0,0,0,0,0,0,0,,0,0,0,13.0,1,1,1,,0,39 55:49.532,,0,75 10:06.324,4,0,0,0,67301,1,0,0,N,0,0,0,2,67301,1,,1,1,,N,N,,0,,0,0,1,3,2,,1300.0,1,2,0,0,0,0,0,3,4,0,1,3,,N,,,,,,,,,,,
2010043425,2055.0,1,0,0,0,0,0,0,0,0,7,0,,67,5,2010,5,40.0265,-75.0938,2047.0,6,0,0,0,0,0,0,0,0,2.0,0,0,0,20.0,3,0,0,,1,40 01:35.126,1.0,1,75 05:37.852,0,0,0,0,67301,0,0,0,N,0,0,0,1,67301,0,,5,1,,N,N,,0,,0,0,0,0,0,N,2045.0,0,1,0,0,0,0,0,3,4,0,1,3,,N,,,,,,,,,,,
2010062082,935.0,0,0,0,0,0,0,1,0,0,8,1,,67,5,2010,4,40.0389,-75.1439,928.0,6,0,0,0,0,0,0,0,0,,0,0,0,99.0,1,1,0,,0,40 02:19.981,,0,75 08:38.024,4,0,0,0,67301,1,0,0,,1,0,0,2,67301,1,,1,1,,,,,0,,0,0,0,2,2,,9999.0,1,2,0,0,0,0,0,3,4,0,1,3,,N,,,,,,,,,,,
2010044812,1342.0,2,0,0,0,0,0,0,0,0,5,0,,67,4,2010,2,39.9431,-75.1656,1339.0,6,0,0,0,0,0,1,0,0,,0,0,0,13.0,1,1,0,,0,39 56:35.154,,0,75 09:56.034,3,0,0,0,67301,0,0,0,,0,0,0,3,67301,0,,1,1,,,,,0,,1,0,0,0,0,,1330.0,1,2,0,0,1,0,0,3,4,0,2,3,,N,,,,,,,,,,,
2010044836,830.0,0,0,0,0,0,0,0,0,0,3,0,,67,4,2010,5,39.964,-75.1845,823.0,6,0,0,0,0,0,1,0,0,,0,0,0,8.0,1,3,0,,0,39 57:50.378,,0,75 11:04.149,8,0,0,0,67301,0,0,0,N,0,0,0,5,67301,0,,1,1,,N,N,,1,,0,0,0,3,2,,815.0,3,3,0,0,0,3,1,3,4,2,3,3,,N,,,,,,,,,,,
2010044881,130.0,2,0,0,0,0,0,0,0,0,5,0,,67,4,2010,5,40.0502,-75.1531,130.0,6,0,0,0,0,1,0,0,0,,0,0,0,1.0,3,0,0,,0,40 03:00.572,,0,75 09:11.283,0,0,0,0,67301,0,0,0,N,0,0,0,1,67301,0,,6,1,,N,N,,0,,0,0,0,0,0,,128.0,0,2,0,0,0,0,0,3,4,0,2,3,,N,,,,,,,,,,,
2010084566,1445.0,2,0,0,0,0,0,0,0,0,4,0,,67,7,2010,5,39.9385,-75.2318,1400.0,6,0,0,0,0,0,0,2,0,2.0,0,0,0,14.0,1,0,1,,1,39 56:18.481,7.0,0,75 13:54.357,0,0,0,0,67301,0,0,0,N,0,0,0,2,67301,0,,1,1,,N,N,,0,,0,0,0,0,0,N,1400.0,0,2,0,0,2,0,0,3,4,0,2,3,,N,,,,,,,,,,,
2010084603,120.0,2,0,0,0,0,0,0,0,0,1,0,,67,8,2010,7,40.0668,-75.1781,100.0,6,0,0,0,0,0,0,0,0,,0,0,0,99.0,3,0,0,,0,40 04:00.411,,0,75 10:41.056,0,0,0,0,67301,0,0,0,N,0,0,0,1,67301,0,,6,1,,N,N,,0,,0,0,0,0,0,,9999.0,0,2,0,0,0,0,0,3,4,0,2,3,,N,,,,,,,,,,,
2010084615,1830.0,0,0,0,1,0,0,0,0,0,4,0,,67,7,2010,4,39.9334,-75.1811,1828.0,6,0,0,0,0,0,1,0,0,,0,0,0,99.0,1,1,1,,0,39 56:00.200,,0,75 10:52.082,8,0,0,0,67301,1,0,0,N,0,0,0,2,67301,0,,1,1,,N,N,,0,,0,0,1,3,2,,9999.0,1,2,0,0,0,1,0,3,4,0,1,3,,N,,,,,,,,,,,
2010082117,1530.0,0,0,0,0,0,0,0,0,0,7,1,,67,7,2010,1,40.008,-75.1936,1525.0,6,0,0,0,0,0,0,0,0,9.0,0,1,0,15.0,1,2,0,,1,40 00:24.782,1.0,1,75 11:30.295,4,0,0,0,67301,0,0,0,N,0,0,0,3,67301,2,,1,1,,N,N,,0,,0,0,0,0,0,Y,1525.0,2,1,0,0,1,0,0,3,4,0,1,3,,N,,,,,,,,,,,
2010127192,1947.0,1,0,0,0,0,0,0,0,0,7,0,,67,12,2010,1,39.9427,-75.1934,1941.0,6,0,0,0,0,0,1,0,0,,0,0,0,19.0,3,1,0,,0,39 56:39.332,,0,75 11:30.755,4,0,0,0,67301,0,0,0,N,0,0,0,1,68K01,1,,4,9,,N,N,,0,,0,0,0,0,0,,1937.0,1,1,0,0,0,0,0,3,4,0,1,7,,N,,,,,,,,,,,
2010060220,1652.0,1,0,0,1,0,0,0,0,0,8,0,,67,5,2010,5,39.9347,-75.1523,1652.0,6,0,0,0,0,0,0,0,0,,0,0,0,16.0,1,1,1,,0,39 56:04.959,,0,75 09:08.434,4,0,0,0,67301,1,0,0,,0,0,0,2,67301,1,,1,1,,,,,0,,0,0,0,3,2,,1649.0,1,2,0,0,0,0,0,3,4,0,1,3,,N,,,,,,,,,,,
2010060270,1436.0,2,0,0,0,0,0,0,0,0,4,0,,67,5,2010,7,39.9303,-75.222,1439.0,6,0,1,0,0,0,0,0,0,,0,0,0,14.0,1,2,2,,0,39 55:48.957,,0,75 13:19.160,4,0,0,0,67301,0,0,0,,0,0,0,2,67301,1,,1,1,,N,N,,0,,0,0,0,3,3,,1435.0,2,2,0,0,0,1,0,3,4,0,2,3,,N,,,,,,,,,,,
2010062817,510.0,1,0,0,0,0,0,0,0,0,5,1,,67,6,2010,4,39.9082,-75.1467,510.0,6,0,0,0,0,0,1,0,0,1.0,0,1,0,5.0,5,0,0,,1,39 54:29.520,4.0,0,75 08:48.119,0,0,0,0,67301,0,0,0,N,0,0,0,2,67501,0,,1,1,,N,N,,0,,0,0,0,3,8,N,510.0,0,2,0,0,0,0,0,3,4,0,2,3,,N,,,,,,,,,,,
2010060952,624.0,0,0,0,0,0,0,0,0,0,7,0,,67,6,2010,7,39.9109,-75.1486,616.0,6,0,0,0,0,0,0,0,0,,0,0,0,6.0,1,1,0,,0,39 54:43.602,,2,75 08:53.921,8,0,0,0,67301,0,0,0,N,0,0,0,1,68K01,0,,2,1,,N,N,,0,,0,0,1,0,0,,611.0,1,1,0,0,0,1,0,3,4,0,1,3,,N,,,,,,,,,,,
2010051170,2109.0,0,0,0,0,0,0,0,0,0,1,0,,67,5,2010,7,40.0267,-75.1151,2101.0,6,0,0,0,0,0,0,0,0,,0,0,0,21.0,3,1,0,,0,40 01:36.056,,0,75 06:54.420,8,0,0,0,67301,0,0,0,N,0,0,0,1,67301,0,,1,1,,N,N,,1,,0,0,1,0,0,,2100.0,1,2,0,0,1,1,0,3,4,0,2,3,,N,,,,,,,,,,,
2010058841,1828.0,1,0,0,0,0,0,0,0,0,1,0,,67,5,2010,5,39.9584,-75.2371,1825.0,6,0,0,0,0,0,0,0,0,2.0,0,0,0,18.0,1,1,0,,1,39 57:30.244,4.0,0,75 14:13.658,4,0,0,0,67301,0,0,0,N,0,0,0,6,67301,1,,1,1,,N,N,,0,,0,0,1,3,2,N,1823.0,1,2,0,0,0,0,0,3,4,0,2,3,,N,,,,,,,,,,,
2010026402,254.0,2,0,0,0,0,0,0,0,0,1,0,,67,2,2010,1,39.9835,-75.0975,253.0,6,0,0,0,0,0,0,0,0,,0,0,0,2.0,3,0,0,,0,39 59:00.966,,0,75 05:50.425,9,0,0,0,67301,0,0,0,N,0,0,0,6,68K01,0,,1,1,,N,N,,0,,0,0,0,0,0,,243.0,0,2,0,0,0,0,4,3,4,0,2,3,,N,,,,,,,,,,,
2010032757,330.0,1,0,0,0,0,0,0,0,0,2,0,,67,2,2010,1,40.0614,-75.0589,314.0,6,0,0,0,0,0,0,0,0,,0,0,0,3.0,3,2,1,,0,40 03:41.216,,0,75 03:32.097,3,0,0,0,67301,0,0,0,N,0,0,0,2,67301,1,,1,2,,N,N,,1,,1,0,1,3,3,,314.0,2,3,0,0,0,0,0,3,4,0,3,3,,N,,,,,,,,,,,
2010032788,1707.0,1,0,0,0,0,0,0,0,0,1,0,,67,3,2010,3,40.0604,-75.173,1706.0,6,0,0,0,0,0,1,0,0,,0,0,0,17.0,1,1,0,,0,40 03:37.324,,0,75 10:22.645,3,0,0,0,67301,0,0,0,N,0,0,0,1,67301,0,,2,1,,N,N,,0,,1,0,1,0,0,,1704.0,1,2,0,0,0,0,0,3,4,0,2,3,,N,,,,,,,,,,,
2010104907,1703.0,1,0,0,0,0,0,0,0,0,1,1,,67,10,2010,7,40.0391,-75.1948,1701.0,6,0,0,0,0,0,1,0,0,,0,1,0,99.0,1,0,0,,0,40 02:20.904,,0,75 11:41.411,9,0,0,0,67301,0,0,0,N,0,0,0,1,67301,0,,1,1,,N,N,,0,,0,0,0,0,0,,9999.0,0,2,0,0,0,0,1,3,4,0,2,98,,N,,,,,,,,,,,
2010104939,1225.0,1,0,0,0,0,0,0,0,0,4,0,,67,9,2010,1,39.984,-75.1513,1222.0,6,0,0,1,0,0,0,0,0,,0,0,0,12.0,1,2,1,,0,39 59:02.342,,0,75 09:04.582,4,0,0,0,67301,0,0,0,N,0,0,0,2,67301,2,,1,1,,N,N,,0,,0,0,1,3,2,,1222.0,2,2,0,0,0,0,0,3,4,0,2,3,,N,,,,,,,,,,,
2010104975,2155.0,1,0,0,0,0,0,0,0,0,4,0,,67,9,2010,6,39.9484,-75.1662,2152.0,6,0,0,0,0,0,2,0,0,2.0,0,0,0,21.0,3,0,1,,1,39 56:54.247,3.0,0,75 09:58.366,0,0,0,0,67301,0,0,0,N,0,0,0,2,67301,0,,1,1,,N,N,,0,,0,0,1,3,2,N,2152.0,0,2,0,0,0,0,0,3,4,0,2,3,,N,,,,,,,,,,,
2010043609,1827.0,3,0,0,0,0,0,0,0,0,1,0,,67,5,2010,4,39.991,-75.0863,1819.0,6,0,0,0,0,0,2,0,0,,0,0,0,18.0,1,0,0,,0,39 59:27.923,,0,75 05:10.487,0,0,0,0,67301,0,0,0,N,0,0,0,5,68K01,0,,1,1,,N,N,,0,,0,0,1,0,0,,1812.0,0,4,0,0,0,0,0,3,4,0,4,3,,N,,,,,,,,,,,
2010034092,2005.0,0,0,0,0,0,0,0,0,0,7,0,,67,3,2010,1,40.0138,-75.0566,2003.0,6,0,0,0,0,0,0,0,0,2.0,0,0,0,20.0,3,1,0,,1,40 00:49.679,2.0,0,75 03:23.253,8,0,0,0,67301,0,0,0,N,0,0,0,1,68K01,0,,5,1,,N,N,,0,,0,0,1,0,0,N,2002.0,1,1,0,0,0,1,0,3,4,0,1,3,,N,,,,,,,,,,,
2010099767,410.0,0,0,0,0,0,0,0,0,0,4,0,,67,9,2010,1,40.009,-75.1138,353.0,6,0,0,0,0,0,0,0,0,3.0,0,0,0,3.0,2,0,0,,1,40 00:32.560,4.0,0,75 06:49.690,0,0,0,0,67301,0,0,0,,0,0,0,1,67301,0,,6,1,,N,N,,0,,0,0,1,0,0,N,353.0,0,2,0,0,0,0,0,3,4,1,2,3,,N,,,,,,,,,,,
2010099783,755.0,1,0,0,0,0,0,1,0,0,1,1,,67,8,2010,2,40.0978,-75.0115,750.0,6,0,0,0,0,1,0,0,0,1.0,0,0,0,7.0,1,2,0,,1,40 05:51.927,1.0,0,75 00:41.512,3,0,0,0,67301,0,0,0,N,0,0,0,7,67301,0,,1,1,,N,N,,0,,2,0,0,0,0,N,745.0,2,2,0,0,0,0,0,3,4,0,2,3,,N,,,,,,,,,,,
2010067458,1422.0,3,0,0,0,0,0,0,0,0,1,0,,67,6,2010,7,39.9792,-75.1091,1417.0,6,0,0,0,0,0,1,0,0,1.0,0,0,0,14.0,1,4,0,,2,39 58:46.237,2.0,0,75 06:28.522,4,0,0,0,67301,0,0,0,N,0,0,0,14,68K01,4,,1,1,,N,N,,0,,0,0,1,0,0,N,1415.0,4,4,0,0,0,0,0,3,4,0,4,3,,N,,,,,,,,,,,
2010084267,1536.0,0,0,0,0,0,0,0,0,0,1,0,,67,7,2010,2,39.9056,-75.1942,1525.0,6,0,0,0,0,0,0,0,0,,0,0,0,15.0,1,1,0,,0,39 54:20.033,,0,75 11:38.948,3,0,0,0,67301,0,0,0,,0,0,0,5,67301,0,,1,1,,N,,,0,,1,0,1,0,0,,1523.0,1,2,0,0,0,0,2,3,4,1,2,3,,N,,,,,,,,,,,
2010059746,1903.0,1,0,0,0,0,0,0,0,0,7,0,,67,6,2010,2,39.9795,-75.2043,1900.0,6,0,0,0,0,0,0,0,0,1.0,0,0,0,18.0,1,0,0,,2,39 58:48.802,3.0,0,75 12:19.495,0,0,0,0,67301,0,0,0,N,0,0,0,1,68K01,0,,2,1,,N,N,,0,,0,0,0,0,0,N,1858.0,0,1,0,0,0,0,0,3,4,0,1,3,,N,,,,,,,,,,,
2010052278,2040.0,2,0,0,0,0,0,0,0,0,5,0,,67,4,2010,6,40.0418,-75.0271,2034.0,6,0,0,0,0,0,0,0,0,,0,0,0,20.0,3,1,0,,0,40 02:30.400,,0,75 01:37.590,4,0,0,0,67301,0,0,0,N,0,0,0,1,67301,1,,1,1,,N,N,,0,,0,0,1,0,0,,2030.0,1,3,0,0,0,0,0,3,4,0,3,3,,N,,,,,,,,,,,