CRN,ARRIVAL_TM,AUTOMOBILE_COUNT,BELTED_DEATH_COUNT,BELTED_SUSP_SERIOUS_INJ_COUNT,BICYCLE_COUNT,BICYCLE_DEATH_COUNT,BICYCLE_SUSP_SERIOUS_INJ_COUNT,BUS_COUNT,CHLDPAS_DEATH_COUNT,CHLDPAS_SUSP_SERIOUS_INJ_COUNT,COLLISION_TYPE,COMM_VEH_COUNT,CONS_ZONE_SPD_LIM,COUNTY,CRASH_MONTH,CRASH_YEAR,DAY_OF_WEEK,DEC_LAT,DEC_LONG,DISPATCH_TM,DISTRICT,DRIVER_COUNT_16YR,DRIVER_COUNT_17YR,DRIVER_COUNT_18YR,DRIVER_COUNT_19YR,DRIVER_COUNT_20YR,DRIVER_COUNT_50_64YR,DRIVER_COUNT_65_74YR,DRIVER_COUNT_75PLUS,EST_HRS_CLOSED,FATAL_COUNT,HEAVY_TRUCK_COUNT,HORSE_BUGGY_COUNT,HOUR_OF_DAY,ILLUMINATION,INJURY_COUNT,INTERSECT_TYPE,INTERSECTION_RELATED,LANE_CLOSED,LATITUDE,LN_CLOSE_DIR,LOCATION_TYPE,LONGITUDE,MAX_SEVERITY_LEVEL,MCYCLE_DEATH_COUNT,MCYCLE_SUSP_SERIOUS_INJ_COUNT,MOTORCYCLE_COUNT,MUNICIPALITY,NONMOTR_COUNT,NONMOTR_DEATH_COUNT,NONMOTR_SUSP_SERIOUS_INJ_COUNT,NTFY_HIWY_MAINT,PED_COUNT,PED_DEATH_COUNT,PED_SUSP_SERIOUS_INJ_COUNT,PERSON_COUNT,POLICE_AGCY,POSSIBLE_INJ_COUNT,RDWY_SURF_TYPE_CD,RELATION_TO_ROAD,ROAD_CONDITION,ROADWAY_CLEARED,SCH_BUS_IND,SCH_ZONE_IND,SECONDARY_CRASH,SMALL_TRUCK_COUNT,SPEC_JURIS_CD,SUSP_MINOR_INJ_COUNT,SUSP_SERIOUS_INJ_COUNT,SUV_COUNT,TCD_FUNC_CD,TCD_TYPE,TFC_DETOUR_IND,TIME_OF_DAY,TOT_INJ_COUNT,TOTAL_UNITS,UNB_DEATH_COUNT,UNB_SUSP_SERIOUS_INJ_COUNT,UNBELTED_OCC_COUNT,UNK_INJ_DEG_COUNT,UNK_INJ_PER_COUNT,URBAN_AREA,URBAN_RURAL,VAN_COUNT,VEHICLE_COUNT,WEATHER1,WEATHER2,WORK_ZONE_IND,WORK_ZONE_LOC,WORK_ZONE_TYPE,WORKERS_PRES,WZ_CLOSE_DETOUR,WZ_FLAGGER,WZ_LAW_OFFCR_IND,WZ_LN_CLOSURE,WZ_MOVING,WZ_OTHER,WZ_SHLDER_MDN,WZ_WORKERS_INJ_KILLED
2010044554,706.0,1,0,0,0,0,0,0,0,0,8,0,,67,4,2010,4,39.9339,-75.181,703.0,6,0,0,0,0,0,1,0,0,,0,0,0,7.0,1,1,0,,0,39 56:02.014,,0,75 10:51.600,4,0,0,0,67301,1,0,0,N,1,0,0,2,37301,1,,1,1,,N,N,,0,,0,0,0,0,0,,700.0,1,2,0,0,0,0,0,3,4,0,1,3,,N,,,,,,,,,,,
2010044710,1715.0,2,0,0,0,0,0,0,0,0,4,0,,67,4,2010,7,40.1143,-74.9879,1710.0,6,0,0,0,0,0,0,0,0,1.0,0,0,0,17.0,1,2,1,,1,40 06:50.926,2.0,0,74 59:15.880,3,0,0,0,67301,0,0,0,N,0,0,0,2,67301,0,,1,1,,N,N,,0,,2,0,0,3,2,N,1705.0,2,2,0,0,0,0,0,3,4,0,2,3,,N,,,,,,,,,,,
2010062061,1623.0,2,0,0,0,0,0,0,0,0,4,0,,67,4,2010,4,40.0298,-75.0403,1620.0,6,0,0,0,0,0,1,0,0,2.0,0,0,0,99.0,1,0,2,,1,40 01:47.099,4.0,0,75 02:24.977,0,0,0,0,67301,0,0,0,,0,0,0,8,67301,0,,1,1,,,,,0,,0,0,0,3,3,N,9999.0,0,2,0,0,8,0,0,3,4,0,2,3,,N,,,,,,,,,,,
2010062075,1455.0,2,0,0,0,0,0,0,0,0,4,0,,67,4,2010,1,40.0283,-75.0913,1444.0,6,0,0,0,0,0,1,0,0,1.0,0,0,0,14.0,1,1,0,,1,40 01:42.012,2.0,0,75 05:28.839,4,0,0,0,67301,0,0,0,,0,0,0,7,67301,1,,1,1,,,,,0,,0,0,0,0,0,N,1435.0,1,2,0,0,0,0,0,3,4,0,2,3,,N,,,,,,,,,,,
2010044744,2355.0,1,0,0,0,0,0,0,0,0,8,0,,67,4,2010,1,39.9404,-75.1661,2350.0,6,0,0,0,0,0,0,0,0,,0,0,0,23.0,3,1,2,,0,39 56:25.432,,0,75 09:58.141,4,0,0,0,67301,1,0,0,N,1,0,0,2,67301,1,,1,1,,N,N,,0,,0,0,0,0,0,,2350.0,1,2,0,0,0,0,0,3,4,0,1,3,,N,,,,,,,,,,,
2010044808,915.0,1,0,0,0,0,0,0,0,0,8,0,,67,3,2010,6,40.0294,-75.0903,855.0,6,0,0,0,0,0,0,0,0,,0,0,0,8.0,1,1,0,,0,40 01:45.776,,0,75 05:25.241,4,0,0,0,67301,1,0,0,N,1,0,0,2,67301,1,,1,9,,N,N,,0,,0,0,0,0,0,,855.0,1,2,0,0,0,0,0,3,4,0,1,7,,N,,,,,,,,,,,
2010044880,2236.0,3,0,0,0,0,0,0,0,0,4,0,,67,4,2010,7,40.0366,-75.1316,2235.0,6,0,0,0,0,0,0,0,0,,0,0,0,22.0,3,1,1,,0,40 02:11.661,,0,75 07:53.744,8,0,0,0,67301,0,0,0,N,0,0,0,3,67301,0,,1,1,,N,N,,0,,0,0,0,3,3,,2233.0,1,3,0,0,0,1,0,3,4,0,3,3,,N,,,,,,,,,,,
2010050575,1056.0,1,0,0,0,0,0,0,0,0,1,0,,67,5,2010,4,39.9578,-75.1614,1038.0,6,0,0,1,0,0,1,0,0,1.0,0,0,0,10.0,1,0,0,,1,39 57:28.107,4.0,0,75 09:40.926,0,0,0,0,67301,0,0,0,N,0,0,0,2,68K01,0,,1,1,,N,N,,0,,0,0,1,0,0,N,1036.0,0,2,0,0,0,0,0,3,4,0,2,3,,N,,,,,,,,,,,
2010127899,57.0,2,0,0,0,0,0,0,0,0,1,0,,67,12,2010,7,39.9806,-75.2058,53.0,6,0,0,0,0,0,0,0,0,2.0,0,0,0,0.0,3,3,0,,1,39 58:53.508,4.0,0,75 12:25.137,3,0,0,0,67301,0,0,0,N,0,0,0,7,68K01,2,,1,1,,N,N,,0,,1,0,1,0,0,N,45.0,3,3,0,0,2,0,0,3,4,0,3,3,,N,,,,,,,,,,,
2010128578,1405.0,0,0,0,0,0,0,0,0,0,8,0,,67,11,2010,7,40.0028,-75.1378,1402.0,6,0,0,0,0,0,0,0,0,,0,0,0,13.0,1,2,5,,0,40 00:09.954,,0,75 08:16.245,3,0,0,0,67301,2,0,0,N,2,0,0,3,67301,0,,1,1,,N,N,,1,,2,0,0,2,2,,1358.0,2,3,0,0,0,0,1,3,4,0,1,3,,N,,,,,,,,,,,
2010060286,1705.0,1,0,0,1,0,0,0,0,0,4,0,,67,5,2010,6,40.0346,-75.0711,1700.0,6,0,0,0,0,0,0,0,0,,0,0,0,16.0,1,1,1,,0,40 02:04.567,,0,75 04:16.161,4,0,0,0,67301,1,0,0,N,0,0,0,2,67301,1,,1,1,,N,N,,0,,0,0,0,3,2,,1615.0,1,2,0,0,1,0,0,3,4,0,1,3,,N,,,,,,,,,,,
2010060297,1028.0,2,0,0,0,0,0,0,0,0,4,0,,67,5,2010,3,39.978,-75.119,1026.0,6,0,0,0,0,0,0,0,0,,0,0,0,99.0,1,1,0,,0,39 58:39.474,,7,75 07:08.910,8,0,0,0,67301,0,0,0,,0,0,0,4,67301,0,,1,1,,,,,0,,0,0,0,0,0,,9999.0,1,2,0,0,0,1,1,3,4,0,2,3,,N,,,,,,,,,,,
2010077967,1156.0,1,0,0,0,0,0,0,0,0,1,1,50.0,67,8,2010,5,39.8989,-75.1727,1156.0,6,0,0,0,0,0,1,0,0,1.0,0,1,0,11.0,1,0,0,,2,39 53:56.019,2.0,0,75 10:11.775,0,0,0,0,67301,0,0,0,N,0,0,0,4,68K01,0,,1,1,,N,N,,0,,0,0,0,3,8,N,1155.0,0,2,0,0,1,0,0,3,4,0,2,3,,Y,8.0,1.0,Y,N,N,Y,Y,N,N,Y,
2010039240,1750.0,3,0,0,0,0,0,0,0,0,4,0,,67,4,2010,2,40.0825,-75.0405,1747.0,6,0,0,0,0,0,0,0,1,,0,0,0,17.0,1,1,2,,0,40 04:57.003,,0,75 02:25.844,4,0,0,0,67301,0,0,0,N,0,0,0,5,67301,1,,1,1,,N,N,,0,,0,0,0,3,2,,1746.0,1,3,0,0,0,0,0,3,4,0,3,3,,N,,,,,,,,,,,
2010075892,1028.0,1,0,0,0,0,0,0,0,0,4,0,,67,6,2010,2,40.0079,-75.1723,1025.0,6,0,0,0,0,0,0,0,0,,0,0,0,10.0,1,1,1,,0,40 00:28.592,,0,75 10:20.286,4,0,0,1,67301,0,0,0,N,0,0,0,2,67301,1,,1,1,,N,N,,0,,0,0,0,0,0,,1020.0,1,2,0,0,0,0,0,3,4,0,2,3,,N,,,,,,,,,,,
2010075899,1535.0,2,0,0,0,0,0,0,0,0,4,0,,67,6,2010,2,40.0312,-75.1458,1530.0,6,0,0,1,0,0,0,1,0,,0,0,0,15.0,1,2,1,,0,40 01:52.420,,0,75 08:44.761,8,0,0,0,67301,0,0,0,N,0,0,0,3,67301,0,,1,1,,N,N,,0,,0,0,1,3,2,,1500.0,2,3,0,0,0,2,0,3,4,0,3,3,,N,,,,,,,,,,,
2010026401,219.0,0,0,0,0,0,0,0,0,0,4,0,,67,2,2010,1,39.9804,-75.1042,219.0,6,0,0,0,0,0,0,0,0,2.0,0,0,0,2.0,3,0,0,,1,39 58:49.709,1.0,0,75 06:15.188,9,0,0,0,67301,0,0,0,N,0,0,0,5,68K01,0,,1,1,,N,N,,0,,0,0,1,0,0,N,217.0,0,2,0,0,0,0,1,3,4,0,2,3,,N,,,,,,,,,,,
2010032581,1959.0,1,0,0,0,0,0,0,0,0,8,0,,67,2,2010,7,40.0452,-75.0555,1955.0,6,0,0,0,0,0,0,0,0,3.0,1,0,0,19.0,3,0,0,,2,40 02:42.630,4.0,0,75 03:19.728,1,0,0,0,67301,1,1,0,,1,1,0,2,67301,0,2.0,1,1,,N,N,,0,0.0,0,0,0,0,0,Y,1951.0,0,2,0,0,0,0,0,3,4,0,1,3,,N,,,,,,,,,,,
2010032780,818.0,1,0,0,0,0,0,0,0,0,8,0,,67,3,2010,6,39.9903,-75.1271,815.0,6,0,0,0,0,0,0,0,0,,0,0,0,8.0,3,1,0,,0,39 59:25.242,,0,75 07:37.548,3,0,0,0,67301,1,0,0,,1,0,0,2,67301,0,,1,1,,,,,0,,1,0,0,3,2,,815.0,1,2,0,0,0,0,0,3,4,0,1,3,,N,,,,,,,,,,,
2010032787,1845.0,0,0,0,0,0,0,0,0,0,8,0,,67,2,2010,7,39.9534,-75.14,1844.0,6,0,0,0,0,0,0,0,0,9.0,1,0,0,18.0,4,0,0,,2,39 57:12.152,2.0,0,75 08:24.175,1,0,0,0,67301,1,1,0,,1,1,0,2,67301,0,2.0,1,9,,N,N,,0,0.0,0,0,1,0,0,N,1844.0,0,2,0,0,0,0,0,3,4,0,1,3,,N,,,,,,,,,,,
2010030345,2201.0,1,0,0,0,0,0,0,0,0,4,0,,67,2,2010,4,39.9562,-75.1941,2200.0,6,0,0,0,0,0,0,0,0,1.0,0,0,0,22.0,3,3,1,,1,39 57:22.432,3.0,0,75 11:38.798,4,0,0,0,67301,0,0,0,,0,0,0,4,67504,3,,1,1,,,,,0,,0,0,0,3,2,Y,2200.0,3,2,0,0,4,0,0,3,4,1,2,3,,N,,,,,,,,,,,
2010068577,1631.0,1,0,0,0,0,0,0,0,0,7,0,,67,7,2010,1,39.9669,-75.1337,1622.0,6,0,1,0,0,0,0,0,0,1.0,0,0,0,16.0,1,2,0,,1,39 58:01.320,1.0,0,75 08:00.377,4,0,0,0,67301,0,0,0,N,0,0,0,2,68K01,2,,3,1,,N,N,,0,,0,0,0,0,0,N,1619.0,2,1,0,0,0,0,0,3,4,0,1,3,,N,,,,,,,,,,,
2010073580,1959.0,2,0,0,0,0,0,0,0,0,1,0,,67,7,2010,7,39.9894,-75.2063,1942.0,6,0,0,0,0,0,1,0,0,,0,0,0,19.0,4,2,0,,0,39 59:25.011,,0,75 12:19.318,8,0,0,0,67301,0,0,0,N,0,0,0,3,68K01,0,,1,1,,N,N,,0,,0,0,0,0,0,,1937.0,2,2,0,0,0,2,0,3,4,0,2,3,,N,,,,,,,,,,,
2010118056,1604.0,0,0,0,0,0,0,0,0,0,0,0,,67,10,2010,2,40.0702,-75.0313,1559.0,6,0,0,0,0,0,1,0,0,,0,0,0,99.0,1,1,2,,0,40 04:12.678,,0,75 01:52.619,3,0,0,1,67301,0,0,0,,0,0,0,1,67301,0,,1,1,,,,,0,,1,0,0,3,2,,9999.0,1,1,0,0,0,0,0,3,4,0,1,3,,N,,,,,,,,,,,
2010099798,1335.0,1,0,0,0,0,0,0,0,0,4,0,,67,9,2010,4,40.0529,-75.0083,1323.0,6,0,0,0,0,0,1,0,0,,0,0,0,13.0,1,1,0,,0,40 03:10.429,,7,75 00:30.010,8,0,0,0,67301,0,0,0,N,0,0,0,2,67301,0,,1,1,,N,N,,0,,0,0,1,0,0,,1323.0,1,2,0,0,0,1,0,3,4,0,2,3,,N,,,,,,,,,,,
2010110733,2100.0,0,0,0,0,0,0,0,0,0,4,0,,67,10,2010,2,40.0926,-75.066,2054.0,6,0,0,0,0,0,1,0,0,,0,0,0,20.0,3,0,2,,0,40 05:33.241,,0,75 03:57.765,0,0,0,0,67301,0,0,0,,0,0,0,3,67301,0,,1,9,,,,,0,,0,0,2,3,2,,2050.0,0,2,0,0,0,0,0,3,4,0,2,7,,N,,,,,,,,,,,
2010097386,1756.0,0,0,0,0,0,0,0,0,0,1,0,,67,10,2010,4,39.9929,-75.0853,1752.0,6,0,0,0,0,0,0,0,0,1.0,0,0,0,17.0,1,0,0,,1,39 59:34.199,2.0,0,75 05:07.399,0,0,0,0,67301,0,0,0,N,0,0,0,2,68K01,0,,1,1,,N,N,,0,,0,0,2,0,0,N,1748.0,0,2,0,0,0,0,0,3,4,0,2,3,,N,,,,,,,,,,,
2010123480,1000.0,2,0,0,0,0,0,0,0,0,1,0,,67,11,2010,4,39.9451,-75.1908,949.0,6,0,0,0,0,0,2,0,0,1.0,0,0,0,9.0,1,2,0,,1,39 56:45.226,4.0,0,75 11:22.625,4,0,0,0,67301,0,0,0,N,0,0,0,8,68K01,2,,1,1,,N,N,,0,,0,0,3,0,0,N,944.0,2,6,0,0,0,0,0,3,4,1,6,3,,N,,,,,,,,,,,
2010118399,214.0,1,0,0,0,0,0,0,0,0,1,0,,67,11,2010,1,39.9541,-75.1395,211.0,6,0,0,0,0,0,0,0,0,3.0,0,0,0,2.0,3,2,0,,2,39 57:14.239,1.0,0,75 08:22.545,3,0,0,0,67301,0,0,0,,0,0,0,3,67301,0,,1,1,,N,N,,1,,1,0,0,3,2,N,202.0,2,2,0,0,1,1,0,3,4,0,2,3,,N,,,,,,,,,,,
2010091898,2011.0,1,0,0,0,0,0,0,0,0,7,0,,67,9,2010,4,39.9537,-75.1389,2010.0,6,0,0,0,0,0,0,0,0,1.0,0,0,0,20.0,4,1,0,,1,39 57:13.424,4.0,3,75 08:19.989,4,0,0,0,67301,0,0,0,N,0,0,0,1,67501,1,,3,1,,N,N,,0,,0,0,0,3,8,N,2008.0,1,1,0,0,0,0,0,3,4,0,1,3,,N,,,,,,,,,,,
2010105086,835.0,1,0,0,0,0,0,0,0,0,4,0,,67,9,2010,2,40.0273,-75.0288,826.0,6,0,0,0,0,0,0,0,1,,0,0,0,8.0,1,1,2,,0,40 01:38.437,,0,75 01:43.908,4,0,0,0,67301,0,0,0,N,0,0,0,2,67301,1,,1,9,,N,N,,1,,0,0,0,3,2,,820.0,1,2,0,0,2,0,0,3,4,0,2,7,,N,,,,,,,,,,,
2010118419,50.0,2,0,0,0,0,0,0,0,0,4,0,,67,11,2010,1,40.0315,-75.0325,40.0,6,0,0,0,0,0,0,0,0,,0,0,0,0.0,3,0,1,,0,40 01:53.467,,0,75 01:56.889,0,0,0,0,67301,1,0,0,,0,0,0,3,67301,0,,1,1,,,,,0,,0,0,1,3,2,,30.0,0,3,0,0,0,0,0,3,4,0,3,3,,N,,,,,,,,,,,
2010118433,1550.0,1,0,0,0,0,0,0,0,0,1,1,,67,10,2010,3,39.9723,-75.2488,1547.0,6,0,0,0,0,0,1,0,0,,0,1,0,15.0,1,1,1,,0,39 58:20.370,,0,75 14:55.737,4,0,0,0,67301,0,0,0,N,0,0,0,2,67301,1,,1,1,,N,,,0,,0,0,0,3,3,,1545.0,1,2,0,0,0,0,0,3,4,0,2,3,,N,,,,,,,,,,,
2010110221,2111.0,1,0,0,1,0,0,0,0,0,4,0,,67,11,2010,3,40.028,-75.11,2105.0,6,0,0,0,0,0,0,0,0,,0,0,0,21.0,3,1,5,,0,40 01:40.946,,0,75 06:36.204,8,0,0,0,67301,1,0,0,N,0,0,0,2,67301,0,,1,1,,N,N,,0,,0,0,0,3,2,,2104.0,1,2,0,0,0,1,0,3,4,0,1,3,,N,,,,,,,,,,,
2010107773,1900.0,0,0,0,0,0,0,0,0,0,1,0,,67,11,2010,4,40.0263,-75.0972,1855.0,6,0,0,0,0,0,0,0,0,1.0,0,0,0,18.0,3,1,0,,1,40 01:34.743,1.0,0,75 05:50.704,4,0,0,0,67301,0,0,0,N,0,0,0,3,67301,1,,1,1,,N,N,,0,,0,0,1,0,0,N,1850.0,1,2,0,0,0,0,0,3,4,1,2,3,,N,,,,,,,,,,,
2010091239,721.0,2,0,0,0,0,0,0,0,0,1,0,,67,8,2010,6,39.9239,-75.2221,721.0,6,0,0,0,1,0,0,0,0,,0,0,0,7.0,1,0,1,,0,39 55:26.156,,0,75 13:19.597,0,0,0,0,67301,0,0,0,N,0,0,0,4,67301,0,,1,1,,N,N,,0,,0,0,0,2,2,,720.0,0,2,0,0,0,0,0,3,4,0,2,3,,N,,,,,,,,,,,
2010088807,901.0,1,0,0,0,0,0,0,0,0,4,0,,67,8,2010,1,39.9958,-75.1691,859.0,6,0,0,0,0,0,1,0,0,,0,0,0,8.0,1,1,1,,0,39 59:44.961,,0,75 10:08.930,8,0,0,0,67301,0,0,0,,0,0,0,3,67301,0,,1,1,,,,,0,,0,0,1,3,2,,854.0,1,2,0,0,0,1,0,3,4,0,2,3,,N,,,,,,,,,,,
2010088878,304.0,3,0,0,0,0,0,0,0,0,1,0,,67,8,2010,1,40.0007,-75.0765,301.0,6,0,0,0,0,0,0,0,0,,0,0,0,2.0,3,0,0,,0,40 00:02.559,,0,75 04:35.529,0,0,0,0,67301,0,0,0,,0,0,0,1,67301,0,,6,9,,,N,,0,,0,0,0,0,0,,253.0,0,3,0,0,0,0,0,3,4,0,3,7,,N,,,,,,,,,,,
2010099663,2308.0,2,0,0,0,0,0,0,0,0,4,0,,67,9,2010,4,39.9503,-75.1473,2307.0,6,0,0,0,0,0,0,0,0,1.0,0,0,0,23.0,3,0,1,,1,39 57:01.358,2.0,0,75 08:49.932,0,0,0,0,67301,0,0,0,N,0,0,0,4,67301,0,,1,1,,N,N,,0,,0,0,0,3,2,N,2300.0,0,2,0,0,0,0,0,3,4,0,2,3,,N,,,,,,,,,,,
2010032639,422.0,1,0,0,0,0,0,0,0,0,7,0,,67,3,2010,7,40.0284,-75.0502,422.0,6,0,0,0,0,1,0,0,0,,0,0,0,4.0,3,4,2,,0,40 01:42.186,,0,75 03:00.575,4,0,0,0,67301,0,0,0,N,0,0,0,5,67301,4,,5,9,,N,N,,0,,0,0,0,3,3,,400.0,4,1,0,0,0,0,0,3,4,0,1,7,,N,,,,,,,,,,,
2010032652,336.0,0,0,0,0,0,0,0,0,0,7,0,,67,2,2010,7,39.935,-75.1427,333.0,6,0,0,0,0,0,0,0,0,,0,0,0,3.0,3,0,0,,0,39 56:06.311,,0,75 08:33.536,0,0,0,0,67301,0,0,0,N,0,0,0,2,67301,0,,2,2,,N,N,,0,,0,0,1,0,0,,310.0,0,1,0,0,0,0,0,3,4,0,1,3,,N,,,,,,,,,,,
2010010435,20.0,1,0,0,0,0,0,0,0,0,7,0,,67,1,2010,2,39.9546,-75.141,18.0,6,0,0,0,0,0,0,0,0,2.0,0,0,0,0.0,3,0,0,,1,39 57:20.531,4.0,2,75 08:28.913,0,0,0,0,67301,0,0,0,N,0,0,0,1,68K01,0,,2,9,,N,N,,0,,0,0,0,0,0,N,12.0,0,1,0,0,0,0,0,3,4,0,1,7,,N,,,,,,,,,,,
2010016797,806.0,0,0,0,0,0,0,0,0,0,7,0,,67,2,2010,5,39.8876,-75.2042,758.0,6,0,0,0,0,0,0,0,0,1.0,0,0,0,7.0,1,0,0,,1,39 53:18.314,2.0,3,75 12:10.977,0,0,0,0,67301,0,0,0,N,0,0,0,1,68K01,0,,2,1,,N,N,,0,,0,0,1,0,0,N,750.0,0,1,0,0,0,0,0,3,4,0,1,3,,N,,,,,,,,,,,
2010016802,1903.0,1,0,0,0,0,0,0,0,0,1,0,,67,2,2010,5,39.9583,-75.1649,1857.0,6,0,0,0,0,1,1,0,0,1.0,0,0,0,18.0,2,0,0,,1,39 57:29.756,4.0,0,75 09:53.797,0,0,0,0,67301,0,0,0,N,0,0,0,2,68K01,0,,1,1,,N,N,,0,,0,0,1,0,0,N,1847.0,0,2,0,0,0,0,0,3,4,0,2,3,,N,,,,,,,,,,,
2010016932,1758.0,1,0,0,0,0,0,0,0,0,1,0,,67,1,2010,5,40.035,-75.0694,1741.0,6,0,0,0,0,0,0,0,0,1.0,0,0,0,17.0,3,1,1,,1,40 02:06.022,1.0,0,75 04:09.823,4,0,0,0,67301,0,0,0,N,0,0,0,2,67301,1,,1,1,,N,N,,1,,0,0,0,3,2,N,1740.0,1,2,0,0,0,0,0,3,4,0,2,3,,N,,,,,,,,,,,
2010011529,1605.0,0,0,0,0,0,0,1,0,0,1,1,,67,1,2010,1,40.0445,-75.1194,1600.0,6,0,0,0,0,0,0,0,0,,0,0,0,15.0,1,1,1,,0,40 02:40.087,,0,75 07:09.991,4,0,0,0,67301,0,0,0,N,0,0,0,3,67301,1,,1,1,,N,N,,0,,0,0,1,3,2,,1530.0,1,2,0,0,0,0,0,3,4,0,2,3,,N,,,,,,,,,,,
2010017079,15.0,1,0,0,0,0,0,0,0,0,4,0,,67,1,2010,1,39.9724,-75.1665,12.0,6,0,0,0,0,0,1,0,0,2.0,0,0,0,0.0,3,1,2,,2,39 58:20.544,7.0,0,75 09:59.380,3,0,0,0,67301,0,0,0,N,0,0,0,3,67301,0,,1,1,,N,N,,0,,1,0,1,3,2,Y,10.0,1,2,0,0,0,0,0,3,4,0,2,3,,N,,,,,,,,,,,
2010017179,1800.0,0,0,0,0,0,0,0,0,0,8,0,,67,1,2010,3,39.9175,-75.1561,1753.0,6,0,0,0,0,0,0,0,0,,0,0,0,15.0,1,1,1,,0,39 55:03.069,,0,75 09:22.061,8,0,0,0,67301,1,0,0,N,1,0,0,2,67301,0,,1,1,,N,,,0,,0,0,1,9,2,,1520.0,1,2,0,0,0,1,1,3,4,0,1,3,,N,,,,,,,,,,,
2010017227,553.0,2,0,0,0,0,0,0,0,0,1,0,,67,1,2010,6,40.0024,-75.135,548.0,6,0,0,0,0,1,0,0,0,,0,0,0,5.0,3,2,1,,0,40 00:08.748,,0,75 08:05.938,4,0,0,0,67301,0,0,0,N,0,0,0,2,67301,2,,1,2,,N,N,,0,,0,0,0,3,3,,540.0,2,2,0,0,0,0,0,3,4,0,2,10,,N,,,,,,,,,,,
2010017232,1420.0,1,0,0,0,0,0,0,0,0,4,1,,67,1,2010,5,40.0288,-75.0898,1416.0,6,0,0,0,0,0,1,0,0,,0,1,0,13.0,1,1,0,,0,40 01:43.197,,0,75 05:24.143,8,0,0,0,67301,0,0,0,,0,0,0,2,67301,0,,1,1,,N,N,,0,,0,0,0,0,0,,1328.0,1,2,0,0,0,1,0,3,4,0,2,3,,N,,,,,,,,,,,
2010017245,1948.0,1,0,0,0,0,0,0,0,0,8,0,,67,1,2010,7,40.0278,-75.1761,1943.0,6,0,0,0,0,0,0,0,0,,0,0,0,19.0,3,1,2,,0,40 01:40.105,,0,75 10:33.790,8,0,0,0,67301,1,0,0,,1,0,0,2,67301,0,,1,1,,N,N,,0,,0,0,0,3,3,,1940.0,1,2,0,0,0,1,0,3,4,0,1,3,,N,,,,,,,,,,,
2010017251,1457.0,1,0,0,1,0,0,0,0,0,5,0,,67,1,2010,2,40.0382,-75.1901,1450.0,6,0,0,0,0,0,0,0,0,,0,0,0,14.0,1,1,1,,0,40 02:17.558,,0,75 11:24.246,4,0,0,0,67301,1,0,0,N,0,0,0,2,67301,1,,1,1,,N,N,,0,,0,0,0,3,2,,1445.0,1,2,0,0,0,0,1,3,4,0,1,3,,N,,,,,,,,,,,
2010017253,1320.0,1,0,0,0,0,0,1,0,0,4,1,,67,1,2010,5,40.0088,-75.1476,1320.0,6,0,0,0,0,0,0,0,0,,0,0,0,13.0,1,5,1,,0,40 00:31.666,,0,75 08:51.441,4,0,0,0,67301,0,0,0,N,0,0,0,7,67301,5,,1,1,,N,N,,0,,0,0,0,3,2,,1315.0,5,2,0,0,0,0,0,3,4,0,2,3,,N,,,,,,,,,,,
2010021566,1333.0,1,0,0,0,0,0,1,0,0,5,1,,67,1,2010,7,39.947,-75.1647,1330.0,6,0,0,0,0,0,0,0,0,,0,0,0,13.0,1,2,1,,0,39 56:49.175,,0,75 09:53.386,4,0,0,0,67301,0,0,0,,0,0,0,4,67301,2,,1,9,,,,,0,,0,0,0,3,2,,1326.0,2,2,0,0,0,0,1,3,4,0,2,3,,N,,,,,,,,,,,
2010021696,221.0,1,0,0,0,0,0,0,0,0,7,0,,67,1,2010,7,39.9969,-75.2053,212.0,6,0,0,1,0,0,0,0,0,,0,0,0,1.0,3,3,0,,0,39 59:48.860,,0,75 12:19.060,4,0,0,0,67301,0,0,0,,0,0,0,3,67301,3,,5,1,,N,,,0,,0,0,0,0,0,,140.0,3,1,0,0,0,0,0,3,4,0,1,3,,N,,,,,,,,,,,
2010021709,2327.0,2,0,0,0,0,0,0,0,0,4,0,,67,1,2010,5,40.026,-75.1467,2320.0,6,0,0,0,0,0,0,0,0,,0,0,0,20.0,3,1,1,,0,40 01:33.654,,0,75 08:48.101,8,0,0,0,67301,0,0,0,N,0,0,0,2,67301,0,,1,1,,N,N,,0,,0,0,0,3,2,,2030.0,1,2,0,0,0,1,0,3,4,0,2,3,,N,,,,,,,,,,,
2010021892,1554.0,1,0,0,0,0,0,0,0,0,5,0,,67,1,2010,7,39.9313,-75.1515,1553.0,6,0,0,0,0,0,0,0,0,,0,0,0,15.0,1,0,0,,0,39 55:52.611,,0,75 09:05.371,0,0,0,0,67301,0,0,0,Y,0,0,0,1,67301,0,,5,1,,N,N,,1,,0,0,0,0,0,,1553.0,0,2,0,0,0,0,0,3,4,0,2,3,,N,,,,,,,,,,,
2010118015,936.0,1,0,0,0,0,0,1,0,0,4,1,,67,10,2010,2,39.9939,-75.0802,935.0,6,0,0,0,0,0,1,0,0,,0,0,0,9.0,1,0,2,,0,39 59:42.753,,0,75 04:39.315,0,0,0,0,67301,0,0,0,,0,0,0,19,67301,0,,1,1,,N,,,0,,0,0,0,3,3,,930.0,0,2,0,0,0,0,0,3,4,0,2,3,,N,,,,,,,,,,,