CRN,ARRIVAL_TM,AUTOMOBILE_COUNT,BELTED_DEATH_COUNT,BELTED_SUSP_SERIOUS_INJ_COUNT,BICYCLE_COUNT,BICYCLE_DEATH_COUNT,BICYCLE_SUSP_SERIOUS_INJ_COUNT,BUS_COUNT,CHLDPAS_DEATH_COUNT,CHLDPAS_SUSP_SERIOUS_INJ_COUNT,COLLISION_TYPE,COMM_VEH_COUNT,CONS_ZONE_SPD_LIM,COUNTY,CRASH_MONTH,CRASH_YEAR,DAY_OF_WEEK,DEC_LAT,DEC_LONG,DISPATCH_TM,DISTRICT,DRIVER_COUNT_16YR,DRIVER_COUNT_17YR,DRIVER_COUNT_18YR,DRIVER_COUNT_19YR,DRIVER_COUNT_20YR,DRIVER_COUNT_50_64YR,DRIVER_COUNT_65_74YR,DRIVER_COUNT_75PLUS,EST_HRS_CLOSED,FATAL_COUNT,HEAVY_TRUCK_COUNT,HORSE_BUGGY_COUNT,HOUR_OF_DAY,ILLUMINATION,INJURY_COUNT,INTERSECT_TYPE,INTERSECTION_RELATED,LANE_CLOSED,LATITUDE,LN_CLOSE_DIR,LOCATION_TYPE,LONGITUDE,MAX_SEVERITY_LEVEL,MCYCLE_DEATH_COUNT,MCYCLE_SUSP_SERIOUS_INJ_COUNT,MOTORCYCLE_COUNT,MUNICIPALITY,NONMOTR_COUNT,NONMOTR_DEATH_COUNT,NONMOTR_SUSP_SERIOUS_INJ_COUNT,NTFY_HIWY_MAINT,PED_COUNT,PED_DEATH_COUNT,PED_SUSP_SERIOUS_INJ_COUNT,PERSON_COUNT,POLICE_AGCY,POSSIBLE_INJ_COUNT,RDWY_SURF_TYPE_CD,RELATION_TO_ROAD,ROAD_CONDITION,ROADWAY_CLEARED,SCH_BUS_IND,SCH_ZONE_IND,SECONDARY_CRASH,SMALL_TRUCK_COUNT,SPEC_JURIS_CD,SUSP_MINOR_INJ_COUNT,SUSP_SERIOUS_INJ_COUNT,SUV_COUNT,TCD_FUNC_CD,TCD_TYPE,TFC_DETOUR_IND,TIME_OF_DAY,TOT_INJ_COUNT,TOTAL_UNITS,UNB_DEATH_COUNT,UNB_SUSP_SERIOUS_INJ_COUNT,UNBELTED_OCC_COUNT,UNK_INJ_DEG_COUNT,UNK_INJ_PER_COUNT,URBAN_AREA,URBAN_RURAL,VAN_COUNT,VEHICLE_COUNT,WEATHER1,WEATHER2,WORK_ZONE_IND,WORK_ZONE_LOC,WORK_ZONE_TYPE,WORKERS_PRES,WZ_CLOSE_DETOUR,WZ_FLAGGER,WZ_LAW_OFFCR_IND,WZ_LN_CLOSURE,WZ_MOVING,WZ_OTHER,WZ_SHLDER_MDN,WZ_WORKERS_INJ_KILLED
2010048547,1020.0,1,0,0,0,0,0,0,0,0,4,0,,67,4,2010,2,39.9814,-75.1276,1016.0,6,0,0,0,0,0,1,0,0,,0,0,0,10.0,1,1,5,,0,39 58:53.180,,0,75 07:39.465,4,0,0,0,67301,0,0,0,N,0,0,0,2,67301,1,,1,9,,N,N,,0,,0,0,1,3,2,,1015.0,1,2,0,0,0,0,0,3,4,0,2,7,,N,,,,,,,,,,,
2010045343,1440.0,3,0,0,0,0,0,0,0,0,2,0,,67,3,2010,5,40.0014,-75.1515,1436.0,6,0,0,1,0,0,0,0,0,1.0,0,0,0,99.0,1,1,1,,1,40 00:05.153,3.0,0,75 09:05.817,8,0,0,0,67301,0,0,0,N,0,0,0,2,67301,0,,1,1,,N,N,,0,,0,0,0,3,3,N,9999.0,1,3,0,0,0,1,0,3,4,0,3,99,,N,,,,,,,,,,,
2010060666,1637.0,3,0,0,0,0,0,0,0,0,1,0,,67,6,2010,2,39.9542,-75.1409,1637.0,6,0,0,0,0,0,1,0,0,,0,0,0,16.0,1,1,0,,0,39 57:15.467,,0,75 08:27.023,8,0,0,0,67301,0,0,0,N,0,0,0,5,68K01,0,,1,1,,N,N,,0,,0,0,0,0,0,,1637.0,1,3,0,0,0,1,0,3,4,0,3,3,,N,,,,,,,,,,,
2010045062,2103.0,1,0,0,0,0,0,0,0,0,2,0,,67,4,2010,3,39.9643,-75.2464,2100.0,6,0,0,0,0,0,0,0,0,,0,0,0,99.0,3,1,1,,0,39 57:51.442,,0,75 14:46.946,3,0,0,0,67301,0,0,0,,0,0,0,2,67301,0,,1,1,,,,,0,,1,0,0,0,0,,9999.0,1,2,0,0,0,0,0,3,4,1,2,3,,N,,,,,,,,,,,
2010045109,1837.0,0,0,0,0,0,0,0,0,0,5,0,,67,3,2010,6,40.0216,-75.1486,1825.0,6,0,0,0,0,0,0,0,0,,0,0,0,18.0,3,2,0,,0,40 01:17.706,,0,75 08:54.793,8,0,0,0,67301,0,0,0,N,0,0,0,5,67301,0,,1,1,,N,N,,0,,0,0,1,0,0,,1823.0,2,2,0,0,0,2,0,3,4,1,2,3,,N,,,,,,,,,,,
2010062020,1215.0,1,0,0,0,0,0,0,0,0,7,0,,67,4,2010,1,40.0178,-75.2021,1210.0,6,0,0,0,0,0,0,0,0,,0,0,0,12.0,1,0,0,,0,40 01:03.990,,0,75 12:07.450,9,0,0,0,67301,0,0,0,,0,0,0,1,67301,0,,2,9,,N,N,,0,,0,0,0,0,0,,1205.0,0,1,0,0,0,0,1,3,4,0,1,7,,N,,,,,,,,,,,
2010062507,1621.0,1,0,0,0,0,0,0,0,0,1,0,,67,6,2010,3,39.9778,-75.2015,1620.0,6,0,0,1,0,0,0,0,0,,0,0,0,16.0,1,1,0,,0,39 58:42.372,,0,75 12:09.608,8,0,0,0,67301,0,0,0,N,0,0,0,3,68K01,0,,1,1,,N,N,,0,,0,0,2,0,0,,1619.0,1,3,0,0,0,1,0,3,4,0,3,3,,N,,,,,,,,,,,
2010046966,901.0,2,0,0,0,0,0,0,0,0,4,0,,67,5,2010,7,39.9708,-75.1238,849.0,6,0,0,0,0,0,1,0,0,,0,0,0,8.0,1,1,0,,0,39 58:15.000,,0,75 07:25.530,4,0,0,0,67301,0,0,0,N,0,0,0,3,68K01,1,,1,1,,N,N,,0,,0,0,0,3,2,,846.0,1,2,0,0,0,0,0,3,4,0,2,3,,N,,,,,,,,,,,
2010084218,1550.0,1,0,0,0,0,0,0,0,0,7,0,,67,7,2010,7,39.9667,-75.1798,1543.0,6,0,0,0,0,0,0,0,0,2.0,0,0,0,15.0,1,0,0,,1,39 58:00.621,2.0,0,75 10:47.661,0,0,0,0,67301,0,0,0,N,0,0,0,2,67301,0,,2,9,,N,N,,0,,0,0,0,0,0,N,1540.0,0,1,0,0,0,0,0,3,4,0,1,7,,N,,,,,,,,,,,
2010084268,2145.0,0,0,0,0,0,0,0,0,0,0,0,,67,7,2010,5,39.9043,-75.1969,2143.0,6,0,0,0,0,0,0,0,0,,0,0,0,21.0,3,1,0,,0,39 54:15.486,,3,75 11:48.899,4,0,0,1,67301,0,0,0,N,0,0,0,1,67301,1,,1,1,,N,N,,0,,0,0,0,0,0,,2142.0,1,1,0,0,0,0,0,3,4,0,1,3,,N,,,,,,,,,,,
2010081565,1234.0,2,0,0,0,0,0,0,0,0,1,0,,67,7,2010,5,39.9895,-75.1566,1231.0,6,0,0,0,0,0,1,0,0,2.0,0,0,0,12.0,1,2,0,,2,39 59:22.146,4.0,0,75 09:23.796,8,0,0,0,67301,0,0,0,N,0,0,0,3,67301,0,,1,1,,N,N,,0,,0,0,0,0,0,Y,1231.0,2,2,0,0,0,2,0,3,4,0,2,3,,N,,,,,,,,,,,
2010052274,1912.0,1,0,0,0,0,0,0,0,0,1,0,,67,4,2010,5,40.0616,-74.9884,1902.0,6,0,0,0,0,0,0,0,0,,0,0,0,19.0,4,1,1,,0,40 03:41.982,,0,74 59:18.334,4,0,0,0,67301,0,0,0,N,0,0,0,5,67301,1,,1,1,,N,N,,0,,0,0,1,3,2,,1900.0,1,2,0,0,0,0,0,3,4,0,2,3,,N,,,,,,,,,,,
2010081253,1755.0,0,0,0,0,0,0,0,0,0,7,0,,67,8,2010,1,40.022,-75.0394,1741.0,6,0,0,0,0,0,0,0,0,,0,0,0,17.0,1,0,0,,0,40 01:18.722,,0,75 02:22.189,0,0,0,0,67301,0,0,0,Y,0,0,0,1,68K01,0,,5,1,,N,N,,0,,0,0,1,0,0,,1740.0,0,1,0,0,1,0,0,3,4,0,1,3,,N,,,,,,,,,,,
2010062248,755.0,1,0,0,0,0,0,0,0,0,8,0,,67,5,2010,3,39.9805,-75.2282,751.0,6,0,1,0,0,0,0,0,0,,0,0,0,7.0,1,1,1,,0,39 58:49.670,,0,75 13:41.343,8,0,0,0,67301,1,0,0,,1,0,0,2,67301,0,,1,9,,,,,0,,0,0,0,3,2,,747.0,1,2,0,0,0,1,0,3,4,0,1,7,,N,,,,,,,,,,,
2010076199,1827.0,1,0,0,0,0,0,0,0,0,1,1,,67,8,2010,3,39.9055,-75.1313,1823.0,6,0,0,0,0,0,0,0,0,1.0,0,1,0,18.0,1,4,0,,2,39 54:19.959,4.0,0,75 07:52.581,4,0,0,0,67301,0,0,0,N,0,0,0,7,67501,2,,1,1,,N,N,,1,,0,0,0,3,8,N,1821.0,4,3,0,0,0,2,0,3,4,0,3,3,,N,,,,,,,,,,,
2010044830,1348.0,1,0,0,0,0,0,0,0,0,5,0,,67,4,2010,1,39.9769,-75.1553,1341.0,6,0,0,0,0,0,1,0,0,,0,0,0,13.0,1,0,0,,0,39 58:36.800,,0,75 09:19.216,0,0,0,0,67301,0,0,0,,0,0,0,1,67301,0,,6,1,,N,N,,0,,0,0,1,3,2,,1336.0,0,2,0,0,0,0,0,3,4,0,2,3,,N,,,,,,,,,,,
2010044845,1026.0,1,0,0,0,0,0,0,0,0,7,0,,67,3,2010,3,40.0274,-75.1131,1025.0,6,0,0,0,0,0,0,0,0,,0,0,0,10.0,1,0,0,,0,40 01:38.698,,0,75 06:47.373,0,0,0,0,67301,0,0,0,Y,0,0,0,1,67301,0,,3,9,,N,N,,0,,0,0,0,3,2,,1025.0,0,1,0,0,0,0,0,3,4,0,1,7,,N,,,,,,,,,,,
2010048019,143.0,1,0,0,0,0,0,0,0,0,7,0,,67,5,2010,4,39.9601,-75.1807,137.0,6,0,0,0,0,1,0,0,0,2.0,0,0,0,1.0,3,1,0,,2,39 57:36.537,3.0,0,75 10:50.675,8,0,0,0,67301,0,0,0,N,0,0,0,1,68K01,0,,2,9,,N,N,,0,,0,0,0,0,0,Y,136.0,1,1,0,0,1,1,0,3,4,0,1,7,,N,,,,,,,,,,,
2010050565,1944.0,0,0,0,0,0,0,0,0,0,0,0,,67,5,2010,6,39.8766,-75.2569,1937.0,6,0,0,0,0,0,1,0,0,,0,0,0,19.0,1,1,0,,0,39 52:35.768,,0,75 15:24.970,3,0,0,0,67301,0,0,0,N,0,0,0,1,68K01,0,,1,1,,N,N,,0,,1,0,1,0,0,,1936.0,1,1,0,0,0,0,0,3,4,0,1,3,,N,,,,,,,,,,,
2010082129,2155.0,0,0,0,0,0,0,0,0,0,2,0,,67,7,2010,5,40.0352,-75.1455,2155.0,6,0,1,0,0,0,0,0,0,2.0,0,0,0,21.0,3,1,1,,1,40 02:06.731,1.0,0,75 08:43.670,3,0,0,1,67301,0,0,0,N,0,0,0,4,67301,0,,1,1,,N,N,,0,,1,0,1,3,2,N,2155.0,1,2,0,0,0,0,0,3,4,0,2,3,,N,,,,,,,,,,,
2010082144,2245.0,0,0,0,0,0,0,0,0,0,4,0,,67,7,2010,2,40.033,-75.2175,2240.0,6,0,0,0,0,0,2,0,0,,0,0,0,21.0,3,1,1,,0,40 01:58.897,,0,75 13:03.154,4,0,0,0,67301,0,0,0,,0,0,0,3,67301,1,,1,9,,,,,0,,0,0,1,3,3,,2127.0,1,2,0,0,0,0,2,3,4,0,2,7,,N,,,,,,,,,,,
2010127903,1843.0,1,0,0,0,0,0,0,0,0,7,0,,67,12,2010,2,40.0496,-74.9941,1840.0,6,0,0,0,0,0,0,0,0,2.0,0,0,0,18.0,3,0,0,,1,40 02:58.602,1.0,0,74 59:38.340,0,0,0,0,67301,0,0,0,N,0,0,0,1,68K01,0,,2,1,,N,N,,0,,0,0,0,0,0,N,1831.0,0,1,0,0,0,0,0,3,4,0,1,3,,N,,,,,,,,,,,
2010128589,311.0,4,0,0,0,0,0,0,0,0,1,0,,67,11,2010,3,40.0354,-75.0395,302.0,6,0,0,0,0,1,0,0,0,,0,0,0,3.0,8,1,0,,0,40 02:07.462,,0,75 02:22.247,8,0,0,0,67301,0,0,0,N,0,0,0,1,67301,0,,2,1,,N,N,,0,,0,0,1,0,0,,300.0,1,5,0,0,0,1,0,3,4,0,5,3,,N,,,,,,,,,,,
2010048797,2016.0,1,0,0,0,0,0,0,0,0,5,0,,67,4,2010,4,39.9398,-75.2114,2015.0,6,0,0,0,0,0,0,0,0,,0,0,0,17.0,1,1,0,,0,39 56:23.280,,0,75 12:40.821,8,0,0,1,67301,0,0,0,,0,0,0,2,67301,0,,1,1,,,,,0,,0,0,0,0,0,,1712.0,1,2,0,0,0,1,0,3,4,0,2,3,,N,,,,,,,,,,,
2010050824,2145.0,0,0,0,0,0,0,0,0,0,4,0,,67,4,2010,5,39.958,-75.2335,2140.0,6,0,0,0,0,0,1,0,0,3.0,1,0,0,21.0,3,0,1,,2,39 57:28.628,4.0,0,75 14:00.595,1,0,0,0,67301,1,1,0,N,1,1,0,2,67301,0,2.0,1,1,,N,N,,0,0.0,0,0,0,3,2,Y,2130.0,0,2,0,0,0,0,0,3,4,1,1,3,,N,,,,,,,,,,,
2010053397,1140.0,3,0,0,0,0,0,0,0,0,1,0,,67,5,2010,5,40.0276,-75.0249,1130.0,6,0,0,0,0,0,0,0,0,1.0,0,0,0,11.0,1,1,0,,1,40 01:39.456,2.0,0,75 01:29.350,4,0,0,0,67301,0,0,0,N,0,0,0,6,68K01,1,,1,1,,N,N,,0,,0,0,0,0,0,N,1118.0,1,3,0,0,0,0,0,3,4,0,3,3,,N,,,,,,,,,,,
2010048473,1930.0,0,0,0,0,0,0,0,0,0,4,0,,67,4,2010,1,39.9215,-75.1473,1923.0,6,0,0,0,0,1,0,0,0,,0,0,0,19.0,1,1,1,,0,39 55:17.340,,0,75 08:50.248,8,0,0,1,67301,0,0,0,N,0,0,0,2,67301,0,,1,9,,N,N,,0,,0,0,0,0,0,,1920.0,1,2,0,0,0,1,0,3,4,1,2,7,,N,,,,,,,,,,,
2010075057,1945.0,2,0,0,0,0,0,0,0,0,4,0,,67,7,2010,1,40.0082,-75.1067,1940.0,6,0,0,0,0,0,1,0,0,,0,0,0,18.0,1,1,1,,0,40 00:29.692,,0,75 06:24.299,4,0,0,0,67301,0,0,0,N,0,0,0,2,67301,1,,1,1,,N,N,,0,,0,0,0,3,3,,1815.0,1,2,0,0,0,0,0,3,4,0,2,3,,N,,,,,,,,,,,
2010064762,1720.0,2,0,0,0,0,0,0,0,0,4,0,,67,5,2010,2,40.0404,-75.1866,1713.0,6,0,0,0,0,0,1,0,0,,0,0,0,15.0,1,3,0,,0,40 02:25.480,,7,75 11:11.640,4,0,0,0,67301,0,0,0,N,0,0,0,3,67301,3,,1,1,,N,N,,0,,0,0,1,0,0,,1518.0,3,3,0,0,0,0,0,3,4,0,3,3,,N,,,,,,,,,,,
2010079848,950.0,1,0,0,0,0,0,0,0,0,4,0,,67,8,2010,1,40.0324,-75.0809,950.0,6,0,0,0,0,0,0,0,0,,0,0,0,9.0,1,0,1,,0,40 01:56.602,,0,75 04:50.717,0,0,0,0,67301,0,0,0,N,0,0,0,2,67301,0,,1,9,,N,N,,0,,0,0,0,3,2,,950.0,0,2,0,0,1,0,0,3,4,1,2,7,,N,,,,,,,,,,,
2010074883,1121.0,1,0,0,0,0,0,0,0,0,4,0,,67,6,2010,2,39.9602,-75.1909,1120.0,6,0,0,0,0,0,1,0,0,,0,0,0,11.0,1,0,1,,0,39 57:36.745,,0,75 11:27.211,0,0,0,0,67301,0,0,0,N,0,0,0,2,67301,0,,1,1,,N,N,,0,,0,0,0,3,2,,1120.0,0,2,0,0,0,0,0,3,4,1,2,3,,N,,,,,,,,,,,
2010074900,1835.0,2,0,0,0,0,0,0,0,0,4,0,,67,7,2010,6,40.0532,-75.0613,1832.0,6,0,0,0,0,1,0,0,0,,0,0,0,18.0,1,0,1,,0,40 03:11.667,,0,75 03:40.564,0,0,0,0,67301,0,0,0,N,0,0,0,2,67301,0,,1,1,,N,N,,0,,0,0,0,3,3,,1832.0,0,2,0,0,0,0,0,3,4,0,2,3,,N,,,,,,,,,,,
2010067457,1417.0,0,0,0,0,0,0,0,0,0,1,0,,67,6,2010,6,39.8884,-75.2418,1412.0,6,0,0,0,0,0,0,0,0,,0,0,0,14.0,1,2,0,,0,39 53:18.116,,0,75 14:30.365,4,0,0,0,67301,0,0,0,N,0,0,0,4,68K01,2,,1,1,,N,N,,1,,0,0,1,0,0,,1407.0,2,2,0,0,0,0,0,3,4,0,2,3,,N,,,,,,,,,,,
2010052276,110.0,1,0,0,0,0,0,0,0,0,7,0,,67,4,2010,1,39.958,-75.1488,106.0,6,0,0,0,0,0,0,0,0,2.0,0,0,0,1.0,3,0,2,,1,39 57:28.502,4.0,0,75 08:55.805,9,0,0,0,67301,0,0,0,N,0,0,0,3,67301,0,,5,9,,N,N,,0,,0,0,0,3,2,Y,100.0,0,2,0,0,0,0,1,3,4,1,2,7,,N,,,,,,,,,,,
2010052331,1924.0,0,0,0,0,0,0,0,0,0,8,0,,67,5,2010,4,39.9986,-75.1175,1923.0,6,0,0,0,0,0,0,0,0,1.0,0,0,0,19.0,1,2,0,,2,39 59:55.125,4.0,0,75 07:03.108,3,0,0,0,67301,2,0,0,N,2,0,0,3,67301,0,,1,1,,N,N,,0,,2,0,1,0,0,Y,1921.0,2,3,0,0,0,0,0,3,4,0,1,3,,N,,,,,,,,,,,
2010052356,35.0,1,0,0,0,0,0,0,0,0,1,0,,67,5,2010,7,40.0075,-75.1256,31.0,6,0,0,0,0,0,1,0,0,,0,0,0,0.0,3,1,0,,0,40 00:26.987,,0,75 07:32.148,8,0,0,0,67301,0,0,0,N,0,0,0,3,67301,0,,1,1,,N,Y,,1,,0,0,0,0,0,,25.0,1,2,0,0,0,1,0,3,4,0,2,3,,N,,,,,,,,,,,
2010052360,1258.0,1,0,0,0,0,0,0,0,0,8,0,,67,4,2010,7,40.0328,-75.0882,1254.0,6,0,0,0,0,0,0,0,0,,0,0,0,12.0,1,1,0,,0,40 01:57.946,,0,75 05:17.577,4,0,0,0,67301,1,0,0,N,1,0,0,2,67301,1,,1,1,,N,N,,0,,0,0,0,0,0,,1254.0,1,2,0,0,0,0,0,3,4,0,1,3,,N,,,,,,,,,,,
2010052375,1910.0,0,0,0,0,0,0,0,0,0,8,0,,67,4,2010,5,40.0549,-75.1552,1901.0,6,0,0,0,0,0,0,1,0,,0,0,0,19.0,1,1,1,,0,40 03:17.748,,0,75 09:18.547,4,0,0,0,67301,1,0,0,N,1,0,0,2,67301,1,,1,1,,N,N,,1,,0,0,0,0,0,,1900.0,1,2,0,0,0,0,0,3,4,0,1,3,,N,,,,,,,,,,,
2010052041,23.0,1,0,0,0,0,0,0,0,0,5,1,,67,5,2010,7,39.9658,-75.1863,23.0,6,0,0,0,0,0,2,0,0,2.0,0,1,0,0.0,3,3,0,,1,39 58:02.342,4.0,0,75 11:18.916,4,0,0,0,67301,0,0,0,N,0,0,0,5,68K01,3,,1,1,,N,N,,0,,0,0,1,0,0,N,22.0,3,3,0,0,0,0,0,3,4,0,3,3,,N,,,,,,,,,,,
2010044567,943.0,1,0,0,0,0,0,0,0,0,4,1,,67,4,2010,6,39.9945,-75.1397,943.0,6,0,0,0,0,0,0,0,0,,0,1,0,99.0,1,1,0,,0,39 59:40.077,,0,75 08:22.772,4,0,0,0,67301,0,0,0,,0,0,0,2,67301,1,,1,1,,,,,0,,0,0,0,3,2,,9999.0,1,2,0,0,2,0,0,3,4,0,2,3,,N,,,,,,,,,,,
2010062258,1813.0,1,0,0,1,0,0,0,0,0,4,0,,67,5,2010,7,39.9895,-75.1689,1812.0,6,0,0,0,0,0,0,0,0,,0,0,0,18.0,1,1,2,,0,39 59:22.375,,0,75 10:07.877,3,0,0,0,67301,1,0,0,,0,0,0,2,67301,0,,1,1,,,,,0,,1,0,0,3,2,,1812.0,1,2,0,0,0,0,0,3,4,0,1,3,,N,,,,,,,,,,,
2010062269,9999.0,1,0,0,0,0,0,0,0,0,4,0,,67,5,2010,5,39.9623,-75.1613,9999.0,6,0,0,0,0,1,0,0,0,,0,0,0,99.0,1,1,1,,0,39 57:44.733,,0,75 09:40.776,4,0,0,0,67301,0,0,0,,0,0,0,3,67301,1,,1,1,,,,,0,,0,0,1,3,2,,9999.0,1,2,0,0,0,0,0,3,4,0,2,3,,N,,,,,,,,,,,
2010044584,729.0,1,0,0,0,0,0,0,0,0,7,0,,67,4,2010,7,40.1215,-75.0118,722.0,6,0,0,0,0,0,0,0,0,,0,0,0,7.0,1,1,2,,0,40 07:17.486,,0,75 00:42.512,4,0,0,0,67301,0,0,0,,0,0,0,1,67301,1,,5,1,,,,,0,,0,0,0,0,0,,720.0,1,1,0,0,1,0,0,3,4,0,1,3,,N,,,,,,,,,,,
2010081639,835.0,2,0,0,0,0,0,0,0,0,4,0,,67,7,2010,3,40.0145,-75.1311,833.0,6,0,0,0,0,0,0,0,0,,0,0,0,8.0,1,2,1,,0,40 00:52.185,,0,75 07:52.121,3,0,0,0,67301,0,0,0,N,0,0,0,4,67301,0,,1,1,,N,N,,0,,2,0,0,3,2,,803.0,2,2,0,0,0,0,0,3,4,0,2,3,,N,,,,,,,,,,,
2010064643,1435.0,1,0,0,0,0,0,0,0,0,4,0,,67,5,2010,3,39.9887,-75.1622,1430.0,6,0,0,0,0,0,1,0,0,,0,0,0,14.0,1,0,1,,0,39 59:19.286,,0,75 09:44.050,0,0,0,0,67301,0,0,0,N,0,0,0,2,67301,0,,1,1,,N,N,,1,,0,0,0,9,2,,1416.0,0,2,0,0,0,0,0,3,4,0,2,3,,N,,,,,,,,,,,
2010082549,1757.0,0,0,0,0,0,0,0,0,0,5,0,,67,8,2010,6,40.0489,-74.9972,1739.0,6,0,0,0,0,0,1,0,0,,0,0,0,17.0,1,0,0,,0,40 02:56.116,,0,74 59:49.478,0,0,0,0,67301,0,0,0,N,0,0,0,1,68K01,0,,1,1,,N,N,,0,,0,0,1,0,0,,1730.0,0,2,0,0,0,0,0,3,4,1,2,3,,N,,,,,,,,,,,
2010050553,1135.0,2,0,0,0,0,0,0,0,0,1,0,,67,5,2010,3,39.9875,-75.2077,1130.0,6,0,0,0,0,0,1,0,0,,0,0,0,11.0,1,1,0,,0,39 59:18.425,,0,75 12:25.647,4,0,0,0,67301,0,0,0,N,0,0,0,3,68K01,1,,1,9,,N,N,,1,,0,0,0,0,0,,1125.0,1,3,0,0,0,0,0,3,4,0,3,7,,N,,,,,,,,,,,
2010129449,742.0,1,0,0,0,0,0,0,0,0,7,0,,67,12,2010,2,39.997,-75.0804,742.0,6,0,0,0,0,0,0,0,0,,0,0,0,7.0,1,0,0,,0,39 59:39.523,,8,75 04:45.883,0,0,0,0,67301,0,0,0,N,0,0,0,1,67501,0,,2,6,,N,N,,0,,0,0,0,0,0,,742.0,0,1,0,0,0,0,0,3,4,0,1,10,,N,,,,,,,,,,,
2010048804,720.0,2,0,0,0,0,0,0,0,0,4,0,,67,4,2010,7,39.8946,-75.2367,714.0,6,0,0,0,0,0,1,0,0,,0,0,0,6.0,1,1,1,,0,39 53:40.603,,0,75 14:12.181,4,0,0,0,67301,0,0,0,N,0,0,0,3,67301,1,,1,1,,N,N,,0,,0,0,1,3,2,,625.0,1,3,0,0,0,0,0,3,4,0,3,3,,N,,,,,,,,,,,
2010057912,259.0,2,0,0,0,0,0,0,0,0,4,0,,67,5,2010,1,39.9773,-75.1982,250.0,6,0,0,0,0,0,0,0,0,1.0,0,0,0,2.0,3,0,1,,1,39 58:38.175,1.0,0,75 11:53.584,9,0,0,0,67301,0,0,0,N,0,0,0,2,67301,0,,1,9,,N,N,,0,,0,0,0,3,4,N,248.0,0,2,0,0,0,0,1,3,4,0,2,7,,N,,,,,,,,,,,
2010032752,1120.0,2,0,0,0,0,0,0,0,0,4,0,,67,3,2010,6,39.9577,-75.1624,1119.0,6,0,0,0,0,0,0,0,0,1.0,0,0,0,11.0,1,1,1,,1,39 57:27.542,3.0,0,75 09:44.544,8,0,0,0,67301,0,0,0,N,0,0,0,2,67301,0,,1,1,,N,N,,0,,0,0,0,3,2,Y,1115.0,1,2,0,0,0,1,0,3,4,0,2,3,,N,,,,,,,,,,,
2010032754,2210.0,2,0,0,0,0,0,0,0,0,4,0,,67,3,2010,7,39.9978,-75.111,2208.0,6,1,0,0,0,0,1,0,0,2.0,0,0,0,22.0,3,1,5,,1,39 59:52.195,2.0,0,75 06:39.459,4,0,0,0,67301,0,0,0,,0,0,0,3,67301,1,,1,9,,,,,0,,0,0,0,3,2,Y,2205.0,1,2,0,0,0,0,0,3,4,0,2,7,,N,,,,,,,,,,,
2010032756,1951.0,1,0,0,0,0,0,0,0,0,4,0,,67,3,2010,6,40.0289,-75.0859,1947.0,6,0,0,0,0,0,0,0,0,2.0,0,0,0,19.0,3,1,1,,1,40 01:43.906,4.0,0,75 05:09.211,4,0,0,0,67301,0,0,0,N,0,0,0,9,67301,1,,1,1,,N,N,,0,,0,0,1,3,3,N,1945.0,1,2,0,0,1,0,0,3,4,0,2,3,,N,,,,,,,,,,,
2010030342,130.0,1,0,0,0,0,0,0,0,0,1,0,,67,2,2010,3,39.951,-75.1774,130.0,6,0,0,0,0,0,0,0,0,,0,0,0,17.0,3,1,1,,0,39 57:03.480,,0,75 10:38.219,4,0,0,0,67301,0,0,0,,0,0,0,2,67301,1,,1,9,,N,,,0,,0,0,1,3,2,,1730.0,1,2,0,0,0,0,1,3,4,0,2,7,,N,,,,,,,,,,,
2010104910,1322.0,1,0,0,0,0,0,0,0,0,6,0,,67,10,2010,6,39.9752,-75.1881,1317.0,6,0,0,0,0,0,0,0,1,9.0,0,0,0,13.0,1,1,1,,1,39 58:30.545,7.0,0,75 11:17.083,8,0,0,0,67301,0,0,0,,0,0,0,3,67301,0,,1,1,,,,,0,,0,0,1,3,2,N,1317.0,1,2,0,0,0,1,0,3,4,0,2,3,,N,,,,,,,,,,,
2010080779,1143.0,0,0,0,0,0,0,0,0,0,7,0,,67,8,2010,5,39.9502,-75.1417,1134.0,6,0,0,0,0,0,0,0,0,2.0,0,0,0,11.0,1,1,0,,1,39 57:00.563,2.0,0,75 08:30.145,8,0,0,0,67301,0,0,0,N,0,0,0,2,68K01,0,,2,1,,N,N,,0,,0,0,1,0,0,Y,1130.0,1,1,0,0,0,1,0,3,4,0,1,3,,N,,,,,,,,,,,
2010034093,1838.0,2,0,0,0,0,0,0,0,0,1,0,,67,3,2010,4,39.8899,-75.2202,1826.0,6,0,0,0,0,0,0,1,0,,0,0,0,18.0,1,0,0,,0,39 53:22.008,,0,75 13:09.956,0,0,0,0,67301,0,0,0,Y,0,0,0,4,68K01,0,,1,1,,N,N,,0,,0,0,0,0,0,,1823.0,0,3,0,0,0,0,0,3,4,1,3,3,,N,,,,,,,,,,,
2010105422,2007.0,2,0,0,0,0,0,0,0,0,1,0,,67,10,2010,7,39.9944,-75.1988,2003.0,6,0,0,0,0,0,0,0,0,1.0,0,0,0,19.0,3,0,0,,2,39 59:42.954,3.0,0,75 11:52.525,0,0,0,0,67301,0,0,0,N,0,0,0,9,68K01,0,,1,1,,N,N,,0,,0,0,1,0,0,N,1959.0,0,3,0,0,0,0,0,3,4,0,3,3,,N,,,,,,,,,,,