CRN,ARRIVAL_TM,AUTOMOBILE_COUNT,BELTED_DEATH_COUNT,BELTED_SUSP_SERIOUS_INJ_COUNT,BICYCLE_COUNT,BICYCLE_DEATH_COUNT,BICYCLE_SUSP_SERIOUS_INJ_COUNT,BUS_COUNT,CHLDPAS_DEATH_COUNT,CHLDPAS_SUSP_SERIOUS_INJ_COUNT,COLLISION_TYPE,COMM_VEH_COUNT,CONS_ZONE_SPD_LIM,COUNTY,CRASH_MONTH,CRASH_YEAR,DAY_OF_WEEK,DEC_LAT,DEC_LONG,DISPATCH_TM,DISTRICT,DRIVER_COUNT_16YR,DRIVER_COUNT_17YR,DRIVER_COUNT_18YR,DRIVER_COUNT_19YR,DRIVER_COUNT_20YR,DRIVER_COUNT_50_64YR,DRIVER_COUNT_65_74YR,DRIVER_COUNT_75PLUS,EST_HRS_CLOSED,FATAL_COUNT,HEAVY_TRUCK_COUNT,HORSE_BUGGY_COUNT,HOUR_OF_DAY,ILLUMINATION,INJURY_COUNT,INTERSECT_TYPE,INTERSECTION_RELATED,LANE_CLOSED,LATITUDE,LN_CLOSE_DIR,LOCATION_TYPE,LONGITUDE,MAX_SEVERITY_LEVEL,MCYCLE_DEATH_COUNT,MCYCLE_SUSP_SERIOUS_INJ_COUNT,MOTORCYCLE_COUNT,MUNICIPALITY,NONMOTR_COUNT,NONMOTR_DEATH_COUNT,NONMOTR_SUSP_SERIOUS_INJ_COUNT,NTFY_HIWY_MAINT,PED_COUNT,PED_DEATH_COUNT,PED_SUSP_SERIOUS_INJ_COUNT,PERSON_COUNT,POLICE_AGCY,POSSIBLE_INJ_COUNT,RDWY_SURF_TYPE_CD,RELATION_TO_ROAD,ROAD_CONDITION,ROADWAY_CLEARED,SCH_BUS_IND,SCH_ZONE_IND,SECONDARY_CRASH,SMALL_TRUCK_COUNT,SPEC_JURIS_CD,SUSP_MINOR_INJ_COUNT,SUSP_SERIOUS_INJ_COUNT,SUV_COUNT,TCD_FUNC_CD,TCD_TYPE,TFC_DETOUR_IND,TIME_OF_DAY,TOT_INJ_COUNT,TOTAL_UNITS,UNB_DEATH_COUNT,UNB_SUSP_SERIOUS_INJ_COUNT,UNBELTED_OCC_COUNT,UNK_INJ_DEG_COUNT,UNK_INJ_PER_COUNT,URBAN_AREA,URBAN_RURAL,VAN_COUNT,VEHICLE_COUNT,WEATHER1,WEATHER2,WORK_ZONE_IND,WORK_ZONE_LOC,WORK_ZONE_TYPE,WORKERS_PRES,WZ_CLOSE_DETOUR,WZ_FLAGGER,WZ_LAW_OFFCR_IND,WZ_LN_CLOSURE,WZ_MOVING,WZ_OTHER,WZ_SHLDER_MDN,WZ_WORKERS_INJ_KILLED
2010097380,1858.0,2,0,0,0,0,0,0,0,0,1,0,,67,9,2010,6,39.9473,-75.1422,1845.0,6,0,0,0,0,0,0,0,0,1.0,0,0,0,18.0,3,1,0,,1,39 56:50.444,2.0,0,75 08:32.048,8,0,0,0,67301,0,0,0,N,0,0,0,4,68K01,0,,1,1,,N,N,,0,,0,0,0,0,0,N,1843.0,1,2,0,0,0,1,0,3,4,0,2,3,,N,,,,,,,,,,,
2010107880,1904.0,1,0,0,0,0,0,0,0,0,1,0,,67,11,2010,3,39.8993,-75.165,1859.0,6,0,0,0,0,0,0,0,0,,0,0,0,18.0,2,1,0,,0,39 54:00.814,,0,75 09:28.186,8,0,0,0,67301,0,0,0,N,0,0,0,2,68K01,0,,1,1,,N,N,,0,,0,0,0,0,0,,1859.0,1,2,0,0,0,1,1,3,4,0,2,3,,N,,,,,,,,,,,
2010113268,20.0,0,0,0,0,0,0,1,0,0,1,1,,67,11,2010,6,40.0082,-75.2032,15.0,6,0,0,0,0,0,0,0,0,,0,0,0,23.0,3,0,0,,0,40 00:29.345,,0,75 12:10.598,0,0,0,0,67301,0,0,0,N,0,0,0,2,68K01,0,,1,1,,N,N,,1,,0,0,0,0,0,,2324.0,0,2,0,0,0,0,0,3,4,0,2,3,,N,,,,,,,,,,,
2010105010,2056.0,2,0,0,0,0,0,0,0,0,1,0,,67,9,2010,4,39.9144,-75.1531,2051.0,6,0,0,0,0,0,0,0,0,,0,0,0,20.0,3,1,2,,0,39 54:51.912,,0,75 09:11.018,4,0,0,0,67301,0,0,0,,0,0,0,3,67301,1,,1,1,,,,,0,,0,0,0,3,2,,2043.0,1,2,0,0,0,0,0,3,4,0,2,3,,N,,,,,,,,,,,
2010113312,845.0,0,0,0,1,0,0,0,0,0,4,0,,67,10,2010,3,40.045,-74.9962,840.0,6,0,0,0,0,0,0,0,0,,0,0,0,99.0,1,1,0,,0,40 02:41.928,,7,74 59:46.834,8,0,0,0,67301,1,0,0,,0,0,0,2,67301,0,,1,9,,,,,0,,0,0,1,0,0,,9999.0,1,2,0,0,0,1,0,3,4,0,1,7,,N,,,,,,,,,,,
2010102524,2130.0,2,0,0,0,0,0,0,0,0,4,0,,67,9,2010,7,40.0108,-75.1266,2127.0,6,0,0,0,0,0,1,0,0,,0,0,0,21.0,3,1,1,,0,40 00:38.808,,0,75 07:35.921,8,0,0,0,67301,0,0,0,,0,0,0,2,67301,0,,1,1,,,,,0,,0,0,0,3,2,,2115.0,1,2,0,0,0,1,0,3,4,0,2,3,,N,,,,,,,,,,,
2010102548,1526.0,2,0,0,0,0,0,0,0,0,1,0,,67,9,2010,7,40.1,-75.0083,1510.0,6,0,0,0,0,0,2,0,0,2.0,0,0,0,15.0,1,4,2,,1,40 05:59.597,1.0,0,75 00:29.385,4,0,0,0,67301,0,0,0,N,0,0,0,4,67301,2,,1,1,,N,N,,0,,0,0,0,3,2,N,1505.0,4,2,0,0,0,2,0,3,4,0,2,3,,N,,,,,,,,,,,
2010058321,2353.0,1,0,0,0,0,0,0,0,0,1,0,45.0,67,6,2010,6,39.8993,-75.1756,2351.0,6,0,0,0,0,0,0,0,0,,0,0,0,23.0,3,0,0,,0,39 53:56.043,,0,75 10:21.475,9,0,0,0,67301,0,0,0,N,0,0,0,3,68K01,0,,1,1,,N,N,,0,,0,0,0,0,0,,2347.0,0,2,0,0,0,0,1,3,4,0,2,3,,Y,2.0,1.0,N,N,N,N,Y,N,N,N,
2010088659,2310.0,3,0,0,0,0,0,0,0,0,4,0,,67,8,2010,1,40.016,-75.0654,2259.0,6,0,0,0,1,0,1,0,0,2.0,0,0,0,22.0,3,0,1,,2,40 00:57.686,1.0,0,75 03:55.403,0,0,0,0,67301,0,0,0,N,0,0,0,5,67301,0,,1,1,,N,N,,0,,0,0,0,3,3,N,2249.0,0,3,0,0,0,0,0,3,4,0,3,3,,N,,,,,,,,,,,
2010046754,1427.0,0,0,0,0,0,0,0,0,0,1,0,,67,5,2010,7,39.981,-75.1036,1410.0,6,0,0,0,0,0,0,0,0,,0,0,0,14.0,1,1,0,,0,39 58:53.305,,0,75 06:08.912,4,0,0,2,67301,0,0,0,N,0,0,0,2,68K01,1,,1,1,,N,N,,0,,0,0,0,0,0,,1407.0,1,2,0,0,0,0,0,3,4,0,2,3,,N,,,,,,,,,,,
2010084157,1630.0,2,0,0,0,0,0,0,0,0,1,0,,67,8,2010,3,40.0882,-75.0346,1624.0,6,0,1,0,0,0,1,0,0,,0,0,0,16.0,1,1,1,,0,40 05:17.708,,0,75 02:04.879,3,0,0,0,67301,0,0,0,N,0,0,0,4,67301,0,,1,1,,N,N,,0,,1,0,2,3,2,,1624.0,1,4,0,0,0,0,0,3,4,0,4,3,,N,,,,,,,,,,,
2010044715,1615.0,1,0,0,0,0,0,0,0,0,4,0,,67,4,2010,7,40.0244,-75.1469,1610.0,6,0,0,0,0,0,1,1,0,,0,0,0,16.0,1,1,1,,0,40 01:27.922,,0,75 08:48.832,4,0,0,0,67301,0,0,0,N,0,0,0,2,67301,1,,1,1,,N,N,,1,,0,0,0,3,2,,1600.0,1,2,0,0,0,0,0,3,4,0,2,3,,N,,,,,,,,,,,
2010044718,1926.0,2,0,0,0,0,0,0,0,0,1,0,,67,4,2010,5,39.8897,-75.2338,1926.0,6,0,0,0,0,0,0,0,0,,0,0,0,19.0,3,3,1,,0,39 53:23.198,,0,75 14:01.809,4,0,0,0,67301,0,0,0,N,0,0,0,4,67301,3,,1,1,,N,N,,0,,0,0,0,3,4,,1923.0,3,2,0,0,0,0,0,3,4,0,2,3,,N,,,,,,,,,,,
2010062077,1830.0,2,0,0,0,0,0,0,0,0,1,0,,67,5,2010,5,39.9301,-75.1464,1823.0,6,0,0,0,0,0,0,1,0,,0,0,0,18.0,1,1,1,,0,39 55:48.388,,0,75 08:47.140,4,0,0,0,67301,0,0,0,N,0,0,0,6,67301,1,,1,1,,N,N,,0,,0,0,0,3,3,,1822.0,1,2,0,0,0,0,0,3,4,0,2,3,,N,,,,,,,,,,,
2010044751,9999.0,2,0,0,0,0,0,0,0,0,1,0,,67,3,2010,5,40.013,-75.1194,9999.0,6,0,0,0,0,0,0,0,0,,0,0,0,18.0,1,2,1,,0,40 00:46.940,,0,75 07:10.109,4,0,0,0,67301,0,0,0,,0,0,0,9,67301,2,,1,1,,N,N,,0,,0,0,0,3,2,,1801.0,2,2,0,0,0,0,0,3,4,0,2,3,,N,,,,,,,,,,,
2010048020,647.0,1,0,0,0,0,0,0,0,0,7,0,,67,5,2010,3,39.9453,-75.1424,642.0,6,0,0,0,0,0,2,0,0,,0,0,0,6.0,1,0,0,,0,39 56:43.538,,0,75 08:32.502,0,0,0,0,67301,0,0,0,N,0,0,0,2,68K01,0,,2,9,,N,N,,0,,0,0,0,0,0,,640.0,0,2,0,0,0,0,0,3,4,1,2,7,,N,,,,,,,,,,,
2010050558,1528.0,2,0,0,0,0,0,0,0,0,1,0,50.0,67,5,2010,4,39.8991,-75.1744,1519.0,6,0,0,0,0,0,0,0,0,1.0,0,0,0,15.0,1,3,0,,2,39 53:55.834,2.0,0,75 10:17.534,4,0,0,0,67301,0,0,0,N,0,0,0,4,68K01,3,,1,1,,N,N,,0,,0,0,0,0,0,N,1515.0,3,2,0,0,0,0,0,3,4,0,2,3,,Y,4.0,1.0,Y,N,N,N,N,Y,N,Y,
2010048789,518.0,3,0,0,0,0,0,0,0,0,4,0,,67,4,2010,6,39.9271,-75.1669,514.0,6,0,0,0,0,0,0,0,0,3.0,0,0,0,5.0,3,1,0,,2,39 55:37.725,1.0,0,75 10:00.822,4,0,0,0,67301,0,0,0,N,0,0,0,1,67301,1,,1,1,,N,N,,0,,0,0,0,0,0,Y,513.0,1,3,0,0,0,0,0,3,4,0,3,3,,N,,,,,,,,,,,
2010048799,1528.0,1,0,0,0,0,0,0,0,0,5,1,,67,4,2010,2,39.9346,-75.1605,1523.0,6,0,0,0,0,0,0,0,0,,0,1,0,15.0,1,1,0,,0,39 56:04.445,,0,75 09:37.951,4,0,0,0,67301,0,0,0,N,0,0,0,2,67301,1,,6,1,,N,N,,0,,0,0,0,0,0,,1510.0,1,2,0,0,1,0,0,3,4,0,2,3,,N,,,,,,,,,,,
2010060291,2205.0,0,0,0,0,0,0,0,0,0,5,0,,67,5,2010,2,39.9421,-75.2387,2205.0,6,0,0,0,0,0,0,0,0,,0,0,0,20.0,3,4,2,,0,39 56:31.636,,0,75 14:19.356,4,0,0,0,67301,0,0,0,N,0,0,0,6,67301,4,,1,1,,N,N,,0,,0,0,1,3,3,,2054.0,4,2,0,0,0,0,0,3,4,0,2,3,,N,,,,,,,,,,,
2010073002,124.0,1,0,0,0,0,0,0,0,0,7,0,25.0,67,7,2010,1,40.0248,-75.031,115.0,6,0,0,0,0,0,0,0,0,,0,0,0,1.0,3,0,2,,0,40 01:29.065,,0,75 01:51.302,0,0,0,0,67301,0,0,0,N,0,0,0,1,68K01,0,,5,1,,N,N,,0,,0,0,0,0,0,,114.0,0,1,0,0,0,0,0,3,4,0,1,3,,Y,4.0,1.0,N,N,N,N,N,Y,N,N,
2010039250,523.0,3,0,0,0,0,0,0,0,0,4,0,,67,3,2010,1,39.9223,-75.1869,522.0,6,0,0,0,0,0,0,0,0,,0,0,0,5.0,3,0,0,,0,39 55:20.405,,7,75 11:12.094,0,0,0,0,67301,0,0,0,N,0,0,0,1,67301,0,,5,9,,N,N,,0,,0,0,0,0,0,,521.0,0,3,0,0,0,0,0,3,4,0,3,7,,N,,,,,,,,,,,
2010075883,457.0,3,0,0,0,0,0,0,0,0,6,0,,67,7,2010,2,39.9374,-75.2306,456.0,6,0,0,0,0,0,0,0,0,1.0,0,0,0,4.0,5,0,0,,1,39 56:14.690,2.0,0,75 13:50.070,0,0,0,0,67301,0,0,0,N,0,0,0,1,67301,0,,2,1,,N,N,,1,,0,0,0,0,0,N,456.0,0,4,0,0,0,0,0,3,4,0,4,3,,N,,,,,,,,,,,
2010075888,1923.0,2,0,0,0,0,0,0,0,0,1,0,,67,7,2010,6,39.9595,-75.162,1910.0,6,0,0,0,0,0,1,0,0,,0,0,0,19.0,4,0,1,,0,39 57:34.154,,0,75 09:43.529,0,0,0,0,67301,0,0,0,N,0,0,0,2,67301,0,,1,9,,N,N,,0,,0,0,0,3,2,,1910.0,0,2,0,0,0,0,0,3,4,0,2,7,,N,,,,,,,,,,,
2010075889,55.0,1,0,0,0,0,0,0,0,0,4,0,,67,7,2010,1,40.0186,-75.1831,50.0,6,0,0,0,0,0,0,0,0,2.0,0,0,0,0.0,3,3,1,,1,40 01:06.992,3.0,0,75 10:59.131,8,0,0,0,67301,0,0,0,,0,0,0,3,67301,0,,1,1,,,,,1,,0,0,0,3,3,N,40.0,3,2,0,0,0,3,0,3,4,0,2,3,,N,,,,,,,,,,,
2010075912,1327.0,1,0,0,0,0,0,0,0,0,1,0,,67,7,2010,3,39.9328,-75.1864,1325.0,6,0,0,0,0,0,1,0,0,,0,0,0,13.0,1,1,0,,0,39 55:58.058,,0,75 11:11.130,4,0,0,0,67301,0,0,0,,0,0,0,4,67301,1,,1,1,,,,,0,,0,0,1,0,0,,1324.0,1,2,0,0,0,0,0,3,4,0,2,3,,N,,,,,,,,,,,
2010032755,40.0,1,0,0,1,0,0,0,0,0,4,0,,67,2,2010,3,39.9631,-75.2242,35.0,6,0,0,0,0,0,0,0,0,,0,0,0,23.0,3,1,1,,0,39 57:47.035,,0,75 13:27.223,3,0,0,0,67301,1,0,0,,0,0,0,2,67301,0,,1,9,,N,N,,0,,1,0,0,3,2,,2335.0,1,2,0,0,0,0,1,3,4,0,1,7,,N,,,,,,,,,,,
2010032774,1423.0,1,0,0,0,0,0,0,0,0,7,0,,67,2,2010,6,39.9855,-75.1375,1421.0,6,0,0,0,0,0,0,0,0,,0,0,0,14.0,1,1,1,,0,39 59:07.763,,0,75 08:14.829,8,0,0,0,67301,0,0,0,N,0,0,0,1,67301,0,,5,6,,N,N,,0,,0,0,0,3,3,,1400.0,1,1,0,0,0,1,0,3,4,0,1,10,,N,,,,,,,,,,,
2010032808,1018.0,3,0,0,0,0,0,0,0,0,1,0,,67,3,2010,7,40.0058,-75.0964,1016.0,6,0,0,0,0,0,0,0,0,,0,0,0,10.0,1,0,1,,0,40 00:21.041,,0,75 05:47.026,0,0,0,0,67301,0,0,0,N,0,0,0,10,67301,0,,1,9,,N,N,,0,,0,0,0,3,2,,1015.0,0,3,0,0,1,0,0,3,4,0,3,7,,N,,,,,,,,,,,
2010104949,9999.0,1,0,0,0,0,0,0,0,0,7,0,,67,9,2010,2,40.0086,-75.0687,9999.0,6,0,0,0,0,0,0,0,0,,0,0,0,23.0,3,1,0,,0,40 00:31.101,,0,75 04:07.292,8,0,0,0,67301,0,0,0,,0,0,0,1,67301,0,,4,9,,,Y,,0,,0,0,0,0,0,,2300.0,1,1,0,0,0,1,0,3,4,0,1,7,,N,,,,,,,,,,,
2010099796,1315.0,4,0,0,0,0,0,0,0,0,4,0,,67,8,2010,1,40.0624,-75.0282,1307.0,6,0,0,0,0,0,1,0,0,,0,0,0,13.0,1,1,0,,0,40 03:44.780,,7,75 01:41.455,8,0,0,0,67301,0,0,0,,0,0,0,4,67301,0,,1,1,,,,,0,,0,0,0,0,0,,1305.0,1,4,0,0,0,1,0,3,4,0,4,3,,N,,,,,,,,,,,
2010099819,1035.0,1,0,0,0,0,0,0,0,0,8,0,,67,9,2010,3,40.0341,-75.1765,1030.0,6,0,0,0,0,0,1,0,0,,0,0,0,10.0,1,1,1,,0,40 02:02.652,,0,75 10:35.500,8,0,0,0,67301,1,0,0,,1,0,0,2,67301,0,,1,1,,,,,0,,0,0,0,3,2,,1025.0,1,2,0,0,0,1,0,3,4,0,1,3,,N,,,,,,,,,,,
2010089214,2326.0,2,0,0,0,0,0,0,0,0,7,0,,67,9,2010,6,39.9317,-75.1997,2326.0,6,0,0,0,0,0,1,0,0,,0,0,0,23.0,3,0,0,,0,39 55:56.401,,0,75 11:59.962,9,0,0,0,67301,0,0,0,N,0,0,0,3,68K01,0,,3,9,,N,N,,0,,0,0,0,0,0,,2317.0,0,2,0,0,0,0,1,3,4,0,2,7,,N,,,,,,,,,,,
2010089305,1434.0,0,0,0,0,0,0,0,0,0,4,0,,67,9,2010,7,40.0619,-75.1367,1432.0,6,0,0,0,0,0,0,0,0,,0,0,0,14.0,1,1,1,,0,40 03:42.622,,0,75 08:12.011,8,0,0,0,67301,0,0,0,N,0,0,0,3,46102,0,,1,1,,N,N,,0,,0,0,2,3,2,,1431.0,1,2,0,0,0,1,0,3,4,0,2,3,,N,,,,,,,,,,,
2010118421,1935.0,2,0,0,0,0,0,0,0,0,4,0,,67,11,2010,4,40.0289,-75.1006,1924.0,6,0,0,0,0,0,0,0,0,1.0,0,0,0,19.0,4,3,0,,2,40 01:44.261,2.0,6,75 06:02.382,4,0,0,0,67301,0,0,0,N,0,0,0,4,67301,3,,1,1,,N,N,,1,,0,0,0,3,2,Y,1915.0,3,3,0,0,0,0,0,3,4,0,3,3,,N,,,,,,,,,,,
2010118430,26.0,2,0,0,0,0,0,0,0,0,5,0,,67,10,2010,2,40.0046,-75.1494,2353.0,6,0,0,0,0,0,0,0,0,,0,0,0,23.0,3,1,0,,0,40 00:16.563,,0,75 08:57.721,8,0,0,0,67301,0,0,0,,0,0,0,3,67301,0,,1,9,,,,,0,,0,0,0,0,0,,2350.0,1,2,0,0,1,1,1,3,4,0,2,7,,N,,,,,,,,,,,
2010034126,2329.0,1,0,0,0,0,0,0,0,0,2,0,,67,2,2010,5,40.0207,-75.1264,2324.0,6,0,0,0,0,0,0,0,1,9.0,0,0,0,23.0,3,2,0,,2,40 01:14.365,1.0,0,75 07:34.918,4,0,0,0,67301,0,0,0,,0,0,0,2,67301,1,,1,1,,,,,1,,0,0,0,0,0,Y,2320.0,2,2,0,0,0,1,0,3,4,0,2,3,,N,,,,,,,,,,,
2010093470,1507.0,1,0,0,0,0,0,0,0,0,7,0,,67,9,2010,1,40.0074,-75.0728,1447.0,6,0,0,0,0,0,1,0,0,,0,0,0,14.0,1,2,0,,0,40 00:26.297,,0,75 04:22.514,8,0,0,0,67301,0,0,0,N,0,0,0,2,68K01,0,,2,1,,N,N,,0,,0,0,0,0,0,,1445.0,2,1,0,0,0,2,0,3,4,0,1,3,,N,,,,,,,,,,,
2010088872,1855.0,1,0,0,0,0,0,0,0,0,7,0,,67,8,2010,1,39.9198,-75.2019,1851.0,6,0,0,0,0,1,0,0,0,1.0,0,0,0,18.0,1,0,0,,1,39 55:11.085,3.0,3,75 12:07.045,0,0,0,0,67301,0,0,0,N,0,0,0,1,67301,0,,1,9,,N,N,,0,,0,0,0,0,0,N,1851.0,0,1,0,0,0,0,0,3,4,0,1,7,,N,,,,,,,,,,,
2010099667,1355.0,2,0,0,0,0,0,0,0,0,4,0,,67,9,2010,4,40.0688,-75.0302,1343.0,6,0,0,0,0,1,0,0,0,,0,0,0,13.0,1,1,2,,0,40 04:07.747,,0,75 01:48.695,4,0,0,0,67301,0,0,0,N,0,0,0,2,67301,1,,1,1,,N,N,,0,,0,0,0,3,3,,1335.0,1,2,0,0,0,0,0,3,4,0,2,3,,N,,,,,,,,,,,
2010102950,1851.0,1,0,0,0,0,0,0,0,0,1,0,,67,9,2010,2,40.0877,-75.2145,1841.0,6,0,0,0,0,0,1,0,0,,0,0,0,18.0,1,1,0,,0,40 05:15.579,,0,75 12:52.268,8,0,0,0,67301,0,0,0,N,0,0,0,3,67301,0,,1,1,,N,N,,0,,0,0,1,0,0,,1808.0,1,2,0,0,0,1,0,3,4,0,2,3,,N,,,,,,,,,,,
2010102952,1557.0,1,0,0,0,0,0,0,0,0,7,0,,67,9,2010,1,39.9547,-75.1944,1557.0,6,0,0,0,0,0,0,0,0,,0,0,0,15.0,1,1,1,,0,39 57:16.822,,0,75 11:40.080,4,0,0,0,67301,1,0,0,N,1,0,0,2,67301,1,,4,1,,N,N,,0,,0,0,0,1,2,,1557.0,1,3,0,0,1,0,0,3,4,0,1,3,,N,,,,,,,,,,,
2010102980,153.0,1,0,0,0,0,0,0,0,0,7,0,,67,9,2010,7,40.105,-75.0017,148.0,6,0,0,0,0,1,0,0,0,1.0,0,0,0,1.0,3,1,2,,1,40 06:17.944,2.0,0,75 00:06.135,8,0,0,0,67301,0,0,0,N,0,0,0,2,67301,0,,5,1,,N,N,,0,,0,0,0,3,2,Y,148.0,1,1,0,0,0,1,0,3,4,0,1,3,,N,,,,,,,,,,,
2010105668,1035.0,1,0,0,0,0,0,0,0,0,7,0,,67,9,2010,2,39.9776,-75.1938,1030.0,6,0,0,0,0,0,0,1,0,1.0,0,0,0,10.0,1,0,0,,2,39 58:39.264,1.0,0,75 11:37.694,0,0,0,0,67301,0,0,0,N,0,0,0,1,67301,0,,2,9,,N,N,,0,,0,0,0,0,0,N,1030.0,0,1,0,0,0,0,0,3,4,0,1,7,,N,,,,,,,,,,,
2010103026,2230.0,1,0,0,1,0,0,0,0,0,4,0,,67,9,2010,6,39.9538,-75.1595,2230.0,6,0,0,0,0,0,0,0,0,,0,0,0,22.0,2,1,0,,0,39 57:13.827,,0,75 09:34.077,4,0,0,0,67301,1,0,0,,0,0,0,2,67301,1,,1,1,,,,,0,,0,0,0,3,2,,2227.0,1,2,0,0,0,0,0,3,4,0,1,3,,N,,,,,,,,,,,
2010103031,100.0,2,0,0,0,0,0,0,0,0,2,0,,67,9,2010,4,40.0086,-75.0688,57.0,6,0,0,0,0,0,0,0,0,,0,0,0,0.0,3,1,2,,0,40 00:31.197,,0,75 04:08.216,8,0,0,0,67301,0,0,0,N,0,0,0,3,67301,0,,9,1,,N,N,,0,,0,0,0,3,2,,56.0,1,2,0,0,0,1,1,3,4,0,2,3,,N,,,,,,,,,,,
2010103037,1000.0,1,0,0,0,0,0,0,0,0,2,0,,67,9,2010,5,39.9704,-75.2172,956.0,6,0,0,0,0,0,2,0,0,,0,0,0,9.0,1,2,1,,0,39 58:13.317,,0,75 13:01.912,8,0,0,0,67301,0,0,0,N,0,0,0,3,67301,0,,1,1,,N,N,,0,,0,0,0,3,2,,956.0,2,2,0,0,0,2,1,3,4,1,2,3,,N,,,,,,,,,,,
2010103070,1300.0,1,0,0,0,0,0,0,0,0,8,0,,67,9,2010,1,39.9181,-75.2301,1251.0,6,0,0,0,0,0,0,0,0,,0,0,0,2.0,3,1,1,,0,39 55:05.149,,0,75 13:48.442,3,0,0,0,67301,1,0,0,N,1,0,0,2,67301,0,,1,1,,N,N,,0,,1,0,0,3,3,,200.0,1,2,0,0,0,0,1,3,4,0,1,3,,N,,,,,,,,,,,
2010117891,550.0,2,0,0,0,0,0,0,0,0,4,0,,67,10,2010,3,39.8931,-75.2359,544.0,6,0,0,0,0,0,1,0,0,,0,0,0,5.0,3,1,2,,0,39 53:34.421,,2,75 14:07.898,8,0,0,0,67301,0,0,0,,0,0,0,2,67301,0,,1,1,,,,,0,,0,0,0,3,2,,530.0,1,2,0,0,0,1,0,3,4,0,2,3,,N,,,,,,,,,,,
2010109079,1910.0,1,0,0,0,0,0,1,0,0,4,1,,67,11,2010,7,40.028,-75.11,1906.0,6,0,0,0,0,0,1,0,0,3.0,0,0,0,19.0,3,1,1,,1,40 01:40.946,2.0,0,75 06:36.204,4,0,0,0,67301,0,0,0,N,0,0,0,57,67301,1,,1,1,,N,N,,0,,0,0,0,3,2,N,1905.0,1,2,0,0,0,0,0,3,4,0,2,3,,N,,,,,,,,,,,
2010112421,800.0,2,0,0,0,0,0,0,0,0,4,0,,67,10,2010,6,39.9383,-75.1986,755.0,6,0,0,0,0,0,0,0,0,,0,0,0,7.0,1,1,1,,0,39 56:18.878,,0,75 11:54.439,3,0,0,0,67301,0,0,0,N,0,0,0,2,67301,0,,1,9,,N,N,,0,,1,0,0,3,2,,710.0,1,2,0,0,0,0,0,3,4,0,2,7,,N,,,,,,,,,,,
2010112457,9999.0,0,0,0,0,0,0,0,0,0,8,0,,67,10,2010,6,39.9956,-75.1725,1845.0,6,1,0,0,0,0,0,0,0,,0,0,0,18.0,1,1,1,,0,39 59:44.160,,0,75 10:20.924,8,0,0,1,67301,1,0,0,,1,0,0,2,67301,0,,4,1,,N,N,,0,,0,0,0,3,3,,1845.0,1,2,0,0,0,1,0,3,4,0,1,3,,N,,,,,,,,,,,
2010074848,830.0,1,0,0,0,0,0,0,0,0,2,0,,67,7,2010,3,40.0868,-74.9718,826.0,6,0,0,0,0,0,1,0,0,,0,0,0,8.0,1,0,1,,0,40 05:12.438,,0,74 58:18.635,0,0,0,0,67301,0,0,0,N,0,0,0,3,67301,0,,1,1,,N,N,,0,,0,0,1,3,2,,830.0,0,2,0,0,0,0,0,3,4,0,2,99,,N,,,,,,,,,,,
2010074867,1745.0,0,0,0,0,0,0,0,0,0,1,0,,67,7,2010,1,40.1199,-75.0092,1745.0,6,0,0,0,0,0,0,0,0,,0,0,0,17.0,1,0,0,,0,40 07:11.804,,0,75 00:32.985,0,0,0,0,67301,0,0,0,,0,0,0,2,67301,0,,1,1,,N,N,,1,,0,0,1,0,0,,1745.0,0,2,0,0,0,0,0,3,4,0,2,3,,N,,,,,,,,,,,
2010074869,1700.0,1,0,0,0,0,0,0,0,0,1,0,,67,7,2010,7,40.0406,-75.1515,1653.0,6,0,0,0,0,0,1,0,0,,0,0,0,15.0,1,1,1,,0,40 02:26.209,,0,75 09:05.426,4,0,0,0,67301,0,0,0,N,0,0,0,3,67301,1,,1,1,,N,N,,0,,0,0,1,3,2,,1550.0,1,2,0,0,0,0,0,3,4,0,2,3,,N,,,,,,,,,,,
2010045276,1531.0,1,0,0,0,0,0,0,0,0,7,0,,67,5,2010,1,39.9984,-75.1958,1524.0,6,0,0,0,0,0,1,0,0,2.0,0,0,0,15.0,1,1,0,,2,39 59:56.244,3.0,0,75 11:44.113,3,0,0,0,67301,0,0,0,N,0,0,0,1,68K01,0,,2,1,,N,N,,0,,1,0,0,0,0,N,1523.0,1,1,0,0,0,0,0,3,4,0,1,3,,N,,,,,,,,,,,
2010045925,1154.0,1,0,0,0,0,0,0,0,0,1,0,,67,4,2010,1,39.9993,-75.0813,1142.0,6,0,0,0,0,0,0,0,0,2.0,0,0,0,11.0,1,2,0,,2,40 00:00.466,1.0,2,75 04:49.496,2,0,0,0,67301,0,0,0,N,0,0,0,3,68K01,1,,2,1,,N,N,,0,,0,1,1,0,0,Y,1142.0,2,2,0,1,1,0,0,3,4,0,2,3,,N,,,,,,,,,,,
2010062021,1800.0,1,0,0,0,0,0,0,0,0,1,0,,67,5,2010,1,40.0119,-75.2049,1755.0,6,0,0,0,0,0,0,0,0,1.0,0,0,0,17.0,1,1,7,,1,40 00:39.639,1.0,8,75 12:22.116,4,0,0,0,67301,0,0,0,N,0,0,0,6,67301,1,,1,1,,N,N,,1,,0,0,0,0,0,N,1750.0,1,2,0,0,0,0,0,3,4,0,2,3,,N,,,,,,,,,,,
2010084160,2034.0,1,0,0,0,0,0,0,0,0,7,0,,67,7,2010,1,39.9519,-75.1433,2030.0,6,0,0,0,0,0,0,0,0,,0,0,0,20.0,4,0,1,,0,39 57:06.953,,0,75 08:35.865,0,0,0,0,67301,0,0,0,,0,0,0,3,67301,0,,4,1,,,,,0,,0,0,0,3,2,,2030.0,0,1,0,0,0,0,0,3,4,0,1,3,,N,,,,,,,,,,,