CRN,ARRIVAL_TM,AUTOMOBILE_COUNT,BELTED_DEATH_COUNT,BELTED_SUSP_SERIOUS_INJ_COUNT,BICYCLE_COUNT,BICYCLE_DEATH_COUNT,BICYCLE_SUSP_SERIOUS_INJ_COUNT,BUS_COUNT,CHLDPAS_DEATH_COUNT,CHLDPAS_SUSP_SERIOUS_INJ_COUNT,COLLISION_TYPE,COMM_VEH_COUNT,CONS_ZONE_SPD_LIM,COUNTY,CRASH_MONTH,CRASH_YEAR,DAY_OF_WEEK,DEC_LAT,DEC_LONG,DISPATCH_TM,DISTRICT,DRIVER_COUNT_16YR,DRIVER_COUNT_17YR,DRIVER_COUNT_18YR,DRIVER_COUNT_19YR,DRIVER_COUNT_20YR,DRIVER_COUNT_50_64YR,DRIVER_COUNT_65_74YR,DRIVER_COUNT_75PLUS,EST_HRS_CLOSED,FATAL_COUNT,HEAVY_TRUCK_COUNT,HORSE_BUGGY_COUNT,HOUR_OF_DAY,ILLUMINATION,INJURY_COUNT,INTERSECT_TYPE,INTERSECTION_RELATED,LANE_CLOSED,LATITUDE,LN_CLOSE_DIR,LOCATION_TYPE,LONGITUDE,MAX_SEVERITY_LEVEL,MCYCLE_DEATH_COUNT,MCYCLE_SUSP_SERIOUS_INJ_COUNT,MOTORCYCLE_COUNT,MUNICIPALITY,NONMOTR_COUNT,NONMOTR_DEATH_COUNT,NONMOTR_SUSP_SERIOUS_INJ_COUNT,NTFY_HIWY_MAINT,PED_COUNT,PED_DEATH_COUNT,PED_SUSP_SERIOUS_INJ_COUNT,PERSON_COUNT,POLICE_AGCY,POSSIBLE_INJ_COUNT,RDWY_SURF_TYPE_CD,RELATION_TO_ROAD,ROAD_CONDITION,ROADWAY_CLEARED,SCH_BUS_IND,SCH_ZONE_IND,SECONDARY_CRASH,SMALL_TRUCK_COUNT,SPEC_JURIS_CD,SUSP_MINOR_INJ_COUNT,SUSP_SERIOUS_INJ_COUNT,SUV_COUNT,TCD_FUNC_CD,TCD_TYPE,TFC_DETOUR_IND,TIME_OF_DAY,TOT_INJ_COUNT,TOTAL_UNITS,UNB_DEATH_COUNT,UNB_SUSP_SERIOUS_INJ_COUNT,UNBELTED_OCC_COUNT,UNK_INJ_DEG_COUNT,UNK_INJ_PER_COUNT,URBAN_AREA,URBAN_RURAL,VAN_COUNT,VEHICLE_COUNT,WEATHER1,WEATHER2,WORK_ZONE_IND,WORK_ZONE_LOC,WORK_ZONE_TYPE,WORKERS_PRES,WZ_CLOSE_DETOUR,WZ_FLAGGER,WZ_LAW_OFFCR_IND,WZ_LN_CLOSURE,WZ_MOVING,WZ_OTHER,WZ_SHLDER_MDN,WZ_WORKERS_INJ_KILLED
2010044501,1249.0,1,0,0,0,0,0,0,0,0,8,0,,67,4,2010,7,39.9238,-75.165,1247.0,6,0,0,0,0,0,0,0,1,,0,0,0,12.0,1,1,0,,0,39 55:24.297,,0,75 09:44.000,4,0,0,0,67301,1,0,0,N,1,0,0,2,67301,1,,1,1,,N,N,,0,,0,0,0,0,0,,1246.0,1,2,0,0,0,0,0,3,4,0,1,3,,N,,,,,,,,,,,
2010052292,1335.0,1,0,0,0,0,0,0,0,0,4,0,,67,5,2010,7,39.9466,-75.162,1331.0,6,0,0,0,0,0,1,0,0,,0,0,0,13.0,1,1,0,,0,39 56:47.842,,0,75 09:43.178,4,0,0,0,67301,0,0,0,,0,0,0,4,67301,1,,1,1,,N,N,,1,,0,0,0,0,0,,1325.0,1,2,0,0,0,0,0,3,4,0,2,3,,N,,,,,,,,,,,
2010052332,2314.0,2,0,0,0,0,0,0,0,0,4,0,,67,5,2010,7,40.0419,-75.1058,2310.0,6,0,0,1,0,0,0,0,0,,0,0,0,23.0,3,2,1,,0,40 02:30.866,,0,75 06:21.003,4,0,0,0,67301,0,0,0,N,0,0,0,2,67301,2,,1,1,,N,N,,0,,0,0,0,3,3,,2310.0,2,2,0,0,0,0,0,3,4,0,2,3,,N,,,,,,,,,,,
2010052405,1835.0,3,0,0,0,0,0,0,0,0,1,0,,67,5,2010,2,39.9715,-75.2159,1830.0,6,0,0,0,0,0,0,0,0,,0,0,0,18.0,1,1,0,,0,39 58:17.462,,0,75 12:57.343,8,0,0,0,67301,0,0,0,N,0,0,0,3,67301,0,,1,1,,N,N,,0,,0,0,0,0,0,,1806.0,1,3,0,0,0,1,2,3,4,0,3,3,,N,,,,,,,,,,,
2010052421,1838.0,1,0,0,0,0,0,0,0,0,8,0,,67,5,2010,1,40.0392,-75.11,1833.0,6,0,0,0,0,0,0,0,0,2.0,0,0,0,18.0,1,1,1,,1,40 02:20.942,2.0,0,75 06:36.006,3,0,0,0,67301,1,0,0,N,1,0,0,2,67301,0,,1,1,,N,N,,0,,1,0,0,3,2,Y,1830.0,1,2,0,0,0,0,0,3,4,0,1,3,,N,,,,,,,,,,,
2010046996,347.0,8,0,0,0,0,0,0,0,0,7,0,,67,3,2010,7,40.0565,-75.0464,347.0,6,0,0,0,0,0,0,0,0,9.0,0,0,0,3.0,3,2,0,,2,40 03:23.227,1.0,0,75 02:47.163,8,0,0,0,67301,0,0,0,N,0,0,0,2,67301,0,,5,1,,N,N,,1,,0,0,0,0,0,Y,347.0,2,9,0,0,0,2,0,3,4,0,9,3,,N,,,,,,,,,,,
2010062241,1504.0,2,0,0,0,0,0,0,0,0,1,0,,67,5,2010,2,40.0677,-75.0087,1456.0,6,0,0,0,0,0,1,0,0,,0,0,0,14.0,1,2,0,,0,40 04:03.826,,0,75 00:31.263,3,0,0,0,67301,0,0,0,,0,0,0,4,67301,0,,1,1,,N,N,,0,,2,0,0,3,2,,1428.0,2,2,0,0,0,0,0,3,4,0,2,3,,N,,,,,,,,,,,
2010081255,1907.0,2,0,0,0,0,0,0,0,0,1,0,,67,8,2010,4,40.055,-74.9851,1857.0,6,0,0,0,0,1,0,0,0,,0,0,0,18.0,1,0,0,,0,40 03:17.788,,0,74 59:06.537,0,0,0,0,67301,0,0,0,N,0,0,0,2,68K01,0,,1,1,,N,N,,0,,0,0,0,0,0,,1841.0,0,2,0,0,0,0,0,3,4,0,2,3,,N,,,,,,,,,,,
2010044557,610.0,1,0,0,1,0,0,0,0,0,4,0,,67,4,2010,5,40.0363,-75.2366,600.0,6,0,0,0,0,0,1,0,0,,0,0,0,6.0,1,1,2,,0,40 02:10.579,,0,75 14:11.882,8,0,0,0,67301,1,0,0,,0,0,0,2,67301,0,,1,1,,N,N,,0,,0,0,0,0,0,,600.0,1,2,0,0,0,1,0,3,4,0,1,3,,N,,,,,,,,,,,
2010062260,1324.0,0,0,0,0,0,0,0,0,0,8,0,,67,6,2010,4,39.9967,-75.1798,1322.0,6,0,0,0,0,0,0,0,0,,0,0,0,13.0,1,1,0,,0,39 59:48.296,,0,75 10:47.362,3,0,0,0,67301,1,0,0,,1,0,0,2,67301,0,,1,1,,,,,1,,1,0,0,0,0,,1304.0,1,2,0,0,0,0,0,3,4,0,1,3,,N,,,,,,,,,,,
2010044603,9999.0,2,0,0,0,0,0,0,0,0,4,0,,67,4,2010,6,40.0096,-75.1536,9999.0,6,0,0,0,0,0,0,0,0,,0,0,0,99.0,3,1,1,,0,40 00:34.382,,0,75 09:12.737,4,0,0,0,67301,0,0,0,N,0,0,0,2,67301,1,,1,1,,N,N,,0,,0,0,0,3,3,,9999.0,1,2,0,0,0,0,0,3,4,0,2,3,,N,,,,,,,,,,,
2010044629,1440.0,1,0,0,0,0,0,0,0,0,5,0,,67,2,2010,3,40.0039,-75.2207,1431.0,6,0,0,0,0,0,0,1,0,,0,0,0,14.0,1,1,1,,0,40 00:14.091,,0,75 13:14.544,8,0,0,0,67301,0,0,0,,0,0,0,2,67301,0,,1,9,,,,,1,,0,0,0,3,2,,1429.0,1,2,0,0,0,1,0,3,4,0,2,7,,N,,,,,,,,,,,
2010062311,1008.0,2,0,0,0,0,0,0,0,0,1,0,,67,6,2010,6,40.0567,-75.1605,1005.0,6,0,0,0,0,1,0,0,0,,0,0,0,10.0,1,1,0,,0,40 03:24.032,,0,75 09:37.654,4,0,0,0,67301,0,0,0,N,0,0,0,3,67301,1,,1,1,,N,N,,0,,0,0,0,3,2,,1000.0,1,2,0,0,0,0,0,3,4,0,2,3,,N,,,,,,,,,,,
2010084156,2025.0,1,0,0,0,0,0,0,0,0,7,0,,67,7,2010,2,39.9237,-75.1917,2020.0,6,0,0,0,0,0,1,0,0,,0,0,0,20.0,3,1,0,,0,39 55:25.243,,0,75 11:30.125,8,0,0,0,67301,0,0,0,N,0,0,0,1,67301,0,,5,9,,N,N,,0,,0,0,0,0,0,,2015.0,1,1,0,0,0,1,0,3,4,0,1,7,,N,,,,,,,,,,,
2010044876,133.0,2,0,0,0,0,0,1,0,0,1,1,,67,3,2010,7,40.0044,-75.128,127.0,6,0,0,0,0,0,0,0,0,,0,0,0,22.0,3,1,0,,0,40 00:15.822,,0,75 07:40.832,8,0,0,0,67301,0,0,0,N,0,0,0,4,67301,0,,1,1,,N,N,,0,,0,0,0,3,2,,2200.0,1,3,0,0,0,1,0,3,4,0,3,3,,N,,,,,,,,,,,
2010084578,1036.0,3,0,0,0,0,0,0,0,0,5,0,,67,7,2010,6,40.0206,-75.1802,1036.0,6,0,0,0,0,0,1,0,0,3.0,0,0,0,10.0,1,0,0,,2,40 01:14.207,3.0,0,75 10:48.602,0,0,0,0,67301,0,0,0,N,0,0,0,2,67301,0,,6,1,,N,N,,0,,0,0,0,0,0,N,1016.0,0,3,0,0,0,0,0,3,4,0,3,3,,N,,,,,,,,,,,
2010082133,1115.0,0,0,0,0,0,0,1,0,0,8,1,,67,7,2010,6,40.0456,-75.1285,1115.0,6,0,0,0,0,0,0,0,0,1.0,0,0,0,11.0,1,2,1,,1,40 02:44.254,4.0,0,75 07:42.459,4,0,0,0,67301,1,0,0,N,1,0,0,3,67301,2,,1,1,,N,N,,0,,0,0,0,3,2,N,1112.0,2,2,0,0,0,0,0,3,4,0,1,3,,N,,,,,,,,,,,
2010065935,1624.0,1,0,0,0,0,0,0,0,0,7,0,,67,7,2010,7,39.9105,-75.1494,1615.0,6,0,0,0,0,1,0,0,0,,0,0,0,16.0,1,2,0,,0,39 54:40.448,,8,75 08:54.560,4,0,0,0,67301,0,0,0,N,0,0,0,5,68K01,2,,2,1,,N,N,,0,,0,0,0,0,0,,1612.0,2,1,0,0,0,0,0,3,4,0,1,3,,N,,,,,,,,,,,
2010060278,1143.0,1,0,0,0,0,0,0,0,0,8,0,,67,5,2010,1,40.0434,-75.1912,1121.0,6,0,0,0,0,0,0,0,0,,0,0,0,11.0,1,1,2,,0,40 02:36.261,,0,75 11:28.345,4,0,0,0,67301,1,0,0,N,1,0,0,2,67301,1,,1,1,,N,N,,0,,0,0,0,3,2,,1116.0,1,2,0,0,0,0,0,3,4,0,1,3,,N,,,,,,,,,,,
2010057896,2008.0,1,0,0,0,0,0,0,0,0,4,0,,67,5,2010,4,39.9533,-75.2053,2003.0,6,0,0,0,0,0,0,0,0,,0,0,0,20.0,1,2,1,,0,39 57:11.818,,0,75 12:19.202,8,0,0,0,67301,0,0,0,N,0,0,0,2,67504,0,,1,1,,N,N,,0,,0,0,1,3,3,,2000.0,2,2,0,0,0,2,0,3,4,0,2,3,,N,,,,,,,,,,,
2010073005,1632.0,1,0,0,0,0,0,0,0,0,1,0,,67,7,2010,6,39.9574,-75.1471,1631.0,6,0,0,0,0,0,0,1,0,,0,0,0,16.0,1,1,0,,0,39 57:27.352,,0,75 08:53.682,8,0,0,0,67301,0,0,0,N,0,0,0,3,68K01,0,,1,1,,N,N,,0,,0,0,1,0,0,,1623.0,1,2,0,0,0,1,0,3,4,0,2,3,,N,,,,,,,,,,,
2010053595,1455.0,2,0,0,0,0,0,0,0,0,4,0,,67,5,2010,5,40.0078,-75.1581,1446.0,6,0,1,0,0,0,0,0,0,,0,0,0,14.0,1,0,0,,0,40 00:28.141,,0,75 09:29.073,0,0,0,0,67301,0,0,0,,0,0,0,1,67301,0,,2,1,,,,,0,,0,0,0,0,0,,1446.0,0,2,0,0,0,0,0,3,4,0,2,3,,N,,,,,,,,,,,
2010058849,1450.0,1,0,0,0,0,0,0,0,0,5,0,,67,5,2010,2,40.0547,-75.0049,1444.0,6,0,0,0,0,0,0,0,0,,0,0,0,14.0,1,0,0,,0,40 03:16.897,,0,75 00:17.529,0,0,0,0,67301,0,0,0,N,0,0,0,1,67301,0,,6,1,,N,N,,0,,0,0,1,0,0,,1440.0,0,2,0,0,0,0,0,3,4,0,2,3,,N,,,,,,,,,,,
2010039235,48.0,1,0,0,0,0,0,0,0,0,1,0,,67,3,2010,7,39.904,-75.2401,32.0,6,0,0,1,0,0,0,0,0,,0,0,0,23.0,3,1,5,,0,39 54:14.563,,0,75 14:24.409,4,0,0,0,67301,0,0,0,,0,0,0,3,67301,1,,1,1,,,,,1,,0,0,0,3,2,,2357.0,1,2,0,0,0,0,1,3,4,0,2,3,,N,,,,,,,,,,,
2010073375,1601.0,2,0,0,0,0,0,0,0,0,2,0,,67,5,2010,7,40.0768,-75.1745,1551.0,6,0,0,0,0,0,0,0,0,,0,0,0,15.0,1,5,0,,0,40 04:36.321,,0,75 10:28.174,3,0,0,0,67301,3,0,0,N,0,0,0,6,67301,0,,6,1,,N,N,,0,,1,0,0,0,0,,1529.0,5,2,0,0,0,4,1,3,4,0,2,3,,N,,,,,,,,,,,
2010104940,925.0,0,0,0,0,0,0,0,0,0,4,0,,67,10,2010,1,40.0795,-75.1676,921.0,6,0,0,0,0,0,1,0,0,,0,0,0,9.0,1,3,1,,0,40 04:45.908,,0,75 10:03.634,8,0,0,0,67301,0,0,0,N,0,0,0,3,67301,0,,1,1,,N,N,,1,,0,0,1,1,2,,919.0,3,2,0,0,2,3,0,3,4,0,2,3,,N,,,,,,,,,,,
2010104994,1830.0,2,0,0,0,0,0,0,0,0,4,0,,67,9,2010,5,40.0106,-75.1374,1804.0,6,0,0,0,0,0,0,0,0,,0,0,0,99.0,1,2,1,,0,40 00:38.268,,0,75 08:14.776,4,0,0,0,67301,0,0,0,N,0,0,0,3,67301,2,,1,9,,N,N,,0,,0,0,0,3,3,,9999.0,2,2,0,0,0,0,0,3,4,0,2,7,,N,,,,,,,,,,,
2010099771,1445.0,2,0,0,0,0,0,0,0,0,4,0,,67,9,2010,3,40.0422,-75.0801,1445.0,6,0,0,0,0,0,1,0,0,,0,0,0,14.0,1,1,1,,0,40 02:32.049,,0,75 04:48.539,8,0,0,0,67301,0,0,0,N,0,0,0,5,67301,0,,1,1,,N,N,,0,,0,0,0,2,3,,1420.0,1,2,0,0,0,1,0,3,4,0,2,3,,N,,,,,,,,,,,
2010115648,1137.0,1,0,0,0,0,0,0,0,0,1,0,,67,10,2010,6,40.026,-75.122,1128.0,6,0,0,0,0,0,2,0,0,,0,0,0,11.0,1,1,1,,0,40 01:33.550,,0,75 07:19.144,8,0,0,0,67301,0,0,0,N,0,0,0,4,67301,0,,1,9,,N,N,,1,,0,0,1,3,2,,1116.0,1,3,0,0,0,1,0,3,4,0,3,7,,N,,,,,,,,,,,
2010118201,9999.0,1,0,0,0,0,0,0,0,0,7,0,,67,10,2010,4,40.0088,-75.0901,9999.0,6,0,0,0,0,0,0,0,0,,0,0,0,99.0,1,1,2,,0,40 00:31.565,,0,75 05:24.273,8,0,0,0,67301,0,0,0,N,0,0,0,1,67301,0,,4,9,,N,N,,0,,0,0,0,0,0,,9999.0,1,1,0,0,0,1,0,3,4,0,1,7,,N,,,,,,,,,,,
2010102478,1451.0,0,0,0,0,0,0,0,0,0,7,0,,67,9,2010,3,39.9101,-75.2425,1445.0,6,0,0,0,0,0,0,0,0,2.0,0,0,0,14.0,1,1,0,,1,39 54:36.466,2.0,0,75 14:32.840,4,0,0,0,67301,0,0,0,N,0,0,0,1,67301,1,,5,1,,N,N,,0,,0,0,1,0,0,N,1445.0,1,1,0,0,0,0,0,3,4,0,1,3,,N,,,,,,,,,,,
2010102518,118.0,1,0,0,0,0,0,0,0,0,4,0,,67,9,2010,1,40.0358,-75.1498,118.0,6,0,0,0,0,1,0,0,0,,0,0,0,1.0,3,1,2,,0,40 02:09.049,,0,75 08:59.276,8,0,0,0,67301,0,0,0,N,0,0,0,2,67301,0,,1,1,,N,N,,1,,0,0,0,3,2,,110.0,1,2,0,0,0,1,1,3,4,0,2,3,,N,,,,,,,,,,,
2010113299,1250.0,1,0,0,0,0,0,0,0,0,8,0,,67,10,2010,4,40.0369,-75.1341,1245.0,6,0,0,0,0,0,0,0,0,,0,0,0,21.0,3,2,1,,0,40 02:12.848,,0,75 08:02.883,4,0,0,0,67301,2,0,0,N,2,0,0,3,67301,2,,1,1,,N,N,,0,,0,0,0,3,2,,2155.0,2,3,0,0,0,0,0,3,4,0,1,3,,N,,,,,,,,,,,
2010102521,105.0,1,0,0,0,0,0,0,0,0,8,0,,67,9,2010,7,40.0276,-75.1472,100.0,6,0,0,0,0,0,0,0,0,,0,0,0,0.0,3,1,0,,0,40 01:39.557,,0,75 08:50.020,4,0,0,0,67301,1,0,0,N,1,0,0,2,67301,1,,9,1,,N,N,,0,,0,0,0,0,0,,50.0,1,2,0,0,0,0,1,3,4,0,1,3,,N,,,,,,,,,,,
2010102543,1543.0,1,0,0,0,0,0,0,0,0,4,0,,67,9,2010,2,39.9903,-75.127,1539.0,6,0,0,0,0,0,1,0,0,,0,0,0,15.0,1,2,1,,0,39 59:25.210,,0,75 07:37.294,4,0,0,0,67301,0,0,0,N,0,0,0,3,67301,2,,1,9,,,,,1,,0,0,0,3,2,,1525.0,2,2,0,0,0,0,0,3,4,0,2,7,,N,,,,,,,,,,,
2010105037,1800.0,2,0,0,0,0,0,0,0,0,4,0,,67,9,2010,5,39.9399,-75.2114,1753.0,6,0,0,0,0,0,0,0,0,,0,0,0,17.0,4,1,1,,0,39 56:23.459,,0,75 12:41.033,4,0,0,0,67301,1,0,0,N,1,0,0,3,67301,1,,1,9,,N,N,,0,,0,0,0,3,2,,1744.0,1,3,0,0,0,0,0,3,4,0,2,7,,N,,,,,,,,,,,
2010045827,644.0,2,0,0,0,0,0,0,0,0,5,0,,67,5,2010,3,39.9675,-75.1891,640.0,6,0,0,0,0,0,1,0,1,1.0,0,0,0,6.0,1,1,0,,2,39 58:07.302,4.0,0,75 11:28.752,4,0,0,0,67301,0,0,0,N,0,0,0,2,68K01,1,,1,1,,Y,N,,0,,0,0,0,0,0,N,634.0,1,2,0,0,0,0,1,3,4,0,2,3,,N,,,,,,,,,,,
2010045076,243.0,1,0,0,0,0,0,0,0,0,7,0,,67,3,2010,6,39.9961,-75.2304,228.0,6,0,0,0,0,1,0,0,0,,0,0,0,2.0,3,1,0,,0,39 59:45.800,,0,75 13:49.407,8,0,0,0,67301,0,0,0,N,0,0,0,2,67301,0,,5,9,,N,N,,0,,0,0,0,0,0,,215.0,1,1,0,0,0,1,1,3,4,0,1,7,,N,,,,,,,,,,,
2010045110,1545.0,1,0,0,0,0,0,0,0,0,8,0,,67,4,2010,7,39.9445,-75.1449,1545.0,6,0,0,0,0,0,0,0,0,,0,0,0,15.0,1,1,1,,0,39 56:40.178,,0,75 08:41.715,4,0,0,0,67301,1,0,0,N,1,0,0,2,67301,1,,1,1,,N,N,,0,,0,0,0,3,3,,1530.0,1,2,0,0,0,0,0,3,4,0,1,3,,N,,,,,,,,,,,
2010074898,1348.0,2,0,0,0,0,0,0,0,0,5,0,,67,7,2010,6,40.0425,-75.0635,1344.0,6,0,0,0,0,0,0,0,0,,0,0,0,13.0,1,1,0,,0,40 02:33.079,,0,75 03:48.769,8,0,0,0,67301,1,0,0,N,1,0,0,4,67301,0,,1,1,,N,N,,0,,0,0,0,0,0,,1319.0,1,3,0,0,0,1,0,3,4,0,2,3,,N,,,,,,,,,,,
2010062004,1240.0,1,0,0,0,0,0,0,0,0,4,0,,67,4,2010,4,39.9741,-75.2424,1147.0,6,0,0,0,0,0,1,1,0,,0,0,0,11.0,1,1,1,,0,39 58:26.781,,0,75 14:32.708,8,0,0,0,67301,0,0,0,,0,0,0,3,67301,0,,1,1,,,,,0,,0,0,1,3,3,,1141.0,1,2,0,0,0,1,0,3,4,0,2,3,,N,,,,,,,,,,,
2010044739,1849.0,1,0,0,0,0,0,0,0,0,8,0,,67,4,2010,5,39.9568,-75.2337,1848.0,6,0,0,0,0,0,1,0,0,,0,0,0,18.0,1,1,1,,0,39 57:24.523,,0,75 14:01.481,4,0,0,0,67301,1,0,0,N,1,0,0,2,67301,1,,1,1,,N,N,,0,,0,0,0,3,3,,1845.0,1,2,0,0,0,0,0,3,4,0,1,3,,N,,,,,,,,,,,
2010059586,2017.0,0,0,0,0,0,0,0,0,0,4,0,,67,5,2010,7,40.0247,-75.1237,2012.0,6,0,0,0,0,0,2,0,0,,0,0,0,19.0,4,1,1,,0,40 01:28.740,,0,75 07:25.247,4,0,0,1,67301,0,0,0,,0,0,0,2,67301,1,,1,1,,N,N,,0,,0,0,0,3,2,,1945.0,1,2,0,0,0,0,0,3,4,1,2,98,,N,,,,,,,,,,,
2010062522,810.0,2,0,0,0,0,0,1,0,0,3,1,,67,4,2010,5,40.053,-75.1533,645.0,6,0,0,0,0,0,0,0,0,,0,0,0,6.0,1,1,1,,0,40 03:10.964,,0,75 09:11.940,4,0,0,0,67301,0,0,0,,0,0,0,6,67301,1,,1,1,,Y,N,,0,,0,0,0,3,2,,645.0,1,3,0,0,0,0,1,3,4,0,3,3,,N,,,,,,,,,,,
2010044428,1701.0,2,0,0,0,0,0,0,0,0,1,0,,67,4,2010,6,39.9245,-75.1746,1656.0,6,0,0,0,0,0,0,0,0,,0,0,0,18.0,1,1,1,,0,39 55:28.352,,0,75 10:28.052,4,0,0,0,67301,0,0,0,N,0,0,0,4,67301,1,,1,9,,N,N,,0,,0,0,0,9,2,,1815.0,1,2,0,0,0,0,0,3,4,0,2,3,,N,,,,,,,,,,,
2010044429,1914.0,1,0,0,0,0,0,0,0,0,8,0,,67,4,2010,2,39.9433,-75.2109,1914.0,6,0,0,0,0,0,0,1,0,,0,0,0,19.0,1,1,1,,0,39 56:36.006,,0,75 12:39.070,8,0,0,0,67301,1,0,0,N,1,0,0,2,67301,0,,1,1,,N,N,,0,,0,0,0,3,2,,1912.0,1,2,0,0,0,1,0,3,4,0,1,3,,N,,,,,,,,,,,
2010084238,1538.0,2,0,0,0,0,0,0,0,0,4,0,,67,7,2010,1,40.0396,-75.033,1536.0,6,0,0,0,0,0,1,0,0,9.0,0,0,0,15.0,1,3,0,,1,40 02:22.564,1.0,7,75 01:58.733,3,0,0,0,67301,0,0,0,,0,0,0,3,67301,2,,1,9,,,,,0,,1,0,0,0,0,N,1533.0,3,2,0,0,0,0,0,3,4,0,2,7,5.0,N,,,,,,,,,,,
2010052342,1903.0,1,0,0,0,0,0,0,0,0,8,0,,67,5,2010,4,40.0252,-75.0447,1856.0,6,0,0,0,0,0,0,0,0,,0,0,0,18.0,1,1,1,,0,40 01:30.643,,0,75 02:40.998,4,0,0,0,67301,1,0,0,N,1,0,0,3,67301,1,,1,1,,N,N,,0,,0,0,0,3,2,,1853.0,1,2,0,0,0,0,0,3,4,0,1,3,,N,,,,,,,,,,,
2010052351,1816.0,2,0,0,0,0,0,0,0,0,1,0,,67,3,2010,5,40.012,-75.176,1815.0,6,0,0,0,0,0,0,0,0,,0,0,0,18.0,1,1,1,,0,40 00:43.053,,0,75 10:33.696,4,0,0,0,67301,0,0,0,,0,0,0,3,67301,1,,1,1,,N,N,,0,,0,0,0,3,2,,1815.0,1,2,0,0,0,0,1,3,4,0,2,3,,N,,,,,,,,,,,
2010052426,1522.0,0,0,0,0,0,0,0,0,0,8,0,,67,5,2010,7,39.9928,-75.119,1519.0,6,0,0,0,0,0,0,0,0,,0,0,0,15.0,1,1,0,,0,39 59:34.249,,0,75 07:08.220,4,0,0,0,67301,1,0,0,N,1,0,0,2,67301,1,,1,1,,N,N,,1,,0,0,0,0,0,,1515.0,1,2,0,0,0,0,0,3,4,0,1,3,,N,,,,,,,,,,,
2010052045,1355.0,1,0,0,0,0,0,0,0,0,1,0,,67,5,2010,1,39.9577,-75.1489,1345.0,6,0,0,0,0,0,1,0,0,,0,0,0,13.0,1,0,7,,0,39 57:23.852,,2,75 08:57.064,0,0,0,0,67301,0,0,0,N,0,0,0,6,68K01,0,,1,1,,N,N,,0,,0,0,1,0,0,,1339.0,0,2,0,0,0,0,0,3,4,0,2,3,,N,,,,,,,,,,,
2010062240,1740.0,1,0,0,0,0,0,0,0,0,8,0,,67,6,2010,6,40.0661,-75.0503,1737.0,6,0,0,0,0,0,0,0,0,,0,0,0,17.0,1,1,0,,0,40 03:57.999,,0,75 03:00.993,8,0,0,0,67301,1,0,0,,1,0,0,2,67301,0,,1,1,,,,,0,,0,0,0,0,0,,1735.0,1,2,0,0,0,1,0,3,4,0,1,3,,N,,,,,,,,,,,
2010044558,305.0,0,0,0,0,0,0,0,0,0,7,0,,67,3,2010,1,40.0344,-75.0748,258.0,6,0,0,0,0,0,0,0,0,3.0,0,0,0,2.0,3,1,5,,1,40 02:03.564,3.0,0,75 04:29.834,3,0,0,0,67301,0,0,0,Y,0,0,0,1,67301,0,,3,1,,N,N,,0,,1,0,1,3,2,Y,255.0,1,1,0,0,1,0,0,3,4,0,1,3,,N,,,,,,,,,,,
2010062278,2021.0,2,0,0,0,0,0,0,0,0,5,0,,67,5,2010,1,40.0449,-75.2214,2018.0,6,0,0,0,0,1,0,0,0,,0,0,0,20.0,4,1,0,,0,40 02:41.697,,99,75 13:16.957,8,0,0,0,67301,0,0,0,N,0,0,0,2,67301,0,,1,1,,N,N,,0,,0,0,0,0,0,,2016.0,1,2,0,0,0,1,0,3,4,0,2,3,,N,,,,,,,,,,,
2010044614,1655.0,1,0,0,0,0,0,0,0,0,8,0,,67,4,2010,6,39.9521,-75.1534,1645.0,6,0,0,0,0,0,0,0,0,,0,0,0,16.0,1,1,0,,0,39 57:07.571,,0,75 09:12.149,4,0,0,0,67301,1,0,0,,1,0,0,2,67301,1,,4,1,,,,,0,,0,0,0,0,0,,1630.0,1,2,0,0,0,0,0,3,4,0,1,3,,N,,,,,,,,,,,
2010062307,2233.0,2,0,0,0,0,0,0,0,0,4,0,,67,5,2010,6,40.0962,-74.9907,2230.0,6,0,0,0,0,0,0,0,1,1.0,0,0,0,22.0,3,1,0,,1,40 05:46.180,2.0,0,74 59:26.660,8,0,0,0,67301,0,0,0,,0,0,0,5,67301,0,,1,1,,N,N,,0,,0,0,0,0,0,N,2230.0,1,2,0,0,0,1,0,3,4,0,2,3,,N,,,,,,,,,,,
2010062309,1847.0,0,0,0,0,0,0,0,0,0,4,0,,67,5,2010,7,40.0561,-74.9999,1847.0,6,0,0,0,0,0,1,0,0,2.0,0,0,0,18.0,1,0,2,,2,40 03:22.046,3.0,0,74 59:59.755,9,0,0,0,67301,0,0,0,,0,0,0,2,67301,0,,1,1,,,,,1,,0,0,1,3,3,N,1843.0,0,2,0,0,0,0,1,3,4,0,2,3,,N,,,,,,,,,,,
2010081669,300.0,2,0,0,0,0,0,0,0,0,4,0,,67,8,2010,1,39.9571,-75.2019,254.0,6,0,0,0,0,0,0,0,0,,0,0,0,2.0,3,0,0,,0,39 57:25.630,,0,75 12:07.196,0,0,0,0,67301,0,0,0,N,0,0,0,2,67301,0,,1,1,,N,N,,0,,0,0,0,3,2,,250.0,0,2,0,0,0,0,0,3,4,0,2,3,,N,,,,,,,,,,,