CRN,ARRIVAL_TM,AUTOMOBILE_COUNT,BELTED_DEATH_COUNT,BELTED_SUSP_SERIOUS_INJ_COUNT,BICYCLE_COUNT,BICYCLE_DEATH_COUNT,BICYCLE_SUSP_SERIOUS_INJ_COUNT,BUS_COUNT,CHLDPAS_DEATH_COUNT,CHLDPAS_SUSP_SERIOUS_INJ_COUNT,COLLISION_TYPE,COMM_VEH_COUNT,CONS_ZONE_SPD_LIM,COUNTY,CRASH_MONTH,CRASH_YEAR,DAY_OF_WEEK,DEC_LAT,DEC_LONG,DISPATCH_TM,DISTRICT,DRIVER_COUNT_16YR,DRIVER_COUNT_17YR,DRIVER_COUNT_18YR,DRIVER_COUNT_19YR,DRIVER_COUNT_20YR,DRIVER_COUNT_50_64YR,DRIVER_COUNT_65_74YR,DRIVER_COUNT_75PLUS,EST_HRS_CLOSED,FATAL_COUNT,HEAVY_TRUCK_COUNT,HORSE_BUGGY_COUNT,HOUR_OF_DAY,ILLUMINATION,INJURY_COUNT,INTERSECT_TYPE,INTERSECTION_RELATED,LANE_CLOSED,LATITUDE,LN_CLOSE_DIR,LOCATION_TYPE,LONGITUDE,MAX_SEVERITY_LEVEL,MCYCLE_DEATH_COUNT,MCYCLE_SUSP_SERIOUS_INJ_COUNT,MOTORCYCLE_COUNT,MUNICIPALITY,NONMOTR_COUNT,NONMOTR_DEATH_COUNT,NONMOTR_SUSP_SERIOUS_INJ_COUNT,NTFY_HIWY_MAINT,PED_COUNT,PED_DEATH_COUNT,PED_SUSP_SERIOUS_INJ_COUNT,PERSON_COUNT,POLICE_AGCY,POSSIBLE_INJ_COUNT,RDWY_SURF_TYPE_CD,RELATION_TO_ROAD,ROAD_CONDITION,ROADWAY_CLEARED,SCH_BUS_IND,SCH_ZONE_IND,SECONDARY_CRASH,SMALL_TRUCK_COUNT,SPEC_JURIS_CD,SUSP_MINOR_INJ_COUNT,SUSP_SERIOUS_INJ_COUNT,SUV_COUNT,TCD_FUNC_CD,TCD_TYPE,TFC_DETOUR_IND,TIME_OF_DAY,TOT_INJ_COUNT,TOTAL_UNITS,UNB_DEATH_COUNT,UNB_SUSP_SERIOUS_INJ_COUNT,UNBELTED_OCC_COUNT,UNK_INJ_DEG_COUNT,UNK_INJ_PER_COUNT,URBAN_AREA,URBAN_RURAL,VAN_COUNT,VEHICLE_COUNT,WEATHER1,WEATHER2,WORK_ZONE_IND,WORK_ZONE_LOC,WORK_ZONE_TYPE,WORKERS_PRES,WZ_CLOSE_DETOUR,WZ_FLAGGER,WZ_LAW_OFFCR_IND,WZ_LN_CLOSURE,WZ_MOVING,WZ_OTHER,WZ_SHLDER_MDN,WZ_WORKERS_INJ_KILLED
2010082548,1710.0,1,0,0,0,0,0,0,0,0,1,0,,67,8,2010,6,39.9671,-75.1331,1710.0,6,0,0,0,0,0,1,0,0,,0,0,0,17.0,1,0,0,,0,39 58:02.056,,0,75 07:57.986,0,0,0,0,67301,0,0,0,N,0,0,0,2,68K01,0,,1,1,,N,N,,0,,0,0,1,0,0,,1700.0,0,2,0,0,0,0,0,3,4,0,2,3,,N,,,,,,,,,,,
2010084597,20.0,2,0,0,0,0,0,0,0,0,1,0,,67,7,2010,7,39.9517,-75.1582,15.0,6,0,0,0,0,0,0,0,0,,0,0,0,0.0,3,0,1,,0,39 57:05.956,,0,75 09:29.697,0,0,0,0,67301,0,0,0,,0,0,0,3,67301,0,,1,1,,,,,0,,0,0,0,3,2,,5.0,0,2,0,0,0,0,0,3,4,0,2,3,,N,,,,,,,,,,,
2010082105,956.0,1,0,0,0,0,0,0,0,0,8,0,,67,7,2010,3,39.9849,-75.1564,945.0,6,0,0,0,0,0,0,0,0,,0,0,0,8.0,1,1,0,,0,39 59:05.698,,7,75 09:23.192,4,0,0,0,67301,1,0,0,N,1,0,0,2,67301,1,,4,1,,N,N,,0,,0,0,0,0,0,,830.0,1,2,0,0,0,0,0,3,4,0,1,3,,N,,,,,,,,,,,
2010050571,835.0,3,0,0,0,0,0,0,0,0,1,0,,67,5,2010,2,39.8991,-75.1667,826.0,6,0,0,0,0,0,1,0,0,,0,0,0,8.0,1,3,0,,0,39 54:00.269,,0,75 09:32.622,4,0,0,0,67301,0,0,0,N,0,0,0,3,68K01,3,,1,1,,N,N,,0,,0,0,0,0,0,,821.0,3,3,0,0,0,0,0,3,4,0,3,3,,N,,,,,,,,,,,
2010128588,804.0,2,0,0,0,0,0,0,0,0,1,0,,67,10,2010,3,40.0085,-75.1312,802.0,6,0,0,0,0,0,1,0,0,1.0,0,0,0,8.0,1,1,0,,2,40 00:30.672,2.0,0,75 07:52.248,8,0,0,0,67301,0,0,0,N,0,0,0,5,67301,0,,1,1,,N,N,,0,,0,0,1,0,0,N,800.0,1,3,0,0,0,1,1,3,4,0,3,3,,N,,,,,,,,,,,
2010060211,1915.0,1,0,0,0,0,0,1,0,0,5,1,,67,4,2010,1,39.9772,-75.1581,1908.0,6,0,0,0,0,0,0,0,0,,0,0,0,16.0,1,1,0,,0,39 58:38.027,,0,75 09:29.220,3,0,0,0,67301,1,0,0,,1,0,0,2,67301,0,,6,1,,N,N,,0,,1,0,0,0,0,,1600.0,1,3,0,0,0,0,0,3,4,0,2,3,,N,,,,,,,,,,,
2010039249,942.0,1,0,0,0,0,0,0,0,0,8,0,,67,3,2010,4,39.9481,-75.1542,940.0,6,0,0,0,0,0,0,0,0,1.0,0,0,0,9.0,1,1,1,,2,39 56:53.161,4.0,0,75 09:15.143,4,0,0,0,67301,1,0,0,,1,0,0,2,67301,1,,1,1,,,,,0,,0,0,0,3,1,Y,939.0,1,2,0,0,0,0,0,3,4,0,1,3,,N,,,,,,,,,,,
2010075900,757.0,2,0,0,0,0,0,0,0,0,4,0,,67,6,2010,2,39.9561,-75.1682,756.0,6,0,0,0,0,0,0,0,0,,0,0,0,7.0,1,0,5,,0,39 57:25.004,,0,75 10:09.709,0,0,0,0,67301,0,0,0,N,0,0,0,3,67301,0,,1,1,,N,N,,0,,0,0,0,2,2,,754.0,0,2,0,0,0,0,0,3,4,0,2,3,,N,,,,,,,,,,,
2010104917,2252.0,2,0,0,0,0,0,0,0,0,1,0,,67,9,2010,2,39.9779,-75.2061,2247.0,6,0,0,0,0,0,0,0,0,,0,0,0,20.0,6,1,2,,0,39 58:40.436,,0,75 12:21.801,8,0,0,0,67301,0,0,0,N,0,0,0,2,67301,0,,1,9,,N,N,,0,,0,0,0,3,3,,2010.0,1,2,0,0,0,1,0,3,4,0,2,7,,N,,,,,,,,,,,
2010104918,1604.0,1,0,0,1,0,0,0,0,0,4,0,,67,9,2010,3,39.9623,-75.1898,1558.0,6,0,0,0,0,0,0,1,0,,0,0,0,13.0,1,1,2,,0,39 57:44.391,,0,75 11:23.305,3,0,0,0,67301,1,0,0,N,0,0,0,2,67301,0,,1,1,,N,N,,0,,1,0,0,3,3,,1300.0,1,2,0,0,1,0,0,3,4,0,1,7,,N,,,,,,,,,,,
2010104987,1240.0,1,0,0,0,0,0,0,0,0,8,0,,67,10,2010,7,40.0142,-75.0886,1334.0,6,0,0,0,0,0,0,0,0,,0,0,0,99.0,1,1,0,,0,40 00:51.138,,0,75 05:18.945,8,0,0,0,67301,1,0,0,,1,0,0,2,67301,0,,1,1,,N,N,,0,,0,0,0,0,0,,9999.0,1,2,0,0,0,1,0,3,4,0,1,3,,N,,,,,,,,,,,
2010026592,922.0,1,0,0,0,0,0,0,0,0,7,0,,67,3,2010,3,40.0123,-75.0594,917.0,6,0,0,0,0,0,0,0,0,1.0,0,0,0,9.0,1,1,0,,2,40 00:44.375,1.0,0,75 03:33.261,4,0,0,0,67301,0,0,0,N,0,0,0,1,68K01,1,,2,1,,N,N,,0,,0,0,0,0,0,N,916.0,1,1,0,0,0,0,0,3,4,0,1,3,,N,,,,,,,,,,,
2010080939,1857.0,1,0,0,0,0,0,0,0,0,5,0,,67,8,2010,7,39.9262,-75.1943,1844.0,6,0,0,0,0,0,0,0,0,,0,0,0,18.0,1,0,0,,0,39 55:38.605,,0,75 11:43.328,0,0,0,0,67301,0,0,0,N,0,0,0,2,68K01,0,,1,1,,N,N,,0,,0,0,0,0,0,,1834.0,0,2,0,0,0,0,0,3,4,0,2,3,,N,,,,,,,,,,,
2010099795,1750.0,0,0,0,0,0,0,0,0,0,4,0,,67,9,2010,3,39.9239,-75.2221,1745.0,6,0,0,0,0,0,1,0,0,,0,0,0,15.0,1,1,1,,0,39 55:26.156,,0,75 13:19.597,4,0,0,0,67301,0,0,0,N,0,0,0,2,67301,1,,1,1,,N,N,,1,,0,0,1,3,2,,1543.0,1,2,0,0,0,0,0,3,4,0,2,3,,N,,,,,,,,,,,
2010110727,2333.0,1,0,0,0,0,0,0,0,0,4,0,,67,10,2010,2,39.9496,-75.1997,2333.0,6,0,0,0,0,0,0,0,0,,0,0,0,23.0,3,2,3,,0,39 56:58.586,,0,75 11:58.815,3,0,0,0,67301,0,0,0,N,0,0,0,3,67301,0,,1,9,,N,N,,0,,2,0,0,3,2,,2333.0,2,2,0,0,0,0,0,3,4,1,2,3,,N,,,,,,,,,,,
2010102418,842.0,1,0,0,0,0,0,0,0,0,1,0,,67,9,2010,7,40.0861,-75.2119,833.0,6,0,0,0,0,0,1,0,0,1.0,0,0,0,8.0,1,1,1,,1,40 05:09.951,1.0,0,75 12:42.717,4,0,0,0,67301,0,0,0,N,0,0,0,2,67301,1,,1,1,,N,N,,0,,0,0,1,3,2,N,830.0,1,2,0,0,0,0,0,3,4,0,2,3,,N,,,,,,,,,,,
2010102501,940.0,1,0,0,0,0,0,0,0,0,8,0,,67,9,2010,3,39.9516,-75.1637,930.0,6,0,0,0,0,0,1,0,0,1.0,0,0,0,9.0,1,1,2,,1,39 57:05.855,3.0,0,75 09:49.658,4,0,0,0,67301,1,0,0,,1,0,0,2,67301,1,,1,1,,,,,0,,0,0,0,3,2,N,915.0,1,2,0,0,0,0,0,3,4,0,1,3,,N,,,,,,,,,,,
2010102509,1552.0,3,0,0,0,0,0,0,0,0,4,0,,67,9,2010,7,40.001,-75.1237,1548.0,6,0,0,0,0,1,0,0,0,,0,0,0,15.0,1,1,1,,0,40 00:03.643,,0,75 07:25.222,4,0,0,0,67301,0,0,0,N,0,0,0,3,67301,1,,1,1,,N,N,,0,,0,0,0,3,3,,1547.0,1,3,0,0,0,0,0,3,4,0,3,3,,N,,,,,,,,,,,
2010105008,1017.0,0,0,0,0,0,0,0,0,0,4,0,,67,9,2010,1,39.9505,-75.1674,1012.0,6,0,0,0,0,0,0,0,0,,0,0,0,10.0,1,1,1,,0,39 57:01.836,,0,75 10:02.485,3,0,0,0,67301,0,0,0,,0,0,0,5,67301,0,,1,1,,,,,0,,1,0,2,3,2,,1002.0,1,2,0,0,0,0,2,3,4,0,2,3,,N,,,,,,,,,,,
2010113292,1821.0,2,0,0,0,0,0,0,0,0,5,0,,67,10,2010,3,40.0277,-75.1433,1817.0,6,0,0,1,0,0,0,0,0,,0,0,0,17.0,1,1,0,,0,40 01:39.666,,0,75 08:35.908,8,0,0,0,67301,0,0,0,N,0,0,0,3,67301,0,,1,1,,N,N,,0,,0,0,0,0,0,,1715.0,1,2,0,0,0,1,0,3,4,0,2,3,,N,,,,,,,,,,,
2010113317,1618.0,1,0,0,0,0,0,0,0,0,6,0,,67,10,2010,7,40.0174,-75.0903,1600.0,6,0,0,0,0,0,0,0,0,,0,0,0,15.0,1,1,1,,0,40 01:02.528,,0,75 05:25.205,3,0,0,0,67301,0,0,0,N,0,0,0,3,67301,0,,1,1,,N,N,,0,,1,0,0,3,3,,1555.0,1,2,0,0,0,0,0,3,4,1,2,3,,N,,,,,,,,,,,
2010075102,1506.0,2,0,0,0,0,0,0,0,0,1,0,,67,7,2010,6,40.0805,-75.0288,1456.0,6,0,0,0,0,0,0,0,0,,0,0,0,14.0,1,1,0,,0,40 04:49.938,,0,75 01:43.727,4,0,0,0,67301,0,0,0,,0,0,0,2,67301,1,,1,1,,,,,0,,0,0,0,3,2,,1451.0,1,2,0,0,0,0,1,3,4,0,2,3,,N,,,,,,,,,,,
2010045103,2152.0,2,0,0,0,0,0,0,0,0,4,0,,67,4,2010,2,40.0564,-75.0533,2150.0,6,0,0,0,0,1,0,0,0,,0,0,0,21.0,3,1,1,,0,40 03:23.473,,0,75 03:12.176,3,0,0,0,67301,0,0,0,,0,0,0,3,67301,0,,1,1,,N,N,,0,,1,0,0,3,2,,2150.0,1,2,0,0,0,0,0,3,4,0,2,3,,N,,,,,,,,,,,
2010074882,1825.0,2,0,0,0,0,0,0,0,0,4,0,,67,6,2010,1,40.0005,-75.1196,1817.0,6,0,0,0,0,0,0,0,0,1.0,0,0,0,18.0,1,1,1,,2,40 00:01.684,3.0,0,75 07:10.714,4,0,0,0,67301,0,0,0,N,0,0,0,2,67301,1,,1,1,,N,N,,0,,0,0,0,2,3,Y,1815.0,1,2,0,0,0,0,0,3,4,0,2,3,,N,,,,,,,,,,,
2010074912,2055.0,0,0,0,0,0,0,0,0,0,8,0,,67,7,2010,1,40.0023,-75.1713,2055.0,6,0,0,0,0,0,1,0,0,,0,0,0,20.0,3,1,0,,0,40 00:08.416,,0,75 10:16.546,4,0,0,0,67301,1,0,0,N,1,0,0,2,67301,1,,1,1,,N,,,1,,0,0,0,0,0,,2055.0,1,2,0,0,0,0,0,3,4,0,1,3,,N,,,,,,,,,,,
2010062043,2125.0,1,0,0,0,0,0,0,0,0,4,0,,67,4,2010,1,39.9747,-75.1983,2127.0,6,0,0,0,0,0,0,0,0,9.0,0,0,0,21.0,3,0,1,,1,39 58:29.424,6.0,0,75 11:53.775,0,0,0,0,67301,0,0,0,N,0,0,0,3,67301,0,,1,9,,N,N,,0,,0,0,1,3,2,N,2123.0,0,3,0,0,0,0,0,3,4,0,3,7,,N,,,,,,,,,,,
2010062045,743.0,2,0,0,0,0,0,0,0,0,1,0,,67,5,2010,2,39.9938,-75.1975,743.0,6,0,0,0,0,0,0,1,0,1.0,0,0,0,7.0,1,1,3,,1,39 59:37.620,2.0,0,75 11:51.150,8,0,0,0,67301,0,0,0,,0,0,0,4,67301,0,,1,1,,,,,0,,0,0,0,3,4,N,743.0,1,2,0,0,0,1,1,3,4,0,2,3,,N,,,,,,,,,,,
2010044722,115.0,1,0,0,0,0,0,0,0,0,7,0,,67,4,2010,4,39.9235,-75.1429,112.0,6,0,0,0,0,0,0,0,0,,0,0,0,0.0,3,1,0,,0,39 55:24.425,,0,75 08:34.528,8,0,0,0,67301,0,0,0,,0,0,0,2,67301,0,,3,1,,,,,0,,0,0,0,0,0,,21.0,1,1,0,0,0,1,0,3,4,0,1,3,,N,,,,,,,,,,,
2010059591,1803.0,0,0,0,0,0,0,0,0,0,0,0,,67,5,2010,7,40.0564,-75.0256,1800.0,6,0,0,0,0,0,0,0,0,1.0,0,0,0,17.0,1,1,2,,1,40 03:22.996,3.0,0,75 01:32.792,4,0,0,1,67301,0,0,0,N,0,0,0,1,67301,1,,1,1,,N,N,,0,,0,0,0,3,3,N,1758.0,1,1,0,0,0,0,0,3,4,0,1,3,,N,,,,,,,,,,,
2010081440,1840.0,2,0,0,0,0,0,0,0,0,1,0,,67,7,2010,1,39.9912,-75.1328,1830.0,6,0,0,0,0,0,1,0,0,,0,0,0,18.0,1,1,0,,0,39 59:28.256,,0,75 07:58.112,4,0,0,0,67301,0,0,0,N,0,0,0,7,67301,1,,1,1,,N,N,,0,,0,0,0,0,0,,1830.0,1,2,0,0,1,0,0,3,4,0,2,3,,N,,,,,,,,,,,
2010081496,2111.0,2,0,0,0,0,0,0,0,0,4,0,,67,7,2010,1,40.0169,-75.1495,2108.0,6,0,0,0,0,0,0,0,0,,0,0,0,21.0,3,2,1,,0,40 01:00.708,,0,75 08:58.113,8,0,0,0,67301,0,0,0,,0,0,0,3,67301,0,,1,1,,,,,0,,0,0,0,3,2,,2108.0,2,2,0,0,0,2,0,3,4,0,2,3,,N,,,,,,,,,,,
2010044455,2252.0,1,0,0,0,0,0,0,0,0,4,0,,67,3,2010,4,40.0091,-75.1378,2250.0,6,0,0,0,0,0,0,0,0,,0,0,0,22.0,3,1,2,,0,40 00:32.885,,0,75 08:16.051,4,0,0,0,67301,0,0,0,N,0,0,0,3,67301,1,,1,1,,N,N,,0,,0,0,0,3,3,,2245.0,1,2,0,0,1,0,1,3,4,1,2,3,,N,,,,,,,,,,,
2010067465,1546.0,2,0,0,0,0,0,0,0,0,1,0,,67,7,2010,6,39.9986,-75.0809,1544.0,6,0,0,0,0,0,1,1,0,,0,0,0,15.0,1,0,0,,0,39 59:55.172,,0,75 04:50.983,0,0,0,0,67301,0,0,0,N,0,0,0,3,68K01,0,,1,1,,N,N,,0,,0,0,0,0,0,,1539.0,0,2,0,0,0,0,0,3,4,0,2,3,,N,,,,,,,,,,,
2010083753,2257.0,1,0,0,0,0,0,0,0,0,5,0,,67,8,2010,6,40.0214,-75.0411,2252.0,6,0,0,1,0,0,0,1,0,1.0,0,0,0,22.0,3,2,0,,2,40 01:16.726,2.0,0,75 02:28.355,8,0,0,0,67301,0,0,0,N,0,0,0,3,68K01,0,,1,1,,N,N,,0,,0,0,0,0,0,N,2252.0,2,2,0,0,0,2,0,3,4,1,2,3,,N,,,,,,,,,,,
2010062288,2205.0,1,0,0,0,0,0,0,0,0,4,0,,67,6,2010,5,40.0428,-75.1135,2201.0,6,0,0,0,0,0,1,0,0,,0,0,0,21.0,3,1,1,,0,40 02:33.857,,0,75 06:48.818,8,0,0,0,67301,0,0,0,N,0,0,0,2,67301,0,,1,9,,N,N,,1,,0,0,0,3,2,,2150.0,1,2,0,0,0,1,0,3,4,0,2,7,,N,,,,,,,,,,,
2010062074,1315.0,2,0,0,0,0,0,0,0,0,4,0,,67,4,2010,2,39.8815,-75.2293,1313.0,6,0,0,0,0,0,2,0,0,2.0,0,0,0,13.0,1,1,0,,1,39 52:53.378,2.0,0,75 13:45.580,4,0,0,0,67301,0,0,0,N,0,0,0,2,67301,1,,1,9,,N,N,,0,,0,0,0,0,0,N,1301.0,1,2,0,0,0,0,0,3,4,0,2,7,,N,,,,,,,,,,,
2010064649,9999.0,2,0,0,0,0,0,0,0,0,4,0,,67,5,2010,3,39.9909,-75.1735,9999.0,6,0,0,0,0,0,0,0,0,,0,0,0,99.0,3,3,1,,0,39 59:27.232,,0,75 10:24.657,8,0,0,0,67301,0,0,0,N,0,0,0,6,67301,0,,1,9,,N,N,,0,,0,0,0,3,3,,9999.0,3,2,0,0,0,3,3,3,4,0,2,7,,N,,,,,,,,,,,
2010044829,9999.0,1,0,0,0,0,0,0,0,0,3,0,,67,4,2010,2,39.9955,-75.1789,9999.0,6,0,0,0,0,0,0,0,0,,0,0,0,99.0,1,1,1,,0,39 59:43.789,,0,75 10:44.075,4,0,0,0,67301,0,0,0,,0,0,0,5,67301,1,,1,1,,N,N,,1,,0,0,0,3,2,,9999.0,1,3,0,0,0,0,0,3,4,0,3,3,,N,,,,,,,,,,,
2010044840,1335.0,2,0,0,0,0,0,0,0,0,4,0,,67,4,2010,3,40.0403,-75.0586,1326.0,6,0,0,0,0,0,1,0,0,,0,0,0,13.0,1,1,0,,0,40 02:25.049,,0,75 03:30.857,3,0,0,0,67301,0,0,0,N,0,0,0,2,67301,0,,1,1,,N,N,,0,,1,0,0,0,0,,1326.0,1,2,0,0,0,0,0,3,4,0,2,3,,N,,,,,,,,,,,
2010129303,1430.0,2,0,0,0,0,0,0,0,0,7,0,,67,12,2010,7,39.9369,-75.1991,1425.0,6,0,0,0,0,0,1,0,0,1.0,0,0,0,14.0,1,0,0,,1,39 56:19.955,4.0,0,75 11:49.588,0,0,0,0,67301,0,0,0,N,0,0,0,3,68K01,0,,2,1,,N,N,,0,,0,0,0,0,0,N,1425.0,0,2,0,0,0,0,0,3,4,0,2,3,,N,,,,,,,,,,,
2010128585,105.0,2,0,0,0,0,0,0,0,0,5,0,,67,10,2010,7,39.9684,-75.1277,100.0,6,0,0,0,0,0,0,0,0,,0,0,0,99.0,3,0,0,,0,39 58:08.971,,0,75 07:36.065,9,0,0,0,67301,0,0,0,N,0,0,0,4,67301,0,,1,1,,N,N,,0,,0,0,0,0,0,,9999.0,0,2,0,0,0,0,2,3,4,0,2,3,,N,,,,,,,,,,,
2010048849,1330.0,1,0,0,1,0,0,0,0,0,4,0,,67,4,2010,3,39.9717,-75.1595,1321.0,6,0,0,0,0,0,0,0,0,,0,0,0,12.0,1,1,0,,0,39 58:18.248,,7,75 09:34.021,8,0,0,0,67301,1,0,0,,0,0,0,2,67301,0,,1,9,,,,,0,,0,0,0,0,0,,1230.0,1,2,0,0,0,1,0,3,4,0,1,99,,N,,,,,,,,,,,
2010048860,845.0,1,0,0,0,0,0,0,0,0,1,0,,67,4,2010,2,39.9542,-75.1779,839.0,6,0,0,0,0,0,0,0,0,1.0,0,0,0,8.0,1,1,0,,1,39 57:15.143,4.0,0,75 10:40.689,8,0,0,0,67301,1,0,0,N,0,0,0,2,67301,0,,6,1,,N,N,,2,,0,0,0,0,0,Y,830.0,1,3,0,0,0,1,0,3,4,0,3,3,,N,,,,,,,,,,,
2010048871,1605.0,1,0,0,0,0,0,0,0,0,1,0,,67,4,2010,4,39.9748,-75.1721,1558.0,6,1,0,0,0,0,0,0,0,,0,0,0,15.0,1,1,2,,0,39 58:29.438,,0,75 10:19.574,8,0,0,0,67301,0,0,0,N,0,0,0,2,67301,0,,1,1,,N,N,,1,,0,0,0,9,2,,1550.0,1,2,0,0,0,1,0,3,4,0,2,3,,N,,,,,,,,,,,
2010060294,1345.0,0,0,0,1,0,0,0,0,0,4,1,,67,5,2010,2,39.9854,-75.0967,1340.0,6,0,0,0,0,0,0,0,0,,0,1,0,13.0,1,1,1,,0,39 59:07.606,,0,75 05:48.056,4,0,0,0,67301,1,0,0,N,0,0,0,2,67301,1,,1,1,,N,N,,0,,0,0,0,3,2,,1315.0,1,2,0,0,0,0,0,3,4,0,1,3,,N,,,,,,,,,,,
2010060303,1012.0,1,0,0,0,0,0,0,0,0,4,0,,67,5,2010,2,39.9359,-75.1553,1012.0,6,0,0,0,0,0,0,0,0,,0,0,0,9.0,1,1,2,,0,39 56:09.358,,0,75 09:19.094,8,0,0,1,67301,0,0,0,,0,0,0,2,67301,0,,1,1,,,,,0,,0,0,0,3,3,,910.0,1,2,0,0,0,1,1,3,4,0,2,3,,N,,,,,,,,,,,
2010057860,745.0,1,0,0,0,0,0,0,0,0,7,0,,67,6,2010,1,40.0081,-75.202,742.0,6,0,0,0,0,0,0,0,0,,0,0,0,7.0,1,0,0,,0,40 00:28.515,,0,75 12:05.461,0,0,0,0,67301,0,0,0,N,0,0,0,1,68K01,0,,2,1,,N,N,,0,,0,0,0,0,0,,735.0,0,1,0,0,0,0,0,3,4,0,1,3,,N,,,,,,,,,,,
2010058914,9999.0,1,0,0,1,0,0,0,0,0,6,0,,67,4,2010,5,39.9689,-75.1344,9999.0,6,0,0,0,0,0,0,0,0,,0,0,0,99.0,1,1,1,,0,39 58:08.006,,0,75 08:03.925,8,0,0,0,67301,1,0,0,N,0,0,0,4,67301,0,,1,1,,N,N,,0,,0,0,0,2,2,,9999.0,1,2,0,0,0,1,0,3,4,0,1,3,,N,,,,,,,,,,,
2010039248,1514.0,4,0,0,0,0,0,0,0,0,4,0,,67,3,2010,1,39.9649,-75.1642,1514.0,6,0,0,0,0,0,0,0,0,,0,0,0,3.0,3,1,1,,0,39 57:53.578,,0,75 09:51.231,8,0,0,0,67301,0,0,0,,0,0,0,2,67301,0,,1,1,,N,N,,0,,0,0,0,3,3,,300.0,1,5,0,0,0,1,0,3,4,1,5,3,,N,,,,,,,,,,,
2010104970,1129.0,1,0,0,0,0,0,0,0,0,4,0,,67,9,2010,2,40.0892,-75.021,1128.0,6,0,0,0,0,0,1,0,0,1.0,0,0,0,11.0,1,3,2,,1,40 05:21.079,2.0,0,75 01:15.622,4,0,0,0,67301,0,0,0,N,0,0,0,6,67301,3,,1,9,,N,N,,0,,0,0,1,3,2,N,1127.0,3,2,0,0,0,0,0,3,4,0,2,7,,N,,,,,,,,,,,
2010081137,1058.0,2,0,0,0,0,0,0,0,0,7,0,,67,8,2010,7,39.9686,-75.1913,1048.0,6,0,0,0,0,0,0,0,0,,0,0,0,10.0,1,1,0,,0,39 58:07.533,,0,75 11:29.790,4,0,0,0,67301,0,0,0,N,0,0,0,7,68K01,1,,3,1,,N,N,,0,,0,0,0,0,0,,1046.0,1,2,0,0,0,0,0,3,4,0,2,3,,N,,,,,,,,,,,
2010099802,950.0,1,0,0,0,0,0,0,0,0,1,0,,67,8,2010,6,40.0506,-75.0102,944.0,6,0,0,0,0,0,0,0,1,9.0,0,0,0,9.0,1,1,1,,1,40 03:02.108,2.0,0,75 00:36.644,8,0,0,0,67301,0,0,0,N,0,0,0,2,67301,0,,1,1,,N,N,,0,,0,0,0,3,2,N,940.0,1,2,0,0,0,1,0,3,4,1,2,3,,N,,,,,,,,,,,
2010110736,1355.0,1,0,0,0,0,0,0,0,0,2,0,,67,10,2010,3,40.0194,-75.1147,1350.0,6,0,0,0,0,0,0,0,0,1.0,0,0,0,13.0,1,1,0,,1,40 01:09.975,2.0,0,75 06:53.078,3,0,0,0,67301,0,0,0,N,0,0,0,1,67301,0,,6,9,,N,N,,0,,1,0,1,0,0,N,1350.0,1,3,0,0,1,0,0,3,4,1,3,7,,N,,,,,,,,,,,
2010110740,853.0,1,0,0,1,0,0,0,0,0,4,0,,67,10,2010,5,39.9372,-75.1616,853.0,6,0,0,0,0,0,0,0,0,,0,0,0,8.0,1,1,0,,0,39 56:13.959,,7,75 09:41.904,8,0,0,0,67301,1,0,0,N,0,0,0,2,67301,0,,3,1,,N,N,,0,,0,0,0,0,0,,850.0,1,2,0,0,0,1,0,3,4,0,1,3,,N,,,,,,,,,,,
2010102397,1524.0,1,0,0,0,0,0,0,0,0,1,0,,67,9,2010,2,40.1042,-75.0349,1518.0,6,0,0,0,0,0,1,0,0,,0,0,0,15.0,1,1,2,,0,40 06:15.088,,0,75 02:05.596,4,0,0,0,67301,0,0,0,N,0,0,0,2,67301,1,,1,1,,N,N,,0,,0,0,1,0,0,,1518.0,1,2,0,0,0,0,0,3,4,0,2,3,,N,,,,,,,,,,,
2010118097,9999.0,1,0,0,0,0,0,0,0,0,8,0,,67,8,2010,3,39.9562,-75.1627,9999.0,6,0,0,0,0,0,0,0,0,,0,0,0,13.0,1,1,1,,0,39 57:22.551,,0,75 09:46.043,4,0,0,0,67301,1,0,0,,1,0,0,2,67301,1,,1,1,,,,,0,,0,0,0,3,2,,1310.0,1,2,0,0,0,0,0,3,4,0,1,3,,N,,,,,,,,,,,
2010118214,2057.0,4,0,0,0,0,0,0,0,0,4,0,,67,7,2010,5,40.0299,-75.1533,2057.0,6,0,0,0,0,0,0,0,0,,0,0,0,20.0,3,4,5,,0,40 01:47.791,,0,75 09:11.771,2,0,0,0,67301,0,0,0,N,0,0,0,9,67301,0,,2,1,,N,N,,0,,3,1,1,3,2,,2057.0,4,6,0,0,1,0,1,3,4,1,6,3,,N,,,,,,,,,,,
2010102496,1351.0,2,0,0,0,0,0,0,0,0,4,0,,67,9,2010,5,40.0137,-75.0973,1347.0,6,0,0,0,0,0,0,0,0,,0,0,0,13.0,1,2,1,,0,40 00:49.805,,0,75 05:50.374,4,0,0,0,67301,0,0,0,N,0,0,0,3,67301,2,,1,1,,N,N,,0,,0,0,0,3,2,,1345.0,2,2,0,0,0,0,0,3,4,0,2,3,,N,,,,,,,,,,,
2010113300,1855.0,1,0,0,0,0,0,0,0,0,8,0,,67,10,2010,5,40.045,-75.1497,1850.0,6,0,0,0,0,0,0,0,1,,0,0,0,18.0,3,1,1,,0,40 02:41.917,,0,75 08:58.844,4,0,0,0,67301,1,0,0,N,1,0,0,2,67301,1,,1,9,,N,N,,0,,0,0,0,3,2,,1830.0,1,2,0,0,0,0,0,3,4,0,1,7,,N,,,,,,,,,,,