CRN,ARRIVAL_TM,AUTOMOBILE_COUNT,BELTED_DEATH_COUNT,BELTED_SUSP_SERIOUS_INJ_COUNT,BICYCLE_COUNT,BICYCLE_DEATH_COUNT,BICYCLE_SUSP_SERIOUS_INJ_COUNT,BUS_COUNT,CHLDPAS_DEATH_COUNT,CHLDPAS_SUSP_SERIOUS_INJ_COUNT,COLLISION_TYPE,COMM_VEH_COUNT,CONS_ZONE_SPD_LIM,COUNTY,CRASH_MONTH,CRASH_YEAR,DAY_OF_WEEK,DEC_LAT,DEC_LONG,DISPATCH_TM,DISTRICT,DRIVER_COUNT_16YR,DRIVER_COUNT_17YR,DRIVER_COUNT_18YR,DRIVER_COUNT_19YR,DRIVER_COUNT_20YR,DRIVER_COUNT_50_64YR,DRIVER_COUNT_65_74YR,DRIVER_COUNT_75PLUS,EST_HRS_CLOSED,FATAL_COUNT,HEAVY_TRUCK_COUNT,HORSE_BUGGY_COUNT,HOUR_OF_DAY,ILLUMINATION,INJURY_COUNT,INTERSECT_TYPE,INTERSECTION_RELATED,LANE_CLOSED,LATITUDE,LN_CLOSE_DIR,LOCATION_TYPE,LONGITUDE,MAX_SEVERITY_LEVEL,MCYCLE_DEATH_COUNT,MCYCLE_SUSP_SERIOUS_INJ_COUNT,MOTORCYCLE_COUNT,MUNICIPALITY,NONMOTR_COUNT,NONMOTR_DEATH_COUNT,NONMOTR_SUSP_SERIOUS_INJ_COUNT,NTFY_HIWY_MAINT,PED_COUNT,PED_DEATH_COUNT,PED_SUSP_SERIOUS_INJ_COUNT,PERSON_COUNT,POLICE_AGCY,POSSIBLE_INJ_COUNT,RDWY_SURF_TYPE_CD,RELATION_TO_ROAD,ROAD_CONDITION,ROADWAY_CLEARED,SCH_BUS_IND,SCH_ZONE_IND,SECONDARY_CRASH,SMALL_TRUCK_COUNT,SPEC_JURIS_CD,SUSP_MINOR_INJ_COUNT,SUSP_SERIOUS_INJ_COUNT,SUV_COUNT,TCD_FUNC_CD,TCD_TYPE,TFC_DETOUR_IND,TIME_OF_DAY,TOT_INJ_COUNT,TOTAL_UNITS,UNB_DEATH_COUNT,UNB_SUSP_SERIOUS_INJ_COUNT,UNBELTED_OCC_COUNT,UNK_INJ_DEG_COUNT,UNK_INJ_PER_COUNT,URBAN_AREA,URBAN_RURAL,VAN_COUNT,VEHICLE_COUNT,WEATHER1,WEATHER2,WORK_ZONE_IND,WORK_ZONE_LOC,WORK_ZONE_TYPE,WORKERS_PRES,WZ_CLOSE_DETOUR,WZ_FLAGGER,WZ_LAW_OFFCR_IND,WZ_LN_CLOSURE,WZ_MOVING,WZ_OTHER,WZ_SHLDER_MDN,WZ_WORKERS_INJ_KILLED
2010113331,245.0,0,0,0,1,0,0,0,0,0,4,0,,67,9,2010,2,39.9346,-75.1604,241.0,6,0,0,0,0,0,0,0,0,,0,0,0,2.0,3,1,1,,0,39 56:04.383,,0,75 09:37.587,4,0,0,0,67301,1,0,0,N,0,0,0,2,67301,1,,1,1,,N,N,,0,,0,0,1,3,3,,241.0,1,2,0,0,0,0,0,3,4,0,1,3,,N,,,,,,,,,,,
2010105078,1325.0,2,0,0,0,0,0,0,0,0,5,0,,67,9,2010,4,40.0237,-75.0926,1312.0,6,0,1,0,0,1,0,0,0,,0,0,0,13.0,1,1,1,,0,40 01:25.285,,0,75 05:33.380,8,0,0,0,67301,0,0,0,N,0,0,0,2,67301,0,,1,1,,N,N,,0,,0,0,0,3,2,,1300.0,1,2,0,0,0,1,0,3,4,0,2,3,,N,,,,,,,,,,,
2010087031,1138.0,2,0,0,0,0,0,0,0,0,5,0,,67,9,2010,5,39.9865,-75.0919,1138.0,6,0,0,0,0,0,0,0,0,1.0,0,0,0,11.0,1,1,0,,2,39 59:11.207,2.0,0,75 05:31.354,4,0,0,0,67301,0,0,0,N,0,0,0,2,68K01,1,,1,1,,N,N,,0,,0,0,0,0,0,Y,1138.0,1,2,0,0,0,0,0,3,4,0,2,3,,N,,,,,,,,,,,
2010034207,1607.0,0,0,0,0,0,0,0,0,0,0,0,,67,3,2010,7,40.0454,-75.0535,1605.0,6,0,0,0,0,0,0,0,0,1.0,0,0,0,16.0,1,1,0,,1,40 02:43.283,2.0,0,75 03:12.732,4,0,0,1,67301,0,0,0,N,0,0,0,1,67301,1,,1,1,,N,N,,0,,0,0,0,0,0,N,1604.0,1,1,0,0,0,0,0,3,4,0,1,3,,N,,,,,,,,,,,
2010088660,25.0,2,0,0,0,0,0,0,0,0,2,0,,67,8,2010,5,40.0177,-75.0613,20.0,6,0,0,0,0,0,1,0,0,,0,0,0,99.0,3,0,0,,0,40 01:03.597,,0,75 03:40.647,0,0,0,0,67301,1,0,0,,0,0,0,2,67301,0,,6,1,,N,N,,0,,0,0,1,0,0,,9999.0,0,3,0,0,0,0,0,3,4,0,3,3,,N,,,,,,,,,,,
2010064706,1307.0,2,0,1,0,0,0,0,0,0,7,0,,67,5,2010,1,40.1015,-75.0061,1305.0,6,0,0,0,0,0,0,0,0,1.0,0,0,0,13.0,1,3,1,,2,40 06:05.448,2.0,0,75 00:21.920,2,0,0,0,67301,0,0,0,N,0,0,0,7,67301,1,,3,1,,N,N,,0,,0,1,0,3,2,N,1305.0,3,2,0,0,0,1,4,3,4,0,2,3,,N,,,,,,,,,,,
2010064711,1514.0,1,0,0,0,0,0,0,0,0,8,0,,67,6,2010,3,39.9553,-75.187,1513.0,6,0,0,0,0,0,1,0,0,,0,0,0,15.0,1,1,0,,0,39 57:18.960,,7,75 11:13.110,8,0,0,0,67301,1,0,0,N,1,0,0,2,07301,0,,3,9,,N,N,,0,,0,0,0,0,0,,1512.0,1,2,0,0,0,1,0,3,4,0,1,3,,N,,,,,,,,,,,
2010053218,1300.0,1,0,0,0,0,0,0,0,0,7,0,,67,4,2010,7,39.9745,-75.2264,1243.0,6,0,0,0,0,1,0,0,0,,0,0,0,99.0,1,1,0,,0,39 58:28.339,,0,75 13:35.091,8,0,0,0,67301,0,0,0,,0,0,0,1,67301,0,,1,1,,N,N,,0,,0,0,0,0,0,,9999.0,1,1,0,0,0,1,0,3,4,0,1,3,,N,,,,,,,,,,,
2010053225,240.0,2,0,0,0,0,0,0,0,0,1,0,,67,5,2010,7,40.0166,-75.1749,237.0,6,0,0,0,0,0,0,0,0,,0,0,0,2.0,3,0,0,,0,40 00:59.550,,0,75 10:29.463,0,0,0,0,67301,0,0,0,N,0,0,0,5,67301,0,,1,1,,N,N,,0,,0,0,0,0,0,,233.0,0,4,0,0,0,0,0,3,4,0,4,3,,N,,,,,,,,,,,
2010082898,2315.0,2,0,0,0,0,0,0,0,0,1,0,,67,8,2010,2,40.0443,-75.0541,2305.0,6,0,0,0,0,0,1,0,0,1.0,0,0,0,23.0,3,2,1,,2,40 02:39.450,1.0,0,75 03:14.767,3,0,0,0,67301,0,0,0,N,0,0,0,2,67301,0,,1,1,,N,N,,0,,2,0,0,3,2,Y,2305.0,2,2,0,0,1,0,0,3,4,0,2,3,,N,,,,,,,,,,,
2010074903,1405.0,0,0,0,0,0,0,0,0,0,4,0,,67,6,2010,1,39.9392,-75.1982,1400.0,6,0,0,0,0,0,0,1,0,,0,0,0,14.0,1,1,0,,0,39 56:21.434,,7,75 11:53.564,4,0,0,0,67301,0,0,0,,0,0,0,3,67301,1,,1,1,,,,,1,,0,0,0,0,0,,1400.0,1,2,0,0,0,0,0,3,4,1,2,3,,N,,,,,,,,,,,
2010062000,121.0,2,0,0,0,0,0,0,0,0,1,0,,67,5,2010,4,39.9577,-75.1592,118.0,6,0,0,0,0,0,0,0,0,,0,0,0,1.0,3,1,0,,0,39 57:27.598,,0,75 09:33.082,8,0,0,0,67301,0,0,0,N,0,0,0,1,67301,0,,1,1,,N,N,,0,,0,0,0,0,0,,115.0,1,2,0,0,0,1,0,3,4,0,2,3,,N,,,,,,,,,,,
2010083952,905.0,1,0,0,0,0,0,0,0,0,4,0,,67,8,2010,6,39.991,-75.1319,900.0,6,0,0,0,0,0,1,0,0,9.0,1,0,0,8.0,1,0,1,,2,39 59:27.862,7.0,0,75 07:55.061,1,1,0,1,67301,0,0,0,N,0,0,0,2,67301,0,2.0,1,1,,N,N,,0,0.0,0,0,0,0,0,Y,855.0,0,2,0,0,0,0,0,3,4,0,2,3,,N,,,,,,,,,,,
2010059625,926.0,1,0,0,0,0,0,0,0,0,8,0,,67,5,2010,4,39.9514,-75.1686,920.0,6,0,0,0,0,0,0,0,0,,0,0,0,9.0,1,1,1,,0,39 57:05.195,,0,75 10:06.920,4,0,0,0,67301,1,0,0,,1,0,0,2,67301,1,,1,1,,N,N,,0,,0,0,0,3,2,,919.0,1,2,0,0,0,0,0,3,4,0,1,3,,N,,,,,,,,,,,
2010084195,2123.0,1,0,0,1,0,0,0,0,0,4,0,,67,8,2010,1,39.9237,-75.1796,2117.0,6,0,0,0,0,0,0,0,0,,0,0,0,21.0,3,1,1,,0,39 55:26.257,,0,75 10:40.267,3,0,0,0,67301,1,0,0,N,0,0,0,2,67301,0,,1,1,,N,N,,0,,1,0,0,3,2,,2115.0,1,2,0,0,0,0,0,3,4,0,1,3,,N,,,,,,,,,,,
2010052285,1608.0,1,0,0,0,0,0,0,0,0,7,0,,67,3,2010,1,40.0211,-75.1399,1604.0,6,0,0,0,0,0,0,0,0,3.0,0,0,0,16.0,1,3,1,,2,40 01:15.937,2.0,0,75 08:23.758,3,0,0,0,67301,0,0,0,N,0,0,0,4,67301,1,,2,9,,N,N,,0,,1,0,1,3,2,N,1602.0,3,2,0,0,0,1,1,3,4,0,2,7,,N,,,,,,,,,,,
2010052350,2109.0,1,0,0,0,0,0,0,0,0,4,0,,67,4,2010,6,39.9409,-75.2126,2108.0,6,0,0,0,0,0,0,0,0,,0,0,0,21.0,3,1,1,,0,39 56:27.034,,0,75 12:45.005,4,0,0,0,67301,0,0,0,,0,0,0,2,67301,1,,1,1,,,,,0,,0,0,1,3,2,,2104.0,1,2,0,0,1,0,0,3,4,0,2,3,,N,,,,,,,,,,,
2010052373,1608.0,2,0,0,0,0,0,0,0,0,4,0,,67,4,2010,6,40.0926,-75.066,1557.0,6,0,0,0,0,0,0,0,1,,0,0,0,14.0,1,2,2,,0,40 05:33.241,,0,75 03:57.765,8,0,0,0,67301,0,0,0,,0,0,0,2,67301,0,,1,1,,,,,0,,0,0,0,3,2,,1440.0,2,2,0,0,0,2,0,3,4,0,2,3,,N,,,,,,,,,,,
2010044578,30.0,1,0,0,0,0,0,0,0,0,7,0,,67,4,2010,5,40.096,-75.0248,28.0,6,0,0,0,0,1,0,0,0,,0,0,0,0.0,3,1,0,,0,40 05:45.614,,0,75 01:29.413,8,0,0,0,67301,0,0,0,N,0,0,0,1,67301,0,,5,1,,N,N,,0,,0,0,0,0,0,,25.0,1,1,0,0,1,1,0,3,4,0,1,3,,N,,,,,,,,,,,
2010062336,2030.0,2,0,0,0,0,0,0,0,0,4,0,,67,5,2010,2,40.0565,-75.0464,2030.0,6,0,0,0,0,0,0,0,1,1.0,0,0,0,20.0,3,2,1,,1,40 03:23.345,1.0,0,75 02:47.046,3,0,0,0,67301,0,0,0,,0,0,0,2,67301,0,,1,1,,N,N,,0,,2,0,0,3,2,Y,2028.0,2,2,0,0,1,0,0,3,4,0,2,3,,N,,,,,,,,,,,
2010062095,2315.0,2,0,0,0,0,0,0,0,0,4,0,,67,5,2010,1,39.9541,-75.1395,2320.0,6,0,0,1,0,0,0,0,0,3.0,0,0,0,99.0,3,3,1,,2,39 57:15.430,2.0,2,75 08:23.055,3,0,0,0,67301,0,0,0,,0,0,0,3,67301,1,,1,1,,N,N,,0,,2,0,0,0,0,Y,9999.0,3,2,0,0,0,0,0,3,4,0,2,3,,N,,,,,,,,,,,
2010044772,1745.0,2,0,0,0,0,0,0,0,0,1,0,,67,4,2010,7,39.9302,-75.2194,1740.0,6,0,0,0,0,0,1,0,0,,0,0,0,16.0,1,1,0,,0,39 55:48.670,,0,75 13:09.885,4,0,0,0,67301,0,0,0,N,0,0,0,2,67301,1,,1,1,,N,N,,0,,0,0,0,0,0,,1641.0,1,2,0,0,0,0,0,3,4,0,2,3,,N,,,,,,,,,,,
2010044838,1545.0,2,0,0,0,0,0,0,0,0,1,0,,67,4,2010,3,39.984,-75.2031,1539.0,6,0,0,0,0,0,0,0,0,1.0,0,0,0,15.0,1,4,0,,1,39 59:02.094,5.0,0,75 12:11.215,8,0,0,0,67301,0,0,0,,0,0,0,4,67301,0,,1,9,,N,N,,0,,0,0,0,0,0,N,1539.0,4,2,0,0,0,4,0,3,4,0,2,7,,N,,,,,,,,,,,
2010044847,1110.0,2,0,0,0,0,0,0,0,0,1,0,45.0,67,4,2010,5,40.0591,-75.0447,1106.0,6,0,0,0,0,0,0,0,0,1.0,0,0,0,11.0,1,2,5,,1,40 03:32.505,2.0,0,75 02:41.288,4,0,0,0,67301,0,0,0,N,0,0,0,2,67301,2,,1,1,,N,N,,0,,0,0,0,3,2,N,1104.0,2,2,0,0,0,0,0,3,4,0,2,3,,Y,3.0,2.0,Y,U,U,N,Y,U,U,U,
2010084609,1926.0,1,0,0,0,0,0,0,0,0,5,0,,67,8,2010,1,40.0069,-75.1275,1920.0,6,0,0,0,0,0,0,0,0,1.0,0,0,0,19.0,1,1,0,,2,40 00:24.990,5.0,7,75 07:38.820,8,0,0,0,67301,0,0,0,,0,0,0,2,67301,0,,1,9,,,,,0,,0,0,1,0,0,N,1910.0,1,2,0,0,0,1,0,3,4,0,2,7,,N,,,,,,,,,,,
2010127902,447.0,1,0,0,0,0,0,0,0,0,7,0,,67,12,2010,1,40.0342,-75.0194,438.0,6,0,0,0,0,0,0,0,0,1.0,0,0,0,4.0,3,1,0,,1,40 02:03.436,1.0,0,75 01:09.172,3,0,0,0,67301,0,0,0,N,0,0,0,1,68K01,0,,3,1,,N,N,,0,,1,0,0,0,0,N,426.0,1,1,0,0,0,0,0,3,4,0,1,3,,N,,,,,,,,,,,
2010048840,1305.0,1,0,0,0,0,0,0,0,0,7,0,,67,4,2010,1,39.9962,-75.1121,1300.0,6,0,0,0,0,0,0,0,0,,0,0,0,12.0,1,2,0,,0,39 59:46.345,,0,75 06:43.734,4,0,0,0,67301,0,0,0,,0,0,0,2,67301,2,,4,9,,,,,0,,0,0,0,0,0,,1255.0,2,1,0,0,0,0,0,3,4,0,1,7,,N,,,,,,,,,,,
2010060257,1727.0,1,0,0,1,0,0,0,0,0,4,0,,67,4,2010,1,39.918,-75.1699,1717.0,6,0,0,0,0,0,0,0,0,2.0,0,0,0,17.0,1,1,2,,2,39 55:04.900,4.0,0,75 10:11.672,8,0,0,0,67301,3,0,0,N,0,0,0,4,67301,0,,1,1,,N,N,,0,,0,0,0,3,3,Y,1717.0,1,2,0,0,1,1,0,3,4,0,1,3,,N,,,,,,,,,,,
2010060289,1748.0,0,0,0,0,0,0,1,0,0,8,1,,67,5,2010,3,39.9381,-75.1685,1744.0,6,0,0,0,0,0,0,0,0,,0,0,0,17.0,1,1,1,,0,39 56:17.059,,0,75 10:06.455,4,0,0,0,67301,1,0,0,,1,0,0,2,67301,1,,1,9,,N,N,,0,,0,0,0,2,2,,1740.0,1,2,0,0,0,0,0,3,4,0,1,7,,N,,,,,,,,,,,
2010058845,758.0,1,0,0,0,0,0,0,0,0,4,0,,67,5,2010,5,40.0582,-75.0427,758.0,6,0,0,0,0,0,0,0,1,,0,0,0,7.0,1,1,2,,0,40 03:30.253,,7,75 02:34.859,4,0,0,0,67301,0,0,0,N,0,0,0,2,67301,1,,1,1,,N,N,,0,,0,0,1,3,3,,737.0,1,2,0,0,0,0,0,3,4,0,2,3,,N,,,,,,,,,,,
2010039253,1820.0,1,0,0,0,0,0,0,0,0,8,0,,67,3,2010,3,40.0435,-75.0667,1817.0,6,0,0,0,0,0,0,0,0,,0,0,0,18.0,1,1,0,,0,40 02:36.618,,0,75 04:00.242,4,0,0,0,67301,1,0,0,,1,0,0,2,67301,1,,1,1,,,,,0,,0,0,0,0,0,,1800.0,1,2,0,0,0,0,0,3,4,0,1,3,,N,,,,,,,,,,,
2010039256,1638.0,0,0,0,0,0,0,0,0,0,8,0,,67,3,2010,7,40.0144,-75.1404,1633.0,6,0,0,0,0,0,0,0,0,2.0,0,0,0,16.0,1,2,0,,2,40 00:51.948,2.0,0,75 08:25.400,3,0,0,1,67301,1,0,0,N,1,0,0,2,67301,1,,1,1,,N,N,,0,,1,0,0,0,0,Y,1631.0,2,2,0,0,0,0,0,3,4,0,1,3,,N,,,,,,,,,,,
2010075905,717.0,0,0,0,0,0,0,0,0,0,8,0,,67,7,2010,3,40.0215,-75.1398,717.0,6,0,0,0,0,0,1,0,0,1.0,0,0,0,7.0,1,1,1,,1,40 01:17.486,2.0,0,75 08:23.326,4,0,0,0,67301,1,0,0,N,1,0,0,2,67301,1,,1,9,,N,N,,1,,0,0,0,3,2,N,715.0,1,2,0,0,0,0,0,3,4,0,1,7,,N,,,,,,,,,,,
2010029736,1205.0,1,0,0,0,0,0,0,0,0,5,1,,67,3,2010,3,39.9751,-75.1945,1200.0,6,0,0,0,0,0,1,0,0,,0,1,0,11.0,1,1,0,,0,39 58:33.424,,0,75 11:43.096,8,0,0,0,67301,0,0,0,N,0,0,0,3,68K01,0,,1,1,,N,N,,0,,0,0,0,0,0,,1155.0,1,2,0,0,0,1,0,3,4,0,2,3,,N,,,,,,,,,,,
2010104916,750.0,1,0,0,0,0,0,0,0,0,8,0,,67,9,2010,5,39.9731,-75.2122,744.0,6,0,0,0,0,0,1,0,0,,0,0,0,7.0,1,1,0,,0,39 58:23.294,,0,75 12:43.646,4,0,0,0,67301,1,0,0,N,1,0,0,2,67301,1,,1,9,,N,N,,0,,0,0,0,0,0,,742.0,1,2,0,0,0,0,0,3,4,0,1,7,,N,,,,,,,,,,,
2010104937,1603.0,1,0,0,1,0,0,0,0,0,5,0,,67,9,2010,3,39.9508,-75.1955,1558.0,6,0,0,0,0,0,0,0,0,,0,0,0,15.0,1,1,0,,0,39 57:02.851,,0,75 11:43.648,4,0,0,0,67301,1,0,0,N,0,0,0,2,67301,1,,6,1,,N,N,,0,,0,0,0,3,2,,1557.0,1,2,0,0,0,0,0,3,4,0,1,3,,N,,,,,,,,,,,
2010099744,2120.0,1,0,0,0,0,0,0,0,0,1,0,,67,9,2010,6,39.9438,-75.2379,2115.0,6,0,0,0,0,0,0,0,0,,0,0,0,14.0,1,1,1,,0,39 56:37.717,,0,75 14:16.351,3,0,0,0,67301,0,0,0,N,0,0,0,2,67301,0,,1,1,,N,N,,1,,1,0,0,3,2,,1430.0,1,2,0,0,0,0,0,3,4,0,2,3,,N,,,,,,,,,,,
2010099772,1300.0,3,0,0,0,0,0,0,0,0,3,0,,67,7,2010,3,39.9883,-75.1282,1251.0,6,0,0,1,0,0,0,0,0,,0,0,0,12.0,1,1,0,,0,39 59:18.013,,0,75 07:41.545,4,0,0,0,67301,1,0,0,,1,0,0,2,67301,1,,1,1,,N,N,,0,,0,0,0,0,0,,1240.0,1,4,0,0,0,0,0,3,4,0,3,3,,N,,,,,,,,,,,
2010110677,1620.0,3,0,0,0,0,0,0,0,0,1,0,,67,11,2010,6,39.963,-75.1834,1534.0,6,0,0,0,0,0,1,0,0,,0,0,0,15.0,1,2,0,,0,39 57:49.892,,0,75 11:03.282,4,0,0,0,67301,0,0,0,N,0,0,0,5,68K01,2,,1,1,,N,N,,0,,0,0,0,0,0,,1530.0,2,3,0,0,0,0,0,3,4,0,3,3,,N,,,,,,,,,,,
2010102401,1959.0,2,0,0,0,0,0,0,0,0,2,0,,67,9,2010,7,40.09,-75.0334,1959.0,6,0,1,0,0,0,0,0,1,,0,0,0,19.0,3,0,0,,0,40 05:23.902,,0,75 02:00.135,0,0,0,0,67301,0,0,0,N,0,0,0,3,67301,0,,1,1,,N,N,,0,,0,0,0,0,0,,1950.0,0,2,0,0,0,0,0,3,4,0,2,3,,N,,,,,,,,,,,
2010113271,1302.0,2,0,0,0,0,0,0,0,0,1,0,,67,11,2010,7,39.9585,-75.1675,1249.0,6,0,0,0,0,0,1,0,0,1.0,0,0,0,12.0,1,1,0,,2,39 57:30.526,3.0,0,75 10:03.441,8,0,0,0,67301,0,0,0,N,0,0,0,3,68K01,0,,1,1,,N,N,,0,,0,0,0,0,0,Y,1247.0,1,2,0,0,0,1,0,3,4,0,2,3,,N,,,,,,,,,,,
2010097412,3.0,1,0,0,0,0,0,0,0,0,4,0,,67,8,2010,5,39.9131,-75.2433,2.0,6,0,0,0,0,0,0,0,0,,0,0,0,23.0,3,1,0,,0,39 54:47.248,,7,75 14:35.848,4,0,0,1,67301,0,0,0,,0,0,0,2,67301,1,,1,1,,,,,0,,0,0,0,3,2,,2300.0,1,2,0,0,0,0,0,3,4,0,2,3,,N,,,,,,,,,,,
2010034141,128.0,1,0,0,0,0,0,0,0,0,8,0,,67,2,2010,1,39.9689,-75.2414,120.0,6,0,0,0,0,0,1,0,0,,0,0,0,1.0,3,1,0,,0,39 58:08.166,,0,75 14:28.924,4,0,0,0,67301,1,0,0,,1,0,0,3,67301,1,,1,9,,,,,0,,0,0,0,0,0,,120.0,1,2,0,0,0,0,0,3,4,0,1,3,,N,,,,,,,,,,,
2010034153,1530.0,1,0,0,0,0,0,0,0,0,8,0,,67,3,2010,5,40.0329,-75.1391,1528.0,6,0,0,0,0,0,0,0,0,,0,0,0,15.0,1,1,0,,0,40 01:58.312,,0,75 08:20.846,4,0,0,0,67301,1,0,0,N,1,0,0,3,67301,1,,1,1,,,,,0,,0,0,0,3,2,,1527.0,1,2,0,0,0,0,0,3,4,0,1,3,,N,,,,,,,,,,,
2010088656,1736.0,1,0,0,1,0,0,0,0,0,4,0,,67,8,2010,2,39.9175,-75.1561,1734.0,6,0,0,0,0,0,0,0,0,,0,0,0,17.0,1,1,1,,0,39 55:03.079,,0,75 09:22.114,4,0,0,0,67301,1,0,0,,0,0,0,2,67301,1,,1,1,,,,,0,,0,0,0,3,2,,1728.0,1,2,0,0,1,0,0,3,4,0,1,3,,N,,,,,,,,,,,
2010088691,9999.0,2,0,0,0,0,0,0,0,0,1,0,,67,7,2010,7,39.9754,-75.19,9999.0,6,0,0,0,0,0,1,0,0,,0,0,0,99.0,1,0,2,,0,39 58:31.433,,0,75 11:23.825,0,0,0,0,67301,0,0,0,,0,0,0,2,67301,0,,1,1,,,,,0,,0,0,0,3,2,,9999.0,0,2,0,0,0,0,0,3,4,0,2,3,,N,,,,,,,,,,,
2010088726,2205.0,1,0,0,0,0,0,0,0,0,6,0,,67,8,2010,6,40.0701,-75.2409,2200.0,6,0,0,0,0,0,0,1,0,,0,0,0,21.0,3,0,0,,0,40 04:13.521,,7,75 14:27.670,0,0,0,0,67301,0,0,0,,0,0,0,2,67301,0,,1,1,,,,,0,,0,0,1,0,0,,2158.0,0,2,0,0,0,0,0,3,4,0,2,3,,N,,,,,,,,,,,
2010088729,547.0,3,0,0,0,0,0,0,0,0,1,0,,67,8,2010,1,40.0632,-75.2395,545.0,6,0,0,0,0,0,0,0,0,,0,0,0,5.0,5,1,0,,0,40 03:33.837,,0,75 14:16.457,3,0,0,0,67301,0,0,0,,0,0,0,1,67301,0,,6,1,,,Y,,0,,1,0,0,0,0,,530.0,1,3,0,0,0,0,0,3,4,0,3,3,,N,,,,,,,,,,,
2010075033,920.0,0,0,0,0,0,0,0,0,0,6,0,,67,7,2010,5,40.0285,-75.1625,914.0,6,0,0,0,0,0,0,0,0,,0,0,0,9.0,1,1,0,,0,40 01:42.661,,7,75 09:45.145,4,0,0,0,67301,0,0,0,N,0,0,0,2,67301,1,,1,1,,N,N,,1,,0,0,1,0,0,,914.0,1,2,0,0,0,0,0,3,4,0,2,3,,N,,,,,,,,,,,
2010075053,1900.0,2,0,0,0,0,0,0,0,0,4,0,,67,6,2010,6,40.0009,-75.1474,1852.0,6,0,0,0,1,0,0,0,0,,0,0,0,18.0,1,2,3,,0,40 00:03.349,,0,75 08:51.852,3,0,0,0,67301,0,0,0,N,0,0,0,2,67301,0,,4,1,,N,N,,0,,2,0,0,3,3,,1800.0,2,2,0,0,0,0,0,3,4,0,2,3,,N,,,,,,,,,,,
2010064669,1223.0,1,0,0,0,0,0,0,0,0,8,0,,67,5,2010,1,39.9904,-75.1515,1221.0,6,0,0,0,0,0,0,0,0,,0,0,0,12.0,1,1,1,,0,39 59:25.400,,0,75 09:05.414,4,0,0,0,67301,1,0,0,N,1,0,0,2,67301,1,,1,1,,N,N,,0,,0,0,0,3,3,,1210.0,1,2,0,0,0,0,0,3,4,0,1,3,,N,,,,,,,,,,,
2010064704,9999.0,2,0,0,0,0,0,0,0,0,4,0,,67,5,2010,2,39.9858,-75.1115,9999.0,6,0,0,0,0,0,1,0,1,,0,0,0,12.0,1,0,1,,0,39 59:08.735,,0,75 06:41.576,0,0,0,0,67301,0,0,0,,0,0,0,2,67301,0,,1,1,,N,N,,0,,0,0,0,3,2,,1200.0,0,2,0,0,0,0,0,3,4,0,2,3,,N,,,,,,,,,,,
2010074868,1423.0,2,0,0,0,0,0,0,0,0,4,0,,67,6,2010,6,39.9612,-75.1466,1419.0,6,0,0,0,1,0,0,1,0,,0,0,0,14.0,1,0,1,,0,39 57:40.482,,0,75 08:48.201,0,0,0,0,67301,0,0,0,N,0,0,0,2,67301,0,,1,1,,N,N,,0,,0,0,0,3,2,,1417.0,0,2,0,0,0,0,0,3,4,0,2,3,,N,,,,,,,,,,,
2010083818,2217.0,0,0,0,0,0,0,0,0,0,8,0,,67,7,2010,7,40.0346,-75.0264,2215.0,6,0,0,0,0,0,0,0,0,9.0,1,0,0,22.0,3,0,0,,2,40 02:04.685,7.0,0,75 01:35.162,1,0,0,0,67301,1,1,0,N,1,1,0,5,67301,0,2.0,1,1,,N,N,,0,0.0,0,0,2,0,0,Y,2214.0,0,3,0,0,0,0,0,3,4,0,2,3,,N,,,,,,,,,,,
2010044728,1814.0,1,0,0,0,0,0,0,0,0,4,0,,67,4,2010,1,39.931,-75.2324,1814.0,6,0,0,0,0,0,0,0,1,2.0,0,0,0,18.0,1,1,1,,2,39 55:51.721,3.0,0,75 13:56.641,4,0,0,0,67301,0,0,0,N,0,0,0,2,67301,1,,1,1,,N,N,,0,,0,0,2,3,2,Y,1810.0,1,3,0,0,0,0,0,3,4,0,3,3,,N,,,,,,,,,,,
2010059585,748.0,2,0,0,0,0,0,0,0,0,4,0,,67,5,2010,3,39.9566,-75.198,741.0,6,0,0,0,0,0,0,0,0,,0,0,0,7.0,1,1,1,,0,39 57:23.865,,0,75 11:52.879,8,0,0,0,67301,0,0,0,N,0,0,0,2,67301,0,,1,9,,N,N,,0,,0,0,0,3,2,,730.0,1,2,0,0,0,1,0,3,4,0,2,7,,N,,,,,,,,,,,
2010084161,2130.0,1,0,0,1,0,0,0,0,0,8,0,,67,7,2010,5,39.9206,-75.2414,2129.0,6,0,0,0,1,0,0,0,0,,0,0,0,21.0,3,1,1,,0,39 55:14.271,,0,75 14:29.219,4,0,0,0,67301,1,0,0,,0,0,0,2,67301,1,,1,1,,,,,0,,0,0,0,0,0,,2127.0,1,2,0,0,0,0,0,3,4,0,1,3,,N,,,,,,,,,,,
2010044460,2215.0,1,0,0,0,0,0,0,0,0,0,0,,67,3,2010,3,39.961,-75.2325,2213.0,6,0,0,0,0,1,0,0,0,9.0,0,0,0,21.0,3,1,0,,2,39 57:39.527,7.0,0,75 13:57.160,3,0,0,0,67301,0,0,0,N,0,0,0,1,67301,0,,6,9,,N,N,,1,,1,0,1,0,0,Y,2130.0,1,3,0,0,0,0,0,3,4,0,3,7,,N,,,,,,,,,,,