CRN,ARRIVAL_TM,AUTOMOBILE_COUNT,BELTED_DEATH_COUNT,BELTED_SUSP_SERIOUS_INJ_COUNT,BICYCLE_COUNT,BICYCLE_DEATH_COUNT,BICYCLE_SUSP_SERIOUS_INJ_COUNT,BUS_COUNT,CHLDPAS_DEATH_COUNT,CHLDPAS_SUSP_SERIOUS_INJ_COUNT,COLLISION_TYPE,COMM_VEH_COUNT,CONS_ZONE_SPD_LIM,COUNTY,CRASH_MONTH,CRASH_YEAR,DAY_OF_WEEK,DEC_LAT,DEC_LONG,DISPATCH_TM,DISTRICT,DRIVER_COUNT_16YR,DRIVER_COUNT_17YR,DRIVER_COUNT_18YR,DRIVER_COUNT_19YR,DRIVER_COUNT_20YR,DRIVER_COUNT_50_64YR,DRIVER_COUNT_65_74YR,DRIVER_COUNT_75PLUS,EST_HRS_CLOSED,FATAL_COUNT,HEAVY_TRUCK_COUNT,HORSE_BUGGY_COUNT,HOUR_OF_DAY,ILLUMINATION,INJURY_COUNT,INTERSECT_TYPE,INTERSECTION_RELATED,LANE_CLOSED,LATITUDE,LN_CLOSE_DIR,LOCATION_TYPE,LONGITUDE,MAX_SEVERITY_LEVEL,MCYCLE_DEATH_COUNT,MCYCLE_SUSP_SERIOUS_INJ_COUNT,MOTORCYCLE_COUNT,MUNICIPALITY,NONMOTR_COUNT,NONMOTR_DEATH_COUNT,NONMOTR_SUSP_SERIOUS_INJ_COUNT,NTFY_HIWY_MAINT,PED_COUNT,PED_DEATH_COUNT,PED_SUSP_SERIOUS_INJ_COUNT,PERSON_COUNT,POLICE_AGCY,POSSIBLE_INJ_COUNT,RDWY_SURF_TYPE_CD,RELATION_TO_ROAD,ROAD_CONDITION,ROADWAY_CLEARED,SCH_BUS_IND,SCH_ZONE_IND,SECONDARY_CRASH,SMALL_TRUCK_COUNT,SPEC_JURIS_CD,SUSP_MINOR_INJ_COUNT,SUSP_SERIOUS_INJ_COUNT,SUV_COUNT,TCD_FUNC_CD,TCD_TYPE,TFC_DETOUR_IND,TIME_OF_DAY,TOT_INJ_COUNT,TOTAL_UNITS,UNB_DEATH_COUNT,UNB_SUSP_SERIOUS_INJ_COUNT,UNBELTED_OCC_COUNT,UNK_INJ_DEG_COUNT,UNK_INJ_PER_COUNT,URBAN_AREA,URBAN_RURAL,VAN_COUNT,VEHICLE_COUNT,WEATHER1,WEATHER2,WORK_ZONE_IND,WORK_ZONE_LOC,WORK_ZONE_TYPE,WORKERS_PRES,WZ_CLOSE_DETOUR,WZ_FLAGGER,WZ_LAW_OFFCR_IND,WZ_LN_CLOSURE,WZ_MOVING,WZ_OTHER,WZ_SHLDER_MDN,WZ_WORKERS_INJ_KILLED
2010084237,156.0,2,0,0,0,0,0,0,0,0,4,0,,67,7,2010,5,39.9161,-75.1663,154.0,6,0,0,0,0,1,1,0,0,,0,0,0,1.0,3,1,1,,0,39 54:58.048,,0,75 09:58.540,4,0,0,0,67301,0,0,0,N,0,0,0,3,67301,1,,1,1,,N,N,,0,,0,0,0,3,2,,146.0,1,2,0,0,0,0,0,3,4,0,2,3,,N,,,,,,,,,,,
2010043828,1832.0,1,0,0,0,0,0,0,0,0,1,0,,67,5,2010,5,39.967,-75.1334,1821.0,6,0,0,0,0,0,0,0,0,,0,0,0,18.0,1,1,0,,0,39 58:01.610,,0,75 07:59.437,8,0,0,0,67301,0,0,0,N,0,0,0,3,68K01,0,,1,1,,N,N,,0,,0,0,1,0,0,,1815.0,1,3,0,0,0,1,0,3,4,1,3,3,,N,,,,,,,,,,,
2010054416,1729.0,1,0,0,0,0,0,0,0,0,5,0,,67,5,2010,3,39.8892,-75.241,1709.0,6,0,0,0,0,0,0,1,0,,0,0,0,17.0,1,0,0,,0,39 53:21.130,,0,75 14:27.657,0,0,0,0,67301,0,0,0,N,0,0,0,2,68K01,0,,2,1,,N,N,,0,,0,0,0,0,0,,1704.0,0,2,0,0,0,0,0,3,4,1,2,3,,N,,,,,,,,,,,
2010052339,1734.0,3,0,0,0,0,0,0,0,0,1,0,,67,5,2010,5,40.0259,-75.1197,1733.0,6,0,0,0,0,0,0,0,0,1.0,0,0,0,17.0,1,1,2,,1,40 01:33.297,1.0,0,75 07:10.065,4,0,0,0,67301,0,0,0,N,0,0,0,3,67301,1,,1,1,,N,N,,0,,0,0,0,0,0,N,1733.0,1,3,0,0,0,0,0,3,4,0,3,3,,N,,,,,,,,,,,
2010044309,319.0,1,0,0,0,0,0,0,0,0,7,0,,67,4,2010,1,39.8903,-75.2397,311.0,6,0,0,0,0,0,0,1,0,,0,0,0,3.0,3,1,0,,0,39 53:25.168,,0,75 14:22.997,4,0,0,0,67301,0,0,0,Y,0,0,0,1,68K01,1,,2,9,,N,N,,0,,0,0,0,0,0,,308.0,1,1,0,0,0,0,0,3,4,0,1,7,,N,,,,,,,,,,,
2010044606,1240.0,2,0,0,0,0,0,0,0,0,4,0,,67,3,2010,5,40.0389,-75.0833,1235.0,6,0,0,0,0,0,0,0,0,,0,0,0,12.0,1,2,1,,0,40 02:20.090,,0,75 04:59.750,4,0,0,0,67301,0,0,0,N,0,0,0,2,67301,2,,1,1,,N,N,,0,,0,0,0,3,2,,1230.0,2,2,0,0,1,0,0,3,4,0,2,3,,N,,,,,,,,,,,
2010044619,745.0,2,0,0,0,0,0,0,0,0,1,0,,67,3,2010,4,40.0294,-75.1892,735.0,6,0,0,0,0,0,0,0,0,1.0,0,0,0,7.0,1,0,0,,1,40 01:45.844,2.0,0,75 11:20.977,0,0,0,0,67301,0,0,0,N,0,0,0,3,67301,0,,1,1,,N,N,,0,,0,0,0,0,0,N,735.0,0,2,0,0,0,0,0,3,4,0,2,3,,N,,,,,,,,,,,
2010062089,1842.0,1,0,0,1,0,0,0,0,0,4,0,,67,5,2010,5,39.9336,-75.1542,1839.0,6,0,0,0,0,0,0,0,0,,0,0,0,18.0,1,1,1,,0,39 56:01.122,,0,75 09:15.065,4,0,0,0,67301,1,0,0,,0,0,0,2,67301,1,,1,1,,,,,0,,0,0,0,3,3,,1825.0,1,2,0,0,0,0,1,3,4,0,1,3,,N,,,,,,,,,,,
2010047853,1130.0,1,0,0,0,0,0,0,0,0,5,1,,67,5,2010,2,39.9596,-75.1753,1124.0,6,0,0,0,0,0,0,0,0,1.0,0,1,0,11.0,1,1,0,,2,39 57:34.769,4.0,0,75 10:33.930,8,0,0,0,67301,0,0,0,N,0,0,0,3,68K01,0,,1,1,,N,N,,0,,0,0,0,0,0,N,1118.0,1,2,0,0,0,1,0,3,4,0,2,3,,N,,,,,,,,,,,
2010048844,1338.0,0,0,0,0,0,0,0,0,0,7,0,,67,4,2010,2,39.938,-75.1727,1328.0,6,0,0,0,0,0,0,0,0,,0,0,0,10.0,1,1,0,,0,39 56:16.731,,0,75 10:21.594,3,0,0,0,67301,1,0,0,N,1,0,0,2,67301,0,,5,9,,,,,1,,1,0,0,0,0,,1030.0,1,2,0,0,0,0,0,3,4,0,1,7,,N,,,,,,,,,,,
2010060306,1550.0,0,0,0,0,0,0,0,0,0,8,0,,67,5,2010,5,39.9465,-75.161,1537.0,6,0,0,0,0,0,1,0,0,,0,0,0,15.0,1,1,1,,0,39 56:47.500,,0,75 09:39.776,8,0,0,0,67301,1,0,0,N,1,0,0,3,67301,0,,1,1,,N,N,,0,,0,0,1,3,2,,1525.0,1,2,0,0,0,1,0,3,4,0,1,3,,N,,,,,,,,,,,
2010073376,51.0,1,0,0,0,0,0,0,0,0,7,0,,67,6,2010,1,40.0092,-75.1971,50.0,6,0,0,0,0,1,0,0,0,9.0,0,0,0,0.0,3,1,0,,2,40 00:30.091,6.0,0,75 11:41.225,8,0,0,0,67301,0,0,0,,0,0,0,1,67301,0,,2,1,,,,,0,,0,0,0,0,0,N,49.0,1,1,0,0,0,1,0,3,4,0,1,3,,N,,,,,,,,,,,
2010032587,1247.0,1,0,0,0,0,0,0,0,0,1,0,,67,3,2010,5,40.0308,-75.1179,1243.0,6,0,0,0,0,0,0,0,0,,0,0,0,12.0,1,1,0,,0,40 01:50.994,,0,75 07:04.560,8,0,0,0,67301,0,0,0,N,0,0,0,3,67301,0,,1,1,,N,N,,1,,0,0,0,0,0,,1200.0,1,2,0,0,1,1,1,3,4,0,2,3,,N,,,,,,,,,,,
2010032588,1100.0,1,0,0,0,0,0,0,0,0,2,0,,67,3,2010,6,39.9997,-75.1385,1052.0,6,0,0,0,0,0,0,0,0,1.0,0,0,0,10.0,1,2,1,,1,39 59:59.174,1.0,0,75 08:18.618,4,0,0,0,67301,0,0,0,,0,0,0,2,67301,1,,1,1,,N,N,,0,,0,0,0,3,2,N,1059.0,2,2,0,0,0,1,0,3,4,1,2,3,,N,,,,,,,,,,,
2010104962,1320.0,6,0,0,0,0,0,0,0,0,7,0,,67,9,2010,4,40.072,-75.013,1315.0,6,0,0,0,0,0,0,0,0,,0,0,0,13.0,1,1,1,,0,40 04:19.382,,0,75 00:46.920,4,0,0,0,67301,0,0,0,N,0,0,0,1,67301,1,,2,1,,N,N,,0,,0,0,0,3,2,,1314.0,1,6,0,0,0,0,0,3,4,0,6,3,,N,,,,,,,,,,,
2010010020,1631.0,2,0,0,0,0,0,0,0,0,1,0,,67,1,2010,2,39.9668,-75.1341,1624.0,6,0,0,0,0,0,0,0,0,,0,0,0,16.0,1,3,0,,0,39 58:00.783,,0,75 08:02.122,4,0,0,0,67301,0,0,0,N,0,0,0,9,68K01,3,,1,1,,N,N,,0,,0,0,1,0,0,,1618.0,3,3,0,0,0,0,0,3,4,0,3,3,,N,,,,,,,,,,,
2010080813,2336.0,2,0,0,0,0,0,0,0,0,1,0,,67,8,2010,7,39.9081,-75.1463,2336.0,6,0,0,0,0,0,0,0,0,,0,0,0,23.0,3,0,0,,0,39 54:29.222,,0,75 08:46.781,0,0,0,0,67301,0,0,0,N,0,0,0,3,67501,0,,1,1,,N,N,,0,,0,0,0,3,2,,2336.0,0,2,0,0,1,0,0,3,4,0,2,3,,N,,,,,,,,,,,
2010079207,1149.0,1,0,0,0,0,0,0,0,0,1,0,45.0,67,8,2010,2,39.8993,-75.1771,1147.0,6,0,0,0,0,0,0,0,0,1.0,0,0,0,11.0,1,1,0,,2,39 53:56.646,2.0,0,75 10:26.351,8,0,0,0,67301,0,0,0,N,0,0,0,9,68K01,0,,1,1,,N,N,,0,,0,0,1,2,8,N,1145.0,1,3,0,0,1,1,0,3,4,1,3,3,,Y,2.0,1.0,Y,N,N,N,Y,N,N,N,
2010118072,1811.0,0,0,0,1,0,0,1,0,0,4,1,,67,10,2010,2,39.9244,-75.1696,1806.0,6,0,0,0,0,0,1,0,0,,0,0,0,18.0,3,1,1,,0,39 55:27.786,,0,75 10:11.056,4,0,0,0,67301,1,0,0,,0,0,0,6,67301,1,,1,1,,,,,0,,0,0,0,3,2,,1803.0,1,2,0,0,0,0,0,3,4,0,1,3,,N,,,,,,,,,,,
2010102398,1726.0,0,0,0,0,0,0,0,0,0,1,0,,67,9,2010,6,40.0675,-75.0653,1724.0,6,0,0,0,0,0,0,0,0,,0,0,0,17.0,1,2,0,,0,40 04:02.909,,7,75 03:54.951,4,0,0,0,67301,0,0,0,N,0,0,0,2,67301,2,,1,1,,N,N,,1,,0,0,0,0,0,,1709.0,2,2,0,0,0,0,0,3,4,1,2,3,,N,,,,,,,,,,,
2010102487,1830.0,1,0,0,0,0,0,1,0,0,4,1,,67,9,2010,3,40.0685,-75.0398,1815.0,6,0,0,0,0,0,2,0,0,,0,0,0,17.0,4,1,2,,0,40 04:06.330,,0,75 02:23.513,4,0,0,0,67301,0,0,0,N,0,0,0,3,67301,1,,1,1,,N,N,,0,,0,0,0,3,3,,1750.0,1,2,0,0,0,0,0,3,4,0,2,3,,N,,,,,,,,,,,
2010113311,1945.0,1,0,0,0,0,0,0,0,0,8,0,,67,10,2010,3,39.9414,-75.1476,1941.0,6,0,0,0,0,0,0,0,0,,0,0,0,18.0,4,1,1,,0,39 56:29.130,,0,75 08:51.356,4,0,0,0,67301,1,0,0,N,1,0,0,2,67301,1,,1,1,,N,N,,0,,0,0,0,3,2,,1830.0,1,2,0,0,0,0,0,3,4,0,1,3,,N,,,,,,,,,,,
2010105062,1433.0,1,0,0,1,0,0,0,0,0,5,0,,67,9,2010,1,39.9533,-75.1837,1427.0,6,0,0,0,0,0,0,0,0,,0,0,0,14.0,1,1,0,,0,39 57:11.957,,0,75 11:01.147,4,0,0,0,67301,1,0,0,N,0,0,0,2,67301,1,,1,1,,N,N,,0,,0,0,0,0,0,,1426.0,1,2,0,0,1,0,0,3,4,0,1,3,,N,,,,,,,,,,,
2010118345,1108.0,0,0,0,0,0,0,0,0,0,1,0,45.0,67,11,2010,5,39.8877,-75.2038,1108.0,6,0,0,0,0,0,1,0,0,,0,0,0,11.0,1,0,0,,0,39 53:49.590,,0,75 11:19.436,0,0,0,0,67301,0,0,0,N,0,0,0,2,68K01,0,,1,1,,N,N,,1,,0,0,1,0,0,,1107.0,0,2,0,0,0,0,0,3,4,0,2,3,,Y,2.0,1.0,Y,N,N,Y,Y,N,N,N,
2010102599,940.0,1,0,0,0,0,0,0,0,0,2,0,25.0,67,10,2010,6,40.0371,-75.0112,931.0,6,0,0,0,0,0,1,0,0,,0,0,0,9.0,1,2,1,,0,40 02:13.039,,0,75 00:41.011,4,0,0,0,67301,0,0,0,N,0,0,0,3,67301,1,,4,1,,N,N,,0,,0,0,0,3,2,,930.0,2,2,0,0,0,1,0,3,4,0,2,3,,Y,4.0,1.0,Y,Y,,Y,,,,,
2010102633,1130.0,2,0,0,0,0,0,0,0,0,4,0,,67,7,2010,3,39.9379,-75.1667,1128.0,6,0,0,0,0,0,2,0,0,,0,0,0,11.0,1,2,1,,0,39 56:16.111,,0,75 10:00.162,8,0,0,0,67301,0,0,0,N,0,0,0,2,67301,0,,1,1,,N,,,0,,0,0,0,9,2,,1127.0,2,2,0,0,1,2,0,3,4,0,2,3,,N,,,,,,,,,,,
2010118411,922.0,2,0,0,0,0,0,0,0,0,5,0,,67,11,2010,5,40.0134,-75.1798,922.0,6,0,0,0,0,0,0,0,0,,0,0,0,9.0,1,1,0,,0,40 00:48.072,,0,75 10:47.267,8,0,0,0,67301,0,0,0,N,0,0,0,2,67301,0,,1,9,,N,,,0,,0,0,0,0,0,,920.0,1,2,0,0,0,1,0,3,4,0,2,7,,N,,,,,,,,,,,
2010118426,835.0,2,0,0,0,0,0,0,0,0,4,0,,67,11,2010,3,40.0159,-75.1538,830.0,6,0,0,0,0,0,0,0,0,,0,0,0,99.0,1,2,1,,0,40 00:57.350,,0,75 09:13.935,4,0,0,0,67301,0,0,0,,0,0,0,4,67301,2,,1,1,,,,,0,,0,0,0,3,2,,9999.0,2,2,0,0,0,0,0,3,4,0,2,3,,N,,,,,,,,,,,
2010094616,1518.0,2,0,0,0,0,0,0,0,0,5,0,,67,10,2010,1,39.912,-75.1698,1516.0,6,0,0,1,0,0,1,0,0,,0,0,0,15.0,1,1,0,,0,39 54:43.265,,0,75 10:11.351,4,0,0,0,67301,0,0,0,N,0,0,0,8,67501,1,,1,1,,N,N,,1,,0,0,0,3,8,,1516.0,1,3,0,0,0,0,0,3,4,0,3,3,,N,,,,,,,,,,,
2010091216,346.0,2,0,0,0,0,0,0,0,0,1,0,,67,8,2010,1,39.9404,-75.2263,323.0,6,0,0,0,0,0,0,0,0,,0,0,0,3.0,3,0,0,,0,39 56:25.611,,0,75 13:34.810,0,0,0,0,67301,0,0,0,N,0,0,0,1,67301,0,,6,1,,N,N,,0,,0,0,0,0,0,,322.0,0,2,0,0,1,0,0,3,4,0,2,3,,N,,,,,,,,,,,
2010088868,2345.0,1,0,0,0,0,0,0,0,0,5,1,,67,8,2010,3,40.0158,-75.0714,2330.0,6,0,0,0,0,0,0,0,0,9.0,0,1,0,23.0,3,2,0,,1,40 00:56.769,1.0,0,75 04:17.013,3,0,0,0,67301,2,0,0,,0,0,0,3,67301,0,,1,1,,,,,0,,1,0,0,0,0,N,2330.0,2,2,0,0,0,1,0,3,4,0,2,3,,N,,,,,,,,,,,
2010102958,1919.0,3,0,0,0,0,0,0,0,0,4,0,,67,9,2010,6,39.9698,-75.2231,1914.0,6,0,0,0,0,0,0,0,0,,0,0,0,19.0,3,0,2,,0,39 58:11.114,,0,75 13:23.242,0,0,0,0,67301,0,0,0,N,0,0,0,3,67301,0,,1,1,,N,N,,0,,0,0,0,3,3,,1914.0,0,3,0,0,0,0,0,3,4,0,3,3,,N,,,,,,,,,,,
2010103038,519.0,1,0,0,0,0,0,0,0,0,7,0,,67,9,2010,7,39.9872,-75.2161,516.0,6,0,0,0,0,0,0,0,0,,0,0,0,5.0,3,3,0,,0,39 59:13.923,,0,75 12:57.955,8,0,0,0,67301,0,0,0,N,0,0,0,3,67301,0,,4,1,,N,N,,0,,0,0,0,0,0,,514.0,3,1,0,0,0,3,0,3,4,0,1,3,,N,,,,,,,,,,,
2010021874,849.0,1,0,0,0,0,0,0,0,0,4,0,,67,2,2010,2,39.9864,-75.1803,848.0,6,0,0,0,0,0,1,0,1,,0,0,0,8.0,1,1,1,,0,39 59:10.926,,0,75 10:48.967,4,0,0,0,67301,0,0,0,,0,0,0,9,67301,1,,1,1,,,,,0,,0,0,0,3,2,,848.0,1,2,0,0,0,0,0,3,4,1,2,3,,N,,,,,,,,,,,
2010048453,2220.0,3,0,0,0,0,0,0,0,0,1,0,,67,4,2010,5,40.0775,-75.0438,2220.0,6,0,0,0,0,0,1,0,1,,0,0,0,22.0,3,0,2,,0,40 04:39.117,,0,75 02:37.534,0,0,0,0,67301,0,0,0,N,0,0,0,3,67301,0,,1,1,,N,N,,0,,0,0,0,3,2,,2220.0,0,3,0,0,0,0,0,3,4,0,3,3,,N,,,,,,,,,,,
2010048454,255.0,2,0,0,0,0,0,0,0,0,6,0,,67,4,2010,1,40.1212,-75.0099,250.0,6,0,0,0,0,0,0,0,0,,0,0,0,2.0,3,0,0,,0,40 07:16.324,,0,75 00:35.744,0,0,0,0,67301,0,0,0,N,0,0,0,1,67301,0,,6,9,,N,N,,0,,0,0,0,0,0,,230.0,0,2,0,0,0,0,0,3,4,0,2,7,,N,,,,,,,,,,,
2010075071,1705.0,1,0,0,0,0,0,0,0,0,4,0,,67,6,2010,4,40.0831,-75.0261,1659.0,6,0,0,0,0,0,1,0,1,,0,0,0,16.0,1,2,0,,0,40 04:59.291,,7,75 01:33.816,4,0,0,0,67301,0,0,0,N,0,0,0,4,67301,2,,1,1,,N,N,,1,,0,0,1,3,2,,1659.0,2,3,0,0,0,0,0,3,4,0,3,3,,N,,,,,,,,,,,
2010074832,547.0,1,0,0,0,0,0,0,0,0,5,0,,67,7,2010,7,40.0171,-75.066,547.0,6,0,0,0,0,0,0,0,0,2.0,0,0,0,5.0,1,1,0,,1,40 01:01.345,1.0,0,75 03:57.822,4,0,0,0,67301,0,0,0,N,0,0,0,2,67301,1,,1,1,,N,N,,0,,0,0,2,0,0,Y,547.0,1,3,0,0,2,0,0,3,4,0,3,3,,N,,,,,,,,,,,
2010080448,220.0,0,0,0,0,0,0,0,0,0,7,1,,67,8,2010,2,40.0056,-75.1836,154.0,6,0,0,0,0,0,0,0,0,3.0,0,1,0,1.0,3,0,0,,1,40 00:20.013,4.0,1,75 11:01.108,0,0,0,0,67301,0,0,0,N,0,0,0,1,67301,0,,4,1,,N,N,,0,,0,0,0,0,0,N,154.0,0,1,0,0,0,0,0,3,4,0,1,3,,N,,,,,,,,,,,
2010074906,9999.0,1,0,0,0,0,0,0,0,0,1,0,,67,7,2010,3,40.0537,-75.1414,1925.0,6,0,0,0,0,0,0,1,0,,0,0,0,19.0,1,2,1,,0,40 03:13.146,,0,75 08:29.176,8,0,0,0,67301,0,0,0,N,0,0,0,3,67301,0,,1,1,,N,N,,0,,0,0,1,3,2,,1900.0,2,2,0,0,0,2,0,3,4,0,2,3,,N,,,,,,,,,,,
2010044373,1245.0,1,0,0,0,0,0,0,0,0,7,1,45.0,67,5,2010,3,40.0096,-75.1873,1228.0,6,0,0,0,0,0,0,0,0,,0,1,0,12.0,1,0,6,,0,40 00:34.498,,2,75 11:14.124,0,0,0,0,67301,0,0,0,Y,0,0,0,2,67301,0,,1,1,,N,N,,0,,0,0,0,0,0,,1225.0,0,2,0,0,0,0,0,3,4,0,2,3,,Y,5.0,2.0,Y,,,Y,,,,,
2010059623,1915.0,1,0,0,0,0,0,0,0,0,6,0,,67,5,2010,4,39.9498,-75.1729,1913.0,6,0,0,0,0,0,1,0,0,,0,0,0,99.0,1,1,0,,0,39 56:59.188,,0,75 10:22.346,8,0,0,1,67301,0,0,0,,0,0,0,2,67301,0,,6,1,,N,N,,0,,0,0,0,0,0,,9999.0,1,2,0,0,0,1,0,3,4,0,2,3,,N,,,,,,,,,,,
2010044487,1348.0,3,0,0,0,0,0,0,0,0,1,0,,67,3,2010,3,39.9517,-75.1707,1342.0,6,0,0,0,0,0,0,0,0,,0,0,0,13.0,1,1,0,,0,39 57:06.126,,0,75 10:14.363,8,0,0,0,67301,0,0,0,,0,0,0,7,67301,0,,1,1,,,N,,0,,0,0,0,0,0,,1340.0,1,3,0,0,0,1,0,3,4,0,3,3,,N,,,,,,,,,,,
2010084210,2020.0,1,0,0,0,0,0,0,0,0,8,0,,67,7,2010,6,39.9901,-75.1136,2015.0,6,0,0,0,0,0,0,0,0,,0,0,0,20.0,1,1,0,,0,39 59:24.453,,0,75 06:48.891,4,0,0,0,67301,1,0,0,N,1,0,0,2,67301,1,,1,1,,N,N,,0,,0,0,0,0,0,,2005.0,1,2,0,0,0,0,0,3,4,0,1,3,,N,,,,,,,,,,,
2010084243,2130.0,1,0,0,0,0,0,0,0,0,5,0,,67,7,2010,1,40.0379,-75.1395,2127.0,6,0,0,0,0,0,1,0,0,,0,0,0,21.0,3,0,1,,0,40 02:16.443,,0,75 08:22.324,0,0,0,0,67301,0,0,0,,0,0,0,2,67301,0,,1,1,,N,N,,0,,0,0,1,3,2,,2115.0,0,2,0,0,0,0,0,3,4,0,2,3,,N,,,,,,,,,,,
2010043827,718.0,1,0,0,0,0,0,0,0,0,1,0,,67,5,2010,5,39.933,-75.2,645.0,6,0,0,0,0,0,1,0,0,1.0,0,0,0,6.0,1,0,0,,1,39 56:04.091,4.0,0,75 11:59.511,0,0,0,0,67301,0,0,0,N,0,0,0,2,68K01,0,,1,1,,N,N,,0,,0,0,0,0,0,N,641.0,0,2,0,0,0,0,0,3,4,1,2,3,,N,,,,,,,,,,,
2010052427,2045.0,1,0,0,0,0,0,0,0,0,4,0,,67,5,2010,7,40.0189,-75.1472,2040.0,6,0,0,0,0,0,0,0,0,,0,0,0,18.0,3,2,1,,0,40 01:08.216,,0,75 08:49.391,8,0,0,0,67301,0,0,0,N,0,0,0,2,67301,0,,1,1,,N,N,,0,,0,0,1,3,2,,1845.0,2,2,0,0,0,2,0,3,4,0,2,3,,N,,,,,,,,,,,
2010052043,214.0,0,0,0,0,0,0,0,0,0,7,0,,67,5,2010,1,39.9314,-75.1994,208.0,6,0,0,0,0,0,0,0,0,1.0,0,0,0,2.0,2,0,0,,2,39 55:55.259,4.0,0,75 11:59.516,0,0,0,0,67301,0,0,0,N,0,0,0,2,68K01,0,,2,9,,N,N,,0,,0,0,1,0,0,N,200.0,0,1,0,0,0,0,0,3,4,0,1,7,,N,,,,,,,,,,,
2010044548,742.0,0,0,0,0,0,0,0,0,0,7,0,,67,3,2010,5,39.9627,-75.1778,741.0,6,0,0,0,0,0,0,0,0,2.0,0,0,0,7.0,1,1,3,,2,39 57:45.814,3.0,0,75 10:39.688,2,0,0,0,67301,0,0,0,N,0,0,0,1,67301,0,,5,1,,N,N,,1,,0,1,0,0,0,Y,740.0,1,1,0,0,0,0,0,3,4,0,1,3,,N,,,,,,,,,,,
2010062259,1606.0,2,0,0,0,0,0,0,0,0,4,0,,67,5,2010,1,39.9914,-75.1831,1603.0,6,0,0,0,0,0,0,0,0,,0,0,0,16.0,1,2,2,,0,39 59:28.968,,0,75 10:59.246,4,0,0,0,67301,0,0,0,,0,0,0,3,67301,2,,1,1,,N,N,,0,,0,0,0,3,2,,1602.0,2,2,0,0,0,0,0,3,4,0,2,3,,N,,,,,,,,,,,
2010081550,1540.0,0,0,0,0,0,0,0,0,0,1,0,,67,7,2010,4,40.0139,-75.205,1530.0,6,0,0,0,0,0,1,0,0,,0,0,0,14.0,1,1,6,,0,40 00:47.551,,0,75 12:17.900,8,0,0,0,67301,0,0,0,N,0,0,0,6,67301,0,,1,1,,N,N,,0,,0,0,1,3,3,,1450.0,1,2,0,0,0,1,0,3,4,1,2,3,,N,,,,,,,,,,,
2010044585,2050.0,1,0,0,0,0,0,0,0,0,1,0,,67,4,2010,5,39.9743,-75.1677,2044.0,6,0,0,0,0,0,0,1,0,,0,0,0,20.0,3,4,3,,0,39 58:27.522,,0,75 10:03.835,4,0,0,0,67301,0,0,0,N,0,0,0,8,67301,4,,1,1,,N,N,,0,,0,0,0,0,0,,2040.0,4,2,0,0,0,0,4,3,4,1,2,7,,N,,,,,,,,,,,
2010044626,807.0,2,0,0,0,0,0,0,0,0,1,0,,67,3,2010,2,39.9774,-75.2271,805.0,6,0,0,0,0,0,0,0,0,,0,0,0,7.0,1,1,3,,0,39 58:38.507,,0,75 13:37.478,4,0,0,0,67301,0,0,0,N,0,0,0,2,67301,1,,1,9,,N,N,,0,,0,0,0,3,2,,730.0,1,2,0,0,0,0,0,3,4,0,2,7,,N,,,,,,,,,,,
2010062072,1702.0,2,0,0,0,0,0,0,0,0,1,0,,67,5,2010,6,40.0576,-75.1506,1700.0,6,0,0,0,0,0,1,0,0,,0,0,0,16.0,1,1,1,,0,40 03:27.270,,0,75 09:02.091,8,0,0,0,67301,0,0,0,N,0,0,0,3,67301,0,,1,1,,N,N,,0,,0,0,0,3,3,,1630.0,1,2,0,0,0,1,1,3,4,0,2,3,,N,,,,,,,,,,,
2010062090,1848.0,2,0,0,0,0,0,0,0,0,4,0,,67,4,2010,1,40.025,-75.079,1844.0,6,0,0,0,1,0,0,0,0,,0,0,0,17.0,1,1,1,,0,40 01:29.863,,0,75 04:44.439,8,0,0,0,67301,0,0,0,N,0,0,0,2,67301,0,,1,98,,N,N,,0,,0,0,0,3,2,,1748.0,1,2,0,0,0,1,0,3,4,0,2,3,,N,,,,,,,,,,,
2010044835,248.0,1,0,0,0,0,0,0,0,0,1,0,,67,4,2010,7,39.9931,-75.2171,246.0,6,0,0,0,0,0,0,0,0,,0,0,0,2.0,2,1,0,,0,39 59:35.222,,0,75 13:01.733,3,0,0,1,67301,0,0,0,N,0,0,0,2,67301,0,,1,1,,N,N,,0,,1,0,0,0,0,,240.0,1,2,0,0,0,0,0,3,4,0,2,3,,N,,,,,,,,,,,
2010050552,1022.0,0,0,0,0,0,0,0,0,0,1,0,,67,5,2010,3,39.9778,-75.2015,1022.0,6,0,0,0,0,0,0,0,0,1.0,0,0,0,10.0,1,0,0,,1,39 58:42.372,3.0,0,75 12:09.608,0,0,0,0,67301,0,0,0,N,0,0,0,3,68K01,0,,1,9,,N,N,,0,,0,0,2,0,0,N,1022.0,0,2,0,0,0,0,0,3,4,0,2,7,,N,,,,,,,,,,,
2010050566,2121.0,0,0,0,0,0,0,0,0,0,1,0,,67,5,2010,6,39.9136,-75.1482,2115.0,6,0,0,0,0,0,0,0,0,,0,0,0,21.0,3,0,0,,0,39 54:49.482,,0,75 08:53.252,0,0,0,0,67301,0,0,0,N,0,0,0,6,68K01,0,,1,1,,N,N,,1,,0,0,1,0,0,,2110.0,0,2,0,0,0,0,0,3,4,0,2,3,,N,,,,,,,,,,,
2010128277,111.0,2,0,0,0,0,0,0,0,0,5,0,,67,12,2010,5,39.9562,-75.1415,111.0,6,0,0,0,0,0,1,0,0,2.0,0,0,0,1.0,3,0,0,,2,39 57:22.153,3.0,3,75 08:29.531,0,0,0,0,67301,0,0,0,N,0,0,0,3,67501,0,,1,1,,N,N,,0,,0,0,0,3,8,N,111.0,0,2,0,0,0,0,0,3,4,0,2,3,,N,,,,,,,,,,,