CRN,ARRIVAL_TM,AUTOMOBILE_COUNT,BELTED_DEATH_COUNT,BELTED_SUSP_SERIOUS_INJ_COUNT,BICYCLE_COUNT,BICYCLE_DEATH_COUNT,BICYCLE_SUSP_SERIOUS_INJ_COUNT,BUS_COUNT,CHLDPAS_DEATH_COUNT,CHLDPAS_SUSP_SERIOUS_INJ_COUNT,COLLISION_TYPE,COMM_VEH_COUNT,CONS_ZONE_SPD_LIM,COUNTY,CRASH_MONTH,CRASH_YEAR,DAY_OF_WEEK,DEC_LAT,DEC_LONG,DISPATCH_TM,DISTRICT,DRIVER_COUNT_16YR,DRIVER_COUNT_17YR,DRIVER_COUNT_18YR,DRIVER_COUNT_19YR,DRIVER_COUNT_20YR,DRIVER_COUNT_50_64YR,DRIVER_COUNT_65_74YR,DRIVER_COUNT_75PLUS,EST_HRS_CLOSED,FATAL_COUNT,HEAVY_TRUCK_COUNT,HORSE_BUGGY_COUNT,HOUR_OF_DAY,ILLUMINATION,INJURY_COUNT,INTERSECT_TYPE,INTERSECTION_RELATED,LANE_CLOSED,LATITUDE,LN_CLOSE_DIR,LOCATION_TYPE,LONGITUDE,MAX_SEVERITY_LEVEL,MCYCLE_DEATH_COUNT,MCYCLE_SUSP_SERIOUS_INJ_COUNT,MOTORCYCLE_COUNT,MUNICIPALITY,NONMOTR_COUNT,NONMOTR_DEATH_COUNT,NONMOTR_SUSP_SERIOUS_INJ_COUNT,NTFY_HIWY_MAINT,PED_COUNT,PED_DEATH_COUNT,PED_SUSP_SERIOUS_INJ_COUNT,PERSON_COUNT,POLICE_AGCY,POSSIBLE_INJ_COUNT,RDWY_SURF_TYPE_CD,RELATION_TO_ROAD,ROAD_CONDITION,ROADWAY_CLEARED,SCH_BUS_IND,SCH_ZONE_IND,SECONDARY_CRASH,SMALL_TRUCK_COUNT,SPEC_JURIS_CD,SUSP_MINOR_INJ_COUNT,SUSP_SERIOUS_INJ_COUNT,SUV_COUNT,TCD_FUNC_CD,TCD_TYPE,TFC_DETOUR_IND,TIME_OF_DAY,TOT_INJ_COUNT,TOTAL_UNITS,UNB_DEATH_COUNT,UNB_SUSP_SERIOUS_INJ_COUNT,UNBELTED_OCC_COUNT,UNK_INJ_DEG_COUNT,UNK_INJ_PER_COUNT,URBAN_AREA,URBAN_RURAL,VAN_COUNT,VEHICLE_COUNT,WEATHER1,WEATHER2,WORK_ZONE_IND,WORK_ZONE_LOC,WORK_ZONE_TYPE,WORKERS_PRES,WZ_CLOSE_DETOUR,WZ_FLAGGER,WZ_LAW_OFFCR_IND,WZ_LN_CLOSURE,WZ_MOVING,WZ_OTHER,WZ_SHLDER_MDN,WZ_WORKERS_INJ_KILLED
2010128475,925.0,1,0,0,0,0,0,0,0,0,7,0,,67,12,2010,6,39.9571,-75.1444,852.0,6,0,0,0,0,0,0,0,0,1.0,0,0,0,8.0,1,0,6,,2,39 57:24.144,3.0,3,75 08:32.205,0,0,0,0,67301,0,0,0,N,0,0,0,1,68K01,0,,2,1,,Y,Y,,0,,0,0,0,0,0,N,846.0,0,1,0,0,0,0,0,3,4,0,1,3,,N,,,,,,,,,,,
2010060267,1640.0,1,0,0,0,0,0,0,0,0,4,0,,67,4,2010,4,40.0351,-75.0695,1637.0,6,0,0,0,0,0,0,0,0,9.0,0,0,0,16.0,4,1,2,,1,40 02:06.425,4.0,0,75 04:10.216,8,0,0,0,67301,1,0,0,,1,0,0,2,67301,0,,1,1,,,,,0,,0,0,0,3,2,N,1635.0,1,2,0,0,0,1,0,3,4,0,1,3,,N,,,,,,,,,,,
2010039257,935.0,1,0,0,0,0,0,0,0,0,7,0,,67,3,2010,2,40.0079,-75.1428,928.0,6,0,0,0,0,0,0,0,0,,0,0,0,9.0,1,1,0,,0,40 00:28.290,,0,75 08:34.158,8,0,0,0,67301,0,0,0,,0,0,0,1,67301,0,,5,9,,N,N,,0,,0,0,0,0,0,,928.0,1,1,0,0,1,1,0,3,4,0,1,7,,N,,,,,,,,,,,
2010075880,147.0,1,0,0,0,0,0,0,0,0,4,0,,67,7,2010,1,39.9749,-75.2493,147.0,6,0,0,0,0,0,0,0,0,,0,0,0,1.0,3,1,2,,0,39 58:29.708,,0,75 14:57.555,4,0,0,0,67301,0,0,0,N,0,0,0,3,67301,1,,1,1,,,,,0,,0,0,1,3,3,,147.0,1,2,0,0,0,0,0,3,4,0,2,3,,N,,,,,,,,,,,
2010032764,2232.0,1,0,0,0,0,0,0,0,0,4,0,,67,3,2010,4,39.989,-75.1409,2230.0,6,0,0,0,0,0,0,0,0,2.0,0,0,0,22.0,3,0,1,,1,39 59:20.443,3.0,0,75 08:27.250,0,0,0,0,67301,0,0,0,N,0,0,0,3,67301,0,,1,9,,N,N,,0,,0,0,0,3,2,N,2229.0,0,2,0,0,0,0,0,3,4,1,2,3,,N,,,,,,,,,,,
2010104938,1453.0,1,0,0,1,0,0,0,0,0,8,0,,67,9,2010,4,39.9531,-75.1819,1449.0,6,0,0,0,0,0,0,0,0,,0,0,0,14.0,1,1,1,,0,39 57:11.190,,0,75 10:54.852,4,0,0,0,67301,1,0,0,N,0,0,0,2,67301,1,,1,1,,N,N,,0,,0,0,0,3,2,,1446.0,1,2,0,0,0,0,0,3,4,0,1,3,,N,,,,,,,,,,,
2010104945,2020.0,0,0,0,0,0,0,0,0,0,4,0,,67,9,2010,5,40.0984,-75.0471,2015.0,6,0,0,0,0,0,0,0,0,,0,0,0,20.0,3,1,1,,0,40 05:54.088,,0,75 02:49.438,3,0,0,0,67301,0,0,0,N,0,0,0,3,67301,0,,1,9,,N,N,,0,,1,0,1,3,2,,2005.0,1,2,0,0,0,0,0,3,4,1,2,7,,N,,,,,,,,,,,
2010104989,1930.0,1,0,0,0,0,0,0,0,0,8,0,,67,9,2010,2,39.956,-75.1542,1925.0,6,0,0,0,0,0,0,0,0,,0,0,0,19.0,3,1,0,,0,39 57:21.654,,0,75 09:14.947,4,0,0,0,67301,1,0,0,,1,0,0,2,67301,1,,6,9,,,,,0,,0,0,0,0,0,,1925.0,1,2,0,0,0,0,0,3,4,0,1,7,,N,,,,,,,,,,,
2010043649,1906.0,5,0,0,0,0,0,0,0,0,1,0,,67,5,2010,6,,,1902.0,6,0,0,0,0,1,1,0,0,,0,0,0,19.0,1,0,0,,0,,,3,,0,0,0,0,67301,0,0,0,N,0,0,0,8,67501,0,,1,1,,N,N,,0,,0,0,0,3,8,,1902.0,0,5,0,0,0,0,0,3,3,0,5,3,,N,,,,,,,,,,,
2010083275,2100.0,1,0,0,0,0,0,0,0,0,1,0,,67,8,2010,4,39.9904,-75.2052,2040.0,6,0,0,0,0,0,0,0,0,2.0,0,0,0,20.0,1,2,0,,1,39 59:28.041,3.0,0,75 12:14.591,4,0,0,0,67301,0,0,0,N,0,0,0,2,68K01,1,,1,1,,N,N,,0,,0,0,1,0,0,N,2037.0,2,2,0,0,0,1,0,3,4,0,2,3,,N,,,,,,,,,,,
2010099789,309.0,1,0,0,0,0,0,0,0,0,7,0,,67,9,2010,1,40.0281,-75.1099,306.0,6,0,0,0,0,0,0,0,0,1.0,0,0,0,3.0,3,1,0,,1,40 01:41.060,2.0,0,75 06:35.849,8,0,0,0,67301,0,0,0,,0,0,0,2,67301,0,,4,1,,N,N,,0,,0,0,0,0,0,N,303.0,1,1,0,0,0,1,0,3,4,0,1,3,,N,,,,,,,,,,,
2010099811,1920.0,0,0,0,0,0,0,0,0,0,8,0,,67,9,2010,3,39.9172,-75.2463,1920.0,6,0,0,0,0,0,0,1,0,,0,0,0,19.0,4,1,1,,0,39 55:01.598,,0,75 14:46.968,4,0,0,0,67301,1,0,0,N,1,0,0,2,67301,1,,1,1,,N,N,,1,,0,0,0,3,2,,1920.0,1,2,0,0,0,0,0,3,4,0,1,3,,N,,,,,,,,,,,
2010118083,746.0,2,0,0,0,0,0,0,0,0,2,0,,67,10,2010,4,39.956,-75.2378,744.0,6,0,0,0,1,0,0,0,0,,0,0,0,7.0,1,1,0,,0,39 57:21.765,,0,75 14:15.901,3,0,0,0,67301,0,0,0,,0,0,0,2,67301,0,,1,1,,N,N,,1,,1,0,0,0,0,,742.0,1,3,0,0,0,0,0,3,4,0,3,3,,N,,,,,,,,,,,
2010118102,1033.0,1,0,0,0,0,0,0,0,0,4,0,,67,10,2010,7,40.0396,-75.0844,1030.0,6,0,0,1,0,0,0,0,0,,0,0,0,10.0,1,2,1,,0,40 02:22.401,,0,75 05:03.893,3,0,0,0,67301,0,0,0,Y,0,0,0,2,67301,0,,1,1,,N,N,,0,,2,0,0,3,2,,1020.0,2,2,0,0,0,0,0,3,4,1,2,3,,N,,,,,,,,,,,
2010113326,9999.0,1,0,0,1,0,0,0,0,0,4,0,,67,10,2010,3,40.0323,-75.1314,9999.0,6,0,0,0,0,0,1,0,0,,0,0,0,21.0,3,1,2,,0,40 01:56.452,,0,75 07:52.960,3,0,0,0,67301,1,0,0,N,0,0,0,2,67301,0,,1,1,,N,N,,0,,1,0,0,0,0,,2100.0,1,2,0,0,0,0,0,3,4,0,1,3,,N,,,,,,,,,,,
2010102549,1918.0,1,0,0,0,0,0,0,0,0,4,0,,67,9,2010,5,40.0808,-75.0286,1916.0,6,0,0,0,0,0,0,0,0,,0,0,0,19.0,4,0,1,,0,40 04:51.077,,0,75 01:43.585,0,0,0,0,67301,0,0,0,N,0,0,0,4,67301,0,,1,1,,N,N,,1,,0,0,0,3,2,,1912.0,0,2,0,0,0,0,0,3,4,0,2,3,,N,,,,,,,,,,,
2010120990,320.0,0,0,0,0,0,0,0,0,0,7,0,,67,11,2010,2,40.0251,-75.029,306.0,6,0,0,0,0,0,0,0,0,1.0,0,0,0,3.0,3,1,7,,2,40 01:33.330,2.0,2,75 01:38.875,3,0,0,0,67301,0,0,0,Y,0,0,0,1,68K01,0,,4,1,,N,N,,0,,1,0,1,0,0,N,303.0,1,1,0,0,0,0,0,3,4,0,1,3,,N,,,,,,,,,,,
2010069902,1300.0,1,0,0,0,0,0,0,0,0,1,0,,67,6,2010,7,40.0233,-75.1383,1028.0,6,0,0,0,0,1,0,0,0,,0,0,0,10.0,1,2,0,,0,40 01:23.953,,0,75 08:18.038,4,0,0,0,67301,0,0,0,,0,0,0,4,67301,2,,1,1,,N,,,1,,0,0,0,0,0,,1028.0,2,2,0,0,0,0,0,3,4,0,2,3,,N,,,,,,,,,,,
2010075016,1830.0,1,0,0,0,0,0,0,0,0,8,0,,67,7,2010,5,39.9414,-75.171,1816.0,6,0,0,0,0,0,0,1,0,,0,0,0,99.0,1,1,1,,0,39 56:29.058,,0,75 10:15.430,8,0,0,0,67301,1,0,0,N,1,0,0,2,67301,0,,1,1,,N,N,,0,,0,0,0,3,3,,9999.0,1,2,0,0,0,1,0,3,4,0,1,3,,N,,,,,,,,,,,
2010075079,1235.0,4,0,0,0,0,0,0,0,0,1,0,,67,6,2010,2,40.0061,-75.1519,1221.0,6,0,0,0,0,0,1,0,0,,0,0,0,11.0,1,1,0,,0,40 00:22.123,,0,75 09:06.927,4,0,0,0,67301,0,0,0,,0,0,0,4,67301,1,,1,1,,N,N,,0,,0,0,0,0,0,,1100.0,1,4,0,0,0,0,0,3,4,0,4,3,,N,,,,,,,,,,,
2010047477,1041.0,0,0,0,0,0,0,0,0,0,0,0,25.0,67,5,2010,1,40.0232,-75.0331,1038.0,6,0,0,0,0,0,0,0,0,1.0,0,0,0,10.0,1,2,0,,2,40 01:23.159,1.0,2,75 01:58.723,8,0,0,1,67301,0,0,0,N,0,0,0,2,68K01,0,,1,1,,N,N,,0,,0,0,0,0,0,N,1034.0,2,1,0,0,0,2,0,3,4,0,1,3,,Y,4.0,1.0,N,N,N,N,N,N,N,Y,
2010045030,245.0,0,0,0,0,0,0,0,0,0,7,0,,67,5,2010,6,39.9825,-75.1002,240.0,6,0,0,0,0,0,0,0,0,1.0,0,0,0,2.0,3,0,0,,1,39 58:56.983,2.0,2,75 06:00.804,0,0,0,0,67301,0,0,0,N,0,0,0,1,68K01,0,,2,1,,N,N,,1,,0,0,0,0,0,N,238.0,0,1,0,0,1,0,0,3,4,0,1,3,,N,,,,,,,,,,,
2010080425,18.0,1,0,0,0,0,0,0,0,0,7,0,,67,8,2010,7,39.9535,-75.1375,10.0,6,0,0,0,0,0,0,0,0,,0,0,0,23.0,3,0,0,,0,39 57:12.563,,0,75 08:14.972,0,0,0,0,67301,0,0,0,N,0,0,0,1,67501,0,,4,1,,N,N,,0,,0,0,0,0,0,,2343.0,0,1,0,0,0,0,0,3,4,0,1,3,,N,,,,,,,,,,,
2010044726,2233.0,1,0,0,0,0,0,0,0,0,1,0,,67,4,2010,1,40.0554,-75.089,2230.0,6,0,0,0,0,0,0,0,0,,0,0,0,22.0,3,0,0,,0,40 03:19.469,,0,75 05:20.383,0,0,0,0,67301,0,0,0,N,0,0,0,1,67301,0,,2,1,,N,N,,1,,0,0,0,0,0,,2230.0,0,2,0,0,0,0,0,3,4,0,2,3,,N,,,,,,,,,,,
2010084190,1442.0,1,0,0,0,0,0,0,0,0,4,1,99.0,67,7,2010,5,40.0124,-75.1814,1440.0,6,0,1,0,0,0,0,0,0,1.0,0,1,0,14.0,1,1,0,,2,40 00:44.539,2.0,0,75 10:53.220,4,0,0,0,67301,0,0,0,Y,0,0,0,3,67301,1,,1,1,,N,N,,0,,0,0,0,0,0,N,1435.0,1,2,0,0,0,0,0,3,4,0,2,3,,Y,8.0,8.0,U,U,U,U,U,U,U,U,
2010044450,17.0,1,0,0,0,0,0,0,0,0,7,0,,67,3,2010,5,39.9906,-75.129,16.0,6,0,0,0,0,0,0,0,0,,0,0,0,0.0,3,0,2,,0,39 59:26.476,,0,75 07:44.338,0,0,0,0,67301,0,0,0,,0,0,0,1,67301,0,,1,1,,,,,0,,0,0,0,0,0,,3.0,0,1,0,0,0,0,0,3,4,0,1,3,,N,,,,,,,,,,,
2010044477,1400.0,1,0,0,1,0,0,0,0,0,5,0,,67,4,2010,4,39.9513,-75.1736,1355.0,6,0,0,0,0,0,0,0,0,,0,0,0,13.0,1,1,1,,0,39 57:04.665,,0,75 10:25.093,4,0,0,0,67301,1,0,0,N,0,0,0,2,67301,1,,1,1,,N,N,,0,,0,0,0,3,2,,1350.0,1,2,0,0,0,0,0,3,4,0,1,3,,N,,,,,,,,,,,
2010084226,1734.0,2,0,0,0,0,0,0,0,0,4,0,,67,7,2010,5,40.1079,-75.0264,1734.0,6,0,0,1,0,0,0,0,0,,0,0,0,17.0,1,2,2,,0,40 06:28.498,,0,75 01:35.131,8,0,0,0,67301,0,0,0,N,0,0,0,2,67301,0,,1,1,,N,Y,,0,,0,0,0,0,0,,1718.0,2,2,0,0,0,2,0,3,4,0,2,3,,N,,,,,,,,,,,
2010052343,1452.0,0,0,0,1,0,0,0,0,0,4,0,,67,4,2010,4,39.9793,-75.1627,1452.0,6,0,0,0,0,0,0,0,0,,0,0,0,14.0,1,1,1,,0,39 58:45.483,,0,75 09:45.551,3,0,0,0,67301,1,0,0,,0,0,0,2,67301,0,,1,1,,,,,1,,1,0,0,3,2,,1450.0,1,2,0,0,0,0,0,3,4,0,1,3,,N,,,,,,,,,,,
2010052349,1955.0,1,0,0,0,0,0,0,0,0,4,0,,67,5,2010,7,40.0539,-75.0863,1955.0,6,0,0,0,0,0,0,0,0,,0,0,0,19.0,1,0,1,,0,40 03:13.772,,0,75 05:10.794,0,0,0,0,67301,0,0,0,N,0,0,0,4,67301,0,,1,1,,N,N,,1,,0,0,0,3,2,,1955.0,0,2,0,0,0,0,0,3,4,0,2,3,,N,,,,,,,,,,,
2010052382,1737.0,1,0,0,0,0,0,0,0,0,8,0,,67,5,2010,2,39.9848,-75.2496,1731.0,6,0,0,0,0,0,0,0,0,,0,0,0,16.0,1,1,0,,0,39 59:05.344,,0,75 14:58.599,4,0,0,0,67301,1,0,0,N,1,0,0,2,67301,1,,1,1,,N,N,,0,,0,0,0,0,0,,1633.0,1,2,0,0,0,0,0,3,4,0,1,3,,N,,,,,,,,,,,
2010052398,1853.0,0,0,0,1,0,0,0,0,0,4,0,,67,4,2010,6,39.9723,-75.1765,1850.0,6,0,0,0,0,0,1,0,0,,0,0,0,18.0,1,1,1,,0,39 58:20.337,,0,75 10:35.541,8,0,0,0,67301,1,0,0,,0,0,0,3,67301,0,,1,1,,,,,0,,0,0,1,3,3,,1842.0,1,2,0,0,0,1,0,3,4,0,1,3,,N,,,,,,,,,,,
2010052432,2135.0,0,0,0,0,0,0,0,0,0,8,0,,67,5,2010,4,40.0242,-75.0845,2127.0,6,0,0,0,0,0,0,0,1,,0,0,0,15.0,1,1,1,,0,40 01:27.084,,0,75 05:04.199,4,0,0,0,67301,1,0,0,N,1,0,0,2,67301,1,,1,1,,N,N,,1,,0,0,0,3,2,,1500.0,1,2,0,0,0,0,0,3,4,0,1,3,,N,,,,,,,,,,,
2010083756,155.0,1,0,0,0,0,0,0,0,0,7,0,,67,8,2010,7,39.9689,-75.1267,153.0,6,0,0,0,0,0,0,0,0,3.0,0,0,0,1.0,3,1,7,,2,39 58:09.893,1.0,0,75 07:33.422,3,0,0,0,67301,0,0,0,N,0,0,0,1,68K01,0,,2,1,,N,N,,0,,1,0,0,0,0,Y,152.0,1,1,0,0,1,0,0,3,4,0,1,3,,N,,,,,,,,,,,
2010052037,2019.0,1,0,0,0,0,0,0,0,0,7,0,,67,5,2010,4,39.9791,-75.1082,2015.0,6,0,0,0,0,0,0,0,0,1.0,0,0,0,20.0,4,1,0,,1,39 58:45.256,1.0,0,75 06:29.871,4,0,0,0,67301,0,0,0,N,0,0,0,1,68K01,1,,2,1,,N,N,,0,,0,0,0,0,0,N,2012.0,1,1,0,0,0,0,0,3,4,0,1,3,,N,,,,,,,,,,,
2010044318,2147.0,1,0,0,0,0,0,0,0,0,1,0,,67,5,2010,6,39.9717,-75.1235,2139.0,6,0,0,0,0,0,0,0,0,2.0,0,0,0,21.0,3,3,0,,2,39 58:17.370,2.0,0,75 07:25.338,4,0,0,0,67301,0,0,0,N,0,0,0,3,68K01,2,,1,1,,N,N,,0,,0,0,1,0,0,Y,2138.0,3,2,0,0,0,1,0,3,4,0,2,3,,N,,,,,,,,,,,
2010044577,2059.0,1,0,0,0,0,0,0,0,0,4,0,,67,4,2010,7,39.9137,-75.1474,2053.0,6,0,0,0,0,0,0,0,0,,0,0,0,20.0,2,1,3,,0,39 54:49.581,,0,75 08:50.386,8,0,0,0,67301,0,0,0,N,0,0,0,2,67301,0,,1,1,,N,N,,0,,0,0,0,0,0,,2049.0,1,2,0,0,0,1,1,3,4,0,2,3,,N,,,,,,,,,,,
2010044618,1247.0,1,0,0,0,0,0,0,0,0,4,0,,67,4,2010,7,39.9693,-75.1846,1244.0,6,0,0,0,0,0,0,1,0,,0,0,0,12.0,1,1,2,,0,39 58:09.149,,7,75 11:04.199,8,0,0,1,67301,0,0,0,N,0,0,0,2,67301,0,,1,1,,N,N,,0,,0,0,0,3,2,,1243.0,1,2,0,0,1,1,0,3,4,0,2,3,,N,,,,,,,,,,,
2010062330,1617.0,1,0,0,0,0,0,0,0,0,4,0,,67,5,2010,7,39.9289,-75.2383,1617.0,6,0,0,0,0,0,1,0,0,,0,0,0,16.0,1,1,2,,0,39 55:43.980,,0,75 14:17.738,4,0,0,0,67301,0,0,0,,0,0,0,3,67301,1,,4,1,,,,,0,,0,0,0,0,0,,1604.0,1,2,0,0,1,0,0,3,4,1,2,3,,N,,,,,,,,,,,
2010062334,2022.0,1,0,0,0,0,0,0,0,0,7,0,,67,6,2010,7,39.9783,-75.1336,2022.0,6,0,0,0,0,0,0,0,0,,0,0,0,20.0,1,2,0,,0,39 58:41.710,,1,75 08:00.930,8,0,0,0,67301,0,0,0,N,0,0,0,2,67301,0,,4,1,,N,N,,0,,0,0,0,0,0,,2010.0,2,1,0,0,0,2,0,3,4,0,1,3,,N,,,,,,,,,,,
2010047847,1532.0,3,0,0,0,0,0,0,0,0,1,0,,67,5,2010,3,39.899,-75.1677,1532.0,6,0,0,0,0,0,0,0,0,1.0,0,0,0,15.0,1,0,6,,1,39 53:55.489,1.0,2,75 10:12.392,0,0,0,0,67301,0,0,0,N,0,0,0,6,68K01,0,,1,1,,N,N,,0,,0,0,0,0,0,N,1527.0,0,3,0,0,0,0,0,3,4,0,3,3,,N,,,,,,,,,,,
2010044842,1835.0,1,0,0,0,0,0,0,0,0,1,0,,67,4,2010,4,40.0299,-75.0876,1829.0,6,0,0,0,0,0,1,0,0,,0,0,0,18.0,1,1,0,,0,40 01:47.745,,0,75 05:14.869,4,0,0,0,67301,0,0,0,N,0,0,0,2,67301,1,,1,1,,N,N,,0,,0,0,0,3,2,,1828.0,1,2,0,0,0,0,0,3,4,1,2,3,,N,,,,,,,,,,,
2010044857,1006.0,2,0,0,0,0,0,0,0,0,1,0,,67,4,2010,2,40.0369,-75.1451,1005.0,6,0,0,0,0,0,0,0,0,,0,0,0,9.0,1,1,2,,0,40 02:12.961,,0,75 08:42.306,4,0,0,0,67301,0,0,0,N,0,0,0,2,67301,1,,1,1,,N,N,,0,,0,0,0,3,2,,952.0,1,2,0,0,1,0,0,3,4,0,2,3,,N,,,,,,,,,,,
2010084575,1103.0,1,0,0,0,0,0,0,0,0,5,1,,67,8,2010,5,39.9931,-75.0817,1100.0,6,0,0,0,0,0,0,0,1,,0,1,0,10.0,1,1,2,,0,39 59:35.488,,0,75 04:53.544,4,0,0,0,67301,0,0,0,,0,0,0,3,67301,1,,1,1,,,,,0,,0,0,0,3,3,,1045.0,1,2,0,0,1,0,0,3,4,0,2,3,,N,,,,,,,,,,,
2010129302,1504.0,1,0,0,0,0,0,0,0,0,1,0,,67,12,2010,6,39.9582,-75.1644,1453.0,6,0,0,0,0,0,1,0,1,1.0,0,0,0,14.0,1,2,0,,2,39 57:29.531,4.0,0,75 09:52.010,4,0,0,0,67301,0,0,0,N,0,0,0,7,68K01,2,,1,1,,N,N,,0,,0,0,0,0,0,N,1438.0,2,3,0,0,0,0,1,3,4,1,3,3,,N,,,,,,,,,,,
2010129561,1519.0,1,0,0,0,0,0,0,0,0,1,0,,67,12,2010,7,39.9666,-75.1875,1506.0,6,0,0,0,0,0,0,0,0,,0,0,0,15.0,1,0,0,,0,39 57:59.299,,0,75 11:14.395,0,0,0,0,67301,0,0,0,N,0,0,0,7,68K01,0,,1,1,,N,N,,0,,0,0,1,0,0,,1502.0,0,2,0,0,0,0,0,3,4,0,2,3,,N,,,,,,,,,,,
2010048876,2341.0,2,0,0,0,0,0,0,0,0,4,0,,67,4,2010,7,39.9828,-75.1422,2336.0,6,0,0,0,0,0,0,0,0,,0,0,0,23.0,3,1,2,,0,39 58:58.242,,0,75 08:31.963,3,0,0,0,67301,0,0,0,N,0,0,0,3,67301,0,,1,1,,N,N,,0,,1,0,0,1,2,,2334.0,1,2,0,0,0,0,1,3,4,0,2,3,,N,,,,,,,,,,,
2010060234,0.0,3,0,0,0,0,0,0,0,0,5,0,,67,5,2010,6,39.9661,-75.1704,2353.0,6,0,0,0,0,0,0,0,0,1.0,0,0,0,23.0,3,0,0,,2,39 57:57.868,1.0,0,75 10:13.577,0,0,0,0,67301,0,0,0,N,0,0,0,1,67301,0,,1,9,,N,N,,0,,0,0,0,0,0,Y,2352.0,0,3,0,0,0,0,0,3,4,0,3,7,,N,,,,,,,,,,,
2010060272,1700.0,0,0,0,0,0,0,0,0,0,4,0,,67,5,2010,1,40.0608,-75.1818,1648.0,6,0,0,0,1,0,1,0,0,,0,0,0,16.0,1,1,1,,0,40 03:38.725,,0,75 10:54.389,8,0,0,0,67301,0,0,0,N,0,0,0,3,67301,0,,1,1,,N,N,,1,,0,0,1,3,3,,1648.0,1,2,0,0,0,1,0,3,4,0,2,3,,N,,,,,,,,,,,
2010060283,1640.0,2,0,0,0,0,0,0,0,0,1,0,,67,5,2010,6,40.0717,-75.0771,1636.0,6,0,0,0,0,0,0,1,0,,0,0,0,16.0,1,1,1,,0,40 04:17.964,,0,75 04:37.735,4,0,0,0,67301,0,0,0,N,0,0,0,2,67301,1,,1,1,,N,N,,0,,0,0,0,3,3,,1625.0,1,2,0,0,0,0,0,3,4,0,2,3,,N,,,,,,,,,,,
2010077960,708.0,2,0,0,0,0,0,0,0,0,1,0,,67,7,2010,5,40.0409,-75.0053,650.0,6,0,0,0,0,0,0,0,0,2.0,0,0,0,6.0,1,0,0,,1,40 02:27.355,2.0,0,75 00:18.801,0,0,0,0,67301,0,0,0,N,0,0,0,4,68K01,0,,1,1,,N,N,,0,,0,0,0,0,0,N,645.0,0,3,0,0,0,0,0,3,4,1,3,3,,N,,,,,,,,,,,
2010051141,12.0,1,0,0,0,0,0,0,0,0,7,0,,67,4,2010,6,39.9756,-75.1154,12.0,6,0,0,0,0,0,0,0,0,,0,0,0,0.0,3,0,0,,0,39 58:34.650,,0,75 06:52.240,0,0,0,0,67301,0,0,0,N,0,0,0,3,68K01,0,,2,1,,N,N,,0,,0,0,0,0,0,,12.0,0,1,0,0,0,0,0,3,4,0,1,3,,N,,,,,,,,,,,
2010058911,1419.0,1,0,0,1,0,0,0,0,0,4,0,,67,5,2010,2,39.957,-75.2459,1412.0,6,0,0,0,0,0,1,0,0,,0,0,0,14.0,1,1,1,,0,39 57:25.376,,0,75 14:45.124,8,0,0,0,67301,1,0,0,N,0,0,0,2,67301,0,,1,1,,N,N,,0,,0,0,0,3,2,,1402.0,1,2,0,0,1,1,0,3,4,0,1,3,,N,,,,,,,,,,,
2010070664,1208.0,2,0,0,0,0,0,0,0,0,4,0,,67,6,2010,3,39.914,-75.1499,1208.0,6,0,0,0,0,0,1,0,0,2.0,0,0,0,12.0,1,3,1,,1,39 54:50.690,2.0,0,75 08:58.877,3,0,0,0,67301,0,0,0,,0,0,0,3,67301,2,,1,1,,N,N,,0,,1,0,0,3,2,N,1200.0,3,2,0,0,1,0,0,3,4,0,2,3,,N,,,,,,,,,,,
2010023661,132.0,1,0,0,0,0,0,0,0,0,8,0,,67,1,2010,7,39.9055,-75.1313,132.0,6,0,0,0,0,0,0,0,0,6.0,1,0,0,1.0,3,0,0,,2,39 54:19.677,3.0,3,75 07:52.792,1,0,0,0,67301,1,1,0,N,1,1,0,2,67301,0,2.0,1,1,,N,N,,0,8.0,0,0,0,3,8,Y,132.0,0,2,0,0,0,0,0,3,4,0,1,3,,N,,,,,,,,,,,
2010032611,1428.0,2,0,0,0,0,0,0,0,0,1,0,,67,2,2010,1,39.9857,-75.1877,1425.0,6,0,0,0,0,1,0,0,0,,0,0,0,99.0,1,3,0,,0,39 59:08.482,,0,75 11:15.753,8,0,0,0,67301,0,0,0,,0,0,0,4,67301,0,,1,1,,N,,,0,,0,0,0,0,0,,9999.0,3,2,0,0,0,3,0,3,4,0,2,3,,N,,,,,,,,,,,
2010104928,1549.0,1,0,0,0,0,0,0,0,0,4,0,,67,10,2010,6,40.0789,-75.0834,1545.0,6,0,0,0,0,0,0,0,1,,0,0,0,15.0,1,2,2,,0,40 04:44.126,,0,75 05:00.394,4,0,0,0,67301,0,0,0,,0,0,0,2,67301,2,,1,1,,,,,0,,0,0,1,3,3,,1545.0,2,2,0,0,0,0,0,3,4,0,2,3,,N,,,,,,,,,,,
2010104957,1625.0,2,0,0,0,0,0,0,0,0,1,0,,67,10,2010,7,39.9898,-75.1255,1625.0,6,0,0,0,0,0,0,0,0,,0,0,0,15.0,1,4,1,,0,39 59:23.298,,0,75 07:31.934,8,0,0,0,67301,0,0,0,N,0,0,0,6,67301,0,,1,1,,N,N,,0,,0,0,0,3,2,,1500.0,4,2,0,0,0,4,0,3,4,0,2,3,,N,,,,,,,,,,,