CRN,ARRIVAL_TM,AUTOMOBILE_COUNT,BELTED_DEATH_COUNT,BELTED_SUSP_SERIOUS_INJ_COUNT,BICYCLE_COUNT,BICYCLE_DEATH_COUNT,BICYCLE_SUSP_SERIOUS_INJ_COUNT,BUS_COUNT,CHLDPAS_DEATH_COUNT,CHLDPAS_SUSP_SERIOUS_INJ_COUNT,COLLISION_TYPE,COMM_VEH_COUNT,CONS_ZONE_SPD_LIM,COUNTY,CRASH_MONTH,CRASH_YEAR,DAY_OF_WEEK,DEC_LAT,DEC_LONG,DISPATCH_TM,DISTRICT,DRIVER_COUNT_16YR,DRIVER_COUNT_17YR,DRIVER_COUNT_18YR,DRIVER_COUNT_19YR,DRIVER_COUNT_20YR,DRIVER_COUNT_50_64YR,DRIVER_COUNT_65_74YR,DRIVER_COUNT_75PLUS,EST_HRS_CLOSED,FATAL_COUNT,HEAVY_TRUCK_COUNT,HORSE_BUGGY_COUNT,HOUR_OF_DAY,ILLUMINATION,INJURY_COUNT,INTERSECT_TYPE,INTERSECTION_RELATED,LANE_CLOSED,LATITUDE,LN_CLOSE_DIR,LOCATION_TYPE,LONGITUDE,MAX_SEVERITY_LEVEL,MCYCLE_DEATH_COUNT,MCYCLE_SUSP_SERIOUS_INJ_COUNT,MOTORCYCLE_COUNT,MUNICIPALITY,NONMOTR_COUNT,NONMOTR_DEATH_COUNT,NONMOTR_SUSP_SERIOUS_INJ_COUNT,NTFY_HIWY_MAINT,PED_COUNT,PED_DEATH_COUNT,PED_SUSP_SERIOUS_INJ_COUNT,PERSON_COUNT,POLICE_AGCY,POSSIBLE_INJ_COUNT,RDWY_SURF_TYPE_CD,RELATION_TO_ROAD,ROAD_CONDITION,ROADWAY_CLEARED,SCH_BUS_IND,SCH_ZONE_IND,SECONDARY_CRASH,SMALL_TRUCK_COUNT,SPEC_JURIS_CD,SUSP_MINOR_INJ_COUNT,SUSP_SERIOUS_INJ_COUNT,SUV_COUNT,TCD_FUNC_CD,TCD_TYPE,TFC_DETOUR_IND,TIME_OF_DAY,TOT_INJ_COUNT,TOTAL_UNITS,UNB_DEATH_COUNT,UNB_SUSP_SERIOUS_INJ_COUNT,UNBELTED_OCC_COUNT,UNK_INJ_DEG_COUNT,UNK_INJ_PER_COUNT,URBAN_AREA,URBAN_RURAL,VAN_COUNT,VEHICLE_COUNT,WEATHER1,WEATHER2,WORK_ZONE_IND,WORK_ZONE_LOC,WORK_ZONE_TYPE,WORKERS_PRES,WZ_CLOSE_DETOUR,WZ_FLAGGER,WZ_LAW_OFFCR_IND,WZ_LN_CLOSURE,WZ_MOVING,WZ_OTHER,WZ_SHLDER_MDN,WZ_WORKERS_INJ_KILLED
2010078246,9999.0,3,0,0,0,0,0,0,0,0,1,0,,67,7,2010,7,39.9968,-75.177,9999.0,6,0,0,0,0,0,0,0,0,2.0,0,0,0,99.0,1,0,0,,1,39 59:48.621,4.0,0,75 10:37.227,0,0,0,0,67301,0,0,0,N,0,0,0,6,67301,0,,1,1,,N,N,,0,,0,0,0,3,2,N,9999.0,0,3,0,0,0,0,0,3,4,0,3,3,,N,,,,,,,,,,,
2010099782,1340.0,2,0,0,0,0,0,0,0,0,4,0,,67,9,2010,5,40.0136,-75.0832,1335.0,6,0,0,0,0,0,0,0,0,,0,0,0,12.0,1,2,1,,0,40 00:48.862,,0,75 04:59.620,8,0,0,0,67301,0,0,0,N,0,0,0,2,67301,0,,1,1,,N,N,,0,,0,0,0,3,3,,1232.0,2,2,0,0,0,2,0,3,4,0,2,3,,N,,,,,,,,,,,
2010075117,950.0,1,0,0,0,0,0,0,0,0,4,0,,67,6,2010,1,39.9648,-75.2261,947.0,6,0,0,0,0,0,1,0,0,1.0,0,0,0,9.0,1,1,1,,1,39 57:53.438,3.0,0,75 13:34.071,4,0,0,0,67301,0,0,0,N,0,0,0,3,67301,1,,1,1,,N,N,,0,,0,0,1,2,2,Y,945.0,1,2,0,0,0,0,0,3,4,0,2,3,,N,,,,,,,,,,,
2010064703,1248.0,0,0,0,1,0,0,0,0,0,4,0,,67,6,2010,5,40.0562,-75.1495,1243.0,6,0,0,0,0,0,0,1,0,2.0,0,0,0,12.0,1,1,1,,1,40 03:22.338,2.0,0,75 08:58.185,4,0,0,0,67301,1,0,0,N,0,0,0,2,67301,1,,1,1,,N,N,,0,,0,0,1,3,2,Y,1242.0,1,2,0,0,0,0,0,3,4,0,1,3,,N,,,,,,,,,,,
2010064781,1000.0,1,0,0,0,0,0,0,0,0,1,0,,67,5,2010,5,39.9229,-75.1582,949.0,6,0,0,0,0,0,1,0,0,,0,0,0,9.0,1,1,1,,0,39 55:22.426,,0,75 09:29.502,4,0,0,0,67301,0,0,0,N,0,0,0,3,67301,1,,1,1,,N,N,,0,,0,0,1,3,2,,945.0,1,2,0,0,0,0,0,3,4,0,2,3,,N,,,,,,,,,,,
2010074863,1338.0,1,0,0,1,0,0,0,0,0,5,0,,67,7,2010,3,40.0656,-75.1792,1335.0,6,0,0,0,0,0,0,0,0,,0,0,0,13.0,1,1,1,,0,40 03:56.012,,0,75 10:45.123,4,0,0,0,67301,1,0,0,N,0,0,0,2,67301,1,,1,9,,N,N,,0,,0,0,0,3,3,,1330.0,1,2,0,0,0,0,0,3,4,0,1,3,,N,,,,,,,,,,,
2010062026,845.0,3,0,0,0,0,0,0,0,0,1,0,,67,5,2010,3,40.0275,-75.0963,835.0,6,0,0,0,0,0,0,0,0,,0,0,0,8.0,1,1,0,,0,40 01:39.115,,0,75 05:46.783,8,0,0,0,67301,0,0,0,,0,0,0,5,67301,0,,1,1,,N,N,,0,,0,0,0,0,0,,810.0,1,3,0,0,0,1,1,3,4,0,3,3,,N,,,,,,,,,,,
2010062028,1445.0,2,0,0,0,0,0,0,0,0,4,0,,67,4,2010,7,40.1018,-75.006,1435.0,6,0,0,1,0,0,0,0,0,1.0,0,0,0,14.0,1,5,0,,1,40 06:06.564,1.0,0,75 00:21.468,8,0,0,0,67301,0,0,0,N,0,0,0,6,67301,0,,1,1,,N,N,,0,,0,0,0,0,0,Y,1430.0,5,2,0,0,0,5,0,3,4,0,2,3,,N,,,,,,,,,,,
2010084187,1332.0,1,0,0,0,0,0,1,0,0,1,1,,67,8,2010,3,39.9967,-75.1155,1231.0,6,0,0,0,0,0,0,0,0,,0,0,0,99.0,1,1,1,,0,39 59:48.448,,0,75 06:55.546,8,0,0,0,67301,0,0,0,,0,0,0,3,67301,0,,1,1,,,,,0,,0,0,0,9,2,,9999.0,1,2,0,0,1,1,0,3,4,0,2,3,,N,,,,,,,,,,,
2010052399,1445.0,2,0,0,0,0,0,0,0,0,2,0,,67,4,2010,6,40.0507,-75.0666,1445.0,6,0,0,0,0,0,0,0,0,,0,0,0,14.0,1,3,0,,0,40 03:02.600,,0,75 03:59.729,3,0,0,0,67301,0,0,0,N,0,0,0,4,67301,1,,1,1,,N,N,,0,,2,0,0,0,0,,1445.0,3,2,0,0,0,0,0,3,4,0,2,3,,N,,,,,,,,,,,
2010052410,1955.0,1,0,0,0,0,0,0,0,0,8,0,,67,5,2010,2,40.0333,-75.0885,1950.0,6,0,0,0,0,0,0,0,0,,0,0,0,19.0,3,1,0,,0,40 02:00.020,,0,75 05:18.650,8,0,0,0,67301,1,0,0,N,1,0,0,3,67301,0,,1,1,,N,N,,0,,0,0,0,0,0,,1950.0,1,2,0,0,0,1,0,3,4,0,1,3,,N,,,,,,,,,,,
2010044550,1610.0,1,0,0,0,0,0,0,0,0,8,0,,67,3,2010,4,39.963,-75.1662,1605.0,6,0,0,0,0,0,0,0,0,,0,0,0,14.0,1,1,2,,0,39 57:47.143,,0,75 09:58.303,3,0,0,0,67301,1,0,0,N,1,0,0,2,67301,0,,1,1,,N,N,,0,,1,0,0,3,2,,1440.0,1,2,0,0,0,0,0,3,4,0,1,3,,N,,,,,,,,,,,
2010078719,857.0,2,0,0,0,0,0,0,0,0,1,1,,67,8,2010,4,39.9571,-75.1521,851.0,6,0,0,0,0,0,2,0,0,1.0,0,1,0,8.0,1,2,7,,1,39 57:25.653,3.0,2,75 09:07.343,8,0,0,0,67301,0,0,0,Y,0,0,0,7,68K01,0,,1,1,,N,N,,0,,0,0,1,3,2,Y,848.0,2,4,0,0,0,2,0,3,4,0,4,3,,N,,,,,,,,,,,
2010044307,1642.0,2,1,0,0,0,0,0,0,0,4,1,,67,3,2010,2,39.8781,-75.2516,1627.0,6,0,0,0,0,0,1,0,0,3.0,1,1,0,16.0,1,3,0,,2,39 52:40.990,2.0,0,75 15:05.733,1,0,0,0,67301,0,0,0,N,0,0,0,5,68K01,0,2.0,1,8,,N,N,,0,0.0,0,0,0,0,0,N,1620.0,3,3,0,0,0,3,0,3,4,0,3,7,,N,,,,,,,,,,,
2010044617,1757.0,2,0,0,0,0,0,0,0,0,2,0,,67,4,2010,3,40.0649,-75.0284,1753.0,6,0,0,0,0,1,0,0,0,3.0,0,0,0,17.0,1,4,2,,1,40 03:53.676,6.0,0,75 01:42.099,8,0,0,0,67301,0,0,0,N,0,0,0,4,67301,0,,1,1,,N,N,,0,,0,0,0,0,0,Y,1753.0,4,2,0,0,0,4,0,3,4,0,2,3,,N,,,,,,,,,,,
2010084153,758.0,2,0,0,0,0,0,0,0,0,1,0,,67,7,2010,5,39.9193,-75.1707,755.0,6,0,0,0,0,0,2,0,0,,0,0,0,7.0,1,1,0,,0,39 55:09.368,,0,75 10:14.622,4,0,0,0,67301,0,0,0,N,0,0,0,2,67301,1,,1,1,,N,,,0,,0,0,0,0,0,,750.0,1,2,0,0,0,0,0,3,4,0,2,3,,N,,,,,,,,,,,
2010058055,1954.0,2,0,0,0,0,0,0,0,0,1,0,,67,6,2010,6,,,1950.0,6,0,0,0,0,0,0,0,1,2.0,0,0,0,19.0,1,3,0,,2,,3.0,3,,8,0,0,0,67301,0,0,0,N,0,0,0,5,67501,0,,1,1,,N,N,,0,,0,0,0,3,8,N,1950.0,3,2,0,0,2,3,0,3,3,0,2,3,,N,,,,,,,,,,,
2010044817,2330.0,2,0,0,0,0,0,0,0,0,5,0,,67,4,2010,1,40.0085,-75.1089,2330.0,6,0,0,0,0,0,0,0,0,,0,0,0,23.0,3,1,0,,0,40 00:30.596,,0,75 06:31.875,4,0,0,0,67301,0,0,0,N,0,0,0,1,67301,1,,6,1,,N,N,,2,,0,0,0,0,0,,2325.0,1,4,0,0,0,0,0,3,4,0,4,3,,N,,,,,,,,,,,
2010084613,750.0,0,0,0,1,0,0,0,0,0,4,0,,67,7,2010,5,39.9336,-75.1828,746.0,6,0,0,0,0,0,0,0,0,,0,0,0,7.0,1,1,1,,0,39 56:00.960,,0,75 10:58.119,4,0,0,0,67301,1,0,0,N,0,0,0,2,67301,1,,1,1,,N,N,,0,,0,0,1,3,3,,745.0,1,2,0,0,0,0,0,3,4,0,1,3,,N,,,,,,,,,,,
2010050576,1546.0,2,0,0,0,0,0,0,0,0,1,0,,67,5,2010,4,40.0453,-75.0023,1542.0,6,0,0,0,0,0,0,1,0,,0,0,0,15.0,1,1,3,,0,40 02:45.698,,2,75 00:07.121,8,0,0,0,67301,0,0,0,N,0,0,0,4,68K01,0,,1,1,,N,N,,0,,0,0,0,3,4,,1540.0,1,2,0,0,0,1,0,3,4,0,2,3,,N,,,,,,,,,,,
2010048808,1249.0,2,0,0,0,0,0,0,0,0,4,0,,67,4,2010,7,40.0416,-75.1441,1239.0,6,0,0,0,0,0,2,0,0,2.0,0,0,0,12.0,1,2,0,,1,40 02:29.913,2.0,0,75 08:38.602,8,0,0,0,67301,0,0,0,N,0,0,0,3,67301,0,,6,1,,N,N,,0,,0,0,0,0,0,N,1239.0,2,2,0,0,0,2,0,3,4,0,2,3,,N,,,,,,,,,,,
2010048810,9999.0,2,0,0,0,0,0,0,0,0,4,0,,67,4,2010,7,39.9333,-75.1448,9999.0,6,0,0,0,0,0,2,0,0,,0,0,0,12.0,1,1,1,,0,39 55:59.847,,0,75 08:41.170,8,0,0,0,67301,0,0,0,N,0,0,0,2,67301,0,,1,1,,N,N,,0,,0,0,0,9,9,,1250.0,1,2,0,0,0,1,0,3,4,0,2,3,,N,,,,,,,,,,,
2010058904,2001.0,1,0,0,0,0,0,0,0,0,8,0,,67,5,2010,1,40.0171,-75.0793,1955.0,6,0,0,0,0,0,0,0,0,,0,0,0,19.0,3,1,2,,0,40 01:01.678,,0,75 04:45.325,3,0,0,0,67301,1,0,0,N,1,0,0,2,67301,0,,1,1,,N,N,,0,,1,0,0,0,0,,1951.0,1,2,0,0,0,0,1,3,4,0,1,3,,N,,,,,,,,,,,
2010032753,1039.0,3,0,0,0,0,0,0,0,0,1,0,,67,3,2010,5,40.0108,-75.1019,1038.0,6,0,0,0,0,0,0,0,0,1.0,0,0,0,99.0,3,0,0,,1,40 00:38.763,3.0,0,75 06:06.941,0,0,0,0,67301,0,0,0,,0,0,0,1,67301,0,,6,1,,,,,1,,0,0,0,0,0,Y,9999.0,0,4,0,0,0,0,0,3,4,0,4,3,,N,,,,,,,,,,,
2010104954,240.0,1,0,0,0,0,0,0,0,0,4,0,,67,10,2010,7,39.9666,-75.1604,235.0,6,0,0,0,0,0,0,0,0,2.0,0,0,0,2.0,3,1,1,,1,39 57:59.738,2.0,0,75 09:37.523,4,0,0,0,67301,0,0,0,N,0,0,0,7,67301,1,,1,1,,N,N,,1,,0,0,0,3,2,Y,235.0,1,2,0,0,1,0,0,3,4,0,2,3,,N,,,,,,,,,,,
2010104993,9999.0,2,0,0,0,0,0,0,0,0,4,0,,67,9,2010,5,40.1018,-75.0275,9999.0,6,0,0,0,0,0,0,0,0,,0,0,0,99.0,3,1,1,,0,40 06:06.588,,0,75 01:38.906,8,0,0,0,67301,0,0,0,,0,0,0,4,67301,0,,1,9,,,,,0,,0,0,0,3,2,,9999.0,1,2,0,0,0,1,0,3,4,0,2,7,,N,,,,,,,,,,,
2010010015,704.0,2,0,0,0,0,0,0,0,0,1,0,,67,1,2010,3,39.9653,-75.1857,655.0,6,0,0,0,0,0,0,0,0,1.0,0,0,0,6.0,5,0,3,,1,39 57:59.300,4.0,2,75 11:13.674,0,0,0,0,67301,0,0,0,N,0,0,0,2,68K01,0,,1,1,,N,N,,0,,0,0,0,0,0,N,652.0,0,2,0,0,0,0,0,3,4,0,2,3,,N,,,,,,,,,,,
2010118106,1110.0,1,0,0,0,0,0,0,0,0,4,0,,67,11,2010,7,40.0087,-75.1936,1104.0,6,0,0,0,0,0,0,0,0,,0,0,0,11.0,1,1,2,,0,40 00:31.312,,0,75 11:37.093,4,0,0,0,67301,0,0,0,N,0,0,0,2,67301,1,,1,1,,N,N,,0,,0,0,0,3,2,,1100.0,1,2,0,0,0,0,0,3,4,1,2,3,,N,,,,,,,,,,,
2010102485,137.0,2,0,0,0,0,0,0,0,0,5,0,,67,9,2010,1,39.986,-75.1415,133.0,6,0,0,0,0,0,0,0,0,,0,0,0,1.0,3,0,0,,0,39 59:09.668,,0,75 08:29.538,0,0,0,0,67301,0,0,0,N,0,0,0,1,67301,0,,1,1,,N,N,,0,,0,0,0,0,0,,131.0,0,3,0,0,0,0,0,3,4,1,3,3,,N,,,,,,,,,,,
2010105033,2220.0,0,0,0,1,0,0,0,0,0,4,0,,67,10,2010,6,40.0242,-75.0386,2214.0,6,0,0,0,0,0,0,0,0,,0,0,0,22.0,6,1,2,,0,40 01:27.260,,0,75 02:19.085,8,0,0,0,67301,1,0,0,,0,0,0,2,67301,0,,1,1,,,,,0,,0,0,0,3,3,,2200.0,1,2,0,0,0,1,0,3,4,1,1,3,,N,,,,,,,,,,,
2010105064,1211.0,1,0,0,0,0,0,1,0,0,4,1,,67,10,2010,6,40.0465,-75.0453,1210.0,6,0,0,0,0,0,0,0,1,1.0,0,0,0,12.0,1,6,2,,1,40 02:47.443,4.0,0,75 02:42.968,4,0,0,0,67301,0,0,0,N,0,0,0,29,67301,5,,1,9,,Y,Y,,0,,0,0,0,3,2,N,1205.0,6,2,0,0,0,1,0,3,4,0,2,7,,N,,,,,,,,,,,
2010105066,1405.0,0,0,0,1,0,0,0,0,0,4,0,,67,9,2010,1,39.9221,-75.1714,1350.0,6,0,0,0,0,0,0,0,1,1.0,0,0,0,13.0,1,1,1,,2,39 55:19.484,3.0,0,75 10:17.104,4,0,0,0,67301,1,0,0,N,0,0,0,2,67301,1,,1,9,,N,N,,0,,0,0,1,3,3,Y,1345.0,1,2,0,0,0,0,0,3,4,0,1,7,,N,,,,,,,,,,,
2010105075,2304.0,0,0,0,0,0,0,0,0,0,4,0,,67,10,2010,7,39.9974,-75.0733,2303.0,6,0,0,0,0,0,0,0,0,,0,0,0,23.0,3,0,1,,0,39 59:50.490,,0,75 04:24.183,0,0,0,0,67301,0,0,0,N,0,0,0,2,67301,0,,1,1,,N,N,,0,,0,0,2,3,2,,2300.0,0,2,0,0,0,0,0,3,4,0,2,3,,N,,,,,,,,,,,
2010105097,1915.0,1,0,0,0,0,0,0,0,0,5,1,,67,9,2010,3,39.9463,-75.1972,1914.0,6,0,0,0,0,0,0,0,0,9.0,0,1,0,19.0,1,1,0,,1,39 56:46.710,4.0,0,75 11:49.772,8,0,0,0,67301,0,0,0,N,0,0,0,3,67301,0,,1,1,,N,N,,0,,0,0,0,3,2,N,1909.0,1,2,0,0,0,1,1,3,4,0,2,3,,N,,,,,,,,,,,
2010118415,906.0,4,0,0,0,0,0,0,0,0,4,0,,67,11,2010,2,40.0287,-75.1177,902.0,6,0,0,0,0,0,0,0,0,,0,0,0,8.0,1,1,1,,0,40 01:43.284,,0,75 07:03.795,4,0,0,0,67301,0,0,0,N,0,0,0,3,67301,1,,1,9,,N,N,,1,,0,0,0,3,2,,850.0,1,5,0,0,2,0,0,3,4,0,5,3,,N,,,,,,,,,,,
2010118417,750.0,2,0,0,0,0,0,0,0,0,5,0,,67,10,2010,6,40.0223,-75.1387,749.0,6,0,0,0,0,0,0,0,0,9.0,0,0,0,7.0,1,0,0,,2,40 01:19.540,2.0,0,75 08:20.343,9,0,0,0,67301,0,0,0,Y,0,0,0,2,67301,0,,1,1,,N,N,,0,,0,0,0,0,0,N,740.0,0,2,0,0,1,0,2,3,4,0,2,3,,N,,,,,,,,,,,
2010029381,125.0,2,0,0,0,0,0,0,0,0,7,0,,67,3,2010,7,39.9776,-75.1116,123.0,6,0,0,0,0,0,0,0,0,1.0,0,0,0,1.0,3,1,0,,1,39 58:40.631,1.0,0,75 06:40.706,4,0,0,0,67301,0,0,0,N,0,0,0,7,68K01,1,,3,1,,N,N,,0,,0,0,0,0,0,N,121.0,1,2,0,0,0,0,0,3,4,0,2,3,,N,,,,,,,,,,,
2010039232,1330.0,1,0,0,0,0,0,0,0,0,1,0,,67,3,2010,4,39.9164,-75.2191,1325.0,6,0,0,0,0,0,0,0,0,,0,0,0,12.0,1,1,0,,0,39 55:01.480,,0,75 12:55.311,4,0,0,0,67301,0,0,0,N,0,0,0,2,67301,1,,1,1,,N,N,,1,,0,0,0,0,0,,1230.0,1,2,0,0,0,0,0,3,4,0,2,3,,N,,,,,,,,,,,
2010027018,2317.0,1,0,0,0,0,0,0,0,0,7,0,,67,3,2010,2,39.9149,-75.1717,2317.0,6,0,0,0,0,0,0,0,0,1.0,0,0,0,23.0,3,0,0,,2,39 54:53.581,4.0,2,75 10:18.028,0,0,0,0,67301,0,0,0,N,0,0,0,1,67501,0,,2,9,,N,N,,0,,0,0,0,0,0,N,2316.0,0,1,0,0,0,0,0,3,4,0,1,3,,N,,,,,,,,,,,
2010093683,1540.0,0,0,0,1,0,0,0,0,0,4,0,,67,8,2010,6,39.9689,-75.1599,1532.0,6,0,0,0,0,0,0,0,0,,0,0,0,15.0,1,1,1,,0,39 58:08.176,,0,75 09:35.694,4,0,0,0,67301,1,0,0,N,0,0,0,2,67301,1,,2,1,,N,N,,0,,0,0,0,3,3,,1530.0,1,2,0,0,0,0,0,3,4,1,1,3,,N,,,,,,,,,,,
2010093686,700.0,1,0,0,0,0,0,0,0,0,1,0,,67,8,2010,1,39.9813,-75.2408,654.0,6,0,0,0,0,0,0,0,0,,0,0,0,6.0,1,0,0,,0,39 58:52.652,,0,75 14:26.721,0,0,0,0,67301,0,0,0,N,0,0,0,1,67301,0,,5,1,,N,,,1,,0,0,0,0,0,,650.0,0,2,0,0,0,0,0,3,4,0,2,3,,N,,,,,,,,,,,
2010088663,925.0,2,0,0,0,0,0,0,0,0,4,0,,67,7,2010,7,39.992,-75.2375,920.0,6,0,0,0,0,0,1,0,1,9.0,0,0,0,9.0,1,2,1,,1,39 59:31.149,5.0,0,75 14:15.021,4,0,0,0,67301,0,0,0,N,0,0,0,2,67301,2,,1,1,,N,N,,0,,0,0,0,3,2,N,915.0,2,2,0,0,0,0,0,3,4,0,2,3,,N,,,,,,,,,,,
2010088823,1825.0,1,0,0,1,0,0,0,0,0,4,0,,67,8,2010,1,39.9304,-75.1869,1815.0,6,0,0,0,0,0,0,0,0,,0,0,0,18.0,1,2,1,,0,39 55:49.303,,0,75 11:12.947,8,0,0,0,67301,2,0,0,N,0,0,0,3,67301,0,,1,9,,N,N,,0,,0,0,0,3,2,,1800.0,2,2,0,0,1,2,0,3,4,0,1,3,,N,,,,,,,,,,,
2010088874,1955.0,1,0,0,0,0,0,0,0,0,8,0,,67,8,2010,3,40.0075,-75.1429,1949.0,6,0,0,0,0,0,0,0,0,,0,0,0,19.0,1,1,0,,0,40 00:26.870,,0,75 08:34.533,4,0,0,0,67301,1,0,0,N,1,0,0,4,67301,1,,1,1,,N,N,,0,,0,0,0,0,0,,1930.0,1,2,0,0,0,0,0,3,4,0,1,3,,N,,,,,,,,,,,
2010102350,2021.0,1,0,0,0,0,0,0,0,0,7,0,,67,9,2010,5,40.0289,-75.0859,2018.0,6,0,0,0,0,0,0,0,0,,0,0,0,20.0,3,1,1,,0,40 01:43.906,,0,75 05:09.211,8,0,0,0,67301,0,0,0,,0,0,0,1,67301,0,,5,1,,N,N,,0,,0,0,0,3,3,,2017.0,1,1,0,0,0,1,0,3,4,0,1,3,,N,,,,,,,,,,,
2010069873,1348.0,2,0,0,0,0,0,0,0,0,1,0,,67,6,2010,4,40.0446,-75.0547,1345.0,6,0,0,0,0,0,1,1,0,,0,0,0,13.0,1,1,1,,0,40 02:40.636,,0,75 03:16.819,8,0,0,0,67301,0,0,0,N,0,0,0,2,67301,0,,1,9,,N,N,,0,,0,0,0,3,2,,1345.0,1,2,0,0,0,1,0,3,4,0,2,7,,N,,,,,,,,,,,
2010062035,700.0,1,0,0,0,0,0,0,0,0,8,0,,67,4,2010,1,39.9774,-75.1358,650.0,6,0,0,0,0,1,0,0,0,,0,0,0,6.0,1,1,1,,0,39 58:38.679,,0,75 08:08.962,3,0,0,0,67301,1,0,0,,1,0,0,2,67301,0,,1,1,,,,,0,,1,0,0,3,3,,650.0,1,2,0,0,0,0,0,3,4,0,1,3,,N,,,,,,,,,,,
2010044736,1229.0,3,0,0,0,0,0,0,0,0,6,0,,67,3,2010,2,40.0501,-75.0951,1226.0,6,0,0,0,0,0,2,1,0,2.0,0,0,0,12.0,1,2,0,,2,40 03:00.512,1.0,0,75 05:42.248,4,0,0,0,67301,0,0,0,N,0,0,0,4,67301,2,,1,9,,,,,0,,0,0,0,0,0,Y,1224.0,2,4,0,0,0,0,0,3,4,1,4,7,,N,,,,,,,,,,,
2010059581,151.0,2,0,0,0,0,0,0,0,0,1,0,,67,4,2010,1,39.9521,-75.1865,149.0,6,0,0,0,0,0,0,1,0,,0,0,0,1.0,3,1,0,,0,39 57:07.435,,0,75 11:09.717,8,0,0,0,67301,0,0,0,N,0,0,0,1,67504,0,,2,9,,N,N,,0,,0,0,0,0,0,,149.0,1,2,0,0,0,1,0,3,4,0,2,7,,N,,,,,,,,,,,
2010059592,1925.0,1,0,0,1,0,0,0,0,0,4,0,,67,4,2010,1,39.9286,-75.2379,1923.0,6,0,0,0,0,0,1,0,0,1.0,0,0,0,19.0,1,1,2,,2,39 55:42.806,5.0,0,75 14:16.331,8,0,0,0,67301,1,0,0,,0,0,0,4,67301,0,,1,1,,,,,0,,0,0,0,3,3,N,1910.0,1,2,0,0,0,1,0,3,4,0,1,3,,N,,,,,,,,,,,
2010044425,1248.0,2,0,0,0,0,0,0,0,0,4,0,,67,4,2010,7,40.025,-75.079,1243.0,6,0,0,0,0,0,0,0,1,,0,0,0,12.0,1,1,1,,0,40 01:29.863,,0,75 04:44.439,4,0,0,0,67301,0,0,0,N,0,0,0,2,67301,1,,1,1,,N,N,,0,,0,0,0,3,2,,1240.0,1,2,0,0,0,0,0,3,4,0,2,3,,N,,,,,,,,,,,
2010052256,1126.0,2,0,0,0,0,0,0,0,0,4,0,,67,5,2010,7,39.9756,-75.1777,1124.0,6,0,0,0,0,1,0,0,0,,0,0,0,11.0,1,2,1,,0,39 58:32.206,,0,75 10:39.871,4,0,0,0,67301,0,0,0,,0,0,0,3,67301,1,,1,1,,N,N,,0,,0,0,0,0,0,,1120.0,2,2,0,0,0,1,0,3,4,0,2,3,,N,,,,,,,,,,,
2010052272,1650.0,1,0,0,0,0,0,1,0,0,1,1,,67,5,2010,3,39.9428,-75.1656,1645.0,6,0,0,0,0,0,0,0,0,,0,0,0,16.0,1,1,1,,0,39 56:33.952,,0,75 09:56.688,4,0,0,0,67301,0,0,0,N,0,0,0,3,67301,1,,1,1,,N,N,,0,,0,0,0,3,2,,1630.0,1,2,0,0,2,0,0,3,4,0,2,3,,N,,,,,,,,,,,
2010078718,1204.0,1,0,0,0,0,0,0,0,0,1,0,,67,8,2010,7,39.8871,-75.2157,1135.0,6,0,0,0,0,0,0,0,1,,0,0,0,11.0,1,4,0,,0,39 53:07.999,,0,75 12:36.288,8,0,0,0,67301,0,0,0,N,0,0,0,6,68K01,0,,1,1,,N,N,,1,,0,0,0,0,0,,1127.0,4,2,0,0,0,4,0,3,4,0,2,3,,N,,,,,,,,,,,
2010044745,2222.0,2,0,0,0,0,0,0,0,0,5,0,,67,4,2010,4,39.9314,-75.1659,2218.0,6,0,0,0,0,0,0,0,0,,0,0,0,22.0,3,1,0,,0,39 55:53.110,,0,75 09:57.180,4,0,0,0,67301,0,0,0,N,0,0,0,3,67301,1,,1,1,,N,N,,0,,0,0,0,0,0,,2215.0,1,2,0,0,2,0,1,3,4,0,2,3,,N,,,,,,,,,,,
2010044801,637.0,1,0,0,1,0,0,0,0,0,4,0,,67,4,2010,2,39.9918,-75.1256,635.0,6,0,0,0,0,0,0,0,0,,0,0,0,99.0,4,1,0,,0,39 59:30.580,,0,75 07:32.257,4,0,0,0,67301,1,0,0,N,0,0,0,2,67301,1,,1,1,,N,N,,0,,0,0,0,0,0,,9999.0,1,2,0,0,0,0,0,3,4,0,1,3,,N,,,,,,,,,,,
2010044833,2115.0,2,0,0,0,0,0,0,0,0,4,0,,67,4,2010,3,39.9825,-75.1516,2105.0,6,0,0,0,0,1,0,0,0,,0,0,0,20.0,3,1,1,,0,39 58:57.093,,0,75 09:05.770,8,0,0,0,67301,0,0,0,,0,0,0,4,67301,0,,1,1,,,,,0,,0,0,0,3,2,,2040.0,1,2,0,0,0,1,0,3,4,0,2,3,,N,,,,,,,,,,,
2010128477,1140.0,1,0,0,0,0,0,0,0,0,7,0,,67,12,2010,2,39.923,-75.191,1129.0,6,0,0,0,0,0,0,0,0,1.0,0,0,0,11.0,1,0,0,,2,39 55:30.581,4.0,6,75 11:35.978,0,0,0,0,67301,0,0,0,N,0,0,0,1,68K01,0,,2,1,,N,N,,0,,0,0,0,0,0,N,1126.0,0,1,0,0,0,0,0,3,4,0,1,3,,N,,,,,,,,,,,
2010060295,523.0,2,0,0,0,0,0,0,0,0,1,0,,67,5,2010,4,39.9865,-75.145,518.0,6,0,0,0,0,0,0,0,0,,0,0,0,5.0,1,2,1,,0,39 59:11.294,,0,75 08:42.176,4,0,0,0,67301,0,0,0,,0,0,0,3,67301,2,,1,1,,,,,0,,0,0,0,3,2,,518.0,2,2,0,0,3,0,0,3,4,0,2,3,,N,,,,,,,,,,,