CRN,ARRIVAL_TM,AUTOMOBILE_COUNT,BELTED_DEATH_COUNT,BELTED_SUSP_SERIOUS_INJ_COUNT,BICYCLE_COUNT,BICYCLE_DEATH_COUNT,BICYCLE_SUSP_SERIOUS_INJ_COUNT,BUS_COUNT,CHLDPAS_DEATH_COUNT,CHLDPAS_SUSP_SERIOUS_INJ_COUNT,COLLISION_TYPE,COMM_VEH_COUNT,CONS_ZONE_SPD_LIM,COUNTY,CRASH_MONTH,CRASH_YEAR,DAY_OF_WEEK,DEC_LAT,DEC_LONG,DISPATCH_TM,DISTRICT,DRIVER_COUNT_16YR,DRIVER_COUNT_17YR,DRIVER_COUNT_18YR,DRIVER_COUNT_19YR,DRIVER_COUNT_20YR,DRIVER_COUNT_50_64YR,DRIVER_COUNT_65_74YR,DRIVER_COUNT_75PLUS,EST_HRS_CLOSED,FATAL_COUNT,HEAVY_TRUCK_COUNT,HORSE_BUGGY_COUNT,HOUR_OF_DAY,ILLUMINATION,INJURY_COUNT,INTERSECT_TYPE,INTERSECTION_RELATED,LANE_CLOSED,LATITUDE,LN_CLOSE_DIR,LOCATION_TYPE,LONGITUDE,MAX_SEVERITY_LEVEL,MCYCLE_DEATH_COUNT,MCYCLE_SUSP_SERIOUS_INJ_COUNT,MOTORCYCLE_COUNT,MUNICIPALITY,NONMOTR_COUNT,NONMOTR_DEATH_COUNT,NONMOTR_SUSP_SERIOUS_INJ_COUNT,NTFY_HIWY_MAINT,PED_COUNT,PED_DEATH_COUNT,PED_SUSP_SERIOUS_INJ_COUNT,PERSON_COUNT,POLICE_AGCY,POSSIBLE_INJ_COUNT,RDWY_SURF_TYPE_CD,RELATION_TO_ROAD,ROAD_CONDITION,ROADWAY_CLEARED,SCH_BUS_IND,SCH_ZONE_IND,SECONDARY_CRASH,SMALL_TRUCK_COUNT,SPEC_JURIS_CD,SUSP_MINOR_INJ_COUNT,SUSP_SERIOUS_INJ_COUNT,SUV_COUNT,TCD_FUNC_CD,TCD_TYPE,TFC_DETOUR_IND,TIME_OF_DAY,TOT_INJ_COUNT,TOTAL_UNITS,UNB_DEATH_COUNT,UNB_SUSP_SERIOUS_INJ_COUNT,UNBELTED_OCC_COUNT,UNK_INJ_DEG_COUNT,UNK_INJ_PER_COUNT,URBAN_AREA,URBAN_RURAL,VAN_COUNT,VEHICLE_COUNT,WEATHER1,WEATHER2,WORK_ZONE_IND,WORK_ZONE_LOC,WORK_ZONE_TYPE,WORKERS_PRES,WZ_CLOSE_DETOUR,WZ_FLAGGER,WZ_LAW_OFFCR_IND,WZ_LN_CLOSURE,WZ_MOVING,WZ_OTHER,WZ_SHLDER_MDN,WZ_WORKERS_INJ_KILLED
2010058408,1500.0,1,0,0,0,0,0,0,0,0,7,0,,67,6,2010,1,,,1500.0,6,0,0,0,1,0,0,0,0,2.0,0,0,0,14.0,1,0,0,,1,,3.0,2,,0,0,0,0,67301,0,0,0,N,0,0,0,1,67501,0,,2,9,,N,N,,0,,0,0,0,3,8,N,1445.0,0,1,0,0,0,0,0,3,3,0,1,7,,N,,,,,,,,,,,
2010057858,1658.0,2,0,0,0,0,0,0,0,0,1,0,,67,6,2010,6,40.0076,-75.2013,1656.0,6,0,0,0,0,0,2,0,0,1.0,0,0,0,16.0,1,3,0,,1,40 00:26.652,3.0,0,75 12:02.921,4,0,0,0,67301,0,0,0,N,0,0,0,4,68K01,1,,1,1,,N,N,,0,,0,0,2,0,0,N,1650.0,3,4,0,0,0,2,0,3,4,0,4,3,,N,,,,,,,,,,,
2010077963,1720.0,3,0,0,0,0,0,0,0,0,1,0,,67,7,2010,7,39.9635,-75.1842,1713.0,6,0,0,0,0,0,1,0,0,,0,0,0,17.0,1,2,0,,0,39 57:47.546,,0,75 11:02.050,4,0,0,0,67301,0,0,0,N,0,0,0,3,68K01,2,,1,1,,N,N,,0,,0,0,0,0,0,,1708.0,2,3,0,0,1,0,0,3,4,0,3,3,,N,,,,,,,,,,,
2010058840,1843.0,2,0,0,0,0,0,0,0,0,4,0,,67,5,2010,6,39.9581,-75.2285,843.0,6,0,0,0,1,0,0,0,0,,0,0,0,17.0,1,1,1,,0,39 57:29.152,,0,75 13:42.679,8,0,0,0,67301,0,0,0,N,0,0,0,5,67301,0,,1,1,,N,N,,0,,0,0,0,9,3,,1745.0,1,2,0,0,0,1,1,3,4,0,2,3,,N,,,,,,,,,,,
2010078363,16.0,1,0,0,0,0,0,0,0,0,1,0,,67,7,2010,2,39.9541,-75.2024,15.0,6,0,0,0,0,0,0,0,0,,0,0,0,0.0,3,1,0,,0,39 57:14.762,,0,75 12:08.548,4,0,0,0,67301,0,0,0,N,0,0,0,2,67301,1,,1,1,,N,N,,0,,0,0,1,0,0,,14.0,1,2,0,0,0,0,0,3,4,0,2,3,,N,,,,,,,,,,,
2010104923,547.0,2,0,0,0,0,0,0,0,0,2,0,,67,9,2010,5,39.9707,-75.1541,534.0,6,0,0,0,0,0,1,0,0,,0,0,0,5.0,1,1,1,,0,39 58:14.534,,0,75 09:14.823,8,0,0,0,67301,0,0,0,N,0,0,0,2,67301,0,,1,9,,N,N,,0,,0,0,0,3,2,,533.0,1,2,0,0,0,1,0,3,4,0,2,7,,N,,,,,,,,,,,
2010080778,1057.0,1,0,0,0,0,0,0,0,0,1,0,,67,8,2010,5,39.9824,-75.1004,1057.0,6,0,0,0,0,0,1,0,0,,0,0,0,10.0,1,0,0,,0,39 58:56.551,,0,75 06:01.761,0,0,0,0,67301,0,0,0,N,0,0,0,6,68K01,0,,1,1,,N,N,,0,,0,0,1,0,0,,1050.0,0,3,0,0,0,0,0,3,4,1,3,3,,N,,,,,,,,,,,
2010079209,1824.0,1,0,0,0,0,0,0,0,0,1,0,,67,8,2010,3,39.9812,-75.1026,1823.0,6,0,0,0,0,0,1,0,0,,0,0,0,18.0,1,2,0,,0,39 58:52.577,,0,75 06:08.810,4,0,0,0,67301,0,0,0,N,0,0,0,2,68K01,2,,1,1,,N,N,,0,,0,0,0,0,0,,1819.0,2,2,0,0,0,0,0,3,4,1,2,3,,N,,,,,,,,,,,
2010112748,617.0,0,0,0,0,0,0,0,0,0,7,0,,67,11,2010,3,39.9589,-75.1703,609.0,6,0,0,0,0,0,0,0,0,1.0,0,0,0,6.0,3,1,0,,2,39 57:32.191,4.0,0,75 10:13.184,4,0,0,0,67301,0,0,0,N,0,0,0,1,68K01,1,,4,1,,N,N,,0,,0,0,1,0,0,N,607.0,1,1,0,0,0,0,0,3,4,0,1,3,,N,,,,,,,,,,,
2010099808,1136.0,4,0,0,0,0,0,0,0,0,4,0,,67,9,2010,1,40.0428,-75.0631,1134.0,6,0,0,0,0,0,1,0,0,,0,0,0,11.0,1,0,1,,0,40 02:34.113,,0,75 03:47.339,0,0,0,0,67301,0,0,0,,0,0,0,3,67301,0,,1,1,,,,,0,,0,0,1,3,2,,1133.0,0,5,0,0,0,0,0,3,4,0,5,3,,N,,,,,,,,,,,
2010118104,1615.0,1,0,0,0,0,0,0,0,0,8,0,,67,10,2010,6,39.951,-75.1521,1613.0,6,0,0,0,0,0,1,0,0,,0,0,0,16.0,1,1,0,,0,39 57:03.527,,0,75 09:07.515,8,0,0,0,67301,1,0,0,,1,0,0,2,67301,0,,1,1,,,,,0,,0,0,0,0,0,,1613.0,1,2,0,0,1,1,0,3,4,0,1,3,,N,,,,,,,,,,,
2010105030,1500.0,1,0,0,0,0,0,0,0,0,8,0,,67,9,2010,1,40.0099,-75.137,1441.0,6,0,0,0,0,0,0,0,0,,0,0,0,14.0,1,1,0,,0,40 00:35.614,,0,75 08:13.200,8,0,0,0,67301,1,0,0,N,1,0,0,2,67301,0,,1,1,,N,N,,0,,0,0,0,0,0,,1435.0,1,2,0,0,0,1,0,3,4,0,1,3,,N,,,,,,,,,,,
2010102526,1124.0,0,0,0,0,0,0,0,0,0,7,0,,67,9,2010,1,40.006,-75.0919,1118.0,6,0,0,0,0,0,1,0,0,,0,0,0,10.0,1,1,1,,0,40 00:21.613,,0,75 05:30.664,4,0,0,0,67301,0,0,0,N,0,0,0,1,67301,1,,5,1,,N,N,,1,,0,0,0,3,2,,1026.0,1,1,0,0,0,0,0,3,4,0,1,3,,N,,,,,,,,,,,
2010102539,1650.0,1,0,0,0,0,0,1,0,0,4,1,,67,9,2010,2,40.027,-75.0755,1645.0,6,0,0,0,0,0,1,0,0,,0,0,0,16.0,1,1,1,,0,40 01:37.269,,0,75 04:31.638,4,0,0,0,67301,0,0,0,,0,0,0,2,67301,1,,1,1,,,,,0,,0,0,0,3,2,,1600.0,1,2,0,0,0,0,0,3,4,0,2,3,,N,,,,,,,,,,,
2010100130,733.0,0,0,0,0,0,0,0,0,0,1,0,,67,10,2010,6,39.906,-75.1342,733.0,6,0,0,0,0,0,0,0,0,2.0,0,0,0,7.0,1,1,0,,1,39 54:21.732,3.0,3,75 08:02.940,8,0,0,0,67301,0,0,0,N,0,0,0,2,67501,0,,1,1,,N,N,,0,,0,0,1,3,8,N,733.0,1,2,0,0,0,1,1,3,4,0,2,98,,N,,,,,,,,,,,
2010105077,1922.0,0,0,0,0,0,0,0,0,0,0,0,,67,9,2010,1,39.9938,-75.1282,1922.0,6,0,0,0,0,0,0,0,0,,0,0,0,19.0,3,1,0,,0,39 59:37.503,,0,75 07:41.584,4,0,0,1,67301,0,0,0,N,0,0,0,2,67301,1,,1,1,,N,N,,0,,0,0,0,0,0,,1922.0,1,1,0,0,0,0,0,3,4,0,1,3,,N,,,,,,,,,,,
2010034197,1925.0,2,0,0,0,0,0,0,0,0,6,0,,67,3,2010,5,40.012,-75.1359,1915.0,6,0,0,0,0,0,0,1,0,,0,0,0,19.0,3,1,1,,0,40 00:43.066,,0,75 08:09.135,3,0,0,0,67301,0,0,0,,0,0,0,4,67301,0,,1,1,,,,,0,,1,0,0,3,3,,1910.0,1,2,0,0,0,0,0,3,4,0,2,3,,N,,,,,,,,,,,
2010075831,402.0,2,0,0,0,0,0,0,0,0,1,0,,67,7,2010,7,39.9942,-75.199,348.0,6,0,0,0,0,0,0,0,0,,0,0,0,3.0,3,1,0,,0,39 59:42.361,,0,75 11:53.079,4,0,0,0,67301,0,0,0,N,0,0,0,3,68K01,1,,1,1,,N,N,,0,,0,0,0,0,0,,342.0,1,2,0,0,0,0,0,3,4,0,2,3,,N,,,,,,,,,,,
2010088649,1924.0,0,0,0,0,0,0,0,0,0,1,0,,67,8,2010,2,40.011,-75.0887,1909.0,6,0,0,0,0,1,0,0,0,,0,0,0,18.0,1,1,0,,0,40 00:39.491,,0,75 05:19.373,8,0,0,0,67301,0,0,0,N,0,0,0,8,67301,0,,1,1,,N,N,,0,,0,0,2,0,0,,1850.0,1,3,0,0,0,1,2,3,4,1,3,3,,N,,,,,,,,,,,
2010091195,2058.0,2,0,0,0,0,0,0,0,0,8,0,,67,8,2010,7,39.9398,-75.2228,2057.0,6,0,0,0,1,0,0,0,0,,0,0,0,20.0,4,1,0,,0,39 56:23.179,,0,75 13:22.080,8,0,0,0,67301,1,0,0,,1,0,0,4,67301,0,,1,1,,,,,0,,0,0,0,3,2,,2057.0,1,3,0,0,0,1,0,3,4,0,2,3,,N,,,,,,,,,,,
2010091219,9999.0,2,0,0,0,0,0,0,0,0,4,0,,67,8,2010,5,39.9065,-75.2352,9999.0,6,0,1,0,0,1,0,0,0,,0,0,0,99.0,3,1,1,,0,39 54:23.410,,0,75 14:06.655,4,0,0,0,67301,0,0,0,,0,0,0,3,67301,1,,1,1,,,,,0,,0,0,0,3,2,,9999.0,1,2,0,0,0,0,0,3,4,0,2,3,,N,,,,,,,,,,,
2010088775,1634.0,2,0,0,0,0,0,0,0,0,4,0,,67,8,2010,7,40.0633,-74.9855,1628.0,6,0,0,0,0,0,1,0,0,9.0,0,0,0,16.0,1,1,2,,2,40 03:48.179,5.0,0,74 59:08.085,8,0,0,0,67301,0,0,0,N,0,0,0,9,67301,0,,1,1,,N,N,,0,,0,0,2,3,2,Y,1626.0,1,4,0,0,1,1,0,3,4,0,4,3,,N,,,,,,,,,,,
2010088780,2105.0,1,0,0,0,0,0,0,0,0,1,0,,67,8,2010,1,40.0336,-75.1009,2100.0,6,0,0,0,0,0,0,0,0,,0,0,0,20.0,3,1,0,,0,40 02:01.070,,0,75 06:03.176,8,0,0,1,67301,0,0,0,N,0,0,0,2,67301,0,,1,1,,N,N,,0,,0,0,0,0,0,,2059.0,1,2,0,0,0,1,0,3,4,0,2,3,,N,,,,,,,,,,,
2010088485,1738.0,0,0,0,0,0,0,0,0,0,1,0,,67,9,2010,2,39.9478,-75.1873,1728.0,6,0,0,0,0,0,0,1,0,,0,0,0,17.0,1,1,0,,0,39 56:53.836,,0,75 11:11.900,8,0,0,0,67301,0,0,0,N,0,0,0,3,68K01,0,,1,1,,N,N,,0,,0,0,2,0,0,,1725.0,1,3,0,0,0,1,0,3,4,1,3,3,,N,,,,,,,,,,,
2010088882,155.0,1,0,0,0,0,0,0,0,0,4,0,99.0,67,8,2010,3,40.0239,-75.0354,150.0,6,0,0,0,0,0,1,0,0,,0,0,0,22.0,3,0,2,,0,40 01:26.280,,0,75 02:07.317,0,0,0,0,67301,0,0,0,N,0,0,0,3,67301,0,,1,1,,N,N,,1,,0,0,0,9,2,,2200.0,0,2,0,0,0,0,0,3,4,0,2,3,,Y,8.0,1.0,N,U,U,N,U,U,U,U,
2010099618,1105.0,1,0,0,0,0,0,0,0,0,4,0,,67,9,2010,7,40.0852,-75.0367,1058.0,6,0,0,0,0,0,1,0,0,,0,0,0,10.0,1,1,0,,0,40 05:06.678,,7,75 02:12.273,8,0,0,0,67301,0,0,0,N,0,0,0,6,67301,0,,2,1,,N,N,,0,,0,0,1,0,0,,1050.0,1,2,0,0,0,1,1,3,4,0,2,3,,N,,,,,,,,,,,
2010099670,53.0,2,0,0,0,0,0,0,0,0,4,0,,67,8,2010,4,39.9325,-75.2246,51.0,6,0,0,0,0,0,0,0,0,3.0,0,0,0,0.0,3,3,1,,2,39 55:56.906,1.0,0,75 13:28.606,3,0,0,0,67301,0,0,0,,0,0,0,3,67301,2,,1,1,,N,N,,0,,1,0,0,3,2,Y,50.0,3,2,0,0,0,0,0,3,4,0,2,3,,N,,,,,,,,,,,
2010090810,834.0,0,0,0,0,0,0,0,0,0,7,1,,67,9,2010,1,39.9343,-75.1999,826.0,6,0,0,0,0,0,0,0,0,,0,1,0,8.0,1,0,0,,0,39 56:08.633,,0,75 11:58.881,0,0,0,0,67301,0,0,0,Y,0,0,0,1,68K01,0,,3,9,,N,N,,0,,0,0,0,0,0,,820.0,0,1,0,0,0,0,0,3,4,0,1,7,,N,,,,,,,,,,,
2010103096,1920.0,1,0,0,0,0,0,0,0,0,8,0,,67,9,2010,4,39.9181,-75.1603,1914.0,6,0,0,0,0,0,0,0,0,,0,0,0,19.0,3,1,1,,0,39 55:05.012,,0,75 09:37.043,4,0,0,0,67301,1,0,0,N,1,0,0,2,67301,1,,1,1,,N,N,,0,,0,0,0,0,0,,1900.0,1,2,0,0,1,0,1,3,4,0,1,3,,N,,,,,,,,,,,
2010075111,1220.0,2,0,0,0,0,0,0,0,0,4,0,,67,7,2010,5,40.0223,-75.162,1210.0,6,0,0,0,0,0,0,0,0,,0,0,0,99.0,1,0,1,,0,40 01:20.289,,0,75 09:43.290,0,0,0,0,67301,0,0,0,N,0,0,0,2,67301,0,,1,1,,N,N,,0,,0,0,0,2,2,,9999.0,0,2,0,0,0,0,0,3,4,0,2,3,,N,,,,,,,,,,,
2010075118,520.0,2,0,0,0,0,0,0,0,0,4,0,,67,7,2010,5,39.9874,-75.2324,510.0,6,0,0,0,0,0,0,0,0,,0,0,0,5.0,1,3,1,,0,39 59:14.726,,0,75 13:56.711,4,0,0,0,67301,0,0,0,,0,0,0,3,67301,2,,1,1,,,,,0,,0,0,0,3,2,,510.0,3,2,0,0,0,1,0,3,4,0,2,3,,N,,,,,,,,,,,
2010047486,1706.0,2,0,0,0,0,0,0,0,0,1,0,,67,5,2010,6,39.899,-75.1674,1659.0,6,0,0,0,0,0,0,0,0,,0,0,0,16.0,1,0,0,,0,39 54:00.013,,0,75 09:34.711,0,0,0,0,67301,0,0,0,N,0,0,0,3,68K01,0,,1,1,,N,N,,0,,0,0,0,0,0,,1630.0,0,2,0,0,0,0,0,3,4,0,2,3,,N,,,,,,,,,,,
2010045106,920.0,2,0,0,0,0,0,0,0,0,1,0,,67,4,2010,5,40.0265,-75.1159,916.0,6,0,0,0,0,0,1,0,0,1.0,0,0,0,9.0,1,2,2,,2,40 01:35.244,3.0,0,75 06:56.729,4,0,0,0,67301,3,0,0,N,0,0,0,8,67301,2,,1,1,,N,N,,0,,0,0,2,0,0,Y,915.0,2,4,0,0,0,0,0,3,4,0,4,3,,N,,,,,,,,,,,
2010062001,1650.0,1,0,0,0,0,0,0,0,0,8,0,,67,4,2010,6,40.0497,-75.1605,1621.0,6,0,0,1,0,0,0,0,0,,0,0,0,16.0,1,1,1,,0,40 02:58.768,,0,75 09:37.864,3,0,0,0,67301,1,0,0,N,1,0,0,2,67301,0,,1,1,,N,N,,0,,1,0,0,3,2,,1615.0,1,2,0,0,0,0,0,3,4,0,1,3,,N,,,,,,,,,,,
2010044737,35.0,2,0,0,0,0,0,0,0,0,1,0,,67,4,2010,1,39.9435,-75.2224,2315.0,6,0,0,0,0,0,0,0,0,,0,0,0,23.0,3,1,0,,0,39 56:36.536,,0,75 13:20.689,4,0,0,0,67301,0,0,0,N,0,0,0,5,67301,1,,1,1,,N,N,,0,,0,0,0,0,0,,2310.0,1,2,0,0,0,0,0,3,4,0,2,3,,N,,,,,,,,,,,
2010081450,1908.0,1,0,0,0,0,0,0,0,0,1,0,,67,7,2010,4,,,1901.0,6,0,0,0,0,0,0,1,0,1.0,0,0,0,18.0,1,1,0,,1,,2.0,0,,3,0,0,0,67301,0,0,0,N,0,0,0,5,67301,0,,1,1,,N,N,,0,,1,0,1,0,0,N,1857.0,1,2,0,0,0,0,0,3,3,0,2,3,,N,,,,,,,,,,,
2010044446,715.0,1,0,0,0,0,0,0,0,0,8,0,,67,1,2010,4,40.0661,-75.063,706.0,6,0,0,0,0,0,0,0,0,,0,0,0,7.0,1,1,1,,0,40 03:58.061,,0,75 03:46.964,8,0,0,0,67301,1,0,0,N,1,0,0,2,67301,0,,1,1,,N,N,,0,,0,0,0,3,2,,700.0,1,2,0,0,0,1,0,3,4,0,1,3,,N,,,,,,,,,,,
2010083754,245.0,1,0,0,0,0,0,0,0,0,7,0,,67,8,2010,7,39.9567,-75.1415,239.0,6,0,0,0,0,0,0,0,0,2.0,0,0,0,2.0,3,3,0,,2,39 57:23.643,3.0,2,75 08:29.341,3,0,0,0,67301,0,0,0,N,0,0,0,3,68K01,0,,2,1,,N,N,,0,,3,0,0,0,0,Y,237.0,3,1,0,0,0,0,0,3,4,0,1,3,,N,,,,,,,,,,,
2010062320,1430.0,2,0,0,0,0,0,0,0,0,1,0,,67,5,2010,2,39.9252,-75.1712,1420.0,6,0,0,0,0,0,0,0,0,,0,0,0,14.0,1,0,1,,0,39 55:30.553,,0,75 10:16.262,0,0,0,0,67301,0,0,0,N,0,0,0,3,67301,0,,1,1,,N,N,,0,,0,0,0,3,2,,1415.0,0,2,0,0,0,0,0,3,4,0,2,3,,N,,,,,,,,,,,
2010062321,1849.0,1,0,0,0,0,0,0,0,0,8,0,,67,5,2010,5,39.9185,-75.2259,1837.0,6,0,0,0,0,0,0,0,0,,0,0,0,99.0,1,1,1,,0,39 55:06.715,,0,75 13:33.263,8,0,0,0,67301,1,0,0,,1,0,0,2,67301,0,,1,1,,,,,0,,0,0,0,3,2,,9999.0,1,2,0,0,0,1,0,3,4,0,1,3,,N,,,,,,,,,,,
2010081646,1529.0,2,0,0,0,0,0,0,0,0,4,0,,67,7,2010,2,39.9602,-75.2452,1300.0,6,0,0,0,0,0,2,0,0,,0,0,0,13.0,1,1,1,,0,39 57:36.615,,0,75 14:42.795,4,0,0,0,67301,0,0,0,N,0,0,0,2,67301,1,,1,1,,N,N,,0,,0,0,0,0,0,,1300.0,1,2,0,0,0,0,0,3,4,0,2,3,,N,,,,,,,,,,,
2010044694,1440.0,1,0,0,0,0,0,0,0,0,4,0,,67,3,2010,3,39.9918,-75.1186,1435.0,6,0,0,0,0,0,0,0,0,,0,0,0,14.0,1,1,1,,0,39 59:30.602,,0,75 07:07.017,8,0,0,1,67301,0,0,0,N,0,0,0,2,67301,0,,1,1,,N,N,,0,,0,0,0,3,3,,1430.0,1,2,0,0,0,1,0,3,4,0,2,3,,N,,,,,,,,,,,
2010062064,1200.0,2,0,0,0,0,0,0,0,0,1,1,,67,4,2010,2,40.0046,-75.132,1156.0,6,0,0,0,0,0,3,0,0,,0,1,0,11.0,1,1,0,,0,40 00:16.516,,0,75 07:55.329,8,0,0,0,67301,0,0,0,,0,0,0,3,67301,0,,1,9,,N,N,,0,,0,0,0,0,0,,1155.0,1,3,0,0,0,1,0,3,4,0,3,7,,N,,,,,,,,,,,
2010044766,1423.0,2,0,0,0,0,0,0,0,0,6,0,,67,4,2010,1,39.9729,-75.2388,1420.0,6,0,0,0,0,0,1,0,0,,0,0,0,14.0,1,6,1,,0,39 58:22.396,,0,75 14:19.798,4,0,0,0,67301,0,0,0,,0,0,0,6,67301,6,,1,1,,,,,0,,0,0,1,3,3,,1400.0,6,3,0,0,1,0,0,3,4,0,3,3,,N,,,,,,,,,,,
2010044855,1836.0,3,0,0,0,0,0,0,0,0,4,0,,67,4,2010,1,40.0171,-75.1586,1836.0,6,1,0,0,0,0,0,0,0,2.0,0,0,0,18.0,1,2,2,,2,40 01:01.406,5.0,0,75 09:30.795,8,0,0,0,67301,0,0,0,,0,0,0,4,67301,0,,1,1,,N,N,,0,,0,0,0,3,3,Y,1830.0,2,3,0,0,0,2,0,3,4,0,3,3,,N,,,,,,,,,,,
2010127891,2248.0,2,0,0,0,0,0,0,0,0,1,0,,67,12,2010,3,40.0237,-75.0332,2233.0,6,0,0,0,0,0,0,0,0,1.0,0,0,0,22.0,3,1,0,,1,40 01:25.321,2.0,0,75 01:59.509,4,0,0,0,67301,0,0,0,N,0,0,0,4,68K01,1,,1,1,,N,N,,0,,0,0,0,0,0,N,2223.0,1,2,0,0,0,0,0,3,4,0,2,3,,N,,,,,,,,,,,
2010048873,1220.0,1,0,0,0,0,0,0,0,0,4,0,,67,4,2010,7,39.9736,-75.1186,1220.0,6,0,0,0,0,0,1,0,0,,0,0,0,23.0,3,1,2,,0,39 58:22.572,,0,75 07:10.506,4,0,0,0,67301,0,0,0,N,0,0,0,3,67301,1,,1,9,,N,N,,1,,0,0,0,3,2,,2331.0,1,2,0,0,0,0,2,3,4,0,2,7,,N,,,,,,,,,,,
2010060287,1515.0,0,0,0,0,0,0,0,0,0,8,0,,67,5,2010,6,40.06,-75.0869,1515.0,6,0,0,0,0,0,1,0,0,,0,0,0,14.0,1,1,0,,0,40 03:36.064,,0,75 05:12.980,4,0,0,0,67301,1,0,0,N,1,0,0,2,67301,1,,1,1,,N,N,,0,,0,0,1,0,0,,1455.0,1,2,0,0,0,0,0,3,4,0,1,3,,N,,,,,,,,,,,
2010039241,2220.0,1,0,0,0,0,0,0,0,0,4,0,,67,3,2010,6,40.012,-75.0991,2215.0,6,0,0,0,0,0,1,0,0,,0,0,0,22.0,3,3,0,,0,40 00:43.167,,7,75 05:56.706,4,0,0,0,67301,0,0,0,,0,0,0,3,67301,3,,6,1,,,,,1,,0,0,0,0,0,,2214.0,3,2,0,0,3,0,0,3,4,0,2,3,,N,,,,,,,,,,,
2010039243,1217.0,2,0,0,0,0,0,0,0,0,1,0,,67,4,2010,6,40.0146,-75.1567,1215.0,6,0,0,0,0,0,1,1,1,,0,0,0,12.0,1,1,1,,0,40 00:52.463,,0,75 09:23.952,4,0,0,0,67301,0,0,0,N,0,0,0,3,67301,1,,1,1,,N,N,,0,,0,0,1,3,2,,1215.0,1,3,0,0,0,0,0,3,4,0,3,3,,N,,,,,,,,,,,
2010030179,2008.0,1,0,0,0,0,0,0,0,0,1,0,,67,3,2010,4,39.9793,-75.1086,2001.0,6,0,0,0,0,0,0,0,0,2.0,0,0,0,20.0,3,1,0,,2,39 58:46.846,2.0,0,75 06:26.335,4,0,0,0,67301,0,0,0,N,0,0,0,2,68K01,1,,1,1,,N,N,,0,,0,0,1,0,0,N,2000.0,1,2,0,0,0,0,1,3,4,0,2,3,,N,,,,,,,,,,,
2010032750,20.0,1,0,0,0,0,0,0,0,0,4,0,,67,1,2010,6,39.96,-75.2249,14.0,6,0,0,0,0,0,0,0,0,,0,0,0,0.0,3,1,1,,0,39 57:35.788,,0,75 13:29.538,4,0,0,0,67301,0,0,0,N,0,0,0,2,67301,1,,1,1,,N,N,,1,,0,0,0,3,2,,10.0,1,2,0,0,0,0,0,3,4,0,2,3,,N,,,,,,,,,,,
2010104968,1325.0,1,0,0,0,0,0,0,0,0,7,0,,67,9,2010,1,39.9846,-75.2032,1325.0,6,0,0,0,0,0,0,0,0,3.0,0,0,0,12.0,1,0,0,,1,39 59:03.982,2.0,0,75 12:11.609,0,0,0,0,67301,0,0,0,N,0,0,0,1,67301,0,,2,9,,N,N,,0,,0,0,0,0,0,N,1252.0,0,1,0,0,0,0,0,3,4,0,1,7,,N,,,,,,,,,,,
2010104983,1210.0,2,0,0,0,0,0,0,0,0,1,0,,67,9,2010,2,40.0418,-75.04,1214.0,6,0,0,0,0,0,0,0,0,,0,0,0,12.0,1,1,2,,0,40 02:30.523,,0,75 02:23.935,3,0,0,0,67301,0,0,0,N,0,0,0,2,67301,0,,1,9,,N,N,,0,,1,0,0,3,2,,1204.0,1,2,0,0,0,0,0,3,4,0,2,7,,N,,,,,,,,,,,
2010099773,1934.0,1,0,0,0,0,0,0,0,0,8,0,,67,9,2010,1,39.9398,-75.1641,1932.0,6,0,0,0,0,0,0,0,0,,0,0,0,19.0,1,1,1,,0,39 56:23.157,,0,75 09:50.911,2,0,0,0,67301,1,0,1,,1,0,1,2,67301,0,,1,1,,,,,0,,0,1,0,3,3,,1932.0,1,2,0,0,1,0,0,3,4,0,1,3,,N,,,,,,,,,,,
2010099797,9999.0,1,0,0,0,0,0,0,0,0,8,0,,67,9,2010,3,40.0346,-75.1054,9999.0,6,0,0,0,0,0,0,0,0,,0,0,0,15.0,1,1,0,,0,40 02:04.650,,0,75 06:19.270,3,0,0,0,67301,1,0,0,,1,0,0,2,67301,0,,1,1,,Y,Y,,0,,1,0,0,0,0,,1500.0,1,2,0,0,0,0,0,3,4,0,1,3,,N,,,,,,,,,,,
2010110675,2144.0,1,0,0,0,0,0,0,0,0,1,0,,67,10,2010,5,39.9969,-75.1967,2142.0,6,1,0,0,0,0,1,0,0,1.0,0,0,0,20.0,3,1,0,,1,39 59:51.756,3.0,0,75 11:46.279,8,0,0,0,67301,0,0,0,N,0,0,0,5,68K01,0,,1,1,,N,N,,2,,0,0,0,0,0,N,2040.0,1,3,0,0,0,1,0,3,4,0,3,3,,N,,,,,,,,,,,
2010102503,705.0,1,0,0,0,0,0,0,0,0,6,0,,67,9,2010,1,39.9336,-75.2396,705.0,6,0,0,0,0,0,0,0,0,,0,0,0,7.0,8,1,0,,0,39 56:00.836,,0,75 14:22.688,8,0,0,0,67301,0,0,0,N,0,0,0,2,67301,0,,1,9,,N,N,,0,,0,0,1,0,0,,700.0,1,2,0,0,0,1,0,3,4,0,2,7,,N,,,,,,,,,,,
2010105035,1435.0,1,0,0,0,0,0,0,0,0,4,0,,67,9,2010,2,39.9055,-75.1741,1430.0,6,0,0,0,0,0,0,0,0,2.0,0,0,0,14.0,1,3,1,,2,39 54:19.871,3.0,0,75 10:26.843,8,0,0,0,67301,0,0,0,N,0,0,0,3,67301,0,,1,1,,N,N,,1,,0,0,0,3,2,Y,1425.0,3,2,0,0,0,3,0,3,4,0,2,3,,N,,,,,,,,,,,