CRN,ARRIVAL_TM,AUTOMOBILE_COUNT,BELTED_DEATH_COUNT,BELTED_SUSP_SERIOUS_INJ_COUNT,BICYCLE_COUNT,BICYCLE_DEATH_COUNT,BICYCLE_SUSP_SERIOUS_INJ_COUNT,BUS_COUNT,CHLDPAS_DEATH_COUNT,CHLDPAS_SUSP_SERIOUS_INJ_COUNT,COLLISION_TYPE,COMM_VEH_COUNT,CONS_ZONE_SPD_LIM,COUNTY,CRASH_MONTH,CRASH_YEAR,DAY_OF_WEEK,DEC_LAT,DEC_LONG,DISPATCH_TM,DISTRICT,DRIVER_COUNT_16YR,DRIVER_COUNT_17YR,DRIVER_COUNT_18YR,DRIVER_COUNT_19YR,DRIVER_COUNT_20YR,DRIVER_COUNT_50_64YR,DRIVER_COUNT_65_74YR,DRIVER_COUNT_75PLUS,EST_HRS_CLOSED,FATAL_COUNT,HEAVY_TRUCK_COUNT,HORSE_BUGGY_COUNT,HOUR_OF_DAY,ILLUMINATION,INJURY_COUNT,INTERSECT_TYPE,INTERSECTION_RELATED,LANE_CLOSED,LATITUDE,LN_CLOSE_DIR,LOCATION_TYPE,LONGITUDE,MAX_SEVERITY_LEVEL,MCYCLE_DEATH_COUNT,MCYCLE_SUSP_SERIOUS_INJ_COUNT,MOTORCYCLE_COUNT,MUNICIPALITY,NONMOTR_COUNT,NONMOTR_DEATH_COUNT,NONMOTR_SUSP_SERIOUS_INJ_COUNT,NTFY_HIWY_MAINT,PED_COUNT,PED_DEATH_COUNT,PED_SUSP_SERIOUS_INJ_COUNT,PERSON_COUNT,POLICE_AGCY,POSSIBLE_INJ_COUNT,RDWY_SURF_TYPE_CD,RELATION_TO_ROAD,ROAD_CONDITION,ROADWAY_CLEARED,SCH_BUS_IND,SCH_ZONE_IND,SECONDARY_CRASH,SMALL_TRUCK_COUNT,SPEC_JURIS_CD,SUSP_MINOR_INJ_COUNT,SUSP_SERIOUS_INJ_COUNT,SUV_COUNT,TCD_FUNC_CD,TCD_TYPE,TFC_DETOUR_IND,TIME_OF_DAY,TOT_INJ_COUNT,TOTAL_UNITS,UNB_DEATH_COUNT,UNB_SUSP_SERIOUS_INJ_COUNT,UNBELTED_OCC_COUNT,UNK_INJ_DEG_COUNT,UNK_INJ_PER_COUNT,URBAN_AREA,URBAN_RURAL,VAN_COUNT,VEHICLE_COUNT,WEATHER1,WEATHER2,WORK_ZONE_IND,WORK_ZONE_LOC,WORK_ZONE_TYPE,WORKERS_PRES,WZ_CLOSE_DETOUR,WZ_FLAGGER,WZ_LAW_OFFCR_IND,WZ_LN_CLOSURE,WZ_MOVING,WZ_OTHER,WZ_SHLDER_MDN,WZ_WORKERS_INJ_KILLED
2010113291,1725.0,1,0,0,0,0,0,0,0,0,8,0,,67,10,2010,6,39.9171,-75.1625,1719.0,6,0,0,0,0,0,0,0,0,,0,0,0,17.0,1,1,0,,0,39 55:01.463,,0,75 09:45.052,4,0,0,0,67301,1,0,0,,1,0,0,2,67301,1,,1,1,,,,,0,,0,0,0,0,0,,1715.0,1,2,0,0,0,0,0,3,4,0,1,3,,N,,,,,,,,,,,
2010113313,1548.0,2,0,0,0,0,0,0,0,0,1,0,45.0,67,10,2010,6,40.0091,-75.1893,1538.0,6,0,0,0,0,0,0,0,0,1.0,0,0,0,15.0,1,2,0,,1,40 00:37.057,4.0,0,75 11:07.907,4,0,0,0,67301,0,0,0,N,0,0,0,2,67301,2,,1,1,,N,N,,0,,0,0,0,3,8,N,1536.0,2,2,0,0,0,0,0,3,4,0,2,3,,Y,2.0,1.0,Y,U,U,N,Y,U,U,U,
2010105040,656.0,0,0,0,0,0,0,0,0,0,7,0,,67,9,2010,6,39.9915,-75.1959,650.0,6,0,0,0,0,1,0,0,0,1.0,0,0,0,6.0,1,1,0,,2,39 59:29.098,2.0,0,75 11:45.707,4,0,0,0,67301,0,0,0,N,0,0,0,1,67301,1,,5,9,,N,N,,0,,0,0,1,0,0,N,645.0,1,1,0,0,0,0,0,3,4,0,1,3,,N,,,,,,,,,,,
2010105093,1840.0,2,0,0,0,0,0,0,0,0,1,0,,67,9,2010,4,39.9895,-75.2303,1833.0,6,0,0,0,0,0,1,0,0,,0,0,0,18.0,1,0,0,,0,39 59:22.140,,0,75 13:49.050,0,0,0,0,67301,0,0,0,N,0,0,0,1,67301,0,,6,1,,N,N,,0,,0,0,1,3,3,,1830.0,0,4,0,0,1,0,0,3,4,1,4,3,,N,,,,,,,,,,,
2010102649,1607.0,0,0,0,1,0,0,0,0,0,6,0,,67,9,2010,7,39.9618,-75.1565,1604.0,6,0,0,0,0,0,0,0,0,,0,0,0,99.0,1,1,0,,0,39 57:42.428,,0,75 09:23.454,4,0,0,0,67301,1,0,0,,0,0,0,2,67301,1,,1,1,,,,,0,,0,0,0,0,0,,9999.0,1,2,0,0,0,0,1,3,4,0,1,3,,N,,,,,,,,,,,
2010034202,1235.0,2,0,0,0,0,0,0,0,0,4,0,,67,3,2010,6,40.0531,-75.1499,1228.0,6,0,0,0,0,0,0,0,0,,0,0,0,12.0,1,1,1,,0,40 03:11.181,,0,75 08:59.701,4,0,0,0,67301,0,0,0,N,0,0,0,2,67301,1,,1,9,,N,N,,0,,0,0,0,3,2,,1217.0,1,2,0,0,0,0,0,3,4,0,2,7,,N,,,,,,,,,,,
2010034203,2110.0,1,0,0,0,0,0,0,0,0,7,0,,67,3,2010,6,40.0239,-75.1576,2104.0,6,0,0,0,0,0,0,0,0,,0,0,0,21.0,2,0,0,,0,40 01:25.921,,0,75 09:27.421,0,0,0,0,67301,0,0,0,N,0,0,0,1,67301,0,,4,9,,N,N,,0,,0,0,0,0,0,,2100.0,0,1,0,0,0,0,0,3,4,0,1,7,,N,,,,,,,,,,,
2010093670,1756.0,2,0,0,0,0,0,0,0,0,1,0,,67,8,2010,3,39.9642,-75.1904,1756.0,6,0,0,0,0,0,0,0,0,1.0,0,0,0,17.0,1,1,0,,1,39 57:51.004,4.0,0,75 11:25.296,4,0,0,0,67301,0,0,0,N,0,0,0,2,67301,1,,1,1,,N,N,,0,,0,0,0,0,0,N,1746.0,1,2,0,0,0,0,0,3,4,0,2,3,,N,,,,,,,,,,,
2010088723,1709.0,1,0,0,0,0,0,0,0,0,1,0,,67,8,2010,5,40.0374,-75.1909,1704.0,6,0,0,0,0,0,1,0,0,2.0,0,0,0,16.0,1,0,1,,1,40 02:14.460,2.0,0,75 11:27.412,0,0,0,0,67301,0,0,0,N,0,0,0,2,67301,0,,1,9,,N,N,,0,,0,0,0,3,2,N,1600.0,0,2,0,0,0,0,0,3,4,1,2,7,,N,,,,,,,,,,,
2010088756,1314.0,1,0,0,1,0,0,0,0,0,2,0,,67,8,2010,6,39.9424,-75.1809,1314.0,6,0,0,0,0,0,1,0,0,,0,0,0,13.0,1,1,2,,0,39 56:32.575,,0,75 10:51.261,8,0,0,0,67301,1,0,0,N,0,0,0,2,67301,0,,1,1,,N,N,,0,,0,0,0,0,0,,1312.0,1,2,0,0,0,1,0,3,4,0,1,3,,N,,,,,,,,,,,
2010088765,1455.0,2,0,0,0,0,0,0,0,0,4,0,,67,8,2010,5,40.0403,-75.0585,1451.0,6,0,0,0,0,0,0,0,1,1.0,0,0,0,14.0,1,4,1,,2,40 02:25.164,7.0,0,75 03:30.735,4,0,0,0,67301,0,0,0,N,0,0,0,5,67301,4,,1,1,,N,N,,0,,0,0,0,3,2,N,1445.0,4,2,0,0,0,0,0,3,4,0,2,3,,N,,,,,,,,,,,
2010088798,1755.0,0,0,0,0,0,0,0,0,0,8,0,,67,8,2010,2,40.0001,-75.2281,1746.0,6,0,0,0,0,0,0,0,0,9.0,0,0,0,17.0,1,1,0,,2,40 00:00.216,1.0,0,75 13:41.239,8,0,0,0,67301,1,0,0,,1,0,0,3,67301,0,,1,1,,,,,0,,0,0,1,0,0,Y,1740.0,1,2,0,0,0,1,0,3,4,0,1,3,,N,,,,,,,,,,,
2010086027,9999.0,1,0,0,0,0,0,0,0,0,4,0,,67,7,2010,4,39.9536,-75.1732,9999.0,6,0,0,0,0,0,0,0,0,,0,0,0,12.0,1,2,2,,0,39 57:12.840,,0,75 10:23.682,3,0,0,0,67301,0,0,0,,0,0,0,3,67301,1,,1,1,,N,N,,0,,1,0,1,3,2,,1252.0,2,2,0,0,0,0,1,3,4,0,2,3,,N,,,,,,,,,,,
2010075082,719.0,1,0,0,0,0,0,0,0,0,8,0,,67,7,2010,5,40.0934,-75.0313,718.0,6,0,0,0,0,0,0,0,0,,0,0,0,7.0,1,1,1,,0,40 05:36.346,,0,75 01:52.568,4,0,0,0,67301,1,0,0,N,1,0,0,2,67301,1,,1,1,,N,N,,0,,0,0,0,3,2,,717.0,1,2,0,0,0,0,0,3,4,0,1,3,,N,,,,,,,,,,,
2010064694,902.0,1,0,0,0,0,0,0,0,0,1,0,,67,6,2010,6,40.0234,-75.0845,902.0,6,0,0,0,0,0,0,0,0,,0,0,0,8.0,1,1,5,,0,40 01:24.135,,0,75 05:04.142,8,0,0,0,67301,0,0,0,N,0,0,0,3,67301,0,,1,1,,N,N,,0,,0,0,1,3,2,,855.0,1,2,0,0,0,1,1,3,4,0,2,3,,N,,,,,,,,,,,
2010047484,1502.0,1,0,0,0,0,0,0,0,0,1,0,,67,5,2010,6,39.9573,-75.1583,1501.0,6,0,0,0,0,0,0,1,0,,0,0,0,14.0,1,0,0,,0,39 57:26.302,,0,75 09:29.833,0,0,0,0,67301,0,0,0,N,0,0,0,3,68K01,0,,1,1,,N,N,,0,,0,0,1,0,0,,1445.0,0,2,0,0,0,0,0,3,4,0,2,3,,N,,,,,,,,,,,
2010074850,9999.0,1,0,0,0,0,0,0,0,0,1,0,,67,6,2010,6,40.0248,-75.1495,9999.0,6,0,0,0,0,0,0,0,0,,0,0,0,15.0,1,3,5,,0,40 01:29.110,,0,75 08:58.358,3,0,0,0,67301,0,0,0,N,0,0,0,4,67301,0,,1,1,,N,N,,0,,3,0,1,3,2,,1540.0,3,2,0,0,0,0,1,3,4,0,2,3,,N,,,,,,,,,,,
2010045270,800.0,2,0,0,0,0,0,0,0,0,1,0,,67,5,2010,2,39.952,-75.1825,738.0,6,0,0,0,0,0,0,0,0,,0,0,0,7.0,1,1,0,,0,39 57:10.668,,0,75 10:54.977,8,0,0,0,67301,0,0,0,N,0,0,0,2,68K01,0,,1,9,,N,N,,0,,0,0,0,0,0,,732.0,1,2,0,0,0,1,0,3,4,0,2,7,,N,,,,,,,,,,,
2010084188,1840.0,1,0,0,0,0,0,0,0,0,8,0,,67,8,2010,4,39.9432,-75.1585,1840.0,6,0,0,0,0,0,0,0,0,,0,0,0,18.0,1,1,1,,0,39 56:35.516,,0,75 09:30.711,8,0,0,0,67301,1,0,0,,1,0,0,3,67301,0,,1,1,,,,,0,,0,0,0,3,3,,1840.0,1,2,0,0,0,1,0,3,4,0,1,3,,N,,,,,,,,,,,
2010067462,1032.0,1,0,0,0,0,0,0,0,0,1,0,,67,7,2010,5,39.9702,-75.1927,1032.0,6,0,0,0,0,0,1,0,0,1.0,0,0,0,10.0,1,1,0,,2,39 58:18.378,4.0,0,75 11:35.980,3,0,0,0,67301,0,0,0,N,0,0,0,2,68K01,0,,1,1,,N,N,,1,,1,0,0,0,0,N,1023.0,1,2,0,0,0,0,0,3,4,0,2,3,,N,,,,,,,,,,,
2010084199,9999.0,2,0,0,0,0,0,0,0,0,1,0,,67,6,2010,5,39.9073,-75.2282,2248.0,6,0,0,0,0,0,0,0,0,,0,0,0,22.0,2,0,2,,0,39 54:26.168,,0,75 13:41.483,9,0,0,0,67301,0,0,0,N,0,0,0,5,67301,0,,1,1,,N,N,,0,,0,0,0,3,2,,2245.0,0,2,0,0,0,0,5,3,4,0,2,3,,N,,,,,,,,,,,
2010084217,1345.0,1,0,0,0,0,0,0,0,0,7,0,50.0,67,7,2010,7,39.8973,-75.188,1337.0,6,0,0,0,0,0,0,0,0,9.0,0,0,0,13.0,1,1,0,,1,39 53:56.749,2.0,0,75 10:31.071,4,0,0,1,67301,0,0,0,N,0,0,0,5,67301,1,,2,98,,N,N,,0,,0,0,0,0,0,N,1337.0,1,2,0,0,0,0,3,3,4,0,2,3,,Y,8.0,1.0,N,,,N,Y,,,,
2010052337,938.0,0,0,0,0,0,0,0,0,0,8,0,,67,5,2010,4,40.0262,-75.1364,930.0,6,0,0,0,0,0,0,0,1,,0,0,0,9.0,1,1,1,,0,40 01:34.492,,0,75 08:11.198,4,0,0,0,67301,1,0,0,N,1,0,0,2,67301,1,,1,1,,N,N,,1,,0,0,0,3,3,,900.0,1,2,0,0,0,0,0,3,4,0,1,3,,N,,,,,,,,,,,
2010044571,1354.0,1,0,0,0,0,0,0,0,0,8,0,,67,4,2010,5,40.0374,-75.0389,1354.0,6,0,0,0,0,0,1,0,0,,0,0,0,13.0,1,1,0,,0,40 02:14.790,,0,75 02:19.962,8,0,0,0,67301,1,0,0,N,1,0,0,2,67301,0,,1,1,,N,N,,0,,0,0,0,0,0,,1352.0,1,2,0,0,0,1,0,3,4,0,1,3,,N,,,,,,,,,,,
2010062287,935.0,2,0,0,0,0,0,0,0,0,4,0,,67,5,2010,1,40.0954,-74.9597,931.0,6,0,0,0,0,0,0,0,0,,0,0,0,9.0,1,1,2,,0,40 05:43.352,,0,74 57:34.865,8,0,0,0,67301,0,0,0,,0,0,0,2,67301,0,,1,1,,,,,0,,0,0,0,3,2,,930.0,1,2,0,0,0,1,0,3,4,0,2,3,,N,,,,,,,,,,,
2010062294,1625.0,1,0,0,0,0,0,0,0,0,4,0,,67,6,2010,1,40.0054,-75.1094,1613.0,6,0,0,0,0,1,0,0,0,,0,0,0,99.0,1,3,1,,0,40 00:19.420,,0,75 06:33.689,3,0,0,0,67301,0,0,0,,0,0,0,3,67301,2,,1,1,,,,,0,,1,0,1,3,2,,9999.0,3,2,0,0,0,0,0,3,4,0,2,3,,N,,,,,,,,,,,
2010084132,1520.0,2,0,0,0,0,0,0,0,0,4,0,,67,7,2010,3,39.9333,-75.1448,1515.0,6,0,0,0,0,0,0,0,0,,0,0,0,15.0,1,1,1,,0,39 55:59.847,,0,75 08:41.170,4,0,0,0,67301,0,0,0,N,0,0,0,3,67301,1,,1,1,,N,N,,0,,0,0,0,3,3,,1510.0,1,2,0,0,0,0,0,3,4,0,2,3,,N,,,,,,,,,,,
2010062062,1848.0,1,0,0,0,0,0,0,0,0,4,0,,67,5,2010,7,40.0301,-75.0352,1845.0,6,0,0,0,1,0,0,0,0,,0,0,0,18.0,1,2,1,,0,40 01:48.464,,0,75 02:06.579,3,0,0,0,67301,0,0,0,N,0,0,0,4,67301,1,,1,1,,N,N,,0,,1,0,1,0,0,,1844.0,2,2,0,0,0,0,0,3,4,0,2,99,,N,,,,,,,,,,,
2010082119,1515.0,0,0,0,0,0,0,0,0,0,4,0,,67,6,2010,3,40.0158,-75.1174,0.0,6,0,0,0,0,0,1,0,0,,0,0,0,15.0,1,1,1,,0,40 00:56.886,,7,75 07:02.487,2,0,1,1,67301,0,0,0,,0,0,0,2,67301,0,,1,1,,,,,0,,0,1,0,0,0,,1515.0,1,2,0,0,0,0,0,3,4,1,2,3,,N,,,,,,,,,,,
2010127894,637.0,1,0,0,0,0,0,0,0,0,7,0,,67,12,2010,3,39.9459,-75.1425,626.0,6,0,0,0,0,0,0,0,1,2.0,0,0,0,6.0,5,1,0,,1,39 56:45.195,2.0,0,75 08:33.115,4,0,0,0,67301,0,0,0,N,0,0,0,1,68K01,1,,4,1,,N,N,,0,,0,0,0,0,0,Y,618.0,1,1,0,0,0,0,0,3,4,0,1,3,,N,,,,,,,,,,,
2010048794,1953.0,1,0,0,0,0,0,0,0,0,4,0,,67,4,2010,3,39.9356,-75.2259,1951.0,6,0,0,1,0,0,0,0,0,,0,0,0,19.0,4,1,1,,0,39 56:08.275,,0,75 13:33.130,4,0,0,0,67301,1,0,0,,1,0,0,2,67301,1,,1,1,,,,,0,,0,0,0,3,2,,1947.0,1,2,0,0,0,0,0,3,4,0,1,3,,N,,,,,,,,,,,
2010048830,2105.0,1,0,0,0,0,0,0,0,0,8,0,,67,4,2010,4,39.9662,-75.2278,2100.0,6,0,0,0,0,0,0,0,0,,0,0,0,18.0,1,1,1,,0,39 57:58.236,,0,75 13:40.170,4,0,0,0,67301,1,0,0,N,1,0,0,2,67301,1,,9,1,,N,N,,0,,0,0,0,3,2,,1830.0,1,2,0,0,0,0,0,3,4,0,1,3,,N,,,,,,,,,,,
2010048862,1730.0,1,0,0,0,0,0,0,0,0,8,0,,67,4,2010,6,40.0204,-75.1314,1725.0,6,0,0,0,0,0,0,0,0,,0,0,0,17.0,1,1,0,,0,40 01:13.533,,0,75 07:52.863,4,0,0,0,67301,1,0,0,N,1,0,0,2,67301,1,,1,1,,N,N,,0,,0,0,0,0,0,,1700.0,1,2,0,0,0,0,0,3,4,0,1,3,,N,,,,,,,,,,,
2010051034,120.0,2,0,0,0,0,0,0,0,0,4,0,,67,4,2010,3,39.9915,-75.1601,117.0,6,0,0,0,0,0,0,0,0,,0,0,0,1.0,3,3,1,,0,39 59:29.432,,0,75 09:36.226,8,0,0,0,67301,0,0,0,,0,0,0,4,67301,0,,1,1,,,,,0,,0,0,0,9,2,,114.0,3,2,0,0,2,3,0,3,4,0,2,3,,N,,,,,,,,,,,
2010058893,738.0,1,0,0,0,0,0,0,0,0,7,0,,67,5,2010,1,40.0221,-75.0523,734.0,6,0,0,0,0,0,0,0,0,,0,0,0,7.0,1,2,1,,0,40 01:19.484,,0,75 03:08.111,4,0,0,0,67301,0,0,0,,0,0,0,4,67301,2,,5,9,,N,N,,0,,0,0,0,3,3,,730.0,2,1,0,0,1,0,0,3,4,0,1,7,,N,,,,,,,,,,,
2010032603,1800.0,0,0,0,0,0,0,0,0,0,8,0,,67,2,2010,5,40.0357,-75.081,1800.0,6,0,0,0,0,0,0,0,0,,0,0,0,11.0,1,1,1,,0,40 02:08.676,,0,75 04:51.649,4,0,0,0,67301,1,0,0,,1,0,0,2,67301,1,,1,1,,,,,1,,0,0,0,0,0,,1115.0,1,2,0,0,0,0,0,3,4,0,1,3,,N,,,,,,,,,,,
2010104977,815.0,0,0,0,0,0,0,0,0,0,8,0,,67,9,2010,5,39.9721,-75.1594,810.0,6,0,0,0,0,0,0,0,0,,0,0,0,8.0,1,1,0,,0,39 58:19.657,,0,75 09:33.712,4,0,0,0,67301,1,0,0,N,1,0,0,2,67301,1,,1,1,,N,N,,1,,0,0,0,0,0,,805.0,1,2,0,0,0,0,1,3,4,0,1,3,,N,,,,,,,,,,,
2010104979,1321.0,0,0,0,1,0,0,0,0,0,4,0,,67,9,2010,1,39.9719,-75.1627,1319.0,6,0,0,0,0,0,0,0,0,,0,0,0,13.0,1,1,1,,0,39 58:18.746,,0,75 09:45.567,8,0,0,0,67301,1,0,0,N,0,0,0,3,67301,0,,1,1,,N,N,,1,,0,0,0,3,2,,1314.0,1,2,0,0,0,1,0,3,4,0,1,3,,N,,,,,,,,,,,
2010104985,1815.0,1,0,0,0,0,0,0,0,0,8,0,,67,9,2010,2,40.0432,-75.045,1810.0,6,0,0,0,0,0,0,0,0,,0,0,0,99.0,1,1,2,,0,40 02:35.350,,0,75 02:41.899,8,0,0,0,67301,1,0,0,N,1,0,0,2,67301,0,,1,9,,N,Y,,0,,0,0,0,3,2,,9999.0,1,2,0,0,0,1,1,3,4,0,1,7,,N,,,,,,,,,,,
2010099790,252.0,2,0,0,0,0,0,0,0,0,1,0,,67,9,2010,5,40.0442,-75.0542,248.0,6,0,0,0,0,0,0,0,0,,0,0,0,2.0,3,1,0,,0,40 02:39.070,,0,75 03:15.170,4,0,0,0,67301,0,0,0,N,0,0,0,2,67301,1,,1,1,,N,N,,0,,0,0,0,0,0,,245.0,1,2,0,0,0,0,1,3,4,0,2,3,,N,,,,,,,,,,,
2010110731,2130.0,1,0,0,0,0,0,0,0,0,1,0,,67,10,2010,5,39.9452,-75.1418,2124.0,6,0,0,0,0,0,0,1,0,,0,0,0,21.0,3,2,2,,0,39 56:42.480,,7,75 08:31.320,4,0,0,0,67301,0,0,0,N,0,0,0,4,67301,2,,1,1,,N,N,,1,,0,0,0,3,2,,2124.0,2,2,0,0,0,0,0,3,4,0,2,3,,N,,,,,,,,,,,
2010118096,920.0,2,0,0,0,0,0,0,0,0,2,0,,67,10,2010,3,40.0972,-75.0183,916.0,6,0,0,0,0,0,0,1,1,2.0,0,0,0,9.0,1,2,0,,1,40 05:50.062,3.0,0,75 01:05.782,4,0,0,0,67301,0,0,0,N,0,0,0,5,67301,2,,1,9,,N,N,,0,,0,0,0,0,0,N,915.0,2,3,0,0,0,0,1,3,4,1,3,7,,N,,,,,,,,,,,
2010118108,1012.0,2,0,0,0,0,0,0,0,0,2,0,,67,10,2010,3,39.9841,-75.2032,1009.0,6,0,0,0,0,0,0,0,0,1.0,0,0,0,10.0,1,2,0,,2,39 59:02.558,5.0,0,75 12:11.344,4,0,0,0,67301,0,0,0,N,0,0,0,2,67301,2,,1,9,,N,N,,0,,0,0,0,0,0,N,1009.0,2,2,0,0,0,0,0,3,4,0,2,7,,N,,,,,,,,,,,
2010118121,1240.0,1,0,0,0,0,0,0,0,0,1,0,,67,11,2010,2,39.9825,-75.101,1230.0,6,0,0,0,1,0,1,0,0,1.0,0,0,0,12.0,1,0,2,,1,39 58:56.846,3.0,2,75 06:03.805,9,0,0,0,67301,0,0,0,N,0,0,0,3,67301,0,,1,1,,N,N,,0,,0,0,1,3,2,N,1230.0,0,2,0,0,0,0,1,3,4,0,2,3,,N,,,,,,,,,,,
2010115760,2015.0,1,0,0,0,0,0,0,0,0,5,0,,67,11,2010,4,40.0389,-75.009,1957.0,6,0,0,0,0,0,0,0,0,1.0,0,0,0,19.0,1,2,0,,1,40 02:20.054,2.0,0,75 00:32.069,8,0,0,0,67301,0,0,0,N,0,0,0,3,68K01,0,,1,1,,N,N,,0,,0,0,0,0,0,N,1954.0,2,2,0,0,0,2,1,3,4,0,2,3,,N,,,,,,,,,,,
2010102472,2045.0,1,0,0,0,0,0,0,0,0,1,0,,67,9,2010,1,,,2043.0,6,0,0,0,0,0,0,0,0,1.0,0,0,0,20.0,3,1,0,,1,,2.0,0,,8,0,0,0,67301,0,0,0,N,0,0,0,5,67301,0,,1,1,,N,N,,0,,0,0,0,0,0,N,2043.0,1,2,0,0,0,1,0,3,3,0,2,3,,N,,,,,,,,,,,
2010102519,1959.0,1,0,0,0,0,0,0,0,0,8,0,,67,9,2010,7,40.0607,-75.028,1952.0,6,0,0,0,0,0,1,0,0,,0,0,0,19.0,3,1,2,,0,40 03:38.631,,0,75 01:40.807,3,0,0,0,67301,1,0,0,N,1,0,0,2,67301,0,,1,1,,N,N,,0,,1,0,0,3,2,,1951.0,1,2,0,0,0,0,0,3,4,0,1,3,,N,,,,,,,,,,,
2010105007,1530.0,2,0,0,0,0,0,0,0,0,4,0,,67,9,2010,7,39.9587,-75.1688,1527.0,6,0,0,0,0,0,0,0,0,,0,0,0,15.0,1,1,1,,0,39 57:31.985,,0,75 10:07.573,4,0,0,0,67301,0,0,0,N,0,0,0,2,67301,1,,1,1,,N,N,,0,,0,0,0,3,2,,1518.0,1,2,0,0,0,0,0,3,4,0,2,3,,N,,,,,,,,,,,
2010113323,1654.0,0,0,0,0,0,0,0,0,0,8,0,,67,10,2010,2,40.0458,-75.1432,1654.0,6,0,0,0,0,0,0,0,0,,0,0,0,16.0,1,1,2,,0,40 02:44.732,,0,75 08:35.371,8,0,0,0,67301,1,0,0,N,1,0,0,2,67301,0,,1,9,,N,N,,0,,0,0,1,3,3,,1645.0,1,2,0,0,0,1,0,3,4,0,1,7,,N,,,,,,,,,,,
2010113328,1640.0,2,0,0,0,0,0,0,0,0,4,0,,67,10,2010,4,40.0086,-75.0693,1635.0,6,0,0,0,0,0,0,1,0,2.0,0,0,0,16.0,1,2,1,,1,40 00:31.197,1.0,0,75 04:08.216,4,0,0,0,67301,0,0,0,,0,0,0,4,67301,1,,1,1,,N,N,,0,,0,0,1,3,2,N,1630.0,2,3,0,0,0,1,0,3,4,0,3,3,,N,,,,,,,,,,,
2010102533,2030.0,2,0,0,0,0,0,0,0,0,4,0,,67,9,2010,3,40.0921,-74.9819,2030.0,6,0,0,0,0,0,0,0,0,,0,0,0,18.0,1,1,0,,0,40 05:31.604,,0,74 58:54.865,4,0,0,0,67301,0,0,0,,0,0,0,3,67301,1,,1,1,,,,,0,,0,0,0,0,0,,1830.0,1,2,0,0,0,0,0,3,4,0,2,3,,N,,,,,,,,,,,
2010120989,221.0,0,0,0,0,0,0,0,0,0,7,0,,67,11,2010,1,39.949,-75.185,221.0,6,0,0,0,0,0,0,0,0,1.0,0,0,0,2.0,3,1,0,,1,39 56:58.666,4.0,0,75 11:02.517,8,0,0,0,67301,0,0,0,N,0,0,0,5,68K01,0,,4,1,,N,N,,0,,0,0,1,0,0,N,218.0,1,1,0,0,1,1,0,3,4,0,1,3,,N,,,,,,,,,,,
2010034149,327.0,3,0,0,0,0,0,0,0,0,1,0,,67,2,2010,5,40.0271,-75.1116,324.0,6,0,0,0,0,0,0,0,0,3.0,0,0,0,3.0,3,1,0,,1,40 01:37.586,1.0,0,75 06:41.587,3,0,0,0,67301,0,0,0,N,0,0,0,1,67301,0,,1,1,,N,N,,0,,1,0,2,0,0,Y,322.0,1,5,0,0,0,0,0,3,4,0,5,3,,N,,,,,,,,,,,
2010093467,31.0,1,0,0,0,0,0,0,0,0,1,0,,67,9,2010,7,40.0074,-75.2009,24.0,6,0,0,0,0,0,1,0,0,2.0,0,0,0,0.0,3,1,0,,1,40 00:26.027,3.0,0,75 12:01.150,4,0,0,0,67301,0,0,0,N,0,0,0,3,68K01,1,,1,1,,N,N,,0,,0,0,1,0,0,N,23.0,1,2,0,0,0,0,0,3,4,0,2,3,,N,,,,,,,,,,,
2010090671,1654.0,1,0,0,0,0,0,0,0,0,1,0,,67,9,2010,3,40.026,-75.0272,1626.0,6,0,0,0,0,0,3,0,0,2.0,0,0,0,16.0,1,1,0,,1,40 01:33.929,1.0,0,75 01:37.748,3,0,0,0,67301,0,0,0,N,0,0,0,3,68K01,0,,1,1,,N,N,,1,,1,0,1,0,0,N,1620.0,1,3,0,0,0,0,0,3,4,0,3,3,,N,,,,,,,,,,,
2010086015,1327.0,1,0,0,0,0,0,0,0,0,4,0,,67,7,2010,2,40.0085,-75.2107,1320.0,6,0,0,0,0,0,1,0,0,,0,0,0,12.0,1,0,1,,0,40 00:30.736,,0,75 12:38.579,9,0,0,0,67301,0,0,0,,0,0,0,2,67301,0,,1,1,,N,N,,0,,0,0,0,3,2,,1225.0,0,2,0,0,0,0,1,3,4,1,2,3,,N,,,,,,,,,,,
2010046964,2024.0,0,0,0,0,0,0,0,0,0,7,0,,67,5,2010,5,39.9106,-75.1491,2024.0,6,0,0,0,0,0,0,0,0,1.0,0,0,0,20.0,2,0,7,,1,39 54:52.907,2.0,2,75 08:53.151,0,0,0,0,67301,0,0,0,N,0,0,0,1,68K01,0,,3,1,,N,N,,0,,0,0,1,0,0,N,2023.0,0,1,0,0,0,0,0,3,4,0,1,3,,N,,,,,,,,,,,
2010059747,1815.0,0,0,0,0,0,0,0,0,0,1,0,,67,6,2010,3,39.9443,-75.1916,1805.0,6,0,0,0,0,0,0,0,0,1.0,0,0,0,18.0,1,0,0,,2,39 56:42.877,4.0,0,75 11:26.092,0,0,0,0,67301,0,0,0,N,0,0,0,2,68K01,0,,1,1,,N,N,,1,,0,0,1,0,0,N,1801.0,0,2,0,0,0,0,0,3,4,0,2,3,,N,,,,,,,,,,,