CRN,ARRIVAL_TM,AUTOMOBILE_COUNT,BELTED_DEATH_COUNT,BELTED_SUSP_SERIOUS_INJ_COUNT,BICYCLE_COUNT,BICYCLE_DEATH_COUNT,BICYCLE_SUSP_SERIOUS_INJ_COUNT,BUS_COUNT,CHLDPAS_DEATH_COUNT,CHLDPAS_SUSP_SERIOUS_INJ_COUNT,COLLISION_TYPE,COMM_VEH_COUNT,CONS_ZONE_SPD_LIM,COUNTY,CRASH_MONTH,CRASH_YEAR,DAY_OF_WEEK,DEC_LAT,DEC_LONG,DISPATCH_TM,DISTRICT,DRIVER_COUNT_16YR,DRIVER_COUNT_17YR,DRIVER_COUNT_18YR,DRIVER_COUNT_19YR,DRIVER_COUNT_20YR,DRIVER_COUNT_50_64YR,DRIVER_COUNT_65_74YR,DRIVER_COUNT_75PLUS,EST_HRS_CLOSED,FATAL_COUNT,HEAVY_TRUCK_COUNT,HORSE_BUGGY_COUNT,HOUR_OF_DAY,ILLUMINATION,INJURY_COUNT,INTERSECT_TYPE,INTERSECTION_RELATED,LANE_CLOSED,LATITUDE,LN_CLOSE_DIR,LOCATION_TYPE,LONGITUDE,MAX_SEVERITY_LEVEL,MCYCLE_DEATH_COUNT,MCYCLE_SUSP_SERIOUS_INJ_COUNT,MOTORCYCLE_COUNT,MUNICIPALITY,NONMOTR_COUNT,NONMOTR_DEATH_COUNT,NONMOTR_SUSP_SERIOUS_INJ_COUNT,NTFY_HIWY_MAINT,PED_COUNT,PED_DEATH_COUNT,PED_SUSP_SERIOUS_INJ_COUNT,PERSON_COUNT,POLICE_AGCY,POSSIBLE_INJ_COUNT,RDWY_SURF_TYPE_CD,RELATION_TO_ROAD,ROAD_CONDITION,ROADWAY_CLEARED,SCH_BUS_IND,SCH_ZONE_IND,SECONDARY_CRASH,SMALL_TRUCK_COUNT,SPEC_JURIS_CD,SUSP_MINOR_INJ_COUNT,SUSP_SERIOUS_INJ_COUNT,SUV_COUNT,TCD_FUNC_CD,TCD_TYPE,TFC_DETOUR_IND,TIME_OF_DAY,TOT_INJ_COUNT,TOTAL_UNITS,UNB_DEATH_COUNT,UNB_SUSP_SERIOUS_INJ_COUNT,UNBELTED_OCC_COUNT,UNK_INJ_DEG_COUNT,UNK_INJ_PER_COUNT,URBAN_AREA,URBAN_RURAL,VAN_COUNT,VEHICLE_COUNT,WEATHER1,WEATHER2,WORK_ZONE_IND,WORK_ZONE_LOC,WORK_ZONE_TYPE,WORKERS_PRES,WZ_CLOSE_DETOUR,WZ_FLAGGER,WZ_LAW_OFFCR_IND,WZ_LN_CLOSURE,WZ_MOVING,WZ_OTHER,WZ_SHLDER_MDN,WZ_WORKERS_INJ_KILLED
2010052341,1745.0,0,0,0,0,0,0,0,0,0,8,0,,67,5,2010,2,40.0245,-75.0562,1742.0,6,0,0,0,0,0,0,0,0,,0,0,0,17.0,1,1,0,,0,40 01:28.250,,0,75 03:22.316,3,0,0,0,67301,1,0,0,N,1,0,0,2,67301,0,,1,1,,N,N,,0,,1,0,0,0,0,,1725.0,1,2,0,0,0,0,0,3,4,1,1,3,,N,,,,,,,,,,,
2010052424,1023.0,2,0,0,0,0,0,0,0,0,1,0,,67,5,2010,1,39.9959,-75.1215,1008.0,6,0,0,0,0,0,0,0,0,,0,0,0,10.0,1,1,0,,0,39 59:45.243,,0,75 07:17.572,4,0,0,0,67301,1,0,0,N,0,0,0,2,67301,1,,6,1,,N,N,,0,,0,0,0,0,0,,1008.0,1,2,0,0,0,0,0,3,4,0,2,3,,N,,,,,,,,,,,
2010044641,2333.0,2,0,0,0,0,0,0,0,0,4,0,,67,3,2010,4,40.0915,-74.9656,2329.0,6,0,2,0,0,0,0,0,0,2.0,0,0,0,23.0,3,2,1,,1,40 05:29.941,2.0,0,74 57:56.517,4,0,0,0,67301,0,0,0,N,0,0,0,3,67301,2,,1,1,,N,N,,0,,0,0,0,3,2,N,2325.0,2,2,0,0,0,0,0,3,4,0,2,3,,N,,,,,,,,,,,
2010044647,815.0,1,0,0,1,0,0,0,0,0,4,0,,67,3,2010,4,39.9509,-75.152,813.0,6,0,0,0,0,0,0,1,0,3.0,0,0,0,8.0,1,1,1,,2,39 57:03.252,3.0,0,75 09:07.174,3,0,0,0,67301,1,0,0,,0,0,0,2,67301,0,,1,1,,,,,0,,1,0,0,3,2,Y,810.0,1,2,0,0,0,0,0,3,4,0,1,3,,N,,,,,,,,,,,
2010062071,1300.0,1,0,0,0,0,0,0,0,0,8,0,,67,4,2010,2,40.0395,-75.1544,1255.0,6,0,0,0,0,0,0,0,0,,0,0,0,12.0,1,1,1,,0,40 02:22.248,,0,75 09:15.909,3,0,0,0,67301,1,0,0,N,1,0,0,2,67301,0,,1,9,,N,N,,0,,1,0,0,3,2,,1248.0,1,2,0,0,0,0,0,3,4,0,1,7,,N,,,,,,,,,,,
2010062081,1239.0,0,0,0,0,0,0,0,0,0,2,0,,67,5,2010,7,40.0394,-75.0774,1237.0,6,0,0,1,0,0,0,0,0,,0,0,0,12.0,1,1,1,,0,40 02:22.048,,0,75 04:38.765,4,0,0,0,67301,0,0,0,,0,0,0,2,67301,1,,1,1,,N,N,,0,,0,0,2,3,2,,1235.0,1,2,0,0,0,0,0,3,4,0,2,3,,N,,,,,,,,,,,
2010044748,1853.0,0,0,0,0,0,0,0,0,0,1,0,,67,4,2010,5,39.9841,-75.2353,1847.0,6,0,0,0,0,0,1,0,0,,0,0,0,16.0,1,5,0,,0,39 59:02.893,,0,75 14:07.195,8,0,0,0,67301,0,0,0,N,0,0,0,8,67301,0,,1,1,,N,N,,0,,0,0,3,0,0,,1600.0,5,3,0,0,0,5,1,3,4,0,3,3,,N,,,,,,,,,,,
2010044759,2110.0,0,0,0,1,0,0,0,0,0,8,0,,67,4,2010,6,39.9561,-75.2278,2105.0,6,0,0,0,0,0,0,0,0,,0,0,0,21.0,3,1,1,,0,39 57:21.819,,0,75 13:39.910,4,0,0,0,67301,1,0,0,N,0,0,0,2,67301,1,,1,1,,N,N,,0,,0,0,1,3,3,,2100.0,1,2,0,0,0,0,0,3,4,0,1,3,,N,,,,,,,,,,,
2010044794,1454.0,2,0,0,0,0,0,0,0,0,1,0,,67,3,2010,3,40.0491,-75.0845,1448.0,6,0,0,0,0,1,0,0,0,,0,0,0,14.0,1,1,1,,0,40 02:56.832,,0,75 05:04.214,4,0,0,0,67301,0,0,0,N,0,0,0,3,67301,1,,1,9,,N,N,,0,,0,0,0,0,0,,1445.0,1,2,0,0,0,0,0,3,4,0,2,7,,N,,,,,,,,,,,
2010050573,1454.0,2,0,0,0,0,0,0,0,0,1,0,,67,5,2010,2,39.999,-75.1954,1454.0,6,0,0,0,0,0,1,0,0,,0,0,0,14.0,1,1,0,,0,39 59:59.004,,0,75 11:42.287,8,0,0,0,67301,0,0,0,N,0,0,0,2,68K01,0,,1,1,,N,N,,0,,0,0,0,0,0,,1454.0,1,2,0,0,0,1,0,3,4,0,2,3,,N,,,,,,,,,,,
2010058403,852.0,2,0,0,0,0,0,0,0,0,5,0,,67,6,2010,2,40.0289,-75.0895,847.0,6,0,0,0,0,0,0,0,0,1.0,0,0,0,8.0,1,0,1,,1,40 01:43.697,1.0,0,75 05:23.235,0,0,0,0,67301,0,0,0,N,0,0,0,2,67301,0,,1,1,,N,N,,0,,0,0,0,9,2,N,845.0,0,2,0,0,0,0,0,3,4,0,2,3,,N,,,,,,,,,,,
2010048823,1413.0,0,0,0,1,0,0,0,0,0,4,0,,67,5,2010,7,40.0372,-75.1633,1359.0,6,0,0,0,0,0,0,0,0,,0,0,0,13.0,1,1,2,,0,40 02:14.020,,0,75 09:47.714,4,0,0,0,67301,1,0,0,N,0,0,0,2,67301,1,,1,1,,N,N,,1,,0,0,0,3,3,,1359.0,1,2,0,0,0,0,0,3,4,0,1,3,,N,,,,,,,,,,,
2010048834,9.0,0,0,0,0,0,0,0,0,0,7,0,,67,4,2010,3,39.9996,-75.1905,5.0,6,0,0,0,0,0,0,0,0,2.0,0,0,0,0.0,3,1,2,,1,39 59:58.649,2.0,0,75 11:26.101,3,0,0,0,67301,0,0,0,Y,0,0,0,2,67301,0,,5,9,,N,N,,0,,1,0,1,3,2,N,0.0,1,1,0,0,1,0,1,3,4,0,1,7,,N,,,,,,,,,,,
2010048854,2105.0,2,0,0,0,0,0,0,0,0,5,0,,67,4,2010,6,39.9937,-75.0973,2048.0,6,0,0,0,0,0,0,0,0,,0,0,0,20.0,3,3,0,,0,39 59:37.414,,7,75 05:50.312,4,0,0,0,67301,0,0,0,,0,0,0,4,67301,3,,1,1,,N,N,,0,,0,0,0,0,0,,2015.0,3,2,0,0,3,0,0,3,4,0,2,3,,N,,,,,,,,,,,
2010060300,1910.0,3,0,0,0,0,0,0,0,0,1,0,,67,5,2010,2,,,1900.0,6,0,0,0,0,0,1,0,0,1.0,0,0,0,18.0,4,1,0,,1,,3.0,3,,4,0,0,0,67301,0,0,0,N,0,0,0,5,67301,1,,1,1,,N,N,,0,,0,0,0,0,0,N,1855.0,1,3,0,0,0,0,0,3,3,0,3,3,,N,,,,,,,,,,,
2010057841,1529.0,2,0,0,0,0,0,0,0,0,1,0,,67,6,2010,3,39.956,-75.1416,1506.0,6,0,0,0,0,0,1,0,1,1.0,0,0,0,15.0,1,0,7,,1,39 57:21.582,1.0,2,75 08:29.701,0,0,0,0,67301,0,0,0,N,0,0,0,2,68K01,0,,1,1,,N,N,,0,,0,0,0,0,0,N,1500.0,0,2,0,0,0,0,0,3,4,0,2,3,,N,,,,,,,,,,,
2010057893,1440.0,1,0,0,0,0,0,0,0,0,0,0,,67,5,2010,3,39.971,-75.1901,1432.0,6,0,0,0,0,0,0,0,0,3.0,0,0,0,14.0,1,0,0,,1,39 58:15.307,2.0,0,75 11:24.395,0,0,0,0,67301,0,0,0,N,0,0,0,1,67301,0,,1,9,,N,N,,0,,0,0,0,0,0,N,1429.0,0,1,0,0,0,0,0,3,4,0,1,7,,N,,,,,,,,,,,
2010058913,3.0,1,0,0,0,0,0,0,0,0,7,0,,67,5,2010,6,40.1186,-75.007,2351.0,6,0,0,0,0,0,0,0,0,,0,0,0,23.0,3,0,2,,0,40 07:06.945,,0,75 00:25.153,0,0,0,0,67301,0,0,0,N,0,0,0,2,67301,0,,4,9,,N,N,,0,,0,0,0,3,2,,2345.0,0,1,0,0,0,0,0,3,4,0,1,7,,N,,,,,,,,,,,
2010032777,2140.0,3,0,0,0,0,0,0,0,0,1,0,,67,3,2010,7,40.025,-75.1265,2134.0,6,0,0,0,0,0,0,0,0,1.0,0,0,0,21.0,3,1,0,,2,40 01:30.080,3.0,0,75 07:35.327,3,0,0,0,67301,0,0,0,N,0,0,0,3,67301,0,,1,1,,N,N,,0,,1,0,0,3,2,N,2132.0,1,3,0,0,0,0,0,3,4,0,3,3,,N,,,,,,,,,,,
2010078383,1053.0,0,0,0,0,0,0,0,0,0,0,0,35.0,67,8,2010,3,,,1053.0,6,0,0,0,0,0,0,0,0,,0,0,0,10.0,1,1,0,,0,,,3,,8,0,0,1,67301,0,0,0,N,0,0,0,1,67501,0,,1,1,,N,N,,0,,0,0,0,3,8,,1053.0,1,1,0,0,0,1,0,3,3,0,1,3,,Y,4.0,1.0,Y,,,N,Y,,,,
2010104959,1817.0,1,0,0,0,0,0,0,0,0,1,0,,67,9,2010,6,39.9955,-75.1541,1817.0,6,0,0,0,0,0,0,1,0,,0,0,0,14.0,1,1,1,,0,39 59:43.871,,0,75 09:14.820,4,0,0,0,67301,0,0,0,N,0,0,0,2,62301,1,,1,1,,N,N,,0,,0,0,0,3,2,,1430.0,1,2,0,0,0,0,0,3,4,1,2,3,,N,,,,,,,,,,,
2010104980,1515.0,1,0,0,0,0,0,0,0,0,8,0,,67,9,2010,5,39.9849,-75.1566,1515.0,6,0,0,0,0,0,0,0,0,,0,0,0,15.0,1,1,0,,0,39 59:05.657,,0,75 09:23.638,4,0,0,0,67301,1,0,0,N,1,0,0,2,67301,1,,1,9,,N,N,,0,,0,0,0,0,0,,1514.0,1,2,0,0,0,0,0,3,4,0,1,7,,N,,,,,,,,,,,
2010099778,1610.0,1,0,0,0,0,0,0,0,0,4,0,,67,9,2010,7,39.993,-75.0978,1606.0,6,0,0,0,0,0,0,0,0,,0,0,0,14.0,1,2,0,,0,39 59:34.917,,7,75 05:52.085,4,0,0,0,67301,0,0,0,N,0,0,0,5,67301,2,,1,1,,N,N,,0,,0,0,0,0,0,,1454.0,2,2,0,0,0,0,0,3,4,1,2,3,,N,,,,,,,,,,,
2010099829,1940.0,0,0,0,0,0,0,0,0,0,4,0,,67,9,2010,3,39.9215,-75.1473,1935.0,6,0,0,0,0,0,0,0,0,2.0,0,0,0,19.0,8,1,1,,1,39 55:17.340,1.0,0,75 08:50.248,8,0,0,1,67301,0,0,0,N,0,0,0,2,67301,0,,1,1,,N,N,,0,,0,0,1,0,0,Y,1933.0,1,2,0,0,0,1,0,3,4,0,2,3,,N,,,,,,,,,,,
2010105009,104.0,1,0,0,1,0,0,0,0,0,4,0,,67,10,2010,6,39.987,-75.1371,102.0,6,0,0,0,0,0,0,0,0,,0,0,0,1.0,3,1,2,,0,39 59:13.272,,0,75 08:13.617,4,0,0,0,67301,1,0,0,,0,0,0,2,67301,1,,1,9,,N,N,,0,,0,0,0,3,3,,100.0,1,2,0,0,0,0,0,3,4,0,1,7,,N,,,,,,,,,,,
2010105032,2001.0,1,0,0,0,0,0,0,0,0,4,0,,67,9,2010,4,39.983,-75.1014,1958.0,6,0,0,0,0,0,0,0,0,,0,0,0,19.0,3,3,1,,0,39 58:58.610,,0,75 06:05.380,8,0,0,0,67301,0,0,0,N,0,0,0,4,67301,0,,1,1,,N,N,,0,,0,0,1,3,2,,1945.0,3,2,0,0,0,3,1,3,4,0,2,3,,N,,,,,,,,,,,
2010113329,1659.0,2,0,0,0,0,0,0,0,0,4,0,,67,10,2010,6,40.1347,-75.0097,1650.0,6,0,0,0,0,0,1,1,0,,0,0,0,16.0,1,1,0,,0,40 08:04.850,,7,75 00:34.979,4,0,0,0,67301,0,0,0,,0,0,0,2,67301,1,,1,1,,,,,0,,0,0,0,0,0,,1649.0,1,2,0,0,0,0,0,3,4,0,2,3,,N,,,,,,,,,,,
2010118390,115.0,3,0,0,0,0,0,0,0,0,5,0,,67,10,2010,7,39.9044,-75.1686,110.0,6,0,0,0,0,0,0,0,0,,0,0,0,23.0,3,0,0,,0,39 54:15.735,,0,75 10:07.132,9,0,0,0,67301,3,0,0,,0,0,0,4,67301,0,,1,1,,,,,0,,0,0,1,0,0,,2350.0,0,4,0,0,0,0,1,3,4,0,4,3,,N,,,,,,,,,,,
2010105079,1836.0,1,0,0,0,0,0,0,0,0,8,0,,67,10,2010,2,39.93,-75.155,1834.0,6,0,0,0,0,0,1,0,0,,0,0,0,16.0,1,1,1,,0,39 55:47.942,,0,75 09:17.999,8,0,0,0,67301,1,0,0,N,1,0,0,2,67301,0,,1,9,,N,N,,0,,0,0,0,3,3,,1632.0,1,2,0,0,0,1,0,3,4,0,1,7,,N,,,,,,,,,,,
2010118445,1156.0,1,0,0,0,0,0,0,0,0,8,0,,67,11,2010,7,40.0378,-75.1764,1155.0,6,0,0,0,0,0,1,0,0,,0,0,0,11.0,1,1,2,,0,40 02:16.000,,0,75 10:35.098,3,0,0,0,67301,1,0,0,N,1,0,0,2,67301,0,,1,1,,N,N,,0,,1,0,0,0,0,,1155.0,1,2,0,0,1,0,0,3,4,0,1,3,,N,,,,,,,,,,,
2010089572,1827.0,4,0,0,0,0,0,0,0,0,1,0,,67,9,2010,4,39.9798,-75.1069,1822.0,6,0,0,0,0,1,2,0,0,,0,0,0,18.0,1,0,0,,0,39 58:49.047,,0,75 06:18.783,0,0,0,0,67301,0,0,0,N,0,0,0,4,68K01,0,,1,1,,N,N,,0,,0,0,0,0,0,,1820.0,0,4,0,0,0,0,0,3,4,0,4,3,,N,,,,,,,,,,,
2010034134,1430.0,2,0,0,0,0,0,0,0,0,4,0,,67,2,2010,2,40.0568,-75.167,1427.0,6,0,0,0,0,0,1,0,0,,0,0,0,14.0,1,2,0,,0,40 03:24.344,,0,75 10:01.155,4,0,0,0,67301,0,0,0,N,0,0,0,2,67301,2,,1,6,,N,N,,0,,0,0,0,0,0,,1425.0,2,2,0,0,2,0,0,3,4,0,2,10,,N,,,,,,,,,,,
2010034176,915.0,1,0,0,0,0,0,0,0,0,2,0,,67,3,2010,3,40.0335,-75.1272,912.0,6,0,0,0,0,0,2,0,0,9.0,0,0,0,8.0,1,1,0,,1,40 02:00.661,3.0,0,75 07:37.880,8,0,0,0,67301,0,0,0,N,0,0,0,2,67301,0,,1,1,,N,N,,0,,0,0,0,0,0,N,855.0,1,2,0,0,0,1,0,3,4,1,2,3,,N,,,,,,,,,,,
2010034199,1505.0,3,0,0,0,0,0,0,0,0,4,0,,67,3,2010,3,40.0135,-75.1502,1502.0,6,0,0,0,0,0,0,0,0,,0,0,0,14.0,1,1,0,,0,40 00:48.609,,7,75 09:00.745,8,0,0,0,67301,0,0,0,N,0,0,0,2,67301,0,,1,1,,N,N,,0,,0,0,0,0,0,,1415.0,1,3,0,0,0,1,0,3,4,0,3,3,,N,,,,,,,,,,,
2010034216,1933.0,1,0,0,0,0,0,0,0,0,7,0,,67,4,2010,4,39.9089,-75.1512,1933.0,6,0,0,0,0,0,0,0,0,1.0,0,0,0,19.0,3,0,0,,2,39 54:32.188,7.0,3,75 09:04.173,0,0,0,0,67301,0,0,0,N,0,0,0,1,67501,0,,4,1,,N,N,,0,,0,0,0,0,0,N,1933.0,0,1,0,0,0,0,0,3,4,0,1,3,,N,,,,,,,,,,,
2010088759,9999.0,1,0,0,0,0,0,0,0,0,1,0,,67,8,2010,6,39.941,-75.2238,110.0,6,0,0,0,0,0,0,0,0,,0,0,0,1.0,3,1,0,,0,39 56:27.491,,0,75 13:25.539,4,0,0,0,67301,0,0,0,N,0,0,0,2,67301,1,,1,1,,N,N,,0,,0,0,1,0,0,,110.0,1,2,0,0,0,0,0,3,4,0,2,3,,N,,,,,,,,,,,
2010085972,638.0,3,0,0,0,0,0,0,0,0,1,0,,67,9,2010,3,40.0334,-75.0205,632.0,6,0,0,0,0,0,0,0,0,1.0,0,0,0,6.0,1,2,0,,1,40 02:00.549,2.0,0,75 01:13.514,4,0,0,0,67301,0,0,0,N,0,0,0,4,68K01,2,,1,1,,N,N,,0,,0,0,1,0,0,N,625.0,2,4,0,0,0,0,0,3,4,0,4,3,,N,,,,,,,,,,,
2010086010,1905.0,0,0,0,0,0,0,0,0,0,8,0,,67,7,2010,5,40.0564,-75.1576,1903.0,6,0,0,0,0,0,0,0,1,4.0,0,0,0,19.0,1,2,0,,2,40 03:22.942,7.0,0,75 09:27.245,3,0,0,0,67301,2,0,0,N,2,0,0,3,67301,0,,1,1,,N,N,,0,,1,0,1,0,0,Y,1900.0,2,3,0,0,0,1,1,3,4,0,1,3,,N,,,,,,,,,,,
2010102935,1725.0,2,0,0,0,0,0,0,0,0,4,0,,67,9,2010,5,40.1289,-75.0087,1715.0,6,0,0,0,0,0,0,0,0,,0,0,0,17.0,1,1,1,,0,40 07:44.061,,0,75 00:31.316,4,0,0,0,67301,0,0,0,N,0,0,0,3,67301,1,,1,9,,N,N,,0,,0,0,0,3,3,,1715.0,1,2,0,0,0,0,0,3,4,0,2,7,,N,,,,,,,,,,,
2010103040,49.0,0,0,0,0,0,0,0,0,0,8,0,,67,9,2010,1,39.9912,-75.1209,46.0,6,0,0,0,0,0,0,0,0,,0,0,0,0.0,3,1,0,,0,39 59:28.467,,0,75 07:15.416,4,0,0,0,67301,1,0,0,N,1,0,0,2,67301,1,,1,1,,N,N,,0,,0,0,0,0,0,,20.0,1,2,0,0,0,0,1,3,4,0,1,3,,N,,,,,,,,,,,
2010125110,1527.0,1,0,0,0,0,0,0,0,0,5,0,,67,11,2010,4,40.0255,-75.1227,1523.0,6,0,0,0,0,0,0,0,0,1.0,0,0,0,15.0,1,1,1,,1,40 01:31.746,2.0,0,75 07:20.688,4,0,0,0,67301,0,0,0,N,0,0,0,2,67301,1,,1,1,,N,N,,0,,0,0,0,3,2,N,1514.0,1,2,0,0,0,0,0,3,4,1,2,3,,N,,,,,,,,,,,
2010064808,1203.0,1,0,0,0,0,0,0,0,0,7,0,,67,7,2010,6,40.0316,-75.0851,1159.0,6,0,0,1,0,0,0,0,0,1.0,0,0,0,11.0,1,1,0,,1,40 01:53.743,2.0,0,75 05:06.386,4,0,0,0,67301,0,0,0,N,0,0,0,2,67301,1,,2,1,,N,N,,0,,0,0,0,0,0,N,1158.0,1,1,0,0,0,0,0,3,4,0,1,3,,N,,,,,,,,,,,
2010044643,1549.0,1,0,0,0,0,0,0,0,0,5,0,,67,4,2010,3,39.936,-75.1541,1546.0,6,0,0,0,0,0,1,0,0,,0,0,0,15.0,1,1,0,,0,39 56:09.535,,0,75 09:14.770,8,0,0,0,67301,0,0,0,N,0,0,0,2,67301,0,,1,1,,N,N,,0,,0,0,0,0,0,,1539.0,1,2,0,0,2,1,0,3,4,1,2,3,,N,,,,,,,,,,,
2010081668,445.0,1,0,0,0,0,0,0,0,0,4,0,,67,7,2010,7,39.9558,-75.2157,444.0,6,0,0,0,0,0,1,0,0,,0,0,0,4.0,5,0,0,,0,39 57:20.713,,0,75 12:56.611,9,0,0,0,67301,0,0,0,N,0,0,0,1,67301,0,,1,1,,N,N,,0,,0,0,1,3,2,,442.0,0,2,0,0,0,0,1,3,4,0,2,3,,N,,,,,,,,,,,
2010044703,1959.0,1,0,0,0,0,0,0,0,0,7,0,,67,4,2010,6,40.0558,-75.0896,1955.0,6,0,0,0,0,0,1,0,0,,0,0,0,19.0,3,0,1,,0,40 03:20.701,,0,75 05:22.429,0,0,0,0,67301,0,0,0,,0,0,0,1,67301,0,,5,1,,,,,0,,0,0,0,3,2,,1955.0,0,1,0,0,0,0,0,3,4,0,1,3,,N,,,,,,,,,,,
2010044789,2247.0,3,0,0,0,0,0,0,0,0,4,0,,67,3,2010,5,39.9587,-75.172,2245.0,6,0,0,0,0,0,1,0,0,,0,0,0,22.0,3,1,1,,0,39 57:31.301,,0,75 10:19.296,4,0,0,0,67301,0,0,0,N,0,0,0,5,67301,1,,1,1,,N,N,,0,,0,0,0,3,2,,2240.0,1,3,0,0,0,0,0,3,4,0,3,3,,N,,,,,,,,,,,
2010044793,850.0,1,0,0,0,0,0,0,0,0,8,0,,67,3,2010,5,40.0072,-75.1429,845.0,6,0,0,0,0,0,0,0,0,,0,0,0,8.0,3,1,0,,0,40 00:26.078,,0,75 08:34.562,4,0,0,0,67301,1,0,0,N,1,0,0,2,67301,1,,1,1,,N,N,,0,,0,0,0,0,0,,840.0,1,2,0,0,0,0,0,3,4,0,1,3,,N,,,,,,,,,,,
2010082128,1353.0,1,0,0,0,0,0,0,0,0,8,0,,67,7,2010,5,40.0547,-75.1446,1350.0,6,0,0,0,0,0,0,0,0,,0,0,0,13.0,1,1,0,,0,40 03:16.851,,0,75 08:40.711,4,0,0,0,67301,1,0,0,,1,0,0,3,67301,1,,1,1,,,,,0,,0,0,0,0,0,,1349.0,1,2,0,0,0,0,0,3,4,0,1,3,,N,,,,,,,,,,,
2010127480,622.0,2,0,0,0,0,0,0,0,0,1,0,,67,12,2010,6,39.9835,-75.098,610.0,6,0,0,0,0,0,0,1,0,,0,0,0,6.0,3,0,0,,0,39 59:00.476,,0,75 05:53.011,0,0,0,0,67301,0,0,0,N,0,0,0,5,68K01,0,,1,1,,N,N,,0,,0,0,2,0,0,,610.0,0,4,0,0,0,0,0,3,4,0,4,3,,N,,,,,,,,,,,
2010048806,1337.0,2,0,0,0,0,0,0,0,0,2,0,,67,4,2010,5,40.042,-75.0718,1334.0,6,0,0,0,0,0,0,0,0,,0,0,0,13.0,1,1,1,,0,40 02:31.358,,0,75 04:18.519,4,0,0,0,67301,0,0,0,,0,0,0,1,67301,1,,1,1,,N,N,,0,,0,0,1,3,3,,1332.0,1,3,0,0,0,0,0,3,4,0,3,3,,N,,,,,,,,,,,
2010048818,1118.0,1,0,0,0,0,0,0,0,0,6,0,,67,4,2010,1,40.0723,-75.1579,1110.0,6,0,0,0,0,0,2,0,0,,0,0,0,11.0,1,2,1,,0,40 04:20.456,,0,75 09:28.385,4,0,0,0,67301,0,0,0,N,0,0,0,3,67301,2,,1,9,,N,N,,0,,0,0,1,3,2,,1107.0,2,2,0,0,0,0,0,3,4,0,2,7,,N,,,,,,,,,,,
2010048845,1655.0,1,0,0,1,0,0,0,0,0,4,0,,67,4,2010,3,40.0474,-75.078,1655.0,6,0,0,0,0,0,0,0,0,1.0,0,0,0,16.0,1,1,1,,2,40 02:50.643,6.0,0,75 04:40.796,8,0,0,0,67301,1,0,0,N,0,0,0,5,67301,0,,1,1,,N,N,,0,,0,0,0,3,2,Y,1655.0,1,2,0,0,0,1,0,3,4,0,1,3,,N,,,,,,,,,,,
2010058857,2045.0,1,0,0,0,0,0,0,0,0,4,0,,67,5,2010,1,40.0101,-75.1214,2032.0,6,0,0,0,0,0,0,0,0,,0,0,0,20.0,3,2,1,,0,40 00:36.435,,99,75 07:17.178,8,0,0,0,67301,0,0,0,,0,0,0,4,67301,0,,1,9,,N,N,,0,,0,0,1,3,2,,2015.0,2,2,0,0,0,2,0,3,4,0,2,7,,N,,,,,,,,,,,
2010039261,1315.0,1,0,0,0,0,0,0,0,0,4,0,,67,3,2010,3,40.0336,-75.2154,1312.0,6,0,0,0,0,0,0,0,0,,0,0,0,13.0,1,1,2,,0,40 02:00.782,,0,75 12:55.062,4,0,0,1,67301,0,0,0,N,0,0,0,2,67301,1,,1,1,,N,N,,0,,0,0,0,3,3,,1312.0,1,2,0,0,0,0,0,3,4,0,2,3,,N,,,,,,,,,,,
2010032772,2021.0,2,0,0,0,0,0,0,0,0,4,0,,67,3,2010,5,39.9507,-75.2472,2020.0,6,0,0,0,0,0,0,0,0,3.0,0,0,0,20.0,3,4,1,,1,39 57:02.394,2.0,0,75 14:49.973,3,0,0,0,67301,0,0,0,N,0,0,0,4,67301,0,,1,1,,N,N,,1,,1,0,0,3,3,N,2019.0,4,3,0,0,4,3,0,3,4,0,3,3,,N,,,,,,,,,,,
2010032775,2043.0,1,0,0,0,0,0,0,0,0,8,0,,67,2,2010,1,40.0112,-75.1421,2041.0,6,0,0,0,0,0,0,0,0,1.0,0,0,0,20.0,3,1,1,,2,40 00:40.402,1.0,0,75 08:31.606,4,0,0,0,67301,1,0,0,N,1,0,0,2,67301,1,,1,1,,N,N,,0,,0,0,0,3,2,N,2027.0,1,2,0,0,0,0,0,3,4,0,1,3,,N,,,,,,,,,,,
2010068573,1415.0,2,0,0,0,0,0,0,0,0,5,0,,67,7,2010,1,39.9328,-75.2002,1411.0,6,0,0,0,0,0,1,0,0,1.0,0,0,0,13.0,1,0,0,,1,39 55:55.528,3.0,0,75 12:00.189,0,0,0,0,67301,0,0,0,N,0,0,0,3,68K01,0,,1,1,,N,N,,0,,0,0,1,0,0,N,1346.0,0,3,0,0,0,0,0,3,4,0,3,3,,N,,,,,,,,,,,
2010104931,1740.0,2,0,0,0,0,0,0,0,0,1,0,,67,9,2010,2,39.9492,-75.2332,1734.0,6,0,0,1,0,0,0,0,0,,0,0,0,17.0,1,2,2,,0,39 56:57.091,,0,75 13:59.663,3,0,0,0,67301,0,0,0,N,0,0,0,5,67301,1,,1,1,,N,N,,0,,1,0,0,3,2,,1711.0,2,2,0,0,0,0,1,3,4,0,2,3,,N,,,,,,,,,,,
2010104934,2110.0,2,0,0,0,0,0,0,0,0,1,0,,67,9,2010,4,39.9595,-75.2332,2057.0,6,0,0,0,0,0,0,0,0,,0,0,0,19.0,4,1,1,,0,39 57:34.088,,0,75 13:59.355,4,0,0,0,67301,0,0,0,N,0,0,0,2,67301,1,,1,1,,N,N,,0,,0,0,0,3,2,,1934.0,1,2,0,0,1,0,0,3,4,0,2,3,,N,,,,,,,,,,,