CRN,ARRIVAL_TM,AUTOMOBILE_COUNT,BELTED_DEATH_COUNT,BELTED_SUSP_SERIOUS_INJ_COUNT,BICYCLE_COUNT,BICYCLE_DEATH_COUNT,BICYCLE_SUSP_SERIOUS_INJ_COUNT,BUS_COUNT,CHLDPAS_DEATH_COUNT,CHLDPAS_SUSP_SERIOUS_INJ_COUNT,COLLISION_TYPE,COMM_VEH_COUNT,CONS_ZONE_SPD_LIM,COUNTY,CRASH_MONTH,CRASH_YEAR,DAY_OF_WEEK,DEC_LAT,DEC_LONG,DISPATCH_TM,DISTRICT,DRIVER_COUNT_16YR,DRIVER_COUNT_17YR,DRIVER_COUNT_18YR,DRIVER_COUNT_19YR,DRIVER_COUNT_20YR,DRIVER_COUNT_50_64YR,DRIVER_COUNT_65_74YR,DRIVER_COUNT_75PLUS,EST_HRS_CLOSED,FATAL_COUNT,HEAVY_TRUCK_COUNT,HORSE_BUGGY_COUNT,HOUR_OF_DAY,ILLUMINATION,INJURY_COUNT,INTERSECT_TYPE,INTERSECTION_RELATED,LANE_CLOSED,LATITUDE,LN_CLOSE_DIR,LOCATION_TYPE,LONGITUDE,MAX_SEVERITY_LEVEL,MCYCLE_DEATH_COUNT,MCYCLE_SUSP_SERIOUS_INJ_COUNT,MOTORCYCLE_COUNT,MUNICIPALITY,NONMOTR_COUNT,NONMOTR_DEATH_COUNT,NONMOTR_SUSP_SERIOUS_INJ_COUNT,NTFY_HIWY_MAINT,PED_COUNT,PED_DEATH_COUNT,PED_SUSP_SERIOUS_INJ_COUNT,PERSON_COUNT,POLICE_AGCY,POSSIBLE_INJ_COUNT,RDWY_SURF_TYPE_CD,RELATION_TO_ROAD,ROAD_CONDITION,ROADWAY_CLEARED,SCH_BUS_IND,SCH_ZONE_IND,SECONDARY_CRASH,SMALL_TRUCK_COUNT,SPEC_JURIS_CD,SUSP_MINOR_INJ_COUNT,SUSP_SERIOUS_INJ_COUNT,SUV_COUNT,TCD_FUNC_CD,TCD_TYPE,TFC_DETOUR_IND,TIME_OF_DAY,TOT_INJ_COUNT,TOTAL_UNITS,UNB_DEATH_COUNT,UNB_SUSP_SERIOUS_INJ_COUNT,UNBELTED_OCC_COUNT,UNK_INJ_DEG_COUNT,UNK_INJ_PER_COUNT,URBAN_AREA,URBAN_RURAL,VAN_COUNT,VEHICLE_COUNT,WEATHER1,WEATHER2,WORK_ZONE_IND,WORK_ZONE_LOC,WORK_ZONE_TYPE,WORKERS_PRES,WZ_CLOSE_DETOUR,WZ_FLAGGER,WZ_LAW_OFFCR_IND,WZ_LN_CLOSURE,WZ_MOVING,WZ_OTHER,WZ_SHLDER_MDN,WZ_WORKERS_INJ_KILLED
2010026593,1521.0,1,0,0,0,0,0,0,0,0,4,1,45.0,67,3,2010,3,39.8885,-75.2174,1508.0,6,0,0,0,0,0,0,0,0,2.0,0,1,0,15.0,1,2,0,,1,39 53:18.880,2.0,0,75 13:03.100,4,0,0,0,67301,0,0,0,N,0,0,0,2,68K01,2,,1,1,,N,N,,0,,0,0,0,3,8,N,1504.0,2,2,0,0,1,0,0,3,4,0,2,3,,Y,3.0,2.0,Y,N,N,N,Y,N,N,N,
2010026594,1852.0,3,0,0,0,0,0,0,0,0,5,0,,67,3,2010,3,39.9805,-75.1046,1839.0,6,0,0,0,0,1,0,0,0,2.0,0,0,0,18.0,3,1,0,,2,39 58:52.264,2.0,0,75 06:11.204,8,0,0,0,67301,0,0,0,N,0,0,0,6,68K01,0,,1,9,,N,N,,0,,0,0,0,0,0,N,1831.0,1,3,0,0,0,1,0,3,4,0,3,7,,N,,,,,,,,,,,
2010099743,349.0,0,0,0,0,0,0,0,0,0,7,0,,67,9,2010,2,40.0566,-75.0287,344.0,6,0,0,0,0,0,0,0,0,,0,0,0,3.0,3,1,5,,0,40 03:23.774,,0,75 01:43.818,8,0,0,1,67301,0,0,0,N,0,0,0,1,67301,0,,3,1,,N,N,,0,,0,0,0,9,3,,336.0,1,1,0,0,0,1,0,3,4,0,1,3,,N,,,,,,,,,,,
2010099784,1440.0,2,0,0,0,0,0,0,0,0,1,0,,67,9,2010,5,39.96,-75.1792,1435.0,6,0,0,0,0,0,1,0,0,,0,0,0,14.0,1,0,0,,0,39 57:37.283,,3,75 10:51.775,0,0,0,0,67301,0,0,0,N,0,0,0,4,67301,0,,1,1,,N,N,,0,,0,0,1,0,0,,1400.0,0,3,0,0,0,0,0,3,4,0,3,3,,N,,,,,,,,,,,
2010099853,309.0,1,0,0,0,0,0,0,0,0,7,0,,67,9,2010,5,40.0136,-75.2046,305.0,6,0,0,0,0,1,0,0,0,9.0,0,0,0,3.0,3,0,5,,1,40 00:46.291,1.0,8,75 12:16.185,0,0,0,0,67301,0,0,0,N,0,0,0,2,67301,0,,2,1,,N,N,,0,,0,0,0,0,0,Y,300.0,0,1,0,0,0,0,0,3,4,0,1,3,,N,,,,,,,,,,,
2010112995,1501.0,0,0,0,0,0,0,0,0,0,1,0,,67,11,2010,6,39.9579,-75.1618,1501.0,6,0,0,0,0,0,1,0,0,,0,0,0,15.0,1,0,0,,0,39 57:28.310,,0,75 09:42.448,0,0,0,0,67301,0,0,0,N,0,0,0,4,68K01,0,,1,1,,N,N,,0,,0,0,3,0,0,,1501.0,0,3,0,0,0,0,0,3,4,0,3,3,,N,,,,,,,,,,,
2010102502,9999.0,1,0,0,0,0,0,0,0,0,4,0,,67,9,2010,1,39.9237,-75.1839,9999.0,6,0,0,0,0,1,0,0,0,,0,0,0,99.0,1,1,1,,0,39 55:25.186,,0,75 11:01.957,8,0,0,0,67301,0,0,0,N,0,0,0,3,67301,0,,1,1,,N,N,,0,,0,0,1,3,3,,9999.0,1,2,0,0,0,1,0,3,4,0,2,3,,N,,,,,,,,,,,
2010102537,810.0,2,0,0,0,0,0,0,0,0,4,0,,67,9,2010,6,40.0306,-75.207,805.0,6,0,0,0,0,0,0,0,0,,0,0,0,7.0,1,2,1,,0,40 01:50.207,,0,75 12:25.116,8,0,0,0,67301,0,0,0,N,0,0,0,3,67301,0,,1,1,,N,N,,0,,0,0,0,0,0,,733.0,2,2,0,0,0,2,0,3,4,0,2,3,,N,,,,,,,,,,,
2010087026,2306.0,2,0,0,0,0,0,0,0,0,1,0,90.0,67,8,2010,5,39.8886,-75.2026,2306.0,6,0,0,0,0,1,1,0,0,3.0,0,0,0,23.0,3,6,0,,2,39 53:50.395,1.0,0,75 11:15.516,3,0,0,0,67301,0,0,0,N,0,0,0,10,68K01,4,,1,1,,N,N,,0,,2,0,1,0,0,N,2306.0,6,3,0,0,0,0,0,3,4,0,3,3,,Y,8.0,1.0,Y,N,N,Y,Y,N,N,Y,
2010120988,1733.0,1,0,0,0,0,0,0,0,0,1,0,,67,11,2010,2,39.9654,-75.1368,1717.0,6,0,0,0,0,0,1,0,0,,0,0,0,17.0,3,1,0,,0,39 57:55.743,,0,75 08:12.023,8,0,0,0,67301,0,0,0,N,0,0,0,4,68K01,0,,1,1,,N,N,,1,,0,0,0,0,0,,1710.0,1,3,0,0,0,1,0,3,4,1,3,3,,N,,,,,,,,,,,
2010034147,1900.0,0,0,0,0,0,0,0,0,0,4,0,,67,3,2010,2,39.9942,-75.1322,1830.0,6,0,0,0,1,0,0,0,0,,0,0,0,15.0,1,1,1,,0,39 59:39.274,,0,75 07:55.977,4,0,0,0,67301,0,0,0,,0,0,0,2,67301,1,,1,1,,,,,0,,0,0,0,3,3,,1530.0,1,2,0,0,0,0,0,3,4,0,2,3,,N,,,,,,,,,,,
2010034150,1540.0,2,0,0,0,0,0,0,0,0,1,0,,67,2,2010,5,39.9858,-75.2019,1530.0,6,0,0,0,0,0,0,0,0,1.0,0,0,0,99.0,1,2,0,,1,39 59:08.810,1.0,0,75 12:06.843,3,0,0,0,67301,0,0,0,N,0,0,0,3,67301,0,,1,9,,,N,,0,,2,0,0,0,0,N,9999.0,2,2,0,0,0,0,0,3,4,0,2,7,,N,,,,,,,,,,,
2010034156,0.0,2,0,0,0,0,0,0,0,0,2,0,,67,2,2010,4,39.9214,-75.1914,2356.0,6,0,0,0,0,0,0,0,0,1.0,0,0,0,23.0,3,0,0,,1,39 55:17.196,3.0,1,75 11:28.999,0,0,0,0,67301,0,0,0,N,0,0,0,1,67301,0,,1,1,,N,N,,0,,0,0,0,3,2,N,2330.0,0,2,0,0,0,0,0,3,4,0,2,3,,N,,,,,,,,,,,
2010029572,1959.0,2,0,0,0,0,0,0,0,0,4,0,,67,3,2010,3,39.9985,-75.2324,1959.0,6,0,0,0,0,0,0,0,0,,0,0,0,19.0,3,1,0,,0,39 59:57.812,,7,75 13:49.634,4,0,0,0,67301,0,0,0,N,0,0,0,3,46104,1,,1,1,,N,N,,0,,0,0,0,0,0,,1955.0,1,2,0,0,0,0,0,3,4,0,2,3,,N,,,,,,,,,,,
2010102356,9999.0,0,0,0,1,0,0,0,0,0,4,0,,67,9,2010,3,39.9633,-75.1885,810.0,6,0,0,0,0,0,0,0,0,,0,0,0,8.0,1,1,1,,0,39 57:47.722,,0,75 11:18.585,4,0,0,0,67301,1,0,0,N,0,0,0,2,67301,1,,1,1,,N,N,,1,,0,0,0,3,2,,810.0,1,2,0,0,1,0,0,3,4,0,1,3,,N,,,,,,,,,,,
2010102990,1225.0,1,0,0,0,0,0,0,0,0,1,0,,67,9,2010,4,40.0256,-75.044,1220.0,6,0,0,0,0,0,0,0,0,9.0,0,0,0,12.0,1,2,0,,1,40 01:32.011,1.0,0,75 02:38.355,4,0,0,0,67301,0,0,0,N,0,0,0,4,67301,2,,1,1,,N,N,,1,,0,0,0,0,0,N,1220.0,2,2,0,0,0,0,0,3,4,0,2,3,,N,,,,,,,,,,,
2010103099,1245.0,0,0,0,1,0,0,0,0,0,4,0,,67,7,2010,7,40.0153,-75.2081,1243.0,6,0,0,0,0,0,1,0,0,,0,0,0,12.0,1,1,0,,0,40 00:55.447,,7,75 12:30.065,8,0,0,0,67301,1,0,0,N,0,0,0,2,67301,0,,1,1,,N,N,,0,,0,0,1,3,2,,1241.0,1,2,0,0,0,1,0,3,4,0,1,3,,N,,,,,,,,,,,
2010103113,2000.0,0,0,0,0,0,0,0,0,0,8,0,,67,9,2010,2,40.0315,-75.1543,2000.0,6,0,0,0,0,0,0,0,0,,0,0,0,20.0,4,1,0,,0,40 01:53.450,,0,75 09:15.480,4,0,0,0,67301,1,0,0,,1,0,0,2,67301,1,,1,1,,,,,1,,0,0,0,0,0,,2000.0,1,2,0,0,0,0,0,3,4,0,1,3,,N,,,,,,,,,,,
2010105669,1745.0,0,0,0,0,0,0,1,0,0,8,1,,67,9,2010,5,39.9956,-75.1675,539.0,6,0,0,0,0,0,0,0,0,,1,0,0,17.0,1,0,1,,0,39 59:44.213,,0,75 10:03.144,1,0,0,0,67301,1,1,0,N,1,1,0,2,67301,0,2.0,1,9,,N,Y,,0,0.0,0,0,0,3,2,,1730.0,0,2,0,0,0,0,0,3,4,0,1,7,,N,,,,,,,,,,,
2010103071,401.0,3,0,0,0,0,0,0,0,0,8,0,,67,6,2010,1,39.9959,-75.1394,359.0,6,0,0,0,0,0,0,0,0,3.0,0,0,0,3.0,3,3,0,,2,39 59:45.310,1.0,0,75 08:21.710,2,0,0,0,67301,2,0,1,N,2,0,1,4,67301,1,,6,1,,N,N,,1,,1,1,0,0,0,Y,356.0,3,6,0,0,1,0,0,3,4,0,4,3,,N,,,,,,,,,,,
2010117940,1610.0,1,0,0,0,0,0,0,0,0,5,0,,67,11,2010,7,40.0149,-75.0855,1607.0,6,0,0,0,1,0,0,0,0,,0,0,0,99.0,1,1,0,,0,40 00:53.504,,0,75 05:07.772,4,0,0,0,67301,0,0,0,N,0,0,0,2,67301,1,,1,1,,N,N,,1,,0,0,0,0,0,,9999.0,1,2,0,0,0,0,0,3,4,0,2,3,,N,,,,,,,,,,,
2010117942,2228.0,1,0,0,1,0,1,0,0,0,4,0,,67,10,2010,5,39.9621,-75.1614,2228.0,6,0,0,0,0,0,0,0,0,,0,0,0,22.0,3,1,1,,0,39 57:44.547,,0,75 09:41.289,2,0,0,0,67301,1,0,1,N,0,0,0,3,67301,0,,1,1,,N,N,,0,,0,1,0,3,2,,2218.0,1,2,0,0,0,0,0,3,4,0,1,3,,N,,,,,,,,,,,
2010114319,2323.0,0,0,0,0,0,0,0,0,0,8,0,,67,10,2010,1,40.0004,-75.1313,2231.0,6,0,0,0,0,0,0,0,0,,0,0,0,21.0,3,1,2,,0,40 00:01.551,,0,75 07:52.849,2,0,0,0,67301,1,0,1,N,1,0,1,2,67301,0,,1,1,,N,N,,0,,0,1,0,3,3,,2125.0,1,2,0,0,0,0,1,3,4,0,1,3,,N,,,,,,,,,,,
2010111670,2111.0,2,0,0,0,0,0,0,0,0,1,0,,67,10,2010,7,39.9751,-75.1945,2107.0,6,0,0,0,0,0,0,0,0,1.0,0,0,0,20.0,3,0,0,,1,39 58:33.424,3.0,0,75 11:43.096,0,0,0,0,67301,0,0,0,N,0,0,0,2,68K01,0,,1,1,,N,N,,0,,0,0,0,0,0,N,2002.0,0,2,0,0,0,0,0,3,4,0,2,3,,N,,,,,,,,,,,
2010048687,1418.0,1,0,0,0,0,0,0,0,0,7,0,,67,4,2010,2,40.072,-74.9877,1416.0,6,0,0,0,0,0,0,0,0,9.0,0,0,0,14.0,1,1,0,,2,40 04:19.346,6.0,0,74 59:15.647,8,0,0,0,67301,0,0,0,N,0,0,0,1,67301,0,,5,1,,N,N,,0,,0,0,0,0,0,Y,1414.0,1,1,0,0,0,1,0,3,4,0,1,3,,N,,,,,,,,,,,
2010030263,1300.0,1,0,0,0,0,0,0,0,0,8,0,,67,2,2010,3,39.9519,-75.1598,1242.0,6,0,0,0,0,0,1,0,0,,0,0,0,99.0,1,1,1,,0,39 57:06.668,,0,75 09:35.366,8,0,0,0,67301,1,0,0,,1,0,0,2,67301,0,,1,9,,,,,0,,0,0,0,3,2,,9999.0,1,2,0,0,0,1,0,3,4,0,1,7,,N,,,,,,,,,,,
2010033399,1541.0,1,0,0,0,0,0,0,0,0,1,0,,67,3,2010,1,39.9456,-75.19,1530.0,6,0,0,0,0,0,0,0,1,2.0,0,0,0,15.0,1,0,0,,1,39 56:47.112,4.0,3,75 11:19.799,0,0,0,0,67301,0,0,0,N,0,0,0,5,68K01,0,,1,9,,N,N,,0,,0,0,1,0,0,N,1526.0,0,2,0,0,0,0,0,3,4,0,2,3,,N,,,,,,,,,,,
2010118019,1030.0,2,0,0,0,0,0,0,0,0,1,0,,67,10,2010,6,40.0356,-75.1239,1030.0,6,0,0,0,0,0,1,0,0,,0,0,0,10.0,1,0,0,,0,40 02:08.096,,0,75 07:26.016,0,0,0,0,67301,0,0,0,N,0,0,0,1,67301,0,,6,1,,N,N,,1,,0,0,0,0,0,,1000.0,0,3,0,0,1,0,0,3,4,0,3,3,,N,,,,,,,,,,,
2010118029,1547.0,1,0,0,0,0,0,0,0,0,1,0,,67,10,2010,4,40.1063,-74.9947,1546.0,6,0,0,0,0,0,0,0,0,1.0,0,0,0,15.0,1,3,7,,2,40 06:22.716,4.0,2,74 59:40.944,3,0,0,0,67301,0,0,0,N,0,0,0,6,67301,0,,1,8,,N,N,,1,,1,0,0,0,0,N,1546.0,3,3,0,0,1,2,1,3,4,1,3,7,,N,,,,,,,,,,,
2010048460,1928.0,1,0,0,1,0,0,0,0,0,1,0,,67,4,2010,4,40.0258,-75.1086,1920.0,6,0,0,0,0,0,0,0,0,,0,0,0,19.0,3,1,0,,0,40 01:32.722,,0,75 06:30.980,8,0,0,0,67301,1,0,0,,0,0,0,2,67301,0,,1,1,,,,,0,,0,0,0,0,0,,1920.0,1,2,0,0,0,1,0,3,4,0,1,3,,N,,,,,,,,,,,
2010048545,1549.0,0,0,0,0,0,0,0,0,0,7,0,,67,4,2010,5,40.0209,-75.1403,1529.0,6,0,0,0,0,0,0,0,0,1.0,0,0,0,15.0,1,0,0,,1,40 01:15.284,1.0,0,75 08:25.110,0,0,0,1,67301,0,0,0,,0,0,0,1,67301,0,,3,1,,N,N,,0,,0,0,0,3,2,N,1528.0,0,1,0,0,0,0,0,3,4,0,1,3,,N,,,,,,,,,,,
2010074988,1647.0,2,0,0,0,0,0,0,0,0,1,0,,67,7,2010,5,39.9658,-75.2065,1646.0,6,0,0,0,0,0,1,0,0,,0,0,0,16.0,1,5,0,,0,39 57:56.760,,0,75 12:23.569,8,0,0,0,67301,0,0,0,N,0,0,0,7,37301,0,,1,1,,N,N,,0,,0,0,0,0,0,,1645.0,5,2,0,0,0,5,0,3,4,0,2,3,,N,,,,,,,,,,,
2010058192,1841.0,2,0,0,0,0,0,0,0,0,1,0,,67,6,2010,5,40.0267,-75.0261,1831.0,6,0,0,0,0,1,0,0,0,,0,0,0,18.0,1,0,0,,0,40 01:36.186,,0,75 01:33.506,0,0,0,0,67301,0,0,0,N,0,0,0,2,68K01,0,,1,1,,N,N,,0,,0,0,0,0,0,,1828.0,0,2,0,0,0,0,0,3,4,0,2,3,,N,,,,,,,,,,,
2010075015,1650.0,1,0,0,0,0,0,0,0,0,1,0,,67,7,2010,5,40.1067,-74.9989,1648.0,6,0,0,0,0,0,0,0,0,1.0,0,0,0,16.0,1,3,0,,1,40 06:24.272,2.0,0,74 59:55.786,3,0,0,0,67301,0,0,0,N,0,0,0,5,67301,2,,1,1,,N,N,,0,,1,0,2,3,2,N,1645.0,3,3,0,0,0,0,0,3,4,0,3,3,,N,,,,,,,,,,,
2010075024,608.0,2,0,0,0,0,0,0,0,0,1,0,,67,7,2010,5,40.0864,-75.0596,603.0,6,0,0,0,0,0,1,0,0,,0,0,0,6.0,1,1,0,,0,40 05:10.892,,0,75 03:34.388,4,0,0,0,67301,0,0,0,,0,0,0,3,67301,1,,1,1,,,,,0,,0,0,0,0,0,,600.0,1,2,0,0,0,0,0,3,4,0,2,3,,N,,,,,,,,,,,
2010064759,9999.0,2,0,0,0,0,0,0,0,0,1,0,,67,5,2010,3,40.0082,-75.0716,9999.0,6,0,0,0,0,0,0,0,0,,0,0,0,99.0,1,1,6,,0,40 00:29.520,,2,75 04:17.760,8,0,0,0,67301,0,0,0,,0,0,0,3,67301,0,,1,1,,,,,0,,0,0,0,0,0,,9999.0,1,2,0,0,0,1,2,3,4,0,2,3,,N,,,,,,,,,,,
2010048282,353.0,1,0,0,0,0,0,0,0,0,7,0,,67,4,2010,3,39.98,-75.2051,337.0,6,0,0,0,0,0,0,0,0,,0,0,0,3.0,3,0,0,,0,39 58:50.591,,0,75 12:22.250,0,0,0,0,67301,0,0,0,N,0,0,0,1,68K01,0,,4,9,,N,N,,0,,0,0,0,0,0,,334.0,0,1,0,0,0,0,0,3,4,0,1,7,,N,,,,,,,,,,,
2010074908,1516.0,2,0,0,0,0,0,0,0,0,4,0,,67,7,2010,7,40.0429,-75.1438,1515.0,6,0,0,0,0,0,0,0,0,,0,0,0,14.0,1,3,1,,0,40 02:34.384,,0,75 08:38.046,4,0,0,0,67301,0,0,0,N,0,0,0,4,67301,2,,1,1,,N,N,,0,,0,0,0,3,2,,1454.0,3,2,0,0,0,1,0,3,4,0,2,3,,N,,,,,,,,,,,
2010062029,1734.0,1,0,0,0,0,0,0,0,0,4,0,,67,5,2010,2,39.9458,-75.2402,1715.0,6,0,0,0,0,0,0,0,0,,0,0,0,17.0,1,5,0,,0,39 56:44.925,,7,75 14:24.622,2,0,0,0,67301,0,0,0,N,0,0,0,5,67301,3,,1,1,,N,N,,0,,0,1,1,0,0,,1715.0,5,2,0,0,0,1,0,3,4,0,2,3,,N,,,,,,,,,,,
2010059621,57.0,2,0,0,0,0,0,0,0,0,4,0,,67,5,2010,1,39.9579,-75.1642,56.0,6,0,0,0,0,0,0,0,0,,0,0,0,0.0,3,2,1,,0,39 57:28.245,,2,75 09:50.968,3,0,0,0,67301,0,0,0,,0,0,0,5,67301,1,,4,1,,,,,0,,1,0,0,3,2,,55.0,2,2,0,0,2,0,1,3,4,0,2,3,,N,,,,,,,,,,,
2010081446,1915.0,2,0,0,0,0,0,0,0,0,1,0,,67,7,2010,5,39.9533,-75.1837,1913.0,6,0,0,0,0,0,0,0,0,,0,0,0,19.0,3,2,0,,0,39 57:11.972,,0,75 11:01.273,4,0,0,0,67301,0,0,0,N,0,0,0,3,67301,2,,1,1,,N,N,,0,,0,0,0,3,2,,1905.0,2,2,0,0,0,0,0,3,4,0,2,3,,N,,,,,,,,,,,
2010044441,2115.0,1,0,0,1,0,0,0,0,0,4,0,,67,3,2010,1,39.9746,-75.2519,2100.0,6,0,0,0,0,0,0,0,0,,0,0,0,20.0,3,1,1,,0,39 58:28.686,,0,75 15:06.785,4,0,0,0,67301,1,0,0,N,0,0,0,2,67301,1,,1,1,,N,N,,0,,0,0,0,3,2,,2050.0,1,2,0,0,0,0,0,3,4,0,1,3,,N,,,,,,,,,,,
2010084211,250.0,2,0,0,0,0,0,0,0,0,4,0,,67,8,2010,2,40.0033,-75.1412,247.0,6,0,0,0,0,0,0,0,0,,0,0,0,2.0,3,1,1,,0,40 00:11.775,,0,75 08:28.258,8,0,0,0,67301,0,0,0,,0,0,0,2,67301,0,,1,1,,,,,0,,0,0,0,0,0,,201.0,1,2,0,0,2,1,0,3,4,0,2,3,,N,,,,,,,,,,,
2010084236,1303.0,2,0,0,0,0,0,0,0,0,4,0,,67,7,2010,7,40.1317,-75.0122,1251.0,6,0,0,0,0,0,0,0,1,2.0,0,0,0,12.0,1,1,1,,1,40 07:53.956,1.0,0,75 00:43.926,4,0,0,0,67301,0,0,0,,0,0,0,2,67301,1,,1,1,,,,,0,,0,0,0,3,2,N,1249.0,1,2,0,0,0,0,0,3,4,0,2,3,,N,,,,,,,,,,,
2010084259,815.0,0,0,0,0,0,0,0,0,0,7,0,,67,8,2010,4,40.0146,-75.1184,804.0,6,0,0,0,0,0,0,0,0,9.0,0,0,0,7.0,1,2,0,,2,40 00:52.425,1.0,0,75 07:06.160,8,0,0,0,67301,0,0,0,N,0,0,0,2,67301,0,,5,1,,N,N,,0,,0,0,1,0,0,Y,758.0,2,1,0,0,0,2,0,3,4,0,1,3,,N,,,,,,,,,,,
2010059741,159.0,1,0,0,0,0,0,0,0,0,7,0,,67,6,2010,5,39.9582,-75.1403,155.0,6,0,0,0,0,0,0,0,0,1.0,0,0,0,1.0,2,0,0,,2,39 57:24.308,3.0,2,75 08:29.975,0,0,0,0,67301,0,0,0,N,0,0,0,2,68K01,0,,4,1,,N,N,,0,,0,0,0,0,0,N,153.0,0,1,0,0,0,0,0,3,4,0,1,3,,N,,,,,,,,,,,
2010051870,259.0,2,0,0,0,0,0,0,0,0,1,0,50.0,67,5,2010,1,39.8993,-75.1771,257.0,6,0,0,0,0,0,0,0,0,2.0,0,0,0,2.0,3,7,0,,2,39 53:56.647,2.0,0,75 10:26.363,3,0,0,0,67301,0,0,0,N,0,0,0,7,68K01,1,,1,1,,N,N,,0,,6,0,0,3,8,Y,255.0,7,2,0,0,3,0,0,3,4,0,2,3,,Y,2.0,1.0,Y,N,N,N,N,N,Y,N,
2010052346,1545.0,2,0,0,0,0,0,0,0,0,1,0,,67,5,2010,4,40.0934,-75.0313,1541.0,6,0,0,0,0,0,2,0,0,1.0,0,0,0,15.0,1,1,2,,1,40 05:36.346,1.0,7,75 01:52.568,4,0,0,0,67301,0,0,0,,0,0,0,2,67301,1,,5,1,,N,,,0,,0,0,0,3,2,N,1525.0,1,2,0,0,0,0,0,3,4,0,2,3,,N,,,,,,,,,,,
2010052431,1120.0,1,0,0,1,0,0,0,0,0,4,0,,67,5,2010,1,40.0211,-75.0585,1115.0,6,0,0,0,0,1,0,0,0,,0,0,0,11.0,1,1,0,,0,40 01:15.906,,0,75 03:30.430,4,0,0,0,67301,1,0,0,,0,0,0,2,67301,1,,1,1,,N,N,,0,,0,0,0,0,0,,1110.0,1,2,0,0,0,0,0,3,4,0,1,3,,N,,,,,,,,,,,
2010044555,1616.0,0,0,0,1,0,0,0,0,0,4,0,,67,4,2010,3,39.9415,-75.1778,1614.0,6,0,0,0,0,0,0,0,0,1.0,0,0,0,16.0,1,1,1,,2,39 56:29.263,2.0,0,75 10:39.964,8,0,0,0,67301,1,0,0,,0,0,0,2,67301,0,,1,9,,,,,1,,0,0,0,3,2,Y,1608.0,1,2,0,0,0,1,0,3,4,0,1,7,,N,,,,,,,,,,,
2010084071,1457.0,1,0,0,0,0,0,0,0,0,1,0,,67,8,2010,1,39.9383,-75.1977,1445.0,6,0,0,0,0,0,0,0,0,1.0,0,0,0,14.0,1,1,0,,2,39 56:24.926,4.0,0,75 11:44.542,8,0,0,0,67301,0,0,0,N,0,0,0,6,68K01,0,,1,1,,N,N,,0,,0,0,1,0,0,N,1445.0,1,2,0,0,0,1,0,3,4,0,2,3,,N,,,,,,,,,,,
2010044609,845.0,1,0,0,0,0,0,0,0,0,1,0,,67,3,2010,6,39.9517,-75.1828,843.0,6,0,0,0,0,0,1,0,0,2.0,0,0,0,8.0,1,1,1,,1,39 57:05.837,4.0,0,75 10:57.148,4,0,0,0,67301,0,0,0,N,0,0,0,2,67301,1,,1,1,,N,N,,0,,0,0,1,3,2,Y,843.0,1,2,0,0,0,0,0,3,4,0,2,3,,N,,,,,,,,,,,
2010044636,1033.0,1,0,0,0,0,0,0,0,0,4,0,,67,3,2010,3,40.0899,-74.9842,1033.0,6,0,0,1,0,0,0,1,0,,0,0,0,10.0,1,2,1,,0,40 05:23.607,,0,74 59:03.265,8,0,0,0,67301,0,0,0,N,0,0,0,3,67301,0,,1,9,,N,N,,0,,0,0,0,3,2,,1030.0,2,2,0,0,0,2,0,3,4,1,2,7,,N,,,,,,,,,,,
2010081645,1414.0,1,0,0,0,0,0,0,0,0,7,0,,67,7,2010,3,39.975,-75.1701,1412.0,6,0,0,0,0,0,1,0,0,,0,0,0,14.0,1,4,0,,0,39 58:30.156,,0,75 10:12.539,8,0,0,0,67301,0,0,0,N,0,0,0,5,67301,0,,5,1,,N,N,,0,,0,0,0,0,0,,1409.0,4,1,0,0,0,4,1,3,4,0,1,3,,N,,,,,,,,,,,
2010043494,805.0,1,0,0,0,0,0,0,0,0,5,0,,67,4,2010,6,40.0092,-75.2048,749.0,6,0,0,0,0,0,0,0,0,,0,0,0,7.0,1,0,7,,0,40 00:26.015,,2,75 11:58.485,0,0,0,0,67301,0,0,0,N,0,0,0,2,68K01,0,,1,1,,N,N,,0,,0,0,1,0,0,,746.0,0,2,0,0,0,0,0,3,4,0,2,3,,N,,,,,,,,,,,
2010084521,1040.0,0,0,0,0,0,0,0,0,0,7,0,,67,8,2010,6,40.0163,-75.0519,1035.0,6,0,0,0,0,0,0,0,0,2.0,0,0,0,10.0,1,0,0,,1,40 00:58.396,2.0,0,75 03:07.325,0,0,0,0,67301,0,0,0,N,0,0,0,1,68K01,0,,4,1,,N,N,,1,,0,0,0,0,0,N,1033.0,0,1,0,0,0,0,0,3,4,0,1,3,,N,,,,,,,,,,,
2010044853,1644.0,1,0,0,0,0,0,0,0,0,8,0,,67,4,2010,6,39.9227,-75.2309,1643.0,6,0,0,0,0,0,0,0,0,,0,0,0,16.0,1,1,0,,0,39 55:21.551,,0,75 13:51.097,4,0,0,0,67301,1,0,0,N,1,0,0,2,67301,1,,1,1,,N,N,,0,,0,0,0,0,0,,1641.0,1,2,0,0,0,0,0,3,4,0,1,3,,N,,,,,,,,,,,
2010127896,1746.0,1,0,0,0,0,0,0,0,0,7,0,,67,12,2010,5,39.9584,-75.1807,1746.0,6,0,0,0,0,0,0,0,0,,0,0,0,17.0,3,0,0,,0,39 57:31.549,,2,75 10:50.703,0,0,0,0,67301,0,0,0,N,0,0,0,1,68K01,0,,3,7,,N,N,,0,,0,0,0,0,0,,1745.0,0,1,0,0,0,0,0,3,4,0,1,10,,N,,,,,,,,,,,