CRN,ARRIVAL_TM,AUTOMOBILE_COUNT,BELTED_DEATH_COUNT,BELTED_SUSP_SERIOUS_INJ_COUNT,BICYCLE_COUNT,BICYCLE_DEATH_COUNT,BICYCLE_SUSP_SERIOUS_INJ_COUNT,BUS_COUNT,CHLDPAS_DEATH_COUNT,CHLDPAS_SUSP_SERIOUS_INJ_COUNT,COLLISION_TYPE,COMM_VEH_COUNT,CONS_ZONE_SPD_LIM,COUNTY,CRASH_MONTH,CRASH_YEAR,DAY_OF_WEEK,DEC_LAT,DEC_LONG,DISPATCH_TM,DISTRICT,DRIVER_COUNT_16YR,DRIVER_COUNT_17YR,DRIVER_COUNT_18YR,DRIVER_COUNT_19YR,DRIVER_COUNT_20YR,DRIVER_COUNT_50_64YR,DRIVER_COUNT_65_74YR,DRIVER_COUNT_75PLUS,EST_HRS_CLOSED,FATAL_COUNT,HEAVY_TRUCK_COUNT,HORSE_BUGGY_COUNT,HOUR_OF_DAY,ILLUMINATION,INJURY_COUNT,INTERSECT_TYPE,INTERSECTION_RELATED,LANE_CLOSED,LATITUDE,LN_CLOSE_DIR,LOCATION_TYPE,LONGITUDE,MAX_SEVERITY_LEVEL,MCYCLE_DEATH_COUNT,MCYCLE_SUSP_SERIOUS_INJ_COUNT,MOTORCYCLE_COUNT,MUNICIPALITY,NONMOTR_COUNT,NONMOTR_DEATH_COUNT,NONMOTR_SUSP_SERIOUS_INJ_COUNT,NTFY_HIWY_MAINT,PED_COUNT,PED_DEATH_COUNT,PED_SUSP_SERIOUS_INJ_COUNT,PERSON_COUNT,POLICE_AGCY,POSSIBLE_INJ_COUNT,RDWY_SURF_TYPE_CD,RELATION_TO_ROAD,ROAD_CONDITION,ROADWAY_CLEARED,SCH_BUS_IND,SCH_ZONE_IND,SECONDARY_CRASH,SMALL_TRUCK_COUNT,SPEC_JURIS_CD,SUSP_MINOR_INJ_COUNT,SUSP_SERIOUS_INJ_COUNT,SUV_COUNT,TCD_FUNC_CD,TCD_TYPE,TFC_DETOUR_IND,TIME_OF_DAY,TOT_INJ_COUNT,TOTAL_UNITS,UNB_DEATH_COUNT,UNB_SUSP_SERIOUS_INJ_COUNT,UNBELTED_OCC_COUNT,UNK_INJ_DEG_COUNT,UNK_INJ_PER_COUNT,URBAN_AREA,URBAN_RURAL,VAN_COUNT,VEHICLE_COUNT,WEATHER1,WEATHER2,WORK_ZONE_IND,WORK_ZONE_LOC,WORK_ZONE_TYPE,WORKERS_PRES,WZ_CLOSE_DETOUR,WZ_FLAGGER,WZ_LAW_OFFCR_IND,WZ_LN_CLOSURE,WZ_MOVING,WZ_OTHER,WZ_SHLDER_MDN,WZ_WORKERS_INJ_KILLED
2010127900,441.0,0,0,0,0,0,0,0,0,0,7,0,,67,12,2010,7,39.8861,-75.2118,440.0,6,0,0,0,0,0,0,0,0,1.0,0,0,0,4.0,3,1,7,,1,39 53:09.569,2.0,2,75 12:39.963,4,0,0,0,67301,0,0,0,N,0,0,0,1,68K01,1,,2,1,,N,N,,0,,0,0,1,0,0,N,436.0,1,1,0,0,1,0,0,3,4,0,1,3,,N,,,,,,,,,,,
2010060265,1725.0,1,0,0,0,0,0,0,0,0,8,0,,67,5,2010,3,40.0327,-75.1744,1714.0,6,0,0,0,0,0,0,0,0,,0,0,0,16.0,1,1,1,,0,40 01:57.777,,0,75 10:27.832,8,0,0,0,67301,1,0,0,N,1,0,0,2,67301,0,,1,9,,N,N,,0,,0,0,0,3,2,,1646.0,1,2,0,0,0,1,0,3,4,0,1,7,,N,,,,,,,,,,,
2010060288,932.0,1,0,0,0,0,0,0,0,0,1,0,,67,5,2010,2,40.066,-75.083,926.0,6,0,0,0,0,0,0,0,0,,0,0,0,9.0,1,1,0,,0,40 03:57.280,,0,75 04:58.857,4,0,0,0,67301,0,0,0,N,0,0,0,2,67301,1,,1,1,,N,N,,0,,0,0,1,3,2,,921.0,1,2,0,0,0,0,0,3,4,0,2,3,,N,,,,,,,,,,,
2010060298,1300.0,2,0,0,0,0,0,0,0,0,1,0,,67,5,2010,4,39.9798,-75.214,9999.0,6,0,0,0,0,1,0,0,0,,0,0,0,21.0,3,1,0,,0,39 58:47.151,,0,75 12:50.218,4,0,0,0,67301,0,0,0,,0,0,0,4,67301,1,,1,98,,,,,0,,0,0,0,3,2,,2145.0,1,2,0,0,0,0,3,3,4,0,2,99,,N,,,,,,,,,,,
2010063394,1615.0,0,0,0,0,0,0,0,0,0,7,0,,67,7,2010,2,40.1027,-75.0041,1610.0,6,0,0,0,0,0,1,0,0,1.0,0,0,0,16.0,1,0,0,,1,40 06:09.794,1.0,0,75 00:14.529,0,0,0,0,67301,0,0,0,N,0,0,0,1,67301,0,,5,1,,N,N,,0,,0,0,1,0,0,N,1608.0,0,1,0,0,0,0,0,3,4,0,1,3,,N,,,,,,,,,,,
2010057840,1441.0,0,0,0,0,0,0,0,0,0,1,0,,67,6,2010,3,39.9572,-75.1497,1424.0,6,0,0,0,0,0,0,0,0,,0,0,0,14.0,1,1,6,,0,39 57:26.021,,2,75 08:59.016,4,0,0,0,67301,0,0,0,N,0,0,0,2,68K01,1,,1,9,,N,N,,0,,0,0,2,3,4,,1424.0,1,2,0,0,0,0,0,3,4,0,2,3,,N,,,,,,,,,,,
2010057903,2059.0,0,0,0,0,0,0,0,0,0,8,0,,67,5,2010,5,40.0084,-75.1446,2050.0,6,0,0,0,0,0,0,0,0,,0,0,0,19.0,1,1,0,,0,40 00:30.288,,0,75 08:40.650,8,0,0,0,67301,1,0,0,,1,0,0,2,67301,0,,1,1,,,,,0,,0,0,1,0,0,,1945.0,1,2,0,0,0,1,0,3,4,0,1,3,,N,,,,,,,,,,,
2010058851,1605.0,1,0,0,0,0,0,0,0,0,4,0,,67,5,2010,5,40.094,-74.9611,1554.0,6,0,0,0,0,0,0,1,0,,0,0,0,15.0,1,2,2,,0,40 05:38.884,,0,74 57:40.466,8,0,0,0,67301,0,0,0,N,0,0,0,2,67301,0,,1,1,,N,N,,0,,0,0,1,3,3,,1552.0,2,2,0,0,0,2,0,3,4,0,2,3,,N,,,,,,,,,,,
2010058856,200.0,2,0,0,0,0,0,0,0,0,1,0,,67,5,2010,1,40.0166,-75.1472,154.0,6,0,0,0,0,0,0,0,0,,0,0,0,99.0,3,2,1,,0,40 00:59.814,,0,75 08:49.815,4,0,0,0,67301,0,0,0,,0,0,0,3,67301,2,,1,9,,,,,0,,0,0,0,0,0,,9999.0,2,2,0,0,1,0,1,3,4,0,2,7,,N,,,,,,,,,,,
2010070670,1503.0,0,0,0,0,0,0,0,0,0,8,0,,67,6,2010,4,40.0266,-75.068,1457.0,6,0,0,0,0,0,1,0,0,2.0,0,0,0,14.0,1,1,2,,1,40 01:35.682,2.0,0,75 04:04.802,3,0,0,0,67301,1,0,0,N,1,0,0,2,67301,0,,4,1,,N,N,,0,,1,0,1,3,2,Y,1457.0,1,2,0,0,0,0,0,3,4,0,1,3,,N,,,,,,,,,,,
2010117968,453.0,1,0,0,0,0,0,0,0,0,7,0,,67,11,2010,6,40.0322,-75.1866,451.0,6,0,0,0,0,0,0,0,0,,0,0,0,4.0,3,0,0,,0,40 01:55.756,,0,75 11:11.881,9,0,0,0,67301,0,0,0,Y,0,0,0,1,67301,0,,5,9,,N,N,,0,,0,0,0,0,0,,450.0,0,1,0,0,0,0,1,3,4,0,1,7,,N,,,,,,,,,,,
2010118002,1455.0,1,0,0,0,0,0,0,0,0,6,0,,67,10,2010,5,40.0531,-75.0402,1450.0,6,0,0,0,0,0,0,1,0,,0,0,0,14.0,1,0,2,,0,40 03:11.336,,0,75 02:24.854,0,0,0,0,67301,0,0,0,,0,0,0,3,67301,0,,1,9,,N,N,,0,,0,0,1,3,2,,1440.0,0,2,0,0,0,0,0,3,4,0,2,7,,N,,,,,,,,,,,
2010048543,1342.0,1,0,0,0,0,0,0,0,0,5,0,,67,4,2010,5,39.9834,-75.2433,1339.0,6,0,0,0,0,0,0,1,0,,0,0,0,13.0,1,0,0,,0,39 59:00.239,,0,75 14:35.805,0,0,0,0,67301,0,0,0,,0,0,0,3,67301,0,,1,1,,,,,0,,0,0,1,0,0,,1330.0,0,2,0,0,0,0,0,3,4,0,2,3,,N,,,,,,,,,,,
2010046100,1057.0,2,0,0,0,0,0,0,0,0,1,0,,67,5,2010,3,39.9596,-75.1758,1053.0,6,0,0,0,0,0,1,0,0,1.0,0,0,0,10.0,1,1,0,,1,39 57:35.085,4.0,0,75 10:36.451,8,0,0,0,67301,0,0,0,N,0,0,0,2,68K01,0,,1,1,,N,N,,0,,0,0,0,0,0,N,1045.0,1,2,0,0,0,1,0,3,4,0,2,3,,N,,,,,,,,,,,
2010075023,2334.0,1,0,0,0,0,0,0,0,0,8,0,,67,6,2010,7,39.9672,-75.2443,2332.0,6,0,0,0,0,0,0,0,0,9.0,0,0,0,23.0,3,1,0,,1,39 58:01.768,3.0,0,75 14:39.616,2,0,0,0,67301,1,0,1,N,1,0,1,2,67301,0,,1,1,,N,N,,0,,0,1,0,0,0,N,2330.0,1,2,0,0,0,0,0,3,4,0,1,3,,N,,,,,,,,,,,
2010074797,106.0,2,0,0,0,0,0,1,0,0,1,1,,67,7,2010,2,39.9907,-75.249,102.0,6,0,0,0,0,0,0,0,0,1.0,0,0,0,1.0,3,1,0,,1,39 59:26.429,2.0,0,75 14:56.459,3,0,0,0,67301,0,0,0,N,0,0,0,5,46104,0,,1,1,,N,N,,0,,1,0,0,0,0,N,102.0,1,3,0,0,0,0,0,3,4,0,3,3,,N,,,,,,,,,,,
2010045088,431.0,1,0,0,0,0,0,0,0,0,1,0,,67,4,2010,1,40.0523,-75.008,429.0,6,0,0,0,0,1,0,0,0,2.0,0,0,0,4.0,3,1,1,,1,40 03:08.339,1.0,0,75 00:28.750,8,0,0,1,67301,0,0,0,N,0,0,0,4,67301,0,,1,1,,N,N,,0,,0,0,0,3,2,N,429.0,1,3,0,0,0,1,0,3,4,1,3,3,,N,,,,,,,,,,,
2010045113,225.0,3,0,0,0,0,0,0,0,0,4,0,,67,4,2010,1,40.0205,-75.0873,224.0,6,0,0,0,0,1,0,0,0,2.0,0,0,0,1.0,3,2,1,,2,40 01:13.828,1.0,0,75 05:14.243,3,0,0,0,67301,0,0,0,N,0,0,0,4,67301,1,,1,1,,N,N,,0,,1,0,0,3,3,Y,152.0,2,3,0,0,0,0,0,3,4,0,3,3,,N,,,,,,,,,,,
2010074910,645.0,1,0,0,0,0,0,0,0,0,1,0,,67,7,2010,4,39.9581,-75.1494,643.0,6,0,0,0,0,0,1,0,0,,0,0,0,6.0,1,2,0,,0,39 57:29.179,,0,75 08:57.929,4,0,0,0,67301,0,0,0,N,0,0,0,3,67301,2,,1,9,,N,N,,0,,0,0,0,0,0,,645.0,2,2,0,0,0,0,0,3,4,1,2,7,,N,,,,,,,,,,,
2010069895,1410.0,2,0,0,0,0,0,0,0,0,4,0,,67,6,2010,4,39.9571,-75.1511,1400.0,6,0,0,0,0,0,1,1,0,,0,0,0,13.0,1,0,5,,0,39 57:25.688,,2,75 09:03.847,0,0,0,0,67301,0,0,0,N,0,0,0,3,67301,0,,1,1,,N,N,,0,,0,0,0,3,2,,1350.0,0,2,0,0,1,0,0,3,4,0,2,3,,N,,,,,,,,,,,
2010045260,1839.0,2,0,0,0,0,0,0,0,0,8,0,,67,2,2010,6,39.8884,-75.2418,1839.0,6,0,0,0,0,0,0,0,0,3.0,1,0,0,18.0,2,2,0,,2,39 53:18.116,2.0,0,75 14:30.365,1,0,0,0,67301,1,1,0,N,1,1,0,4,68K01,0,2.0,1,9,,N,N,,0,0.0,2,0,0,0,0,N,1839.0,2,3,0,0,0,0,0,3,4,0,2,10,,N,,,,,,,,,,,
2010044438,1116.0,1,0,0,0,0,0,0,0,0,4,0,,67,2,2010,5,40.0148,-75.1084,1113.0,6,0,0,0,0,0,0,1,0,,0,0,0,10.0,1,2,1,,0,40 00:53.175,,0,75 06:30.131,4,0,0,0,67301,0,0,0,,0,0,0,3,67301,2,,1,9,,,,,0,,0,0,0,3,3,,1027.0,2,2,0,0,0,0,0,3,4,1,2,10,,N,,,,,,,,,,,
2010044503,1325.0,3,0,0,0,0,0,0,0,0,4,0,,67,4,2010,1,40.0402,-75.0766,1316.0,6,0,0,0,0,0,0,0,0,1.0,0,0,0,99.0,1,1,2,,1,40 02:24.957,1.0,0,75 04:35.966,4,0,0,0,67301,0,0,0,,0,0,0,2,67301,1,,1,1,,N,N,,0,,0,0,0,3,3,N,9999.0,1,3,0,0,0,0,1,3,4,0,3,3,,N,,,,,,,,,,,
2010084215,1053.0,0,0,0,0,0,0,0,0,0,4,0,,67,7,2010,3,40.0946,-75.0152,1048.0,6,0,0,0,0,0,0,0,0,1.0,0,0,0,10.0,1,3,1,,2,40 05:40.718,1.0,0,75 00:54.707,4,0,0,0,67301,0,0,0,N,0,0,0,4,67301,1,,1,1,,N,N,,1,,0,0,1,3,2,N,1047.0,3,2,0,0,0,2,0,3,4,0,2,3,,N,,,,,,,,,,,
2010084233,0.0,1,0,0,0,0,0,0,0,0,8,0,,67,8,2010,3,40.0054,-75.1638,2100.0,6,0,0,0,0,0,0,0,0,,0,0,0,21.0,6,1,1,,0,40 00:19.378,,0,75 09:49.669,8,0,0,0,67301,1,0,0,N,1,0,0,2,67301,0,,1,1,,N,N,,0,,0,0,0,9,9,,2100.0,1,2,0,0,0,1,1,3,4,0,1,3,,N,,,,,,,,,,,
2010084234,2159.0,0,0,0,0,0,0,0,0,0,7,0,,67,7,2010,1,40.073,-75.0025,2156.0,6,0,0,0,0,0,0,0,0,1.0,0,0,0,21.0,2,1,0,,1,40 04:22.652,2.0,0,75 00:09.119,4,0,0,1,67301,0,0,0,N,0,0,0,1,67301,1,,3,1,,N,N,,0,,0,0,0,0,0,N,2153.0,1,1,0,0,0,0,0,3,4,0,1,3,,N,,,,,,,,,,,
2010057297,1702.0,2,0,0,0,0,0,0,0,0,1,0,,67,6,2010,3,39.891,-75.2383,1648.0,6,0,0,0,0,0,0,0,0,1.0,0,0,0,16.0,1,0,0,,1,39 53:27.170,1.0,0,75 14:18.463,0,0,0,0,67301,0,0,0,N,0,0,0,2,68K01,0,,1,1,,N,N,,0,,0,0,0,0,0,N,1647.0,0,2,0,0,0,0,0,3,4,0,2,3,,N,,,,,,,,,,,
2010052273,1420.0,1,0,0,0,0,0,0,0,0,4,0,,67,4,2010,4,39.952,-75.2326,1415.0,6,0,0,0,0,0,0,0,0,,0,0,0,14.0,1,2,2,,0,39 57:07.182,,0,75 13:57.471,4,0,0,0,67301,0,0,0,N,0,0,0,2,67301,1,,1,9,,N,N,,1,,0,0,0,3,3,,1413.0,2,2,0,0,0,1,0,3,4,0,2,7,,N,,,,,,,,,,,
2010052288,1053.0,1,0,0,0,0,0,0,0,0,8,0,,67,4,2010,7,40.0502,-75.0154,1051.0,6,0,0,0,0,0,0,0,0,,0,0,0,10.0,1,1,0,,0,40 03:00.827,,7,75 00:55.387,4,0,0,0,67301,1,0,0,,1,0,0,2,67301,1,,1,1,,,,,0,,0,0,0,0,0,,1045.0,1,2,0,0,0,0,0,3,4,0,1,3,,N,,,,,,,,,,,
2010052428,1458.0,1,0,0,0,0,0,0,0,0,8,0,,67,4,2010,2,40.0091,-75.1503,1458.0,6,0,0,0,0,0,0,0,0,,0,0,0,14.0,1,1,0,,0,40 00:32.879,,0,75 09:00.952,8,0,0,0,67301,1,0,0,,1,0,0,2,67301,0,,1,9,,,,,0,,0,0,0,3,2,,1448.0,1,2,0,0,0,1,0,3,4,0,1,3,,N,,,,,,,,,,,
2010062267,1630.0,2,0,0,0,0,0,0,0,0,4,0,,67,2,2010,5,40.0086,-75.2108,1620.0,6,0,0,0,0,0,0,0,0,,0,0,0,16.0,1,1,1,,0,40 00:30.714,,0,75 12:38.622,8,0,0,0,67301,0,0,0,N,0,0,0,4,67301,0,,1,9,,N,N,,0,,0,0,0,3,2,,1619.0,1,3,0,0,0,1,0,3,4,1,3,10,,N,,,,,,,,,,,
2010084114,1640.0,0,0,0,0,0,0,0,0,0,3,0,,67,7,2010,5,39.9315,-75.1494,1631.0,6,0,0,0,0,0,0,1,0,,0,0,0,15.0,1,0,0,,0,39 55:53.536,,0,75 08:57.727,0,0,0,0,67301,0,0,0,,0,0,0,2,67301,0,,1,1,,,,,1,,0,0,0,0,0,,1500.0,0,2,0,0,0,0,0,3,4,1,2,3,,N,,,,,,,,,,,
2010044581,1935.0,1,0,0,0,0,0,0,0,0,7,0,,67,4,2010,1,40.0882,-75.0727,1930.0,6,0,0,0,0,0,0,0,0,,0,0,0,17.0,3,1,0,,0,40 05:17.692,,0,75 04:21.680,4,0,0,0,67301,0,0,0,N,0,0,0,1,67301,1,,2,9,,N,N,,0,,0,0,0,0,0,,1728.0,1,1,0,0,0,0,0,3,4,0,1,7,,N,,,,,,,,,,,
2010062328,1832.0,1,0,0,1,0,0,0,0,0,4,0,,67,5,2010,2,39.9697,-75.1416,1831.0,6,0,0,0,0,0,0,0,0,,0,0,0,18.0,1,1,1,,0,39 58:11.253,,0,75 08:29.394,4,0,0,0,67301,1,0,0,,0,0,0,2,67301,1,,1,1,,,,,0,,0,0,0,3,2,,1829.0,1,2,0,0,0,0,0,3,4,0,1,3,,N,,,,,,,,,,,
2010062331,2040.0,1,0,0,1,0,0,0,0,0,4,0,,67,5,2010,1,39.9443,-75.219,2039.0,6,0,0,0,0,0,0,0,0,3.0,0,0,0,20.0,4,1,2,,2,39 56:39.624,2.0,0,75 13:08.504,4,0,0,0,67301,1,0,0,,0,0,0,4,67301,1,,1,1,,,,,0,,0,0,0,0,0,Y,2039.0,1,2,0,0,0,0,0,3,4,0,1,3,,N,,,,,,,,,,,
2010128102,1741.0,1,0,0,0,0,0,0,0,0,1,0,,67,12,2010,3,39.9725,-75.1221,1735.0,6,0,0,0,0,0,0,0,0,,0,0,0,17.0,3,1,0,,0,39 58:21.407,,0,75 07:18.720,8,0,0,0,67301,0,0,0,N,0,0,0,2,68K01,0,,1,1,,N,N,,0,,0,0,1,0,0,,1733.0,1,2,0,0,0,1,0,3,4,0,2,3,,N,,,,,,,,,,,
2010127194,448.0,2,0,0,0,0,0,0,0,0,1,0,,67,12,2010,3,40.0084,-75.2029,447.0,6,0,0,0,0,0,0,0,0,1.0,0,0,0,4.0,3,2,0,,2,40 00:30.021,4.0,0,75 12:09.462,2,0,0,0,67301,0,0,0,N,0,0,0,3,68K01,0,,1,1,,N,N,,0,,1,1,0,0,0,N,444.0,2,2,0,1,3,0,0,3,4,0,2,3,,N,,,,,,,,,,,
2010048803,1408.0,0,0,0,0,0,0,0,0,0,4,0,,67,4,2010,5,40.0318,-75.1091,1406.0,6,0,0,0,0,0,0,0,0,1.0,0,0,0,14.0,1,0,1,,2,40 01:54.382,3.0,0,75 06:32.605,0,0,0,0,67301,0,0,0,N,0,0,0,2,67301,0,,1,1,,N,N,,0,,0,0,1,3,2,N,1404.0,0,2,0,0,0,0,0,3,4,1,2,3,,N,,,,,,,,,,,
2010060256,1339.0,1,0,0,0,0,0,1,0,0,5,1,,67,5,2010,6,40.0369,-75.0405,1339.0,6,0,0,0,0,0,1,0,0,2.0,0,0,0,13.0,1,4,0,,1,40 02:12.672,1.0,0,75 02:25.695,4,0,0,0,67301,0,0,0,N,0,0,0,6,67301,4,,1,1,,N,N,,0,,0,0,0,0,0,N,1324.0,4,2,0,0,0,0,0,3,4,0,2,3,,N,,,,,,,,,,,
2010057837,2011.0,0,0,0,0,0,0,0,0,0,7,0,,67,5,2010,5,39.9575,-75.1472,2003.0,6,0,0,0,0,0,0,0,0,2.0,0,0,0,20.0,4,0,0,,1,39 57:27.532,4.0,0,75 08:52.384,0,0,0,0,67301,0,0,0,N,0,0,0,1,68K01,0,,5,1,,N,N,,1,,0,0,0,0,0,N,2001.0,0,1,0,0,1,0,0,3,4,0,1,3,,N,,,,,,,,,,,
2010053565,755.0,1,0,0,0,0,0,0,0,0,7,0,,67,4,2010,7,40.0028,-75.1624,750.0,6,0,0,0,0,1,0,0,0,,0,0,0,7.0,1,0,1,,0,40 00:10.139,,0,75 09:44.547,0,0,0,0,67301,0,0,0,N,0,0,0,1,67301,0,,3,1,,N,N,,0,,0,0,0,3,2,,750.0,0,1,0,0,0,0,0,3,4,0,1,3,,N,,,,,,,,,,,
2010061188,1328.0,1,0,0,0,0,0,0,0,0,7,0,,67,6,2010,6,39.9573,-75.1513,1316.0,6,0,0,0,1,0,0,0,0,,0,0,0,13.0,1,1,0,,0,39 57:26.391,,0,75 09:04.551,8,0,0,0,67301,0,0,0,N,0,0,0,2,68K01,0,,2,1,,N,N,,0,,0,0,1,0,0,,1314.0,1,2,0,0,0,1,0,3,4,0,2,3,,N,,,,,,,,,,,
2010048611,1802.0,1,0,0,1,0,0,0,0,0,4,0,,67,4,2010,5,39.9562,-75.1941,1802.0,6,0,0,0,0,0,0,0,0,,0,0,0,18.0,1,1,1,,0,39 57:22.432,,0,75 11:38.798,4,0,0,0,67301,1,0,0,N,0,0,0,2,67301,1,,1,1,,N,N,,0,,0,0,0,3,2,,1802.0,1,2,0,0,0,0,0,3,4,0,1,3,,N,,,,,,,,,,,
2010058892,2121.0,0,0,0,0,0,0,0,0,0,8,0,,67,5,2010,7,40.0368,-75.0408,2120.0,6,0,0,0,0,0,0,0,0,,0,0,0,21.0,3,1,0,,0,40 02:12.398,,0,75 02:26.814,4,0,0,0,67301,1,0,0,N,1,0,0,2,67301,1,,1,1,,N,N,,0,,0,0,1,0,0,,2120.0,1,2,0,0,0,0,0,3,4,0,1,3,,N,,,,,,,,,,,
2010058899,804.0,0,0,0,0,0,0,0,0,0,8,0,,67,5,2010,4,40.116,-75.0292,758.0,6,0,0,0,0,0,0,1,0,,0,0,0,7.0,1,1,1,,0,40 06:57.621,,0,75 01:45.112,8,0,0,0,67301,1,0,0,N,1,0,0,2,67301,0,,1,1,,N,N,,1,,0,0,0,3,3,,755.0,1,2,0,0,0,1,0,3,4,0,1,3,,N,,,,,,,,,,,
2010075901,1335.0,1,0,0,0,0,0,0,0,0,7,0,,67,6,2010,5,39.9739,-75.2241,1324.0,6,0,0,0,0,0,0,0,0,,0,0,0,13.0,1,1,1,,0,39 58:25.996,,0,75 13:26.641,8,0,0,0,67301,0,0,0,N,0,0,0,1,67301,0,,5,1,,N,N,,0,,0,0,0,0,0,,1315.0,1,1,0,0,0,1,0,3,4,0,1,3,,N,,,,,,,,,,,
2010075913,1357.0,3,0,0,0,0,0,0,0,0,2,0,,67,7,2010,4,40.0334,-75.1312,1356.0,6,0,0,0,0,0,0,0,0,2.0,0,0,0,13.0,1,2,10,,2,40 02:00.178,1.0,0,75 07:52.165,4,0,0,0,67301,0,0,0,N,0,0,0,2,67301,2,,1,1,,N,N,,0,,0,0,0,3,2,Y,1343.0,2,4,0,0,0,0,0,3,4,0,3,3,,N,,,,,,,,,,,
2010073390,855.0,0,0,0,0,0,0,0,0,0,1,0,,67,8,2010,2,40.0766,-75.1953,855.0,6,0,0,0,0,0,1,0,0,1.0,0,0,0,8.0,1,1,0,,1,40 04:35.671,1.0,7,75 11:42.905,8,0,0,0,67301,0,0,0,N,0,0,0,3,46108,0,,1,1,,N,N,,1,,0,0,1,3,2,N,855.0,1,2,0,0,0,1,0,3,4,0,2,3,,N,,,,,,,,,,,
2010032583,1221.0,3,0,0,0,0,0,0,0,0,4,0,,67,3,2010,1,40.0876,-75.074,1217.0,6,0,0,0,0,1,1,0,0,,0,0,0,12.0,1,0,2,,0,40 05:15.316,,0,75 04:26.446,9,0,0,0,67301,0,0,0,,0,0,0,5,67301,0,,1,1,,,,,0,,0,0,0,3,3,,1216.0,0,3,0,0,0,0,5,3,4,0,3,3,,N,,,,,,,,,,,
2010030190,2117.0,2,0,0,0,0,0,0,0,0,1,0,,67,3,2010,4,39.9955,-75.1977,2110.0,6,0,0,0,0,0,1,0,0,2.0,0,0,0,21.0,3,1,0,,2,39 59:47.182,3.0,0,75 11:49.100,3,0,0,0,67301,0,0,0,N,0,0,0,5,68K01,0,,1,1,,N,N,,0,,1,0,1,0,0,Y,2106.0,1,3,0,0,0,0,0,3,4,0,3,3,,N,,,,,,,,,,,
2010032783,1348.0,3,0,0,0,0,0,0,0,0,1,0,,67,3,2010,7,39.9789,-75.1375,1348.0,6,0,0,0,1,0,0,0,0,,0,0,0,13.0,1,1,0,,0,39 58:44.130,,0,75 08:15.067,4,0,0,0,67301,0,0,0,N,0,0,0,2,67301,1,,1,1,,N,N,,1,,0,0,0,0,0,,1348.0,1,4,0,0,0,0,0,3,4,0,4,3,,N,,,,,,,,,,,
2010032793,740.0,1,0,0,0,0,0,0,0,0,8,0,,67,3,2010,2,40.0055,-75.1586,730.0,6,0,0,0,0,0,0,0,0,,0,0,0,7.0,1,1,1,,0,40 00:19.778,,0,75 09:30.995,4,0,0,0,67301,1,0,0,,1,0,0,2,67301,1,,1,1,,,,,0,,0,0,0,0,0,,715.0,1,2,0,0,1,0,0,3,4,0,1,3,,N,,,,,,,,,,,
2010032804,9999.0,1,0,0,0,0,0,1,0,0,4,1,,67,3,2010,5,40.064,-75.0596,9999.0,6,0,0,0,0,0,0,0,0,,0,0,0,99.0,1,1,1,,0,40 03:50.306,,0,75 03:34.568,4,0,0,0,67301,0,0,0,,0,0,0,3,67301,1,,1,1,,,,,0,,0,0,0,3,3,,9999.0,1,2,0,0,0,0,1,3,4,0,2,3,,N,,,,,,,,,,,
2010044505,2147.0,0,0,0,0,0,0,0,0,0,4,0,,67,4,2010,1,39.9149,-75.1566,2145.0,6,0,0,0,0,0,0,0,1,,0,0,0,21.0,3,0,2,,0,39 54:53.602,,0,75 09:23.840,0,0,0,0,67301,0,0,0,N,0,0,0,4,67301,0,,1,1,,N,N,,0,,0,0,1,3,2,,2143.0,0,2,0,0,0,0,0,3,4,1,2,3,,N,,,,,,,,,,,
2010084242,1335.0,2,0,0,0,0,0,0,0,0,4,0,,67,8,2010,1,40.0622,-75.1518,1333.0,6,0,0,0,0,0,0,0,0,,0,0,0,13.0,1,0,1,,0,40 03:44.013,,0,75 09:06.397,0,0,0,0,67301,0,0,0,N,0,0,0,2,67301,0,,1,9,,N,N,,0,,0,0,0,3,2,,1329.0,0,2,0,0,0,0,0,3,4,0,2,7,,N,,,,,,,,,,,
2010084266,2250.0,2,0,0,0,0,0,0,0,0,1,0,,67,8,2010,4,40.0119,-75.2049,2236.0,6,0,0,0,0,0,0,0,0,,0,0,0,22.0,3,0,6,,0,40 00:39.639,,8,75 12:22.116,0,0,0,0,67301,0,0,0,,0,0,0,2,67301,0,,1,1,,,,,0,,0,0,0,9,8,,2210.0,0,2,0,0,0,0,0,3,4,0,2,3,,N,,,,,,,,,,,
2010052290,1720.0,0,0,0,0,0,0,0,0,0,4,0,,67,5,2010,1,39.9065,-75.2352,1710.0,6,0,0,0,0,0,0,0,0,,0,0,0,16.0,1,1,2,,0,39 54:23.410,,0,75 14:06.655,4,0,0,0,67301,0,0,0,N,0,0,0,3,67301,1,,1,1,,N,N,,2,,0,0,0,0,0,,1616.0,1,2,0,0,0,0,0,3,4,0,2,3,,N,,,,,,,,,,,
2010052378,1400.0,1,0,0,0,0,0,0,0,0,8,0,,67,4,2010,6,39.974,-75.2287,1400.0,6,0,0,0,0,0,0,0,0,,0,0,0,7.0,1,1,0,,0,39 58:26.288,,0,75 13:43.381,4,0,0,0,67301,1,0,0,N,1,0,0,2,67301,1,,1,1,,N,Y,,0,,0,0,0,9,9,,735.0,1,2,0,0,0,0,0,3,4,0,1,3,,N,,,,,,,,,,,