CRN,ARRIVAL_TM,AUTOMOBILE_COUNT,BELTED_DEATH_COUNT,BELTED_SUSP_SERIOUS_INJ_COUNT,BICYCLE_COUNT,BICYCLE_DEATH_COUNT,BICYCLE_SUSP_SERIOUS_INJ_COUNT,BUS_COUNT,CHLDPAS_DEATH_COUNT,CHLDPAS_SUSP_SERIOUS_INJ_COUNT,COLLISION_TYPE,COMM_VEH_COUNT,CONS_ZONE_SPD_LIM,COUNTY,CRASH_MONTH,CRASH_YEAR,DAY_OF_WEEK,DEC_LAT,DEC_LONG,DISPATCH_TM,DISTRICT,DRIVER_COUNT_16YR,DRIVER_COUNT_17YR,DRIVER_COUNT_18YR,DRIVER_COUNT_19YR,DRIVER_COUNT_20YR,DRIVER_COUNT_50_64YR,DRIVER_COUNT_65_74YR,DRIVER_COUNT_75PLUS,EST_HRS_CLOSED,FATAL_COUNT,HEAVY_TRUCK_COUNT,HORSE_BUGGY_COUNT,HOUR_OF_DAY,ILLUMINATION,INJURY_COUNT,INTERSECT_TYPE,INTERSECTION_RELATED,LANE_CLOSED,LATITUDE,LN_CLOSE_DIR,LOCATION_TYPE,LONGITUDE,MAX_SEVERITY_LEVEL,MCYCLE_DEATH_COUNT,MCYCLE_SUSP_SERIOUS_INJ_COUNT,MOTORCYCLE_COUNT,MUNICIPALITY,NONMOTR_COUNT,NONMOTR_DEATH_COUNT,NONMOTR_SUSP_SERIOUS_INJ_COUNT,NTFY_HIWY_MAINT,PED_COUNT,PED_DEATH_COUNT,PED_SUSP_SERIOUS_INJ_COUNT,PERSON_COUNT,POLICE_AGCY,POSSIBLE_INJ_COUNT,RDWY_SURF_TYPE_CD,RELATION_TO_ROAD,ROAD_CONDITION,ROADWAY_CLEARED,SCH_BUS_IND,SCH_ZONE_IND,SECONDARY_CRASH,SMALL_TRUCK_COUNT,SPEC_JURIS_CD,SUSP_MINOR_INJ_COUNT,SUSP_SERIOUS_INJ_COUNT,SUV_COUNT,TCD_FUNC_CD,TCD_TYPE,TFC_DETOUR_IND,TIME_OF_DAY,TOT_INJ_COUNT,TOTAL_UNITS,UNB_DEATH_COUNT,UNB_SUSP_SERIOUS_INJ_COUNT,UNBELTED_OCC_COUNT,UNK_INJ_DEG_COUNT,UNK_INJ_PER_COUNT,URBAN_AREA,URBAN_RURAL,VAN_COUNT,VEHICLE_COUNT,WEATHER1,WEATHER2,WORK_ZONE_IND,WORK_ZONE_LOC,WORK_ZONE_TYPE,WORKERS_PRES,WZ_CLOSE_DETOUR,WZ_FLAGGER,WZ_LAW_OFFCR_IND,WZ_LN_CLOSURE,WZ_MOVING,WZ_OTHER,WZ_SHLDER_MDN,WZ_WORKERS_INJ_KILLED
2010052047,1927.0,2,0,0,0,0,0,0,0,0,5,0,,67,5,2010,1,39.9277,-75.1956,1918.0,6,0,0,0,0,1,0,0,0,1.0,0,0,0,19.0,1,0,0,,2,39 55:43.308,4.0,0,75 11:47.741,0,0,0,0,67301,0,0,0,N,0,0,0,6,68K01,0,,1,1,,N,N,,0,,0,0,0,0,0,N,1914.0,0,2,0,0,0,0,0,3,4,0,2,3,,N,,,,,,,,,,,
2010044310,1349.0,1,0,0,0,0,0,0,0,0,1,0,55.0,67,4,2010,3,39.8879,-75.217,1339.0,6,0,0,0,1,0,0,0,0,1.0,0,0,0,13.0,1,3,0,,1,39 53:10.133,1.0,0,75 12:49.388,4,0,0,0,67301,0,0,0,N,0,0,0,4,68K01,3,,1,1,,N,N,,1,,0,0,0,0,0,N,1336.0,3,2,0,0,0,0,0,3,4,0,2,3,,Y,2.0,1.0,Y,N,N,Y,Y,N,N,N,
2010047854,1626.0,1,0,0,0,0,0,0,0,0,1,0,,67,5,2010,2,39.9585,-75.168,1547.0,6,0,0,0,0,0,1,0,0,,0,0,0,15.0,1,0,0,,0,39 57:30.682,,0,75 10:04.747,0,0,0,0,67301,0,0,0,N,0,0,0,2,68K01,0,,1,1,,N,N,,0,,0,0,1,0,0,,1537.0,0,2,0,0,0,0,0,3,4,0,2,3,,N,,,,,,,,,,,
2010050564,1906.0,2,0,0,0,0,0,0,0,0,1,0,,67,5,2010,6,39.879,-75.2491,1904.0,6,0,0,0,0,1,1,0,0,,0,0,0,19.0,1,0,0,,0,39 52:42.628,,0,75 14:59.627,0,0,0,0,67301,0,0,0,N,0,0,0,3,68K01,0,,1,1,,N,N,,0,,0,0,0,0,0,,1901.0,0,2,0,0,0,0,0,3,4,0,2,3,,N,,,,,,,,,,,
2010082104,58.0,0,0,0,0,0,0,0,0,0,0,0,,67,7,2010,7,39.9917,-75.1091,45.0,6,0,0,0,0,0,0,0,0,,0,0,0,0.0,3,1,0,,0,39 59:29.955,,0,75 06:32.986,8,0,0,1,67301,0,0,0,,0,0,0,1,67301,0,,1,1,,,,,0,,0,0,0,0,0,,15.0,1,1,0,0,0,1,0,3,4,0,1,3,,N,,,,,,,,,,,
2010065932,1649.0,1,0,0,0,0,0,0,0,0,1,0,,67,7,2010,6,40.0033,-75.1951,1644.0,6,0,0,0,0,0,0,0,0,,0,1,0,16.0,1,0,0,,0,40 00:11.084,,0,75 11:42.271,0,0,0,0,67301,0,0,0,N,0,0,0,2,68K01,0,,1,9,,N,N,,0,,0,0,0,0,0,,1642.0,0,2,0,0,0,0,0,3,4,0,2,7,,N,,,,,,,,,,,
2010048825,1015.0,1,0,0,0,0,0,0,0,0,8,0,,67,4,2010,7,40.0419,-75.1782,1011.0,6,0,0,0,0,0,0,0,1,,0,0,0,9.0,1,1,0,,0,40 02:30.804,,0,75 10:41.682,4,0,0,0,67301,1,0,0,N,1,0,0,2,67301,1,,1,1,,N,N,,0,,0,0,0,0,0,,955.0,1,2,0,0,1,0,0,3,4,0,1,3,,N,,,,,,,,,,,
2010048874,2338.0,1,0,0,0,0,0,0,0,0,4,0,,67,4,2010,1,39.9704,-75.15,2336.0,6,0,0,0,0,0,1,0,0,,0,0,0,22.0,3,0,1,,0,39 58:14.008,,0,75 08:59.730,0,0,0,0,67301,0,0,0,N,0,0,0,2,67301,0,,1,9,,N,N,,0,,0,0,0,3,2,,2250.0,0,2,0,0,0,0,0,3,4,0,2,7,,N,,,,,,,,,,,
2010060284,538.0,2,0,0,0,0,0,0,0,0,4,0,,67,5,2010,5,39.9825,-75.1875,538.0,6,0,0,0,0,0,1,0,0,,0,0,0,5.0,1,2,1,,0,39 58:57.104,,0,75 11:15.179,4,0,0,0,67301,0,0,0,N,0,0,0,2,67301,2,,1,1,,N,N,,0,,0,0,0,9,3,,536.0,2,2,0,0,0,0,0,3,4,0,2,3,,N,,,,,,,,,,,
2010057894,1515.0,0,0,0,0,0,0,0,0,0,8,0,,67,5,2010,5,39.9757,-75.1685,1515.0,6,0,0,0,0,0,0,0,0,,0,0,0,15.0,1,1,0,,0,39 58:32.400,,0,75 10:06.570,4,0,0,0,67301,1,0,0,,1,0,0,3,67301,1,,1,1,,,,,0,,0,0,0,3,2,,1512.0,1,2,0,0,0,0,0,3,4,1,1,3,,N,,,,,,,,,,,
2010057900,2007.0,0,0,0,1,0,0,0,0,0,5,0,,67,5,2010,5,39.9563,-75.2399,2007.0,6,0,0,0,0,0,0,0,0,,0,0,0,19.0,3,1,1,,0,39 57:22.741,,0,75 14:23.794,4,0,0,0,67301,1,0,0,N,0,0,0,2,67301,1,,1,1,,N,N,,0,,0,0,1,0,0,,1943.0,1,2,0,0,0,0,0,3,4,0,1,3,,N,,,,,,,,,,,
2010077961,245.0,1,0,0,0,0,0,0,0,0,7,0,,67,7,2010,5,39.9319,-75.1999,243.0,6,0,0,0,0,0,0,0,0,,0,0,0,2.0,3,0,0,,0,39 55:52.368,,0,75 11:57.794,9,0,0,0,67301,0,0,0,Y,0,0,0,1,68K01,0,,2,1,,N,N,,0,,0,0,0,0,0,,241.0,0,1,0,0,0,0,1,3,4,0,1,3,,N,,,,,,,,,,,
2010051144,957.0,0,0,0,0,0,0,0,0,0,1,0,,67,5,2010,5,40.0304,-75.022,954.0,6,0,0,0,0,0,1,0,0,,0,0,0,9.0,1,1,0,,0,40 01:49.979,,0,75 01:19.005,8,0,0,0,67301,0,0,0,N,0,0,0,2,68K01,0,,1,1,,N,N,,0,,0,0,0,0,0,,945.0,1,2,0,0,0,1,0,3,4,2,2,3,,N,,,,,,,,,,,
2010039254,1640.0,0,0,0,0,0,0,0,0,0,4,0,,67,3,2010,7,40.0404,-75.0655,1636.0,6,0,0,0,0,0,1,0,0,,0,0,0,16.0,1,0,5,,0,40 02:25.631,,0,75 03:56.177,9,0,0,0,67301,0,0,0,N,0,0,0,2,67301,0,,1,9,,N,N,,0,,0,0,0,2,2,,1630.0,0,2,0,0,0,0,1,3,4,2,2,7,,N,,,,,,,,,,,
2010032742,1217.0,2,0,0,0,0,0,0,0,0,4,0,,67,2,2010,6,39.9936,-75.1073,1217.0,6,0,0,0,0,0,1,0,0,,0,0,0,16.0,1,1,2,,0,39 59:37.010,,0,75 06:26.272,4,0,0,0,67301,0,0,0,,0,0,0,2,67301,1,,1,98,,N,N,,0,,0,0,0,9,3,,1640.0,1,2,0,0,0,0,0,3,4,0,2,99,,N,,,,,,,,,,,
2010032744,1140.0,0,0,0,1,0,0,0,0,0,1,0,,67,2,2010,4,39.9481,-75.2222,1133.0,6,0,0,0,0,0,0,1,0,,0,0,0,7.0,8,1,0,,0,39 56:53.018,,0,75 13:20.033,3,0,0,0,67301,1,0,0,N,0,0,0,2,67301,0,,1,98,,N,N,,0,,1,0,0,0,0,,700.0,1,2,0,0,0,0,0,3,4,1,1,99,,N,,,,,,,,,,,
2010032778,1717.0,2,0,0,0,0,0,0,0,0,4,0,,67,3,2010,7,40.125,-75.0177,1714.0,6,0,0,0,1,0,0,0,0,1.0,0,0,0,17.0,1,0,1,,2,40 07:30.036,6.0,0,75 01:03.799,0,0,0,0,67301,0,0,0,N,0,0,0,2,67301,0,,1,1,,N,N,,0,,0,0,0,3,3,N,1713.0,0,2,0,0,0,0,0,3,4,0,2,3,,N,,,,,,,,,,,
2010032797,2000.0,1,0,0,1,0,1,0,0,0,4,0,,67,3,2010,1,39.9159,-75.1746,1957.0,6,0,0,0,0,0,0,1,0,2.0,0,0,0,19.0,3,1,1,,2,39 54:57.303,1.0,0,75 10:28.429,2,0,0,0,67301,1,0,1,,0,0,0,2,67301,0,,1,1,,,,,0,,0,1,0,3,3,Y,1930.0,1,2,0,0,1,0,0,3,4,0,1,3,,N,,,,,,,,,,,
2010032807,1530.0,1,0,0,0,0,0,0,0,0,8,0,,67,3,2010,4,39.9962,-75.1062,1525.0,6,0,0,0,0,0,0,0,0,,0,0,0,15.0,1,1,1,,0,39 59:46.417,,0,75 06:22.352,2,0,0,0,67301,1,0,1,N,1,0,1,3,67301,0,,1,1,,N,Y,,0,,0,1,0,0,0,,1520.0,1,2,0,0,0,0,0,3,4,0,1,3,,N,,,,,,,,,,,
2010083276,921.0,2,0,0,0,0,0,0,0,0,5,0,,67,8,2010,6,39.9751,-75.1172,916.0,6,0,0,0,1,0,0,0,0,1.0,0,0,0,9.0,1,1,0,,1,39 58:32.382,2.0,0,75 06:57.885,8,0,0,0,67301,0,0,0,N,0,0,0,3,68K01,0,,1,1,,N,N,,0,,0,0,0,0,0,N,916.0,1,2,0,0,0,1,0,3,4,0,2,3,,N,,,,,,,,,,,
2010026598,2007.0,2,0,0,0,0,0,0,0,0,1,0,25.0,67,3,2010,5,40.0233,-75.0332,2003.0,6,0,0,0,0,0,1,0,0,,0,0,0,19.0,3,0,0,,0,40 01:19.723,,2,75 02:16.252,0,0,0,0,67301,0,0,0,N,0,0,0,4,68K01,0,,1,1,,N,N,,0,,0,0,0,0,0,,1955.0,0,2,0,0,1,0,0,3,4,0,2,3,,Y,4.0,1.0,N,N,N,N,Y,N,N,N,
2010112758,2226.0,2,0,0,0,0,0,0,0,0,1,0,,67,11,2010,5,39.9718,-75.1935,2226.0,6,0,0,0,0,0,0,0,0,,0,0,0,22.0,3,1,0,,0,39 58:21.258,,0,75 11:37.435,4,0,0,0,67301,0,0,0,N,0,0,0,2,68K01,1,,1,1,,N,N,,0,,0,0,0,0,0,,2220.0,1,2,0,0,0,0,0,3,4,0,2,3,,N,,,,,,,,,,,
2010112763,1024.0,2,0,0,0,0,0,0,0,0,1,0,,67,11,2010,7,39.9446,-75.1913,1015.0,6,0,0,0,0,0,0,0,0,,0,0,0,10.0,1,0,6,,0,39 56:43.753,,2,75 11:24.850,0,0,0,0,67301,0,0,0,N,0,0,0,2,68K01,0,,7,1,,N,N,,0,,0,0,0,0,0,,1013.0,0,2,0,0,0,0,0,3,4,0,2,3,,N,,,,,,,,,,,
2010099844,953.0,1,0,0,0,0,0,0,0,0,1,0,,67,8,2010,6,39.9899,-75.1069,950.0,6,0,0,0,0,0,0,0,0,9.0,0,0,0,9.0,1,3,0,,2,39 59:23.607,1.0,0,75 06:24.865,3,0,0,0,67301,0,0,0,,0,0,0,3,67301,2,,1,1,,N,N,,0,,1,0,1,3,4,Y,940.0,3,2,0,0,3,0,0,3,4,0,2,3,,N,,,,,,,,,,,
2010102400,925.0,1,0,0,0,0,0,0,0,0,7,0,,67,9,2010,7,40.0952,-75.0467,915.0,6,0,0,0,0,0,0,0,0,,0,0,0,8.0,1,0,0,,0,40 05:42.677,,0,75 02:48.145,0,0,0,0,67301,0,0,0,N,0,0,0,1,67301,0,,5,1,,N,N,,0,,0,0,1,0,0,,840.0,0,2,0,0,0,0,0,3,4,0,2,3,,N,,,,,,,,,,,
2010105018,1602.0,1,0,0,0,0,0,1,0,0,5,1,,67,9,2010,7,39.9782,-75.2147,1558.0,6,0,0,0,0,0,0,0,0,,0,0,0,15.0,1,1,0,,0,39 58:41.577,,0,75 12:52.607,4,0,0,0,67301,0,0,0,N,0,0,0,5,67301,1,,1,1,,N,N,,0,,0,0,0,0,0,,1558.0,1,2,0,0,0,0,3,3,4,0,2,3,,N,,,,,,,,,,,
2010113334,10.0,3,0,0,0,0,0,0,0,0,5,0,,67,10,2010,7,40.0102,-75.156,1.0,6,0,0,0,1,0,0,0,0,,0,0,0,0.0,3,0,0,,0,40 00:36.655,,0,75 09:21.495,0,0,0,0,67301,0,0,0,,0,0,0,1,67301,0,,6,1,,N,N,,0,,0,0,0,0,0,,0.0,0,3,0,0,0,0,0,3,4,0,3,3,,N,,,,,,,,,,,
2010105091,1858.0,2,0,0,0,0,0,0,0,0,1,0,,67,9,2010,3,39.9706,-75.2474,1852.0,6,0,0,0,0,0,0,0,0,,0,0,0,18.0,1,1,0,,0,39 58:14.242,,0,75 14:50.776,4,0,0,0,67301,1,0,0,,1,0,0,1,67301,1,,6,1,,N,N,,0,,0,0,0,0,0,,1820.0,1,3,0,0,0,0,0,3,4,0,2,3,,N,,,,,,,,,,,
2010118422,1925.0,2,0,0,0,0,0,0,0,0,4,0,,67,10,2010,6,40.0231,-75.124,1923.0,6,0,1,0,0,0,0,0,0,,0,0,0,19.0,3,3,1,,0,40 01:23.210,,0,75 07:26.428,4,0,0,0,67301,0,0,0,,0,0,0,5,67301,3,,1,1,,N,N,,0,,0,0,0,3,3,,1919.0,3,3,0,0,3,0,0,3,4,1,3,3,,N,,,,,,,,,,,
2010118424,1438.0,2,0,0,0,0,0,0,0,0,4,0,,67,11,2010,5,39.9177,-75.181,1436.0,6,0,0,0,0,0,0,0,1,1.0,0,0,0,14.0,1,0,0,,1,39 55:03.792,2.0,0,75 10:51.554,0,0,0,0,67301,0,0,0,N,0,0,0,3,67301,0,,1,9,,N,N,,0,,0,0,0,0,0,N,1433.0,0,2,0,0,0,0,0,3,4,0,2,7,,N,,,,,,,,,,,
2010115948,2302.0,0,0,0,0,0,0,0,0,0,7,0,,67,10,2010,1,39.9598,-75.1784,2300.0,6,0,0,0,0,0,1,0,0,,0,0,0,22.0,3,0,7,,0,39 57:35.399,,2,75 10:42.496,0,0,0,0,67301,0,0,0,Y,0,0,0,1,68K01,0,,7,1,,N,N,,0,,0,0,0,3,8,,2250.0,0,1,0,0,0,0,0,3,4,1,1,3,,N,,,,,,,,,,,
2010102640,1730.0,0,0,0,0,0,0,0,0,0,8,0,,67,9,2010,3,40.0347,-75.1309,1730.0,6,0,0,0,0,0,0,0,0,,0,0,0,17.0,1,1,1,,0,40 02:04.999,,0,75 07:51.139,4,0,0,0,67301,1,0,0,N,1,0,0,2,67301,1,,1,1,,N,N,,0,,0,0,0,3,2,,1730.0,1,2,0,0,0,0,0,3,4,1,1,3,,N,,,,,,,,,,,
2010034154,940.0,2,0,0,0,0,0,0,0,0,4,0,,67,3,2010,3,39.9414,-75.171,935.0,6,0,0,0,0,0,1,0,0,,0,0,0,9.0,1,1,1,,0,39 56:29.058,,0,75 10:15.430,3,0,0,0,67301,0,0,0,N,0,0,0,2,67301,0,,1,1,,N,N,,0,,1,0,1,0,0,,930.0,1,4,0,0,1,0,0,3,4,1,4,98,,N,,,,,,,,,,,
2010034187,1805.0,2,0,0,0,0,0,0,0,0,4,0,,67,3,2010,5,40.0115,-75.0698,1805.0,6,0,0,0,0,0,0,0,0,,0,0,0,17.0,1,1,1,,0,40 00:41.506,,0,75 04:11.278,8,0,0,0,67301,0,0,0,N,0,0,0,5,67301,0,,1,1,,N,N,,0,,0,0,0,3,2,,1757.0,1,2,0,0,0,1,0,3,4,0,2,3,,N,,,,,,,,,,,
2010088665,2050.0,1,0,0,0,0,0,0,0,0,7,0,,67,8,2010,5,39.9863,-75.2053,2038.0,6,0,0,0,0,0,0,0,0,2.0,0,0,0,20.0,3,0,0,,1,39 59:10.580,3.0,0,75 12:19.090,9,0,0,0,67301,0,0,0,N,0,0,0,1,67301,0,,5,1,,N,N,,0,,0,0,0,3,2,N,2038.0,0,1,0,0,0,0,1,3,4,0,1,3,,N,,,,,,,,,,,
2010088674,1921.0,2,0,0,0,0,0,0,0,0,4,0,,67,8,2010,3,39.9632,-75.2024,1921.0,6,0,0,0,0,0,0,0,0,,0,0,0,99.0,1,2,1,,0,39 57:47.492,,0,75 12:08.609,8,0,0,0,67301,0,0,0,,0,0,0,3,67301,0,,1,1,,,,,0,,0,0,0,3,2,,9999.0,2,2,0,0,0,2,0,3,4,0,2,3,,N,,,,,,,,,,,
2010091240,1230.0,1,0,0,0,0,0,1,0,0,4,1,,67,8,2010,5,39.9237,-75.1796,1225.0,6,0,0,0,0,1,0,0,0,,0,0,0,99.0,1,2,1,,0,39 55:26.257,,0,75 10:40.267,4,0,0,0,67301,0,0,0,N,0,0,0,7,67301,2,,1,9,,N,N,,0,,0,0,0,3,2,,9999.0,2,2,0,0,1,0,0,3,4,0,2,7,,N,,,,,,,,,,,
2010099661,1211.0,1,0,0,0,0,0,0,0,0,4,0,,67,8,2010,2,40.089,-74.9964,1206.0,6,0,0,1,0,0,0,0,0,3.0,0,0,0,12.0,1,3,2,,2,40 05:20.457,5.0,0,74 59:47.173,3,0,0,0,67301,0,0,0,N,0,0,0,3,67301,1,,1,1,,N,N,,0,,2,0,1,0,0,Y,1205.0,3,2,0,0,0,0,0,3,4,0,2,3,,N,,,,,,,,,,,
2010118027,1852.0,1,0,0,0,0,0,0,0,0,4,0,,67,9,2010,3,40.1237,-75.0154,1852.0,6,0,0,1,0,0,0,0,0,3.0,0,0,0,18.0,1,1,0,,1,40 07:25.279,1.0,7,75 00:55.485,8,0,0,0,67301,0,0,0,,0,0,0,2,67301,0,,1,1,,,,,1,,0,0,0,0,0,N,1836.0,1,2,0,0,0,1,0,3,4,0,2,3,,N,,,,,,,,,,,
2010048471,1015.0,1,0,0,0,0,0,1,0,0,5,1,,67,4,2010,2,39.9565,-75.2419,1012.0,6,0,0,0,0,0,0,1,0,,0,0,0,10.0,1,1,0,,0,39 57:23.361,,0,75 14:30.905,8,0,0,0,67301,1,0,0,,0,0,0,3,67301,0,,6,1,,N,N,,0,,0,0,0,2,2,,1000.0,1,2,0,0,0,1,0,3,4,0,2,3,,N,,,,,,,,,,,
2010048541,1225.0,0,0,0,0,0,0,0,0,0,8,0,,67,4,2010,6,40.0205,-75.0509,1217.0,6,0,0,0,0,0,0,0,0,,0,0,0,7.0,1,1,1,,0,40 01:13.918,,0,75 03:03.260,4,0,0,0,67301,1,0,0,N,1,0,0,2,67301,1,,1,1,,N,N,,0,,0,0,0,3,3,,730.0,1,2,0,0,0,0,0,3,4,1,1,3,,N,,,,,,,,,,,
2010075034,952.0,2,0,0,0,0,0,0,0,0,1,0,,67,6,2010,6,40.0292,-75.1746,951.0,6,0,0,0,0,0,1,2,0,,0,0,0,9.0,1,0,1,,0,40 01:45.263,,0,75 10:28.501,9,0,0,0,67301,0,0,0,N,0,0,0,8,67301,0,,1,1,,N,N,,1,,0,0,2,3,2,,949.0,0,5,0,0,2,0,4,3,4,0,5,3,,N,,,,,,,,,,,
2010074831,1910.0,3,0,0,0,0,0,0,0,0,5,0,,67,7,2010,5,40.0566,-75.0268,1900.0,6,0,0,0,0,0,0,0,0,,0,0,0,18.0,1,0,0,,0,40 03:23.692,,0,75 01:37.130,9,0,0,0,67301,0,0,0,N,0,0,0,1,67301,0,,1,1,,N,N,,1,,0,0,0,0,0,,1855.0,0,4,0,0,0,0,1,3,4,0,4,3,,N,,,,,,,,,,,
2010074887,9999.0,1,0,0,0,0,0,0,0,0,1,0,,67,7,2010,3,39.9376,-75.2306,2123.0,6,0,0,0,0,0,0,0,0,9.0,0,0,0,21.0,3,1,0,,2,39 56:15.184,1.0,0,75 13:50.327,8,0,0,1,67301,0,0,0,,0,0,0,2,67301,0,,1,1,,,,,0,,0,0,0,0,0,Y,2122.0,1,2,0,0,0,1,0,3,4,0,2,3,,N,,,,,,,,,,,
2010074911,1056.0,1,0,0,0,0,0,0,0,0,4,0,,67,7,2010,7,40.0258,-75.1235,1050.0,6,0,0,0,0,0,0,0,0,1.0,0,0,0,10.0,1,3,1,,2,40 01:32.799,1.0,0,75 07:24.507,4,0,0,0,67301,0,0,0,N,0,0,0,4,67301,3,,1,1,,N,N,,0,,0,0,1,3,2,N,1048.0,3,2,0,0,0,0,0,3,4,0,2,3,,N,,,,,,,,,,,
2010062003,1550.0,1,0,0,0,0,0,0,0,0,8,0,,67,4,2010,6,40.0659,-75.1593,1545.0,6,0,0,0,0,0,0,0,0,,0,0,0,16.0,1,2,1,,0,40 03:57.346,,0,75 09:33.410,8,0,0,0,67301,2,0,0,N,2,0,0,3,67301,0,,1,1,,N,N,,0,,0,0,0,9,2,,1600.0,2,3,0,0,0,2,1,3,4,0,1,3,,N,,,,,,,,,,,
2010062042,1435.0,1,0,0,0,0,0,0,0,0,4,0,,67,4,2010,6,39.969,-75.208,1430.0,6,0,0,0,1,0,0,1,0,,0,0,0,14.0,1,1,1,,0,39 58:08.428,,0,75 12:28.961,8,0,0,1,67301,0,0,0,N,0,0,0,2,67301,0,,1,1,,N,N,,0,,0,0,0,3,3,,1425.0,1,2,0,0,0,1,0,3,4,0,2,3,,N,,,,,,,,,,,
2010044732,1350.0,1,0,0,0,0,0,0,0,0,8,0,,67,4,2010,2,40.0117,-75.0796,1345.0,6,0,0,0,0,0,0,0,0,,0,0,0,13.0,1,1,0,,0,40 00:42.184,,0,75 04:46.444,3,0,0,0,67301,1,0,0,N,1,0,0,2,67301,0,,1,1,,N,N,,0,,1,0,0,0,0,,1330.0,1,2,0,0,0,0,1,3,4,0,1,3,,N,,,,,,,,,,,
2010044733,913.0,1,0,0,0,0,0,0,0,0,4,0,,67,4,2010,7,39.9571,-75.1511,910.0,6,0,0,0,0,0,0,1,0,1.0,0,0,0,9.0,1,1,5,,1,39 57:25.688,1.0,2,75 09:03.847,8,0,0,0,67301,0,0,0,N,0,0,0,2,67301,0,,1,1,,N,N,,1,,0,0,0,3,2,N,909.0,1,2,0,0,0,1,0,3,4,0,2,3,,N,,,,,,,,,,,
2010044483,2003.0,2,0,0,0,0,0,0,0,0,1,0,,67,4,2010,1,40.0155,-75.0678,1958.0,6,0,0,0,0,0,0,0,0,1.0,0,0,0,19.0,4,1,0,,1,40 00:55.590,4.0,0,75 04:04.365,4,0,0,0,67301,0,0,0,N,0,0,0,4,67301,1,,1,1,,N,N,,0,,0,0,0,0,0,N,1940.0,1,2,0,0,0,0,0,3,4,0,2,3,,N,,,,,,,,,,,
2010081518,1610.0,2,0,0,0,0,0,0,0,0,1,0,,67,7,2010,6,40.0349,-75.0723,1601.0,6,0,0,0,0,0,1,0,0,,0,0,0,21.0,3,3,0,,0,40 02:05.689,,0,75 04:20.618,4,0,0,0,67301,0,0,0,,0,0,0,4,67301,3,,1,1,,,,,0,,0,0,0,3,2,,2130.0,3,3,0,0,0,0,0,3,4,0,2,3,,N,,,,,,,,,,,
2010052277,1223.0,1,0,0,0,0,0,0,0,0,1,0,,67,3,2010,6,40.0204,-75.141,1220.0,6,0,0,0,0,0,0,0,0,,0,0,0,12.0,1,1,2,,0,40 01:14.130,,0,75 08:26.293,2,0,0,0,67301,0,0,0,N,0,0,0,2,67301,0,,1,9,,N,N,,0,,0,1,0,0,0,,1201.0,1,2,0,0,0,0,0,3,4,1,2,7,,N,,,,,,,,,,,
2010052303,9999.0,2,0,0,0,0,0,0,0,0,1,0,,67,4,2010,6,40.0933,-74.9799,551.0,6,0,0,1,0,0,0,0,0,,0,0,0,5.0,5,1,0,,0,40 05:36.002,,0,74 58:47.760,8,0,0,0,67301,0,0,0,,0,0,0,2,67301,0,,6,1,,N,N,,0,,0,0,0,0,0,,545.0,1,2,0,0,0,1,0,3,4,0,2,3,,N,,,,,,,,,,,
2010052340,2135.0,1,0,0,1,0,0,0,0,0,4,0,,67,4,2010,6,40.0323,-75.0331,2130.0,6,0,0,0,0,0,0,0,0,,0,0,0,21.0,3,1,1,,0,40 01:56.136,,0,75 01:59.318,8,0,0,0,67301,1,0,0,N,0,0,0,2,67301,0,,1,1,,N,N,,0,,0,0,0,3,3,,2125.0,1,2,0,0,0,1,0,3,4,0,1,3,,N,,,,,,,,,,,
2010052036,1720.0,1,0,0,0,0,0,0,0,0,1,0,,67,5,2010,4,39.9016,-75.1521,1719.0,6,0,0,0,0,0,0,0,0,1.0,0,0,0,17.0,1,0,0,,1,39 54:08.100,2.0,0,75 09:04.824,9,0,0,0,67301,0,0,0,N,0,0,0,3,68K01,0,,1,1,,N,N,,0,,0,0,0,0,0,N,1710.0,0,2,0,0,0,0,1,3,4,1,2,3,,N,,,,,,,,,,,
2010044624,2302.0,1,0,0,0,0,0,0,0,0,0,0,,67,4,2010,7,40.0185,-75.0637,2301.0,6,0,0,0,0,0,0,0,0,3.0,0,0,0,23.0,3,2,0,,1,40 01:06.109,1.0,0,75 03:49.328,4,0,0,0,67301,0,0,0,,0,0,0,4,67301,1,,4,1,,,,,0,,0,0,0,0,0,Y,2300.0,2,1,0,0,0,1,0,3,4,0,1,3,,N,,,,,,,,,,,
2010044631,2228.0,3,0,0,0,0,0,0,0,0,1,0,,67,3,2010,4,40.0366,-75.0645,2222.0,6,0,0,0,0,0,0,0,0,3.0,0,0,0,22.0,3,12,1,,2,40 02:11.789,6.0,0,75 03:52.061,8,0,0,0,67301,0,0,0,N,0,0,0,12,67301,0,,1,1,,N,N,,0,,0,0,0,3,2,Y,2222.0,12,3,0,0,0,12,0,3,4,0,3,3,,N,,,,,,,,,,,
2010062314,1040.0,1,0,0,0,0,0,0,0,0,1,0,,67,5,2010,4,40.0744,-75.1779,1033.0,6,0,0,0,0,0,1,0,0,,0,0,0,16.0,1,2,0,,0,40 04:27.800,,0,75 10:40.274,8,0,0,0,67301,0,0,0,N,0,0,0,2,67301,0,,1,1,,N,N,,0,,0,0,0,0,0,,1615.0,2,2,0,0,0,2,0,3,4,1,2,3,,N,,,,,,,,,,,
2010084121,738.0,0,0,0,0,0,0,0,0,0,8,0,,67,7,2010,6,40.0297,-75.0737,732.0,6,0,0,0,0,0,1,0,0,,0,0,0,7.0,1,1,2,,0,40 01:47.072,,0,75 04:25.252,4,0,0,0,67301,1,0,0,,1,0,0,3,67301,1,,1,1,,,,,0,,0,0,0,3,3,,730.0,1,2,0,0,0,0,0,3,4,1,1,3,,N,,,,,,,,,,,