CRN,ARRIVAL_TM,AUTOMOBILE_COUNT,BELTED_DEATH_COUNT,BELTED_SUSP_SERIOUS_INJ_COUNT,BICYCLE_COUNT,BICYCLE_DEATH_COUNT,BICYCLE_SUSP_SERIOUS_INJ_COUNT,BUS_COUNT,CHLDPAS_DEATH_COUNT,CHLDPAS_SUSP_SERIOUS_INJ_COUNT,COLLISION_TYPE,COMM_VEH_COUNT,CONS_ZONE_SPD_LIM,COUNTY,CRASH_MONTH,CRASH_YEAR,DAY_OF_WEEK,DEC_LAT,DEC_LONG,DISPATCH_TM,DISTRICT,DRIVER_COUNT_16YR,DRIVER_COUNT_17YR,DRIVER_COUNT_18YR,DRIVER_COUNT_19YR,DRIVER_COUNT_20YR,DRIVER_COUNT_50_64YR,DRIVER_COUNT_65_74YR,DRIVER_COUNT_75PLUS,EST_HRS_CLOSED,FATAL_COUNT,HEAVY_TRUCK_COUNT,HORSE_BUGGY_COUNT,HOUR_OF_DAY,ILLUMINATION,INJURY_COUNT,INTERSECT_TYPE,INTERSECTION_RELATED,LANE_CLOSED,LATITUDE,LN_CLOSE_DIR,LOCATION_TYPE,LONGITUDE,MAX_SEVERITY_LEVEL,MCYCLE_DEATH_COUNT,MCYCLE_SUSP_SERIOUS_INJ_COUNT,MOTORCYCLE_COUNT,MUNICIPALITY,NONMOTR_COUNT,NONMOTR_DEATH_COUNT,NONMOTR_SUSP_SERIOUS_INJ_COUNT,NTFY_HIWY_MAINT,PED_COUNT,PED_DEATH_COUNT,PED_SUSP_SERIOUS_INJ_COUNT,PERSON_COUNT,POLICE_AGCY,POSSIBLE_INJ_COUNT,RDWY_SURF_TYPE_CD,RELATION_TO_ROAD,ROAD_CONDITION,ROADWAY_CLEARED,SCH_BUS_IND,SCH_ZONE_IND,SECONDARY_CRASH,SMALL_TRUCK_COUNT,SPEC_JURIS_CD,SUSP_MINOR_INJ_COUNT,SUSP_SERIOUS_INJ_COUNT,SUV_COUNT,TCD_FUNC_CD,TCD_TYPE,TFC_DETOUR_IND,TIME_OF_DAY,TOT_INJ_COUNT,TOTAL_UNITS,UNB_DEATH_COUNT,UNB_SUSP_SERIOUS_INJ_COUNT,UNBELTED_OCC_COUNT,UNK_INJ_DEG_COUNT,UNK_INJ_PER_COUNT,URBAN_AREA,URBAN_RURAL,VAN_COUNT,VEHICLE_COUNT,WEATHER1,WEATHER2,WORK_ZONE_IND,WORK_ZONE_LOC,WORK_ZONE_TYPE,WORKERS_PRES,WZ_CLOSE_DETOUR,WZ_FLAGGER,WZ_LAW_OFFCR_IND,WZ_LN_CLOSURE,WZ_MOVING,WZ_OTHER,WZ_SHLDER_MDN,WZ_WORKERS_INJ_KILLED
2010044846,1042.0,0,0,0,0,0,0,0,0,0,5,0,,67,4,2010,4,40.0598,-75.0442,1035.0,6,0,0,0,0,0,1,0,0,,0,0,0,10.0,1,1,0,,0,40 03:34.788,,0,75 02:39.612,4,0,0,0,67301,0,0,0,N,0,0,0,3,67301,1,,1,1,,N,N,,1,,0,0,1,0,0,,1034.0,1,2,0,0,0,0,0,3,4,0,2,3,,N,,,,,,,,,,,
2010044866,1630.0,1,0,0,1,0,0,0,0,0,4,0,,67,4,2010,2,39.9591,-75.2036,1624.0,6,0,0,0,0,0,0,0,0,,0,0,0,15.0,1,1,10,,0,39 57:32.616,,0,75 12:12.967,8,0,0,0,67301,1,0,0,N,0,0,0,3,67301,0,,1,1,,N,N,,0,,0,0,0,3,3,,1550.0,1,2,0,0,0,1,0,3,4,0,1,3,,N,,,,,,,,,,,
2010044875,220.0,2,0,0,0,0,0,0,0,0,4,0,,67,3,2010,7,39.9968,-75.1399,217.0,6,0,0,0,0,0,0,0,0,,0,0,0,2.0,3,0,1,,0,39 59:48.368,,0,75 08:23.528,0,0,0,0,67301,0,0,0,N,0,0,0,3,67301,0,,1,1,,N,N,,0,,0,0,0,3,3,,215.0,0,2,0,0,0,0,0,3,4,0,2,3,,N,,,,,,,,,,,
2010044877,1720.0,1,0,0,0,0,0,0,0,0,4,0,,67,4,2010,6,40.0231,-75.124,1711.0,6,0,0,0,0,0,0,0,0,,0,0,0,17.0,1,1,1,,0,40 01:23.210,,0,75 07:26.428,8,0,0,0,67301,0,0,0,N,0,0,0,3,67301,0,,1,1,,N,N,,0,,0,0,1,3,3,,1711.0,1,2,0,0,1,1,0,3,4,0,2,3,,N,,,,,,,,,,,
2010053039,638.0,0,0,0,0,0,0,0,0,0,7,0,,67,4,2010,1,39.9551,-75.1416,629.0,6,0,0,0,0,0,0,0,0,1.0,1,0,0,6.0,1,1,0,,2,39 57:17.778,2.0,0,75 08:29.793,1,0,0,0,67301,0,0,0,N,0,0,0,2,68K01,0,1.0,3,1,,N,N,,0,0.0,1,0,1,0,0,N,627.0,1,1,1,0,2,0,0,3,4,0,1,3,,N,,,,,,,,,,,
2010084618,640.0,1,0,0,0,0,0,0,0,0,7,0,,67,7,2010,4,40.1118,-74.9908,619.0,6,0,0,0,0,0,0,0,0,2.0,0,0,0,6.0,1,1,0,,1,40 06:42.560,1.0,0,74 59:26.943,4,0,0,0,67301,0,0,0,N,0,0,0,1,67301,1,,5,1,,N,N,,0,,0,0,0,0,0,N,615.0,1,1,0,0,0,0,0,3,4,0,1,3,,N,,,,,,,,,,,
2010129560,1848.0,0,0,0,0,0,0,0,0,0,1,0,,67,12,2010,3,40.0035,-75.1952,1835.0,6,0,0,0,0,0,0,0,0,,0,0,0,18.0,3,0,0,,0,40 00:11.693,,0,75 11:42.410,0,0,0,0,67301,0,0,0,N,0,0,0,3,68K01,0,,1,1,,N,N,,0,,0,0,2,0,0,,1823.0,0,2,0,0,0,0,0,3,4,0,2,3,,N,,,,,,,,,,,
2010032763,1135.0,1,0,0,0,0,0,0,0,0,1,0,,67,3,2010,7,39.9778,-75.1191,1130.0,6,0,0,0,0,0,0,0,1,,0,0,0,11.0,1,1,1,,0,39 58:45.788,,0,75 07:06.043,4,0,0,0,67301,0,0,0,N,0,0,0,3,67301,1,,1,9,,N,N,,0,,0,0,1,1,2,,1130.0,1,2,0,0,0,0,0,3,4,0,2,7,,N,,,,,,,,,,,
2010032769,1250.0,1,0,0,0,0,0,0,0,0,1,0,,67,2,2010,2,39.9121,-75.1743,1234.0,6,0,0,0,0,0,1,0,0,,0,0,0,12.0,1,1,0,,0,39 54:43.426,,7,75 10:27.444,8,0,0,0,67301,0,0,0,N,0,0,0,4,67301,0,,1,98,,N,N,,1,,0,0,0,3,2,,1230.0,1,2,0,0,0,1,0,3,4,0,2,99,,N,,,,,,,,,,,
2010104922,1700.0,0,0,0,0,0,0,0,0,0,8,0,,67,9,2010,5,39.984,-75.175,1655.0,6,0,0,0,0,0,0,0,0,,0,0,0,11.0,1,1,2,,0,39 59:02.576,,0,75 10:29.891,4,0,0,0,67301,1,0,0,N,1,0,0,2,67301,1,,1,9,,N,N,,1,,0,0,0,3,2,,1130.0,1,2,0,0,0,0,0,3,4,0,1,7,,N,,,,,,,,,,,
2010099752,2014.0,0,0,0,0,0,0,0,0,0,4,0,,67,9,2010,2,39.9478,-75.2254,2012.0,6,0,0,0,0,0,0,0,0,,0,0,0,19.0,4,1,5,,0,39 56:51.959,,0,75 13:31.380,4,0,0,1,67301,0,0,0,N,0,0,0,2,67301,1,,1,1,,N,N,,0,,0,0,1,3,3,,1915.0,1,2,0,0,0,0,0,3,4,0,2,3,,N,,,,,,,,,,,
2010099756,1755.0,2,0,0,0,0,0,0,0,0,4,0,,67,9,2010,6,40.0359,-75.0356,1752.0,6,0,0,1,0,0,0,0,0,9.0,0,0,0,17.0,1,1,1,,2,40 02:09.373,3.0,0,75 02:08.044,4,0,0,0,67301,0,0,0,N,0,0,0,3,67301,1,,1,1,,N,N,,0,,0,0,0,3,3,N,1740.0,1,2,0,0,0,0,1,3,4,0,2,3,,N,,,,,,,,,,,
2010099776,1745.0,0,0,0,0,0,0,0,0,0,8,0,,67,9,2010,6,39.9283,-75.1732,1742.0,6,0,0,0,0,0,0,0,0,,0,0,0,17.0,1,1,0,,0,39 55:41.912,,0,75 10:23.577,4,0,0,0,67301,1,0,0,N,1,0,0,2,67301,1,,1,1,,N,N,,0,,0,0,1,0,0,,1735.0,1,2,0,0,0,0,0,3,4,0,1,3,,N,,,,,,,,,,,
2010099805,1630.0,1,0,0,0,0,0,0,0,0,5,0,,67,5,2010,6,40.0414,-75.1201,1630.0,6,0,0,0,0,0,1,0,0,,0,0,0,16.0,1,1,1,,0,40 02:29.198,,0,75 07:12.381,8,0,0,0,67301,1,0,0,N,1,0,0,2,67301,0,,1,1,,N,N,,0,,0,0,0,3,2,,1630.0,1,2,0,0,0,1,0,3,4,0,1,3,,N,,,,,,,,,,,
2010099849,1752.0,1,0,0,0,0,0,0,0,0,1,0,,67,9,2010,7,40.0455,-75.0883,1748.0,6,0,0,0,0,0,1,0,0,,0,0,0,15.0,1,5,1,,0,40 02:43.859,,0,75 05:17.937,4,0,0,0,67301,0,0,0,N,0,0,0,7,67301,5,,1,1,,N,N,,0,,0,0,1,0,0,,1510.0,5,3,0,0,0,0,0,3,4,0,3,3,,N,,,,,,,,,,,
2010102489,1024.0,2,0,0,0,0,0,0,0,0,4,0,,67,9,2010,7,40.0361,-75.0879,1018.0,6,0,0,0,0,0,1,0,0,,0,0,0,10.0,1,1,2,,0,40 02:09.822,,0,75 05:16.321,4,0,0,0,67301,0,0,0,N,0,0,0,5,67301,1,,1,1,,N,N,,0,,0,0,0,3,2,,1015.0,1,2,0,0,0,0,0,3,4,0,2,3,,N,,,,,,,,,,,
2010105027,9999.0,0,0,0,0,0,0,0,0,0,1,0,,67,9,2010,1,39.9975,-75.172,2100.0,6,0,0,0,0,0,1,0,0,,0,0,0,21.0,3,1,2,,0,39 59:51.172,,0,75 10:19.286,4,0,0,0,67301,0,0,0,N,0,0,0,1,67301,1,,1,1,,N,N,,0,,0,0,1,9,3,,2100.0,1,2,0,0,0,0,0,3,4,1,2,3,,N,,,,,,,,,,,
2010118440,1232.0,2,0,0,0,0,0,0,0,0,2,0,,67,10,2010,3,40.001,-75.148,1232.0,6,0,0,0,0,1,0,0,0,3.0,0,0,0,12.0,1,1,1,,1,40 00:03.604,3.0,0,75 08:53.867,4,0,0,0,67301,0,0,0,N,0,0,0,2,67301,1,,1,1,,N,Y,,0,,0,0,0,3,2,Y,1232.0,1,2,0,0,1,0,0,3,4,0,2,3,,N,,,,,,,,,,,
2010110146,1619.0,1,0,0,0,0,0,0,0,0,7,0,,67,11,2010,4,40.0093,-75.0664,1619.0,6,0,0,0,0,0,0,0,0,1.0,0,0,0,16.0,1,0,0,,1,40 00:33.441,1.0,0,75 03:58.503,0,0,0,0,67301,0,0,0,N,0,0,0,1,68K01,0,,2,1,,N,N,,0,,0,0,0,0,0,N,1616.0,0,1,0,0,0,0,0,3,4,0,1,3,,N,,,,,,,,,,,
2010034179,833.0,0,0,0,0,0,0,0,0,0,6,0,,67,3,2010,4,40.0522,-75.1517,830.0,6,0,0,0,0,0,0,0,0,,0,0,0,8.0,1,1,0,,0,40 03:08.032,,0,75 09:06.005,4,0,0,0,67301,0,0,0,N,0,0,0,2,67301,1,,1,9,,N,N,,1,,0,0,0,3,3,,815.0,1,2,0,0,0,0,1,3,4,1,2,3,,N,,,,,,,,,,,
2010034181,246.0,3,0,0,0,0,0,0,0,0,5,0,,67,3,2010,5,39.9183,-75.156,246.0,6,0,0,0,0,0,0,0,0,,0,0,0,2.0,3,0,0,,0,39 55:05.977,,0,75 09:21.528,0,0,0,0,67301,0,0,0,N,0,0,0,2,67301,0,,6,1,,N,N,,0,,0,0,0,0,0,,240.0,0,3,0,0,0,0,0,3,4,0,3,3,,N,,,,,,,,,,,
2010034194,1740.0,2,0,0,0,0,0,0,0,0,4,0,,67,3,2010,7,40.0264,-75.1079,1730.0,6,0,0,0,0,0,0,0,0,,0,0,0,17.0,3,1,1,,0,40 01:35.354,,0,75 06:28.851,4,0,0,0,67301,0,0,0,N,0,0,0,5,67301,1,,1,9,,N,N,,0,,0,0,0,3,2,,1728.0,1,2,0,0,0,0,0,3,4,0,2,7,,N,,,,,,,,,,,
2010074841,2020.0,0,0,0,0,0,0,0,0,0,7,0,,67,7,2010,1,40.0201,-75.0428,2016.0,6,0,0,0,0,0,1,0,0,9.0,1,0,0,20.0,1,0,1,,2,40 01:12.460,5.0,0,75 02:34.291,1,1,0,1,67301,0,0,0,,0,0,0,1,67301,0,2.0,5,1,,,,,0,0.0,0,0,0,3,2,Y,2011.0,0,1,0,0,0,0,0,3,4,0,1,3,,N,,,,,,,,,,,
2010061999,50.0,0,0,0,0,0,0,1,0,0,1,1,,67,4,2010,5,39.9568,-75.1425,44.0,6,0,0,0,0,0,1,0,0,,0,0,0,0.0,3,0,0,,0,39 57:24.648,,2,75 08:33.361,0,0,0,0,67301,0,0,0,,0,0,0,2,67301,0,,1,1,,,,,0,,0,0,1,0,0,,37.0,0,2,0,0,0,0,0,3,4,0,2,3,,N,,,,,,,,,,,
2010062012,1049.0,1,0,0,0,0,0,0,0,0,4,0,,67,5,2010,3,39.8865,-75.2469,1048.0,6,0,0,0,0,0,1,0,0,,0,0,0,10.0,1,0,0,,0,39 53:11.492,,7,75 14:48.999,0,0,0,0,67301,0,0,0,N,0,0,0,2,67301,0,,1,1,,N,N,,0,,0,0,1,0,0,,1048.0,0,2,0,0,0,0,0,3,4,0,2,3,,N,,,,,,,,,,,
2010059620,940.0,2,0,0,0,0,0,0,0,0,1,0,,67,4,2010,2,39.9917,-75.1955,938.0,6,0,0,0,0,1,0,0,0,1.0,0,0,0,9.0,1,1,0,,2,39 59:30.117,6.0,0,75 11:43.826,4,0,0,0,67301,0,0,0,N,0,0,0,2,67301,1,,1,9,,N,N,,0,,0,0,0,0,0,Y,938.0,1,2,0,0,0,0,0,3,4,0,2,7,,N,,,,,,,,,,,
2010052279,1256.0,0,0,0,0,0,0,0,0,0,8,0,,67,4,2010,4,39.9243,-75.1494,1251.0,6,0,0,0,0,0,0,0,0,,0,0,0,12.0,1,1,2,,0,39 55:27.460,,0,75 08:57.894,8,0,0,0,67301,1,0,0,N,1,0,0,2,67301,0,,1,1,,N,N,,0,,0,0,1,3,3,,1215.0,1,2,0,0,0,1,0,3,4,0,1,3,,N,,,,,,,,,,,
2010052289,1555.0,1,0,0,0,0,0,0,0,0,8,0,,67,4,2010,2,39.9356,-75.1522,1530.0,6,0,0,0,0,0,0,0,0,,0,0,0,15.0,1,1,0,,0,39 56:08.098,,0,75 09:07.783,3,0,0,0,67301,1,0,0,N,1,0,0,3,67301,0,,1,1,,N,,,0,,1,0,0,0,0,,1520.0,1,2,0,0,0,0,0,3,4,0,1,3,,N,,,,,,,,,,,
2010052355,2030.0,1,0,0,0,0,0,0,0,0,2,0,,67,5,2010,3,39.9799,-75.1073,2026.0,6,0,0,0,0,0,0,0,0,,0,0,0,18.0,1,0,2,,0,39 58:47.288,,0,75 06:26.829,9,0,0,0,67301,0,0,0,N,0,0,0,2,67301,0,,1,1,,N,N,,0,,0,0,1,0,0,,1845.0,0,2,0,0,0,0,1,3,4,0,2,3,,N,,,,,,,,,,,
2010052371,2020.0,2,0,0,0,0,0,0,0,0,1,0,,67,5,2010,4,39.9566,-75.2099,2025.0,6,0,0,0,0,0,1,1,0,1.0,0,0,0,20.0,3,2,0,,1,39 57:23.708,3.0,0,75 12:35.652,4,0,0,0,67301,0,0,0,N,0,0,0,4,67301,2,,1,1,,N,N,,0,,0,0,1,3,2,Y,2020.0,2,3,0,0,2,0,1,3,4,0,3,3,,N,,,,,,,,,,,
2010052402,1650.0,0,0,0,0,0,0,0,0,0,8,0,,67,5,2010,1,39.9807,-75.1058,1645.0,6,0,0,0,0,0,0,0,0,,0,0,0,14.0,1,1,1,,0,39 58:50.082,,0,75 06:21.535,2,0,0,0,67301,1,0,1,N,1,0,1,2,67301,0,,1,1,,N,N,,0,,0,1,0,3,2,,1400.0,1,2,0,0,0,0,1,3,4,0,1,3,,N,,,,,,,,,,,
2010044565,915.0,1,0,0,0,0,0,1,0,0,4,1,,67,4,2010,5,39.9656,-75.2319,911.0,6,0,0,0,0,0,1,1,0,,0,0,0,9.0,1,1,1,,0,39 57:56.235,,0,75 13:54.861,8,0,0,0,67301,0,0,0,,0,0,0,3,67301,0,,1,1,,Y,,,0,,0,0,0,3,2,,905.0,1,2,0,0,2,1,0,3,4,0,2,3,,N,,,,,,,,,,,
2010044313,1310.0,1,0,0,0,0,0,0,0,0,1,0,,67,5,2010,7,39.9905,-75.2048,1301.0,6,0,0,0,0,0,0,0,0,,0,0,0,12.0,1,1,0,,0,39 59:28.344,,0,75 12:12.785,8,0,0,0,67301,0,0,0,N,0,0,0,6,68K01,0,,1,1,,N,N,,0,,0,0,0,0,0,,1259.0,1,2,0,0,0,1,0,3,4,1,2,3,,N,,,,,,,,,,,
2010044612,1222.0,0,0,0,1,0,1,0,0,0,4,0,,67,2,2010,5,39.9704,-75.1719,1220.0,6,0,0,0,0,0,0,0,0,3.0,0,0,0,2.0,3,1,0,,2,39 58:13.530,4.0,0,75 10:18.832,2,0,0,0,67301,1,0,1,N,0,0,0,2,67301,0,,1,1,,N,N,,0,,0,1,0,0,0,Y,208.0,1,2,0,0,0,0,1,3,4,0,1,3,,N,,,,,,,,,,,
2010084128,1305.0,1,0,0,1,0,0,0,0,0,4,0,,67,8,2010,5,39.9368,-75.1599,1304.0,6,0,0,0,0,0,0,0,0,,0,0,0,13.0,1,1,1,,0,39 56:12.386,,7,75 09:35.812,4,0,0,0,67301,1,0,0,,0,0,0,2,67301,1,,1,1,,,,,0,,0,0,0,3,2,,1300.0,1,2,0,0,0,0,0,3,4,0,1,3,,N,,,,,,,,,,,
2010044750,1845.0,1,0,0,0,0,0,0,0,0,8,0,,67,4,2010,3,39.9542,-75.2119,1838.0,6,0,0,0,0,0,0,0,0,1.0,0,0,0,18.0,1,1,0,,1,39 57:14.953,1.0,0,75 12:42.881,2,0,0,0,67301,1,0,1,N,1,0,1,2,67301,0,,6,1,,N,N,,0,,0,1,0,0,0,Y,1838.0,1,2,0,0,1,0,0,3,4,0,1,3,,N,,,,,,,,,,,
2010044834,1935.0,1,0,0,0,0,0,0,0,0,8,0,,67,4,2010,2,39.9803,-75.1701,1930.0,6,0,0,0,0,0,0,0,0,,0,0,0,99.0,1,1,0,,0,39 58:48.934,,0,75 10:12.316,4,0,0,0,67301,1,0,0,,1,0,0,2,67301,1,,1,1,,N,N,,0,,0,0,0,0,0,,9999.0,1,2,0,0,0,0,0,3,4,0,1,3,,N,,,,,,,,,,,
2010044850,237.0,1,0,0,0,0,0,0,0,0,4,0,,67,4,2010,6,40.0331,-75.0801,235.0,6,0,0,0,0,0,0,0,0,9.0,0,0,0,2.0,3,1,1,,1,40 01:59.306,2.0,0,75 04:48.302,8,0,0,1,67301,0,0,0,N,0,0,0,2,67301,0,,1,9,,N,N,,0,,0,0,0,3,2,N,231.0,1,2,0,0,0,1,0,3,4,0,2,7,,N,,,,,,,,,,,
2010084592,1745.0,1,0,0,0,0,0,0,0,0,1,0,,67,7,2010,7,40.096,-74.9768,1740.0,6,0,0,0,0,0,1,0,0,,0,0,0,17.0,1,1,1,,0,40 05:45.431,,0,74 58:36.412,4,0,0,0,67301,0,0,0,N,0,0,0,2,67301,1,,1,1,,N,N,,0,,0,0,1,3,2,,1736.0,1,2,0,0,0,0,0,3,4,0,2,3,,N,,,,,,,,,,,
2010084599,10.0,1,0,0,0,0,0,0,0,0,4,0,,67,8,2010,3,40.0394,-75.0828,5.0,6,0,0,1,0,0,0,0,0,,0,0,0,0.0,3,1,1,,0,40 02:21.825,,0,75 04:58.144,8,0,0,0,67301,0,0,0,N,0,0,0,5,67301,0,,1,1,,N,N,,0,,0,0,1,3,3,,0.0,1,3,0,0,0,1,0,3,4,1,3,3,,N,,,,,,,,,,,
2010129137,1725.0,2,0,0,0,0,0,0,0,0,1,0,,67,12,2010,5,39.9576,-75.1615,1715.0,6,0,0,0,0,0,0,0,0,1.0,0,0,0,17.0,3,2,0,,1,39 57:27.401,3.0,2,75 09:40.949,8,0,0,0,67301,0,0,0,N,0,0,0,4,68K01,0,,1,1,,N,N,,0,,0,0,1,0,0,N,1711.0,2,3,0,0,0,2,0,3,4,0,3,3,,N,,,,,,,,,,,
2010048802,815.0,1,0,0,0,0,0,0,0,0,4,0,,67,4,2010,4,40.0501,-75.0964,806.0,6,0,0,0,0,0,0,1,0,2.0,0,0,0,8.0,1,3,1,,2,40 03:00.190,4.0,0,75 05:47.108,4,0,0,0,67301,0,0,0,N,0,0,0,3,67301,3,,1,1,,N,N,,0,,0,0,0,3,3,N,805.0,3,2,0,0,0,0,0,3,4,1,2,3,,N,,,,,,,,,,,
2010060269,1421.0,1,0,0,0,0,0,0,0,0,7,0,,67,4,2010,3,40.0459,-75.1822,1412.0,6,0,0,0,0,0,0,0,1,,0,0,0,13.0,1,1,2,,0,40 02:45.148,,0,75 10:55.939,3,0,0,0,67301,0,0,0,N,0,0,0,1,67301,0,,2,1,,N,N,,0,,1,0,0,3,2,,1353.0,1,1,0,0,0,0,0,3,4,0,1,3,,N,,,,,,,,,,,
2010057901,843.0,2,0,0,0,0,0,0,0,0,1,0,,67,5,2010,5,39.987,-75.2001,841.0,6,0,0,0,0,0,0,0,0,1.0,0,0,0,8.0,1,1,0,,2,39 59:13.286,1.0,0,75 12:00.271,8,0,0,0,67301,0,0,0,N,0,0,0,2,67301,0,,1,1,,N,N,,0,,0,0,0,0,0,N,840.0,1,2,0,0,0,1,0,3,4,0,2,3,,N,,,,,,,,,,,
2010057910,1910.0,1,0,0,0,0,0,0,0,0,8,0,,67,5,2010,1,40.0235,-75.1145,1900.0,6,0,0,0,0,0,0,0,0,,0,0,0,19.0,1,1,1,,0,40 01:24.456,,0,75 06:52.196,4,0,0,0,67301,1,0,0,N,1,0,0,2,67301,1,,1,1,,N,N,,0,,0,0,0,0,0,,1900.0,1,2,0,0,0,0,0,3,4,0,1,3,,N,,,,,,,,,,,
2010077962,1900.0,1,0,0,0,0,0,0,0,0,5,1,,67,7,2010,6,39.937,-75.199,1835.0,6,0,0,0,0,0,0,0,0,,0,1,0,18.0,1,0,6,,0,39 56:17.116,,2,75 11:52.547,9,0,0,0,67301,0,0,0,N,0,0,0,2,68K01,0,,1,1,,N,N,,0,,0,0,0,0,0,,1818.0,0,2,0,0,0,0,1,3,4,0,2,3,,N,,,,,,,,,,,
2010051143,416.0,2,0,0,0,0,0,0,0,0,1,0,,67,5,2010,6,39.9832,-75.0981,411.0,6,0,0,0,0,0,0,0,0,2.0,0,0,0,4.0,3,1,0,,2,39 58:59.968,1.0,0,75 05:52.623,8,0,0,0,67301,0,0,0,N,0,0,0,1,68K01,0,,2,1,,N,N,,0,,0,0,0,0,0,N,407.0,1,2,0,0,0,1,0,3,4,0,2,3,,N,,,,,,,,,,,
2010039245,2205.0,2,0,0,0,0,0,0,0,0,1,0,,67,3,2010,5,40.0415,-75.1851,2153.0,6,0,0,0,0,1,0,0,0,1.0,0,0,0,21.0,3,0,0,,2,40 02:29.279,6.0,0,75 11:06.508,0,0,0,0,67301,0,0,0,N,0,0,0,1,67301,0,,6,1,,N,N,,0,,0,0,1,0,0,N,2145.0,0,3,0,0,0,0,0,3,4,0,3,3,,N,,,,,,,,,,,
2010032749,9999.0,1,0,0,0,0,0,1,0,0,1,1,,67,3,2010,2,40.0026,-75.0997,1407.0,6,0,0,0,0,0,1,0,0,,0,0,0,13.0,1,0,5,,0,40 00:09.273,,0,75 05:59.019,9,0,0,0,67301,0,0,0,,0,0,0,2,67301,0,,1,1,,,,,0,,0,0,0,3,2,,1330.0,0,2,0,0,0,0,1,3,4,0,2,3,,N,,,,,,,,,,,
2010032789,1219.0,2,0,0,0,0,0,0,0,0,1,0,,67,3,2010,6,40.0428,-75.1792,1215.0,6,0,0,0,0,0,0,1,0,,0,0,0,12.0,1,1,0,,0,40 02:34.134,,0,75 10:45.177,4,0,0,0,67301,0,0,0,N,0,0,0,2,67301,1,,1,1,,N,N,,0,,0,0,0,0,0,,1201.0,1,2,0,0,0,0,0,3,4,0,2,3,,N,,,,,,,,,,,
2010076020,1546.0,1,0,0,0,0,0,0,0,0,1,0,,67,8,2010,7,39.8915,-75.2374,1517.0,6,0,0,0,0,0,0,0,0,,0,0,0,15.0,1,0,0,,0,39 53:29.299,,0,75 14:14.549,0,0,0,0,67301,0,0,0,N,0,0,0,3,68K01,0,,1,1,,N,N,,0,,0,0,1,0,0,,1507.0,0,2,0,0,0,0,0,3,4,0,2,3,,N,,,,,,,,,,,
2010118053,835.0,1,0,0,0,0,0,0,0,0,1,0,,67,10,2010,5,40.0361,-75.1087,822.0,6,0,0,0,0,0,1,0,0,,0,0,0,8.0,1,1,0,,0,40 02:09.481,,0,75 06:31.276,4,0,0,0,67301,0,0,0,N,0,0,0,5,67301,1,,1,9,,N,N,,0,,0,0,2,0,0,,812.0,1,3,0,0,0,0,1,3,4,0,3,7,,N,,,,,,,,,,,
2010118066,1723.0,0,0,0,1,0,0,0,0,0,4,0,,67,10,2010,6,39.9284,-75.1521,1719.0,6,0,0,0,0,0,0,1,0,,0,0,0,17.0,1,1,1,,0,39 55:42.063,,0,75 09:07.660,8,0,0,0,67301,1,0,0,N,0,0,0,2,67301,0,,1,1,,N,N,,1,,0,0,0,3,3,,1717.0,1,2,0,0,0,1,0,3,4,0,1,3,,N,,,,,,,,,,,
2010099799,2030.0,1,0,0,0,0,0,0,0,0,8,0,,67,9,2010,3,40.0074,-75.147,2025.0,6,0,0,0,0,0,0,0,0,,0,0,0,20.0,3,1,0,,0,40 00:26.668,,0,75 08:49.106,3,0,0,0,67301,1,0,0,N,1,0,0,3,67301,0,,1,1,,N,N,,0,,1,0,0,0,0,,2020.0,1,2,0,0,0,0,0,3,4,0,1,3,,N,,,,,,,,,,,
2010110729,18.0,1,0,0,0,0,0,0,0,0,7,0,,67,10,2010,7,39.9334,-75.1639,16.0,6,0,0,0,0,0,0,0,0,,0,0,0,0.0,3,1,0,,0,39 56:00.283,,0,75 09:50.194,8,0,0,0,67301,0,0,0,N,0,0,0,1,67301,0,,4,1,,N,N,,0,,0,0,0,0,0,,0.0,1,1,0,0,0,1,0,3,4,0,1,3,,N,,,,,,,,,,,
2010102395,1616.0,1,0,0,0,0,0,0,0,0,8,0,,67,9,2010,6,40.0984,-75.0471,1615.0,6,0,0,0,0,0,0,0,0,,0,0,0,16.0,1,1,1,,0,40 05:54.088,,0,75 02:49.438,2,0,0,0,67301,1,0,1,N,1,0,1,2,67301,0,,1,1,,N,N,,0,,0,1,0,0,0,,1600.0,1,2,0,0,0,0,1,3,4,0,1,3,,N,,,,,,,,,,,
2010097385,1436.0,1,0,0,0,0,0,0,0,0,1,0,,67,10,2010,3,39.9718,-75.1226,1423.0,6,0,0,0,0,0,1,1,0,1.0,0,0,0,14.0,1,1,0,,2,39 58:22.243,1.0,0,75 07:16.084,8,0,0,0,67301,0,0,0,N,0,0,0,3,68K01,0,,1,9,,N,N,,1,,0,0,0,0,0,N,1420.0,1,3,0,0,0,1,1,3,4,0,3,7,,N,,,,,,,,,,,
2010102476,1640.0,1,0,0,0,0,0,0,0,0,1,0,,67,9,2010,5,40.0087,-75.1467,1639.0,6,0,0,0,0,0,1,0,0,1.0,0,0,0,16.0,1,0,2,,1,40 00:31.227,3.0,0,75 08:48.005,0,0,0,0,67301,0,0,0,N,0,0,0,2,67301,0,,1,1,,N,N,,1,,0,0,0,0,0,N,1620.0,0,2,0,0,0,0,0,3,4,0,2,3,,N,,,,,,,,,,,