CRN,ARRIVAL_TM,AUTOMOBILE_COUNT,BELTED_DEATH_COUNT,BELTED_SUSP_SERIOUS_INJ_COUNT,BICYCLE_COUNT,BICYCLE_DEATH_COUNT,BICYCLE_SUSP_SERIOUS_INJ_COUNT,BUS_COUNT,CHLDPAS_DEATH_COUNT,CHLDPAS_SUSP_SERIOUS_INJ_COUNT,COLLISION_TYPE,COMM_VEH_COUNT,CONS_ZONE_SPD_LIM,COUNTY,CRASH_MONTH,CRASH_YEAR,DAY_OF_WEEK,DEC_LAT,DEC_LONG,DISPATCH_TM,DISTRICT,DRIVER_COUNT_16YR,DRIVER_COUNT_17YR,DRIVER_COUNT_18YR,DRIVER_COUNT_19YR,DRIVER_COUNT_20YR,DRIVER_COUNT_50_64YR,DRIVER_COUNT_65_74YR,DRIVER_COUNT_75PLUS,EST_HRS_CLOSED,FATAL_COUNT,HEAVY_TRUCK_COUNT,HORSE_BUGGY_COUNT,HOUR_OF_DAY,ILLUMINATION,INJURY_COUNT,INTERSECT_TYPE,INTERSECTION_RELATED,LANE_CLOSED,LATITUDE,LN_CLOSE_DIR,LOCATION_TYPE,LONGITUDE,MAX_SEVERITY_LEVEL,MCYCLE_DEATH_COUNT,MCYCLE_SUSP_SERIOUS_INJ_COUNT,MOTORCYCLE_COUNT,MUNICIPALITY,NONMOTR_COUNT,NONMOTR_DEATH_COUNT,NONMOTR_SUSP_SERIOUS_INJ_COUNT,NTFY_HIWY_MAINT,PED_COUNT,PED_DEATH_COUNT,PED_SUSP_SERIOUS_INJ_COUNT,PERSON_COUNT,POLICE_AGCY,POSSIBLE_INJ_COUNT,RDWY_SURF_TYPE_CD,RELATION_TO_ROAD,ROAD_CONDITION,ROADWAY_CLEARED,SCH_BUS_IND,SCH_ZONE_IND,SECONDARY_CRASH,SMALL_TRUCK_COUNT,SPEC_JURIS_CD,SUSP_MINOR_INJ_COUNT,SUSP_SERIOUS_INJ_COUNT,SUV_COUNT,TCD_FUNC_CD,TCD_TYPE,TFC_DETOUR_IND,TIME_OF_DAY,TOT_INJ_COUNT,TOTAL_UNITS,UNB_DEATH_COUNT,UNB_SUSP_SERIOUS_INJ_COUNT,UNBELTED_OCC_COUNT,UNK_INJ_DEG_COUNT,UNK_INJ_PER_COUNT,URBAN_AREA,URBAN_RURAL,VAN_COUNT,VEHICLE_COUNT,WEATHER1,WEATHER2,WORK_ZONE_IND,WORK_ZONE_LOC,WORK_ZONE_TYPE,WORKERS_PRES,WZ_CLOSE_DETOUR,WZ_FLAGGER,WZ_LAW_OFFCR_IND,WZ_LN_CLOSURE,WZ_MOVING,WZ_OTHER,WZ_SHLDER_MDN,WZ_WORKERS_INJ_KILLED
2010102516,2348.0,1,0,0,0,0,0,0,0,0,7,0,,67,9,2010,1,39.9727,-75.1901,2341.0,6,0,0,0,0,0,0,0,0,,0,0,0,23.0,3,0,0,,0,39 58:21.097,,0,75 11:24.241,9,0,0,0,67301,0,0,0,,0,0,0,1,67301,0,,2,1,,N,N,,0,,0,0,0,0,0,,2339.0,0,1,0,0,0,0,1,3,4,0,1,3,,N,,,,,,,,,,,
2010113321,1935.0,1,0,0,0,0,0,0,0,0,8,0,,67,10,2010,1,39.9231,-75.1596,1930.0,6,0,0,0,0,0,0,0,1,,0,0,0,19.0,3,1,1,,0,39 55:23.102,,0,75 09:34.741,4,0,0,0,67301,1,0,0,,1,0,0,2,67301,1,,1,1,,N,N,,0,,0,0,0,3,2,,1930.0,1,2,0,0,0,0,0,3,4,0,1,3,,N,,,,,,,,,,,
2010075834,719.0,1,0,0,0,0,0,0,0,0,1,0,,67,8,2010,4,39.9929,-75.0853,719.0,6,0,0,0,0,0,0,0,0,,0,0,0,7.0,1,1,0,,0,39 59:34.199,,0,75 05:07.399,8,0,0,0,67301,0,0,0,N,0,0,0,4,68K01,0,,1,1,,N,N,,0,,0,0,0,0,0,,712.0,1,2,0,0,1,1,0,3,4,1,2,3,,N,,,,,,,,,,,
2010088655,350.0,2,0,0,0,0,0,0,0,0,5,0,,67,8,2010,1,40.0352,-75.0418,345.0,6,0,0,0,0,0,0,0,0,,0,0,0,2.0,3,0,1,,0,40 02:06.662,,0,75 02:30.404,0,0,0,0,67301,0,0,0,N,0,0,0,1,67301,0,,1,1,,N,N,,0,,0,0,1,3,3,,227.0,0,3,0,0,1,0,0,3,4,0,3,3,,N,,,,,,,,,,,
2010091255,1717.0,2,0,0,0,0,0,0,0,0,4,0,,67,8,2010,7,39.9022,-75.247,703.0,6,0,0,0,0,0,0,0,0,2.0,0,0,0,16.0,1,1,1,,2,39 54:07.750,5.0,0,75 14:49.138,8,0,0,0,67301,0,0,0,N,0,0,0,2,67301,0,,1,1,,N,N,,0,,0,0,0,3,2,N,1631.0,1,2,0,0,0,1,0,3,4,0,2,3,,N,,,,,,,,,,,
2010088730,2205.0,2,0,0,0,0,0,0,0,0,5,0,,67,8,2010,1,39.9383,-75.1985,2200.0,6,0,0,0,0,0,0,0,0,,0,0,0,14.0,8,1,0,,0,39 56:18.986,,0,75 11:54.403,8,0,0,0,67301,0,0,0,N,0,0,0,2,67501,0,,1,1,,N,N,,0,,0,0,0,0,0,,1408.0,1,2,0,0,1,1,0,3,4,0,2,3,,N,,,,,,,,,,,
2010088790,1543.0,0,0,0,1,0,0,0,0,0,4,0,,67,8,2010,1,40.0366,-75.0621,1533.0,6,0,0,0,0,0,0,0,0,,0,0,0,15.0,1,1,0,,0,40 02:11.740,,7,75 03:43.680,8,0,0,0,67301,1,0,0,,0,0,0,2,67301,0,,5,9,,,,,1,,0,0,0,0,0,,1515.0,1,2,0,0,0,1,0,3,4,0,1,7,,N,,,,,,,,,,,
2010044721,847.0,2,0,0,0,0,0,0,0,0,6,0,,67,4,2010,3,39.9934,-75.1713,847.0,6,0,0,0,0,0,1,0,0,,0,0,0,99.0,1,3,2,,0,39 59:36.402,,0,75 10:16.759,8,0,0,0,67301,0,0,0,,0,0,0,4,67301,0,,1,9,,,,,0,,0,0,0,3,3,,9999.0,3,2,0,0,0,3,0,3,4,0,2,7,,N,,,,,,,,,,,
2010044352,929.0,0,0,0,0,0,0,0,0,0,7,0,,67,5,2010,2,,,927.0,6,0,0,0,0,0,0,0,0,1.0,0,0,0,9.0,1,1,0,,2,,4.0,3,,4,0,0,0,67301,0,0,0,N,0,0,0,1,67501,1,,2,1,,N,N,,1,,0,0,0,3,8,N,925.0,1,1,0,0,0,0,0,3,3,0,1,3,,N,,,,,,,,,,,
2010084193,1355.0,1,0,0,0,0,0,0,0,0,8,0,,67,7,2010,4,,,1352.0,6,0,0,0,0,0,0,0,0,,0,0,0,13.0,1,1,0,,0,,,0,,3,0,0,0,67301,1,0,0,,1,0,0,2,67301,0,,1,1,,,,,0,,1,0,0,0,0,,1350.0,1,2,0,0,0,0,1,3,3,0,1,3,,N,,,,,,,,,,,
2010044444,1547.0,2,0,0,0,0,0,0,0,0,8,0,,67,3,2010,5,40.1207,-75.0104,1515.0,6,0,0,0,0,0,0,0,0,,0,0,0,14.0,1,2,2,,0,40 07:14.487,,0,75 00:37.526,3,0,0,0,67301,2,0,0,N,2,0,0,4,67301,0,,1,1,,N,Y,,0,,2,0,0,3,3,,1430.0,2,4,0,0,0,0,0,3,4,0,2,3,,N,,,,,,,,,,,
2010044452,410.0,2,0,0,0,0,0,0,0,0,1,0,,67,4,2010,1,40.0415,-75.0304,357.0,6,0,0,0,0,0,0,0,0,,0,0,0,3.0,3,1,0,,0,40 02:29.500,,0,75 01:49.544,4,0,0,0,67301,0,0,0,N,0,0,0,1,67301,1,,6,1,,N,N,,0,,0,0,0,0,0,,353.0,1,2,0,0,0,0,0,3,4,0,2,3,,N,,,,,,,,,,,
2010081516,50.0,5,0,0,0,0,0,0,0,0,4,0,,67,7,2010,2,39.9709,-75.2307,40.0,6,0,0,0,0,0,0,0,0,,0,0,0,0.0,3,1,1,,0,39 58:15.236,,0,75 13:50.408,4,0,0,0,67301,0,0,0,N,0,0,0,2,67301,1,,1,1,,N,N,,0,,0,0,0,3,2,,35.0,1,5,0,0,0,0,1,3,4,0,5,3,,N,,,,,,,,,,,
2010084232,727.0,1,0,0,1,0,0,0,0,0,4,0,,67,8,2010,4,39.9142,-75.1718,723.0,6,0,0,0,0,0,0,0,0,,0,0,0,7.0,1,1,1,,0,39 54:51.182,,0,75 10:18.543,4,0,0,0,67301,1,0,0,,0,0,0,2,67301,1,,1,1,,,,,0,,0,0,0,3,2,,715.0,1,2,0,0,0,0,0,3,4,0,1,3,,N,,,,,,,,,,,
2010052314,1855.0,0,0,0,0,0,0,1,0,0,1,1,,67,4,2010,6,40.0412,-75.0287,1850.0,6,0,0,0,0,0,1,0,0,1.0,0,0,0,18.0,1,1,0,,1,40 02:28.214,1.0,0,75 01:43.219,4,0,0,0,67301,0,0,0,,0,0,0,4,67301,1,,1,1,,N,N,,0,,0,0,0,0,0,N,1820.0,1,2,0,0,3,0,0,3,4,1,2,3,,N,,,,,,,,,,,
2010052344,215.0,1,0,0,0,0,0,0,0,0,7,0,,67,5,2010,3,39.9038,-75.1404,145.0,6,0,0,0,0,1,0,0,0,3.0,0,0,0,1.0,3,2,0,,2,39 54:13.816,1.0,0,75 08:25.491,4,0,0,0,67301,0,0,0,N,0,0,0,2,67301,2,,3,1,,N,N,,0,,0,0,0,0,0,Y,144.0,2,1,0,0,0,0,0,3,4,0,1,3,,N,,,,,,,,,,,
2010054864,850.0,0,0,0,0,0,0,2,0,0,1,2,,67,6,2010,3,39.909,-75.2419,840.0,6,0,0,0,0,0,1,0,0,3.0,0,0,0,7.0,1,2,2,,2,39 54:32.511,2.0,0,75 14:30.820,4,0,0,0,67301,0,0,0,N,0,0,0,51,67301,2,,1,9,,Y,N,,0,,0,0,0,3,2,Y,742.0,2,2,0,0,0,0,0,3,4,0,2,3,,N,,,,,,,,,,,
2010081254,1523.0,1,0,0,0,0,0,0,0,0,7,0,,67,8,2010,4,40.0496,-74.9952,1518.0,6,0,0,0,0,0,0,0,0,1.0,0,0,0,15.0,1,1,0,,1,40 02:58.678,2.0,0,74 59:42.987,8,0,0,0,67301,0,0,0,N,0,0,0,1,68K01,0,,2,1,,N,N,,0,,0,0,0,0,0,N,1516.0,1,1,0,0,0,1,0,3,4,0,1,3,,N,,,,,,,,,,,
2010044556,45.0,1,0,0,0,0,0,0,0,0,8,0,,67,4,2010,3,40.0299,-75.2064,40.0,6,0,0,0,0,0,0,0,0,,0,0,0,23.0,3,1,1,,0,40 01:47.599,,0,75 12:23.218,3,0,0,0,67301,1,0,0,N,1,0,0,2,67301,0,,4,1,,N,N,,0,,1,0,0,3,2,,2330.0,1,2,0,0,0,0,1,3,4,0,1,3,,N,,,,,,,,,,,
2010062305,1412.0,2,0,0,0,0,0,0,0,0,4,0,,67,6,2010,3,39.921,-75.1433,1411.0,6,0,0,0,0,0,0,0,0,,0,0,0,14.0,1,1,2,,0,39 55:15.490,,7,75 08:35.911,4,0,0,0,67301,0,0,0,,0,0,0,3,67301,1,,1,1,,N,N,,0,,0,0,0,3,3,,1410.0,1,2,0,0,1,0,0,3,4,0,2,3,,N,,,,,,,,,,,
2010081640,22.0,0,0,0,1,0,0,0,0,0,2,0,,67,7,2010,3,39.9802,-75.1693,20.0,6,0,0,0,0,0,0,0,0,,0,0,0,0.0,3,1,1,,0,39 58:48.569,,0,75 10:09.486,3,0,0,0,67301,1,0,0,,0,0,0,2,67301,0,,1,1,,,,,0,,1,0,0,3,3,,15.0,1,2,0,0,0,0,0,3,4,1,1,3,,N,,,,,,,,,,,
2010081641,530.0,1,0,0,0,0,0,1,0,0,4,1,,67,7,2010,2,40.073,-75.0366,525.0,6,0,0,0,0,0,1,0,1,,0,0,0,5.0,1,2,2,,0,40 04:22.889,,0,75 02:11.768,4,0,0,0,67301,0,0,0,N,0,0,0,4,67301,2,,1,1,,N,N,,0,,0,0,0,3,3,,522.0,2,2,0,0,0,0,0,3,4,0,2,3,,N,,,,,,,,,,,
2010062069,1616.0,0,0,0,0,0,0,0,0,0,8,0,,67,5,2010,5,40.0245,-75.1342,1451.0,6,0,0,0,0,0,0,0,0,,0,0,0,99.0,1,1,0,,0,40 01:28.146,,0,75 08:03.264,3,0,0,0,67301,1,0,0,N,1,0,0,2,67301,0,,6,1,,N,N,,0,,1,0,1,0,0,,9999.0,1,2,0,0,0,0,0,3,4,0,1,3,,N,,,,,,,,,,,
2010044760,2140.0,1,0,0,0,0,0,0,0,0,8,0,,67,4,2010,1,39.9607,-75.243,2134.0,6,0,0,0,0,0,1,0,0,,0,0,0,21.0,3,1,1,,0,39 57:38.457,,0,75 14:34.859,8,0,0,0,67301,1,0,0,N,1,0,0,2,67301,0,,1,1,,N,N,,0,,0,0,0,3,2,,2134.0,1,2,0,0,0,1,0,3,4,0,1,3,,N,,,,,,,,,,,
2010084612,550.0,1,0,0,0,0,0,0,0,0,2,0,,67,8,2010,7,39.9948,-75.0945,542.0,6,0,0,0,0,1,0,0,0,3.0,0,0,0,5.0,5,2,0,,2,39 59:41.158,5.0,0,75 05:40.118,4,0,0,0,67301,0,0,0,N,0,0,0,4,67301,2,,1,1,,N,N,,0,,0,0,1,0,0,N,535.0,2,2,0,0,0,0,0,3,4,0,2,3,,N,,,,,,,,,,,
2010128571,1929.0,2,0,0,0,0,0,0,0,0,1,0,,67,11,2010,3,39.9186,-75.2439,1927.0,6,0,0,0,0,0,0,0,0,,0,0,0,19.0,3,1,2,,0,39 55:06.808,,0,75 14:38.004,4,0,0,0,67301,0,0,0,N,0,0,0,2,67301,1,,1,9,,N,N,,0,,0,0,0,3,2,,1920.0,1,2,0,0,0,0,0,3,4,0,2,3,5.0,N,,,,,,,,,,,
2010048870,1320.0,2,0,0,0,0,0,1,0,0,5,1,,67,4,2010,7,39.9283,-75.1823,1315.0,6,0,0,0,0,0,1,0,0,,0,0,0,13.0,1,7,0,,0,39 55:41.811,,0,75 10:56.175,4,0,0,0,67301,0,0,0,N,0,0,0,9,67301,7,,1,1,,N,N,,1,,0,0,0,0,0,,1315.0,7,4,0,0,0,0,0,3,4,0,4,3,,N,,,,,,,,,,,
2010060383,2214.0,0,0,0,0,0,0,0,0,0,4,0,,67,6,2010,5,40.0946,-75.0152,2207.0,6,0,0,0,0,0,0,0,0,2.0,0,0,0,22.0,3,0,1,,2,40 05:40.718,1.0,0,75 00:54.707,0,0,0,0,67301,0,0,0,N,0,0,0,2,67301,0,,1,1,,N,N,,2,,0,0,0,3,2,N,2202.0,0,2,0,0,0,0,0,3,4,0,2,3,,N,,,,,,,,,,,
2010058838,9999.0,2,0,0,0,0,0,0,0,0,1,0,,67,5,2010,4,40.0262,-75.1173,9999.0,6,0,0,0,0,0,0,0,0,,0,0,0,99.0,1,1,1,,0,40 01:34.507,,99,75 07:01.776,3,0,0,0,67301,0,0,0,N,0,0,0,3,67301,0,,1,1,,,,,0,,1,0,0,3,2,,9999.0,1,2,0,0,0,0,1,3,4,0,2,3,,N,,,,,,,,,,,
2010058850,833.0,2,0,0,0,0,0,0,0,0,4,0,,67,4,2010,6,39.96,-75.2249,831.0,6,0,0,0,0,0,0,0,0,9.0,0,0,0,8.0,1,0,1,,1,39 57:35.788,2.0,0,75 13:29.538,9,0,0,0,67301,0,0,0,,0,0,0,3,67301,0,,1,1,,N,N,,0,,0,0,0,3,2,N,831.0,0,2,0,0,1,0,1,3,4,0,2,3,,N,,,,,,,,,,,
2010039246,1805.0,2,0,0,0,0,0,0,0,0,1,0,,67,3,2010,6,40.0725,-75.188,1756.0,6,0,0,0,0,0,0,0,0,,0,0,0,17.0,1,1,1,,0,40 04:21.003,,0,75 11:16.958,8,0,0,0,67301,0,0,0,N,0,0,0,3,67301,0,,1,1,,N,N,,0,,0,0,1,3,3,,1752.0,1,3,0,0,0,1,0,3,4,0,3,3,,N,,,,,,,,,,,
2010029737,840.0,2,0,0,0,0,0,0,0,0,5,0,,67,3,2010,3,39.9554,-75.1807,835.0,6,0,0,0,0,0,0,0,0,2.0,0,0,0,8.0,1,3,0,,2,39 57:24.835,4.0,0,75 10:49.150,8,0,0,0,67301,0,0,0,N,0,0,0,5,68K01,0,,1,1,,N,N,,0,,0,0,1,0,0,N,830.0,3,4,0,0,0,3,0,3,4,1,4,3,,N,,,,,,,,,,,
2010032791,1413.0,1,0,0,0,0,0,0,0,0,7,0,,67,3,2010,6,40.0732,-75.1581,1411.0,6,0,0,0,0,0,0,0,0,,0,0,0,14.0,1,0,2,,0,40 04:23.401,,0,75 09:29.267,0,0,0,0,67301,0,0,0,N,0,0,0,1,67301,0,,5,1,,N,N,,0,,0,0,0,0,0,,1411.0,0,1,0,0,0,0,0,3,4,0,1,3,,N,,,,,,,,,,,
2010032811,2245.0,1,0,0,0,0,0,0,0,0,4,0,,67,2,2010,5,40.0182,-75.173,2240.0,6,0,0,0,0,0,2,0,0,3.0,0,0,0,22.0,3,3,2,,2,40 01:05.552,5.0,0,75 10:22.752,8,0,0,0,67301,0,0,0,,0,0,0,4,67301,0,,1,1,,N,N,,0,,0,0,0,0,0,Y,2240.0,3,3,0,0,0,3,0,3,4,2,3,3,,N,,,,,,,,,,,
2010083485,1547.0,2,0,0,0,0,0,0,0,0,2,0,,67,7,2010,1,40.043,-75.07,1539.0,6,0,0,0,0,0,1,0,0,,0,0,0,14.0,1,3,1,,0,40 02:34.620,,0,75 04:12.043,4,0,0,0,67301,0,0,0,,0,0,0,3,67301,3,,1,1,,,,,0,,0,0,0,3,3,,1431.0,3,2,0,0,0,0,0,3,4,0,2,3,,N,,,,,,,,,,,
2010099785,1309.0,1,0,0,0,0,0,0,0,0,4,0,,67,8,2010,3,40.0948,-75.0153,1304.0,6,0,0,1,0,0,0,0,0,,0,0,0,13.0,1,0,1,,0,40 05:40.718,,0,75 00:54.707,0,0,0,0,67301,0,0,0,N,0,0,0,2,67301,0,,1,1,,N,N,,0,,0,0,0,3,2,,1303.0,0,2,0,0,0,0,0,3,4,1,2,3,,N,,,,,,,,,,,
2010105419,1308.0,2,0,0,0,0,0,0,0,0,1,0,,67,10,2010,6,39.9593,-75.1736,1304.0,6,0,0,0,0,0,0,1,0,1.0,0,0,0,12.0,1,1,0,,1,39 57:33.821,4.0,0,75 10:26.334,3,0,0,0,67301,0,0,0,N,0,0,0,3,68K01,0,,1,1,,N,N,,0,,1,0,1,0,0,N,1257.0,1,3,0,0,0,0,0,3,4,0,3,3,,N,,,,,,,,,,,
2010118045,1409.0,1,0,0,0,0,0,0,0,0,7,0,,67,10,2010,7,40.0283,-75.1623,1408.0,6,0,0,0,1,0,0,0,0,,0,0,0,14.0,1,0,1,,0,40 01:42.021,,0,75 09:44.156,9,0,0,0,67301,0,0,0,N,0,0,0,1,67301,0,,5,1,,N,N,,0,,0,0,0,3,2,,1400.0,0,1,0,0,0,0,1,3,4,0,1,3,,N,,,,,,,,,,,
2010118074,1650.0,0,0,0,0,0,0,0,0,0,4,0,,67,11,2010,5,40.0325,-75.1898,1641.0,6,0,0,1,0,0,0,0,0,,0,0,0,16.0,1,0,2,,0,40 01:57.000,,0,75 11:23.074,0,0,0,0,67301,0,0,0,N,0,0,0,3,67301,0,,1,9,,N,N,,0,,0,0,2,3,2,,1631.0,0,2,0,0,0,0,0,3,4,0,2,7,,N,,,,,,,,,,,
2010110724,835.0,1,0,0,0,0,0,0,0,0,8,0,,67,10,2010,5,39.9625,-75.2162,829.0,6,0,0,0,0,0,1,0,0,,0,0,0,8.0,1,1,1,,0,39 57:44.725,,0,75 12:56.902,4,0,0,0,67301,1,0,0,N,1,0,0,2,67301,1,,1,1,,N,N,,0,,0,0,0,3,2,,820.0,1,2,0,0,0,0,0,3,4,0,1,3,,N,,,,,,,,,,,
2010110743,1645.0,0,0,0,0,0,0,1,0,0,8,1,,67,10,2010,3,39.9509,-75.2268,1638.0,6,0,0,0,0,0,0,0,0,,0,0,0,16.0,1,1,0,,0,39 57:03.285,,0,75 13:36.340,4,0,0,0,67301,1,0,0,,1,0,0,2,67301,1,,3,1,,N,N,,0,,0,0,0,0,0,,1602.0,1,2,0,0,0,0,0,3,4,0,1,3,,N,,,,,,,,,,,
2010102512,1943.0,1,0,0,0,0,0,0,0,0,2,0,,67,9,2010,5,40.0083,-75.1944,1940.0,6,0,0,0,0,0,0,0,0,1.0,0,0,0,19.0,3,2,2,,1,40 00:26.314,1.0,0,75 11:31.785,4,0,0,0,67301,0,0,0,N,0,0,0,3,67301,2,,1,1,,N,N,,0,,0,0,1,3,2,Y,1938.0,2,2,0,0,0,0,0,3,4,0,2,3,,N,,,,,,,,,,,
2010058317,958.0,2,0,0,0,0,0,0,0,0,5,1,,67,6,2010,5,39.9464,-75.1424,944.0,6,0,0,0,0,0,2,0,0,2.0,0,1,0,9.0,1,0,0,,1,39 56:46.970,2.0,0,75 08:32.741,0,0,0,0,67301,0,0,0,N,0,0,0,4,68K01,0,,1,1,,N,N,,0,,0,0,0,0,0,N,941.0,0,3,0,0,0,0,0,3,4,0,3,3,,N,,,,,,,,,,,
2010087030,1203.0,1,0,0,0,0,0,0,0,0,7,0,,67,9,2010,7,39.8796,-75.2485,1201.0,6,0,0,0,0,0,0,0,0,1.0,0,0,0,11.0,1,0,0,,1,39 52:46.732,2.0,0,75 14:54.518,0,0,0,0,67301,0,0,0,Y,0,0,0,2,68K01,0,,2,1,,N,N,,0,,0,0,0,0,0,N,1150.0,0,1,0,0,0,0,0,3,4,0,1,3,,N,,,,,,,,,,,
2010105103,910.0,2,0,0,0,0,0,0,0,0,1,0,,67,9,2010,3,39.9597,-75.2474,925.0,6,0,0,0,0,0,1,0,0,,0,0,0,9.0,1,1,2,,0,39 57:34.816,,0,75 14:50.653,8,0,0,0,67301,0,0,0,N,0,0,0,2,67301,0,,1,98,,N,N,,0,,0,0,0,3,2,,910.0,1,2,0,0,0,1,0,3,4,0,2,3,,N,,,,,,,,,,,
2010107696,530.0,1,0,0,0,0,0,0,0,0,1,1,,67,10,2010,4,39.9331,-75.2,530.0,6,0,0,0,0,0,0,1,0,1.0,0,1,0,5.0,3,0,0,,1,39 56:04.547,4.0,0,75 11:59.460,0,0,0,0,67301,0,0,0,N,0,0,0,2,68K01,0,,1,1,,N,N,,0,,0,0,0,0,0,N,529.0,0,2,0,0,0,0,0,3,4,0,2,3,,N,,,,,,,,,,,
2010075835,612.0,0,0,0,0,0,0,0,0,0,0,0,45.0,67,8,2010,6,39.8993,-75.1756,553.0,6,0,0,0,0,0,0,0,0,,0,0,0,5.0,5,1,0,,0,39 53:56.034,,0,75 10:21.381,4,0,0,1,67301,0,0,0,N,0,0,0,1,68K01,1,,1,1,,N,N,,0,,0,0,0,0,0,,548.0,1,1,0,0,0,0,0,3,4,0,1,3,,Y,2.0,1.0,N,N,N,N,N,Y,N,N,
2010091248,1530.0,1,0,0,0,0,0,0,0,0,7,0,,67,8,2010,5,40.007,-75.192,1530.0,6,0,0,0,0,0,0,0,0,1.0,0,0,0,15.0,1,0,0,,1,40 00:25.338,3.0,0,75 11:31.044,0,0,0,0,67301,0,0,0,,0,0,0,2,67301,0,,2,1,,,,,0,,0,0,0,0,0,N,1530.0,0,1,0,0,0,0,0,3,4,0,1,3,,N,,,,,,,,,,,
2010088716,831.0,1,0,0,0,0,0,0,0,0,4,0,,67,8,2010,6,40.0352,-75.1448,830.0,6,0,0,0,0,0,1,0,0,,0,0,0,8.0,1,2,1,,0,40 02:06.568,,0,75 08:41.251,8,0,0,0,67301,0,0,0,N,0,0,0,3,67301,0,,1,1,,N,N,,1,,0,0,0,3,2,,831.0,2,2,0,0,0,2,0,3,4,0,2,3,,N,,,,,,,,,,,
2010088718,1228.0,2,0,0,0,0,0,0,0,0,1,0,,67,8,2010,6,39.8946,-75.2296,1223.0,6,0,0,0,1,0,0,0,0,1.0,0,0,0,12.0,1,1,2,,1,39 53:40.395,3.0,0,75 13:46.507,8,0,0,0,67301,0,0,0,N,0,0,0,4,67301,0,,1,1,,N,N,,0,,0,0,0,3,2,N,1214.0,1,2,0,0,0,1,0,3,4,0,2,3,,N,,,,,,,,,,,
2010084225,1519.0,1,0,0,0,0,0,0,0,0,4,0,,67,7,2010,1,40.1143,-74.9879,1508.0,6,0,0,0,0,0,1,0,0,2.0,0,0,0,14.0,1,1,1,,1,40 06:51.356,3.0,0,74 59:16.486,8,0,0,0,67301,0,0,0,N,0,0,0,2,67301,0,,1,98,,N,N,,1,,0,0,0,3,2,N,1446.0,1,2,0,0,0,1,0,3,4,0,2,99,,N,,,,,,,,,,,
2010084239,1116.0,0,0,0,0,0,0,0,0,0,4,0,,67,7,2010,7,40.0415,-75.0539,1112.0,6,0,0,0,0,0,0,0,0,,0,0,0,11.0,1,1,1,,0,40 02:29.511,,0,75 03:13.913,4,0,0,0,67301,1,0,0,N,1,0,0,2,67301,1,,1,1,,N,N,,0,,0,0,1,3,3,,1100.0,1,2,0,0,0,0,1,3,4,0,1,3,,N,,,,,,,,,,,
2010052287,1523.0,1,0,0,0,0,0,0,0,0,8,0,,67,5,2010,5,40.0114,-75.1318,1516.0,6,0,0,0,0,0,0,0,0,,0,0,0,15.0,1,1,2,,0,40 00:41.202,,0,75 07:54.411,4,0,0,0,67301,1,0,0,,1,0,0,2,67301,1,,1,1,,N,Y,,0,,0,0,0,3,3,,1516.0,1,2,0,0,0,0,0,3,4,0,1,3,,N,,,,,,,,,,,
2010051620,1711.0,1,0,0,0,0,0,0,0,0,4,0,,67,4,2010,6,40.0306,-75.1041,1707.0,6,0,0,0,0,0,1,0,0,,0,0,0,17.0,1,0,1,,0,40 01:50.302,,0,75 06:14.873,0,0,0,0,67301,0,0,0,N,0,0,0,3,67301,0,,1,1,,N,N,,0,,0,0,1,3,1,,1706.0,0,2,0,0,0,0,0,3,4,0,2,3,,N,,,,,,,,,,,
2010052353,1535.0,0,0,0,0,0,0,1,0,0,4,1,,67,5,2010,3,39.9933,-75.1493,1530.0,6,0,0,0,0,0,0,0,0,2.0,0,0,0,15.0,1,2,1,,1,39 59:35.701,6.0,0,75 08:57.301,4,0,0,0,67301,0,0,0,N,0,0,0,4,67301,2,,1,1,,Y,N,,1,,0,0,0,3,2,Y,1525.0,2,2,0,0,0,0,2,3,4,0,2,3,,N,,,,,,,,,,,
2010052039,1726.0,1,0,0,0,0,0,0,0,0,1,0,,67,5,2010,5,39.989,-75.2067,1715.0,6,0,0,0,0,0,1,0,0,,0,0,0,16.0,1,0,0,,0,39 59:23.543,,0,75 12:21.090,0,0,0,0,67301,0,0,0,N,0,0,0,2,68K01,0,,1,1,,N,N,,1,,0,0,0,0,0,,1657.0,0,2,0,0,0,0,0,3,4,0,2,3,,N,,,,,,,,,,,
2010044527,1229.0,0,0,0,0,0,0,0,0,0,5,0,,67,4,2010,6,39.9593,-75.2443,1221.0,6,0,0,0,0,0,1,1,0,,0,0,0,12.0,1,2,0,,0,39 57:33.442,,0,75 14:39.530,3,0,0,0,67301,0,0,0,N,0,0,0,4,67301,1,,1,1,,N,N,,1,,1,0,1,0,0,,1220.0,2,2,0,0,0,0,0,3,4,0,2,3,,N,,,,,,,,,,,
2010062332,9999.0,1,0,0,0,0,0,0,0,0,0,0,,67,5,2010,4,39.9932,-75.1243,9999.0,6,0,0,0,0,0,0,0,0,,0,0,0,99.0,1,1,0,,0,39 59:35.563,,0,75 07:27.553,4,0,0,0,67301,0,0,0,N,0,0,0,2,67301,1,,1,1,,N,N,,0,,0,0,0,0,0,,9999.0,1,1,0,0,0,0,0,3,4,0,1,3,,N,,,,,,,,,,,
2010062340,1020.0,2,0,0,0,0,0,0,0,0,2,0,,67,6,2010,6,40.0189,-75.0495,1013.0,6,0,0,0,0,0,0,0,0,9.0,0,0,0,10.0,1,1,1,,1,40 01:08.120,4.0,1,75 02:58.216,3,0,0,0,67301,0,0,0,N,0,0,0,2,67301,0,,1,1,,N,N,,0,,1,0,0,3,8,N,1010.0,1,2,0,0,0,0,0,3,4,0,2,3,,N,,,,,,,,,,,