CRN,ARRIVAL_TM,AUTOMOBILE_COUNT,BELTED_DEATH_COUNT,BELTED_SUSP_SERIOUS_INJ_COUNT,BICYCLE_COUNT,BICYCLE_DEATH_COUNT,BICYCLE_SUSP_SERIOUS_INJ_COUNT,BUS_COUNT,CHLDPAS_DEATH_COUNT,CHLDPAS_SUSP_SERIOUS_INJ_COUNT,COLLISION_TYPE,COMM_VEH_COUNT,CONS_ZONE_SPD_LIM,COUNTY,CRASH_MONTH,CRASH_YEAR,DAY_OF_WEEK,DEC_LAT,DEC_LONG,DISPATCH_TM,DISTRICT,DRIVER_COUNT_16YR,DRIVER_COUNT_17YR,DRIVER_COUNT_18YR,DRIVER_COUNT_19YR,DRIVER_COUNT_20YR,DRIVER_COUNT_50_64YR,DRIVER_COUNT_65_74YR,DRIVER_COUNT_75PLUS,EST_HRS_CLOSED,FATAL_COUNT,HEAVY_TRUCK_COUNT,HORSE_BUGGY_COUNT,HOUR_OF_DAY,ILLUMINATION,INJURY_COUNT,INTERSECT_TYPE,INTERSECTION_RELATED,LANE_CLOSED,LATITUDE,LN_CLOSE_DIR,LOCATION_TYPE,LONGITUDE,MAX_SEVERITY_LEVEL,MCYCLE_DEATH_COUNT,MCYCLE_SUSP_SERIOUS_INJ_COUNT,MOTORCYCLE_COUNT,MUNICIPALITY,NONMOTR_COUNT,NONMOTR_DEATH_COUNT,NONMOTR_SUSP_SERIOUS_INJ_COUNT,NTFY_HIWY_MAINT,PED_COUNT,PED_DEATH_COUNT,PED_SUSP_SERIOUS_INJ_COUNT,PERSON_COUNT,POLICE_AGCY,POSSIBLE_INJ_COUNT,RDWY_SURF_TYPE_CD,RELATION_TO_ROAD,ROAD_CONDITION,ROADWAY_CLEARED,SCH_BUS_IND,SCH_ZONE_IND,SECONDARY_CRASH,SMALL_TRUCK_COUNT,SPEC_JURIS_CD,SUSP_MINOR_INJ_COUNT,SUSP_SERIOUS_INJ_COUNT,SUV_COUNT,TCD_FUNC_CD,TCD_TYPE,TFC_DETOUR_IND,TIME_OF_DAY,TOT_INJ_COUNT,TOTAL_UNITS,UNB_DEATH_COUNT,UNB_SUSP_SERIOUS_INJ_COUNT,UNBELTED_OCC_COUNT,UNK_INJ_DEG_COUNT,UNK_INJ_PER_COUNT,URBAN_AREA,URBAN_RURAL,VAN_COUNT,VEHICLE_COUNT,WEATHER1,WEATHER2,WORK_ZONE_IND,WORK_ZONE_LOC,WORK_ZONE_TYPE,WORKERS_PRES,WZ_CLOSE_DETOUR,WZ_FLAGGER,WZ_LAW_OFFCR_IND,WZ_LN_CLOSURE,WZ_MOVING,WZ_OTHER,WZ_SHLDER_MDN,WZ_WORKERS_INJ_KILLED
2010062088,1259.0,2,0,0,0,0,0,0,0,0,1,0,,67,5,2010,6,40.133,-75.0108,1240.0,6,0,0,0,0,0,1,0,0,,0,0,0,12.0,1,0,2,,0,40 07:58.781,,0,75 00:38.853,0,0,0,0,67301,0,0,0,N,0,0,0,2,67301,0,,1,1,,N,N,,0,,0,0,0,0,0,,1230.0,0,2,0,0,0,0,0,3,4,0,2,3,,N,,,,,,,,,,,
2010044747,608.0,0,0,0,0,0,0,0,0,0,8,0,,67,4,2010,4,39.9817,-75.2262,606.0,6,0,0,0,0,0,0,0,0,,0,0,0,6.0,5,1,1,,0,39 58:53.950,,0,75 13:34.463,4,0,0,0,67301,1,0,0,N,1,0,0,2,67301,1,,1,1,,N,N,,1,,0,0,0,3,3,,601.0,1,2,0,0,0,0,0,3,4,0,1,3,,N,,,,,,,,,,,
2010044755,1747.0,1,0,0,0,0,0,0,0,0,8,0,,67,4,2010,2,39.9892,-75.1422,1745.0,6,0,0,0,0,0,0,0,0,,0,0,0,17.0,1,1,2,,0,39 59:21.076,,0,75 08:31.981,4,0,0,0,67301,1,0,0,N,1,0,0,2,67301,1,,1,1,,N,N,,0,,0,0,0,3,3,,1745.0,1,2,0,0,0,0,0,3,4,0,1,3,,N,,,,,,,,,,,
2010044764,1739.0,0,0,0,0,0,0,0,0,0,9,0,,67,4,2010,7,40.03,-75.2306,1733.0,6,0,0,1,0,0,0,0,0,,0,0,0,17.0,1,1,0,,0,40 01:47.888,,0,75 13:50.060,4,0,0,0,67301,0,0,0,N,0,0,0,1,67301,1,,1,1,,N,N,,0,,0,0,0,0,0,,1715.0,1,1,0,0,0,0,0,3,4,0,1,3,,N,,,,,,,,,,,
2010044767,1614.0,2,0,0,0,0,0,0,0,0,5,0,,67,3,2010,1,40.0211,-75.1399,1610.0,6,0,0,0,0,0,0,0,0,2.0,0,0,0,16.0,1,3,1,,1,40 01:15.937,1.0,0,75 08:23.758,3,0,0,0,67301,0,0,0,N,0,0,0,9,67301,0,,1,1,,N,N,,0,,3,0,0,3,2,N,1608.0,3,2,0,0,2,0,0,3,4,0,2,3,,N,,,,,,,,,,,
2010044788,1820.0,1,0,0,0,0,0,0,0,0,7,0,,67,3,2010,1,39.9669,-75.1608,1817.0,6,0,0,0,0,0,0,0,1,,0,0,0,18.0,1,1,1,,0,39 58:01.216,,0,75 09:38.988,8,0,0,0,67301,0,0,0,,0,0,0,1,67301,0,,5,1,,N,N,,0,,0,0,0,3,2,,1815.0,1,1,0,0,0,1,0,3,4,0,1,3,,N,,,,,,,,,,,
2010044791,1535.0,2,0,0,0,0,0,0,0,0,4,0,,67,4,2010,6,40.0072,-75.1234,530.0,6,0,0,0,0,0,0,0,0,,0,0,0,15.0,1,1,1,,0,40 00:25.981,,0,75 07:24.378,4,0,0,0,67301,0,0,0,,0,0,0,3,67301,1,,1,1,,,,,0,,0,0,0,0,0,,1505.0,1,2,0,0,0,0,0,3,4,0,2,3,,N,,,,,,,,,,,
2010044826,1555.0,1,0,0,0,0,0,0,0,0,8,0,,67,4,2010,6,39.9516,-75.1703,1550.0,6,0,0,0,0,0,0,0,0,,0,0,0,15.0,1,1,0,,0,39 57:05.763,,99,75 10:13.135,4,0,0,0,67301,1,0,0,N,1,0,0,4,67301,1,,1,9,,N,N,,0,,0,0,1,0,0,,1545.0,1,3,0,0,0,0,0,3,4,0,2,3,,N,,,,,,,,,,,
2010044844,1340.0,2,0,0,0,0,0,0,0,0,1,0,,67,3,2010,7,40.02,-75.1616,1335.0,6,0,0,0,0,0,0,1,0,1.0,0,0,0,13.0,1,0,0,,2,40 01:11.936,2.0,3,75 09:41.756,0,0,0,0,67301,0,0,0,N,0,0,0,7,67301,0,,1,1,,N,N,,0,,0,0,1,0,0,N,1335.0,0,3,0,0,1,0,0,3,4,0,3,3,,N,,,,,,,,,,,
2010044859,420.0,2,0,0,0,0,0,0,0,0,1,0,,67,4,2010,7,39.9461,-75.2421,411.0,6,0,0,0,0,0,0,0,0,,0,0,0,4.0,3,1,1,,0,39 56:45.881,,0,75 14:31.459,4,0,0,0,67301,0,0,0,N,0,0,0,3,67301,1,,1,1,,N,N,,0,,0,0,1,3,2,,411.0,1,3,0,0,0,0,0,3,4,0,3,3,,N,,,,,,,,,,,
2010084580,440.0,1,0,0,0,0,0,0,0,0,5,0,,67,7,2010,4,39.9362,-75.1931,436.0,6,0,0,0,0,0,0,0,0,3.0,0,0,0,4.0,2,0,0,,2,39 56:10.168,4.0,0,75 11:35.124,0,0,0,0,67301,0,0,0,N,0,0,0,1,67301,0,,1,1,,N,N,,0,,0,0,3,0,0,Y,427.0,0,4,0,0,0,0,0,3,4,0,4,3,,N,,,,,,,,,,,
2010084596,1440.0,0,0,0,0,0,0,0,0,0,8,1,,67,7,2010,6,39.9206,-75.1704,1430.0,6,0,0,0,0,0,0,0,0,,0,1,0,11.0,1,1,1,,0,39 55:14.472,,0,75 10:13.981,2,0,0,0,67301,1,0,1,N,1,0,1,2,67301,0,,1,1,,N,N,,0,,0,1,0,3,2,,1130.0,1,2,0,0,0,0,1,3,4,0,1,3,,N,,,,,,,,,,,
2010060285,1550.0,2,0,0,0,0,0,0,0,0,4,0,,67,5,2010,5,39.997,-75.1786,1546.0,6,0,0,0,0,0,0,0,0,,0,0,0,15.0,1,3,1,,0,39 59:49.350,,0,75 10:42.861,4,0,0,0,67301,0,0,0,N,0,0,0,4,67301,2,,1,1,,N,N,,0,,0,0,0,3,2,,1540.0,3,2,0,0,0,1,1,3,4,0,2,3,,N,,,,,,,,,,,
2010039264,1326.0,0,0,0,0,0,0,0,0,0,1,0,,67,3,2010,5,39.9842,-75.2607,1320.0,6,0,0,0,0,0,1,0,0,,0,0,0,13.0,1,2,2,,0,39 59:03.233,,0,75 15:38.502,8,0,0,0,67301,0,0,0,N,0,0,0,4,67301,0,,1,1,,N,N,,1,,0,0,1,3,2,,1314.0,2,2,0,0,0,2,0,3,4,0,2,3,,N,,,,,,,,,,,
2010026400,2316.0,2,0,0,0,0,0,0,0,0,1,0,,67,2,2010,7,39.9805,-75.2056,2313.0,6,0,0,0,0,0,0,1,0,,0,0,0,23.0,3,1,0,,0,39 58:52.764,,0,75 12:24.342,4,0,0,0,67301,0,0,0,N,0,0,0,2,68K01,1,,1,1,,N,N,,0,,0,0,0,0,0,,2311.0,1,2,0,0,0,0,0,3,4,0,2,3,,N,,,,,,,,,,,
2010032810,2035.0,0,0,0,0,0,0,0,0,0,8,0,,67,3,2010,1,39.9976,-75.1295,2033.0,6,0,0,0,0,0,0,0,0,,0,0,0,19.0,3,1,1,,0,39 59:51.432,,0,75 07:46.127,4,0,0,0,67301,1,0,0,,1,0,0,2,67301,1,,1,1,,,,,0,,0,0,0,9,3,,1920.0,1,2,0,0,0,0,0,3,4,0,1,3,,N,,,,,,,,,,,
2010078362,9999.0,1,0,0,0,0,0,0,0,0,8,0,,67,6,2010,4,39.9899,-75.1474,9999.0,6,0,0,0,0,0,0,0,0,,0,0,0,13.0,1,1,1,,0,39 59:23.560,,0,75 08:50.719,8,0,0,0,67301,1,0,0,N,1,0,0,2,67301,0,,1,1,,N,N,,0,,0,0,0,3,2,,1340.0,1,2,0,0,0,1,0,3,4,0,1,3,,N,,,,,,,,,,,
2010104971,948.0,4,0,0,0,0,0,0,0,0,6,0,,67,9,2010,5,39.9812,-75.2001,948.0,6,0,0,0,0,0,2,1,0,2.0,0,0,0,9.0,1,3,0,,2,39 58:52.062,1.0,0,75 11:59.478,4,0,0,0,67301,0,0,0,N,0,0,0,5,67301,3,,1,9,,N,N,,0,,0,0,0,0,0,Y,946.0,3,4,0,0,1,0,0,3,4,0,4,3,,N,,,,,,,,,,,
2010026584,549.0,0,0,0,0,0,0,0,0,0,7,0,,67,2,2010,6,40.0079,-75.2022,541.0,6,0,0,0,0,0,1,0,0,1.0,0,0,0,5.0,3,0,0,,1,40 00:27.924,3.0,0,75 12:06.528,0,0,0,0,67301,0,0,0,N,0,0,0,1,68K01,0,,3,7,,N,N,,0,,0,0,1,0,0,N,540.0,0,1,0,0,0,0,0,3,4,0,1,10,,N,,,,,,,,,,,
2010099792,1536.0,1,0,0,0,0,0,0,0,0,8,0,,67,7,2010,7,40.0163,-75.0671,1534.0,6,0,0,0,0,0,0,0,0,,0,0,0,15.0,1,2,0,,0,40 00:59.435,,0,75 04:00.854,8,0,0,0,67301,2,0,0,,2,0,0,3,67301,0,,2,1,,,,,0,,0,0,0,3,2,,1532.0,2,3,0,0,0,2,0,3,4,0,1,3,,N,,,,,,,,,,,
2010110722,1705.0,1,0,0,1,0,0,0,0,0,5,0,,67,10,2010,4,39.9844,-75.1419,1659.0,6,0,0,0,0,0,0,0,0,,0,0,0,17.0,1,1,1,,0,39 59:03.987,,0,75 08:30.724,8,0,0,0,67301,1,0,0,N,0,0,0,2,67301,0,,1,9,,N,N,,0,,0,0,0,3,2,,1730.0,1,2,0,0,0,1,0,3,4,0,1,99,,N,,,,,,,,,,,
2010097384,1436.0,1,0,0,0,0,0,0,0,0,1,0,,67,10,2010,3,39.9718,-75.1227,1423.0,6,0,0,0,0,0,0,0,0,1.0,0,0,0,14.0,1,0,0,,2,39 58:22.135,1.0,0,75 07:16.285,0,0,0,0,67301,0,0,0,N,0,0,0,2,68K01,0,,1,9,,N,N,,0,,0,0,1,0,0,N,1420.0,0,2,0,0,0,0,0,3,4,0,2,7,,N,,,,,,,,,,,
2010105011,1835.0,2,0,0,0,0,0,0,0,0,4,0,,67,9,2010,4,39.995,-75.2276,1825.0,6,0,0,0,1,0,0,0,0,,0,0,0,18.0,1,2,1,,0,39 59:42.111,,0,75 13:39.536,3,0,0,0,67301,0,0,0,N,0,0,0,2,67301,0,,1,1,,,,,0,,1,0,0,3,3,,1820.0,2,2,0,0,0,1,0,3,4,0,2,3,,N,,,,,,,,,,,
2010118393,2335.0,2,0,0,0,0,0,0,0,0,1,0,,67,10,2010,1,40.0578,-75.1769,2335.0,6,0,0,0,0,0,0,1,0,,0,0,0,23.0,3,1,0,,0,40 03:28.000,,0,75 10:36.663,8,0,0,0,67301,0,0,0,N,0,0,0,1,67301,0,,6,1,,N,N,,0,,0,0,0,0,0,,2320.0,1,2,0,0,0,1,0,3,4,0,2,3,,N,,,,,,,,,,,
2010118406,335.0,1,0,0,0,0,0,0,0,0,8,0,,67,11,2010,2,39.9932,-75.1597,330.0,6,0,0,0,0,0,0,0,0,,0,0,0,99.0,1,1,0,,0,39 59:35.552,,0,75 09:34.909,4,0,0,0,67301,1,0,0,,1,0,0,2,67301,1,,1,1,,N,N,,0,,0,0,0,0,0,,9999.0,1,2,0,0,0,0,0,3,4,0,1,3,,N,,,,,,,,,,,
2010107698,1513.0,1,0,0,0,0,0,0,0,0,7,0,,67,10,2010,6,39.8793,-75.2485,1457.0,6,0,0,0,0,0,0,1,0,,0,0,0,14.0,1,1,0,,0,39 52:43.545,,0,75 14:57.854,4,0,0,0,67301,0,0,0,Y,0,0,0,1,68K01,1,,3,1,,N,N,,0,,0,0,0,0,0,,1451.0,1,1,0,0,0,0,0,3,4,0,1,3,,N,,,,,,,,,,,
2010034196,1135.0,2,0,0,0,0,0,0,0,0,4,0,,67,3,2010,4,39.9968,-75.1399,1133.0,6,0,0,0,0,0,1,0,0,,0,1,0,11.0,1,2,1,,0,39 59:48.368,,0,75 08:23.528,4,0,0,0,67301,0,0,0,N,0,0,0,6,67301,2,,1,1,,N,N,,0,,0,0,0,3,3,,1100.0,2,3,0,0,2,0,0,3,4,0,3,3,,N,,,,,,,,,,,
2010034205,1450.0,1,0,0,0,0,0,0,0,0,1,0,,67,3,2010,2,40.0255,-75.1227,1437.0,6,0,0,0,0,0,1,0,0,,0,0,0,14.0,1,1,1,,0,40 01:31.746,,0,75 07:20.688,4,0,0,0,67301,0,0,0,N,0,0,0,9,67301,1,,1,1,,N,N,,0,,0,0,0,3,2,,1435.0,1,2,0,0,0,0,0,3,4,1,2,3,,N,,,,,,,,,,,
2010039226,221.0,1,0,0,0,0,0,0,0,0,2,0,,67,3,2010,7,40.0341,-75.1059,220.0,6,0,0,0,0,0,0,0,0,1.0,0,0,0,2.0,3,1,1,,2,40 02:02.803,6.0,0,75 06:21.333,8,0,0,0,67301,0,0,0,,0,0,0,5,67301,0,,1,9,,,,,0,,0,0,1,3,2,Y,210.0,1,2,0,0,0,1,0,3,4,0,2,7,,N,,,,,,,,,,,
2010039231,745.0,0,0,0,0,0,0,0,0,0,8,0,,67,2,2010,5,40.0108,-75.1266,729.0,6,0,0,0,0,1,0,0,0,,0,0,0,7.0,1,1,1,,0,40 00:38.808,,0,75 07:35.921,4,0,0,0,67301,1,0,0,,1,0,0,3,67301,1,,1,1,,N,Y,,0,,0,0,1,3,2,,729.0,1,2,0,0,0,0,0,3,4,0,1,3,,N,,,,,,,,,,,
2010088654,1224.0,1,0,0,0,0,0,0,0,0,8,0,,67,7,2010,7,40.0126,-75.0729,1224.0,6,0,0,0,0,0,0,0,0,,0,0,0,99.0,1,1,0,,0,40 00:45.356,,0,75 04:22.844,3,0,0,0,67301,1,0,0,,1,0,0,2,67301,0,,1,1,,,,,0,,1,0,0,0,0,,9999.0,1,2,0,0,0,0,0,3,4,0,1,3,,N,,,,,,,,,,,
2010099726,20.0,2,0,0,0,0,0,0,0,0,4,0,,67,9,2010,2,40.0414,-75.1201,15.0,6,0,0,0,0,0,0,0,0,3.0,0,0,0,22.0,3,2,1,,1,40 02:29.198,2.0,0,75 07:12.381,4,0,0,0,67301,0,0,0,N,0,0,0,3,67301,2,,1,1,,N,N,,0,,0,0,0,3,2,Y,2243.0,2,2,0,0,0,0,1,3,4,0,2,3,,N,,,,,,,,,,,
2010103049,1820.0,2,0,0,0,0,0,0,0,0,4,0,,67,9,2010,5,40.0215,-75.158,1820.0,6,0,0,0,0,0,1,0,0,,0,0,0,18.0,1,1,2,,0,40 01:17.526,,0,75 09:28.708,4,0,0,0,67301,0,0,0,N,0,0,0,2,67301,1,,1,1,,N,N,,0,,0,0,0,0,0,,1820.0,1,2,0,0,1,0,0,3,4,0,2,3,,N,,,,,,,,,,,
2010114334,414.0,1,0,0,0,0,0,0,0,0,7,0,,67,10,2010,2,40.0136,-75.1189,340.0,6,0,0,0,0,0,0,0,0,,0,0,0,3.0,3,0,0,,0,40 00:49.033,,0,75 07:08.130,0,0,0,0,67301,0,0,0,N,0,0,0,1,67301,0,,4,1,,N,N,,0,,0,0,0,0,0,,338.0,0,2,0,0,0,0,0,3,4,0,1,3,,N,,,,,,,,,,,
2010117893,220.0,1,0,0,0,0,0,0,0,0,7,0,,67,10,2010,6,39.9324,-75.219,213.0,6,0,0,0,0,0,0,0,0,,0,0,0,99.0,2,3,0,,0,39 55:56.586,,0,75 13:08.417,4,0,0,0,67301,0,0,0,N,0,0,0,3,67301,3,,3,1,,N,N,,0,,0,0,0,0,0,,9999.0,3,1,0,0,0,0,0,3,4,0,1,3,,N,,,,,,,,,,,
2010117895,1400.0,3,0,0,0,0,0,0,0,0,4,0,,67,11,2010,2,39.9228,-75.2384,1300.0,6,0,0,0,0,0,1,0,0,,0,0,0,13.0,1,1,1,,0,39 55:21.975,,0,75 14:18.329,8,0,0,0,67301,0,0,0,N,0,0,0,3,67301,0,,1,1,,N,N,,0,,0,0,0,3,2,,1300.0,1,3,0,0,0,1,0,3,4,0,3,3,,N,,,,,,,,,,,
2010114260,40.0,4,0,0,0,0,0,0,0,0,6,0,,67,10,2010,6,40.0658,-75.1675,35.0,6,0,0,0,0,0,0,0,0,3.0,0,0,0,0.0,3,0,0,,1,40 03:56.809,4.0,0,75 10:03.092,0,0,0,0,67301,0,0,0,N,0,0,0,0,67301,0,,6,9,,N,N,,0,,0,0,0,0,0,N,30.0,0,4,0,0,0,0,0,3,4,0,4,7,,N,,,,,,,,,,,
2010114326,1537.0,1,0,0,0,0,0,0,0,0,4,0,,67,10,2010,5,40.013,-75.1194,1536.0,6,0,0,0,0,0,0,0,0,,0,0,0,15.0,1,1,1,,0,40 00:46.713,,0,75 07:09.797,4,0,0,0,67301,0,0,0,N,0,0,0,2,67301,1,,1,1,,N,N,,0,,0,0,0,0,0,,1536.0,1,2,0,0,1,0,1,3,4,0,2,3,,N,,,,,,,,,,,
2010014990,2311.0,2,0,0,0,0,0,0,0,0,4,0,,67,1,2010,1,40.0012,-75.2264,2309.0,6,0,0,0,0,0,0,0,0,,0,0,0,23.0,3,1,1,,0,40 00:04.340,,0,75 13:35.009,4,0,0,0,67301,0,0,0,N,0,0,0,3,46104,1,,1,1,,N,N,,0,,0,0,0,3,2,,2309.0,1,2,0,0,0,0,0,3,4,0,2,3,,N,,,,,,,,,,,
2010042527,2310.0,1,0,0,0,0,0,0,0,0,7,0,,67,5,2010,7,39.9694,-75.127,2259.0,6,0,0,0,0,0,0,0,0,1.0,0,0,0,22.0,3,1,0,,1,39 58:09.306,2.0,0,75 07:37.992,8,0,0,0,67301,0,0,0,Y,0,0,0,1,68K01,0,,2,1,,N,N,,0,,0,0,0,0,0,N,2257.0,1,1,0,0,1,1,0,3,4,0,1,3,,N,,,,,,,,,,,
2010048649,2017.0,2,0,0,0,0,0,0,0,0,1,0,,67,4,2010,5,39.9207,-75.1411,2010.0,6,0,0,0,0,0,0,0,0,,0,0,0,20.0,3,4,1,,0,39 55:14.471,,0,75 08:27.940,8,0,0,0,67301,0,0,0,N,0,0,0,5,67301,0,,1,1,,N,N,,0,,0,0,0,3,2,,2005.0,4,2,0,0,0,4,0,3,4,0,2,3,,N,,,,,,,,,,,
2010070710,1645.0,1,0,0,0,0,0,0,0,0,5,0,,67,6,2010,4,40.0142,-75.1885,1640.0,6,0,0,0,0,0,0,0,0,,0,0,0,17.0,1,1,2,,0,40 00:51.203,,0,75 11:18.504,4,0,0,0,67301,1,0,0,,1,0,0,2,67301,1,,1,1,,N,N,,0,,0,0,0,0,0,,1725.0,1,2,0,0,0,0,1,3,4,0,1,3,,N,,,,,,,,,,,
2010076328,2251.0,1,0,0,0,0,0,0,0,0,1,0,,67,7,2010,6,40.0143,-75.0559,2250.0,6,0,0,1,0,0,0,0,0,1.0,0,0,0,22.0,3,1,0,,1,40 00:51.302,1.0,0,75 03:21.576,8,0,0,0,67301,0,0,0,N,0,0,0,4,68K01,0,,1,1,,N,N,,0,,0,0,1,0,0,N,2248.0,1,2,0,0,0,1,1,3,4,0,2,3,,N,,,,,,,,,,,
2010052135,834.0,1,0,0,0,0,0,0,0,0,4,0,,67,5,2010,2,40.0215,-75.1485,829.0,6,0,0,0,0,0,0,0,0,,0,0,0,8.0,1,0,0,,0,40 01:17.269,,7,75 08:54.502,0,0,0,0,67301,0,0,0,N,0,0,0,3,67301,0,,1,9,,N,N,,0,,0,0,1,0,0,,805.0,0,2,0,0,0,0,0,3,4,0,2,7,,N,,,,,,,,,,,
2010052435,1605.0,2,0,0,0,0,0,0,0,0,1,0,,67,4,2010,6,40.0313,-75.085,1543.0,6,0,0,0,0,0,1,0,0,,0,0,0,15.0,1,1,0,,0,40 01:52.972,,0,75 05:05.306,4,0,0,0,67301,0,0,0,N,0,0,0,3,67301,1,,1,1,,N,N,,0,,0,0,0,3,2,,1539.0,1,2,0,0,0,0,2,3,4,0,2,3,,N,,,,,,,,,,,
2010052446,825.0,1,0,0,0,0,0,0,0,0,8,0,,67,5,2010,5,39.9972,-75.1673,813.0,6,0,0,0,0,0,0,0,0,,0,0,0,8.0,1,1,1,,0,39 59:49.970,,0,75 10:02.157,4,0,0,0,67301,1,0,0,,1,0,0,2,67301,1,,1,1,,,,,0,,0,0,0,3,2,,813.0,1,2,0,0,0,0,1,3,4,0,1,3,,N,,,,,,,,,,,
2010052209,1129.0,2,0,0,0,0,0,0,0,0,4,0,,67,4,2010,3,39.9572,-75.1587,1126.0,6,0,0,0,0,0,0,0,0,,0,0,0,11.0,1,1,1,,0,39 57:25.881,,0,75 09:31.332,4,0,0,0,67301,0,0,0,N,0,0,0,2,67301,1,,1,1,,N,N,,0,,0,0,0,3,2,,1126.0,1,2,0,0,0,0,0,3,4,0,2,3,,N,,,,,,,,,,,
2010117841,1800.0,2,0,0,0,0,0,0,0,0,4,0,,67,10,2010,3,39.996,-75.1707,1756.0,6,0,0,0,0,0,0,0,0,1.0,0,0,0,17.0,4,2,1,,1,39 59:45.707,3.0,0,75 10:14.691,8,0,0,0,67301,0,0,0,,0,0,0,2,67301,0,,1,1,,N,,,0,,0,0,0,3,2,N,1745.0,2,2,0,0,0,2,0,3,4,0,2,3,,N,,,,,,,,,,,
2010092845,2142.0,1,0,0,0,0,0,0,0,0,1,0,,67,9,2010,6,39.993,-75.2006,2135.0,6,0,0,0,1,0,0,0,0,,0,0,0,21.0,3,1,0,,0,39 59:37.479,,0,75 11:58.360,4,0,0,0,67301,0,0,0,N,0,0,0,2,68K01,1,,1,1,,N,N,,0,,0,0,1,0,0,,2132.0,1,2,0,0,0,0,0,3,4,0,2,3,,N,,,,,,,,,,,
2010122180,1058.0,0,0,0,1,0,0,1,0,0,5,1,,67,11,2010,3,40.0501,-75.0347,1051.0,6,0,0,0,0,0,0,0,0,,0,0,0,10.0,1,1,0,,0,40 03:00.471,,0,75 02:04.767,8,0,0,0,67301,1,0,0,,0,0,0,5,67301,0,,1,1,,N,N,,0,,0,0,0,0,0,,1045.0,1,2,0,0,0,1,0,3,4,0,1,3,,N,,,,,,,,,,,
2010116356,1422.0,1,0,0,0,0,0,0,0,0,4,0,,67,10,2010,6,40.0632,-75.2395,1422.0,6,0,0,0,0,0,1,0,1,,0,0,0,14.0,1,2,1,,0,40 03:33.837,,0,75 14:16.457,4,0,0,0,67301,0,0,0,N,0,0,0,3,67301,1,,1,1,,N,N,,1,,0,0,0,3,2,,1421.0,2,2,0,0,0,1,0,3,4,0,2,3,,N,,,,,,,,,,,
2010116359,1030.0,1,0,0,0,0,0,0,0,0,1,0,,67,10,2010,7,39.9487,-75.2161,1026.0,6,0,0,0,0,0,0,0,0,,0,0,0,10.0,1,1,2,,0,39 56:55.408,,0,75 12:57.864,4,0,0,0,67301,0,0,0,N,0,0,0,3,67301,1,,1,1,,N,N,,1,,0,0,0,3,3,,1010.0,1,2,0,0,0,0,0,3,4,0,2,3,,N,,,,,,,,,,,
2010069768,1648.0,0,0,0,0,0,0,0,0,0,8,0,,67,6,2010,1,40.0079,-75.158,1647.0,6,0,0,0,0,0,0,0,0,,0,0,0,16.0,1,1,0,,0,40 00:28.558,,0,75 09:28.976,4,0,0,0,67301,1,0,0,N,1,0,0,2,67301,1,,1,1,,N,N,,1,,0,0,0,0,0,,1643.0,1,2,0,0,0,0,0,3,4,0,1,3,,N,,,,,,,,,,,
2010069258,715.0,0,0,0,0,0,0,0,0,0,8,0,,67,6,2010,4,39.9695,-75.1396,715.0,6,0,0,0,0,0,0,0,0,,0,0,0,7.0,1,1,1,,0,39 58:10.387,,0,75 08:22.538,4,0,0,0,67301,1,0,0,,1,0,0,2,67301,1,,1,1,,,,,1,,0,0,0,3,2,,700.0,1,2,0,0,0,0,0,3,4,0,1,3,,N,,,,,,,,,,,
2010074488,1730.0,2,0,0,0,0,0,0,0,0,2,0,,67,7,2010,5,40.0549,-75.0539,1720.0,6,0,0,0,0,0,1,0,0,,0,0,0,17.0,1,2,1,,0,40 03:17.785,,0,75 03:14.192,4,0,0,0,67301,0,0,0,N,0,0,0,2,67301,2,,1,1,,N,N,,0,,0,0,0,9,2,,1700.0,2,2,0,0,0,0,0,3,4,0,2,3,,N,,,,,,,,,,,
2010061984,2219.0,1,0,0,0,0,0,0,0,0,8,0,,67,5,2010,1,40.0276,-75.1471,2218.0,6,0,0,0,0,0,0,0,0,,0,0,0,22.0,3,1,1,,0,40 01:39.381,,0,75 08:50.059,8,0,0,0,67301,1,0,0,N,1,0,0,2,67301,0,,1,1,,N,N,,0,,0,0,0,3,2,,2214.0,1,2,0,0,0,1,0,3,4,0,1,3,,N,,,,,,,,,,,
2010074497,632.0,1,0,0,0,0,0,0,0,0,2,0,,67,5,2010,1,39.959,-75.2354,626.0,6,0,0,0,0,0,0,1,0,,0,0,0,6.0,1,0,1,,0,39 57:32.256,,0,75 14:07.331,0,0,0,0,67301,0,0,0,N,0,0,0,2,67301,0,,1,9,,N,N,,0,,0,0,1,0,0,,616.0,0,2,0,0,0,0,0,3,4,0,2,3,,N,,,,,,,,,,,
2010069531,10.0,0,0,0,0,0,0,0,0,0,7,0,,67,7,2010,1,39.9911,-75.0863,5.0,6,0,0,0,0,0,0,0,0,2.0,0,0,0,0.0,3,1,0,,2,39 59:28.172,1.0,0,75 05:10.332,8,0,0,0,67301,0,0,0,N,0,0,0,1,68K01,0,,2,1,,N,N,,0,,0,0,1,0,0,N,2.0,1,1,0,0,0,1,0,3,4,0,1,3,,N,,,,,,,,,,,