CRN,ARRIVAL_TM,AUTOMOBILE_COUNT,BELTED_DEATH_COUNT,BELTED_SUSP_SERIOUS_INJ_COUNT,BICYCLE_COUNT,BICYCLE_DEATH_COUNT,BICYCLE_SUSP_SERIOUS_INJ_COUNT,BUS_COUNT,CHLDPAS_DEATH_COUNT,CHLDPAS_SUSP_SERIOUS_INJ_COUNT,COLLISION_TYPE,COMM_VEH_COUNT,CONS_ZONE_SPD_LIM,COUNTY,CRASH_MONTH,CRASH_YEAR,DAY_OF_WEEK,DEC_LAT,DEC_LONG,DISPATCH_TM,DISTRICT,DRIVER_COUNT_16YR,DRIVER_COUNT_17YR,DRIVER_COUNT_18YR,DRIVER_COUNT_19YR,DRIVER_COUNT_20YR,DRIVER_COUNT_50_64YR,DRIVER_COUNT_65_74YR,DRIVER_COUNT_75PLUS,EST_HRS_CLOSED,FATAL_COUNT,HEAVY_TRUCK_COUNT,HORSE_BUGGY_COUNT,HOUR_OF_DAY,ILLUMINATION,INJURY_COUNT,INTERSECT_TYPE,INTERSECTION_RELATED,LANE_CLOSED,LATITUDE,LN_CLOSE_DIR,LOCATION_TYPE,LONGITUDE,MAX_SEVERITY_LEVEL,MCYCLE_DEATH_COUNT,MCYCLE_SUSP_SERIOUS_INJ_COUNT,MOTORCYCLE_COUNT,MUNICIPALITY,NONMOTR_COUNT,NONMOTR_DEATH_COUNT,NONMOTR_SUSP_SERIOUS_INJ_COUNT,NTFY_HIWY_MAINT,PED_COUNT,PED_DEATH_COUNT,PED_SUSP_SERIOUS_INJ_COUNT,PERSON_COUNT,POLICE_AGCY,POSSIBLE_INJ_COUNT,RDWY_SURF_TYPE_CD,RELATION_TO_ROAD,ROAD_CONDITION,ROADWAY_CLEARED,SCH_BUS_IND,SCH_ZONE_IND,SECONDARY_CRASH,SMALL_TRUCK_COUNT,SPEC_JURIS_CD,SUSP_MINOR_INJ_COUNT,SUSP_SERIOUS_INJ_COUNT,SUV_COUNT,TCD_FUNC_CD,TCD_TYPE,TFC_DETOUR_IND,TIME_OF_DAY,TOT_INJ_COUNT,TOTAL_UNITS,UNB_DEATH_COUNT,UNB_SUSP_SERIOUS_INJ_COUNT,UNBELTED_OCC_COUNT,UNK_INJ_DEG_COUNT,UNK_INJ_PER_COUNT,URBAN_AREA,URBAN_RURAL,VAN_COUNT,VEHICLE_COUNT,WEATHER1,WEATHER2,WORK_ZONE_IND,WORK_ZONE_LOC,WORK_ZONE_TYPE,WORKERS_PRES,WZ_CLOSE_DETOUR,WZ_FLAGGER,WZ_LAW_OFFCR_IND,WZ_LN_CLOSURE,WZ_MOVING,WZ_OTHER,WZ_SHLDER_MDN,WZ_WORKERS_INJ_KILLED
2010067123,1530.0,0,0,0,0,0,0,0,0,0,8,0,,67,4,2010,4,40.0348,-75.1177,1530.0,6,0,0,0,0,0,0,0,0,,0,0,0,99.0,1,1,0,,0,40 02:05.296,,0,75 07:03.747,4,0,0,0,67301,1,0,0,,1,0,0,2,67301,1,,1,1,,N,Y,,0,,0,0,0,0,0,,9999.0,1,2,0,0,0,0,0,3,4,1,1,3,,N,,,,,,,,,,,
2010069946,1927.0,1,0,0,0,0,0,0,0,0,8,0,,67,6,2010,2,39.9305,-75.1785,1923.0,6,0,0,0,0,0,0,0,0,,0,0,0,19.0,1,1,0,,0,39 55:49.933,,0,75 10:42.650,4,0,0,0,67301,1,0,0,,1,0,0,2,67301,1,,1,1,,N,N,,0,,0,0,0,0,0,,1923.0,1,2,0,0,0,0,0,3,4,0,1,3,,N,,,,,,,,,,,
2010070012,2010.0,2,0,0,0,0,0,0,0,0,5,0,,67,6,2010,7,,,1953.0,6,0,0,0,0,0,0,0,0,,0,0,0,19.0,1,0,2,,0,,,0,,0,0,0,0,67301,0,0,0,N,0,0,0,1,67301,0,,1,1,,N,N,,0,,0,0,0,0,0,,1953.0,0,2,0,0,0,0,0,3,3,0,2,3,,N,,,,,,,,,,,
2010072525,1315.0,1,0,0,1,0,0,0,0,0,4,0,,67,5,2010,3,39.9618,-75.24,1312.0,6,0,0,0,0,0,0,0,0,,0,0,0,12.0,1,1,1,,0,39 57:42.479,,0,75 14:24.231,3,0,0,0,67301,1,0,0,,0,0,0,2,67301,0,,1,1,,,,,0,,1,0,0,3,3,,1245.0,1,2,0,0,0,0,0,3,4,0,1,3,,N,,,,,,,,,,,
2010066146,1919.0,0,0,0,0,0,0,0,0,0,0,0,,67,7,2010,1,39.95,-75.1414,1909.0,6,0,0,0,0,0,0,0,0,2.0,0,0,0,19.0,1,1,0,,2,39 57:01.396,1.0,2,75 08:28.865,3,0,0,1,67301,0,0,0,N,0,0,0,1,68K01,0,,1,1,,N,N,,0,,1,0,0,0,0,N,1907.0,1,2,0,0,0,0,0,3,4,0,1,3,,N,,,,,,,,,,,
2010074514,1518.0,1,0,0,0,0,0,0,0,0,8,0,,67,7,2010,3,40.0459,-75.1656,1517.0,6,0,0,0,0,0,0,0,0,,0,0,0,14.0,1,1,0,,0,40 02:45.314,,0,75 09:55.979,8,0,0,0,67301,1,0,0,N,1,0,0,2,67301,0,,1,1,,N,N,,0,,0,0,0,0,0,,1451.0,1,2,0,0,0,1,0,3,4,0,1,3,,N,,,,,,,,,,,
2010074603,1223.0,2,0,0,0,0,0,0,0,0,4,0,,67,7,2010,4,40.0197,-75.1185,1220.0,6,0,0,0,0,0,0,0,0,,0,0,0,16.0,1,1,0,,0,40 01:11.020,,0,75 07:06.672,4,0,0,0,67301,0,0,0,N,0,0,0,2,67301,1,,1,9,,N,N,,0,,0,0,0,0,0,,1645.0,1,2,0,0,0,0,1,3,4,0,2,7,,N,,,,,,,,,,,
2010074639,1823.0,0,0,0,1,0,0,0,0,0,1,0,,67,7,2010,3,39.9897,-75.1738,1822.0,6,0,0,0,0,0,0,0,0,,0,0,0,18.0,1,1,0,,0,39 59:22.854,,0,75 10:25.557,8,0,0,0,67301,1,0,0,N,0,0,0,2,67301,0,,1,2,,N,N,,1,,0,0,0,0,0,,1820.0,1,2,0,0,0,1,0,3,4,0,1,3,,N,,,,,,,,,,,
2010074643,1118.0,1,0,0,0,0,0,0,0,0,8,0,,67,7,2010,2,39.9303,-75.1868,1115.0,6,0,0,0,0,0,0,0,0,,0,0,0,11.0,1,1,0,,0,39 55:49.236,,0,75 11:12.420,4,0,0,0,67301,1,0,0,N,1,0,0,2,67301,1,,1,1,,N,N,,0,,0,0,0,0,0,,1100.0,1,2,0,0,0,0,1,3,4,0,1,3,,N,,,,,,,,,,,
2010074655,1025.0,1,0,0,1,0,0,0,0,0,4,0,,67,7,2010,7,40.0182,-75.0919,1021.0,6,0,0,0,0,0,0,0,0,,0,0,0,10.0,1,1,2,,0,40 01:05.624,,0,75 05:30.998,4,0,0,0,67301,1,0,0,N,0,0,0,2,67301,1,,1,1,,N,N,,0,,0,0,0,3,3,,1019.0,1,2,0,0,0,0,0,3,4,0,1,3,,N,,,,,,,,,,,
2010058982,2310.0,2,0,0,0,0,0,0,0,0,5,0,,67,5,2010,2,40.0419,-75.0567,2302.0,6,0,0,1,0,0,0,0,0,9.0,0,0,0,23.0,3,1,0,,1,40 02:30.869,1.0,0,75 03:23.884,4,0,0,0,67301,0,0,0,N,0,0,0,3,67301,1,,1,9,,N,N,,0,,0,0,0,0,0,N,2300.0,1,2,0,0,0,0,1,3,4,0,2,7,,N,,,,,,,,,,,
2010058983,1710.0,1,0,0,0,0,0,0,0,0,7,0,,67,5,2010,4,39.9057,-75.1943,1650.0,6,0,0,0,0,0,1,0,0,,0,0,0,16.0,1,0,0,,0,39 54:20.584,,0,75 11:38.928,0,0,0,0,67301,0,0,0,N,0,0,0,1,67301,0,,2,8,,N,N,,0,,0,0,0,0,0,,1650.0,0,1,0,0,0,0,0,3,4,0,1,3,,N,,,,,,,,,,,
2010027893,1900.0,1,0,0,0,0,0,0,0,0,8,0,,67,2,2010,2,40.0522,-75.0679,1841.0,6,0,0,0,0,0,1,0,0,,0,0,0,18.0,3,1,0,,0,40 03:07.832,,0,75 04:04.273,8,0,0,0,67301,1,0,0,N,1,0,0,3,67301,0,,1,1,,N,N,,1,,0,0,0,0,0,,1816.0,1,3,0,0,0,1,0,3,4,0,2,7,5.0,N,,,,,,,,,,,
2010028182,1505.0,2,0,0,0,0,0,0,0,0,1,0,,67,3,2010,2,40.0436,-75.0554,1456.0,6,0,0,0,0,0,1,0,0,1.0,0,0,0,14.0,1,2,0,,1,40 02:37.091,2.0,0,75 03:19.404,4,0,0,0,67301,0,0,0,N,0,0,0,4,67301,2,,1,1,,N,N,,0,,0,0,1,0,0,N,1454.0,2,3,0,0,0,0,1,3,4,0,3,3,,N,,,,,,,,,,,
2010028186,1305.0,0,0,0,0,0,0,0,0,0,8,0,,67,1,2010,6,40.001,-75.148,1255.0,6,0,0,0,0,0,0,0,1,,0,0,0,12.0,1,1,1,,0,40 00:03.604,,0,75 08:53.867,2,0,0,0,67301,1,0,1,N,1,0,1,2,67301,0,,1,1,,N,N,,0,,0,1,0,3,2,,1250.0,1,2,0,0,0,0,1,3,4,1,1,3,,N,,,,,,,,,,,
2010028101,1219.0,1,0,0,0,0,0,0,0,0,5,1,,67,2,2010,6,40.0345,-75.2163,1219.0,6,0,0,0,0,0,0,0,0,,0,1,0,12.0,1,1,0,,0,40 02:03.899,,0,75 12:58.397,4,0,0,0,67301,0,0,0,N,0,0,0,2,67301,1,,1,1,,N,N,,0,,0,0,0,0,0,,1219.0,1,2,0,0,2,0,0,3,4,0,2,3,,N,,,,,,,,,,,
2010028145,920.0,1,0,0,0,0,0,0,0,0,2,0,,67,2,2010,4,40.0958,-74.9912,915.0,6,0,0,0,0,0,0,0,0,,0,0,0,9.0,1,0,2,,0,40 05:44.901,,0,74 59:28.492,9,0,0,0,67301,0,0,0,N,0,0,0,5,67301,0,,1,9,,N,N,,1,,0,0,0,3,2,,910.0,0,2,0,0,0,0,1,3,4,0,2,3,,N,,,,,,,,,,,
2010036549,1700.0,1,0,0,0,0,0,0,0,0,1,0,,67,4,2010,3,39.9379,-75.1438,1648.0,6,0,0,0,0,0,0,0,0,,0,0,0,16.0,1,1,0,,0,39 56:16.705,,0,75 08:37.502,8,0,0,0,67301,0,0,0,N,0,0,0,2,68K01,0,,1,1,,N,N,,1,,0,0,0,0,0,,1642.0,1,2,0,0,0,1,1,3,4,0,2,3,,N,,,,,,,,,,,
2010031320,1644.0,0,0,0,0,0,0,0,0,0,1,0,,67,3,2010,6,39.9571,-75.1563,1549.0,6,0,0,0,0,0,0,0,0,,0,0,0,15.0,1,1,0,,0,39 57:25.697,,0,75 09:22.808,8,0,0,0,67301,0,0,0,N,0,0,0,2,68K01,0,,1,1,,N,N,,0,,0,0,1,0,0,,1540.0,1,2,0,0,0,1,1,3,4,1,2,3,,N,,,,,,,,,,,
2010044525,852.0,1,0,0,0,0,0,0,0,0,7,0,,67,4,2010,6,39.9185,-75.2259,852.0,6,0,0,0,0,0,0,0,0,,0,0,0,7.0,1,0,1,,0,39 55:06.758,,0,75 13:33.159,0,0,0,0,67301,0,0,0,N,0,0,0,1,67301,0,,2,9,,N,N,,0,,0,0,0,3,2,,741.0,0,2,0,0,0,0,0,3,4,0,1,3,,N,,,,,,,,,,,
2010084227,315.0,1,0,0,0,0,0,0,0,0,7,0,,67,7,2010,7,40.1225,-75.0183,309.0,6,0,0,0,0,0,1,0,0,,0,0,0,3.0,3,1,0,,0,40 07:21.079,,0,75 01:05.750,4,0,0,0,67301,0,0,0,N,0,0,0,1,67301,1,,5,1,,N,N,,0,,0,0,0,0,0,,300.0,1,1,0,0,0,0,0,3,4,0,1,3,,N,,,,,,,,,,,
2010052361,719.0,1,0,0,0,0,0,0,0,0,5,0,,67,4,2010,2,40.0413,-75.0671,718.0,6,0,0,0,0,0,0,0,0,3.0,0,0,0,7.0,1,1,1,,2,40 02:28.752,5.0,0,75 04:01.419,8,0,0,0,67301,1,0,0,N,1,0,0,2,67301,0,,1,1,,N,N,,0,,0,0,0,3,3,Y,712.0,1,2,0,0,0,1,0,3,4,0,1,3,,N,,,,,,,,,,,
2010052365,1250.0,1,0,0,0,0,0,0,0,0,7,0,,67,2,2010,4,39.9225,-75.1549,1247.0,6,0,0,0,0,0,0,0,0,,0,0,0,12.0,1,0,1,,0,39 55:20.909,,0,75 09:17.861,0,0,0,0,67301,0,0,0,N,0,0,0,2,67301,0,,2,1,,N,N,,0,,0,0,0,9,2,,1242.0,0,2,0,0,0,0,0,3,4,0,1,3,,N,,,,,,,,,,,
2010052368,1915.0,1,0,0,0,0,0,0,0,0,8,0,,67,4,2010,3,39.9684,-75.2415,1910.0,6,0,0,0,0,0,1,0,0,,0,0,0,19.0,4,1,1,,0,39 58:06.060,,0,75 14:29.281,8,0,0,0,67301,1,0,0,N,1,0,0,2,67301,0,,1,1,,N,N,,0,,0,0,0,9,3,,1900.0,1,2,0,0,0,1,0,3,4,0,1,3,,N,,,,,,,,,,,
2010052403,1820.0,1,0,0,0,0,0,0,0,0,8,0,,67,4,2010,3,40.0428,-75.1408,1818.0,6,0,0,0,0,0,0,0,0,,0,0,0,17.0,4,1,0,,0,40 02:34.134,,0,75 08:26.883,4,0,0,0,67301,1,0,0,,1,0,0,2,67301,1,,1,98,,,,,0,,0,0,0,0,0,,1724.0,1,2,0,0,0,0,0,3,4,0,1,99,,N,,,,,,,,,,,
2010044533,1432.0,1,0,0,0,0,0,0,0,0,2,0,,67,3,2010,3,40.0493,-75.0679,1432.0,6,0,0,0,0,0,1,0,0,,0,0,0,14.0,1,1,1,,0,40 02:57.481,,0,75 04:04.310,3,0,0,0,67301,0,0,0,N,0,0,0,3,67301,0,,1,9,,N,N,,1,,1,0,0,3,2,,1432.0,1,2,0,0,0,0,0,3,4,0,2,7,,N,,,,,,,,,,,
2010044604,1725.0,1,0,0,0,0,0,0,0,0,4,0,,67,4,2010,4,39.9618,-75.1882,1720.0,6,0,0,0,0,0,0,0,0,,0,0,0,17.0,1,0,1,,0,39 57:42.346,,0,75 11:17.624,0,0,0,0,67301,0,0,0,N,0,0,0,2,67301,0,,1,1,,N,N,,0,,0,0,0,3,3,,1720.0,0,2,0,0,0,0,0,3,4,1,2,3,,N,,,,,,,,,,,
2010081636,2300.0,2,0,0,0,0,0,0,0,0,4,0,,67,7,2010,6,40.0294,-75.2297,2251.0,6,0,0,0,0,0,0,0,0,,0,0,0,22.0,3,1,2,,0,40 01:45.973,,0,75 13:46.948,4,0,0,0,67301,0,0,0,N,0,0,0,2,67301,1,,1,1,,N,N,,0,,0,0,0,0,0,,2230.0,1,2,0,0,0,0,0,3,4,0,2,3,,N,,,,,,,,,,,
2010062068,1705.0,2,0,0,0,0,0,0,0,0,4,0,,67,4,2010,4,40.0276,-75.1471,1648.0,6,0,0,0,0,1,0,0,0,,0,0,0,16.0,1,1,1,,0,40 01:39.381,,0,75 08:50.059,4,0,0,0,67301,0,0,0,N,0,0,0,3,67301,1,,1,1,,N,N,,0,,0,0,0,3,2,,1630.0,1,2,0,0,3,0,0,3,4,0,2,3,,N,,,,,,,,,,,
2010044746,2010.0,2,0,0,0,0,0,0,0,0,2,0,,67,2,2010,3,40.0125,-75.0736,2006.0,6,0,0,0,0,0,0,0,1,9.0,0,0,0,20.0,3,1,0,,2,40 00:44.856,5.0,0,75 04:25.084,8,0,0,0,67301,0,0,0,,0,0,0,3,67301,0,,1,9,,,,,0,,0,0,0,0,0,Y,2000.0,1,2,0,0,0,1,0,3,4,0,2,7,,N,,,,,,,,,,,
2010044849,1805.0,1,0,0,0,0,0,0,0,0,1,0,,67,4,2010,5,40.0539,-75.049,1801.0,6,0,0,0,0,0,0,1,0,1.0,0,0,0,17.0,1,1,0,,1,40 03:13.872,1.0,0,75 02:56.483,4,0,0,0,67301,0,0,0,N,0,0,0,3,67301,1,,1,1,,N,N,,1,,0,0,0,0,0,N,1758.0,1,2,0,0,0,0,0,3,4,0,2,3,,N,,,,,,,,,,,
2010084595,2134.0,0,0,0,0,0,0,0,0,0,8,0,,67,7,2010,4,39.9235,-75.1804,2126.0,6,0,0,0,0,0,0,0,0,,0,0,0,21.0,3,1,0,,0,39 55:24.847,,0,75 10:47.947,8,0,0,0,67301,1,0,0,N,1,0,0,2,67301,0,,1,1,,N,N,,0,,0,0,1,0,0,,2126.0,1,2,0,0,0,1,0,3,4,0,1,3,,N,,,,,,,,,,,
2010084610,1650.0,2,0,0,0,0,0,0,0,0,1,0,,67,7,2010,5,39.9824,-75.1075,1639.0,6,0,0,0,0,0,0,0,0,,0,0,0,16.0,1,1,1,,0,39 58:56.593,,0,75 06:26.852,4,0,0,0,67301,0,0,0,N,0,0,0,3,67301,1,,1,1,,N,N,,0,,0,0,0,3,3,,1630.0,1,2,0,0,0,0,0,3,4,0,2,3,,N,,,,,,,,,,,
2010128697,55.0,0,0,0,0,0,0,0,0,0,7,0,,67,12,2010,5,39.9674,-75.1319,46.0,6,0,0,0,0,0,0,0,0,,0,0,0,0.0,3,0,0,,0,39 58:03.523,,0,75 07:53.135,0,0,0,0,67301,0,0,0,N,0,0,0,1,68K01,0,,2,1,,N,N,,0,,0,0,1,0,0,,40.0,0,1,0,0,0,0,0,3,4,0,1,3,,N,,,,,,,,,,,
2010048868,852.0,4,0,0,0,0,0,0,0,0,1,0,,67,4,2010,3,39.9832,-75.1883,851.0,6,0,0,0,0,0,1,1,0,2.0,0,0,0,8.0,1,8,0,,2,39 58:59.412,5.0,0,75 11:17.740,8,0,0,0,67301,0,0,0,,0,0,0,8,67301,0,,1,1,,N,N,,0,,0,0,0,0,0,Y,845.0,8,4,0,0,0,8,0,3,4,0,4,3,,N,,,,,,,,,,,
2010060280,914.0,1,0,0,0,0,0,0,0,0,1,0,,67,5,2010,3,40.0861,-75.2119,905.0,6,0,0,0,0,0,1,0,0,,0,0,0,9.0,1,1,1,,0,40 05:09.739,,0,75 12:42.976,8,0,0,0,67301,0,0,0,N,0,0,0,2,67301,0,,1,1,,N,N,,0,,0,0,0,3,2,,900.0,1,2,0,0,0,1,1,3,4,1,2,3,,N,,,,,,,,,,,
2010057848,1134.0,2,0,0,0,0,0,0,0,0,1,0,55.0,67,6,2010,6,40.0213,-75.0418,1123.0,6,0,0,0,0,0,0,0,0,,0,0,0,11.0,1,0,0,,0,40 01:15.369,,2,75 02:33.418,0,0,0,0,67301,0,0,0,N,0,0,0,2,68K01,0,,1,1,,N,N,,0,,0,0,0,0,0,,1120.0,0,2,0,0,0,0,0,3,4,0,2,3,,Y,4.0,1.0,N,N,N,N,N,N,N,Y,
2010053526,2127.0,2,0,0,0,0,0,0,0,0,4,0,,67,4,2010,5,39.9197,-75.225,2125.0,6,0,0,0,0,0,1,0,0,,0,0,0,19.0,1,4,1,,0,39 55:11.009,,0,75 13:30.013,4,0,0,0,67301,0,0,0,,0,0,0,4,67301,4,,1,1,,,,,0,,0,0,0,3,2,,1937.0,4,2,0,0,0,0,0,3,4,0,2,3,,N,,,,,,,,,,,
2010058843,715.0,1,0,0,0,0,0,0,0,0,1,0,,67,5,2010,2,40.0564,-75.0128,710.0,6,0,0,0,0,0,1,0,0,,0,0,0,7.0,1,2,1,,0,40 03:23.098,,0,75 00:46.082,4,0,0,0,67301,0,0,0,,0,0,0,4,67301,2,,1,9,,,,,1,,0,0,0,3,2,,705.0,2,2,0,0,0,0,0,3,4,0,2,7,,N,,,,,,,,,,,
2010075908,656.0,1,0,0,0,0,0,0,0,0,4,0,,67,6,2010,4,39.9573,-75.2479,650.0,6,0,0,0,0,0,1,0,0,,0,0,0,6.0,1,1,1,,0,39 57:26.251,,0,75 14:52.347,8,0,0,0,67301,0,0,0,N,0,0,0,5,67301,0,,1,1,,N,N,,0,,0,0,2,3,3,,643.0,1,4,0,0,0,1,0,3,4,1,4,3,,N,,,,,,,,,,,
2010104973,139.0,1,0,0,0,0,0,0,0,0,7,0,,67,9,2010,3,40.0125,-75.2045,134.0,6,0,0,0,0,0,0,0,0,9.0,0,0,0,1.0,3,0,0,,1,40 00:44.166,1.0,3,75 12:16.304,0,0,0,0,67301,0,0,0,,0,0,0,1,67301,0,,2,9,,N,N,,0,,0,0,0,0,0,Y,135.0,0,1,0,0,0,0,0,3,4,0,1,7,,N,,,,,,,,,,,
2010099786,640.0,1,0,0,1,0,0,0,0,0,4,0,,67,9,2010,2,40.0333,-75.0767,614.0,6,0,0,0,0,0,1,0,0,1.0,0,0,0,6.0,1,1,2,,1,40 02:00.045,1.0,0,75 04:35.781,4,0,0,0,67301,1,0,0,N,0,0,0,2,67301,1,,1,1,,N,N,,0,,0,0,0,3,3,N,612.0,1,2,0,0,0,0,0,3,4,0,1,3,,N,,,,,,,,,,,
2010112754,636.0,2,0,0,0,0,0,0,0,0,5,0,,67,11,2010,4,39.89,-75.2394,622.0,6,0,0,0,1,0,1,0,0,,0,0,0,6.0,1,0,0,,0,39 53:30.401,,0,75 14:10.189,0,0,0,0,67301,0,0,0,N,0,0,0,2,68K01,0,,1,1,,N,N,,0,,0,0,0,0,0,,618.0,0,2,0,0,0,0,0,3,4,0,2,3,,N,,,,,,,,,,,
2010102374,2301.0,1,0,0,0,0,0,0,0,0,1,0,,67,9,2010,6,40.0449,-75.0174,2257.0,6,0,0,0,0,0,0,0,0,,0,0,0,22.0,3,1,1,,0,40 02:41.574,,0,75 01:02.705,8,0,0,0,67301,0,0,0,N,0,0,0,2,67301,0,,1,1,,N,N,,0,,0,0,0,3,2,,2225.0,1,2,0,0,0,1,1,3,4,1,2,3,,N,,,,,,,,,,,
2010102480,1847.0,1,0,0,0,0,0,0,0,0,8,0,,67,9,2010,5,40.0145,-75.0927,1845.0,6,0,0,0,0,0,0,0,0,,0,0,0,99.0,1,1,0,,0,40 00:52.189,,7,75 05:33.763,8,0,0,0,67301,1,0,0,N,1,0,0,2,67301,0,,5,1,,N,N,,0,,0,0,0,0,0,,9999.0,1,2,0,0,0,1,0,3,4,0,1,3,,N,,,,,,,,,,,
2010102486,2336.0,2,0,0,0,0,0,0,0,0,1,0,,67,9,2010,7,40.03,-75.1033,2333.0,6,0,0,0,0,0,0,0,0,1.0,0,0,0,23.0,3,2,0,,1,40 01:48.153,2.0,0,75 06:11.721,8,0,0,0,67301,0,0,0,N,0,0,0,3,67301,0,,1,1,,N,N,,1,,0,0,0,3,2,Y,2300.0,2,3,0,0,0,2,0,3,4,0,3,3,,N,,,,,,,,,,,
2010105026,1246.0,2,0,0,0,0,0,0,0,0,2,0,,67,9,2010,5,40.018,-75.1895,1244.0,6,0,0,0,0,0,0,0,0,,0,0,0,12.0,1,2,0,,0,40 01:04.974,,0,75 11:22.037,8,0,0,0,67301,0,0,0,N,0,0,0,3,67301,0,,1,9,,N,N,,0,,0,0,0,0,0,,1244.0,2,2,0,0,0,2,1,3,4,0,2,7,,N,,,,,,,,,,,
2010102635,1035.0,1,0,0,0,0,0,0,0,0,8,0,,67,9,2010,4,39.9505,-75.1608,1029.0,6,0,0,0,0,0,0,0,0,,0,0,0,8.0,1,1,0,,0,39 57:01.674,,0,75 09:38.776,4,0,0,0,67301,1,0,0,N,1,0,0,2,67301,1,,1,2,,N,N,,0,,0,0,0,3,2,,830.0,1,2,0,0,0,0,1,3,4,0,1,3,,N,,,,,,,,,,,
2010118436,738.0,1,0,0,1,0,0,0,0,0,2,0,,67,11,2010,5,40.0312,-75.1458,736.0,6,0,0,0,0,0,0,0,0,,0,0,0,7.0,5,1,1,,0,40 01:52.420,,0,75 08:44.761,4,0,0,0,67301,1,0,0,N,0,0,0,2,67301,1,,1,9,,N,N,,0,,0,0,0,3,2,,730.0,1,2,0,0,0,0,0,3,4,0,1,7,,N,,,,,,,,,,,
2010118447,1335.0,1,0,0,0,0,0,0,0,0,8,0,,67,11,2010,3,39.9275,-75.1556,1328.0,6,0,0,0,0,0,1,0,0,,0,0,0,13.0,1,1,0,,0,39 55:38.856,,0,75 09:20.034,4,0,0,0,67301,1,0,0,N,1,0,0,2,67301,1,,1,1,,N,N,,0,,0,0,0,0,0,,1325.0,1,2,0,0,0,0,0,3,4,0,1,99,,N,,,,,,,,,,,
2010123499,2007.0,1,0,0,0,0,0,0,0,0,1,0,,67,12,2010,7,39.9575,-75.1477,1952.0,6,0,0,0,1,0,0,0,0,,0,0,0,19.0,3,1,6,,0,39 57:26.976,,2,75 08:59.788,4,0,0,0,67301,0,0,0,N,0,0,0,6,68K01,1,,1,1,,N,N,,0,,0,0,1,0,0,,1950.0,1,2,0,0,0,0,0,3,4,0,2,3,,N,,,,,,,,,,,
2010093420,1612.0,1,0,0,0,0,0,0,0,0,2,1,,67,9,2010,2,40.0075,-75.2132,1610.0,6,0,0,0,0,0,1,0,0,,0,1,0,16.0,1,0,0,,0,40 00:26.508,,0,75 12:48.510,0,0,0,0,67301,0,0,0,N,0,0,0,2,46104,0,,1,1,,N,N,,0,,0,0,0,0,0,,1608.0,0,2,0,0,0,0,0,3,4,0,2,3,,N,,,,,,,,,,,
2010088666,2235.0,2,0,0,0,0,0,0,0,0,1,0,,67,8,2010,7,40.0624,-75.0427,2220.0,6,0,0,0,0,0,0,0,0,2.0,0,0,0,22.0,3,2,2,,2,40 03:44.577,1.0,0,75 02:33.887,3,0,0,0,67301,0,0,0,N,0,0,0,5,67301,1,,1,1,,N,N,,0,,1,0,1,3,2,Y,2218.0,2,3,0,0,0,0,0,3,4,0,3,3,,N,,,,,,,,,,,
2010088681,748.0,2,0,0,0,0,0,0,0,0,4,0,,67,8,2010,1,39.9801,-75.214,742.0,6,0,0,0,0,0,0,0,0,,0,0,0,7.0,1,1,0,,0,39 58:48.233,,0,75 12:50.516,4,0,0,0,67301,0,0,0,N,0,0,0,2,67301,1,,1,1,,N,N,,0,,0,0,0,0,0,,705.0,1,2,0,0,0,0,1,3,4,0,2,3,,N,,,,,,,,,,,
2010088692,1755.0,0,0,0,1,0,0,0,0,0,4,0,,67,8,2010,6,39.987,-75.1824,1745.0,6,0,0,0,0,0,0,1,0,,0,0,0,99.0,1,1,2,,0,39 59:13.163,,0,75 10:56.759,4,0,0,0,67301,1,0,0,,0,0,0,2,67301,1,,1,1,,,,,1,,0,0,0,0,0,,9999.0,1,2,0,0,0,0,0,3,4,0,1,3,,N,,,,,,,,,,,
2010091224,2016.0,1,0,0,0,0,0,0,0,0,4,0,,67,8,2010,1,40.0116,-75.106,2017.0,6,0,0,0,0,0,0,0,0,,0,0,0,99.0,3,0,0,,0,40 00:41.738,,0,75 06:21.769,0,0,0,0,67301,0,0,0,N,0,0,0,2,67301,0,,1,9,,N,N,,0,,0,0,1,0,0,,9999.0,0,2,0,0,0,0,0,3,4,0,2,7,,N,,,,,,,,,,,
2010093474,1745.0,2,0,0,0,0,0,0,0,0,4,0,,67,9,2010,5,40.0598,-75.1334,1741.0,6,0,0,0,0,0,1,0,0,,0,0,0,17.0,1,1,1,,0,40 03:35.236,,0,75 08:00.273,4,0,0,0,67301,0,0,0,N,0,0,0,2,46102,1,,1,9,,N,N,,0,,0,0,0,3,2,,1740.0,1,2,0,0,0,0,0,3,4,0,2,7,,N,,,,,,,,,,,
2010088741,1227.0,0,0,0,0,0,0,0,0,0,6,0,,67,8,2010,3,40.0057,-75.0999,1223.0,6,0,0,0,0,0,0,0,0,,0,0,0,12.0,1,2,0,,0,40 00:20.586,,7,75 05:59.467,3,0,0,0,67301,0,0,0,N,0,0,0,5,67301,1,,1,1,,N,N,,0,,1,0,1,0,0,,1223.0,2,2,0,0,0,0,0,3,4,1,2,3,,N,,,,,,,,,,,
2010090670,947.0,1,0,0,0,0,0,0,0,0,7,1,,67,9,2010,1,39.9321,-75.1999,947.0,6,0,0,0,0,0,0,0,0,3.0,0,1,0,9.0,1,0,0,,2,39 55:57.516,4.0,0,75 12:00.128,0,0,0,0,67301,0,0,0,Y,0,0,0,2,68K01,0,,3,9,,N,N,,0,,0,0,0,0,0,Y,945.0,0,2,0,0,0,0,0,3,4,0,2,7,,N,,,,,,,,,,,