CRN,ARRIVAL_TM,AUTOMOBILE_COUNT,BELTED_DEATH_COUNT,BELTED_SUSP_SERIOUS_INJ_COUNT,BICYCLE_COUNT,BICYCLE_DEATH_COUNT,BICYCLE_SUSP_SERIOUS_INJ_COUNT,BUS_COUNT,CHLDPAS_DEATH_COUNT,CHLDPAS_SUSP_SERIOUS_INJ_COUNT,COLLISION_TYPE,COMM_VEH_COUNT,CONS_ZONE_SPD_LIM,COUNTY,CRASH_MONTH,CRASH_YEAR,DAY_OF_WEEK,DEC_LAT,DEC_LONG,DISPATCH_TM,DISTRICT,DRIVER_COUNT_16YR,DRIVER_COUNT_17YR,DRIVER_COUNT_18YR,DRIVER_COUNT_19YR,DRIVER_COUNT_20YR,DRIVER_COUNT_50_64YR,DRIVER_COUNT_65_74YR,DRIVER_COUNT_75PLUS,EST_HRS_CLOSED,FATAL_COUNT,HEAVY_TRUCK_COUNT,HORSE_BUGGY_COUNT,HOUR_OF_DAY,ILLUMINATION,INJURY_COUNT,INTERSECT_TYPE,INTERSECTION_RELATED,LANE_CLOSED,LATITUDE,LN_CLOSE_DIR,LOCATION_TYPE,LONGITUDE,MAX_SEVERITY_LEVEL,MCYCLE_DEATH_COUNT,MCYCLE_SUSP_SERIOUS_INJ_COUNT,MOTORCYCLE_COUNT,MUNICIPALITY,NONMOTR_COUNT,NONMOTR_DEATH_COUNT,NONMOTR_SUSP_SERIOUS_INJ_COUNT,NTFY_HIWY_MAINT,PED_COUNT,PED_DEATH_COUNT,PED_SUSP_SERIOUS_INJ_COUNT,PERSON_COUNT,POLICE_AGCY,POSSIBLE_INJ_COUNT,RDWY_SURF_TYPE_CD,RELATION_TO_ROAD,ROAD_CONDITION,ROADWAY_CLEARED,SCH_BUS_IND,SCH_ZONE_IND,SECONDARY_CRASH,SMALL_TRUCK_COUNT,SPEC_JURIS_CD,SUSP_MINOR_INJ_COUNT,SUSP_SERIOUS_INJ_COUNT,SUV_COUNT,TCD_FUNC_CD,TCD_TYPE,TFC_DETOUR_IND,TIME_OF_DAY,TOT_INJ_COUNT,TOTAL_UNITS,UNB_DEATH_COUNT,UNB_SUSP_SERIOUS_INJ_COUNT,UNBELTED_OCC_COUNT,UNK_INJ_DEG_COUNT,UNK_INJ_PER_COUNT,URBAN_AREA,URBAN_RURAL,VAN_COUNT,VEHICLE_COUNT,WEATHER1,WEATHER2,WORK_ZONE_IND,WORK_ZONE_LOC,WORK_ZONE_TYPE,WORKERS_PRES,WZ_CLOSE_DETOUR,WZ_FLAGGER,WZ_LAW_OFFCR_IND,WZ_LN_CLOSURE,WZ_MOVING,WZ_OTHER,WZ_SHLDER_MDN,WZ_WORKERS_INJ_KILLED
2010099643,2245.0,1,0,0,1,0,0,0,0,0,4,0,,67,8,2010,3,39.9932,-75.1492,2225.0,6,0,0,0,0,0,0,0,0,,0,0,0,22.0,3,1,2,,0,39 59:35.691,,0,75 08:57.226,4,0,0,0,67301,1,0,0,N,0,0,0,2,67301,1,,1,1,,N,N,,0,,0,0,0,3,2,,2220.0,1,2,0,0,0,0,0,3,4,0,1,3,,N,,,,,,,,,,,
2010099721,149.0,0,0,0,0,0,0,0,0,0,4,2,,67,9,2010,4,40.112,-74.9905,140.0,6,0,0,0,0,0,1,0,0,3.0,0,2,0,1.0,3,1,1,,1,40 06:43.349,1.0,0,74 59:25.796,4,0,0,0,67301,0,0,0,N,0,0,0,2,67301,1,,1,1,,N,N,,0,,0,0,0,3,2,Y,138.0,1,2,0,0,0,0,0,3,4,0,2,3,,N,,,,,,,,,,,
2010125702,906.0,2,0,0,0,0,0,0,0,0,5,0,,67,12,2010,4,39.9817,-75.2073,906.0,6,0,0,0,0,0,0,0,1,1.0,0,0,0,9.0,1,2,0,,1,39 58:57.744,3.0,0,75 12:28.684,4,0,0,0,67301,0,0,0,N,0,0,0,4,68K01,2,,1,1,,N,N,,0,,0,0,0,0,0,N,900.0,2,3,0,0,0,0,0,3,4,1,3,3,,N,,,,,,,,,,,
2010083758,2158.0,1,0,0,0,0,0,0,0,0,1,0,,67,8,2010,2,39.9653,-75.1857,2150.0,6,0,0,0,0,0,0,0,0,,0,0,0,21.0,3,1,6,,0,39 58:01.077,,2,75 11:16.366,4,0,0,0,67301,0,0,0,N,0,0,0,2,68K01,1,,1,9,,N,N,,0,,0,0,1,0,0,,2146.0,1,2,0,0,0,0,0,3,4,0,2,3,,N,,,,,,,,,,,
2010044811,1830.0,3,0,0,0,0,0,0,0,0,1,0,,67,4,2010,5,40.0457,-75.0886,1830.0,6,0,0,0,0,0,2,0,0,,0,0,0,18.0,1,1,0,,0,40 02:44.498,,0,75 05:19.088,4,0,0,0,67301,0,0,0,,0,0,0,3,67301,1,,1,1,,N,N,,0,,0,0,0,0,0,,1825.0,1,3,0,0,2,0,0,3,4,0,3,3,,N,,,,,,,,,,,
2010082115,1949.0,2,0,0,0,0,0,0,0,0,4,0,,67,7,2010,4,39.8862,-75.2492,1944.0,6,0,0,0,0,0,0,1,0,,0,0,0,19.0,1,3,2,,0,39 53:10.544,,0,75 14:56.746,8,0,0,0,67301,0,0,0,N,0,0,0,3,67301,0,,1,1,,N,N,,0,,0,0,0,3,3,,1941.0,3,2,0,0,0,3,0,3,4,0,2,3,,N,,,,,,,,,,,
2010082127,1642.0,0,0,0,1,0,0,0,0,0,4,0,,67,7,2010,2,40.0288,-75.0634,1640.0,6,0,0,0,0,0,0,0,0,,0,0,0,16.0,1,1,0,,0,40 01:43.660,,7,75 03:48.280,4,0,0,0,67301,1,0,0,N,0,0,0,2,67301,1,,1,1,,N,N,,0,,0,0,1,0,0,,1625.0,1,2,0,0,0,0,0,3,4,0,1,3,,N,,,,,,,,,,,
2010128695,600.0,2,0,0,0,0,0,0,0,0,1,0,,67,12,2010,3,39.8916,-75.2377,555.0,6,0,0,0,0,0,0,0,1,1.0,0,0,0,5.0,3,0,0,,1,39 53:29.792,2.0,0,75 14:15.595,0,0,0,0,67301,0,0,0,Y,0,0,0,3,68K01,0,,1,1,,N,N,,0,,0,0,0,0,0,N,553.0,0,3,0,0,0,0,0,3,4,1,3,3,,N,,,,,,,,,,,
2010128474,1608.0,2,0,0,0,0,0,0,0,0,1,0,,67,12,2010,5,39.8991,-75.1771,1539.0,6,0,1,0,0,0,0,0,0,1.0,0,0,0,15.0,1,2,0,,1,39 53:56.781,1.0,0,75 10:01.021,8,0,0,0,67301,0,0,0,N,0,0,0,2,68K01,0,,1,2,,N,N,,0,,0,0,0,0,0,N,1507.0,2,2,0,0,0,2,0,3,4,0,2,10,,N,,,,,,,,,,,
2010048795,1717.0,2,0,0,0,0,0,0,0,0,4,0,,67,4,2010,5,40.0361,-75.194,1712.0,6,0,0,0,0,0,0,0,0,,0,0,0,17.0,1,0,2,,0,40 02:09.918,,0,75 11:38.294,0,0,0,0,67301,0,0,0,N,0,0,0,2,67301,0,,1,1,,N,N,,0,,0,0,0,3,2,,1712.0,0,2,0,0,0,0,0,3,4,0,2,3,,N,,,,,,,,,,,
2010048816,1753.0,1,0,0,0,0,0,0,0,0,8,0,,67,4,2010,6,39.9991,-75.07,1752.0,6,0,0,0,0,0,0,0,0,,0,0,0,17.0,1,1,0,,0,39 59:56.676,,0,75 04:12.079,4,0,0,0,67301,1,0,0,N,1,0,0,2,67301,1,,1,1,,N,N,,0,,0,0,0,0,0,,1750.0,1,2,0,0,0,0,0,3,4,0,1,3,,N,,,,,,,,,,,
2010057897,1435.0,1,0,0,0,0,0,0,0,0,7,0,,67,5,2010,7,40.0005,-75.0965,1430.0,6,0,0,0,0,0,1,0,0,,0,0,0,14.0,1,2,3,,0,40 00:01.828,,0,75 05:47.284,4,0,0,0,67301,0,0,0,N,0,0,0,2,67301,1,,4,9,,N,N,,0,,0,0,0,0,0,,1430.0,2,1,0,0,0,1,0,3,4,0,1,7,,N,,,,,,,,,,,
2010057902,1744.0,1,0,0,0,0,0,0,0,0,4,0,,67,5,2010,3,39.9474,-75.2459,1741.0,6,0,0,0,0,0,0,0,0,,0,0,0,17.0,1,1,1,,0,39 56:50.607,,0,75 14:45.099,4,0,0,0,67301,0,0,0,,0,0,0,4,67301,1,,1,9,,N,N,,0,,0,0,1,3,3,,1740.0,1,2,0,0,1,0,1,3,4,0,2,3,,N,,,,,,,,,,,
2010075881,2200.0,0,0,0,0,0,0,0,0,0,5,0,,67,7,2010,6,39.9715,-75.2136,2156.0,6,0,0,1,0,0,0,0,0,,0,0,0,21.0,3,0,0,,0,39 58:17.324,,0,75 12:49.024,0,0,0,0,67301,0,0,0,N,0,0,0,1,67301,0,,1,1,,N,N,,2,,0,0,2,0,0,,2150.0,0,4,0,0,1,0,0,3,4,0,4,3,,N,,,,,,,,,,,
2010032760,1138.0,2,0,0,0,0,0,0,0,0,1,0,,67,2,2010,5,40.0179,-75.0826,1134.0,6,0,0,0,0,0,0,0,0,,0,0,0,10.0,1,1,1,,0,40 01:04.383,,0,75 04:57.342,8,0,0,0,67301,0,0,0,N,0,0,0,2,67301,0,,1,9,,N,N,,0,,0,0,0,3,2,,1000.0,1,2,0,0,0,1,1,3,4,0,2,10,,N,,,,,,,,,,,
2010104906,125.0,2,0,0,0,0,0,0,0,0,4,0,,67,9,2010,1,39.9181,-75.2301,124.0,6,0,0,0,0,0,0,0,0,,0,0,0,1.0,3,3,1,,0,39 55:05.149,,0,75 13:48.442,4,0,0,0,67301,0,0,0,N,0,0,0,4,67301,3,,1,1,,N,N,,0,,0,0,0,3,2,,113.0,3,2,0,0,0,0,1,3,4,0,2,3,,N,,,,,,,,,,,
2010104974,9999.0,1,0,0,1,0,0,0,0,0,4,0,,67,9,2010,3,39.9548,-75.1765,732.0,6,0,0,0,0,0,0,0,0,,0,0,0,7.0,3,1,0,,0,39 57:17.210,,7,75 10:35.350,8,0,0,0,67301,1,0,0,,0,0,0,2,67301,0,,1,1,,N,N,,0,,0,0,0,0,0,,700.0,1,2,0,0,0,1,0,3,4,0,1,3,,N,,,,,,,,,,,
2010099768,1747.0,1,0,0,0,0,0,0,0,0,8,0,,67,9,2010,1,39.9855,-75.1135,1742.0,6,0,0,0,0,0,0,0,0,,0,0,0,17.0,1,1,0,,0,39 59:07.702,,0,75 06:48.441,4,0,0,0,67301,1,0,0,,1,0,0,3,67301,1,,1,1,,N,N,,0,,0,0,0,0,0,,1740.0,1,2,0,0,0,0,0,3,4,0,1,3,,N,,,,,,,,,,,
2010110717,1250.0,0,0,0,0,0,0,0,0,0,8,0,,67,10,2010,6,40.042,-75.0548,1245.0,6,0,0,0,0,0,0,0,0,,0,0,0,12.0,1,1,1,,0,40 02:31.311,,0,75 03:17.164,8,0,0,0,67301,1,0,0,N,1,0,0,2,67301,0,,1,1,,N,N,,1,,0,0,0,0,0,,1245.0,1,2,0,0,0,1,0,3,4,0,1,3,,N,,,,,,,,,,,
2010110749,1329.0,0,0,0,1,0,0,0,0,0,8,0,,67,10,2010,1,40.0443,-75.1708,1327.0,6,0,0,0,0,0,0,0,0,,0,0,0,13.0,1,1,2,,0,40 02:39.534,,0,75 10:14.725,4,0,0,0,67301,1,0,0,,0,0,0,2,67301,1,,1,1,,N,N,,0,,0,0,0,3,3,,1324.0,1,2,0,0,0,0,0,3,4,1,1,3,,N,,,,,,,,,,,
2010118101,938.0,2,0,0,0,0,0,0,0,0,1,0,,67,10,2010,1,40.0361,-75.0879,936.0,6,0,0,0,0,0,2,0,0,,0,0,0,99.0,1,1,1,,0,40 02:09.822,,0,75 05:16.321,4,0,0,0,67301,0,0,0,,0,0,0,2,67301,1,,1,1,,N,N,,0,,0,0,0,3,2,,9999.0,1,2,0,0,0,0,0,3,4,0,2,3,,N,,,,,,,,,,,
2010105001,926.0,1,0,0,0,0,0,0,0,0,4,0,,67,9,2010,4,40.0343,-75.1604,922.0,6,0,0,0,0,1,0,0,0,,0,0,0,9.0,1,1,1,,0,40 02:03.606,,0,75 09:37.515,8,0,0,0,67301,0,0,0,N,0,0,0,2,67301,0,,1,1,,N,N,,0,,0,0,1,3,3,,920.0,1,2,0,0,0,1,0,3,4,0,2,3,,N,,,,,,,,,,,
2010113333,1050.0,0,0,0,1,0,0,0,0,0,4,0,,67,9,2010,3,39.9357,-75.1908,1033.0,6,0,0,0,1,0,0,0,0,,0,0,0,10.0,1,1,0,,0,39 56:08.559,,0,75 11:26.743,4,0,0,0,67301,1,0,0,,0,0,0,3,67301,1,,4,1,,N,N,,1,,0,0,0,0,0,,1025.0,1,2,0,0,0,0,0,3,4,0,1,3,,N,,,,,,,,,,,
2010102530,51.0,2,0,0,0,0,0,0,0,0,4,0,,67,9,2010,7,39.9616,-75.1545,51.0,6,0,0,0,0,0,0,0,0,,0,0,0,0.0,3,0,1,,0,39 57:42.116,,0,75 09:16.249,9,0,0,0,67301,0,0,0,N,0,0,0,3,67301,0,,1,1,,N,N,,0,,0,0,0,3,2,,51.0,0,2,0,0,0,0,1,3,4,0,2,3,,N,,,,,,,,,,,
2010115388,939.0,1,0,0,0,0,0,0,0,0,1,0,,67,11,2010,1,39.904,-75.2401,925.0,6,0,0,0,0,0,0,0,0,,0,0,0,9.0,1,1,1,,0,39 54:14.563,,0,75 14:24.409,8,0,0,0,67301,0,0,0,N,0,0,0,6,68K01,0,,1,1,,N,N,,0,,0,0,1,3,2,,921.0,1,2,0,0,0,1,0,3,4,0,2,3,,N,,,,,,,,,,,
2010055802,1541.0,0,0,0,0,0,0,0,0,0,1,0,,67,6,2010,5,39.8988,-75.1709,1531.0,6,0,0,0,0,0,1,0,0,1.0,0,0,0,15.0,1,2,0,,1,39 53:56.643,2.0,0,75 10:05.693,8,0,0,0,67301,0,0,0,N,0,0,0,3,68K01,0,,1,1,,N,N,,0,,0,0,2,0,0,N,1529.0,2,2,0,0,0,2,0,3,4,0,2,3,,N,,,,,,,,,,,
2010118408,1859.0,1,0,0,0,0,0,0,0,0,8,0,,67,11,2010,2,39.9674,-75.1533,1853.0,6,0,0,0,0,0,0,0,0,,0,0,0,18.0,3,1,1,,0,39 58:02.474,,0,75 09:11.786,3,0,0,0,67301,1,0,0,N,1,0,0,2,67301,0,,2,9,,N,N,,0,,1,0,0,3,3,,1850.0,1,2,0,0,0,0,0,3,4,0,1,7,,N,,,,,,,,,,,
2010118450,845.0,0,0,0,0,0,0,0,0,0,8,0,,67,10,2010,3,40.0294,-75.1688,840.0,6,0,0,0,0,0,0,1,0,,0,0,0,7.0,1,1,2,,0,40 01:45.937,,0,75 10:07.762,8,0,0,0,67301,1,0,0,N,1,0,0,2,67301,0,,1,1,,N,N,,0,,0,0,1,0,0,,735.0,1,2,0,0,0,1,0,3,4,0,1,3,,N,,,,,,,,,,,
2010093666,600.0,1,0,0,0,0,0,0,0,0,8,0,,67,8,2010,7,39.9692,-75.2284,553.0,6,0,0,0,0,0,0,0,0,,0,0,0,5.0,5,1,1,,0,39 58:09.192,,0,75 13:42.211,4,0,0,0,67301,1,0,0,,1,0,0,2,67301,1,,1,1,,,,,0,,0,0,0,3,3,,550.0,1,2,0,0,0,0,1,3,4,0,1,3,,N,,,,,,,,,,,
2010093676,1854.0,1,0,0,0,0,0,1,0,0,1,1,,67,9,2010,6,39.9573,-75.2479,1845.0,6,0,0,0,0,1,0,0,0,,0,0,0,18.0,1,2,1,,0,39 57:26.251,,0,75 14:52.347,4,0,0,0,67301,0,0,0,N,0,0,0,4,67301,1,,1,1,,N,N,,0,,0,0,0,3,2,,1843.0,2,2,0,0,0,1,0,3,4,0,2,3,,N,,,,,,,,,,,
2010088651,1815.0,2,0,0,0,0,0,0,0,0,1,0,,67,8,2010,2,40.0806,-75.0284,1809.0,6,0,0,0,0,0,0,0,0,3.0,0,0,0,18.0,1,1,0,,1,40 04:50.276,3.0,0,75 01:42.172,3,0,0,0,67301,0,0,0,N,0,0,0,5,67301,0,,1,1,,N,N,,0,,1,0,0,0,0,N,1800.0,1,2,0,0,0,0,1,3,4,0,2,3,,N,,,,,,,,,,,
2010091221,8.0,1,0,0,0,0,0,0,0,0,7,0,,67,8,2010,6,39.9152,-75.1376,6.0,6,0,0,0,0,0,0,0,0,,0,0,0,0.0,3,1,0,,0,39 54:54.566,,0,75 08:15.488,4,0,0,0,67301,0,0,0,N,0,0,0,1,67301,1,,5,1,,N,N,,0,,0,0,0,0,0,,6.0,1,1,0,0,1,0,0,3,4,0,1,3,,N,,,,,,,,,,,
2010090948,836.0,0,0,0,0,0,0,0,0,0,1,0,,67,9,2010,2,39.9844,-75.2606,836.0,6,0,0,0,0,0,0,0,0,1.0,0,0,0,8.0,1,0,0,,2,39 59:03.756,2.0,0,75 15:38.241,0,0,0,0,67301,0,0,0,N,0,0,0,2,46104,0,,1,1,,N,N,,0,,0,0,1,3,2,Y,836.0,0,2,0,0,0,0,0,3,4,1,2,3,,N,,,,,,,,,,,
2010088773,1235.0,1,0,0,0,0,0,0,0,0,1,0,,67,8,2010,3,40.0236,-75.0564,1230.0,6,0,1,0,0,0,0,1,0,,0,0,0,12.0,1,2,1,,0,40 01:24.977,,0,75 03:23.118,4,0,0,0,67301,0,0,0,,0,0,0,3,67301,2,,1,1,,,,,1,,0,0,0,3,2,,1200.0,2,2,0,0,3,0,0,3,4,0,2,3,,N,,,,,,,,,,,
2010099604,1144.0,1,0,0,0,0,0,0,0,0,8,0,,67,7,2010,7,39.9463,-75.238,1140.0,6,0,0,0,0,0,0,0,0,,0,0,0,11.0,1,1,2,,0,39 56:46.736,,0,75 14:16.867,4,0,0,0,67301,1,0,0,,1,0,0,2,67301,1,,5,1,,,,,0,,0,0,0,3,2,,1130.0,1,2,0,0,0,0,0,3,4,0,1,3,,N,,,,,,,,,,,
2010099624,1054.0,2,0,0,0,0,0,0,0,0,4,0,,67,9,2010,6,40.0582,-75.1442,1044.0,6,0,0,0,0,1,0,0,0,,0,0,0,10.0,1,1,2,,0,40 03:29.509,,0,75 08:39.033,4,0,0,0,67301,0,0,0,N,0,0,0,2,67301,1,,1,1,,N,N,,0,,0,0,0,3,3,,1027.0,1,2,0,0,0,0,0,3,4,0,2,3,,N,,,,,,,,,,,
2010090814,1727.0,2,0,0,0,0,0,0,0,0,5,0,,67,9,2010,3,39.9499,-75.1839,1724.0,6,0,0,0,0,0,1,0,0,,0,0,0,17.0,1,1,0,,0,39 57:02.592,,0,75 10:59.525,8,0,0,0,67301,0,0,0,N,0,0,0,2,68K01,0,,1,1,,N,N,,0,,0,0,0,0,0,,1721.0,1,2,0,0,0,1,0,3,4,0,2,3,,N,,,,,,,,,,,
2010125707,2301.0,1,0,0,0,0,0,0,0,0,7,0,,67,12,2010,7,39.9766,-75.1134,2236.0,6,0,0,0,0,0,0,0,0,1.0,0,0,0,22.0,3,0,0,,1,39 58:37.776,1.0,0,75 06:46.221,0,0,0,0,67301,0,0,0,N,0,0,0,2,68K01,0,,2,9,,N,N,,0,,0,0,0,0,0,N,2232.0,0,1,0,0,0,0,0,3,4,0,1,7,,N,,,,,,,,,,,
2010102966,2120.0,2,0,0,0,0,0,0,0,0,1,0,,67,9,2010,5,40.0926,-75.066,2112.0,6,0,1,0,0,0,0,0,0,,0,0,0,21.0,3,1,1,,0,40 05:33.241,,0,75 03:57.765,4,0,0,0,67301,0,0,0,,0,0,0,2,67301,1,,1,9,,,,,0,,0,0,0,3,2,,2112.0,1,2,0,0,0,0,0,3,4,0,2,7,,N,,,,,,,,,,,
2010103108,106.0,1,0,0,0,0,0,0,0,0,8,0,,67,9,2010,7,39.9909,-75.1237,106.0,6,0,0,0,0,0,0,0,0,,0,0,0,1.0,3,1,0,,0,39 59:27.117,,0,75 07:25.457,3,0,0,0,67301,1,0,0,N,1,0,0,2,67301,0,,1,1,,N,N,,0,,1,0,0,0,0,,106.0,1,2,0,0,0,0,1,3,4,0,1,3,,N,,,,,,,,,,,
2010125097,1755.0,2,0,0,0,0,0,0,0,0,1,0,,67,11,2010,2,40.0353,-75.1214,1753.0,6,0,0,0,0,0,0,0,0,,0,0,0,15.0,1,2,0,,0,40 02:07.095,,7,75 07:17.215,8,0,0,0,67301,0,0,0,N,0,0,0,3,67301,0,,1,9,,N,N,,0,,0,0,0,0,0,,1530.0,2,2,0,0,0,2,0,3,4,0,2,7,,N,,,,,,,,,,,
2010012394,35.0,1,0,0,0,0,0,0,0,0,1,0,,67,1,2010,1,40.0284,-75.1093,30.0,6,0,0,0,0,0,0,0,0,1.0,0,0,0,0.0,3,2,0,,1,40 01:42.487,2.0,0,75 06:32.938,3,0,0,0,67301,0,0,0,N,0,0,0,3,67301,0,,1,1,,N,N,,0,,2,0,0,0,0,N,25.0,2,2,0,0,0,0,0,3,4,0,2,3,,N,,,,,,,,,,,
2010048696,1740.0,0,0,0,0,0,0,0,0,0,8,0,,67,4,2010,4,40.0415,-75.0279,1735.0,6,0,0,0,0,0,0,0,0,,0,0,0,17.0,1,1,0,,0,40 02:29.373,,0,75 01:40.431,8,0,0,0,67301,1,0,0,N,1,0,0,2,67301,0,,1,1,,N,N,,1,,0,0,0,0,0,,1730.0,1,2,0,0,0,1,0,3,4,0,1,3,,N,,,,,,,,,,,
2010048708,1242.0,2,0,0,0,0,0,0,0,0,4,0,,67,4,2010,3,39.9776,-75.1606,1244.0,6,0,0,0,0,1,1,0,0,,0,0,0,12.0,1,3,1,,0,39 58:39.345,,0,75 09:38.332,4,0,0,0,67301,0,0,0,N,0,0,0,4,67301,2,,1,1,,N,N,,0,,0,0,0,3,3,,1241.0,3,2,0,0,0,1,0,3,4,0,2,3,,N,,,,,,,,,,,
2010058811,2103.0,1,0,0,0,0,0,0,0,0,1,0,,67,5,2010,1,40.0294,-75.2037,2100.0,6,0,0,0,0,0,0,0,0,,0,0,0,21.0,3,0,0,,0,40 01:45.884,,0,75 12:13.581,0,0,0,0,67301,0,0,0,N,0,0,0,2,67301,0,,1,1,,N,N,,1,,0,0,0,0,0,,2100.0,0,2,0,0,0,0,0,3,4,0,2,3,,N,,,,,,,,,,,
2010058813,1355.0,1,0,0,1,0,0,0,0,0,4,0,,67,5,2010,7,39.9825,-75.1516,1348.0,6,0,0,0,0,0,0,0,0,,0,0,0,13.0,1,1,1,,0,39 58:57.093,,0,75 09:05.770,4,0,0,0,67301,1,0,0,N,0,0,0,2,67301,1,,1,1,,N,N,,0,,0,0,0,3,2,,1348.0,1,2,0,0,0,0,0,3,4,0,1,3,,N,,,,,,,,,,,
2010088686,1144.0,0,0,0,0,0,0,0,0,0,8,0,,67,8,2010,6,39.9714,-75.1594,1141.0,6,0,0,0,0,0,0,0,0,,0,0,0,11.0,1,1,1,,0,39 58:17.205,,0,75 09:33.736,8,0,0,0,67301,1,0,0,N,1,0,0,2,67301,0,,1,1,,N,N,,0,,0,0,1,3,2,,1140.0,1,2,0,0,0,1,0,3,4,0,1,3,,N,,,,,,,,,,,
2010091232,1829.0,2,0,0,0,0,0,0,0,0,4,0,,67,8,2010,6,40.0169,-75.1495,1826.0,6,0,0,0,0,0,0,0,0,2.0,0,0,0,16.0,1,4,1,,1,40 01:00.708,2.0,7,75 08:58.113,4,0,0,0,67301,0,0,0,,0,0,0,4,67301,4,,1,1,,N,N,,0,,0,0,0,3,2,N,1622.0,4,2,0,0,0,0,0,3,4,0,2,3,,N,,,,,,,,,,,
2010086026,1628.0,1,0,0,0,0,0,0,0,0,4,0,,67,7,2010,7,39.909,-75.2419,1623.0,6,0,1,0,0,0,0,0,0,,0,0,0,15.0,1,0,2,,0,39 54:32.712,,0,75 14:31.675,0,0,0,0,67301,0,0,0,N,0,0,0,5,67301,0,,2,1,,N,N,,0,,0,0,0,3,2,,1545.0,0,2,0,0,4,0,0,3,4,0,2,3,,N,,,,,,,,,,,
2010086011,1920.0,1,0,0,0,0,0,0,0,0,8,0,,67,7,2010,7,40.063,-75.1477,1917.0,6,0,0,0,0,0,0,0,0,,0,0,0,19.0,1,1,2,,0,40 03:46.792,,0,75 08:51.615,4,0,0,0,67301,1,0,0,,1,0,0,2,67301,1,,1,1,,N,N,,0,,0,0,0,3,3,,1915.0,1,2,0,0,0,0,0,3,4,0,1,3,,N,,,,,,,,,,,
2010086017,1605.0,1,0,0,1,0,0,0,0,0,4,0,,67,7,2010,1,39.9561,-75.1694,1603.0,6,0,0,0,0,0,1,0,0,,0,0,0,16.0,1,1,1,,0,39 57:22.028,,0,75 10:09.742,4,0,0,0,67301,1,0,0,N,0,0,0,2,67301,1,,1,1,,N,N,,0,,0,0,0,3,3,,1600.0,1,2,0,0,0,0,0,3,4,0,1,3,,N,,,,,,,,,,,
2010102947,846.0,1,0,0,0,0,0,0,0,0,4,0,,67,9,2010,5,39.9659,-75.1964,844.0,6,0,0,0,0,0,1,0,0,,0,0,0,8.0,1,1,1,,0,39 57:57.114,,0,75 11:46.978,8,0,0,0,67301,0,0,0,N,0,0,0,3,67301,0,,1,1,,N,N,,1,,0,0,0,3,3,,843.0,1,2,0,0,0,1,0,3,4,0,2,3,,N,,,,,,,,,,,
2010103094,820.0,2,0,0,0,0,0,0,0,0,4,0,,67,9,2010,5,40.0555,-75.1873,820.0,6,0,0,0,0,0,1,0,0,,0,0,0,8.0,1,6,2,,0,40 03:19.636,,0,75 11:14.292,4,0,0,1,67301,0,0,0,,0,0,0,7,67301,5,,1,1,,,,,0,,0,0,0,3,3,,815.0,6,3,0,0,0,1,0,3,4,0,3,3,,N,,,,,,,,,,,
2010103068,600.0,2,0,0,0,0,0,0,0,0,5,0,,67,9,2010,1,40.0014,-75.1382,600.0,6,0,0,0,1,0,0,0,0,,0,0,0,3.0,3,0,0,,0,40 00:04.921,,0,75 08:17.343,0,0,0,0,67301,0,0,0,N,0,0,0,1,67301,0,,6,1,,N,N,,0,,0,0,0,0,0,,300.0,0,2,0,0,0,0,0,3,4,0,2,3,,N,,,,,,,,,,,
2010117883,1300.0,1,0,0,0,0,0,0,0,0,8,0,,67,10,2010,6,39.982,-75.2391,1255.0,6,0,0,0,0,0,0,0,0,,0,0,0,12.0,1,1,1,,0,39 58:55.079,,0,75 14:20.664,4,0,0,0,67301,1,0,0,N,1,0,0,2,67301,1,,1,1,,N,N,,0,,0,0,0,3,2,,1255.0,1,2,0,0,0,0,1,3,4,0,1,3,,N,,,,,,,,,,,
2010009767,2125.0,3,0,0,0,0,0,0,0,0,1,0,,67,1,2010,5,39.985,-75.2083,2121.0,6,0,0,0,0,0,0,0,0,1.0,0,0,0,21.0,3,2,0,,2,39 59:09.888,3.0,0,75 12:29.512,8,0,0,0,67301,0,0,0,N,0,0,0,5,68K01,0,,1,1,,N,N,,0,,0,0,0,0,0,N,2118.0,2,3,0,0,1,2,0,3,4,0,3,3,,N,,,,,,,,,,,
2010012398,715.0,1,0,0,0,0,0,0,0,0,7,0,,67,1,2010,6,40.0579,-75.0366,708.0,6,0,0,0,0,0,0,0,0,,0,0,0,7.0,1,1,0,,0,40 03:28.869,,3,75 02:12.642,2,0,0,0,67301,0,0,0,N,0,0,0,1,67301,0,,2,7,,N,N,,0,,0,1,0,0,0,,700.0,1,1,0,0,0,0,0,3,4,0,1,10,,N,,,,,,,,,,,
2010048701,1600.0,1,0,0,0,0,0,0,0,0,7,0,,67,4,2010,4,40.0827,-74.9662,1507.0,6,0,0,0,0,0,0,1,0,1.0,0,0,0,15.0,1,0,0,,2,40 04:57.574,3.0,0,74 57:58.220,0,0,0,0,67301,0,0,0,Y,0,0,0,1,67301,0,,2,1,,N,N,,0,,0,0,0,0,0,N,1507.0,0,1,0,0,0,0,0,3,4,0,1,3,,N,,,,,,,,,,,
2010058916,341.0,1,0,0,0,0,0,0,0,0,1,0,,67,5,2010,7,39.9606,-75.1406,341.0,6,0,0,0,0,0,0,0,0,,0,0,0,2.0,3,0,2,,0,39 57:38.067,,0,75 08:25.515,0,0,0,0,67301,0,0,0,N,0,0,0,3,67301,0,,1,1,,N,N,,1,,0,0,0,3,2,,245.0,0,2,0,0,0,0,0,3,4,0,2,3,,N,,,,,,,,,,,