CRN,ARRIVAL_TM,AUTOMOBILE_COUNT,BELTED_DEATH_COUNT,BELTED_SUSP_SERIOUS_INJ_COUNT,BICYCLE_COUNT,BICYCLE_DEATH_COUNT,BICYCLE_SUSP_SERIOUS_INJ_COUNT,BUS_COUNT,CHLDPAS_DEATH_COUNT,CHLDPAS_SUSP_SERIOUS_INJ_COUNT,COLLISION_TYPE,COMM_VEH_COUNT,CONS_ZONE_SPD_LIM,COUNTY,CRASH_MONTH,CRASH_YEAR,DAY_OF_WEEK,DEC_LAT,DEC_LONG,DISPATCH_TM,DISTRICT,DRIVER_COUNT_16YR,DRIVER_COUNT_17YR,DRIVER_COUNT_18YR,DRIVER_COUNT_19YR,DRIVER_COUNT_20YR,DRIVER_COUNT_50_64YR,DRIVER_COUNT_65_74YR,DRIVER_COUNT_75PLUS,EST_HRS_CLOSED,FATAL_COUNT,HEAVY_TRUCK_COUNT,HORSE_BUGGY_COUNT,HOUR_OF_DAY,ILLUMINATION,INJURY_COUNT,INTERSECT_TYPE,INTERSECTION_RELATED,LANE_CLOSED,LATITUDE,LN_CLOSE_DIR,LOCATION_TYPE,LONGITUDE,MAX_SEVERITY_LEVEL,MCYCLE_DEATH_COUNT,MCYCLE_SUSP_SERIOUS_INJ_COUNT,MOTORCYCLE_COUNT,MUNICIPALITY,NONMOTR_COUNT,NONMOTR_DEATH_COUNT,NONMOTR_SUSP_SERIOUS_INJ_COUNT,NTFY_HIWY_MAINT,PED_COUNT,PED_DEATH_COUNT,PED_SUSP_SERIOUS_INJ_COUNT,PERSON_COUNT,POLICE_AGCY,POSSIBLE_INJ_COUNT,RDWY_SURF_TYPE_CD,RELATION_TO_ROAD,ROAD_CONDITION,ROADWAY_CLEARED,SCH_BUS_IND,SCH_ZONE_IND,SECONDARY_CRASH,SMALL_TRUCK_COUNT,SPEC_JURIS_CD,SUSP_MINOR_INJ_COUNT,SUSP_SERIOUS_INJ_COUNT,SUV_COUNT,TCD_FUNC_CD,TCD_TYPE,TFC_DETOUR_IND,TIME_OF_DAY,TOT_INJ_COUNT,TOTAL_UNITS,UNB_DEATH_COUNT,UNB_SUSP_SERIOUS_INJ_COUNT,UNBELTED_OCC_COUNT,UNK_INJ_DEG_COUNT,UNK_INJ_PER_COUNT,URBAN_AREA,URBAN_RURAL,VAN_COUNT,VEHICLE_COUNT,WEATHER1,WEATHER2,WORK_ZONE_IND,WORK_ZONE_LOC,WORK_ZONE_TYPE,WORKERS_PRES,WZ_CLOSE_DETOUR,WZ_FLAGGER,WZ_LAW_OFFCR_IND,WZ_LN_CLOSURE,WZ_MOVING,WZ_OTHER,WZ_SHLDER_MDN,WZ_WORKERS_INJ_KILLED
2010070711,1954.0,0,0,0,0,0,0,0,0,0,2,0,,67,6,2010,2,40.0379,-75.0781,1945.0,6,0,0,0,0,0,0,0,0,,0,0,0,19.0,1,1,0,,0,40 02:16.422,,0,75 04:41.037,3,0,0,0,67301,1,0,0,N,1,0,0,2,67301,0,,1,1,,N,N,,0,,1,0,1,0,0,,1945.0,1,2,0,0,0,0,0,3,4,0,1,3,,N,,,,,,,,,,,
2010067966,2310.0,2,0,0,0,0,0,0,0,0,1,0,,67,6,2010,3,40.0264,-75.1173,2304.0,6,0,0,0,0,0,0,0,0,9.0,0,0,0,23.0,3,0,0,,1,40 01:34.907,1.0,0,75 07:02.374,0,0,0,0,67301,0,0,0,N,0,0,0,2,67301,0,,1,1,,,,,0,,0,0,0,0,0,N,2300.0,0,2,0,0,0,0,0,3,4,0,2,3,,N,,,,,,,,,,,
2010070776,0.0,2,0,0,0,0,0,0,0,0,4,0,,67,6,2010,4,40.0473,-75.1417,845.0,6,0,0,0,0,0,0,0,0,,0,0,0,99.0,1,0,2,,0,40 02:50.399,,7,75 08:29.959,9,0,0,0,67301,0,0,0,N,0,0,0,2,67301,0,,1,1,,N,N,,0,,0,0,0,3,3,,9999.0,0,2,0,0,0,0,1,3,4,0,2,3,,N,,,,,,,,,,,
2010048892,1135.0,2,0,0,0,0,0,0,0,0,4,0,,67,4,2010,1,40.0312,-75.0852,1125.0,6,0,0,0,0,0,0,0,0,2.0,0,0,0,99.0,1,1,5,,1,40 01:52.626,1.0,0,75 05:06.090,8,0,0,0,67301,0,0,0,N,0,0,0,2,67301,0,,1,9,,N,N,,0,,0,0,0,3,2,N,9999.0,1,2,0,0,0,1,0,3,4,0,2,7,,N,,,,,,,,,,,
2010052094,1232.0,1,0,0,0,0,0,0,0,0,8,0,,67,5,2010,1,39.9791,-75.1685,1228.0,6,0,0,0,0,0,0,0,0,,0,0,0,12.0,1,1,0,,0,39 58:44.644,,0,75 10:06.448,4,0,0,0,67301,1,0,0,N,1,0,0,2,67301,1,,5,1,,N,N,,0,,0,0,0,0,0,,1220.0,1,2,0,0,1,0,0,3,4,0,1,3,,N,,,,,,,,,,,
2010052472,1842.0,2,0,0,0,0,0,0,0,0,1,0,,67,5,2010,2,40.0047,-75.1771,1834.0,6,0,0,0,0,0,0,1,0,,0,0,0,99.0,1,1,0,,0,40 00:16.977,,0,75 10:37.545,8,0,0,0,67301,0,0,0,N,0,0,0,3,67301,0,,1,1,,N,N,,0,,0,0,0,0,0,,9999.0,1,2,0,0,0,1,0,3,4,0,2,3,,N,,,,,,,,,,,
2010052480,1619.0,2,0,0,0,0,0,0,0,0,4,0,,67,5,2010,5,39.9336,-75.1457,1617.0,6,0,0,0,0,0,0,0,0,,0,0,0,16.0,1,1,1,,0,39 56:00.960,,0,75 08:44.440,8,0,0,0,67301,0,0,0,N,0,0,0,2,67301,0,,1,1,,N,N,,0,,0,0,0,3,2,,1613.0,1,2,0,0,0,1,0,3,4,0,2,3,,N,,,,,,,,,,,
2010052491,1942.0,1,0,0,0,0,0,0,0,0,1,0,,67,5,2010,7,39.9358,-75.2286,1939.0,6,0,0,0,0,0,0,0,0,,0,0,0,19.0,4,1,1,,0,39 56:08.815,,0,75 13:42.823,8,0,0,1,67301,0,0,0,N,0,0,0,2,67301,0,,1,1,,N,N,,0,,0,0,0,2,2,,1937.0,1,2,0,0,0,1,0,3,4,0,2,3,,N,,,,,,,,,,,
2010117835,1032.0,0,0,0,0,0,0,0,0,0,4,0,,67,10,2010,4,39.9924,-75.1943,1030.0,6,0,0,0,0,0,1,1,0,1.0,0,0,0,10.0,1,2,0,,2,39 59:32.496,5.0,0,75 11:39.444,3,0,0,0,67301,0,0,0,N,0,0,0,2,67301,1,,1,9,,N,N,,0,,1,0,2,0,0,Y,1022.0,2,2,0,0,0,0,0,3,4,0,2,7,,N,,,,,,,,,,,
2010122419,1251.0,2,0,0,0,0,0,0,0,0,5,0,,67,11,2010,1,40.0563,-75.0065,1245.0,6,0,0,1,0,0,0,0,0,,0,0,0,12.0,1,1,0,,0,40 03:22.650,,0,75 00:23.574,4,0,0,0,67301,0,0,0,,0,0,0,4,67301,1,,1,1,,,,,0,,0,0,0,0,0,,1244.0,1,2,0,0,0,0,0,3,4,0,2,3,,N,,,,,,,,,,,
2010122429,1342.0,1,0,0,0,0,0,0,0,0,8,0,,67,10,2010,2,40.0425,-75.1661,1340.0,6,0,0,0,0,0,0,0,0,,0,0,0,99.0,1,1,1,,0,40 02:33.008,,0,75 09:58.120,8,0,0,0,67301,1,0,0,N,1,0,0,2,67301,0,,1,1,,N,N,,0,,0,0,0,3,3,,9999.0,1,2,0,0,0,1,1,3,4,0,1,3,,N,,,,,,,,,,,
2010113794,756.0,2,0,0,0,0,0,0,0,0,4,0,,67,10,2010,3,39.9867,-75.2083,750.0,6,0,0,0,0,0,1,0,0,,0,0,0,7.0,1,0,1,,0,39 59:11.983,,2,75 12:29.919,0,0,0,0,67301,0,0,0,N,0,0,0,2,67301,0,,1,9,,N,N,,0,,0,0,0,3,3,,720.0,0,2,0,0,0,0,0,3,4,0,2,7,,N,,,,,,,,,,,
2010061971,1755.0,1,0,0,0,0,0,0,0,0,8,0,,67,5,2010,3,39.9918,-75.1127,1730.0,6,0,0,0,0,0,0,0,0,,0,0,0,16.0,1,2,1,,0,39 59:30.291,,0,75 06:46.001,3,0,0,0,67301,2,0,0,N,2,0,0,3,67301,1,,1,9,,N,N,,0,,1,0,0,3,2,,1600.0,2,3,0,0,0,0,0,3,4,0,1,7,,N,,,,,,,,,,,
2010075266,1501.0,2,0,0,0,0,0,0,0,0,1,0,55.0,67,8,2010,3,39.8989,-75.1791,1436.0,6,0,0,0,0,0,0,0,0,,0,0,0,14.0,1,1,0,,0,39 53:56.134,,0,75 10:06.320,4,0,0,0,67301,0,0,0,N,0,0,0,2,68K01,1,,1,1,,N,N,,0,,0,0,0,0,0,,1430.0,1,2,0,0,0,0,0,3,4,0,2,3,,Y,8.0,1.0,N,N,N,N,N,N,Y,N,
2010064418,1302.0,0,0,0,0,0,0,0,0,0,7,0,,67,6,2010,1,40.0134,-75.0577,1252.0,6,0,0,0,0,0,0,1,0,,0,0,0,12.0,1,1,0,,0,40 00:47.952,,0,75 03:28.230,8,0,0,0,67301,0,0,0,N,0,0,0,2,68K01,0,,2,1,,N,N,,0,,0,0,0,0,0,,1246.0,1,1,0,0,0,1,0,3,4,0,1,3,,N,,,,,,,,,,,
2010061933,1805.0,1,0,0,0,0,0,0,0,0,8,0,,67,5,2010,5,40.0399,-75.1552,1802.0,6,0,0,0,0,0,0,0,0,,0,0,0,17.0,1,1,0,,0,40 02:23.580,,0,75 09:18.781,3,0,0,0,67301,1,0,0,N,1,0,0,2,67301,0,,1,1,,N,N,,0,,1,0,0,0,0,,1757.0,1,2,0,0,0,0,0,3,4,0,1,3,,N,,,,,,,,,,,
2010067057,1447.0,2,0,0,0,0,0,0,0,0,1,0,,67,6,2010,4,39.9211,-75.1938,1443.0,6,0,0,0,0,0,0,0,0,,0,0,0,14.0,1,1,1,,0,39 55:16.112,,3,75 11:37.750,8,0,0,0,67301,0,0,0,,0,0,0,3,67301,0,,1,9,,,,,0,,0,0,0,3,2,,1435.0,1,2,0,0,0,1,0,3,4,0,2,7,,N,,,,,,,,,,,
2010069579,1905.0,1,0,0,0,0,0,0,0,0,8,0,,67,6,2010,6,39.9642,-75.204,1852.0,6,0,0,0,0,0,0,0,0,,0,0,0,18.0,1,1,0,,0,39 57:50.996,,0,75 12:14.265,8,0,0,0,67301,1,0,0,N,1,0,0,2,67301,0,,1,1,,N,N,,0,,0,0,0,0,0,,1833.0,1,2,0,0,0,1,0,3,4,0,1,3,,N,,,,,,,,,,,
2010081740,1700.0,0,0,0,0,0,0,0,0,0,8,0,,67,6,2010,3,39.9586,-75.2334,1656.0,6,0,0,0,0,0,0,0,0,,0,0,0,16.0,1,1,0,,0,39 57:30.891,,0,75 14:00.160,3,0,0,0,67301,1,0,0,N,1,0,0,4,67301,0,,1,1,,N,N,,0,,1,0,0,0,0,,1655.0,1,2,0,0,3,0,0,3,4,1,1,3,,N,,,,,,,,,,,
2010081802,1806.0,2,0,0,0,0,0,0,0,0,4,0,,67,7,2010,2,39.9186,-75.2283,1806.0,6,0,0,0,1,0,0,0,0,2.0,0,0,0,18.0,1,2,1,,1,39 55:07.024,5.0,0,75 13:41.919,4,0,0,0,67301,0,0,0,,0,0,0,4,67301,2,,1,1,,,,,0,,0,0,0,3,3,N,1806.0,2,2,0,0,0,0,0,3,4,0,2,3,,N,,,,,,,,,,,
2010069910,1632.0,2,0,0,0,0,0,0,0,0,4,0,,67,5,2010,1,39.9763,-75.1394,1630.0,6,0,0,0,0,0,0,0,0,,0,0,0,16.0,1,1,1,,0,39 58:34.842,,0,75 08:21.879,4,0,0,0,67301,0,0,0,N,0,0,0,3,67301,1,,1,1,,N,N,,0,,0,0,0,3,3,,1630.0,1,2,0,0,0,0,0,3,4,0,2,3,,N,,,,,,,,,,,
2010069948,2025.0,2,0,0,0,0,0,0,0,0,4,0,,67,6,2010,3,39.9703,-75.1245,2004.0,6,0,0,0,0,0,1,0,0,,0,0,0,20.0,1,0,1,,0,39 58:14.662,,0,75 07:26.259,0,0,0,0,67301,0,0,0,N,0,0,0,2,67301,0,,1,1,,N,N,,0,,0,0,0,3,2,,2000.0,0,2,0,0,0,0,0,3,4,0,2,3,,N,,,,,,,,,,,
2010069988,1255.0,0,0,0,0,0,0,0,0,0,5,0,,67,6,2010,3,39.9549,-75.1511,1248.0,6,0,0,0,0,0,2,0,0,2.0,0,0,0,12.0,1,1,1,,1,39 57:17.491,3.0,0,75 09:04.108,8,0,0,0,67301,0,0,0,N,0,0,0,5,67301,0,,1,1,,N,N,,2,,0,0,0,3,2,N,1230.0,1,2,0,0,0,1,0,3,4,0,2,3,,N,,,,,,,,,,,
2010070007,1340.0,1,0,0,0,0,0,0,0,0,8,0,,67,6,2010,6,39.9991,-75.2309,1335.0,6,0,0,0,0,0,1,0,0,2.0,0,0,0,13.0,1,1,1,,1,39 59:56.763,2.0,0,75 13:51.120,4,0,0,0,67301,1,0,0,N,1,0,0,2,67301,1,,1,1,,N,N,,0,,0,0,0,3,2,N,1325.0,1,2,0,0,0,0,0,3,4,0,1,3,,N,,,,,,,,,,,
2010070013,9999.0,3,0,0,0,0,0,0,0,0,1,0,,67,6,2010,5,39.9249,-75.174,2158.0,6,0,0,0,0,0,1,0,0,,0,0,0,21.0,3,1,0,,0,39 55:28.207,,0,75 10:14.283,2,0,0,0,67301,0,0,0,N,0,0,0,1,67301,0,,6,1,,N,N,,0,,0,1,0,0,0,,2158.0,1,3,0,1,1,0,0,3,4,0,3,3,,N,,,,,,,,,,,
2010072561,702.0,2,0,0,0,0,0,0,0,0,1,0,,67,6,2010,2,40.0767,-75.0361,705.0,6,0,0,0,0,0,0,0,0,,0,0,0,6.0,1,0,2,,0,40 04:36.097,,0,75 02:09.929,0,0,0,0,67301,0,0,0,,0,0,0,4,67301,0,,1,1,,N,N,,0,,0,0,0,0,0,,655.0,0,2,0,0,1,0,0,3,4,0,2,3,,N,,,,,,,,,,,
2010066994,551.0,0,0,0,0,0,0,0,0,0,4,0,,67,6,2010,3,39.9573,-75.2283,545.0,6,0,0,0,0,0,0,0,0,,0,0,0,5.0,5,1,0,,0,39 57:26.335,,0,75 13:42.054,3,0,0,0,67301,0,0,0,N,0,0,0,1,67301,0,,6,1,,N,N,,0,,1,0,1,0,0,,530.0,1,2,0,0,1,0,0,3,4,1,2,3,,N,,,,,,,,,,,
2010074515,1835.0,1,0,0,0,0,0,0,0,0,7,0,,67,7,2010,5,39.9198,-75.2017,1833.0,6,0,0,0,1,0,0,0,0,,0,0,0,8.0,1,1,0,,0,39 55:11.234,,3,75 12:06.243,8,0,0,0,67301,0,0,0,N,0,0,0,1,67301,0,,3,1,,N,N,,0,,0,0,0,0,0,,832.0,1,1,0,0,0,1,0,3,4,0,1,3,,N,,,,,,,,,,,
2010074594,2148.0,1,0,0,0,0,0,0,0,0,8,0,,67,7,2010,6,39.9564,-75.2301,2144.0,6,0,0,0,0,1,0,0,0,,0,0,0,21.0,3,1,0,,0,39 57:22.968,,0,75 13:48.370,2,0,0,0,67301,1,0,1,N,1,0,1,2,67301,0,,1,1,,N,N,,0,,0,1,0,0,0,,2135.0,1,2,0,0,0,0,0,3,4,0,1,3,,N,,,,,,,,,,,
2010074614,1208.0,2,0,0,0,0,0,0,0,0,4,0,,67,7,2010,7,39.9199,-75.2228,1203.0,6,0,0,0,0,0,0,0,0,2.0,0,0,0,11.0,1,1,1,,1,39 55:11.966,6.0,0,75 13:22.049,4,0,0,0,67301,0,0,0,N,0,0,0,3,67301,1,,1,9,,N,N,,0,,0,0,0,2,2,Y,1150.0,1,2,0,0,0,0,0,3,4,0,2,7,,N,,,,,,,,,,,
2010091227,1232.0,2,0,0,0,0,0,0,0,0,5,0,,67,8,2010,5,39.904,-75.2401,1226.0,6,0,0,0,0,0,0,0,0,,0,0,0,22.0,3,0,1,,0,39 54:14.619,,0,75 14:25.049,0,0,0,0,67301,0,0,0,,0,0,0,2,67301,0,,1,1,,,,,0,,0,0,0,3,2,,2254.0,0,2,0,0,0,0,0,3,4,0,2,3,,N,,,,,,,,,,,
2010091238,0.0,0,0,0,0,0,0,0,0,0,8,0,,67,8,2010,6,40.01,-75.0961,2350.0,6,0,0,0,0,0,0,0,0,,0,0,0,23.0,3,1,1,,0,40 00:35.990,,0,75 05:46.076,2,0,0,0,67301,1,0,1,N,1,0,1,2,67301,0,,1,1,,N,N,,1,,0,1,0,3,2,,2300.0,1,2,0,0,0,0,0,3,4,0,1,3,,N,,,,,,,,,,,
2010088767,1444.0,0,0,0,0,0,0,0,0,0,8,0,,67,8,2010,7,40.0275,-75.0624,1443.0,6,0,0,0,0,0,1,0,0,,0,0,0,14.0,1,1,1,,0,40 01:38.846,,0,75 03:44.583,4,0,0,0,67301,1,0,0,,1,0,0,2,67301,1,,1,1,,,,,1,,0,0,0,3,2,,1442.0,1,2,0,0,0,0,0,3,4,0,1,3,,N,,,,,,,,,,,
2010088843,1835.0,1,0,0,0,0,0,0,0,0,7,0,,67,8,2010,3,40.0072,-75.197,1825.0,6,0,0,0,0,0,0,0,0,,0,0,0,18.0,1,0,0,,0,40 00:25.990,,0,75 11:49.160,0,0,0,0,67301,0,0,0,N,0,0,0,1,67301,0,,2,1,,N,N,,0,,0,0,0,0,0,,1824.0,0,1,0,0,0,0,0,3,4,0,1,3,,N,,,,,,,,,,,
2010090673,223.0,1,0,0,0,0,0,0,0,0,7,0,,67,9,2010,5,39.9724,-75.1223,220.0,6,0,0,0,0,0,0,0,0,2.0,0,0,0,2.0,3,0,0,,1,39 58:20.822,2.0,0,75 07:19.773,0,0,0,0,67301,0,0,0,N,0,0,0,1,68K01,0,,2,1,,N,N,,0,,0,0,0,0,0,N,220.0,0,1,0,0,1,0,0,3,4,0,1,3,,N,,,,,,,,,,,
2010099623,1708.0,0,0,0,1,0,0,0,0,0,4,0,,67,9,2010,2,40.1051,-75.0276,1703.0,6,0,0,0,0,0,0,0,0,,0,0,0,17.0,1,1,2,,0,40 06:18.209,,0,75 01:39.508,4,0,0,0,67301,1,0,0,N,0,0,0,2,67301,1,,1,1,,N,N,,1,,0,0,0,3,3,,1700.0,1,2,0,0,0,0,0,3,4,0,1,3,,N,,,,,,,,,,,
2010088006,2037.0,1,0,0,0,0,0,0,0,0,4,0,,67,9,2010,4,40.1048,-75.0016,2035.0,6,0,0,0,0,0,0,0,0,1.0,0,0,0,20.0,3,1,1,,1,40 06:16.828,1.0,0,75 00:05.336,4,0,0,0,67301,0,0,0,N,0,0,0,2,67301,1,,1,1,,N,N,,0,,0,0,1,3,2,N,2030.0,1,2,0,0,0,0,0,3,4,0,2,3,,N,,,,,,,,,,,
2010105648,2135.0,1,0,0,0,0,0,0,0,0,4,0,,67,8,2010,2,40.1179,-75.0219,2131.0,6,0,0,0,0,0,0,0,0,,0,0,0,21.0,3,1,1,,0,40 07:04.512,,0,75 01:18.944,8,0,0,0,67301,0,0,0,N,0,0,0,2,67301,0,,1,9,,N,N,,1,,0,0,0,3,3,,2131.0,1,2,0,0,0,1,0,3,4,0,2,7,,N,,,,,,,,,,,
2010125296,1907.0,1,0,0,0,0,0,0,0,0,7,1,,67,12,2010,1,39.9795,-75.2043,1906.0,6,0,0,0,0,0,1,0,0,,0,1,0,19.0,3,0,0,,0,39 58:48.802,,0,75 12:19.495,0,0,0,0,67301,0,0,0,N,0,0,0,2,68K01,0,,4,9,,N,N,,0,,0,0,0,0,0,,1906.0,0,2,0,0,0,0,0,3,4,0,2,7,,N,,,,,,,,,,,
2010096028,610.0,1,0,0,0,0,0,0,0,0,7,0,,67,10,2010,2,39.9321,-75.1999,610.0,6,0,0,0,0,0,0,0,1,1.0,0,0,0,5.0,3,1,0,,1,39 55:59.395,4.0,0,75 12:00.042,8,0,0,0,67301,0,0,0,N,0,0,0,2,68K01,0,,2,9,,N,N,,0,,0,0,0,0,0,N,555.0,1,2,0,0,0,1,0,3,4,1,2,7,,N,,,,,,,,,,,
2010040539,1755.0,1,0,0,0,0,0,0,0,0,4,0,,67,3,2010,3,39.9677,-75.2301,1735.0,6,0,0,0,1,0,0,0,0,,0,0,0,17.0,4,1,1,,0,39 58:03.576,,0,75 13:48.302,8,0,0,0,67301,0,0,0,N,0,0,0,2,67301,0,,1,9,,N,N,,0,,0,0,0,0,0,,1700.0,1,2,0,0,0,1,1,3,4,0,2,3,,N,,,,,,,,,,,
2010048706,125.0,2,0,0,0,0,0,0,0,0,1,0,,67,4,2010,3,39.9777,-75.1828,120.0,6,0,0,0,0,0,0,0,1,2.0,0,0,0,1.0,2,1,0,,1,39 58:39.714,2.0,0,75 10:58.028,8,0,0,0,67301,0,0,0,N,0,0,0,3,67301,0,,1,1,,N,N,,0,,0,0,0,0,0,N,115.0,1,2,0,0,0,1,0,3,4,0,2,3,,N,,,,,,,,,,,
2010048731,1826.0,2,0,0,0,0,0,0,0,0,1,0,,67,4,2010,4,39.9178,-75.2336,1821.0,6,0,0,0,0,0,1,0,0,,0,0,0,18.0,1,0,1,,0,39 55:04.087,,0,75 14:00.909,0,0,0,0,67301,0,0,0,N,0,0,0,3,67301,0,,4,9,,N,N,,1,,0,0,0,3,3,,1819.0,0,3,0,0,3,0,0,3,4,0,3,7,,N,,,,,,,,,,,
2010048783,1351.0,1,0,0,0,0,0,0,0,0,7,0,,67,4,2010,2,,,1350.0,6,0,0,0,0,0,0,0,0,1.0,0,0,0,13.0,1,1,0,,2,,2.0,0,,4,0,0,0,67301,0,0,0,N,0,0,0,1,67301,1,,2,9,,N,N,,0,,0,0,0,0,0,N,1348.0,1,1,0,0,0,0,0,3,3,0,1,7,,N,,,,,,,,,,,
2010060433,147.0,2,0,0,0,0,0,0,0,0,1,0,,67,6,2010,7,39.9616,-75.1826,140.0,6,0,0,0,0,1,0,0,0,2.0,0,0,0,1.0,3,0,0,,1,39 57:40.103,4.0,2,75 10:53.859,0,0,0,0,67301,0,0,0,N,0,0,0,2,68K01,0,,1,1,,N,N,,0,,0,0,0,0,0,N,133.0,0,2,0,0,2,0,0,3,4,0,2,3,,N,,,,,,,,,,,
2010070740,1630.0,3,0,0,0,0,0,0,0,0,1,0,,67,6,2010,4,40.0445,-75.1931,1625.0,6,0,0,0,0,0,1,1,0,,0,0,0,16.0,1,1,5,,0,40 02:40.301,,0,75 11:35.235,8,0,0,0,67301,0,0,0,N,0,0,0,3,67301,0,,1,1,,N,N,,0,,0,0,0,3,2,,1620.0,1,3,0,0,0,1,0,3,4,0,3,3,,N,,,,,,,,,,,
2010070773,1315.0,1,0,0,0,0,0,0,0,0,8,0,,67,6,2010,5,40.0543,-75.0714,1313.0,6,0,0,0,0,0,0,0,0,1.0,0,0,0,13.0,1,1,0,,1,40 03:15.594,4.0,7,75 04:17.191,3,0,0,0,67301,1,0,0,N,1,0,0,2,67301,0,,1,1,,N,N,,0,,1,0,0,0,0,Y,1300.0,1,2,0,0,0,0,0,3,4,0,1,3,,N,,,,,,,,,,,
2010062665,1715.0,1,0,0,1,0,0,0,0,0,5,0,,67,5,2010,3,39.9551,-75.1854,1710.0,6,0,0,0,0,0,0,0,0,,0,0,0,17.0,1,1,0,,0,39 57:18.339,,0,75 11:08.163,4,0,0,0,67301,1,0,0,N,0,0,0,2,67301,1,,6,1,,N,N,,0,,0,0,0,0,0,,1710.0,1,2,0,0,0,0,0,3,4,0,1,3,,N,,,,,,,,,,,
2010068364,2253.0,2,0,0,0,0,0,0,0,0,1,0,,67,7,2010,5,39.9583,-75.1804,2253.0,6,0,0,0,0,0,1,0,0,2.0,0,0,0,22.0,3,0,6,,1,39 57:34.701,3.0,2,75 10:51.774,0,0,0,0,67301,0,0,0,N,0,0,0,3,68K01,0,,1,1,,N,N,,0,,0,0,0,0,0,N,2235.0,0,2,0,0,0,0,0,3,4,0,2,3,,N,,,,,,,,,,,
2010068368,336.0,0,0,0,0,0,0,0,0,0,0,0,55.0,67,7,2010,1,40.0216,-75.0405,332.0,6,0,0,0,0,0,0,0,0,2.0,0,0,0,3.0,3,0,0,,1,40 01:17.386,2.0,0,75 02:26.320,9,0,0,0,67301,0,0,0,Y,0,0,0,1,68K01,0,,1,1,,N,N,,1,,0,0,0,0,0,N,329.0,0,1,0,0,0,0,1,3,4,0,1,3,,Y,8.0,1.0,N,N,N,N,Y,N,N,Y,
2010076332,349.0,1,0,0,0,0,0,0,0,0,7,0,,67,8,2010,7,39.9603,-75.181,347.0,6,0,0,0,1,0,0,0,0,2.0,0,0,0,3.0,3,1,0,,2,39 57:41.100,4.0,0,75 10:56.405,4,0,0,0,67301,0,0,0,N,0,0,0,1,68K01,1,,4,1,,N,N,,0,,0,0,0,0,0,N,344.0,1,1,0,0,0,0,0,3,4,0,1,3,,N,,,,,,,,,,,
2010052471,1724.0,1,0,0,0,0,0,0,0,0,1,0,,67,5,2010,2,40.0163,-75.1875,1721.0,6,0,0,0,0,0,1,0,0,,0,0,0,17.0,1,2,0,,0,40 00:58.709,,0,75 11:15.067,4,0,0,0,67301,0,0,0,N,0,0,0,3,67301,1,,1,1,,N,N,,0,,0,0,1,0,0,,1715.0,2,3,0,0,0,1,0,3,4,1,3,3,,N,,,,,,,,,,,
2010049274,218.0,0,0,0,0,0,0,0,0,0,7,0,,67,5,2010,4,39.9751,-75.1944,215.0,6,0,0,0,0,0,0,0,0,,0,0,0,2.0,3,1,0,,0,39 58:34.398,,0,75 11:43.139,4,0,0,0,67301,0,0,0,N,0,0,0,1,68K01,1,,2,9,,N,N,,0,,0,0,1,0,0,,212.0,1,1,0,0,1,0,0,3,4,0,1,7,,N,,,,,,,,,,,
2010052239,1641.0,0,0,0,1,0,0,1,0,0,5,1,,67,4,2010,4,39.9398,-75.1883,1632.0,6,0,0,0,0,0,0,0,1,,0,0,0,99.0,1,1,0,,0,39 56:23.366,,0,75 11:17.865,8,0,0,0,67301,1,0,0,,0,0,0,2,67301,0,,1,1,,N,N,,0,,0,0,0,0,0,,9999.0,1,2,0,0,0,1,0,3,4,0,1,3,,N,,,,,,,,,,,
2010117819,1248.0,2,0,0,0,0,0,0,0,0,1,0,,67,11,2010,2,40.0845,-75.0384,1245.0,6,0,0,0,0,0,0,0,0,,0,0,0,12.0,1,1,1,,0,40 05:04.029,,0,75 02:18.148,4,0,0,0,67301,0,0,0,N,0,0,0,2,67301,1,,1,1,,N,N,,0,,0,0,0,3,2,,1240.0,1,2,0,0,0,0,0,3,4,0,2,3,,N,,,,,,,,,,,
2010117863,753.0,1,0,0,0,0,0,1,0,0,4,1,,67,11,2010,7,39.9583,-75.152,749.0,6,0,0,0,0,0,1,0,0,,0,0,0,7.0,1,0,1,,0,39 57:30.009,,0,75 09:07.358,0,0,0,0,67301,0,0,0,N,0,0,0,2,67301,0,,1,1,,N,N,,0,,0,0,0,3,2,,745.0,0,2,0,0,0,0,0,3,4,0,2,3,,N,,,,,,,,,,,
2010092841,1542.0,0,0,0,0,0,0,0,0,0,0,0,,67,9,2010,2,40.0501,-74.9918,1532.0,6,0,0,0,0,0,0,0,0,1.0,0,0,0,15.0,1,1,0,,2,40 03:00.643,1.0,0,74 59:30.100,3,0,0,0,67301,0,0,0,Y,0,0,0,1,68K01,0,,1,1,,N,N,,1,,1,0,0,0,0,N,1532.0,1,1,0,0,0,0,0,3,4,0,1,3,,N,,,,,,,,,,,
2010094305,1310.0,1,0,0,0,0,0,0,0,0,8,0,,67,8,2010,3,39.9337,-75.177,1306.0,6,0,0,0,0,0,0,0,0,,0,0,0,13.0,1,1,0,,0,39 56:01.249,,0,75 10:37.316,4,0,0,0,67301,1,0,0,N,1,0,0,2,67301,1,,1,1,,N,N,,0,,0,0,0,0,0,,1300.0,1,2,0,0,0,0,0,3,4,0,1,3,,N,,,,,,,,,,,