CRN,ARRIVAL_TM,AUTOMOBILE_COUNT,BELTED_DEATH_COUNT,BELTED_SUSP_SERIOUS_INJ_COUNT,BICYCLE_COUNT,BICYCLE_DEATH_COUNT,BICYCLE_SUSP_SERIOUS_INJ_COUNT,BUS_COUNT,CHLDPAS_DEATH_COUNT,CHLDPAS_SUSP_SERIOUS_INJ_COUNT,COLLISION_TYPE,COMM_VEH_COUNT,CONS_ZONE_SPD_LIM,COUNTY,CRASH_MONTH,CRASH_YEAR,DAY_OF_WEEK,DEC_LAT,DEC_LONG,DISPATCH_TM,DISTRICT,DRIVER_COUNT_16YR,DRIVER_COUNT_17YR,DRIVER_COUNT_18YR,DRIVER_COUNT_19YR,DRIVER_COUNT_20YR,DRIVER_COUNT_50_64YR,DRIVER_COUNT_65_74YR,DRIVER_COUNT_75PLUS,EST_HRS_CLOSED,FATAL_COUNT,HEAVY_TRUCK_COUNT,HORSE_BUGGY_COUNT,HOUR_OF_DAY,ILLUMINATION,INJURY_COUNT,INTERSECT_TYPE,INTERSECTION_RELATED,LANE_CLOSED,LATITUDE,LN_CLOSE_DIR,LOCATION_TYPE,LONGITUDE,MAX_SEVERITY_LEVEL,MCYCLE_DEATH_COUNT,MCYCLE_SUSP_SERIOUS_INJ_COUNT,MOTORCYCLE_COUNT,MUNICIPALITY,NONMOTR_COUNT,NONMOTR_DEATH_COUNT,NONMOTR_SUSP_SERIOUS_INJ_COUNT,NTFY_HIWY_MAINT,PED_COUNT,PED_DEATH_COUNT,PED_SUSP_SERIOUS_INJ_COUNT,PERSON_COUNT,POLICE_AGCY,POSSIBLE_INJ_COUNT,RDWY_SURF_TYPE_CD,RELATION_TO_ROAD,ROAD_CONDITION,ROADWAY_CLEARED,SCH_BUS_IND,SCH_ZONE_IND,SECONDARY_CRASH,SMALL_TRUCK_COUNT,SPEC_JURIS_CD,SUSP_MINOR_INJ_COUNT,SUSP_SERIOUS_INJ_COUNT,SUV_COUNT,TCD_FUNC_CD,TCD_TYPE,TFC_DETOUR_IND,TIME_OF_DAY,TOT_INJ_COUNT,TOTAL_UNITS,UNB_DEATH_COUNT,UNB_SUSP_SERIOUS_INJ_COUNT,UNBELTED_OCC_COUNT,UNK_INJ_DEG_COUNT,UNK_INJ_PER_COUNT,URBAN_AREA,URBAN_RURAL,VAN_COUNT,VEHICLE_COUNT,WEATHER1,WEATHER2,WORK_ZONE_IND,WORK_ZONE_LOC,WORK_ZONE_TYPE,WORKERS_PRES,WZ_CLOSE_DETOUR,WZ_FLAGGER,WZ_LAW_OFFCR_IND,WZ_LN_CLOSURE,WZ_MOVING,WZ_OTHER,WZ_SHLDER_MDN,WZ_WORKERS_INJ_KILLED
2010122439,1255.0,2,0,0,0,0,0,0,0,0,7,0,,67,11,2010,4,40.0589,-75.0449,1252.0,6,0,0,0,0,0,0,0,1,3.0,0,0,0,12.0,1,1,0,,2,40 03:31.784,2.0,0,75 02:41.997,4,0,0,0,67301,0,0,0,N,0,0,0,2,67301,1,,5,1,,N,N,,0,,0,0,0,0,0,N,1251.0,1,2,0,0,0,0,0,3,4,0,2,3,,N,,,,,,,,,,,
2010122445,1350.0,3,0,0,0,0,0,0,0,0,4,0,,67,11,2010,5,39.9762,-75.161,1348.0,6,0,0,0,0,0,0,1,0,,0,0,0,13.0,1,0,1,,0,39 58:34.219,,0,75 09:39.495,9,0,0,0,67301,0,0,0,N,0,0,0,2,67301,0,,1,1,,N,N,,0,,0,0,0,3,3,,1345.0,0,3,0,0,0,0,1,3,4,0,3,3,,N,,,,,,,,,,,
2010113795,1611.0,3,0,0,0,0,0,0,0,0,1,0,,67,10,2010,6,40.029,-75.1061,1559.0,6,0,0,0,0,0,0,0,0,,0,0,0,15.0,1,1,1,,0,40 01:47.170,,0,75 06:16.717,8,0,0,0,67301,0,0,0,N,0,0,0,4,67301,0,,1,1,,N,N,,0,,0,0,0,3,2,,1530.0,1,3,0,0,0,1,0,3,4,0,3,3,,N,,,,,,,,,,,
2010114056,759.0,2,0,0,0,0,0,0,0,0,4,0,,67,10,2010,3,40.0149,-75.1338,758.0,6,0,0,0,0,0,1,0,0,,0,0,0,7.0,1,1,0,,0,40 00:53.483,,0,75 08:01.505,4,0,0,0,67301,0,0,0,N,0,0,0,2,67301,1,,1,1,,N,Y,,0,,0,0,0,0,0,,744.0,1,2,0,0,1,0,0,3,4,0,2,3,,N,,,,,,,,,,,
2010114081,1444.0,4,0,0,0,0,0,0,0,0,1,0,,67,10,2010,2,39.9573,-75.1427,1444.0,6,0,0,0,0,0,1,1,0,3.0,1,0,0,14.0,1,2,1,,2,39 57:25.887,2.0,2,75 08:31.295,1,0,0,0,67301,0,0,0,N,0,0,0,4,67301,0,2.0,1,1,,N,N,,0,0.0,0,0,0,3,2,Y,1435.0,2,4,0,0,0,2,0,3,4,0,4,3,,N,,,,,,,,,,,
2010069855,1535.0,2,0,0,0,0,0,0,0,0,4,0,,67,6,2010,4,40.0391,-75.0344,1533.0,6,0,0,0,0,0,0,0,1,,0,0,0,15.0,1,2,1,,0,40 02:20.706,,0,75 02:03.807,4,0,0,0,67301,0,0,0,,0,0,0,3,67301,2,,1,9,,N,N,,0,,0,0,0,3,3,,1530.0,2,2,0,0,0,0,0,3,4,0,2,7,,N,,,,,,,,,,,
2010074371,435.0,3,0,0,0,0,0,0,0,0,6,0,,67,7,2010,2,40.0423,-75.1819,431.0,6,0,0,0,0,0,0,0,0,,0,0,0,4.0,3,0,0,,0,40 02:32.167,,0,75 10:54.667,0,0,0,0,67301,0,0,0,N,0,0,0,1,67301,0,,1,1,,N,N,,0,,0,0,0,0,0,,425.0,0,3,0,0,1,0,0,3,4,0,3,3,,N,,,,,,,,,,,
2010074397,2349.0,3,0,0,0,0,0,0,0,0,1,0,,67,7,2010,2,39.9545,-75.1811,2347.0,6,0,0,0,0,0,0,0,0,,0,0,0,23.0,3,1,1,,0,39 57:16.583,,0,75 10:51.965,4,0,0,0,67301,0,0,0,N,0,0,0,4,67301,1,,1,1,,N,N,,0,,0,0,0,3,2,,2347.0,1,3,0,0,0,0,0,3,4,0,3,3,,N,,,,,,,,,,,
2010074451,1317.0,1,0,0,0,0,0,0,0,0,4,0,,67,6,2010,3,39.9671,-75.1621,1312.0,6,0,0,0,0,0,0,0,0,,0,0,0,99.0,1,2,1,,0,39 58:01.549,,0,75 09:43.675,3,0,0,0,67301,0,0,0,N,0,0,0,3,67301,1,,1,1,,N,N,,0,,1,0,1,3,2,,9999.0,2,2,0,0,0,0,0,3,4,0,2,3,,N,,,,,,,,,,,
2010074474,123.0,1,0,0,0,0,0,0,0,0,4,0,,67,6,2010,7,40.0037,-75.1353,120.0,6,0,0,0,0,0,0,0,0,,0,0,0,1.0,3,1,3,,0,40 00:13.312,,0,75 08:07.205,4,0,0,0,67301,0,0,0,N,0,0,0,2,67301,1,,1,1,,N,N,,1,,0,0,0,3,3,,120.0,1,2,0,0,0,0,1,3,4,0,2,3,,N,,,,,,,,,,,
2010061986,2320.0,2,0,0,0,0,0,0,0,0,5,0,,67,4,2010,3,40.0582,-75.0706,2315.0,6,0,0,0,0,0,0,1,0,,0,0,0,21.0,2,1,0,,0,40 03:29.384,,0,75 04:14.239,4,0,0,0,67301,0,0,0,N,0,0,0,1,67301,1,,6,1,,N,N,,0,,0,0,0,0,0,,2155.0,1,2,0,0,0,0,0,3,4,0,2,3,,N,,,,,,,,,,,
2010061991,1825.0,0,0,0,0,0,0,0,0,0,8,0,,67,4,2010,2,40.0222,-75.1167,1805.0,6,0,0,0,0,0,0,0,0,,0,0,0,18.0,1,1,0,,0,40 01:19.945,,0,75 07:00.267,4,0,0,0,67301,1,0,0,N,1,0,0,2,67301,1,,1,1,,N,N,,0,,0,0,1,0,0,,1805.0,1,2,0,0,0,0,1,3,4,0,1,3,,N,,,,,,,,,,,
2010064413,57.0,2,0,0,0,0,0,0,0,0,5,0,,67,6,2010,7,39.9951,-75.1979,56.0,6,0,0,0,0,0,0,0,0,1.0,0,0,0,0.0,3,1,0,,1,39 59:45.633,4.0,0,75 11:49.486,3,0,0,0,67301,0,0,0,N,0,0,0,2,68K01,0,,1,1,,N,N,,0,,1,0,0,0,0,N,55.0,1,2,0,0,1,0,0,3,4,0,2,3,,N,,,,,,,,,,,
2010074498,2305.0,0,0,0,0,0,0,0,0,0,6,0,,67,7,2010,1,39.9434,-75.1553,2301.0,6,0,0,0,0,0,0,0,0,,0,0,0,23.0,3,2,1,,0,39 56:36.308,,0,75 09:18.932,4,0,0,0,67301,0,0,0,N,0,0,0,2,67301,2,,1,1,,N,N,,0,,0,0,1,3,2,,2300.0,2,2,0,0,1,0,0,3,4,1,2,3,,N,,,,,,,,,,,
2010071981,1654.0,2,0,0,0,0,0,0,0,0,1,0,,67,7,2010,4,39.9819,-75.2075,1653.0,6,0,0,0,1,0,1,0,0,,0,0,0,16.0,1,0,0,,0,39 58:58.567,,0,75 12:29.043,0,0,0,0,67301,0,0,0,N,0,0,0,5,68K01,0,,1,1,,N,N,,0,,0,0,1,0,0,,1649.0,0,3,0,0,0,0,0,3,4,0,3,3,,N,,,,,,,,,,,
2010105421,736.0,2,0,0,0,0,0,0,0,0,1,0,,67,10,2010,3,39.9453,-75.1905,717.0,6,0,0,0,1,0,0,0,0,,0,0,0,7.0,3,1,0,,0,39 56:42.988,,2,75 11:25.830,4,0,0,0,67301,0,0,0,N,0,0,0,2,68K01,1,,1,9,,N,N,,0,,0,0,0,3,4,,714.0,1,2,0,0,0,0,0,3,4,0,2,7,,N,,,,,,,,,,,
2010118046,1537.0,1,0,0,0,0,0,1,0,0,4,1,,67,10,2010,7,40.0635,-75.1698,1534.0,6,0,0,0,0,0,1,0,0,,0,0,0,15.0,1,5,1,,0,40 03:48.698,,0,75 10:11.388,4,0,0,0,67301,0,0,0,N,0,0,0,16,67301,5,,1,1,,N,N,,0,,0,0,0,3,2,,1534.0,5,2,0,0,0,0,0,3,4,0,2,3,,N,,,,,,,,,,,
2010118090,934.0,2,0,0,0,0,0,0,0,0,1,0,,67,10,2010,6,40.0707,-75.2412,928.0,6,0,0,0,0,0,0,1,0,,0,0,0,9.0,1,1,1,,0,40 04:15.503,,0,75 14:28.767,4,0,0,0,67301,0,0,0,,0,0,0,2,67301,1,,1,1,,,,,0,,0,0,0,3,2,,915.0,1,2,0,0,0,0,0,3,4,0,2,3,,N,,,,,,,,,,,
2010113322,1042.0,2,0,0,0,0,0,0,0,0,4,0,,67,10,2010,2,39.959,-75.1739,1036.0,6,0,0,0,0,0,1,0,0,,0,0,0,10.0,1,2,1,,0,39 57:32.371,,0,75 10:26.147,4,0,0,0,67301,0,0,0,,0,0,0,5,67301,2,,1,1,,N,N,,0,,0,0,0,3,2,,1030.0,2,2,0,0,0,0,0,3,4,0,2,3,,N,,,,,,,,,,,
2010102554,830.0,0,0,0,0,0,0,0,0,0,5,2,,67,10,2010,5,39.9503,-75.1474,815.0,6,0,0,0,0,0,0,0,0,3.0,0,2,0,8.0,1,1,0,,2,39 57:01.226,3.0,0,75 08:50.776,4,0,0,0,67301,0,0,0,N,0,0,0,3,67301,1,,1,1,,N,N,,0,,0,0,0,0,0,Y,806.0,1,2,0,0,1,0,0,3,4,0,2,3,,N,,,,,,,,,,,
2010107702,2233.0,2,0,0,0,0,0,0,0,0,7,0,,67,10,2010,7,39.9783,-75.1103,2233.0,6,0,0,0,0,0,1,0,0,2.0,0,0,0,22.0,3,0,0,,1,39 58:42.713,1.0,0,75 06:36.718,0,0,0,0,67301,0,0,0,N,0,0,0,3,68K01,0,,2,1,,N,N,,0,,0,0,0,0,0,N,2209.0,0,2,0,0,0,0,0,3,4,0,2,3,,N,,,,,,,,,,,
2010034177,1820.0,1,0,0,0,0,0,0,0,0,8,0,,67,2,2010,7,40.0468,-75.0703,1818.0,6,0,0,0,0,0,0,0,0,,0,0,0,99.0,4,1,1,,0,40 02:48.573,,0,75 04:13.233,4,0,0,0,67301,1,0,0,N,1,0,0,2,67301,1,,1,1,,N,N,,0,,0,0,0,3,2,,9999.0,1,2,0,0,0,0,0,3,4,0,1,3,,N,,,,,,,,,,,
2010034180,1224.0,2,0,0,0,0,0,0,0,0,4,0,,67,3,2010,3,40.0246,-75.1306,1224.0,6,0,0,0,0,0,0,1,0,1.0,0,0,0,12.0,1,3,1,,1,40 01:28.408,5.0,0,75 07:50.218,3,0,0,0,67301,0,0,0,N,0,0,0,3,67301,2,,1,1,,N,N,,0,,1,0,0,1,2,N,1220.0,3,2,0,0,0,0,0,3,4,0,2,3,,N,,,,,,,,,,,
2010034201,917.0,0,0,0,0,0,0,0,0,0,8,0,,67,3,2010,6,40.0377,-75.1283,911.0,6,0,0,0,0,0,0,0,0,,0,0,0,9.0,1,1,1,,0,40 02:15.856,,0,75 07:41.923,8,0,0,0,67301,1,0,0,N,1,0,0,2,67301,0,,1,9,,N,N,,0,,0,0,0,3,3,,910.0,1,2,0,0,0,1,1,3,4,1,1,7,,N,,,,,,,,,,,
2010036546,2110.0,3,0,0,0,0,0,0,0,0,1,0,,67,4,2010,1,40.0364,-75.0158,2105.0,6,0,0,0,0,0,0,0,0,1.0,0,0,0,20.0,2,3,0,,2,40 02:11.239,2.0,0,75 00:56.338,4,0,0,0,67301,0,0,0,N,0,0,0,5,68K01,3,,1,1,,N,N,,0,,0,0,0,0,0,N,2056.0,3,3,0,0,0,0,0,3,4,0,3,3,,N,,,,,,,,,,,
2010078312,1624.0,1,0,0,0,0,0,0,0,0,7,0,,67,6,2010,2,40.1077,-74.9947,1620.0,6,0,0,0,0,1,0,0,0,1.0,0,0,0,16.0,1,1,0,,2,40 06:27.377,1.0,2,74 59:41.009,3,0,0,0,67301,0,0,0,Y,0,0,0,1,67301,0,,2,9,,N,N,,0,,1,0,0,0,0,N,1615.0,1,1,0,0,0,0,0,3,4,0,1,7,,N,,,,,,,,,,,
2010088701,1818.0,1,0,0,0,0,0,0,0,0,8,0,,67,8,2010,7,39.9174,-75.1594,1818.0,6,0,0,0,0,0,0,0,0,,0,0,0,18.0,1,1,0,,0,39 55:02.481,,0,75 09:33.912,4,0,0,0,67301,1,0,0,,1,0,0,5,67301,1,,1,1,,,,,0,,0,0,0,0,0,,1815.0,1,2,0,0,0,0,0,3,4,0,1,3,,N,,,,,,,,,,,
2010091234,1850.0,1,0,0,0,0,0,0,0,0,8,0,,67,8,2010,4,40.0096,-75.1803,9999.0,6,0,0,0,0,0,0,0,0,,0,0,0,17.0,1,1,3,,0,40 00:34.737,,0,75 10:49.079,8,0,0,0,67301,1,0,0,N,1,0,0,2,67301,0,,4,1,,,N,,0,,0,0,0,3,2,,1715.0,1,2,0,0,0,1,0,3,4,0,1,9,,N,,,,,,,,,,,
2010099625,1315.0,3,0,0,0,0,0,0,0,0,1,0,,67,9,2010,4,40.0689,-75.1818,1252.0,6,0,0,0,0,0,0,0,0,,0,0,0,7.0,1,0,1,,0,40 04:08.025,,0,75 10:54.330,0,0,0,0,67301,0,0,0,,0,0,0,4,67301,0,,1,1,,N,N,,0,,0,0,0,3,2,,751.0,0,3,0,0,0,0,0,3,4,0,3,3,,N,,,,,,,,,,,
2010105657,9999.0,1,0,0,0,0,0,0,0,0,4,0,,67,10,2010,7,39.9713,-75.1587,9999.0,6,0,0,0,0,0,1,0,0,,0,0,0,99.0,1,2,0,,0,39 58:16.670,,7,75 09:31.265,4,0,0,0,67301,0,0,0,,0,0,0,5,67301,2,,1,1,,,,,0,,0,0,0,3,2,,9999.0,2,2,0,0,0,0,0,3,4,0,2,3,,N,,,,,,,,,,,
2010105661,1343.0,1,0,0,0,0,0,0,0,0,8,0,,67,9,2010,7,39.9715,-75.2258,1333.0,6,0,0,0,0,0,0,0,0,,0,0,0,14.0,1,1,1,,0,39 58:17.198,,0,75 13:33.022,2,0,0,0,67301,1,0,1,N,1,0,1,2,67301,0,,1,1,,N,N,,0,,0,1,0,3,2,,1400.0,1,2,0,0,0,0,1,3,4,0,1,3,,N,,,,,,,,,,,
2010125118,1747.0,1,0,0,0,0,0,0,0,0,4,0,,67,11,2010,6,39.9112,-75.2303,1744.0,6,0,0,0,1,0,0,0,0,9.0,0,0,0,17.0,1,0,1,,2,39 54:40.324,4.0,0,75 13:49.224,0,0,0,0,67301,0,0,0,,0,0,0,2,67301,0,,1,1,,N,N,,1,,0,0,0,3,2,N,1726.0,0,2,0,0,0,0,0,3,4,0,2,3,,N,,,,,,,,,,,
2010117931,49.0,1,0,0,0,0,0,0,0,0,7,0,,67,10,2010,6,40.0319,-75.1576,47.0,6,0,0,0,0,0,0,0,0,,0,0,0,0.0,3,0,0,,0,40 01:54.926,,0,75 09:27.528,0,0,0,0,67301,0,0,0,N,0,0,0,1,67301,0,,2,1,,N,N,,0,,0,0,0,0,0,,39.0,0,1,0,0,0,0,0,3,4,0,1,3,,N,,,,,,,,,,,
2010117697,2210.0,3,0,0,0,0,0,0,0,0,6,0,,67,10,2010,4,40.0702,-75.0149,2202.0,6,0,0,0,0,0,0,0,0,,0,0,0,21.0,3,1,0,,0,40 04:12.831,,0,75 00:53.636,4,0,0,0,67301,0,0,0,,0,0,0,3,67301,1,,1,1,,N,N,,0,,0,0,0,0,0,,2155.0,1,3,0,0,0,0,1,3,4,0,3,3,,N,,,,,,,,,,,
2010117698,1316.0,1,0,0,0,0,0,0,0,0,7,0,,67,10,2010,7,39.8975,-75.2525,1232.0,6,0,0,0,0,0,0,0,0,,0,0,0,12.0,1,0,1,,0,39 53:51.271,,0,75 15:08.228,0,0,0,0,67301,0,0,0,,0,0,0,1,67301,0,,4,1,,N,N,,0,,0,0,0,3,2,,1232.0,0,1,0,0,0,0,0,3,4,0,1,3,,N,,,,,,,,,,,
2010114272,251.0,2,0,0,0,0,0,0,0,0,4,0,,67,10,2010,7,39.9873,-75.1642,2150.0,6,0,0,1,0,0,0,0,0,,0,0,0,2.0,3,0,1,,0,39 59:14.319,,0,75 09:51.051,0,0,0,0,67301,0,0,0,N,0,0,0,3,67301,0,,1,1,,N,N,,0,,0,0,0,2,2,,233.0,0,2,0,0,0,0,0,3,4,0,2,3,,N,,,,,,,,,,,
2010109703,424.0,1,0,0,0,0,0,0,0,0,1,1,,67,10,2010,5,40.0185,-75.0469,414.0,6,0,0,0,1,0,1,0,0,,0,1,0,4.0,3,3,0,,0,40 01:07.584,,0,75 02:47.218,4,0,0,0,67301,0,0,0,N,0,0,0,4,68K01,3,,1,1,,N,N,,0,,0,0,0,0,0,,411.0,3,2,0,0,1,0,0,3,4,0,2,3,,N,,,,,,,,,,,
2010005383,653.0,2,0,0,0,0,0,0,0,0,1,0,,67,1,2010,2,39.9596,-75.1752,646.0,6,0,0,0,0,0,0,1,0,,0,0,0,6.0,3,0,0,,0,39 57:34.747,,0,75 10:33.752,0,0,0,0,67301,0,0,0,N,0,0,0,5,68K01,0,,1,1,,N,N,,0,,0,0,0,0,0,,641.0,0,2,0,0,0,0,0,3,4,0,2,3,,N,,,,,,,,,,,
2010040119,205.0,1,0,0,0,0,0,0,0,0,4,1,,67,4,2010,7,39.984,-75.0965,203.0,6,0,0,0,1,0,0,0,0,,0,1,0,2.0,3,5,0,,0,39 59:02.604,,0,75 05:46.856,3,0,0,0,67301,0,0,0,N,0,0,0,6,68K01,4,,1,1,,N,N,,0,,1,0,0,0,0,,202.0,5,2,0,0,0,0,0,3,4,0,2,3,,N,,,,,,,,,,,
2010040523,1646.0,0,0,0,1,0,1,0,0,0,4,0,,67,3,2010,5,39.9627,-75.2471,1641.0,6,0,0,0,0,0,0,0,0,,0,0,0,15.0,1,1,1,,0,39 57:45.766,,0,75 14:48.166,2,0,0,0,67301,1,0,1,,0,0,0,2,67301,0,,1,1,,N,N,,1,,0,1,0,3,2,,1530.0,1,2,0,0,0,0,0,3,4,0,1,3,,N,,,,,,,,,,,
2010048702,723.0,1,0,0,0,0,0,0,0,0,4,0,,67,4,2010,4,40.0948,-75.0153,722.0,6,0,1,0,0,0,0,0,0,1.0,0,0,0,7.0,1,2,1,,2,40 05:41.218,2.0,0,75 00:55.140,8,0,0,0,67301,0,0,0,N,0,0,0,3,67301,0,,1,1,,N,N,,0,,0,0,0,3,2,N,721.0,2,2,0,0,0,2,0,3,4,1,2,3,,N,,,,,,,,,,,
2010058925,1845.0,1,0,0,0,0,0,0,0,0,1,0,,67,5,2010,5,39.9067,-75.1836,1831.0,6,0,0,0,0,0,0,0,0,,0,0,0,17.0,1,0,0,,0,39 54:24.274,,0,75 11:00.891,0,0,0,0,67301,0,0,0,,0,0,0,3,67301,0,,1,1,,,,,1,,0,0,0,0,0,,1728.0,0,2,0,0,3,0,0,3,4,0,2,3,,N,,,,,,,,,,,
2010058796,2123.0,1,0,0,0,0,0,0,0,0,4,0,,67,5,2010,7,40.0023,-75.2201,2119.0,6,0,0,1,0,0,1,0,0,,0,0,0,99.0,3,1,1,,0,40 00:08.222,,0,75 13:12.497,8,0,0,1,67301,0,0,0,N,0,0,0,2,67301,0,,1,1,,N,N,,0,,0,0,0,3,2,,9999.0,1,2,0,0,0,1,0,3,4,0,2,3,,N,,,,,,,,,,,
2010058816,1157.0,1,0,0,0,0,0,0,0,0,1,0,,67,5,2010,3,39.9239,-75.1782,1156.0,6,0,0,0,0,0,1,1,0,,0,0,0,11.0,1,1,0,,0,39 55:27.142,,0,75 10:35.096,8,0,0,0,67301,0,0,0,,0,0,0,2,67301,0,,1,1,,,,,0,,0,0,0,0,0,,1155.0,1,2,0,0,0,1,0,3,4,1,2,3,,N,,,,,,,,,,,
2010058328,948.0,0,0,0,0,0,0,0,0,0,7,0,,67,6,2010,1,39.9799,-75.1066,944.0,6,0,0,0,0,0,0,0,0,2.0,0,0,0,9.0,1,0,0,,2,39 58:49.529,2.0,0,75 06:17.444,0,0,0,0,67301,0,0,0,N,0,0,0,1,68K01,0,,2,1,,N,N,,0,,0,0,0,0,0,N,942.0,0,1,0,0,0,0,0,3,4,1,1,3,,N,,,,,,,,,,,
2010070767,2333.0,2,0,0,0,0,0,0,0,0,1,0,,67,6,2010,6,39.9704,-75.2351,2331.0,6,0,0,0,0,0,1,0,0,,0,0,0,23.0,3,3,0,,0,39 58:13.443,,0,75 14:06.284,4,0,0,0,67301,0,0,0,N,0,0,0,4,67301,3,,6,1,,N,N,,0,,0,0,0,3,2,,2315.0,3,2,0,0,0,0,1,3,4,0,2,3,,N,,,,,,,,,,,
2010065557,624.0,0,0,0,0,0,0,0,0,0,0,0,,67,7,2010,1,39.9467,-75.1884,624.0,6,0,0,0,0,0,0,1,0,1.0,0,0,0,6.0,1,0,0,,2,39 56:50.910,4.0,0,75 11:14.028,0,0,0,0,67301,0,0,0,N,0,0,0,1,68K01,0,,4,1,,N,N,,1,,0,0,0,0,0,N,624.0,0,1,0,0,0,0,0,3,4,0,1,3,,N,,,,,,,,,,,
2010070789,1643.0,1,0,0,0,0,0,0,0,0,1,0,,67,6,2010,2,40.0036,-75.1687,1636.0,6,0,0,0,0,0,1,0,0,,0,0,0,16.0,1,1,0,,0,40 00:13.091,,0,75 10:07.422,4,0,0,0,67301,0,0,0,,0,0,0,3,67301,1,,1,9,,,,,0,,0,0,1,3,2,,1620.0,1,2,0,0,1,0,0,3,4,0,2,7,,N,,,,,,,,,,,
2010062686,106.0,0,0,0,0,0,0,0,0,0,0,0,,67,5,2010,1,40.0578,-75.0414,101.0,6,0,0,0,0,0,0,0,0,,0,0,0,0.0,3,1,0,,0,40 03:27.910,,0,75 02:30.272,8,0,0,1,67301,0,0,0,N,0,0,0,1,67301,0,,1,1,,N,N,,0,,0,0,0,0,0,,56.0,1,1,0,0,0,1,0,3,4,0,1,3,,N,,,,,,,,,,,
2010062697,2112.0,1,0,0,1,0,0,0,0,0,1,0,,67,5,2010,4,39.9678,-75.2355,2101.0,6,0,0,0,0,0,0,0,0,,0,0,0,20.0,3,1,0,,0,39 58:04.155,,0,75 14:07.692,4,0,0,0,67301,1,0,0,N,0,0,0,2,67301,1,,1,1,,N,N,,0,,0,0,0,0,0,,2028.0,1,2,0,0,0,0,1,3,4,0,1,3,,N,,,,,,,,,,,
2010062705,2014.0,0,0,0,0,0,0,0,0,0,0,0,,67,5,2010,2,40.0086,-75.0693,2004.0,6,0,0,0,0,0,0,0,0,2.0,0,0,0,20.0,3,1,0,,1,40 00:30.992,2.0,0,75 04:09.550,4,0,0,1,67301,0,0,0,,0,0,0,1,67301,1,,1,1,,N,N,,0,,0,0,0,0,0,Y,2000.0,1,1,0,0,0,0,0,3,4,0,1,3,,N,,,,,,,,,,,
2010062717,1255.0,3,0,0,0,0,0,0,0,0,4,0,,67,5,2010,5,39.9707,-75.2393,1250.0,6,0,0,0,0,0,0,0,0,,0,0,0,12.0,1,0,0,,0,39 58:14.693,,0,75 14:21.412,0,0,0,0,67301,0,0,0,N,0,0,0,1,67301,0,,6,1,,N,N,,0,,0,0,1,0,0,,1245.0,0,4,0,0,0,0,0,3,4,0,4,3,,N,,,,,,,,,,,
2010081679,125.0,2,0,0,0,0,0,0,0,0,4,0,,67,7,2010,5,39.9891,-75.0896,120.0,6,0,0,0,0,1,0,0,0,,0,0,0,1.0,3,2,1,,0,39 59:20.627,,0,75 05:22.626,4,0,0,0,67301,0,0,0,N,0,0,0,3,67301,2,,1,1,,N,N,,0,,0,0,0,3,2,,117.0,2,2,0,0,0,0,0,3,4,0,2,3,,N,,,,,,,,,,,
2010052032,351.0,1,0,0,0,0,0,0,0,0,7,0,,67,5,2010,3,39.9817,-75.2072,345.0,6,0,0,0,0,0,0,0,0,1.0,0,0,0,3.0,3,2,0,,2,39 58:58.263,4.0,0,75 12:28.342,3,0,0,0,67301,0,0,0,N,0,0,0,2,68K01,1,,3,9,,N,N,,0,,1,0,0,0,0,N,343.0,2,1,0,0,0,0,0,3,4,0,1,7,,N,,,,,,,,,,,
2010052128,758.0,1,0,0,0,0,0,1,0,0,4,1,,67,4,2010,3,39.9836,-75.247,752.0,6,0,0,0,0,0,0,0,0,,0,0,0,7.0,1,5,1,,0,39 59:00.900,,0,75 14:49.359,4,0,0,0,67301,0,0,0,N,0,0,0,6,67301,1,,1,98,,Y,N,,0,,0,0,0,9,2,,752.0,5,2,0,0,0,4,0,3,4,0,2,99,,N,,,,,,,,,,,
2010054966,2238.0,0,0,0,0,0,0,0,0,0,1,0,55.0,67,5,2010,2,40.0199,-75.0447,2230.0,6,0,0,0,0,0,0,0,0,,0,0,0,22.0,3,0,0,,0,40 01:11.272,,0,75 02:41.371,9,0,0,0,67301,0,0,0,N,0,0,0,4,68K01,0,,1,1,,N,N,,0,,0,0,2,0,0,,2216.0,0,2,0,0,0,0,1,3,4,0,2,3,,Y,4.0,1.0,N,N,N,N,Y,N,N,Y,
2010049690,555.0,0,0,0,0,0,0,0,0,0,4,0,,67,5,2010,5,40.0039,-75.2207,553.0,6,0,0,0,0,0,0,0,0,2.0,0,0,0,5.0,1,1,1,,1,40 00:14.091,2.0,0,75 13:14.544,4,0,0,0,67301,0,0,0,N,0,0,0,2,46104,1,,1,1,,N,N,,0,,0,0,2,3,2,N,540.0,1,2,0,0,0,0,0,3,4,0,2,3,,N,,,,,,,,,,,
2010117764,759.0,1,0,0,0,0,0,0,0,0,1,0,,67,11,2010,2,40.0934,-75.0522,744.0,6,0,0,0,0,0,0,0,0,2.0,0,0,0,7.0,1,0,0,,1,40 05:35.908,2.0,7,75 03:08.031,0,0,0,0,67301,0,0,0,,0,0,0,3,67301,0,,1,1,,N,Y,,0,,0,0,1,3,2,N,744.0,0,2,0,0,0,0,0,3,4,0,2,3,,N,,,,,,,,,,,
2010114331,2135.0,1,0,0,0,0,0,0,0,0,7,0,,67,10,2010,7,40.0034,-75.1293,2130.0,6,0,0,0,0,0,0,0,0,,0,0,0,21.0,3,1,0,,0,40 00:12.076,,0,75 07:45.575,4,0,0,0,67301,0,0,0,N,0,0,0,1,67301,1,,5,1,,N,N,,0,,0,0,0,0,0,,2100.0,1,1,0,0,0,0,0,3,4,0,1,3,,N,,,,,,,,,,,