CRN,ARRIVAL_TM,AUTOMOBILE_COUNT,BELTED_DEATH_COUNT,BELTED_SUSP_SERIOUS_INJ_COUNT,BICYCLE_COUNT,BICYCLE_DEATH_COUNT,BICYCLE_SUSP_SERIOUS_INJ_COUNT,BUS_COUNT,CHLDPAS_DEATH_COUNT,CHLDPAS_SUSP_SERIOUS_INJ_COUNT,COLLISION_TYPE,COMM_VEH_COUNT,CONS_ZONE_SPD_LIM,COUNTY,CRASH_MONTH,CRASH_YEAR,DAY_OF_WEEK,DEC_LAT,DEC_LONG,DISPATCH_TM,DISTRICT,DRIVER_COUNT_16YR,DRIVER_COUNT_17YR,DRIVER_COUNT_18YR,DRIVER_COUNT_19YR,DRIVER_COUNT_20YR,DRIVER_COUNT_50_64YR,DRIVER_COUNT_65_74YR,DRIVER_COUNT_75PLUS,EST_HRS_CLOSED,FATAL_COUNT,HEAVY_TRUCK_COUNT,HORSE_BUGGY_COUNT,HOUR_OF_DAY,ILLUMINATION,INJURY_COUNT,INTERSECT_TYPE,INTERSECTION_RELATED,LANE_CLOSED,LATITUDE,LN_CLOSE_DIR,LOCATION_TYPE,LONGITUDE,MAX_SEVERITY_LEVEL,MCYCLE_DEATH_COUNT,MCYCLE_SUSP_SERIOUS_INJ_COUNT,MOTORCYCLE_COUNT,MUNICIPALITY,NONMOTR_COUNT,NONMOTR_DEATH_COUNT,NONMOTR_SUSP_SERIOUS_INJ_COUNT,NTFY_HIWY_MAINT,PED_COUNT,PED_DEATH_COUNT,PED_SUSP_SERIOUS_INJ_COUNT,PERSON_COUNT,POLICE_AGCY,POSSIBLE_INJ_COUNT,RDWY_SURF_TYPE_CD,RELATION_TO_ROAD,ROAD_CONDITION,ROADWAY_CLEARED,SCH_BUS_IND,SCH_ZONE_IND,SECONDARY_CRASH,SMALL_TRUCK_COUNT,SPEC_JURIS_CD,SUSP_MINOR_INJ_COUNT,SUSP_SERIOUS_INJ_COUNT,SUV_COUNT,TCD_FUNC_CD,TCD_TYPE,TFC_DETOUR_IND,TIME_OF_DAY,TOT_INJ_COUNT,TOTAL_UNITS,UNB_DEATH_COUNT,UNB_SUSP_SERIOUS_INJ_COUNT,UNBELTED_OCC_COUNT,UNK_INJ_DEG_COUNT,UNK_INJ_PER_COUNT,URBAN_AREA,URBAN_RURAL,VAN_COUNT,VEHICLE_COUNT,WEATHER1,WEATHER2,WORK_ZONE_IND,WORK_ZONE_LOC,WORK_ZONE_TYPE,WORKERS_PRES,WZ_CLOSE_DETOUR,WZ_FLAGGER,WZ_LAW_OFFCR_IND,WZ_LN_CLOSURE,WZ_MOVING,WZ_OTHER,WZ_SHLDER_MDN,WZ_WORKERS_INJ_KILLED
2010042640,1710.0,2,0,0,0,0,0,0,0,0,1,0,,67,4,2010,2,39.9492,-75.1846,1704.0,6,0,0,0,0,0,1,0,0,,0,0,0,16.0,1,1,0,,0,39 56:59.886,,0,75 11:01.186,8,0,0,0,67301,0,0,0,N,0,0,0,2,68K01,0,,1,9,,N,N,,0,,0,0,0,0,0,,1659.0,1,2,0,0,0,1,0,3,4,0,2,7,,N,,,,,,,,,,,
2010037669,2213.0,0,0,0,0,0,0,0,0,0,7,0,,67,4,2010,5,39.9669,-75.1339,2213.0,6,0,0,0,0,1,0,0,0,1.0,0,0,0,22.0,3,0,0,,1,39 58:01.046,1.0,0,75 08:01.268,0,0,0,0,67301,0,0,0,N,0,0,0,1,68K01,0,,3,1,,N,N,,1,,0,0,0,0,0,N,2213.0,0,1,0,0,0,0,0,3,4,0,1,3,,N,,,,,,,,,,,
2010040527,1405.0,0,0,0,0,0,0,0,0,0,4,0,,67,3,2010,4,39.9898,-75.1255,1355.0,6,0,0,0,0,0,0,0,0,,0,0,0,13.0,1,1,1,,0,39 59:23.298,,0,75 07:31.934,4,0,0,0,67301,0,0,0,,0,0,0,2,67301,1,,1,1,,,,,0,,0,0,2,3,2,,1355.0,1,2,0,0,0,0,0,3,4,0,2,3,,N,,,,,,,,,,,
2010048660,9999.0,2,0,0,0,0,0,0,0,0,4,0,,67,4,2010,1,40.0577,-75.0486,357.0,6,0,0,0,0,0,0,0,0,1.0,0,0,0,3.0,3,0,1,,1,40 03:27.560,7.0,0,75 02:54.814,0,0,0,0,67301,0,0,0,N,0,0,0,2,67301,0,,1,1,,N,N,,0,,0,0,0,3,2,N,350.0,0,2,0,0,0,0,0,3,4,0,2,3,,N,,,,,,,,,,,
2010073304,1730.0,1,0,0,0,0,0,0,0,0,8,0,,67,6,2010,3,39.9301,-75.1852,1710.0,6,0,0,0,0,0,0,0,0,,0,0,0,17.0,1,1,1,,0,39 55:48.529,,0,75 11:06.863,4,0,0,0,67301,1,0,0,,1,0,0,2,67301,1,,1,1,,,,,0,,0,0,0,3,3,,1705.0,1,2,0,0,0,0,0,3,4,0,1,3,,N,,,,,,,,,,,
2010070731,1453.0,2,0,0,0,0,0,0,0,0,4,0,,67,6,2010,6,40.0455,-75.0883,1447.0,6,0,0,0,0,0,1,0,0,,0,0,0,14.0,1,1,1,,0,40 02:43.859,,0,75 05:17.937,3,0,0,0,67301,0,0,0,,0,0,0,2,67301,0,,1,1,,,,,0,,1,0,0,3,2,,1445.0,1,2,0,0,0,0,0,3,4,0,2,3,,N,,,,,,,,,,,
2010070753,2005.0,1,0,0,0,0,0,0,0,0,5,0,,67,6,2010,4,39.9642,-75.1902,1958.0,6,0,0,0,0,0,1,0,0,,0,0,0,19.0,3,1,1,,0,39 57:51.138,,0,75 11:24.597,4,0,0,0,67301,1,0,0,N,1,0,0,2,67301,1,,1,9,,N,N,,0,,0,0,0,3,2,,1948.0,1,2,0,0,0,0,0,3,4,0,1,7,,N,,,,,,,,,,,
2010052146,1357.0,0,0,0,0,0,0,0,0,0,1,0,,67,4,2010,6,39.9628,-75.1646,1355.0,6,0,0,0,0,0,0,0,0,,0,0,0,13.0,1,1,2,,0,39 57:46.071,,0,75 09:52.682,4,0,0,1,67301,0,0,0,N,0,0,0,3,67301,1,,1,1,,N,N,,0,,0,0,1,3,2,,1353.0,1,2,0,0,0,0,0,3,4,0,2,3,,N,,,,,,,,,,,
2010049271,1508.0,1,0,0,0,0,0,0,0,0,7,0,,67,4,2010,6,40.0047,-75.0763,1504.0,6,0,0,0,0,0,1,0,0,2.0,0,0,0,14.0,1,1,0,,1,40 00:16.771,2.0,0,75 04:34.898,4,0,0,0,67301,0,0,0,N,0,0,0,1,68K01,1,,2,1,,N,N,,0,,0,0,0,0,0,N,1455.0,1,1,0,0,0,0,0,3,4,0,1,3,,N,,,,,,,,,,,
2010052240,1238.0,0,0,0,0,0,0,0,0,0,1,0,,67,5,2010,1,39.9421,-75.1681,1232.0,6,0,0,0,0,0,0,0,0,,0,0,0,12.0,1,1,0,,0,39 56:31.570,,0,75 10:05.073,8,0,0,0,67301,0,0,0,N,0,0,0,1,67301,0,,2,1,,N,N,,1,,0,0,0,0,0,,1221.0,1,2,0,0,0,1,0,3,4,1,2,3,,N,,,,,,,,,,,
2010117706,1047.0,1,0,0,0,0,0,0,0,0,1,0,,67,10,2010,4,39.975,-75.1956,1045.0,6,0,0,0,0,0,0,0,0,2.0,0,0,0,10.0,1,4,0,,1,39 58:30.087,3.0,0,75 11:43.983,8,0,0,0,67301,0,0,0,N,0,0,0,5,67301,0,,1,9,,N,N,,1,,0,0,0,0,0,N,1045.0,4,2,0,0,4,4,1,3,4,0,2,7,,N,,,,,,,,,,,
2010117710,712.0,2,0,0,0,0,0,0,0,0,1,0,,67,11,2010,2,40.0708,-75.038,712.0,6,0,0,0,0,0,0,1,0,,0,0,0,6.0,1,1,0,,0,40 04:14.556,,0,75 02:17.142,4,0,0,0,67301,0,0,0,N,0,0,0,2,67301,1,,1,1,,N,N,,0,,0,0,0,3,2,,655.0,1,2,0,0,0,0,0,3,4,0,2,3,,N,,,,,,,,,,,
2010117849,150.0,2,0,0,0,0,0,0,0,0,4,0,,67,10,2010,7,39.9531,-75.1819,146.0,6,0,0,0,0,0,1,0,0,,0,0,0,1.0,3,2,5,,0,39 57:11.151,,2,75 10:54.540,8,0,0,0,67301,0,0,0,N,0,0,0,3,67301,0,,1,1,,N,N,,0,,0,0,0,9,2,,100.0,2,2,0,0,0,2,0,3,4,0,2,3,,N,,,,,,,,,,,
2010126902,1208.0,0,0,0,0,0,0,0,0,0,8,0,,67,12,2010,3,39.9961,-75.2373,1206.0,6,0,0,0,0,0,0,0,0,1.0,0,0,0,99.0,1,1,2,,1,39 59:45.843,2.0,0,75 14:14.353,8,0,0,0,67301,1,0,0,N,1,0,0,2,46104,0,,1,1,,N,N,,0,,0,0,1,3,3,N,9999.0,1,2,0,0,0,1,0,3,4,0,1,3,,N,,,,,,,,,,,
2010126701,1909.0,3,0,0,0,0,0,0,0,0,1,0,,67,12,2010,5,39.8931,-75.2314,1909.0,6,0,0,0,0,0,0,0,0,,0,0,0,19.0,3,2,0,,0,39 53:35.159,,0,75 13:51.370,4,0,0,0,67301,0,0,0,N,0,0,0,4,68K01,2,,1,2,,N,N,,0,,0,0,0,0,0,,1900.0,2,3,0,0,0,0,0,3,4,0,3,10,,N,,,,,,,,,,,
2010122427,852.0,1,0,0,0,0,0,0,0,0,8,0,,67,11,2010,2,40.0319,-75.1315,850.0,6,0,0,0,0,0,0,0,0,,0,0,0,8.0,1,1,1,,0,40 01:54.735,,0,75 07:53.327,8,0,0,0,67301,1,0,0,N,1,0,0,2,67301,0,,4,1,,N,N,,0,,0,0,0,3,2,,845.0,1,2,0,0,0,1,0,3,4,0,1,3,,N,,,,,,,,,,,
2010122433,159.0,2,0,0,0,0,0,0,0,0,4,0,,67,11,2010,1,40.0189,-75.1472,157.0,6,0,0,0,1,0,1,0,0,,0,0,0,1.0,2,0,5,,0,40 01:08.216,,0,75 08:49.391,0,0,0,0,67301,0,0,0,N,0,0,0,2,67301,0,,1,1,,N,N,,0,,0,0,0,3,2,,150.0,0,2,0,0,0,0,0,3,4,0,2,3,,N,,,,,,,,,,,
2010113814,1312.0,1,0,0,0,0,0,0,0,0,8,0,,67,10,2010,2,40.0497,-75.0786,1300.0,6,0,0,0,0,0,0,1,0,,0,0,0,13.0,1,1,1,,0,40 02:58.765,,0,75 04:42.916,4,0,0,0,67301,1,0,0,,1,0,0,2,67301,1,,1,1,,N,,,0,,0,0,0,3,2,,1300.0,1,2,0,0,0,0,0,3,4,0,1,3,,N,,,,,,,,,,,
2010111462,2220.0,2,0,0,0,0,0,0,0,0,8,0,,67,10,2010,6,39.903,-75.1747,2220.0,6,0,0,0,0,0,1,0,0,1.0,0,0,0,22.0,3,1,2,,1,39 54:10.941,2.0,0,75 10:28.749,8,0,0,0,67301,1,0,0,N,1,0,0,5,67301,0,,1,1,,N,N,,0,,0,0,0,3,2,N,2220.0,1,3,0,0,0,1,0,3,4,0,2,3,,N,,,,,,,,,,,
2010069243,1945.0,0,0,0,0,0,0,0,0,0,1,0,,67,6,2010,6,39.995,-75.1125,1939.0,6,0,0,0,0,0,0,0,0,,0,0,0,19.0,1,1,0,,0,39 59:42.153,,0,75 06:44.938,8,0,0,1,67301,0,0,0,,0,0,0,1,67301,0,,1,1,,N,N,,0,,0,0,1,0,0,,1935.0,1,2,0,0,0,1,0,3,4,0,2,3,,N,,,,,,,,,,,
2010074389,1922.0,2,0,0,0,0,0,0,0,0,4,0,,67,7,2010,6,39.9354,-75.1635,1918.0,6,0,0,0,0,0,0,0,0,,0,0,0,19.0,1,1,0,,0,39 56:07.562,,0,75 09:48.625,8,0,0,0,67301,0,0,0,,0,0,0,2,67301,0,,1,1,,N,N,,0,,0,0,0,0,0,,1915.0,1,2,0,0,0,1,0,3,4,0,2,3,,N,,,,,,,,,,,
2010068915,1946.0,0,0,0,0,0,0,0,0,0,7,0,,67,7,2010,2,39.9282,-75.1463,1942.0,6,0,0,0,0,0,0,0,0,,0,0,0,19.0,1,1,0,,0,39 55:41.943,,0,75 08:46.618,4,0,0,0,67301,0,0,0,N,0,0,0,2,68K01,1,,2,9,,N,N,,0,,0,0,1,0,0,,1940.0,1,1,0,0,0,0,0,3,4,0,1,7,,N,,,,,,,,,,,
2010067096,1340.0,0,0,0,0,0,0,0,0,0,4,0,,67,6,2010,2,40.0331,-75.0481,1339.0,6,0,0,0,0,0,0,0,0,,0,0,0,13.0,1,2,0,,0,40 01:59.197,,7,75 02:53.182,4,0,0,0,67301,0,0,0,,0,0,0,3,67301,2,,1,9,,N,N,,0,,0,0,2,0,0,,1320.0,2,2,0,0,0,0,0,3,4,0,2,3,,N,,,,,,,,,,,
2010081761,2135.0,1,0,0,0,0,0,0,0,0,4,0,,67,7,2010,7,40.0145,-75.1311,2131.0,6,0,0,0,0,1,0,0,0,,0,0,0,21.0,3,0,5,,0,40 00:52.185,,0,75 07:52.121,0,0,0,0,67301,0,0,0,N,0,0,0,3,67301,0,,3,1,,N,N,,0,,0,0,1,3,2,,2120.0,0,2,0,0,0,0,0,3,4,0,2,3,,N,,,,,,,,,,,
2010069929,2035.0,1,0,0,0,0,0,0,0,0,1,0,,67,6,2010,2,40.0139,-75.126,2024.0,6,0,0,0,0,0,0,0,0,,0,0,0,20.0,1,0,1,,0,40 00:49.975,,0,75 07:33.617,0,0,0,0,67301,0,0,0,N,0,0,0,3,67301,0,,1,1,,N,N,,0,,0,0,1,3,2,,2005.0,0,2,0,0,0,0,0,3,4,0,2,3,,N,,,,,,,,,,,
2010069943,1707.0,1,0,0,0,0,0,0,0,0,8,0,,67,6,2010,7,39.937,-75.1942,1705.0,6,0,0,0,0,0,0,0,0,,0,0,0,17.0,1,1,0,,0,39 56:13.196,,0,75 11:39.271,4,0,0,0,67301,1,0,0,N,1,0,0,2,67301,1,,1,1,,N,N,,0,,0,0,0,0,0,,1700.0,1,2,0,0,1,0,0,3,4,0,1,3,,N,,,,,,,,,,,
2010069369,1637.0,2,0,0,0,0,0,0,0,0,4,0,,67,7,2010,6,40.0571,-75.129,1634.0,6,0,0,0,0,0,0,0,1,1.0,0,0,0,16.0,1,1,1,,2,40 03:25.655,4.0,0,75 07:44.297,8,0,0,0,67301,0,0,0,N,0,0,0,2,46102,0,,1,1,,N,N,,0,,0,0,1,3,2,Y,1632.0,1,3,0,0,0,1,0,3,4,0,3,3,,N,,,,,,,,,,,
2010074550,837.0,2,0,0,0,0,0,0,0,0,4,0,,67,6,2010,4,39.9722,-75.1248,835.0,6,0,0,0,0,1,1,0,0,,0,0,0,8.0,1,0,7,,0,39 58:21.113,,2,75 07:24.425,0,0,0,0,67301,0,0,0,N,0,0,0,2,67301,0,,1,1,,N,N,,0,,0,0,0,0,0,,825.0,0,2,0,0,2,0,0,3,4,0,2,3,,N,,,,,,,,,,,
2010058964,155.0,1,0,0,0,0,0,0,0,0,4,0,,67,5,2010,2,40.0036,-75.1323,132.0,6,0,0,0,1,0,0,0,0,,0,0,0,1.0,3,3,1,,0,40 00:13.024,,0,75 07:56.150,4,0,0,0,67301,0,0,0,Y,0,0,0,4,67301,3,,1,9,,N,N,,0,,0,0,1,2,2,,130.0,3,2,0,0,0,0,0,3,4,0,2,7,,N,,,,,,,,,,,
2010027880,1243.0,0,0,0,0,0,0,0,0,0,4,0,,67,2,2010,3,39.9727,-75.169,1239.0,6,0,0,0,0,0,1,0,0,2.0,0,0,0,12.0,1,1,1,,1,39 58:21.689,6.0,0,75 10:08.305,4,0,0,0,67301,0,0,0,N,0,0,0,2,67301,1,,1,6,,N,N,,0,,0,0,2,1,2,N,1230.0,1,2,0,0,0,0,0,3,4,0,2,10,,N,,,,,,,,,,,
2010028115,1050.0,1,0,0,0,0,0,0,0,0,5,1,,67,2,2010,2,40.1043,-75.0024,1044.0,6,0,0,0,0,0,2,0,0,1.0,0,1,0,10.0,1,1,0,,1,40 06:15.435,2.0,0,75 00:08.577,4,0,0,0,67301,0,0,0,N,0,0,0,2,67301,1,,1,1,,N,N,,0,,0,0,0,0,0,N,1044.0,1,2,0,0,1,0,0,3,4,0,2,3,,N,,,,,,,,,,,
2010028117,1710.0,1,0,0,0,0,0,0,0,0,8,0,,67,2,2010,6,39.9609,-75.145,1649.0,6,0,0,0,0,0,0,0,0,,0,0,0,14.0,1,1,1,,0,39 57:39.402,,0,75 08:41.743,4,0,0,0,67301,1,0,0,N,1,0,0,2,67301,1,,1,9,,N,N,,0,,0,0,0,2,2,,1430.0,1,2,0,0,0,0,0,3,4,0,1,3,,N,,,,,,,,,,,
2010028277,235.0,1,0,0,0,0,0,0,0,0,8,0,,67,2,2010,1,39.9695,-75.1636,230.0,6,0,0,0,0,0,0,0,0,,0,0,0,2.0,3,1,0,,0,39 58:10.282,,0,75 09:49.242,3,0,0,0,67301,1,0,0,N,1,0,0,2,07301,0,,1,1,,N,N,,0,,1,0,0,0,0,,220.0,1,2,0,0,0,0,0,3,4,0,1,3,,N,,,,,,,,,,,
2010028290,1930.0,2,0,0,0,0,0,0,0,0,4,0,,67,2,2010,4,39.9942,-75.2179,1925.0,6,0,0,1,1,0,1,0,0,,0,0,0,17.0,2,0,2,,0,39 59:39.194,,0,75 13:04.561,0,0,0,0,67301,0,0,0,N,0,0,0,3,67301,0,,1,1,,N,N,,0,,0,0,1,0,0,,1700.0,0,3,0,0,0,0,0,3,4,0,3,3,,N,,,,,,,,,,,
2010028347,950.0,2,0,0,0,0,0,0,0,0,5,0,,67,2,2010,4,39.9483,-75.165,950.0,6,0,0,0,0,0,0,0,0,,0,0,0,9.0,1,1,0,,0,39 56:53.726,,0,75 09:53.938,8,0,0,0,67301,1,0,0,N,1,0,0,3,67301,0,,1,1,,N,N,,0,,0,0,0,0,0,,915.0,1,3,0,0,0,1,0,3,4,0,2,3,,N,,,,,,,,,,,
2010018009,925.0,1,0,0,0,0,0,0,0,0,8,0,,67,1,2010,7,39.9229,-75.1835,919.0,6,0,0,0,0,0,0,0,0,1.0,0,0,0,9.0,1,1,5,,1,39 55:23.764,3.0,0,75 10:53.817,4,0,0,0,67301,1,0,0,N,1,0,0,2,67301,1,,1,98,,N,N,,0,,0,0,0,3,2,Y,915.0,1,2,0,0,0,0,0,3,4,0,1,99,,N,,,,,,,,,,,
2010028552,1210.0,0,0,0,0,0,0,0,0,0,8,0,,67,2,2010,7,40.0875,-74.9727,1202.0,6,0,0,0,0,0,0,0,0,,0,0,0,14.0,1,1,0,,0,40 05:14.938,,0,74 58:21.543,8,0,0,0,67301,1,0,0,N,1,0,0,3,67301,0,,1,7,,N,N,,0,,0,0,1,0,0,,1445.0,1,2,0,0,0,1,0,3,4,0,1,10,,N,,,,,,,,,,,
2010028587,1120.0,2,0,0,0,0,0,0,0,0,4,0,,67,2,2010,3,40.1075,-75.0279,1115.0,6,0,0,0,0,0,1,0,0,,0,0,0,10.0,1,1,0,,0,40 06:27.128,,0,75 01:40.421,4,0,0,0,67301,0,0,0,N,0,0,0,3,67301,1,,1,9,,N,N,,0,,0,0,0,0,0,,1053.0,1,2,0,0,1,0,0,3,4,0,2,10,,N,,,,,,,,,,,
2010028596,1300.0,1,0,0,0,0,0,0,0,0,8,0,,67,2,2010,4,40.0353,-75.1214,1245.0,6,0,0,0,0,0,0,1,0,,0,0,0,99.0,1,1,1,,0,40 02:06.975,,0,75 07:17.098,8,0,0,0,67301,1,0,0,N,1,0,0,2,37301,0,,1,2,,N,N,,0,,0,0,0,3,2,,9999.0,1,2,0,0,1,1,0,3,4,0,1,3,,N,,,,,,,,,,,
2010028600,850.0,1,0,0,0,0,0,0,0,0,3,0,,67,2,2010,4,39.9378,-75.1957,843.0,6,0,0,0,0,0,1,0,0,,0,0,0,7.0,1,1,2,,0,39 56:15.968,,0,75 11:44.653,8,0,0,0,67301,0,0,0,N,0,0,0,3,67301,0,,1,9,,N,N,,0,,0,0,0,0,0,,730.0,1,2,0,0,0,1,0,3,4,1,2,98,,N,,,,,,,,,,,
2010101883,644.0,2,0,0,0,0,0,0,0,0,1,0,,67,9,2010,4,40.0007,-75.0839,633.0,6,0,0,0,0,0,1,0,0,,0,0,0,6.0,1,1,0,,0,40 00:02.270,,2,75 05:02.089,4,0,0,0,67301,0,0,0,N,0,0,0,2,68K01,1,,1,1,,N,N,,0,,0,0,0,0,0,,629.0,1,2,0,0,0,0,0,3,4,0,2,3,,N,,,,,,,,,,,
2011008201,1910.0,0,0,0,0,0,0,0,0,0,8,0,,67,12,2010,5,39.9678,-75.2498,1906.0,6,0,0,0,0,0,0,0,0,,0,0,0,19.0,3,1,1,,0,39 58:04.126,,0,75 14:59.438,8,0,0,0,67301,1,0,0,,1,0,0,2,67301,0,,1,2,,,,,0,,0,0,0,3,3,,1906.0,1,2,0,0,0,1,0,3,4,1,1,10,,N,,,,,,,,,,,
2010099621,2215.0,0,0,0,1,0,0,0,0,0,2,0,,67,9,2010,7,40.0845,-75.0384,2218.0,6,0,0,0,0,0,0,0,0,,0,0,0,99.0,3,1,1,,0,40 05:04.051,,0,75 02:18.090,3,0,0,0,67301,1,0,0,,0,0,0,3,67301,0,,1,1,,,,,0,,1,0,1,3,2,,9999.0,1,2,0,0,0,0,0,3,4,0,1,3,,N,,,,,,,,,,,
2010103028,1800.0,1,0,0,0,0,0,0,0,0,8,0,,67,9,2010,3,39.9206,-75.1704,1750.0,6,0,0,0,0,0,0,0,0,,0,0,0,99.0,1,1,1,,0,39 55:14.472,,0,75 10:13.981,3,0,0,0,67301,1,0,0,N,1,0,0,2,67301,0,,1,1,,N,N,,0,,1,0,0,3,2,,9999.0,1,2,0,0,0,0,0,3,4,0,1,3,,N,,,,,,,,,,,
2010125095,1938.0,1,0,0,1,0,0,0,0,0,4,0,,67,11,2010,3,39.9572,-75.1587,1925.0,6,0,0,0,0,1,0,0,0,,0,0,0,19.0,3,1,2,,0,39 57:25.881,,0,75 09:31.332,3,0,0,0,67301,1,0,0,,0,0,0,2,67301,0,,1,1,,,,,0,,1,0,0,3,2,,1925.0,1,2,0,0,0,0,0,3,4,0,1,3,,N,,,,,,,,,,,
2010125116,1235.0,1,0,0,0,0,0,0,0,0,1,0,,67,11,2010,3,40.1122,-74.9908,1231.0,6,0,0,0,0,0,1,0,0,1.0,0,0,0,12.0,1,2,1,,2,40 06:44.590,2.0,0,74 59:27.519,8,0,0,0,67301,0,0,0,N,0,0,0,3,67301,0,,1,9,,N,N,,0,,0,0,1,3,2,N,1230.0,2,2,0,0,0,2,0,3,4,0,2,7,,N,,,,,,,,,,,
2010111484,902.0,1,0,0,0,0,0,0,0,0,7,0,,67,10,2010,3,39.9996,-75.2159,902.0,6,0,0,0,0,0,1,0,0,3.0,0,0,0,8.0,1,1,0,,1,39 59:58.625,1.0,0,75 12:57.291,4,0,0,0,67301,0,0,0,,0,0,0,1,67301,1,,5,9,,,,,0,,0,0,0,0,0,Y,851.0,1,1,0,0,0,0,0,3,4,0,1,7,,N,,,,,,,,,,,
2010114563,14.0,1,0,0,0,0,0,0,0,0,7,0,,67,10,2010,7,40.0154,-75.085,12.0,6,0,0,0,0,0,0,0,0,1.0,0,0,0,0.0,3,1,0,,1,40 00:55.435,2.0,0,75 05:05.993,4,0,0,0,67301,0,0,0,N,0,0,0,1,67301,1,,1,1,,N,N,,0,,0,0,0,0,0,N,10.0,1,1,0,0,0,0,0,3,4,0,1,3,,N,,,,,,,,,,,
2010040116,1224.0,1,0,0,0,0,0,0,0,0,1,0,,67,4,2010,7,39.9603,-75.181,1218.0,6,0,0,0,0,0,1,0,0,,0,0,0,12.0,1,6,0,,0,39 57:41.217,,0,75 10:56.493,8,0,0,0,67301,0,0,0,N,0,0,0,10,68K01,0,,1,1,,N,N,,0,,0,0,0,0,0,,1207.0,6,2,0,0,0,6,0,3,4,1,2,3,,N,,,,,,,,,,,
2010040373,1535.0,2,0,0,0,0,0,0,0,0,1,0,,67,4,2010,6,39.9586,-75.1677,1535.0,6,0,0,0,0,0,1,0,0,1.0,0,0,0,15.0,1,2,0,,1,39 57:31.004,4.0,0,75 10:03.682,4,0,0,0,67301,0,0,0,N,0,0,0,3,68K01,2,,1,1,,N,N,,0,,0,0,1,0,0,Y,1529.0,2,3,0,0,0,0,0,3,4,0,3,3,,N,,,,,,,,,,,
2010048709,1200.0,1,0,0,0,0,0,0,0,0,4,0,,67,4,2010,4,39.9809,-75.1624,1152.0,6,0,0,0,0,0,1,0,0,,0,0,0,11.0,1,1,2,,0,39 58:51.085,,0,75 09:44.603,4,0,0,0,67301,0,0,0,N,0,0,0,2,67301,1,,1,1,,N,N,,1,,0,0,0,3,2,,1143.0,1,4,0,0,0,0,0,3,4,2,4,3,,N,,,,,,,,,,,
2010048737,345.0,1,0,0,0,0,0,0,0,0,7,0,,67,4,2010,4,40.091,-75.0553,338.0,6,0,0,0,0,0,1,0,0,,0,0,0,3.0,3,1,0,,0,40 05:27.433,,0,75 03:18.961,4,0,0,0,67301,0,0,0,,0,0,0,1,67301,1,,2,1,,N,N,,0,,0,0,0,0,0,,325.0,1,1,0,0,0,0,0,3,4,0,1,3,,N,,,,,,,,,,,
2010058773,821.0,1,0,0,0,0,0,0,0,0,4,0,,67,5,2010,4,39.9512,-75.237,819.0,6,0,0,0,0,0,0,0,0,,0,0,0,8.0,1,2,1,,0,39 57:04.201,,0,75 14:13.192,3,0,0,0,67301,0,0,0,N,0,0,0,2,67301,0,,1,1,,N,N,,0,,1,0,0,3,3,,817.0,2,2,0,0,0,1,0,3,4,1,2,3,,N,,,,,,,,,,,
2010058326,2157.0,1,0,0,0,0,0,0,0,0,4,0,,67,6,2010,6,39.9578,-75.1487,2151.0,6,0,0,0,0,0,0,0,0,2.0,0,0,0,21.0,3,3,0,,2,39 57:28.000,4.0,0,75 08:57.322,8,0,0,0,67301,0,0,0,N,0,0,0,7,68K01,0,,1,1,,N,N,,0,,0,0,1,0,0,N,2143.0,3,2,0,0,1,3,0,3,4,0,2,3,,N,,,,,,,,,,,
2010058011,959.0,1,0,0,0,0,0,0,0,0,1,0,,67,6,2010,6,39.9861,-75.0927,953.0,6,0,0,0,0,0,1,0,0,,0,0,0,9.0,1,0,0,,0,39 59:09.738,,0,75 05:34.174,0,0,0,0,67301,0,0,0,N,0,0,0,3,68K01,0,,1,1,,N,N,,0,,0,0,1,0,0,,945.0,0,2,0,0,0,0,0,3,4,0,2,3,,N,,,,,,,,,,,
2010067475,1545.0,3,0,0,0,0,0,0,0,0,1,0,,67,7,2010,4,39.9881,-75.2077,1536.0,6,0,0,0,0,0,2,0,0,,0,0,0,15.0,1,1,0,,0,39 59:19.171,,2,75 12:25.610,4,0,0,0,67301,0,0,0,N,0,0,0,3,68K01,1,,1,9,,N,N,,0,,0,0,0,0,0,,1525.0,1,3,0,0,0,0,0,3,4,0,3,7,,N,,,,,,,,,,,
2010070072,1205.0,1,0,0,0,0,0,0,0,0,4,0,,67,6,2010,7,39.9579,-75.1641,1200.0,6,0,0,0,0,0,0,0,0,,0,0,0,12.0,1,1,1,,0,39 57:29.829,,0,75 09:50.647,3,0,0,0,67301,0,0,0,N,0,0,0,2,67301,0,,1,1,,N,N,,0,,1,0,1,0,0,,1200.0,1,2,0,0,0,0,0,3,4,0,2,3,,N,,,,,,,,,,,
2010070757,1715.0,0,0,0,0,0,0,0,0,0,7,0,,67,6,2010,2,40.012,-75.1818,1715.0,6,0,0,0,0,0,0,0,0,1.0,0,0,0,17.0,1,1,0,,2,40 00:43.102,1.0,0,75 10:54.479,3,0,0,0,67301,0,0,0,N,0,0,0,1,67301,0,,3,1,,N,N,,0,,1,0,1,0,0,N,1715.0,1,1,0,0,1,0,0,3,4,0,1,3,,N,,,,,,,,,,,