CRN,ARRIVAL_TM,AUTOMOBILE_COUNT,BELTED_DEATH_COUNT,BELTED_SUSP_SERIOUS_INJ_COUNT,BICYCLE_COUNT,BICYCLE_DEATH_COUNT,BICYCLE_SUSP_SERIOUS_INJ_COUNT,BUS_COUNT,CHLDPAS_DEATH_COUNT,CHLDPAS_SUSP_SERIOUS_INJ_COUNT,COLLISION_TYPE,COMM_VEH_COUNT,CONS_ZONE_SPD_LIM,COUNTY,CRASH_MONTH,CRASH_YEAR,DAY_OF_WEEK,DEC_LAT,DEC_LONG,DISPATCH_TM,DISTRICT,DRIVER_COUNT_16YR,DRIVER_COUNT_17YR,DRIVER_COUNT_18YR,DRIVER_COUNT_19YR,DRIVER_COUNT_20YR,DRIVER_COUNT_50_64YR,DRIVER_COUNT_65_74YR,DRIVER_COUNT_75PLUS,EST_HRS_CLOSED,FATAL_COUNT,HEAVY_TRUCK_COUNT,HORSE_BUGGY_COUNT,HOUR_OF_DAY,ILLUMINATION,INJURY_COUNT,INTERSECT_TYPE,INTERSECTION_RELATED,LANE_CLOSED,LATITUDE,LN_CLOSE_DIR,LOCATION_TYPE,LONGITUDE,MAX_SEVERITY_LEVEL,MCYCLE_DEATH_COUNT,MCYCLE_SUSP_SERIOUS_INJ_COUNT,MOTORCYCLE_COUNT,MUNICIPALITY,NONMOTR_COUNT,NONMOTR_DEATH_COUNT,NONMOTR_SUSP_SERIOUS_INJ_COUNT,NTFY_HIWY_MAINT,PED_COUNT,PED_DEATH_COUNT,PED_SUSP_SERIOUS_INJ_COUNT,PERSON_COUNT,POLICE_AGCY,POSSIBLE_INJ_COUNT,RDWY_SURF_TYPE_CD,RELATION_TO_ROAD,ROAD_CONDITION,ROADWAY_CLEARED,SCH_BUS_IND,SCH_ZONE_IND,SECONDARY_CRASH,SMALL_TRUCK_COUNT,SPEC_JURIS_CD,SUSP_MINOR_INJ_COUNT,SUSP_SERIOUS_INJ_COUNT,SUV_COUNT,TCD_FUNC_CD,TCD_TYPE,TFC_DETOUR_IND,TIME_OF_DAY,TOT_INJ_COUNT,TOTAL_UNITS,UNB_DEATH_COUNT,UNB_SUSP_SERIOUS_INJ_COUNT,UNBELTED_OCC_COUNT,UNK_INJ_DEG_COUNT,UNK_INJ_PER_COUNT,URBAN_AREA,URBAN_RURAL,VAN_COUNT,VEHICLE_COUNT,WEATHER1,WEATHER2,WORK_ZONE_IND,WORK_ZONE_LOC,WORK_ZONE_TYPE,WORKERS_PRES,WZ_CLOSE_DETOUR,WZ_FLAGGER,WZ_LAW_OFFCR_IND,WZ_LN_CLOSURE,WZ_MOVING,WZ_OTHER,WZ_SHLDER_MDN,WZ_WORKERS_INJ_KILLED
2010062669,818.0,1,0,0,0,0,0,0,0,0,4,0,,67,5,2010,4,39.9557,-75.2156,817.0,6,0,0,0,0,0,0,0,0,,0,0,0,7.0,1,2,1,,0,39 57:20.650,,0,75 12:56.102,4,0,0,0,67301,0,0,0,N,0,0,0,2,67301,2,,1,1,,N,N,,0,,0,0,1,3,2,,720.0,2,2,0,0,0,0,0,3,4,0,2,3,,N,,,,,,,,,,,
2010117701,408.0,1,0,0,0,0,0,0,0,0,7,0,,67,9,2010,1,40.0425,-75.1932,408.0,6,0,0,0,0,0,0,0,0,,0,0,0,4.0,3,0,0,,0,40 02:32.968,,0,75 11:35.366,0,0,0,0,67301,0,0,0,N,0,0,0,1,67301,0,,2,1,,N,N,,0,,0,0,0,0,0,,403.0,0,1,0,0,0,0,0,3,4,0,1,3,,N,,,,,,,,,,,
2010117756,1356.0,2,0,0,0,0,0,0,0,0,5,0,,67,10,2010,7,39.9221,-75.1886,1351.0,6,0,0,0,0,0,1,0,1,,0,0,0,13.0,1,1,0,,0,39 55:19.361,,1,75 11:19.923,4,0,0,0,67301,0,0,0,N,0,0,0,3,67301,1,,1,1,,N,N,,0,,0,0,0,3,2,,1320.0,1,2,0,0,0,0,0,3,4,0,2,3,,N,,,,,,,,,,,
2010117765,1301.0,3,0,0,0,0,0,0,0,0,4,0,,67,11,2010,5,40.0736,-75.047,1249.0,6,0,0,0,0,0,0,0,0,,0,0,0,12.0,1,1,0,,0,40 04:25.099,,0,75 02:49.216,8,0,0,0,67301,0,0,0,N,0,0,0,2,67301,0,,1,9,,N,N,,0,,0,0,0,0,0,,1249.0,1,3,0,0,0,1,1,3,4,0,3,7,,N,,,,,,,,,,,
2010117798,640.0,1,0,0,0,0,0,0,0,0,8,0,,67,10,2010,4,39.9494,-75.1523,638.0,6,0,0,0,0,0,0,0,0,,0,0,0,6.0,1,1,1,,0,39 56:57.904,,0,75 09:08.321,4,0,0,0,67301,1,0,0,N,1,0,0,2,67301,1,,1,9,,N,N,,0,,0,0,0,3,2,,635.0,1,2,0,0,0,0,1,3,4,0,1,7,,N,,,,,,,,,,,
2010087360,10.0,0,0,0,0,0,0,0,0,0,7,0,,67,8,2010,3,39.9749,-75.1945,9.0,6,0,0,0,0,0,0,0,0,1.0,0,0,0,0.0,3,1,0,,1,39 58:32.978,3.0,0,75 11:42.589,3,0,0,1,67301,0,0,0,N,0,0,0,1,68K01,0,,2,1,,N,N,,0,,1,0,0,0,0,N,4.0,1,1,0,0,0,0,0,3,4,0,1,3,,N,,,,,,,,,,,
2010113792,2025.0,1,0,0,0,0,0,0,0,0,4,0,,67,9,2010,2,39.9583,-75.1641,2015.0,6,0,0,0,0,0,0,0,0,1.0,0,0,0,99.0,1,1,1,,1,39 57:29.829,2.0,0,75 09:50.647,4,0,0,0,67301,0,0,0,N,0,0,0,2,67301,1,,1,9,,N,N,,0,,0,0,1,3,2,N,9999.0,1,2,0,0,0,0,0,3,4,0,2,7,,N,,,,,,,,,,,
2010116321,135.0,2,0,0,0,0,0,0,0,0,1,0,,67,11,2010,3,39.9605,-75.2419,130.0,6,0,0,0,0,0,0,0,0,,0,0,0,0.0,3,0,0,,0,39 57:37.942,,0,75 14:30.675,0,0,0,0,67301,0,0,0,N,0,0,0,1,67301,0,,6,1,,N,N,,1,,0,0,0,0,0,,49.0,0,3,0,0,0,0,0,3,4,0,3,3,,N,,,,,,,,,,,
2010116336,1229.0,2,0,0,0,0,0,0,0,0,4,0,,67,10,2010,4,39.9902,-75.1968,1224.0,6,0,0,0,0,0,0,0,0,2.0,0,0,0,12.0,1,2,0,,2,39 59:24.691,1.0,0,75 11:48.557,8,0,0,0,67301,0,0,0,N,0,0,0,2,67301,0,,1,9,,N,N,,0,,0,0,0,0,0,Y,1223.0,2,2,0,0,1,2,0,3,4,0,2,7,,N,,,,,,,,,,,
2010116340,1134.0,2,0,0,0,0,0,0,0,0,2,0,,67,10,2010,4,39.9648,-75.2261,1125.0,6,0,0,0,0,0,0,0,0,,0,0,0,11.0,1,1,1,,0,39 57:53.438,,0,75 13:34.071,4,0,0,0,67301,0,0,0,N,0,0,0,2,67301,1,,1,9,,N,N,,0,,0,0,0,3,3,,1125.0,1,2,0,0,0,0,1,3,4,0,2,7,,N,,,,,,,,,,,
2010111466,1700.0,2,0,0,0,0,0,0,0,0,4,0,,67,10,2010,2,40.0665,-75.0925,1657.0,6,0,0,0,0,0,1,0,0,,0,0,0,16.0,1,1,0,,0,40 03:59.500,,7,75 05:32.856,4,0,0,0,67301,0,0,0,,0,0,0,2,67301,1,,1,9,,,,,0,,0,0,0,3,3,,1657.0,1,2,0,0,0,0,0,3,4,0,2,7,,N,,,,,,,,,,,
2010111467,824.0,2,0,0,0,0,0,0,0,0,4,0,,67,10,2010,2,39.9509,-75.2431,824.0,6,0,0,0,0,0,0,0,0,9.0,0,0,0,8.0,1,4,1,,1,39 57:03.394,2.0,0,75 14:35.134,4,0,0,0,67301,1,0,0,N,0,0,0,5,67301,4,,1,9,,N,N,,0,,0,0,1,2,2,N,808.0,4,3,0,0,4,0,0,3,4,0,3,7,,N,,,,,,,,,,,
2010114064,935.0,1,0,0,0,0,0,0,0,0,8,0,,67,10,2010,5,39.9719,-75.1643,930.0,6,0,0,0,0,0,0,0,0,,0,0,0,9.0,1,1,0,,0,39 58:18.766,,0,75 09:51.570,4,0,0,0,67301,1,0,0,N,1,0,0,2,67301,1,,1,1,,N,N,,0,,0,0,0,3,2,,928.0,1,2,0,0,0,0,0,3,4,0,1,3,,N,,,,,,,,,,,
2010069785,1733.0,0,0,0,1,0,0,0,0,0,4,0,,67,6,2010,5,40.0035,-75.1037,1727.0,6,0,0,0,0,0,0,0,0,1.0,0,0,0,11.0,1,1,0,,2,40 00:12.463,5.0,7,75 06:13.348,3,0,0,0,67301,1,0,0,N,0,0,0,2,67301,0,,1,1,,N,N,,0,,1,0,1,0,0,Y,1123.0,1,2,0,0,0,0,1,3,4,0,1,3,,N,,,,,,,,,,,
2010069248,1810.0,1,0,0,1,0,0,0,0,0,4,0,,67,6,2010,1,39.9284,-75.1716,1802.0,6,0,0,0,0,0,0,0,1,,0,0,0,14.0,1,1,1,,0,39 55:42.196,,0,75 10:17.633,4,0,0,0,67301,1,0,0,N,0,0,0,2,67301,1,,1,1,,N,N,,0,,0,0,0,3,3,,1430.0,1,2,0,0,0,0,0,3,4,0,1,3,,N,,,,,,,,,,,
2010074509,958.0,2,0,0,0,0,0,0,0,0,4,0,,67,7,2010,5,40.0511,-75.159,957.0,6,0,0,0,0,0,0,0,0,,0,0,0,9.0,1,0,1,,0,40 03:03.985,,0,75 09:32.569,9,0,0,0,67301,0,0,0,N,0,0,0,3,67301,0,,1,1,,N,N,,0,,0,0,0,3,2,,945.0,0,2,0,0,0,0,1,3,4,0,2,3,,N,,,,,,,,,,,
2010069582,1405.0,2,0,1,0,0,0,0,0,0,4,0,,67,6,2010,6,40.0946,-75.0152,1401.0,6,0,0,0,0,0,2,0,0,1.0,0,0,0,14.0,1,2,1,,1,40 05:40.718,1.0,0,75 00:54.707,2,0,0,0,67301,0,0,0,N,0,0,0,3,67301,0,,1,1,,N,N,,0,,0,1,0,3,2,N,1401.0,2,2,0,0,0,1,0,3,4,0,2,3,,N,,,,,,,,,,,
2010071485,2230.0,1,0,0,0,0,0,0,0,0,7,0,,67,7,2010,5,40.0388,-75.0092,2219.0,6,0,0,0,0,1,0,0,0,1.0,0,0,0,22.0,3,0,0,,2,40 02:19.845,1.0,0,75 00:32.645,0,0,0,0,67301,0,0,0,N,0,0,0,2,68K01,0,,3,1,,N,N,,0,,0,0,0,0,0,N,2217.0,0,2,0,0,2,0,0,3,4,0,1,3,,N,,,,,,,,,,,
2010069661,11.0,2,0,0,0,0,0,0,0,0,4,0,,67,5,2010,7,40.069,-75.1756,1.0,6,0,0,1,0,0,0,0,0,,0,0,0,0.0,3,2,1,,0,40 04:08.569,,0,75 10:32.303,8,0,0,0,67301,0,0,0,N,0,0,0,3,67301,0,,1,1,,N,N,,0,,0,0,0,3,3,,0.0,2,2,0,0,0,2,1,3,4,0,2,3,,N,,,,,,,,,,,
2010081748,2045.0,2,0,0,0,0,0,0,0,0,4,0,,67,7,2010,7,39.9424,-75.2191,2040.0,6,0,0,0,0,0,0,0,0,,0,0,0,20.0,3,0,1,,0,39 56:32.587,,0,75 13:08.704,0,0,0,0,67301,0,0,0,,0,0,0,0,67301,0,,1,1,,,,,0,,0,0,0,3,2,,2042.0,0,2,0,0,0,0,0,3,4,0,2,3,,N,,,,,,,,,,,
2010081765,1803.0,1,0,0,0,0,0,0,0,0,8,0,,67,7,2010,4,39.9475,-75.2409,1801.0,6,0,0,0,0,0,0,0,0,,0,0,0,17.0,1,1,0,,0,39 56:51.100,,0,75 14:27.063,4,0,0,0,67301,1,0,0,N,1,0,0,2,67301,1,,1,1,,N,N,,0,,0,0,0,0,0,,1740.0,1,2,0,0,0,0,0,3,4,0,1,3,,N,,,,,,,,,,,
2010081814,1515.0,1,0,0,0,0,0,0,0,0,4,0,,67,7,2010,3,40.0444,-75.0808,1511.0,6,0,0,0,0,0,1,0,0,2.0,0,0,0,99.0,1,1,0,,1,40 02:39.862,2.0,7,75 04:50.971,4,0,0,0,67301,0,0,0,N,0,0,0,2,67301,1,,1,1,,N,N,,0,,0,0,0,0,0,N,9999.0,1,2,0,0,0,0,0,3,4,1,2,3,,N,,,,,,,,,,,
2010069949,2041.0,1,0,0,0,0,0,0,0,0,8,0,,67,5,2010,6,39.9172,-75.2339,2041.0,6,0,0,0,0,0,0,0,0,1.0,0,0,0,20.0,4,1,0,,2,39 55:02.046,1.0,0,75 14:02.101,4,0,0,0,67301,1,0,0,N,1,0,0,3,67301,1,,1,1,,N,N,,0,,0,0,0,0,0,Y,2017.0,1,2,0,0,0,0,0,3,4,0,1,3,,N,,,,,,,,,,,
2010070032,1605.0,0,0,0,0,0,0,0,0,0,1,0,,67,6,2010,5,40.0566,-75.0466,1605.0,6,0,0,0,0,0,0,0,0,1.0,0,0,0,16.0,1,1,1,,1,40 03:23.636,1.0,0,75 02:47.581,4,0,0,0,67301,0,0,0,N,0,0,0,2,67301,1,,1,9,,N,N,,1,,0,0,1,3,2,N,1600.0,1,2,0,0,0,0,0,3,4,0,2,7,,N,,,,,,,,,,,
2010070039,757.0,1,0,0,0,0,0,0,0,0,8,0,,67,6,2010,3,39.9704,-75.1647,755.0,6,0,0,0,0,0,0,0,0,,0,0,0,7.0,1,1,1,,0,39 58:13.521,,0,75 09:52.934,3,0,0,0,67301,1,0,0,,1,0,0,2,67301,0,,1,1,,,,,0,,1,0,0,3,2,,753.0,1,2,0,0,0,0,0,3,4,0,1,3,,N,,,,,,,,,,,
2010070048,1655.0,2,0,0,0,0,0,0,0,0,1,0,,67,6,2010,3,40.0767,-75.0361,1647.0,6,0,0,1,0,0,1,0,0,,0,0,0,99.0,1,3,2,,0,40 04:36.097,,0,75 02:09.929,4,0,0,0,67301,0,0,0,N,0,0,0,3,67301,3,,1,1,,N,N,,0,,0,0,0,0,0,,9999.0,3,2,0,0,0,0,0,3,4,0,2,3,,N,,,,,,,,,,,
2010076972,2306.0,1,0,0,0,0,0,0,0,0,1,0,90.0,67,8,2010,5,39.8893,-75.2018,2306.0,6,0,0,0,0,0,0,0,0,3.0,0,0,0,23.0,3,3,0,,2,39 53:50.939,1.0,0,75 11:12.660,4,0,0,0,67301,0,0,0,N,0,0,0,5,68K01,3,,1,1,,N,N,,0,,0,0,1,0,0,N,2306.0,3,2,0,0,0,0,0,3,4,0,2,3,,Y,8.0,1.0,Y,N,N,Y,Y,N,N,Y,
2010102553,115.0,2,0,0,0,0,0,0,0,0,1,0,,67,9,2010,5,40.0289,-75.0895,108.0,6,0,0,0,0,0,1,0,0,3.0,0,0,0,1.0,3,4,1,,2,40 01:43.697,3.0,0,75 05:23.235,4,0,0,0,67301,0,0,0,N,0,0,0,5,67301,4,,1,1,,N,N,,0,,0,0,0,3,2,N,105.0,4,2,0,0,0,0,0,3,4,0,2,3,,N,,,,,,,,,,,
2010118446,1411.0,0,0,0,0,0,0,0,0,0,0,0,,67,11,2010,4,40.0439,-75.1813,1408.0,6,0,0,0,0,0,0,1,0,1.0,0,0,0,14.0,1,1,0,,2,40 02:37.923,2.0,0,75 10:52.660,4,0,0,1,67301,0,0,0,N,0,0,0,1,67301,1,,1,1,,N,N,,0,,0,0,0,0,0,Y,1407.0,1,1,0,0,0,0,0,3,4,0,1,3,,N,,,,,,,,,,,
2010091976,2156.0,1,0,0,0,0,0,0,0,0,1,0,,67,9,2010,3,39.9446,-75.1913,2150.0,6,0,0,0,0,0,0,0,0,1.0,0,0,0,21.0,3,3,6,,2,39 56:43.369,4.0,2,75 11:25.410,8,0,0,0,67301,0,0,0,N,0,0,0,8,68K01,0,,1,1,,N,N,,0,,0,0,1,0,0,N,2145.0,3,2,0,0,0,3,0,3,4,0,2,3,,N,,,,,,,,,,,
2010120986,349.0,1,0,0,0,0,0,0,0,0,7,0,,67,10,2010,7,39.9803,-75.2054,343.0,6,0,0,0,0,0,0,0,0,,0,0,0,3.0,3,2,0,,0,39 58:52.267,,0,75 12:23.742,4,0,0,0,67301,0,0,0,N,0,0,0,5,68K01,2,,4,1,,N,N,,0,,0,0,0,0,0,,335.0,2,1,0,0,0,0,0,3,4,0,1,3,,N,,,,,,,,,,,
2010034206,1858.0,2,0,0,0,0,0,0,0,0,1,0,,67,3,2010,4,40.0717,-75.0371,1854.0,6,0,0,0,0,0,0,0,0,1.0,0,0,0,18.0,3,1,0,,1,40 04:18.086,1.0,0,75 02:13.730,4,0,0,0,67301,0,0,0,N,0,0,0,4,67301,1,,1,1,,N,N,,0,,0,0,0,0,0,N,1848.0,1,2,0,0,0,0,1,3,4,0,2,3,,N,,,,,,,,,,,
2010093680,1806.0,2,0,0,0,0,0,0,0,0,4,0,,67,8,2010,3,39.9676,-75.2355,1805.0,6,0,0,0,0,0,0,0,0,,0,0,0,17.0,1,0,2,,0,39 58:03.388,,0,75 14:07.832,0,0,0,0,67301,0,0,0,N,0,0,0,2,67301,0,,1,9,,N,N,,0,,0,0,0,3,3,,1745.0,0,2,0,0,0,0,0,3,4,0,2,7,,N,,,,,,,,,,,
2010091237,545.0,1,0,0,0,0,0,0,0,0,4,0,,67,8,2010,6,40.0153,-75.1372,545.0,6,0,0,0,0,0,1,0,0,9.0,0,0,0,5.0,1,2,1,,1,40 00:55.051,1.0,0,75 08:13.761,4,0,0,0,67301,0,0,0,,0,0,0,2,67301,2,,1,1,,,,,0,,0,0,0,3,2,N,545.0,2,2,0,0,0,0,0,3,4,1,2,3,,N,,,,,,,,,,,
2010088770,1939.0,1,0,0,0,0,0,0,0,0,4,1,,67,8,2010,4,39.9796,-75.2409,1834.0,6,0,0,0,0,0,0,0,0,,0,1,0,99.0,1,1,1,,0,39 58:46.506,,0,75 14:27.387,4,0,0,0,67301,0,0,0,,0,0,0,2,67301,1,,1,1,,,,,0,,0,0,0,3,3,,9999.0,1,2,0,0,0,0,0,3,4,0,2,3,,N,,,,,,,,,,,
2010088776,2155.0,2,0,0,0,0,0,0,0,0,1,0,,67,8,2010,3,40.1037,-74.9834,2149.0,6,0,0,0,0,0,1,0,0,,0,0,0,21.0,3,1,1,,0,40 06:13.357,,0,74 59:00.308,8,0,0,0,67301,0,0,0,N,0,0,0,2,67301,0,,1,1,,N,N,,0,,0,0,0,3,2,,2147.0,1,2,0,0,2,1,0,3,4,0,2,3,,N,,,,,,,,,,,
2010088797,940.0,0,0,0,0,0,0,0,0,0,4,0,,67,8,2010,5,40.0092,-75.069,932.0,6,0,0,0,0,0,0,0,0,,0,0,0,9.0,1,1,1,,0,40 00:33.068,,0,75 04:08.444,4,0,0,0,67301,0,0,0,N,0,0,0,2,67301,1,,1,9,,N,N,,0,,0,0,2,3,2,,930.0,1,2,0,0,0,0,0,3,4,0,2,7,,N,,,,,,,,,,,
2010088811,1850.0,2,0,0,0,0,0,0,0,0,5,0,,67,8,2010,3,40.0337,-75.0466,1845.0,6,0,0,0,0,0,1,0,0,,0,0,0,16.0,1,1,0,,0,40 02:01.293,,0,75 02:47.870,8,0,0,0,67301,0,0,0,,0,0,0,3,67301,0,,1,1,,,,,0,,0,0,0,3,2,,1643.0,1,2,0,0,2,1,0,3,4,0,2,3,,N,,,,,,,,,,,
2010088885,2048.0,4,0,0,0,0,0,0,0,0,4,0,,67,8,2010,7,40.0329,-75.0864,2042.0,6,0,0,0,0,1,0,0,0,2.0,0,0,0,20.0,3,0,1,,2,40 01:58.486,6.0,0,75 05:11.194,9,0,0,0,67301,0,0,0,N,0,0,0,4,67301,0,,1,1,,N,N,,1,,0,0,1,3,2,Y,2039.0,0,6,0,0,0,0,2,3,4,0,6,3,,N,,,,,,,,,,,
2010102360,1202.0,1,0,0,0,0,0,0,0,0,5,1,,67,9,2010,3,40.0265,-75.1155,1154.0,6,0,0,0,0,0,0,0,0,,0,1,0,11.0,1,0,0,,0,40 01:35.480,,0,75 06:55.114,9,0,0,0,67301,0,0,0,,0,0,0,1,67301,0,,6,1,,N,N,,0,,0,0,0,0,0,,1145.0,0,2,0,0,0,0,1,3,4,0,2,3,,N,,,,,,,,,,,
2010102944,742.0,1,0,0,0,0,0,0,0,0,8,0,,67,9,2010,6,39.9701,-75.2194,740.0,6,0,0,0,0,0,0,0,1,,0,0,0,7.0,1,1,0,,0,39 58:12.342,,0,75 13:09.962,8,0,0,0,67301,1,0,0,N,1,0,0,2,67301,0,,6,1,,N,N,,0,,0,0,0,0,0,,740.0,1,2,0,0,0,1,0,3,4,0,1,3,,N,,,,,,,,,,,
2010103102,1308.0,2,0,0,0,0,0,0,0,0,4,0,,67,9,2010,6,40.0351,-75.2155,1305.0,6,0,0,0,0,0,1,0,1,1.0,0,0,0,13.0,1,0,0,,1,40 02:06.252,6.0,7,75 12:55.767,0,0,0,0,67301,0,0,0,N,0,0,0,3,67301,0,,1,1,,N,N,,0,,0,0,1,0,0,Y,1303.0,0,3,0,0,0,0,0,3,4,0,3,3,,N,,,,,,,,,,,
2010103110,417.0,2,0,0,0,0,0,0,0,0,4,0,,67,9,2010,1,39.9447,-75.1652,416.0,6,0,0,0,0,0,1,0,0,,0,0,0,4.0,3,0,2,,0,39 56:40.704,,0,75 09:54.830,0,0,0,0,67301,0,0,0,,0,0,0,2,67301,0,,1,1,,,,,0,,0,0,0,3,2,,412.0,0,2,0,0,0,0,0,3,4,0,2,3,,N,,,,,,,,,,,
2010105685,1705.0,2,0,0,0,0,0,0,0,0,5,0,,67,9,2010,3,39.9634,-75.2281,1659.0,6,0,0,0,0,0,0,1,0,,0,0,0,99.0,1,1,0,,0,39 57:48.102,,0,75 13:41.011,8,0,0,0,67301,0,0,0,,0,0,0,2,67301,0,,6,1,,N,N,,0,,0,0,0,0,0,,9999.0,1,2,0,0,0,1,0,3,4,0,2,3,,N,,,,,,,,,,,
2010125105,925.0,0,0,0,0,0,0,0,0,0,4,0,,67,11,2010,6,40.0287,-75.1177,920.0,6,0,0,0,0,0,2,0,0,,0,0,0,99.0,1,1,2,,0,40 01:43.284,,0,75 07:03.795,8,0,0,0,67301,0,0,0,N,0,0,0,4,67301,0,,1,1,,N,N,,0,,0,0,2,3,2,,9999.0,1,2,0,0,0,1,0,3,4,0,2,3,,N,,,,,,,,,,,
2010117888,1350.0,2,0,0,0,0,0,0,0,0,4,0,,67,11,2010,5,,,1335.0,6,0,0,0,0,0,0,0,0,,0,0,0,13.0,1,1,0,,0,,,0,,3,0,0,0,67301,0,0,0,N,0,0,0,2,67301,0,,1,9,,N,N,,0,,1,0,0,0,0,,1300.0,1,2,0,0,0,0,0,3,3,0,2,7,,N,,,,,,,,,,,
2010117950,30.0,0,0,0,0,0,0,0,0,0,7,0,99.0,67,10,2010,5,39.9695,-75.1397,27.0,6,0,0,0,0,0,0,0,0,9.0,0,0,0,0.0,2,1,0,,1,39 58:10.178,6.0,0,75 08:23.057,4,0,0,1,67301,0,0,0,,0,0,0,1,67301,1,,1,1,,,,,0,,0,0,0,0,0,Y,27.0,1,1,0,0,0,0,0,3,4,0,1,3,,Y,5.0,1.0,N,,,N,Y,,,Y,
2010109705,2232.0,1,0,0,0,0,0,0,0,0,1,0,,67,10,2010,6,39.9685,-75.1282,2218.0,6,0,0,0,0,0,0,1,0,3.0,0,0,0,22.0,6,1,0,,1,39 58:08.659,1.0,0,75 07:38.012,3,0,0,0,67301,0,0,0,N,0,0,0,1,68K01,0,,1,1,,N,N,,0,,1,0,0,0,0,N,2216.0,1,2,0,0,0,0,0,3,4,0,2,3,,N,,,,,,,,,,,
2010012385,1839.0,1,0,0,0,0,0,0,0,0,4,0,,67,1,2010,6,40.0514,-75.1498,1837.0,6,0,0,0,0,0,0,0,0,,0,0,0,18.0,3,1,5,,0,40 03:04.941,,0,75 08:59.233,4,0,0,0,67301,1,0,0,N,0,0,0,2,67301,1,,1,2,,N,N,,0,,0,0,1,3,3,,1837.0,1,2,0,0,0,0,0,3,4,0,2,10,,N,,,,,,,,,,,
2010048656,1308.0,2,0,0,0,0,0,0,0,0,2,0,,67,4,2010,2,40.0129,-75.2012,1304.0,6,0,0,0,0,0,0,1,0,,0,0,0,13.0,1,2,0,,0,40 00:46.595,,0,75 12:04.408,4,0,0,0,67301,0,0,0,N,0,0,0,2,67301,2,,1,9,,N,N,,0,,0,0,0,0,0,,1300.0,2,2,0,0,0,0,0,3,4,0,2,7,,N,,,,,,,,,,,
2010048735,24.0,2,0,0,0,0,0,0,0,0,4,0,,67,4,2010,5,39.9902,-75.236,18.0,6,0,0,0,0,0,0,0,0,,0,0,0,0.0,3,0,1,,0,39 59:24.640,,0,75 14:09.560,0,0,0,0,67301,0,0,0,N,0,0,0,4,67301,0,,1,1,,N,N,,0,,0,0,0,3,3,,0.0,0,2,0,0,0,0,0,3,4,0,2,3,,N,,,,,,,,,,,
2010058760,1956.0,1,0,0,0,0,0,0,0,0,4,0,,67,5,2010,6,39.9179,-75.1801,1952.0,6,0,0,0,0,1,1,0,0,1.0,0,0,0,19.0,3,1,0,,2,39 55:04.374,4.0,7,75 10:48.439,4,0,0,1,67301,0,0,0,N,0,0,0,2,67301,1,,1,1,,N,N,,0,,0,0,0,0,0,Y,1949.0,1,2,0,0,0,0,0,3,4,0,2,3,,N,,,,,,,,,,,
2010058818,757.0,2,0,0,0,0,0,0,0,0,1,0,,67,5,2010,5,40.0595,-75.052,755.0,6,0,0,0,0,0,2,0,0,,0,0,0,7.0,1,2,1,,0,40 03:34.246,,0,75 03:07.165,4,0,0,0,67301,0,0,0,,0,0,0,3,67301,2,,1,1,,,,,0,,0,0,0,3,2,,750.0,2,2,0,0,0,0,0,3,4,0,2,3,,N,,,,,,,,,,,
2010070075,739.0,0,0,0,0,0,0,0,0,0,7,0,,67,6,2010,2,40.0176,-75.1723,738.0,6,0,0,0,0,0,1,0,0,,0,0,0,6.0,1,1,2,,0,40 01:03.382,,0,75 10:20.289,4,0,0,0,67301,0,0,0,N,0,0,0,1,67301,1,,4,1,,N,Y,,0,,0,0,1,0,0,,650.0,1,1,0,0,0,0,0,3,4,0,1,3,,N,,,,,,,,,,,
2010052090,1946.0,1,0,0,0,0,0,0,0,0,1,0,,67,5,2010,2,39.9396,-75.1982,1942.0,6,0,0,0,0,0,1,0,0,,0,0,0,18.0,4,1,1,,0,39 56:22.379,,0,75 11:53.331,4,0,0,0,67301,0,0,0,N,0,0,0,4,67301,1,,1,1,,N,N,,0,,0,0,1,3,2,,1851.0,1,2,0,0,0,0,0,3,4,0,2,3,,N,,,,,,,,,,,
2010087146,1815.0,0,0,0,0,0,0,0,0,0,7,0,,67,9,2010,1,39.9111,-75.1516,1812.0,6,0,0,0,0,0,1,0,0,1.0,0,0,0,18.0,1,2,6,,2,39 54:43.115,1.0,2,75 08:56.516,3,0,0,1,67301,0,0,0,N,0,0,0,2,68K01,1,,2,1,,N,N,,0,,1,0,0,0,0,N,1809.0,2,1,0,0,0,0,0,3,4,0,1,3,,N,,,,,,,,,,,
2010122401,832.0,1,0,0,0,0,0,0,0,0,4,0,,67,11,2010,4,39.9908,-75.1309,828.0,6,0,0,0,0,0,0,0,0,,0,0,0,8.0,1,1,1,,0,39 59:27.011,,0,75 07:51.262,4,0,0,0,67301,0,0,0,,0,0,0,4,67301,1,,1,1,,,,,1,,0,0,0,3,2,,820.0,1,2,0,0,0,0,0,3,4,0,2,3,,N,,,,,,,,,,,
2010122417,1723.0,4,0,0,0,0,0,0,0,0,1,0,,67,11,2010,3,40.0063,-75.1933,1721.0,6,0,0,0,0,0,0,0,0,1.0,0,0,0,17.0,1,1,0,,1,40 00:23.857,1.0,3,75 11:34.500,4,0,0,0,67301,0,0,0,N,0,0,0,4,67301,1,,1,9,,N,N,,0,,0,0,0,0,0,N,1700.0,1,4,0,0,0,0,0,3,4,0,4,7,,N,,,,,,,,,,,