CRN,ARRIVAL_TM,AUTOMOBILE_COUNT,BELTED_DEATH_COUNT,BELTED_SUSP_SERIOUS_INJ_COUNT,BICYCLE_COUNT,BICYCLE_DEATH_COUNT,BICYCLE_SUSP_SERIOUS_INJ_COUNT,BUS_COUNT,CHLDPAS_DEATH_COUNT,CHLDPAS_SUSP_SERIOUS_INJ_COUNT,COLLISION_TYPE,COMM_VEH_COUNT,CONS_ZONE_SPD_LIM,COUNTY,CRASH_MONTH,CRASH_YEAR,DAY_OF_WEEK,DEC_LAT,DEC_LONG,DISPATCH_TM,DISTRICT,DRIVER_COUNT_16YR,DRIVER_COUNT_17YR,DRIVER_COUNT_18YR,DRIVER_COUNT_19YR,DRIVER_COUNT_20YR,DRIVER_COUNT_50_64YR,DRIVER_COUNT_65_74YR,DRIVER_COUNT_75PLUS,EST_HRS_CLOSED,FATAL_COUNT,HEAVY_TRUCK_COUNT,HORSE_BUGGY_COUNT,HOUR_OF_DAY,ILLUMINATION,INJURY_COUNT,INTERSECT_TYPE,INTERSECTION_RELATED,LANE_CLOSED,LATITUDE,LN_CLOSE_DIR,LOCATION_TYPE,LONGITUDE,MAX_SEVERITY_LEVEL,MCYCLE_DEATH_COUNT,MCYCLE_SUSP_SERIOUS_INJ_COUNT,MOTORCYCLE_COUNT,MUNICIPALITY,NONMOTR_COUNT,NONMOTR_DEATH_COUNT,NONMOTR_SUSP_SERIOUS_INJ_COUNT,NTFY_HIWY_MAINT,PED_COUNT,PED_DEATH_COUNT,PED_SUSP_SERIOUS_INJ_COUNT,PERSON_COUNT,POLICE_AGCY,POSSIBLE_INJ_COUNT,RDWY_SURF_TYPE_CD,RELATION_TO_ROAD,ROAD_CONDITION,ROADWAY_CLEARED,SCH_BUS_IND,SCH_ZONE_IND,SECONDARY_CRASH,SMALL_TRUCK_COUNT,SPEC_JURIS_CD,SUSP_MINOR_INJ_COUNT,SUSP_SERIOUS_INJ_COUNT,SUV_COUNT,TCD_FUNC_CD,TCD_TYPE,TFC_DETOUR_IND,TIME_OF_DAY,TOT_INJ_COUNT,TOTAL_UNITS,UNB_DEATH_COUNT,UNB_SUSP_SERIOUS_INJ_COUNT,UNBELTED_OCC_COUNT,UNK_INJ_DEG_COUNT,UNK_INJ_PER_COUNT,URBAN_AREA,URBAN_RURAL,VAN_COUNT,VEHICLE_COUNT,WEATHER1,WEATHER2,WORK_ZONE_IND,WORK_ZONE_LOC,WORK_ZONE_TYPE,WORKERS_PRES,WZ_CLOSE_DETOUR,WZ_FLAGGER,WZ_LAW_OFFCR_IND,WZ_LN_CLOSURE,WZ_MOVING,WZ_OTHER,WZ_SHLDER_MDN,WZ_WORKERS_INJ_KILLED
2010122172,1623.0,1,0,0,1,0,0,0,0,0,6,0,,67,11,2010,4,39.9641,-75.1407,1620.0,6,0,0,0,0,0,1,0,0,,0,0,0,16.0,1,1,1,,0,39 57:50.853,,0,75 08:26.469,4,0,0,0,67301,1,0,0,N,0,0,0,2,67301,1,,2,1,,N,N,,0,,0,0,0,3,2,,1620.0,1,2,0,0,0,0,0,3,4,0,1,3,,N,,,,,,,,,,,
2010069262,300.0,1,0,0,0,0,0,0,0,0,4,0,,67,6,2010,4,40.0028,-75.1873,259.0,6,0,0,0,0,0,1,0,0,,0,0,0,2.0,3,0,0,,0,40 00:10.981,,0,75 11:14.269,0,0,0,0,67301,0,0,0,N,0,0,0,2,67301,0,,1,1,,N,N,,0,,0,0,1,0,0,,258.0,0,2,0,0,0,0,0,3,4,0,2,3,,N,,,,,,,,,,,
2010074431,1015.0,1,0,0,0,0,0,0,0,0,8,0,,67,6,2010,6,40.0673,-75.0283,1015.0,6,0,0,0,0,0,1,0,0,,0,0,0,10.0,1,1,0,,0,40 04:02.110,,0,75 01:41.844,8,0,0,0,67301,1,0,0,N,1,0,0,3,67301,0,,1,1,,N,N,,0,,0,0,0,0,0,,1012.0,1,2,0,0,1,1,0,3,4,0,1,3,,N,,,,,,,,,,,
2010074039,1531.0,0,0,0,0,0,0,0,0,0,1,0,,67,7,2010,6,39.9211,-75.1481,1516.0,6,0,0,0,0,0,0,0,0,1.0,0,0,0,15.0,1,1,0,,1,39 55:14.581,2.0,0,75 08:53.416,2,0,1,1,67301,0,0,0,N,0,0,0,2,68K01,0,,1,1,,N,N,,0,,0,1,1,0,0,N,1513.0,1,2,0,0,0,0,0,3,4,0,2,3,,N,,,,,,,,,,,
2010081747,1255.0,2,0,0,0,0,0,0,0,0,4,0,,67,7,2010,6,39.9112,-75.2306,1247.0,6,0,0,0,0,0,1,0,0,9.0,0,0,0,12.0,1,0,1,,1,39 54:40.341,3.0,0,75 13:50.008,0,0,0,0,67301,0,0,0,N,0,0,0,3,67301,0,,1,1,,N,N,,0,,0,0,0,2,2,N,1247.0,0,2,0,0,0,0,0,3,4,0,2,3,,N,,,,,,,,,,,
2010069939,1540.0,2,0,0,0,0,0,0,0,0,4,0,,67,6,2010,7,40.0035,-75.0783,1535.0,6,0,0,0,0,1,1,0,0,,0,0,0,15.0,1,1,0,,0,40 00:12.731,,7,75 04:41.747,8,0,0,0,67301,0,0,0,,0,0,0,2,67301,0,,1,98,,,,,0,,0,0,0,0,0,,1525.0,1,2,0,0,0,1,0,3,4,0,2,99,,N,,,,,,,,,,,
2010069970,942.0,1,0,0,0,0,0,0,0,0,8,0,,67,5,2010,5,40.0743,-75.0348,941.0,6,0,0,0,0,0,0,1,0,3.0,0,0,0,9.0,1,1,1,,1,40 04:27.539,1.0,2,75 02:05.367,2,0,0,0,67301,1,0,1,N,1,0,1,2,67301,0,,1,1,,N,N,,0,,0,1,0,3,2,N,941.0,1,2,0,0,0,0,0,3,4,0,1,3,,N,,,,,,,,,,,
2010070029,2330.0,2,0,0,0,0,0,0,0,0,4,0,,67,6,2010,6,40.0468,-75.1254,2326.0,6,0,0,0,0,0,2,0,0,,0,0,0,23.0,3,1,0,,0,40 02:48.508,,0,75 07:31.368,4,0,0,0,67301,0,0,0,N,0,0,0,2,67301,1,,1,1,,N,N,,0,,0,0,0,0,0,,2305.0,1,2,0,0,0,0,0,3,4,0,2,3,,N,,,,,,,,,,,
2010072572,1520.0,0,0,0,0,0,0,0,0,0,8,0,,67,5,2010,2,39.9477,-75.1511,1502.0,6,0,0,0,0,0,0,0,0,,0,0,0,15.0,1,1,1,,0,39 56:51.762,,0,75 09:03.936,3,0,0,0,67301,1,0,0,N,1,0,0,2,67301,0,,1,1,,N,N,,0,,1,0,1,3,2,,1502.0,1,2,0,0,0,0,0,3,4,0,1,3,,N,,,,,,,,,,,
2010058980,4.0,1,0,0,0,0,0,0,0,0,7,0,,67,5,2010,6,40.0293,-75.1024,2359.0,6,0,1,0,0,0,0,0,0,1.0,0,0,0,99.0,3,0,0,,1,40 01:45.933,1.0,0,75 06:10.087,0,0,0,0,67301,0,0,0,Y,0,0,0,1,67301,0,,3,9,,N,N,,0,,0,0,0,3,2,N,9999.0,0,1,0,0,0,0,0,3,4,0,1,7,,N,,,,,,,,,,,
2010028058,930.0,2,0,0,0,0,0,0,0,0,6,0,,67,2,2010,5,39.993,-75.1682,928.0,6,0,0,0,0,0,1,0,0,,0,0,0,9.0,1,2,2,,0,39 59:34.947,,0,75 10:05.357,8,0,0,0,67301,0,0,0,N,0,0,0,2,67301,0,,1,1,,N,N,,0,,0,0,0,3,3,,928.0,2,2,0,0,0,2,0,3,4,0,2,3,,N,,,,,,,,,,,
2010022171,807.0,2,0,0,0,0,0,0,0,0,1,0,,67,2,2010,6,39.9501,-75.1837,754.0,6,0,0,0,0,0,0,0,0,,0,0,0,7.0,1,0,0,,0,39 57:03.316,,0,75 10:59.035,0,0,0,0,67301,0,0,0,N,0,0,0,4,68K01,0,,1,1,,N,N,,1,,0,0,0,0,0,,750.0,0,3,0,0,0,0,0,3,4,0,3,3,,N,,,,,,,,,,,
2010088835,915.0,0,0,0,0,0,0,0,0,0,4,0,,67,8,2010,6,39.9912,-75.1338,912.0,6,0,0,0,1,0,1,0,0,,0,0,0,9.0,1,1,1,,0,39 59:28.722,,0,75 08:01.720,4,0,0,0,67301,0,0,0,,0,0,0,3,67301,1,,1,1,,,,,1,,0,0,1,0,0,,912.0,1,2,0,0,1,0,0,3,4,0,2,3,,N,,,,,,,,,,,
2010125699,1541.0,3,0,0,0,0,0,0,0,0,1,0,,67,12,2010,2,39.9479,-75.1866,1540.0,6,0,0,0,0,0,1,0,0,1.0,0,0,0,15.0,1,2,6,,1,39 56:57.647,4.0,2,75 11:03.883,4,0,0,0,67301,0,0,0,N,0,0,0,6,68K01,2,,1,1,,N,N,,0,,0,0,0,0,0,N,1535.0,2,3,0,0,0,0,0,3,4,0,3,3,,N,,,,,,,,,,,
2010099724,205.0,1,0,0,0,0,0,0,0,0,1,0,45.0,67,8,2010,1,40.0075,-75.1925,155.0,6,0,0,0,0,0,0,0,0,3.0,0,0,0,1.0,3,1,0,,2,40 00:32.856,2.0,0,75 11:21.373,2,0,1,1,67301,0,0,0,N,0,0,0,3,67301,0,,1,1,,N,N,,0,,0,1,0,0,0,Y,150.0,1,2,0,0,0,0,0,3,4,0,2,3,,Y,3.0,1.0,Y,,,N,Y,,,,
2010102344,810.0,2,0,0,0,0,0,0,0,0,1,0,,67,9,2010,3,39.9962,-75.1959,807.0,6,0,0,0,0,0,0,0,0,,0,0,0,8.0,1,1,10,,0,39 59:46.229,,0,75 11:45.159,8,0,0,0,67301,0,0,0,N,0,0,0,2,67301,0,,1,1,,N,N,,0,,0,0,0,3,3,,800.0,1,2,0,0,0,1,0,3,4,0,2,3,,N,,,,,,,,,,,
2010102936,305.0,1,0,0,0,0,0,0,0,0,7,0,,67,9,2010,7,40.0564,-75.1971,302.0,6,0,0,0,0,0,0,0,0,,0,0,0,3.0,3,1,2,,0,40 03:22.927,,0,75 11:49.613,4,0,0,0,67301,0,0,0,N,0,0,0,1,67301,1,,5,1,,N,N,,0,,0,0,0,3,3,,301.0,1,1,0,0,0,0,0,3,4,0,1,3,,N,,,,,,,,,,,
2010105652,1310.0,1,0,0,0,0,0,0,0,0,1,0,,67,9,2010,7,39.9682,-75.2251,1300.0,6,0,0,0,0,0,2,0,0,,0,0,0,13.0,1,1,1,,0,39 58:05.274,,0,75 13:30.499,4,0,0,0,67301,0,0,0,,0,0,0,4,67301,1,,1,1,,,,,0,,0,0,2,2,2,,1300.0,1,3,0,0,0,0,0,3,4,0,3,3,,N,,,,,,,,,,,
2010095757,1941.0,2,0,0,0,0,0,0,0,0,1,0,,67,10,2010,1,39.9465,-75.1886,1918.0,6,0,0,0,1,0,0,0,0,,0,0,0,19.0,3,1,0,,0,39 56:50.292,,0,75 11:14.955,4,0,0,0,67301,0,0,0,N,0,0,0,2,68K01,1,,1,1,,N,N,,0,,0,0,0,0,0,,1917.0,1,2,0,0,1,0,0,3,4,0,2,3,,N,,,,,,,,,,,
2010117885,1939.0,2,0,0,0,0,0,0,0,0,5,0,,67,10,2010,6,39.9991,-75.2289,1939.0,6,0,0,0,0,0,0,0,0,,0,0,0,17.0,1,1,0,,0,39 59:56.770,,0,75 13:44.176,4,0,0,0,67301,2,0,0,N,0,0,0,3,67301,1,,1,1,,N,N,,0,,0,0,0,0,0,,1717.0,1,2,0,0,0,0,0,3,4,0,2,3,,N,,,,,,,,,,,
2010117892,1135.0,0,0,0,0,0,0,0,0,0,7,0,,67,10,2010,4,39.9208,-75.2466,1134.0,6,0,0,0,0,0,1,0,0,,0,0,0,11.0,1,0,2,,0,39 55:14.800,,0,75 14:47.937,0,0,0,0,67301,0,0,0,N,0,0,0,1,67301,0,,4,9,,N,N,,1,,0,0,0,9,9,,1132.0,0,1,0,0,1,0,0,3,4,0,1,7,,N,,,,,,,,,,,
2010117938,1313.0,3,0,0,0,0,0,0,0,0,4,0,,67,10,2010,1,40.0359,-75.0424,1312.0,6,0,1,0,0,0,0,0,0,3.0,0,0,0,3.0,3,1,1,,2,40 02:09.368,5.0,0,75 02:32.560,4,0,0,0,67301,0,0,0,N,0,0,0,4,67301,1,,1,1,,N,N,,0,,0,0,0,3,2,Y,312.0,1,3,0,0,0,0,0,3,4,0,3,3,,N,,,,,,,,,,,
2010114294,1659.0,1,0,0,0,0,0,0,0,0,4,0,,67,10,2010,1,39.9952,-75.1396,1656.0,6,0,0,0,0,0,0,0,0,1.0,0,0,0,99.0,1,3,1,,1,39 59:42.795,1.0,0,75 08:22.405,4,0,0,0,67301,0,0,0,,0,0,0,5,67301,3,,1,1,,,,,1,,0,0,0,3,2,N,9999.0,3,2,0,0,4,0,0,3,4,0,2,3,,N,,,,,,,,,,,
2010042636,1603.0,2,0,0,0,0,0,0,0,0,4,0,,67,4,2010,1,39.9446,-75.1913,1555.0,6,0,0,0,0,0,0,0,0,2.0,0,0,0,15.0,1,1,6,,1,39 56:43.369,4.0,2,75 11:25.410,4,0,0,0,67301,0,0,0,N,0,0,0,2,68K01,1,,1,1,,N,N,,0,,0,0,0,0,0,Y,1551.0,1,2,0,0,0,0,0,3,4,0,2,3,,N,,,,,,,,,,,
2010005373,36.0,0,0,0,0,0,0,0,0,0,5,0,,67,1,2010,6,39.9812,-75.2066,15.0,6,0,0,0,0,0,1,0,0,,0,0,0,0.0,3,1,0,,0,39 58:55.907,,0,75 12:27.034,4,0,0,0,67301,0,0,0,N,0,0,0,4,68K02,1,,1,9,,N,N,,0,,0,0,2,0,0,,13.0,1,2,0,0,0,0,0,3,4,0,2,7,,N,,,,,,,,,,,
2010039781,1245.0,1,0,0,0,0,0,1,0,0,1,1,,67,4,2010,6,39.9744,-75.201,1230.0,6,0,0,0,0,0,0,0,0,3.0,0,0,0,11.0,1,0,0,,1,39 58:27.975,3.0,0,75 12:03.456,0,0,0,0,67301,1,0,0,N,0,0,0,2,67301,0,,6,1,,Y,N,,0,,0,0,0,2,2,N,1141.0,0,3,0,0,0,0,0,3,4,1,3,3,,N,,,,,,,,,,,
2010040530,1024.0,1,0,0,0,0,0,0,0,0,8,0,,67,3,2010,5,40.0756,-75.085,1013.0,6,0,0,0,0,0,1,0,0,,0,0,0,8.0,1,1,0,,0,40 04:32.208,,7,75 05:05.964,4,0,0,0,67301,1,0,0,,1,0,0,2,67301,1,,1,1,,N,N,,0,,0,0,0,0,0,,830.0,1,2,0,0,0,0,0,3,4,0,1,3,,N,,,,,,,,,,,
2010040531,1535.0,0,0,0,0,0,0,0,0,0,7,0,,67,3,2010,6,39.961,-75.1748,1530.0,6,0,0,0,0,0,1,0,0,,0,0,0,99.0,1,0,0,,0,39 57:39.784,,0,75 10:29.718,0,0,0,0,67301,0,0,0,Y,0,0,0,1,67301,0,,5,9,,N,N,,1,,0,0,0,3,2,,9999.0,0,1,0,0,0,0,0,3,4,0,1,7,,N,,,,,,,,,,,
2010048688,1540.0,2,0,0,0,0,0,0,0,0,4,0,,67,1,2010,3,40.0816,-74.9679,1530.0,6,0,0,0,1,0,0,1,0,,0,0,0,15.0,1,2,1,,0,40 04:53.598,,0,74 58:04.407,8,0,0,0,67301,0,0,0,,0,0,0,2,67301,0,,1,1,,,,,0,,0,0,0,3,3,,1520.0,2,2,0,0,0,2,0,3,4,0,2,3,,N,,,,,,,,,,,
2010058758,1910.0,2,0,0,0,0,0,0,0,0,4,0,,67,5,2010,1,40.0115,-75.0698,1907.0,6,0,0,0,0,0,0,0,0,1.0,0,0,0,19.0,1,4,1,,1,40 00:42.017,2.0,0,75 04:11.475,4,0,0,0,67301,0,0,0,N,0,0,0,5,67301,3,,1,1,,N,N,,0,,0,0,0,3,2,N,1904.0,4,2,0,0,0,1,1,3,4,0,2,3,,N,,,,,,,,,,,
2010075582,916.0,2,0,0,0,0,0,0,0,0,1,0,45.0,67,8,2010,6,39.8987,-75.1712,915.0,6,0,0,0,0,0,0,0,0,,0,0,0,9.0,1,0,0,,0,39 53:58.743,,0,75 09:45.049,0,0,0,0,67301,0,0,0,N,0,0,0,2,68K01,0,,1,1,,N,N,,0,,0,0,0,3,8,,914.0,0,2,0,0,0,0,0,3,4,0,2,3,,Y,4.0,1.0,Y,N,N,Y,Y,N,N,N,
2010052134,1320.0,2,0,0,0,0,0,0,0,0,4,0,,67,5,2010,1,39.9273,-75.173,1313.0,6,0,1,0,0,0,1,0,0,,0,0,0,13.0,1,1,1,,0,39 55:38.323,,0,75 10:22.645,3,0,0,0,67301,0,0,0,,0,0,0,3,67301,0,,1,1,,,,,0,,1,0,0,3,3,,1310.0,1,2,0,0,0,0,0,3,4,0,2,3,,N,,,,,,,,,,,
2010054968,1314.0,0,0,0,0,0,0,0,0,0,7,1,,67,6,2010,3,39.9571,-75.1563,1314.0,6,0,0,0,0,0,0,0,0,2.0,0,1,0,13.0,1,1,0,,1,39 57:25.678,4.0,0,75 09:22.660,4,0,0,0,67301,0,0,0,Y,0,0,0,1,68K01,1,,3,9,,N,N,,0,,0,0,0,0,0,N,1305.0,1,1,0,0,0,0,0,3,4,0,1,3,,N,,,,,,,,,,,
2010117795,1220.0,0,0,0,0,0,0,0,0,0,7,0,,67,10,2010,3,40.017,-75.2024,1210.0,6,0,0,0,0,0,0,0,0,,0,0,0,12.0,1,2,0,,0,40 01:01.339,,0,75 12:08.693,8,0,0,0,67301,0,0,0,N,0,0,0,2,67301,0,,3,9,,N,N,,0,,0,0,1,0,0,,1205.0,2,1,0,0,0,2,0,3,4,0,1,3,,N,,,,,,,,,,,
2010117855,913.0,1,0,0,0,0,0,0,0,0,5,1,,67,10,2010,3,39.9182,-75.2089,909.0,6,0,0,0,0,0,0,0,0,,0,1,0,8.0,1,0,1,,0,39 55:05.640,,0,75 12:31.416,0,0,0,0,67301,0,0,0,,0,0,0,2,67301,0,,1,1,,N,N,,0,,0,0,0,3,2,,855.0,0,2,0,0,0,0,0,3,4,0,2,3,,N,,,,,,,,,,,
2010106990,1032.0,0,0,0,0,0,0,0,0,0,2,0,,67,9,2010,4,40.0497,-75.1717,1030.0,6,0,0,0,0,0,2,0,0,2.0,0,0,0,10.0,1,1,1,,1,40 02:58.996,6.0,0,75 10:18.239,8,0,0,1,67301,0,0,0,N,0,0,0,3,67301,0,,1,1,,N,N,,0,,0,0,0,3,3,Y,1025.0,1,2,0,0,0,1,0,3,4,1,2,3,,N,,,,,,,,,,,
2010113796,1350.0,2,0,0,0,0,0,0,0,0,2,0,,67,9,2010,2,39.9674,-75.1809,1350.0,6,0,0,0,0,0,1,0,0,3.0,0,0,0,13.0,1,1,3,,2,39 58:02.420,5.0,0,75 10:51.275,3,0,0,0,67301,0,0,0,N,0,0,0,2,67301,0,,1,9,,N,N,,0,,1,0,0,3,2,Y,1300.0,1,2,0,0,0,0,0,3,4,0,2,7,,N,,,,,,,,,,,
2010116341,1340.0,1,0,0,0,0,0,1,0,0,4,1,,67,10,2010,6,39.9386,-75.2217,1337.0,6,0,0,0,0,0,1,0,0,,0,0,0,13.0,1,6,1,,0,39 56:18.963,,0,75 13:17.946,4,0,0,0,67301,0,0,0,N,0,0,0,8,67301,6,,1,1,,N,N,,0,,0,0,0,3,2,,1319.0,6,2,0,0,0,0,0,3,4,0,2,3,,N,,,,,,,,,,,
2010111400,242.0,2,0,0,0,0,0,0,0,0,5,0,,67,10,2010,1,39.9178,-75.1609,238.0,6,0,0,0,0,0,0,0,0,2.0,0,0,0,2.0,3,0,0,,2,39 55:04.162,2.0,0,75 09:39.240,0,0,0,0,67301,0,0,0,N,0,0,0,1,67301,0,,1,1,,N,N,,1,,0,0,0,0,0,Y,237.0,0,3,0,0,0,0,0,3,4,0,3,3,,N,,,,,,,,,,,
2010069251,1408.0,2,0,0,0,0,0,0,0,0,4,0,,67,6,2010,6,39.9828,-75.1186,1405.0,6,0,0,0,0,0,0,1,0,,0,0,0,13.0,1,1,2,,0,39 58:58.279,,0,75 07:06.536,4,0,0,0,67301,0,0,0,N,0,0,0,2,67301,1,,1,1,,N,N,,0,,0,0,0,0,0,,1345.0,1,2,0,0,0,0,1,3,4,0,2,3,,N,,,,,,,,,,,
2010074387,1645.0,3,0,0,0,0,0,0,0,0,1,0,,67,7,2010,4,39.9786,-75.2136,1636.0,6,0,0,0,0,0,1,0,0,,0,0,0,16.0,1,1,1,,0,39 58:43.022,,0,75 12:49.084,3,0,0,0,67301,0,0,0,N,0,0,0,3,67301,0,,1,9,,N,N,,0,,1,0,0,2,2,,1630.0,1,3,0,0,0,0,0,3,4,0,3,7,,N,,,,,,,,,,,
2010074463,2020.0,1,0,0,1,0,0,0,0,0,4,0,,67,6,2010,3,40.0458,-75.0683,2018.0,6,0,0,0,0,0,1,0,0,,0,0,0,20.0,1,1,1,,0,40 02:44.703,,0,75 04:05.879,4,0,0,0,67301,1,0,0,N,0,0,0,2,67301,1,,1,1,,N,N,,0,,0,0,0,3,2,,2000.0,1,2,0,0,0,0,0,3,4,0,1,3,,N,,,,,,,,,,,
2010074465,2040.0,0,0,0,1,0,0,0,0,0,4,0,,67,7,2010,1,39.9412,-75.2123,2028.0,6,0,0,0,0,0,0,0,0,,0,0,0,20.0,1,1,1,,0,39 56:28.368,,0,75 12:44.264,4,0,0,0,67301,1,0,0,N,0,0,0,2,67301,1,,2,1,,N,N,,0,,0,0,0,3,2,,2010.0,1,2,0,0,0,0,0,3,4,1,1,3,,N,,,,,,,,,,,
2010074505,1245.0,2,0,0,0,0,0,0,0,0,1,0,,67,7,2010,5,40.0455,-75.1649,1240.0,6,0,0,0,0,0,0,0,0,,0,0,0,12.0,1,1,1,,0,40 02:43.800,,0,75 09:53.514,4,0,0,0,67301,0,0,0,N,0,0,0,3,67301,1,,1,1,,N,N,,0,,0,0,0,3,2,,1215.0,1,2,0,0,0,0,0,3,4,0,2,3,,N,,,,,,,,,,,
2010081955,106.0,1,0,0,0,0,0,0,0,0,4,0,,67,7,2010,2,39.9312,-75.1833,105.0,6,0,0,0,0,0,0,0,0,3.0,0,0,0,99.0,3,1,2,,1,39 55:52.165,3.0,0,75 11:00.034,4,0,0,0,67301,0,0,0,,0,0,0,3,67301,1,,1,1,,,,,0,,0,0,1,3,3,Y,9999.0,1,2,0,0,0,0,2,3,4,0,2,3,,N,,,,,,,,,,,
2010081956,1905.0,1,0,0,1,0,0,0,0,0,4,0,,67,7,2010,2,39.9372,-75.1826,1900.0,6,0,0,0,0,0,0,0,0,,0,0,0,18.0,1,1,1,,0,39 56:14.013,,0,75 10:57.377,4,0,0,0,67301,1,0,0,N,0,0,0,2,67301,1,,1,1,,N,N,,0,,0,0,0,3,3,,1855.0,1,2,0,0,0,0,0,3,4,0,1,3,,N,,,,,,,,,,,
2010071521,18.0,1,0,0,0,0,0,0,0,0,4,0,,67,6,2010,3,39.9367,-75.1669,17.0,6,0,0,0,0,0,1,0,0,1.0,0,0,0,0.0,3,1,1,,2,39 56:12.075,3.0,0,75 10:01.033,3,0,0,1,67301,0,0,0,N,0,0,0,4,67301,0,,1,1,,N,N,,0,,1,0,0,3,2,Y,7.0,1,2,0,0,0,0,0,3,4,0,2,3,,N,,,,,,,,,,,
2010071527,1730.0,2,0,0,0,0,0,0,0,0,4,0,,67,6,2010,7,40.0096,-75.1803,1724.0,6,0,0,0,0,0,0,2,0,1.0,0,0,0,16.0,1,1,2,,1,40 00:34.506,1.0,0,75 10:49.505,4,0,0,0,67301,0,0,0,,0,0,0,2,67301,1,,1,1,,,,,0,,0,0,0,2,2,N,1645.0,1,2,0,0,2,0,0,3,4,0,2,3,,N,,,,,,,,,,,
2010071528,9999.0,3,0,0,0,0,0,0,0,0,5,0,,67,6,2010,6,39.9915,-75.1481,1600.0,6,0,0,0,0,0,1,0,0,,0,0,0,99.0,1,0,0,,0,39 59:29.319,,0,75 08:53.232,9,0,0,1,67301,0,0,0,N,0,0,0,2,67301,0,,1,1,,,,,0,,0,0,0,0,0,,9999.0,0,4,0,0,0,0,1,3,4,0,4,3,,N,,,,,,,,,,,
2010071686,1550.0,1,0,0,0,0,0,0,0,0,1,0,,67,7,2010,7,40.0052,-75.1954,1550.0,6,0,0,0,0,0,1,0,0,1.0,0,0,0,15.0,1,3,0,,1,40 00:17.707,4.0,0,75 11:42.661,8,0,0,0,67301,0,0,0,N,0,0,0,6,68K01,0,,1,1,,N,N,,0,,0,0,1,0,0,N,1543.0,3,3,0,0,0,3,0,3,4,1,3,3,,N,,,,,,,,,,,
2010081754,1730.0,1,0,0,0,0,0,0,0,0,4,0,,67,7,2010,3,39.9046,-75.2387,728.0,6,0,0,0,0,0,0,0,0,,0,0,0,17.0,1,3,2,,0,39 54:16.588,,0,75 14:19.147,4,0,0,0,67301,0,0,0,N,0,0,0,4,67301,3,,1,1,,,,,1,,0,0,0,3,2,,1720.0,3,2,0,0,0,0,0,3,4,0,2,3,,N,,,,,,,,,,,
2010070000,1844.0,1,0,0,0,0,0,0,0,0,7,0,,67,6,2010,4,40.0437,-75.0219,1843.0,6,0,0,0,0,0,1,0,0,,0,0,0,18.0,1,1,3,,0,40 02:37.146,,0,75 01:18.710,8,0,0,0,67301,0,0,0,N,0,0,0,1,67301,0,,5,1,,N,N,,0,,0,0,0,3,2,,1841.0,1,1,0,0,0,1,0,3,4,0,1,3,,N,,,,,,,,,,,
2010061676,1736.0,3,0,0,0,0,0,0,0,0,1,0,,67,6,2010,2,39.9676,-75.1896,1735.0,6,0,0,0,0,1,0,0,0,,0,0,0,17.0,1,1,0,,0,39 58:03.497,,0,75 11:22.758,8,0,0,0,67301,0,0,0,N,0,0,0,3,68K01,0,,1,1,,N,N,,0,,0,0,0,0,0,,1735.0,1,3,0,0,0,1,0,3,4,0,3,3,,N,,,,,,,,,,,
2010072562,2138.0,1,0,0,0,0,0,0,0,0,7,0,,67,6,2010,1,40.014,-75.0809,2138.0,6,0,0,0,0,0,0,0,0,9.0,0,0,0,21.0,3,0,2,,2,40 00:50.452,7.0,0,75 04:51.233,0,0,0,0,67301,0,0,0,N,0,0,0,1,67301,0,,5,1,,N,N,,0,,0,0,0,0,0,Y,2138.0,0,1,0,0,1,0,0,3,4,0,1,3,,N,,,,,,,,,,,
2010072563,425.0,0,0,0,0,0,0,0,0,0,0,0,,67,5,2010,1,39.9214,-75.1923,420.0,6,0,0,0,0,0,0,0,0,1.0,0,0,0,4.0,3,2,0,,1,39 55:16.272,4.0,3,75 11:40.399,4,0,0,0,67301,0,0,0,,0,0,0,2,67301,2,,1,9,,N,N,,0,,0,0,1,0,0,Y,415.0,2,1,0,0,0,0,0,3,4,0,1,3,,N,,,,,,,,,,,
2010062687,2143.0,1,0,0,0,0,0,0,0,0,8,0,,67,5,2010,3,40.0721,-75.033,2139.0,6,0,0,0,0,0,0,0,0,,0,0,0,21.0,3,1,2,,0,40 04:19.712,,0,75 01:58.660,4,0,0,0,67301,1,0,0,N,1,0,0,2,67301,1,,1,9,,N,N,,0,,0,0,0,3,2,,2138.0,1,2,0,0,1,0,0,3,4,0,1,7,,N,,,,,,,,,,,
2010068372,1924.0,1,0,0,0,0,0,0,0,0,7,0,,67,7,2010,2,39.9797,-75.1061,1915.0,6,0,0,0,0,0,0,0,0,1.0,0,0,0,19.0,1,0,0,,2,39 58:47.412,1.0,0,75 06:22.068,0,0,0,0,67301,0,0,0,N,0,0,0,1,68K01,0,,4,1,,N,N,,0,,0,0,0,0,0,N,1910.0,0,1,0,0,0,0,0,3,4,0,1,3,,N,,,,,,,,,,,
2010054960,433.0,1,0,0,0,0,0,0,0,0,7,0,,67,5,2010,7,40.0115,-75.0612,426.0,6,0,0,0,0,0,0,0,0,1.0,0,0,0,4.0,3,0,0,,1,40 00:41.040,2.0,0,75 03:40.772,0,0,0,0,67301,0,0,0,Y,0,0,0,3,68K01,0,,2,1,,N,N,,0,,0,0,0,0,0,N,423.0,0,1,0,0,0,0,0,3,4,0,1,3,,N,,,,,,,,,,,
2010052175,555.0,1,0,0,0,0,0,0,0,0,4,0,,67,5,2010,3,40.0118,-75.0978,551.0,6,0,0,0,0,0,0,0,0,,0,0,0,5.0,1,2,1,,0,40 00:42.859,,0,75 05:51.842,4,0,0,0,67301,0,0,0,N,0,0,0,2,67301,1,,1,1,,N,N,,1,,0,0,0,3,2,,545.0,2,2,0,0,0,1,0,3,4,0,2,3,,N,,,,,,,,,,,