CRN,ARRIVAL_TM,AUTOMOBILE_COUNT,BELTED_DEATH_COUNT,BELTED_SUSP_SERIOUS_INJ_COUNT,BICYCLE_COUNT,BICYCLE_DEATH_COUNT,BICYCLE_SUSP_SERIOUS_INJ_COUNT,BUS_COUNT,CHLDPAS_DEATH_COUNT,CHLDPAS_SUSP_SERIOUS_INJ_COUNT,COLLISION_TYPE,COMM_VEH_COUNT,CONS_ZONE_SPD_LIM,COUNTY,CRASH_MONTH,CRASH_YEAR,DAY_OF_WEEK,DEC_LAT,DEC_LONG,DISPATCH_TM,DISTRICT,DRIVER_COUNT_16YR,DRIVER_COUNT_17YR,DRIVER_COUNT_18YR,DRIVER_COUNT_19YR,DRIVER_COUNT_20YR,DRIVER_COUNT_50_64YR,DRIVER_COUNT_65_74YR,DRIVER_COUNT_75PLUS,EST_HRS_CLOSED,FATAL_COUNT,HEAVY_TRUCK_COUNT,HORSE_BUGGY_COUNT,HOUR_OF_DAY,ILLUMINATION,INJURY_COUNT,INTERSECT_TYPE,INTERSECTION_RELATED,LANE_CLOSED,LATITUDE,LN_CLOSE_DIR,LOCATION_TYPE,LONGITUDE,MAX_SEVERITY_LEVEL,MCYCLE_DEATH_COUNT,MCYCLE_SUSP_SERIOUS_INJ_COUNT,MOTORCYCLE_COUNT,MUNICIPALITY,NONMOTR_COUNT,NONMOTR_DEATH_COUNT,NONMOTR_SUSP_SERIOUS_INJ_COUNT,NTFY_HIWY_MAINT,PED_COUNT,PED_DEATH_COUNT,PED_SUSP_SERIOUS_INJ_COUNT,PERSON_COUNT,POLICE_AGCY,POSSIBLE_INJ_COUNT,RDWY_SURF_TYPE_CD,RELATION_TO_ROAD,ROAD_CONDITION,ROADWAY_CLEARED,SCH_BUS_IND,SCH_ZONE_IND,SECONDARY_CRASH,SMALL_TRUCK_COUNT,SPEC_JURIS_CD,SUSP_MINOR_INJ_COUNT,SUSP_SERIOUS_INJ_COUNT,SUV_COUNT,TCD_FUNC_CD,TCD_TYPE,TFC_DETOUR_IND,TIME_OF_DAY,TOT_INJ_COUNT,TOTAL_UNITS,UNB_DEATH_COUNT,UNB_SUSP_SERIOUS_INJ_COUNT,UNBELTED_OCC_COUNT,UNK_INJ_DEG_COUNT,UNK_INJ_PER_COUNT,URBAN_AREA,URBAN_RURAL,VAN_COUNT,VEHICLE_COUNT,WEATHER1,WEATHER2,WORK_ZONE_IND,WORK_ZONE_LOC,WORK_ZONE_TYPE,WORKERS_PRES,WZ_CLOSE_DETOUR,WZ_FLAGGER,WZ_LAW_OFFCR_IND,WZ_LN_CLOSURE,WZ_MOVING,WZ_OTHER,WZ_SHLDER_MDN,WZ_WORKERS_INJ_KILLED
2010117838,336.0,0,0,0,0,0,0,0,0,0,2,0,,67,10,2010,3,40.0948,-75.0151,330.0,6,0,0,0,0,0,0,0,0,2.0,0,0,0,3.0,3,3,0,,2,40 05:41.105,1.0,0,75 00:54.325,8,0,0,0,67301,0,0,0,N,0,0,0,3,67301,0,,1,1,,N,N,,0,,0,0,1,0,0,Y,328.0,3,2,0,0,0,3,0,3,4,1,2,3,,N,,,,,,,,,,,
2010117874,29.0,1,0,0,0,0,0,0,0,0,7,0,,67,11,2010,7,40.1001,-75.0087,29.0,6,0,0,0,0,0,0,0,0,2.0,0,0,0,0.0,3,0,0,,2,40 06:00.483,2.0,0,75 00:31.448,0,0,0,0,67301,0,0,0,N,0,0,0,1,67301,0,,5,1,,N,N,,0,,0,0,0,0,0,N,20.0,0,1,0,0,0,0,0,3,4,0,1,3,,N,,,,,,,,,,,
2010092843,2008.0,3,0,1,0,0,0,0,0,0,1,0,,67,9,2010,2,39.9661,-75.1867,2008.0,6,0,0,0,0,0,1,0,0,2.0,0,0,0,20.0,3,4,0,,2,39 58:03.005,4.0,0,75 11:20.476,2,0,0,0,67301,0,0,0,N,0,0,0,4,68K01,0,,1,1,,N,N,,0,,0,1,1,0,0,N,2008.0,4,4,0,0,0,3,0,3,4,0,4,3,,N,,,,,,,,,,,
2010104633,418.0,2,0,0,0,0,0,0,0,0,5,0,,67,10,2010,1,40.0012,-75.0792,418.0,6,0,0,0,0,0,1,0,0,,0,0,0,4.0,6,0,0,,0,40 00:04.020,,0,75 04:45.236,9,0,0,0,67301,0,0,0,N,0,0,0,2,68K01,0,,1,1,,N,N,,0,,0,0,0,0,0,,415.0,0,2,0,0,0,0,2,3,4,0,2,3,,N,,,,,,,,,,,
2010094299,935.0,0,0,0,0,0,0,0,0,0,4,0,,67,8,2010,4,39.9322,-75.1817,915.0,6,0,0,0,0,0,1,0,0,,0,0,0,9.0,1,1,1,,0,39 55:55.912,,0,75 10:54.116,3,0,0,0,67301,0,0,0,,0,0,0,2,67301,0,,1,9,,N,N,,0,,1,0,0,3,2,,915.0,1,2,0,0,0,0,0,3,4,2,2,7,,N,,,,,,,,,,,
2010121902,527.0,2,0,0,0,0,0,0,0,0,4,0,,67,11,2010,6,40.0296,-75.1032,524.0,6,0,0,0,0,0,0,0,0,,0,0,0,5.0,5,0,5,,0,40 01:46.545,,0,75 06:13.959,9,0,0,0,67301,0,0,0,N,0,0,0,2,67301,0,,4,1,,N,N,,0,,0,0,0,3,2,,520.0,0,2,0,0,1,0,1,3,4,0,2,3,,N,,,,,,,,,,,
2010122179,1010.0,2,0,0,0,0,0,0,0,0,2,0,,67,11,2010,4,40.0368,-75.0407,1005.0,6,0,0,0,0,0,0,1,0,1.0,0,0,0,9.0,1,1,1,,1,40 02:12.142,6.0,0,75 02:27.052,4,0,0,0,67301,0,0,0,N,0,0,0,2,67301,1,,1,9,,N,N,,0,,0,0,0,3,2,Y,930.0,1,2,0,0,0,0,0,3,4,0,2,3,,N,,,,,,,,,,,
2010116279,1723.0,2,0,0,0,0,0,0,0,0,1,0,,67,11,2010,3,39.9428,-75.1932,1704.0,6,0,0,0,0,0,0,0,0,,0,0,0,17.0,3,1,0,,0,39 56:41.319,,0,75 11:28.073,8,0,0,0,67301,0,0,0,N,0,0,0,4,68K01,0,,1,1,,N,N,,0,,0,0,0,0,0,,1704.0,1,2,0,0,0,1,0,3,4,0,2,3,,N,,,,,,,,,,,
2010116310,454.0,3,0,0,0,0,0,0,0,0,4,0,,67,10,2010,2,39.9258,-75.2368,453.0,6,0,0,0,0,0,0,0,0,3.0,0,0,0,4.0,3,1,1,,2,39 55:32.984,6.0,0,75 14:12.649,3,0,0,0,67301,0,0,0,N,0,0,0,3,67301,0,,1,1,,N,N,,0,,1,0,0,3,3,Y,453.0,1,6,0,0,0,0,2,3,4,3,6,3,,N,,,,,,,,,,,
2010113825,245.0,2,0,0,0,0,0,0,0,0,4,0,,67,10,2010,7,39.9555,-75.1672,240.0,6,0,0,0,0,0,0,0,0,,0,0,0,2.0,3,2,0,,0,39 57:25.162,,7,75 10:09.129,4,0,0,0,67301,0,0,0,,0,0,0,3,67301,1,,1,1,,,,,0,,0,0,0,0,0,,235.0,2,2,0,0,0,1,0,3,4,0,2,3,,N,,,,,,,,,,,
2010116333,715.0,2,0,0,0,0,0,0,0,0,1,0,,67,10,2010,1,39.9772,-75.2268,710.0,6,0,0,0,0,0,1,0,0,,0,0,0,99.0,1,1,0,,0,39 58:38.088,,0,75 13:36.584,8,0,0,0,67301,0,0,0,,0,0,0,2,67301,0,,1,1,,,,,0,,0,0,0,3,2,,9999.0,1,2,0,0,0,1,0,3,4,0,2,3,,N,,,,,,,,,,,
2010111464,1930.0,1,0,0,0,0,0,0,0,0,7,0,,67,10,2010,6,40.0848,-74.9693,1924.0,6,0,0,0,0,0,0,0,0,,0,0,0,19.0,3,0,0,,0,40 05:05.232,,2,74 58:09.547,0,0,0,0,67301,0,0,0,N,0,0,0,1,67301,0,,2,1,,N,N,,0,,0,0,0,0,0,,1924.0,0,1,0,0,0,0,0,3,4,0,1,3,,N,,,,,,,,,,,
2010074375,1710.0,1,0,0,0,0,0,0,0,0,7,0,,67,7,2010,7,39.9772,-75.2268,9999.0,6,0,0,0,0,0,0,0,1,,0,0,0,17.0,1,0,1,,0,39 58:37.959,,0,75 13:36.308,0,0,0,0,67301,0,0,0,N,0,0,0,1,67301,0,,2,1,,N,N,,0,,0,0,0,0,0,,1709.0,0,1,0,0,0,0,0,3,4,0,1,3,,N,,,,,,,,,,,
2010074377,2318.0,1,0,0,0,0,0,0,0,0,4,0,,67,6,2010,1,39.964,-75.2444,2315.0,6,0,0,0,0,0,0,0,0,,0,0,0,23.0,3,1,1,,0,39 57:50.551,,0,75 14:39.847,8,0,0,0,67301,0,0,0,N,0,0,0,2,67301,0,,1,9,,N,N,,1,,0,0,0,3,3,,2310.0,1,2,0,0,0,1,1,3,4,0,2,7,,N,,,,,,,,,,,
2010074538,1322.0,2,0,0,0,0,0,0,0,0,1,0,,67,7,2010,6,39.9177,-75.2121,1314.0,6,0,0,0,0,0,1,0,0,,0,0,0,13.0,1,1,0,,0,39 55:04.363,,0,75 12:40.035,4,0,0,0,67301,0,0,0,N,0,0,0,3,67301,1,,1,1,,N,N,,0,,0,0,0,0,0,,1307.0,1,2,0,0,0,0,0,3,4,0,2,3,,N,,,,,,,,,,,
2010074544,1112.0,1,0,0,1,0,0,0,0,0,4,0,,67,7,2010,7,39.9341,-75.1676,1110.0,6,0,0,0,0,0,1,0,0,,0,0,0,99.0,8,1,0,,0,39 56:02.494,,0,75 10:03.513,4,0,0,0,67301,1,0,0,N,0,0,0,2,67301,1,,9,98,,N,N,,0,,0,0,0,0,0,,9999.0,1,2,0,0,0,0,0,3,4,0,1,99,,N,,,,,,,,,,,
2010067058,945.0,1,0,0,0,0,0,0,0,0,4,0,,67,6,2010,4,39.9704,-75.2357,940.0,6,0,0,0,0,0,0,0,0,,0,0,0,9.0,1,1,1,,0,39 58:13.274,,0,75 14:08.548,3,0,0,0,67301,0,0,0,N,0,0,0,1,67301,0,,1,1,,N,N,,0,,1,0,0,3,2,,935.0,1,2,0,0,0,0,0,3,4,1,2,3,,N,,,,,,,,,,,
2010069919,1920.0,2,0,0,0,0,0,0,0,0,4,0,,67,6,2010,7,39.9674,-75.2457,1911.0,6,0,0,0,0,0,0,0,0,,0,0,0,19.0,1,1,1,,0,39 58:02.388,,0,75 14:44.990,8,0,0,0,67301,0,0,0,N,0,0,0,3,67301,0,,1,1,,N,N,,0,,0,0,0,3,2,,1906.0,1,2,0,0,0,1,0,3,4,0,2,3,,N,,,,,,,,,,,
2010069920,1650.0,0,0,0,0,0,0,0,0,0,4,0,,67,6,2010,2,40.0071,-75.1226,1645.0,6,0,0,0,0,0,0,0,0,,0,0,0,16.0,1,1,0,,0,40 00:25.589,,7,75 07:21.347,8,0,0,0,67301,0,0,0,N,0,0,0,5,67301,0,,1,1,,N,N,,0,,0,0,2,0,0,,1642.0,1,2,0,0,1,1,0,3,4,0,2,3,,N,,,,,,,,,,,
2010069930,1447.0,2,0,0,0,0,0,0,0,0,4,0,,67,6,2010,2,40.0487,-75.0516,1445.0,6,0,0,0,0,0,0,0,0,,0,0,0,14.0,1,0,2,,0,40 02:55.286,,0,75 03:05.831,0,0,0,0,67301,0,0,0,N,0,0,0,2,67301,0,,1,1,,N,N,,0,,0,0,0,3,3,,1443.0,0,2,0,0,1,0,0,3,4,0,2,3,,N,,,,,,,,,,,
2010069990,1112.0,2,0,0,0,0,0,0,0,0,1,0,,67,6,2010,5,39.9575,-75.1449,1112.0,6,0,0,0,0,0,0,1,0,1.0,0,0,0,11.0,1,0,0,,1,39 57:27.120,4.0,0,75 08:41.500,0,0,0,0,67301,0,0,0,N,0,0,0,4,67301,0,,1,1,,N,N,,0,,0,0,0,0,0,N,1110.0,0,2,0,0,0,0,0,3,4,0,2,3,,N,,,,,,,,,,,
2010071358,834.0,0,0,0,0,0,0,1,0,0,1,1,,67,7,2010,3,39.9748,-75.1178,828.0,6,0,0,0,0,0,0,0,0,,0,0,0,8.0,1,0,0,,0,39 58:31.026,,0,75 07:00.482,0,0,0,0,67301,0,0,0,N,0,0,0,3,68K01,0,,1,1,,Y,N,,1,,0,0,0,0,0,,820.0,0,2,0,0,0,0,0,3,4,0,2,3,,N,,,,,,,,,,,
2010058967,2104.0,1,0,0,0,0,0,0,0,0,7,0,,67,5,2010,2,39.9562,-75.1869,2100.0,6,0,0,0,0,0,1,0,0,,0,0,0,20.0,3,1,0,,0,39 57:22.615,,0,75 11:12.645,4,0,0,0,67301,0,0,0,N,0,0,0,1,67301,1,,5,9,,N,N,,0,,0,0,0,0,0,,2050.0,1,1,0,0,0,0,0,3,4,0,1,7,,N,,,,,,,,,,,
2010058990,9999.0,2,0,0,0,0,0,0,0,0,1,0,,67,5,2010,6,39.9922,-75.1403,9999.0,6,0,0,0,0,0,0,0,1,,0,0,0,22.0,3,2,0,,0,39 59:31.754,,0,75 08:25.218,8,0,0,0,67301,0,0,0,N,0,0,0,3,67301,0,,1,1,,N,N,,0,,0,0,0,0,0,,2240.0,2,2,0,0,0,2,1,3,4,0,2,3,,N,,,,,,,,,,,
2010030478,1910.0,2,0,0,0,0,0,0,0,0,1,0,,67,3,2010,5,40.0372,-75.0136,1859.0,6,0,0,0,0,1,0,0,0,1.0,0,0,0,18.0,3,0,0,,1,40 02:14.078,2.0,0,75 00:48.583,0,0,0,0,67301,0,0,0,N,0,0,0,6,68K01,0,,1,1,,N,N,,0,,0,0,0,0,0,N,1856.0,0,2,0,0,1,0,0,3,4,0,2,3,,N,,,,,,,,,,,
2010028237,845.0,1,0,0,0,0,0,0,0,0,7,0,,67,2,2010,2,39.9044,-75.2404,839.0,6,0,0,0,0,0,0,0,0,,0,0,0,8.0,1,1,0,,0,39 54:15.802,,0,75 14:25.423,3,0,0,0,67301,0,0,0,,0,0,0,1,67301,0,,2,7,,,,,0,,1,0,0,0,0,,800.0,1,2,0,0,0,0,0,3,4,1,2,3,,N,,,,,,,,,,,
2010028244,1118.0,1,0,0,0,0,0,0,0,0,8,0,,67,2,2010,7,,,1112.0,6,0,0,0,0,0,1,0,0,9.0,0,0,0,11.0,1,1,0,,1,,6.0,0,,4,0,0,0,67301,1,0,0,N,1,0,0,2,67301,1,,1,9,,N,N,,0,,0,0,0,3,2,N,1110.0,1,2,0,0,0,0,0,3,3,0,1,98,,N,,,,,,,,,,,
2010028318,805.0,1,0,0,0,0,0,0,0,0,4,0,,67,1,2010,4,39.9613,-75.2471,805.0,6,0,0,0,0,0,1,0,0,,0,1,0,8.0,1,0,2,,0,39 57:40.266,,0,75 14:49.451,0,0,0,0,67301,0,0,0,N,0,0,0,7,67301,0,,1,1,,N,N,,0,,0,0,0,3,2,,804.0,0,2,0,0,0,0,0,3,4,0,2,3,,N,,,,,,,,,,,
2010018021,842.0,2,0,0,0,0,0,0,0,0,4,0,,67,1,2010,4,40.0272,-75.1512,830.0,6,0,0,0,0,0,1,0,0,,0,0,0,99.0,1,1,1,,0,40 01:37.801,,0,75 09:04.478,8,0,0,0,67301,0,0,0,N,0,0,0,2,67301,0,,1,1,,N,N,,0,,0,0,0,3,2,,9999.0,1,2,0,0,0,1,0,3,4,0,2,3,,N,,,,,,,,,,,
2010028591,9999.0,1,0,0,0,0,0,0,0,0,8,0,,67,1,2010,6,39.9196,-75.2402,9999.0,6,0,0,0,0,0,0,0,0,,0,0,0,99.0,1,1,1,,0,39 55:10.650,,0,75 14:24.889,4,0,0,0,67301,1,0,0,N,1,0,0,2,67301,1,,1,1,,N,N,,0,,0,0,0,3,2,,9999.0,1,2,0,0,0,0,0,3,4,0,1,3,,N,,,,,,,,,,,
2010110929,1445.0,1,0,0,0,0,0,0,0,0,4,0,,67,11,2010,5,40.0948,-75.0153,1432.0,6,0,0,0,0,0,1,0,0,1.0,0,0,0,14.0,1,1,5,,2,40 05:40.718,2.0,0,75 00:54.707,8,0,0,0,67301,0,0,0,N,0,0,0,3,67301,0,,1,1,,N,N,,0,,0,0,1,3,2,N,1430.0,1,2,0,0,0,1,0,3,4,0,2,3,,N,,,,,,,,,,,
2011008231,1552.0,0,0,0,0,0,0,0,0,0,4,0,,67,12,2010,5,39.9574,-75.2041,1540.0,6,0,0,0,0,0,0,0,0,,0,0,0,15.0,1,1,10,,0,39 57:26.825,,0,75 12:14.936,4,0,0,0,67301,2,0,0,N,0,0,0,3,67301,1,,1,2,,N,N,,0,,0,0,2,3,2,,1530.0,1,2,0,0,0,0,0,3,4,0,2,10,,N,,,,,,,,,,,
2011007666,1945.0,1,0,0,0,0,0,0,0,0,1,0,,67,12,2010,4,39.9774,-75.2005,1945.0,6,0,0,0,0,0,0,0,0,,0,0,0,19.0,3,0,0,,0,39 58:40.357,,0,75 12:06.126,0,0,0,0,67301,0,0,0,N,0,0,0,2,68K01,0,,1,1,,N,N,,0,,0,0,1,0,0,,1945.0,0,2,0,0,0,0,0,3,4,0,2,3,,N,,,,,,,,,,,
2011026245,2331.0,4,0,0,0,0,0,0,0,0,4,0,,67,6,2010,7,39.9728,-75.245,2330.0,6,0,0,0,0,0,0,0,0,,0,0,0,23.0,3,5,0,,0,39 58:21.959,,0,75 14:42.067,3,0,0,0,67301,0,0,0,N,0,0,0,5,67301,4,,1,1,,N,N,,0,,1,0,0,0,0,,2329.0,5,4,0,0,0,0,0,3,4,0,4,3,,N,,,,,,,,,,,
2011033458,322.0,1,0,0,0,0,0,0,0,0,8,0,,67,12,2010,4,39.9172,-75.2374,320.0,6,0,0,0,0,0,0,0,0,,0,0,0,3.0,3,1,1,,0,39 55:02.039,,0,75 14:14.592,4,0,0,0,67301,1,0,0,,1,0,0,2,67301,1,,1,1,,N,N,,0,,0,0,0,3,2,,320.0,1,2,0,0,0,0,0,3,4,0,1,3,,N,,,,,,,,,,,
2011024449,0.0,2,0,0,0,0,0,0,0,0,1,0,,67,10,2010,2,40.125,-75.0147,0.0,6,0,0,0,0,0,0,0,0,,0,0,0,8.0,1,1,1,,0,40 07:30.042,,0,75 00:53.360,3,0,0,0,67301,0,0,0,N,0,0,0,2,00000,0,,1,1,,N,N,,0,,1,0,0,3,2,,815.0,1,2,0,0,0,0,1,3,4,0,2,3,,N,,,,,,,,,,,
2011024451,0.0,0,0,0,0,0,0,0,0,0,4,0,99.0,67,10,2010,6,39.9927,-75.1203,0.0,6,0,0,0,0,0,0,0,0,,0,0,0,11.0,1,1,5,,0,39 59:33.831,,0,75 07:13.101,8,0,0,0,67301,0,0,0,N,0,0,0,3,00000,0,,1,1,,N,N,,1,,0,0,0,0,0,,1115.0,1,2,0,0,0,1,1,3,4,0,2,3,,Y,4.0,1.0,Y,,,U,,,,,
2011008432,1518.0,1,0,0,0,0,0,0,0,0,8,0,,67,12,2010,6,39.9212,-75.1452,1515.0,6,0,0,0,0,0,0,0,0,,0,0,0,15.0,1,1,3,,0,39 55:16.365,,0,75 08:42.756,8,0,0,0,67301,1,0,0,N,1,0,0,2,67301,0,,1,1,,N,N,,0,,0,0,0,3,3,,1508.0,1,2,0,0,0,1,0,3,4,0,1,3,,N,,,,,,,,,,,
2011008436,2004.0,1,0,0,0,0,0,0,0,0,8,0,,67,12,2010,7,39.9239,-75.1469,1959.0,6,0,0,0,0,0,0,0,0,,0,0,0,18.0,3,1,1,,0,39 55:26.058,,0,75 08:48.904,4,0,0,0,67301,1,0,0,N,1,0,0,2,67301,1,,1,1,,N,N,,0,,0,0,0,3,3,,1817.0,1,2,0,0,0,0,1,3,4,0,1,3,,N,,,,,,,,,,,
2010058753,1224.0,2,0,0,0,0,0,0,0,0,4,0,,67,5,2010,6,40.1052,-75.0328,1221.0,6,0,0,0,0,0,0,1,0,,0,0,0,12.0,1,1,1,,0,40 06:18.581,,99,75 01:58.245,8,0,0,0,67301,0,0,0,,0,0,0,4,67301,0,,1,1,,,,,0,,0,0,0,3,3,,1221.0,1,2,0,0,0,1,1,3,4,0,2,3,,N,,,,,,,,,,,
2010051280,1305.0,2,0,0,0,0,0,0,0,0,1,0,,67,5,2010,7,39.9578,-75.1613,1305.0,6,0,0,0,0,0,0,0,0,2.0,0,0,0,13.0,1,0,0,,1,39 57:28.074,4.0,0,75 09:40.681,0,0,0,0,67301,0,0,0,N,0,0,0,5,68K01,0,,1,9,,N,N,,0,,0,0,1,0,0,N,1303.0,0,3,0,0,0,0,0,3,4,0,3,3,,N,,,,,,,,,,,
2010054902,1132.0,1,0,0,0,0,0,0,0,0,4,0,,67,5,2010,6,40.0001,-75.2287,1130.0,6,0,0,0,0,0,1,0,0,,0,0,0,11.0,1,1,2,,0,40 00:00.415,,0,75 13:43.355,4,0,0,0,67301,0,0,0,N,0,0,0,2,46104,1,,1,1,,N,N,,0,,0,0,1,3,2,,1125.0,1,2,0,0,0,0,0,3,4,0,2,3,,N,,,,,,,,,,,
2010048942,1659.0,1,0,0,0,0,0,0,0,0,4,0,,67,4,2010,7,40.0387,-75.0443,1655.0,6,0,0,0,0,1,0,0,0,2.0,0,0,0,16.0,1,0,1,,1,40 02:19.179,3.0,0,75 02:39.344,0,0,0,0,67301,0,0,0,N,0,0,0,5,67301,0,,1,1,,N,N,,0,,0,0,0,3,3,N,1650.0,0,2,0,0,0,0,0,3,4,1,2,3,,N,,,,,,,,,,,
2010054227,1822.0,3,0,0,0,0,0,0,0,0,1,0,,67,6,2010,2,,,1821.0,6,0,0,0,0,0,1,0,0,1.0,0,0,0,18.0,1,0,0,,2,,4.0,3,,0,0,0,0,67301,0,0,0,N,0,0,0,5,67501,0,,1,1,,N,N,,0,,0,0,0,0,0,N,1820.0,0,3,0,0,0,0,0,3,3,0,3,3,,N,,,,,,,,,,,
2010052127,452.0,2,0,0,0,0,0,0,0,0,5,0,,67,5,2010,1,39.9729,-75.2261,450.0,6,0,0,0,0,0,0,0,0,,0,0,0,4.0,3,1,0,,0,39 58:22.510,,0,75 13:34.000,4,0,0,0,67301,1,0,0,N,1,0,0,2,67301,1,,6,1,,N,N,,0,,0,0,0,0,0,,445.0,1,3,0,0,0,0,1,3,4,0,2,3,,N,,,,,,,,,,,
2010046481,801.0,1,0,0,0,0,0,0,0,0,1,0,,67,5,2010,3,39.8906,-75.2389,801.0,6,0,0,0,0,0,1,0,0,,0,0,0,8.0,1,1,0,,0,39 53:25.581,,0,75 14:20.879,8,0,0,0,67301,0,0,0,N,0,0,0,3,68K01,0,,1,1,,N,N,,0,,0,0,1,0,0,,801.0,1,2,0,0,0,1,0,3,4,0,2,3,,N,,,,,,,,,,,
2010052145,1703.0,0,0,0,1,0,0,0,0,0,4,0,,67,5,2010,7,39.9865,-75.1595,1700.0,6,0,0,0,0,0,0,0,0,,0,0,0,16.0,1,1,0,,0,39 59:11.242,,0,75 09:34.378,4,0,0,0,67301,1,0,0,N,0,0,0,4,67301,1,,1,1,,N,N,,0,,0,0,0,0,0,,1619.0,1,2,0,0,0,0,0,3,4,1,1,3,,N,,,,,,,,,,,
2010049272,2253.0,1,0,0,0,0,0,0,0,0,1,0,,67,5,2010,4,39.9672,-75.1883,2252.0,6,0,0,0,0,0,0,0,0,1.0,0,0,0,22.0,3,1,0,,2,39 58:05.829,4.0,0,75 11:26.535,8,0,0,0,67301,0,0,0,N,0,0,0,2,68K01,0,,1,1,,N,N,,0,,0,0,0,0,0,N,2249.0,1,2,0,0,0,1,0,3,4,1,2,3,,N,,,,,,,,,,,
2010052211,9999.0,0,0,0,0,0,0,0,0,0,4,0,,67,5,2010,7,39.9484,-75.1662,9999.0,6,0,0,0,0,0,1,0,0,,0,0,0,5.0,1,0,1,,0,39 56:54.247,,0,75 09:58.366,0,0,0,0,67301,0,0,0,N,0,0,0,2,67301,0,,1,1,,N,N,,0,,0,0,1,3,2,,540.0,0,2,0,0,0,0,0,3,4,1,2,3,,N,,,,,,,,,,,
2010052245,834.0,1,0,0,0,0,0,0,0,0,4,0,,67,4,2010,5,39.9765,-75.2353,832.0,6,0,0,0,0,0,0,0,0,2.0,0,0,0,8.0,1,3,1,,2,39 58:35.313,7.0,0,75 14:07.216,3,0,0,0,67301,0,0,0,N,0,0,0,3,67301,1,,1,1,,N,N,,1,,2,0,0,3,2,Y,830.0,3,2,0,0,0,0,0,3,4,0,2,3,,N,,,,,,,,,,,
2010126975,427.0,1,0,0,0,0,0,0,0,0,7,0,,67,11,2010,1,39.9567,-75.1436,419.0,6,0,0,0,0,0,0,0,0,1.0,0,0,0,4.0,3,1,7,,2,39 57:26.617,3.0,2,75 08:49.702,3,0,0,0,67301,0,0,0,N,0,0,0,1,68K01,0,,2,1,,N,N,,0,,1,0,0,0,0,N,417.0,1,1,0,0,0,0,0,3,4,0,1,3,,N,,,,,,,,,,,
2010121872,1535.0,1,0,0,0,0,0,0,0,0,5,0,,67,11,2010,7,40.1187,-74.9936,1530.0,6,0,0,1,0,0,0,0,0,,0,0,0,15.0,1,2,2,,0,40 07:07.266,,0,74 59:36.808,4,0,0,0,67301,0,0,0,,0,0,0,3,67301,2,,1,1,,,,,1,,0,0,0,0,0,,1525.0,2,2,0,0,0,0,0,3,4,0,2,3,,N,,,,,,,,,,,
2010122453,1453.0,1,0,0,0,0,0,0,0,0,1,0,,67,11,2010,7,39.9513,-75.1551,9999.0,6,0,0,0,0,0,1,0,0,,0,0,0,14.0,1,1,1,,0,39 57:04.605,,0,75 09:18.331,4,0,0,0,67301,0,0,0,,0,0,0,2,67301,1,,1,1,,,N,,0,,0,0,0,3,2,,1446.0,1,2,0,0,0,0,0,3,4,1,2,3,,N,,,,,,,,,,,
2010113812,1446.0,1,0,0,0,0,0,0,0,0,7,0,,67,10,2010,7,40.008,-75.0716,1446.0,6,0,0,0,0,0,0,1,0,,0,0,0,6.0,5,1,0,,0,40 00:28.434,,0,75 04:18.367,8,0,0,0,67301,0,0,0,Y,0,0,0,1,67301,0,,3,1,,N,N,,0,,0,0,0,0,0,,645.0,1,1,0,0,0,1,0,3,4,0,1,99,,N,,,,,,,,,,,
2010111408,840.0,1,0,0,0,0,0,0,0,0,8,0,,67,9,2010,5,39.8976,-75.2523,836.0,6,0,0,0,0,0,0,0,0,,0,0,0,8.0,1,1,0,,0,39 53:50.793,,0,75 15:07.331,8,0,0,0,67301,1,0,0,,1,0,0,2,67301,0,,1,9,,,,,0,,0,0,0,3,2,,815.0,1,2,0,0,0,1,0,3,4,0,1,7,,N,,,,,,,,,,,
2010066840,1159.0,0,0,0,0,0,0,0,0,0,7,0,,67,7,2010,7,40.0418,-75.0043,1154.0,6,0,0,0,0,0,0,0,0,,0,0,0,11.0,1,0,0,,0,40 02:30.539,,0,75 00:15.375,0,0,0,0,67301,0,0,0,N,0,0,0,1,68K01,0,,3,9,,N,N,,1,,0,0,0,0,0,,1152.0,0,1,0,0,0,0,0,3,4,0,1,7,,N,,,,,,,,,,,
2010074391,1905.0,2,0,0,0,0,0,0,0,0,4,0,,67,7,2010,2,39.9918,-75.1864,1853.0,6,0,0,0,0,0,2,0,0,,0,0,0,19.0,3,1,1,,0,39 59:30.475,,0,75 11:10.951,4,0,0,0,67301,0,0,0,,0,0,0,5,67301,1,,1,9,,,,,0,,0,0,0,0,0,,1900.0,1,2,0,0,0,0,0,3,4,0,2,7,,N,,,,,,,,,,,
2010074398,415.0,1,0,0,0,0,0,0,0,0,4,0,,67,7,2010,2,39.9546,-75.2064,414.0,6,0,0,0,0,0,0,0,0,,0,0,0,4.0,3,1,1,,0,39 57:16.505,,0,75 12:22.873,4,0,0,0,67301,0,0,0,N,0,0,0,7,67504,1,,1,1,,N,N,,0,,0,0,0,3,2,,414.0,1,2,0,0,2,0,0,3,4,1,2,3,,N,,,,,,,,,,,
2010074440,830.0,1,0,0,0,0,0,0,0,0,8,0,,67,7,2010,7,40.0279,-75.2073,820.0,6,0,0,0,0,0,0,0,0,,0,0,0,8.0,1,1,1,,0,40 01:40.563,,0,75 12:26.257,4,0,0,0,67301,1,0,0,N,1,0,0,2,67301,1,,1,9,,N,N,,0,,0,0,0,3,3,,810.0,1,2,0,0,0,0,0,3,4,0,1,7,,N,,,,,,,,,,,