CRN,ARRIVAL_TM,AUTOMOBILE_COUNT,BELTED_DEATH_COUNT,BELTED_SUSP_SERIOUS_INJ_COUNT,BICYCLE_COUNT,BICYCLE_DEATH_COUNT,BICYCLE_SUSP_SERIOUS_INJ_COUNT,BUS_COUNT,CHLDPAS_DEATH_COUNT,CHLDPAS_SUSP_SERIOUS_INJ_COUNT,COLLISION_TYPE,COMM_VEH_COUNT,CONS_ZONE_SPD_LIM,COUNTY,CRASH_MONTH,CRASH_YEAR,DAY_OF_WEEK,DEC_LAT,DEC_LONG,DISPATCH_TM,DISTRICT,DRIVER_COUNT_16YR,DRIVER_COUNT_17YR,DRIVER_COUNT_18YR,DRIVER_COUNT_19YR,DRIVER_COUNT_20YR,DRIVER_COUNT_50_64YR,DRIVER_COUNT_65_74YR,DRIVER_COUNT_75PLUS,EST_HRS_CLOSED,FATAL_COUNT,HEAVY_TRUCK_COUNT,HORSE_BUGGY_COUNT,HOUR_OF_DAY,ILLUMINATION,INJURY_COUNT,INTERSECT_TYPE,INTERSECTION_RELATED,LANE_CLOSED,LATITUDE,LN_CLOSE_DIR,LOCATION_TYPE,LONGITUDE,MAX_SEVERITY_LEVEL,MCYCLE_DEATH_COUNT,MCYCLE_SUSP_SERIOUS_INJ_COUNT,MOTORCYCLE_COUNT,MUNICIPALITY,NONMOTR_COUNT,NONMOTR_DEATH_COUNT,NONMOTR_SUSP_SERIOUS_INJ_COUNT,NTFY_HIWY_MAINT,PED_COUNT,PED_DEATH_COUNT,PED_SUSP_SERIOUS_INJ_COUNT,PERSON_COUNT,POLICE_AGCY,POSSIBLE_INJ_COUNT,RDWY_SURF_TYPE_CD,RELATION_TO_ROAD,ROAD_CONDITION,ROADWAY_CLEARED,SCH_BUS_IND,SCH_ZONE_IND,SECONDARY_CRASH,SMALL_TRUCK_COUNT,SPEC_JURIS_CD,SUSP_MINOR_INJ_COUNT,SUSP_SERIOUS_INJ_COUNT,SUV_COUNT,TCD_FUNC_CD,TCD_TYPE,TFC_DETOUR_IND,TIME_OF_DAY,TOT_INJ_COUNT,TOTAL_UNITS,UNB_DEATH_COUNT,UNB_SUSP_SERIOUS_INJ_COUNT,UNBELTED_OCC_COUNT,UNK_INJ_DEG_COUNT,UNK_INJ_PER_COUNT,URBAN_AREA,URBAN_RURAL,VAN_COUNT,VEHICLE_COUNT,WEATHER1,WEATHER2,WORK_ZONE_IND,WORK_ZONE_LOC,WORK_ZONE_TYPE,WORKERS_PRES,WZ_CLOSE_DETOUR,WZ_FLAGGER,WZ_LAW_OFFCR_IND,WZ_LN_CLOSURE,WZ_MOVING,WZ_OTHER,WZ_SHLDER_MDN,WZ_WORKERS_INJ_KILLED
2010074473,1742.0,0,0,0,0,0,0,0,0,0,7,0,,67,7,2010,3,39.9964,-75.1135,1742.0,6,0,0,0,0,0,1,0,0,,0,0,0,17.0,1,0,1,,0,39 59:47.157,,0,75 06:48.512,0,0,0,0,67301,0,0,0,,0,0,0,1,67301,0,,3,1,,,,,1,,0,0,0,3,2,,1742.0,0,1,0,0,0,0,0,3,4,0,1,3,,N,,,,,,,,,,,
2010075267,1528.0,1,0,0,0,0,0,0,0,0,5,0,,67,8,2010,3,39.8875,-75.2158,1507.0,6,0,0,0,0,0,0,0,0,,0,0,0,14.0,1,1,0,,0,39 53:14.902,,0,75 12:56.426,2,0,1,1,67301,0,0,0,N,0,0,0,4,68K01,0,,1,1,,N,N,,0,,0,1,0,0,0,,1456.0,1,2,0,0,0,0,0,3,4,0,2,3,,N,,,,,,,,,,,
2010081926,947.0,1,0,0,1,0,0,0,0,0,8,0,,67,7,2010,7,39.955,-75.2382,945.0,6,0,0,0,0,0,1,0,0,,0,0,0,9.0,1,1,1,,0,39 57:18.043,,0,75 14:17.451,4,0,0,0,67301,1,0,0,N,0,0,0,2,67301,1,,1,1,,N,N,,0,,0,0,0,3,2,,930.0,1,2,0,0,0,0,0,3,4,0,1,3,,N,,,,,,,,,,,
2010074531,1111.0,2,0,0,0,0,0,0,0,0,1,0,,67,5,2010,5,40.0205,-75.0827,1110.0,6,0,0,0,0,0,0,0,0,1.0,0,0,0,11.0,1,1,0,,2,40 01:13.861,1.0,0,75 04:57.792,4,0,0,0,67301,0,0,0,,0,0,0,1,67301,1,,6,1,,,,,0,,0,0,1,0,0,Y,1106.0,1,3,0,0,1,0,0,3,4,0,3,3,,N,,,,,,,,,,,
2010069928,9999.0,1,0,0,1,0,0,0,0,0,8,0,,67,6,2010,2,40.0239,-75.1176,9999.0,6,0,0,0,0,0,0,0,0,,0,0,0,99.0,1,1,1,,0,40 01:25.906,,0,75 07:03.493,4,0,0,0,67301,1,0,0,,0,0,0,3,67301,1,,1,1,,,,,0,,0,0,0,3,2,,9999.0,1,2,0,0,0,0,0,3,4,0,1,3,,N,,,,,,,,,,,
2010069962,1555.0,1,0,0,0,0,0,0,0,0,1,0,,67,6,2010,6,39.9778,-75.1191,1550.0,6,0,0,0,0,0,0,0,0,,0,0,0,15.0,1,2,5,,0,39 58:43.906,,0,75 07:06.898,4,0,0,0,67301,0,0,0,N,0,0,0,4,67301,2,,1,1,,N,N,,0,,0,0,0,3,1,,1530.0,2,2,0,0,1,0,0,3,4,1,2,3,,N,,,,,,,,,,,
2010066977,1715.0,2,0,0,0,0,0,0,0,0,4,0,,67,6,2010,1,39.9753,-75.2315,1711.0,6,0,0,0,0,0,0,0,1,,0,0,0,16.0,1,1,1,,0,39 58:31.130,,0,75 13:53.500,4,0,0,0,67301,0,0,0,N,0,0,0,2,67301,1,,1,1,,N,N,,0,,0,0,0,3,3,,1630.0,1,2,0,0,0,0,1,3,4,0,2,3,,N,,,,,,,,,,,
2010071362,2357.0,1,0,0,0,0,0,0,0,0,7,0,55.0,67,7,2010,2,39.8864,-75.206,2350.0,6,0,0,0,1,0,0,0,0,2.0,0,0,0,23.0,3,1,0,,2,39 53:45.867,1.0,0,75 11:30.883,8,0,0,0,67301,0,0,0,N,0,0,0,1,68K01,0,,2,1,,N,N,,0,,0,0,0,3,8,Y,2349.0,1,1,0,0,1,1,0,3,4,0,1,3,,Y,4.0,1.0,N,N,N,N,Y,N,N,N,
2010074613,2242.0,1,0,0,0,0,0,0,0,0,8,0,,67,7,2010,1,40.0172,-75.087,2242.0,6,0,0,0,0,0,0,0,0,,0,0,0,22.0,3,1,0,,0,40 01:01.804,,0,75 05:13.192,8,0,0,0,67301,1,0,0,N,1,0,0,3,67301,0,,1,1,,N,N,,0,,0,0,0,0,0,,2230.0,1,2,0,0,0,1,0,3,4,0,1,3,,N,,,,,,,,,,,
2010074635,2150.0,1,0,0,1,0,0,0,0,0,4,0,,67,7,2010,3,39.9213,-75.2316,2150.0,6,0,0,0,0,0,0,0,0,,0,0,0,21.0,3,1,1,,0,39 55:16.784,,0,75 13:53.649,3,0,0,0,67301,1,0,0,N,0,0,0,2,67301,0,,1,9,,N,N,,0,,1,0,0,3,2,,2149.0,1,2,0,0,0,0,1,3,4,0,1,7,,N,,,,,,,,,,,
2010030863,805.0,2,0,0,0,0,0,0,0,0,1,0,,67,3,2010,1,39.9266,-75.1946,805.0,6,0,0,0,0,0,0,0,0,1.0,0,0,0,8.0,1,2,0,,1,39 55:39.787,4.0,0,75 11:44.421,8,0,0,0,67301,0,0,0,N,0,0,0,3,68K01,0,,1,9,,N,N,,0,,0,0,0,0,0,N,804.0,2,2,0,0,0,2,0,3,4,0,2,7,,N,,,,,,,,,,,
2010028157,1905.0,2,0,0,0,0,0,0,0,0,4,0,,67,1,2010,7,40.0471,-75.0048,1853.0,6,0,0,0,0,0,0,0,0,,0,0,0,18.0,3,3,2,,0,40 02:49.733,,0,75 00:17.125,4,0,0,0,67301,0,0,0,N,0,0,0,4,67301,1,,1,7,,N,N,,0,,0,0,0,3,2,,1850.0,3,2,0,0,2,2,0,3,4,0,2,10,,N,,,,,,,,,,,
2010028315,1750.0,1,0,0,0,0,0,0,0,0,8,0,,67,2,2010,2,39.9562,-75.1627,1746.0,6,0,0,0,0,0,0,0,0,,0,0,0,17.0,1,1,1,,0,39 57:22.420,,0,75 09:45.641,2,0,0,0,67301,1,0,1,,1,0,1,3,67301,0,,1,98,,,,,0,,0,1,0,3,2,,1740.0,1,2,0,0,0,0,0,3,4,0,1,3,,N,,,,,,,,,,,
2010028326,1238.0,1,0,0,0,0,0,0,0,0,4,0,,67,2,2010,3,40.0403,-75.1863,1238.0,6,0,0,0,0,0,1,0,0,,0,0,0,12.0,1,1,1,,0,40 02:24.910,,0,75 11:10.647,4,0,0,0,67301,0,0,0,N,0,0,0,4,67301,1,,1,9,,N,N,,0,,0,0,2,3,3,,1238.0,1,3,0,0,0,0,0,3,4,0,3,3,,N,,,,,,,,,,,
2010020841,1328.0,1,0,0,0,0,0,0,0,0,1,0,,67,2,2010,7,39.9769,-75.1129,1322.0,6,0,0,0,0,0,0,0,0,3.0,0,0,0,13.0,1,1,0,,2,39 58:38.599,1.0,0,75 06:44.628,8,0,0,0,67301,0,0,0,N,0,0,0,3,68K01,0,,1,1,,N,N,,1,,0,0,0,0,0,N,1320.0,1,2,0,0,1,1,0,3,4,0,2,3,,N,,,,,,,,,,,
2010028576,1528.0,0,0,0,0,0,0,0,0,0,8,0,,67,2,2010,4,39.9562,-75.1627,1528.0,6,0,0,0,0,0,0,0,0,,0,0,0,15.0,1,1,1,,0,39 57:22.551,,0,75 09:46.043,3,0,0,0,67301,1,0,0,N,1,0,0,2,67301,0,,1,1,,N,N,,0,,1,0,0,3,2,,1501.0,1,2,0,0,0,0,1,3,4,1,1,3,,N,,,,,,,,,,,
2010104291,1735.0,0,0,0,0,0,0,0,0,0,8,0,,67,9,2010,3,40.0059,-75.1483,1730.0,6,0,0,0,0,0,0,0,0,,0,0,0,15.0,1,1,0,,0,40 00:21.297,,0,75 08:53.718,4,0,0,0,67301,1,0,0,N,1,0,0,2,67301,1,,1,1,,N,N,,0,,0,0,0,0,0,,1530.0,1,2,0,0,0,0,0,3,4,1,1,3,,N,,,,,,,,,,,
2010105778,1503.0,1,0,0,0,0,0,0,0,0,1,1,,67,10,2010,6,40.0346,-75.0711,1459.0,6,0,0,0,0,0,0,0,0,1.0,0,1,0,14.0,1,1,5,,2,40 02:04.567,1.0,0,75 04:16.161,8,0,0,0,67301,0,0,0,N,0,0,0,2,67301,0,,1,1,,N,N,,0,,0,0,0,3,2,N,1458.0,1,2,0,0,0,1,0,3,4,0,2,3,,N,,,,,,,,,,,
2011009959,1115.0,2,0,0,0,0,0,0,0,0,1,0,,67,12,2010,6,40.0934,-74.9803,1106.0,6,0,0,0,0,0,0,0,0,,0,0,0,11.0,1,1,0,,0,40 05:36.260,,0,74 58:49.053,8,0,0,0,67301,0,0,0,,0,0,0,3,67301,0,,1,1,,,,,0,,0,0,0,3,2,,1102.0,1,2,0,0,0,1,0,3,4,0,2,3,,N,,,,,,,,,,,
2011026360,1613.0,2,0,0,0,0,0,0,0,0,4,0,,67,5,2010,3,40.0889,-74.9694,1613.0,6,0,0,0,0,0,0,0,0,,0,0,0,16.0,1,0,2,,0,40 05:19.875,,0,74 58:09.971,9,0,0,0,67301,0,0,0,N,0,0,0,3,67301,0,,1,1,,N,N,,0,,0,0,0,3,2,,1605.0,0,3,0,0,0,0,2,3,4,1,3,3,,N,,,,,,,,,,,
2011001727,1310.0,3,0,0,0,0,0,0,0,0,5,0,,67,12,2010,5,40.0468,-75.1254,1305.0,6,0,0,0,0,0,0,1,0,,0,0,0,13.0,1,1,0,,0,40 02:48.613,,0,75 07:31.342,8,0,0,0,67301,1,0,0,,0,0,0,2,67301,0,,2,1,,,,,1,,0,0,0,0,0,,1300.0,1,4,0,0,0,1,0,3,4,0,4,3,,N,,,,,,,,,,,
2011008357,848.0,2,0,0,0,0,0,0,0,0,4,0,,67,12,2010,1,39.9198,-75.2275,846.0,6,0,0,0,0,0,0,0,0,,0,0,0,8.0,1,2,1,,0,39 55:11.587,,0,75 13:39.266,4,0,0,0,67301,0,0,0,N,0,0,0,2,67301,2,,1,9,,N,N,,0,,0,0,0,3,2,,846.0,2,2,0,0,0,0,0,3,4,0,2,7,,N,,,,,,,,,,,
2011025681,1935.0,1,0,0,1,0,0,0,0,0,4,0,,67,6,2010,6,40.039,-75.0563,1930.0,6,0,0,0,0,0,0,0,1,,0,0,0,18.0,1,1,1,,0,40 02:20.475,,0,75 03:22.611,4,0,0,0,67301,1,0,0,N,0,0,0,2,67301,1,,1,1,,N,N,,0,,0,0,0,3,2,,1801.0,1,2,0,0,1,0,0,3,4,0,1,3,,N,,,,,,,,,,,
2010123489,1411.0,2,0,0,0,0,0,0,0,0,5,0,,67,11,2010,2,40.037,-75.0142,1406.0,6,0,0,0,1,0,0,0,0,,0,0,0,14.0,1,0,0,,0,40 02:13.383,,0,75 00:50.515,0,0,0,0,67301,0,0,0,N,0,0,0,2,68K01,0,,1,1,,N,N,,0,,0,0,0,0,0,,1404.0,0,2,0,0,0,0,0,3,4,0,2,3,,N,,,,,,,,,,,
2010123491,908.0,1,0,0,0,0,0,0,0,0,7,0,,67,12,2010,4,39.8781,-75.2516,856.0,6,0,0,0,0,0,0,0,0,,0,0,0,8.0,1,0,0,,0,39 52:40.990,,0,75 15:05.733,0,0,0,0,67301,0,0,0,N,0,0,0,1,68K01,0,,4,9,,N,N,,0,,0,0,0,0,0,,854.0,0,1,0,0,0,0,0,3,4,0,1,7,,N,,,,,,,,,,,
2010034166,1430.0,0,0,0,0,0,0,0,0,0,4,0,,67,3,2010,6,40.0097,-75.1181,1420.0,6,0,0,0,0,0,1,0,0,,0,0,0,14.0,1,5,2,,0,40 00:34.916,,0,75 07:05.242,8,0,0,0,67301,0,0,0,N,0,0,0,5,67301,0,,1,98,,N,N,,0,,0,0,0,3,3,,1400.0,5,2,0,0,0,5,0,3,4,2,2,99,,N,,,,,,,,,,,
2010034200,1714.0,2,0,0,0,0,0,0,0,0,4,0,,67,3,2010,5,40.0307,-75.1224,1714.0,6,0,0,0,0,0,1,0,0,,0,0,0,17.0,1,1,1,,0,40 01:50.664,,0,75 07:20.636,4,0,0,0,67301,0,0,0,N,0,0,0,2,67301,1,,1,1,,N,N,,0,,0,0,0,3,2,,1710.0,1,2,0,0,0,0,0,3,4,0,2,3,,N,,,,,,,,,,,
2010093685,1735.0,1,0,0,0,0,0,0,0,0,4,0,,67,8,2010,1,39.9798,-75.2393,1728.0,6,0,0,0,0,1,1,0,0,,0,0,0,17.0,1,4,1,,0,39 58:47.154,,0,75 14:21.469,4,0,0,0,67301,0,0,0,,0,0,0,7,67301,4,,1,9,,,,,0,,0,0,1,3,3,,1721.0,4,2,0,0,0,0,0,3,4,0,2,7,,N,,,,,,,,,,,
2010088689,1159.0,1,0,0,0,0,0,0,0,0,7,0,,67,8,2010,6,39.9915,-75.1752,1154.0,6,0,0,0,0,0,0,0,0,,0,0,0,11.0,1,1,0,,0,39 59:29.482,,0,75 10:30.860,4,0,0,0,67301,0,0,0,,0,0,0,1,67301,1,,5,1,,,,,0,,0,0,0,0,0,,1154.0,1,1,0,0,1,0,0,3,4,0,1,3,,N,,,,,,,,,,,
2010088695,1500.0,1,0,0,0,0,0,0,0,0,4,1,,67,7,2010,6,39.9741,-75.1852,1300.0,6,0,0,0,0,0,0,0,0,,0,1,0,13.0,1,0,2,,0,39 58:26.623,,0,75 11:06.889,9,0,0,0,67301,0,0,0,,0,0,0,1,67301,0,,2,1,,N,N,,0,,0,0,0,0,0,,1300.0,0,2,0,0,0,0,1,3,4,0,2,3,,N,,,,,,,,,,,
2010086311,1947.0,0,0,0,0,0,0,0,0,0,7,0,,67,8,2010,7,39.9567,-75.1436,1940.0,6,0,0,0,0,0,0,0,0,1.0,0,0,0,19.0,1,1,0,,1,39 57:26.617,3.0,0,75 08:49.702,8,0,0,1,67301,0,0,0,N,0,0,0,1,68K01,0,,2,1,,N,N,,0,,0,0,0,0,0,N,1939.0,1,1,0,0,0,1,0,3,4,0,1,3,,N,,,,,,,,,,,
2010099601,2020.0,0,0,0,0,0,0,0,0,0,8,0,,67,9,2010,4,39.9964,-75.1225,2015.0,6,0,0,0,0,0,0,0,0,,0,0,0,19.0,4,1,0,,0,39 59:47.032,,0,75 07:21.036,4,0,0,1,67301,1,0,0,N,1,0,0,2,67301,1,,4,1,,N,N,,0,,0,0,0,0,0,,1920.0,1,2,0,0,0,0,0,3,4,0,1,3,,N,,,,,,,,,,,
2010099617,1459.0,2,0,0,0,0,0,0,0,0,4,0,,67,9,2010,6,40.1216,-75.0221,1455.0,6,0,0,0,0,0,0,0,0,,0,0,0,14.0,1,0,1,,0,40 07:17.929,,0,75 01:19.606,0,0,0,0,67301,0,0,0,N,0,0,0,2,67301,0,,1,1,,N,N,,0,,0,0,0,3,3,,1450.0,0,2,0,0,0,0,0,3,4,0,2,3,,N,,,,,,,,,,,
2010086137,1029.0,1,0,0,0,0,0,0,0,0,7,0,,67,9,2010,4,39.9573,-75.1464,1024.0,6,0,0,0,0,0,0,0,0,,0,0,0,10.0,1,1,0,,0,39 57:27.224,,0,75 08:52.878,4,0,0,0,67301,0,0,0,Y,0,0,0,1,68K01,1,,3,1,,N,N,,0,,0,0,0,0,0,,1020.0,1,2,0,0,0,0,0,3,4,0,1,3,,N,,,,,,,,,,,
2010105642,1050.0,2,0,0,0,0,0,0,0,0,4,0,,67,9,2010,3,39.9874,-75.227,1041.0,6,0,0,0,0,0,0,0,0,,0,0,0,8.0,1,1,0,,0,39 59:14.787,,0,75 13:37.030,4,0,0,0,67301,0,0,0,N,0,0,0,2,67301,1,,1,1,,N,N,,0,,0,0,0,0,0,,845.0,1,2,0,0,0,0,0,3,4,0,2,3,,N,,,,,,,,,,,
2010102296,32.0,0,0,0,0,0,0,0,0,0,5,0,,67,9,2010,5,39.9684,-75.1284,29.0,6,0,0,0,0,0,1,0,0,2.0,0,0,0,0.0,6,2,0,,1,39 58:08.263,1.0,0,75 07:38.834,4,0,0,0,67301,0,0,0,N,0,0,0,2,68K01,2,,1,1,,N,N,,0,,0,0,2,0,0,N,28.0,2,2,0,0,0,0,0,3,4,0,2,3,,N,,,,,,,,,,,
2010085995,1753.0,0,0,0,0,0,0,0,0,0,0,0,,67,7,2010,6,39.9897,-75.1484,1748.0,6,0,0,0,0,0,0,0,0,,0,0,0,17.0,1,1,0,,0,39 59:22.882,,0,75 08:54.294,8,0,0,1,67301,0,0,0,,0,0,0,1,67301,0,,1,1,,,,,0,,0,0,0,0,0,,1737.0,1,1,0,0,0,1,0,3,4,0,1,3,,N,,,,,,,,,,,
2010086016,0.0,0,0,0,0,0,0,0,0,0,8,1,,67,7,2010,5,39.9498,-75.1587,2355.0,6,0,0,0,0,0,0,0,0,,0,1,0,23.0,3,1,0,,0,39 56:59.169,,0,75 09:31.449,3,0,0,0,67301,1,0,0,,1,0,0,2,67301,0,,1,1,,N,N,,0,,1,0,0,0,0,,2355.0,1,2,0,0,0,0,0,3,4,0,1,3,,N,,,,,,,,,,,
2010102951,850.0,1,0,0,0,0,0,0,0,0,8,0,,67,9,2010,6,39.9554,-75.2,847.0,6,0,0,0,0,0,0,0,0,,0,0,0,8.0,1,1,1,,0,39 57:19.258,,0,75 11:59.763,4,0,0,0,67301,1,0,0,N,1,0,0,2,67301,1,,1,1,,N,N,,0,,0,0,0,3,2,,845.0,1,2,0,0,0,0,0,3,4,0,1,3,,N,,,,,,,,,,,
2010103041,855.0,1,0,0,0,0,0,0,0,0,0,0,,67,9,2010,2,39.8973,-75.2412,841.0,6,0,0,1,0,0,0,0,0,,0,0,0,8.0,1,2,0,,0,39 53:50.190,,0,75 14:28.350,8,0,0,0,67301,0,0,0,,0,0,0,2,67301,0,,1,1,,,,,0,,0,0,0,0,0,,815.0,2,1,0,0,0,2,0,3,4,0,1,3,,N,,,,,,,,,,,
2010085540,20.0,2,0,0,0,0,0,0,0,0,7,0,,67,7,2010,4,40.0348,-75.0185,15.0,6,0,1,0,0,0,0,0,0,2.0,0,0,0,0.0,3,3,0,,1,40 02:05.545,1.0,0,75 01:05.996,4,0,0,0,67301,0,0,0,N,0,0,0,6,68K01,3,,4,1,,N,N,,0,,0,0,0,0,0,N,14.0,3,2,0,0,0,0,0,3,4,0,2,3,,N,,,,,,,,,,,
2010125088,1505.0,5,0,0,0,0,0,0,0,0,1,0,,67,11,2010,1,40.0202,-75.1521,1451.0,6,0,0,0,0,0,0,0,0,3.0,0,0,0,14.0,1,1,0,,2,40 01:12.516,4.0,0,75 09:07.677,8,0,0,0,67301,0,0,0,,0,0,0,9,67301,0,,1,1,,,,,0,,0,0,1,0,0,Y,1448.0,1,8,0,0,0,1,0,3,4,2,8,3,,N,,,,,,,,,,,
2010125112,2324.0,0,0,0,1,0,0,0,0,0,5,0,,67,11,2010,6,40.0287,-75.0952,2320.0,6,0,0,0,0,0,0,0,0,,0,0,0,23.0,3,1,0,,0,40 01:43.279,,0,75 05:42.677,3,0,0,0,67301,1,0,0,N,0,0,0,2,67301,0,,6,1,,N,N,,0,,1,0,1,0,0,,2310.0,1,2,0,0,0,0,1,3,4,0,1,3,,N,,,,,,,,,,,
2010117890,2315.0,1,0,0,0,0,0,0,0,0,4,0,,67,10,2010,7,39.9,-75.2501,2305.0,6,0,0,0,0,0,0,0,0,,0,0,0,22.0,3,1,1,,0,39 53:59.887,,0,75 15:00.261,4,0,0,0,67301,0,0,0,N,0,0,0,2,67301,1,,1,1,,N,N,,1,,0,0,0,3,2,,2255.0,1,2,0,0,0,0,1,3,4,0,2,3,,N,,,,,,,,,,,
2010070746,9999.0,1,0,0,0,0,0,0,0,0,1,0,,67,6,2010,6,39.9181,-75.1508,9999.0,6,0,0,0,0,0,0,0,0,,0,0,0,99.0,1,1,0,,0,39 55:05.026,,0,75 09:02.710,4,0,0,0,67301,0,0,0,,0,0,0,1,67301,1,,6,1,,,,,0,,0,0,1,0,0,,9999.0,1,2,0,0,0,0,0,3,4,0,2,3,,N,,,,,,,,,,,
2010062670,200.0,0,0,0,0,0,0,0,0,0,7,0,,67,5,2010,1,40.0211,-75.1205,155.0,6,0,0,0,0,0,0,0,0,,0,0,0,1.0,3,0,2,,0,40 01:15.985,,0,75 07:13.785,9,0,0,0,67301,0,0,0,,0,0,0,2,67301,0,,5,9,,,,,0,,0,0,1,3,3,,155.0,0,1,0,0,0,0,2,3,4,0,1,7,,N,,,,,,,,,,,
2010068354,212.0,2,0,0,0,0,0,0,0,0,1,0,,67,5,2010,1,39.9315,-75.1995,204.0,6,0,0,0,0,0,0,0,0,1.0,0,0,0,2.0,2,1,0,,1,39 55:55.437,4.0,0,75 11:59.597,3,0,0,0,67301,0,0,0,N,0,0,0,3,68K01,0,,1,1,,N,N,,0,,1,0,0,0,0,N,204.0,1,2,0,0,0,0,0,3,4,0,2,3,,N,,,,,,,,,,,
2010068355,235.0,2,0,0,0,0,0,0,0,0,1,0,,67,5,2010,1,39.941,-75.1949,235.0,6,0,0,0,0,0,0,0,0,,0,0,0,2.0,3,0,0,,0,39 56:34.928,,0,75 11:34.633,0,0,0,0,67301,0,0,0,N,0,0,0,3,68K01,0,,2,9,,N,N,,1,,0,0,0,0,0,,204.0,0,3,0,0,0,0,0,3,4,0,3,7,,N,,,,,,,,,,,
2010068360,1310.0,1,0,0,0,0,0,0,0,0,7,0,,67,6,2010,4,40.014,-75.0565,1255.0,6,0,0,0,0,0,0,0,0,,0,0,0,12.0,1,1,0,,0,40 00:50.228,,0,75 03:23.729,4,0,0,0,67301,0,0,0,Y,0,0,0,3,68K01,1,,5,1,,N,N,,0,,0,0,0,0,0,,1252.0,1,1,0,0,0,0,0,3,4,0,1,3,,N,,,,,,,,,,,
2010052103,725.0,1,0,0,0,0,0,0,0,0,1,0,,67,5,2010,4,40.0754,-75.0733,715.0,6,0,0,0,0,0,1,0,0,,0,0,0,7.0,1,3,0,,0,40 04:31.556,,0,75 04:23.875,8,0,0,0,67301,0,0,0,N,0,0,0,4,67301,0,,1,1,,N,N,,1,,0,0,0,3,2,,705.0,3,3,0,0,0,3,0,3,4,1,3,3,,N,,,,,,,,,,,
2010047205,1530.0,0,0,0,0,0,0,1,0,0,0,1,,67,5,2010,2,39.9829,-75.098,1512.0,6,0,0,0,0,0,0,0,0,3.0,0,0,0,15.0,1,21,2,,2,39 58:58.549,7.0,2,75 05:52.823,8,0,0,0,67301,0,0,0,N,0,0,0,21,67301,0,,1,1,,N,N,,0,,0,0,0,3,3,Y,1505.0,21,1,0,0,0,21,0,3,4,0,1,3,,N,,,,,,,,,,,
2010117860,9999.0,0,0,0,0,0,0,0,0,0,7,0,,67,10,2010,1,39.8935,-75.2396,1835.0,6,0,0,0,0,0,0,0,0,,0,0,0,18.0,4,0,0,,0,39 53:36.423,,0,75 14:22.748,0,0,0,0,67301,0,0,0,,0,0,0,1,67301,0,,2,1,,N,N,,0,,0,0,1,0,0,,1835.0,0,1,0,0,0,0,0,3,4,0,1,3,,N,,,,,,,,,,,
2010091127,1823.0,2,0,0,0,0,0,0,0,0,4,0,,67,8,2010,1,40.0881,-75.0444,1819.0,6,0,0,0,0,0,0,0,1,,0,0,0,18.0,1,3,0,,0,40 05:17.145,,0,75 02:39.678,3,0,0,0,67301,0,0,0,N,0,0,0,3,67301,0,,1,1,,N,N,,0,,1,0,0,0,0,,1812.0,3,2,0,0,0,2,0,3,4,0,2,3,,N,,,,,,,,,,,
2010121867,2045.0,1,0,0,0,0,0,0,0,0,4,0,,67,11,2010,4,39.95,-75.1787,2042.0,6,0,0,0,0,0,0,0,0,,0,0,0,20.0,3,1,1,,0,39 56:59.920,,0,75 10:43.442,3,0,0,0,67301,0,0,0,N,0,0,0,3,67301,0,,1,1,,N,N,,0,,1,0,1,2,2,,2040.0,1,2,0,0,0,0,0,3,4,0,2,3,,N,,,,,,,,,,,
2010122418,1225.0,1,0,0,0,0,0,0,0,0,1,0,,67,11,2010,7,40.0299,-75.103,1219.0,6,0,0,0,0,0,0,0,0,1.0,0,0,0,12.0,1,1,1,,1,40 01:47.679,2.0,0,75 06:11.073,4,0,0,0,67301,0,0,0,N,0,0,0,6,67301,1,,1,1,,N,N,,0,,0,0,1,3,2,Y,1219.0,1,2,0,0,0,0,0,3,4,0,2,3,,N,,,,,,,,,,,
2010122175,2122.0,1,0,0,0,0,0,0,0,0,4,0,,67,11,2010,2,39.963,-75.1771,2053.0,6,0,0,0,0,0,1,0,0,,0,0,0,20.0,3,3,1,,0,39 57:47.892,,0,75 10:37.748,4,0,0,0,67301,0,0,0,N,0,0,0,4,67301,1,,1,1,,N,N,,0,,0,0,1,3,2,,2051.0,3,2,0,0,0,2,0,3,4,0,2,3,,N,,,,,,,,,,,
2010118809,1818.0,2,0,0,0,0,0,0,0,0,1,0,,67,11,2010,3,39.9638,-75.1842,1814.0,6,0,0,0,0,0,1,0,0,,0,0,0,18.0,3,0,0,,0,39 57:56.203,,0,75 11:09.899,0,0,0,0,67301,0,0,0,N,0,0,0,3,68K01,0,,1,1,,N,N,,0,,0,0,0,0,0,,1804.0,0,3,0,0,0,0,0,3,4,1,3,3,,N,,,,,,,,,,,
2010116358,1445.0,0,0,0,0,0,0,0,0,0,8,0,,67,11,2010,2,39.9576,-75.1457,1415.0,6,0,0,0,0,0,0,0,0,,0,0,0,13.0,1,1,1,,0,39 57:27.432,,0,75 08:44.473,4,0,0,0,67301,1,0,0,,1,0,0,2,67301,1,,1,1,,,,,0,,0,0,1,3,2,,1346.0,1,3,0,0,0,0,0,3,4,0,1,3,,N,,,,,,,,,,,