CRN,ARRIVAL_TM,AUTOMOBILE_COUNT,BELTED_DEATH_COUNT,BELTED_SUSP_SERIOUS_INJ_COUNT,BICYCLE_COUNT,BICYCLE_DEATH_COUNT,BICYCLE_SUSP_SERIOUS_INJ_COUNT,BUS_COUNT,CHLDPAS_DEATH_COUNT,CHLDPAS_SUSP_SERIOUS_INJ_COUNT,COLLISION_TYPE,COMM_VEH_COUNT,CONS_ZONE_SPD_LIM,COUNTY,CRASH_MONTH,CRASH_YEAR,DAY_OF_WEEK,DEC_LAT,DEC_LONG,DISPATCH_TM,DISTRICT,DRIVER_COUNT_16YR,DRIVER_COUNT_17YR,DRIVER_COUNT_18YR,DRIVER_COUNT_19YR,DRIVER_COUNT_20YR,DRIVER_COUNT_50_64YR,DRIVER_COUNT_65_74YR,DRIVER_COUNT_75PLUS,EST_HRS_CLOSED,FATAL_COUNT,HEAVY_TRUCK_COUNT,HORSE_BUGGY_COUNT,HOUR_OF_DAY,ILLUMINATION,INJURY_COUNT,INTERSECT_TYPE,INTERSECTION_RELATED,LANE_CLOSED,LATITUDE,LN_CLOSE_DIR,LOCATION_TYPE,LONGITUDE,MAX_SEVERITY_LEVEL,MCYCLE_DEATH_COUNT,MCYCLE_SUSP_SERIOUS_INJ_COUNT,MOTORCYCLE_COUNT,MUNICIPALITY,NONMOTR_COUNT,NONMOTR_DEATH_COUNT,NONMOTR_SUSP_SERIOUS_INJ_COUNT,NTFY_HIWY_MAINT,PED_COUNT,PED_DEATH_COUNT,PED_SUSP_SERIOUS_INJ_COUNT,PERSON_COUNT,POLICE_AGCY,POSSIBLE_INJ_COUNT,RDWY_SURF_TYPE_CD,RELATION_TO_ROAD,ROAD_CONDITION,ROADWAY_CLEARED,SCH_BUS_IND,SCH_ZONE_IND,SECONDARY_CRASH,SMALL_TRUCK_COUNT,SPEC_JURIS_CD,SUSP_MINOR_INJ_COUNT,SUSP_SERIOUS_INJ_COUNT,SUV_COUNT,TCD_FUNC_CD,TCD_TYPE,TFC_DETOUR_IND,TIME_OF_DAY,TOT_INJ_COUNT,TOTAL_UNITS,UNB_DEATH_COUNT,UNB_SUSP_SERIOUS_INJ_COUNT,UNBELTED_OCC_COUNT,UNK_INJ_DEG_COUNT,UNK_INJ_PER_COUNT,URBAN_AREA,URBAN_RURAL,VAN_COUNT,VEHICLE_COUNT,WEATHER1,WEATHER2,WORK_ZONE_IND,WORK_ZONE_LOC,WORK_ZONE_TYPE,WORKERS_PRES,WZ_CLOSE_DETOUR,WZ_FLAGGER,WZ_LAW_OFFCR_IND,WZ_LN_CLOSURE,WZ_MOVING,WZ_OTHER,WZ_SHLDER_MDN,WZ_WORKERS_INJ_KILLED
2010114045,1138.0,0,0,0,0,0,0,1,0,0,3,1,,67,10,2010,4,39.9911,-75.1685,1130.0,6,0,0,0,0,0,0,0,0,,0,0,0,11.0,1,1,0,,0,39 59:27.920,,0,75 10:06.690,4,0,0,0,67301,0,0,0,N,0,0,0,4,67301,1,,1,1,,N,N,,0,,0,0,0,0,0,,1110.0,1,2,0,0,0,0,0,3,4,1,2,3,,N,,,,,,,,,,,
2010114079,921.0,1,0,0,0,0,0,0,0,0,8,0,,67,10,2010,3,40.0614,-75.0839,916.0,6,0,0,0,0,0,0,0,0,,0,0,0,9.0,1,1,1,,0,40 03:41.363,,0,75 05:01.699,4,0,0,0,67301,1,0,0,N,1,0,0,2,67301,1,,1,9,,N,N,,0,,0,0,0,3,2,,915.0,1,2,0,0,0,0,0,3,4,0,1,7,,N,,,,,,,,,,,
2010069240,130.0,2,0,1,0,0,0,0,0,0,4,0,,67,6,2010,6,40.0549,-75.1545,130.0,6,0,0,0,0,0,0,0,0,,0,0,0,1.0,3,3,1,,0,40 03:17.618,,0,75 09:16.149,2,0,0,0,67301,0,0,0,N,0,0,0,3,67301,1,,1,1,,N,N,,0,,1,1,0,3,2,,130.0,3,2,0,0,0,0,0,3,4,0,2,3,,N,,,,,,,,,,,
2010074510,1500.0,1,0,0,1,0,0,0,0,0,4,0,,67,7,2010,6,40.0431,-75.1672,1500.0,6,0,0,0,0,0,0,1,0,,0,0,0,14.0,1,1,1,,0,40 02:35.289,,0,75 10:02.002,4,0,0,0,67301,1,0,0,N,0,0,0,2,67301,1,,1,1,,N,N,,0,,0,0,0,3,2,,1400.0,1,2,0,0,0,0,0,3,4,0,1,3,,N,,,,,,,,,,,
2010061930,1824.0,1,0,0,0,0,0,0,0,0,1,0,,67,4,2010,6,40.0148,-75.2061,1823.0,6,0,0,0,0,0,1,0,0,,0,0,0,18.0,1,1,0,,0,40 00:53.308,,0,75 12:22.103,4,0,0,0,67301,0,0,0,N,0,0,0,3,67301,1,,1,9,,N,N,,0,,0,0,1,0,0,,1815.0,1,2,0,0,0,0,0,3,4,0,2,3,,N,,,,,,,,,,,
2010069667,618.0,1,0,0,0,0,0,0,0,0,4,0,,67,6,2010,3,39.9629,-75.1913,617.0,6,0,0,0,0,0,1,0,0,,0,0,0,6.0,1,1,1,,0,39 57:46.553,,0,75 11:28.839,8,0,0,0,67301,0,0,0,N,0,0,0,3,67301,0,,1,1,,N,N,,0,,0,0,0,3,2,,616.0,1,2,0,0,0,1,0,3,4,1,2,3,,N,,,,,,,,,,,
2010072574,1810.0,1,0,0,0,0,0,0,0,0,8,0,,67,5,2010,7,40.028,-75.1449,1808.0,6,0,0,0,0,0,0,0,0,,0,0,0,18.0,1,1,0,,0,40 01:40.879,,0,75 08:41.506,4,0,0,0,67301,1,0,0,,1,0,0,2,67301,1,,4,1,,,,,0,,0,0,0,0,0,,1806.0,1,2,0,0,0,0,0,3,4,0,1,3,,N,,,,,,,,,,,
2010074589,1240.0,1,0,0,0,0,0,0,0,0,7,1,,67,7,2010,7,40.0774,-75.085,1234.0,6,0,0,0,0,0,1,0,1,3.0,1,1,0,12.0,1,1,0,,1,40 04:38.650,5.0,0,75 05:05.964,1,0,0,0,67301,0,0,0,N,0,0,0,6,67301,1,2.0,4,1,,N,N,,0,0.0,0,0,2,0,0,Y,1217.0,1,4,0,0,0,0,0,3,4,0,4,3,,N,,,,,,,,,,,
2010102551,1552.0,3,0,0,0,0,0,0,0,0,1,0,,67,9,2010,6,40.0339,-75.0743,1541.0,6,0,0,1,0,0,1,0,0,1.0,0,0,0,15.0,1,4,1,,1,40 02:02.039,1.0,0,75 04:27.141,4,0,0,0,67301,0,0,0,N,0,0,0,5,67301,4,,1,1,,N,N,,0,,0,0,0,3,2,N,1535.0,4,3,0,0,0,0,0,3,4,0,3,3,,N,,,,,,,,,,,
2010091835,2233.0,2,0,0,0,0,0,0,0,0,1,0,,67,9,2010,7,39.9908,-75.2043,2228.0,6,0,0,0,0,0,0,0,0,1.0,0,0,0,22.0,3,2,0,,1,39 59:29.303,4.0,0,75 12:10.774,4,0,0,0,67301,0,0,0,N,0,0,0,3,68K01,2,,1,1,,N,N,,0,,0,0,0,0,0,N,2220.0,2,2,0,0,0,0,0,3,4,0,2,3,,N,,,,,,,,,,,
2010105044,318.0,2,0,0,0,0,0,0,0,0,5,0,,67,9,2010,6,39.9844,-75.1364,315.0,6,0,0,0,0,0,0,0,0,,0,0,0,3.0,3,1,0,,0,39 59:03.998,,0,75 08:10.960,4,0,0,0,67301,0,0,0,N,0,0,0,3,67301,1,,6,1,,N,N,,0,,0,0,0,0,0,,312.0,1,2,0,0,0,0,0,3,4,0,2,3,,N,,,,,,,,,,,
2010118384,1207.0,0,0,0,0,0,0,0,0,0,1,0,,67,11,2010,1,39.9558,-75.1915,1153.0,6,0,0,0,0,0,1,0,0,2.0,0,0,0,11.0,1,1,1,,2,39 57:21.085,7.0,0,75 11:29.255,2,0,1,3,67301,0,0,0,N,0,0,0,3,67301,0,,1,1,,N,N,,0,,0,1,0,3,2,Y,1150.0,1,3,0,0,0,0,0,3,4,0,3,3,,N,,,,,,,,,,,
2010118392,1633.0,2,0,0,0,0,0,0,0,0,4,0,,67,11,2010,2,40.0818,-75.0305,1631.0,6,0,0,0,0,0,0,1,1,9.0,0,0,0,16.0,1,2,1,,1,40 04:54.543,3.0,0,75 01:49.683,8,0,0,0,67301,0,0,0,,0,0,0,2,67301,0,,1,9,,N,N,,0,,0,0,0,3,3,N,1630.0,2,2,0,0,0,2,0,3,4,0,2,7,,N,,,,,,,,,,,
2010105089,1640.0,1,0,0,0,0,0,0,0,0,1,0,,67,9,2010,5,40.0372,-75.1693,1635.0,6,0,0,0,0,0,0,0,0,,0,0,0,16.0,1,1,0,,0,40 02:13.770,,0,75 10:09.340,4,0,0,0,67301,0,0,0,N,0,0,0,2,67301,1,,1,9,,N,N,,0,,0,0,0,3,3,,1600.0,1,2,0,0,1,0,0,3,4,0,2,7,,N,,,,,,,,,,,
2010123494,1941.0,2,0,0,0,0,0,0,0,0,1,0,,67,12,2010,4,40.0492,-74.996,1941.0,6,0,0,0,0,0,1,0,0,2.0,0,0,0,19.0,3,1,6,,2,40 02:57.283,1.0,2,74 59:44.945,4,0,0,0,67301,0,0,0,N,0,0,0,2,68K01,1,,1,1,,N,N,,0,,0,0,0,3,4,N,1940.0,1,2,0,0,0,0,0,3,4,0,2,3,,N,,,,,,,,,,,
2010120994,457.0,0,0,0,0,0,0,0,0,0,7,0,,67,11,2010,6,39.9315,-75.1995,443.0,6,0,0,0,0,0,0,0,1,4.0,0,0,0,4.0,3,1,0,,2,39 55:55.591,4.0,0,75 11:59.668,4,0,0,0,67301,0,0,0,Y,0,0,0,1,68K01,1,,5,9,,N,N,,0,,0,0,0,0,0,N,438.0,1,1,0,0,0,0,0,3,4,1,1,7,,N,,,,,,,,,,,
2010078311,1817.0,2,0,0,0,0,0,0,0,0,4,0,,67,6,2010,7,40.0808,-75.0284,1812.0,6,0,0,0,0,0,0,1,0,1.0,0,0,0,18.0,1,1,1,,1,40 04:50.820,1.0,0,75 01:42.117,8,0,0,0,67301,0,0,0,N,0,0,0,4,67301,0,,1,1,,N,N,,0,,0,0,0,3,2,N,1810.0,1,2,0,0,0,1,0,3,4,0,2,3,,N,,,,,,,,,,,
2010093315,2032.0,1,0,0,0,0,0,0,0,0,4,0,,67,8,2010,1,40.0237,-75.116,2029.0,6,0,0,0,0,0,1,0,0,,0,0,0,20.0,3,1,1,,0,40 01:25.190,,0,75 06:57.473,4,0,0,0,67301,0,0,0,,0,0,0,3,67301,1,,1,9,,,,,0,,0,0,1,3,3,,2025.0,1,2,0,0,0,0,1,3,4,0,2,3,,N,,,,,,,,,,,
2010088754,2115.0,1,0,0,0,0,0,0,0,0,4,0,,67,8,2010,5,39.9604,-75.1894,2110.0,6,0,0,0,0,0,0,0,0,,0,0,0,21.0,3,0,1,,0,39 57:37.353,,0,75 11:22.005,0,0,0,0,67301,0,0,0,N,0,0,0,2,67301,0,,1,1,,N,N,,0,,0,0,1,3,2,,2105.0,0,2,0,0,2,0,0,3,4,0,2,3,,N,,,,,,,,,,,
2010088772,1456.0,0,0,0,0,0,0,0,0,0,0,0,,67,8,2010,7,40.0289,-75.1006,1424.0,6,0,0,0,0,0,0,0,0,3.0,0,0,0,14.0,1,1,0,,1,40 01:44.261,2.0,6,75 06:02.382,3,0,0,1,67301,0,0,0,,0,0,0,1,67301,0,,1,1,,,,,0,,1,0,0,0,0,N,1420.0,1,1,0,0,0,0,0,3,4,0,1,3,,N,,,,,,,,,,,
2010088774,1051.0,1,0,0,0,0,0,0,0,0,5,0,,67,8,2010,7,40.0338,-75.0674,1042.0,6,0,0,0,0,0,0,0,0,2.0,0,0,0,10.0,1,1,2,,1,40 02:01.717,2.0,0,75 04:02.326,4,0,0,0,67301,0,0,0,N,0,0,0,4,67301,1,,1,1,,N,N,,0,,0,0,1,0,0,Y,1024.0,1,2,0,0,0,0,0,3,4,0,2,3,,N,,,,,,,,,,,
2010088796,232.0,1,0,0,0,0,0,0,0,0,8,0,,67,8,2010,3,40.0429,-75.1439,230.0,6,0,0,0,0,0,0,0,0,2.0,0,0,0,2.0,3,1,0,,1,40 02:34.579,2.0,0,75 08:38.004,3,0,0,0,67301,1,0,0,N,1,0,0,2,67301,0,,2,1,,N,N,,0,,1,0,0,3,2,N,230.0,1,2,0,0,0,0,0,3,4,0,1,3,,N,,,,,,,,,,,
2010090327,1124.0,1,0,0,0,0,0,0,0,0,1,0,,67,9,2010,4,39.9598,-75.1772,1124.0,6,0,0,0,0,0,1,0,0,,0,0,0,11.0,1,0,0,,0,39 57:35.911,,0,75 10:42.928,0,0,0,0,67301,0,0,0,N,0,0,0,2,68K01,0,,1,1,,N,N,,0,,0,0,1,0,0,,1108.0,0,2,0,0,0,0,0,3,4,0,2,3,,N,,,,,,,,,,,
2010099627,1248.0,1,0,0,0,0,0,0,0,0,1,0,,67,9,2010,2,40.072,-75.013,1245.0,6,0,0,0,0,0,1,0,0,,0,0,0,12.0,1,1,1,,0,40 04:19.712,,0,75 00:46.649,8,0,0,0,67301,0,0,0,N,0,0,0,3,67301,0,,1,1,,N,N,,0,,0,0,0,3,2,,1241.0,1,2,0,0,0,1,0,3,4,1,2,3,,N,,,,,,,,,,,
2010099727,1217.0,2,0,0,0,0,0,0,0,0,4,0,,67,9,2010,3,39.9756,-75.1777,1211.0,6,0,0,0,0,0,1,1,0,1.0,0,0,0,12.0,1,1,1,,2,39 58:32.206,3.0,0,75 10:39.871,4,0,0,0,67301,0,0,0,,0,0,0,2,67301,1,,1,1,,N,N,,0,,0,0,0,3,3,Y,1211.0,1,2,0,0,1,0,0,3,4,0,2,3,,N,,,,,,,,,,,
2010103018,2343.0,0,0,0,0,0,0,1,0,0,8,1,,67,9,2010,2,39.9652,-75.1609,2341.0,6,0,0,0,0,0,1,0,0,1.0,0,0,0,23.0,3,1,0,,1,39 57:54.841,2.0,0,75 09:39.070,4,0,0,0,67301,1,0,0,N,1,0,0,6,67301,1,,2,1,,N,N,,0,,0,0,0,0,0,N,2338.0,1,2,0,0,0,0,0,3,4,0,1,3,,N,,,,,,,,,,,
2010117897,547.0,2,0,0,0,0,0,0,0,0,5,0,,67,10,2010,2,40.0198,-75.1435,542.0,6,0,0,0,0,0,0,0,0,,0,0,0,5.0,3,0,6,,0,40 01:11.152,,2,75 08:36.668,0,0,0,0,67301,0,0,0,N,0,0,0,2,67301,0,,1,1,,N,N,,0,,0,0,0,0,0,,545.0,0,2,0,0,0,0,0,3,4,0,2,3,,N,,,,,,,,,,,
2010117904,1408.0,3,0,0,0,0,0,0,0,0,1,0,,67,11,2010,3,40.0154,-75.1769,1359.0,6,0,1,0,0,0,1,0,1,3.0,0,0,0,13.0,1,1,0,,2,40 00:55.267,3.0,0,75 10:36.655,4,0,0,0,67301,0,0,0,N,0,0,0,8,67301,1,,1,1,,N,N,,0,,0,0,1,3,8,N,1356.0,1,4,0,0,0,0,0,3,4,0,4,3,,N,,,,,,,,,,,
2010012381,25.0,2,0,0,0,0,0,0,0,0,4,0,,67,1,2010,2,39.9867,-75.1083,3.0,6,0,0,0,0,0,0,0,0,,0,0,0,23.0,2,1,0,,0,39 59:12.134,,0,75 06:30.024,8,0,0,0,67301,0,0,0,N,0,0,0,1,67301,0,,1,1,,N,N,,0,,0,0,0,0,0,,2345.0,1,2,0,0,0,1,0,3,4,0,2,3,,N,,,,,,,,,,,
2010037540,1520.0,1,0,0,0,0,0,0,0,0,7,0,,67,4,2010,3,39.8844,-75.2439,1510.0,6,0,0,0,0,0,0,0,0,,0,0,0,15.0,1,1,0,,0,39 53:00.236,,0,75 14:40.350,8,0,0,0,67301,0,0,0,N,0,0,0,1,68K01,0,,2,9,,N,N,,0,,0,0,0,0,0,,1500.0,1,1,0,0,0,1,0,3,4,0,1,7,,N,,,,,,,,,,,
2010048630,1630.0,0,0,0,0,0,0,1,0,0,8,1,,67,4,2010,4,39.9518,-75.2031,1623.0,6,0,0,0,0,0,0,0,0,,0,0,0,15.0,1,1,1,,0,39 57:06.318,,0,75 12:11.069,4,0,0,0,67301,1,0,0,N,1,0,0,2,67301,1,,1,1,,N,N,,0,,0,0,0,3,2,,1545.0,1,2,0,0,0,0,0,3,4,0,1,3,,N,,,,,,,,,,,
2010048648,1410.0,2,0,0,0,0,0,0,0,0,5,0,,67,4,2010,3,39.9481,-75.1933,1410.0,6,0,0,0,0,0,1,0,0,,0,0,0,14.0,1,2,2,,0,39 56:53.140,,7,75 11:35.711,8,0,0,0,67301,0,0,0,N,0,0,0,4,67301,0,,1,1,,N,N,,0,,0,0,0,3,2,,1408.0,2,2,0,0,0,2,0,3,4,0,2,3,,N,,,,,,,,,,,
2010058774,2210.0,2,0,0,0,0,0,0,0,0,6,0,,67,5,2010,6,39.957,-75.235,2210.0,6,0,0,0,0,0,1,0,0,,0,0,0,22.0,3,1,1,,0,39 57:25.074,,0,75 14:06.043,4,0,0,0,67301,0,0,0,N,0,0,0,3,67301,1,,1,9,,N,N,,0,,0,0,0,3,3,,2210.0,1,2,0,0,0,0,1,3,4,0,2,7,,N,,,,,,,,,,,
2010058814,555.0,0,0,0,0,0,0,0,0,0,8,0,,67,5,2010,7,40.0403,-75.0312,549.0,6,0,0,0,0,0,0,0,0,,0,0,0,0.0,3,1,0,,0,40 02:25.178,,0,75 01:52.358,3,0,0,0,67301,1,0,0,,1,0,0,2,67301,0,,1,9,,,,,0,,1,0,0,0,0,,5.0,1,2,0,0,0,0,0,3,4,0,1,7,,N,,,,,,,,,,,
2010058739,847.0,2,0,0,0,0,0,0,0,0,2,0,,67,5,2010,2,40.0049,-75.1485,847.0,6,0,0,0,1,0,0,0,0,,0,0,0,8.0,1,0,0,,0,40 00:17.809,,0,75 08:54.549,0,0,0,0,67301,0,0,0,N,0,0,0,2,67301,0,,1,1,,N,N,,0,,0,0,0,0,0,,842.0,0,3,0,0,0,0,0,3,4,1,3,3,,N,,,,,,,,,,,
2010058743,1637.0,3,0,0,0,0,0,0,0,0,1,0,,67,5,2010,7,40.0025,-75.0796,1627.0,6,0,0,0,0,0,0,0,0,,0,0,0,14.0,1,1,0,,0,40 00:08.987,,0,75 04:46.450,8,0,0,0,67301,0,0,0,N,0,0,0,3,67301,0,,1,1,,N,N,,0,,0,0,0,0,0,,1400.0,1,3,0,0,0,1,2,3,4,0,3,3,,N,,,,,,,,,,,
2010062640,1638.0,2,0,0,0,0,0,0,0,0,3,0,,67,5,2010,3,40.0301,-75.1432,1635.0,6,0,0,0,0,0,0,0,0,1.0,0,0,0,16.0,1,1,0,,1,40 01:48.342,3.0,0,75 08:35.462,4,0,0,0,67301,0,0,0,N,0,0,0,4,67301,1,,1,1,,N,N,,0,,0,0,0,0,0,Y,1633.0,1,2,0,0,1,0,0,3,4,0,2,3,,N,,,,,,,,,,,
2010062700,1451.0,3,0,0,0,0,0,0,0,0,1,0,,67,5,2010,2,39.9611,-75.1747,1449.0,6,0,0,0,0,0,0,0,0,,0,0,0,14.0,1,1,0,,0,39 57:40.648,,0,75 10:30.105,8,0,0,0,67301,0,0,0,N,0,0,0,6,67301,0,,1,1,,N,N,,0,,0,0,0,3,2,,1440.0,1,3,0,0,0,1,0,3,4,0,3,3,,N,,,,,,,,,,,
2010048922,2019.0,1,0,0,0,0,0,0,0,0,1,0,,67,4,2010,3,39.9556,-75.1575,2018.0,6,0,0,0,0,0,0,0,0,,0,0,0,20.0,8,2,1,,0,39 57:20.134,,0,75 09:26.942,8,0,0,0,67301,0,0,0,N,0,0,0,3,67301,0,,1,1,,N,N,,0,,0,0,1,3,2,,2014.0,2,2,0,0,3,2,0,3,4,0,2,3,,N,,,,,,,,,,,
2010126700,1936.0,2,0,0,0,0,0,0,0,0,1,0,,67,12,2010,5,39.9576,-75.1608,1911.0,6,0,0,0,0,0,1,0,0,,0,0,0,18.0,3,0,0,,0,39 57:27.518,,0,75 09:38.920,0,0,0,0,67301,0,0,0,N,0,0,0,2,68K01,0,,1,9,,N,N,,0,,0,0,0,0,0,,1858.0,0,2,0,0,0,0,0,3,4,0,2,10,,N,,,,,,,,,,,
2010124592,2135.0,1,0,0,0,0,0,0,0,0,7,0,,67,12,2010,6,39.9808,-75.1034,2127.0,6,0,0,0,0,0,0,0,0,2.0,0,0,0,21.0,3,0,0,,1,39 58:51.162,3.0,0,75 06:11.930,0,0,0,0,67301,0,0,0,N,0,0,0,2,68K01,0,,2,1,,N,N,,0,,0,0,0,0,0,N,2125.0,0,1,0,0,0,0,0,3,4,0,1,3,,N,,,,,,,,,,,
2010091753,2148.0,2,0,0,0,0,0,0,0,0,1,0,,67,9,2010,6,39.9969,-75.1967,2148.0,6,0,0,0,0,0,0,0,0,,0,0,0,21.0,3,3,0,,0,39 59:51.756,,0,75 11:46.279,4,0,0,0,67301,0,0,0,N,0,0,0,4,68K01,3,,1,1,,N,N,,0,,0,0,0,0,0,,2140.0,3,3,0,0,0,0,1,3,4,1,3,3,,N,,,,,,,,,,,
2010121866,847.0,0,0,0,0,0,0,0,0,0,4,0,,67,11,2010,4,40.0267,-75.0563,844.0,6,0,0,0,0,0,0,0,0,,0,0,0,8.0,1,0,1,,0,40 01:36.217,,0,75 03:22.736,0,0,0,0,67301,0,0,0,N,0,0,0,2,67301,0,,1,9,,N,N,,0,,0,0,1,3,3,,819.0,0,2,0,0,0,0,0,3,4,1,2,3,,N,,,,,,,,,,,
2010118748,1355.0,2,0,0,0,0,0,0,0,0,1,0,,67,11,2010,7,40.0084,-75.211,1350.0,6,0,0,0,0,0,1,0,1,,0,0,0,13.0,1,1,1,,0,40 00:30.736,,0,75 12:38.579,8,0,0,0,67301,0,0,0,N,0,0,0,3,46104,0,,1,1,,N,N,,0,,0,0,0,3,2,,1350.0,1,2,0,0,0,1,0,3,4,0,2,3,,N,,,,,,,,,,,
2010118808,1556.0,0,0,0,0,0,0,0,0,0,0,0,,67,11,2010,1,39.9594,-75.1405,1552.0,6,0,0,0,0,0,0,0,0,1.0,0,0,0,15.0,1,1,0,,2,39 57:34.323,2.0,0,75 08:25.803,2,0,1,1,67301,0,0,0,N,0,0,0,1,68K01,0,,1,1,,N,N,,0,,0,1,0,0,0,N,1549.0,1,1,0,0,0,0,0,3,4,0,1,3,,N,,,,,,,,,,,
2010113801,2055.0,1,0,0,0,0,0,0,0,0,8,0,,67,10,2010,2,39.9501,-75.1457,2050.0,6,0,0,0,0,0,0,0,0,,0,0,0,11.0,1,1,1,,0,39 57:00.427,,0,75 08:44.445,4,0,0,0,67301,1,0,0,N,1,0,0,2,67301,1,,1,1,,N,N,,0,,0,0,0,3,2,,1130.0,1,2,0,0,0,0,1,3,4,0,1,3,,N,,,,,,,,,,,
2010069255,149.0,1,0,0,1,0,0,0,0,0,4,0,,67,6,2010,6,39.9689,-75.1344,143.0,6,0,0,0,0,0,0,0,0,,0,0,0,1.0,3,1,1,,0,39 58:07.419,,0,75 08:03.924,8,0,0,0,67301,1,0,0,N,0,0,0,3,67301,0,,1,1,,N,N,,0,,0,0,0,3,2,,120.0,1,2,0,0,0,1,0,3,4,0,1,3,,N,,,,,,,,,,,
2010074382,750.0,2,0,0,0,0,0,0,0,0,4,0,,67,6,2010,6,40.0274,-75.2265,740.0,6,0,0,0,0,0,0,0,0,,0,0,0,7.0,1,1,2,,0,40 01:38.809,,0,75 13:35.504,8,0,0,0,67301,0,0,0,N,0,0,0,3,67301,0,,1,1,,N,N,,0,,0,0,0,3,3,,735.0,1,2,0,0,0,1,0,3,4,0,2,3,,N,,,,,,,,,,,
2010074491,1115.0,1,0,0,0,0,0,0,0,0,4,0,,67,6,2010,3,40.0496,-75.0582,1100.0,6,0,0,0,0,0,0,0,0,,0,0,0,10.0,1,1,1,,0,40 02:58.613,,0,75 03:29.519,4,0,0,0,67301,0,0,0,N,0,0,0,3,67301,1,,1,1,,N,N,,0,,0,0,0,3,2,,1053.0,1,2,0,0,0,0,0,3,4,1,2,3,,N,,,,,,,,,,,
2010084367,1926.0,1,0,0,0,0,0,0,0,0,4,0,,67,8,2010,3,40.0012,-75.2264,1924.0,6,0,0,0,0,0,0,0,0,,0,0,0,19.0,4,2,1,,0,40 00:04.340,,0,75 13:35.009,8,0,0,0,67301,0,0,0,N,0,0,0,2,46104,0,,1,1,,N,N,,1,,0,0,0,1,2,,1924.0,2,2,0,0,0,2,0,3,4,0,2,3,,N,,,,,,,,,,,
2010081935,9999.0,1,0,0,0,0,0,0,0,0,5,0,,67,7,2010,6,39.9534,-75.1638,9999.0,6,0,0,0,0,0,0,0,0,,0,0,0,12.0,1,1,10,,0,39 57:12.352,,0,75 09:49.776,4,0,0,0,67301,0,0,0,,0,0,0,2,67301,1,,1,1,,,,,0,,0,0,1,3,2,,1205.0,1,2,0,0,0,0,1,3,4,0,2,3,,N,,,,,,,,,,,
2010102959,1620.0,1,0,0,0,0,0,0,0,0,6,0,,67,9,2010,3,40.0742,-75.0773,1615.0,6,0,0,0,0,0,1,0,0,,0,0,0,16.0,1,0,0,,0,40 04:27.188,,0,75 04:38.355,0,0,0,0,67301,0,0,0,,0,0,0,1,67301,0,,1,1,,,,,1,,0,0,0,0,0,,1610.0,0,2,0,0,0,0,0,3,4,0,2,3,,N,,,,,,,,,,,
2010102992,721.0,2,0,0,0,0,0,1,0,0,5,1,,67,9,2010,6,39.9244,-75.1659,714.0,6,0,0,0,0,0,0,0,0,,0,0,0,6.0,1,0,0,,0,39 55:27.790,,0,75 09:57.270,0,0,0,0,67301,0,0,0,,0,0,0,1,67301,0,,1,1,,,,,0,,0,0,0,0,0,,655.0,0,3,0,0,0,0,0,3,4,0,3,3,,N,,,,,,,,,,,
2010103050,1240.0,0,0,0,0,0,0,0,0,0,8,0,,67,9,2010,7,40.0013,-75.1573,1240.0,6,0,0,0,0,0,0,0,0,,0,0,0,12.0,1,1,2,,0,40 00:04.658,,0,75 09:26.330,4,0,0,0,67301,1,0,0,N,1,0,0,2,67301,1,,1,1,,N,N,,0,,0,0,1,0,0,,1238.0,1,2,0,0,0,0,0,3,4,0,1,3,,N,,,,,,,,,,,
2010103052,9999.0,1,0,0,1,0,0,0,0,0,4,0,,67,9,2010,4,39.93,-75.1803,9999.0,6,0,0,0,0,0,0,0,0,,0,0,0,17.0,4,1,1,,0,39 55:47.820,,0,75 10:48.932,8,0,0,0,67301,1,0,0,N,0,0,0,2,67301,0,,1,1,,N,N,,0,,0,0,0,9,9,,1730.0,1,2,0,0,0,1,0,3,4,0,1,3,,N,,,,,,,,,,,
2010103073,1957.0,1,0,0,0,0,0,0,0,0,8,0,,67,8,2010,2,40.0371,-75.0631,1955.0,6,0,0,0,1,0,0,0,0,3.0,0,0,0,19.0,1,1,2,,1,40 02:13.685,2.0,0,75 03:47.184,3,0,0,0,67301,1,0,0,N,1,0,0,2,67301,0,,1,1,,N,N,,0,,1,0,0,3,2,N,1955.0,1,2,0,0,0,0,0,3,4,0,1,3,,N,,,,,,,,,,,
2010103089,1903.0,4,0,0,0,0,0,0,0,0,5,0,,67,9,2010,3,40.0999,-74.9789,1901.0,6,0,0,0,0,0,0,0,0,9.0,0,0,0,18.0,1,2,0,,1,40 05:59.640,2.0,0,74 58:44.151,4,0,0,0,67301,0,0,0,,0,0,0,2,67301,2,,2,1,,,,,0,,0,0,0,0,0,N,1826.0,2,4,0,0,2,0,0,3,4,0,4,3,,N,,,,,,,,,,,
2010117886,1845.0,1,0,0,0,0,0,0,0,0,4,0,,67,10,2010,6,39.9983,-75.2327,1838.0,6,0,0,0,1,0,0,0,0,,0,0,0,17.0,4,0,0,,0,39 59:53.980,,7,75 13:57.777,0,0,0,0,67301,0,0,0,N,0,0,0,7,67301,0,,3,1,,N,N,,0,,0,0,0,0,0,,1721.0,0,2,0,0,0,0,0,3,4,1,2,3,,N,,,,,,,,,,,