CRN,ARRIVAL_TM,AUTOMOBILE_COUNT,BELTED_DEATH_COUNT,BELTED_SUSP_SERIOUS_INJ_COUNT,BICYCLE_COUNT,BICYCLE_DEATH_COUNT,BICYCLE_SUSP_SERIOUS_INJ_COUNT,BUS_COUNT,CHLDPAS_DEATH_COUNT,CHLDPAS_SUSP_SERIOUS_INJ_COUNT,COLLISION_TYPE,COMM_VEH_COUNT,CONS_ZONE_SPD_LIM,COUNTY,CRASH_MONTH,CRASH_YEAR,DAY_OF_WEEK,DEC_LAT,DEC_LONG,DISPATCH_TM,DISTRICT,DRIVER_COUNT_16YR,DRIVER_COUNT_17YR,DRIVER_COUNT_18YR,DRIVER_COUNT_19YR,DRIVER_COUNT_20YR,DRIVER_COUNT_50_64YR,DRIVER_COUNT_65_74YR,DRIVER_COUNT_75PLUS,EST_HRS_CLOSED,FATAL_COUNT,HEAVY_TRUCK_COUNT,HORSE_BUGGY_COUNT,HOUR_OF_DAY,ILLUMINATION,INJURY_COUNT,INTERSECT_TYPE,INTERSECTION_RELATED,LANE_CLOSED,LATITUDE,LN_CLOSE_DIR,LOCATION_TYPE,LONGITUDE,MAX_SEVERITY_LEVEL,MCYCLE_DEATH_COUNT,MCYCLE_SUSP_SERIOUS_INJ_COUNT,MOTORCYCLE_COUNT,MUNICIPALITY,NONMOTR_COUNT,NONMOTR_DEATH_COUNT,NONMOTR_SUSP_SERIOUS_INJ_COUNT,NTFY_HIWY_MAINT,PED_COUNT,PED_DEATH_COUNT,PED_SUSP_SERIOUS_INJ_COUNT,PERSON_COUNT,POLICE_AGCY,POSSIBLE_INJ_COUNT,RDWY_SURF_TYPE_CD,RELATION_TO_ROAD,ROAD_CONDITION,ROADWAY_CLEARED,SCH_BUS_IND,SCH_ZONE_IND,SECONDARY_CRASH,SMALL_TRUCK_COUNT,SPEC_JURIS_CD,SUSP_MINOR_INJ_COUNT,SUSP_SERIOUS_INJ_COUNT,SUV_COUNT,TCD_FUNC_CD,TCD_TYPE,TFC_DETOUR_IND,TIME_OF_DAY,TOT_INJ_COUNT,TOTAL_UNITS,UNB_DEATH_COUNT,UNB_SUSP_SERIOUS_INJ_COUNT,UNBELTED_OCC_COUNT,UNK_INJ_DEG_COUNT,UNK_INJ_PER_COUNT,URBAN_AREA,URBAN_RURAL,VAN_COUNT,VEHICLE_COUNT,WEATHER1,WEATHER2,WORK_ZONE_IND,WORK_ZONE_LOC,WORK_ZONE_TYPE,WORKERS_PRES,WZ_CLOSE_DETOUR,WZ_FLAGGER,WZ_LAW_OFFCR_IND,WZ_LN_CLOSURE,WZ_MOVING,WZ_OTHER,WZ_SHLDER_MDN,WZ_WORKERS_INJ_KILLED
2010117953,921.0,2,0,0,0,0,0,0,0,0,4,0,,67,10,2010,7,40.0453,-75.2228,918.0,6,0,0,0,0,0,1,0,1,,0,0,0,9.0,1,1,2,,0,40 02:43.181,,0,75 13:21.984,2,0,0,0,67301,0,0,0,,0,0,0,3,67301,0,,1,1,,,,,0,,0,1,0,3,3,,900.0,1,2,0,0,0,0,0,3,4,0,2,3,,N,,,,,,,,,,,
2010114330,9999.0,4,0,0,0,0,0,0,0,0,5,0,,67,10,2010,5,40.009,-75.1224,1915.0,6,0,0,0,0,0,0,0,0,,0,0,0,19.0,3,0,0,,0,40 00:32.438,,0,75 07:20.548,0,0,0,0,67301,0,0,0,N,0,0,0,1,67301,0,,6,1,,N,N,,1,,0,0,0,0,0,,1915.0,0,5,0,0,0,0,0,3,4,0,5,3,,N,,,,,,,,,,,
2010114213,649.0,1,0,0,0,0,0,0,0,0,1,0,,67,11,2010,4,39.9599,-75.178,640.0,6,0,0,0,0,0,0,0,0,1.0,0,0,0,6.0,1,0,0,,2,39 57:36.312,4.0,0,75 10:46.410,0,0,0,0,67301,0,0,0,N,0,0,0,3,68K01,0,,1,9,,N,N,,0,,0,0,1,0,0,N,638.0,0,3,0,0,0,0,0,3,4,1,3,3,,N,,,,,,,,,,,
2010114565,734.0,2,0,0,0,0,0,0,0,0,1,0,,67,10,2010,3,39.9155,-75.1506,734.0,6,0,0,0,0,0,1,0,0,,0,0,0,6.0,5,1,0,,0,39 54:55.857,,0,75 09:02.149,4,0,0,0,67301,0,0,0,N,0,0,0,1,67301,1,,6,1,,N,N,,0,,0,0,1,0,0,,656.0,1,3,0,0,0,0,0,3,4,0,3,3,,N,,,,,,,,,,,
2010112124,1616.0,1,0,0,0,0,0,0,0,0,1,0,,67,11,2010,6,39.9899,-75.0873,1539.0,6,0,1,0,0,0,0,0,0,,0,0,0,15.0,1,0,0,,0,39 59:23.412,,0,75 05:14.544,0,0,0,0,67301,0,0,0,N,0,0,0,2,68K01,0,,1,1,,N,N,,0,,0,0,1,0,0,,1517.0,0,2,0,0,0,0,0,3,4,0,2,3,,N,,,,,,,,,,,
2010048690,1945.0,1,0,0,1,0,0,0,0,0,5,0,,67,4,2010,2,39.9669,-75.2299,9999.0,6,0,0,0,0,0,0,0,0,,0,0,0,16.0,1,1,1,,0,39 58:00.887,,0,75 13:47.555,8,0,0,0,67301,1,0,0,,0,0,0,2,67301,0,,1,1,,,,,0,,0,0,0,3,2,,1630.0,1,2,0,0,0,1,0,3,4,0,1,3,,N,,,,,,,,,,,
2010058919,2222.0,0,0,0,0,0,0,0,0,0,8,0,,67,5,2010,7,40.0421,-75.18,2222.0,6,0,0,0,0,0,0,0,0,,0,0,0,22.0,3,1,1,,0,40 02:31.564,,0,75 10:47.878,4,0,0,0,67301,1,0,0,N,1,0,0,3,67301,1,,2,1,,N,N,,0,,0,0,1,3,2,,2220.0,1,2,0,0,0,0,0,3,4,0,1,3,,N,,,,,,,,,,,
2010048734,1558.0,2,0,0,0,0,0,0,0,0,5,0,,67,4,2010,6,40.0411,-75.1791,1558.0,6,0,0,0,0,0,1,0,0,,0,0,0,15.0,1,1,2,,0,40 02:27.792,,0,75 10:44.829,8,0,0,0,67301,0,0,0,N,0,0,0,2,67301,0,,2,1,,N,N,,0,,0,0,0,0,0,,1557.0,1,2,0,0,1,1,0,3,4,0,2,3,,N,,,,,,,,,,,
2010058324,827.0,1,0,0,0,0,0,0,0,0,1,0,50.0,67,6,2010,2,39.8916,-75.1988,720.0,6,0,0,0,0,0,0,0,0,1.0,0,0,0,6.0,1,0,0,,2,39 53:34.368,2.0,3,75 11:49.142,0,0,0,0,67301,0,0,0,N,0,0,0,3,68K01,0,,1,1,,N,N,,0,,0,0,1,0,0,N,640.0,0,3,0,0,0,0,0,3,4,1,3,3,,Y,4.0,1.0,N,N,N,N,Y,N,N,N,
2010058566,659.0,2,0,0,0,0,0,0,0,0,1,0,55.0,67,1,2010,5,39.8916,-75.1987,646.0,6,0,0,1,0,0,0,0,0,2.0,0,0,0,6.0,1,0,0,,2,39 53:34.604,2.0,3,75 11:48.822,0,0,0,0,67301,0,0,0,N,0,0,0,4,68K01,0,,1,1,,N,N,,1,,0,0,1,0,0,N,640.0,0,4,0,0,0,0,0,3,4,0,4,3,,Y,4.0,1.0,N,N,N,N,Y,N,N,N,
2010070064,2221.0,0,0,0,1,0,0,0,0,0,1,0,,67,6,2010,6,39.9505,-75.1489,2219.0,6,0,0,0,0,0,0,0,0,,0,0,0,22.0,3,1,1,,0,39 57:01.895,,0,75 08:56.077,3,0,0,1,67301,1,0,0,N,0,0,0,2,67301,0,,1,1,,N,N,,0,,1,0,0,3,2,,2219.0,1,2,0,0,0,0,0,3,4,0,1,3,,N,,,,,,,,,,,
2010049691,636.0,1,0,0,0,0,0,0,0,0,7,0,,67,5,2010,7,39.9912,-75.2477,634.0,6,0,0,0,0,0,0,0,0,,0,0,0,6.0,1,1,0,,0,39 59:28.260,,0,75 14:51.817,3,0,0,0,67301,0,0,0,N,0,0,0,1,46104,0,,2,1,,N,N,,0,,1,0,0,0,0,,630.0,1,1,0,0,0,0,0,3,4,0,1,3,,N,,,,,,,,,,,
2010052478,925.0,2,0,0,0,0,0,0,0,0,1,0,,67,5,2010,3,40.0854,-75.0374,922.0,6,0,0,0,0,0,1,0,0,,0,0,0,99.0,1,1,1,,0,40 05:07.441,,0,75 02:14.475,8,0,0,0,67301,0,0,0,,0,0,0,2,67301,0,,1,1,,,,,0,,0,0,0,3,2,,9999.0,1,2,0,0,0,1,0,3,4,0,2,3,,N,,,,,,,,,,,
2010117709,1844.0,2,0,0,0,0,0,0,0,0,1,0,,67,10,2010,5,40.035,-75.0694,1844.0,6,0,0,0,0,0,0,0,0,1.0,0,0,0,18.0,3,2,5,,1,40 02:06.022,1.0,0,75 04:09.823,4,0,0,0,67301,0,0,0,N,0,0,0,7,67301,2,,1,1,,N,N,,0,,0,0,0,3,2,N,1844.0,2,2,0,0,0,0,0,3,4,0,2,3,,N,,,,,,,,,,,
2010117721,1820.0,1,0,0,0,0,0,0,0,0,7,0,,67,10,2010,6,40.0413,-75.1067,1812.0,6,0,0,0,0,0,0,1,0,,0,0,0,18.0,1,1,1,,0,40 02:28.801,,0,75 06:24.126,8,0,0,0,67301,0,0,0,N,0,0,0,1,67301,0,,5,1,,N,N,,0,,0,0,0,3,2,,1806.0,1,2,0,0,0,1,0,3,4,1,2,3,,N,,,,,,,,,,,
2010091105,251.0,2,0,0,0,0,0,0,0,0,4,0,,67,8,2010,5,40.0372,-75.1663,246.0,6,0,0,0,0,0,0,0,0,,0,0,0,2.0,3,3,0,,0,40 02:13.909,,0,75 09:58.809,4,0,0,0,67301,0,0,0,,0,0,0,4,67301,3,,1,1,,N,N,,0,,0,0,0,0,0,,201.0,3,2,0,0,0,0,1,3,4,0,2,3,,N,,,,,,,,,,,
2010091130,1854.0,0,0,0,1,0,0,0,0,0,4,0,,67,8,2010,4,40.08,-74.9973,1853.0,6,0,0,0,0,0,0,0,0,,0,0,0,18.0,1,1,2,,0,40 04:48.550,,0,74 59:50.104,8,0,0,0,67301,1,0,0,N,0,0,0,2,67301,0,,5,1,,N,N,,0,,0,0,1,3,2,,1852.0,1,2,0,0,0,1,0,3,4,0,1,3,,N,,,,,,,,,,,
2010107052,1044.0,0,0,0,0,0,0,1,0,0,5,2,,67,11,2010,3,40.0362,-75.0642,1044.0,6,0,0,0,0,0,1,0,0,2.0,0,1,0,10.0,1,2,1,,2,40 02:10.346,1.0,0,75 03:51.114,8,0,0,0,67301,0,0,0,N,0,0,0,4,67301,0,,1,1,,N,N,,0,,0,0,0,3,2,N,1040.0,2,2,0,0,0,2,0,3,4,0,2,3,,N,,,,,,,,,,,
2010122443,705.0,1,0,0,0,0,0,0,0,0,1,0,,67,10,2010,7,39.9788,-75.115,700.0,6,0,0,0,0,0,0,0,0,3.0,0,0,0,6.0,1,1,1,,2,39 58:44.062,7.0,0,75 06:54.260,4,0,0,0,67301,2,0,0,N,0,0,0,4,67301,1,,1,1,,N,N,,0,,0,0,1,3,3,Y,655.0,1,3,0,0,0,0,0,3,4,1,3,3,,N,,,,,,,,,,,
2010113821,845.0,1,0,0,1,0,0,0,0,0,4,0,,67,10,2010,5,39.9339,-75.1493,832.0,6,0,0,0,0,0,0,0,0,,0,0,0,8.0,1,1,0,,0,39 56:02.004,,0,75 08:57.397,4,0,0,0,67301,1,0,0,N,0,0,0,2,67301,1,,1,9,,N,N,,0,,0,0,0,0,0,,832.0,1,2,0,0,0,0,0,3,4,0,1,3,,N,,,,,,,,,,,
2010116589,849.0,1,0,0,0,0,0,0,0,0,1,0,,67,11,2010,6,40.0571,-75.129,849.0,6,0,0,0,0,0,1,0,0,,0,0,0,8.0,1,0,1,,0,40 03:25.655,,0,75 07:44.297,9,0,0,0,67301,0,0,0,N,0,0,0,5,46102,0,,1,9,,N,N,,0,,0,0,0,3,2,,849.0,0,2,0,0,1,0,1,3,4,1,2,7,,N,,,,,,,,,,,
2010069271,9999.0,0,0,0,0,0,0,0,0,0,7,0,,67,6,2010,4,39.9199,-75.202,9999.0,6,0,0,0,0,0,0,0,0,1.0,0,0,0,99.0,1,2,0,,1,39 55:11.412,4.0,3,75 12:07.353,8,0,0,0,67301,0,0,0,,0,0,0,6,67301,0,,3,9,,,,,0,,0,0,1,0,0,N,9999.0,2,2,0,0,0,2,2,3,4,1,2,7,,N,,,,,,,,,,,
2010074446,2009.0,1,0,0,1,0,0,0,0,0,4,0,,67,6,2010,4,39.9311,-75.1732,2003.0,6,0,0,0,0,0,0,0,0,,0,0,0,20.0,1,1,1,,0,39 55:51.967,,0,75 10:23.350,8,0,0,0,67301,1,0,0,,0,0,0,2,67301,0,,1,1,,,,,0,,0,0,0,3,2,,2002.0,1,2,0,0,1,1,0,3,4,0,1,3,,N,,,,,,,,,,,
2010074495,1849.0,0,0,0,0,0,0,0,0,0,8,0,,67,6,2010,3,39.8993,-75.1748,1849.0,6,0,0,0,0,0,0,0,0,,0,0,0,18.0,1,1,1,,0,39 53:57.390,,0,75 10:29.307,3,0,0,0,67301,1,0,0,,1,0,0,3,67301,0,,1,1,,,,,0,,1,0,1,3,2,,1849.0,1,2,0,0,0,0,0,3,4,0,1,3,,N,,,,,,,,,,,
2010067072,1818.0,0,0,0,0,0,0,0,0,0,4,0,,67,5,2010,2,40.0159,-75.1296,1816.0,6,0,0,0,0,0,0,0,0,,0,0,0,18.0,1,1,1,,0,40 00:57.319,,0,75 07:46.466,4,0,0,1,67301,0,0,0,,0,0,0,2,67301,1,,1,1,,,,,0,,0,0,1,3,3,,1800.0,1,2,0,0,0,0,0,3,4,0,2,3,,N,,,,,,,,,,,
2010067079,9999.0,1,0,0,0,0,0,0,0,0,8,0,,67,6,2010,7,39.9991,-75.1431,1741.0,6,0,0,0,0,0,1,0,0,,0,0,0,99.0,1,1,0,,0,39 59:56.648,,0,75 08:35.084,4,0,0,0,67301,1,0,0,N,1,0,0,2,67301,1,,1,1,,N,N,,0,,0,0,0,0,0,,9999.0,1,2,0,0,0,0,0,3,4,0,1,3,,N,,,,,,,,,,,
2010069577,1248.0,2,0,0,0,0,0,0,0,0,4,0,,67,6,2010,3,39.9856,-75.2155,1245.0,6,0,0,0,0,0,1,0,0,,0,0,0,12.0,1,5,0,,0,39 59:08.207,,0,75 12:56.003,4,0,0,0,67301,0,0,0,N,0,0,0,6,67301,5,,1,1,,N,N,,0,,0,0,0,0,0,,1244.0,5,2,0,0,0,0,0,3,4,0,2,3,,N,,,,,,,,,,,
2010069580,1510.0,0,0,0,0,0,0,0,0,0,8,0,,67,6,2010,6,39.9588,-75.2063,1500.0,6,0,0,0,0,0,1,0,0,,0,0,0,14.0,1,1,1,,0,39 57:31.834,,0,75 12:22.607,8,0,0,0,67301,1,0,0,N,1,0,0,5,67301,0,,1,1,,N,N,,0,,0,0,0,3,2,,1455.0,1,2,0,0,0,1,0,3,4,1,1,3,,N,,,,,,,,,,,
2010056804,203.0,1,0,0,0,0,0,0,0,0,7,0,,67,5,2010,1,39.9427,-75.1934,143.0,6,0,0,0,0,0,0,0,0,1.0,0,0,0,1.0,3,0,0,,1,39 56:39.332,3.0,0,75 11:30.755,0,0,0,0,67301,0,0,0,N,0,0,0,1,68K01,0,,5,9,,N,N,,0,,0,0,0,0,0,N,140.0,0,1,0,0,1,0,0,3,4,0,1,7,,N,,,,,,,,,,,
2010069972,1000.0,2,0,0,0,0,0,0,0,0,4,0,,67,6,2010,2,40.0808,-75.0286,954.0,6,0,0,0,0,0,0,1,0,1.0,0,0,0,9.0,1,3,1,,1,40 04:50.449,1.0,0,75 01:42.488,8,0,0,0,67301,0,0,0,N,0,0,0,7,67301,0,,1,1,,N,N,,1,,0,0,0,9,2,N,948.0,3,3,0,0,0,3,0,3,4,0,3,3,,N,,,,,,,,,,,
2010069382,1750.0,2,0,0,0,0,0,0,0,0,6,0,,67,7,2010,6,40.0808,-75.0286,1746.0,6,0,0,0,0,0,0,0,0,1.0,0,0,0,17.0,1,0,1,,2,40 04:51.445,4.0,0,75 01:43.230,0,0,0,0,67301,0,0,0,N,0,0,0,2,67301,0,,1,1,,N,N,,0,,0,0,0,3,2,Y,1746.0,0,2,0,0,0,0,0,3,4,0,2,3,,N,,,,,,,,,,,
2010071360,113.0,2,0,0,0,0,0,0,0,0,2,0,,67,7,2010,4,39.9111,-75.1516,111.0,6,0,0,0,0,0,0,0,0,1.0,0,0,0,1.0,3,0,0,,2,39 54:42.964,2.0,2,75 08:56.589,0,0,0,0,67301,0,0,0,N,0,0,0,3,68K01,0,,1,9,,N,N,,0,,0,0,0,0,0,N,108.0,0,2,0,0,0,0,0,3,4,0,2,7,,N,,,,,,,,,,,
2010074647,1920.0,1,0,0,0,0,0,0,0,0,8,0,,67,7,2010,5,39.9308,-75.1806,1915.0,6,0,0,0,0,0,0,0,0,,0,0,0,19.0,1,1,0,,0,39 55:50.948,,0,75 10:50.235,4,0,0,0,67301,1,0,0,,1,0,0,3,67301,1,,1,1,,N,N,,0,,0,0,0,2,2,,1910.0,1,2,0,0,0,0,0,3,4,0,1,3,,N,,,,,,,,,,,
2010028214,415.0,2,0,2,0,0,0,0,0,0,2,0,,67,2,2010,1,40.0654,-75.0835,412.0,6,0,0,0,0,0,0,0,0,,0,0,0,4.0,3,2,3,,0,40 03:55.190,,0,75 05:00.711,2,0,0,0,67301,0,0,0,,0,0,0,2,67301,0,,1,1,,,,,0,,0,2,0,3,2,,410.0,2,2,0,0,0,0,0,3,4,0,2,3,,N,,,,,,,,,,,
2010028286,1330.0,2,0,0,0,0,0,0,0,0,1,0,,67,2,2010,2,40.0306,-75.207,1326.0,6,0,0,0,0,0,1,0,0,,0,0,0,13.0,1,0,1,,0,40 01:50.207,,0,75 12:25.116,9,0,0,0,67301,0,0,0,,0,0,0,2,67301,0,,1,1,,,,,0,,0,0,0,0,0,,1321.0,0,2,0,0,0,0,1,3,4,0,2,3,,N,,,,,,,,,,,
2010028366,1540.0,1,0,0,0,0,0,0,0,0,8,0,,67,3,2010,2,40.0288,-75.1322,1540.0,6,0,0,0,0,0,0,0,0,1.0,0,0,0,15.0,1,1,1,,2,40 01:43.550,5.0,0,75 07:55.833,4,0,0,0,67301,1,0,0,N,1,0,0,2,67301,1,,1,1,,N,N,,0,,0,0,0,2,2,Y,1539.0,1,2,0,0,0,0,0,3,4,0,1,3,,N,,,,,,,,,,,
2010048661,705.0,0,0,0,0,0,0,1,0,0,1,1,,67,4,2010,6,40.0461,-75.2178,700.0,6,0,0,0,0,0,0,0,0,,0,0,0,6.0,1,1,2,,0,40 02:46.084,,0,75 13:04.094,8,0,0,0,67301,0,0,0,N,0,0,0,2,67301,0,,1,1,,Y,N,,1,,0,0,0,0,0,,645.0,1,2,0,0,0,1,0,3,4,0,2,3,,N,,,,,,,,,,,
2010068378,945.0,1,0,0,0,0,0,0,0,0,7,0,,67,7,2010,3,39.9081,-75.1493,942.0,6,0,0,0,0,0,1,0,0,,0,0,0,9.0,1,0,0,,0,39 54:34.520,,0,75 08:56.516,0,0,0,0,67301,0,0,0,N,0,0,0,1,68K01,0,,3,8,,N,N,,0,,0,0,0,0,0,,934.0,0,1,0,0,0,0,0,3,4,0,1,7,,N,,,,,,,,,,,
2010081681,1000.0,0,0,0,0,0,0,0,0,0,1,0,,67,7,2010,3,40.0186,-75.1315,954.0,6,0,0,0,0,0,0,0,0,,0,0,0,9.0,1,0,0,,0,40 01:06.801,,0,75 07:53.356,9,0,0,0,67301,0,0,0,N,0,0,0,1,67301,0,,6,1,,,N,,0,,0,0,2,0,0,,945.0,0,3,0,0,0,0,1,3,4,1,3,3,,N,,,,,,,,,,,
2010048893,713.0,2,0,0,0,0,0,0,0,0,4,0,,67,4,2010,3,40.0367,-75.0645,705.0,6,0,0,0,0,0,2,0,0,1.0,0,0,0,7.0,1,2,1,,1,40 02:12.235,2.0,0,75 03:52.193,8,0,0,0,67301,0,0,0,N,0,0,0,4,67301,0,,1,1,,N,N,,0,,0,0,0,3,2,N,700.0,2,2,0,0,0,2,0,3,4,0,2,3,,N,,,,,,,,,,,
2010052475,104.0,1,0,0,0,0,0,0,0,0,4,0,,67,5,2010,7,40.1343,-75.0091,56.0,6,0,0,0,0,0,0,0,0,,0,0,0,0.0,3,1,1,,0,40 08:03.425,,0,75 00:32.780,4,0,0,0,67301,0,0,0,N,0,0,0,4,67301,1,,1,1,,N,N,,0,,0,0,1,3,2,,40.0,1,2,0,0,0,0,0,3,4,0,2,3,,N,,,,,,,,,,,
2010052208,1950.0,1,0,0,0,0,0,0,0,0,8,0,,67,5,2010,6,39.984,-75.171,1945.0,6,0,0,0,0,0,0,0,0,1.0,0,0,0,99.0,1,1,0,,2,39 59:02.266,2.0,0,75 10:15.434,8,0,0,0,67301,1,0,0,N,1,0,0,2,67301,0,,1,1,,N,N,,0,,0,0,0,0,0,Y,9999.0,1,2,0,0,0,1,0,3,4,0,1,3,,N,,,,,,,,,,,
2010117833,427.0,1,0,0,0,0,0,0,0,0,1,0,,67,11,2010,3,40.0367,-75.0645,423.0,6,0,0,0,0,0,1,0,0,9.0,0,0,0,4.0,3,1,1,,1,40 02:12.235,2.0,0,75 03:52.193,8,0,0,0,67301,0,0,0,N,0,0,0,2,67301,0,,1,1,,N,N,,0,,0,0,1,3,2,N,420.0,1,2,0,0,0,1,0,3,4,0,2,3,,N,,,,,,,,,,,
2010097809,1552.0,3,0,0,0,0,0,0,0,0,1,0,,67,10,2010,6,39.9502,-75.1412,1543.0,6,0,0,0,0,1,1,0,0,1.0,0,0,0,15.0,1,1,0,,2,39 57:01.207,1.0,0,75 08:28.271,8,0,0,0,67301,0,0,0,N,0,0,0,3,68K01,0,,1,1,,N,N,,0,,0,0,0,0,0,N,1537.0,1,3,0,0,0,1,0,3,4,0,3,3,,N,,,,,,,,,,,
2010091129,1330.0,1,0,0,0,0,0,0,0,0,7,0,,67,8,2010,1,40.0487,-75.0321,1325.0,6,0,0,0,0,0,0,0,0,,0,0,0,13.0,1,0,0,,0,40 02:55.465,,3,75 01:55.579,0,0,0,0,67301,0,0,0,,0,0,0,2,67301,0,,1,9,,,,,0,,0,0,0,0,0,,1320.0,0,1,0,0,0,0,0,3,4,0,1,7,,N,,,,,,,,,,,
2010117881,1802.0,1,0,0,0,0,0,0,0,0,1,0,,67,10,2010,6,40.0375,-75.1379,1800.0,6,0,0,0,0,0,0,0,0,1.0,0,0,0,18.0,1,0,1,,1,40 02:15.144,5.0,0,75 08:16.569,0,0,0,0,67301,0,0,0,N,0,0,0,2,67301,0,,1,1,,N,N,,1,,0,0,0,3,2,Y,1800.0,0,2,0,0,1,0,0,3,4,0,2,3,,N,,,,,,,,,,,
2010087102,1617.0,1,0,0,0,0,0,0,0,0,5,0,,67,9,2010,7,39.9106,-75.1591,1617.0,6,0,0,0,0,1,0,0,0,,0,0,0,16.0,1,1,0,,0,39 54:38.174,,0,75 09:32.818,8,0,0,0,67301,0,0,0,N,0,0,0,7,67501,0,,1,1,,N,N,,0,,0,0,1,0,0,,1615.0,1,2,0,0,0,1,0,3,4,0,2,3,,N,,,,,,,,,,,
2010126693,1716.0,1,0,0,0,0,0,0,0,0,7,0,,67,12,2010,7,39.88,-75.248,1715.0,6,0,0,0,0,0,0,0,0,,0,0,0,17.0,3,0,0,,0,39 52:47.993,,0,75 14:52.773,0,0,0,0,67301,0,0,0,N,0,0,0,3,68K01,0,,2,1,,N,N,,0,,0,0,0,0,0,,1712.0,0,1,0,0,0,0,0,3,4,0,1,3,,N,,,,,,,,,,,
2010126977,1007.0,1,0,0,0,0,0,0,0,0,7,0,,67,12,2010,4,39.8913,-75.2382,1002.0,6,0,0,0,0,0,0,0,0,,0,0,0,9.0,1,1,0,,0,39 53:28.674,,0,75 14:17.674,4,0,0,0,67301,0,0,0,N,0,0,0,1,68K01,1,,2,9,,N,N,,0,,0,0,0,0,0,,953.0,1,1,0,0,0,0,0,3,4,0,1,7,,N,,,,,,,,,,,
2010126978,2355.0,1,0,0,0,0,0,0,0,0,1,1,,67,12,2010,4,40.0119,-75.0599,2349.0,6,0,0,0,0,0,1,0,0,2.0,0,1,0,23.0,3,1,0,,1,40 00:43.201,1.0,0,75 03:35.381,8,0,0,0,67301,0,0,0,N,0,0,0,2,68K01,0,,1,1,,N,N,,0,,0,0,0,0,0,N,2347.0,1,2,0,0,0,1,0,3,4,0,2,3,,N,,,,,,,,,,,
2010102074,1430.0,1,0,0,0,0,0,0,0,0,5,0,,67,9,2010,6,40.0221,-75.0391,1424.0,6,0,0,0,0,0,0,1,0,1.0,0,0,0,14.0,1,3,0,,2,40 01:19.073,2.0,0,75 02:21.107,4,0,0,0,67301,0,0,0,N,0,0,0,5,68K01,3,,1,1,,N,N,,1,,0,0,0,0,0,N,1424.0,3,3,0,0,0,0,1,3,4,0,3,3,,N,,,,,,,,,,,
2010121915,1650.0,2,0,0,0,0,0,0,0,0,4,0,,67,11,2010,4,40.0868,-74.9718,1647.0,6,0,0,0,0,0,0,0,0,2.0,0,0,0,16.0,1,0,1,,1,40 05:12.685,1.0,0,74 58:19.097,0,0,0,0,67301,0,0,0,,0,0,0,4,67301,0,,1,1,,,,,0,,0,0,0,3,2,N,1646.0,0,2,0,0,0,0,0,3,4,0,2,3,,N,,,,,,,,,,,
2010122404,1130.0,1,0,0,0,0,0,0,0,0,4,0,,67,11,2010,7,40.0101,-75.1362,1127.0,6,0,0,0,1,0,1,0,0,,0,0,0,11.0,1,1,2,,0,40 00:36.514,,0,75 08:10.442,3,0,0,0,67301,0,0,0,N,0,0,0,3,67301,0,,1,1,,N,N,,1,,1,0,0,3,2,,1110.0,1,3,0,0,3,0,0,3,4,1,3,3,,N,,,,,,,,,,,
2010113810,1936.0,2,0,0,0,0,0,0,0,0,6,0,,67,10,2010,4,40.05,-75.0672,1936.0,6,0,0,0,0,0,0,0,0,,0,0,0,19.0,3,1,0,,0,40 02:59.862,,0,75 04:02.016,3,0,0,0,67301,0,0,0,N,0,0,0,2,67301,0,,1,1,,N,N,,0,,1,0,0,0,0,,1936.0,1,2,0,0,0,0,0,3,4,0,2,3,,N,,,,,,,,,,,
2010111461,335.0,1,0,0,0,0,0,0,0,0,7,0,,67,10,2010,7,39.9631,-75.207,328.0,6,0,0,0,0,0,0,0,0,,0,0,0,3.0,3,0,0,,0,39 57:47.317,,0,75 12:25.260,0,0,0,0,67301,0,0,0,N,0,0,0,0,67301,0,,5,1,,N,N,,0,,0,0,0,0,0,,320.0,0,1,0,0,0,0,0,3,4,0,1,3,,N,,,,,,,,,,,
2010069774,38.0,2,0,0,0,0,0,0,0,0,4,0,,67,6,2010,5,40.0268,-75.027,37.0,6,0,0,0,0,0,1,0,0,,0,0,0,0.0,3,2,1,,0,40 01:34.881,,2,75 01:39.926,3,0,0,0,67301,0,0,0,,0,0,0,4,67301,0,,1,1,,N,N,,0,,2,0,0,3,2,,30.0,2,2,0,0,0,0,0,3,4,0,2,3,,N,,,,,,,,,,,
2010069249,1054.0,1,0,0,1,0,0,0,0,0,4,0,,67,6,2010,1,39.938,-75.1977,1050.0,6,0,0,0,0,0,0,0,0,,0,0,0,10.0,1,1,1,,0,39 56:16.897,,0,75 11:51.730,8,0,0,0,67301,1,0,0,N,0,0,0,2,67301,0,,1,1,,N,N,,0,,0,0,0,3,3,,1048.0,1,2,0,0,0,1,1,3,4,0,1,3,,N,,,,,,,,,,,
2010074362,1750.0,2,0,0,0,0,0,0,0,0,1,0,,67,7,2010,6,39.9737,-75.2078,1740.0,6,0,0,0,0,0,1,0,0,,0,0,0,17.0,1,1,0,,0,39 58:25.251,,0,75 12:28.030,4,0,0,0,67301,0,0,0,N,0,0,0,4,67301,1,,1,1,,N,N,,0,,0,0,0,0,0,,1740.0,1,2,0,0,0,0,0,3,4,0,2,3,,N,,,,,,,,,,,
2010074388,1000.0,2,0,0,0,0,0,0,0,0,4,0,,67,7,2010,5,39.9693,-75.2139,950.0,6,0,0,0,0,0,1,1,0,,0,0,0,9.0,1,1,1,,0,39 58:09.458,,0,75 12:49.863,8,0,0,0,67301,0,0,0,N,0,0,0,2,67301,0,,1,1,,N,N,,0,,0,0,0,3,3,,948.0,1,2,0,0,0,1,1,3,4,0,2,3,,N,,,,,,,,,,,