CRN,ARRIVAL_TM,AUTOMOBILE_COUNT,BELTED_DEATH_COUNT,BELTED_SUSP_SERIOUS_INJ_COUNT,BICYCLE_COUNT,BICYCLE_DEATH_COUNT,BICYCLE_SUSP_SERIOUS_INJ_COUNT,BUS_COUNT,CHLDPAS_DEATH_COUNT,CHLDPAS_SUSP_SERIOUS_INJ_COUNT,COLLISION_TYPE,COMM_VEH_COUNT,CONS_ZONE_SPD_LIM,COUNTY,CRASH_MONTH,CRASH_YEAR,DAY_OF_WEEK,DEC_LAT,DEC_LONG,DISPATCH_TM,DISTRICT,DRIVER_COUNT_16YR,DRIVER_COUNT_17YR,DRIVER_COUNT_18YR,DRIVER_COUNT_19YR,DRIVER_COUNT_20YR,DRIVER_COUNT_50_64YR,DRIVER_COUNT_65_74YR,DRIVER_COUNT_75PLUS,EST_HRS_CLOSED,FATAL_COUNT,HEAVY_TRUCK_COUNT,HORSE_BUGGY_COUNT,HOUR_OF_DAY,ILLUMINATION,INJURY_COUNT,INTERSECT_TYPE,INTERSECTION_RELATED,LANE_CLOSED,LATITUDE,LN_CLOSE_DIR,LOCATION_TYPE,LONGITUDE,MAX_SEVERITY_LEVEL,MCYCLE_DEATH_COUNT,MCYCLE_SUSP_SERIOUS_INJ_COUNT,MOTORCYCLE_COUNT,MUNICIPALITY,NONMOTR_COUNT,NONMOTR_DEATH_COUNT,NONMOTR_SUSP_SERIOUS_INJ_COUNT,NTFY_HIWY_MAINT,PED_COUNT,PED_DEATH_COUNT,PED_SUSP_SERIOUS_INJ_COUNT,PERSON_COUNT,POLICE_AGCY,POSSIBLE_INJ_COUNT,RDWY_SURF_TYPE_CD,RELATION_TO_ROAD,ROAD_CONDITION,ROADWAY_CLEARED,SCH_BUS_IND,SCH_ZONE_IND,SECONDARY_CRASH,SMALL_TRUCK_COUNT,SPEC_JURIS_CD,SUSP_MINOR_INJ_COUNT,SUSP_SERIOUS_INJ_COUNT,SUV_COUNT,TCD_FUNC_CD,TCD_TYPE,TFC_DETOUR_IND,TIME_OF_DAY,TOT_INJ_COUNT,TOTAL_UNITS,UNB_DEATH_COUNT,UNB_SUSP_SERIOUS_INJ_COUNT,UNBELTED_OCC_COUNT,UNK_INJ_DEG_COUNT,UNK_INJ_PER_COUNT,URBAN_AREA,URBAN_RURAL,VAN_COUNT,VEHICLE_COUNT,WEATHER1,WEATHER2,WORK_ZONE_IND,WORK_ZONE_LOC,WORK_ZONE_TYPE,WORKERS_PRES,WZ_CLOSE_DETOUR,WZ_FLAGGER,WZ_LAW_OFFCR_IND,WZ_LN_CLOSURE,WZ_MOVING,WZ_OTHER,WZ_SHLDER_MDN,WZ_WORKERS_INJ_KILLED
2010074523,345.0,1,0,0,0,0,0,0,0,0,1,0,,67,7,2010,2,39.9179,-75.2242,345.0,6,0,0,0,0,0,0,0,0,,0,0,0,18.0,1,2,2,,0,39 55:04.342,,0,75 13:27.274,4,0,0,0,67301,0,0,0,N,0,0,0,3,67301,2,,1,1,,N,N,,0,,0,0,1,3,3,,1830.0,2,2,0,0,0,0,1,3,4,0,2,3,,N,,,,,,,,,,,
2010069663,1835.0,1,0,0,0,0,0,0,0,0,8,0,,67,6,2010,6,39.998,-75.1041,1830.0,6,0,0,0,0,0,1,0,0,,0,0,0,18.0,1,1,0,,0,39 59:52.913,,0,75 06:14.591,4,0,0,0,67301,1,0,0,N,1,0,0,2,67301,1,,1,1,,N,N,,0,,0,0,0,0,0,,1830.0,1,2,0,0,0,0,0,3,4,0,1,3,,N,,,,,,,,,,,
2010069679,1845.0,2,0,0,0,0,0,0,0,0,1,0,,67,6,2010,6,39.9571,-75.2263,1841.0,6,0,0,0,0,0,0,0,0,1.0,0,0,0,16.0,1,1,0,,1,39 57:25.420,4.0,0,75 13:34.660,4,0,0,0,67301,0,0,0,N,0,0,0,6,67301,1,,1,1,,N,N,,0,,0,0,0,0,0,N,1635.0,1,2,0,0,1,0,1,3,4,0,2,3,,N,,,,,,,,,,,
2010084542,1642.0,1,0,0,0,0,0,0,0,0,4,0,,67,7,2010,4,39.9933,-75.1003,1641.0,6,0,0,0,0,0,0,0,0,,0,0,0,16.0,1,1,1,,0,39 59:35.905,,0,75 06:01.162,4,0,0,0,67301,0,0,0,,0,0,0,2,67301,1,,1,9,,N,N,,0,,0,0,1,3,3,,1630.0,1,3,0,0,1,0,0,3,4,1,3,7,,N,,,,,,,,,,,
2010074090,25.0,1,0,0,1,1,0,0,0,0,2,0,,67,7,2010,1,40.0075,-75.0862,20.0,6,0,0,0,0,0,0,0,0,4.0,1,0,0,0.0,3,0,0,,2,40 00:26.302,5.0,0,75 05:11.819,1,0,0,0,67301,1,1,0,N,0,0,0,2,67301,0,2.0,1,1,,N,N,,0,0.0,0,0,0,0,0,Y,20.0,0,2,0,0,0,0,0,3,4,0,1,3,,N,,,,,,,,,,,
2010081758,940.0,0,0,0,0,0,0,0,0,0,8,0,,67,7,2010,6,39.9528,-75.1669,938.0,6,0,0,0,0,0,1,0,0,,0,0,0,9.0,1,1,1,,0,39 57:10.041,,0,75 10:00.776,3,0,0,0,67301,1,0,0,,1,0,0,2,67301,0,,1,1,,,,,0,,1,0,1,3,2,,937.0,1,2,0,0,0,0,0,3,4,0,1,3,,N,,,,,,,,,,,
2010070027,1142.0,1,0,0,0,0,0,1,0,0,5,1,,67,6,2010,3,39.885,-75.2502,1142.0,6,0,0,0,0,0,0,0,0,,0,0,0,11.0,1,1,2,,0,39 53:06.408,,0,75 15:00.477,4,0,0,0,67301,0,0,0,N,0,0,0,2,67301,1,,1,1,,N,N,,0,,0,0,0,0,0,,1142.0,1,2,0,0,0,0,0,3,4,0,2,3,,N,,,,,,,,,,,
2010081889,1658.0,2,0,0,0,0,0,0,0,0,4,0,,67,8,2010,5,39.8988,-75.1729,1650.0,6,0,0,0,0,0,1,0,0,1.0,0,0,0,16.0,1,1,0,,2,39 53:58.178,1.0,0,75 09:49.648,4,0,0,0,67301,0,0,0,N,0,0,0,6,68K01,1,,1,1,,N,N,,0,,0,0,1,0,0,N,1647.0,1,3,0,0,1,0,0,3,4,0,3,3,,N,,,,,,,,,,,
2010071361,1554.0,0,0,0,0,0,0,0,0,0,1,0,,67,7,2010,6,39.9595,-75.176,1542.0,6,0,0,0,0,0,0,0,0,1.0,0,0,0,15.0,1,0,0,,2,39 57:34.296,3.0,0,75 10:33.763,0,0,0,0,67301,0,0,0,N,0,0,0,4,68K01,0,,1,1,,N,N,,0,,0,0,2,0,0,N,1539.0,0,2,0,0,0,0,0,3,4,0,2,3,,N,,,,,,,,,,,
2010058965,1210.0,1,0,0,0,0,0,0,0,0,4,0,,67,5,2010,3,39.9692,-75.1331,1200.0,6,0,0,0,0,0,2,0,0,,0,0,0,11.0,1,1,2,,0,39 58:09.536,,0,75 07:59.493,4,0,0,0,67301,0,0,0,N,0,0,0,2,67301,1,,1,9,,N,N,,1,,0,0,0,0,0,,1158.0,1,2,0,0,0,0,0,3,4,0,2,7,,N,,,,,,,,,,,
2010027882,740.0,2,0,0,0,0,0,0,0,0,4,0,,67,1,2010,3,40.0443,-75.0539,736.0,6,0,0,0,0,0,1,0,0,,0,0,0,7.0,1,1,0,,0,40 02:39.499,,7,75 03:14.159,4,0,0,0,67301,0,0,0,,0,0,0,2,67301,1,,1,1,,N,N,,0,,0,0,0,3,3,,728.0,1,2,0,0,0,0,0,3,4,0,2,3,,N,,,,,,,,,,,
2010027885,850.0,1,0,0,0,0,0,0,0,0,8,0,,67,1,2010,6,39.9736,-75.1519,845.0,6,0,0,0,0,0,0,0,0,,0,0,0,8.0,1,1,1,,0,39 58:24.945,,0,75 09:06.901,4,0,0,0,67301,0,0,0,N,0,0,0,2,67301,1,,9,1,,N,N,,0,,0,0,1,3,2,,830.0,1,3,0,0,1,0,0,3,4,1,3,3,,N,,,,,,,,,,,
2010028202,725.0,0,0,0,0,0,0,0,0,0,7,0,,67,2,2010,4,40.1024,-74.9702,720.0,6,0,0,0,0,0,0,0,1,,0,0,0,7.0,1,1,0,,0,40 06:08.710,,0,74 58:12.759,4,0,0,0,67301,0,0,0,N,0,0,0,1,67301,1,,5,7,,N,,,0,,0,0,1,0,0,,712.0,1,1,0,0,0,0,0,3,4,0,1,10,,N,,,,,,,,,,,
2010027948,1058.0,2,0,0,0,0,0,0,0,0,4,0,,67,2,2010,1,40.0631,-75.0516,1056.0,6,0,0,0,0,0,0,0,0,,0,0,0,10.0,1,1,1,,0,40 03:47.297,,0,75 03:06.176,4,0,0,0,67301,0,0,0,,0,0,0,2,67301,1,,1,9,,,,,0,,0,0,0,2,2,,1051.0,1,2,0,0,0,0,0,3,4,0,2,3,,N,,,,,,,,,,,
2010028348,415.0,0,0,0,0,0,0,0,0,0,8,0,,67,2,2010,7,39.9537,-75.2404,400.0,6,0,0,0,0,0,0,0,0,,0,0,0,3.0,6,1,0,,0,39 57:13.428,,0,75 14:25.295,4,0,0,0,67301,1,0,0,N,1,0,0,2,67301,1,,1,2,,N,N,,0,,0,0,0,0,0,,300.0,1,2,0,0,0,0,0,3,4,0,1,99,,N,,,,,,,,,,,
2010028388,1120.0,1,0,0,0,0,0,0,0,0,8,0,,67,2,2010,5,39.9724,-75.2174,1110.0,6,0,0,0,0,0,0,1,0,,0,0,0,11.0,1,1,1,,0,39 58:20.706,,0,75 13:02.730,8,0,0,0,67301,1,0,0,N,1,0,0,2,67301,0,,1,7,,N,N,,0,,0,0,0,3,2,,1105.0,1,2,0,0,0,1,0,3,4,0,1,10,,N,,,,,,,,,,,
2010103619,1902.0,1,0,0,0,0,0,0,0,0,1,0,,67,10,2010,1,39.9812,-75.2066,1856.0,6,0,0,0,0,0,0,0,0,,0,0,0,18.0,3,1,0,,0,39 58:55.907,,0,75 12:27.034,8,0,0,0,67301,0,0,0,N,0,0,0,2,68K01,0,,1,1,,N,N,,0,,0,0,0,0,0,,1851.0,1,2,0,0,0,1,1,3,4,0,2,3,,N,,,,,,,,,,,
2011009980,1250.0,0,0,0,0,0,0,0,0,0,7,0,,67,11,2010,3,40.0161,-75.2048,1250.0,6,0,0,0,0,0,0,0,0,,0,0,0,16.0,8,1,0,,0,40 00:57.880,,0,75 12:17.140,8,0,0,0,67301,0,0,0,,0,0,0,1,67301,0,,3,9,,N,N,,0,,0,0,0,0,0,,1600.0,1,1,0,0,0,1,0,3,4,1,1,7,,N,,,,,,,,,,,
2011009782,1441.0,1,0,0,0,0,0,0,0,0,4,0,,67,12,2010,5,39.943,-75.2268,1442.0,6,0,0,0,0,0,1,0,0,,0,0,0,14.0,1,2,1,,0,39 56:34.638,,0,75 13:36.512,4,0,0,0,67301,0,0,0,N,0,0,0,3,67301,2,,1,6,,N,N,,0,,0,0,1,3,2,,1421.0,2,2,0,0,0,0,0,3,4,0,2,3,,N,,,,,,,,,,,
2011009811,9999.0,0,0,0,0,0,0,0,0,0,1,0,,67,12,2010,3,39.9926,-75.1682,9999.0,6,0,0,0,0,0,0,0,0,,0,0,0,99.0,1,1,1,,0,39 59:33.432,,0,75 10:05.681,8,0,0,0,67301,0,0,0,N,0,0,0,5,67301,0,,1,1,,N,N,,0,,0,0,2,3,2,,9999.0,1,3,0,0,0,1,0,3,4,1,3,3,,N,,,,,,,,,,,
2010088803,2336.0,0,0,0,0,0,0,0,0,0,8,0,,67,8,2010,7,40.0286,-75.1644,2329.0,6,0,0,0,0,0,0,0,0,,0,0,0,23.0,3,1,2,,0,40 01:43.101,,0,75 09:51.860,4,0,0,0,67301,1,0,0,N,1,0,0,2,67301,1,,1,1,,N,N,,0,,0,0,0,0,0,,2329.0,1,2,0,0,0,0,0,3,4,1,1,3,,N,,,,,,,,,,,
2010099730,2216.0,2,0,0,0,0,0,0,0,0,4,0,,67,8,2010,3,40.0166,-75.1472,2206.0,6,0,0,0,0,0,0,0,0,,0,0,0,22.0,3,1,1,,0,40 00:59.814,,0,75 08:49.815,4,0,0,0,67301,0,0,0,N,0,0,0,2,67301,1,,1,1,,N,N,,0,,0,0,0,3,2,,2206.0,1,2,0,0,0,0,0,3,4,0,2,3,,N,,,,,,,,,,,
2010102965,1914.0,0,0,0,0,0,0,0,0,0,8,0,,67,9,2010,5,40.1079,-75.0264,1836.0,6,0,0,0,0,0,0,0,0,,0,0,0,15.0,1,1,2,,0,40 06:28.498,,0,75 01:35.131,2,0,0,0,67301,1,0,1,,1,0,1,2,67301,0,,1,1,,N,Y,,0,,0,1,0,3,2,,1500.0,1,2,0,0,0,0,0,3,4,0,1,3,,N,,,,,,,,,,,
2010102988,1348.0,1,0,0,0,0,0,0,0,0,1,0,,67,9,2010,2,40.045,-75.1238,1343.0,6,0,0,0,0,1,0,0,0,,0,0,0,13.0,1,1,0,,0,40 02:42.082,,0,75 07:25.567,4,0,0,0,67301,0,0,0,N,0,0,0,5,67301,1,,1,9,,N,N,,1,,0,0,0,0,0,,1330.0,1,2,0,0,0,0,1,3,4,0,2,7,,N,,,,,,,,,,,
2010037537,1516.0,1,0,0,0,0,0,0,0,0,1,0,,67,4,2010,6,39.9596,-75.1755,1510.0,6,0,0,0,0,0,1,0,0,,0,0,0,15.0,1,1,0,,0,39 57:34.923,,0,75 10:35.158,8,0,0,0,67301,0,0,0,N,0,0,0,3,68K01,0,,1,1,,N,N,,0,,0,0,1,0,0,,1507.0,1,2,0,0,0,1,0,3,4,0,2,3,,N,,,,,,,,,,,
2010048629,2035.0,2,0,0,0,0,0,0,0,0,4,0,,67,4,2010,2,40.0015,-75.1042,2035.0,6,0,0,1,0,0,0,0,0,,0,0,0,20.0,3,3,5,,0,40 00:05.418,,0,75 06:14.947,4,0,0,0,67301,0,0,0,,0,0,0,5,67301,3,,1,1,,,,,0,,0,0,0,3,2,,2025.0,3,3,0,0,0,0,0,3,4,1,3,3,,N,,,,,,,,,,,
2010067939,310.0,1,0,0,0,0,0,1,0,0,4,1,,67,6,2010,1,39.9626,-75.2467,308.0,6,0,0,1,0,0,0,0,0,,0,0,0,2.0,3,4,1,,0,39 57:45.461,,0,75 14:48.589,8,0,0,0,67301,0,0,0,N,0,0,0,5,67301,0,,1,1,,N,N,,0,,0,0,0,3,2,,245.0,4,2,0,0,0,4,0,3,4,0,2,3,,N,,,,,,,,,,,
2010062660,1105.0,1,0,0,0,0,0,0,0,0,4,0,,67,5,2010,3,39.964,-75.1628,1105.0,6,0,0,0,0,0,0,0,0,,0,0,0,11.0,1,2,1,,0,39 57:50.418,,0,75 09:46.090,4,0,0,0,67301,0,0,0,,0,0,0,2,67301,2,,1,1,,,,,0,,0,0,0,3,3,,1105.0,2,2,0,0,0,0,0,3,4,1,2,3,,N,,,,,,,,,,,
2010062702,1452.0,2,0,0,0,0,0,0,0,0,4,0,,67,5,2010,3,39.9274,-75.1734,1446.0,6,0,0,0,0,0,0,0,1,,0,0,0,14.0,1,1,1,,0,39 55:38.535,,0,75 10:24.247,4,0,0,0,67301,0,0,0,,0,0,0,2,67301,1,,1,1,,,,,0,,0,0,0,3,3,,1440.0,1,2,0,0,0,0,0,3,4,0,2,3,,N,,,,,,,,,,,
2010059540,9999.0,1,0,0,0,0,0,0,0,0,8,0,,67,4,2010,5,40.0271,-75.1402,1703.0,6,0,0,0,0,0,0,0,0,,0,0,0,99.0,1,1,0,,0,40 01:37.401,,0,75 08:24.842,8,0,0,0,67301,1,0,0,N,1,0,0,2,67301,0,,1,98,,N,N,,0,,0,0,0,0,0,,9999.0,1,2,0,0,0,1,0,3,4,0,1,99,,N,,,,,,,,,,,
2010048901,17.0,1,0,0,0,0,0,0,0,0,8,0,,67,4,2010,4,40.0022,-75.1577,13.0,6,0,0,0,0,0,1,0,0,,0,0,0,0.0,3,1,1,,0,40 00:07.944,,0,75 09:27.619,4,0,0,0,67301,1,0,0,N,1,0,0,2,67601,1,,1,1,,N,N,,0,,0,0,0,3,2,,10.0,1,2,0,0,0,0,0,3,4,0,1,3,,N,,,,,,,,,,,
2010048921,1225.0,2,0,0,0,0,0,0,0,0,6,0,,67,4,2010,2,40.0072,-75.1229,1225.0,6,0,0,0,0,0,1,0,0,,0,0,0,11.0,1,0,0,,0,40 00:25.743,,0,75 07:22.539,0,0,0,0,67301,0,0,0,,0,0,0,3,67301,0,,1,9,,,,,0,,0,0,0,0,0,,1145.0,0,2,0,0,0,0,0,3,4,0,2,7,,N,,,,,,,,,,,
2010052141,1407.0,0,0,0,0,0,0,1,0,0,5,1,,67,4,2010,4,39.9511,-75.1536,1405.0,6,0,0,0,0,0,0,0,0,1.0,0,0,0,14.0,1,1,1,,2,39 57:04.181,2.0,0,75 09:12.842,4,0,0,0,67301,0,0,0,,0,0,0,3,67301,1,,1,1,,N,N,,0,,0,0,1,3,2,Y,1400.0,1,2,0,0,0,0,0,3,4,0,2,3,,N,,,,,,,,,,,
2010054958,317.0,1,0,0,0,0,0,0,0,0,1,0,,67,5,2010,7,39.9953,-75.0836,308.0,6,0,0,0,0,0,0,0,0,,0,0,0,3.0,3,1,0,,0,39 59:42.854,,0,75 05:01.047,4,0,0,0,67301,0,0,0,N,0,0,0,2,68K01,1,,1,1,,N,N,,0,,0,0,1,0,0,,304.0,1,2,0,0,0,0,0,3,4,0,2,3,,N,,,,,,,,,,,
2010052445,202.0,1,0,0,0,0,0,0,0,0,5,0,,67,5,2010,1,40.0246,-75.1661,201.0,6,0,0,1,0,0,1,0,0,2.0,0,0,0,2.0,3,2,0,,1,40 01:28.500,2.0,0,75 09:58.299,4,0,0,1,67301,0,0,0,N,0,0,0,3,67301,2,,1,1,,N,N,,0,,0,0,0,0,0,N,201.0,2,2,0,0,0,0,1,3,4,0,2,3,,N,,,,,,,,,,,
2010052177,47.0,1,0,0,0,0,0,0,0,0,7,0,,67,5,2010,7,39.9656,-75.2325,47.0,6,0,0,0,0,0,0,0,0,9.0,0,0,0,0.0,3,4,0,,1,39 57:56.278,3.0,0,75 13:56.906,2,0,0,0,67301,0,0,0,N,0,0,0,4,67301,2,,5,1,,N,N,,0,,1,1,0,0,0,N,47.0,4,1,0,1,4,0,0,3,4,0,1,3,,N,,,,,,,,,,,
2010052497,1420.0,2,0,0,0,0,0,0,0,0,6,0,,67,5,2010,1,39.9564,-75.1443,1416.0,6,0,0,0,0,0,1,1,0,,0,0,0,99.0,1,0,1,,0,39 57:23.011,,0,75 08:39.598,0,0,0,0,67301,0,0,0,N,0,0,0,2,67301,0,,1,1,,N,N,,0,,0,0,0,3,3,,9999.0,0,2,0,0,0,0,0,3,4,0,2,3,,N,,,,,,,,,,,
2010052246,1352.0,4,0,0,0,0,0,0,0,0,4,0,,67,5,2010,3,39.9765,-75.2353,1350.0,6,0,0,0,1,0,0,1,0,1.0,0,0,0,13.0,1,2,1,,2,39 58:35.313,7.0,0,75 14:07.216,4,0,0,0,67301,0,0,0,N,0,0,0,6,67301,2,,1,1,,N,N,,0,,0,0,0,3,2,Y,1336.0,2,4,0,0,0,0,0,3,4,0,4,3,,N,,,,,,,,,,,
2010117816,1043.0,2,0,0,0,0,0,0,0,0,4,0,,67,10,2010,1,39.9602,-75.1909,1041.0,6,0,0,0,0,0,0,0,0,,0,0,0,10.0,1,3,1,,0,39 57:36.745,,0,75 11:27.211,4,0,0,0,67301,0,0,0,N,0,0,0,5,67301,3,,1,1,,N,N,,0,,0,0,0,3,2,,1040.0,3,3,0,0,0,0,0,3,4,1,3,3,,N,,,,,,,,,,,
2010117846,315.0,2,0,0,0,0,0,0,0,0,5,0,,67,10,2010,1,39.954,-75.1598,312.0,6,0,0,0,0,0,0,0,0,,0,0,0,3.0,3,0,0,,0,39 57:14.383,,0,75 09:35.379,0,0,0,0,67301,0,0,0,N,0,0,0,1,67301,0,,6,1,,N,N,,0,,0,0,0,0,0,,310.0,0,2,0,0,0,0,0,3,4,0,2,3,,N,,,,,,,,,,,
2010091087,1037.0,3,0,0,0,0,0,0,0,0,4,0,,67,8,2010,3,40.015,-75.1352,1034.0,6,0,0,0,0,0,0,0,0,3.0,0,0,0,10.0,1,4,1,,2,40 00:54.079,5.0,0,75 08:06.611,4,0,0,0,67301,0,0,0,,0,0,0,4,67301,4,,1,1,,N,N,,0,,0,0,0,3,2,Y,1033.0,4,3,0,0,0,0,0,3,4,0,3,3,,N,,,,,,,,,,,
2010121905,1920.0,3,0,0,0,0,0,0,0,0,1,0,,67,11,2010,2,40.0277,-75.11,1918.0,6,0,0,0,0,0,0,0,0,1.0,0,0,0,19.0,3,1,2,,1,40 01:39.836,1.0,0,75 06:35.867,4,0,0,0,67301,0,0,0,N,0,0,0,3,67301,1,,1,1,,N,N,,0,,0,0,0,3,2,N,1917.0,1,3,0,0,0,0,0,3,4,0,3,3,,N,,,,,,,,,,,
2010124079,1211.0,1,0,0,0,0,0,0,0,0,7,0,,67,12,2010,4,39.9837,-75.2081,1209.0,6,0,0,0,0,0,0,0,0,1.0,0,0,0,12.0,1,1,0,,1,39 59:05.850,4.0,0,75 12:29.558,4,0,0,0,67301,0,0,0,N,0,0,0,1,68K01,1,,4,9,,N,N,,0,,0,0,0,0,0,N,1207.0,1,1,0,0,0,0,0,3,4,0,1,7,,N,,,,,,,,,,,
2010111473,1645.0,0,0,0,0,0,0,0,0,0,8,0,,67,10,2010,5,39.9231,-75.163,1641.0,6,0,0,0,0,0,0,0,0,,0,0,0,15.0,1,1,1,,0,39 55:23.041,,0,75 09:46.778,4,0,0,0,67301,1,0,0,,1,0,0,2,67301,1,,1,1,,,,,0,,0,0,1,3,3,,1557.0,1,2,0,0,0,0,0,3,4,0,1,3,,N,,,,,,,,,,,
2010072287,1826.0,1,0,0,0,0,0,0,0,0,1,0,,67,7,2010,3,39.9941,-75.2418,1823.0,6,0,0,0,0,0,1,0,0,,0,0,0,99.0,1,2,0,,0,39 59:38.599,,0,75 14:30.527,4,0,0,0,67301,0,0,0,N,0,0,0,4,46104,2,,1,1,,N,N,,0,,0,0,2,0,0,,9999.0,2,3,0,0,0,0,0,3,4,0,3,3,,N,,,,,,,,,,,
2010069742,1603.0,0,0,0,0,0,0,0,0,0,8,0,,67,6,2010,3,40.1079,-75.0264,1559.0,6,0,0,0,0,0,0,0,0,,0,0,0,15.0,1,1,3,,0,40 06:28.498,,0,75 01:35.131,8,0,0,0,67301,1,0,0,,1,0,0,2,67301,0,,1,1,,,,,0,,0,0,1,3,2,,1558.0,1,2,0,0,0,1,0,3,4,0,1,3,,N,,,,,,,,,,,
2010069783,2045.0,1,0,0,0,0,0,0,0,0,2,0,,67,6,2010,5,40.003,-75.0951,2040.0,6,0,0,0,0,0,0,1,0,,0,0,0,20.0,1,2,2,,0,40 00:10.970,,0,75 05:42.386,3,0,0,1,67301,0,0,0,N,0,0,0,2,67301,0,,1,1,,N,N,,0,,1,0,0,0,0,,2015.0,2,2,0,0,0,1,0,3,4,0,2,3,,N,,,,,,,,,,,
2010076868,1022.0,1,0,0,0,0,0,0,0,0,7,0,,67,7,2010,3,39.9236,-75.1476,1021.0,6,0,0,0,0,0,0,0,0,1.0,0,0,0,10.0,1,1,0,,2,39 55:24.602,2.0,0,75 08:51.267,4,0,0,0,67301,0,0,0,N,0,0,0,2,68K01,1,,2,8,,N,N,,0,,0,0,1,0,0,Y,1006.0,1,2,0,0,0,0,0,3,4,0,2,7,,N,,,,,,,,,,,
2010074445,1055.0,1,0,0,0,0,0,0,0,0,4,0,,67,7,2010,6,39.9891,-75.0932,1050.0,6,0,0,0,0,0,0,0,0,,0,0,0,8.0,1,1,1,,0,39 59:20.587,,0,75 05:35.408,4,0,0,0,67301,0,0,0,N,0,0,0,2,67301,1,,1,1,,N,N,,0,,0,0,1,3,3,,830.0,1,2,0,0,0,0,0,3,4,0,2,3,,N,,,,,,,,,,,
2010061969,2155.0,1,0,0,0,0,0,0,0,0,4,0,,67,4,2010,2,40.0558,-75.1817,2151.0,6,0,0,0,0,0,0,0,0,,0,0,0,21.0,3,1,0,,0,40 03:20.955,,0,75 10:53.945,8,0,0,1,67301,0,0,0,N,0,0,0,2,67301,0,,1,1,,N,N,,0,,0,0,0,0,0,,2150.0,1,2,0,0,0,1,0,3,4,0,2,3,,N,,,,,,,,,,,
2010061974,2030.0,0,0,0,0,0,0,0,0,0,8,0,,67,4,2010,7,40.0481,-75.0691,2030.0,6,0,0,0,0,0,0,0,0,,0,0,0,20.0,3,1,1,,0,40 02:52.988,,0,75 04:08.639,4,0,0,0,67301,1,0,0,N,1,0,0,2,67301,1,,1,1,,N,N,,0,,0,0,0,3,2,,2028.0,1,2,0,0,0,0,1,3,4,1,1,3,,N,,,,,,,,,,,
2010067063,933.0,1,0,0,0,0,0,0,0,0,7,0,,67,6,2010,4,39.9842,-75.2268,931.0,6,0,0,0,0,0,0,0,0,,0,0,0,9.0,1,1,0,,0,39 59:03.267,,0,75 13:36.537,8,0,0,0,67301,0,0,0,N,0,0,0,1,67301,0,,5,1,,N,N,,0,,0,0,0,0,0,,930.0,1,1,0,0,0,1,0,3,4,0,1,3,,N,,,,,,,,,,,
2010069668,2201.0,1,0,0,1,0,0,0,0,0,4,0,,67,6,2010,4,39.9533,-75.1401,2200.0,6,0,0,0,0,0,0,0,0,,0,0,0,21.0,3,1,0,,0,39 57:11.910,,7,75 08:24.249,8,0,0,0,67301,1,0,0,,0,0,0,2,67301,0,,1,9,,N,N,,0,,0,0,0,0,0,,2155.0,1,2,0,0,0,1,1,3,4,0,1,3,,N,,,,,,,,,,,
2010081775,1913.0,1,0,0,0,0,0,0,0,0,4,0,,67,7,2010,1,40.0091,-75.1378,1910.0,6,0,0,0,0,0,0,0,0,,0,0,0,19.0,1,1,3,,0,40 00:32.885,,0,75 08:16.051,4,0,0,0,67301,0,0,0,N,0,0,0,3,67301,1,,1,1,,N,N,,1,,0,0,0,3,3,,1900.0,1,2,0,0,0,0,0,3,4,0,2,3,,N,,,,,,,,,,,
2010069974,1014.0,2,0,0,0,0,0,1,0,0,1,1,,67,6,2010,5,40.0487,-75.0516,1009.0,6,0,0,0,0,0,0,1,1,2.0,0,0,0,10.0,1,1,1,,1,40 02:55.266,2.0,0,75 03:05.832,8,0,0,0,67301,0,0,0,N,0,0,0,5,67301,0,,1,1,,N,N,,0,,0,0,0,0,0,N,1008.0,1,3,0,0,0,1,0,3,4,0,3,3,,N,,,,,,,,,,,
2010081891,1756.0,2,0,0,0,0,0,0,0,0,5,0,,67,8,2010,2,39.9812,-75.1026,1754.0,6,0,0,0,0,0,1,0,0,,0,0,0,17.0,1,1,0,,0,39 58:52.577,,0,75 06:08.810,8,0,0,0,67301,0,0,0,N,0,0,0,2,68K01,0,,1,9,,N,N,,0,,0,0,0,0,0,,1750.0,1,2,0,0,0,1,0,3,4,0,2,7,,N,,,,,,,,,,,
2010074609,1626.0,1,0,0,0,0,0,0,0,0,4,1,,67,7,2010,3,39.9249,-75.1729,1625.0,6,0,0,0,0,0,0,0,0,,0,1,0,16.0,1,1,1,,0,39 55:29.447,,0,75 10:22.035,8,0,0,0,67301,0,0,0,N,0,0,0,4,67301,0,,1,1,,N,N,,0,,0,0,0,3,2,,1625.0,1,2,0,0,4,1,0,3,4,0,2,3,,N,,,,,,,,,,,
2010074670,655.0,1,0,0,0,0,0,0,0,0,8,0,,67,7,2010,3,39.952,-75.1614,653.0,6,0,0,0,0,0,0,0,0,,0,0,0,6.0,1,1,1,,0,39 57:07.650,,0,75 09:41.127,4,0,0,0,67301,1,0,0,N,1,0,0,2,67301,1,,1,9,,N,N,,0,,0,0,0,3,2,,600.0,1,2,0,0,0,0,0,3,4,0,1,7,,N,,,,,,,,,,,