CRN,ARRIVAL_TM,AUTOMOBILE_COUNT,BELTED_DEATH_COUNT,BELTED_SUSP_SERIOUS_INJ_COUNT,BICYCLE_COUNT,BICYCLE_DEATH_COUNT,BICYCLE_SUSP_SERIOUS_INJ_COUNT,BUS_COUNT,CHLDPAS_DEATH_COUNT,CHLDPAS_SUSP_SERIOUS_INJ_COUNT,COLLISION_TYPE,COMM_VEH_COUNT,CONS_ZONE_SPD_LIM,COUNTY,CRASH_MONTH,CRASH_YEAR,DAY_OF_WEEK,DEC_LAT,DEC_LONG,DISPATCH_TM,DISTRICT,DRIVER_COUNT_16YR,DRIVER_COUNT_17YR,DRIVER_COUNT_18YR,DRIVER_COUNT_19YR,DRIVER_COUNT_20YR,DRIVER_COUNT_50_64YR,DRIVER_COUNT_65_74YR,DRIVER_COUNT_75PLUS,EST_HRS_CLOSED,FATAL_COUNT,HEAVY_TRUCK_COUNT,HORSE_BUGGY_COUNT,HOUR_OF_DAY,ILLUMINATION,INJURY_COUNT,INTERSECT_TYPE,INTERSECTION_RELATED,LANE_CLOSED,LATITUDE,LN_CLOSE_DIR,LOCATION_TYPE,LONGITUDE,MAX_SEVERITY_LEVEL,MCYCLE_DEATH_COUNT,MCYCLE_SUSP_SERIOUS_INJ_COUNT,MOTORCYCLE_COUNT,MUNICIPALITY,NONMOTR_COUNT,NONMOTR_DEATH_COUNT,NONMOTR_SUSP_SERIOUS_INJ_COUNT,NTFY_HIWY_MAINT,PED_COUNT,PED_DEATH_COUNT,PED_SUSP_SERIOUS_INJ_COUNT,PERSON_COUNT,POLICE_AGCY,POSSIBLE_INJ_COUNT,RDWY_SURF_TYPE_CD,RELATION_TO_ROAD,ROAD_CONDITION,ROADWAY_CLEARED,SCH_BUS_IND,SCH_ZONE_IND,SECONDARY_CRASH,SMALL_TRUCK_COUNT,SPEC_JURIS_CD,SUSP_MINOR_INJ_COUNT,SUSP_SERIOUS_INJ_COUNT,SUV_COUNT,TCD_FUNC_CD,TCD_TYPE,TFC_DETOUR_IND,TIME_OF_DAY,TOT_INJ_COUNT,TOTAL_UNITS,UNB_DEATH_COUNT,UNB_SUSP_SERIOUS_INJ_COUNT,UNBELTED_OCC_COUNT,UNK_INJ_DEG_COUNT,UNK_INJ_PER_COUNT,URBAN_AREA,URBAN_RURAL,VAN_COUNT,VEHICLE_COUNT,WEATHER1,WEATHER2,WORK_ZONE_IND,WORK_ZONE_LOC,WORK_ZONE_TYPE,WORKERS_PRES,WZ_CLOSE_DETOUR,WZ_FLAGGER,WZ_LAW_OFFCR_IND,WZ_LN_CLOSURE,WZ_MOVING,WZ_OTHER,WZ_SHLDER_MDN,WZ_WORKERS_INJ_KILLED
2010058962,1100.0,1,0,0,0,0,0,1,0,0,1,1,,67,5,2010,2,39.981,-75.1272,1059.0,6,0,0,0,0,0,0,0,0,,0,0,0,99.0,1,1,0,,0,39 58:51.768,,0,75 07:38.064,4,0,0,0,67301,0,0,0,N,0,0,0,1,67301,1,,2,1,,Y,Y,,0,,0,0,0,0,0,,9999.0,1,2,0,0,0,0,0,3,4,0,2,3,,N,,,,,,,,,,,
2010058969,657.0,2,0,0,0,0,0,0,0,0,1,0,,67,5,2010,7,40.0145,-75.1783,656.0,6,0,0,0,0,0,0,0,0,2.0,0,0,0,6.0,1,1,0,,1,40 00:52.170,2.0,0,75 10:42.106,8,0,0,0,67301,0,0,0,N,0,0,0,2,67301,0,,1,1,,,,,0,,0,0,0,0,0,N,655.0,1,2,0,0,0,1,0,3,4,0,2,3,,N,,,,,,,,,,,
2010027895,1725.0,2,0,0,0,0,0,0,0,0,4,0,,67,2,2010,4,39.9368,-75.2297,1720.0,6,0,0,0,0,0,2,0,0,,0,0,0,15.0,1,0,1,,0,39 56:12.483,,0,75 13:47.092,0,0,0,0,67301,0,0,0,N,0,0,0,2,67301,0,,1,1,,N,N,,0,,0,0,0,3,2,,1505.0,0,2,0,0,0,0,0,3,4,0,2,3,,N,,,,,,,,,,,
2010030603,1602.0,1,0,0,0,0,0,0,0,0,7,0,,67,3,2010,5,39.9863,-75.092,1602.0,6,0,0,0,1,0,0,0,0,,0,0,0,16.0,1,0,0,,0,39 59:10.848,,0,75 05:30.696,0,0,0,0,67301,0,0,0,N,0,0,0,1,68K01,0,,2,1,,N,N,,0,,0,0,0,0,0,,1602.0,0,1,0,0,1,0,0,3,4,0,1,3,,N,,,,,,,,,,,
2010033673,1346.0,1,0,0,0,0,0,0,0,0,1,1,,67,4,2010,5,39.9561,-75.1486,1346.0,6,0,0,0,0,0,0,0,0,,0,1,0,13.0,1,1,0,,0,39 57:24.320,,2,75 08:58.459,4,0,0,0,67301,0,0,0,N,0,0,0,2,67501,1,,1,1,,N,N,,0,,0,0,0,3,4,,1346.0,1,2,0,0,1,0,0,3,4,0,2,3,,N,,,,,,,,,,,
2010105677,1305.0,1,0,0,0,0,0,0,0,0,1,0,,67,9,2010,1,39.9756,-75.1919,1252.0,6,0,0,0,0,0,1,0,0,2.0,0,0,0,12.0,1,0,2,,1,39 58:31.946,1.0,0,75 11:30.568,0,0,0,0,67301,0,0,0,N,0,0,0,3,67301,0,,1,1,,N,N,,0,,0,0,1,0,0,N,1252.0,0,2,0,0,0,0,0,3,4,0,2,3,,N,,,,,,,,,,,
2010103055,9999.0,4,0,0,0,0,0,0,0,0,2,0,,67,9,2010,3,39.9967,-75.1066,213.0,6,0,0,0,0,1,0,0,0,9.0,0,0,0,2.0,3,2,1,,2,39 59:48.057,2.0,0,75 06:23.851,3,0,0,0,67301,0,0,0,,0,0,0,2,67301,0,,1,1,,,,,0,,1,0,3,9,3,Y,203.0,2,9,0,0,1,1,0,3,4,2,9,3,,N,,,,,,,,,,,
2010109704,1220.0,0,0,0,0,0,0,0,0,0,1,0,,67,10,2010,5,39.9446,-75.1914,1209.0,6,0,0,0,0,0,1,0,0,,0,0,0,12.0,1,0,0,,0,39 56:43.651,,0,75 11:24.998,0,0,0,0,67301,0,0,0,N,0,0,0,4,68K01,0,,1,1,,N,N,,0,,0,0,2,0,0,,1202.0,0,2,0,0,0,0,0,3,4,0,2,3,,N,,,,,,,,,,,
2010012397,1145.0,2,0,0,0,0,0,0,0,0,4,0,,67,1,2010,2,40.0351,-75.0695,1138.0,6,0,0,0,0,0,1,0,0,2.0,0,0,0,11.0,1,3,1,,2,40 02:06.425,1.0,0,75 04:10.216,4,0,0,0,67301,0,0,0,N,0,0,0,4,67301,3,,1,1,,N,N,,0,,0,0,0,3,2,N,1130.0,3,2,0,0,0,0,0,3,4,0,2,3,,N,,,,,,,,,,,
2010040529,1548.0,5,0,0,0,0,0,0,0,0,2,0,,67,3,2010,3,40.0114,-75.0701,1545.0,6,0,0,0,0,0,0,0,0,3.0,0,0,0,15.0,1,3,0,,1,40 00:41.153,1.0,0,75 04:12.154,4,0,0,0,67301,0,0,0,N,0,0,0,8,67301,3,,1,1,,N,N,,3,,0,0,0,0,0,Y,1535.0,3,8,0,0,0,0,0,3,4,0,8,3,,N,,,,,,,,,,,
2010070675,9999.0,1,0,0,0,0,0,0,0,0,8,0,,67,6,2010,4,39.9722,-75.2505,2104.0,6,0,0,0,0,0,1,0,0,,0,0,0,20.0,3,1,0,,0,39 58:19.854,,0,75 15:01.782,4,0,0,0,67301,1,0,0,,1,0,0,2,67301,1,,1,9,,N,,,0,,0,0,0,0,0,,2000.0,1,2,0,0,0,0,0,3,4,0,1,7,,N,,,,,,,,,,,
2010048775,805.0,2,0,0,0,0,0,0,0,0,4,0,,67,4,2010,5,39.9401,-75.1609,801.0,6,0,1,0,0,0,1,0,0,,0,0,0,7.0,1,2,2,,0,39 56:24.522,,0,75 09:39.081,4,0,0,0,67301,0,0,0,,0,0,0,2,67301,2,,1,1,,N,,,0,,0,0,0,3,2,,757.0,2,2,0,0,0,0,0,3,4,0,2,3,,N,,,,,,,,,,,
2010058812,238.0,1,0,0,0,0,0,0,0,0,7,0,,67,5,2010,7,39.9358,-75.1424,235.0,6,0,0,0,0,0,0,0,0,4.0,0,0,0,2.0,3,3,0,,2,39 56:08.894,2.0,0,75 08:32.454,3,0,0,0,67301,0,0,0,,0,0,0,4,67301,1,,3,1,,N,N,,0,,2,0,0,0,0,Y,235.0,3,1,0,0,0,0,1,3,4,0,1,3,,N,,,,,,,,,,,
2010060432,43.0,0,0,0,0,0,0,0,0,0,7,0,,67,6,2010,7,39.9603,-75.181,43.0,6,0,0,0,0,0,0,1,0,1.0,0,0,0,0.0,3,1,7,,2,39 57:36.360,4.0,2,75 10:47.280,8,0,0,0,67301,0,0,0,Y,0,0,0,1,68K01,0,,4,1,,N,N,,0,,0,0,1,0,0,N,30.0,1,1,0,0,0,1,0,3,4,0,1,3,,N,,,,,,,,,,,
2010070365,1025.0,2,0,0,0,0,0,0,0,0,5,0,,67,7,2010,4,39.9596,-75.1755,1018.0,6,0,0,0,0,0,2,0,0,,0,0,0,10.0,1,0,0,,0,39 57:34.923,,0,75 10:35.158,0,0,0,0,67301,0,0,0,N,0,0,0,2,68K01,0,,1,1,,N,N,,0,,0,0,0,0,0,,1014.0,0,2,0,0,0,0,0,3,4,0,2,3,,N,,,,,,,,,,,
2010067573,1203.0,0,0,0,0,0,0,0,0,0,7,0,,67,7,2010,7,,,1159.0,6,0,0,0,1,0,0,0,0,3.0,0,0,0,11.0,1,4,0,,2,,5.0,0,,8,0,0,0,67301,0,0,0,N,0,0,0,4,67301,0,,3,1,,N,N,,0,,0,0,1,0,0,Y,1157.0,4,1,0,0,0,4,0,3,3,0,1,3,,N,,,,,,,,,,,
2010073258,821.0,1,0,0,0,0,0,0,0,0,1,0,,67,7,2010,3,39.9945,-75.1986,809.0,6,0,0,0,0,0,1,0,0,,0,0,0,8.0,1,2,0,,0,39 59:43.568,,0,75 11:51.964,8,0,0,0,67301,0,0,0,N,0,0,0,4,68K01,0,,1,9,,N,N,,1,,0,0,0,0,0,,800.0,2,2,0,0,0,2,1,3,4,0,2,7,,N,,,,,,,,,,,
2010070762,1240.0,0,0,0,0,0,0,0,0,0,8,0,,67,6,2010,1,39.9617,-75.2409,1234.0,6,0,0,0,0,0,0,0,0,,0,0,0,10.0,1,1,0,,0,39 57:42.071,,0,75 14:27.096,4,0,0,0,67301,1,0,0,N,1,0,0,2,67301,1,,1,1,,N,N,,0,,0,0,0,0,0,,1045.0,1,2,0,0,0,0,0,3,4,1,1,3,,N,,,,,,,,,,,
2010062709,1017.0,1,0,0,0,0,0,0,0,0,1,0,,67,5,2010,1,39.9739,-75.1947,1013.0,6,0,0,1,0,0,1,0,0,,0,0,0,10.0,1,1,0,,0,39 58:26.088,,0,75 11:41.037,4,0,0,0,67301,0,0,0,N,0,0,0,4,67301,1,,1,1,,N,N,,0,,0,0,2,0,0,,1011.0,1,3,0,0,0,0,0,3,4,0,3,3,,N,,,,,,,,,,,
2010059533,2145.0,3,0,0,0,0,0,0,0,0,1,0,,67,4,2010,7,40.0272,-75.11,2140.0,6,0,0,0,0,0,0,0,0,,0,0,0,21.0,3,2,0,,0,40 01:37.897,,0,75 06:35.824,8,0,0,0,67301,0,0,0,,0,0,0,8,67301,0,,1,1,,,,,0,,0,0,0,0,0,,2130.0,2,3,0,0,0,2,0,3,4,0,3,3,,N,,,,,,,,,,,
2010081674,1825.0,3,0,0,0,0,0,0,0,0,4,0,,67,7,2010,3,40.005,-75.1364,1815.0,6,0,0,0,0,1,0,0,0,,0,0,0,18.0,1,1,2,,0,40 00:18.108,,0,75 08:10.960,8,0,0,0,67301,0,0,0,,0,0,0,2,67301,0,,1,1,,N,N,,0,,0,0,0,3,3,,1800.0,1,3,0,0,0,1,0,3,4,0,3,3,,N,,,,,,,,,,,
2010048884,1305.0,0,0,0,0,0,0,0,0,0,8,0,,67,4,2010,4,40.0224,-75.0781,305.0,6,0,0,0,0,0,0,0,0,,0,0,0,13.0,1,1,1,,0,40 01:20.463,,0,75 04:41.285,8,0,0,0,67301,1,0,0,N,1,0,0,3,67301,0,,1,1,,N,N,,0,,0,0,0,3,2,,1305.0,1,2,0,0,0,1,0,3,4,1,1,3,,N,,,,,,,,,,,
2010052093,9999.0,0,0,0,0,0,0,0,0,0,8,0,,67,4,2010,5,40.0288,-75.1447,9999.0,6,0,0,0,0,0,0,0,0,,0,0,0,12.0,1,1,1,,0,40 01:43.820,,0,75 08:40.945,4,0,0,0,67301,1,0,0,N,1,0,0,2,67301,1,,1,1,,N,N,,0,,0,0,1,9,3,,1259.0,1,2,0,0,0,0,1,3,4,0,1,3,,N,,,,,,,,,,,
2010046482,953.0,1,0,0,0,0,0,0,0,0,1,1,,67,5,2010,3,39.922,-75.1479,945.0,6,0,0,0,0,0,0,1,0,1.0,0,1,0,9.0,1,1,0,,1,39 55:18.996,2.0,0,75 08:52.522,4,0,0,0,67301,0,0,0,N,0,0,0,2,68K01,1,,1,1,,N,N,,0,,0,0,0,0,0,N,942.0,1,2,0,0,0,0,0,3,4,0,2,3,,N,,,,,,,,,,,
2010052488,1525.0,0,0,0,0,0,0,0,0,0,8,0,,67,5,2010,7,40.0205,-75.0537,1525.0,6,0,0,0,0,0,0,0,0,,0,0,0,15.0,1,1,1,,0,40 01:13.862,,0,75 03:13.412,4,0,0,0,67301,1,0,0,N,1,0,0,2,67301,1,,1,1,,N,N,,0,,0,0,1,3,2,,1520.0,1,2,0,0,0,0,0,3,4,0,1,3,,N,,,,,,,,,,,
2010117753,2318.0,2,0,0,0,0,0,0,0,0,4,0,,67,10,2010,5,39.9504,-75.1601,2317.0,6,0,0,0,0,0,0,0,0,,0,0,0,23.0,3,1,1,,0,39 57:01.383,,0,75 09:36.443,4,0,0,0,67301,0,0,0,,0,0,0,4,67301,1,,1,1,,,,,0,,0,0,0,3,2,,2317.0,1,2,0,0,0,0,0,3,4,0,2,3,,N,,,,,,,,,,,
2010117823,2305.0,2,0,0,0,0,0,0,0,0,1,0,,67,10,2010,5,40.1092,-74.9981,2253.0,6,0,0,0,1,0,1,0,0,1.0,0,0,0,22.0,3,1,7,,1,40 06:32.957,4.0,2,74 59:53.001,8,0,0,0,67301,0,0,0,,0,0,0,2,67301,0,,1,1,,,N,,0,,0,0,0,0,0,Y,2253.0,1,2,0,0,0,1,0,3,4,0,2,3,,N,,,,,,,,,,,
2010117842,1139.0,1,0,0,0,0,0,0,0,0,4,0,,67,10,2010,7,40.031,-75.1288,1129.0,6,0,0,0,0,0,1,0,0,,0,0,0,11.0,1,1,1,,0,40 01:51.513,,0,75 07:43.510,8,0,0,0,67301,0,0,0,N,0,0,0,2,67301,0,,1,1,,N,N,,0,,0,0,1,3,3,,1138.0,1,3,0,0,0,1,0,3,4,1,3,3,,N,,,,,,,,,,,
2010117850,1158.0,1,0,0,0,0,0,0,0,0,8,0,,67,10,2010,7,39.9526,-75.1653,1154.0,6,0,0,0,0,0,1,0,0,,0,0,0,11.0,1,1,2,,0,39 57:09.365,,0,75 09:55.348,4,0,0,0,67301,1,0,0,N,1,0,0,2,67301,1,,1,1,,N,N,,0,,0,0,0,3,2,,1142.0,1,2,0,0,0,0,0,3,4,0,1,3,,N,,,,,,,,,,,
2010117871,1523.0,1,0,0,0,0,0,0,0,0,8,0,,67,11,2010,4,40.1129,-75.023,1509.0,6,0,0,0,0,0,0,0,0,,0,0,0,14.0,1,1,0,,0,40 06:46.463,,0,75 01:22.975,8,0,0,0,67301,1,0,0,N,1,0,0,2,67301,0,,1,1,,N,N,,0,,0,0,0,3,2,,1455.0,1,2,0,0,0,1,0,3,4,0,1,3,,N,,,,,,,,,,,
2010092842,1551.0,2,0,0,0,0,0,0,0,0,1,0,,67,9,2010,2,39.9581,-75.164,1542.0,6,0,0,0,0,0,1,0,1,,0,0,0,15.0,1,1,0,,0,39 57:28.978,,0,75 09:50.465,4,0,0,0,67301,0,0,0,N,0,0,0,4,68K01,1,,1,1,,N,N,,0,,0,0,0,0,0,,1541.0,1,2,0,0,0,0,0,3,4,0,2,3,,N,,,,,,,,,,,
2010099568,2110.0,0,0,0,0,0,0,0,0,0,8,0,,67,9,2010,6,40.0106,-75.1251,2107.0,6,0,0,0,0,0,0,0,0,9.0,0,0,0,21.0,3,1,0,,2,40 00:38.156,6.0,0,75 07:30.446,3,0,0,0,67301,1,0,0,N,1,0,0,2,67301,0,,1,1,,N,N,,1,,1,0,0,0,0,Y,2105.0,1,2,0,0,0,0,0,3,4,0,1,3,,N,,,,,,,,,,,
2010099572,1905.0,0,0,0,0,0,0,0,0,0,4,0,,67,8,2010,3,,,1855.0,6,0,0,1,0,1,0,0,0,,0,0,0,18.0,1,1,0,,0,,,7,,2,0,0,0,67301,0,0,0,,0,0,0,2,67301,0,,1,1,,,,,0,,0,1,1,0,0,,1855.0,1,2,0,0,0,0,0,3,3,0,2,3,,N,,,,,,,,,,,
2010124591,1152.0,1,0,0,0,0,0,0,0,0,1,0,50.0,67,12,2010,3,40.0034,-75.1945,1147.0,6,0,0,0,0,0,2,0,0,,0,0,0,11.0,1,0,0,,0,39 59:57.160,,0,75 11:42.971,0,0,0,0,67301,0,0,0,N,0,0,0,4,68K01,0,,1,1,,N,N,,0,,0,0,1,0,0,,1143.0,0,2,0,0,0,0,0,3,4,0,2,3,,Y,2.0,2.0,Y,N,N,N,Y,Y,N,N,
2010094303,1444.0,2,0,0,0,0,0,0,0,0,4,0,,67,8,2010,1,39.9383,-75.1986,1442.0,6,0,1,0,0,0,1,0,0,,0,0,0,14.0,1,1,1,,0,39 56:18.878,,0,75 11:54.439,8,0,0,0,67301,0,0,0,,0,0,0,4,67301,0,,1,9,,,,,0,,0,0,0,3,2,,1425.0,1,2,0,0,0,1,0,3,4,0,2,7,,N,,,,,,,,,,,
2010121875,1239.0,2,0,0,0,0,0,0,0,0,4,0,,67,11,2010,7,40.0647,-74.9823,1234.0,6,0,0,0,0,0,1,0,0,1.0,0,0,0,12.0,1,1,1,,1,40 03:52.885,7.0,0,74 58:56.121,8,0,0,0,67301,0,0,0,,0,0,0,2,67301,0,,1,1,,,,,0,,0,0,0,3,2,N,1231.0,1,2,0,0,0,1,0,3,4,0,2,3,,N,,,,,,,,,,,
2010121894,1249.0,1,0,0,0,0,0,0,0,0,4,0,,67,11,2010,1,40.0808,-75.0284,1235.0,6,0,0,0,0,0,1,1,0,1.0,0,0,0,12.0,1,2,1,,1,40 04:50.820,1.0,0,75 01:42.117,4,0,0,0,67301,0,0,0,N,0,0,0,3,67301,2,,1,1,,N,N,,1,,0,0,0,3,2,N,1230.0,2,2,0,0,0,0,0,3,4,0,2,3,,N,,,,,,,,,,,
2010128898,959.0,2,0,0,0,0,0,0,0,0,1,0,,67,12,2010,2,39.9599,-75.179,959.0,6,0,0,0,0,0,0,0,0,,0,0,0,9.0,1,0,0,,0,39 57:35.637,,0,75 10:44.377,0,0,0,0,67301,0,0,0,N,0,0,0,4,68K01,0,,1,1,,N,N,,0,,0,0,0,0,0,,959.0,0,3,0,0,0,0,0,3,4,1,3,3,,N,,,,,,,,,,,
2010121908,1540.0,2,0,0,0,0,0,0,0,0,4,0,,67,11,2010,3,40.0808,-75.0284,1533.0,6,0,0,0,0,1,0,0,0,,0,0,0,15.0,1,0,1,,0,40 04:50.449,,0,75 01:42.488,0,0,0,0,67301,0,0,0,N,0,0,0,4,67301,0,,1,1,,N,N,,0,,0,0,0,3,2,,1530.0,0,2,0,0,0,0,0,3,4,0,2,3,,N,,,,,,,,,,,
2010122414,814.0,1,0,0,0,0,0,0,0,0,1,0,,67,11,2010,5,40.0178,-75.1722,812.0,6,0,0,0,0,0,0,0,0,1.0,0,0,0,8.0,1,0,0,,1,40 01:04.034,4.0,0,75 10:19.797,0,0,0,0,67301,0,0,0,N,0,0,0,2,67301,0,,1,1,,N,N,,1,,0,0,0,0,0,N,812.0,0,2,0,0,0,0,0,3,4,0,2,3,,N,,,,,,,,,,,
2010122177,1745.0,3,0,0,0,0,0,0,0,0,5,0,,67,11,2010,3,40.0273,-75.099,1733.0,6,0,0,1,0,0,0,0,0,1.0,0,0,0,17.0,1,0,0,,1,40 01:38.769,1.0,0,75 05:57.229,0,0,0,0,67301,0,0,0,N,0,0,0,6,67301,0,,1,9,,N,N,,0,,0,0,0,0,0,N,1715.0,0,3,0,0,0,0,0,3,4,0,3,7,,N,,,,,,,,,,,
2010121433,122.0,1,0,0,0,0,0,0,0,0,7,0,,67,4,2010,1,40.0075,-75.0723,117.0,6,0,0,0,1,0,0,0,0,1.0,0,0,0,1.0,3,6,0,,1,40 00:27.342,1.0,0,75 04:19.483,8,0,0,0,67301,0,0,0,N,0,0,0,6,68K01,0,,2,1,,N,N,,0,,0,0,0,0,0,N,115.0,6,1,0,0,0,6,0,3,4,0,1,3,,N,,,,,,,,,,,
2010113830,826.0,2,0,0,0,0,0,0,0,0,4,0,,67,10,2010,3,39.9599,-75.1754,824.0,6,0,0,0,0,0,2,0,0,1.0,0,0,0,8.0,1,0,1,,1,39 57:35.612,1.0,2,75 10:31.307,0,0,0,0,67301,0,0,0,N,0,0,0,2,67301,0,,1,9,,N,N,,0,,0,0,0,3,3,N,800.0,0,2,0,0,0,0,0,3,4,0,2,7,,N,,,,,,,,,,,
2010111470,1753.0,1,0,0,0,0,0,0,0,0,1,0,,67,10,2010,5,40.0905,-74.985,1747.0,6,0,0,0,0,0,0,0,0,9.0,0,0,0,17.0,1,1,0,,1,40 05:25.940,1.0,7,74 59:05.917,4,0,0,0,67301,0,0,0,,0,0,0,3,67301,1,,1,1,,,,,0,,0,0,1,0,0,N,1743.0,1,2,0,0,0,0,0,3,4,0,2,3,,N,,,,,,,,,,,
2010069771,1300.0,1,0,0,0,0,0,0,0,0,4,0,,67,6,2010,3,40.0515,-75.009,1254.0,6,0,0,0,0,0,0,0,0,,0,0,0,99.0,1,0,0,,0,40 03:05.408,,7,75 00:32.420,0,0,0,0,67301,0,0,0,N,0,0,0,4,67301,0,,1,1,,N,N,,1,,0,0,0,0,0,,9999.0,0,2,0,0,0,0,0,3,4,0,2,3,,N,,,,,,,,,,,
2010069263,1455.0,0,0,0,0,0,0,1,0,0,8,1,,67,6,2010,5,40.0143,-75.1572,1445.0,6,0,0,0,0,0,0,0,0,,0,0,0,14.0,1,1,0,,0,40 00:51.583,,0,75 09:25.854,3,0,0,0,67301,1,0,0,,1,0,0,2,67301,0,,1,1,,,,,0,,1,0,0,0,0,,1445.0,1,2,0,0,0,0,0,3,4,0,1,3,,N,,,,,,,,,,,
2010071969,855.0,1,0,0,0,0,0,0,0,0,1,0,45.0,67,7,2010,6,39.8983,-75.1833,833.0,6,0,0,0,0,0,0,0,0,,0,0,0,8.0,1,0,0,,0,39 53:55.882,,0,75 10:47.146,0,0,0,0,67301,0,0,0,N,0,0,0,3,68K01,0,,1,1,,N,N,,0,,0,0,1,0,0,,826.0,0,2,0,0,0,0,0,3,4,0,2,3,,Y,4.0,1.0,Y,N,N,N,Y,Y,N,N,
2010081970,1104.0,1,0,0,0,0,0,0,0,0,7,0,,67,7,2010,5,40.0176,-75.1728,1101.0,6,0,0,0,0,0,0,0,0,1.0,0,0,0,10.0,1,1,0,,2,40 01:03.344,2.0,0,75 10:21.996,4,0,0,0,67301,0,0,0,N,0,0,0,1,67301,1,,2,1,,N,N,,0,,0,0,0,3,8,N,1058.0,1,1,0,0,0,0,0,3,4,0,1,3,,N,,,,,,,,,,,
2010074546,740.0,1,0,0,0,0,0,0,0,0,4,0,,67,7,2010,3,39.9898,-75.1255,730.0,6,0,0,0,0,0,1,0,0,,0,0,0,7.0,1,2,1,,0,39 59:23.298,,0,75 07:31.934,3,0,0,0,67301,0,0,0,N,0,0,0,4,67301,0,,1,1,,N,N,,1,,2,0,1,2,2,,730.0,2,3,0,0,0,0,0,3,4,0,3,3,,N,,,,,,,,,,,
2010088884,1015.0,1,0,0,0,0,0,0,0,0,4,0,,67,8,2010,7,40.0504,-74.9999,1014.0,6,0,0,0,0,0,1,1,0,2.0,0,0,0,10.0,1,1,1,,1,40 03:01.444,5.0,0,74 59:59.580,8,0,0,0,67301,0,0,0,N,0,0,0,4,67301,0,,1,1,,N,N,,1,,0,0,0,3,2,Y,1010.0,1,3,0,0,0,1,1,3,4,1,3,3,,N,,,,,,,,,,,
2010086021,1437.0,3,0,0,0,0,0,0,0,0,4,0,,67,7,2010,7,40.0138,-75.056,1429.0,6,0,0,0,0,0,0,0,0,1.0,0,0,0,14.0,1,0,1,,1,40 00:50.174,6.0,0,75 03:20.262,9,0,0,0,67301,0,0,0,N,0,0,0,5,67301,0,,1,1,,N,N,,0,,0,0,0,3,2,Y,1424.0,0,3,0,0,0,0,1,3,4,0,3,3,,N,,,,,,,,,,,
2010103022,2322.0,1,0,0,0,0,0,0,0,0,7,0,,67,9,2010,4,39.8919,-75.2419,2319.0,6,0,0,0,0,0,0,0,0,1.0,0,0,0,23.0,3,0,2,,2,39 53:30.990,4.0,0,75 14:30.862,0,0,0,0,67301,0,0,0,,0,0,0,1,67301,0,,5,9,,N,N,,0,,0,0,0,3,4,N,2307.0,0,1,0,0,0,0,0,3,4,0,1,7,,N,,,,,,,,,,,
2010103061,2038.0,1,0,0,0,0,0,0,0,0,8,0,,67,9,2010,4,39.9551,-75.1729,2036.0,6,0,0,0,0,0,0,0,0,,0,0,0,20.0,3,1,1,,0,39 57:18.255,,0,75 10:22.378,4,0,0,0,67301,1,0,0,N,1,0,0,2,67301,1,,1,1,,N,,,0,,0,0,0,0,0,,2012.0,1,2,0,0,0,0,0,3,4,0,1,3,,N,,,,,,,,,,,
2010117896,234.0,1,0,0,0,0,0,0,0,0,7,0,,67,10,2010,2,40.0267,-75.0979,232.0,6,0,0,0,0,0,0,0,0,,0,0,0,2.0,3,0,0,,0,40 01:37.374,,0,75 05:54.182,9,0,0,0,67301,0,0,0,Y,0,0,0,2,67301,0,,3,1,,N,N,,0,,0,0,0,0,0,,230.0,0,1,0,0,0,0,1,3,4,0,1,3,,N,,,,,,,,,,,
2010037678,926.0,1,0,0,0,0,0,0,0,0,1,0,,67,4,2010,7,39.8994,-75.1656,914.0,6,0,0,0,0,1,0,0,0,1.0,0,0,0,9.0,1,0,0,,1,39 53:58.801,2.0,0,75 09:48.205,0,0,0,0,67301,0,0,0,N,0,0,0,6,68K01,0,,1,1,,N,N,,0,,0,0,0,0,0,N,908.0,0,2,0,0,0,0,0,3,4,1,2,3,,N,,,,,,,,,,,
2010048739,1239.0,0,0,0,0,0,0,0,0,0,8,0,,67,4,2010,5,39.9571,-75.2019,1200.0,6,0,0,0,0,0,0,0,0,,0,0,0,12.0,1,1,1,,0,39 57:25.599,,0,75 12:06.942,4,0,0,0,67301,1,0,0,N,1,0,0,2,67301,1,,1,1,,N,N,,1,,0,0,0,3,2,,1200.0,1,2,0,0,1,0,0,3,4,0,1,3,,N,,,,,,,,,,,
2010060437,1049.0,1,0,0,0,0,0,0,0,0,7,0,55.0,67,6,2010,3,40.0374,-75.0123,1048.0,6,0,0,0,0,0,0,0,0,,0,0,0,10.0,1,0,0,,0,40 02:14.956,,0,75 00:43.584,0,0,0,0,67301,0,0,0,N,0,0,0,1,68K01,0,,2,1,,N,N,,0,,0,0,0,0,0,,1042.0,0,1,0,0,0,0,0,3,4,0,1,3,,Y,4.0,1.0,Y,N,N,N,N,N,N,Y,
2010060945,1556.0,1,0,0,0,0,0,0,0,0,0,1,,67,6,2010,5,39.9306,-75.1987,1537.0,6,0,0,0,0,0,1,0,0,4.0,0,1,0,15.0,1,0,0,,2,39 55:52.601,4.0,0,75 11:57.375,0,0,0,0,67301,0,0,0,N,0,0,0,6,68K01,0,,1,9,,N,N,,0,,0,0,0,0,0,Y,1536.0,0,2,0,0,0,0,0,3,4,0,2,7,,N,,,,,,,,,,,
2010058010,2202.0,1,0,0,0,0,0,0,0,0,1,0,,67,6,2010,4,40.0119,-75.2049,2153.0,6,0,0,0,0,0,0,0,0,,0,0,0,21.0,6,1,6,,0,40 00:39.639,,2,75 12:22.116,8,0,0,0,67301,0,0,0,N,0,0,0,3,68K01,0,,1,1,,N,N,,0,,0,0,1,3,3,,2145.0,1,2,0,0,0,1,0,3,4,0,2,3,,N,,,,,,,,,,,