CRN,ARRIVAL_TM,AUTOMOBILE_COUNT,BELTED_DEATH_COUNT,BELTED_SUSP_SERIOUS_INJ_COUNT,BICYCLE_COUNT,BICYCLE_DEATH_COUNT,BICYCLE_SUSP_SERIOUS_INJ_COUNT,BUS_COUNT,CHLDPAS_DEATH_COUNT,CHLDPAS_SUSP_SERIOUS_INJ_COUNT,COLLISION_TYPE,COMM_VEH_COUNT,CONS_ZONE_SPD_LIM,COUNTY,CRASH_MONTH,CRASH_YEAR,DAY_OF_WEEK,DEC_LAT,DEC_LONG,DISPATCH_TM,DISTRICT,DRIVER_COUNT_16YR,DRIVER_COUNT_17YR,DRIVER_COUNT_18YR,DRIVER_COUNT_19YR,DRIVER_COUNT_20YR,DRIVER_COUNT_50_64YR,DRIVER_COUNT_65_74YR,DRIVER_COUNT_75PLUS,EST_HRS_CLOSED,FATAL_COUNT,HEAVY_TRUCK_COUNT,HORSE_BUGGY_COUNT,HOUR_OF_DAY,ILLUMINATION,INJURY_COUNT,INTERSECT_TYPE,INTERSECTION_RELATED,LANE_CLOSED,LATITUDE,LN_CLOSE_DIR,LOCATION_TYPE,LONGITUDE,MAX_SEVERITY_LEVEL,MCYCLE_DEATH_COUNT,MCYCLE_SUSP_SERIOUS_INJ_COUNT,MOTORCYCLE_COUNT,MUNICIPALITY,NONMOTR_COUNT,NONMOTR_DEATH_COUNT,NONMOTR_SUSP_SERIOUS_INJ_COUNT,NTFY_HIWY_MAINT,PED_COUNT,PED_DEATH_COUNT,PED_SUSP_SERIOUS_INJ_COUNT,PERSON_COUNT,POLICE_AGCY,POSSIBLE_INJ_COUNT,RDWY_SURF_TYPE_CD,RELATION_TO_ROAD,ROAD_CONDITION,ROADWAY_CLEARED,SCH_BUS_IND,SCH_ZONE_IND,SECONDARY_CRASH,SMALL_TRUCK_COUNT,SPEC_JURIS_CD,SUSP_MINOR_INJ_COUNT,SUSP_SERIOUS_INJ_COUNT,SUV_COUNT,TCD_FUNC_CD,TCD_TYPE,TFC_DETOUR_IND,TIME_OF_DAY,TOT_INJ_COUNT,TOTAL_UNITS,UNB_DEATH_COUNT,UNB_SUSP_SERIOUS_INJ_COUNT,UNBELTED_OCC_COUNT,UNK_INJ_DEG_COUNT,UNK_INJ_PER_COUNT,URBAN_AREA,URBAN_RURAL,VAN_COUNT,VEHICLE_COUNT,WEATHER1,WEATHER2,WORK_ZONE_IND,WORK_ZONE_LOC,WORK_ZONE_TYPE,WORKERS_PRES,WZ_CLOSE_DETOUR,WZ_FLAGGER,WZ_LAW_OFFCR_IND,WZ_LN_CLOSURE,WZ_MOVING,WZ_OTHER,WZ_SHLDER_MDN,WZ_WORKERS_INJ_KILLED
2010070748,1456.0,1,0,0,1,0,0,0,0,0,4,0,,67,6,2010,2,39.9274,-75.1772,1442.0,6,0,0,0,0,0,0,0,0,,0,0,0,14.0,1,1,1,,0,39 55:38.730,,0,75 10:37.894,4,0,0,0,67301,1,0,0,N,0,0,0,2,67301,1,,1,1,,N,N,,0,,0,0,0,0,0,,1435.0,1,2,0,0,1,0,0,3,4,0,1,3,,N,,,,,,,,,,,
2010070754,1258.0,1,0,0,0,0,0,0,0,0,4,0,,67,6,2010,5,40.029,-75.1007,1248.0,6,0,0,0,0,0,0,0,0,1.0,0,0,0,12.0,1,2,0,,1,40 01:44.358,2.0,7,75 06:02.529,4,0,0,0,67301,0,0,0,N,0,0,0,5,67301,1,,1,1,,N,N,,0,,0,0,1,3,2,N,1248.0,2,3,0,0,0,1,0,3,4,1,3,3,,N,,,,,,,,,,,
2010068365,146.0,1,0,0,0,0,0,0,0,0,7,0,55.0,67,7,2010,7,39.8973,-75.1883,142.0,6,0,0,0,0,0,0,0,0,1.0,0,0,0,1.0,3,1,0,,1,39 53:53.018,2.0,0,75 11:03.934,8,0,0,0,67301,0,0,0,N,0,0,0,1,68K01,0,,2,1,,N,N,,0,,0,0,0,0,0,N,130.0,1,1,0,0,0,1,0,3,4,0,1,3,,Y,4.0,1.0,N,N,N,N,Y,N,Y,N,
2010048913,1454.0,1,0,0,0,0,0,0,0,0,1,0,,67,4,2010,2,39.945,-75.2153,1445.0,6,0,0,0,0,0,0,0,0,,0,0,0,14.0,1,2,1,,0,39 56:42.144,,0,75 12:55.103,4,0,0,0,67301,0,0,0,N,0,0,0,4,67301,2,,1,1,,N,N,,0,,0,0,0,3,3,,1430.0,2,2,0,0,0,0,0,3,4,0,2,3,,N,,,,,,,,,,,
2010052086,1931.0,1,0,0,0,0,0,0,0,0,1,0,,67,5,2010,4,39.9877,-75.182,1930.0,6,0,0,0,0,0,0,0,0,,0,0,0,19.0,1,1,0,,0,39 59:15.717,,0,75 10:55.113,8,0,0,0,67301,0,0,0,N,0,0,0,1,67301,0,,2,1,,N,N,,0,,0,0,0,0,0,,1930.0,1,2,0,0,0,1,0,3,4,1,2,3,,N,,,,,,,,,,,
2010052130,1815.0,1,0,0,1,0,0,0,0,0,4,0,,67,5,2010,1,39.955,-75.21,1807.0,6,0,0,0,0,0,0,0,0,,0,0,0,15.0,1,1,1,,0,39 57:18.159,,0,75 12:35.977,3,0,0,0,67301,1,0,0,N,0,0,0,2,67301,0,,1,1,,N,N,,0,,1,0,0,3,2,,1535.0,1,2,0,0,0,0,0,3,4,0,1,3,,N,,,,,,,,,,,
2010052470,447.0,1,0,0,0,0,0,0,0,0,7,0,,67,5,2010,2,40.0092,-75.069,438.0,6,0,0,0,0,0,0,0,0,,0,0,0,4.0,3,1,1,,0,40 00:33.068,,2,75 04:08.444,4,0,0,0,67301,0,0,0,N,0,0,0,1,67301,1,,5,1,,N,N,,0,,0,0,0,3,2,,447.0,1,1,0,0,1,0,0,3,4,0,1,3,,N,,,,,,,,,,,
2010052249,1840.0,1,0,0,0,0,0,0,0,0,8,0,,67,4,2010,1,39.9324,-75.1834,1832.0,6,0,0,0,0,0,1,0,0,3.0,0,0,0,18.0,1,1,0,,2,39 55:56.697,4.0,0,75 11:00.333,3,0,0,0,67301,1,0,0,N,1,0,0,2,67301,0,,1,1,,N,N,,0,,1,0,0,0,0,Y,1829.0,1,2,0,0,0,0,0,3,4,0,1,3,,N,,,,,,,,,,,
2010117734,9999.0,0,0,0,0,0,0,0,0,0,4,0,,67,10,2010,2,40.0033,-75.222,9999.0,6,0,0,0,0,0,0,1,0,3.0,0,0,0,99.0,1,1,0,,1,40 00:11.763,2.0,7,75 13:19.203,4,0,0,0,67301,0,0,0,N,0,0,0,3,67301,1,,1,1,,N,N,,0,,0,0,1,0,0,N,9999.0,1,2,0,0,0,0,0,3,4,1,2,3,,N,,,,,,,,,,,
2010117747,1313.0,1,0,0,0,0,0,0,0,0,1,0,,67,10,2010,6,39.9527,-75.2106,1215.0,6,0,0,0,0,0,1,0,0,,0,0,0,12.0,1,1,1,,0,39 57:09.612,,0,75 12:38.023,8,0,0,0,67301,0,0,0,N,0,0,0,7,67301,0,,1,1,,N,N,,2,,0,0,0,3,2,,1210.0,1,3,0,0,0,1,0,3,4,0,3,3,,N,,,,,,,,,,,
2010117800,752.0,1,0,0,0,0,0,0,0,0,1,0,,67,10,2010,5,40.02,-75.1428,249.0,6,0,0,0,0,0,0,0,0,,0,0,0,7.0,1,0,0,,0,40 01:12.082,,0,75 08:34.085,0,0,0,0,67301,0,0,0,N,0,0,0,4,67301,0,,1,1,,N,N,,0,,0,0,2,0,0,,747.0,0,4,0,0,0,0,0,3,4,1,4,3,,N,,,,,,,,,,,
2010117826,1621.0,0,0,0,1,0,0,0,0,0,4,0,,67,10,2010,4,39.9359,-75.1618,1540.0,6,0,0,0,0,0,0,0,0,,0,0,0,15.0,1,1,1,,0,39 56:09.117,,0,75 09:42.404,3,0,0,0,67301,1,0,0,N,0,0,0,2,67301,0,,1,1,,N,N,,1,,1,0,0,3,2,,1540.0,1,2,0,0,0,0,0,3,4,0,1,3,,N,,,,,,,,,,,
2010092909,1038.0,0,0,0,0,0,0,0,0,0,4,1,,67,9,2010,7,39.9578,-75.1472,1038.0,6,0,0,0,0,0,1,0,0,,0,0,0,10.0,1,1,7,,0,39 57:28.162,,3,75 08:50.070,3,0,0,1,67301,0,0,0,N,0,0,0,2,67501,0,,1,1,,N,N,,1,,1,0,0,3,8,,1038.0,1,2,0,0,0,0,0,3,4,0,2,3,,N,,,,,,,,,,,
2010099565,9999.0,1,0,0,0,0,0,0,0,0,8,0,,67,7,2010,1,40.0012,-75.1334,9999.0,6,0,0,0,0,0,0,0,0,,0,0,0,19.0,1,1,0,,0,40 00:04.417,,0,75 08:00.200,3,0,0,0,67301,1,0,0,,1,0,0,2,67301,0,,1,1,,,,,0,,1,0,0,0,0,,1930.0,1,2,0,0,0,0,0,3,4,0,1,3,,N,,,,,,,,,,,
2010122173,1435.0,1,0,0,0,0,0,0,0,0,1,0,,67,11,2010,5,39.999,-75.0984,1430.0,6,0,0,0,0,0,1,0,0,,0,0,0,14.0,1,2,2,,0,39 59:56.560,,0,75 05:54.354,4,0,0,0,67301,0,0,0,N,0,0,0,4,67301,2,,1,9,,N,N,,1,,0,0,0,3,3,,1430.0,2,3,0,0,0,0,0,3,4,1,3,7,,N,,,,,,,,,,,
2010113833,901.0,1,0,0,0,0,0,0,0,0,4,0,,67,10,2010,4,40.049,-75.0947,852.0,6,0,0,0,1,0,1,0,0,,0,0,0,8.0,1,1,1,,0,40 02:56.557,,0,75 05:40.778,4,0,0,0,67301,0,0,0,,0,0,0,2,67301,1,,1,1,,N,N,,1,,0,0,0,3,3,,840.0,1,2,0,0,0,0,1,3,4,0,2,3,,N,,,,,,,,,,,
2010116317,9999.0,1,0,0,0,0,0,0,0,0,1,0,,67,11,2010,4,39.9714,-75.1594,9999.0,6,0,0,0,0,0,0,0,0,,0,0,0,99.0,3,0,1,,0,39 58:17.205,,0,75 09:33.736,9,0,0,0,67301,0,0,0,N,0,0,0,2,67301,0,,1,1,,N,N,,0,,0,0,0,3,2,,9999.0,0,2,0,0,0,0,1,3,4,1,2,3,,N,,,,,,,,,,,
2010116346,1015.0,0,0,0,0,0,0,1,0,0,8,1,,67,10,2010,5,39.9457,-75.1953,1010.0,6,0,0,0,0,0,0,0,0,,0,0,0,15.0,1,1,2,,0,39 56:44.419,,0,75 11:42.936,4,0,0,0,67301,1,0,0,N,1,0,0,2,67301,1,,1,1,,N,N,,0,,0,0,0,9,2,,1515.0,1,2,0,0,0,0,0,3,4,0,1,99,,N,,,,,,,,,,,
2010116351,315.0,2,0,0,0,0,0,0,0,0,5,0,,67,10,2010,7,40.0528,-75.0167,309.0,6,0,0,0,0,0,0,0,0,,0,0,0,2.0,3,0,0,,0,40 03:09.947,,0,75 01:00.192,9,0,0,0,67301,0,0,0,N,0,0,0,1,67301,0,,6,1,,N,N,,0,,0,0,0,2,3,,249.0,0,2,0,0,0,0,1,3,4,0,2,3,,N,,,,,,,,,,,
2010111459,1727.0,2,0,0,0,0,0,0,0,0,4,0,,67,10,2010,2,39.9716,-75.2085,1726.0,6,0,0,0,0,0,1,0,0,,0,0,0,17.0,1,2,1,,0,39 58:17.616,,0,75 12:30.621,8,0,0,0,67301,0,0,0,N,0,0,0,4,67301,0,,1,1,,N,N,,0,,0,0,0,3,3,,1715.0,2,2,0,0,1,2,0,3,4,0,2,3,,N,,,,,,,,,,,
2010114078,450.0,1,0,0,0,0,0,0,0,0,8,0,,67,10,2010,5,40.0529,-75.1769,436.0,6,0,0,0,0,0,0,0,0,,0,0,0,6.0,3,1,2,,0,40 03:10.473,,0,75 10:36.896,8,0,0,0,67301,1,0,0,N,1,0,0,2,67301,0,,1,1,,N,N,,0,,0,0,0,0,0,,650.0,1,2,0,0,1,1,0,3,4,0,1,3,,N,,,,,,,,,,,
2010069868,1440.0,1,0,0,0,0,0,0,0,0,4,0,,67,6,2010,2,40.0946,-75.0152,1430.0,6,0,0,0,0,0,1,0,0,,0,0,0,14.0,1,1,1,,0,40 05:40.718,,0,75 00:54.707,8,0,0,0,67301,0,0,0,N,0,0,0,5,67301,0,,1,1,,N,N,,1,,0,0,0,3,2,,1420.0,1,2,0,0,0,1,0,3,4,0,2,3,,N,,,,,,,,,,,
2010074369,1225.0,1,0,0,1,0,0,0,0,0,1,0,,67,7,2010,5,40.0327,-75.2328,1223.0,6,0,0,0,0,0,0,0,1,1.0,0,0,0,99.0,1,1,0,,1,40 01:57.885,1.0,0,75 13:58.245,3,0,0,0,67301,1,0,0,,0,0,0,2,67301,0,,1,1,,,,,0,,1,0,0,0,0,N,9999.0,1,2,0,0,0,0,0,3,4,0,1,3,,N,,,,,,,,,,,
2010074400,1453.0,0,0,0,0,0,0,0,0,0,8,0,,67,6,2010,7,39.9559,-75.2045,1451.0,6,0,0,0,0,0,0,0,0,,0,0,0,14.0,1,1,1,,0,39 57:21.268,,0,75 12:16.061,4,0,0,0,67301,1,0,0,N,1,0,0,3,67301,1,,1,1,,N,N,,0,,0,0,1,3,2,,1451.0,1,2,0,0,0,0,0,3,4,0,1,3,,N,,,,,,,,,,,
2010074439,1745.0,1,0,0,1,0,0,0,0,0,5,0,,67,6,2010,5,40.0202,-75.2157,1740.0,6,0,0,0,0,0,0,0,0,,0,0,0,17.0,1,1,0,,0,40 01:12.705,,0,75 12:56.473,4,0,0,0,67301,1,0,0,N,0,0,0,2,67301,1,,1,1,,N,N,,0,,0,0,0,0,0,,1708.0,1,2,0,0,0,0,1,3,4,0,1,3,,N,,,,,,,,,,,
2010074511,1020.0,0,0,0,0,0,0,0,0,0,8,0,,67,7,2010,7,,,1020.0,6,0,0,0,0,0,1,0,0,,0,0,0,10.0,1,1,0,,0,,,7,,4,0,0,0,67301,1,0,0,N,1,0,0,2,67301,1,,1,1,,N,N,,1,,0,0,0,3,2,,1015.0,1,2,0,0,0,0,0,3,3,0,1,3,,N,,,,,,,,,,,
2010081937,9999.0,1,0,0,0,0,0,0,0,0,8,0,,67,7,2010,7,39.9658,-75.166,9999.0,6,0,0,0,0,0,0,0,0,,0,0,0,14.0,1,1,0,,0,39 57:56.854,,0,75 09:57.776,4,0,0,0,67301,1,0,0,,1,0,0,4,67301,1,,1,1,,,,,0,,0,0,0,0,0,,1400.0,1,2,0,0,0,0,0,3,4,0,1,3,,N,,,,,,,,,,,
2010081940,1408.0,0,0,0,0,0,0,0,0,0,8,0,,67,7,2010,1,40.0261,-75.1763,1404.0,6,0,0,0,0,0,0,0,0,,0,0,0,13.0,1,1,2,,0,40 01:33.934,,0,75 10:34.730,4,0,0,0,67301,1,0,0,,1,0,0,2,67301,1,,1,1,,,,,0,,0,0,0,3,3,,1350.0,1,2,0,0,0,0,0,3,4,0,1,3,,N,,,,,,,,,,,
2010074529,1320.0,0,0,0,1,0,0,0,0,0,5,0,,67,7,2010,6,39.9978,-75.1172,1316.0,6,0,0,0,0,0,0,0,0,9.0,0,0,0,13.0,1,1,2,,1,39 59:52.187,2.0,0,75 07:01.935,4,0,0,0,67301,1,0,0,,0,0,0,2,67301,1,,1,1,,,,,0,,0,0,1,3,3,N,1300.0,1,2,0,0,0,0,0,3,4,0,1,99,,N,,,,,,,,,,,
2010067086,1930.0,1,0,0,0,0,0,0,0,0,8,0,,67,6,2010,7,39.9564,-75.2345,1925.0,6,0,0,0,0,0,0,0,0,,0,0,0,19.0,1,1,0,,0,39 57:23.187,,0,75 14:04.254,4,0,0,0,67301,1,0,0,N,1,0,0,2,67301,1,,1,1,,N,N,,0,,0,0,0,0,0,,1910.0,1,2,0,0,0,0,0,3,4,0,1,3,,N,,,,,,,,,,,
2010069585,1650.0,1,0,0,0,0,0,0,0,0,8,0,,67,5,2010,5,39.9579,-75.1641,1650.0,6,0,0,0,0,0,1,0,0,,0,0,0,16.0,1,1,1,,0,39 57:28.586,,0,75 09:50.892,8,0,0,0,67301,1,0,0,,1,0,0,2,67301,0,,1,1,,N,N,,0,,0,0,0,3,7,,1650.0,1,2,0,0,0,1,0,3,4,0,1,3,,N,,,,,,,,,,,
2010069630,1823.0,1,0,0,0,0,0,0,0,0,4,0,,67,6,2010,4,39.9196,-75.1781,1822.0,6,0,0,0,0,0,0,0,0,,0,0,0,18.0,1,1,0,,0,39 55:10.653,,0,75 10:41.268,4,0,0,0,67301,1,0,0,N,1,0,0,2,67301,1,,1,1,,N,N,,0,,0,0,0,0,0,,1820.0,1,2,0,0,0,0,0,3,4,0,1,3,,N,,,,,,,,,,,
2010069638,1215.0,1,0,0,0,0,0,0,0,0,8,0,,67,6,2010,2,39.9481,-75.1542,1215.0,6,0,0,0,0,0,0,0,0,,0,0,0,12.0,1,1,1,,0,39 56:53.161,,0,75 09:15.143,8,0,0,0,67301,1,0,0,N,1,0,0,2,67301,0,,1,1,,N,N,,0,,0,0,0,3,2,,1215.0,1,2,0,0,0,1,0,3,4,0,1,3,,N,,,,,,,,,,,
2010115326,33.0,1,0,0,0,0,0,0,0,0,7,0,,67,10,2010,5,40.0002,-75.2287,30.0,6,0,0,0,1,0,0,0,0,1.0,0,0,0,0.0,3,3,0,,2,40 00:00.793,5.0,0,75 13:43.300,4,0,0,0,67301,0,0,0,N,0,0,0,4,46104,3,,5,1,,N,N,,0,,0,0,0,0,0,Y,30.0,3,1,0,0,1,0,0,3,4,0,1,3,,N,,,,,,,,,,,
2010105052,1715.0,2,0,0,0,0,0,0,0,0,5,0,,67,9,2010,6,39.9852,-75.1241,1710.0,6,0,0,0,0,0,1,0,0,,0,0,0,16.0,1,1,1,,0,39 59:06.544,,0,75 07:26.844,8,0,0,0,67301,0,0,0,,0,0,0,3,67301,0,,1,1,,,,,0,,0,0,0,3,2,,1650.0,1,2,0,0,0,1,0,3,4,0,2,3,,N,,,,,,,,,,,
2010105056,1029.0,0,0,0,0,0,0,0,0,0,4,0,,67,9,2010,1,40.1014,-75.006,1024.0,6,0,0,0,0,0,1,0,0,,0,0,0,10.0,1,1,2,,0,40 06:05.049,,0,75 00:21.429,4,0,0,0,67301,0,0,0,,0,0,0,3,67301,1,,1,1,,N,N,,2,,0,0,0,3,2,,1023.0,1,2,0,0,0,0,0,3,4,0,2,3,,N,,,,,,,,,,,
2010034128,1443.0,0,0,1,0,0,0,0,0,0,4,0,,67,3,2010,7,40.0547,-75.0048,1443.0,6,0,0,0,0,0,0,0,0,9.0,0,0,0,14.0,1,1,1,,1,40 03:17.072,3.0,0,75 00:17.300,2,0,0,0,67301,0,0,0,N,0,0,0,4,67301,0,,1,1,,N,N,,2,,0,1,0,3,2,N,1443.0,1,3,0,0,0,0,0,3,4,1,3,3,,N,,,,,,,,,,,
2010034151,2015.0,3,0,0,0,0,0,0,0,0,1,0,,67,3,2010,7,39.9376,-75.186,2010.0,6,0,0,0,0,0,0,1,0,1.0,0,0,0,20.0,3,2,0,,2,39 56:15.518,4.0,0,75 11:09.517,8,0,0,0,67301,1,0,0,N,0,0,0,2,67301,0,,6,9,,N,N,,1,,0,0,0,0,0,Y,2008.0,2,4,0,0,0,2,0,3,4,0,4,3,,N,,,,,,,,,,,
2010093673,420.0,1,0,0,0,0,0,0,0,0,4,0,,67,8,2010,7,39.9939,-75.1545,417.0,6,0,0,0,0,1,1,0,0,,0,0,0,4.0,3,1,1,,0,39 59:38.150,,0,75 09:16.063,4,0,0,0,67301,0,0,0,,0,0,0,3,67301,1,,1,1,,,,,0,,0,0,0,3,2,,410.0,1,2,0,0,0,0,0,3,4,1,2,3,,N,,,,,,,,,,,
2010088725,2035.0,2,0,0,0,0,0,0,0,0,4,0,,67,8,2010,4,40.0345,-75.1149,2030.0,6,0,0,0,0,0,0,0,0,9.0,0,0,0,20.0,3,3,1,,1,40 02:04.023,2.0,0,75 06:53.623,4,0,0,0,67301,0,0,0,N,0,0,0,3,67301,3,,1,1,,N,N,,0,,0,0,0,3,2,N,2020.0,3,2,0,0,0,0,0,3,4,0,2,3,,N,,,,,,,,,,,
2010088755,1130.0,1,0,0,0,0,0,0,0,0,1,0,,67,8,2010,5,39.961,-75.1895,1130.0,6,0,0,0,0,0,0,0,1,,0,0,0,11.0,1,0,0,,0,39 57:39.729,,0,75 11:22.336,0,0,0,0,67301,0,0,0,N,0,0,0,1,67301,0,,6,1,,N,N,,2,,0,0,1,0,0,,1125.0,0,4,0,0,0,0,0,3,4,0,4,3,,N,,,,,,,,,,,
2010088786,1945.0,0,0,0,0,0,0,0,0,0,7,0,,67,8,2010,1,40.013,-75.2061,1938.0,6,0,0,0,0,0,0,0,0,1.0,0,0,0,19.0,4,1,0,,2,40 00:46.703,2.0,2,75 12:21.960,8,0,0,0,67301,0,0,0,Y,0,0,0,1,67301,0,,2,9,,N,N,,0,,0,0,1,0,0,N,1920.0,1,1,0,0,1,1,0,3,4,0,1,7,,N,,,,,,,,,,,
2010088486,1151.0,1,0,0,0,0,0,0,0,0,1,0,,67,9,2010,3,40.0016,-75.195,1148.0,6,0,0,0,0,0,0,0,0,,0,0,0,11.0,1,3,0,,0,40 00:06.101,,0,75 11:41.818,8,0,0,0,67301,0,0,0,N,0,0,0,4,68K01,0,,1,1,,N,N,,0,,0,0,1,0,0,,1145.0,3,2,0,0,0,3,0,3,4,0,2,3,,N,,,,,,,,,,,
2010088487,1109.0,1,0,0,0,0,0,0,0,0,7,0,,67,9,2010,4,39.9812,-75.2069,1109.0,6,0,0,0,0,0,0,0,0,,0,0,0,10.0,1,1,0,,0,39 58:55.698,,0,75 12:27.534,8,0,0,0,67301,0,0,0,N,0,0,0,1,68K01,0,,2,1,,N,N,,0,,0,0,0,0,0,,1059.0,1,2,0,0,0,1,0,3,4,0,1,3,,N,,,,,,,,,,,
2010086031,1840.0,1,0,0,1,0,0,0,0,0,4,0,,67,7,2010,6,39.999,-75.2104,1824.0,6,0,0,0,0,0,0,0,0,,0,0,0,18.0,1,1,0,,0,39 59:56.490,,7,75 12:37.430,3,0,0,0,67301,1,0,0,,0,0,0,2,67301,0,,4,1,,N,N,,0,,1,0,0,0,0,,1815.0,1,2,0,0,0,0,0,3,4,0,1,3,,N,,,,,,,,,,,
2010088819,1921.0,2,0,0,0,0,0,0,0,0,4,0,,67,8,2010,1,39.928,-75.2193,1915.0,6,0,0,0,0,0,0,0,0,,0,0,0,19.0,1,0,1,,0,39 55:41.030,,0,75 13:09.927,0,0,0,0,67301,0,0,0,N,0,0,0,2,67301,0,,1,9,,N,N,,0,,0,0,0,3,2,,1908.0,0,2,0,0,0,0,0,3,4,0,2,7,,N,,,,,,,,,,,
2010088840,1553.0,2,0,0,0,0,0,0,0,0,4,0,,67,8,2010,1,40.0265,-75.0975,1553.0,6,0,0,0,0,0,1,0,0,2.0,0,0,0,15.0,1,7,1,,1,40 01:36.580,6.0,0,75 05:52.985,4,0,0,0,67301,0,0,0,,0,0,0,7,67501,1,,1,1,,,,,0,,0,0,0,3,2,N,1548.0,7,2,0,0,2,6,0,3,4,0,2,3,,N,,,,,,,,,,,
2010090812,1031.0,2,0,0,0,0,0,0,0,0,4,0,,67,9,2010,2,39.9739,-75.1195,1031.0,6,0,0,0,0,0,1,0,0,,0,0,0,10.0,1,2,0,,0,39 58:27.178,,0,75 07:07.768,4,0,0,0,67301,0,0,0,N,0,0,0,4,68K01,2,,1,1,,N,N,,0,,0,0,0,0,0,,1015.0,2,2,0,0,0,0,0,3,4,0,2,3,,N,,,,,,,,,,,
2010105646,1254.0,0,0,0,0,0,0,0,0,0,7,0,,67,10,2010,6,39.9935,-75.1884,1251.0,6,0,0,0,0,0,1,0,0,,0,0,0,12.0,1,3,3,,0,39 59:36.452,,0,75 11:18.387,4,0,0,0,67301,0,0,0,,0,0,0,5,67301,3,,3,9,,N,N,,0,,0,0,0,0,0,,1245.0,3,1,0,0,5,0,0,3,4,1,1,7,,N,,,,,,,,,,,
2010102969,1125.0,0,0,0,0,0,0,0,0,0,8,1,,67,9,2010,3,39.9995,-75.1356,1118.0,6,0,0,0,1,0,0,0,0,,0,1,0,11.0,1,1,0,,0,39 59:58.336,,0,75 08:08.138,4,0,0,0,67301,1,0,0,N,1,0,0,2,67301,1,,6,1,,N,N,,0,,0,0,0,0,0,,1115.0,1,2,0,0,0,0,0,3,4,0,1,3,,N,,,,,,,,,,,
2010103016,1729.0,1,0,0,0,0,0,0,0,0,7,0,,67,9,2010,6,40.0326,-75.1374,1729.0,6,0,0,0,0,0,0,0,0,,0,0,0,17.0,1,1,2,,0,40 01:57.453,,7,75 08:14.535,4,0,0,0,67301,0,0,0,N,0,0,0,1,67301,1,,5,1,,N,N,,0,,0,0,0,0,0,,1720.0,1,1,0,0,0,0,0,3,4,0,1,3,,N,,,,,,,,,,,
2010103072,1524.0,0,0,0,0,0,0,0,0,0,1,0,,67,9,2010,6,40.0379,-75.0379,1524.0,6,0,0,0,0,0,2,0,0,,0,0,0,13.0,1,2,0,,0,40 02:16.332,,0,75 02:16.586,8,0,0,0,67301,0,0,0,N,0,0,0,3,67301,0,,1,1,,N,N,,1,,0,0,1,0,0,,1324.0,2,2,0,0,0,2,0,3,4,0,2,3,,N,,,,,,,,,,,
2010125080,1905.0,2,0,0,0,0,0,0,0,0,4,0,,67,11,2010,6,39.8931,-75.2359,1905.0,6,0,0,0,0,0,0,0,0,,0,0,0,19.0,3,1,2,,0,39 53:34.421,,2,75 14:07.898,4,0,0,0,67301,0,0,0,,0,0,0,3,67301,1,,1,1,,,,,0,,0,0,0,3,4,,1900.0,1,2,0,0,0,0,0,3,4,0,2,3,,N,,,,,,,,,,,
2010125089,848.0,2,0,0,0,0,0,0,0,0,1,0,,67,11,2010,3,39.9126,-75.2219,841.0,6,0,0,0,0,0,0,0,0,,0,0,0,8.0,1,1,1,,0,39 54:50.283,,0,75 13:17.303,8,0,0,0,67301,0,0,0,,0,0,0,2,67301,0,,1,9,,N,N,,0,,0,0,0,3,2,,838.0,1,2,0,0,0,1,0,3,4,0,2,7,,N,,,,,,,,,,,
2010125106,2145.0,2,0,0,0,0,0,0,0,0,4,0,,67,11,2010,6,39.9543,-75.2322,145.0,6,0,0,0,0,1,0,0,0,,0,0,0,21.0,3,1,1,,0,39 57:15.325,,0,75 13:55.808,8,0,0,0,67301,0,0,0,N,0,0,0,7,67301,0,,1,1,,N,N,,0,,0,0,0,3,3,,2144.0,1,2,0,0,0,1,1,3,4,0,2,3,,N,,,,,,,,,,,
2010125120,1720.0,1,0,0,0,0,0,0,0,0,1,0,,67,11,2010,7,40.0292,-75.1527,1720.0,6,0,0,0,0,0,1,0,0,1.0,0,0,0,17.0,3,1,0,,1,40 01:44.972,2.0,0,75 09:09.792,8,0,0,0,67301,0,0,0,,0,0,0,3,67301,0,,1,1,,,,,0,,0,0,1,0,0,N,1720.0,1,3,0,0,0,1,0,3,4,1,3,3,,N,,,,,,,,,,,
2010117899,1310.0,2,0,0,0,0,0,0,0,0,1,0,,67,10,2010,5,39.9982,-75.1272,1305.0,6,0,0,0,0,0,1,0,0,1.0,0,0,0,13.0,1,0,0,,1,39 59:53.636,3.0,0,75 07:37.877,0,0,0,0,67301,0,0,0,N,0,0,0,3,67301,0,,1,1,,N,N,,0,,0,0,1,0,0,Y,1300.0,0,3,0,0,0,0,0,3,4,0,3,3,,N,,,,,,,,,,,
2010114014,1556.0,1,0,0,0,0,0,0,0,0,1,1,,67,11,2010,6,39.9829,-75.0997,1528.0,6,0,0,0,0,0,0,0,0,,0,1,0,15.0,1,0,0,,0,39 58:57.985,,2,75 06:00.345,0,0,0,0,67301,0,0,0,N,0,0,0,2,68K01,0,,1,1,,N,N,,0,,0,0,0,0,0,,1504.0,0,2,0,0,0,0,0,3,4,0,2,3,,N,,,,,,,,,,,