CRN,ARRIVAL_TM,AUTOMOBILE_COUNT,BELTED_DEATH_COUNT,BELTED_SUSP_SERIOUS_INJ_COUNT,BICYCLE_COUNT,BICYCLE_DEATH_COUNT,BICYCLE_SUSP_SERIOUS_INJ_COUNT,BUS_COUNT,CHLDPAS_DEATH_COUNT,CHLDPAS_SUSP_SERIOUS_INJ_COUNT,COLLISION_TYPE,COMM_VEH_COUNT,CONS_ZONE_SPD_LIM,COUNTY,CRASH_MONTH,CRASH_YEAR,DAY_OF_WEEK,DEC_LAT,DEC_LONG,DISPATCH_TM,DISTRICT,DRIVER_COUNT_16YR,DRIVER_COUNT_17YR,DRIVER_COUNT_18YR,DRIVER_COUNT_19YR,DRIVER_COUNT_20YR,DRIVER_COUNT_50_64YR,DRIVER_COUNT_65_74YR,DRIVER_COUNT_75PLUS,EST_HRS_CLOSED,FATAL_COUNT,HEAVY_TRUCK_COUNT,HORSE_BUGGY_COUNT,HOUR_OF_DAY,ILLUMINATION,INJURY_COUNT,INTERSECT_TYPE,INTERSECTION_RELATED,LANE_CLOSED,LATITUDE,LN_CLOSE_DIR,LOCATION_TYPE,LONGITUDE,MAX_SEVERITY_LEVEL,MCYCLE_DEATH_COUNT,MCYCLE_SUSP_SERIOUS_INJ_COUNT,MOTORCYCLE_COUNT,MUNICIPALITY,NONMOTR_COUNT,NONMOTR_DEATH_COUNT,NONMOTR_SUSP_SERIOUS_INJ_COUNT,NTFY_HIWY_MAINT,PED_COUNT,PED_DEATH_COUNT,PED_SUSP_SERIOUS_INJ_COUNT,PERSON_COUNT,POLICE_AGCY,POSSIBLE_INJ_COUNT,RDWY_SURF_TYPE_CD,RELATION_TO_ROAD,ROAD_CONDITION,ROADWAY_CLEARED,SCH_BUS_IND,SCH_ZONE_IND,SECONDARY_CRASH,SMALL_TRUCK_COUNT,SPEC_JURIS_CD,SUSP_MINOR_INJ_COUNT,SUSP_SERIOUS_INJ_COUNT,SUV_COUNT,TCD_FUNC_CD,TCD_TYPE,TFC_DETOUR_IND,TIME_OF_DAY,TOT_INJ_COUNT,TOTAL_UNITS,UNB_DEATH_COUNT,UNB_SUSP_SERIOUS_INJ_COUNT,UNBELTED_OCC_COUNT,UNK_INJ_DEG_COUNT,UNK_INJ_PER_COUNT,URBAN_AREA,URBAN_RURAL,VAN_COUNT,VEHICLE_COUNT,WEATHER1,WEATHER2,WORK_ZONE_IND,WORK_ZONE_LOC,WORK_ZONE_TYPE,WORKERS_PRES,WZ_CLOSE_DETOUR,WZ_FLAGGER,WZ_LAW_OFFCR_IND,WZ_LN_CLOSURE,WZ_MOVING,WZ_OTHER,WZ_SHLDER_MDN,WZ_WORKERS_INJ_KILLED
2010012390,930.0,1,0,0,0,0,0,0,0,0,5,0,,67,1,2010,6,39.9958,-75.1244,930.0,6,0,0,0,0,0,0,0,0,,0,0,0,9.0,1,1,0,,0,39 59:44.754,,0,75 07:27.799,4,0,0,0,67301,0,0,0,N,0,0,0,3,67301,1,,2,9,,N,N,,0,,0,0,0,0,0,,926.0,1,2,0,0,0,0,0,3,4,1,2,3,,N,,,,,,,,,,,
2010012403,810.0,1,0,0,0,0,0,0,0,0,7,0,,67,1,2010,1,40.0362,-75.1556,801.0,6,0,0,0,0,0,0,0,0,,0,0,0,7.0,1,2,2,,0,40 02:10.172,,0,75 09:20.203,2,0,0,0,67301,0,0,0,N,0,0,0,2,67301,0,,1,1,,N,N,,0,,1,1,0,0,0,,740.0,2,1,0,1,2,0,0,3,4,0,1,3,,N,,,,,,,,,,,
2010042638,1509.0,1,0,0,0,0,0,0,0,0,7,0,,67,4,2010,2,40.0391,-75.0084,1508.0,6,0,0,0,0,0,1,0,0,,0,0,0,15.0,1,1,0,,0,40 02:20.900,,0,75 00:29.814,4,0,0,0,67301,0,0,0,N,0,0,0,1,68K01,1,,2,9,,N,N,,0,,0,0,0,0,0,,1506.0,1,1,0,0,0,0,0,3,4,0,1,7,,N,,,,,,,,,,,
2010037215,1929.0,1,0,0,0,0,0,0,0,0,5,0,,67,4,2010,7,40.028,-75.0243,1928.0,6,0,0,0,0,0,0,0,0,1.0,0,0,0,19.0,4,2,0,,1,40 01:40.903,2.0,0,75 01:26.916,4,0,0,0,67301,0,0,0,N,0,0,0,3,68K01,2,,1,1,,N,N,,0,,0,0,0,0,0,N,1926.0,2,2,0,0,1,0,0,3,4,1,2,3,,N,,,,,,,,,,,
2010037536,2248.0,1,0,0,0,0,0,0,0,0,1,0,,67,4,2010,5,39.9598,-75.1772,2246.0,6,0,0,0,0,0,0,0,0,1.0,0,0,0,22.0,3,1,0,,1,39 57:35.911,4.0,0,75 10:42.928,3,0,0,1,67301,0,0,0,N,0,0,0,2,68K01,0,,1,1,,N,N,,0,,1,0,0,0,0,N,2237.0,1,2,0,0,0,0,0,3,4,0,2,3,,N,,,,,,,,,,,
2010040532,1840.0,1,0,0,0,0,0,0,0,0,8,0,,67,3,2010,6,39.9598,-75.1637,1835.0,6,0,0,0,0,0,0,0,0,,0,0,0,18.0,1,1,1,,0,39 57:35.366,,0,75 09:49.409,4,0,0,0,67301,1,0,0,,1,0,0,2,67301,1,,1,1,,N,N,,0,,0,0,0,3,2,,1830.0,1,2,0,0,0,0,0,3,4,0,1,3,,N,,,,,,,,,,,
2010048781,1334.0,1,0,0,0,0,0,0,0,0,5,1,,67,4,2010,3,40.0291,-75.1053,1333.0,6,0,0,0,0,0,0,0,0,1.0,0,1,0,13.0,1,1,2,,1,40 01:44.748,1.0,0,75 06:18.986,4,0,0,0,67301,0,0,0,,0,0,0,2,67301,1,,1,1,,N,N,,0,,0,0,0,3,2,N,1314.0,1,2,0,0,0,0,0,3,4,0,2,3,,N,,,,,,,,,,,
2010058819,831.0,1,0,0,0,0,0,0,0,0,7,0,,67,5,2010,7,40.0897,-75.057,828.0,6,0,0,0,0,0,0,0,0,,0,0,0,8.0,1,1,1,,0,40 05:22.585,,0,75 03:25.253,3,0,0,0,67301,0,0,0,N,0,0,0,3,67301,0,,5,1,,,,,0,,1,0,0,3,2,,828.0,1,1,0,0,0,0,0,3,4,0,1,3,,N,,,,,,,,,,,
2010062874,35.0,0,0,0,0,0,0,0,0,0,7,0,,67,6,2010,2,40.0075,-75.2015,31.0,6,0,0,0,0,0,0,0,0,1.0,0,0,0,0.0,3,1,0,,1,40 00:27.044,3.0,2,75 12:05.452,2,0,1,1,67301,0,0,0,N,0,0,0,1,68K01,0,,1,1,,N,N,,0,,0,1,0,0,0,N,29.0,1,1,0,0,0,0,0,3,4,0,1,3,,N,,,,,,,,,,,
2010070709,1440.0,2,0,0,0,0,0,0,0,0,1,0,,67,6,2010,5,39.9587,-75.1909,1438.0,6,0,0,0,0,0,1,0,0,,0,0,0,14.0,1,0,0,,0,39 57:31.161,,0,75 11:27.172,0,0,0,0,67301,0,0,0,N,0,0,0,3,67301,0,,1,1,,N,N,,0,,0,0,0,0,0,,1437.0,0,2,0,0,0,0,0,3,4,0,2,3,,N,,,,,,,,,,,
2010056210,1610.0,0,0,0,0,0,0,0,0,0,5,0,,67,6,2010,7,39.9329,-75.2002,1604.0,6,0,0,0,0,0,0,2,0,1.0,0,0,0,16.0,1,1,0,,2,39 55:55.738,3.0,0,75 12:00.269,8,0,0,2,67301,0,0,0,N,0,0,0,2,68K01,0,,1,1,,N,N,,0,,0,0,0,0,0,N,1600.0,1,2,0,0,0,1,0,3,4,0,2,3,,N,,,,,,,,,,,
2010062658,1130.0,1,0,0,0,0,0,0,0,0,4,0,,67,5,2010,3,39.9632,-75.1678,1121.0,6,0,0,0,0,0,0,0,0,,0,0,0,11.0,1,1,1,,0,39 57:47.860,,0,75 10:04.041,3,0,0,0,67301,0,0,0,,0,0,0,3,67301,0,,1,1,,,,,0,,1,0,1,3,2,,1121.0,1,2,0,0,0,0,2,3,4,0,2,3,,N,,,,,,,,,,,
2010059566,1240.0,2,0,0,0,0,0,0,0,0,4,0,,67,5,2010,1,39.9856,-75.1629,1231.0,6,0,0,0,0,1,1,0,0,,0,0,0,12.0,1,2,1,,0,39 59:08.005,,0,75 09:46.580,4,0,0,0,67301,0,0,0,,0,0,0,4,67301,2,,1,9,,N,,,0,,0,0,0,3,2,,1220.0,2,2,0,0,0,0,0,3,4,0,2,7,,N,,,,,,,,,,,
2010073783,1600.0,1,0,0,0,0,0,0,0,0,1,0,,67,6,2010,7,40.0289,-75.0895,1531.0,6,0,0,0,0,0,1,0,0,1.0,0,0,0,99.0,1,2,10,,1,40 01:43.697,1.0,0,75 05:23.235,8,0,0,0,67301,0,0,0,N,0,0,0,4,67301,0,,1,1,,N,N,,0,,0,0,2,3,2,N,9999.0,2,3,0,0,1,2,0,3,4,0,3,3,,N,,,,,,,,,,,
2010081677,1330.0,1,0,0,0,0,0,1,0,0,5,1,,67,7,2010,3,40.0088,-75.1479,1330.0,6,0,0,0,0,0,0,0,0,,0,0,0,13.0,1,9,0,,0,40 00:31.787,,0,75 08:52.392,4,0,0,0,67301,0,0,0,,0,0,0,10,67301,9,,1,1,,N,,,0,,0,0,0,0,0,,1326.0,9,2,0,0,0,0,0,3,4,0,2,3,,N,,,,,,,,,,,
2010052463,519.0,2,0,0,0,0,0,0,0,0,6,0,,67,5,2010,7,40.0288,-75.1303,515.0,6,0,0,0,0,0,0,0,0,1.0,0,0,0,5.0,5,1,0,,1,40 01:43.780,1.0,0,75 07:48.940,3,0,0,0,67301,0,0,0,N,0,0,0,1,67301,0,,1,1,,N,N,,0,,1,0,0,0,0,N,510.0,1,2,0,0,0,0,0,3,4,0,2,3,,N,,,,,,,,,,,
2010117772,809.0,1,0,0,0,0,0,0,0,0,4,0,,67,10,2010,4,39.9835,-75.1055,805.0,6,0,0,0,0,0,0,0,0,,0,0,0,99.0,1,1,1,,0,39 59:00.430,,0,75 06:19.637,4,0,0,0,67301,0,0,0,,0,0,0,3,67301,1,,1,9,,,,,0,,0,0,1,9,2,,9999.0,1,2,0,0,0,0,1,3,4,0,2,7,,N,,,,,,,,,,,
2010117792,1725.0,1,0,0,0,0,0,0,0,0,4,0,,67,11,2010,2,40.0659,-75.1765,1718.0,6,0,0,0,0,0,0,2,0,,0,0,0,16.0,1,0,2,,0,40 03:57.202,,0,75 10:35.464,0,0,0,0,67301,0,0,0,N,0,0,0,2,67301,0,,1,1,,N,N,,1,,0,0,0,3,3,,1615.0,0,2,0,0,0,0,0,3,4,0,2,3,,N,,,,,,,,,,,
2010048682,1723.0,2,0,0,0,0,0,0,0,0,4,0,,67,4,2010,2,39.9383,-75.1986,1718.0,6,0,0,0,0,0,0,0,0,2.0,0,0,0,17.0,1,2,1,,1,39 56:18.900,2.0,0,75 11:54.432,8,0,0,0,67301,0,0,0,N,0,0,0,3,67301,0,,1,1,,N,N,,0,,0,0,0,3,2,N,1707.0,2,2,0,0,0,2,0,3,4,0,2,3,,N,,,,,,,,,,,
2010060470,2130.0,1,0,0,0,0,0,0,0,0,2,0,,67,6,2010,6,40.028,-75.11,2127.0,6,0,0,0,0,0,0,0,1,1.0,0,0,0,21.0,3,0,1,,2,40 01:40.946,2.0,0,75 06:36.204,0,0,0,2,67301,0,0,0,N,0,0,0,3,67301,0,,1,1,,N,N,,0,,0,0,0,3,2,N,2126.0,0,3,0,0,0,0,0,3,4,0,3,3,,N,,,,,,,,,,,
2010070708,230.0,2,0,0,0,0,0,0,0,0,4,0,,67,6,2010,7,40.0077,-75.1581,230.0,6,0,0,0,0,0,0,0,0,,0,0,0,2.0,3,4,1,,0,40 00:27.748,,0,75 09:29.267,4,0,0,0,67301,0,0,0,,0,0,0,5,67301,3,,1,1,,N,N,,0,,0,0,0,3,3,,230.0,4,2,0,0,0,1,0,3,4,0,2,3,,N,,,,,,,,,,,
2010070734,940.0,1,0,0,0,0,0,0,0,0,1,0,,67,6,2010,5,39.9427,-75.2364,939.0,6,0,0,0,0,0,1,0,0,,0,0,0,9.0,1,1,1,,0,39 56:33.590,,0,75 14:11.173,8,0,0,0,67301,0,0,0,N,0,0,0,2,67301,0,,1,1,,N,N,,0,,0,0,1,3,2,,935.0,1,2,0,0,0,1,0,3,4,0,2,3,,N,,,,,,,,,,,
2010052101,727.0,1,0,0,0,0,0,1,0,0,4,1,,67,4,2010,3,40.0432,-75.2275,717.0,6,0,0,0,0,0,0,1,0,,0,0,0,6.0,1,1,2,,0,40 02:35.030,,0,75 13:38.065,8,0,0,0,67301,0,0,0,N,0,0,0,3,67301,0,,1,1,,N,N,,0,,0,0,0,3,3,,655.0,1,2,0,0,0,1,0,3,4,0,2,3,,N,,,,,,,,,,,
2010052468,121.0,0,0,0,0,0,0,0,0,0,5,0,,67,4,2010,5,39.9272,-75.182,121.0,6,0,0,0,0,0,0,0,0,1.0,0,0,0,1.0,3,0,0,,2,39 55:37.923,4.0,0,75 10:55.128,0,0,0,0,67301,0,0,0,N,0,0,0,2,67301,0,,1,1,,N,N,,0,,0,0,0,0,0,Y,121.0,0,2,0,0,2,0,0,3,4,2,2,3,,N,,,,,,,,,,,
2010047207,1116.0,0,0,0,0,0,0,0,0,0,5,1,,67,5,2010,3,40.0209,-75.1401,1115.0,6,0,0,0,0,0,0,0,0,1.0,0,1,0,11.0,1,0,1,,2,40 01:15.608,5.0,0,75 08:23.307,0,0,0,0,67301,0,0,0,N,0,0,0,3,67301,0,,1,9,,N,N,,0,,0,0,0,3,2,Y,1114.0,0,2,0,0,0,0,0,3,4,1,2,7,,N,,,,,,,,,,,
2010117848,1845.0,1,0,0,0,0,0,0,0,0,8,0,,67,11,2010,5,39.9662,-75.1535,1845.0,6,0,0,0,0,0,0,0,0,,0,0,0,18.0,3,1,1,,0,39 57:58.410,,0,75 09:12.679,4,0,0,0,67301,1,0,0,N,1,0,0,2,67301,1,,1,9,,N,N,,0,,0,0,0,3,3,,1843.0,1,2,0,0,0,0,0,3,4,0,1,7,,N,,,,,,,,,,,
2010121924,1.0,1,0,0,0,0,0,0,0,0,4,0,,67,11,2010,5,39.9579,-75.1488,2356.0,6,0,0,0,1,0,0,0,0,,0,0,0,23.0,3,1,1,,0,39 57:28.502,,0,75 08:55.805,3,0,0,0,67301,0,0,0,N,0,0,0,3,67301,0,,1,1,,N,N,,1,,1,0,0,3,2,,2345.0,1,2,0,0,0,0,0,3,4,0,2,3,,N,,,,,,,,,,,
2010069778,1138.0,1,0,0,0,0,0,0,0,0,7,0,,67,5,2010,4,40.001,-75.215,1100.0,6,0,0,0,0,0,1,0,0,,0,0,0,11.0,1,1,0,,0,40 00:03.580,,0,75 12:53.970,4,0,0,0,67301,0,0,0,N,0,0,0,2,67301,1,,5,1,,N,N,,0,,0,0,0,0,0,,1100.0,1,1,0,0,0,0,0,3,4,0,1,3,,N,,,,,,,,,,,
2010069787,1515.0,0,0,0,0,0,0,1,0,0,1,1,,67,6,2010,6,40.05,-74.9995,1512.0,6,0,0,0,0,0,0,1,0,,0,0,0,15.0,1,1,0,,0,40 03:00.106,,0,74 59:58.090,4,0,0,0,67301,0,0,0,N,0,0,0,2,67301,1,,1,1,,N,N,,0,,0,0,0,0,0,,1510.0,1,2,0,0,0,0,0,3,4,1,2,3,,N,,,,,,,,,,,
2010074482,1437.0,2,0,0,0,0,0,0,0,0,2,0,,67,7,2010,4,40.0331,-75.1706,1436.0,6,0,0,0,0,0,0,0,0,,0,0,0,14.0,1,0,1,,0,40 01:59.289,,0,75 10:14.197,0,0,0,0,67301,0,0,0,N,0,0,0,2,67301,0,,1,1,,N,N,,0,,0,0,0,3,2,,1415.0,0,2,0,0,0,0,0,3,4,0,2,3,,N,,,,,,,,,,,
2010074483,1330.0,1,0,0,0,0,0,0,0,0,4,0,,67,6,2010,6,40.0455,-75.1649,1325.0,6,0,0,0,0,1,1,0,0,,0,1,0,13.0,1,3,1,,0,40 02:43.800,,0,75 09:53.514,4,0,0,0,67301,0,0,0,N,0,0,0,4,67301,3,,1,1,,N,N,,1,,0,0,0,9,2,,1320.0,3,3,0,0,0,0,0,3,4,0,3,3,,N,,,,,,,,,,,
2010051527,1617.0,1,0,0,0,0,0,0,0,0,1,0,,67,4,2010,6,40.0201,-75.0444,1550.0,6,0,0,0,0,0,1,0,0,,0,0,0,15.0,1,1,0,,0,40 01:11.857,,0,75 02:40.190,4,0,0,0,67301,0,0,0,Y,0,0,0,2,68K01,1,,1,1,,N,N,,0,,0,0,1,0,0,,1546.0,1,2,0,0,0,0,0,3,4,0,2,3,,N,,,,,,,,,,,
2010067115,950.0,1,0,0,0,0,0,0,0,0,8,0,,67,5,2010,7,40.0386,-75.1426,937.0,6,0,0,0,0,0,0,0,0,,0,0,0,20.0,1,1,1,,0,40 02:18.957,,0,75 08:33.478,4,0,0,0,67301,1,0,0,,1,0,0,2,67301,1,,1,1,,N,N,,0,,0,0,0,9,2,,2000.0,1,2,0,0,0,0,1,3,4,0,1,3,,N,,,,,,,,,,,
2010084538,1107.0,0,0,0,0,0,0,0,0,0,4,0,,67,7,2010,5,40.0403,-75.0789,1106.0,6,0,0,0,0,0,0,0,0,,0,0,0,11.0,1,3,1,,0,40 02:25.167,,0,75 04:44.065,8,0,0,0,67301,0,0,0,N,0,0,0,5,67301,0,,1,1,,N,N,,1,,0,0,1,3,2,,1106.0,3,2,0,0,0,3,0,3,4,0,2,3,,N,,,,,,,,,,,
2010069941,750.0,1,0,0,0,0,0,0,0,0,7,0,,67,6,2010,1,39.9482,-75.151,749.0,6,0,0,0,0,0,0,0,0,,0,0,0,7.0,1,0,0,,0,39 56:53.341,,0,75 09:03.586,0,0,0,0,67301,0,0,0,N,0,0,0,1,67301,0,,5,1,,N,N,,0,,0,0,0,0,0,,745.0,0,1,0,0,0,0,0,3,4,0,1,3,,N,,,,,,,,,,,
2010069996,2200.0,1,0,0,0,0,0,0,0,0,7,0,,67,6,2010,1,40.1323,-75.0094,2157.0,6,0,0,0,0,0,1,0,0,,0,0,0,21.0,3,1,0,,0,40 07:56.332,,0,75 00:33.522,8,0,0,0,67301,0,0,0,N,0,0,0,1,67301,0,,2,1,,N,N,,0,,0,0,0,0,0,,2140.0,1,1,0,0,0,1,0,3,4,0,1,3,,N,,,,,,,,,,,
2010070004,1636.0,0,0,0,0,0,0,0,0,0,4,0,,67,6,2010,2,40.0532,-75.1221,1632.0,6,0,0,0,0,0,1,0,0,1.0,0,0,0,16.0,1,2,5,,1,40 03:11.434,1.0,0,75 07:19.656,4,0,0,0,67301,0,0,0,N,0,0,0,4,67301,2,,1,1,,N,N,,1,,0,0,0,3,2,Y,1630.0,2,2,0,0,0,0,0,3,4,1,2,3,,N,,,,,,,,,,,
2010070020,1453.0,2,0,0,0,0,0,0,0,0,4,0,,67,6,2010,4,40.0323,-75.051,1450.0,6,0,0,0,0,0,0,0,0,,0,0,0,14.0,1,0,1,,0,40 01:56.185,,0,75 03:03.545,0,0,0,0,67301,0,0,0,N,0,0,0,2,67301,0,,1,1,,N,N,,0,,0,0,0,3,2,,1435.0,0,2,0,0,0,0,0,3,4,0,2,3,,N,,,,,,,,,,,
2010074556,1342.0,0,0,0,0,0,0,0,0,0,0,0,99.0,67,7,2010,2,39.997,-75.1174,1340.0,6,0,0,0,0,0,0,0,0,,0,0,0,13.0,1,1,1,,0,39 59:49.087,,0,75 07:02.700,4,0,0,0,67301,0,0,0,N,0,0,0,1,67301,1,,1,1,,N,N,,0,,0,0,0,3,2,,1338.0,1,1,0,0,0,0,0,3,4,1,1,3,,Y,4.0,1.0,U,,,N,,,,,
2010074615,1353.0,1,0,0,0,0,0,0,0,0,6,0,,67,6,2010,4,39.9014,-75.2393,1325.0,6,0,0,0,0,0,2,0,0,,0,0,0,13.0,1,1,2,,0,39 54:04.923,,0,75 14:21.456,4,0,0,0,67301,0,0,0,,0,0,0,2,67301,1,,1,1,,,,,1,,0,0,0,3,2,,1325.0,1,2,0,0,0,0,0,3,4,0,2,3,,N,,,,,,,,,,,
2010058988,747.0,1,0,0,1,0,0,0,0,0,4,0,,67,5,2010,5,39.9617,-75.1561,747.0,6,0,0,0,0,0,0,0,0,,0,0,0,7.0,1,1,1,,0,39 57:41.990,,0,75 09:21.974,4,0,0,0,67301,1,0,0,,0,0,0,2,67301,1,,1,1,,,,,0,,0,0,0,3,2,,745.0,1,2,0,0,0,0,0,3,4,0,1,3,,N,,,,,,,,,,,
2010027974,1125.0,1,0,0,0,0,0,0,0,0,8,0,,67,2,2010,3,39.9503,-75.166,1119.0,6,0,0,0,0,0,1,0,0,,0,0,0,11.0,1,1,0,,0,39 57:01.148,,0,75 09:57.711,8,0,0,0,67301,1,0,0,,1,0,0,2,67301,0,,1,9,,N,N,,0,,0,0,0,0,0,,1118.0,1,2,0,0,0,1,0,3,4,0,1,3,,N,,,,,,,,,,,
2010019433,1626.0,0,0,0,0,0,0,0,0,0,4,0,,67,1,2010,4,39.9126,-75.1381,1624.0,6,0,0,0,0,0,1,0,0,,0,0,0,16.0,1,1,0,,0,39 54:45.290,,0,75 08:17.100,3,0,0,0,67301,0,0,0,N,0,0,0,3,67301,0,,1,1,,N,N,,0,,1,0,2,0,0,,1624.0,1,2,0,0,1,0,0,3,4,0,2,3,,N,,,,,,,,,,,
2010028184,755.0,2,0,0,0,0,0,0,0,0,6,0,,67,2,2010,6,39.9584,-75.2375,741.0,6,0,0,0,0,0,0,0,0,,0,0,0,99.0,1,1,2,,0,39 57:30.389,,0,75 14:14.837,8,0,0,0,67301,0,0,0,N,0,0,0,2,67301,0,,1,2,,N,N,,0,,0,0,0,3,2,,9999.0,1,2,0,0,0,1,0,3,4,0,2,10,,N,,,,,,,,,,,
2010027944,2340.0,0,0,0,0,0,0,0,0,0,6,0,,67,2,2010,1,40.1317,-75.0122,2338.0,6,0,0,0,0,0,0,1,0,,0,0,0,23.0,3,1,1,,0,40 07:53.956,,0,75 00:43.926,8,0,0,0,67301,0,0,0,N,0,0,0,3,67301,0,,1,1,,N,N,,1,,0,0,0,3,2,,2338.0,1,2,0,0,0,1,0,3,4,1,2,3,,N,,,,,,,,,,,
2010028072,1528.0,1,0,0,0,0,0,0,0,0,1,0,,67,2,2010,4,40.1079,-75.0264,1523.0,6,0,1,0,0,0,0,0,0,,0,0,0,7.0,1,2,2,,0,40 06:28.498,,0,75 01:35.131,3,0,0,0,67301,0,0,0,,0,0,0,4,67301,0,,1,1,,,,,1,,2,0,0,3,2,,730.0,2,2,0,0,0,0,1,3,4,0,2,3,,N,,,,,,,,,,,
2010028310,1615.0,2,0,0,0,0,0,0,0,0,4,0,,67,2,2010,3,40.064,-75.0596,1606.0,6,0,0,0,1,1,0,0,0,,0,0,0,15.0,1,0,1,,0,40 03:50.306,,0,75 03:34.568,9,0,0,0,67301,0,0,0,N,0,0,0,2,67301,0,,1,9,,N,N,,0,,0,0,0,3,3,,1536.0,0,2,0,0,0,0,2,3,4,0,2,7,,N,,,,,,,,,,,
2010025545,253.0,1,0,0,0,0,0,0,0,0,7,0,,67,2,2010,7,39.9575,-75.1467,249.0,6,0,0,0,0,0,0,0,0,1.0,0,0,0,2.0,3,0,0,,1,39 57:27.320,4.0,0,75 08:50.948,0,0,0,0,67301,0,0,0,N,0,0,0,1,68K01,0,,2,2,,N,N,,0,,0,0,0,0,0,N,225.0,0,1,0,0,0,0,0,3,4,0,1,3,,N,,,,,,,,,,,
2010110756,924.0,3,0,0,0,0,0,0,0,0,4,0,,67,10,2010,2,40.0471,-75.1935,914.0,6,0,0,0,0,0,1,0,0,,0,0,0,8.0,1,2,1,,0,40 02:49.617,,0,75 11:36.470,8,0,0,0,67301,0,0,0,,0,0,0,3,67301,0,,1,9,,,,,0,,0,0,0,3,3,,855.0,2,3,0,0,0,2,0,3,4,0,3,7,,N,,,,,,,,,,,
2011010617,1812.0,0,0,0,0,0,0,0,0,0,8,0,,67,12,2010,5,40.0633,-74.9855,1802.0,6,0,0,0,0,0,0,0,0,,0,0,0,17.0,4,1,2,,0,40 03:47.944,,0,74 59:07.865,4,0,0,0,67301,1,0,0,,1,0,0,2,67301,1,,1,1,,N,N,,1,,0,0,0,3,2,,1746.0,1,2,0,0,0,0,0,3,4,0,1,3,,N,,,,,,,,,,,
2011010644,932.0,1,0,0,0,0,0,0,0,0,7,0,,67,12,2010,4,39.9813,-75.2002,929.0,6,0,0,0,0,0,1,0,0,2.0,0,0,0,99.0,1,1,0,,1,39 58:52.334,5.0,0,75 12:00.141,3,0,0,0,67301,0,0,0,N,0,0,0,1,67301,0,,2,9,,N,N,,0,,1,0,0,0,0,N,9999.0,1,1,0,0,0,0,0,3,4,0,1,98,,N,,,,,,,,,,,
2011022503,0.0,1,0,0,0,0,0,0,0,0,1,0,,67,3,2010,3,39.9196,-75.191,0.0,6,0,0,0,0,0,1,0,0,,0,0,0,7.0,1,1,6,,0,39 55:08.626,,2,75 11:28.036,8,0,0,0,67301,0,0,0,N,0,0,0,2,00000,0,,1,1,,N,N,,1,,0,0,0,3,3,,730.0,1,2,0,0,0,1,1,3,4,0,2,3,,N,,,,,,,,,,,
2011026300,914.0,1,0,0,0,0,0,0,0,0,7,0,,67,5,2010,7,39.9737,-75.2263,910.0,6,0,0,0,0,0,0,0,0,,0,0,0,9.0,1,0,1,,0,39 58:25.145,,0,75 13:34.493,9,0,0,0,67301,0,0,0,,0,0,0,4,67301,0,,5,1,,,,,0,,0,0,0,0,0,,904.0,0,1,0,0,0,0,1,3,4,0,1,3,,N,,,,,,,,,,,
2011026355,2345.0,1,0,0,0,0,0,0,0,0,2,1,,67,6,2010,3,39.9374,-75.1633,2345.0,6,0,0,0,0,0,0,0,0,,0,1,0,23.0,3,0,0,,0,39 56:14.690,,0,75 09:47.919,0,0,0,0,67301,0,0,0,,0,0,0,2,67301,0,,1,1,,,,,0,,0,0,1,0,0,,2340.0,0,3,0,0,0,0,0,3,4,0,3,3,,N,,,,,,,,,,,
2011026426,0.0,2,0,0,0,0,0,0,0,0,1,0,,67,12,2010,3,40.0091,-75.1512,0.0,6,0,0,0,0,0,0,1,0,,0,0,0,20.0,6,1,0,,0,40 00:32.887,,0,75 09:04.164,4,0,0,0,67301,0,0,0,,0,0,0,2,00000,1,,1,1,,,,,0,,0,0,0,0,0,,2015.0,1,2,0,0,0,0,1,3,4,0,2,3,,N,,,,,,,,,,,
2011024402,0.0,0,0,0,0,0,0,0,0,0,5,0,,67,7,2010,7,40.0183,-75.1478,0.0,6,0,0,0,0,0,0,0,0,,0,0,0,1.0,6,0,0,,0,40 01:05.836,,0,75 08:51.972,9,0,0,0,67301,0,0,0,N,0,0,0,1,00000,0,,4,1,,N,N,,0,,0,0,2,0,0,,100.0,0,2,0,0,0,0,1,3,4,0,2,99,,N,,,,,,,,,,,
2011024416,0.0,1,0,1,0,0,0,0,0,0,1,0,,67,7,2010,6,40.0854,-75.0374,0.0,6,0,0,0,0,0,0,0,0,,0,0,0,14.0,1,4,0,,0,40 05:07.371,,0,75 02:14.543,2,0,0,0,67301,0,0,0,N,0,0,0,5,00000,0,,1,1,,N,N,,0,,1,1,0,0,0,,1400.0,4,2,0,0,0,2,1,3,4,1,2,3,,N,,,,,,,,,,,
2011000821,523.0,1,0,0,0,0,0,0,0,0,4,0,,67,11,2010,7,39.9591,-75.2302,521.0,6,0,1,0,0,0,0,0,0,,0,0,0,5.0,3,0,0,,0,39 57:32.757,,0,75 13:48.540,0,0,0,0,67301,0,0,0,N,0,0,0,2,67301,0,,6,1,,N,N,,0,,0,0,3,0,0,,508.0,0,4,0,0,0,0,0,3,4,0,4,3,,N,,,,,,,,,,,
2011008301,1531.0,0,0,0,0,0,0,1,0,0,8,1,,67,12,2010,5,39.9289,-75.1785,1528.0,6,0,0,0,0,0,0,0,0,,0,0,0,15.0,1,1,1,,0,39 55:43.881,,0,75 10:42.707,4,0,0,0,67301,1,0,0,,1,0,0,2,67301,1,,1,2,,,,,0,,0,0,0,3,3,,1520.0,1,2,0,0,0,0,0,3,4,0,1,10,,N,,,,,,,,,,,