CRN,ARRIVAL_TM,AUTOMOBILE_COUNT,BELTED_DEATH_COUNT,BELTED_SUSP_SERIOUS_INJ_COUNT,BICYCLE_COUNT,BICYCLE_DEATH_COUNT,BICYCLE_SUSP_SERIOUS_INJ_COUNT,BUS_COUNT,CHLDPAS_DEATH_COUNT,CHLDPAS_SUSP_SERIOUS_INJ_COUNT,COLLISION_TYPE,COMM_VEH_COUNT,CONS_ZONE_SPD_LIM,COUNTY,CRASH_MONTH,CRASH_YEAR,DAY_OF_WEEK,DEC_LAT,DEC_LONG,DISPATCH_TM,DISTRICT,DRIVER_COUNT_16YR,DRIVER_COUNT_17YR,DRIVER_COUNT_18YR,DRIVER_COUNT_19YR,DRIVER_COUNT_20YR,DRIVER_COUNT_50_64YR,DRIVER_COUNT_65_74YR,DRIVER_COUNT_75PLUS,EST_HRS_CLOSED,FATAL_COUNT,HEAVY_TRUCK_COUNT,HORSE_BUGGY_COUNT,HOUR_OF_DAY,ILLUMINATION,INJURY_COUNT,INTERSECT_TYPE,INTERSECTION_RELATED,LANE_CLOSED,LATITUDE,LN_CLOSE_DIR,LOCATION_TYPE,LONGITUDE,MAX_SEVERITY_LEVEL,MCYCLE_DEATH_COUNT,MCYCLE_SUSP_SERIOUS_INJ_COUNT,MOTORCYCLE_COUNT,MUNICIPALITY,NONMOTR_COUNT,NONMOTR_DEATH_COUNT,NONMOTR_SUSP_SERIOUS_INJ_COUNT,NTFY_HIWY_MAINT,PED_COUNT,PED_DEATH_COUNT,PED_SUSP_SERIOUS_INJ_COUNT,PERSON_COUNT,POLICE_AGCY,POSSIBLE_INJ_COUNT,RDWY_SURF_TYPE_CD,RELATION_TO_ROAD,ROAD_CONDITION,ROADWAY_CLEARED,SCH_BUS_IND,SCH_ZONE_IND,SECONDARY_CRASH,SMALL_TRUCK_COUNT,SPEC_JURIS_CD,SUSP_MINOR_INJ_COUNT,SUSP_SERIOUS_INJ_COUNT,SUV_COUNT,TCD_FUNC_CD,TCD_TYPE,TFC_DETOUR_IND,TIME_OF_DAY,TOT_INJ_COUNT,TOTAL_UNITS,UNB_DEATH_COUNT,UNB_SUSP_SERIOUS_INJ_COUNT,UNBELTED_OCC_COUNT,UNK_INJ_DEG_COUNT,UNK_INJ_PER_COUNT,URBAN_AREA,URBAN_RURAL,VAN_COUNT,VEHICLE_COUNT,WEATHER1,WEATHER2,WORK_ZONE_IND,WORK_ZONE_LOC,WORK_ZONE_TYPE,WORKERS_PRES,WZ_CLOSE_DETOUR,WZ_FLAGGER,WZ_LAW_OFFCR_IND,WZ_LN_CLOSURE,WZ_MOVING,WZ_OTHER,WZ_SHLDER_MDN,WZ_WORKERS_INJ_KILLED
2011008373,835.0,2,0,0,0,0,0,0,0,0,1,0,,67,12,2010,3,39.9806,-75.2465,825.0,6,0,0,0,0,0,0,0,0,,0,0,0,8.0,1,2,1,,0,39 58:50.309,,0,75 14:47.378,4,0,0,0,67301,0,0,0,N,0,0,0,3,67301,2,,1,1,,N,N,,0,,0,0,0,3,2,,815.0,2,3,0,0,0,0,0,3,4,0,3,3,,N,,,,,,,,,,,
2011028191,1750.0,1,0,0,0,0,0,0,0,0,8,0,,67,5,2010,4,39.9985,-75.1768,1746.0,6,0,0,0,0,0,0,1,0,,0,0,0,99.0,1,2,0,,0,39 59:54.553,,0,75 10:36.534,8,0,0,0,67301,2,0,0,N,2,0,0,4,67301,0,,4,1,,N,N,,0,,0,0,0,0,0,,9999.0,2,3,0,0,0,2,1,3,4,0,1,3,,N,,,,,,,,,,,
2010099769,2300.0,1,0,0,0,0,0,0,0,0,1,0,,67,9,2010,1,39.9885,-75.1063,2300.0,6,0,0,0,0,0,1,1,0,,0,0,0,22.0,3,1,1,,0,39 59:18.500,,0,75 06:22.881,4,0,0,0,67301,0,0,0,,0,0,0,2,67301,1,,1,1,,N,,,1,,0,0,0,3,2,,2245.0,1,2,0,0,2,0,0,3,4,0,2,3,,N,,,,,,,,,,,
2010118067,903.0,0,0,0,0,0,0,0,0,0,8,0,,67,10,2010,6,39.936,-75.1572,903.0,6,0,0,0,0,0,0,0,0,,0,0,0,9.0,1,1,0,,0,39 56:09.751,,0,75 09:25.869,3,0,0,0,67301,1,0,0,N,1,0,0,2,67301,0,,1,1,,N,N,,0,,1,0,0,0,0,,900.0,1,2,0,0,0,0,0,3,4,1,1,3,,N,,,,,,,,,,,
2010115590,1638.0,1,0,0,0,0,0,1,0,0,1,1,,67,10,2010,2,39.9172,-75.2374,1634.0,6,0,0,0,0,0,1,0,0,,0,0,0,15.0,1,1,1,,0,39 55:02.039,,0,75 14:14.592,4,0,0,0,67301,0,0,0,,0,0,0,2,67301,1,,1,9,,,,,0,,0,0,0,3,2,,1545.0,1,2,0,0,0,0,1,3,4,0,2,7,,N,,,,,,,,,,,
2010112750,1146.0,0,0,0,0,0,0,0,0,0,0,2,,67,11,2010,6,39.9001,-75.1597,1133.0,6,0,0,0,0,0,1,0,0,,0,2,0,11.0,1,1,0,,0,39 54:01.235,,0,75 09:28.514,4,0,0,0,67301,0,0,0,N,0,0,0,2,68K01,1,,1,1,,N,N,,0,,0,0,0,0,0,,1128.0,1,2,0,0,0,0,0,3,4,0,2,3,,N,,,,,,,,,,,
2010112753,906.0,2,0,0,0,0,0,0,0,0,1,0,,67,11,2010,3,40.0075,-75.0725,854.0,6,0,0,0,0,0,0,0,0,1.0,0,0,0,8.0,1,0,0,,2,40 00:26.825,2.0,0,75 04:21.553,0,0,0,0,67301,0,0,0,N,0,0,0,2,68K01,0,,1,1,,N,N,,0,,0,0,0,0,0,N,855.0,0,2,0,0,0,0,0,3,4,0,2,3,,N,,,,,,,,,,,
2010113145,341.0,0,0,0,0,0,0,0,0,0,0,0,,67,11,2010,4,40.0493,-75.0516,339.0,6,0,0,0,0,0,1,0,0,4.0,0,0,0,3.0,3,0,0,,2,40 02:57.595,2.0,0,75 03:05.667,0,0,0,0,67301,0,0,0,N,0,0,0,1,67301,0,,5,9,,N,N,,0,,0,0,1,0,0,Y,334.0,0,1,0,0,0,0,0,3,4,0,1,7,,N,,,,,,,,,,,
2010102399,1735.0,1,0,0,0,0,0,0,0,0,7,0,,67,9,2010,6,40.1139,-75.0298,1730.0,6,0,0,0,1,0,0,0,0,,0,0,0,17.0,1,1,0,,0,40 06:49.982,,0,75 01:47.377,8,0,0,0,67301,0,0,0,N,0,0,0,1,67301,0,,5,1,,N,N,,0,,0,0,0,0,0,,1725.0,1,1,0,0,0,1,0,3,4,0,1,3,,N,,,,,,,,,,,
2010118086,1901.0,1,0,0,0,0,0,0,0,0,4,0,,67,10,2010,5,39.9207,-75.2145,1852.0,6,0,0,0,0,0,0,0,0,9.0,0,0,0,15.0,1,2,0,,1,39 55:14.538,1.0,7,75 12:52.142,3,0,0,0,67301,0,0,0,N,0,0,0,2,67301,0,,1,1,,N,N,,0,,1,0,1,0,0,N,1527.0,2,2,0,0,0,1,0,3,4,0,2,3,,N,,,,,,,,,,,
2010118200,1640.0,1,0,0,0,0,0,0,0,0,8,0,,67,11,2010,1,40.0002,-75.1666,1639.0,6,0,0,0,0,0,0,0,0,,0,0,0,16.0,1,1,0,,0,40 00:00.756,,0,75 09:59.706,4,0,0,0,67301,1,0,0,N,1,0,0,2,67301,1,,1,1,,N,N,,0,,0,0,0,0,0,,1638.0,1,2,0,0,0,0,0,3,4,0,1,3,,N,,,,,,,,,,,
2010102428,1455.0,1,0,0,0,0,0,0,0,0,8,0,,67,9,2010,3,40.046,-75.0571,1452.0,6,0,0,0,0,0,0,0,0,,0,0,0,14.0,1,1,2,,0,40 02:45.606,,7,75 03:25.542,8,0,0,0,67301,1,0,0,N,1,0,0,2,67301,0,,1,1,,N,N,,0,,0,0,0,3,3,,1452.0,1,2,0,0,0,1,0,3,4,0,1,3,,N,,,,,,,,,,,
2010105020,2049.0,0,0,0,0,0,0,0,0,0,8,0,,67,9,2010,4,39.9707,-75.2326,2048.0,6,0,0,0,0,0,0,0,0,,0,0,0,20.0,3,1,1,,0,39 58:14.458,,0,75 13:57.305,4,0,0,1,67301,1,0,0,N,1,0,0,2,67301,1,,1,1,,N,N,,0,,0,0,0,2,2,,2007.0,1,2,0,0,0,0,0,3,4,0,1,3,,N,,,,,,,,,,,
2010113309,1645.0,2,0,0,1,0,0,0,0,0,4,0,,67,10,2010,4,39.9537,-75.1576,1645.0,6,0,0,0,0,0,0,1,0,,0,0,0,16.0,1,1,0,,0,39 57:13.390,,0,75 09:27.525,4,0,0,0,67301,1,0,0,N,0,0,0,3,67301,1,,5,1,,N,N,,0,,0,0,0,0,0,,1640.0,1,3,0,0,1,0,0,3,4,0,2,3,,N,,,,,,,,,,,
2010118396,953.0,0,0,0,0,0,0,0,0,0,4,0,,67,10,2010,2,40.0524,-75.1577,949.0,6,0,0,0,0,0,0,0,0,9.0,0,0,0,8.0,1,0,1,,1,40 03:08.460,3.0,0,75 09:27.889,9,0,0,0,67301,0,0,0,,0,0,0,2,67301,0,,1,1,,,,,0,,0,0,2,3,2,N,825.0,0,2,0,0,0,0,1,3,4,0,2,3,,N,,,,,,,,,,,
2010105104,945.0,2,0,0,0,0,0,0,0,0,1,0,,67,9,2010,2,39.8946,-75.2296,938.0,6,0,0,0,0,0,0,1,0,,0,0,0,8.0,1,1,2,,0,39 53:40.395,,0,75 13:46.507,8,0,0,0,67301,0,0,0,,0,0,0,2,67301,0,,1,9,,,,,0,,0,0,0,3,2,,803.0,1,2,0,0,0,1,0,3,4,0,2,7,,N,,,,,,,,,,,
2010088698,855.0,0,0,0,0,0,0,0,0,0,8,0,,67,8,2010,4,40.0613,-75.0308,849.0,6,0,0,0,0,0,0,0,0,9.0,0,0,0,8.0,1,1,0,,1,40 03:40.626,2.0,0,75 01:50.862,4,0,0,0,67301,1,0,0,N,1,0,0,2,67301,1,,1,1,,N,N,,1,,0,0,0,0,0,N,846.0,1,2,0,0,0,0,0,3,4,0,1,3,,N,,,,,,,,,,,
2010088734,253.0,2,0,0,0,0,0,0,0,0,4,0,,67,8,2010,3,40.0405,-75.0474,247.0,6,0,0,0,0,0,0,0,0,,0,0,0,2.0,3,1,1,,0,40 02:25.791,,0,75 02:50.463,8,0,0,0,67301,0,0,0,N,0,0,0,2,67301,0,,1,1,,N,N,,0,,0,0,0,0,0,,225.0,1,2,0,0,0,1,0,3,4,0,2,3,,N,,,,,,,,,,,
2010088800,410.0,0,0,0,0,0,0,0,0,0,7,0,,67,7,2010,7,39.9877,-75.2433,402.0,6,0,0,0,0,0,0,0,0,,0,0,0,3.0,3,0,0,,0,39 59:15.550,,0,75 14:35.768,0,0,0,0,67301,0,0,0,N,0,0,0,1,67301,0,,5,9,,N,N,,0,,0,0,1,0,0,,355.0,0,1,0,0,0,0,0,3,4,0,1,7,,N,,,,,,,,,,,
2010088480,1613.0,1,0,0,0,0,0,0,0,0,1,0,,67,9,2010,7,39.9594,-75.1737,1544.0,6,0,0,0,0,0,0,0,0,,0,0,0,15.0,1,2,0,,0,39 57:33.897,,0,75 10:26.949,4,0,0,0,67301,0,0,0,N,0,0,0,5,68K01,2,,1,1,,N,N,,1,,0,0,0,0,0,,1541.0,2,2,0,0,0,0,0,3,4,0,2,3,,N,,,,,,,,,,,
2010088483,1752.0,1,0,0,0,0,0,0,0,0,1,0,,67,9,2010,5,39.9579,-75.1628,1727.0,6,0,0,0,0,0,1,0,0,,0,0,0,17.0,4,2,0,,0,39 57:28.471,,0,75 09:46.219,3,0,0,0,67301,0,0,0,N,0,0,0,2,68K01,1,,1,1,,N,N,,0,,1,0,1,0,0,,1723.0,2,2,0,0,0,0,0,3,4,0,2,3,,N,,,,,,,,,,,
2010088815,1512.0,1,0,0,0,0,0,0,0,0,5,0,,67,8,2010,1,39.9276,-75.1488,1508.0,6,0,0,0,0,0,0,0,0,,0,0,0,14.0,1,0,0,,0,39 55:39.298,,0,75 08:55.586,0,0,0,0,67301,0,0,0,N,0,0,0,1,67301,0,,1,9,,N,N,,0,,0,0,1,0,0,,1456.0,0,2,0,0,0,0,0,3,4,0,2,7,,N,,,,,,,,,,,
2010099602,2013.0,0,0,0,0,0,0,0,0,0,4,0,,67,9,2010,4,39.9784,-75.1146,2012.0,6,0,0,0,0,0,0,0,0,,0,0,0,20.0,3,1,1,,0,39 58:42.573,,0,75 06:52.947,3,0,0,1,67301,0,0,0,N,0,0,0,2,67301,0,,1,1,,N,N,,0,,1,0,1,3,2,,2000.0,1,2,0,0,1,0,0,3,4,0,2,3,,N,,,,,,,,,,,
2010102968,1305.0,3,0,0,0,0,0,0,0,0,1,0,,67,9,2010,1,40.0976,-75.0189,1257.0,6,0,0,0,0,0,0,0,1,2.0,0,0,0,12.0,1,2,0,,1,40 05:51.331,3.0,0,75 01:07.863,4,0,0,0,67301,0,0,0,N,0,0,0,3,67301,2,,1,9,,N,N,,0,,0,0,0,0,0,N,1255.0,2,3,0,0,0,0,1,3,4,0,3,7,,N,,,,,,,,,,,
2010103112,2135.0,0,0,0,0,0,0,0,0,0,8,0,,67,9,2010,5,40.0248,-75.1495,2130.0,6,0,0,1,0,0,0,0,0,,0,0,0,21.0,3,1,2,,0,40 01:29.110,,0,75 08:58.358,8,0,0,0,67301,1,0,0,N,1,0,0,3,67301,0,,1,9,,N,N,,0,,0,0,1,0,0,,2130.0,1,2,0,0,0,1,0,3,4,0,1,7,,N,,,,,,,,,,,
2010105673,2029.0,1,0,0,0,0,0,0,0,0,8,0,,67,9,2010,7,39.9351,-75.1539,2023.0,6,0,0,0,0,0,0,0,0,9.0,1,0,0,20.0,3,1,1,,2,39 56:06.458,7.0,0,75 09:13.912,1,0,0,0,67301,2,1,0,N,2,1,0,3,67301,1,1.0,1,1,,N,N,,0,0.0,0,0,0,3,2,Y,2023.0,1,3,0,0,0,0,0,3,4,0,1,3,,N,,,,,,,,,,,
2010105680,1252.0,1,0,0,0,0,0,0,0,0,1,0,,67,9,2010,3,39.9142,-75.2417,1246.0,6,0,0,0,0,0,0,0,0,,0,0,0,9.0,1,1,1,,0,39 54:51.103,,0,75 14:30.161,4,0,0,0,67301,0,0,0,N,0,0,0,2,67301,1,,1,9,,N,N,,1,,0,0,0,3,2,,930.0,1,2,0,0,0,0,0,3,4,0,2,7,,N,,,,,,,,,,,
2010105684,1630.0,1,0,0,0,0,0,0,0,0,4,0,,67,9,2010,3,39.9658,-75.2461,1630.0,6,0,0,0,0,0,0,0,0,,0,0,0,7.0,1,1,1,,0,39 57:56.929,,0,75 14:45.807,4,0,0,0,67301,0,0,0,,0,0,0,2,67301,1,,2,1,,N,N,,0,,0,0,0,3,2,,745.0,1,2,0,0,0,0,0,3,4,1,2,3,,N,,,,,,,,,,,
2010117882,2121.0,3,0,0,0,0,0,0,0,0,4,0,,67,10,2010,6,40.0292,-75.1474,2116.0,6,0,0,0,0,0,0,0,0,1.0,0,0,0,21.0,3,1,2,,2,40 01:45.048,4.0,0,75 08:50.535,4,0,0,0,67301,0,0,0,N,0,0,0,2,67301,1,,1,1,,N,N,,0,,0,0,1,3,4,Y,2115.0,1,4,0,0,0,0,1,3,4,0,4,3,,N,,,,,,,,,,,
2010117909,1355.0,1,0,0,0,0,0,0,0,0,4,0,,67,10,2010,3,40.0795,-75.2004,1350.0,6,0,0,0,0,0,1,1,0,,0,0,0,13.0,1,0,1,,0,40 04:46.330,,0,75 12:01.399,0,0,0,0,67301,0,0,0,N,0,0,0,3,67301,0,,1,1,,N,N,,0,,0,0,0,3,2,,1315.0,0,2,0,0,0,0,0,3,4,1,2,3,,N,,,,,,,,,,,
2010117948,2342.0,2,0,0,0,0,0,0,0,0,6,0,,67,10,2010,1,39.9709,-75.1392,2340.0,6,0,0,0,0,0,0,0,0,,0,0,0,23.0,3,0,1,,0,39 58:15.412,,0,75 08:21.253,9,0,0,0,67301,0,0,0,N,0,0,0,2,67301,0,,1,1,,N,N,,0,,0,0,0,3,2,,2332.0,0,2,0,0,0,0,1,3,4,0,2,3,,N,,,,,,,,,,,
2010114297,2155.0,1,0,0,0,0,0,0,0,0,5,0,,67,11,2010,3,40.0062,-75.1156,2155.0,6,0,0,0,0,0,0,0,0,,0,0,0,21.0,3,0,0,,0,40 00:22.319,,0,75 06:56.071,0,0,0,0,67301,0,0,0,N,0,0,0,4,67301,0,,3,1,,N,N,,0,,0,0,0,0,0,,2155.0,0,2,0,0,0,0,0,3,4,1,2,3,,N,,,,,,,,,,,
2010111483,910.0,1,0,0,0,0,0,0,0,0,8,0,,67,10,2010,6,39.9839,-75.1567,910.0,6,0,0,0,0,0,0,1,0,,0,0,0,9.0,1,1,0,,0,39 59:02.131,,0,75 09:23.970,4,0,0,0,67301,1,0,0,N,1,0,0,2,67301,1,,1,1,,N,N,,0,,0,0,0,0,0,,907.0,1,2,0,0,0,0,0,3,4,0,1,3,,N,,,,,,,,,,,
2010012380,1234.0,0,0,0,0,0,0,0,0,0,4,1,,67,1,2010,1,39.9738,-75.2064,1234.0,6,0,0,0,0,0,1,0,0,1.0,0,1,0,12.0,1,1,1,,2,39 58:25.816,6.0,0,75 12:23.037,4,0,0,0,67301,0,0,0,N,0,0,0,4,67301,1,,1,1,,N,N,,0,,0,0,0,3,2,N,1230.0,1,2,0,0,1,0,0,3,4,1,2,3,,N,,,,,,,,,,,
2010042526,1237.0,0,0,0,0,0,0,0,0,0,7,0,,67,5,2010,7,39.9519,-75.1415,1234.0,6,0,0,0,0,0,1,0,0,2.0,0,0,0,12.0,1,0,0,,2,39 57:06.676,2.0,0,75 08:29.277,0,0,0,0,67301,0,0,0,N,0,0,0,1,68K01,0,,2,1,,N,N,,1,,0,0,0,0,0,Y,1231.0,0,1,0,0,0,0,0,3,4,0,1,3,,N,,,,,,,,,,,
2010048691,1700.0,2,0,0,0,0,0,0,0,0,1,0,,67,4,2010,6,39.9776,-75.2265,1655.0,6,0,0,0,0,0,0,0,0,,0,0,0,16.0,1,2,0,,0,39 58:39.214,,0,75 13:35.332,4,0,0,0,67301,0,0,0,N,0,0,0,3,67301,2,,1,1,,N,N,,0,,0,0,0,0,0,,1640.0,2,2,0,0,0,0,0,3,4,0,2,3,,N,,,,,,,,,,,
2010058922,1500.0,3,0,0,0,0,0,0,0,0,1,0,,67,5,2010,7,40.0695,-75.157,1500.0,6,0,0,0,0,0,0,0,0,,0,0,0,15.0,1,2,0,,0,40 04:10.320,,0,75 09:25.364,8,0,0,0,67301,0,0,0,N,0,0,0,5,67301,0,,1,1,,N,N,,0,,0,0,0,3,2,,1500.0,2,4,0,0,0,2,1,3,4,1,4,3,,N,,,,,,,,,,,
2010048738,630.0,1,0,0,0,0,0,0,0,0,7,0,,67,4,2010,1,40.1186,-75.007,620.0,6,0,0,0,0,0,0,0,0,,0,0,0,6.0,1,1,3,,0,40 07:06.945,,0,75 00:25.153,4,0,0,0,67301,0,0,0,,0,0,0,1,67301,1,,2,9,,N,N,,0,,0,0,0,3,2,,615.0,1,1,0,0,0,0,0,3,4,0,1,7,,N,,,,,,,,,,,
2010070068,1800.0,2,0,0,0,0,0,0,0,0,4,0,,67,5,2010,4,40.0564,-75.0128,1740.0,6,0,0,0,0,0,0,0,0,,0,0,0,17.0,1,1,1,,0,40 03:23.098,,0,75 00:46.082,3,0,0,0,67301,0,0,0,N,0,0,0,2,67301,0,,1,1,,N,N,,0,,1,0,0,3,2,,1740.0,1,2,0,0,1,0,0,3,4,0,2,3,,N,,,,,,,,,,,
2010070782,2240.0,1,0,0,0,0,0,0,0,0,1,0,,67,6,2010,5,40.0561,-75.0527,2238.0,6,0,0,0,0,0,1,0,0,,0,0,0,22.0,3,1,0,,0,40 03:21.960,,0,75 03:09.856,4,0,0,0,67301,0,0,0,,0,0,0,1,67301,1,,4,1,,N,N,,0,,0,0,1,0,0,,2230.0,1,2,0,0,0,0,0,3,4,0,2,3,,N,,,,,,,,,,,
2010062638,1808.0,0,0,0,1,0,0,0,0,0,4,0,,67,5,2010,5,40.0669,-75.005,1807.0,6,0,0,0,0,0,0,0,0,,0,0,0,18.0,1,1,2,,0,40 04:00.951,,0,75 00:17.992,3,0,0,0,67301,1,0,0,N,0,0,0,2,67301,0,,1,1,,N,N,,0,,1,0,1,3,3,,1805.0,1,2,0,0,0,0,0,3,4,0,1,3,,N,,,,,,,,,,,
2010062663,1925.0,1,0,0,0,0,0,0,0,0,8,0,,67,5,2010,4,40.0923,-75.0221,1920.0,6,0,0,0,0,0,0,0,0,,0,0,0,19.0,1,1,0,,0,40 05:32.402,,0,75 01:19.477,4,0,0,0,67301,1,0,0,N,1,0,0,2,67301,1,,1,1,,N,N,,0,,0,0,0,0,0,,1914.0,1,2,0,0,0,0,0,3,4,0,1,3,,N,,,,,,,,,,,
2010062725,1540.0,1,0,0,0,0,0,0,0,0,4,0,,67,5,2010,5,40.0541,-75.1456,1536.0,6,0,0,0,0,0,1,0,0,,0,0,0,15.0,1,1,1,,0,40 03:14.828,,0,75 08:43.990,4,0,0,0,67301,1,0,0,,1,0,0,2,67301,1,,1,1,,,,,0,,0,0,0,0,0,,1533.0,1,2,0,0,0,0,0,3,4,0,1,3,,N,,,,,,,,,,,
2010059531,1155.0,1,0,0,1,0,0,0,0,0,2,0,,67,4,2010,5,39.9486,-75.1923,1155.0,6,0,0,0,0,0,0,0,0,,0,0,0,11.0,1,1,0,,0,39 56:54.900,,0,75 11:32.440,3,0,0,0,67301,1,0,0,,0,0,0,3,37301,0,,1,1,,N,N,,0,,1,0,0,0,0,,1155.0,1,2,0,0,0,0,0,3,4,0,1,3,,N,,,,,,,,,,,
2010059537,945.0,1,0,0,0,0,0,0,0,0,1,0,,67,5,2010,2,40.0512,-75.1187,940.0,6,0,0,0,0,0,1,0,0,,0,0,0,9.0,1,1,1,,0,40 03:04.093,,0,75 07:07.134,4,0,0,0,67301,0,0,0,N,0,0,0,2,67301,1,,1,9,,N,N,,1,,0,0,0,3,2,,930.0,1,2,0,0,0,0,0,3,4,0,2,7,,N,,,,,,,,,,,
2010093462,1654.0,1,0,0,0,0,0,0,0,0,1,0,,67,9,2010,2,39.8988,-75.1709,1654.0,6,0,0,0,0,0,0,0,0,,0,0,0,16.0,1,2,0,,0,39 53:56.643,,0,75 10:05.693,8,0,0,0,67301,0,0,0,N,0,0,0,3,68K01,0,,1,1,,N,N,,1,,0,0,0,0,0,,1653.0,2,2,0,0,0,2,0,3,4,0,2,3,,N,,,,,,,,,,,
2010088731,1845.0,1,0,0,0,0,0,0,0,0,8,0,,67,8,2010,1,39.9851,-75.1111,1840.0,6,0,0,0,0,0,0,0,0,,0,0,0,18.0,1,1,0,,0,39 59:06.496,,0,75 06:40.107,4,0,0,0,67301,1,0,0,,1,0,0,2,67301,1,,1,9,,N,N,,0,,0,0,0,0,0,,1835.0,1,2,0,0,0,0,0,3,4,0,1,7,,N,,,,,,,,,,,
2010090999,1239.0,1,0,0,0,0,0,0,0,0,1,0,,67,9,2010,7,40.0073,-75.2006,1216.0,6,0,0,0,0,0,1,0,0,,0,0,0,12.0,1,1,0,,0,40 00:25.623,,0,75 12:00.004,8,0,0,0,67301,0,0,0,N,0,0,0,2,68K01,0,,1,1,,N,N,,0,,0,0,1,0,0,,1211.0,1,2,0,0,0,1,0,3,4,0,2,3,,N,,,,,,,,,,,
2010086034,400.0,2,0,0,0,0,0,0,0,0,1,0,,67,7,2010,7,40.0078,-75.1915,356.0,6,0,0,0,0,0,0,0,0,1.0,0,0,0,3.0,3,3,0,,2,40 00:28.061,1.0,0,75 11:29.205,4,0,0,0,67301,0,0,0,,0,0,0,4,67301,3,,1,1,,,,,0,,0,0,0,0,0,Y,356.0,3,2,0,0,0,0,0,3,4,0,2,3,,N,,,,,,,,,,,
2010102299,1735.0,2,0,0,0,0,0,0,0,0,1,0,,67,10,2010,2,39.8826,-75.2454,1732.0,6,0,0,0,0,1,0,0,0,,0,0,0,17.0,1,0,0,,0,39 52:57.225,,0,75 14:43.568,0,0,0,0,67301,0,0,0,N,0,0,0,2,68K01,0,,1,1,,N,N,,0,,0,0,0,0,0,,1729.0,0,2,0,0,0,0,0,3,4,0,2,3,,N,,,,,,,,,,,
2010103109,1849.0,1,0,0,1,0,0,0,0,0,4,0,,67,9,2010,2,39.9362,-75.1835,1846.0,6,0,1,0,0,0,0,0,0,,0,0,0,18.0,1,1,0,,0,39 56:10.350,,0,75 11:00.760,8,0,0,0,67301,1,0,0,N,0,0,0,2,67301,0,,1,1,,N,N,,0,,0,0,0,0,0,,1845.0,1,2,0,0,0,1,0,3,4,0,1,3,,N,,,,,,,,,,,
2010103020,1510.0,1,0,0,0,0,0,0,0,0,4,0,,67,9,2010,7,39.9565,-75.1491,300.0,6,0,0,0,0,0,0,0,0,,0,0,0,15.0,1,1,6,,0,39 57:22.423,,2,75 08:56.893,4,0,0,0,67301,0,0,0,N,0,0,0,5,67301,1,,1,1,,N,N,,0,,0,0,1,3,2,,1500.0,1,2,0,0,0,0,0,3,4,0,2,3,,N,,,,,,,,,,,
2010103056,1821.0,2,0,0,0,0,0,0,0,0,4,0,,67,9,2010,7,39.9329,-75.1487,1818.0,6,0,0,0,0,0,0,0,0,,0,0,0,18.0,1,1,1,,0,39 55:58.508,,0,75 08:55.373,4,0,0,0,67301,0,0,0,N,0,0,0,3,67301,1,,1,1,,N,N,,0,,0,0,0,3,2,,1815.0,1,2,0,0,0,0,0,3,4,0,2,3,,N,,,,,,,,,,,
2010103057,1606.0,0,0,0,0,0,0,0,0,0,6,0,,67,9,2010,7,39.8993,-75.1748,1602.0,6,0,0,0,0,0,2,0,0,,0,0,0,16.0,1,2,1,,0,39 53:57.390,,0,75 10:29.307,4,0,0,0,67301,0,0,0,N,0,0,0,3,67301,2,,1,1,,N,N,,0,,0,0,1,3,2,,1600.0,2,2,0,0,0,0,0,3,4,1,2,3,,N,,,,,,,,,,,
2010085544,1010.0,1,0,0,0,0,0,0,0,0,7,0,,67,9,2010,7,40.0205,-75.0427,1010.0,6,0,0,0,0,0,0,0,0,1.0,0,0,0,10.0,1,1,0,,1,40 01:16.017,1.0,0,75 02:28.217,4,0,0,0,67301,0,0,0,N,0,0,0,3,68K01,1,,2,1,,N,N,,0,,0,0,0,0,0,N,1004.0,1,1,0,0,0,0,0,3,4,0,1,3,,N,,,,,,,,,,,
2010098081,1435.0,0,0,0,0,0,0,0,0,0,4,0,,67,10,2010,2,40.0619,-75.1367,1432.0,6,0,0,0,0,0,1,0,0,1.0,0,0,0,14.0,1,2,1,,1,40 03:42.622,5.0,0,75 08:12.011,3,0,0,0,67301,0,0,0,N,0,0,0,2,46102,1,,1,1,,N,N,,0,,1,0,2,3,2,N,1432.0,2,2,0,0,1,0,0,3,4,0,2,3,,N,,,,,,,,,,,
2010125108,1515.0,1,0,0,0,0,0,0,0,0,4,0,,67,11,2010,1,40.0462,-75.1661,1505.0,6,0,0,0,0,0,0,0,0,,0,0,0,15.0,1,1,1,,0,40 02:46.472,,0,75 09:57.862,3,0,0,1,67301,0,0,0,N,0,0,0,2,67301,0,,1,1,,N,N,,0,,1,0,0,3,3,,1505.0,1,2,0,0,1,0,0,3,4,0,2,3,,N,,,,,,,,,,,
2010117913,2145.0,2,0,0,0,0,0,0,0,0,4,0,,67,10,2010,4,40.055,-75.0848,2133.0,6,0,0,0,0,0,0,0,0,,0,0,0,21.0,3,1,1,,0,40 03:17.866,,0,75 05:05.373,8,0,0,0,67301,0,0,0,N,0,0,0,2,67301,0,,1,1,,N,N,,0,,0,0,0,3,3,,2120.0,1,2,0,0,0,1,0,3,4,0,2,3,,N,,,,,,,,,,,
2010012405,1535.0,2,0,0,0,0,0,0,0,0,2,0,,67,1,2010,3,40.0897,-75.057,1535.0,6,0,0,0,0,0,1,1,0,,0,0,0,99.0,1,3,1,,0,40 05:22.585,,0,75 03:25.253,3,0,0,0,67301,0,0,0,,0,0,0,6,67301,1,,1,1,,,,,0,,2,0,0,3,2,,9999.0,3,2,0,0,0,0,0,3,4,0,2,3,,N,,,,,,,,,,,