CRN,ARRIVAL_TM,AUTOMOBILE_COUNT,BELTED_DEATH_COUNT,BELTED_SUSP_SERIOUS_INJ_COUNT,BICYCLE_COUNT,BICYCLE_DEATH_COUNT,BICYCLE_SUSP_SERIOUS_INJ_COUNT,BUS_COUNT,CHLDPAS_DEATH_COUNT,CHLDPAS_SUSP_SERIOUS_INJ_COUNT,COLLISION_TYPE,COMM_VEH_COUNT,CONS_ZONE_SPD_LIM,COUNTY,CRASH_MONTH,CRASH_YEAR,DAY_OF_WEEK,DEC_LAT,DEC_LONG,DISPATCH_TM,DISTRICT,DRIVER_COUNT_16YR,DRIVER_COUNT_17YR,DRIVER_COUNT_18YR,DRIVER_COUNT_19YR,DRIVER_COUNT_20YR,DRIVER_COUNT_50_64YR,DRIVER_COUNT_65_74YR,DRIVER_COUNT_75PLUS,EST_HRS_CLOSED,FATAL_COUNT,HEAVY_TRUCK_COUNT,HORSE_BUGGY_COUNT,HOUR_OF_DAY,ILLUMINATION,INJURY_COUNT,INTERSECT_TYPE,INTERSECTION_RELATED,LANE_CLOSED,LATITUDE,LN_CLOSE_DIR,LOCATION_TYPE,LONGITUDE,MAX_SEVERITY_LEVEL,MCYCLE_DEATH_COUNT,MCYCLE_SUSP_SERIOUS_INJ_COUNT,MOTORCYCLE_COUNT,MUNICIPALITY,NONMOTR_COUNT,NONMOTR_DEATH_COUNT,NONMOTR_SUSP_SERIOUS_INJ_COUNT,NTFY_HIWY_MAINT,PED_COUNT,PED_DEATH_COUNT,PED_SUSP_SERIOUS_INJ_COUNT,PERSON_COUNT,POLICE_AGCY,POSSIBLE_INJ_COUNT,RDWY_SURF_TYPE_CD,RELATION_TO_ROAD,ROAD_CONDITION,ROADWAY_CLEARED,SCH_BUS_IND,SCH_ZONE_IND,SECONDARY_CRASH,SMALL_TRUCK_COUNT,SPEC_JURIS_CD,SUSP_MINOR_INJ_COUNT,SUSP_SERIOUS_INJ_COUNT,SUV_COUNT,TCD_FUNC_CD,TCD_TYPE,TFC_DETOUR_IND,TIME_OF_DAY,TOT_INJ_COUNT,TOTAL_UNITS,UNB_DEATH_COUNT,UNB_SUSP_SERIOUS_INJ_COUNT,UNBELTED_OCC_COUNT,UNK_INJ_DEG_COUNT,UNK_INJ_PER_COUNT,URBAN_AREA,URBAN_RURAL,VAN_COUNT,VEHICLE_COUNT,WEATHER1,WEATHER2,WORK_ZONE_IND,WORK_ZONE_LOC,WORK_ZONE_TYPE,WORKERS_PRES,WZ_CLOSE_DETOUR,WZ_FLAGGER,WZ_LAW_OFFCR_IND,WZ_LN_CLOSURE,WZ_MOVING,WZ_OTHER,WZ_SHLDER_MDN,WZ_WORKERS_INJ_KILLED
2010105012,1720.0,2,0,0,0,0,0,0,0,0,1,0,,67,10,2010,7,39.9449,-75.2127,1717.0,6,0,0,0,0,0,0,0,0,,0,0,0,17.0,1,1,1,,0,39 56:41.625,,0,75 12:45.723,4,0,0,0,67301,0,0,0,N,0,0,0,3,67301,1,,1,1,,N,N,,0,,0,0,0,3,2,,1717.0,1,2,0,0,0,0,0,3,4,0,2,3,,N,,,,,,,,,,,
2010105058,1405.0,1,0,0,0,0,0,0,0,0,4,0,,67,9,2010,4,40.0573,-75.0143,1359.0,6,0,0,0,0,0,1,0,0,,0,0,0,13.0,1,1,0,,0,40 03:26.409,,0,75 00:51.549,4,0,0,0,67301,0,0,0,N,0,0,0,2,67301,1,,1,1,,N,N,,0,,0,0,1,0,0,,1315.0,1,2,0,0,0,0,0,3,4,0,2,3,,N,,,,,,,,,,,
2010105073,2055.0,1,0,0,0,0,0,0,0,0,8,0,,67,9,2010,5,39.9534,-75.2161,2055.0,6,0,0,0,0,0,0,1,0,,0,0,0,20.0,2,1,1,,0,39 57:12.114,,0,75 12:58.132,4,0,0,0,67301,1,0,0,N,1,0,0,2,67301,1,,1,1,,N,N,,0,,0,0,0,3,2,,2055.0,1,2,0,0,0,0,0,3,4,0,1,3,,N,,,,,,,,,,,
2010118413,1020.0,2,0,0,0,0,0,1,0,0,5,1,,67,10,2010,1,40.0416,-75.1509,1019.0,6,0,0,0,0,0,0,0,0,,0,0,0,10.0,1,2,0,,0,40 02:29.709,,0,75 09:03.222,3,0,0,0,67301,0,0,0,N,0,0,0,2,67301,1,,6,1,,N,N,,0,,1,0,0,0,0,,1019.0,2,4,0,0,0,0,0,3,4,1,4,3,,N,,,,,,,,,,,
2010118416,1510.0,2,0,0,0,0,0,0,0,0,1,0,,67,11,2010,4,40.035,-75.1434,1500.0,6,0,0,0,0,0,0,0,0,,0,0,0,14.0,1,0,1,,0,40 02:05.895,,0,75 08:36.074,0,0,0,0,67301,0,0,0,N,0,0,0,1,67301,0,,4,1,,N,N,,0,,0,0,1,3,3,,1450.0,0,3,0,0,0,0,0,3,4,0,3,3,,N,,,,,,,,,,,
2010118427,1726.0,1,0,0,0,0,0,0,0,0,4,0,,67,10,2010,6,40.0842,-75.0202,1718.0,6,0,0,0,0,0,1,0,0,,0,0,0,17.0,1,1,0,,0,40 05:03.202,,7,75 01:12.673,3,0,0,1,67301,0,0,0,,0,0,0,2,67301,0,,1,1,,,,,0,,1,0,0,0,0,,1718.0,1,2,0,0,0,0,0,3,4,0,2,3,,N,,,,,,,,,,,
2010118431,900.0,1,0,0,0,0,0,0,0,0,4,0,,67,10,2010,6,40.0301,-75.2169,856.0,6,0,0,0,0,0,0,0,0,,0,0,0,8.0,1,0,1,,0,40 01:48.252,,0,75 13:00.782,0,0,0,0,67301,0,0,0,,0,0,0,2,67301,0,,1,1,,N,N,,0,,0,0,0,3,3,,853.0,0,2,0,0,0,0,0,3,4,1,2,3,,N,,,,,,,,,,,
2010034138,2315.0,1,0,0,0,0,0,0,0,0,8,0,,67,3,2010,5,40.0123,-75.1505,2314.0,6,0,0,0,0,0,0,0,1,3.0,1,0,0,23.0,3,0,2,,2,40 00:44.333,5.0,0,75 09:01.675,1,0,0,0,67301,1,1,0,,1,1,0,2,67301,0,2.0,1,1,,N,N,,0,0.0,0,0,0,0,0,Y,2312.0,0,2,0,0,0,0,0,3,4,0,1,3,,N,,,,,,,,,,,
2010034175,2030.0,1,0,0,0,0,0,0,0,0,1,0,,67,3,2010,3,40.0299,-75.146,2010.0,6,0,0,0,0,0,0,0,0,,0,0,0,20.0,6,1,1,,0,40 01:47.658,,0,75 08:45.592,8,0,0,0,67301,0,0,0,,0,0,0,3,67301,0,,1,98,,N,N,,0,,0,0,0,3,2,,2005.0,1,2,0,0,0,1,0,3,4,0,2,99,,N,,,,,,,,,,,
2010034204,1535.0,1,0,0,0,0,0,0,0,0,8,0,,67,3,2010,1,40.023,-75.1481,1530.0,6,0,0,0,0,0,0,0,0,,0,0,0,15.0,1,1,0,,0,40 01:22.737,,0,75 08:53.305,4,0,0,0,67301,1,0,0,N,1,0,0,2,67301,1,,1,9,,N,N,,0,,0,0,0,3,2,,1500.0,1,2,0,0,0,0,0,3,4,0,1,3,,N,,,,,,,,,,,
2010039223,1520.0,0,0,0,0,0,0,0,0,0,8,0,,67,3,2010,3,39.9374,-75.163,1515.0,6,0,0,0,0,0,0,0,0,,0,0,0,15.0,1,1,1,,0,39 56:14.629,,0,75 09:46.969,8,0,0,0,67301,1,0,0,N,1,0,0,2,67301,0,,2,9,,N,N,,0,,0,0,1,3,2,,1500.0,1,2,0,0,0,1,0,3,4,0,1,7,,N,,,,,,,,,,,
2010093671,1737.0,3,0,0,0,0,0,0,0,0,1,0,,67,9,2010,6,39.9638,-75.22,1735.0,6,0,0,0,0,1,0,0,0,,0,0,0,17.0,1,3,1,,0,39 57:49.307,,0,75 13:10.512,4,0,0,0,67301,0,0,0,N,0,0,0,3,67301,3,,1,1,,N,N,,0,,0,0,0,3,2,,1734.0,3,3,0,0,0,0,0,3,4,0,3,3,,N,,,,,,,,,,,
2010088676,1800.0,2,0,0,0,0,0,0,0,0,4,0,,67,8,2010,2,39.9654,-75.1904,1751.0,6,0,0,0,0,1,0,0,0,,0,0,0,17.0,4,1,2,,0,39 57:55.389,,0,75 11:25.403,8,0,0,0,67301,0,0,0,N,0,0,0,3,67301,0,,1,1,,N,N,,0,,0,0,0,3,3,,1750.0,1,2,0,0,0,1,0,3,4,0,2,3,,N,,,,,,,,,,,
2010091223,1056.0,2,0,0,0,0,0,0,0,0,1,0,,67,8,2010,5,40.0099,-75.1866,1054.0,6,0,0,0,0,0,0,0,0,1.0,0,1,0,99.0,1,1,0,,1,40 00:38.670,2.0,0,75 11:03.434,4,0,0,0,67301,0,0,0,N,0,0,0,4,67301,1,,1,1,,N,N,,0,,0,0,0,0,0,N,9999.0,1,3,0,0,0,0,0,3,4,0,3,3,,N,,,,,,,,,,,
2010088829,215.0,1,0,0,0,0,0,0,0,0,4,0,,67,8,2010,1,39.987,-75.1744,213.0,6,0,0,0,0,0,0,0,0,2.0,0,0,0,2.0,3,1,1,,2,39 59:13.322,6.0,0,75 10:27.753,4,0,0,1,67301,0,0,0,,0,0,0,2,67301,1,,1,9,,,,,0,,0,0,0,3,2,Y,210.0,1,2,0,0,1,0,0,3,4,0,2,7,,N,,,,,,,,,,,
2010090669,1319.0,1,0,0,0,0,0,0,0,0,7,0,,67,8,2010,3,39.8914,-75.237,1309.0,6,0,0,0,0,0,0,0,0,,0,0,0,12.0,1,2,7,,0,39 53:29.072,,2,75 14:13.179,8,0,0,0,67301,0,0,0,N,0,0,0,2,68K01,0,,3,1,,N,N,,0,,0,0,0,0,0,,1257.0,2,1,0,0,0,2,0,3,4,0,1,3,,N,,,,,,,,,,,
2010099728,1650.0,1,0,0,0,0,0,0,0,0,8,0,,67,9,2010,5,39.9789,-75.1598,1650.0,6,0,0,0,0,0,1,0,0,,0,0,0,16.0,1,1,0,,0,39 58:44.164,,0,75 09:35.330,4,0,0,0,67301,1,0,0,,1,0,0,2,67301,1,,1,1,,N,,,0,,0,0,0,0,0,,1650.0,1,2,0,0,0,0,0,3,4,0,1,3,,N,,,,,,,,,,,
2010102297,822.0,2,0,0,0,0,0,0,0,0,5,0,,67,10,2010,4,39.9998,-75.195,815.0,6,0,0,0,0,0,0,0,0,,0,0,0,8.0,1,1,0,,0,40 00:01.587,,0,75 11:41.428,8,0,0,0,67301,0,0,0,N,0,0,0,2,68K01,0,,1,1,,N,N,,0,,0,0,0,0,0,,814.0,1,2,0,0,0,1,1,3,4,0,2,3,,N,,,,,,,,,,,
2010086005,2000.0,2,0,0,0,0,0,0,0,0,4,0,,67,7,2010,3,40.0532,-75.1567,1955.0,6,0,0,1,0,0,0,0,0,,0,0,0,14.0,1,1,1,,0,40 03:11.455,,0,75 09:24.155,8,0,0,0,67301,0,0,0,N,0,0,0,2,67301,0,,1,1,,N,N,,0,,0,0,0,3,3,,1450.0,1,2,0,0,0,1,0,3,4,0,2,3,,N,,,,,,,,,,,
2010102933,1615.0,1,0,0,0,0,0,0,0,0,8,0,,67,6,2010,6,39.9199,-75.1556,1609.0,6,0,0,0,0,0,0,0,0,,0,0,0,15.0,1,1,0,,0,39 55:11.731,,0,75 09:20.176,8,0,0,0,67301,1,0,0,N,1,0,0,2,67301,0,,1,1,,N,N,,0,,0,0,0,0,0,,1546.0,1,2,0,0,0,1,0,3,4,0,1,3,,N,,,,,,,,,,,
2010102977,914.0,1,0,0,0,0,0,0,0,0,8,0,,67,9,2010,2,40.0589,-75.085,908.0,6,0,0,0,0,0,0,0,0,,0,0,0,9.0,1,1,1,,0,40 03:31.910,,0,75 05:05.947,8,0,0,0,67301,1,0,0,N,1,0,0,2,67301,0,,1,1,,N,N,,0,,0,0,0,3,2,,905.0,1,2,0,0,0,1,0,3,4,0,1,3,,N,,,,,,,,,,,
2010105672,1032.0,1,0,0,0,0,0,0,0,0,7,0,,67,9,2010,5,39.9982,-75.1876,9999.0,6,0,0,0,0,0,1,0,0,,0,0,0,10.0,1,1,2,,0,39 59:53.654,,0,75 11:15.510,8,0,0,0,67301,0,0,0,N,0,0,0,1,67301,0,,5,9,,N,N,,0,,0,0,0,3,2,,1000.0,1,1,0,0,0,1,0,3,4,0,1,7,,N,,,,,,,,,,,
2010103069,1626.0,1,0,0,0,0,0,0,0,0,8,0,,67,9,2010,6,40.0297,-75.078,1626.0,6,0,0,0,0,0,0,0,0,,0,0,0,15.0,1,1,0,,0,40 01:46.750,,7,75 04:40.962,2,0,0,0,67301,1,0,1,N,1,0,1,2,67301,0,,1,1,,N,N,,0,,0,1,0,0,0,,1516.0,1,2,0,0,0,0,0,3,4,0,1,3,,N,,,,,,,,,,,
2010103081,1300.0,0,0,0,0,0,0,0,0,0,8,0,,67,9,2010,1,40.0627,-75.0218,1250.0,6,0,0,0,0,0,0,0,0,,0,0,0,10.0,1,1,0,,0,40 03:45.555,,0,75 01:18.308,4,0,0,1,67301,1,0,0,N,1,0,0,2,67301,1,,1,1,,N,N,,0,,0,0,0,3,2,,1000.0,1,2,0,0,0,0,0,3,4,0,1,3,,N,,,,,,,,,,,
2010117924,1700.0,3,0,0,0,0,0,0,0,0,5,0,,67,10,2010,3,40.0992,-74.9869,1608.0,6,0,0,0,0,0,0,0,1,2.0,0,0,0,16.0,1,1,0,,2,40 05:56.998,3.0,0,74 59:12.906,8,0,0,0,67301,0,0,0,,0,0,0,1,67301,0,,6,1,,N,N,,0,,0,0,0,0,0,Y,1608.0,1,3,0,0,0,1,0,3,4,0,3,3,,N,,,,,,,,,,,
2010114286,13.0,2,0,0,0,0,0,0,0,0,4,0,,67,10,2010,3,39.9902,-75.0875,7.0,6,0,0,0,0,0,0,0,0,,0,0,0,0.0,3,1,0,,0,39 59:24.543,,0,75 05:14.988,4,0,0,0,67301,0,0,0,N,0,0,0,2,67301,1,,1,9,,N,N,,0,,0,0,0,0,0,,3.0,1,3,0,0,0,0,0,3,4,0,3,7,,N,,,,,,,,,,,
2010112458,1208.0,0,0,0,0,0,0,0,0,0,8,0,,67,10,2010,5,40.0232,-75.1244,1207.0,6,0,0,0,0,0,0,0,0,,0,0,0,7.0,5,1,1,,0,40 01:23.484,,0,75 07:27.893,8,0,0,0,67301,1,0,0,,1,0,0,2,67301,0,,1,98,,,,,0,,0,0,0,3,3,,745.0,1,2,0,0,0,1,0,3,4,0,1,99,,N,,,,,,,,,,,
2010109706,329.0,1,0,0,0,0,0,0,0,0,1,0,,67,10,2010,7,39.8989,-75.1736,322.0,6,0,0,0,0,0,1,0,0,2.0,0,0,0,3.0,3,0,0,,1,39 53:57.942,1.0,0,75 09:51.564,0,0,0,0,67301,0,0,0,N,0,0,0,3,68K01,0,,1,1,,N,N,,0,,0,0,1,0,0,N,317.0,0,2,0,0,0,0,0,3,4,0,2,3,,N,,,,,,,,,,,
2010046184,1226.0,2,0,0,0,0,0,0,0,0,5,0,,67,4,2010,7,40.0292,-75.0228,1218.0,6,0,0,0,1,0,1,0,0,2.0,0,0,0,12.0,1,1,0,,2,40 01:45.420,2.0,0,75 01:21.735,8,0,0,0,67301,0,0,0,N,0,0,0,2,68K01,0,,1,1,,N,N,,0,,0,0,0,0,0,N,1216.0,1,2,0,0,0,1,0,3,4,0,2,3,,N,,,,,,,,,,,
2010070736,210.0,1,0,0,0,0,0,0,0,0,7,0,,67,6,2010,5,39.9269,-75.2435,202.0,6,0,0,0,0,0,1,0,0,,0,0,0,1.0,3,1,0,,0,39 55:36.722,,0,75 14:36.764,3,0,0,0,67301,0,0,0,,0,0,0,1,67301,0,,5,9,,,,,0,,1,0,0,0,0,,159.0,1,1,0,0,0,0,0,3,4,0,1,7,,N,,,,,,,,,,,
2010070784,1748.0,0,0,0,1,0,0,0,0,0,5,0,,67,6,2010,6,39.9843,-75.2458,1743.0,6,0,0,0,0,0,0,0,0,,0,0,0,17.0,1,1,1,,0,39 59:03.443,,0,75 14:44.825,4,0,0,0,67301,1,0,0,,0,0,0,2,67301,1,,1,1,,,,,0,,0,0,1,3,2,,1740.0,1,2,0,0,0,0,0,3,4,0,1,3,,N,,,,,,,,,,,
2010048940,2050.0,1,0,0,0,0,0,0,0,0,8,0,,67,4,2010,2,39.9216,-75.1482,2040.0,6,0,0,0,0,0,1,0,0,,0,0,0,20.0,1,1,1,,0,39 55:17.779,,0,75 08:53.544,4,0,0,0,67301,1,0,0,,1,0,0,2,67301,1,,1,9,,,,,0,,0,0,0,9,9,,2030.0,1,2,0,0,0,0,0,3,4,0,1,7,,N,,,,,,,,,,,
2010052138,2320.0,1,0,0,0,0,0,0,0,0,7,0,,67,4,2010,6,39.8748,-75.2559,2320.0,6,0,0,0,0,0,0,0,0,,0,0,0,23.0,3,0,0,,0,39 52:36.840,,8,75 15:27.000,0,0,0,0,67301,0,0,0,,0,0,0,1,67301,0,,4,1,,,,,0,,0,0,0,0,0,,2320.0,0,1,0,0,0,0,0,3,4,0,1,3,,N,,,,,,,,,,,
2010049269,243.0,1,0,0,0,0,0,0,0,0,5,2,,67,4,2010,7,39.9002,-75.158,231.0,6,0,0,0,0,0,0,0,0,1.0,0,2,0,2.0,3,1,0,,2,39 54:04.258,1.0,0,75 09:09.415,2,0,0,0,67301,0,0,0,Y,0,0,0,3,68K01,0,,1,1,,N,N,,0,,0,1,0,0,0,N,230.0,1,3,0,1,1,0,0,3,4,0,3,3,,N,,,,,,,,,,,
2010052198,210.0,2,0,0,0,0,0,0,0,0,5,0,,67,4,2010,5,39.9663,-75.2264,205.0,6,0,0,0,0,0,0,0,0,,0,0,0,2.0,3,0,0,,0,39 57:58.787,,0,75 13:34.966,9,0,0,0,67301,0,0,0,N,0,0,0,1,67301,0,,1,1,,N,N,,0,,0,0,0,0,0,,203.0,0,2,0,0,0,0,1,3,4,0,2,3,,N,,,,,,,,,,,
2010052205,2038.0,2,0,0,0,0,0,0,0,0,6,0,,67,5,2010,2,39.9456,-75.2442,2038.0,6,0,0,0,0,0,0,0,0,,0,0,0,20.0,1,1,1,,0,39 56:44.070,,0,75 14:39.105,4,0,0,0,67301,0,0,0,N,0,0,0,3,67301,1,,1,1,,N,N,,0,,0,0,0,3,3,,2007.0,1,2,0,0,0,0,1,3,4,0,2,3,,N,,,,,,,,,,,
2010052242,116.0,1,0,0,0,0,0,0,0,0,7,0,,67,4,2010,5,40.0485,-75.2353,110.0,6,0,0,0,0,0,1,0,0,,0,0,0,1.0,3,0,0,,0,40 02:53.614,,0,75 14:06.476,9,0,0,0,67301,0,0,0,,0,0,0,1,67301,0,,2,1,,N,N,,0,,0,0,0,0,0,,100.0,0,1,0,0,0,0,1,3,4,0,1,3,,N,,,,,,,,,,,
2010117732,1131.0,0,0,0,0,0,0,0,0,0,1,0,,67,11,2010,4,39.9649,-75.2052,1131.0,6,0,0,0,0,0,1,1,0,,0,0,0,11.0,1,1,0,,0,39 57:53.702,,0,75 12:18.632,8,0,0,0,67301,0,0,0,N,0,0,0,2,67301,0,,1,1,,N,N,,0,,0,0,1,2,2,,1131.0,1,2,0,0,0,1,0,3,4,0,2,3,,N,,,,,,,,,,,
2010117738,959.0,0,0,0,0,0,0,0,0,0,1,0,,67,10,2010,3,39.9852,-75.1878,951.0,6,0,0,0,0,0,1,0,0,9.0,0,0,0,9.0,1,1,0,,1,39 59:06.639,2.0,0,75 11:16.157,4,0,0,0,67301,0,0,0,N,0,0,0,2,67301,1,,1,9,,N,N,,0,,0,0,2,0,0,N,950.0,1,2,0,0,0,0,0,3,4,0,2,7,,N,,,,,,,,,,,
2010117759,137.0,1,0,0,0,0,0,0,0,0,4,0,,67,10,2010,6,39.9878,-75.1676,135.0,6,0,0,0,0,0,0,0,0,3.0,0,0,0,99.0,3,1,1,,2,39 59:15.993,1.0,0,75 10:03.457,8,0,0,0,67301,0,0,0,,0,0,0,2,67301,0,,1,1,,N,N,,0,,0,0,0,3,1,Y,9999.0,1,2,0,0,1,1,0,3,4,1,2,3,,N,,,,,,,,,,,
2010117802,1140.0,1,0,0,0,0,0,0,0,0,8,0,,67,11,2010,4,40.0413,-75.1758,1132.0,6,0,0,0,0,0,1,0,0,,0,0,0,11.0,1,1,1,,0,40 02:28.777,,0,75 10:32.714,8,0,0,0,67301,1,0,0,N,1,0,0,2,67301,0,,1,1,,N,N,,0,,0,0,0,3,3,,1108.0,1,2,0,0,0,1,0,3,4,0,1,3,,N,,,,,,,,,,,
2010102532,1700.0,2,0,0,0,0,0,0,0,0,1,1,,67,9,2010,2,40.0358,-75.1498,1657.0,6,0,0,0,0,0,1,0,0,,0,1,0,16.0,1,0,2,,0,40 02:09.049,,0,75 08:59.276,0,0,0,0,67301,0,0,0,N,0,0,0,4,67301,0,,1,1,,N,N,,1,,0,0,0,3,2,,1653.0,0,4,0,0,0,0,0,3,4,0,4,3,,N,,,,,,,,,,,
2010102535,1125.0,2,0,0,0,0,0,0,0,0,4,0,,67,9,2010,5,40.0471,-75.1712,1123.0,6,0,0,0,0,0,1,1,0,,0,0,0,11.0,1,1,2,,0,40 02:49.513,,0,75 10:16.211,8,0,0,0,67301,0,0,0,N,0,0,0,2,67301,0,,1,1,,N,N,,0,,0,0,0,3,3,,1120.0,1,2,0,0,0,1,0,3,4,0,2,3,,N,,,,,,,,,,,
2010105101,1945.0,1,0,0,0,0,0,0,0,0,4,0,,67,9,2010,5,39.9558,-75.2257,1940.0,6,0,1,1,0,0,0,0,0,,0,0,0,19.0,3,1,1,,0,39 57:20.946,,0,75 13:32.664,4,0,0,0,67301,0,0,0,N,0,0,0,2,67301,1,,1,1,,N,N,,0,,0,0,1,3,2,,1940.0,1,2,0,0,1,0,0,3,4,0,2,3,,N,,,,,,,,,,,
2010034198,9999.0,1,0,0,0,0,0,0,0,0,4,0,,67,3,2010,6,40.0011,-75.1247,9999.0,6,0,0,0,0,0,1,0,0,,0,0,0,14.0,1,1,1,,0,40 00:03.985,,0,75 07:29.066,8,0,0,0,67301,0,0,0,,0,0,0,6,67301,0,,1,1,,,,,0,,0,0,1,3,2,,1400.0,1,2,0,0,0,1,5,3,4,0,2,3,,N,,,,,,,,,,,
2010078316,1720.0,3,0,0,0,0,0,0,0,0,4,0,,67,7,2010,2,39.9249,-75.174,1716.0,6,0,0,0,0,0,1,0,0,,0,0,0,17.0,1,1,1,,0,39 55:28.493,,0,75 10:16.477,4,0,0,1,67301,0,0,0,,0,0,0,3,67301,1,,1,1,,N,N,,0,,0,0,1,3,2,,1715.0,1,5,0,0,0,0,0,3,4,0,5,3,,N,,,,,,,,,,,
2010088647,725.0,1,0,0,0,0,0,0,0,0,4,0,,67,8,2010,6,40.028,-75.0574,703.0,6,0,0,0,0,0,1,0,0,,0,0,0,99.0,1,0,1,,0,40 01:40.752,,0,75 03:26.701,0,0,0,0,67301,0,0,0,,0,0,0,2,67301,0,,1,1,,N,N,,1,,0,0,0,3,2,,9999.0,0,2,0,0,0,0,0,3,4,0,2,3,,N,,,,,,,,,,,
2010088667,2155.0,0,0,0,0,0,0,0,0,0,0,0,,67,8,2010,1,39.8895,-75.2335,2150.0,6,0,0,0,0,0,0,0,0,,0,0,0,21.0,3,1,0,,0,39 53:22.103,,0,75 14:00.460,8,0,0,1,67301,0,0,0,,0,0,0,1,67301,0,,1,1,,,,,0,,0,0,0,0,0,,2150.0,1,1,0,0,0,1,0,3,4,0,1,3,,N,,,,,,,,,,,
2010088643,429.0,2,0,0,0,0,0,0,0,0,4,0,,67,7,2010,7,39.9915,-75.1718,427.0,6,0,0,1,0,0,0,0,0,3.0,0,0,0,4.0,3,2,1,,2,39 59:29.241,2.0,0,75 10:18.357,8,0,0,0,67301,0,0,0,N,0,0,0,2,67301,0,,1,1,,N,N,,0,,0,0,1,3,2,Y,420.0,2,4,0,0,0,2,0,3,4,1,4,3,,N,,,,,,,,,,,
2010099644,1922.0,1,0,0,0,0,0,0,0,0,8,0,,67,6,2010,2,40.0476,-75.1726,1916.0,6,0,0,0,0,0,0,0,0,9.0,0,0,0,19.0,1,1,0,,2,40 02:51.313,5.0,0,75 10:21.212,3,0,0,0,67301,1,0,0,N,1,0,0,2,67301,0,,1,1,,N,N,,0,,1,0,0,0,0,Y,1904.0,1,2,0,0,0,0,0,3,4,0,1,3,,N,,,,,,,,,,,
2010102357,820.0,2,0,0,0,0,0,0,0,0,1,0,,67,9,2010,4,39.9634,-75.1874,815.0,6,0,0,0,0,0,0,0,0,,0,0,0,8.0,1,1,1,,0,39 57:48.208,,0,75 11:14.787,8,0,0,0,67301,0,0,0,N,0,0,0,3,67301,0,,1,1,,N,N,,0,,0,0,1,3,2,,813.0,1,3,0,0,0,1,0,3,4,0,3,3,,N,,,,,,,,,,,
2010102994,2254.0,1,0,0,0,0,0,0,0,0,7,0,,67,9,2010,2,40.0253,-75.0911,2247.0,6,0,0,0,0,0,0,0,0,2.0,0,0,0,22.0,3,1,2,,1,40 01:30.889,2.0,0,75 05:27.904,3,0,0,0,67301,0,0,0,,0,0,0,2,67301,0,,5,1,,N,N,,0,,1,0,0,0,0,N,2247.0,1,1,0,0,2,0,0,3,4,0,1,3,,N,,,,,,,,,,,
2010103100,2057.0,1,0,1,0,0,0,0,0,0,4,0,,67,9,2010,3,39.9614,-75.2429,2046.0,6,0,0,0,0,0,0,1,0,,0,0,0,20.0,3,1,1,,0,39 57:41.137,,0,75 14:34.569,2,0,0,0,67301,0,0,0,N,0,0,0,2,67301,0,,1,1,,N,N,,0,,0,1,0,3,3,,2040.0,1,3,0,0,0,0,0,3,4,2,3,3,,N,,,,,,,,,,,
2010105686,1224.0,2,0,0,0,0,0,0,0,0,4,0,,67,9,2010,4,39.9705,-75.2342,1221.0,6,0,0,0,0,0,1,0,0,9.0,0,0,0,12.0,1,1,1,,1,39 58:13.810,6.0,0,75 14:03.170,4,0,0,0,67301,0,0,0,,0,0,0,2,67301,1,,1,1,,N,N,,0,,0,0,0,3,2,Y,1207.0,1,2,0,0,0,0,0,3,4,0,2,3,,N,,,,,,,,,,,
2010125079,110.0,2,0,0,0,0,0,0,0,0,6,0,,67,11,2010,5,40.037,-75.1222,109.0,6,0,0,0,0,0,0,0,0,,0,0,0,0.0,3,0,0,,0,40 02:13.153,,0,75 07:19.881,0,0,0,0,67301,0,0,0,N,0,0,0,1,67301,0,,6,1,,N,N,,1,,0,0,0,0,0,,56.0,0,3,0,0,0,0,0,3,4,0,3,3,,N,,,,,,,,,,,
2010120331,711.0,1,0,0,0,0,0,0,0,0,1,0,,67,11,2010,3,39.9406,-75.1954,705.0,6,0,0,0,0,0,0,1,0,1.0,0,0,0,7.0,1,1,0,,2,39 56:33.296,4.0,0,75 11:36.243,4,0,0,0,67301,0,0,0,N,0,0,0,4,68K01,1,,1,1,,N,N,,1,,0,0,0,0,0,Y,702.0,1,2,0,0,0,0,0,3,4,0,2,3,,N,,,,,,,,,,,
2010117941,9999.0,0,0,0,0,0,0,0,0,0,1,0,,67,10,2010,7,40.039,-75.1099,1805.0,6,0,0,0,0,0,1,0,0,,0,0,0,15.0,1,1,0,,0,40 02:20.275,,0,75 06:35.449,4,0,0,0,67301,0,0,0,,0,0,0,2,67301,1,,1,1,,N,N,,1,,0,0,1,0,0,,1545.0,1,2,0,0,1,0,0,3,4,0,2,3,,N,,,,,,,,,,,
2010114015,807.0,0,0,0,0,0,0,0,0,0,7,0,,67,11,2010,2,40.0476,-74.9992,758.0,6,0,0,0,0,0,0,0,0,2.0,0,0,0,7.0,1,2,6,,2,40 02:51.412,6.0,2,74 59:57.168,8,0,0,0,67301,0,0,0,Y,0,0,0,2,68K01,0,,4,1,,N,N,,0,,0,0,2,0,0,N,750.0,2,2,0,0,0,2,0,3,4,0,2,3,,N,,,,,,,,,,,