CRN,ARRIVAL_TM,AUTOMOBILE_COUNT,BELTED_DEATH_COUNT,BELTED_SUSP_SERIOUS_INJ_COUNT,BICYCLE_COUNT,BICYCLE_DEATH_COUNT,BICYCLE_SUSP_SERIOUS_INJ_COUNT,BUS_COUNT,CHLDPAS_DEATH_COUNT,CHLDPAS_SUSP_SERIOUS_INJ_COUNT,COLLISION_TYPE,COMM_VEH_COUNT,CONS_ZONE_SPD_LIM,COUNTY,CRASH_MONTH,CRASH_YEAR,DAY_OF_WEEK,DEC_LAT,DEC_LONG,DISPATCH_TM,DISTRICT,DRIVER_COUNT_16YR,DRIVER_COUNT_17YR,DRIVER_COUNT_18YR,DRIVER_COUNT_19YR,DRIVER_COUNT_20YR,DRIVER_COUNT_50_64YR,DRIVER_COUNT_65_74YR,DRIVER_COUNT_75PLUS,EST_HRS_CLOSED,FATAL_COUNT,HEAVY_TRUCK_COUNT,HORSE_BUGGY_COUNT,HOUR_OF_DAY,ILLUMINATION,INJURY_COUNT,INTERSECT_TYPE,INTERSECTION_RELATED,LANE_CLOSED,LATITUDE,LN_CLOSE_DIR,LOCATION_TYPE,LONGITUDE,MAX_SEVERITY_LEVEL,MCYCLE_DEATH_COUNT,MCYCLE_SUSP_SERIOUS_INJ_COUNT,MOTORCYCLE_COUNT,MUNICIPALITY,NONMOTR_COUNT,NONMOTR_DEATH_COUNT,NONMOTR_SUSP_SERIOUS_INJ_COUNT,NTFY_HIWY_MAINT,PED_COUNT,PED_DEATH_COUNT,PED_SUSP_SERIOUS_INJ_COUNT,PERSON_COUNT,POLICE_AGCY,POSSIBLE_INJ_COUNT,RDWY_SURF_TYPE_CD,RELATION_TO_ROAD,ROAD_CONDITION,ROADWAY_CLEARED,SCH_BUS_IND,SCH_ZONE_IND,SECONDARY_CRASH,SMALL_TRUCK_COUNT,SPEC_JURIS_CD,SUSP_MINOR_INJ_COUNT,SUSP_SERIOUS_INJ_COUNT,SUV_COUNT,TCD_FUNC_CD,TCD_TYPE,TFC_DETOUR_IND,TIME_OF_DAY,TOT_INJ_COUNT,TOTAL_UNITS,UNB_DEATH_COUNT,UNB_SUSP_SERIOUS_INJ_COUNT,UNBELTED_OCC_COUNT,UNK_INJ_DEG_COUNT,UNK_INJ_PER_COUNT,URBAN_AREA,URBAN_RURAL,VAN_COUNT,VEHICLE_COUNT,WEATHER1,WEATHER2,WORK_ZONE_IND,WORK_ZONE_LOC,WORK_ZONE_TYPE,WORKERS_PRES,WZ_CLOSE_DETOUR,WZ_FLAGGER,WZ_LAW_OFFCR_IND,WZ_LN_CLOSURE,WZ_MOVING,WZ_OTHER,WZ_SHLDER_MDN,WZ_WORKERS_INJ_KILLED
2010114561,1342.0,1,0,0,0,0,0,0,0,0,5,0,,67,8,2010,3,39.9153,-75.1598,1342.0,6,0,0,0,0,0,0,0,0,,0,0,0,13.0,1,1,1,,0,39 54:55.080,,0,75 09:35.242,4,0,0,1,67301,0,0,0,N,0,0,0,2,67301,1,,1,1,,N,N,,0,,0,0,0,3,2,,1330.0,1,2,0,0,0,0,0,3,4,0,2,3,,N,,,,,,,,,,,
2010005384,749.0,1,0,0,0,0,0,0,0,0,1,0,,67,1,2010,2,39.9595,-75.1751,725.0,6,0,0,0,0,0,0,1,0,,0,0,0,7.0,1,0,0,,0,39 57:34.666,,0,75 10:33.106,0,0,0,0,67301,0,0,0,N,0,0,0,2,68K01,0,,1,1,,N,N,,0,,0,0,1,0,0,,722.0,0,2,0,0,0,0,0,3,4,0,2,3,,N,,,,,,,,,,,
2010040537,1025.0,1,0,0,0,0,0,0,0,0,4,0,,67,4,2010,5,40.0882,-75.0346,1020.0,6,0,0,0,0,0,0,0,0,1.0,0,0,0,10.0,1,1,1,,1,40 05:17.708,2.0,0,75 02:04.879,8,0,0,0,67301,0,0,0,,0,0,0,3,67301,0,,1,1,,N,N,,0,,0,0,0,3,2,Y,1015.0,1,2,0,0,0,1,0,3,4,1,2,3,,N,,,,,,,,,,,
2010068115,1440.0,2,0,0,0,0,0,0,0,0,4,0,,67,6,2010,1,40.0084,-75.211,1438.0,6,0,0,0,0,0,0,0,0,,0,0,0,14.0,1,0,1,,0,40 00:30.523,,0,75 12:40.023,0,0,0,0,67301,0,0,0,N,0,0,0,5,46104,0,,1,1,,N,N,,0,,0,0,0,3,2,,1438.0,0,2,0,0,0,0,0,3,4,0,2,3,,N,,,,,,,,,,,
2010058927,715.0,0,0,0,0,0,0,0,0,0,8,0,,67,5,2010,2,39.9283,-75.2362,712.0,6,0,0,0,0,0,0,0,0,,0,0,0,7.0,6,1,0,,0,39 55:41.987,,0,75 14:10.464,3,0,0,0,67301,1,0,0,,1,0,0,2,67301,0,,9,9,,,,,0,,1,0,0,0,0,,709.0,1,2,0,0,0,0,1,3,4,1,1,7,,N,,,,,,,,,,,
2010070788,9999.0,2,0,0,0,0,0,0,0,0,4,0,,67,6,2010,3,40.0285,-75.1822,1843.0,6,0,0,0,0,0,0,0,0,1.0,0,0,0,17.0,1,1,0,,1,40 01:42.504,6.0,0,75 10:56.089,8,0,0,0,67301,0,0,0,N,0,0,0,2,67301,0,,1,1,,N,N,,0,,0,0,0,0,0,Y,1700.0,1,2,0,0,1,1,0,3,4,0,2,3,,N,,,,,,,,,,,
2010051271,20.0,1,0,0,0,0,0,0,0,0,7,0,,67,5,2010,7,39.9504,-75.1833,11.0,6,0,0,0,0,0,0,0,0,1.0,0,0,0,0.0,3,1,0,,1,39 57:04.674,4.0,0,75 10:57.734,3,0,0,0,67301,0,0,0,N,0,0,0,2,68K01,0,,7,9,,N,N,,0,,1,0,0,0,0,N,9.0,1,1,0,0,1,0,0,3,4,0,1,7,,N,,,,,,,,,,,
2010062649,1650.0,1,0,0,0,0,0,0,0,0,1,0,,67,5,2010,1,39.9477,-75.1986,1646.0,6,0,0,0,0,0,0,0,0,,0,0,0,16.0,1,1,2,,0,39 56:51.748,,0,75 11:55.037,8,0,0,0,67301,0,0,0,N,0,0,0,5,67301,0,,1,1,,N,N,,0,,0,0,1,3,2,,1635.0,1,2,0,0,0,1,0,3,4,0,2,3,,N,,,,,,,,,,,
2010062666,1847.0,1,0,0,1,0,0,0,0,0,4,0,,67,5,2010,4,40.0915,-74.9656,1846.0,6,0,0,0,0,0,0,0,0,,0,0,0,17.0,1,1,1,,0,40 05:29.578,,0,74 57:56.181,4,0,0,0,67301,1,0,0,N,0,0,0,2,67301,1,,1,1,,N,N,,0,,0,0,0,3,2,,1745.0,1,2,0,0,0,0,0,3,4,0,1,3,,N,,,,,,,,,,,
2010062681,1720.0,1,0,0,0,0,0,0,0,0,1,0,,67,6,2010,6,40.0359,-75.0399,1715.0,6,0,0,0,0,0,1,0,0,,0,0,0,16.0,1,1,0,,0,40 02:09.118,,7,75 02:23.592,4,0,0,0,67301,0,0,0,N,0,0,0,2,67301,1,,1,1,,N,N,,0,,0,0,0,0,0,,1630.0,1,2,0,0,0,0,1,3,4,0,2,3,,N,,,,,,,,,,,
2010062714,1845.0,1,0,0,0,0,0,0,0,0,8,0,,67,5,2010,5,40.0096,-75.1536,1845.0,6,0,0,0,0,0,0,0,0,,0,0,0,18.0,1,1,1,,0,40 00:34.382,,0,75 09:12.737,4,0,0,0,67301,1,0,0,N,1,0,0,2,67301,1,,1,1,,N,N,,0,,0,0,0,0,0,,1830.0,1,2,0,0,0,0,0,3,4,0,1,3,,N,,,,,,,,,,,
2010048936,2033.0,2,0,0,0,0,0,0,0,0,4,0,,67,4,2010,5,39.9322,-75.2164,2031.0,6,0,0,0,0,0,0,0,0,,0,0,0,18.0,3,2,0,,0,39 55:56.046,,0,75 12:59.094,4,0,0,0,67301,0,0,0,N,0,0,0,2,67301,2,,1,9,,N,N,,0,,0,0,0,3,2,,1837.0,2,2,0,0,0,0,0,3,4,0,2,7,,N,,,,,,,,,,,
2010052142,1404.0,1,0,0,0,0,0,0,0,0,8,0,,67,4,2010,4,39.9657,-75.2103,1402.0,6,0,0,0,0,1,0,0,0,,0,0,0,14.0,1,1,0,,0,39 57:56.540,,0,75 12:36.925,4,0,0,0,67301,1,0,0,N,1,0,0,2,67301,1,,4,1,,N,N,,0,,0,0,0,0,0,,1402.0,1,2,0,0,0,0,0,3,4,0,1,3,,N,,,,,,,,,,,
2010054965,1926.0,0,0,0,0,0,0,0,0,0,7,0,,67,5,2010,1,39.9827,-75.0992,1920.0,6,0,0,0,0,0,0,0,0,1.0,0,0,0,19.0,1,1,0,,2,39 58:58.174,1.0,0,75 05:56.548,8,0,0,0,67301,0,0,0,Y,0,0,0,2,68K01,0,,2,1,,N,N,,0,,0,0,1,0,0,N,1918.0,1,1,0,0,0,1,0,3,4,0,1,3,,N,,,,,,,,,,,
2010052439,915.0,2,0,0,0,0,0,0,0,0,5,0,,67,5,2010,2,40.0591,-75.0447,909.0,6,0,0,0,0,0,0,0,0,,0,0,0,9.0,1,1,1,,0,40 03:32.505,,0,75 02:41.288,4,0,0,0,67301,0,0,0,N,0,0,0,2,67301,1,,1,1,,N,N,,0,,0,0,0,3,2,,904.0,1,2,0,0,0,0,0,3,4,0,2,3,,N,,,,,,,,,,,
2010052495,1754.0,1,0,0,0,0,0,0,0,0,8,0,,67,4,2010,6,39.9618,-75.2449,1734.0,6,0,0,0,0,0,0,0,0,,0,0,0,17.0,1,1,0,,0,39 57:42.450,,0,75 14:41.520,4,0,0,0,67301,1,0,0,N,1,0,0,2,67301,1,,1,1,,N,N,,0,,0,0,0,0,0,,1733.0,1,2,0,0,0,0,0,3,4,0,1,3,,N,,,,,,,,,,,
2010117771,232.0,3,0,0,0,0,0,0,0,0,5,0,,67,10,2010,1,40.038,-75.1788,229.0,6,0,0,0,0,0,0,0,0,,0,0,0,2.0,3,0,0,,0,40 02:16.868,,0,75 10:43.816,0,0,0,0,67301,0,0,0,N,0,0,0,1,67301,0,,6,1,,N,,,0,,0,0,0,0,0,,225.0,0,3,0,0,0,0,0,3,4,0,3,3,,N,,,,,,,,,,,
2010117807,1807.0,0,0,0,0,0,0,0,0,0,1,0,,67,11,2010,5,39.9891,-75.0896,1805.0,6,0,0,0,0,0,0,0,0,,0,0,0,18.0,3,2,1,,0,39 59:20.627,,0,75 05:22.626,3,0,0,0,67301,0,0,0,N,0,0,0,5,67301,0,,1,9,,N,N,,1,,2,0,0,3,2,,1800.0,2,2,0,0,0,0,0,3,4,1,2,7,,N,,,,,,,,,,,
2010091090,103.0,1,0,0,0,0,0,0,0,0,4,1,,67,8,2010,5,40.0574,-75.0078,59.0,6,0,0,0,1,0,0,0,0,,0,1,0,0.0,3,4,2,,0,40 03:26.797,,0,75 00:28.244,3,0,0,0,67301,0,0,0,,0,0,0,5,67301,0,,1,1,,,,,0,,1,0,0,3,3,,51.0,4,2,0,0,0,3,1,3,4,0,2,3,,N,,,,,,,,,,,
2010091151,1824.0,1,0,0,0,0,0,0,0,0,7,0,,67,8,2010,5,40.0171,-75.1885,1818.0,6,0,0,0,1,0,0,0,0,,0,0,0,18.0,1,2,0,,0,40 01:01.386,,0,75 11:18.617,4,0,0,0,67301,0,0,0,N,0,0,0,6,67301,2,,2,9,,N,N,,0,,0,0,0,0,0,,1815.0,2,1,0,0,0,0,0,3,4,0,1,7,,N,,,,,,,,,,,
2010121918,1049.0,3,0,0,0,0,0,0,0,0,4,0,,67,11,2010,3,40.0946,-74.9587,1049.0,6,0,0,1,0,0,1,1,0,,0,0,0,10.0,1,1,2,,0,40 05:40.569,,7,74 57:31.422,4,0,0,0,67301,0,0,0,N,0,0,0,4,67301,1,,1,1,,N,N,,0,,0,0,0,3,3,,1049.0,1,3,0,0,0,0,0,3,4,0,3,3,,N,,,,,,,,,,,
2010122178,2100.0,2,0,0,0,0,0,0,0,0,4,0,,67,11,2010,3,40.0363,-75.0643,2053.0,6,0,0,0,0,0,0,0,0,1.0,0,0,0,20.0,3,1,1,,2,40 02:10.729,1.0,0,75 03:51.497,4,0,0,0,67301,0,0,0,N,0,0,0,2,67301,1,,1,9,,N,N,,0,,0,0,0,3,2,Y,2045.0,1,2,0,0,0,0,0,3,4,0,2,7,,N,,,,,,,,,,,
2010117134,1053.0,2,0,0,0,0,0,0,0,0,1,0,,67,10,2010,3,39.9569,-75.1526,1045.0,6,0,0,0,0,0,0,0,0,,0,0,0,10.0,1,1,0,,0,39 57:24.784,,2,75 09:09.476,4,0,0,0,67301,0,0,0,N,0,0,0,3,68K01,1,,1,1,,N,N,,1,,0,0,0,0,0,,1036.0,1,3,0,0,0,0,1,3,4,0,3,3,,N,,,,,,,,,,,
2010116320,927.0,0,0,0,0,0,0,0,0,0,8,0,,67,11,2010,3,39.9551,-75.2298,925.0,6,0,0,0,0,0,0,0,0,,0,0,0,9.0,1,1,1,,0,39 57:18.234,,0,75 13:47.243,3,0,0,0,67301,1,0,0,N,1,0,0,2,67301,0,,1,1,,N,N,,1,,1,0,0,3,2,,925.0,1,2,0,0,0,0,0,3,4,0,1,3,,N,,,,,,,,,,,
2010116327,1435.0,2,0,0,0,0,0,0,0,0,4,0,,67,10,2010,6,39.955,-75.2463,1427.0,6,0,0,0,0,0,1,0,0,3.0,0,0,0,14.0,1,1,2,,1,39 57:17.974,1.0,0,75 14:46.679,4,0,0,0,67301,0,0,0,N,0,0,0,2,67301,1,,1,1,,N,N,,0,,0,0,0,3,3,N,1400.0,1,2,0,0,0,0,0,3,4,0,2,3,,N,,,,,,,,,,,
2010111469,1855.0,1,0,0,0,0,0,0,0,0,4,0,,67,10,2010,6,40.0356,-75.0876,1850.0,6,0,0,0,0,0,0,0,0,,0,0,0,18.0,1,0,2,,0,40 02:08.049,,0,75 05:15.286,0,0,0,0,67301,0,0,0,N,0,0,0,3,67301,0,,4,1,,N,N,,0,,0,0,0,3,3,,1845.0,0,2,0,0,0,0,0,3,4,1,2,3,,N,,,,,,,,,,,
2010099841,855.0,1,0,0,0,0,0,0,0,0,7,0,,67,9,2010,2,39.9829,-75.098,851.0,6,0,0,0,0,0,0,0,0,,0,0,0,8.0,1,0,2,,0,39 58:58.549,,2,75 05:52.823,0,0,0,0,67301,0,0,0,,0,0,0,0,67301,0,,7,1,,,,,0,,0,0,0,3,3,,835.0,0,1,0,0,0,0,0,3,4,0,1,3,,N,,,,,,,,,,,
2010118092,2135.0,2,0,0,0,0,0,0,0,0,5,0,,67,10,2010,7,39.9949,-75.0947,2135.0,6,0,0,0,0,0,0,0,0,,0,0,0,20.0,3,0,0,,0,39 59:41.495,,0,75 05:41.037,0,0,0,0,67301,0,0,0,N,0,0,0,3,67301,0,,1,1,,N,N,,0,,0,0,0,0,0,,2044.0,0,2,0,0,0,0,0,3,4,0,2,3,,N,,,,,,,,,,,
2010102479,113.0,1,0,0,0,0,0,0,0,0,7,0,,67,9,2010,1,40.0168,-75.0836,105.0,6,0,0,0,0,0,0,0,0,,0,0,0,21.0,3,1,5,,0,40 01:00.430,,0,75 05:00.995,4,0,0,0,67301,0,0,0,N,0,0,0,1,67301,1,,5,1,,N,N,,0,,0,0,0,3,2,,2124.0,1,1,0,0,0,0,0,3,4,0,1,3,,N,,,,,,,,,,,
2010123482,1636.0,1,0,0,0,0,0,0,0,0,7,0,,67,11,2010,2,40.0486,-74.9986,1622.0,6,0,0,0,1,0,0,0,0,,0,0,0,16.0,1,1,7,,0,40 02:55.073,,2,74 59:54.825,8,0,0,0,67301,0,0,0,Y,0,0,0,2,68K01,0,,5,1,,N,N,,0,,0,0,0,0,0,,1610.0,1,2,0,0,0,1,0,3,4,0,1,3,,N,,,,,,,,,,,
2010034127,1622.0,1,0,0,0,0,0,0,0,0,8,0,,67,3,2010,4,40.0558,-75.0452,1618.0,6,0,0,0,0,0,0,0,0,,0,0,0,15.0,1,1,0,,0,40 03:20.983,,0,75 02:42.685,4,0,0,0,67301,1,0,0,N,1,0,0,2,67301,1,,1,1,,N,N,,0,,0,0,0,3,2,,1500.0,1,2,0,0,0,0,0,3,4,0,1,3,,N,,,,,,,,,,,
2010039224,1150.0,1,0,0,0,0,0,0,0,0,4,0,,67,3,2010,1,40.0458,-75.0683,1146.0,6,0,0,0,0,1,2,0,0,,0,0,0,11.0,1,3,1,,0,40 02:44.703,,0,75 04:05.879,4,0,0,0,67301,0,0,0,,0,0,0,5,67301,3,,1,9,,N,N,,0,,0,0,1,3,2,,1142.0,3,3,0,0,0,0,0,3,4,1,3,7,,N,,,,,,,,,,,
2010078300,2230.0,4,0,0,0,0,0,0,0,0,5,0,,67,7,2010,3,40.0287,-75.1736,2229.0,6,0,0,0,0,0,0,0,0,,0,0,0,22.0,3,0,2,,0,40 01:43.258,,0,75 10:25.048,0,0,0,0,67301,0,0,0,N,0,0,0,2,67301,0,,1,1,,N,N,,1,,0,0,1,3,3,,2230.0,0,6,0,0,2,0,0,3,4,0,6,3,,N,,,,,,,,,,,
2010088677,407.0,1,0,0,1,0,0,0,0,0,1,0,,67,8,2010,1,39.9676,-75.2015,402.0,6,0,0,0,0,0,0,0,0,,0,0,0,4.0,3,1,0,,0,39 58:03.298,,0,75 12:05.320,4,0,0,0,67301,1,0,0,N,0,0,0,2,67301,1,,1,98,,N,N,,0,,0,0,0,0,0,,400.0,1,2,0,0,0,0,0,3,4,0,1,3,,N,,,,,,,,,,,
2010091245,1350.0,2,0,0,0,0,0,0,0,0,5,0,,67,8,2010,3,40.0291,-75.0899,1346.0,6,0,0,1,0,0,0,0,0,1.0,0,0,0,13.0,1,1,1,,1,40 01:44.844,2.0,0,75 05:23.694,4,0,0,0,67301,0,0,0,,0,0,0,2,67301,1,,1,1,,,,,0,,0,0,0,3,2,N,1344.0,1,2,0,0,0,0,0,3,4,0,2,3,,N,,,,,,,,,,,
2010091257,131.0,2,0,0,0,0,0,0,0,0,5,0,,67,8,2010,6,39.926,-75.1661,125.0,6,0,0,0,0,0,0,0,0,2.0,0,0,0,0.0,3,0,0,,2,39 55:33.733,2.0,0,75 09:58.050,0,0,0,0,67301,0,0,0,N,0,0,0,1,67301,0,,6,1,,N,N,,0,,0,0,0,0,0,Y,55.0,0,2,0,0,0,0,0,3,4,0,2,3,,N,,,,,,,,,,,
2010088834,407.0,1,0,0,0,0,0,0,0,0,5,0,,67,7,2010,7,39.9848,-75.1418,402.0,6,0,0,0,0,0,0,0,0,3.0,0,0,0,1.0,3,2,0,,1,39 59:05.143,1.0,0,75 08:30.379,8,0,0,0,67301,0,0,0,N,0,0,0,2,67301,0,,6,1,,N,N,,1,,0,0,0,0,0,N,145.0,2,3,0,0,0,2,0,3,4,1,3,3,,N,,,,,,,,,,,
2010099669,834.0,1,0,0,0,0,0,0,0,0,8,0,,67,9,2010,1,40.0504,-75.0833,830.0,6,0,0,0,0,0,1,0,0,,0,0,0,8.0,1,1,1,,0,40 03:01.335,,0,75 04:59.933,4,0,0,0,67301,1,0,0,N,1,0,0,2,67301,1,,1,9,,N,N,,0,,0,0,0,3,3,,830.0,1,2,0,0,0,0,0,3,4,0,1,7,,N,,,,,,,,,,,
2010125701,635.0,1,0,0,0,0,0,0,0,0,7,0,,67,12,2010,4,39.9464,-75.1424,622.0,6,0,0,0,0,0,0,0,0,,0,0,0,6.0,3,1,0,,0,39 56:46.970,,0,75 08:32.741,8,0,0,0,67301,0,0,0,N,0,0,0,1,68K01,0,,4,1,,N,N,,0,,0,0,0,0,0,,611.0,1,1,0,0,0,1,0,3,4,0,1,3,,N,,,,,,,,,,,
2010105670,9999.0,0,0,0,0,0,0,0,0,0,8,0,,67,9,2010,2,39.994,-75.1792,525.0,6,0,0,0,0,0,0,1,0,,0,0,0,5.0,1,1,1,,0,39 59:38.356,,0,75 10:45.261,8,0,0,0,67301,1,0,0,,1,0,0,2,67301,0,,1,1,,,,,0,,0,0,0,3,2,,506.0,1,2,0,0,0,1,0,3,4,1,1,3,,N,,,,,,,,,,,
2010105688,803.0,1,0,0,0,0,0,0,0,0,8,0,,67,9,2010,4,39.9721,-75.2469,800.0,6,0,0,0,0,0,0,0,0,,0,0,0,7.0,1,1,1,,0,39 58:19.564,,0,75 14:48.760,8,0,0,0,67301,1,0,0,,1,0,0,2,67301,0,,1,1,,N,N,,0,,0,0,0,3,2,,753.0,1,2,0,0,0,1,0,3,4,0,1,3,,N,,,,,,,,,,,
2010103090,1835.0,1,0,0,0,0,0,0,0,0,8,0,,67,9,2010,4,39.9223,-75.1632,1824.0,6,0,0,0,0,0,0,0,0,,0,0,0,17.0,1,1,1,,0,39 55:20.172,,0,75 09:47.408,8,0,0,0,67301,1,0,0,N,1,0,0,2,67301,0,,9,1,,N,N,,0,,0,0,0,3,3,,1700.0,1,2,0,0,0,1,0,3,4,0,1,99,,N,,,,,,,,,,,
2010103092,1706.0,0,0,0,0,0,0,0,0,0,1,0,,67,9,2010,7,40.0357,-75.159,1704.0,6,0,0,0,0,0,0,0,0,,0,0,0,17.0,1,0,2,,0,40 02:08.613,,0,75 09:32.443,0,0,0,0,67301,0,0,0,N,0,0,0,2,67301,0,,1,1,,N,N,,0,,0,0,2,3,3,,1700.0,0,2,0,0,0,0,0,3,4,0,2,3,,N,,,,,,,,,,,
2010100351,1603.0,0,0,0,0,0,0,0,0,0,7,0,,67,10,2010,1,39.9816,-75.1022,1603.0,6,0,0,0,0,0,1,0,0,1.0,0,0,0,16.0,1,1,0,,1,39 58:54.706,2.0,0,75 06:05.827,3,0,0,0,67301,0,0,0,N,0,0,0,1,68K01,0,,4,1,,N,N,,0,,1,0,1,0,0,N,1602.0,1,1,0,0,1,0,0,3,4,0,1,3,,N,,,,,,,,,,,
2010117903,1858.0,2,0,0,0,0,0,0,0,0,2,0,,67,10,2010,5,40.0032,-75.1873,1856.0,6,0,0,0,0,0,1,0,0,,0,0,0,18.0,4,2,0,,0,40 00:12.293,,0,75 11:14.450,3,0,0,0,67301,0,0,0,N,0,0,0,3,67301,0,,1,1,,N,N,,0,,2,0,0,0,0,,1851.0,2,2,0,0,0,0,0,3,4,0,2,3,,N,,,,,,,,,,,
2010117691,1859.0,3,0,0,0,0,0,0,0,0,4,0,,67,10,2010,7,39.9377,-75.2257,1858.0,6,0,0,0,0,0,0,0,0,2.0,0,0,0,18.0,3,1,1,,1,39 56:15.867,3.0,0,75 13:32.487,3,0,0,0,67301,0,0,0,Y,0,0,0,2,67301,0,,1,1,,N,N,,0,,1,0,0,2,2,N,1804.0,1,3,0,0,0,0,0,3,4,0,3,3,,N,,,,,,,,,,,
2010114332,845.0,1,0,0,0,0,0,0,0,0,8,0,,67,10,2010,6,39.9319,-75.1698,841.0,6,0,0,0,0,0,1,0,0,,0,0,0,8.0,1,1,1,,0,39 55:54.912,,0,75 10:11.193,4,0,0,0,67301,1,0,0,N,1,0,0,2,67301,1,,1,1,,N,N,,0,,0,0,0,3,3,,841.0,1,2,0,0,0,0,0,3,4,0,1,3,,N,,,,,,,,,,,
2010109013,728.0,1,0,0,0,0,0,0,0,0,1,0,,67,11,2010,5,40.0064,-75.1983,718.0,6,0,0,0,0,0,0,1,0,,0,0,0,7.0,5,0,0,,0,40 00:21.482,,0,75 11:51.094,9,0,0,0,67301,0,0,0,N,0,0,0,2,68K01,0,,1,9,,N,N,,0,,0,0,0,0,0,,709.0,0,2,0,0,0,0,1,3,4,0,2,7,,N,,,,,,,,,,,
2010114553,1853.0,1,0,0,0,0,0,0,0,0,8,0,,67,10,2010,4,39.9977,-75.1075,1849.0,6,0,0,0,0,0,1,0,0,,0,0,0,18.0,4,1,1,,0,39 59:51.540,,0,75 06:26.938,8,0,0,0,67301,1,0,0,N,1,0,0,2,67301,0,,1,9,,N,N,,0,,0,0,0,3,3,,1817.0,1,2,0,0,0,1,0,3,4,0,1,7,,N,,,,,,,,,,,
2010109938,2251.0,1,0,0,0,0,0,1,0,0,1,1,,67,9,2010,3,39.9933,-75.1548,2250.0,6,0,0,0,0,0,0,0,0,,0,0,0,22.0,3,2,0,,0,39 59:35.899,,0,75 09:17.019,4,0,0,0,67301,0,0,0,N,0,0,0,4,67301,2,,1,1,,N,N,,0,,0,0,0,0,0,,2240.0,2,2,0,0,0,0,0,3,4,0,2,3,,N,,,,,,,,,,,
2010048694,1115.0,1,0,0,0,0,0,0,0,0,4,0,,67,4,2010,6,40.043,-75.0236,1103.0,6,0,0,0,0,0,1,0,0,,0,0,0,10.0,1,0,0,,0,40 02:34.961,,0,75 01:24.970,0,0,0,0,67301,0,0,0,,0,0,0,2,67301,0,,1,1,,,,,0,,0,0,1,0,0,,1036.0,0,2,0,0,0,0,0,3,4,0,2,3,,N,,,,,,,,,,,
2010048695,2135.0,1,0,0,0,0,0,1,0,0,1,1,99.0,67,4,2010,6,40.0513,-74.9855,2126.0,6,0,0,0,0,0,1,0,0,9.0,0,0,0,21.0,3,4,0,,1,40 03:04.580,1.0,0,74 59:07.927,3,0,0,0,67301,0,0,0,N,0,0,0,4,67301,2,,1,1,,N,N,,0,,1,0,0,0,0,N,2105.0,4,2,0,0,0,1,0,3,4,0,2,3,,Y,2.0,3.0,N,U,U,N,Y,U,U,U,
2010058748,1645.0,1,0,0,0,0,0,0,0,0,5,1,,67,5,2010,5,39.8931,-75.2222,1639.0,6,0,0,0,0,0,0,0,0,2.0,0,1,0,16.0,1,0,7,,1,39 53:35.159,2.0,2,75 13:19.839,0,0,0,0,67301,0,0,0,Y,0,0,0,2,67301,0,,1,1,,,,,0,,0,0,0,0,0,N,1639.0,0,2,0,0,1,0,0,3,4,0,2,3,,N,,,,,,,,,,,
2010077968,1203.0,2,0,0,0,0,0,0,0,0,5,0,,67,8,2010,5,39.9716,-75.1933,1200.0,6,0,0,0,1,0,1,0,0,1.0,0,0,0,11.0,1,2,7,,1,39 58:23.355,4.0,2,75 11:37.454,3,0,0,0,67301,0,0,0,N,0,0,0,4,68K01,0,,1,1,,N,N,,0,,2,0,0,0,0,N,1159.0,2,2,0,0,1,0,0,3,4,0,2,3,,N,,,,,,,,,,,
2010058741,345.0,2,0,0,0,0,0,0,0,0,4,0,,67,5,2010,3,40.0356,-75.1239,9999.0,6,0,0,0,0,0,0,0,0,3.0,0,0,0,3.0,3,2,1,,2,40 02:08.080,7.0,0,75 07:25.889,8,0,0,0,67301,0,0,0,N,0,0,0,3,67301,0,,1,1,,N,N,,0,,0,0,0,3,2,Y,316.0,2,2,0,0,0,2,1,3,4,0,2,3,,N,,,,,,,,,,,
2010070073,1835.0,1,0,0,0,0,0,0,0,0,4,0,,67,6,2010,4,39.9586,-75.16,1828.0,6,0,0,0,0,0,0,0,0,1.0,0,0,0,18.0,1,1,1,,1,39 57:30.819,3.0,0,75 09:36.133,8,0,0,0,67301,0,0,0,N,0,0,0,3,67301,0,,1,1,,N,N,,0,,0,0,1,3,3,Y,1825.0,1,2,0,0,0,1,0,3,4,0,2,3,,N,,,,,,,,,,,
2010070723,1556.0,2,0,0,0,0,0,0,0,0,1,0,,67,6,2010,1,40.0599,-75.1734,1549.0,6,0,0,0,0,0,0,0,0,,0,0,0,15.0,1,1,1,,0,40 03:35.475,,0,75 10:24.377,8,0,0,0,67301,0,0,0,N,0,0,0,2,67301,0,,1,1,,N,N,,0,,0,0,0,3,2,,1515.0,1,2,0,0,0,1,0,3,4,0,2,3,,N,,,,,,,,,,,
2010062692,1415.0,2,0,0,0,0,0,0,0,0,1,0,,67,5,2010,5,40.0511,-75.1909,1410.0,6,0,0,0,0,0,0,0,0,,0,0,0,13.0,1,1,0,,0,40 03:04.052,,0,75 11:27.214,3,0,0,0,67301,0,0,0,N,0,0,0,2,67301,0,,6,1,,N,N,,0,,1,0,0,0,0,,1345.0,1,2,0,0,0,0,0,3,4,0,2,3,,N,,,,,,,,,,,
2010048886,2107.0,1,0,0,1,0,0,0,0,0,4,0,,67,4,2010,4,39.9603,-75.1898,2104.0,6,0,0,0,0,0,0,0,0,,0,0,0,21.0,3,1,0,,0,39 57:37.134,,7,75 11:23.136,4,0,0,0,67301,1,0,0,N,0,0,0,2,67301,1,,1,9,,N,N,,0,,0,0,0,0,0,,2100.0,1,2,0,0,0,0,0,3,4,0,1,7,,N,,,,,,,,,,,