CRN,ARRIVAL_TM,AUTOMOBILE_COUNT,BELTED_DEATH_COUNT,BELTED_SUSP_SERIOUS_INJ_COUNT,BICYCLE_COUNT,BICYCLE_DEATH_COUNT,BICYCLE_SUSP_SERIOUS_INJ_COUNT,BUS_COUNT,CHLDPAS_DEATH_COUNT,CHLDPAS_SUSP_SERIOUS_INJ_COUNT,COLLISION_TYPE,COMM_VEH_COUNT,CONS_ZONE_SPD_LIM,COUNTY,CRASH_MONTH,CRASH_YEAR,DAY_OF_WEEK,DEC_LAT,DEC_LONG,DISPATCH_TM,DISTRICT,DRIVER_COUNT_16YR,DRIVER_COUNT_17YR,DRIVER_COUNT_18YR,DRIVER_COUNT_19YR,DRIVER_COUNT_20YR,DRIVER_COUNT_50_64YR,DRIVER_COUNT_65_74YR,DRIVER_COUNT_75PLUS,EST_HRS_CLOSED,FATAL_COUNT,HEAVY_TRUCK_COUNT,HORSE_BUGGY_COUNT,HOUR_OF_DAY,ILLUMINATION,INJURY_COUNT,INTERSECT_TYPE,INTERSECTION_RELATED,LANE_CLOSED,LATITUDE,LN_CLOSE_DIR,LOCATION_TYPE,LONGITUDE,MAX_SEVERITY_LEVEL,MCYCLE_DEATH_COUNT,MCYCLE_SUSP_SERIOUS_INJ_COUNT,MOTORCYCLE_COUNT,MUNICIPALITY,NONMOTR_COUNT,NONMOTR_DEATH_COUNT,NONMOTR_SUSP_SERIOUS_INJ_COUNT,NTFY_HIWY_MAINT,PED_COUNT,PED_DEATH_COUNT,PED_SUSP_SERIOUS_INJ_COUNT,PERSON_COUNT,POLICE_AGCY,POSSIBLE_INJ_COUNT,RDWY_SURF_TYPE_CD,RELATION_TO_ROAD,ROAD_CONDITION,ROADWAY_CLEARED,SCH_BUS_IND,SCH_ZONE_IND,SECONDARY_CRASH,SMALL_TRUCK_COUNT,SPEC_JURIS_CD,SUSP_MINOR_INJ_COUNT,SUSP_SERIOUS_INJ_COUNT,SUV_COUNT,TCD_FUNC_CD,TCD_TYPE,TFC_DETOUR_IND,TIME_OF_DAY,TOT_INJ_COUNT,TOTAL_UNITS,UNB_DEATH_COUNT,UNB_SUSP_SERIOUS_INJ_COUNT,UNBELTED_OCC_COUNT,UNK_INJ_DEG_COUNT,UNK_INJ_PER_COUNT,URBAN_AREA,URBAN_RURAL,VAN_COUNT,VEHICLE_COUNT,WEATHER1,WEATHER2,WORK_ZONE_IND,WORK_ZONE_LOC,WORK_ZONE_TYPE,WORKERS_PRES,WZ_CLOSE_DETOUR,WZ_FLAGGER,WZ_LAW_OFFCR_IND,WZ_LN_CLOSURE,WZ_MOVING,WZ_OTHER,WZ_SHLDER_MDN,WZ_WORKERS_INJ_KILLED
2010048906,1421.0,2,0,0,0,0,0,0,0,0,4,0,,67,4,2010,4,39.9597,-75.2352,1421.0,6,0,0,1,0,0,0,0,1,,0,0,0,14.0,1,1,5,,0,39 57:34.979,,0,75 14:06.596,4,0,0,0,67301,0,0,0,N,0,0,0,3,67301,1,,1,1,,N,N,,0,,0,0,0,3,2,,1405.0,1,2,0,0,0,0,0,3,4,0,2,3,,N,,,,,,,,,,,
2010054970,947.0,1,0,0,0,0,0,0,0,0,1,0,,67,6,2010,2,39.9751,-75.1944,938.0,6,0,0,0,0,0,0,0,0,,0,0,0,9.0,1,0,0,,0,39 58:34.398,,0,75 11:43.139,0,0,0,0,67301,0,0,0,N,0,0,0,3,68K01,0,,1,1,,N,N,,0,,0,0,1,0,0,,935.0,0,2,0,0,0,0,0,3,4,0,2,3,,N,,,,,,,,,,,
2010052492,1527.0,0,0,0,0,0,0,0,0,0,8,0,,67,4,2010,6,39.9298,-75.2284,1526.0,6,0,0,0,0,0,0,0,0,2.0,0,0,0,15.0,1,1,0,,2,39 55:47.211,6.0,0,75 13:42.139,2,0,0,0,67301,1,0,1,N,1,0,1,2,67301,0,,1,1,,N,N,,0,,0,1,1,0,0,Y,1524.0,1,2,0,0,0,0,0,3,4,0,1,3,,N,,,,,,,,,,,
2010052496,1729.0,3,0,0,0,0,0,0,0,0,4,0,,67,5,2010,3,39.9574,-75.1603,1721.0,6,0,0,0,0,0,0,0,0,,0,0,0,17.0,1,0,1,,0,39 57:26.564,,0,75 09:37.041,0,0,0,0,67301,0,0,0,N,0,0,0,4,67301,0,,1,1,,N,N,,0,,0,0,0,3,2,,1721.0,0,3,0,0,0,0,0,3,4,0,3,3,,N,,,,,,,,,,,
2010052243,106.0,1,0,0,0,0,0,0,0,0,4,0,,67,4,2010,1,40.0201,-75.0416,106.0,6,0,0,0,0,0,0,1,0,2.0,0,0,0,1.0,3,1,0,,2,40 01:12.276,5.0,0,75 02:30.051,4,0,0,0,67301,1,0,0,N,0,0,0,2,67301,1,,1,1,,N,N,,1,,0,0,0,0,0,Y,105.0,1,2,0,0,0,0,0,3,4,0,2,3,,N,,,,,,,,,,,
2010117702,2330.0,2,0,0,0,0,0,0,0,0,5,0,,67,11,2010,5,40.0367,-75.1904,2323.0,6,0,0,0,0,0,0,0,0,,0,0,0,23.0,3,3,0,,0,40 02:12.030,,0,75 11:25.334,3,0,0,0,67301,0,0,0,N,0,0,0,4,67301,0,,1,9,,N,N,,0,,3,0,1,0,0,,2323.0,3,3,0,0,0,0,0,3,4,0,3,3,,N,,,,,,,,,,,
2010117801,1332.0,0,0,0,0,0,0,0,0,0,7,0,,67,10,2010,5,40.0229,-75.1359,1330.0,6,0,0,0,0,0,0,0,0,1.0,0,0,0,13.0,1,1,2,,1,40 01:22.765,3.0,0,75 08:08.146,2,0,0,0,67301,0,0,0,,0,0,0,2,67301,0,,2,1,,N,N,,0,,0,1,0,0,0,N,1328.0,1,2,0,1,1,0,0,3,4,1,1,3,,N,,,,,,,,,,,
2010113777,1620.0,1,0,0,1,0,0,0,0,0,4,0,,67,11,2010,3,39.924,-75.1671,1616.0,6,0,0,0,0,0,0,0,0,,0,0,0,16.0,1,1,1,,0,39 55:25.281,,0,75 09:51.624,8,0,0,0,67301,1,0,0,N,0,0,0,2,67301,0,,1,1,,N,N,,0,,0,0,0,3,2,,1614.0,1,2,0,0,0,1,0,3,4,0,1,3,,N,,,,,,,,,,,
2010117144,2321.0,1,0,0,0,0,0,0,0,0,1,0,,67,11,2010,6,39.9753,-75.1947,2321.0,6,0,0,0,0,0,1,0,0,,0,0,0,23.0,3,1,6,,0,39 58:33.352,,2,75 11:43.008,4,0,0,0,67301,0,0,0,N,0,0,0,2,68K01,1,,1,1,,N,N,,1,,0,0,0,0,0,,2320.0,1,2,0,0,0,0,0,3,4,0,2,3,,N,,,,,,,,,,,
2010116357,1343.0,1,0,0,1,0,0,0,0,0,4,0,,67,9,2010,2,39.9543,-75.2139,1341.0,6,0,0,0,0,0,0,0,0,,0,0,0,13.0,1,1,1,,0,39 57:15.609,,0,75 12:50.083,4,0,0,0,67301,1,0,0,N,0,0,0,2,67301,1,,1,1,,N,N,,0,,0,0,0,3,3,,1341.0,1,2,0,0,0,0,0,3,4,0,1,3,,N,,,,,,,,,,,
2010125712,11.0,1,0,0,0,0,0,0,0,0,7,1,,67,12,2010,2,39.9807,-75.2061,9.0,6,0,0,0,0,0,0,0,0,1.0,0,1,0,0.0,3,1,0,,1,39 58:53.173,3.0,0,75 12:25.487,4,0,0,0,67301,0,0,0,N,0,0,0,2,68K01,1,,3,9,,N,N,,0,,0,0,0,0,0,N,7.0,1,2,0,0,0,0,0,3,4,0,2,7,,N,,,,,,,,,,,
2010086020,2124.0,2,0,0,0,0,0,0,0,0,4,0,,67,8,2010,4,39.9475,-75.1498,2122.0,6,0,0,0,0,0,0,0,0,,0,0,0,21.0,3,0,0,,0,39 56:51.178,,0,75 08:59.380,0,0,0,0,67301,0,0,0,N,0,0,0,2,67301,0,,1,1,,N,N,,0,,0,0,0,0,0,,2122.0,0,2,0,0,2,0,0,3,4,0,2,3,,N,,,,,,,,,,,
2010102993,2259.0,1,0,0,0,0,0,0,0,0,8,0,,67,9,2010,4,39.9948,-75.105,2254.0,6,0,0,0,0,0,1,0,0,,0,0,0,22.0,3,1,1,,0,39 59:41.391,,0,75 06:17.899,4,0,0,0,67301,1,0,0,N,1,0,0,2,67301,1,,1,1,,N,N,,0,,0,0,0,3,3,,2235.0,1,2,0,0,0,0,0,3,4,0,1,3,,N,,,,,,,,,,,
2010105681,9999.0,0,0,0,0,0,0,1,0,0,0,1,,67,8,2010,7,39.9497,-75.1425,9999.0,6,0,0,0,0,0,1,0,0,,1,0,0,12.0,1,0,0,,0,39 56:59.009,,0,75 08:33.116,1,0,0,0,67301,0,0,0,,0,0,0,2,67301,0,2.0,1,1,,N,N,,0,0.0,0,0,0,0,0,,1237.0,0,1,0,0,0,0,0,3,4,0,1,3,,N,,,,,,,,,,,
2010105682,901.0,2,0,0,0,0,0,0,0,0,1,0,,67,9,2010,2,40.0935,-74.9802,901.0,6,0,0,0,0,0,1,0,0,1.0,0,0,0,8.0,1,4,1,,1,40 05:36.611,1.0,0,74 58:48.599,3,0,0,0,67301,0,0,0,N,0,0,0,4,67301,2,,1,9,,N,N,,1,,1,0,0,3,2,N,859.0,4,3,0,0,2,1,0,3,4,0,3,7,,N,,,,,,,,,,,
2010125575,1620.0,1,0,1,0,0,0,0,0,0,5,1,,67,12,2010,6,39.9947,-75.084,1607.0,6,0,0,0,0,0,1,0,0,2.0,0,1,0,16.0,1,2,0,,2,39 59:40.699,2.0,0,75 05:02.649,2,0,0,0,67301,0,0,0,N,0,0,0,3,68K01,1,,1,1,,N,N,,0,,0,1,0,0,0,N,1602.0,2,2,0,0,0,0,0,3,4,0,2,3,,N,,,,,,,,,,,
2010103043,9999.0,1,0,0,0,0,0,0,0,0,1,0,,67,9,2010,1,39.9229,-75.1835,9999.0,6,0,0,0,0,0,0,0,0,,0,0,0,99.0,1,1,5,,0,39 55:23.845,,0,75 10:54.234,4,0,0,0,67301,0,0,0,N,0,0,0,2,67301,1,,1,1,,N,N,,1,,0,0,0,0,0,,9999.0,1,2,0,0,0,0,1,3,4,0,2,3,,N,,,,,,,,,,,
2010103062,1446.0,1,0,0,0,0,0,0,0,0,8,0,,67,9,2010,1,40.0016,-75.1528,1445.0,6,0,0,0,0,0,0,0,0,,0,0,0,14.0,1,1,1,,0,40 00:05.705,,0,75 09:10.074,3,0,0,0,67301,1,0,0,,1,0,0,2,67301,0,,1,1,,,,,0,,1,0,0,3,2,,1445.0,1,2,0,0,0,0,0,3,4,0,1,3,,N,,,,,,,,,,,
2010085541,720.0,1,0,0,0,0,0,0,0,0,7,0,45.0,67,9,2010,5,39.8856,-75.2091,712.0,6,0,0,0,1,0,0,0,0,1.0,0,0,0,7.0,1,1,0,,2,39 53:32.441,1.0,0,75 11:51.296,4,0,0,0,67301,0,0,0,N,0,0,0,2,68K01,1,,1,1,,N,N,,1,,0,0,0,0,0,Y,712.0,1,2,0,0,0,0,0,3,4,0,2,3,,Y,4.0,1.0,Y,N,N,N,Y,N,N,N,
2010125119,2345.0,1,0,0,0,0,0,0,0,0,4,0,,67,11,2010,7,40.0413,-75.158,2340.0,6,0,0,0,0,0,1,0,1,9.0,0,0,0,23.0,3,1,3,,1,40 02:28.579,4.0,0,75 09:28.736,4,0,0,0,67301,0,0,0,N,0,0,0,2,67301,1,,1,1,,N,N,,0,,0,0,0,0,0,N,2335.0,1,2,0,0,0,0,0,3,4,1,2,3,,N,,,,,,,,,,,
2010111486,946.0,1,0,0,0,0,0,0,0,0,4,0,,67,10,2010,5,40.0403,-75.0585,935.0,6,0,0,0,0,0,1,0,1,1.0,0,0,0,9.0,1,0,1,,1,40 02:25.164,1.0,0,75 03:30.735,0,0,0,0,67301,0,0,0,N,0,0,0,2,67301,0,,1,1,,N,N,,0,,0,0,1,3,2,N,934.0,0,2,0,0,0,0,0,3,4,0,2,3,,N,,,,,,,,,,,
2010037711,2205.0,0,0,0,0,0,0,0,0,0,8,0,,67,4,2010,4,40.0552,-75.1257,2205.0,6,0,0,0,0,0,0,0,0,3.0,1,0,0,22.0,3,0,0,,2,40 03:18.605,4.0,0,75 07:32.400,1,0,0,0,67301,1,1,0,N,1,1,0,2,46102,0,2.0,1,1,,N,N,,0,0.0,0,0,0,0,0,Y,2205.0,0,2,0,0,0,0,0,3,4,1,1,3,,N,,,,,,,,,,,
2010040369,1229.0,0,0,0,0,0,0,0,0,0,1,0,,67,4,2010,3,39.9363,-75.1444,1201.0,6,0,0,0,0,0,0,0,0,,0,0,0,11.0,1,1,0,,0,39 56:11.033,,0,75 08:39.620,4,0,0,0,67301,0,0,0,N,0,0,0,4,68K01,1,,1,9,,N,N,,1,,0,0,0,0,0,,1155.0,1,2,0,0,0,0,0,3,4,1,2,7,5.0,N,,,,,,,,,,,
2010040525,249.0,1,0,0,1,0,0,0,0,0,1,0,,67,3,2010,7,39.9496,-75.1997,249.0,6,0,0,0,0,0,0,0,0,,0,0,0,2.0,3,1,2,,0,39 56:58.586,,0,75 11:58.815,8,0,0,0,67301,1,0,0,N,0,0,0,4,67301,0,,1,9,,N,N,,0,,0,0,0,3,2,,249.0,1,2,0,0,0,1,1,3,4,0,1,7,,N,,,,,,,,,,,
2010048681,407.0,1,0,0,0,0,0,0,0,0,7,0,,67,4,2010,7,39.9363,-75.1939,405.0,6,0,0,0,0,0,0,0,0,,0,0,0,4.0,3,1,2,,0,39 56:10.582,,0,75 11:37.939,8,0,0,0,67301,0,0,0,N,0,0,0,2,67301,0,,4,1,,N,N,,0,,0,0,0,0,0,,405.0,1,1,0,0,1,1,0,3,4,0,1,3,,N,,,,,,,,,,,
2010058747,1338.0,1,0,0,0,0,0,0,0,0,4,0,,67,5,2010,4,39.9466,-75.246,1329.0,6,0,0,0,0,0,0,0,0,,0,0,0,13.0,1,1,1,,0,39 56:47.640,,0,75 14:45.765,8,0,0,0,67301,0,0,0,N,0,0,0,3,67301,0,,1,1,,N,N,,0,,0,0,1,3,2,,1328.0,1,2,0,0,0,1,0,3,4,0,2,98,,N,,,,,,,,,,,
2010070364,2345.0,1,0,0,0,0,0,0,0,0,1,1,,67,7,2010,4,40.0072,-75.2003,2334.0,6,0,0,0,0,0,1,0,0,2.0,0,1,0,23.0,3,0,0,,1,40 00:25.245,3.0,0,75 11:58.969,0,0,0,0,67301,0,0,0,N,0,0,0,2,68K01,0,,1,9,,N,N,,0,,0,0,0,0,0,N,2332.0,0,2,0,0,0,0,0,3,4,0,2,7,,N,,,,,,,,,,,
2010070066,1710.0,1,0,0,1,0,0,0,0,0,5,0,,67,6,2010,5,39.9615,-75.1513,1702.0,6,0,0,0,1,0,0,0,0,,0,0,0,16.0,1,1,1,,0,39 57:41.555,,0,75 09:04.825,8,0,0,0,67301,1,0,0,N,0,0,0,2,67301,0,,1,1,,N,N,,0,,0,0,0,3,2,,1650.0,1,2,0,0,0,1,0,3,4,0,1,3,,N,,,,,,,,,,,
2010070699,1550.0,0,0,0,0,0,0,0,0,0,0,0,,67,6,2010,5,39.995,-75.163,1546.0,6,0,0,0,0,0,0,0,0,,0,0,0,99.0,1,1,0,,0,39 59:42.112,,0,75 09:46.916,3,0,0,1,67301,0,0,0,,0,0,0,1,67301,0,,1,1,,,,,0,,1,0,0,0,0,,9999.0,1,1,0,0,0,0,0,3,4,0,1,3,,N,,,,,,,,,,,
2010052084,1400.0,2,0,0,0,0,0,0,0,0,4,0,,67,4,2010,7,39.9728,-75.1625,1351.0,6,0,0,0,1,0,0,0,0,,0,0,0,13.0,1,1,1,,0,39 58:22.126,,0,75 09:44.996,8,0,0,0,67301,0,0,0,N,0,0,0,4,67301,0,,1,1,,N,N,,0,,0,0,0,3,3,,1350.0,1,2,0,0,0,1,0,3,4,0,2,3,,N,,,,,,,,,,,
2010052477,1625.0,0,0,0,0,0,0,0,0,0,4,0,,67,5,2010,7,40.0789,-75.0834,1621.0,6,0,0,0,0,0,0,0,0,,0,0,0,16.0,1,1,2,,0,40 04:44.126,,0,75 05:00.394,4,0,0,1,67301,0,0,0,N,0,0,0,3,67301,1,,1,1,,N,N,,1,,0,0,0,3,3,,1620.0,1,2,0,0,0,0,0,3,4,0,2,3,,N,,,,,,,,,,,
2010052236,855.0,0,0,0,0,0,0,0,0,0,7,0,,67,5,2010,7,40.029,-75.2059,853.0,6,0,0,0,0,0,0,0,0,,0,0,0,8.0,1,1,0,,0,40 01:44.453,,0,75 12:21.321,3,0,0,0,67301,0,0,0,N,0,0,0,1,67301,0,,2,1,,N,N,,1,,1,0,0,0,0,,815.0,1,1,0,0,0,0,0,3,4,0,1,3,,N,,,,,,,,,,,
2010091128,1015.0,2,0,0,0,0,0,0,0,0,4,0,,67,8,2010,7,39.9491,-75.1557,1006.0,6,0,0,0,0,0,2,0,0,,0,0,0,9.0,1,0,1,,0,39 56:56.623,,0,75 09:20.444,0,0,0,0,67301,0,0,0,,0,0,0,4,67301,0,,1,1,,N,N,,0,,0,0,0,3,3,,954.0,0,2,0,0,0,0,0,3,4,0,2,3,,N,,,,,,,,,,,
2010087358,324.0,0,0,0,0,0,0,0,0,0,7,0,,67,8,2010,7,39.9731,-75.1222,321.0,6,0,0,0,0,0,0,0,0,,0,0,0,2.0,3,1,0,,0,39 58:23.110,,2,75 07:20.003,4,0,0,0,67301,0,0,0,N,0,0,0,1,68K01,1,,7,1,,N,N,,0,,0,0,1,0,0,,248.0,1,1,0,0,0,0,0,3,4,0,1,3,,N,,,,,,,,,,,
2010124595,903.0,1,0,0,0,0,0,0,0,0,7,0,,67,12,2010,1,39.9804,-75.2057,859.0,6,0,0,0,0,0,1,0,0,,0,0,0,8.0,1,1,0,,0,39 58:52.162,,0,75 12:24.379,8,0,0,0,67301,0,0,0,N,0,0,0,2,68K01,0,,2,9,,N,N,,0,,0,0,0,0,0,,855.0,1,1,0,0,0,1,0,3,4,0,1,7,,N,,,,,,,,,,,
2010094307,1655.0,0,0,0,0,0,0,0,0,0,8,0,,67,8,2010,2,39.9311,-75.1732,1652.0,6,0,0,0,0,0,0,1,0,,0,0,0,16.0,1,1,1,,0,39 55:51.967,,0,75 10:23.350,8,0,0,0,67301,1,0,0,N,1,0,0,2,67301,0,,1,1,,N,N,,0,,0,0,0,3,2,,1651.0,1,2,0,0,0,1,0,3,4,1,1,3,,N,,,,,,,,,,,
2010121852,2100.0,1,0,0,1,0,0,0,0,0,8,0,,67,11,2010,6,39.9626,-75.2131,2059.0,6,0,0,0,1,0,0,0,0,,0,0,0,20.0,3,1,0,,0,39 57:45.369,,0,75 12:45.994,4,0,0,0,67301,1,0,0,N,0,0,0,2,67301,1,,1,1,,N,N,,0,,0,0,0,0,0,,2056.0,1,2,0,0,0,0,0,3,4,0,1,3,,N,,,,,,,,,,,
2010121914,1559.0,2,0,0,0,0,0,0,0,0,1,0,,67,11,2010,2,39.9107,-75.1855,1540.0,6,0,0,0,0,0,0,1,0,,0,0,0,99.0,1,0,3,,0,39 54:38.481,,0,75 11:07.710,0,0,0,0,67301,0,0,0,N,0,0,0,2,67301,0,,1,1,,N,N,,0,,0,0,0,3,4,,9999.0,0,2,0,0,2,0,0,3,4,0,2,3,,N,,,,,,,,,,,
2010122454,1945.0,1,0,0,0,0,0,0,0,0,8,0,,67,11,2010,4,40.0182,-75.1109,1943.0,6,0,0,0,0,0,0,0,0,,0,0,0,19.0,3,1,1,,0,40 01:05.649,,0,75 06:39.103,3,0,0,0,67301,1,0,0,,1,0,0,2,67301,0,,1,1,,N,N,,0,,1,0,0,3,3,,1930.0,1,2,0,0,0,0,0,3,4,0,1,3,,N,,,,,,,,,,,
2010121731,1815.0,1,0,0,0,0,0,0,0,0,1,0,,67,12,2010,4,40.082,-74.9666,1810.0,6,0,0,0,0,0,0,1,0,,0,0,0,17.0,3,2,0,,0,40 04:55.120,,0,74 57:59.888,4,0,0,0,67301,0,0,0,N,0,0,0,4,67301,2,,1,1,,N,N,,0,,0,0,2,0,0,,1745.0,2,3,0,0,0,0,0,3,4,0,3,3,,N,,,,,,,,,,,
2010117130,522.0,1,0,0,0,0,0,0,0,0,7,0,,67,8,2010,7,39.9321,-75.1999,522.0,6,0,0,0,0,0,0,0,0,,0,0,0,5.0,3,0,3,,0,39 55:57.593,,0,75 12:00.133,9,0,0,0,67301,0,0,0,Y,0,0,0,1,68K01,0,,7,1,,N,N,,0,,0,0,0,0,0,,521.0,0,1,0,0,0,0,1,3,4,0,1,3,,N,,,,,,,,,,,
2010116319,850.0,2,0,0,0,0,0,0,0,0,1,0,,67,11,2010,6,39.9752,-75.1883,844.0,6,0,0,0,0,0,0,0,0,1.0,0,0,0,8.0,1,2,0,,1,39 58:30.634,6.0,0,75 11:17.764,4,0,0,0,67301,0,0,0,N,0,0,0,3,67301,2,,1,9,,N,N,,0,,0,0,0,3,2,N,840.0,2,2,0,0,0,0,0,3,4,0,2,7,,N,,,,,,,,,,,
2010111441,2345.0,2,0,0,0,0,0,0,0,0,1,0,,67,10,2010,2,40.0283,-75.1201,2338.0,6,0,0,0,0,0,1,0,0,,0,0,0,22.0,3,1,1,,0,40 01:41.801,,0,75 07:12.241,4,0,0,0,67301,0,0,0,N,0,0,0,3,67301,1,,1,9,,N,N,,1,,0,0,0,3,2,,2240.0,1,3,0,0,0,0,0,3,4,0,3,7,,N,,,,,,,,,,,
2010069789,1100.0,2,0,0,0,0,0,0,0,0,1,0,,67,6,2010,3,40.1118,-75.0012,1057.0,6,0,0,0,0,0,1,0,1,2.0,0,0,0,10.0,1,0,0,,1,40 06:42.403,4.0,0,75 00:04.401,0,0,0,0,67301,0,0,0,N,0,0,0,3,67301,0,,1,1,,N,N,,0,,0,0,0,0,0,N,1025.0,0,3,0,0,0,0,0,3,4,1,3,3,,N,,,,,,,,,,,
2010069270,9999.0,1,0,0,0,0,0,0,0,0,8,0,,67,6,2010,3,39.9185,-75.2418,9999.0,6,0,0,0,1,0,0,0,0,,0,0,0,99.0,1,1,1,,0,39 55:06.690,,0,75 14:30.530,8,0,0,0,67301,1,0,0,,1,0,0,2,67301,0,,1,1,,,,,0,,0,0,0,3,2,,9999.0,1,2,0,0,0,1,0,3,4,0,1,3,,N,,,,,,,,,,,
2010069849,1246.0,2,0,0,0,0,0,0,0,0,4,0,,67,6,2010,2,40.0651,-75.0613,1245.0,6,0,0,0,0,0,0,1,1,,0,0,0,12.0,1,0,1,,0,40 03:54.202,,0,75 03:40.771,0,0,0,0,67301,0,0,0,N,0,0,0,2,67301,0,,1,1,,N,N,,0,,0,0,0,3,2,,1235.0,0,2,0,0,0,0,0,3,4,0,2,3,,N,,,,,,,,,,,
2010061988,1850.0,1,0,0,0,0,0,0,0,0,6,0,,67,5,2010,6,39.9289,-75.2355,1833.0,6,0,0,0,0,0,0,0,0,,0,0,0,18.0,4,2,1,,0,39 55:43.884,,0,75 14:07.770,4,0,0,1,67301,0,0,0,,0,0,0,3,67301,2,,1,9,,,,,0,,0,0,0,3,2,,1830.0,2,2,0,0,0,0,1,3,4,0,2,7,,N,,,,,,,,,,,
2010081919,1740.0,0,0,0,1,0,0,1,0,0,5,1,,67,7,2010,5,39.9543,-75.1469,1738.0,6,0,0,0,0,0,0,0,0,,0,0,0,17.0,1,1,0,,0,39 57:15.381,,0,75 08:48.897,8,0,0,0,67301,1,0,0,N,0,0,0,2,67301,0,,1,1,,N,N,,0,,0,0,0,0,0,,1725.0,1,2,0,0,0,1,0,3,4,0,1,3,,N,,,,,,,,,,,
2010051531,109.0,2,0,0,0,0,0,0,0,0,5,0,,67,5,2010,1,39.9932,-75.2002,108.0,6,0,0,0,0,0,0,0,0,,0,0,0,1.0,3,0,0,,0,39 59:38.558,,0,75 11:57.061,0,0,0,0,67301,0,0,0,N,0,0,0,5,68K01,0,,1,9,,N,N,,0,,0,0,0,0,0,,106.0,0,2,0,0,0,0,0,3,4,0,2,7,,N,,,,,,,,,,,
2010069587,1010.0,0,0,0,1,0,0,0,0,0,5,0,,67,6,2010,4,39.9709,-75.1557,1006.0,6,0,0,0,0,0,0,0,0,,0,0,0,10.0,1,1,1,,0,39 58:15.703,,0,75 09:20.340,3,0,0,0,67301,1,0,0,,0,0,0,2,67301,0,,1,9,,,,,1,,1,0,0,3,2,,1002.0,1,2,0,0,0,0,0,3,4,0,1,3,,N,,,,,,,,,,,
2010069987,907.0,1,0,0,0,0,0,0,0,0,8,0,,67,6,2010,3,40.0334,-75.0239,855.0,6,0,0,0,0,0,1,0,0,,0,0,0,8.0,1,1,2,,0,40 02:00.390,,0,75 01:25.990,4,0,0,0,67301,1,0,0,,1,0,0,2,67301,1,,1,1,,N,N,,0,,0,0,0,3,3,,819.0,1,2,0,0,0,0,0,3,4,0,1,3,,N,,,,,,,,,,,
2010072569,1715.0,1,0,0,0,0,0,0,0,0,4,0,,67,6,2010,6,40.006,-75.0917,1710.0,6,0,0,0,0,0,1,0,0,,0,0,0,17.0,1,0,0,,0,40 00:21.637,,7,75 05:30.282,9,0,0,0,67301,0,0,0,,0,0,0,3,67301,0,,1,1,,,,,0,,0,0,1,0,0,,1703.0,0,2,0,0,0,0,2,3,4,0,2,3,,N,,,,,,,,,,,
2010067035,9999.0,2,0,0,0,0,0,0,0,0,5,0,,67,6,2010,3,39.9837,-75.1154,837.0,6,0,0,0,0,0,0,1,0,,0,0,0,99.0,1,0,0,,0,39 59:01.161,,0,75 06:55.576,0,0,0,0,67301,0,0,0,,0,0,0,1,67301,0,,1,1,,,,,0,,0,0,0,0,0,,9999.0,0,2,0,0,1,0,0,3,4,0,2,3,,N,,,,,,,,,,,
2010114296,27.0,2,0,0,0,0,0,0,0,0,4,0,,67,9,2010,2,40.0645,-75.0283,24.0,6,0,0,1,0,0,0,0,0,,0,0,0,0.0,3,0,2,,0,40 03:52.185,,0,75 01:41.941,0,0,0,0,67301,0,0,0,,0,0,0,2,67301,0,,1,1,,N,N,,0,,0,0,0,3,3,,24.0,0,2,0,0,0,0,0,3,4,0,2,3,,N,,,,,,,,,,,
2010114315,305.0,2,0,0,0,0,0,0,0,0,1,0,,67,10,2010,2,40.0227,-75.1367,302.0,6,0,0,0,0,0,0,0,0,2.0,0,0,0,3.0,3,2,1,,1,40 01:21.612,1.0,0,75 08:12.364,3,0,0,0,67301,0,0,0,,0,0,0,2,67301,0,,1,1,,N,N,,0,,1,0,0,3,2,N,301.0,2,2,0,0,0,1,0,3,4,0,2,3,,N,,,,,,,,,,,
2010111480,2043.0,0,0,0,0,0,0,0,0,0,2,0,,67,10,2010,6,40.0326,-75.2321,2036.0,6,0,0,1,0,0,0,0,0,,0,0,0,20.0,1,0,0,,0,40 01:57.439,,0,75 13:55.556,0,0,0,0,67301,0,0,0,,0,0,0,3,67301,0,,6,1,,,,,1,,0,0,1,0,0,,2035.0,0,2,0,0,3,0,0,3,4,0,2,3,,N,,,,,,,,,,,
2010114338,1240.0,1,0,0,0,0,0,0,0,0,8,0,,67,10,2010,7,40.0721,-75.033,1240.0,6,0,0,0,0,0,0,1,0,,0,0,0,12.0,1,1,2,,0,40 04:19.712,,0,75 01:58.660,4,0,0,0,67301,1,0,0,,1,0,0,2,67301,1,,1,1,,N,N,,0,,0,0,0,3,2,,1240.0,1,2,0,0,0,0,0,3,4,0,1,3,,N,,,,,,,,,,,
2010037539,1425.0,2,0,0,0,0,0,0,0,0,1,0,,67,4,2010,6,40.0211,-75.041,1414.0,6,0,0,0,0,0,0,0,0,1.0,0,0,0,14.0,1,0,0,,2,40 01:18.558,1.0,0,75 02:20.581,0,0,0,0,67301,0,0,0,N,0,0,0,3,68K01,0,,1,1,,N,N,,0,,0,0,0,0,0,N,1410.0,0,2,0,0,0,0,0,3,4,0,2,3,,N,,,,,,,,,,,