CRN,ARRIVAL_TM,AUTOMOBILE_COUNT,BELTED_DEATH_COUNT,BELTED_SUSP_SERIOUS_INJ_COUNT,BICYCLE_COUNT,BICYCLE_DEATH_COUNT,BICYCLE_SUSP_SERIOUS_INJ_COUNT,BUS_COUNT,CHLDPAS_DEATH_COUNT,CHLDPAS_SUSP_SERIOUS_INJ_COUNT,COLLISION_TYPE,COMM_VEH_COUNT,CONS_ZONE_SPD_LIM,COUNTY,CRASH_MONTH,CRASH_YEAR,DAY_OF_WEEK,DEC_LAT,DEC_LONG,DISPATCH_TM,DISTRICT,DRIVER_COUNT_16YR,DRIVER_COUNT_17YR,DRIVER_COUNT_18YR,DRIVER_COUNT_19YR,DRIVER_COUNT_20YR,DRIVER_COUNT_50_64YR,DRIVER_COUNT_65_74YR,DRIVER_COUNT_75PLUS,EST_HRS_CLOSED,FATAL_COUNT,HEAVY_TRUCK_COUNT,HORSE_BUGGY_COUNT,HOUR_OF_DAY,ILLUMINATION,INJURY_COUNT,INTERSECT_TYPE,INTERSECTION_RELATED,LANE_CLOSED,LATITUDE,LN_CLOSE_DIR,LOCATION_TYPE,LONGITUDE,MAX_SEVERITY_LEVEL,MCYCLE_DEATH_COUNT,MCYCLE_SUSP_SERIOUS_INJ_COUNT,MOTORCYCLE_COUNT,MUNICIPALITY,NONMOTR_COUNT,NONMOTR_DEATH_COUNT,NONMOTR_SUSP_SERIOUS_INJ_COUNT,NTFY_HIWY_MAINT,PED_COUNT,PED_DEATH_COUNT,PED_SUSP_SERIOUS_INJ_COUNT,PERSON_COUNT,POLICE_AGCY,POSSIBLE_INJ_COUNT,RDWY_SURF_TYPE_CD,RELATION_TO_ROAD,ROAD_CONDITION,ROADWAY_CLEARED,SCH_BUS_IND,SCH_ZONE_IND,SECONDARY_CRASH,SMALL_TRUCK_COUNT,SPEC_JURIS_CD,SUSP_MINOR_INJ_COUNT,SUSP_SERIOUS_INJ_COUNT,SUV_COUNT,TCD_FUNC_CD,TCD_TYPE,TFC_DETOUR_IND,TIME_OF_DAY,TOT_INJ_COUNT,TOTAL_UNITS,UNB_DEATH_COUNT,UNB_SUSP_SERIOUS_INJ_COUNT,UNBELTED_OCC_COUNT,UNK_INJ_DEG_COUNT,UNK_INJ_PER_COUNT,URBAN_AREA,URBAN_RURAL,VAN_COUNT,VEHICLE_COUNT,WEATHER1,WEATHER2,WORK_ZONE_IND,WORK_ZONE_LOC,WORK_ZONE_TYPE,WORKERS_PRES,WZ_CLOSE_DETOUR,WZ_FLAGGER,WZ_LAW_OFFCR_IND,WZ_LN_CLOSURE,WZ_MOVING,WZ_OTHER,WZ_SHLDER_MDN,WZ_WORKERS_INJ_KILLED
2010068123,1238.0,1,0,0,0,0,0,0,0,0,1,0,,67,6,2010,4,39.998,-75.2332,1236.0,6,0,0,0,0,0,0,0,0,,0,0,0,12.0,1,1,1,,0,39 59:52.806,,0,75 13:59.531,4,0,0,0,67301,0,0,0,N,0,0,0,2,46104,1,,1,1,,N,N,,0,,0,0,1,3,3,,1234.0,1,2,0,0,0,0,0,3,4,0,2,3,,N,,,,,,,,,,,
2010048692,2235.0,2,0,0,0,0,0,0,0,0,4,0,,67,4,2010,1,39.9752,-75.2325,2230.0,6,0,0,0,0,1,1,0,0,,0,0,0,22.0,3,1,1,,0,39 58:30.752,,0,75 13:56.956,4,0,0,0,67301,0,0,0,N,0,0,0,4,67301,1,,1,1,,N,N,,0,,0,0,0,3,3,,2214.0,1,2,0,0,0,0,0,3,4,0,2,3,,N,,,,,,,,,,,
2010048693,1645.0,2,0,0,0,0,0,0,0,0,4,0,,67,5,2010,1,40.0507,-75.1486,1640.0,6,0,0,0,0,1,1,0,0,,0,0,0,16.0,1,2,1,,0,40 03:02.656,,0,75 08:55.144,4,0,0,0,67301,0,0,0,,0,0,0,5,67301,2,,1,1,,N,N,,0,,0,0,0,3,2,,1603.0,2,2,0,0,0,0,0,3,4,0,2,3,,N,,,,,,,,,,,
2010046188,2038.0,1,0,0,0,0,0,0,0,0,7,0,,67,5,2010,3,39.9572,-75.1576,2038.0,6,0,0,0,0,0,1,0,0,1.0,0,0,0,20.0,3,1,0,,1,39 57:25.979,3.0,0,75 09:27.423,4,0,0,0,67301,0,0,0,N,0,0,0,1,68K01,1,,2,9,,N,N,,0,,0,0,0,0,0,N,2026.0,1,1,0,0,0,0,0,3,4,0,1,7,,N,,,,,,,,,,,
2010058759,259.0,2,0,0,0,0,0,0,0,0,5,0,,67,5,2010,1,40.0218,-75.1396,248.0,6,0,0,0,0,0,0,0,0,2.0,0,0,0,2.0,3,3,0,,1,40 01:18.006,1.0,0,75 08:23.416,4,0,0,0,67301,0,0,0,N,0,0,0,4,67301,3,,1,9,,N,N,,0,,0,0,0,0,0,N,245.0,3,2,0,0,0,0,0,3,4,0,2,7,,N,,,,,,,,,,,
2010058766,147.0,2,0,0,0,0,0,0,0,0,4,0,,67,4,2010,6,39.9575,-75.2173,145.0,6,0,0,0,0,0,0,0,0,3.0,0,0,0,1.0,3,5,1,,2,39 57:27.032,7.0,0,75 13:02.345,4,0,0,0,67301,0,0,0,N,0,0,0,5,67301,5,,1,1,,N,N,,0,,0,0,0,3,2,Y,140.0,5,2,0,0,2,0,0,3,4,0,2,3,,N,,,,,,,,,,,
2010058794,315.0,0,0,0,0,0,0,0,0,0,7,0,,67,5,2010,1,40.0039,-75.2207,307.0,6,0,0,0,0,0,0,0,0,3.0,0,0,0,3.0,3,0,1,,1,40 00:14.091,1.0,0,75 13:14.544,0,0,0,0,67301,0,0,0,N,0,0,0,1,67301,0,,5,1,,N,N,,0,,0,0,1,2,2,N,300.0,0,1,0,0,0,0,0,3,4,0,1,3,,N,,,,,,,,,,,
2010060946,1757.0,0,0,0,0,0,0,0,0,0,1,0,,67,6,2010,5,39.9002,-75.1581,1722.0,6,0,0,0,0,0,0,0,0,,0,0,0,17.0,1,0,0,,0,39 54:04.173,,0,75 09:09.598,0,0,0,0,67301,0,0,0,N,0,0,0,2,68K01,0,,1,1,,N,N,,1,,0,0,0,0,0,,1716.0,0,2,0,0,0,0,0,3,4,1,2,3,,N,,,,,,,,,,,
2010060567,1130.0,3,0,0,0,0,0,0,0,0,4,0,,67,6,2010,7,40.0277,-75.11,1124.0,6,0,0,0,0,0,1,0,0,2.0,0,0,0,11.0,1,2,1,,2,40 01:39.836,6.0,0,75 06:35.867,3,0,0,0,67301,0,0,0,N,0,0,0,9,67301,0,,1,1,,N,N,,1,,2,0,1,3,2,Y,1123.0,2,5,0,0,3,0,0,3,4,0,5,3,,N,,,,,,,,,,,
2010070712,1625.0,2,0,0,0,0,0,0,0,0,5,0,,67,6,2010,2,40.0866,-75.0361,1614.0,6,0,0,0,0,0,1,0,0,,0,0,0,16.0,1,1,0,,0,40 05:11.662,,0,75 02:10.135,8,0,0,0,67301,0,0,0,N,0,0,0,3,67301,0,,1,1,,N,N,,0,,0,0,0,0,0,,1605.0,1,2,0,0,0,1,0,3,4,0,2,3,,N,,,,,,,,,,,
2010070786,44.0,1,0,0,0,0,0,0,0,0,8,0,,67,6,2010,6,39.9517,-75.1641,2316.0,6,0,0,0,0,0,0,0,0,,0,0,0,23.0,3,1,0,,0,39 57:05.936,,0,75 09:50.329,8,0,0,0,67301,1,0,0,N,1,0,0,2,67301,0,,1,1,,N,N,,0,,0,0,0,0,0,,2300.0,1,2,0,0,0,1,0,3,4,0,1,3,,N,,,,,,,,,,,
2010062696,1312.0,2,0,0,0,0,0,0,0,0,1,0,,67,5,2010,3,40.0425,-75.1292,1308.0,6,0,0,0,0,0,0,0,0,,0,0,0,13.0,1,1,1,,0,40 02:33.169,,0,75 07:44.993,4,0,0,0,67301,0,0,0,N,0,0,0,2,67301,1,,1,1,,N,N,,0,,0,0,0,3,2,,1301.0,1,2,0,0,2,0,0,3,4,0,2,3,,N,,,,,,,,,,,
2010068379,910.0,2,0,0,0,0,0,0,0,0,1,0,,67,7,2010,4,39.9598,-75.1772,850.0,6,0,0,0,0,0,0,0,0,,0,0,0,8.0,1,2,0,,0,39 57:35.911,,0,75 10:42.928,8,0,0,0,67301,0,0,0,N,0,0,0,3,68K01,0,,1,1,,N,N,,0,,0,0,0,0,0,,846.0,2,2,0,0,0,2,0,3,4,0,2,3,,N,,,,,,,,,,,
2010048912,2103.0,0,0,0,0,0,0,0,0,0,5,0,,67,4,2010,2,40.0301,-75.0352,2103.0,6,0,0,0,0,0,1,0,0,,0,0,0,21.0,3,1,1,,0,40 01:48.464,,0,75 02:06.579,4,0,0,0,67301,0,0,0,,0,0,0,2,67301,1,,1,1,,N,N,,1,,0,0,1,3,2,,2103.0,1,2,0,0,0,0,0,3,4,0,2,3,,N,,,,,,,,,,,
2010117803,1600.0,1,0,0,0,0,0,0,0,0,5,0,,67,10,2010,2,39.9608,-75.1426,1558.0,6,0,0,0,0,1,1,0,0,,0,0,0,15.0,1,0,1,,0,39 57:39.001,,0,75 08:34.269,0,0,0,0,67301,0,0,0,N,0,0,0,4,67301,0,,1,1,,,N,,0,,0,0,0,3,2,,1550.0,0,2,0,0,0,0,0,3,4,1,2,3,,N,,,,,,,,,,,
2010117815,1038.0,2,0,0,0,0,0,0,0,0,5,0,,67,11,2010,4,39.9619,-75.1912,1034.0,6,0,0,0,0,0,0,1,0,2.0,0,0,0,10.0,1,0,0,,1,39 57:42.690,2.0,0,75 11:28.380,0,0,0,0,67301,0,0,0,N,0,0,0,1,67301,0,,6,1,,N,N,,0,,0,0,1,0,0,N,1034.0,0,4,0,0,0,0,0,3,4,1,4,3,,N,,,,,,,,,,,
2010116273,1921.0,1,0,0,0,0,0,0,0,0,7,0,,67,11,2010,1,40.009,-75.0678,1920.0,6,0,0,0,0,0,1,0,0,1.0,0,0,0,19.0,3,1,0,,1,40 00:32.507,1.0,0,75 04:03.731,4,0,0,0,67301,0,0,0,N,0,0,0,1,68K01,1,,2,1,,N,N,,0,,0,0,0,0,0,N,1919.0,1,1,0,0,0,0,0,3,4,0,1,5,,N,,,,,,,,,,,
2010116313,1650.0,2,0,0,0,0,0,0,0,0,2,0,,67,10,2010,1,39.998,-75.2331,1630.0,6,0,0,0,0,0,0,0,0,,0,0,0,14.0,1,1,0,,0,39 59:52.961,,7,75 13:59.202,4,0,0,0,67301,0,0,0,N,0,0,0,2,67301,1,,1,1,,N,N,,0,,0,0,0,0,0,,1400.0,1,2,0,0,0,0,1,3,4,0,2,3,,N,,,,,,,,,,,
2010116314,759.0,1,0,0,0,0,0,1,0,0,1,1,,67,10,2010,2,39.9805,-75.2471,754.0,6,0,0,0,0,0,0,0,0,2.0,0,0,0,7.0,1,8,0,,2,39 58:49.746,3.0,0,75 14:49.711,4,0,0,0,67301,0,0,0,N,0,0,0,15,67301,8,,6,1,,Y,N,,1,,0,0,0,0,0,Y,731.0,8,3,0,0,0,0,0,3,4,0,3,3,,N,,,,,,,,,,,
2010117139,112.0,1,0,0,0,0,0,0,0,0,7,0,,67,10,2010,1,39.9915,-75.2032,112.0,6,0,0,0,0,0,0,0,0,2.0,0,0,0,1.0,3,1,0,,1,39 59:31.666,3.0,0,75 12:07.249,4,0,0,0,67301,0,0,0,N,0,0,0,3,68K01,1,,3,1,,N,N,,0,,0,0,0,0,0,N,112.0,1,1,0,0,1,0,0,3,4,0,1,3,,N,,,,,,,,,,,
2010111443,742.0,0,0,0,0,0,0,0,0,0,4,0,,67,9,2010,5,39.9334,-75.2405,237.0,6,0,0,0,0,0,0,0,0,9.0,0,0,0,7.0,1,0,0,,1,39 56:00.074,5.0,0,75 14:25.776,0,0,0,0,67301,0,0,0,,0,0,0,3,67301,0,,1,9,,,,,1,,0,0,1,0,0,N,700.0,0,2,0,0,0,0,0,3,4,0,2,7,,N,,,,,,,,,,,
2010111453,1335.0,1,0,0,0,0,0,0,0,0,8,0,,67,10,2010,4,39.9961,-75.154,1336.0,6,0,0,0,0,0,0,0,0,,0,0,0,13.0,1,1,0,,0,39 59:46.035,,0,75 09:14.350,2,0,0,0,67301,1,0,1,N,1,0,1,2,67301,0,,1,1,,N,N,,0,,0,1,0,0,0,,1325.0,1,2,0,0,0,0,0,3,4,0,1,3,,N,,,,,,,,,,,
2010114070,1157.0,1,0,0,0,0,0,0,0,0,4,0,,67,10,2010,2,40.0772,-75.0852,1151.0,6,0,0,0,0,1,1,0,0,,0,0,0,11.0,1,1,5,,0,40 04:37.796,,0,75 05:06.825,4,0,0,0,67301,0,0,0,,0,0,0,2,67301,1,,1,1,,N,N,,1,,0,0,0,3,2,,1149.0,1,2,0,0,0,0,0,3,4,0,2,3,,N,,,,,,,,,,,
2010116796,1441.0,1,0,0,0,0,0,0,0,0,1,0,,67,11,2010,5,39.9518,-75.141,1431.0,6,0,0,0,0,0,1,0,0,,0,0,0,14.0,1,1,0,,0,39 57:06.899,,0,75 08:27.598,8,0,0,0,67301,0,0,0,N,0,0,0,5,68K01,0,,1,9,,N,N,,0,,0,0,1,0,0,,1430.0,1,2,0,0,0,1,0,3,4,0,2,7,,N,,,,,,,,,,,
2010069781,454.0,0,0,0,0,0,0,0,0,0,7,0,,67,6,2010,5,40.0403,-75.0584,449.0,6,0,0,0,0,0,0,0,0,3.0,0,0,0,4.0,3,1,1,,2,40 02:24.861,1.0,0,75 03:30.268,2,0,0,0,67301,0,0,0,N,0,0,0,1,67301,0,,2,1,,N,N,,0,,0,1,1,0,0,Y,448.0,1,1,0,1,1,0,0,3,4,0,1,3,,N,,,,,,,,,,,
2010056554,943.0,1,0,0,0,0,0,0,0,0,1,0,,67,6,2010,3,39.9839,-75.0971,942.0,6,0,0,0,0,0,0,0,1,1.0,0,0,0,9.0,1,1,0,,1,39 59:01.947,2.0,0,75 05:49.755,8,0,0,0,67301,0,0,0,N,0,0,0,2,68K01,0,,1,1,,N,N,,0,,0,0,1,0,0,N,937.0,1,2,0,0,0,1,0,3,4,0,2,3,,N,,,,,,,,,,,
2010056559,553.0,0,0,0,0,0,0,0,0,0,5,0,,67,6,2010,6,39.9914,-75.2032,547.0,6,0,0,0,0,0,0,0,0,2.0,0,0,0,5.0,5,1,0,,1,39 59:31.218,4.0,0,75 12:06.902,4,0,0,0,67301,0,0,0,N,0,0,0,2,68K01,1,,1,1,,N,N,,1,,0,0,1,0,0,N,543.0,1,2,0,0,0,0,0,3,4,0,2,3,,N,,,,,,,,,,,
2010074449,235.0,0,0,0,0,0,0,0,0,0,8,0,,67,7,2010,4,40.006,-75.0933,230.0,6,0,0,0,0,0,0,0,0,,0,0,0,2.0,3,1,1,,0,40 00:21.451,,0,75 05:35.746,8,0,0,0,67301,1,0,0,N,1,0,0,2,67301,0,,1,1,,N,N,,0,,0,0,0,3,2,,200.0,1,2,0,0,0,1,1,3,4,0,1,3,,N,,,,,,,,,,,
2010074526,1326.0,1,0,0,0,0,0,0,0,0,8,0,,67,6,2010,3,39.9144,-75.153,1325.0,6,0,0,0,0,0,0,0,0,9.0,0,0,0,13.0,1,1,0,,2,39 54:51.860,3.0,0,75 09:10.623,3,0,0,0,67301,1,0,0,,1,0,0,6,67301,0,,1,1,,,,,0,,1,0,0,0,0,Y,1323.0,1,2,0,0,0,0,0,3,4,0,1,3,,N,,,,,,,,,,,
2010081943,1310.0,1,0,0,0,0,0,0,0,0,4,1,,67,7,2010,3,40.0078,-75.1727,1301.0,6,0,0,0,0,0,0,0,0,2.0,0,1,0,13.0,1,3,0,,2,40 00:27.921,6.0,0,75 10:21.602,4,0,0,0,67301,0,0,0,N,0,0,0,4,67301,3,,1,1,,N,N,,0,,0,0,0,0,0,Y,1300.0,3,2,0,0,0,0,0,3,4,0,2,3,,N,,,,,,,,,,,
2010081963,9999.0,2,0,0,0,0,0,0,0,0,4,0,,67,7,2010,6,40.0369,-75.1451,1632.0,6,0,0,0,0,0,0,0,0,,0,0,0,99.0,1,1,1,,0,40 02:12.961,,0,75 08:42.306,8,0,0,0,67301,0,0,0,N,0,0,0,3,67301,0,,1,1,,N,N,,0,,0,0,0,3,2,,9999.0,1,2,0,0,1,1,0,3,4,0,2,3,,N,,,,,,,,,,,
2010069576,1900.0,2,0,0,0,0,0,0,0,0,4,0,,67,6,2010,5,39.9956,-75.1675,1856.0,6,0,1,0,0,0,0,0,0,,0,0,0,99.0,3,1,1,,0,39 59:44.213,,0,75 10:03.144,3,0,0,0,67301,0,0,0,,0,0,0,3,67301,0,,1,1,,N,,,0,,1,0,0,3,2,,9999.0,1,2,0,0,0,0,0,3,4,0,2,3,,N,,,,,,,,,,,
2010081749,2333.0,1,0,0,0,0,0,0,0,0,4,1,,67,7,2010,4,39.9459,-75.2403,2331.0,6,0,0,0,0,0,0,0,0,,0,1,0,23.0,3,0,0,,0,39 56:45.089,,0,75 14:25.018,0,0,0,0,67301,0,0,0,N,0,0,0,2,67301,0,,1,9,,N,N,,0,,0,0,0,0,0,,2320.0,0,2,0,0,1,0,0,3,4,0,2,7,,N,,,,,,,,,,,
2010081759,1415.0,1,0,0,0,0,0,0,0,0,4,0,,67,7,2010,3,40.0517,-75.1503,1400.0,6,0,0,0,1,0,0,0,0,,0,0,0,99.0,1,3,1,,0,40 03:05.569,,0,75 09:00.387,8,0,0,0,67301,0,0,0,,0,0,0,6,67301,0,,4,1,,N,N,,0,,0,0,1,3,2,,9999.0,3,2,0,0,0,3,0,3,4,0,2,3,,N,,,,,,,,,,,
2010081816,645.0,2,0,0,0,0,0,0,0,0,5,0,,67,7,2010,6,40.0506,-75.0515,628.0,6,0,0,0,0,0,0,0,0,1.0,0,0,0,6.0,1,0,0,,2,40 03:02.181,2.0,0,75 03:05.228,9,0,0,0,67301,0,0,0,N,0,0,0,5,67301,0,,1,1,,N,N,,0,,0,0,0,0,0,N,628.0,0,3,0,0,0,0,2,3,4,1,3,3,,N,,,,,,,,,,,
2010069952,2201.0,2,0,0,0,0,0,0,0,0,6,0,,67,6,2010,5,39.9244,-75.1696,2200.0,6,0,0,0,1,0,0,0,0,,0,0,0,22.0,3,1,1,,0,39 55:27.728,,0,75 10:10.600,4,0,0,0,67301,0,0,0,N,0,0,0,5,67301,1,,1,1,,N,N,,0,,0,0,0,3,2,,2200.0,1,2,0,0,0,0,0,3,4,0,2,3,,N,,,,,,,,,,,
2010063932,1539.0,2,0,0,0,0,0,0,0,0,1,0,,67,7,2010,5,40.0258,-75.1235,1532.0,6,0,0,0,0,0,0,0,0,1.0,0,0,0,15.0,1,1,1,,2,40 01:32.799,2.0,0,75 07:24.507,4,0,0,0,67301,0,0,0,N,0,0,0,2,67301,1,,1,1,,N,N,,0,,0,0,0,3,2,N,1531.0,1,2,0,0,0,0,0,3,4,0,2,3,,N,,,,,,,,,,,
2010074627,1234.0,3,0,0,0,0,0,0,0,0,4,0,,67,6,2010,4,40.0414,-75.0283,1234.0,6,0,0,0,0,0,0,0,0,2.0,0,0,0,12.0,1,2,1,,2,40 02:28.908,7.0,0,75 01:41.719,8,0,0,0,67301,0,0,0,N,0,0,0,4,67301,0,,1,9,,N,N,,0,,0,0,0,3,2,Y,1234.0,2,3,0,0,0,2,0,3,4,0,3,7,,N,,,,,,,,,,,
2010088764,344.0,1,0,0,0,0,0,0,0,0,7,0,,67,8,2010,7,40.053,-75.0502,340.0,6,0,0,0,0,0,0,0,0,2.0,0,0,0,3.0,3,1,0,,2,40 03:10.626,1.0,0,75 03:00.555,8,0,0,0,67301,0,0,0,N,0,0,0,2,67301,0,,5,1,,N,N,,0,,0,0,0,0,0,Y,335.0,1,1,0,0,0,1,0,3,4,0,1,3,,N,,,,,,,,,,,
2010086028,1140.0,1,0,0,0,0,0,0,0,0,1,0,,67,8,2010,3,40.0082,-75.1404,1136.0,6,0,0,0,0,0,0,1,0,,0,0,0,11.0,1,1,0,,0,40 00:29.352,,0,75 08:25.546,4,0,0,0,67301,0,0,0,,0,0,0,3,67301,1,,1,1,,,,,1,,0,0,0,0,0,,1136.0,1,2,0,0,0,0,0,3,4,0,2,3,,N,,,,,,,,,,,
2010088827,710.0,0,0,0,0,0,0,0,0,0,8,0,,67,8,2010,3,39.989,-75.1729,651.0,6,0,0,0,0,0,0,0,0,,0,0,0,99.0,1,1,0,,0,39 59:20.547,,0,75 10:22.306,4,0,0,0,67301,1,0,0,N,1,0,0,2,67301,1,,1,1,,N,N,,0,,0,0,1,0,0,,9999.0,1,2,0,0,0,0,0,3,4,0,1,3,,N,,,,,,,,,,,
2010090326,2004.0,0,0,0,0,0,0,0,0,0,7,0,,67,9,2010,1,39.9475,-75.1419,1959.0,6,0,0,0,0,1,0,0,0,2.0,0,0,0,19.0,3,0,0,,2,39 56:51.512,1.0,0,75 08:30.761,0,0,0,0,67301,0,0,0,N,0,0,0,2,68K01,0,,2,9,,N,N,,1,,0,0,0,0,0,N,1957.0,0,1,0,0,0,0,0,3,4,0,1,7,,N,,,,,,,,,,,
2010099738,2142.0,2,0,0,0,0,0,0,0,0,1,0,,67,9,2010,6,39.9886,-75.0941,2138.0,6,0,0,0,0,0,0,0,0,,0,0,0,21.0,3,0,0,,0,39 59:18.903,,0,75 05:38.627,0,0,0,0,67301,0,0,0,N,0,0,0,4,67301,0,,1,1,,N,N,,0,,0,0,0,0,0,,2138.0,0,2,0,0,0,0,0,3,4,0,2,3,,N,,,,,,,,,,,
2010125708,2258.0,1,0,0,0,0,0,0,0,0,7,0,,67,12,2010,1,39.963,-75.1396,2251.0,6,0,0,0,0,0,0,0,0,1.0,0,0,0,22.0,3,0,0,,2,39 57:50.727,2.0,2,75 08:19.303,0,0,0,0,67301,0,0,0,N,0,0,0,1,68K01,0,,5,9,,N,N,,0,,0,0,0,0,0,N,2242.0,0,1,0,0,0,0,0,3,4,0,1,7,,N,,,,,,,,,,,
2010102300,807.0,0,0,0,0,0,0,0,0,0,7,0,,67,10,2010,2,39.8894,-75.24,802.0,6,0,0,0,0,0,0,0,0,,0,0,0,7.0,1,0,0,,0,39 53:28.419,,3,75 14:14.440,0,0,0,0,67301,0,0,0,N,0,0,0,1,68K01,0,,2,1,,N,N,,0,,0,0,1,0,0,,757.0,0,1,0,0,0,0,0,3,4,0,1,3,,N,,,,,,,,,,,
2010086022,1105.0,1,0,0,0,0,0,0,0,0,1,0,,67,7,2010,6,40.0659,-75.1593,1105.0,6,0,0,0,0,0,0,0,0,,0,0,0,99.0,1,1,1,,0,40 03:57.346,,0,75 09:33.410,8,0,0,0,67301,0,0,0,,0,0,0,3,67301,0,,1,1,,N,N,,0,,0,0,1,3,2,,9999.0,1,2,0,0,1,1,0,3,4,0,2,3,,N,,,,,,,,,,,
2010103066,2354.0,2,0,0,0,0,0,0,0,0,1,0,,67,9,2010,7,39.9359,-75.2341,2353.0,6,0,0,0,0,0,0,0,0,,0,0,0,23.0,3,1,1,,0,39 56:09.092,,0,75 14:02.846,8,0,0,0,67301,0,0,0,N,0,0,0,4,67301,0,,1,1,,N,N,,0,,0,0,0,9,2,,2352.0,1,2,0,0,0,1,0,3,4,0,2,3,,N,,,,,,,,,,,
2010103067,1515.0,2,0,0,0,0,0,0,0,0,1,0,,67,9,2010,7,40.0001,-75.1531,1500.0,6,0,0,0,0,0,0,0,0,,0,0,0,14.0,1,2,0,,0,40 00:00.519,,0,75 09:11.201,8,0,0,0,67301,0,0,0,N,0,0,0,3,67301,0,,1,1,,N,N,,0,,0,0,1,0,0,,1440.0,2,3,0,0,0,2,0,3,4,0,3,3,,N,,,,,,,,,,,
2010103088,929.0,0,0,0,1,0,0,0,0,0,4,0,,67,9,2010,5,40.0453,-75.088,910.0,6,0,0,0,0,0,0,0,0,,0,0,0,9.0,1,1,0,,0,40 02:43.157,,7,75 05:16.670,4,0,0,0,67301,1,0,0,,0,0,0,2,67301,1,,4,1,,,,,0,,0,0,0,3,2,,910.0,1,2,0,0,0,0,0,3,4,1,1,3,,N,,,,,,,,,,,
2010117932,800.0,2,0,0,0,0,0,0,0,0,4,0,,67,10,2010,4,40.0429,-75.1722,716.0,6,0,0,0,0,0,1,0,0,,0,0,0,7.0,1,1,1,,0,40 02:34.512,,0,75 10:19.919,8,0,0,0,67301,1,0,0,,1,0,0,3,67301,0,,1,1,,,,,0,,0,0,0,3,2,,705.0,1,3,0,0,0,1,0,3,4,0,2,3,,N,,,,,,,,,,,
2010117695,941.0,1,0,0,0,0,0,0,0,0,4,0,,67,10,2010,7,39.9373,-75.1767,941.0,6,0,0,0,0,0,1,0,0,2.0,0,0,0,9.0,1,0,1,,2,39 56:14.190,1.0,0,75 10:36.127,0,0,0,0,67301,0,0,0,N,0,0,0,2,67301,0,,1,1,,N,N,,1,,0,0,0,3,3,Y,939.0,0,2,0,0,1,0,0,3,4,0,2,3,,N,,,,,,,,,,,
2010114333,1701.0,1,0,0,0,0,0,0,0,0,4,0,,67,10,2010,1,40.0398,-75.0325,1658.0,6,0,0,0,0,0,1,0,0,2.0,0,0,0,16.0,1,2,0,,2,40 02:23.218,1.0,7,75 01:56.946,8,0,0,1,67301,0,0,0,N,0,0,0,2,67301,0,,1,1,,N,N,,0,,0,0,0,0,0,N,1655.0,2,2,0,0,0,2,0,3,4,0,2,3,,N,,,,,,,,,,,
2010114807,139.0,0,0,0,0,0,0,0,0,0,4,0,,67,11,2010,1,40.0567,-75.0469,137.0,6,0,0,0,0,0,0,1,0,2.0,0,0,0,1.0,3,2,1,,1,40 03:24.250,7.0,0,75 02:48.711,3,0,0,0,67301,0,0,0,N,0,0,0,3,67301,1,,1,9,,N,N,,0,,1,0,2,3,3,N,136.0,2,2,0,0,0,0,0,3,4,0,2,3,,N,,,,,,,,,,,
2010111481,2040.0,2,0,0,0,0,0,0,0,0,5,0,,67,10,2010,6,40.0008,-75.142,2039.0,6,0,1,0,0,0,0,0,0,1.0,0,0,0,20.0,3,1,0,,1,40 00:02.882,1.0,0,75 08:31.313,4,0,0,0,67301,0,0,0,,0,0,0,1,67301,1,,1,1,,,,,0,,0,0,0,0,0,Y,2038.0,1,2,0,0,0,0,0,3,4,0,2,3,,N,,,,,,,,,,,
2010012406,1447.0,2,0,0,0,0,0,0,0,0,7,0,,67,1,2010,2,40.0671,-75.0622,1443.0,6,0,0,0,0,0,0,1,0,,0,0,0,14.0,1,1,2,,0,40 04:01.387,,0,75 03:43.833,8,0,0,0,67301,0,0,0,,0,0,0,2,67301,0,,4,1,,N,N,,0,,0,0,0,3,3,,1442.0,1,2,0,0,0,1,0,3,4,0,2,3,,N,,,,,,,,,,,
2010005380,736.0,1,0,0,0,0,0,0,0,0,7,0,,67,1,2010,1,39.958,-75.1403,725.0,6,0,0,0,0,0,0,0,0,,0,0,0,7.0,5,0,0,,0,39 57:24.054,,2,75 08:30.896,0,0,0,0,67301,0,0,0,N,0,0,0,2,68K01,0,,4,1,,N,N,,0,,0,0,0,0,0,,722.0,0,1,0,0,0,0,0,3,4,0,1,3,,N,,,,,,,,,,,
2010037099,711.0,1,0,0,0,0,0,0,0,0,1,0,,67,4,2010,3,40.0251,-75.0295,652.0,6,0,0,0,0,0,1,0,0,,0,0,0,6.0,1,0,0,,0,40 01:30.299,,0,75 01:46.046,0,0,0,0,67301,0,0,0,N,0,0,0,2,68K01,0,,1,1,,N,N,,0,,0,0,1,0,0,,642.0,0,2,0,0,0,0,0,3,4,0,2,3,,N,,,,,,,,,,,
2010040519,206.0,1,0,0,0,0,0,0,0,0,8,0,,67,3,2010,6,39.9787,-75.1578,206.0,6,0,0,0,0,0,0,0,0,,0,0,0,99.0,3,1,1,,0,39 58:43.230,,0,75 09:28.092,2,0,0,0,67301,1,0,1,N,1,0,1,2,67505,0,,1,1,,N,N,,0,,0,1,0,3,2,,9999.0,1,2,0,0,1,0,0,3,4,0,1,3,,N,,,,,,,,,,,
2010040522,830.0,1,0,0,1,0,0,0,0,0,8,0,,67,3,2010,2,39.9505,-75.1929,830.0,6,0,0,0,0,0,0,0,0,,0,0,0,8.0,1,1,0,,0,39 57:01.674,,0,75 11:34.450,8,0,0,0,67301,1,0,0,N,0,0,0,2,67301,0,,1,1,,N,N,,0,,0,0,0,0,0,,830.0,1,2,0,0,0,1,0,3,4,0,1,3,,N,,,,,,,,,,,