CRN,ARRIVAL_TM,AUTOMOBILE_COUNT,BELTED_DEATH_COUNT,BELTED_SUSP_SERIOUS_INJ_COUNT,BICYCLE_COUNT,BICYCLE_DEATH_COUNT,BICYCLE_SUSP_SERIOUS_INJ_COUNT,BUS_COUNT,CHLDPAS_DEATH_COUNT,CHLDPAS_SUSP_SERIOUS_INJ_COUNT,COLLISION_TYPE,COMM_VEH_COUNT,CONS_ZONE_SPD_LIM,COUNTY,CRASH_MONTH,CRASH_YEAR,DAY_OF_WEEK,DEC_LAT,DEC_LONG,DISPATCH_TM,DISTRICT,DRIVER_COUNT_16YR,DRIVER_COUNT_17YR,DRIVER_COUNT_18YR,DRIVER_COUNT_19YR,DRIVER_COUNT_20YR,DRIVER_COUNT_50_64YR,DRIVER_COUNT_65_74YR,DRIVER_COUNT_75PLUS,EST_HRS_CLOSED,FATAL_COUNT,HEAVY_TRUCK_COUNT,HORSE_BUGGY_COUNT,HOUR_OF_DAY,ILLUMINATION,INJURY_COUNT,INTERSECT_TYPE,INTERSECTION_RELATED,LANE_CLOSED,LATITUDE,LN_CLOSE_DIR,LOCATION_TYPE,LONGITUDE,MAX_SEVERITY_LEVEL,MCYCLE_DEATH_COUNT,MCYCLE_SUSP_SERIOUS_INJ_COUNT,MOTORCYCLE_COUNT,MUNICIPALITY,NONMOTR_COUNT,NONMOTR_DEATH_COUNT,NONMOTR_SUSP_SERIOUS_INJ_COUNT,NTFY_HIWY_MAINT,PED_COUNT,PED_DEATH_COUNT,PED_SUSP_SERIOUS_INJ_COUNT,PERSON_COUNT,POLICE_AGCY,POSSIBLE_INJ_COUNT,RDWY_SURF_TYPE_CD,RELATION_TO_ROAD,ROAD_CONDITION,ROADWAY_CLEARED,SCH_BUS_IND,SCH_ZONE_IND,SECONDARY_CRASH,SMALL_TRUCK_COUNT,SPEC_JURIS_CD,SUSP_MINOR_INJ_COUNT,SUSP_SERIOUS_INJ_COUNT,SUV_COUNT,TCD_FUNC_CD,TCD_TYPE,TFC_DETOUR_IND,TIME_OF_DAY,TOT_INJ_COUNT,TOTAL_UNITS,UNB_DEATH_COUNT,UNB_SUSP_SERIOUS_INJ_COUNT,UNBELTED_OCC_COUNT,UNK_INJ_DEG_COUNT,UNK_INJ_PER_COUNT,URBAN_AREA,URBAN_RURAL,VAN_COUNT,VEHICLE_COUNT,WEATHER1,WEATHER2,WORK_ZONE_IND,WORK_ZONE_LOC,WORK_ZONE_TYPE,WORKERS_PRES,WZ_CLOSE_DETOUR,WZ_FLAGGER,WZ_LAW_OFFCR_IND,WZ_LN_CLOSURE,WZ_MOVING,WZ_OTHER,WZ_SHLDER_MDN,WZ_WORKERS_INJ_KILLED
2010068137,1354.0,2,0,0,0,0,0,0,0,0,1,0,,67,7,2010,2,40.0089,-75.2103,1352.0,6,0,0,0,0,0,1,1,0,,0,0,0,13.0,1,2,0,,0,40 00:31.483,,0,75 12:38.113,8,0,0,0,67301,0,0,0,N,0,0,0,3,46104,0,,1,1,,N,N,,0,,0,0,0,0,0,,1352.0,2,2,0,0,0,2,0,3,4,0,2,3,,N,,,,,,,,,,,
2010048658,9999.0,2,0,0,0,0,0,0,0,0,1,0,,67,5,2010,2,40.0521,-75.1418,1710.0,6,0,0,0,0,0,3,0,0,,0,0,0,17.0,1,0,1,,0,40 03:07.621,,99,75 08:30.380,0,0,0,0,67301,0,0,0,N,0,0,0,3,67301,0,,1,1,,N,N,,0,,0,0,0,3,2,,1710.0,0,3,0,0,0,0,0,3,4,1,3,3,,N,,,,,,,,,,,
2010060940,40.0,2,0,0,0,0,0,0,0,0,1,0,,67,6,2010,2,39.9679,-75.1902,36.0,6,0,0,0,0,0,0,0,0,2.0,0,0,0,0.0,3,1,0,,1,39 58:04.566,3.0,0,75 11:25.112,4,0,0,0,67301,0,0,0,N,0,0,0,2,68K01,1,,1,1,,N,N,,0,,0,0,0,0,0,Y,25.0,1,2,0,0,0,0,0,3,4,0,2,3,,N,,,,,,,,,,,
2010058740,2255.0,1,0,0,0,0,0,0,0,0,7,0,,67,5,2010,3,40.0004,-75.1998,2250.0,6,0,0,0,0,0,0,0,0,,0,0,0,22.0,2,0,0,,0,40 00:01.490,,0,75 11:59.150,0,0,0,0,67301,0,0,0,N,0,0,0,1,67301,0,,5,9,,N,N,,0,,0,0,0,0,0,,2205.0,0,1,0,0,0,0,0,3,4,0,1,3,,N,,,,,,,,,,,
2010070787,9999.0,1,0,0,0,0,0,0,0,0,1,0,,67,6,2010,1,40.0169,-75.1495,1330.0,6,0,0,0,0,0,0,0,0,,0,0,0,13.0,1,1,1,,0,40 01:00.896,,0,75 08:58.458,3,0,0,0,67301,0,0,0,,0,0,0,3,67301,0,,1,1,,,,,0,,1,0,1,3,2,,1330.0,1,2,0,0,0,0,0,3,4,0,2,3,,N,,,,,,,,,,,
2010048887,1008.0,1,0,0,0,0,0,0,0,0,4,1,,67,4,2010,2,39.9707,-75.2146,1004.0,6,0,0,0,0,0,1,0,0,2.0,0,1,0,10.0,1,1,2,,2,39 58:14.439,6.0,0,75 12:52.337,8,0,0,0,67301,0,0,0,N,0,0,0,3,67301,0,,1,9,,N,N,,0,,0,0,0,0,0,Y,1000.0,1,2,0,0,0,1,0,3,4,0,2,7,,N,,,,,,,,,,,
2010048937,1815.0,1,0,0,0,0,0,0,0,0,1,0,,67,4,2010,1,40.029,-75.1061,1759.0,6,0,0,0,0,0,0,1,0,,0,0,0,17.0,1,1,2,,0,40 01:44.341,,0,75 06:21.815,8,0,0,0,67301,0,0,0,N,0,0,0,2,67301,0,,1,1,,N,N,,0,,0,0,0,3,2,,1745.0,1,2,0,0,1,1,0,3,4,1,2,3,,N,,,,,,,,,,,
2010052121,349.0,1,0,0,0,0,0,0,0,0,5,0,,67,5,2010,1,40.0136,-75.0685,330.0,6,0,0,0,0,0,0,0,0,3.0,0,0,0,3.0,3,1,5,,2,40 00:48.913,2.0,0,75 04:06.725,3,0,0,0,67301,0,0,0,N,0,0,0,3,67301,0,,1,1,,N,N,,0,,1,0,2,0,0,Y,329.0,1,3,0,0,0,0,0,3,4,0,3,3,,N,,,,,,,,,,,
2010052133,1050.0,1,0,0,0,0,0,0,0,0,1,0,,67,5,2010,4,39.9226,-75.1852,1047.0,6,0,0,0,0,0,2,0,0,,0,0,0,10.0,1,3,1,,0,39 55:22.566,,0,75 11:00.310,8,0,0,0,67301,0,0,0,N,0,0,0,5,67301,0,,1,1,,N,N,,1,,0,0,1,3,2,,1015.0,3,3,0,0,0,3,0,3,4,0,3,3,,N,,,,,,,,,,,
2010052448,200.0,2,0,0,0,0,0,0,0,0,1,0,,67,5,2010,6,40.0123,-75.1616,200.0,6,0,0,0,0,0,0,0,0,,0,0,0,2.0,3,4,0,,0,40 00:44.209,,0,75 09:41.802,4,0,0,0,67301,0,0,0,N,0,0,0,4,67301,2,,1,1,,N,N,,0,,0,0,0,9,2,,200.0,4,2,0,0,0,2,0,3,4,0,2,3,,N,,,,,,,,,,,
2010052248,1752.0,1,0,0,0,0,0,0,0,0,1,0,,67,4,2010,2,39.9196,-75.191,1729.0,6,0,0,0,0,0,1,1,0,,0,0,0,17.0,1,1,6,,0,39 55:10.381,,2,75 11:27.652,3,0,0,0,67301,0,0,0,,0,0,0,4,67301,0,,1,9,,,,,0,,1,0,2,0,0,,1727.0,1,3,0,0,0,0,0,3,4,0,3,7,,N,,,,,,,,,,,
2010117870,1743.0,1,0,0,0,0,0,0,0,0,4,0,,67,11,2010,3,40.1259,-75.0145,1732.0,6,0,0,0,0,0,0,1,0,,0,0,0,17.0,1,1,0,,0,40 07:33.155,,0,75 00:52.058,4,0,0,1,67301,0,0,0,,0,0,0,3,67301,1,,1,1,,,,,0,,0,0,0,0,0,,1720.0,1,3,0,0,0,0,0,3,4,1,3,3,,N,,,,,,,,,,,
2010122432,1230.0,1,0,0,0,0,0,0,0,0,5,0,,67,11,2010,6,40.0247,-75.0545,1230.0,6,0,0,0,0,0,0,0,0,1.0,0,0,0,12.0,1,0,1,,1,40 01:28.770,1.0,0,75 03:16.227,0,0,0,0,67301,0,0,0,,0,0,0,2,67301,0,,1,1,,,,,0,,0,0,1,3,2,N,1220.0,0,2,0,0,0,0,0,3,4,0,2,3,,N,,,,,,,,,,,
2010113781,320.0,0,0,0,0,0,0,0,0,0,0,0,,67,10,2010,1,40.0178,-75.1677,311.0,6,0,0,0,0,0,0,0,0,,0,0,0,3.0,2,0,0,,0,40 01:03.972,,2,75 10:03.551,0,0,0,0,67301,0,0,0,N,0,0,0,1,67301,0,,1,1,,N,N,,1,,0,0,0,0,0,,311.0,0,1,0,0,0,0,0,3,4,0,1,3,,N,,,,,,,,,,,
2010113790,849.0,1,0,1,0,0,0,0,0,0,4,1,,67,10,2010,4,39.9197,-75.1445,845.0,6,0,0,0,0,0,0,0,1,9.0,0,1,0,8.0,1,1,0,,2,39 55:10.819,7.0,0,75 08:40.081,2,0,0,0,67301,0,0,0,N,0,0,0,1,67301,0,,1,1,,N,N,,0,,0,1,0,0,0,Y,845.0,1,2,0,0,0,0,0,3,4,0,2,3,,N,,,,,,,,,,,
2010117136,210.0,1,0,0,0,0,0,0,0,0,7,0,,67,10,2010,7,40.0025,-75.195,210.0,6,0,0,0,0,0,0,0,0,2.0,0,0,0,2.0,3,0,0,,2,40 00:08.645,3.0,0,75 11:41.998,0,0,0,0,67301,0,0,0,N,0,0,0,1,68K01,0,,4,1,,N,N,,0,,0,0,0,0,0,N,209.0,0,1,0,0,0,0,0,3,4,0,1,3,,N,,,,,,,,,,,
2010116328,1809.0,2,0,0,0,0,0,0,0,0,4,0,,67,11,2010,2,39.9709,-75.1557,1807.0,6,0,0,0,0,1,0,0,0,,0,0,0,18.0,2,0,1,,0,39 58:15.735,,0,75 09:20.593,0,0,0,0,67301,0,0,0,,0,0,0,3,67301,0,,1,9,,,,,0,,0,0,0,3,2,,1800.0,0,2,0,0,0,0,0,3,4,0,2,7,,N,,,,,,,,,,,
2010114067,56.0,0,0,0,0,0,0,0,0,0,4,0,,67,10,2010,3,40.0202,-75.1141,46.0,6,0,0,0,0,0,0,0,0,,0,0,0,23.0,3,4,1,,0,40 01:12.877,,0,75 06:50.707,4,0,0,0,67301,0,0,0,,0,0,0,4,67301,4,,1,1,,N,N,,0,,0,0,1,3,2,,2315.0,4,2,0,0,0,0,0,3,4,1,2,3,,N,,,,,,,,,,,
2010074524,1531.0,0,0,0,0,0,0,0,0,0,4,0,,67,7,2010,3,39.9181,-75.2093,1326.0,6,0,0,0,0,0,1,0,0,,0,0,0,15.0,1,0,1,,0,39 55:05.315,,0,75 12:33.105,0,0,0,0,67301,0,0,0,N,0,0,0,3,67301,0,,1,1,,N,N,,0,,0,0,2,3,2,,1500.0,0,2,0,0,0,0,0,3,4,0,2,3,,N,,,,,,,,,,,
2010081949,135.0,1,0,0,0,0,0,0,0,0,4,0,,67,7,2010,4,40.0115,-75.0698,131.0,6,0,0,0,0,0,1,0,0,,0,0,0,23.0,3,1,1,,0,40 00:42.017,,0,75 04:11.475,4,0,0,0,67301,0,0,0,N,0,0,0,2,67301,1,,1,9,,N,N,,0,,0,0,0,3,2,,2330.0,1,2,0,0,0,0,0,3,4,1,2,7,,N,,,,,,,,,,,
2010061932,1950.0,1,0,0,0,0,0,0,0,0,8,0,,67,5,2010,1,40.0258,-75.1379,1950.0,6,0,0,0,0,0,0,1,0,,0,0,0,19.0,1,1,0,,0,40 01:32.956,,0,75 08:16.340,4,0,0,0,67301,1,0,0,N,1,0,0,2,67301,1,,1,1,,N,N,,0,,0,0,0,0,0,,1940.0,1,2,0,0,0,0,0,3,4,0,1,3,,N,,,,,,,,,,,
2010061939,1550.0,1,0,0,0,0,0,0,0,0,1,0,,67,5,2010,2,39.9383,-75.1986,1545.0,6,0,0,0,0,0,1,0,0,,0,0,0,15.0,1,0,1,,0,39 56:18.878,,0,75 11:54.439,0,0,0,0,67301,0,0,0,N,0,0,0,5,67301,0,,1,1,,N,N,,0,,0,0,1,3,2,,1540.0,0,2,0,0,0,0,0,3,4,0,2,3,,N,,,,,,,,,,,
2010060218,1211.0,1,0,0,0,0,0,0,0,0,4,0,,67,5,2010,6,39.9702,-75.2286,1211.0,6,0,0,0,0,0,0,0,0,,0,0,0,99.0,1,1,1,,0,39 58:12.601,,0,75 13:42.801,8,0,0,0,67301,0,0,0,N,0,0,0,2,67301,0,,1,1,,N,N,,0,,0,0,1,3,3,,9999.0,1,2,0,0,0,1,0,3,4,0,2,3,,N,,,,,,,,,,,
2010060258,142.0,2,0,0,0,0,0,0,0,0,4,0,,67,5,2010,7,39.9282,-75.1507,140.0,6,0,0,1,0,0,0,0,0,,0,0,0,1.0,3,2,1,,0,39 55:41.368,,0,75 09:02.516,4,0,0,0,67301,0,0,0,Y,0,0,0,5,67301,1,,1,9,,N,N,,0,,0,0,0,3,2,,136.0,2,2,0,0,0,1,0,3,4,0,2,3,,N,,,,,,,,,,,
2010060279,817.0,1,0,0,0,0,0,0,0,0,4,1,,67,5,2010,2,40.0766,-75.2075,817.0,6,0,0,0,0,0,0,0,0,,0,1,0,7.0,1,0,2,,0,40 04:35.073,,0,75 12:25.468,0,0,0,0,67301,0,0,0,N,0,0,0,5,67301,0,,1,1,,N,N,,0,,0,0,0,3,2,,742.0,0,2,0,0,0,0,0,3,4,0,2,3,,N,,,,,,,,,,,
2010066023,1057.0,2,0,0,0,0,0,1,0,0,1,1,,67,7,2010,3,40.0487,-75.0516,1050.0,6,0,0,0,0,0,1,0,0,2.0,0,0,0,10.0,1,2,2,,2,40 02:55.266,2.0,0,75 03:05.832,8,0,0,0,67301,0,0,0,N,0,0,0,9,67301,0,,1,9,,N,N,,0,,0,0,0,0,0,N,1045.0,2,3,0,0,0,2,0,3,4,0,3,7,,N,,,,,,,,,,,
2010057909,1708.0,0,0,0,0,0,0,0,0,0,5,0,,67,5,2010,5,39.9939,-75.0939,1705.0,6,0,0,1,0,0,0,0,0,,0,0,0,17.0,1,1,0,,0,39 59:38.105,,0,75 05:38.043,8,0,0,2,67301,0,0,0,N,0,0,0,2,67301,0,,1,1,,N,N,,0,,0,0,0,0,0,,1703.0,1,2,0,0,0,1,0,3,4,0,2,3,,N,,,,,,,,,,,
2010039260,954.0,2,0,0,0,0,0,0,0,0,4,0,,67,3,2010,3,40.041,-75.1412,952.0,6,0,0,0,0,0,0,0,0,1.0,0,0,0,9.0,1,1,1,,1,40 02:27.600,6.0,0,75 08:28.413,3,0,0,0,67301,0,0,0,N,0,0,0,2,67301,0,,1,1,,N,N,,0,,1,0,0,3,3,Y,920.0,1,2,0,0,0,0,0,3,4,0,2,3,,N,,,,,,,,,,,
2010039262,1848.0,1,0,0,0,0,0,0,0,0,8,0,,67,3,2010,7,40.0294,-75.2062,1844.0,6,0,0,0,0,0,0,0,0,,0,0,0,18.0,3,1,0,,0,40 01:45.989,,0,75 12:22.432,4,0,0,0,67301,1,0,0,,1,0,0,2,67301,1,,1,9,,,,,0,,0,0,0,0,0,,1836.0,1,2,0,0,0,0,0,3,4,0,1,7,,N,,,,,,,,,,,
2010029608,1041.0,0,0,0,0,0,0,0,0,0,1,0,,67,3,2010,2,39.9809,-75.2065,1040.0,6,0,0,0,0,0,0,0,0,,0,0,0,10.0,1,1,0,,0,39 58:54.327,,0,75 12:26.520,4,0,0,0,67301,0,0,0,N,0,0,0,2,68K01,1,,1,1,,N,N,,1,,0,0,1,0,0,,1036.0,1,2,0,0,0,0,0,3,4,0,2,3,,N,,,,,,,,,,,
2010032812,1525.0,1,0,0,0,0,0,0,0,0,4,0,,67,3,2010,2,40.0255,-75.172,1520.0,6,0,0,0,0,0,0,0,0,,0,0,0,99.0,1,1,0,,0,40 01:31.716,,0,75 10:19.290,4,0,0,0,67301,1,0,0,N,1,0,0,2,67601,1,,1,1,,N,Y,,0,,0,0,0,0,0,,9999.0,1,2,0,0,0,0,0,3,4,0,1,3,,N,,,,,,,,,,,
2010026588,1440.0,1,0,0,0,0,0,0,0,0,1,0,,67,3,2010,2,39.9731,-75.1202,1436.0,6,0,0,0,0,0,1,0,0,2.0,0,0,0,14.0,1,3,0,,2,39 58:26.402,1.0,0,75 07:08.169,4,0,0,0,67301,0,0,0,N,0,0,0,4,68K01,2,,1,1,,N,N,,0,,0,0,1,0,0,N,1433.0,3,2,0,0,0,1,0,3,4,0,2,3,,N,,,,,,,,,,,
2010099746,1754.0,1,0,0,0,0,0,1,0,0,4,1,,67,9,2010,6,40.0304,-75.1803,1753.0,6,0,0,0,0,0,0,0,0,,0,0,0,17.0,1,1,1,,0,40 01:49.440,,0,75 10:49.133,4,0,0,0,67301,0,0,0,N,0,0,0,3,67301,1,,1,1,,N,N,,0,,0,0,0,3,2,,1751.0,1,2,0,0,0,0,0,3,4,0,2,3,,N,,,,,,,,,,,
2010118062,914.0,2,0,0,0,0,0,0,0,0,5,0,,67,10,2010,5,40.0354,-75.025,912.0,6,0,0,0,0,0,0,1,0,,0,0,0,9.0,1,1,0,,0,40 02:07.355,,0,75 01:29.990,8,0,0,0,67301,0,0,0,N,0,0,0,2,67301,0,,1,9,,,N,,0,,0,0,0,0,0,,900.0,1,2,0,0,1,1,0,3,4,0,2,3,,N,,,,,,,,,,,
2010099837,1701.0,0,0,0,0,0,0,0,0,0,8,0,,67,9,2010,7,39.9917,-75.119,1700.0,6,0,0,0,0,0,0,0,0,,0,0,0,18.0,1,1,0,,0,39 59:29.940,,0,75 07:08.389,8,0,0,0,67301,1,0,0,,1,0,0,2,67301,0,,1,1,,,,,0,,0,0,0,0,0,,1800.0,1,2,0,0,0,1,0,3,4,0,1,3,,N,,,,,,,,,,,
2010110746,1635.0,0,0,0,0,0,0,0,0,0,8,0,,67,10,2010,6,39.9541,-75.1966,1630.0,6,0,0,0,0,0,0,0,0,,0,0,0,16.0,1,1,2,,0,39 57:14.904,,0,75 11:47.788,3,0,0,0,67301,1,0,0,N,1,0,0,2,67301,0,,1,1,,N,N,,0,,1,0,0,3,3,,1630.0,1,2,0,0,0,0,0,3,4,0,1,3,,N,,,,,,,,,,,
2010112914,27.0,1,0,0,0,0,0,0,0,0,7,0,,67,11,2010,4,40.026,-75.1221,24.0,6,0,0,0,0,0,0,0,0,3.0,0,0,0,0.0,3,0,0,,1,40 01:33.497,4.0,0,75 07:19.523,0,0,0,0,67301,0,0,0,N,0,0,0,1,67301,0,,3,9,,N,N,,0,,0,0,0,0,0,N,22.0,0,1,0,0,0,0,0,3,4,0,1,7,,N,,,,,,,,,,,
2010102484,2320.0,1,0,0,1,0,0,0,0,0,4,0,,67,9,2010,7,40.0545,-75.0711,2315.0,6,0,0,0,0,0,0,0,0,,0,0,0,23.0,3,1,0,,0,40 03:16.190,,7,75 04:16.130,3,0,0,0,67301,1,0,0,N,0,0,0,2,67301,0,,1,1,,N,N,,0,,1,0,0,0,0,,2314.0,1,2,0,0,0,0,0,3,4,0,1,3,,N,,,,,,,,,,,
2010102499,1532.0,3,0,0,0,0,0,0,0,0,1,0,,67,9,2010,1,39.955,-75.21,1527.0,6,0,0,0,0,0,0,1,0,,0,0,0,14.0,1,5,1,,0,39 57:18.159,,0,75 12:35.977,4,0,0,0,67301,0,0,0,N,0,0,0,6,67301,3,,1,1,,N,N,,0,,0,0,0,3,2,,1455.0,5,3,0,0,0,2,0,3,4,0,3,3,,N,,,,,,,,,,,
2010118407,1420.0,1,0,0,0,0,0,0,0,0,4,0,,67,11,2010,1,39.9577,-75.1624,1415.0,6,0,0,0,1,0,0,0,0,2.0,0,0,0,14.0,1,1,5,,2,39 57:27.542,7.0,2,75 09:44.544,4,0,0,0,67301,0,0,0,N,0,0,0,3,67301,1,,1,1,,N,N,,1,,0,0,0,2,2,Y,1415.0,1,2,0,0,1,0,0,3,4,0,2,3,,N,,,,,,,,,,,
2010105095,1009.0,2,0,0,0,0,0,0,0,0,4,0,,67,9,2010,5,39.9492,-75.2353,1007.0,6,0,0,0,0,0,1,1,0,,0,0,0,10.0,1,2,1,,0,39 56:57.098,,0,75 14:07.234,3,0,0,0,67301,0,0,0,N,0,0,0,3,67301,1,,1,9,,N,Y,,0,,1,0,0,3,3,,1005.0,2,2,0,0,1,0,0,3,4,0,2,7,,N,,,,,,,,,,,
2010102639,1406.0,2,0,0,0,0,0,0,0,0,4,0,,67,7,2010,4,39.9633,-75.2385,1404.0,6,0,0,0,0,0,0,0,0,3.0,0,0,0,99.0,1,4,1,,2,39 57:47.872,5.0,0,75 14:18.509,4,0,0,0,67301,0,0,0,,0,0,0,5,67301,4,,1,1,,N,N,,0,,0,0,0,3,2,Y,9999.0,4,2,0,0,0,0,0,3,4,0,2,3,,N,,,,,,,,,,,
2010118457,2005.0,1,0,0,0,0,0,0,0,0,4,0,,67,10,2010,7,39.912,-75.1505,2001.0,6,0,0,0,0,0,0,0,0,,0,0,0,20.0,3,2,2,,0,39 54:43.260,,2,75 09:01.765,4,0,0,0,67301,0,0,0,N,0,0,0,3,67301,2,,1,1,,N,N,,0,,0,0,0,3,2,,2000.0,2,2,0,0,0,0,0,3,4,1,2,3,,N,,,,,,,,,,,
2010094643,2231.0,2,0,0,0,0,0,0,0,0,5,0,,67,10,2010,7,,,2227.0,6,0,0,0,0,0,2,0,0,2.0,0,0,0,22.0,3,0,0,,1,,4.0,3,,0,0,0,0,67301,0,0,0,N,0,0,0,4,67501,0,,1,1,,N,N,,0,,0,0,0,3,8,N,2227.0,0,2,0,0,0,0,0,3,3,0,2,3,,N,,,,,,,,,,,
2010034171,1430.0,1,0,0,0,0,0,0,0,0,4,0,,67,3,2010,4,39.9103,-75.1509,1415.0,6,0,0,0,0,0,1,0,1,1.0,0,0,0,14.0,1,0,1,,1,39 54:37.276,2.0,2,75 09:03.431,0,0,0,0,67301,0,0,0,N,0,0,0,2,67301,0,,1,1,,N,N,,0,,0,0,1,3,2,Y,1410.0,0,2,0,0,0,0,0,3,4,0,2,3,,N,,,,,,,,,,,
2010036542,1331.0,0,0,0,0,0,0,0,0,0,1,0,,67,4,2010,5,39.9572,-75.1517,1325.0,6,0,0,0,0,0,1,0,0,,0,0,0,13.0,1,0,0,,0,39 57:26.002,,0,75 09:06.069,0,0,0,0,67301,0,0,0,N,0,0,0,3,68K01,0,,1,1,,N,N,,0,,0,0,1,0,0,,1323.0,0,2,0,0,0,0,0,3,4,1,2,3,,N,,,,,,,,,,,
2010091253,354.0,1,0,0,0,0,0,0,0,0,7,0,,67,8,2010,1,39.9574,-75.1489,323.0,6,0,0,0,0,0,0,0,0,,0,0,0,3.0,3,1,6,,0,39 57:23.629,,2,75 08:56.644,4,0,0,0,67301,0,0,0,N,0,0,0,3,67301,1,,4,1,,N,N,,0,,0,0,0,3,9,,320.0,1,1,0,0,2,0,0,3,4,0,1,3,,N,,,,,,,,,,,
2010088766,2357.0,1,0,0,0,0,0,0,0,0,4,0,,67,8,2010,7,40.057,-75.0717,2355.0,6,0,0,0,0,0,0,0,0,,0,0,0,23.0,3,1,0,,0,40 03:25.106,,0,75 04:18.080,4,0,0,0,67301,0,0,0,,0,0,0,2,67301,1,,1,1,,N,N,,1,,0,0,0,0,0,,2355.0,1,2,0,0,0,0,0,3,4,0,2,3,,N,,,,,,,,,,,
2010088812,34.0,1,0,0,0,0,0,0,0,0,7,0,,67,8,2010,7,39.9909,-75.1016,31.0,6,0,0,0,0,1,0,0,0,,0,0,0,0.0,3,0,1,,0,39 59:27.715,,0,75 06:05.897,0,0,0,0,67301,0,0,0,N,0,0,0,1,67301,0,,4,1,,N,N,,0,,0,0,0,3,2,,30.0,0,1,0,0,1,0,0,3,4,0,1,3,,N,,,,,,,,,,,
2010102975,640.0,1,0,0,0,0,0,0,0,0,8,0,,67,9,2010,2,40.0486,-75.1449,639.0,6,0,0,0,0,0,1,0,0,,0,0,0,6.0,1,1,1,,0,40 02:55.097,,0,75 08:41.622,8,0,0,0,67301,1,0,0,N,1,0,0,2,67301,0,,4,9,,N,N,,0,,0,0,0,3,2,,635.0,1,2,0,0,0,1,0,3,4,0,1,7,5.0,N,,,,,,,,,,,
2010103104,1204.0,0,0,0,0,0,0,0,0,0,4,0,,67,9,2010,7,39.9825,-75.0838,1136.0,6,0,0,1,0,0,0,0,0,,0,0,0,11.0,1,0,2,,0,39 58:56.703,,0,75 05:01.832,0,0,0,0,67301,0,0,0,N,0,0,0,6,67301,0,,1,1,,N,N,,0,,0,0,2,0,0,,1130.0,0,2,0,0,0,0,0,3,4,0,2,3,,N,,,,,,,,,,,
2010105650,2110.0,2,0,0,0,0,0,0,0,0,4,0,,67,9,2010,3,40.0035,-75.2216,2110.0,6,0,0,0,0,0,0,0,0,,0,0,0,21.0,3,2,0,,0,40 00:12.513,,7,75 13:17.605,4,0,0,0,67301,0,0,0,N,0,0,0,5,67301,1,,1,1,,N,N,,0,,0,0,0,0,0,,2109.0,2,2,0,0,0,1,0,3,4,0,2,3,,N,,,,,,,,,,,
2010096027,923.0,1,0,0,0,0,0,0,0,0,7,0,,67,10,2010,1,39.9529,-75.1413,918.0,6,0,0,0,0,1,0,0,0,,0,0,0,9.0,1,0,0,,0,39 57:16.606,,2,75 08:27.960,0,0,0,0,67301,0,0,0,N,0,0,0,1,68K01,0,,2,1,,N,N,,0,,0,0,0,0,0,,915.0,0,1,0,0,0,0,0,3,4,0,1,3,,N,,,,,,,,,,,
2010114321,1120.0,1,0,0,0,0,0,0,0,0,4,0,,67,10,2010,7,40.0179,-75.1493,1116.0,6,0,0,0,0,0,1,1,0,,0,0,0,11.0,1,0,1,,0,40 01:04.608,,0,75 08:57.650,0,0,0,0,67301,0,0,0,N,0,0,0,5,67301,0,,1,1,,N,N,,0,,0,0,0,3,2,,1105.0,0,2,0,0,0,0,0,3,4,1,2,3,,N,,,,,,,,,,,
2010111669,1733.0,1,0,0,0,0,0,0,0,0,1,0,,67,10,2010,6,39.9201,-75.1482,1733.0,6,0,0,0,0,0,1,0,0,1.0,0,0,0,17.0,1,0,0,,1,39 55:10.663,2.0,0,75 08:53.372,0,0,0,0,67301,0,0,0,N,0,0,0,3,68K01,0,,1,1,,N,N,,1,,0,0,1,0,0,N,1721.0,0,3,0,0,0,0,0,3,4,0,3,3,,N,,,,,,,,,,,
2010114336,1725.0,1,0,0,0,0,0,0,0,0,4,0,,67,10,2010,7,39.9932,-75.1492,1720.0,6,0,0,0,0,0,1,0,0,,0,0,0,17.0,1,2,1,,0,39 59:35.691,,0,75 08:57.226,8,0,0,0,67301,0,0,0,,0,0,0,3,67301,0,,1,1,,,,,0,,0,0,1,3,2,,1700.0,2,3,0,0,0,2,0,3,4,1,3,3,,N,,,,,,,,,,,
2010112121,1000.0,0,0,0,0,0,0,0,0,0,1,0,,67,10,2010,5,39.9889,-75.0882,953.0,6,0,0,0,1,0,1,0,0,,0,0,0,9.0,1,1,0,,0,39 59:19.741,,0,75 05:17.819,8,0,0,0,67301,0,0,0,N,0,0,0,6,68K01,0,,1,1,,N,N,,1,,0,0,2,0,0,,948.0,1,3,0,0,0,1,0,3,4,0,3,3,,N,,,,,,,,,,,
2010015112,2137.0,1,0,0,0,0,0,0,0,0,7,0,,67,2,2010,2,39.9227,-75.1918,2127.0,6,0,0,0,0,0,1,0,0,,0,0,0,21.0,3,0,6,,0,39 55:24.467,,2,75 11:32.292,0,0,0,0,67301,0,0,0,N,0,0,0,1,67501,0,,2,8,,N,N,,0,,0,0,0,0,0,,2123.0,0,1,0,0,0,0,0,3,4,0,1,3,,N,,,,,,,,,,,