CRN,ARRIVAL_TM,AUTOMOBILE_COUNT,BELTED_DEATH_COUNT,BELTED_SUSP_SERIOUS_INJ_COUNT,BICYCLE_COUNT,BICYCLE_DEATH_COUNT,BICYCLE_SUSP_SERIOUS_INJ_COUNT,BUS_COUNT,CHLDPAS_DEATH_COUNT,CHLDPAS_SUSP_SERIOUS_INJ_COUNT,COLLISION_TYPE,COMM_VEH_COUNT,CONS_ZONE_SPD_LIM,COUNTY,CRASH_MONTH,CRASH_YEAR,DAY_OF_WEEK,DEC_LAT,DEC_LONG,DISPATCH_TM,DISTRICT,DRIVER_COUNT_16YR,DRIVER_COUNT_17YR,DRIVER_COUNT_18YR,DRIVER_COUNT_19YR,DRIVER_COUNT_20YR,DRIVER_COUNT_50_64YR,DRIVER_COUNT_65_74YR,DRIVER_COUNT_75PLUS,EST_HRS_CLOSED,FATAL_COUNT,HEAVY_TRUCK_COUNT,HORSE_BUGGY_COUNT,HOUR_OF_DAY,ILLUMINATION,INJURY_COUNT,INTERSECT_TYPE,INTERSECTION_RELATED,LANE_CLOSED,LATITUDE,LN_CLOSE_DIR,LOCATION_TYPE,LONGITUDE,MAX_SEVERITY_LEVEL,MCYCLE_DEATH_COUNT,MCYCLE_SUSP_SERIOUS_INJ_COUNT,MOTORCYCLE_COUNT,MUNICIPALITY,NONMOTR_COUNT,NONMOTR_DEATH_COUNT,NONMOTR_SUSP_SERIOUS_INJ_COUNT,NTFY_HIWY_MAINT,PED_COUNT,PED_DEATH_COUNT,PED_SUSP_SERIOUS_INJ_COUNT,PERSON_COUNT,POLICE_AGCY,POSSIBLE_INJ_COUNT,RDWY_SURF_TYPE_CD,RELATION_TO_ROAD,ROAD_CONDITION,ROADWAY_CLEARED,SCH_BUS_IND,SCH_ZONE_IND,SECONDARY_CRASH,SMALL_TRUCK_COUNT,SPEC_JURIS_CD,SUSP_MINOR_INJ_COUNT,SUSP_SERIOUS_INJ_COUNT,SUV_COUNT,TCD_FUNC_CD,TCD_TYPE,TFC_DETOUR_IND,TIME_OF_DAY,TOT_INJ_COUNT,TOTAL_UNITS,UNB_DEATH_COUNT,UNB_SUSP_SERIOUS_INJ_COUNT,UNBELTED_OCC_COUNT,UNK_INJ_DEG_COUNT,UNK_INJ_PER_COUNT,URBAN_AREA,URBAN_RURAL,VAN_COUNT,VEHICLE_COUNT,WEATHER1,WEATHER2,WORK_ZONE_IND,WORK_ZONE_LOC,WORK_ZONE_TYPE,WORKERS_PRES,WZ_CLOSE_DETOUR,WZ_FLAGGER,WZ_LAW_OFFCR_IND,WZ_LN_CLOSURE,WZ_MOVING,WZ_OTHER,WZ_SHLDER_MDN,WZ_WORKERS_INJ_KILLED
2010012401,823.0,1,0,0,0,0,0,0,0,0,4,0,,67,1,2010,3,40.0512,-75.0661,821.0,6,0,0,0,0,0,0,0,0,,0,0,0,8.0,1,1,1,,0,40 03:04.368,,0,75 03:57.572,4,0,0,0,67301,0,0,0,,0,0,0,4,67301,1,,1,1,,N,N,,0,,0,0,0,3,2,,821.0,1,2,0,0,0,0,0,3,4,1,2,3,,N,,,,,,,,,,,
2010037535,2242.0,1,0,0,0,0,0,0,0,0,7,0,,67,4,2010,5,39.967,-75.1334,2242.0,6,0,0,0,0,0,0,0,0,1.0,0,0,0,22.0,2,1,0,,1,39 58:01.703,1.0,0,75 07:59.134,8,0,0,0,67301,0,0,0,N,0,0,0,1,68K01,0,,2,1,,N,N,,0,,0,0,0,0,0,N,2240.0,1,1,0,0,0,1,0,3,4,0,1,3,,N,,,,,,,,,,,
2010037673,1715.0,2,0,0,0,0,0,0,0,0,5,0,,67,4,2010,6,39.8916,-75.2377,1701.0,6,0,0,0,0,0,0,0,0,,0,0,0,16.0,1,1,0,,0,39 53:29.652,,0,75 14:15.864,4,0,0,0,67301,0,0,0,N,0,0,0,2,68K01,1,,1,1,,N,N,,0,,0,0,0,0,0,,1658.0,1,2,0,0,0,0,0,3,4,0,2,3,,N,,,,,,,,,,,
2010075729,2214.0,1,0,0,0,0,0,0,0,0,5,1,,67,8,2010,5,39.906,-75.1342,2214.0,6,0,0,0,0,0,0,0,0,1.0,0,1,0,22.0,3,0,0,,1,39 54:21.732,6.0,0,75 08:02.940,0,0,0,0,67301,0,0,0,N,0,0,0,3,67501,0,,1,1,,N,N,,0,,0,0,0,3,2,N,2212.0,0,2,0,0,0,0,0,3,4,0,2,3,,N,,,,,,,,,,,
2010070703,1545.0,0,0,0,0,0,0,0,0,0,1,0,,67,6,2010,7,40.0055,-75.1053,1540.0,6,0,0,0,0,0,0,0,0,,0,0,0,15.0,1,1,1,,0,40 00:19.857,,0,75 06:19.237,8,0,0,0,67301,0,0,0,N,0,0,0,2,67301,0,,1,1,,N,N,,0,,0,0,2,3,2,,1530.0,1,2,0,0,0,1,0,3,4,0,2,3,,N,,,,,,,,,,,
2010067937,944.0,0,0,0,0,0,0,0,0,0,8,0,,67,6,2010,5,39.9505,-75.1926,939.0,6,0,0,0,0,0,0,1,0,,0,0,0,8.0,1,1,1,,0,39 57:01.634,,0,75 11:33.356,4,0,0,0,67301,1,0,0,N,1,0,0,2,67301,1,,1,1,,N,N,,0,,0,0,1,3,2,,845.0,1,2,0,0,0,0,0,3,4,0,1,3,,N,,,,,,,,,,,
2010070738,1954.0,1,0,0,1,0,0,0,0,0,4,0,,67,6,2010,5,40.0342,-75.0662,1953.0,6,0,0,0,0,0,0,0,0,,0,0,0,19.0,1,1,0,,0,40 02:03.038,,0,75 03:58.389,4,0,0,0,67301,1,0,0,N,0,0,0,2,67301,1,,1,1,,N,N,,0,,0,0,0,0,0,,1953.0,1,2,0,0,0,0,0,3,4,0,1,3,,N,,,,,,,,,,,
2010088743,738.0,1,0,0,0,0,0,0,0,0,1,0,,67,8,2010,1,40.1002,-75.0217,730.0,6,0,0,0,0,0,0,0,0,,0,0,0,7.0,1,0,1,,0,40 06:00.676,,0,75 01:18.249,0,0,0,0,67301,0,0,0,,0,0,0,3,67301,0,,1,1,,N,N,,1,,0,0,0,3,2,,730.0,0,2,0,0,0,0,0,3,4,0,2,3,,N,,,,,,,,,,,
2010088804,2355.0,1,0,0,1,0,0,0,0,0,2,0,,67,8,2010,6,39.9254,-75.227,2355.0,6,0,0,0,0,0,0,0,0,,0,0,0,20.0,4,1,1,,0,39 55:31.357,,0,75 13:37.372,4,0,0,0,67301,1,0,0,N,0,0,0,2,67301,1,,1,1,,N,N,,0,,0,0,0,3,3,,2006.0,1,2,0,0,0,0,0,3,4,0,1,3,,N,,,,,,,,,,,
2010102941,1820.0,2,0,0,0,0,0,0,0,0,1,0,,67,9,2010,3,39.9698,-75.2131,1814.0,6,0,0,0,0,0,0,0,0,,0,0,0,18.0,4,0,0,,0,39 58:11.294,,0,75 12:47.160,9,0,0,0,67301,0,0,0,N,0,0,0,6,67301,0,,1,1,,N,N,,0,,0,0,1,3,2,,1800.0,0,3,0,0,0,0,1,3,4,0,3,3,,N,,,,,,,,,,,
2010102961,1952.0,1,0,0,0,0,0,0,0,0,8,0,,67,9,2010,6,39.9179,-75.1577,1947.0,6,0,0,0,0,0,0,0,0,,0,0,0,19.0,3,1,0,,0,39 55:04.551,,0,75 09:27.556,8,0,0,0,67301,1,0,0,,1,0,0,3,67301,0,,1,1,,N,N,,0,,0,0,0,0,0,,1940.0,1,2,0,0,0,1,1,3,4,0,1,3,,N,,,,,,,,,,,
2010103048,1725.0,2,0,0,0,0,0,0,0,0,4,0,,67,9,2010,4,40.0223,-75.039,1720.0,6,0,0,0,1,0,1,0,0,,0,0,0,17.0,1,0,2,,0,40 01:20.402,,0,75 02:20.432,9,0,0,0,67301,0,0,0,N,0,0,0,2,67301,0,,1,1,,N,N,,0,,0,0,0,3,3,,1700.0,0,2,0,0,0,0,2,3,4,0,2,3,,N,,,,,,,,,,,
2010103074,324.0,5,0,0,0,0,0,0,0,0,5,0,,67,9,2010,3,40.0391,-75.1501,316.0,6,0,0,0,0,0,0,0,0,3.0,0,0,0,1.0,3,0,0,,2,40 02:20.820,5.0,0,75 09:00.450,0,0,0,0,67301,0,0,0,N,0,0,0,1,67301,0,,6,1,,N,N,,0,,0,0,0,3,2,Y,143.0,0,5,0,0,0,0,0,3,4,0,5,3,,N,,,,,,,,,,,
2010114285,1050.0,0,0,0,0,0,0,0,0,0,7,0,,67,10,2010,5,39.9842,-75.1175,1047.0,6,0,0,0,0,0,0,0,0,,0,0,0,9.0,1,2,0,,0,39 59:03.260,,1,75 07:03.060,2,0,0,0,67301,0,0,0,N,0,0,0,2,67301,1,,3,1,,N,N,,0,,0,1,1,0,0,,947.0,2,1,0,0,0,0,0,3,4,0,1,3,,N,,,,,,,,,,,
2010111985,1600.0,3,0,0,0,0,0,0,0,0,1,0,,67,11,2010,3,39.9602,-75.1815,1550.0,6,0,0,0,0,0,0,2,0,1.0,0,0,0,15.0,1,3,0,,2,39 57:40.231,3.0,0,75 10:56.535,8,0,0,0,67301,0,0,0,N,0,0,0,4,68K01,0,,1,1,,N,N,,0,,0,0,0,0,0,N,1550.0,3,3,0,0,0,3,0,3,4,0,3,3,,N,,,,,,,,,,,
2010012404,747.0,2,0,0,0,0,0,0,0,0,4,0,,67,1,2010,2,40.0268,-75.0774,747.0,6,0,0,0,0,0,0,1,0,,0,0,0,7.0,1,2,2,,0,40 01:36.310,,0,75 04:38.499,4,0,0,0,67301,0,0,0,,0,0,0,3,67301,2,,1,1,,,,,0,,0,0,0,0,0,,741.0,2,2,0,0,2,0,0,3,4,0,2,3,,N,,,,,,,,,,,
2010037672,420.0,1,0,0,0,0,0,0,0,0,7,0,,67,4,2010,7,39.9873,-75.0904,420.0,6,0,0,0,0,0,0,0,0,1.0,0,0,0,4.0,3,0,0,,2,39 59:14.185,2.0,0,75 05:25.655,0,0,0,0,67301,0,0,0,N,0,0,0,1,68K01,0,,2,1,,N,N,,0,,0,0,0,0,0,N,420.0,0,1,0,0,0,0,0,3,4,0,1,3,,N,,,,,,,,,,,
2010005774,1610.0,1,0,0,0,0,0,0,0,0,4,0,,67,1,2010,4,39.9993,-75.2307,1610.0,6,0,0,0,0,0,1,0,0,,0,0,0,16.0,1,0,0,,0,40 00:00.939,,7,75 13:42.990,0,0,0,0,67301,0,0,0,N,0,0,0,3,46104,0,,1,1,,N,N,,0,,0,0,1,0,0,,1610.0,0,2,0,0,0,0,0,3,4,0,2,3,,N,,,,,,,,,,,
2010048647,1116.0,2,0,0,0,0,0,0,0,0,6,0,,67,4,2010,5,39.9374,-75.2262,1110.0,6,0,0,0,0,0,1,0,0,,0,0,0,99.0,1,1,2,,0,39 56:14.650,,0,75 13:34.445,4,0,0,0,67301,0,0,0,,0,0,0,3,67301,1,,1,1,,N,N,,0,,0,0,0,3,3,,9999.0,1,2,0,0,0,0,0,3,4,0,2,3,,N,,,,,,,,,,,
2010048726,448.0,2,0,0,0,0,0,0,0,0,5,0,,67,4,2010,7,39.9173,-75.177,48.0,6,0,0,0,0,0,0,0,0,,0,0,0,0.0,3,0,0,,0,39 55:02.193,,0,75 10:37.102,0,0,0,0,67301,0,0,0,N,0,0,0,1,67301,0,,6,1,,N,N,,1,,0,0,0,0,0,,48.0,0,3,0,0,0,0,0,3,4,0,3,3,,N,,,,,,,,,,,
2010058750,358.0,1,0,0,0,0,0,0,0,0,5,0,,67,5,2010,7,39.9256,-75.1693,358.0,6,0,0,0,0,0,0,0,0,1.0,0,0,0,3.0,3,0,5,,2,39 55:32.000,4.0,0,75 10:10.123,0,0,0,0,67301,0,0,0,N,0,0,0,2,67301,0,,1,1,,N,N,,0,,0,0,1,3,2,Y,354.0,0,2,0,0,0,0,0,3,4,0,2,3,,N,,,,,,,,,,,
2010058565,558.0,1,0,0,0,0,0,0,0,0,5,0,,67,6,2010,6,40.0206,-75.0426,552.0,6,0,0,0,0,0,1,0,0,1.0,0,0,0,5.0,1,0,0,,2,40 01:16.256,1.0,0,75 02:27.504,9,0,0,0,67301,0,0,0,N,0,0,0,2,68K01,0,,1,1,,N,N,,0,,0,0,0,0,0,Y,550.0,0,2,0,0,0,0,1,3,4,0,2,3,,N,,,,,,,,,,,
2010070730,515.0,1,0,0,0,0,0,0,0,0,7,0,,67,6,2010,1,40.0392,-75.0651,512.0,6,0,0,0,0,0,0,0,0,,0,0,0,5.0,1,1,0,,0,40 02:21.295,,0,75 03:54.457,4,0,0,0,67301,0,0,0,,0,0,0,1,67301,1,,5,1,,,,,0,,0,0,0,0,0,,505.0,1,1,0,0,0,0,0,3,4,0,1,3,,N,,,,,,,,,,,
2010062678,1235.0,2,0,0,0,0,0,0,0,0,4,0,,67,5,2010,6,40.0442,-75.0619,1230.0,6,0,0,0,0,0,1,0,0,,0,0,0,12.0,1,2,0,,0,40 02:38.941,,0,75 03:42.939,4,0,0,0,67301,0,0,0,,0,0,0,2,67301,2,,1,1,,,,,0,,0,0,0,0,0,,1200.0,2,2,0,0,0,0,0,3,4,0,2,3,,N,,,,,,,,,,,
2010062683,1120.0,1,0,0,0,0,0,0,0,0,7,0,,67,5,2010,1,40.0163,-75.2031,1115.0,6,0,0,0,0,0,0,0,0,1.0,0,0,0,11.0,1,1,0,,2,40 00:58.693,5.0,0,75 12:11.296,4,0,0,0,67301,0,0,0,N,0,0,0,1,67301,1,,2,1,,N,N,,0,,0,0,0,0,0,N,1115.0,1,1,0,0,0,0,0,3,4,0,1,3,,N,,,,,,,,,,,
2010062726,1624.0,2,0,0,0,0,0,0,0,0,4,0,,67,5,2010,1,40.0361,-75.1277,1517.0,6,0,0,0,0,0,2,0,0,,0,0,0,15.0,1,2,2,,0,40 02:09.861,,0,75 07:39.767,4,0,0,0,67301,0,0,0,N,0,0,0,4,67301,2,,1,1,,N,N,,0,,0,0,0,3,2,,1517.0,2,2,0,0,0,0,0,3,4,0,2,3,,N,,,,,,,,,,,
2010068362,350.0,1,0,0,0,0,0,0,0,0,7,0,,67,6,2010,1,39.9832,-75.208,343.0,6,0,0,0,0,0,0,0,0,,0,0,0,3.0,3,4,0,,0,39 59:03.943,,0,75 12:29.530,8,0,0,0,67301,0,0,0,N,0,0,0,5,68K01,0,,3,1,,N,N,,0,,0,0,0,0,0,,339.0,4,2,0,0,2,4,0,3,4,0,1,3,,N,,,,,,,,,,,
2010073780,518.0,1,0,0,0,0,0,0,0,0,8,0,,67,4,2010,6,39.9765,-75.1133,514.0,6,0,0,0,0,0,1,0,0,,0,0,0,5.0,3,1,0,,0,39 58:36.591,,0,75 06:47.297,2,0,0,0,67301,1,0,1,N,1,0,1,2,67301,0,,1,1,,N,N,,0,,0,1,0,0,0,,500.0,1,2,0,0,0,0,0,3,4,0,1,3,,N,,,,,,,,,,,
2010054971,1550.0,3,0,0,0,0,0,0,0,0,1,0,,67,6,2010,2,39.967,-75.188,1549.0,6,0,0,0,0,1,1,0,0,2.0,0,0,0,15.0,1,0,0,,2,39 58:05.160,4.0,0,75 11:25.355,0,0,0,0,67301,0,0,0,N,0,0,0,4,68K01,0,,1,1,,N,N,,0,,0,0,0,0,0,N,1549.0,0,3,0,0,0,0,0,3,4,0,3,3,,N,,,,,,,,,,,
2010052450,1432.0,2,0,0,0,0,0,0,0,0,4,0,,67,5,2010,2,39.946,-75.214,1432.0,6,0,0,0,0,0,1,0,0,,0,0,0,14.0,1,4,1,,0,39 56:45.502,,0,75 12:50.327,8,0,0,0,67301,0,0,0,N,0,0,0,8,67301,0,,1,1,,N,N,,0,,0,0,0,2,2,,1430.0,4,2,0,0,0,4,2,3,4,0,2,3,,N,,,,,,,,,,,
2010117828,1641.0,0,0,0,0,0,0,0,0,0,8,0,,67,10,2010,6,39.9285,-75.1822,1632.0,6,0,0,0,0,0,0,0,0,,0,0,0,15.0,1,1,10,,0,39 55:42.600,,0,75 10:55.919,4,0,0,0,67301,1,0,0,N,1,0,0,2,67301,1,,1,1,,N,N,,0,,0,0,0,3,3,,1550.0,1,2,0,0,0,0,1,3,4,0,1,3,,N,,,,,,,,,,,
2010095343,2250.0,0,0,0,0,0,0,0,0,0,4,0,,67,8,2010,2,40.0166,-75.1472,2245.0,6,0,0,0,0,0,0,0,0,1.0,0,0,0,22.0,3,0,1,,2,40 00:59.814,7.0,0,75 08:49.815,0,0,0,0,67301,0,0,0,N,0,0,0,2,67301,0,,1,9,,N,N,,0,,0,0,2,3,2,Y,2230.0,0,2,0,0,0,0,0,3,4,0,2,7,,N,,,,,,,,,,,
2010117873,240.0,1,0,0,0,0,0,0,0,0,7,0,,67,11,2010,6,40.0697,-75.057,235.0,6,0,0,0,0,0,0,0,0,,0,0,0,2.0,3,0,1,,0,40 04:10.822,,0,75 03:25.113,0,0,0,0,67301,0,0,0,N,0,0,0,1,67301,0,,5,9,,N,N,,0,,0,0,0,3,3,,235.0,0,1,0,0,0,0,0,3,4,0,1,7,,N,,,,,,,,,,,
2010094304,1138.0,0,0,0,0,0,0,0,0,0,8,0,,67,8,2010,3,39.9335,-75.1726,1137.0,6,0,0,0,0,0,0,0,0,,0,0,0,10.0,1,1,1,,0,39 56:00.758,,0,75 10:21.413,3,0,0,0,67301,1,0,0,N,1,0,0,2,67301,0,,1,1,,N,N,,1,,1,0,0,3,3,,1045.0,1,2,0,0,0,0,1,3,4,0,1,3,,N,,,,,,,,,,,
2010113808,406.0,2,0,0,0,0,0,0,0,0,5,0,,67,9,2010,5,40.0107,-75.1574,359.0,6,0,0,0,0,0,0,0,0,3.0,0,0,0,3.0,3,1,0,,2,40 00:38.548,2.0,0,75 09:26.791,2,0,0,0,67301,1,0,1,,1,0,1,2,67301,0,,1,1,,,,,1,,0,1,0,0,0,Y,354.0,1,4,0,0,0,0,0,3,4,0,3,3,,N,,,,,,,,,,,
2010113816,1949.0,0,0,0,1,0,0,0,0,0,8,0,,67,10,2010,4,40.0479,-75.0597,1905.0,6,0,0,0,0,0,0,0,0,,0,0,0,19.0,3,1,0,,0,40 02:52.411,,0,75 03:34.746,3,0,0,0,67301,1,0,0,N,0,0,0,2,67301,0,,1,9,,N,N,,0,,1,0,0,0,0,,1905.0,1,2,0,0,0,0,0,3,4,1,1,7,,N,,,,,,,,,,,
2010072288,851.0,2,0,0,0,0,0,0,0,0,4,0,,67,7,2010,4,39.998,-75.2332,848.0,6,0,0,0,0,0,1,0,0,1.0,0,0,0,9.0,1,0,1,,1,39 59:52.806,2.0,0,75 13:59.531,0,0,0,0,67301,0,0,0,N,0,0,0,2,46104,0,,1,1,,N,N,,0,,0,0,0,3,3,N,927.0,0,2,0,0,0,0,0,3,4,0,2,3,,N,,,,,,,,,,,
2010074401,147.0,1,0,0,0,0,0,0,0,0,8,0,,67,7,2010,1,39.957,-75.201,144.0,6,0,0,0,0,0,0,0,0,,0,0,0,1.0,3,1,0,,0,39 57:25.230,,0,75 12:03.952,4,0,0,0,67301,1,0,0,N,1,0,0,2,67301,1,,1,1,,N,N,,0,,0,0,0,0,0,,144.0,1,2,0,0,0,0,0,3,4,0,1,3,,N,,,,,,,,,,,
2010074450,1759.0,1,0,0,0,0,0,0,0,0,5,0,,67,3,2010,2,40.0272,-75.0989,1750.0,6,0,0,0,0,0,0,0,0,,0,0,0,17.0,1,1,1,,0,40 01:38.505,,8,75 05:56.834,3,0,0,0,67301,0,0,0,N,0,0,0,4,67301,0,,1,9,,N,N,,0,,1,0,1,3,2,,1748.0,1,3,0,0,0,0,1,3,4,1,3,7,,N,,,,,,,,,,,
2010074453,1650.0,1,0,0,0,0,0,0,0,0,4,0,,67,7,2010,5,40.0385,-75.2115,1647.0,6,0,0,0,0,0,1,0,0,,0,0,0,16.0,1,1,2,,0,40 02:18.261,,0,75 12:41.603,8,0,0,0,67301,0,0,0,N,0,0,0,2,67301,0,,1,1,,N,N,,0,,0,0,1,3,3,,1640.0,1,2,0,0,0,1,0,3,4,0,2,3,,N,,,,,,,,,,,
2010071978,1633.0,2,0,0,0,0,0,0,0,0,1,0,50.0,67,7,2010,1,39.8996,-75.1641,1608.0,6,0,0,0,1,0,0,0,0,,0,0,0,16.0,1,1,0,,0,39 53:59.436,,0,75 09:43.071,4,0,0,0,67301,0,0,0,N,0,0,0,2,68K01,1,,1,9,,N,N,,0,,0,0,0,0,0,,1605.0,1,2,0,0,0,0,0,3,4,0,2,7,,Y,4.0,1.0,N,N,N,N,Y,N,N,N,
2010081973,954.0,1,0,0,0,0,0,0,0,0,4,0,,67,7,2010,3,40.0948,-75.0153,948.0,6,0,0,0,0,0,0,0,0,,0,0,0,9.0,1,1,1,,0,40 05:41.218,,0,75 00:55.140,8,0,0,0,67301,0,0,0,,0,0,0,2,67301,0,,1,1,,,,,0,,0,0,1,3,2,,946.0,1,2,0,0,0,1,0,3,4,0,2,3,,N,,,,,,,,,,,
2010079727,753.0,2,0,0,0,0,0,0,0,0,5,0,,67,8,2010,3,39.8926,-75.225,748.0,6,0,0,0,0,0,1,0,0,,0,0,0,7.0,1,2,0,,0,39 53:32.788,,0,75 13:28.292,4,0,0,0,67301,0,0,0,N,0,0,0,2,68K01,2,,1,1,,N,N,,0,,0,0,0,0,0,,743.0,2,2,0,0,0,0,0,3,4,0,2,3,,N,,,,,,,,,,,
2010067083,1140.0,1,0,0,1,0,0,0,0,0,5,0,,67,6,2010,2,40.01,-75.1994,1133.0,6,0,0,0,0,0,1,0,0,1.0,0,0,0,99.0,1,1,0,,1,40 00:33.947,2.0,0,75 11:51.704,4,0,0,0,67301,1,0,0,,0,0,0,2,67301,1,,1,1,,N,N,,0,,0,0,0,0,0,N,9999.0,1,2,0,0,1,0,0,3,4,0,1,3,,N,,,,,,,,,,,
2010081743,1150.0,2,0,0,0,0,0,0,0,0,4,0,99.0,67,6,2010,7,39.9185,-75.2259,1143.0,6,0,0,0,0,0,1,0,1,9.0,0,0,0,11.0,1,1,1,,1,39 55:06.715,3.0,0,75 13:33.263,8,0,0,0,67301,0,0,0,N,0,0,0,2,67301,0,,1,1,,N,N,,0,,0,0,0,3,2,Y,1140.0,1,2,0,0,0,1,0,3,4,0,2,3,,Y,8.0,8.0,U,U,U,U,U,U,U,U,
2010070028,428.0,1,0,0,0,0,0,0,0,0,8,0,99.0,67,5,2010,2,40.0248,-75.0335,423.0,6,0,0,0,0,0,0,0,0,9.0,0,0,0,4.0,3,1,0,,2,40 01:36.443,3.0,0,75 02:15.665,8,0,0,0,67301,1,0,0,N,1,0,0,2,67301,0,,1,1,,N,N,,0,,0,0,0,0,0,N,419.0,1,2,0,0,0,1,0,3,4,0,1,3,,Y,4.0,1.0,N,U,U,N,U,U,U,U,
2010066984,1950.0,1,0,0,0,0,0,0,0,0,4,0,,67,6,2010,2,39.9516,-75.2165,1950.0,6,0,0,0,0,0,0,2,0,,0,0,0,15.0,1,3,1,,0,39 57:05.662,,0,75 12:59.446,4,0,0,0,67301,0,0,0,N,0,0,0,5,67301,3,,1,1,,N,N,,0,,0,0,0,3,3,,1545.0,3,2,0,0,3,0,0,3,4,1,2,3,,N,,,,,,,,,,,
2010074593,2251.0,1,0,0,0,0,0,0,0,0,4,0,,67,6,2010,5,39.9555,-75.2137,2244.0,6,0,0,0,0,0,0,0,0,,0,0,0,22.0,2,0,1,,0,39 57:19.798,,0,75 12:49.215,0,0,0,0,67301,0,0,0,N,0,0,0,2,67301,0,,1,1,,N,N,,0,,0,0,1,2,2,,2240.0,0,2,0,0,1,0,0,3,4,0,2,3,,N,,,,,,,,,,,
2010028086,9999.0,0,0,0,0,0,0,0,0,0,1,0,,67,2,2010,5,39.9014,-75.2393,1400.0,6,0,1,0,0,0,0,0,0,,0,0,0,13.0,1,4,3,,0,39 54:04.923,,0,75 14:21.456,8,0,0,0,67301,0,0,0,N,0,0,0,5,67301,0,,1,9,,N,N,,0,,0,0,0,3,2,,1310.0,4,2,0,0,0,4,1,3,4,2,2,3,,N,,,,,,,,,,,
2010028251,1413.0,2,0,0,0,0,0,0,0,0,4,0,,67,2,2010,2,39.9591,-75.2028,1410.0,6,0,0,1,0,0,0,0,0,,0,0,0,14.0,1,0,1,,0,39 57:32.821,,0,75 12:09.961,0,0,0,0,67301,0,0,0,N,0,0,0,2,67301,0,,1,1,,N,N,,0,,0,0,0,3,3,,1400.0,0,2,0,0,0,0,0,3,4,0,2,3,,N,,,,,,,,,,,
2010070781,343.0,2,0,0,0,0,0,0,0,0,2,0,,67,6,2010,1,40.0393,-75.1101,341.0,6,0,0,0,0,1,0,0,0,1.0,0,0,0,3.0,3,1,0,,1,40 02:21.393,6.0,0,75 06:36.264,4,0,0,0,67301,0,0,0,,0,0,0,2,67301,1,,1,1,,,,,0,,0,0,0,0,0,Y,306.0,1,2,0,0,0,0,0,3,4,0,2,3,,N,,,,,,,,,,,
2010062647,2107.0,2,0,0,0,0,0,0,0,0,4,0,,67,3,2010,3,40.0146,-75.1567,2102.0,6,0,0,0,0,0,1,0,0,,0,0,0,21.0,3,1,1,,0,40 00:52.752,,0,75 09:24.063,2,0,0,0,67301,0,0,0,N,0,0,0,2,67301,0,,1,1,,N,N,,0,,0,1,0,3,2,,2100.0,1,2,0,1,1,0,0,3,4,0,2,3,,N,,,,,,,,,,,
2010062685,1843.0,2,0,0,0,0,0,0,0,0,7,0,,67,5,2010,3,40.0823,-74.9669,1843.0,6,0,0,0,0,0,1,0,0,,0,0,0,18.0,4,2,0,,0,40 04:56.280,,0,74 58:00.782,4,0,0,0,67301,0,0,0,N,0,0,0,3,67301,2,,3,9,,N,N,,0,,0,0,0,0,0,,1843.0,2,2,0,0,0,0,0,3,4,0,2,7,,N,,,,,,,,,,,
2010062720,1240.0,1,0,0,0,0,0,0,0,0,6,0,,67,5,2010,3,40.0673,-75.0088,1233.0,6,0,0,0,0,0,1,1,0,,0,0,0,12.0,1,2,2,,0,40 04:02.789,,0,75 00:32.080,8,0,0,0,67301,0,0,0,N,0,0,0,4,67301,0,,1,1,,N,N,,0,,0,0,1,3,3,,1220.0,2,2,0,0,0,2,2,3,4,0,2,3,,N,,,,,,,,,,,
2010059541,9999.0,1,0,0,0,0,0,0,0,0,8,0,,67,4,2010,3,40.0178,-75.0654,741.0,6,0,0,0,0,0,0,0,0,4.0,0,0,0,99.0,1,1,0,,2,40 01:04.125,4.0,0,75 03:55.300,4,0,0,0,67301,1,0,0,N,1,0,0,2,67301,1,,1,1,,N,N,,0,,0,0,0,3,2,N,9999.0,1,2,0,0,0,0,0,3,4,0,1,3,,N,,,,,,,,,,,
2010048888,2038.0,1,0,0,0,0,0,0,0,0,4,0,,67,4,2010,7,39.9746,-75.1995,2031.0,6,0,0,0,0,0,0,0,0,,0,0,0,20.0,3,0,2,,0,39 58:28.550,,99,75 11:58.153,0,0,0,0,67301,0,0,0,N,0,0,0,2,67301,0,,1,1,,N,N,,0,,0,0,1,3,2,,2028.0,0,2,0,0,0,0,0,3,4,0,2,3,,N,,,,,,,,,,,
2010048939,1930.0,1,0,0,0,0,0,0,0,0,7,0,,67,4,2010,1,40.1098,-74.998,1923.0,6,0,0,0,1,0,0,0,0,,0,0,0,19.0,4,1,0,,0,40 06:33.034,,2,74 59:52.409,4,0,0,0,67301,0,0,0,,0,0,0,1,67301,1,,5,9,,N,N,,0,,0,0,0,0,0,,1920.0,1,1,0,0,0,0,0,3,4,0,1,7,,N,,,,,,,,,,,
2010052200,9999.0,2,0,0,0,0,0,0,0,0,5,0,,67,5,2010,7,39.9344,-75.1605,1139.0,6,0,0,0,0,0,1,0,0,9.0,0,0,0,99.0,1,1,0,,1,39 56:03.912,2.0,0,75 09:37.753,4,0,0,0,67301,0,0,0,,0,0,0,1,67301,1,,1,1,,,,,0,,0,0,0,0,0,N,9999.0,1,2,0,0,1,0,0,3,4,0,2,3,,N,,,,,,,,,,,
2010052206,1120.0,1,0,0,0,0,0,1,0,0,4,1,,67,4,2010,6,40.0468,-75.094,1115.0,6,0,0,0,1,0,0,0,0,1.0,0,0,0,11.0,1,3,1,,2,40 02:48.494,7.0,0,75 05:38.374,4,0,0,0,67301,0,0,0,N,0,0,0,7,67301,3,,1,1,,N,N,,0,,0,0,0,3,3,Y,1112.0,3,2,0,0,0,0,0,3,4,0,2,3,,N,,,,,,,,,,,