CRN,ARRIVAL_TM,AUTOMOBILE_COUNT,BELTED_DEATH_COUNT,BELTED_SUSP_SERIOUS_INJ_COUNT,BICYCLE_COUNT,BICYCLE_DEATH_COUNT,BICYCLE_SUSP_SERIOUS_INJ_COUNT,BUS_COUNT,CHLDPAS_DEATH_COUNT,CHLDPAS_SUSP_SERIOUS_INJ_COUNT,COLLISION_TYPE,COMM_VEH_COUNT,CONS_ZONE_SPD_LIM,COUNTY,CRASH_MONTH,CRASH_YEAR,DAY_OF_WEEK,DEC_LAT,DEC_LONG,DISPATCH_TM,DISTRICT,DRIVER_COUNT_16YR,DRIVER_COUNT_17YR,DRIVER_COUNT_18YR,DRIVER_COUNT_19YR,DRIVER_COUNT_20YR,DRIVER_COUNT_50_64YR,DRIVER_COUNT_65_74YR,DRIVER_COUNT_75PLUS,EST_HRS_CLOSED,FATAL_COUNT,HEAVY_TRUCK_COUNT,HORSE_BUGGY_COUNT,HOUR_OF_DAY,ILLUMINATION,INJURY_COUNT,INTERSECT_TYPE,INTERSECTION_RELATED,LANE_CLOSED,LATITUDE,LN_CLOSE_DIR,LOCATION_TYPE,LONGITUDE,MAX_SEVERITY_LEVEL,MCYCLE_DEATH_COUNT,MCYCLE_SUSP_SERIOUS_INJ_COUNT,MOTORCYCLE_COUNT,MUNICIPALITY,NONMOTR_COUNT,NONMOTR_DEATH_COUNT,NONMOTR_SUSP_SERIOUS_INJ_COUNT,NTFY_HIWY_MAINT,PED_COUNT,PED_DEATH_COUNT,PED_SUSP_SERIOUS_INJ_COUNT,PERSON_COUNT,POLICE_AGCY,POSSIBLE_INJ_COUNT,RDWY_SURF_TYPE_CD,RELATION_TO_ROAD,ROAD_CONDITION,ROADWAY_CLEARED,SCH_BUS_IND,SCH_ZONE_IND,SECONDARY_CRASH,SMALL_TRUCK_COUNT,SPEC_JURIS_CD,SUSP_MINOR_INJ_COUNT,SUSP_SERIOUS_INJ_COUNT,SUV_COUNT,TCD_FUNC_CD,TCD_TYPE,TFC_DETOUR_IND,TIME_OF_DAY,TOT_INJ_COUNT,TOTAL_UNITS,UNB_DEATH_COUNT,UNB_SUSP_SERIOUS_INJ_COUNT,UNBELTED_OCC_COUNT,UNK_INJ_DEG_COUNT,UNK_INJ_PER_COUNT,URBAN_AREA,URBAN_RURAL,VAN_COUNT,VEHICLE_COUNT,WEATHER1,WEATHER2,WORK_ZONE_IND,WORK_ZONE_LOC,WORK_ZONE_TYPE,WORKERS_PRES,WZ_CLOSE_DETOUR,WZ_FLAGGER,WZ_LAW_OFFCR_IND,WZ_LN_CLOSURE,WZ_MOVING,WZ_OTHER,WZ_SHLDER_MDN,WZ_WORKERS_INJ_KILLED
2010117750,1800.0,2,0,0,0,0,0,0,0,0,4,0,,67,10,2010,6,40.006,-75.2137,1748.0,6,0,0,0,0,0,0,0,0,,0,0,0,17.0,1,0,0,,0,40 00:21.670,,7,75 12:49.160,0,0,0,0,67301,0,0,0,,0,0,0,2,67301,0,,1,1,,,,,0,,0,0,0,3,2,,1745.0,0,2,0,0,0,0,0,3,4,0,2,3,,N,,,,,,,,,,,
2010091106,1745.0,1,0,0,0,0,0,1,0,0,1,1,,67,8,2010,6,39.914,-75.15,1745.0,6,0,0,0,0,1,0,0,0,,0,0,0,17.0,1,2,0,,0,39 54:50.473,,0,75 09:00.093,4,0,0,0,67301,0,0,0,N,0,0,0,2,67301,1,,1,1,,N,N,,0,,0,0,0,0,0,,1715.0,2,2,0,0,0,1,0,3,4,0,2,3,,N,,,,,,,,,,,
2010117862,1816.0,1,0,0,0,0,0,0,0,0,8,0,,67,10,2010,7,39.9517,-75.1586,1816.0,6,0,0,0,0,0,0,0,0,,0,0,0,99.0,1,1,0,,0,39 57:06.114,,0,75 09:30.968,3,0,0,0,67301,1,0,0,N,1,0,0,3,67301,0,,1,1,,,N,,0,,1,0,0,0,0,,9999.0,1,2,0,0,0,0,1,3,4,0,1,3,,N,,,,,,,,,,,
2010106991,2040.0,1,0,0,0,0,0,0,0,0,4,0,,67,9,2010,3,40.0246,-75.1097,2040.0,6,0,0,0,0,0,0,0,0,2.0,0,0,0,19.0,3,1,3,,1,40 01:29.138,4.0,0,75 06:35.030,4,0,0,0,67301,0,0,0,N,0,0,0,4,67301,1,,1,1,,N,N,,0,,0,0,0,3,2,N,1927.0,1,2,0,0,0,0,0,3,4,1,2,3,,N,,,,,,,,,,,
2010104639,1942.0,1,0,0,0,0,0,0,0,0,5,0,,67,10,2010,5,39.9396,-75.1965,1929.0,6,0,0,0,0,0,1,0,0,1.0,0,0,0,19.0,2,1,0,,1,39 56:27.186,4.0,0,75 11:42.755,4,0,0,0,67301,0,0,0,N,0,0,0,4,68K01,1,,1,1,,N,N,,1,,0,0,0,0,0,N,1926.0,1,3,0,0,0,0,1,3,4,0,3,3,,N,,,,,,,,,,,
2010104644,629.0,1,0,0,0,0,0,0,0,0,7,0,,67,10,2010,4,39.9815,-75.2071,621.0,6,0,0,0,0,0,0,0,0,,0,0,0,6.0,5,0,0,,0,39 58:56.825,,0,75 12:28.215,0,0,0,0,67301,0,0,0,Y,0,0,0,1,68K01,0,,2,1,,N,N,,0,,0,0,0,0,0,,610.0,0,1,0,0,0,0,0,3,4,0,1,3,,N,,,,,,,,,,,
2010126694,1411.0,1,0,0,0,0,0,0,0,0,7,0,,67,12,2010,4,39.9905,-75.087,1402.0,6,0,0,0,0,0,1,0,0,,0,0,0,14.0,1,0,0,,0,39 59:25.278,,0,75 05:13.252,0,0,0,0,67301,0,0,0,N,0,0,0,1,68K01,0,,2,1,,N,N,,0,,0,0,0,0,0,,1400.0,0,1,0,0,1,0,0,3,4,0,1,3,,N,,,,,,,,,,,
2010126982,806.0,1,0,0,0,0,0,0,0,0,7,0,,67,12,2010,6,39.9598,-75.177,806.0,6,0,0,0,0,0,0,0,0,2.0,0,0,0,8.0,1,1,0,,1,39 57:35.749,3.0,0,75 10:41.669,8,0,0,0,67301,0,0,0,N,0,0,0,1,68K01,0,,3,9,,N,N,,0,,0,0,0,0,0,N,804.0,1,1,0,0,0,1,0,3,4,0,1,3,,N,,,,,,,,,,,
2010113799,1130.0,1,0,0,0,0,0,0,0,0,4,0,,67,10,2010,6,39.9492,-75.1508,1121.0,6,0,0,0,0,0,1,0,0,,0,0,0,11.0,1,1,1,,0,39 56:57.192,,0,75 09:02.555,4,0,0,0,67301,0,0,0,N,0,0,0,5,67301,1,,1,1,,N,N,,0,,0,0,0,3,2,,1115.0,1,2,0,0,1,0,0,3,4,1,2,3,,N,,,,,,,,,,,
2010113815,1328.0,0,0,0,0,0,0,0,0,0,5,0,,67,10,2010,2,40.0881,-74.9646,1324.0,6,0,0,0,0,0,0,1,0,,0,1,0,13.0,1,1,2,,0,40 05:17.116,,0,74 57:52.461,4,0,0,0,67301,0,0,0,N,0,0,0,3,67301,1,,1,1,,N,N,,0,,0,0,1,3,3,,1324.0,1,2,0,0,0,0,0,3,4,0,2,3,,N,,,,,,,,,,,
2010111440,450.0,1,0,0,0,0,0,0,0,0,8,0,,67,10,2010,1,40.0315,-75.1429,441.0,6,0,0,0,0,0,0,0,0,,0,0,0,4.0,3,1,0,,0,40 01:53.496,,0,75 08:34.440,4,0,0,0,67301,1,0,0,N,1,0,0,2,67301,1,,1,1,,N,N,,0,,0,0,0,0,0,,435.0,1,2,0,0,0,0,0,3,4,0,1,3,,N,,,,,,,,,,,
2010111460,1914.0,1,0,0,0,0,0,0,0,0,8,0,,67,10,2010,2,40.0455,-75.0883,1855.0,6,0,0,0,0,0,0,0,0,,0,0,0,18.0,3,1,1,,0,40 02:43.859,,0,75 05:17.937,4,0,0,0,67301,1,0,0,N,1,0,0,2,67301,1,,1,9,,N,N,,0,,0,0,0,0,0,,1847.0,1,2,0,0,0,0,1,3,4,0,1,7,,N,,,,,,,,,,,
2010114076,1843.0,0,0,0,0,0,0,0,0,0,8,0,,67,10,2010,3,40.0432,-75.0757,1841.0,6,0,0,0,0,0,0,0,0,,0,0,0,18.0,3,1,0,,0,40 02:35.620,,0,75 04:32.422,4,0,0,0,67301,1,0,0,,1,0,0,2,67301,1,,1,1,,N,N,,0,,0,0,1,0,0,,1840.0,1,2,0,0,0,0,0,3,4,0,1,3,,N,,,,,,,,,,,
2010069743,2013.0,0,0,0,0,0,0,0,0,0,5,0,,67,6,2010,3,39.9458,-75.2402,2013.0,6,0,0,0,0,0,0,0,0,,0,0,0,18.0,1,1,0,,0,39 56:44.859,,7,75 14:24.464,8,0,0,0,67301,0,0,0,,0,0,0,2,67301,0,,1,1,,,,,1,,0,0,0,0,0,,1809.0,1,2,0,0,0,1,0,3,4,1,2,3,,N,,,,,,,,,,,
2010069770,430.0,0,0,0,0,0,0,0,0,0,7,0,,67,5,2010,2,40.0544,-74.9942,424.0,6,0,0,0,0,0,0,0,0,,0,0,0,4.0,3,0,2,,0,40 03:16.012,,0,74 59:39.101,0,0,0,0,67301,0,0,0,,0,0,0,1,67301,0,,5,1,,N,N,,1,,0,0,0,3,3,,416.0,0,1,0,0,0,0,0,3,4,0,1,3,,N,,,,,,,,,,,
2010074381,302.0,2,0,0,0,0,0,0,0,0,4,0,,67,6,2010,7,40.0261,-75.2111,300.0,6,0,0,0,0,0,0,0,0,,0,0,0,2.0,3,1,1,,0,40 01:34.089,,0,75 12:39.963,8,0,0,1,67301,0,0,0,N,0,0,0,5,67301,0,,1,1,,N,N,,0,,0,0,0,3,3,,255.0,1,3,0,0,0,1,0,3,4,0,3,3,,N,,,,,,,,,,,
2010074385,2058.0,1,0,0,0,0,0,0,0,0,4,0,,67,7,2010,5,39.9724,-75.2174,2054.0,6,0,0,0,0,0,0,0,0,,0,0,0,20.0,3,0,2,,0,39 58:20.706,,0,75 13:02.730,0,0,0,1,67301,0,0,0,N,0,0,0,4,67301,0,,1,1,,N,N,,1,,0,0,0,3,2,,2054.0,0,4,0,0,0,0,0,3,4,1,4,3,,N,,,,,,,,,,,
2010074390,1314.0,0,0,0,0,0,0,0,0,0,8,0,,67,7,2010,4,39.9805,-75.1723,1311.0,6,0,0,0,0,0,0,0,0,,0,0,0,12.0,1,1,0,,0,39 58:49.821,,0,75 10:20.395,3,0,0,0,67301,1,0,0,,1,0,0,2,67301,0,,1,1,,,,,1,,1,0,0,0,0,,1259.0,1,2,0,0,0,0,0,3,4,0,1,3,,N,,,,,,,,,,,
2010074493,1255.0,1,0,0,0,0,0,0,0,0,4,0,,67,7,2010,2,40.0071,-75.094,1249.0,6,0,0,0,0,0,0,0,0,,0,0,0,12.0,1,1,1,,0,40 00:25.549,,0,75 05:38.543,4,0,0,0,67301,0,0,0,N,0,0,0,4,67301,1,,1,1,,N,N,,0,,0,0,0,3,2,,1215.0,1,2,0,0,0,0,0,3,4,1,2,3,,N,,,,,,,,,,,
2010074521,1830.0,1,0,0,0,0,0,0,0,0,1,0,,67,7,2010,6,39.8897,-75.2338,9999.0,6,0,0,0,0,0,0,0,0,,0,0,0,8.0,1,1,1,,0,39 53:23.198,,0,75 14:01.809,8,0,0,0,67301,0,0,0,N,0,0,0,4,67301,0,,1,1,,N,N,,0,,0,0,0,9,2,,800.0,1,2,0,0,0,1,0,3,4,1,2,3,,N,,,,,,,,,,,
2010081946,2025.0,1,0,0,1,0,0,0,0,0,8,0,,67,7,2010,6,40.0118,-75.1779,2002.0,6,0,0,0,0,0,1,0,0,,0,0,0,20.0,3,2,2,,0,40 00:42.541,,0,75 10:40.285,3,0,0,0,67301,2,0,0,N,0,0,0,4,67301,0,,4,1,,N,N,,0,,1,0,0,0,0,,2000.0,2,2,0,0,0,1,0,3,4,0,1,98,,N,,,,,,,,,,,
2010081957,1800.0,2,0,0,0,0,0,0,0,0,4,0,,67,7,2010,5,39.9399,-75.1831,1757.0,6,0,0,0,0,0,0,0,0,,0,0,0,17.0,1,3,1,,0,39 56:23.586,,0,75 10:59.271,4,0,0,0,67301,0,0,0,,0,0,0,4,67301,1,,1,1,,,,,0,,0,0,0,3,2,,1755.0,3,2,0,0,1,2,0,3,4,0,2,3,,N,,,,,,,,,,,
2010069588,9999.0,1,0,0,0,0,0,0,0,0,4,0,,67,6,2010,7,40.0316,-75.2076,2246.0,6,0,0,0,0,0,1,0,0,,0,0,0,22.0,3,2,2,,0,40 01:53.934,,0,75 12:27.524,4,0,0,0,67301,0,0,0,N,0,0,0,2,67301,2,,1,1,,N,N,,0,,0,0,1,3,2,,2240.0,2,2,0,0,0,0,0,3,4,0,2,3,,N,,,,,,,,,,,
2010069600,1928.0,2,0,0,0,0,0,0,0,0,1,0,,67,6,2010,6,39.9241,-75.2455,1924.0,6,0,0,0,0,0,0,0,0,,0,0,0,19.0,1,1,1,,0,39 55:26.682,,0,75 14:43.799,8,0,0,0,67301,0,0,0,,0,0,0,2,67301,0,,1,1,,N,N,,0,,0,0,0,3,2,,1905.0,1,2,0,0,0,1,0,3,4,0,2,3,,N,,,,,,,,,,,
2010081744,35.0,4,0,0,0,0,0,0,0,0,0,0,,67,7,2010,7,39.9738,-75.2181,33.0,6,0,0,0,0,0,1,0,0,,0,0,0,0.0,3,1,0,,0,39 58:25.712,,0,75 13:05.145,2,0,0,0,67301,0,0,0,N,0,0,0,1,67301,0,,1,1,,N,N,,1,,0,1,0,0,0,,25.0,1,5,0,1,1,0,0,3,4,0,5,3,,N,,,,,,,,,,,
2010069945,1842.0,1,0,0,1,0,0,0,0,0,4,0,,67,5,2010,2,39.9344,-75.1889,1840.0,6,0,0,0,0,0,0,0,0,,0,0,0,18.0,1,1,2,,0,39 56:03.768,,0,75 11:19.960,8,0,0,0,67301,1,0,0,,0,0,0,2,67301,0,,1,1,,N,N,,0,,0,0,0,3,3,,1838.0,1,2,0,0,0,1,0,3,4,0,1,3,,N,,,,,,,,,,,
2010072573,540.0,0,0,1,0,0,0,0,0,0,7,0,,67,5,2010,3,39.9992,-75.1583,535.0,6,0,0,0,0,0,0,0,0,,0,0,0,5.0,1,1,2,,0,39 59:57.188,,0,75 09:29.926,2,0,0,0,67301,0,0,0,N,0,0,0,1,67301,0,,5,1,,N,N,,0,,0,1,1,0,0,,530.0,1,1,0,0,0,0,0,3,4,0,1,3,,N,,,,,,,,,,,
2010066382,1247.0,1,0,0,0,0,0,0,0,0,1,0,,67,7,2010,4,40.1002,-75.0081,1244.0,6,0,0,0,0,0,1,0,0,1.0,0,0,0,12.0,1,1,0,,2,40 06:00.543,1.0,0,75 00:29.014,8,0,0,0,67301,0,0,0,N,0,0,0,3,67301,0,,1,1,,N,N,,1,,0,0,0,0,0,N,1243.0,1,3,0,0,1,1,0,3,4,1,3,3,,N,,,,,,,,,,,
2010074601,1444.0,2,0,0,0,0,0,0,0,0,1,0,,67,6,2010,4,40.0132,-75.1957,1442.0,6,0,0,0,0,0,0,0,0,,0,0,0,14.0,1,2,0,,0,40 00:47.616,,3,75 11:44.514,4,0,0,0,67301,0,0,0,,0,0,0,5,67301,2,,1,1,,,,,0,,0,0,0,0,0,,1400.0,2,2,0,0,0,0,2,3,4,0,2,3,,N,,,,,,,,,,,
2010058972,1536.0,2,0,0,0,0,0,0,0,0,4,0,,67,5,2010,2,40.0348,-75.0711,1536.0,6,0,0,0,0,0,1,0,0,,0,0,0,15.0,1,1,1,,0,40 02:05.146,,0,75 04:15.791,4,0,0,0,67301,0,0,0,,0,0,0,2,67301,1,,1,1,,,,,0,,0,0,0,3,2,,1535.0,1,2,0,0,0,0,0,3,4,0,2,3,,N,,,,,,,,,,,
2010028205,1701.0,2,0,1,0,0,0,0,0,0,4,0,,67,1,2010,6,40.057,-75.1562,1650.0,6,0,0,0,0,0,1,0,0,9.0,0,0,0,16.0,1,3,1,,2,40 03:25.236,6.0,0,75 09:22.197,2,0,0,0,67301,0,0,0,N,0,0,0,4,67301,2,,1,1,,N,N,,0,,0,1,0,2,3,Y,1650.0,3,3,0,0,0,0,0,3,4,1,3,3,,N,,,,,,,,,,,
2010028209,1815.0,1,0,0,0,0,0,0,0,0,8,0,,67,2,2010,4,40.0291,-75.0656,1807.0,6,0,0,0,0,0,0,0,0,,0,0,0,18.0,1,1,2,,0,40 01:44.695,,0,75 03:56.210,4,0,0,0,67301,1,0,0,N,1,0,0,2,67301,1,,1,1,,N,N,,0,,0,0,0,3,3,,1807.0,1,2,0,0,0,0,1,3,4,0,1,3,,N,,,,,,,,,,,
2010033569,1309.0,1,0,0,0,0,0,0,0,0,7,0,,67,3,2010,7,39.9358,-75.1445,1304.0,6,0,0,0,0,0,0,0,0,,0,0,0,13.0,1,1,0,,0,39 56:09.284,,0,75 08:40.203,4,0,0,0,67301,0,0,0,N,0,0,0,2,68K01,1,,2,1,,N,N,,0,,0,0,0,0,0,,1300.0,1,1,0,0,0,0,0,3,4,0,1,3,,N,,,,,,,,,,,
2010028099,1635.0,0,0,0,0,0,0,0,0,0,1,0,,67,2,2010,2,40.0388,-75.078,1623.0,6,0,0,0,0,0,0,0,0,,0,0,0,16.0,1,2,0,,0,40 02:19.753,,7,75 04:40.977,3,0,0,0,67301,0,0,0,,0,0,0,4,67301,0,,1,1,,,,,1,,2,0,2,0,0,,1618.0,2,3,0,0,0,0,0,3,4,0,3,3,,N,,,,,,,,,,,
2010102525,1526.0,1,0,0,0,0,0,0,0,0,5,0,,67,9,2010,3,39.9234,-75.1749,1524.0,6,0,0,0,0,0,0,0,0,1.0,0,0,0,15.0,1,1,0,,2,39 55:24.063,2.0,0,75 10:29.506,8,0,0,0,67301,0,0,0,N,0,0,0,1,67301,0,,1,1,,N,N,,0,,0,0,0,0,0,N,1523.0,1,2,0,0,0,1,0,3,4,1,2,3,,N,,,,,,,,,,,
2010100099,905.0,1,0,0,0,0,0,0,0,0,1,0,,67,10,2010,7,40.0491,-75.1152,858.0,6,0,0,0,0,0,0,0,0,1.0,0,0,0,8.0,1,0,0,,1,40 02:56.970,4.0,0,75 06:54.451,0,0,0,0,67301,0,0,0,N,0,0,0,1,46102,0,,2,1,,N,N,,1,,0,0,0,0,0,N,858.0,0,2,0,0,0,0,0,3,4,0,2,3,,N,,,,,,,,,,,
2010118387,1155.0,2,0,0,0,0,0,0,0,0,4,0,,67,10,2010,4,40.029,-75.1462,1152.0,6,0,0,0,0,0,2,0,0,,0,0,0,11.0,1,2,1,,0,40 01:44.500,,0,75 08:46.197,4,0,0,0,67301,0,0,0,N,0,0,0,3,67301,2,,1,9,,N,N,,1,,0,0,0,3,2,,1150.0,2,3,0,0,0,0,0,3,4,0,3,7,,N,,,,,,,,,,,
2010118412,1738.0,1,0,0,0,0,0,0,0,0,0,0,,67,11,2010,5,39.9563,-75.163,1732.0,6,0,0,0,0,0,0,0,0,,0,0,0,17.0,3,1,0,,0,39 57:22.514,,99,75 09:46.911,4,0,0,0,67301,0,0,0,,0,0,0,3,67301,1,,1,9,,N,N,,0,,0,0,0,0,0,,1730.0,1,1,0,0,0,0,0,3,4,0,1,7,,N,,,,,,,,,,,
2010091218,1330.0,0,0,0,0,0,0,0,0,0,1,0,,67,8,2010,5,39.8942,-75.2288,1325.0,6,0,0,0,0,0,1,0,0,1.0,0,0,0,99.0,1,1,0,,1,39 53:39.276,4.0,7,75 13:43.811,3,0,0,1,67301,0,0,0,N,0,0,0,2,67301,0,,1,1,,N,N,,0,,1,0,0,3,2,N,9999.0,1,2,0,0,0,0,0,3,4,1,2,3,,N,,,,,,,,,,,
2010088751,1423.0,0,0,0,0,0,0,0,0,0,4,0,,67,8,2010,4,40.0917,-74.9824,1423.0,6,0,0,0,0,0,0,0,0,,0,0,0,14.0,1,1,2,,0,40 05:30.066,,0,74 58:56.782,8,0,0,0,67301,0,0,0,N,0,0,0,2,67301,0,,1,1,,N,N,,0,,0,0,1,3,3,,1420.0,1,2,0,0,0,1,0,3,4,1,2,3,,N,,,,,,,,,,,
2010088814,1650.0,1,0,0,1,0,0,0,0,0,5,0,,67,8,2010,2,39.9352,-75.164,1649.0,6,0,0,0,0,0,1,0,0,,0,0,0,16.0,1,1,0,,0,39 56:06.612,,0,75 09:50.562,4,0,0,0,67301,1,0,0,N,0,0,0,3,67301,1,,1,1,,N,N,,0,,0,0,0,0,0,,1645.0,1,2,0,0,2,0,0,3,4,0,1,3,,N,,,,,,,,,,,
2010086030,1910.0,1,0,0,0,0,0,0,0,0,4,0,,67,7,2010,7,39.9808,-75.2215,1900.0,6,0,0,0,0,0,1,0,0,,0,0,0,17.0,1,3,2,,0,39 58:50.713,,0,75 13:17.277,3,0,0,0,67301,0,0,0,N,0,0,0,4,67301,1,,1,1,,N,N,,0,,2,0,1,3,2,,1737.0,3,2,0,0,0,0,0,3,4,0,2,3,,N,,,,,,,,,,,
2010088871,510.0,0,0,0,0,0,0,0,0,0,7,0,,67,8,2010,6,39.9142,-75.1921,506.0,6,0,0,0,0,0,0,0,0,1.0,0,0,0,5.0,3,0,0,,1,39 54:50.973,1.0,0,75 11:31.488,0,0,0,0,67301,0,0,0,N,0,0,0,1,67301,0,,1,1,,N,N,,0,,0,0,1,0,0,N,500.0,0,1,0,0,0,0,0,3,4,0,1,3,,N,,,,,,,,,,,
2010088879,1919.0,2,0,0,0,0,0,0,0,0,4,0,,67,8,2010,5,40.0391,-75.0597,1914.0,6,0,0,0,0,0,0,0,0,2.0,0,0,0,18.0,1,0,0,,1,40 02:20.637,4.0,0,75 03:34.801,0,0,0,0,67301,0,0,0,N,0,0,0,1,67301,0,,1,9,,N,N,,1,,0,0,0,3,3,N,1820.0,0,3,0,0,0,0,0,3,4,0,3,7,,N,,,,,,,,,,,
2010125704,1730.0,0,0,0,0,0,0,0,0,0,1,1,,67,12,2010,4,40.0536,-74.986,1703.0,6,0,0,0,0,0,1,0,0,,0,1,0,17.0,2,0,0,,0,40 03:13.122,,0,74 59:09.411,9,0,0,0,67301,0,0,0,N,0,0,0,2,68K01,0,,1,1,,N,N,,0,,0,0,1,0,0,,1701.0,0,2,0,0,0,0,1,3,4,0,2,3,,N,,,,,,,,,,,
2010085702,808.0,2,0,0,0,0,0,0,0,0,1,0,,67,8,2010,5,39.9446,-75.1428,807.0,6,0,0,0,0,0,0,0,0,,0,0,0,8.0,1,0,0,,0,39 56:40.653,,0,75 08:34.072,0,0,0,0,67301,0,0,0,N,0,0,0,2,68K01,0,,1,1,,N,N,,0,,0,0,0,0,0,,806.0,0,2,0,0,0,0,0,3,4,0,2,3,,N,,,,,,,,,,,
2010086004,825.0,5,0,0,0,0,0,0,0,0,4,0,,67,4,2010,7,39.9575,-75.2173,818.0,6,0,0,0,0,0,0,0,0,,0,0,0,8.0,1,1,1,,0,39 57:27.032,,0,75 13:02.345,8,0,0,0,67301,0,0,0,N,0,0,0,2,67301,0,,1,1,,N,N,,0,,0,0,0,0,0,,810.0,1,5,0,0,1,1,0,3,4,0,5,3,,N,,,,,,,,,,,
2010086014,2132.0,1,0,0,0,0,0,0,0,0,1,0,,67,7,2010,3,40.044,-75.1163,2128.0,6,0,0,0,0,0,0,0,0,,0,0,0,17.0,1,2,0,,0,40 02:38.429,,0,75 06:58.556,8,0,0,0,67301,0,0,0,N,0,0,0,4,67301,0,,1,1,,N,N,,0,,0,0,1,0,0,,1730.0,2,2,0,0,0,2,2,3,4,0,2,10,,N,,,,,,,,,,,
2010105679,1705.0,2,0,0,0,0,0,0,0,0,4,0,,67,9,2010,4,39.9595,-75.2332,1700.0,6,0,0,0,0,0,0,0,0,,0,0,0,7.0,1,1,1,,0,39 57:34.088,,0,75 13:59.355,3,0,0,0,67301,0,0,0,N,0,0,0,2,67301,0,,1,1,,N,N,,0,,1,0,0,3,2,,730.0,1,2,0,0,0,0,0,3,4,0,2,3,,N,,,,,,,,,,,
2010125096,2246.0,0,0,0,0,0,0,0,0,0,4,0,,67,11,2010,6,39.9977,-75.1233,2245.0,6,0,0,0,0,0,0,0,0,,0,0,0,22.0,3,1,0,,0,39 59:51.816,,0,75 07:23.910,8,0,0,0,67301,0,0,0,,0,0,0,3,67301,0,,1,1,,,,,1,,0,0,0,0,0,,2244.0,1,2,0,0,3,1,0,3,4,1,2,3,,N,,,,,,,,,,,
2010125115,800.0,1,0,0,0,0,0,0,0,0,8,0,,67,11,2010,5,40.0429,-75.1043,658.0,6,0,0,0,0,0,1,0,0,,0,0,0,6.0,6,1,1,,0,40 02:34.484,,0,75 06:15.533,8,0,0,0,67301,1,0,0,,1,0,0,2,67301,0,,1,9,,,,,0,,0,0,0,9,2,,658.0,1,2,0,0,0,1,1,3,4,0,1,7,,N,,,,,,,,,,,
2010095752,1418.0,1,0,0,0,0,0,0,0,0,1,0,,67,9,2010,1,39.957,-75.1528,1413.0,6,0,0,0,0,0,0,1,0,2.0,0,0,0,14.0,1,1,0,,2,39 57:25.341,4.0,0,75 09:09.901,4,0,0,0,67301,0,0,0,N,0,0,0,3,68K01,1,,1,1,,N,N,,0,,0,0,0,0,0,N,1405.0,1,2,0,0,0,0,0,3,4,1,2,3,,N,,,,,,,,,,,
2010117910,7.0,3,0,0,0,0,0,0,0,0,6,0,,67,11,2010,7,39.9918,-75.1127,2253.0,6,0,0,0,0,0,0,0,0,,0,0,0,22.0,3,1,1,,0,39 59:30.291,,0,75 06:46.001,8,0,0,0,67301,0,0,0,,0,0,0,3,67301,0,,1,1,,,,,0,,0,0,0,3,2,,2250.0,1,3,0,0,0,1,0,3,4,0,3,3,,N,,,,,,,,,,,
2010117925,1345.0,1,0,0,0,0,0,0,0,0,8,0,,67,11,2010,3,40.0505,-75.0062,1340.0,6,0,0,0,0,0,0,1,0,,0,0,0,13.0,1,1,0,,0,40 03:01.695,,0,75 00:22.417,8,0,0,0,67301,1,0,0,N,1,0,0,3,67301,0,,1,1,,N,N,,0,,0,0,0,0,0,,1339.0,1,2,0,0,0,1,0,3,4,0,1,3,,N,,,,,,,,,,,
2010117952,1822.0,2,0,0,0,0,0,0,0,0,4,0,,67,10,2010,3,39.9412,-75.1455,1820.0,6,0,0,0,0,0,1,0,0,,0,0,0,18.0,3,0,1,,0,39 56:28.204,,0,75 08:43.897,0,0,0,0,67301,0,0,0,N,0,0,0,3,67301,0,,1,1,,N,N,,0,,0,0,0,9,3,,1815.0,0,2,0,0,3,0,0,3,4,0,2,3,,N,,,,,,,,,,,
2010114340,1234.0,0,0,0,1,0,0,0,0,0,4,0,,67,10,2010,4,39.9373,-75.1619,1231.0,6,0,0,0,0,0,0,1,0,,0,0,0,12.0,1,1,0,,0,39 56:14.123,,7,75 09:43.018,8,0,0,0,67301,1,0,0,N,0,0,0,2,67301,0,,2,9,,N,N,,0,,0,0,1,0,0,,1230.0,1,2,0,0,0,1,0,3,4,0,1,7,,N,,,,,,,,,,,
2010114562,1720.0,2,0,0,1,0,0,0,0,0,5,0,,67,11,2010,4,39.9327,-75.1544,1718.0,6,0,0,0,0,0,0,0,0,,0,0,0,17.0,1,1,0,,0,39 55:57.748,,0,75 09:15.696,4,0,0,0,67301,1,0,0,,0,0,0,3,67301,1,,1,1,,,,,0,,0,0,0,0,0,,1717.0,1,3,0,0,0,0,0,3,4,0,2,3,,N,,,,,,,,,,,
2010040518,1009.0,0,0,0,0,0,0,0,0,0,7,0,,67,3,2010,2,39.9725,-75.2209,1000.0,6,0,0,0,0,0,0,0,0,2.0,0,0,0,9.0,1,1,0,,2,39 58:20.921,6.0,0,75 13:15.117,4,0,0,0,67301,0,0,0,,0,0,0,1,67301,1,,2,9,,N,N,,0,,0,0,1,0,0,Y,955.0,1,1,0,0,1,0,0,3,4,0,1,7,,N,,,,,,,,,,,