CRN,ARRIVAL_TM,AUTOMOBILE_COUNT,BELTED_DEATH_COUNT,BELTED_SUSP_SERIOUS_INJ_COUNT,BICYCLE_COUNT,BICYCLE_DEATH_COUNT,BICYCLE_SUSP_SERIOUS_INJ_COUNT,BUS_COUNT,CHLDPAS_DEATH_COUNT,CHLDPAS_SUSP_SERIOUS_INJ_COUNT,COLLISION_TYPE,COMM_VEH_COUNT,CONS_ZONE_SPD_LIM,COUNTY,CRASH_MONTH,CRASH_YEAR,DAY_OF_WEEK,DEC_LAT,DEC_LONG,DISPATCH_TM,DISTRICT,DRIVER_COUNT_16YR,DRIVER_COUNT_17YR,DRIVER_COUNT_18YR,DRIVER_COUNT_19YR,DRIVER_COUNT_20YR,DRIVER_COUNT_50_64YR,DRIVER_COUNT_65_74YR,DRIVER_COUNT_75PLUS,EST_HRS_CLOSED,FATAL_COUNT,HEAVY_TRUCK_COUNT,HORSE_BUGGY_COUNT,HOUR_OF_DAY,ILLUMINATION,INJURY_COUNT,INTERSECT_TYPE,INTERSECTION_RELATED,LANE_CLOSED,LATITUDE,LN_CLOSE_DIR,LOCATION_TYPE,LONGITUDE,MAX_SEVERITY_LEVEL,MCYCLE_DEATH_COUNT,MCYCLE_SUSP_SERIOUS_INJ_COUNT,MOTORCYCLE_COUNT,MUNICIPALITY,NONMOTR_COUNT,NONMOTR_DEATH_COUNT,NONMOTR_SUSP_SERIOUS_INJ_COUNT,NTFY_HIWY_MAINT,PED_COUNT,PED_DEATH_COUNT,PED_SUSP_SERIOUS_INJ_COUNT,PERSON_COUNT,POLICE_AGCY,POSSIBLE_INJ_COUNT,RDWY_SURF_TYPE_CD,RELATION_TO_ROAD,ROAD_CONDITION,ROADWAY_CLEARED,SCH_BUS_IND,SCH_ZONE_IND,SECONDARY_CRASH,SMALL_TRUCK_COUNT,SPEC_JURIS_CD,SUSP_MINOR_INJ_COUNT,SUSP_SERIOUS_INJ_COUNT,SUV_COUNT,TCD_FUNC_CD,TCD_TYPE,TFC_DETOUR_IND,TIME_OF_DAY,TOT_INJ_COUNT,TOTAL_UNITS,UNB_DEATH_COUNT,UNB_SUSP_SERIOUS_INJ_COUNT,UNBELTED_OCC_COUNT,UNK_INJ_DEG_COUNT,UNK_INJ_PER_COUNT,URBAN_AREA,URBAN_RURAL,VAN_COUNT,VEHICLE_COUNT,WEATHER1,WEATHER2,WORK_ZONE_IND,WORK_ZONE_LOC,WORK_ZONE_TYPE,WORKERS_PRES,WZ_CLOSE_DETOUR,WZ_FLAGGER,WZ_LAW_OFFCR_IND,WZ_LN_CLOSURE,WZ_MOVING,WZ_OTHER,WZ_SHLDER_MDN,WZ_WORKERS_INJ_KILLED
2010040521,620.0,1,0,0,0,0,0,0,0,0,8,0,,67,4,2010,6,40.027,-75.1242,611.0,6,0,0,0,0,0,0,0,0,,0,0,0,5.0,5,1,0,,0,40 01:37.023,,0,75 07:27.256,8,0,0,0,67301,1,0,0,,1,0,0,2,67301,0,,1,98,,N,N,,0,,0,0,0,0,0,,500.0,1,2,0,0,0,1,1,3,4,0,1,99,,N,,,,,,,,,,,
2010048683,122.0,1,0,0,0,0,0,0,0,0,7,0,,67,4,2010,4,39.9401,-75.2008,121.0,6,0,0,0,0,0,0,0,0,,0,0,0,1.0,3,1,1,,0,39 56:24.464,,0,75 12:02.802,8,0,0,0,67301,0,0,0,,0,0,0,1,67301,0,,5,1,,N,N,,0,,0,0,0,3,2,,121.0,1,1,0,0,0,1,0,3,4,0,1,3,,N,,,,,,,,,,,
2010048778,1405.0,2,0,0,0,0,0,0,0,0,4,0,,67,4,2010,5,40.058,-75.0527,1400.0,6,0,0,0,0,0,0,1,0,,0,0,0,12.0,1,0,1,,0,40 03:28.882,,0,75 03:09.932,0,0,0,0,67301,0,0,0,,0,0,0,2,67301,0,,1,1,,,,,0,,0,0,0,3,2,,1213.0,0,2,0,0,0,0,0,3,4,0,2,3,,N,,,,,,,,,,,
2010055131,1533.0,0,0,0,0,0,0,0,0,0,4,0,,67,5,2010,3,40.0358,-75.1255,1532.0,6,0,0,0,0,0,2,0,0,1.0,1,0,0,15.0,1,2,1,,2,40 02:08.823,7.0,0,75 07:31.679,1,0,0,0,67301,1,1,0,,1,1,0,3,67301,2,2.0,1,9,,,,,0,0.0,0,0,1,3,2,Y,1530.0,2,3,0,0,0,0,0,3,4,1,2,7,,N,,,,,,,,,,,
2010070691,1223.0,2,0,0,0,0,0,0,0,0,4,0,,67,6,2010,4,39.9292,-75.2292,1223.0,6,0,0,0,0,0,0,0,0,3.0,0,0,0,12.0,1,2,1,,2,39 55:45.184,5.0,0,75 13:45.242,8,0,0,0,67301,0,0,0,N,0,0,0,3,67301,0,,1,1,,N,N,,0,,0,0,0,3,2,Y,1222.0,2,2,0,0,0,2,0,3,4,0,2,3,,N,,,,,,,,,,,
2010070771,1909.0,2,0,0,0,0,0,0,0,0,2,0,,67,6,2010,2,40.0506,-75.0102,1907.0,6,0,0,0,0,0,1,0,0,,0,0,0,14.0,1,1,2,,0,40 03:02.108,,0,75 00:36.644,8,0,0,0,67301,0,0,0,,0,0,0,4,67301,0,,1,1,,,,,0,,0,0,0,3,2,,1405.0,1,2,0,0,0,1,1,3,4,0,2,3,,N,,,,,,,,,,,
2010070774,1705.0,0,0,0,0,0,0,0,0,0,4,0,,67,6,2010,2,39.9556,-75.1728,1703.0,6,0,0,0,0,0,1,0,0,,0,0,0,16.0,1,2,1,,0,39 57:20.167,,0,75 10:21.953,4,0,0,0,67301,0,0,0,N,0,0,0,3,67301,2,,1,1,,N,N,,1,,0,0,1,3,2,,1652.0,2,2,0,0,0,0,0,3,4,0,2,3,,N,,,,,,,,,,,
2010076333,1304.0,0,0,0,0,0,0,0,0,0,0,0,,67,8,2010,7,39.9815,-75.2071,1254.0,6,0,0,0,0,0,1,0,0,2.0,0,0,0,12.0,1,0,0,,1,39 58:56.825,3.0,0,75 12:28.215,0,0,0,0,67301,0,0,0,N,0,0,0,1,68K01,0,,1,1,,N,N,,0,,0,0,0,0,0,N,1242.0,0,1,0,0,0,0,0,3,4,1,1,3,,N,,,,,,,,,,,
2010054201,703.0,1,0,0,0,0,0,0,0,0,1,0,,67,6,2010,2,40.0555,-75.1262,701.0,6,0,0,0,0,0,1,0,0,1.0,0,0,0,7.0,1,2,0,,1,40 03:19.694,4.0,0,75 07:34.285,3,0,0,0,67301,0,0,0,N,0,0,0,3,46102,1,,1,1,,N,N,,0,,1,0,0,3,2,N,701.0,2,2,0,0,0,0,0,3,4,1,2,3,,N,,,,,,,,,,,
2010052095,1852.0,0,0,0,0,0,0,0,0,0,7,0,,67,5,2010,1,40.1171,-75.0195,1846.0,6,0,0,0,0,0,0,0,0,1.0,0,0,0,18.0,1,2,0,,1,40 07:01.708,2.0,0,75 01:10.060,3,0,0,0,67301,0,0,0,N,0,0,0,2,67301,0,,5,1,,N,N,,0,,1,0,1,0,0,N,1845.0,2,1,0,0,0,1,0,3,4,0,1,3,,N,,,,,,,,,,,
2010054953,239.0,1,0,0,0,0,0,0,0,0,1,0,55.0,67,5,2010,7,39.8935,-75.196,239.0,6,0,0,0,0,0,1,0,0,4.0,0,0,0,2.0,3,3,0,,2,39 53:54.228,1.0,0,75 10:53.792,3,0,0,0,67301,0,0,0,N,0,0,0,4,68K01,0,,1,1,,N,N,,0,,1,0,1,3,8,N,236.0,3,2,0,0,0,2,0,3,4,0,2,3,,Y,1.0,1.0,N,N,N,N,Y,N,N,N,
2010052498,1242.0,0,0,0,0,0,0,0,0,0,8,0,,67,5,2010,5,39.9469,-75.1496,1239.0,6,0,0,0,0,0,0,0,0,,0,0,0,12.0,1,1,0,,0,39 56:48.910,,0,75 08:58.725,8,0,0,0,67301,1,0,0,N,1,0,0,2,67301,0,,1,1,,N,N,,1,,0,0,0,0,0,,1221.0,1,2,0,0,1,1,0,3,4,0,1,3,,N,,,,,,,,,,,
2010117716,1602.0,1,0,0,0,0,0,0,0,0,8,0,,67,10,2010,6,39.9771,-75.2299,1602.0,6,0,0,0,0,0,1,0,0,,0,0,0,15.0,1,1,1,,0,39 58:37.470,,0,75 13:47.492,8,0,0,0,67301,1,0,0,,1,0,0,2,67301,0,,1,1,,,,,0,,0,0,0,3,2,,1550.0,1,2,0,0,0,1,0,3,4,0,1,3,,N,,,,,,,,,,,
2010099566,40.0,0,0,0,0,0,0,0,0,0,5,0,,67,9,2010,7,40.0382,-75.1029,36.0,6,0,0,0,0,0,0,0,0,,0,0,0,0.0,3,1,0,,0,40 02:17.642,,0,75 06:10.490,4,0,0,0,67301,1,0,0,N,1,0,0,2,67301,1,,1,1,,N,N,,0,,0,0,1,0,0,,36.0,1,3,0,0,0,0,1,3,4,0,2,3,,N,,,,,,,,,,,
2010126696,1801.0,2,0,0,0,0,0,0,0,0,1,0,,67,12,2010,2,39.9479,-75.1866,1755.0,6,0,0,0,0,0,0,0,0,1.0,0,0,0,17.0,3,0,6,,1,39 56:57.647,4.0,2,75 11:03.883,0,0,0,0,67301,0,0,0,N,0,0,0,2,68K01,0,,1,1,,N,N,,0,,0,0,0,0,0,N,1753.0,0,2,0,0,0,0,0,3,4,0,2,3,,N,,,,,,,,,,,
2010122398,2123.0,1,0,0,0,0,0,0,0,0,4,0,,67,11,2010,7,40.0166,-75.1348,2121.0,6,0,0,0,0,0,0,0,0,,0,0,0,21.0,3,1,2,,0,40 00:59.828,,0,75 08:05.348,3,0,0,0,67301,0,0,0,N,0,0,0,2,67301,0,,1,1,,N,N,,1,,1,0,0,2,2,,2118.0,1,2,0,0,0,0,0,3,4,0,2,3,,N,,,,,,,,,,,
2010114655,1726.0,1,0,0,0,0,0,0,0,0,7,0,,67,11,2010,1,39.9108,-75.1488,1720.0,6,0,0,0,0,0,0,0,0,2.0,0,0,0,17.0,3,0,0,,2,39 54:41.895,1.0,0,75 08:55.270,0,0,0,0,67301,0,0,0,Y,0,0,0,2,68K01,0,,4,1,,N,N,,0,,0,0,1,0,0,Y,1720.0,0,2,0,0,0,0,0,3,4,0,2,3,,N,,,,,,,,,,,
2010074496,2300.0,1,0,0,0,0,0,0,0,0,4,0,,67,6,2010,2,40.0274,-75.2265,2256.0,6,0,0,0,0,1,1,0,0,2.0,0,0,0,22.0,3,1,2,,2,40 01:38.809,6.0,0,75 13:35.504,3,0,0,0,67301,0,0,0,N,0,0,0,5,67301,0,,1,1,,N,N,,0,,1,0,1,3,3,Y,2230.0,1,2,0,0,0,0,0,3,4,0,2,3,,N,,,,,,,,,,,
2010081923,639.0,0,0,0,0,0,0,0,0,0,4,0,,67,7,2010,7,40.0456,-75.1285,638.0,6,0,0,0,0,0,0,1,0,,0,0,0,6.0,1,3,1,,0,40 02:44.254,,0,75 07:42.459,3,0,0,0,67301,0,0,0,,0,0,0,3,67301,1,,1,1,,N,N,,0,,2,0,1,3,2,,634.0,3,2,0,0,0,0,0,3,4,1,2,3,,N,,,,,,,,,,,
2010034191,122.0,0,0,0,0,0,0,0,0,0,7,0,,67,3,2010,6,40.0352,-75.1084,120.0,6,0,0,0,0,0,0,0,0,9.0,0,0,0,99.0,3,0,0,,1,40 02:06.106,3.0,0,75 06:29.958,0,0,0,0,67301,0,0,0,N,0,0,0,3,67301,0,,4,1,,N,N,,0,,0,0,1,3,2,N,9999.0,0,2,0,0,0,0,0,3,4,1,2,3,,N,,,,,,,,,,,
2010093314,1948.0,1,0,0,1,0,0,0,0,0,4,0,,67,8,2010,5,39.9695,-75.2505,1948.0,6,0,0,0,0,0,1,0,0,,0,0,0,19.0,1,1,1,,0,39 58:10.138,,0,75 15:01.648,4,0,0,0,67301,1,0,0,,0,0,0,2,67301,1,,1,1,,,,,0,,0,0,0,3,3,,1940.0,1,2,0,0,0,0,0,3,4,0,1,3,,N,,,,,,,,,,,
2010088664,2045.0,2,0,0,0,0,0,0,0,0,1,0,,67,8,2010,5,40.0012,-75.2264,2036.0,6,0,0,0,0,0,1,0,0,3.0,0,0,0,19.0,3,1,1,,1,40 00:04.340,1.0,0,75 13:35.009,8,0,0,0,67301,0,0,0,,0,0,0,3,67301,0,,1,1,,N,,,0,,0,0,0,3,2,N,1940.0,1,2,0,0,0,1,0,3,4,0,2,3,,N,,,,,,,,,,,
2010088670,1757.0,1,0,0,1,0,0,0,0,0,4,0,,67,8,2010,4,39.9797,-75.1713,1755.0,6,0,0,0,0,0,1,0,0,,0,0,0,17.0,1,1,0,,0,39 58:46.970,,0,75 10:16.506,3,0,0,0,67301,1,0,0,N,0,0,0,4,67301,0,,1,1,,,,,0,,1,0,1,0,0,,1752.0,1,3,0,0,0,0,0,3,4,0,2,3,,N,,,,,,,,,,,
2010088675,2105.0,2,0,0,0,0,0,0,0,0,4,0,,67,8,2010,7,39.9858,-75.2156,2053.0,6,0,0,0,0,0,0,0,0,2.0,0,0,0,20.0,3,2,1,,1,39 59:09.028,1.0,0,75 12:56.230,4,0,0,0,67301,0,0,0,N,0,0,0,5,67301,2,,1,1,,N,N,,0,,0,0,0,3,2,N,2045.0,2,2,0,0,0,0,0,3,4,0,2,3,,N,,,,,,,,,,,
2010088683,9999.0,2,0,0,0,0,0,0,0,0,4,0,,67,8,2010,6,39.9469,-75.207,9999.0,6,0,0,0,0,0,0,0,0,,0,0,0,14.0,1,2,1,,0,39 56:48.703,,0,75 12:25.232,3,0,0,0,67301,0,0,0,N,0,0,0,3,67301,0,,1,1,,N,N,,0,,2,0,0,3,2,,1459.0,2,2,0,0,0,0,1,3,4,0,2,3,,N,,,,,,,,,,,
2010088717,1805.0,2,0,0,0,0,0,0,0,0,1,0,,67,7,2010,5,40.0272,-75.0989,1759.0,6,0,0,0,0,0,3,0,0,2.0,0,0,0,17.0,1,2,2,,1,40 01:38.505,1.0,0,75 05:56.834,4,0,0,0,67301,0,0,0,N,0,0,0,4,67301,2,,1,1,,N,N,,0,,0,0,1,3,2,Y,1755.0,2,3,0,0,0,0,0,3,4,0,3,3,,N,,,,,,,,,,,
2010088768,129.0,4,0,0,0,0,0,0,0,0,4,0,,67,8,2010,6,39.9216,-75.1681,129.0,6,0,0,0,0,0,1,0,0,2.0,0,0,0,1.0,3,1,1,,2,39 55:17.929,3.0,0,75 10:05.311,4,0,0,0,67301,0,0,0,,0,0,0,2,67301,1,,1,1,,,,,0,,0,0,0,3,3,Y,129.0,1,4,0,0,0,0,0,3,4,0,4,3,,N,,,,,,,,,,,
2010103095,1449.0,3,0,0,0,0,0,0,0,0,1,0,,67,9,2010,2,39.9363,-75.2214,1445.0,6,0,0,0,0,1,1,0,0,,0,0,0,14.0,1,0,0,,0,39 56:10.604,,0,75 13:17.018,0,0,0,0,67301,0,0,0,,0,0,0,4,67301,0,,1,1,,N,N,,1,,0,0,0,0,0,,1445.0,0,4,0,0,0,0,0,3,4,0,4,3,,N,,,,,,,,,,,
2010103101,135.0,1,0,0,0,0,0,0,0,0,4,0,,67,9,2010,4,39.9604,-75.2411,130.0,6,0,0,0,0,0,0,0,0,,0,0,0,1.0,3,1,1,,0,39 57:37.583,,0,75 14:27.758,8,0,0,0,67301,0,0,0,N,0,0,0,4,67301,0,,1,1,,N,N,,0,,0,0,0,2,2,,128.0,1,2,0,0,0,1,0,3,4,1,2,3,,N,,,,,,,,,,,
2010103106,1007.0,2,0,0,0,0,0,0,0,0,6,0,,67,9,2010,5,40.0072,-75.0987,1005.0,6,0,0,0,0,0,0,0,0,,0,0,0,10.0,1,1,1,,0,40 00:25.900,,0,75 05:55.461,4,0,0,0,67301,0,0,0,N,0,0,0,2,67301,1,,1,1,,N,N,,0,,0,0,0,3,2,,1000.0,1,2,0,0,0,0,0,3,4,0,2,3,,N,,,,,,,,,,,
2010103075,1350.0,1,0,0,1,0,0,0,0,0,4,0,,67,9,2010,5,39.9517,-75.1582,1346.0,6,0,0,0,0,0,0,1,0,,0,0,0,13.0,1,1,1,,0,39 57:05.956,,0,75 09:29.697,3,0,0,0,67301,1,0,0,N,0,0,0,2,67301,0,,1,1,,N,,,0,,1,0,0,3,2,,1343.0,1,2,0,0,0,0,0,3,4,0,1,3,,N,,,,,,,,,,,
2010125077,1947.0,2,0,0,0,0,0,0,0,0,6,0,,67,11,2010,6,40.015,-75.131,1945.0,6,0,0,0,0,0,0,0,0,,0,0,0,19.0,3,0,0,,0,40 00:54.154,,0,75 07:51.718,0,0,0,0,67301,0,0,0,,0,0,0,1,67301,0,,5,1,,,,,0,,0,0,0,0,0,,1942.0,0,2,0,0,1,0,0,3,4,0,2,3,,N,,,,,,,,,,,
2010125086,1805.0,2,0,0,0,0,0,0,0,0,1,0,,67,11,2010,2,39.9861,-75.1215,1803.0,6,0,0,0,0,0,1,0,0,,0,0,0,18.0,2,2,2,,0,39 59:10.094,,0,75 07:17.509,4,0,0,0,67301,0,0,0,,0,0,0,3,67301,2,,1,9,,,,,0,,0,0,0,3,3,,1801.0,2,2,0,0,0,0,0,3,4,0,2,7,,N,,,,,,,,,,,
2010117889,850.0,3,0,0,0,0,0,0,0,0,1,0,,67,11,2010,6,40.0113,-75.07,850.0,6,0,0,0,0,0,1,0,0,1.0,0,0,0,8.0,1,1,0,,1,40 00:40.684,1.0,0,75 04:11.925,4,0,0,0,67301,0,0,0,N,0,0,0,3,67301,1,,1,9,,N,N,,0,,0,0,0,3,2,N,850.0,1,3,0,0,0,0,0,3,4,0,3,7,,N,,,,,,,,,,,
2010117700,1135.0,1,0,0,0,0,0,0,0,0,8,0,,67,9,2010,7,40.0272,-75.0989,1126.0,6,0,0,0,0,0,0,0,0,,0,0,0,11.0,1,1,2,,0,40 01:38.505,,7,75 05:56.834,3,0,0,0,67301,1,0,0,N,1,0,0,2,67301,0,,1,1,,N,N,,0,,1,0,0,3,2,,1122.0,1,2,0,0,0,0,0,3,4,0,1,3,,N,,,,,,,,,,,
2010114727,842.0,1,0,0,0,0,0,0,0,0,7,0,,67,11,2010,3,39.9538,-75.1396,842.0,6,0,0,0,0,0,0,0,0,,0,0,0,8.0,1,1,0,,0,39 57:13.185,,3,75 08:22.910,4,0,0,0,67301,0,0,0,N,0,0,0,1,67501,1,,1,1,,N,N,,0,,0,0,0,0,0,,842.0,1,1,0,0,0,0,0,3,4,0,1,3,,N,,,,,,,,,,,
2010109708,1121.0,1,0,0,0,0,0,0,0,0,4,0,,67,11,2010,3,39.9801,-75.1048,1110.0,6,0,0,1,0,0,1,0,0,,0,0,0,11.0,1,1,0,,0,39 58:48.868,,0,75 06:17.356,4,0,0,0,67301,0,0,0,N,0,0,0,2,68K01,1,,1,1,,N,N,,1,,0,0,0,0,0,,1110.0,1,2,0,0,0,0,0,3,4,0,2,3,,N,,,,,,,,,,,
2010005385,1810.0,2,0,0,0,0,0,0,0,0,1,0,,67,1,2010,5,40.0231,-75.036,1750.0,6,0,0,0,0,0,2,0,0,1.0,0,0,0,17.0,3,1,6,,2,40 01:22.658,2.0,2,75 02:09.745,8,0,0,0,67301,0,0,0,N,0,0,0,3,68K01,0,,1,1,,N,N,,0,,0,0,0,3,4,N,1745.0,1,2,0,0,0,1,0,3,4,0,2,3,,N,,,,,,,,,,,
2010037098,956.0,3,0,0,0,0,0,0,0,0,1,0,,67,4,2010,3,39.9001,-75.1597,951.0,6,0,0,0,0,0,2,0,0,2.0,0,0,0,9.0,1,1,0,,1,39 54:01.240,2.0,0,75 09:28.467,8,0,0,0,67301,0,0,0,N,0,0,0,3,68K01,0,,1,1,,N,N,,0,,0,0,0,0,0,N,950.0,1,3,0,0,0,1,0,3,4,0,3,3,,N,,,,,,,,,,,
2010048700,1540.0,1,0,0,0,0,0,0,0,0,7,0,,67,4,2010,6,40.1093,-75.0256,1525.0,6,0,0,0,1,0,0,0,0,2.0,0,0,0,15.0,1,0,2,,2,40 06:33.392,6.0,0,75 01:31.993,0,0,0,0,67301,0,0,0,N,0,0,0,1,67301,0,,2,1,,N,N,,0,,0,0,0,0,0,Y,1508.0,0,1,0,0,0,0,0,3,4,0,1,3,,N,,,,,,,,,,,
2010048710,52.0,1,0,0,0,0,0,0,0,0,8,0,,67,4,2010,7,39.9745,-75.1587,50.0,6,0,0,0,0,1,0,0,0,,0,0,0,0.0,2,1,1,,0,39 58:28.020,,0,75 09:31.391,4,0,0,0,67301,1,0,0,N,1,0,0,2,67301,1,,1,9,,N,N,,0,,0,0,0,3,2,,48.0,1,2,0,0,0,0,0,3,4,0,1,7,,N,,,,,,,,,,,
2010058920,1400.0,1,0,0,0,0,0,0,0,0,4,0,,67,5,2010,3,40.0578,-75.1848,1352.0,6,0,0,0,0,0,0,1,1,,0,0,0,13.0,1,0,1,,0,40 03:27.979,,0,75 11:05.375,0,0,0,0,67301,0,0,0,N,0,0,0,2,67301,0,,1,1,,N,,,1,,0,0,0,3,3,,1315.0,0,2,0,0,0,0,0,3,4,0,2,3,,N,,,,,,,,,,,
2010048744,1603.0,0,0,0,0,0,0,0,0,0,4,0,,67,4,2010,2,39.9969,-75.1538,1518.0,6,0,0,0,0,0,0,0,0,,0,0,0,15.0,1,2,0,,0,39 59:48.784,,7,75 09:13.752,3,0,0,0,67301,0,0,0,N,0,0,0,4,67301,0,,1,1,,N,N,,0,,1,0,2,0,0,,1510.0,2,2,0,0,0,1,2,3,4,0,2,3,,N,,,,,,,,,,,
2010048776,143.0,0,0,0,0,0,0,0,0,0,8,0,,67,4,2010,1,40.0151,-75.1355,143.0,6,0,0,0,0,0,0,0,0,2.0,0,0,0,1.0,6,1,0,,2,40 00:54.338,4.0,0,75 08:07.666,3,0,0,0,67301,1,0,0,N,1,0,0,2,67301,0,,1,98,,N,N,,0,,1,0,1,0,0,Y,143.0,1,2,0,0,0,0,0,3,4,0,1,99,,N,,,,,,,,,,,
2010062984,1715.0,1,0,0,0,0,0,0,0,0,4,0,,67,5,2010,4,40.0787,-74.9985,1700.0,6,0,0,0,0,0,1,0,0,,0,0,0,99.0,1,0,2,,0,40 04:43.216,,0,74 59:54.741,0,0,0,0,67301,0,0,0,,0,0,0,2,67301,0,,1,1,,N,N,,0,,0,0,0,3,2,,9999.0,0,2,0,0,0,0,0,3,4,1,2,3,,N,,,,,,,,,,,
2010058008,643.0,1,0,0,0,0,0,0,0,0,1,0,,67,5,2010,2,40.0061,-75.1936,626.0,6,0,0,0,0,0,0,0,0,,0,0,0,6.0,1,1,0,,0,40 00:23.138,,0,75 11:35.350,3,0,0,0,67301,0,0,0,N,0,0,0,3,68K01,0,,1,1,,N,N,,0,,1,0,1,0,0,,618.0,1,2,0,0,0,0,0,3,4,0,2,3,,N,,,,,,,,,,,
2010070059,545.0,1,0,0,0,0,0,0,0,0,8,0,,67,6,2010,1,40.0382,-75.1017,540.0,6,0,0,0,0,0,0,0,0,,0,0,0,5.0,1,1,0,,0,40 02:17.360,,0,75 06:06.290,4,0,0,0,67301,1,0,0,N,1,0,0,2,67301,1,,1,1,,N,N,,0,,0,0,0,0,0,,514.0,1,2,0,0,0,0,0,3,4,0,1,3,,N,,,,,,,,,,,
2010070704,1850.0,1,0,0,0,0,0,0,0,0,6,0,,67,6,2010,3,39.991,-75.112,1845.0,6,1,0,0,0,0,0,0,0,,0,0,0,17.0,1,1,0,,0,39 59:27.569,,0,75 06:43.259,4,0,0,1,67301,0,0,0,N,0,0,0,2,67301,1,,1,1,,N,N,,0,,0,0,0,3,3,,1710.0,1,2,0,0,0,0,0,3,4,0,2,3,,N,,,,,,,,,,,
2010067965,2124.0,1,0,0,0,0,0,0,0,0,5,0,,67,6,2010,4,39.971,-75.215,2113.0,6,0,0,0,0,0,0,0,0,,0,0,0,21.0,3,1,2,,0,39 58:15.427,,7,75 12:53.965,4,0,0,1,67301,0,0,0,N,0,0,0,2,67301,1,,1,1,,N,N,,0,,0,0,0,0,0,,2111.0,1,2,0,0,0,0,0,3,4,0,2,3,,N,,,,,,,,,,,
2010070741,1415.0,1,0,0,0,0,0,1,0,0,4,1,,67,6,2010,5,40.0391,-75.0886,1413.0,6,0,0,0,0,0,1,0,0,,0,0,0,14.0,1,5,0,,0,40 02:20.873,,0,75 05:18.792,8,0,0,0,67301,0,0,0,N,0,0,0,7,67301,0,,1,1,,N,N,,0,,0,0,0,0,0,,1410.0,5,2,0,0,0,5,0,3,4,0,2,3,,N,,,,,,,,,,,
2010070751,9999.0,2,0,1,0,0,0,0,0,0,4,0,,67,6,2010,7,39.9693,-75.1432,9999.0,6,0,0,0,0,0,0,0,0,,0,0,0,20.0,3,4,1,,0,39 58:09.631,,0,75 08:35.678,2,0,0,0,67301,0,0,0,N,0,0,0,5,67301,3,,1,1,,N,N,,0,,0,1,0,3,3,,2015.0,4,2,0,0,0,0,1,3,4,0,2,3,,N,,,,,,,,,,,
2010051281,1927.0,1,0,0,1,0,0,0,0,0,4,0,,67,5,2010,3,39.9701,-75.1264,1927.0,6,0,0,0,0,0,0,0,0,1.0,0,0,0,19.0,1,1,0,,2,39 58:12.470,3.0,7,75 07:35.180,3,0,0,0,67301,1,0,0,N,0,0,0,2,68K01,0,,1,1,,N,N,,0,,1,0,0,0,0,Y,1926.0,1,2,0,0,0,0,0,3,4,0,1,3,,N,,,,,,,,,,,
2010062656,1410.0,1,0,0,1,0,0,0,0,0,8,0,,67,5,2010,4,39.9624,-75.1615,1409.0,6,0,0,0,0,0,0,0,0,,0,0,0,14.0,1,1,0,,0,39 57:44.595,,0,75 09:41.449,3,0,0,0,67301,1,0,0,N,0,0,0,2,67301,0,,1,1,,N,N,,0,,1,0,0,0,0,,1405.0,1,2,0,0,0,0,1,3,4,0,1,3,,N,,,,,,,,,,,
2010048883,2250.0,2,0,0,0,0,0,0,0,0,5,0,,67,4,2010,7,40.0001,-75.084,2248.0,6,0,1,0,0,0,0,0,0,,0,0,0,22.0,3,0,0,,0,40 00:00.494,,0,75 05:02.361,0,0,0,0,67301,0,0,0,N,0,0,0,4,67301,0,,1,1,,N,N,,0,,0,0,0,0,0,,2245.0,0,2,0,0,0,0,0,3,4,0,2,3,,N,,,,,,,,,,,
2010052456,220.0,0,0,0,0,0,0,0,0,0,4,0,,67,5,2010,6,39.9571,-75.1511,219.0,6,0,0,0,0,0,0,0,0,2.0,0,0,0,2.0,3,1,5,,1,39 57:25.688,1.0,2,75 09:03.847,8,0,0,0,67301,0,0,0,N,0,0,0,5,67301,0,,1,1,,N,N,,1,,0,0,1,3,2,Y,210.0,1,2,0,0,0,1,0,3,4,0,2,3,,N,,,,,,,,,,,
2010117705,1248.0,2,0,0,0,0,0,0,0,0,4,0,,67,10,2010,6,40.0345,-75.0821,1247.0,6,0,0,0,0,0,0,0,0,,0,0,0,12.0,1,1,1,,0,40 02:04.181,,0,75 04:55.978,8,0,0,0,67301,0,0,0,N,0,0,0,3,67301,0,,1,1,,,N,,0,,0,0,0,3,2,,1245.0,1,2,0,0,0,1,0,3,4,0,2,3,,N,,,,,,,,,,,
2010117746,1342.0,2,0,0,0,0,0,0,0,0,4,0,,67,10,2010,4,39.9526,-75.2184,1339.0,6,0,0,0,0,0,0,1,0,,0,0,0,13.0,1,1,1,,0,39 57:09.244,,0,75 13:06.157,3,0,0,0,67301,0,0,0,N,0,0,0,2,67301,0,,1,1,,N,N,,0,,1,0,0,3,3,,1330.0,1,2,0,0,0,0,0,3,4,0,2,3,,N,,,,,,,,,,,
2010091152,1510.0,1,0,0,0,0,0,0,0,0,5,0,,67,8,2010,2,40.0468,-75.0149,1506.0,6,0,0,0,0,0,0,0,0,,0,0,0,14.0,1,1,2,,0,40 02:48.569,,0,75 00:53.502,4,0,0,0,67301,0,0,0,N,0,0,0,4,67301,1,,1,1,,Y,N,,0,,0,0,0,3,2,,1440.0,1,2,0,0,0,0,0,3,4,1,2,3,,N,,,,,,,,,,,
2010093642,854.0,2,0,0,0,0,0,0,0,0,1,0,,67,9,2010,3,40.0089,-75.0689,853.0,6,0,0,0,0,0,1,0,0,,0,0,0,8.0,1,1,0,,0,40 00:32.031,,0,75 04:08.513,4,0,0,0,67301,0,0,0,N,0,0,0,2,68K01,1,,1,1,,N,N,,0,,0,0,0,0,0,,830.0,1,2,0,0,0,0,0,3,4,0,2,3,,N,,,,,,,,,,,