CRN,ARRIVAL_TM,AUTOMOBILE_COUNT,BELTED_DEATH_COUNT,BELTED_SUSP_SERIOUS_INJ_COUNT,BICYCLE_COUNT,BICYCLE_DEATH_COUNT,BICYCLE_SUSP_SERIOUS_INJ_COUNT,BUS_COUNT,CHLDPAS_DEATH_COUNT,CHLDPAS_SUSP_SERIOUS_INJ_COUNT,COLLISION_TYPE,COMM_VEH_COUNT,CONS_ZONE_SPD_LIM,COUNTY,CRASH_MONTH,CRASH_YEAR,DAY_OF_WEEK,DEC_LAT,DEC_LONG,DISPATCH_TM,DISTRICT,DRIVER_COUNT_16YR,DRIVER_COUNT_17YR,DRIVER_COUNT_18YR,DRIVER_COUNT_19YR,DRIVER_COUNT_20YR,DRIVER_COUNT_50_64YR,DRIVER_COUNT_65_74YR,DRIVER_COUNT_75PLUS,EST_HRS_CLOSED,FATAL_COUNT,HEAVY_TRUCK_COUNT,HORSE_BUGGY_COUNT,HOUR_OF_DAY,ILLUMINATION,INJURY_COUNT,INTERSECT_TYPE,INTERSECTION_RELATED,LANE_CLOSED,LATITUDE,LN_CLOSE_DIR,LOCATION_TYPE,LONGITUDE,MAX_SEVERITY_LEVEL,MCYCLE_DEATH_COUNT,MCYCLE_SUSP_SERIOUS_INJ_COUNT,MOTORCYCLE_COUNT,MUNICIPALITY,NONMOTR_COUNT,NONMOTR_DEATH_COUNT,NONMOTR_SUSP_SERIOUS_INJ_COUNT,NTFY_HIWY_MAINT,PED_COUNT,PED_DEATH_COUNT,PED_SUSP_SERIOUS_INJ_COUNT,PERSON_COUNT,POLICE_AGCY,POSSIBLE_INJ_COUNT,RDWY_SURF_TYPE_CD,RELATION_TO_ROAD,ROAD_CONDITION,ROADWAY_CLEARED,SCH_BUS_IND,SCH_ZONE_IND,SECONDARY_CRASH,SMALL_TRUCK_COUNT,SPEC_JURIS_CD,SUSP_MINOR_INJ_COUNT,SUSP_SERIOUS_INJ_COUNT,SUV_COUNT,TCD_FUNC_CD,TCD_TYPE,TFC_DETOUR_IND,TIME_OF_DAY,TOT_INJ_COUNT,TOTAL_UNITS,UNB_DEATH_COUNT,UNB_SUSP_SERIOUS_INJ_COUNT,UNBELTED_OCC_COUNT,UNK_INJ_DEG_COUNT,UNK_INJ_PER_COUNT,URBAN_AREA,URBAN_RURAL,VAN_COUNT,VEHICLE_COUNT,WEATHER1,WEATHER2,WORK_ZONE_IND,WORK_ZONE_LOC,WORK_ZONE_TYPE,WORKERS_PRES,WZ_CLOSE_DETOUR,WZ_FLAGGER,WZ_LAW_OFFCR_IND,WZ_LN_CLOSURE,WZ_MOVING,WZ_OTHER,WZ_SHLDER_MDN,WZ_WORKERS_INJ_KILLED
2010090666,949.0,1,0,0,0,0,0,0,0,0,4,1,,67,8,2010,3,39.9581,-75.1418,944.0,6,0,0,0,0,0,0,0,0,1.0,0,1,0,9.0,1,1,0,,1,39 57:25.652,3.0,2,75 08:37.205,3,0,0,0,67301,0,0,0,N,0,0,0,2,68K01,0,,1,1,,N,N,,0,,1,0,0,0,0,N,940.0,1,2,0,0,0,0,0,3,4,0,2,3,,N,,,,,,,,,,,
2010087075,2150.0,1,0,0,0,0,0,0,0,0,0,0,,67,9,2010,1,39.9055,-75.1315,2148.0,6,0,0,0,0,0,0,1,0,1.0,0,0,0,21.0,3,0,0,,1,39 54:19.801,4.0,3,75 07:53.515,0,0,0,0,67301,0,0,0,N,0,0,0,7,67501,0,,1,1,,N,N,,0,,0,0,0,3,8,N,2148.0,0,3,0,0,0,0,0,3,4,2,3,3,,N,,,,,,,,,,,
2010099573,9999.0,2,0,0,0,0,0,0,0,0,4,0,,67,9,2010,4,40.057,-75.0343,940.0,6,0,0,0,0,0,0,0,1,,0,0,0,9.0,1,1,1,,0,40 03:25.671,,0,75 02:04.150,8,0,0,0,67301,0,0,0,N,0,0,0,3,67301,0,,1,1,,N,N,,0,,0,0,0,2,2,,930.0,1,2,0,0,0,1,0,3,4,0,2,3,,N,,,,,,,,,,,
2010113324,1458.0,1,0,0,0,0,0,0,0,0,7,0,,67,10,2010,3,40.1099,-74.9958,1454.0,6,0,0,0,0,0,1,0,0,,0,0,0,14.0,1,1,0,,0,40 06:33.856,,2,74 59:44.576,4,0,0,0,67301,0,0,0,N,0,0,0,1,67301,1,,2,9,,N,N,,0,,0,0,0,0,0,,1454.0,1,1,0,0,0,0,0,3,4,0,1,7,,N,,,,,,,,,,,
2010058318,1801.0,2,0,0,0,0,0,0,0,0,1,0,,67,6,2010,1,39.9241,-75.1924,1801.0,6,0,0,0,0,0,0,0,0,,0,0,0,17.0,1,2,0,,0,39 55:32.067,,0,75 11:37.340,4,0,0,0,67301,0,0,0,N,0,0,0,7,68K01,2,,1,1,,N,N,,0,,0,0,0,0,0,,1755.0,2,2,0,0,0,0,0,3,4,0,2,3,,N,,,,,,,,,,,
2010105126,854.0,1,0,0,0,0,0,0,0,0,1,0,,67,10,2010,5,40.0571,-75.129,849.0,6,0,0,0,0,0,0,0,0,,0,0,0,8.0,1,1,1,,0,40 03:25.655,,0,75 07:44.297,4,0,0,0,67301,0,0,0,N,0,0,0,2,46102,1,,1,9,,N,N,,0,,0,0,1,3,2,,847.0,1,2,0,0,0,0,0,3,4,0,2,3,,N,,,,,,,,,,,
2010102631,338.0,1,0,0,0,0,0,0,0,0,2,0,,67,9,2010,6,39.9295,-75.2431,334.0,6,0,0,0,0,0,0,0,0,,0,0,0,3.0,3,1,2,,0,39 55:46.069,,0,75 14:35.336,8,0,0,0,67301,0,0,0,N,0,0,0,2,67301,0,,7,9,,N,N,,0,,0,0,1,3,3,,325.0,1,2,0,0,0,1,1,3,4,0,2,7,,N,,,,,,,,,,,
2010089570,1347.0,2,0,0,0,0,0,0,0,0,1,0,,67,9,2010,1,39.8907,-75.2214,1324.0,6,0,0,0,0,0,0,0,0,,0,0,0,13.0,1,1,0,,0,39 53:25.262,,0,75 13:15.331,4,0,0,0,67301,0,0,0,N,0,0,0,3,68K01,1,,1,1,,N,N,,0,,0,0,0,0,0,,1309.0,1,2,0,0,0,0,0,3,4,0,2,3,,N,,,,,,,,,,,
2010088799,1925.0,1,0,0,0,0,0,0,0,0,8,0,,67,8,2010,6,40.0634,-75.0489,1920.0,6,0,0,0,0,0,0,0,0,,0,0,0,19.0,1,2,1,,0,40 03:48.366,,0,75 02:56.003,4,0,0,0,67301,2,0,0,N,2,0,0,3,67301,2,,1,1,,N,N,,0,,0,0,0,3,3,,1910.0,2,3,0,0,0,0,1,3,4,0,1,3,,N,,,,,,,,,,,
2010099665,1020.0,1,0,0,0,0,0,0,0,0,7,0,,67,9,2010,4,40.0197,-75.1657,1005.0,6,0,0,0,0,0,0,0,0,,0,0,0,10.0,1,0,2,,0,40 01:11.049,,0,75 09:56.681,0,0,0,0,67301,0,0,0,N,0,0,0,1,67301,0,,2,1,,N,N,,0,,0,0,0,3,3,,1000.0,0,1,0,0,0,0,0,3,4,0,1,3,,N,,,,,,,,,,,
2010099741,826.0,0,0,0,0,0,0,0,0,0,8,0,,67,7,2010,5,40.0269,-75.0593,822.0,6,0,0,0,0,0,0,0,0,,0,0,0,7.0,1,1,1,,0,40 01:36.819,,0,75 03:33.460,8,0,0,0,67301,1,0,0,N,1,0,0,2,67301,0,,1,1,,N,N,,1,,0,0,0,3,3,,758.0,1,2,0,0,0,1,1,3,4,0,1,3,,N,,,,,,,,,,,
2010102940,2109.0,2,0,0,0,0,0,0,0,0,4,0,,67,9,2010,7,39.9627,-75.2467,2107.0,6,0,0,1,0,0,0,0,0,,0,0,0,21.0,3,1,1,,0,39 57:45.942,,0,75 14:48.128,8,0,0,0,67301,0,0,0,N,0,0,0,3,67301,0,,1,1,,N,N,,0,,0,0,1,3,2,,2105.0,1,3,0,0,0,1,0,3,4,0,3,3,,N,,,,,,,,,,,
2010105676,855.0,1,0,0,0,0,0,0,0,0,8,0,,67,9,2010,5,40.0054,-75.1876,851.0,6,0,0,0,0,0,0,0,0,,0,0,0,7.0,1,1,0,,0,40 00:19.587,,0,75 11:15.375,4,0,0,0,67301,1,0,0,N,1,0,0,2,67301,1,,1,9,,N,N,,0,,0,0,1,0,0,,742.0,1,3,0,0,0,0,0,3,4,0,2,7,,N,,,,,,,,,,,
2010105683,740.0,1,0,0,0,0,0,0,0,0,7,0,,67,9,2010,6,39.9877,-75.225,735.0,6,0,0,0,0,0,1,0,0,,0,0,0,5.0,5,2,2,,0,39 59:15.615,,0,75 13:29.927,3,0,0,0,67301,0,0,0,,0,0,0,2,67301,0,,4,9,,,,,0,,1,0,0,3,4,,515.0,2,1,0,0,0,1,0,3,4,0,1,7,,N,,,,,,,,,,,
2010125578,1651.0,1,0,0,0,0,0,0,0,0,1,0,,67,12,2010,5,39.9829,-75.0994,1635.0,6,0,0,0,0,0,0,0,0,,0,0,0,16.0,4,0,0,,0,39 58:58.254,,0,75 05:57.942,0,0,0,0,67301,0,0,0,N,0,0,0,3,68K01,0,,1,1,,N,N,,0,,0,0,1,0,0,,1626.0,0,2,0,0,0,0,0,3,4,0,2,3,,N,,,,,,,,,,,
2010103013,1715.0,1,0,0,0,0,0,0,0,0,8,0,,67,9,2010,2,40.0244,-75.1469,1700.0,6,0,0,0,0,0,0,0,0,,0,0,0,16.0,1,1,1,,0,40 01:27.922,,0,75 08:48.832,4,0,0,0,67301,1,0,0,N,1,0,0,2,67301,1,,1,1,,N,N,,0,,0,0,0,3,2,,1640.0,1,2,0,0,0,0,0,3,4,0,1,3,,N,,,,,,,,,,,
2010103019,1935.0,1,0,0,0,0,0,0,0,0,1,0,,67,9,2010,4,39.9487,-75.1801,1925.0,6,0,0,0,0,0,1,0,0,,0,0,0,19.0,1,1,0,,0,39 56:55.402,,0,75 10:48.238,4,0,0,0,67301,0,0,0,N,0,0,0,3,67301,1,,1,1,,N,N,,1,,0,0,1,0,0,,1925.0,1,3,0,0,0,0,0,3,4,0,3,3,,N,,,,,,,,,,,
2010125117,906.0,1,0,0,0,0,0,0,0,0,8,0,,67,11,2010,4,40.0003,-75.2284,905.0,6,0,0,0,0,0,1,0,0,1.0,0,0,0,9.0,1,1,2,,1,40 00:00.985,1.0,0,75 13:42.144,8,0,0,0,67301,1,0,0,,1,0,0,2,67301,0,,1,1,,,,,0,,0,0,0,3,2,N,900.0,1,2,0,0,0,1,0,3,4,0,1,3,,N,,,,,,,,,,,
2010085603,2020.0,0,0,0,0,0,0,0,0,0,7,1,,67,9,2010,3,40.0045,-75.1795,1953.0,6,0,0,0,0,0,1,0,0,3.0,0,1,0,19.0,3,0,0,,2,40 00:16.373,6.0,1,75 10:46.152,0,0,0,0,67301,0,0,0,N,0,0,0,1,67301,0,,9,1,,N,N,,0,,0,0,0,0,0,Y,1950.0,0,1,0,0,0,0,0,3,4,0,1,3,,N,,,,,,,,,,,
2010117922,1641.0,1,0,0,0,0,0,0,0,0,8,0,,67,11,2010,2,39.9339,-75.2254,1641.0,6,0,0,0,0,0,0,0,0,,0,0,0,99.0,1,1,1,,0,39 56:01.982,,0,75 13:31.425,4,0,0,0,67301,1,0,0,N,1,0,0,2,67301,1,,1,1,,N,N,,0,,0,0,0,0,0,,9999.0,1,2,0,0,0,0,0,3,4,0,1,3,,N,,,,,,,,,,,
2010058817,830.0,1,0,0,0,0,0,0,0,0,8,0,,67,5,2010,2,39.9491,-75.162,823.0,6,0,0,0,0,0,0,0,0,,0,0,0,8.0,1,1,2,,0,39 56:56.644,,0,75 09:43.308,8,0,0,0,67301,1,0,0,N,1,0,0,2,67301,0,,1,1,,N,N,,0,,0,0,0,3,2,,822.0,1,2,0,0,0,1,0,3,4,0,1,98,,N,,,,,,,,,,,
2010072787,1200.0,1,0,0,0,0,0,0,0,0,7,0,,67,8,2010,1,40.0588,-75.1317,1155.0,6,0,0,0,0,1,0,0,0,,0,0,0,11.0,1,4,2,,0,40 03:31.459,,0,75 07:54.249,3,0,0,0,67301,0,0,0,N,0,0,0,4,46102,3,,2,9,,N,N,,0,,1,0,0,0,0,,1150.0,4,1,0,0,0,0,0,3,4,0,1,7,,N,,,,,,,,,,,
2010070701,1020.0,1,0,0,0,0,0,0,0,0,7,0,,67,6,2010,5,40.0512,-75.2241,1016.0,6,0,0,0,0,0,0,0,0,,0,0,0,10.0,1,2,0,,0,40 03:04.905,,0,75 13:27.908,8,0,0,0,67301,0,0,0,,0,0,0,2,07301,0,,5,1,,N,N,,0,,0,0,0,0,0,,1016.0,2,1,0,0,0,2,0,3,4,0,1,3,,N,,,,,,,,,,,
2010070705,1821.0,1,0,0,0,0,0,0,0,0,4,0,,67,6,2010,2,40.0808,-75.0286,1819.0,6,0,0,0,0,0,1,0,0,1.0,0,0,0,18.0,1,2,1,,1,40 04:50.725,1.0,0,75 01:42.964,8,0,0,0,67301,0,0,0,,0,0,0,4,67301,0,,1,1,,N,N,,0,,0,0,1,3,2,N,1815.0,2,2,0,0,0,2,1,3,4,0,2,3,,N,,,,,,,,,,,
2010070790,1520.0,1,0,0,0,0,0,0,0,0,8,0,,67,6,2010,3,40.0427,-75.1219,1515.0,6,0,0,0,0,0,0,0,0,,0,0,0,15.0,1,1,1,,0,40 02:33.730,,0,75 07:18.764,4,0,0,0,67301,1,0,0,N,1,0,0,2,67301,1,,1,1,,N,N,,0,,0,0,0,0,0,,1515.0,1,2,0,0,0,0,0,3,4,0,1,3,,N,,,,,,,,,,,
2010070791,1655.0,1,0,0,0,0,0,0,0,0,4,0,,67,6,2010,3,40.0422,-75.1502,1652.0,6,0,0,0,0,0,1,0,0,,0,0,0,15.0,1,1,2,,0,40 02:31.761,,0,75 09:00.842,3,0,0,1,67301,0,0,0,N,0,0,0,2,67301,0,,1,1,,,N,,0,,1,0,0,0,0,,1508.0,1,2,0,0,0,0,0,3,4,0,2,3,,N,,,,,,,,,,,
2010062661,9999.0,1,0,0,0,0,0,0,0,0,7,0,,67,5,2010,3,39.9117,-75.1927,1548.0,6,0,0,0,0,1,0,0,0,1.0,0,0,0,15.0,1,2,0,,1,39 54:41.983,4.0,0,75 11:33.814,4,0,0,0,67301,0,0,0,N,0,0,0,2,67301,1,,2,1,,N,N,,0,,0,0,0,0,0,N,1530.0,2,1,0,0,2,1,0,3,4,0,1,3,,N,,,,,,,,,,,
2010062690,841.0,2,0,0,0,0,0,0,0,0,4,0,,67,5,2010,6,40.0637,-75.1675,837.0,6,0,0,0,0,0,1,0,0,,0,0,0,8.0,1,2,1,,0,40 03:49.402,,0,75 10:02.823,4,0,0,0,67301,0,0,0,N,0,0,0,2,67301,2,,1,1,,N,N,,0,,0,0,0,3,3,,835.0,2,2,0,0,0,0,0,3,4,0,2,3,,N,,,,,,,,,,,
2010048896,1558.0,1,0,0,0,0,0,0,0,0,1,0,,67,4,2010,6,40.0355,-75.0694,1554.0,6,0,0,0,0,0,0,0,0,1.0,0,0,0,15.0,1,1,0,,1,40 02:07.690,2.0,0,75 04:09.854,4,0,0,0,67301,0,0,0,N,0,0,0,3,67301,1,,1,1,,N,N,,0,,0,0,0,0,0,N,1553.0,1,2,0,0,0,0,0,3,4,1,2,3,,N,,,,,,,,,,,
2010052144,1915.0,1,0,0,0,0,0,0,0,0,1,0,,67,4,2010,5,40.0013,-75.2153,1903.0,6,0,0,0,0,0,1,0,0,,0,0,0,18.0,1,1,3,,0,40 00:04.629,,0,75 12:55.137,4,0,0,0,67301,0,0,0,,0,0,0,2,67301,1,,1,1,,N,N,,1,,0,0,0,3,2,,1855.0,1,2,0,0,0,0,0,3,4,0,2,3,,N,,,,,,,,,,,
2010052212,12.0,1,0,0,1,0,0,0,0,0,1,0,,67,4,2010,7,39.9517,-75.1705,9.0,6,0,0,0,0,0,0,0,0,,0,0,0,0.0,3,1,0,,0,39 57:06.052,,0,75 10:13.772,8,0,0,0,67301,1,0,0,,0,0,0,2,67301,0,,1,1,,,,,0,,0,0,0,0,0,,1.0,1,2,0,0,0,1,0,3,4,0,1,3,,N,,,,,,,,,,,
2010117840,1154.0,2,0,0,0,0,0,0,0,0,1,0,,67,9,2010,6,40.0411,-75.1295,1150.0,6,0,0,0,0,0,1,0,0,,0,0,0,11.0,1,0,1,,0,40 02:27.780,,0,75 07:46.232,0,0,0,0,67301,0,0,0,N,0,0,0,3,67301,0,,1,1,,N,N,,0,,0,0,1,3,2,,1150.0,0,3,0,0,1,0,0,3,4,0,3,3,,N,,,,,,,,,,,
2010117852,315.0,1,0,0,0,0,0,0,0,0,8,0,,67,10,2010,1,39.9486,-75.1461,315.0,6,0,0,0,0,0,0,0,0,,0,0,0,3.0,3,1,0,,0,39 56:55.094,,0,75 08:45.851,8,0,0,0,67301,1,0,0,N,1,0,0,2,67301,0,,1,1,,N,N,,0,,0,0,0,0,0,,315.0,1,2,0,0,0,1,0,3,4,0,1,3,,N,,,,,,,,,,,
2010099576,1840.0,1,0,0,0,0,0,0,0,0,8,0,,67,9,2010,3,39.9569,-75.1828,1820.0,6,0,0,0,0,0,0,0,0,2.0,0,0,0,18.0,1,1,0,,1,39 57:24.910,2.0,7,75 10:58.060,3,0,0,0,67301,1,0,0,N,1,0,0,3,67301,0,,9,1,,N,N,,0,,1,0,0,9,9,Y,1800.0,1,2,0,0,2,0,0,3,4,0,1,3,,N,,,,,,,,,,,
2010121828,815.0,1,0,0,0,0,0,0,0,0,1,0,,67,12,2010,3,39.9508,-75.183,808.0,6,0,0,0,0,0,1,0,0,1.0,0,0,0,8.0,1,0,0,,2,39 57:04.078,4.0,0,75 10:58.049,0,0,0,0,67301,0,0,0,N,0,0,0,3,68K01,0,,1,1,,N,N,,1,,0,0,1,0,0,Y,804.0,0,3,0,0,0,0,0,3,4,0,3,3,,N,,,,,,,,,,,
2010121909,1730.0,0,0,0,0,0,0,1,0,0,4,1,,67,11,2010,4,40.0004,-75.0996,1707.0,6,0,0,0,0,0,0,0,0,,0,0,0,17.0,4,1,2,,0,40 00:01.275,,0,75 05:58.505,8,0,0,0,67301,0,0,0,N,0,0,0,4,67301,0,,1,1,,Y,N,,0,,0,0,1,3,3,,1700.0,1,2,0,0,0,1,0,3,4,0,2,3,,N,,,,,,,,,,,
2010116315,815.0,0,0,0,0,0,0,1,0,0,8,1,,67,10,2010,2,39.9553,-75.1871,812.0,6,0,0,0,0,0,0,0,0,,0,0,0,8.0,3,1,2,,0,39 57:19.007,,0,75 11:13.487,8,0,0,0,67301,1,0,0,N,1,0,0,2,67301,0,,1,1,,N,N,,0,,0,0,0,3,2,,811.0,1,2,0,0,0,1,0,3,4,0,1,3,,N,,,,,,,,,,,
2010114080,1002.0,1,0,0,0,0,0,0,0,0,4,0,,67,10,2010,7,39.9554,-75.1711,1000.0,6,0,0,0,0,0,1,0,0,,0,0,0,9.0,1,2,1,,0,39 57:19.443,,0,75 10:16.111,4,0,0,0,67301,0,0,0,N,0,0,0,4,67301,2,,1,1,,N,N,,1,,0,0,0,3,2,,955.0,2,2,0,0,0,0,0,3,4,0,2,3,,N,,,,,,,,,,,
2010069261,2359.0,0,0,0,0,0,0,0,0,0,7,0,,67,6,2010,1,40.0182,-75.2018,2356.0,6,0,0,0,0,0,1,0,0,,0,0,0,23.0,3,1,0,,0,40 01:05.630,,0,75 12:06.640,3,0,0,0,67301,0,0,0,,0,0,0,1,67301,0,,2,98,,N,N,,0,,1,0,1,0,0,,2352.0,1,1,0,0,0,0,0,3,4,0,1,98,,N,,,,,,,,,,,
2010069859,2040.0,1,0,0,0,0,0,0,0,0,8,0,,67,6,2010,7,39.9998,-75.1144,2035.0,6,0,0,1,0,0,0,0,0,,0,0,0,20.0,1,1,0,,0,39 59:59.280,,0,75 06:51.915,4,0,0,0,67301,1,0,0,N,1,0,0,2,67301,1,,1,1,,N,N,,0,,0,0,0,0,0,,2030.0,1,2,0,0,0,0,0,3,4,0,1,3,,N,,,,,,,,,,,
2010066843,1611.0,1,0,0,0,0,0,0,0,0,1,0,,67,7,2010,4,39.9459,-75.1425,1611.0,6,0,0,0,0,0,0,0,0,,0,0,0,16.0,1,0,0,,0,39 56:45.402,,0,75 08:33.071,0,0,0,0,67301,0,0,0,N,0,0,0,3,68K01,0,,1,9,,N,N,,0,,0,0,0,0,0,,1605.0,0,2,0,0,0,0,0,3,4,1,2,7,,N,,,,,,,,,,,
2010074430,1720.0,1,0,0,0,0,0,0,0,0,7,0,,67,7,2010,7,40.0257,-75.0316,1717.0,6,0,0,0,0,0,1,0,0,,0,0,0,17.0,1,2,1,,0,40 01:32.421,,0,75 01:53.914,4,0,0,0,67301,0,0,0,,0,0,0,2,67301,1,,5,1,,,,,0,,0,0,0,3,2,,1708.0,2,1,0,0,0,1,0,3,4,0,1,3,,N,,,,,,,,,,,
2010074485,1705.0,1,0,0,0,0,0,0,0,0,8,0,,67,6,2010,2,40.0602,-75.1492,1656.0,6,0,0,0,0,0,1,0,0,,0,0,0,16.0,1,1,0,,0,40 03:36.899,,0,75 08:57.227,8,0,0,0,67301,1,0,0,N,1,0,0,2,67301,0,,1,1,,N,Y,,0,,0,0,0,0,0,,1648.0,1,2,0,0,1,1,0,3,4,0,1,3,,N,,,,,,,,,,,
2010061998,35.0,2,0,0,0,0,0,0,0,0,4,0,,67,5,2010,2,39.9688,-75.1362,30.0,6,0,0,0,0,0,0,0,0,,0,0,0,0.0,3,1,1,,0,39 58:07.845,,0,75 08:10.373,4,0,0,0,67301,0,0,0,N,0,0,0,2,67301,1,,1,1,,N,N,,0,,0,0,0,3,2,,1.0,1,2,0,0,0,0,0,3,4,0,2,3,,N,,,,,,,,,,,
2010061945,1636.0,0,0,0,0,0,0,0,0,0,1,0,,67,5,2010,3,40.0424,-75.0507,1624.0,6,0,0,0,0,0,0,0,0,,0,0,0,16.0,8,1,0,,0,40 02:32.726,,0,75 03:02.586,4,0,0,0,67301,0,0,0,N,0,0,0,3,67301,1,,1,9,,N,N,,0,,0,0,2,3,2,,1624.0,1,2,0,0,0,0,0,3,4,0,2,7,,N,,,,,,,,,,,
2010069921,1520.0,1,0,0,0,0,0,0,0,0,4,0,,67,6,2010,7,39.9374,-75.2176,1512.0,6,1,0,0,0,0,1,0,0,,0,0,0,12.0,1,1,1,,0,39 56:14.564,,0,75 13:03.428,8,0,0,0,67301,0,0,0,N,0,0,0,3,67301,0,,1,1,,N,N,,0,,0,0,0,3,3,,1258.0,1,2,0,0,0,1,2,3,4,1,2,3,,N,,,,,,,,,,,
2010099813,145.0,2,0,0,0,0,0,0,0,0,4,0,,67,9,2010,2,40.0441,-75.147,132.0,6,0,0,0,0,0,1,0,0,,0,0,0,1.0,3,2,1,,0,40 02:38.583,,0,75 08:49.037,8,0,0,0,67301,0,0,0,N,0,0,0,3,67301,0,,1,1,,N,N,,0,,0,0,0,3,3,,130.0,2,2,0,0,0,2,1,3,4,0,2,3,,N,,,,,,,,,,,
2010112998,1538.0,3,0,0,0,0,0,0,0,0,1,0,,67,11,2010,7,39.982,-75.2075,1530.0,6,0,0,1,0,0,2,0,0,1.0,0,0,0,15.0,1,1,0,,2,39 58:58.786,3.0,0,75 12:29.119,4,0,0,0,67301,0,0,0,N,0,0,0,4,68K01,1,,1,1,,N,N,,0,,0,0,0,0,0,N,1521.0,1,3,0,0,0,0,0,3,4,0,3,3,,N,,,,,,,,,,,
2010113000,2147.0,3,0,0,0,0,0,0,0,0,1,0,,67,11,2010,7,39.9394,-75.1966,2141.0,6,0,0,0,0,0,0,0,0,1.0,0,0,0,21.0,3,0,0,,1,39 56:25.547,4.0,0,75 11:43.923,0,0,0,0,67301,0,0,0,N,0,0,0,6,68K01,0,,1,1,,N,N,,0,,0,0,0,0,0,N,2139.0,0,3,0,0,1,0,0,3,4,0,3,3,,N,,,,,,,,,,,
2010102506,27.0,1,0,0,0,0,0,0,0,0,0,0,,67,9,2010,5,40.0145,-75.0858,27.0,6,0,0,0,0,0,0,0,0,,0,0,0,0.0,3,0,0,,0,40 00:52.169,,7,75 05:08.998,0,0,0,0,67301,0,0,0,N,0,0,0,1,67301,0,,1,9,,N,N,,0,,0,0,0,0,0,,27.0,0,1,0,0,0,0,0,3,4,0,1,3,,N,,,,,,,,,,,
2010105005,2250.0,1,0,0,0,0,0,0,0,0,8,0,,67,9,2010,5,40.0032,-75.1525,2245.0,6,0,0,0,0,0,0,0,0,,0,0,0,22.0,3,1,1,,0,40 00:11.393,,0,75 09:08.837,4,0,0,0,67301,1,0,0,,1,0,0,2,67301,1,,1,9,,,,,0,,0,0,0,3,2,,2230.0,1,2,0,0,0,0,0,3,4,0,1,7,,N,,,,,,,,,,,
2010113290,2333.0,2,0,0,0,0,0,0,0,0,4,0,,67,10,2010,1,40.0329,-75.158,2330.0,6,0,0,0,1,0,0,0,0,,0,0,0,23.0,3,6,2,,0,40 01:58.566,,0,75 09:28.897,4,0,0,0,67301,0,0,0,N,0,0,0,7,67301,6,,5,9,,N,N,,0,,0,0,0,3,3,,2315.0,6,2,0,0,0,0,0,3,4,0,2,7,5.0,N,,,,,,,,,,,
2010102550,1349.0,2,0,0,0,0,0,0,0,0,4,0,,67,9,2010,5,40.0808,-75.0284,1347.0,6,0,0,0,0,0,1,0,0,,0,0,0,13.0,1,2,1,,0,40 04:50.820,,0,75 01:42.117,4,0,0,0,67301,0,0,0,N,0,0,0,4,67301,1,,1,1,,N,N,,0,,0,0,0,3,2,,1346.0,2,2,0,0,0,1,0,3,4,0,2,3,,N,,,,,,,,,,,
2010058319,734.0,4,0,0,0,0,0,0,0,0,1,0,50.0,67,6,2010,5,39.8916,-75.1988,733.0,6,0,0,0,0,0,0,0,0,2.0,0,0,0,7.0,1,2,0,,2,39 53:34.404,2.0,3,75 11:49.094,4,0,0,0,67301,0,0,0,N,0,0,0,5,68K01,2,,1,1,,N,N,,0,,0,0,1,0,0,Y,729.0,2,5,0,0,0,0,0,3,4,0,5,3,,Y,4.0,1.0,N,N,N,N,Y,N,N,N,
2010105046,1435.0,1,0,0,0,0,0,0,0,0,4,0,,67,9,2010,6,39.9908,-75.1309,1435.0,6,0,0,0,0,0,1,0,0,,0,0,0,14.0,1,1,1,,0,39 59:27.376,,0,75 07:51.301,4,0,0,0,67301,0,0,0,,0,0,0,2,67301,1,,1,1,,N,N,,1,,0,0,0,3,2,,1430.0,1,2,0,0,0,0,0,3,4,0,2,3,,N,,,,,,,,,,,
2010118400,1156.0,1,0,0,0,0,0,0,0,0,4,1,,67,11,2010,3,39.9963,-75.1854,1153.0,6,0,0,0,0,0,1,0,0,1.0,0,1,0,11.0,1,1,1,,1,39 59:46.647,2.0,0,75 11:07.346,4,0,0,0,67301,0,0,0,N,0,0,0,2,67301,1,,1,1,,N,N,,0,,0,0,0,3,2,N,1130.0,1,2,0,0,0,0,0,3,4,0,2,3,,N,,,,,,,,,,,
2010118434,824.0,3,0,0,0,0,0,0,0,0,4,0,,67,10,2010,4,40.028,-75.1662,818.0,6,0,0,0,0,0,0,0,0,2.0,0,0,0,7.0,1,3,2,,2,40 01:40.850,7.0,0,75 09:58.489,8,0,0,0,67301,0,0,0,,0,0,0,3,67301,0,,1,1,,,,,0,,0,0,0,0,0,Y,748.0,3,3,0,0,0,3,0,3,4,0,3,3,,N,,,,,,,,,,,
2010123490,719.0,1,0,0,0,0,0,0,0,0,1,1,,67,11,2010,3,39.9571,-75.1563,706.0,6,0,0,0,0,0,0,0,0,1.0,0,1,0,7.0,1,0,0,,1,39 57:25.697,4.0,0,75 09:22.808,0,0,0,0,67301,0,0,0,N,0,0,0,3,68K01,0,,1,1,,N,N,,0,,0,0,1,0,0,N,700.0,0,3,0,0,0,0,0,3,4,0,3,3,,N,,,,,,,,,,,