CRN,ARRIVAL_TM,AUTOMOBILE_COUNT,BELTED_DEATH_COUNT,BELTED_SUSP_SERIOUS_INJ_COUNT,BICYCLE_COUNT,BICYCLE_DEATH_COUNT,BICYCLE_SUSP_SERIOUS_INJ_COUNT,BUS_COUNT,CHLDPAS_DEATH_COUNT,CHLDPAS_SUSP_SERIOUS_INJ_COUNT,COLLISION_TYPE,COMM_VEH_COUNT,CONS_ZONE_SPD_LIM,COUNTY,CRASH_MONTH,CRASH_YEAR,DAY_OF_WEEK,DEC_LAT,DEC_LONG,DISPATCH_TM,DISTRICT,DRIVER_COUNT_16YR,DRIVER_COUNT_17YR,DRIVER_COUNT_18YR,DRIVER_COUNT_19YR,DRIVER_COUNT_20YR,DRIVER_COUNT_50_64YR,DRIVER_COUNT_65_74YR,DRIVER_COUNT_75PLUS,EST_HRS_CLOSED,FATAL_COUNT,HEAVY_TRUCK_COUNT,HORSE_BUGGY_COUNT,HOUR_OF_DAY,ILLUMINATION,INJURY_COUNT,INTERSECT_TYPE,INTERSECTION_RELATED,LANE_CLOSED,LATITUDE,LN_CLOSE_DIR,LOCATION_TYPE,LONGITUDE,MAX_SEVERITY_LEVEL,MCYCLE_DEATH_COUNT,MCYCLE_SUSP_SERIOUS_INJ_COUNT,MOTORCYCLE_COUNT,MUNICIPALITY,NONMOTR_COUNT,NONMOTR_DEATH_COUNT,NONMOTR_SUSP_SERIOUS_INJ_COUNT,NTFY_HIWY_MAINT,PED_COUNT,PED_DEATH_COUNT,PED_SUSP_SERIOUS_INJ_COUNT,PERSON_COUNT,POLICE_AGCY,POSSIBLE_INJ_COUNT,RDWY_SURF_TYPE_CD,RELATION_TO_ROAD,ROAD_CONDITION,ROADWAY_CLEARED,SCH_BUS_IND,SCH_ZONE_IND,SECONDARY_CRASH,SMALL_TRUCK_COUNT,SPEC_JURIS_CD,SUSP_MINOR_INJ_COUNT,SUSP_SERIOUS_INJ_COUNT,SUV_COUNT,TCD_FUNC_CD,TCD_TYPE,TFC_DETOUR_IND,TIME_OF_DAY,TOT_INJ_COUNT,TOTAL_UNITS,UNB_DEATH_COUNT,UNB_SUSP_SERIOUS_INJ_COUNT,UNBELTED_OCC_COUNT,UNK_INJ_DEG_COUNT,UNK_INJ_PER_COUNT,URBAN_AREA,URBAN_RURAL,VAN_COUNT,VEHICLE_COUNT,WEATHER1,WEATHER2,WORK_ZONE_IND,WORK_ZONE_LOC,WORK_ZONE_TYPE,WORKERS_PRES,WZ_CLOSE_DETOUR,WZ_FLAGGER,WZ_LAW_OFFCR_IND,WZ_LN_CLOSURE,WZ_MOVING,WZ_OTHER,WZ_SHLDER_MDN,WZ_WORKERS_INJ_KILLED
2010078301,1533.0,2,0,0,0,0,0,0,0,0,4,0,,67,7,2010,4,39.9621,-75.2367,1530.0,6,0,0,0,0,0,1,0,0,,0,0,0,15.0,1,1,2,,0,39 57:43.488,,0,75 14:12.159,4,0,0,0,67301,0,0,0,,0,0,0,3,67301,1,,1,1,,,,,0,,0,0,0,3,3,,1529.0,1,2,0,0,0,0,0,3,4,0,2,3,,N,,,,,,,,,,,
2010078310,1445.0,2,0,0,0,0,0,0,0,0,4,0,,67,6,2010,6,39.9065,-75.182,1420.0,6,0,1,0,0,0,0,0,0,,0,0,0,14.0,1,0,0,,0,39 54:23.290,,0,75 10:55.047,9,0,0,0,67301,0,0,0,,0,0,0,3,67301,0,,6,1,,,,,0,,0,0,0,0,0,,1420.0,0,2,0,0,0,0,1,3,4,0,2,3,,N,,,,,,,,,,,
2010088688,9999.0,2,0,0,0,0,0,0,0,0,7,0,,67,8,2010,2,39.9945,-75.1916,9999.0,6,0,0,0,1,0,1,0,0,,0,0,0,99.0,8,4,0,,0,39 59:40.326,,3,75 11:29.760,4,0,0,0,67301,0,0,0,,0,0,0,4,67301,4,,3,9,,,,,0,,0,0,0,0,0,,9999.0,4,2,0,0,1,0,0,3,4,0,2,7,,N,,,,,,,,,,,
2010091236,2105.0,2,0,0,0,0,0,0,0,0,4,0,,67,8,2010,1,39.9552,-75.2116,2045.0,6,0,0,0,0,0,0,0,0,,0,0,0,20.0,3,2,1,,0,39 57:18.878,,0,75 12:41.782,3,0,0,0,67301,0,0,0,N,0,0,0,4,67301,0,,1,1,,N,N,,0,,2,0,0,3,2,,2043.0,2,2,0,0,0,0,0,3,4,0,2,3,,N,,,,,,,,,,,
2010091250,9999.0,0,0,0,0,0,0,0,0,0,4,0,,67,8,2010,5,40.0448,-75.0665,9999.0,6,0,0,0,0,0,0,0,0,,0,0,0,99.0,1,1,1,,0,40 02:41.121,,0,75 03:59.421,8,0,0,0,67301,0,0,0,N,0,0,0,3,67301,0,,1,1,,N,Y,,0,,0,0,0,0,0,,9999.0,1,2,0,0,0,1,0,3,4,2,2,3,,N,,,,,,,,,,,
2010088794,806.0,3,0,0,0,0,0,0,0,0,5,0,,67,8,2010,7,40.0499,-75.0825,802.0,6,0,0,0,0,0,0,0,0,9.0,0,0,0,8.0,1,1,0,,2,40 02:59.775,3.0,0,75 04:57.113,4,0,0,0,67301,0,0,0,N,0,0,0,1,67301,1,,1,1,,N,N,,0,,0,0,1,0,0,Y,800.0,1,4,0,0,0,0,0,3,4,0,4,3,,N,,,,,,,,,,,
2010099603,242.0,1,0,0,0,0,0,0,0,0,1,0,,67,9,2010,1,40.0581,-75.1773,240.0,6,0,0,0,0,0,0,0,0,,0,0,0,2.0,3,1,0,,0,40 03:29.048,,0,75 10:38.157,4,0,0,0,67301,0,0,0,N,0,0,0,1,67301,1,,6,1,,N,N,,0,,0,0,1,0,0,,240.0,1,3,0,0,0,0,0,3,4,1,3,3,,N,,,,,,,,,,,
2010103105,1145.0,0,0,0,0,0,0,1,0,0,5,1,,67,9,2010,7,39.9901,-75.1033,1140.0,6,0,0,0,0,0,0,1,0,,0,0,0,11.0,1,1,0,,0,39 59:24.188,,0,75 06:11.818,4,0,0,0,67301,0,0,0,,0,0,0,5,67301,1,,1,1,,N,N,,1,,0,0,0,0,0,,1140.0,1,2,0,0,0,0,0,3,4,0,2,3,,N,,,,,,,,,,,
2010125094,1741.0,1,0,0,0,0,0,0,0,0,1,0,,67,11,2010,2,39.9745,-75.1754,1740.0,6,0,0,0,0,0,0,0,0,,0,0,0,17.0,3,0,1,,0,39 58:28.171,,0,75 10:31.619,0,0,0,0,67301,0,0,0,N,0,0,0,3,67301,0,,1,1,,N,N,,0,,0,0,0,3,3,,1740.0,0,2,0,0,0,0,0,3,4,1,2,3,,N,,,,,,,,,,,
2010117898,1350.0,1,0,0,0,0,0,0,0,0,7,0,,67,10,2010,6,39.9781,-75.2014,1340.0,6,0,0,0,0,0,0,0,0,2.0,0,0,0,13.0,1,0,0,,1,39 58:43.591,2.0,0,75 12:09.367,0,0,0,0,67301,0,0,0,N,0,0,0,1,67301,0,,3,1,,N,N,,0,,0,0,0,0,0,N,1340.0,0,1,0,0,0,0,0,3,4,0,1,3,,N,,,,,,,,,,,
2010117907,1442.0,0,0,0,1,0,0,0,0,0,4,0,,67,10,2010,7,39.9966,-75.1589,1437.0,6,0,0,0,0,0,0,0,0,,0,0,0,14.0,1,2,3,,0,39 59:47.792,,0,75 09:32.111,8,0,0,1,67301,1,0,0,,0,0,0,2,67301,0,,1,1,,N,N,,0,,0,0,0,3,3,,1435.0,2,2,0,0,0,2,0,3,4,0,1,3,,N,,,,,,,,,,,
2010117935,9999.0,0,0,0,1,0,0,0,0,0,4,0,,67,10,2010,7,40.0414,-75.1441,1521.0,6,0,0,0,0,0,0,0,0,,0,0,0,15.0,1,1,1,,0,40 02:28.937,,0,75 08:38.815,3,0,0,0,67301,2,0,0,N,0,0,0,3,67301,0,,1,1,,N,N,,0,,1,0,1,3,2,,1515.0,1,2,0,0,0,0,0,3,4,0,1,3,,N,,,,,,,,,,,
2010117951,9999.0,2,0,0,0,0,0,0,0,0,1,0,,67,10,2010,5,39.9898,-75.1255,9999.0,6,0,0,0,0,0,0,0,0,,0,0,0,22.0,3,1,1,,0,39 59:23.298,,0,75 07:31.934,4,0,0,0,67301,0,0,0,N,0,0,0,2,67301,1,,1,1,,N,N,,0,,0,0,0,3,2,,2230.0,1,2,0,0,0,0,0,3,4,0,2,3,,N,,,,,,,,,,,
2010117692,912.0,2,0,0,0,0,0,0,0,0,4,0,,67,10,2010,5,39.9719,-75.236,910.0,6,0,0,0,0,0,0,0,1,,0,0,0,9.0,1,1,1,,0,39 58:18.876,,0,75 14:09.635,4,0,0,0,67301,0,0,0,N,0,0,0,2,67301,1,,1,1,,N,N,,0,,0,0,0,3,3,,905.0,1,2,0,0,0,0,0,3,4,0,2,3,,N,,,,,,,,,,,
2010117699,1600.0,1,0,0,0,0,0,0,0,0,8,0,,67,10,2010,1,39.9545,-75.1491,1550.0,6,0,0,0,0,0,1,0,0,,0,0,0,15.0,1,1,0,,0,39 57:16.356,,0,75 08:56.669,2,0,0,0,67301,1,0,1,,1,0,1,2,67301,0,,1,1,,,,,0,,0,1,0,0,0,,1550.0,1,2,0,0,0,0,0,3,4,0,1,3,,N,,,,,,,,,,,
2010005376,453.0,1,0,0,0,0,0,0,0,0,7,0,,67,1,2010,7,39.9075,-75.1499,442.0,6,0,0,1,0,0,0,0,0,1.0,0,0,0,4.0,3,2,0,,1,39 54:24.764,1.0,2,75 08:57.822,3,0,0,0,67301,0,0,0,N,0,0,0,2,68K02,1,,2,1,,N,N,,0,,1,0,0,0,0,N,436.0,2,1,0,0,2,0,0,3,4,0,1,3,,N,,,,,,,,,,,
2010048684,2030.0,2,0,0,0,0,0,0,0,0,5,0,,67,4,2010,2,39.9453,-75.1786,2025.0,6,0,0,0,0,0,0,0,0,,0,0,0,20.0,3,1,1,,0,39 56:42.990,,0,75 10:42.837,4,0,0,0,67301,0,0,0,,0,0,0,2,67301,1,,1,9,,,,,0,,0,0,0,3,2,,2005.0,1,2,0,0,0,0,0,3,4,0,2,7,,N,,,,,,,,,,,
2010048777,1006.0,1,0,0,0,0,0,0,0,0,2,0,,67,4,2010,2,40.0534,-75.0867,1004.0,6,0,0,0,0,0,0,0,0,2.0,0,0,0,10.0,1,2,0,,2,40 03:12.200,5.0,0,75 05:12.136,3,0,0,0,67301,0,0,0,,0,0,0,2,67301,1,,1,9,,N,N,,0,,1,0,1,0,0,Y,1000.0,2,2,0,0,0,0,0,3,4,0,2,7,,N,,,,,,,,,,,
2010060944,1602.0,1,0,0,0,0,0,0,0,0,7,0,,67,6,2010,5,39.9278,-75.1464,1559.0,6,0,0,0,0,0,0,0,0,1.0,0,0,0,15.0,1,0,0,,1,39 55:40.458,1.0,0,75 08:46.946,0,0,0,0,67301,0,0,0,N,0,0,0,1,68K01,0,,2,8,,N,N,,0,,0,0,0,0,0,N,1555.0,0,1,0,0,0,0,0,3,4,0,1,7,,N,,,,,,,,,,,
2010060511,325.0,1,0,0,0,0,0,0,0,0,7,0,,67,5,2010,1,39.9973,-75.0969,320.0,6,0,0,0,0,0,0,0,0,,0,0,0,3.0,3,1,0,,0,39 59:50.358,,0,75 05:48.872,4,0,0,0,67301,0,0,0,N,0,0,0,1,67301,1,,2,1,,N,N,,0,,0,0,0,0,0,,325.0,1,1,0,0,1,0,0,3,4,0,1,3,,N,,,,,,,,,,,
2010067949,2143.0,0,0,0,1,0,0,0,0,0,4,0,,67,6,2010,1,39.9941,-75.1562,2141.0,6,0,0,0,0,0,1,0,0,2.0,0,0,0,21.0,3,1,2,,1,39 59:38.922,4.0,0,75 09:22.157,8,0,0,0,67301,1,0,0,,0,0,0,2,67301,0,,1,1,,N,N,,0,,0,0,0,2,2,N,2136.0,1,2,0,0,0,1,0,3,4,1,1,3,,N,,,,,,,,,,,
2010070726,935.0,1,0,0,0,0,0,0,0,0,8,0,,67,6,2010,5,40.0554,-75.069,932.0,6,0,1,0,0,0,0,0,0,,0,0,0,9.0,1,1,0,,0,40 03:19.610,,0,75 04:08.338,3,0,0,0,67301,1,0,0,,1,0,0,2,67301,0,,1,1,,,,,0,,1,0,0,0,0,,930.0,1,2,0,0,1,0,0,3,4,0,1,3,,N,,,,,,,,,,,
2010062676,2059.0,3,0,0,0,0,0,0,0,0,2,0,,67,5,2010,5,40.0569,-75.1881,2055.0,6,0,0,0,0,0,1,0,0,2.0,0,0,0,20.0,3,1,1,,2,40 03:24.735,5.0,0,75 11:16.996,4,0,0,0,67301,0,0,0,N,0,0,0,3,67301,1,,1,1,,N,N,,0,,0,0,0,3,2,Y,2057.0,1,3,0,0,0,0,0,3,4,0,3,3,,N,,,,,,,,,,,
2010068371,203.0,1,0,0,0,0,0,0,0,0,7,0,,67,7,2010,2,39.9305,-75.1987,200.0,6,0,0,0,0,0,0,0,0,2.0,0,0,0,1.0,3,0,0,,1,39 55:48.026,3.0,0,75 11:53.629,0,0,0,0,67301,0,0,0,N,0,0,0,1,68K01,0,,2,1,,N,N,,0,,0,0,0,0,0,N,157.0,0,1,0,0,0,0,0,3,4,0,1,3,,N,,,,,,,,,,,
2010059535,1817.0,0,0,0,0,0,0,0,0,0,8,0,,67,5,2010,2,39.9716,-75.1604,1815.0,6,0,0,0,0,0,0,0,0,,0,0,0,18.0,1,1,0,,0,39 58:17.672,,0,75 09:37.316,4,0,0,0,67301,1,0,0,N,1,0,0,2,67301,1,,5,9,,N,N,,0,,0,0,1,0,0,,1815.0,1,2,0,0,0,0,0,3,4,0,1,7,,N,,,,,,,,,,,
2010059536,2111.0,2,0,0,0,0,0,0,0,0,4,0,,67,5,2010,6,39.9978,-75.111,2108.0,6,0,0,0,0,1,0,0,0,,0,0,0,21.0,3,1,5,,0,39 59:52.195,,0,75 06:39.459,4,0,0,0,67301,0,0,0,N,0,0,0,2,67301,1,,1,1,,N,N,,0,,0,0,0,3,2,,2107.0,1,2,0,0,0,0,0,3,4,0,2,3,,N,,,,,,,,,,,
2010052028,223.0,0,0,0,0,0,0,0,0,0,7,0,,67,5,2010,2,39.9546,-75.141,213.0,6,0,0,0,0,0,0,0,0,1.0,0,0,0,2.0,3,1,0,,2,39 57:20.392,4.0,2,75 08:28.809,4,0,0,0,67301,0,0,0,Y,0,0,0,1,68K01,1,,5,1,,N,N,,0,,0,0,1,0,0,Y,210.0,1,1,0,0,1,0,0,3,4,0,1,3,,N,,,,,,,,,,,
2010048920,915.0,2,0,0,0,0,0,0,0,0,4,0,,67,4,2010,2,40.008,-75.1417,900.0,6,0,0,0,0,0,0,0,0,,0,0,0,8.0,1,1,1,,0,40 00:28.951,,0,75 08:30.175,8,0,0,0,67301,0,0,0,N,0,0,0,2,67301,0,,1,9,,N,N,,0,,0,0,0,3,3,,800.0,1,2,0,0,0,1,0,3,4,0,2,7,,N,,,,,,,,,,,
2010052119,139.0,0,0,0,0,0,0,0,0,0,9,0,,67,5,2010,1,39.9802,-75.1974,129.0,6,0,0,0,0,0,0,0,0,,0,0,0,1.0,3,1,0,,0,39 58:48.733,,0,75 11:50.499,4,0,0,1,67301,0,0,0,,0,0,0,1,67301,1,,1,9,,N,N,,0,,0,0,0,0,0,,120.0,1,1,0,0,0,0,0,3,4,0,1,7,,N,,,,,,,,,,,
2010052465,1441.0,1,0,0,0,0,0,0,0,0,7,0,,67,5,2010,1,39.8919,-75.2419,1439.0,6,0,0,0,0,0,0,0,1,,0,0,0,14.0,1,0,1,,0,39 53:30.990,,0,75 14:30.862,0,0,0,0,67301,0,0,0,N,0,0,0,4,67301,0,,2,1,,N,N,,0,,0,0,0,3,2,,1409.0,0,1,0,0,0,0,0,3,4,0,1,3,,N,,,,,,,,,,,
2010052148,15.0,2,0,0,0,0,0,0,0,0,6,0,,67,4,2010,6,39.9612,-75.2226,12.0,6,0,0,0,0,0,0,0,0,,0,0,0,0.0,3,0,0,,0,39 57:40.290,,0,75 13:21.420,0,0,0,0,67301,0,0,0,Y,0,0,0,1,67301,0,,1,1,,N,N,,0,,0,0,0,3,3,,10.0,0,2,0,0,0,0,0,3,4,0,2,3,,N,,,,,,,,,,,
2010102946,1520.0,2,0,0,0,0,0,0,0,0,4,0,,67,9,2010,5,39.9647,-75.1917,1515.0,6,0,0,0,0,1,1,0,0,,0,0,0,15.0,1,1,1,,0,39 57:52.750,,0,75 11:30.181,4,0,0,0,67301,0,0,0,N,0,0,0,2,67301,1,,1,1,,N,N,,0,,0,0,0,3,3,,1500.0,1,2,0,0,0,0,0,3,4,0,2,3,,N,,,,,,,,,,,
2010103024,550.0,2,0,0,0,0,0,0,0,0,4,0,,67,9,2010,7,40.0312,-75.0447,548.0,6,0,0,0,0,0,0,0,0,,0,0,0,5.0,3,1,1,,0,40 01:52.453,,0,75 02:40.833,3,0,0,0,67301,0,0,0,,0,0,0,3,67301,0,,1,1,,N,N,,0,,1,0,0,3,3,,532.0,1,2,0,0,0,0,0,3,4,0,2,3,,N,,,,,,,,,,,
2010103027,800.0,1,0,0,0,0,0,0,0,0,4,0,,67,9,2010,5,39.9472,-75.1665,756.0,6,0,0,0,0,0,1,0,0,,0,0,0,7.0,1,4,1,,0,39 56:49.916,,0,75 09:59.252,8,0,0,0,67301,0,0,0,,0,0,0,4,67301,0,,1,1,,,,,0,,0,0,1,3,2,,750.0,4,2,0,0,0,4,0,3,4,0,2,3,,N,,,,,,,,,,,
2010103030,1018.0,1,0,0,0,0,0,0,0,0,7,0,,67,9,2010,5,40.0076,-75.1273,1016.0,6,0,0,0,0,0,0,0,0,,0,0,0,10.0,1,3,0,,0,40 00:27.498,,0,75 07:38.415,8,0,0,0,67301,3,0,0,N,3,0,0,4,67301,0,,4,1,,N,N,,0,,0,0,0,0,0,,1015.0,3,4,0,0,0,3,0,3,4,0,1,3,,N,,,,,,,,,,,
2010125107,1845.0,1,0,0,0,0,0,0,0,0,4,0,,67,11,2010,3,39.992,-75.1216,1841.0,6,0,0,0,0,0,2,0,0,,0,0,0,16.0,3,2,1,,0,39 59:31.308,,0,75 07:17.698,4,0,0,0,67301,0,0,0,N,0,0,0,3,67301,2,,1,9,,N,N,,0,,0,0,0,3,3,,1655.0,2,2,0,0,0,0,0,3,4,1,2,7,,N,,,,,,,,,,,
2010123016,1400.0,1,0,0,0,0,0,0,0,0,8,0,,67,11,2010,7,40.0466,-75.143,1400.0,6,0,0,0,0,0,0,0,0,1.0,0,0,0,14.0,1,1,0,,1,40 02:47.807,1.0,7,75 08:34.701,8,0,0,0,67301,1,0,0,N,1,0,0,3,67301,0,,1,1,,N,N,,0,,0,0,0,0,0,N,1400.0,1,2,0,0,0,1,0,3,4,0,1,3,,N,,,,,,,,,,,
2010117905,249.0,4,0,0,0,0,0,0,0,0,5,0,,67,10,2010,7,40.0012,-75.168,249.0,6,0,0,0,0,0,0,0,0,,0,0,0,2.0,6,0,0,,0,40 00:04.226,,0,75 10:04.760,0,0,0,0,67301,0,0,0,N,0,0,0,1,67301,0,,6,1,,N,N,,0,,0,0,0,0,0,,233.0,0,4,0,0,0,0,0,3,4,0,4,3,,N,,,,,,,,,,,
2010117906,16.0,2,0,0,0,0,0,0,0,0,4,0,,67,10,2010,1,40.0201,-75.1488,15.0,6,0,0,0,0,1,0,0,0,,0,0,0,0.0,3,0,1,,0,40 01:12.183,,0,75 08:55.615,0,0,0,0,67301,0,0,0,N,0,0,0,2,67301,0,,1,9,,N,N,,0,,0,0,0,3,2,,5.0,0,2,0,0,0,0,0,3,4,0,2,3,,N,,,,,,,,,,,
2010114292,1421.0,2,0,0,0,0,0,0,0,0,1,0,,67,10,2010,1,39.9939,-75.1419,1417.0,6,0,0,0,0,0,0,0,0,,0,0,0,14.0,1,1,1,,0,39 59:38.137,,0,75 08:30.674,4,0,0,0,67301,0,0,0,N,0,0,0,3,67301,1,,1,1,,N,N,,0,,0,0,0,3,2,,1416.0,1,2,0,0,0,0,0,3,4,0,2,3,,N,,,,,,,,,,,
2010111672,1625.0,1,0,0,0,0,0,0,0,0,1,0,,67,11,2010,4,39.9597,-75.1774,1602.0,6,0,0,0,0,0,1,0,0,2.0,0,1,0,16.0,1,0,0,,1,39 57:34.901,3.0,0,75 10:38.551,0,0,0,0,67301,0,0,0,N,0,0,0,2,68K01,0,,1,1,,N,N,,0,,0,0,0,0,0,N,1602.0,0,2,0,0,0,0,0,3,4,0,2,3,,N,,,,,,,,,,,
2010037211,225.0,1,0,0,0,0,0,0,0,0,5,1,,67,3,2010,7,39.9768,-75.198,221.0,6,0,0,0,0,0,0,0,0,1.0,0,1,0,2.0,3,2,0,,2,39 58:37.470,3.0,0,75 11:57.624,4,0,0,0,67301,0,0,0,N,0,0,0,3,68K01,2,,1,1,,N,N,,0,,0,0,0,0,0,N,210.0,2,2,0,0,0,0,0,3,4,0,2,3,,N,,,,,,,,,,,
2010048659,745.0,0,0,0,0,0,0,0,0,0,4,0,,67,4,2010,2,39.9527,-75.1578,742.0,6,0,0,0,0,0,0,0,0,,0,0,0,7.0,1,3,1,,0,39 57:09.766,,0,75 09:27.917,4,0,0,0,67301,0,0,0,,0,0,0,4,67301,3,,1,9,,,,,0,,0,0,2,3,2,,741.0,3,2,0,0,0,0,0,3,4,0,2,7,,N,,,,,,,,,,,
2010048705,1510.0,2,0,0,0,0,0,0,0,0,4,0,,67,4,2010,7,40.1191,-75.0178,1505.0,6,0,0,0,0,0,1,0,0,,0,0,0,14.0,1,0,0,,0,40 07:08.769,,7,75 01:04.227,0,0,0,0,67301,0,0,0,N,0,0,0,4,67301,0,,1,1,,N,N,,0,,0,0,0,0,0,,1450.0,0,2,0,0,0,0,0,3,4,0,2,3,,N,,,,,,,,,,,
2010048728,940.0,2,0,0,0,0,0,0,0,0,4,0,,67,4,2010,5,39.9595,-75.2335,935.0,6,0,0,0,0,0,0,0,0,,0,0,0,9.0,1,2,0,,0,39 57:34.216,,7,75 14:00.395,8,0,0,0,67301,0,0,0,N,0,0,0,2,67301,0,,1,1,,N,N,,0,,0,0,0,0,0,,920.0,2,2,0,0,0,2,0,3,4,0,2,3,,N,,,,,,,,,,,
2010058749,344.0,1,0,0,0,0,0,0,0,0,7,0,,67,5,2010,6,39.9216,-75.1912,343.0,6,0,0,0,0,0,0,0,0,,0,0,0,3.0,3,3,2,,0,39 55:19.856,,1,75 11:17.130,3,0,0,0,67301,0,0,0,N,0,0,0,3,67301,1,,2,9,,N,N,,0,,2,0,0,9,2,,338.0,3,1,0,0,3,0,0,3,4,0,1,3,,N,,,,,,,,,,,
2010070702,1433.0,1,0,0,0,0,0,0,0,0,8,0,,67,6,2010,1,39.9182,-75.1651,1426.0,6,0,0,0,0,0,1,0,0,,0,0,0,14.0,1,1,0,,0,39 55:05.606,,0,75 09:54.270,8,0,0,0,67301,1,0,0,N,1,0,0,5,67301,0,,1,9,,N,N,,0,,0,0,0,0,0,,1426.0,1,2,0,0,0,1,0,3,4,0,1,7,,N,,,,,,,,,,,
2010067960,1430.0,1,0,0,0,0,0,0,0,0,7,0,,67,6,2010,6,40.0144,-75.0872,1427.0,6,0,0,0,0,0,0,0,0,,0,0,0,14.0,1,1,1,,0,40 00:51.663,,0,75 05:14.042,4,0,0,0,67301,0,0,0,N,0,0,0,1,67301,1,,5,1,,N,Y,,0,,0,0,0,3,3,,1425.0,1,2,0,0,0,0,0,3,4,1,2,3,,N,,,,,,,,,,,
2010059562,1921.0,2,0,0,0,0,0,0,0,0,4,0,,67,4,2010,3,39.9628,-75.1646,1918.0,6,0,0,0,0,0,0,0,0,,0,0,0,19.0,1,0,1,,0,39 57:46.071,,0,75 09:52.682,0,0,0,0,67301,0,0,0,N,0,0,0,2,67301,0,,1,1,,N,N,,0,,0,0,0,3,2,,1918.0,0,2,0,0,0,0,0,3,4,0,2,3,,N,,,,,,,,,,,
2010076336,1724.0,1,0,0,0,0,0,0,0,0,1,0,,67,8,2010,1,39.949,-75.185,1720.0,6,0,0,0,0,0,1,0,0,,0,0,0,17.0,1,1,0,,0,39 56:58.666,,0,75 11:02.517,8,0,0,0,67301,0,0,0,N,0,0,0,2,68K01,0,,1,1,,N,N,,0,,0,0,0,0,0,,1716.0,1,2,0,0,0,1,0,3,4,1,2,3,,N,,,,,,,,,,,
2010052147,1925.0,2,0,0,0,0,0,0,0,0,4,0,,67,5,2010,1,39.9498,-75.2071,1925.0,6,0,0,0,0,0,0,0,0,1.0,0,0,0,19.0,1,2,2,,1,39 56:59.241,4.0,0,75 12:25.710,8,0,0,0,67301,0,0,0,N,0,0,0,3,67301,0,,1,1,,N,N,,0,,0,0,0,3,2,N,1920.0,2,2,0,0,0,2,0,3,4,0,2,3,,N,,,,,,,,,,,
2010052179,255.0,0,0,0,0,0,0,0,0,0,7,0,,67,5,2010,7,39.955,-75.1527,253.0,6,0,0,0,0,0,0,0,0,,0,0,0,2.0,3,0,1,,0,39 57:18.170,,0,75 09:09.818,0,0,0,0,67301,0,0,0,N,0,0,0,1,67301,0,,5,1,,N,N,,0,,0,0,1,9,2,,229.0,0,1,0,0,0,0,0,3,4,0,1,3,,N,,,,,,,,,,,
2010052484,248.0,1,0,0,0,0,0,0,0,0,2,0,,67,5,2010,7,40.024,-75.0954,240.0,6,0,0,0,0,0,0,0,0,,0,0,0,2.0,3,0,0,,0,40 01:26.310,,0,75 05:43.440,0,0,0,0,67301,0,0,0,N,0,0,0,1,67301,0,,1,1,,N,N,,0,,0,0,0,0,0,,240.0,0,2,0,0,0,0,0,3,4,1,2,3,,N,,,,,,,,,,,
2010052485,650.0,2,0,0,0,0,0,0,0,0,4,0,,67,4,2010,2,40.0595,-75.052,645.0,6,0,0,0,0,0,1,0,0,1.0,0,0,0,6.0,1,0,1,,1,40 03:34.246,2.0,0,75 03:07.165,0,0,0,0,67301,0,0,0,N,0,0,0,2,67301,0,,1,9,,N,N,,0,,0,0,0,2,2,N,645.0,0,2,0,0,0,0,0,3,4,0,2,7,,N,,,,,,,,,,,
2010043948,1755.0,1,0,0,0,0,0,0,0,0,7,0,,67,5,2010,1,40.0018,-75.0785,1755.0,6,0,0,0,1,0,0,0,0,,0,0,0,17.0,1,0,0,,0,40 00:06.978,,0,75 04:42.222,0,0,0,0,67301,0,0,0,N,0,0,0,1,68K01,0,,2,1,,N,N,,0,,0,0,0,0,0,,1751.0,0,1,0,0,0,0,0,3,4,0,1,3,,N,,,,,,,,,,,
2010117731,610.0,1,0,0,0,0,0,0,0,0,8,0,,67,10,2010,4,39.9545,-75.1811,608.0,6,0,0,0,0,0,0,0,0,,0,0,0,6.0,3,1,1,,0,39 57:16.363,,0,75 10:52.414,8,0,0,0,67301,1,0,0,N,1,0,0,2,67301,0,,1,9,,N,N,,0,,0,0,0,2,2,,605.0,1,2,0,0,0,1,0,3,4,0,1,7,,N,,,,,,,,,,,
2010117839,9999.0,1,0,0,0,0,0,0,0,0,4,0,,67,10,2010,7,40.0242,-75.1328,2237.0,6,0,0,1,0,0,0,0,0,3.0,0,0,0,22.0,3,5,1,,2,40 01:26.988,1.0,0,75 07:59.257,2,0,0,0,67301,0,0,0,N,0,0,0,6,67301,0,,1,1,,N,N,,0,,4,1,0,3,2,Y,2232.0,5,2,0,0,2,0,1,3,4,1,2,3,,N,,,,,,,,,,,
2010117853,554.0,0,0,0,0,0,0,0,0,0,8,1,,67,11,2010,5,39.9506,-75.1617,551.0,6,0,0,0,0,0,0,0,0,,0,1,0,5.0,3,1,1,,0,39 57:02.085,,0,75 09:42.069,8,0,0,0,67301,1,0,0,N,1,0,0,2,67301,0,,1,9,,N,N,,0,,0,0,0,3,2,,550.0,1,2,0,0,0,1,0,3,4,0,1,7,,N,,,,,,,,,,,
2010117866,218.0,1,0,0,0,0,0,0,0,0,8,0,,67,11,2010,7,39.9573,-75.1439,218.0,6,0,0,0,0,0,0,0,0,,0,0,0,2.0,3,1,5,,0,39 57:26.357,,2,75 08:38.887,3,0,0,0,67301,1,0,0,,1,0,0,2,67301,0,,1,1,,N,N,,0,,1,0,0,3,2,,213.0,1,2,0,0,0,0,0,3,4,0,1,3,,N,,,,,,,,,,,