CRN,ARRIVAL_TM,AUTOMOBILE_COUNT,BELTED_DEATH_COUNT,BELTED_SUSP_SERIOUS_INJ_COUNT,BICYCLE_COUNT,BICYCLE_DEATH_COUNT,BICYCLE_SUSP_SERIOUS_INJ_COUNT,BUS_COUNT,CHLDPAS_DEATH_COUNT,CHLDPAS_SUSP_SERIOUS_INJ_COUNT,COLLISION_TYPE,COMM_VEH_COUNT,CONS_ZONE_SPD_LIM,COUNTY,CRASH_MONTH,CRASH_YEAR,DAY_OF_WEEK,DEC_LAT,DEC_LONG,DISPATCH_TM,DISTRICT,DRIVER_COUNT_16YR,DRIVER_COUNT_17YR,DRIVER_COUNT_18YR,DRIVER_COUNT_19YR,DRIVER_COUNT_20YR,DRIVER_COUNT_50_64YR,DRIVER_COUNT_65_74YR,DRIVER_COUNT_75PLUS,EST_HRS_CLOSED,FATAL_COUNT,HEAVY_TRUCK_COUNT,HORSE_BUGGY_COUNT,HOUR_OF_DAY,ILLUMINATION,INJURY_COUNT,INTERSECT_TYPE,INTERSECTION_RELATED,LANE_CLOSED,LATITUDE,LN_CLOSE_DIR,LOCATION_TYPE,LONGITUDE,MAX_SEVERITY_LEVEL,MCYCLE_DEATH_COUNT,MCYCLE_SUSP_SERIOUS_INJ_COUNT,MOTORCYCLE_COUNT,MUNICIPALITY,NONMOTR_COUNT,NONMOTR_DEATH_COUNT,NONMOTR_SUSP_SERIOUS_INJ_COUNT,NTFY_HIWY_MAINT,PED_COUNT,PED_DEATH_COUNT,PED_SUSP_SERIOUS_INJ_COUNT,PERSON_COUNT,POLICE_AGCY,POSSIBLE_INJ_COUNT,RDWY_SURF_TYPE_CD,RELATION_TO_ROAD,ROAD_CONDITION,ROADWAY_CLEARED,SCH_BUS_IND,SCH_ZONE_IND,SECONDARY_CRASH,SMALL_TRUCK_COUNT,SPEC_JURIS_CD,SUSP_MINOR_INJ_COUNT,SUSP_SERIOUS_INJ_COUNT,SUV_COUNT,TCD_FUNC_CD,TCD_TYPE,TFC_DETOUR_IND,TIME_OF_DAY,TOT_INJ_COUNT,TOTAL_UNITS,UNB_DEATH_COUNT,UNB_SUSP_SERIOUS_INJ_COUNT,UNBELTED_OCC_COUNT,UNK_INJ_DEG_COUNT,UNK_INJ_PER_COUNT,URBAN_AREA,URBAN_RURAL,VAN_COUNT,VEHICLE_COUNT,WEATHER1,WEATHER2,WORK_ZONE_IND,WORK_ZONE_LOC,WORK_ZONE_TYPE,WORKERS_PRES,WZ_CLOSE_DETOUR,WZ_FLAGGER,WZ_LAW_OFFCR_IND,WZ_LN_CLOSURE,WZ_MOVING,WZ_OTHER,WZ_SHLDER_MDN,WZ_WORKERS_INJ_KILLED
2010104634,559.0,2,0,0,0,0,0,0,0,0,1,0,,67,10,2010,4,40.0459,-75.0018,553.0,6,0,0,0,0,0,1,0,0,,0,0,0,5.0,3,0,6,,0,40 02:38.224,,2,75 00:10.295,0,0,0,0,67301,0,0,0,N,0,0,0,2,68K01,0,,1,1,,N,N,,0,,0,0,0,0,0,,532.0,0,2,0,0,0,0,0,3,4,0,2,3,,N,,,,,,,,,,,
2010094309,1657.0,1,0,0,0,0,0,0,0,0,8,0,,67,9,2010,5,39.9724,-75.2533,1657.0,6,0,0,0,0,0,1,0,0,,0,0,0,16.0,1,1,1,,0,39 58:20.717,,0,75 15:11.791,4,0,0,0,67301,1,0,0,N,1,0,0,2,67301,1,,1,1,,N,N,,0,,0,0,0,3,2,,1650.0,1,2,0,0,0,0,0,3,4,0,1,3,,N,,,,,,,,,,,
2010094311,1136.0,2,0,0,0,0,0,0,0,0,1,0,,67,8,2010,2,40.0256,-75.1223,1132.0,6,0,0,0,0,0,0,0,1,1.0,0,0,0,11.0,1,2,0,,2,40 01:32.312,3.0,0,75 07:20.313,3,0,0,0,67301,0,0,0,N,0,0,0,4,67301,1,,1,1,,N,N,,0,,1,0,0,0,0,N,1130.0,2,3,0,0,0,0,1,3,4,1,3,3,,N,,,,,,,,,,,
2010121895,856.0,0,0,0,0,0,0,0,0,0,4,0,,67,11,2010,3,39.9681,-75.162,853.0,6,0,0,0,0,0,0,0,0,,0,0,0,8.0,1,1,2,,0,39 58:05.264,,0,75 09:43.558,4,0,0,0,67301,0,0,0,,0,0,0,2,67301,1,,1,1,,,,,1,,0,0,1,3,3,,849.0,1,2,0,0,0,0,0,3,4,0,2,3,,N,,,,,,,,,,,
2010122402,1820.0,0,0,0,0,0,0,0,0,0,8,0,,67,11,2010,3,40.0449,-75.2312,1814.0,6,0,0,0,0,0,1,0,0,,0,0,0,18.0,3,1,2,,0,40 02:41.358,,0,75 13:51.182,8,0,0,0,67301,1,0,0,,1,0,0,2,67301,0,,1,1,,,,,1,,0,0,0,3,2,,1800.0,1,2,0,0,1,1,0,3,4,0,1,3,,N,,,,,,,,,,,
2010122176,130.0,2,0,0,0,0,0,0,0,0,1,0,,67,11,2010,7,39.9508,-75.1638,119.0,6,0,0,0,0,0,0,0,0,,0,0,0,1.0,3,1,1,,0,39 57:03.113,,0,75 09:50.289,4,0,0,0,67301,0,0,0,,0,0,0,3,67301,1,,1,1,,,,,0,,0,0,0,3,2,,110.0,1,2,0,0,0,0,0,3,4,0,2,3,,N,,,,,,,,,,,
2010116339,9999.0,1,0,0,0,0,0,0,0,0,4,0,,67,10,2010,4,39.9903,-75.2204,9999.0,6,0,0,0,0,0,0,0,0,,0,0,0,18.0,1,0,1,,0,39 59:25.216,,0,75 13:13.303,9,0,0,0,67301,0,0,0,N,0,0,0,2,67301,0,,1,1,,N,N,,0,,0,0,0,3,2,,1810.0,0,2,0,0,0,0,2,3,4,0,2,99,,N,,,,,,,,,,,
2010069790,1723.0,0,0,0,0,0,0,0,0,0,8,0,,67,5,2010,6,40.0517,-75.0088,1723.0,6,0,0,0,0,0,0,0,0,,0,0,0,17.0,1,1,0,,0,40 03:06.005,,0,75 00:31.675,3,0,0,0,67301,1,0,0,N,1,0,0,2,67301,0,,1,1,,N,N,,0,,1,0,1,3,2,,1720.0,1,2,0,0,0,0,0,3,4,0,1,3,,N,,,,,,,,,,,
2010066834,1757.0,0,0,0,0,0,0,0,0,0,7,0,,67,7,2010,6,39.9744,-75.1184,1751.0,6,0,0,0,0,0,0,0,0,,0,0,0,17.0,1,2,0,,0,39 58:29.641,,0,75 07:03.134,4,0,0,0,67301,0,0,0,Y,0,0,0,2,68K01,2,,4,1,,N,N,,0,,0,0,1,0,0,,1748.0,2,1,0,0,1,0,0,3,4,0,1,3,,N,,,,,,,,,,,
2010061995,940.0,1,0,0,0,0,0,0,0,0,1,0,,67,4,2010,7,39.9922,-75.2337,938.0,6,0,0,0,0,0,0,0,0,,0,0,0,8.0,1,1,1,,0,39 59:31.862,,0,75 14:01.481,8,0,0,0,67301,0,0,0,N,0,0,0,2,67301,0,,1,1,,N,N,,0,,0,0,1,3,2,,826.0,1,2,0,0,0,1,0,3,4,0,2,3,,N,,,,,,,,,,,
2010074494,2340.0,3,0,0,0,0,0,0,0,0,5,0,,67,7,2010,7,40.0085,-75.2108,2331.0,6,0,0,0,0,1,1,0,0,2.0,0,0,0,22.0,3,1,0,,1,40 00:30.682,1.0,0,75 12:38.687,4,0,0,0,67301,0,0,0,N,0,0,0,8,67301,1,,1,1,,N,N,,0,,0,0,0,3,2,Y,2248.0,1,3,0,0,0,0,0,3,4,0,3,3,,N,,,,,,,,,,,
2010081927,431.0,1,0,0,0,0,0,0,0,0,4,1,,67,7,2010,3,39.9126,-75.2219,428.0,6,0,0,1,0,0,1,0,0,,0,1,0,4.0,6,1,2,,0,39 54:50.283,,0,75 13:17.303,8,0,0,0,67301,0,0,0,,0,0,0,2,67301,0,,1,1,,,N,,0,,0,0,0,3,2,,415.0,1,2,0,0,0,1,0,3,4,0,2,3,,N,,,,,,,,,,,
2010081950,845.0,1,0,0,0,0,0,0,0,0,8,0,,67,7,2010,5,39.9977,-75.1233,840.0,6,0,0,0,0,0,0,0,0,,0,0,0,7.0,1,1,0,,0,39 59:51.679,,0,75 07:23.722,4,0,0,0,67301,1,0,0,N,1,0,0,4,67301,1,,1,9,,N,N,,0,,0,0,0,0,0,,715.0,1,2,0,0,0,0,0,3,4,0,1,7,,N,,,,,,,,,,,
2010074537,1425.0,1,0,0,0,0,0,0,0,0,4,0,,67,7,2010,4,39.9267,-75.188,1420.0,6,0,0,0,0,0,1,0,0,1.0,0,0,0,14.0,1,2,1,,1,39 55:36.179,2.0,0,75 11:16.425,4,0,0,0,67301,0,0,0,N,0,0,0,4,67301,2,,1,1,,N,N,,0,,0,0,1,3,2,N,1420.0,2,2,0,0,4,0,0,3,4,0,2,3,,N,,,,,,,,,,,
2010069641,1520.0,1,0,0,0,0,0,0,0,0,7,0,,67,6,2010,4,39.889,-75.2466,1508.0,6,0,0,0,0,0,0,0,0,,0,0,0,15.0,1,1,0,,0,39 53:20.595,,0,75 14:47.662,4,0,0,0,67301,0,0,0,N,0,0,0,2,67301,1,,2,9,,N,N,,0,,0,0,0,0,0,,1500.0,1,1,0,0,0,0,1,3,4,0,1,7,,N,,,,,,,,,,,
2010060307,253.0,2,0,0,0,0,0,0,0,0,5,0,,67,5,2010,1,39.9517,-75.1582,250.0,6,0,0,0,0,0,0,0,0,,0,0,0,2.0,3,0,1,,0,39 57:05.956,,0,75 09:29.697,0,0,0,0,67301,0,0,0,N,0,0,0,2,67301,0,,1,9,,N,N,,0,,0,0,0,3,2,,228.0,0,2,0,0,0,0,0,3,4,0,2,3,,N,,,,,,,,,,,
2010057891,847.0,2,0,0,0,0,0,0,0,0,4,0,,67,5,2010,3,40.0426,-75.2265,847.0,6,0,0,0,0,0,0,0,0,,0,0,0,8.0,1,1,2,,0,40 02:32.774,,7,75 13:34.674,4,0,0,0,67301,0,0,0,N,0,0,0,2,67301,1,,1,9,,N,N,,0,,0,0,0,0,0,,835.0,1,2,0,0,0,0,0,3,4,0,2,7,,N,,,,,,,,,,,
2010039238,940.0,1,0,0,0,0,0,0,0,0,6,0,,67,3,2010,6,39.9745,-75.1587,924.0,6,0,0,0,0,0,0,0,0,,0,0,0,99.0,1,3,2,,0,39 58:28.020,,0,75 09:31.391,4,0,0,0,67301,0,0,0,N,0,0,0,3,67301,3,,1,9,,N,N,,0,,0,0,1,3,2,,9999.0,3,2,0,0,0,0,0,3,4,0,2,7,,N,,,,,,,,,,,
2010032790,1655.0,1,0,0,0,0,0,0,0,0,8,0,,67,2,2010,7,40.0603,-75.1777,1650.0,6,0,0,0,0,0,0,0,0,,0,0,0,11.0,1,1,3,,0,40 03:37.137,,0,75 10:39.575,4,0,0,0,67301,1,0,0,N,1,0,0,2,67301,1,,1,98,,N,N,,0,,0,0,0,0,0,,1100.0,1,2,0,0,0,0,0,3,4,0,1,99,,N,,,,,,,,,,,
2010073581,2155.0,2,0,0,0,0,0,0,0,0,5,0,,67,7,2010,7,39.9628,-75.1835,2144.0,6,0,0,0,0,0,0,0,0,,0,0,0,21.0,2,0,7,,0,39 57:45.091,,2,75 10:59.992,0,0,0,0,67301,0,0,0,N,0,0,0,1,68K01,0,,7,1,,N,N,,0,,0,0,0,0,0,,2141.0,0,2,0,0,0,0,0,3,4,0,2,3,,N,,,,,,,,,,,
2010104942,257.0,2,0,0,0,0,0,0,0,0,4,0,,67,9,2010,6,39.9943,-75.1577,245.0,6,0,0,0,0,0,0,0,0,,0,0,0,2.0,3,1,1,,0,39 59:39.638,,0,75 09:27.820,4,0,0,0,67301,0,0,0,N,0,0,0,2,67301,1,,1,1,,N,N,,0,,0,0,0,3,2,,235.0,1,2,0,0,2,0,0,3,4,0,2,3,,N,,,,,,,,,,,
2010081138,2219.0,2,0,0,0,0,0,0,0,0,1,0,,67,8,2010,7,39.9582,-75.1655,2156.0,6,0,0,0,0,0,0,0,0,,0,0,0,21.0,3,1,0,,0,39 57:29.618,,0,75 09:55.829,8,0,0,0,67301,0,0,0,N,0,0,0,3,68K01,0,,1,1,,N,N,,0,,0,0,0,0,0,,2132.0,1,2,0,0,0,1,1,3,4,0,2,3,,N,,,,,,,,,,,
2010026595,8.0,2,0,0,0,0,0,0,0,0,1,0,,67,3,2010,3,39.9454,-75.1904,1.0,6,0,0,0,0,0,0,0,0,1.0,0,0,0,23.0,3,1,0,,1,39 56:44.776,3.0,0,75 11:24.246,8,0,0,0,67301,0,0,0,N,0,0,0,2,68K01,0,,1,9,,N,N,,0,,0,0,0,0,0,N,2356.0,1,2,0,0,0,1,0,3,4,0,2,7,,N,,,,,,,,,,,
2010099794,1650.0,1,0,0,0,0,0,0,0,0,8,0,,67,9,2010,5,39.9502,-75.1586,1650.0,6,0,0,0,0,0,0,0,0,,0,0,0,10.0,1,1,2,,0,39 57:00.681,,0,75 09:30.817,4,0,0,0,67301,1,0,0,N,1,0,0,2,67301,1,,1,1,,N,N,,0,,0,0,0,3,2,,1045.0,1,2,0,0,0,0,0,3,4,0,1,3,,N,,,,,,,,,,,
2010118070,520.0,4,0,0,0,0,0,0,0,0,5,0,,67,11,2010,7,39.9286,-75.154,510.0,6,0,0,0,0,0,0,0,0,2.0,0,0,0,99.0,3,0,0,,2,39 55:43.003,4.0,0,75 09:14.364,9,0,0,0,67301,0,0,0,N,0,0,0,2,67301,0,,1,1,,N,N,,0,,0,0,0,0,0,Y,9999.0,0,4,0,0,0,0,2,3,4,0,4,3,,N,,,,,,,,,,,
2010099821,1555.0,2,0,0,0,0,0,0,0,0,1,0,,67,9,2010,4,40.0367,-75.1738,1550.0,6,0,0,0,0,0,0,0,0,,0,0,0,14.0,1,1,2,,0,40 02:12.019,,0,75 10:25.841,3,0,0,0,67301,0,0,0,N,0,0,0,2,67301,0,,1,1,,N,N,,0,,1,0,0,3,2,,1435.0,1,2,0,0,0,0,1,3,4,0,2,3,,N,,,,,,,,,,,
2010110735,825.0,0,0,0,0,0,0,0,0,0,4,0,,67,10,2010,3,40.0628,-75.0577,819.0,6,0,0,0,0,0,1,0,0,1.0,0,0,0,8.0,1,1,1,,1,40 03:45.914,3.0,0,75 03:27.576,8,0,0,0,67301,0,0,0,,0,0,0,2,67301,0,,1,1,,,,,1,,0,0,0,3,2,N,815.0,1,2,0,0,0,1,1,3,4,1,2,3,,N,,,,,,,,,,,
2010118078,2259.0,2,0,0,0,0,0,0,0,0,4,0,,67,10,2010,4,39.9799,-75.2267,2249.0,6,0,0,0,0,0,0,1,0,,0,0,0,20.0,1,1,1,,0,39 58:47.812,,0,75 13:36.217,8,0,0,0,67301,0,0,0,N,0,0,0,2,67301,0,,1,1,,N,N,,0,,0,0,0,3,3,,2000.0,1,2,0,0,0,1,1,3,4,0,2,3,,N,,,,,,,,,,,
2010118093,1107.0,1,0,0,1,0,0,0,0,0,4,0,,67,10,2010,7,39.9358,-75.1705,1103.0,6,0,0,0,0,0,1,0,0,,0,0,0,11.0,1,1,1,,0,39 56:08.815,,0,75 10:13.936,8,0,0,0,67301,1,0,0,,0,0,0,2,67301,0,,1,1,,N,N,,0,,0,0,0,3,3,,1100.0,1,2,0,0,0,1,0,3,4,0,1,3,,N,,,,,,,,,,,
2010102510,2256.0,1,0,0,0,0,0,0,0,0,8,0,,67,9,2010,5,40.038,-75.1019,2252.0,6,0,0,0,0,0,1,0,0,,0,0,0,21.0,3,1,0,,0,40 02:16.929,,0,75 06:06.700,4,0,0,0,67301,1,0,0,N,1,0,0,2,67301,1,,1,9,,N,N,,0,,0,0,0,0,0,,2105.0,1,2,0,0,0,0,0,3,4,0,1,7,,N,,,,,,,,,,,
2010105017,9999.0,0,0,0,0,0,0,0,0,0,8,0,,67,9,2010,4,39.9898,-75.1255,9999.0,6,0,0,0,0,0,0,0,0,,0,0,0,99.0,3,1,1,,0,39 59:23.298,,0,75 07:31.934,8,0,0,0,67301,1,0,0,N,1,0,0,2,67301,0,,1,1,,N,N,,0,,0,0,1,3,2,,9999.0,1,2,0,0,0,1,0,3,4,0,1,3,,N,,,,,,,,,,,
2010105022,1736.0,0,0,0,0,0,0,0,0,0,1,0,,67,9,2010,2,40.0109,-75.1398,1731.0,6,0,0,0,0,0,1,0,0,1.0,0,0,0,16.0,1,4,1,,2,40 00:39.283,1.0,0,75 08:23.330,4,0,0,0,67301,0,0,0,N,0,0,0,5,67301,2,,1,9,,N,N,,0,,0,0,2,3,3,Y,1658.0,4,2,0,0,0,2,0,3,4,0,2,7,,N,,,,,,,,,,,
2010102520,1615.0,2,0,0,0,0,0,0,0,0,1,0,,67,9,2010,5,40.0743,-75.0168,1610.0,6,0,0,0,0,1,0,0,0,,0,0,0,14.0,1,2,0,,0,40 04:27.550,,0,75 01:00.549,4,0,0,0,67301,0,0,0,,0,0,0,4,67301,2,,1,1,,,,,0,,0,0,0,0,0,,1459.0,2,2,0,0,0,0,0,3,4,0,2,3,,N,,,,,,,,,,,
2010102544,214.0,1,0,0,0,0,0,1,0,0,5,1,,67,9,2010,7,39.933,-75.1679,213.0,6,0,0,0,0,0,0,0,0,,0,0,0,2.0,3,3,0,,0,39 55:58.722,,0,75 10:04.331,4,0,0,0,67301,0,0,0,N,0,0,0,21,67301,3,,1,1,,N,N,,0,,0,0,0,0,0,,203.0,3,2,0,0,0,0,0,3,4,0,2,3,,N,,,,,,,,,,,
2010105065,1324.0,1,0,0,0,0,0,0,0,0,4,0,,67,9,2010,5,40.0139,-75.0671,1323.0,6,0,1,0,0,0,0,0,0,1.0,0,0,0,13.0,1,2,1,,1,40 00:50.068,2.0,0,75 04:01.661,3,0,0,0,67301,0,0,0,,0,0,0,2,67301,0,,1,9,,N,N,,0,,2,0,0,3,2,N,1300.0,2,2,0,0,0,0,0,3,4,1,2,7,,N,,,,,,,,,,,
2010089567,2038.0,1,0,0,0,0,0,0,0,0,5,0,,67,9,2010,4,39.9833,-75.0979,2032.0,6,0,0,0,0,0,0,0,0,2.0,0,0,0,20.0,2,1,0,,2,39 59:00.360,1.0,0,75 05:51.762,4,0,0,0,67301,0,0,0,N,0,0,0,5,68K01,1,,1,1,,N,N,,0,,0,0,1,0,0,N,2031.0,1,2,0,0,1,0,0,3,4,0,2,3,,N,,,,,,,,,,,
2010034174,238.0,2,0,0,0,0,0,0,0,0,4,0,,67,3,2010,1,39.9609,-75.145,235.0,6,0,0,0,0,0,0,0,0,,0,0,0,2.0,3,0,2,,0,39 57:39.693,,0,75 08:40.785,0,0,0,0,67301,0,0,0,,0,0,0,2,67301,0,,1,1,,,,,0,,0,0,0,3,2,,203.0,0,2,0,0,0,0,0,3,4,0,2,3,,N,,,,,,,,,,,
2010078318,1145.0,0,0,0,0,0,0,0,0,0,8,0,,67,6,2010,3,39.9527,-75.1685,1145.0,6,0,0,0,0,0,0,0,0,,0,0,0,11.0,1,1,0,,0,39 57:09.860,,0,75 10:06.520,8,0,0,0,67301,1,0,0,N,1,0,0,2,67301,0,,6,1,,N,N,,0,,0,0,0,0,0,,1140.0,1,2,0,0,0,1,0,3,4,0,1,3,,N,,,,,,,,,,,
2010091225,1636.0,2,0,0,0,0,0,0,0,0,2,0,,67,8,2010,5,40.0902,-75.0331,1636.0,6,0,0,0,0,0,1,1,0,1.0,0,0,0,16.0,1,0,0,,1,40 05:24.756,5.0,7,75 01:59.205,0,0,0,0,67301,0,0,0,,0,0,0,2,67301,0,,3,1,,N,N,,0,,0,0,0,0,0,N,1636.0,0,2,0,0,0,0,0,3,4,0,2,3,,N,,,,,,,,,,,
2010088736,126.0,1,0,0,0,0,0,0,0,0,7,0,,67,8,2010,1,39.957,-75.149,126.0,6,0,0,0,0,0,0,0,0,2.0,0,0,0,1.0,3,0,2,,2,39 57:25.244,2.0,0,75 08:56.346,0,0,0,0,67301,0,0,0,N,0,0,0,2,67301,0,,2,1,,N,N,,0,,0,0,0,0,0,N,125.0,0,1,0,0,0,0,0,3,4,0,1,3,,N,,,,,,,,,,,
2010088744,1658.0,1,0,1,0,0,0,0,0,0,4,0,,67,8,2010,1,40.091,-75.0327,1656.0,6,0,0,0,0,0,0,0,0,,0,0,0,16.0,1,2,1,,0,40 05:27.543,,0,75 01:57.617,2,0,0,0,67301,0,0,0,N,0,0,0,3,67301,0,,1,9,,N,N,,0,,1,1,0,3,2,,1656.0,2,2,0,0,0,0,0,3,4,1,2,98,,N,,,,,,,,,,,
2010088645,752.0,1,0,0,0,0,0,0,0,0,7,0,,67,8,2010,7,40.1137,-74.9882,732.0,6,0,0,0,0,0,0,0,0,,0,0,0,7.0,1,1,0,,0,40 06:49.208,,0,74 59:17.318,4,0,0,0,67301,0,0,0,,0,0,0,1,67301,1,,5,9,,N,N,,0,,0,0,0,0,0,,732.0,1,1,0,0,0,0,0,3,4,0,1,3,,N,,,,,,,,,,,
2010103115,1248.0,3,0,0,0,0,0,0,0,0,1,0,,67,9,2010,7,40.0339,-75.0743,1242.0,6,0,0,0,0,0,1,0,0,1.0,0,0,0,12.0,1,1,5,,1,40 02:02.039,1.0,0,75 04:27.141,8,0,0,0,67301,0,0,0,N,0,0,0,8,67301,0,,1,9,,N,N,,0,,0,0,0,3,2,N,1235.0,1,3,0,0,0,1,0,3,4,0,3,3,,N,,,,,,,,,,,
2010105658,1629.0,1,0,0,1,0,0,0,0,0,4,0,,67,9,2010,5,39.9829,-75.1668,1625.0,6,0,0,0,0,0,0,0,0,,0,0,0,16.0,1,1,1,,0,39 58:58.605,,0,75 10:00.371,4,0,0,0,67301,1,0,0,N,0,0,0,2,67301,1,,1,9,,N,N,,0,,0,0,0,3,3,,1625.0,1,2,0,0,0,0,0,3,4,0,1,7,,N,,,,,,,,,,,
2010100565,1144.0,2,0,0,0,0,0,0,0,0,1,0,50.0,67,10,2010,5,39.8856,-75.2106,1135.0,6,0,0,0,0,0,0,0,0,,0,0,0,11.0,1,2,0,,0,39 53:26.316,,3,75 11:59.665,3,0,0,0,67301,0,0,0,N,0,0,0,5,68K01,0,,1,1,,N,N,,0,,2,0,0,3,8,,1131.0,2,3,0,0,0,0,0,3,4,0,2,3,,Y,8.0,1.0,Y,N,N,N,Y,N,N,N,
2010117918,1644.0,2,0,0,0,0,0,0,0,0,4,0,,67,10,2010,5,39.9659,-75.2075,1643.0,6,0,0,0,0,0,1,0,0,,0,0,0,16.0,1,2,1,,0,39 57:57.225,,0,75 12:26.989,4,0,0,0,67301,0,0,0,N,0,0,0,2,67301,2,,1,1,,N,N,,0,,0,0,0,3,3,,1641.0,2,2,0,0,0,0,0,3,4,0,2,3,,N,,,,,,,,,,,
2010117920,1130.0,2,0,0,0,0,0,0,0,0,5,0,,67,11,2010,2,40.0126,-75.205,1120.0,6,0,0,0,0,0,0,0,1,1.0,0,0,0,11.0,1,2,0,,1,40 00:44.964,4.0,3,75 12:18.020,3,0,0,0,67301,0,0,0,N,0,0,0,2,67301,0,,1,1,,N,N,,0,,2,0,0,0,0,N,1120.0,2,2,0,0,0,0,0,3,4,0,2,3,,N,,,,,,,,,,,
2010111981,1821.0,1,0,0,0,0,0,0,0,0,7,0,,67,11,2010,3,39.9998,-75.0849,1804.0,6,0,0,0,0,0,0,0,0,,0,0,0,18.0,3,0,0,,0,39 59:58.235,,0,75 05:04.637,9,0,0,0,67301,0,0,0,N,0,0,0,1,68K01,0,,2,1,,N,N,,0,,0,0,0,0,0,,1804.0,0,1,0,0,0,0,1,3,4,0,1,3,,N,,,,,,,,,,,
2010036891,1617.0,1,0,0,0,0,0,1,0,0,5,1,,67,4,2010,4,39.9572,-75.1567,1556.0,6,0,0,0,0,0,2,0,0,,0,0,0,15.0,1,0,0,,0,39 57:25.876,,0,75 09:24.154,0,0,0,0,67301,0,0,0,N,0,0,0,2,68K01,0,,1,1,,N,N,,0,,0,0,0,0,0,,1553.0,0,2,0,0,0,0,0,3,4,0,2,3,,N,,,,,,,,,,,
2010037252,1908.0,2,0,0,0,0,0,0,0,0,4,0,,67,4,2010,1,40.0619,-75.1367,1907.0,6,0,0,0,0,0,0,0,0,1.0,0,0,0,19.0,1,4,1,,1,40 03:42.622,2.0,0,75 08:12.011,4,0,0,0,67301,0,0,0,N,0,0,0,5,46102,4,,1,1,,N,N,,0,,0,0,0,3,2,N,1907.0,4,2,0,0,0,0,0,3,4,0,2,3,,N,,,,,,,,,,,
2010040125,1719.0,1,0,0,0,0,0,0,0,0,1,0,,67,4,2010,3,40.0297,-75.0224,1659.0,6,0,0,0,0,0,1,0,0,,0,0,0,16.0,1,1,0,,0,40 01:47.170,,0,75 01:20.450,8,0,0,0,67301,0,0,0,N,0,0,0,2,68K01,0,,1,1,,N,N,,0,,0,0,1,0,0,,1658.0,1,2,0,0,0,1,0,3,4,0,2,3,,N,,,,,,,,,,,
2010070676,920.0,0,0,0,0,0,0,0,0,0,7,0,,67,6,2010,2,40.0873,-74.9709,920.0,6,0,0,0,0,0,0,0,0,1.0,0,0,0,9.0,1,1,0,,1,40 05:14.275,3.0,0,74 58:15.173,4,0,0,0,67301,0,0,0,Y,0,0,0,3,67301,1,,2,1,,N,N,,0,,0,0,0,0,0,N,920.0,1,1,0,0,0,0,0,3,4,1,1,3,,N,,,,,,,,,,,
2010048689,1825.0,0,0,0,0,0,0,0,0,0,8,0,,67,4,2010,2,40.004,-75.2144,1818.0,6,0,0,0,0,0,0,0,0,,0,0,0,17.0,1,1,2,,0,40 00:14.371,,0,75 12:51.803,4,0,0,0,67301,1,0,0,N,1,0,0,2,67301,1,,1,1,,N,N,,0,,0,0,1,3,2,,1750.0,1,2,0,0,0,0,0,3,4,0,1,3,,N,,,,,,,,,,,
2010048772,1716.0,2,0,0,0,0,0,0,0,0,1,0,,67,4,2010,7,40.0409,-75.0296,1707.0,6,0,0,0,0,0,0,0,0,,0,0,0,17.0,1,1,0,,0,40 02:27.294,,0,75 01:46.564,8,0,0,0,67301,0,0,0,N,0,0,0,3,67301,0,,1,1,,N,N,,0,,0,0,0,0,0,,1700.0,1,2,0,0,0,1,0,3,4,0,2,3,,N,,,,,,,,,,,
2010048780,810.0,2,0,0,0,0,0,0,0,0,4,0,,67,4,2010,5,40.0643,-75.1536,803.0,6,0,0,0,0,0,0,0,0,,0,0,0,6.0,1,3,1,,0,40 03:51.426,,0,75 09:12.794,4,0,0,0,67301,0,0,0,N,0,0,0,5,67301,1,,1,1,,N,N,,0,,0,0,0,2,2,,650.0,3,2,0,0,0,2,0,3,4,0,2,3,,N,,,,,,,,,,,
2010058797,113.0,1,0,0,0,0,0,0,0,0,4,0,,67,5,2010,6,39.9923,-75.1845,111.0,6,0,0,0,0,0,0,0,0,9.0,0,0,0,1.0,3,1,1,,2,39 59:32.337,2.0,0,75 11:04.379,8,0,0,0,67301,0,0,0,N,0,0,0,2,67301,0,,1,1,,N,N,,0,,0,0,1,3,3,N,110.0,1,2,0,0,0,1,0,3,4,0,2,3,,N,,,,,,,,,,,
2010060434,234.0,0,0,0,0,0,0,0,0,0,0,0,,67,6,2010,2,39.9579,-75.1619,225.0,6,0,0,0,0,0,0,0,0,,0,0,0,2.0,3,1,0,,0,39 57:28.358,,0,75 09:42.816,3,0,0,1,67301,0,0,0,N,0,0,0,1,68K01,0,,1,1,,N,N,,0,,1,0,0,0,0,,223.0,1,1,0,0,0,0,0,3,4,0,1,3,,N,,,,,,,,,,,
2010070063,1800.0,1,0,0,1,0,0,0,0,0,4,0,,67,6,2010,6,39.9505,-75.1436,1759.0,6,0,0,0,0,0,0,0,0,,0,0,0,17.0,1,1,2,,0,39 57:01.836,,0,75 08:36.931,4,0,0,0,67301,1,0,0,N,0,0,0,3,67301,1,,1,1,,N,N,,0,,0,0,0,0,0,,1759.0,1,2,0,0,0,0,0,3,4,0,1,3,,N,,,,,,,,,,,