CRN,ARRIVAL_TM,AUTOMOBILE_COUNT,BELTED_DEATH_COUNT,BELTED_SUSP_SERIOUS_INJ_COUNT,BICYCLE_COUNT,BICYCLE_DEATH_COUNT,BICYCLE_SUSP_SERIOUS_INJ_COUNT,BUS_COUNT,CHLDPAS_DEATH_COUNT,CHLDPAS_SUSP_SERIOUS_INJ_COUNT,COLLISION_TYPE,COMM_VEH_COUNT,CONS_ZONE_SPD_LIM,COUNTY,CRASH_MONTH,CRASH_YEAR,DAY_OF_WEEK,DEC_LAT,DEC_LONG,DISPATCH_TM,DISTRICT,DRIVER_COUNT_16YR,DRIVER_COUNT_17YR,DRIVER_COUNT_18YR,DRIVER_COUNT_19YR,DRIVER_COUNT_20YR,DRIVER_COUNT_50_64YR,DRIVER_COUNT_65_74YR,DRIVER_COUNT_75PLUS,EST_HRS_CLOSED,FATAL_COUNT,HEAVY_TRUCK_COUNT,HORSE_BUGGY_COUNT,HOUR_OF_DAY,ILLUMINATION,INJURY_COUNT,INTERSECT_TYPE,INTERSECTION_RELATED,LANE_CLOSED,LATITUDE,LN_CLOSE_DIR,LOCATION_TYPE,LONGITUDE,MAX_SEVERITY_LEVEL,MCYCLE_DEATH_COUNT,MCYCLE_SUSP_SERIOUS_INJ_COUNT,MOTORCYCLE_COUNT,MUNICIPALITY,NONMOTR_COUNT,NONMOTR_DEATH_COUNT,NONMOTR_SUSP_SERIOUS_INJ_COUNT,NTFY_HIWY_MAINT,PED_COUNT,PED_DEATH_COUNT,PED_SUSP_SERIOUS_INJ_COUNT,PERSON_COUNT,POLICE_AGCY,POSSIBLE_INJ_COUNT,RDWY_SURF_TYPE_CD,RELATION_TO_ROAD,ROAD_CONDITION,ROADWAY_CLEARED,SCH_BUS_IND,SCH_ZONE_IND,SECONDARY_CRASH,SMALL_TRUCK_COUNT,SPEC_JURIS_CD,SUSP_MINOR_INJ_COUNT,SUSP_SERIOUS_INJ_COUNT,SUV_COUNT,TCD_FUNC_CD,TCD_TYPE,TFC_DETOUR_IND,TIME_OF_DAY,TOT_INJ_COUNT,TOTAL_UNITS,UNB_DEATH_COUNT,UNB_SUSP_SERIOUS_INJ_COUNT,UNBELTED_OCC_COUNT,UNK_INJ_DEG_COUNT,UNK_INJ_PER_COUNT,URBAN_AREA,URBAN_RURAL,VAN_COUNT,VEHICLE_COUNT,WEATHER1,WEATHER2,WORK_ZONE_IND,WORK_ZONE_LOC,WORK_ZONE_TYPE,WORKERS_PRES,WZ_CLOSE_DETOUR,WZ_FLAGGER,WZ_LAW_OFFCR_IND,WZ_LN_CLOSURE,WZ_MOVING,WZ_OTHER,WZ_SHLDER_MDN,WZ_WORKERS_INJ_KILLED
2010088694,24.0,1,0,0,0,0,0,0,0,0,8,0,,67,8,2010,1,39.9596,-75.197,24.0,6,0,0,0,0,0,0,0,0,,0,0,0,0.0,6,1,1,,0,39 57:34.444,,0,75 11:49.297,4,0,0,0,67301,1,0,0,N,1,0,0,2,67504,1,,1,98,,N,N,,0,,0,0,0,3,2,,20.0,1,2,0,0,0,0,0,3,4,0,1,99,,N,,,,,,,,,,,
2010099725,808.0,0,0,0,0,0,0,1,0,0,8,1,,67,8,2010,7,39.9577,-75.1624,807.0,6,0,0,0,0,0,0,0,0,3.0,0,0,0,8.0,1,1,1,,2,39 57:27.542,7.0,0,75 09:44.544,3,0,0,0,67301,1,0,0,,1,0,0,2,67301,0,,1,1,,,,,0,,1,0,0,3,2,Y,805.0,1,2,0,0,0,0,0,3,4,0,1,3,,N,,,,,,,,,,,
2010099734,1449.0,2,0,0,0,0,0,0,0,0,4,0,,67,9,2010,2,40.0358,-75.1747,1443.0,6,0,0,1,0,0,0,0,0,2.0,0,1,0,14.0,1,1,1,,1,40 02:08.965,1.0,0,75 10:29.000,4,0,0,0,67301,0,0,0,N,0,0,0,9,67301,1,,1,1,,N,N,,0,,0,0,0,3,2,Y,1440.0,1,3,0,0,5,0,0,3,4,0,3,3,,N,,,,,,,,,,,
2010099735,1754.0,2,0,0,0,0,0,0,0,0,4,0,,67,9,2010,6,40.0677,-75.1974,1750.0,6,0,0,0,0,0,0,1,0,,0,0,0,17.0,1,0,1,,0,40 04:03.488,,0,75 11:49.994,0,0,0,0,67301,0,0,0,N,0,0,0,5,67301,0,,1,1,,N,N,,0,,0,0,0,3,3,,1745.0,0,2,0,0,0,0,0,3,4,0,2,3,,N,,,,,,,,,,,
2010125295,1013.0,1,0,0,0,0,0,0,0,0,7,0,,67,12,2010,1,39.9591,-75.1403,958.0,6,0,0,1,0,0,1,0,0,1.0,0,0,0,9.0,1,3,0,,1,39 57:27.104,3.0,2,75 08:25.900,4,0,0,0,67301,0,0,0,N,0,0,0,6,68K01,2,,2,9,,N,N,,0,,0,0,0,0,0,N,956.0,3,2,0,0,0,1,0,3,4,1,2,7,,N,,,,,,,,,,,
2010103051,1237.0,2,0,0,0,0,0,0,0,0,4,0,,67,8,2010,6,40.0203,-75.1628,1233.0,6,0,0,0,0,0,0,0,1,,0,0,0,12.0,1,3,2,,0,40 01:13.039,,0,75 09:46.119,4,0,0,0,67301,0,0,0,N,0,0,0,4,67301,3,,1,1,,N,N,,0,,0,0,0,3,3,,1225.0,3,2,0,0,0,0,0,3,4,0,2,3,,N,,,,,,,,,,,
2010103053,2050.0,2,0,0,0,0,0,0,0,0,4,0,,67,9,2010,7,39.9728,-75.1799,2042.0,6,0,0,0,0,0,1,0,0,,0,0,0,19.0,3,5,1,,0,39 58:21.907,,0,75 10:47.704,8,0,0,0,67301,0,0,0,,0,0,0,5,67301,0,,1,1,,,N,,0,,0,0,0,3,3,,1945.0,5,2,0,0,0,5,0,3,4,0,2,3,,N,,,,,,,,,,,
2010125087,948.0,2,0,0,0,0,0,0,0,0,2,0,,67,11,2010,3,39.9841,-75.2032,941.0,6,0,0,0,0,0,0,0,0,1.0,0,0,0,9.0,1,3,0,,1,39 59:02.500,1.0,0,75 12:11.330,8,0,0,0,67301,0,0,0,N,0,0,0,3,67301,0,,1,9,,N,N,,0,,0,0,0,0,0,N,941.0,3,2,0,0,0,3,0,3,4,0,2,7,,N,,,,,,,,,,,
2010117933,655.0,1,0,0,0,0,0,0,0,0,4,0,,67,11,2010,2,40.0471,-75.1632,648.0,6,0,0,0,0,0,2,0,0,2.0,0,0,0,6.0,1,3,1,,9,40 02:49.423,4.0,0,75 09:47.462,4,0,0,0,67301,0,0,0,N,0,0,0,4,67301,2,,1,1,,N,N,,1,,0,0,0,3,2,Y,648.0,3,2,0,0,0,1,0,3,4,0,2,3,,N,,,,,,,,,,,
2010040368,1416.0,1,0,0,0,0,0,0,0,0,1,0,,67,4,2010,6,39.9465,-75.1886,1350.0,6,0,0,0,0,0,0,0,0,,0,0,0,13.0,1,1,0,,0,39 56:50.292,,0,75 11:14.955,4,0,0,0,67301,0,0,0,N,0,0,0,5,68K01,1,,1,1,,N,N,,0,,0,0,1,0,0,,1349.0,1,2,0,0,2,0,0,3,4,0,2,3,,N,,,,,,,,,,,
2010005818,1530.0,2,0,0,0,0,0,0,0,0,1,0,,67,1,2010,5,39.9586,-75.169,1524.0,6,0,0,0,0,1,0,0,0,,0,0,0,15.0,1,1,0,,0,39 57:31.108,,0,75 10:08.294,8,0,0,0,67301,0,0,0,N,0,0,0,5,68K02,0,,1,1,,N,N,,0,,0,0,1,0,0,,1522.0,1,3,0,0,0,1,0,3,4,0,3,3,,N,,,,,,,,,,,
2010048686,15.0,2,0,0,0,0,0,0,0,0,6,0,,67,4,2010,1,40.02,-75.043,10.0,6,0,0,0,0,0,0,0,0,,0,0,0,0.0,3,2,0,,0,40 01:12.160,,0,75 02:34.872,8,0,0,0,67301,0,0,0,N,0,0,0,2,67301,0,,1,1,,N,N,,0,,0,0,0,0,0,,1.0,2,2,0,0,0,2,0,3,4,0,2,3,,N,,,,,,,,,,,
2010048699,342.0,1,0,0,0,0,0,0,0,0,7,0,,67,4,2010,7,40.0619,-74.9942,337.0,6,0,0,0,0,1,0,0,0,,0,0,0,3.0,3,0,0,,0,40 03:42.855,,0,74 59:39.199,9,0,0,0,67301,0,0,0,N,0,0,0,2,67301,0,,4,1,,N,N,,0,,0,0,0,0,0,,335.0,0,1,0,0,0,0,1,3,4,0,1,3,,N,,,,,,,,,,,
2010058928,1049.0,2,0,0,0,0,0,0,0,0,4,0,,67,5,2010,3,39.9413,-75.2178,1036.0,6,0,0,0,0,1,0,0,0,,0,0,0,10.0,1,1,1,,0,39 56:28.852,,0,75 13:03.932,3,0,0,0,67301,0,0,0,N,0,0,0,2,67301,0,,1,9,,N,N,,0,,1,0,0,3,2,,1035.0,1,2,0,0,0,0,0,3,4,0,2,7,,N,,,,,,,,,,,
2010048771,1205.0,1,0,0,0,0,0,0,0,0,1,0,,67,4,2010,1,40.0367,-75.1577,1202.0,6,0,0,0,0,0,1,0,0,,0,0,0,12.0,1,2,0,,0,40 02:12.189,,0,75 09:27.540,8,0,0,0,67301,0,0,0,N,0,0,0,3,67301,0,,1,9,,N,N,,0,,0,0,1,0,0,,1200.0,2,2,0,0,0,2,0,3,4,0,2,7,,N,,,,,,,,,,,
2010048786,518.0,3,0,0,0,0,0,0,0,0,6,0,,67,4,2010,1,39.9441,-75.236,517.0,6,0,0,0,0,0,0,0,0,2.0,0,0,0,5.0,3,0,0,,1,39 56:38.839,2.0,0,75 14:09.686,0,0,0,0,67301,0,0,0,N,0,0,0,4,67301,0,,1,1,,N,N,,0,,0,0,0,0,0,Y,514.0,0,3,0,0,0,0,0,3,4,0,3,3,,N,,,,,,,,,,,
2010077975,1247.0,1,0,0,0,0,0,0,0,0,7,0,,67,8,2010,1,39.9944,-75.1985,1244.0,6,0,0,0,0,0,0,1,0,1.0,0,0,0,12.0,1,3,0,,1,39 59:43.111,4.0,0,75 11:51.548,3,0,0,0,67301,0,0,0,N,0,0,0,3,68K01,2,,2,1,,N,N,,0,,1,0,0,0,0,N,1240.0,3,1,0,0,0,0,0,3,4,0,1,3,,N,,,,,,,,,,,
2010070069,1721.0,0,0,0,0,0,0,0,0,0,8,0,,67,5,2010,6,40.0494,-75.0064,1717.0,6,0,0,0,0,0,1,0,0,3.0,0,0,0,17.0,1,1,0,,2,40 02:57.998,4.0,0,75 00:22.993,8,0,0,0,67301,1,0,0,N,1,0,0,2,67301,0,,1,1,,N,N,,0,,0,0,1,0,0,Y,1715.0,1,2,0,0,0,1,0,3,4,0,1,3,,N,,,,,,,,,,,
2010070770,1640.0,1,0,0,0,0,0,0,0,0,1,1,,67,6,2010,6,39.928,-75.2193,1620.0,6,0,0,0,0,0,1,0,0,,0,1,0,16.0,1,1,1,,0,39 55:41.214,,0,75 13:09.799,4,0,0,0,67301,0,0,0,,0,0,0,3,67301,1,,1,1,,,,,0,,0,0,0,3,2,,1615.0,1,2,0,0,0,0,0,3,4,0,2,3,,N,,,,,,,,,,,
2010070783,1203.0,2,0,0,0,0,0,0,0,0,4,0,,67,6,2010,3,39.9407,-75.2242,1158.0,6,0,0,0,0,0,0,0,0,,0,0,0,11.0,1,0,1,,0,39 56:26.512,,0,75 13:26.950,9,0,0,0,67301,0,0,0,N,0,0,0,4,67301,0,,1,1,,N,N,,1,,0,0,0,3,2,,1155.0,0,3,0,0,0,0,3,3,4,0,3,3,,N,,,,,,,,,,,
2010062719,645.0,2,0,0,0,0,0,0,0,0,4,0,,67,5,2010,6,40.0316,-75.0803,641.0,6,0,0,0,0,0,0,0,0,,0,0,0,99.0,1,1,2,,0,40 01:53.684,,0,75 04:49.231,8,0,0,0,67301,0,0,0,,0,0,0,2,67301,0,,1,1,,N,N,,0,,0,0,0,0,0,,9999.0,1,2,0,0,0,1,0,3,4,0,2,3,,N,,,,,,,,,,,
2010059564,1600.0,2,0,0,0,0,0,0,0,0,1,0,,67,5,2010,7,40.0245,-75.1478,9999.0,6,0,0,0,0,0,0,0,0,,0,0,0,15.0,1,1,1,,0,40 01:28.097,,0,75 08:52.131,4,0,0,0,67301,0,0,0,N,0,0,0,3,67301,1,,1,1,,N,N,,0,,0,0,0,3,2,,1545.0,1,2,0,0,0,0,0,3,4,0,2,3,,N,,,,,,,,,,,
2010081676,27.0,1,0,0,0,0,0,0,0,0,5,0,,67,7,2010,2,40.0401,-75.1297,20.0,6,0,0,0,0,0,0,0,0,,0,0,0,21.0,3,1,0,,0,40 02:24.298,,0,75 07:46.995,8,0,0,0,67301,0,0,0,N,0,0,0,1,67301,0,,2,1,,N,N,,0,,0,0,0,0,0,,2146.0,1,2,0,0,0,1,0,3,4,1,2,3,,N,,,,,,,,,,,
2010048908,2035.0,2,0,0,0,0,0,0,0,0,4,0,,67,4,2010,6,39.9585,-75.2252,2034.0,6,0,0,0,0,0,0,1,0,,0,0,0,20.0,3,2,1,,0,39 57:30.546,,0,75 13:30.586,4,0,0,0,67301,0,0,0,N,0,0,0,2,67301,2,,1,1,,N,N,,0,,0,0,0,3,2,,2034.0,2,2,0,0,0,0,0,3,4,0,2,3,,N,,,,,,,,,,,
2010048931,1258.0,2,0,0,0,0,0,0,0,0,4,0,,67,4,2010,6,39.9046,-75.2387,1251.0,6,0,0,0,0,0,1,0,0,,0,0,0,12.0,1,0,2,,0,39 54:16.588,,0,75 14:19.147,0,0,0,0,67301,0,0,0,N,0,0,0,2,67301,0,,1,1,,N,N,,0,,0,0,0,3,3,,1245.0,0,2,0,0,0,0,0,3,4,0,2,3,,N,,,,,,,,,,,
2010052458,345.0,3,0,0,0,0,0,0,0,0,5,0,,67,5,2010,7,39.9611,-75.1468,345.0,6,0,0,0,0,0,0,0,0,,0,0,0,3.0,3,1,0,,0,39 57:40.124,,0,75 08:48.557,3,0,0,0,67301,0,0,0,N,0,0,0,3,67301,1,,1,1,,N,N,,0,,1,0,0,0,0,,334.0,2,3,0,0,1,0,0,3,4,0,3,3,,N,,,,,,,,,,,
2010117847,917.0,1,0,0,0,0,0,0,0,0,8,0,,67,11,2010,3,39.9482,-75.1575,907.0,6,0,0,0,0,0,0,0,0,,0,0,0,9.0,1,1,0,,0,39 56:53.606,,0,75 09:26.881,8,0,0,0,67301,1,0,0,,1,0,0,2,67301,0,,1,1,,,,,0,,0,0,0,0,0,,907.0,1,2,0,0,0,1,1,3,4,0,1,3,,N,,,,,,,,,,,
2010091099,1830.0,1,0,0,0,0,0,0,0,0,8,0,,67,8,2010,1,39.9818,-75.1886,1826.0,6,0,0,0,0,0,0,0,0,,0,0,0,18.0,1,1,0,,0,39 58:54.425,,0,75 11:18.846,4,0,0,0,67301,1,0,0,,1,0,0,2,67301,1,,1,9,,N,N,,0,,0,0,0,0,0,,1825.0,1,2,0,0,0,0,0,3,4,0,1,7,,N,,,,,,,,,,,
2010093664,305.0,1,0,0,0,0,0,0,0,0,7,0,,67,8,2010,1,40.0385,-75.2115,302.0,6,0,0,0,0,0,0,0,0,,0,0,0,2.0,2,0,2,,0,40 02:18.806,,0,75 12:41.675,0,0,0,0,67301,0,0,0,N,0,0,0,3,67301,0,,2,9,,N,N,,0,,0,0,0,3,3,,238.0,0,1,0,0,0,0,0,3,4,0,1,7,,N,,,,,,,,,,,
2010126699,1836.0,0,0,0,0,0,0,0,0,0,7,0,,67,12,2010,5,39.8931,-75.2314,1836.0,6,0,0,0,0,0,0,0,0,,0,0,0,15.0,1,0,0,,0,39 53:35.159,,0,75 13:51.370,0,0,0,0,67301,0,0,0,N,0,0,0,1,68K01,0,,3,7,,N,N,,1,,0,0,0,0,0,,1545.0,0,1,0,0,0,0,0,3,4,0,1,10,,N,,,,,,,,,,,
2010126973,412.0,0,0,0,0,0,0,0,0,0,7,1,,67,10,2010,4,39.9477,-75.1422,410.0,6,0,0,0,0,0,0,0,0,2.0,0,1,0,4.0,3,0,0,,1,39 56:51.720,2.0,0,75 08:31.855,0,0,0,0,67301,0,0,0,N,0,0,0,1,68K01,0,,4,9,,N,N,,0,,0,0,0,0,0,Y,410.0,0,1,0,0,0,0,0,3,4,0,1,7,,N,,,,,,,,,,,
2010119450,939.0,0,0,0,0,0,0,0,0,0,7,0,,67,11,2010,2,40.0408,-75.005,932.0,6,0,0,0,0,0,0,0,0,,0,0,0,9.0,1,0,0,,0,40 02:27.162,,0,75 00:17.748,0,0,0,0,67301,0,0,0,N,0,0,0,1,68K01,0,,2,1,,N,N,,0,,0,0,1,0,0,,932.0,0,1,0,0,0,0,0,3,4,0,1,3,,N,,,,,,,,,,,
2010116278,1508.0,3,0,0,0,0,0,0,0,0,1,0,,67,11,2010,3,39.8867,-75.2141,1459.0,6,0,0,0,0,0,0,0,0,1.0,0,0,0,14.0,1,0,0,,2,39 53:11.659,2.0,3,75 12:49.551,0,0,0,0,67301,0,0,0,N,0,0,0,3,68K01,0,,1,1,,N,N,,0,,0,0,0,0,0,N,1457.0,0,3,0,0,0,0,0,3,4,0,3,3,,N,,,,,,,,,,,
2010113819,2040.0,2,0,0,0,0,0,0,0,0,1,0,,67,10,2010,3,40.0512,-75.0659,2035.0,6,0,0,0,0,1,0,0,0,,0,0,0,20.0,3,1,0,,0,40 03:04.222,,0,75 03:57.316,8,0,0,0,67301,0,0,0,,0,0,0,2,67301,0,,1,1,,,,,0,,0,0,0,0,0,,2000.0,1,2,0,0,0,1,0,3,4,0,2,3,,N,,,,,,,,,,,
2010114042,1108.0,0,0,0,0,0,0,0,0,0,7,0,,67,10,2010,5,40.0205,-75.1925,1105.0,6,0,0,0,0,0,0,0,0,3.0,1,0,0,11.0,1,0,0,,2,40 01:13.705,2.0,0,75 11:33.005,1,1,0,1,67301,0,0,0,N,0,0,0,1,67301,0,2.0,4,98,,N,N,,0,0.0,0,0,0,0,0,N,1104.0,0,1,0,0,0,0,0,3,4,0,1,98,,N,,,,,,,,,,,
2010114073,610.0,1,0,0,1,0,0,0,0,0,5,0,,67,10,2010,4,39.9401,-75.1667,552.0,6,0,0,0,0,0,0,0,0,,0,0,0,5.0,1,1,0,,0,39 56:24.327,,0,75 10:00.211,3,0,0,0,67301,1,0,0,,0,0,0,2,67301,0,,1,9,,,,,0,,1,0,0,0,0,,535.0,1,2,0,0,0,0,1,3,4,0,1,3,,N,,,,,,,,,,,
2010066833,1126.0,1,0,0,0,0,0,0,0,0,1,0,,67,6,2010,4,39.8916,-75.2371,1125.0,6,0,0,0,0,0,0,0,0,,0,0,0,11.0,1,0,0,,0,39 53:29.767,,0,75 14:13.566,0,0,0,0,67301,0,0,0,N,0,0,0,2,68K01,0,,1,1,,N,N,,0,,0,0,0,0,0,,1115.0,0,2,0,0,0,0,0,3,4,1,2,3,,N,,,,,,,,,,,
2010074416,932.0,0,0,0,0,0,0,0,0,0,7,0,,67,7,2010,7,40.0042,-75.1486,931.0,6,0,0,0,0,0,0,0,0,,0,0,0,9.0,1,1,1,,0,40 00:15.188,,0,75 08:55.136,3,0,0,0,67301,0,0,0,N,0,0,0,2,67301,0,,4,1,,N,N,,1,,1,0,0,0,0,,930.0,1,1,0,0,1,0,0,3,4,0,1,3,,N,,,,,,,,,,,
2010074443,1545.0,0,0,0,0,0,0,0,0,0,4,0,,67,7,2010,6,40.0265,-75.0422,1545.0,6,0,0,0,0,0,1,0,0,1.0,0,0,0,15.0,1,1,1,,1,40 01:35.410,1.0,0,75 02:31.777,8,0,0,1,67301,0,0,0,N,0,0,0,2,67301,0,,1,1,,N,N,,1,,0,0,0,3,3,Y,1520.0,1,2,0,0,0,1,0,3,4,0,2,3,,N,,,,,,,,,,,
2010074490,1247.0,3,0,0,0,0,0,0,0,0,4,0,,67,7,2010,6,40.0524,-75.0733,1240.0,6,0,0,0,1,0,0,0,0,,0,0,0,12.0,1,2,1,,0,40 03:08.640,,0,75 04:23.775,3,0,0,0,67301,0,0,0,,0,0,0,5,67301,1,,1,1,,,,,0,,1,0,0,3,2,,1230.0,2,3,0,0,0,0,0,3,4,0,3,3,,N,,,,,,,,,,,
2010061989,1105.0,1,0,0,0,0,0,1,0,0,4,1,,67,5,2010,2,40.0019,-75.1184,1055.0,6,0,0,0,0,0,1,0,0,,0,0,0,10.0,1,2,2,,0,40 00:06.855,,0,75 07:06.101,3,0,0,0,67301,0,0,0,N,0,0,0,3,67301,0,,1,9,,Y,N,,0,,2,0,0,3,3,,1025.0,2,2,0,0,0,0,0,3,4,0,2,7,,N,,,,,,,,,,,
2010068725,1640.0,0,0,0,0,0,0,0,0,0,8,0,,67,7,2010,4,40.0566,-75.0466,1615.0,6,0,0,0,0,0,0,0,0,1.0,0,0,0,16.0,1,1,1,,1,40 03:23.636,1.0,0,75 02:47.581,8,0,0,0,67301,1,0,0,N,1,0,0,2,67301,0,,1,1,,N,N,,1,,0,0,0,3,2,N,1610.0,1,2,0,0,0,1,0,3,4,0,1,3,,N,,,,,,,,,,,
2010064419,1907.0,1,0,0,0,0,0,0,0,0,7,0,,67,6,2010,1,39.9662,-75.1356,1905.0,6,0,0,0,0,0,0,0,0,2.0,0,0,0,18.0,1,1,0,,1,39 57:58.655,1.0,0,75 08:07.647,8,0,0,0,67301,0,0,0,N,0,0,0,2,68K01,0,,2,1,,N,N,,0,,0,0,0,0,0,N,1818.0,1,1,0,0,0,1,0,3,4,0,1,3,,N,,,,,,,,,,,
2010048742,105.0,2,0,0,0,0,0,0,0,0,2,0,,67,4,2010,6,40.0818,-75.1717,58.0,6,1,0,0,0,0,1,0,0,,0,0,0,22.0,3,0,0,,0,40 04:54.457,,7,75 10:18.064,0,0,0,0,67301,0,0,0,N,0,0,0,2,67301,0,,1,1,,N,N,,0,,0,0,0,3,2,,2256.0,0,2,0,0,0,0,0,3,4,0,2,3,,N,,,,,,,,,,,
2010065773,105.0,1,0,0,0,0,0,0,0,0,7,0,,67,6,2010,5,40.0182,-75.0482,54.0,6,0,0,0,0,0,0,0,0,2.0,0,0,0,0.0,3,0,0,,1,40 01:05.186,2.0,0,75 02:53.675,0,0,0,0,67301,0,0,0,Y,0,0,0,1,68K01,0,,2,1,,N,N,,0,,0,0,0,0,0,N,49.0,0,1,0,0,0,0,0,3,4,0,1,3,,N,,,,,,,,,,,
2010068363,639.0,0,0,0,0,0,0,1,0,0,1,1,,67,6,2010,4,39.9582,-75.1802,618.0,6,0,0,0,0,0,0,0,0,2.0,0,0,0,5.0,5,2,0,,1,39 57:33.935,4.0,0,75 10:50.590,3,0,0,0,67301,0,0,0,N,0,0,0,3,68K01,0,,1,1,,N,N,,0,,2,0,1,0,0,N,555.0,2,2,0,0,0,0,0,3,4,0,2,3,,N,,,,,,,,,,,
2010068377,1526.0,1,0,0,0,0,0,0,0,0,7,0,,67,7,2010,1,39.9111,-75.1516,1525.0,6,0,0,0,0,0,0,0,0,1.0,0,0,0,15.0,1,3,6,,1,39 54:43.115,1.0,2,75 08:56.516,4,0,0,0,67301,0,0,0,N,0,0,0,6,68K01,3,,4,1,,N,N,,0,,0,0,0,0,0,N,1520.0,3,1,0,0,0,0,0,3,4,0,1,3,,N,,,,,,,,,,,
2010059532,642.0,0,0,0,0,0,0,0,0,0,4,0,,67,4,2010,2,40.0382,-75.0417,638.0,6,0,1,0,0,0,1,0,0,,0,0,0,6.0,1,1,1,,0,40 02:17.595,,0,75 02:30.029,4,0,0,0,67301,0,0,0,,0,0,0,2,67301,1,,1,1,,N,N,,0,,0,0,2,3,3,,637.0,1,2,0,0,0,0,0,3,4,0,2,3,,N,,,,,,,,,,,
2010059556,2316.0,2,0,0,0,0,0,0,0,0,4,0,,67,4,2010,5,39.9927,-75.1203,2313.0,6,0,0,0,0,0,1,0,0,2.0,0,0,0,22.0,3,2,5,,2,39 59:33.831,5.0,0,75 07:13.101,4,0,0,0,67301,0,0,0,N,0,0,0,4,67301,2,,1,1,,N,N,,0,,0,0,0,3,2,Y,2245.0,2,2,0,0,0,0,1,3,4,0,2,3,,N,,,,,,,,,,,
2010048881,235.0,2,0,0,0,0,0,0,0,0,4,0,,67,4,2010,7,40.0163,-75.1496,230.0,6,0,0,0,0,0,0,0,0,,0,0,0,2.0,3,2,0,,0,40 00:58.576,,0,75 08:58.577,4,0,0,0,67301,0,0,0,N,0,0,0,2,67301,2,,4,9,,N,N,,1,,0,0,0,3,3,,215.0,2,3,0,0,0,0,0,3,4,0,3,7,,N,,,,,,,,,,,
2010052438,2334.0,2,0,0,0,0,0,0,0,0,1,0,,67,4,2010,6,40.0345,-75.0719,2329.0,6,0,0,0,0,0,0,0,0,2.0,0,0,0,23.0,3,4,1,,2,40 02:06.022,1.0,0,75 04:09.823,8,0,0,0,67301,0,0,0,N,0,0,0,4,67301,0,,1,1,,N,N,,0,,0,0,0,3,2,Y,2328.0,4,2,0,0,0,4,0,3,4,0,2,3,,N,,,,,,,,,,,
2010052453,1045.0,2,0,0,0,0,0,0,0,0,2,0,,67,5,2010,2,40.0159,-75.1497,1030.0,6,0,0,1,0,0,0,0,0,,0,0,0,10.0,1,1,2,,0,40 00:57.347,,0,75 08:58.844,4,0,0,0,67301,0,0,0,N,0,0,0,3,67301,1,,1,1,,N,N,,0,,0,0,0,0,0,,1015.0,1,2,0,0,1,0,2,3,4,0,2,3,,N,,,,,,,,,,,
2010122444,1241.0,1,0,0,0,0,0,0,0,0,8,0,,67,10,2010,3,39.9486,-75.171,1230.0,6,0,0,0,0,0,0,0,0,,0,0,0,12.0,1,1,2,,0,39 56:54.836,,0,75 10:15.652,4,0,0,0,67301,1,0,0,,1,0,0,2,67301,1,,1,1,,,,,0,,0,0,0,3,2,,1200.0,1,2,0,0,0,0,0,3,4,0,1,3,,N,,,,,,,,,,,
2010116271,2224.0,0,0,0,0,0,0,0,0,0,7,0,,67,11,2010,3,39.9815,-75.2069,2219.0,6,0,0,0,0,0,0,0,0,,0,0,0,22.0,2,0,0,,0,39 58:57.116,,0,75 12:27.803,0,0,0,0,67301,0,0,0,N,0,0,0,1,68K01,0,,2,9,,N,N,,0,,0,0,1,0,0,,2218.0,0,1,0,0,0,0,0,3,4,0,1,7,,N,,,,,,,,,,,
2010116274,1811.0,2,0,0,0,0,0,0,0,0,1,0,,67,11,2010,2,39.9458,-75.19,1803.0,6,0,0,0,0,0,1,0,0,,0,0,0,18.0,3,2,6,,0,39 56:46.176,,2,75 11:22.427,4,0,0,0,67301,0,0,0,N,0,0,0,4,68K01,2,,1,1,,N,N,,0,,0,0,0,3,4,,1800.0,2,2,0,0,0,0,0,3,4,0,2,3,,N,,,,,,,,,,,
2010116309,1821.0,0,0,0,0,0,0,1,0,0,1,1,,67,11,2010,2,40.0712,-75.0381,1819.0,6,0,0,0,0,0,0,0,0,1.0,0,0,0,18.0,3,2,1,,1,40 04:16.614,2.0,0,75 02:17.825,4,0,0,0,67301,0,0,0,N,0,0,0,3,67301,2,,1,9,,N,N,,0,,0,0,1,3,2,N,1817.0,2,2,0,0,0,0,0,3,4,0,2,7,,N,,,,,,,,,,,
2010116360,936.0,1,0,0,0,0,0,0,0,0,8,0,,67,11,2010,5,39.9547,-75.1944,925.0,6,0,0,0,0,0,0,0,0,9.0,0,0,0,9.0,1,1,1,,1,39 57:16.798,7.0,0,75 11:39.891,4,0,0,0,67301,1,0,0,N,1,0,0,2,67301,1,,1,9,,N,N,,0,,0,0,0,3,2,N,915.0,1,2,0,0,1,0,0,3,4,0,1,7,,N,,,,,,,,,,,
2010111468,1801.0,2,0,0,0,0,0,0,0,0,4,0,,67,10,2010,7,40.0267,-75.1278,1755.0,6,0,0,0,0,0,0,0,0,1.0,0,0,0,17.0,1,1,2,,2,40 01:35.940,1.0,0,75 07:40.094,4,0,0,0,67301,0,0,0,N,0,0,0,2,67301,1,,1,1,,N,N,,0,,0,0,0,3,3,Y,1750.0,1,2,0,0,2,0,0,3,4,0,2,3,,N,,,,,,,,,,,
2010069265,1728.0,1,0,0,0,0,0,0,0,0,8,0,,67,6,2010,5,39.9153,-75.2342,1725.0,6,0,0,0,0,0,0,0,0,,0,0,0,16.0,1,1,2,,0,39 54:54.921,,0,75 14:03.004,4,0,0,0,67301,1,0,0,N,1,0,0,2,67301,1,,1,1,,N,N,,0,,0,0,0,0,0,,1647.0,1,2,0,0,0,0,0,3,4,0,1,3,,N,,,,,,,,,,,