CRN,ARRIVAL_TM,AUTOMOBILE_COUNT,BELTED_DEATH_COUNT,BELTED_SUSP_SERIOUS_INJ_COUNT,BICYCLE_COUNT,BICYCLE_DEATH_COUNT,BICYCLE_SUSP_SERIOUS_INJ_COUNT,BUS_COUNT,CHLDPAS_DEATH_COUNT,CHLDPAS_SUSP_SERIOUS_INJ_COUNT,COLLISION_TYPE,COMM_VEH_COUNT,CONS_ZONE_SPD_LIM,COUNTY,CRASH_MONTH,CRASH_YEAR,DAY_OF_WEEK,DEC_LAT,DEC_LONG,DISPATCH_TM,DISTRICT,DRIVER_COUNT_16YR,DRIVER_COUNT_17YR,DRIVER_COUNT_18YR,DRIVER_COUNT_19YR,DRIVER_COUNT_20YR,DRIVER_COUNT_50_64YR,DRIVER_COUNT_65_74YR,DRIVER_COUNT_75PLUS,EST_HRS_CLOSED,FATAL_COUNT,HEAVY_TRUCK_COUNT,HORSE_BUGGY_COUNT,HOUR_OF_DAY,ILLUMINATION,INJURY_COUNT,INTERSECT_TYPE,INTERSECTION_RELATED,LANE_CLOSED,LATITUDE,LN_CLOSE_DIR,LOCATION_TYPE,LONGITUDE,MAX_SEVERITY_LEVEL,MCYCLE_DEATH_COUNT,MCYCLE_SUSP_SERIOUS_INJ_COUNT,MOTORCYCLE_COUNT,MUNICIPALITY,NONMOTR_COUNT,NONMOTR_DEATH_COUNT,NONMOTR_SUSP_SERIOUS_INJ_COUNT,NTFY_HIWY_MAINT,PED_COUNT,PED_DEATH_COUNT,PED_SUSP_SERIOUS_INJ_COUNT,PERSON_COUNT,POLICE_AGCY,POSSIBLE_INJ_COUNT,RDWY_SURF_TYPE_CD,RELATION_TO_ROAD,ROAD_CONDITION,ROADWAY_CLEARED,SCH_BUS_IND,SCH_ZONE_IND,SECONDARY_CRASH,SMALL_TRUCK_COUNT,SPEC_JURIS_CD,SUSP_MINOR_INJ_COUNT,SUSP_SERIOUS_INJ_COUNT,SUV_COUNT,TCD_FUNC_CD,TCD_TYPE,TFC_DETOUR_IND,TIME_OF_DAY,TOT_INJ_COUNT,TOTAL_UNITS,UNB_DEATH_COUNT,UNB_SUSP_SERIOUS_INJ_COUNT,UNBELTED_OCC_COUNT,UNK_INJ_DEG_COUNT,UNK_INJ_PER_COUNT,URBAN_AREA,URBAN_RURAL,VAN_COUNT,VEHICLE_COUNT,WEATHER1,WEATHER2,WORK_ZONE_IND,WORK_ZONE_LOC,WORK_ZONE_TYPE,WORKERS_PRES,WZ_CLOSE_DETOUR,WZ_FLAGGER,WZ_LAW_OFFCR_IND,WZ_LN_CLOSURE,WZ_MOVING,WZ_OTHER,WZ_SHLDER_MDN,WZ_WORKERS_INJ_KILLED
2010069845,2131.0,1,0,0,0,0,0,0,0,0,7,0,,67,6,2010,3,40.0027,-75.1683,2127.0,6,0,0,0,0,0,0,0,0,,0,0,0,21.0,3,2,3,,0,40 00:09.835,,0,75 10:05.768,4,0,0,0,67301,0,0,0,N,0,0,0,2,67301,2,,5,1,,N,N,,0,,0,0,0,0,0,,2125.0,2,1,0,0,2,0,0,3,4,0,1,3,,N,,,,,,,,,,,
2010074500,1758.0,1,0,0,0,0,0,0,0,0,8,0,,67,7,2010,3,40.0107,-75.0726,1753.0,6,0,0,0,0,0,0,0,0,,0,0,0,99.0,1,1,1,,0,40 00:38.602,,0,75 04:21.421,4,0,0,0,67301,1,0,0,N,1,0,0,2,67301,1,,1,1,,N,N,,0,,0,0,0,3,3,,9999.0,1,2,0,0,0,0,0,3,4,0,1,3,,N,,,,,,,,,,,
2010074502,1524.0,1,0,0,0,0,0,0,0,0,4,0,,67,7,2010,3,40.0557,-75.0589,1519.0,6,0,0,0,0,0,0,0,1,,0,0,0,14.0,1,1,1,,0,40 03:20.430,,0,75 03:32.144,3,0,0,0,67301,0,0,0,N,0,0,0,4,67301,0,,1,1,,N,N,,1,,1,0,0,3,2,,1429.0,1,2,0,0,0,0,0,3,4,0,2,3,,N,,,,,,,,,,,
2010081945,1340.0,2,0,0,0,0,0,0,0,0,4,0,,67,7,2010,6,39.995,-75.1625,1328.0,6,0,0,0,0,0,1,0,0,,0,0,0,13.0,1,1,2,,0,39 59:41.858,,0,75 09:44.988,4,0,0,0,67301,0,0,0,N,0,0,0,2,67301,1,,1,1,,N,N,,0,,0,0,0,3,3,,1315.0,1,2,0,0,0,0,0,3,4,0,2,3,,N,,,,,,,,,,,
2010061925,1838.0,0,0,0,0,0,0,0,0,0,0,0,,67,5,2010,7,39.9365,-75.1554,1833.0,6,0,0,0,0,0,1,0,0,,0,0,0,18.0,1,1,2,,0,39 56:11.367,,0,75 09:19.515,2,0,1,1,67301,0,0,0,,0,0,0,1,67301,0,,1,1,,N,N,,0,,0,1,0,0,0,,1833.0,1,1,0,0,0,0,0,3,4,0,1,3,,N,,,,,,,,,,,
2010066524,928.0,2,0,0,0,0,0,0,0,0,1,0,,67,7,2010,3,39.9629,-75.1834,920.0,6,0,0,0,0,2,0,0,0,,0,0,0,9.0,1,0,0,,0,39 57:49.525,,0,75 11:02.941,0,0,0,0,67301,0,0,0,N,0,0,0,2,68K01,0,,1,8,,N,N,,0,,0,0,0,0,0,,918.0,0,2,0,0,0,0,0,3,4,0,2,7,,N,,,,,,,,,,,
2010069656,2316.0,2,0,0,0,0,0,0,0,0,6,0,,67,6,2010,5,39.9478,-75.2114,2316.0,6,0,0,0,0,1,0,0,0,,0,0,0,23.0,3,0,1,,0,39 56:51.985,,0,75 12:41.108,0,0,0,0,67301,0,0,0,N,0,0,0,3,67301,0,,1,1,,N,N,,0,,0,0,0,3,3,,2300.0,0,2,0,0,0,0,0,3,4,0,2,3,,N,,,,,,,,,,,
2010081782,21.0,2,0,0,0,0,0,0,0,0,4,0,,67,7,2010,7,40.0378,-75.0745,20.0,6,0,0,0,0,0,0,0,0,,0,0,0,0.0,3,1,1,,0,40 02:16.088,,0,75 04:28.064,8,0,0,0,67301,0,0,0,N,0,0,0,3,67301,0,,1,1,,N,N,,0,,0,0,0,3,2,,20.0,1,2,0,0,0,1,0,3,4,0,2,3,,N,,,,,,,,,,,
2010081785,1754.0,1,0,0,0,0,0,0,0,0,6,0,,67,8,2010,1,40.0969,-75.0179,1751.0,6,0,0,0,1,0,0,0,0,,0,0,0,17.0,1,2,0,,0,40 05:48.897,,0,75 01:04.328,4,0,0,0,67301,2,0,0,N,2,0,0,4,67301,2,,1,1,,N,N,,1,,0,0,0,0,0,,1750.0,2,4,0,0,0,0,0,3,4,0,2,3,,N,,,,,,,,,,,
2010069981,1909.0,2,0,0,0,0,0,0,0,0,1,0,,67,6,2010,7,40.0089,-75.194,1901.0,6,0,0,0,0,0,0,0,0,,0,0,0,18.0,4,1,1,,0,40 00:32.006,,0,75 11:38.251,8,0,0,0,67301,0,0,0,N,0,0,0,2,67301,0,,1,1,,N,N,,0,,0,0,0,3,2,,1859.0,1,2,0,0,1,1,0,3,4,0,2,3,,N,,,,,,,,,,,
2010074567,1123.0,1,0,0,0,0,0,0,0,0,1,0,,67,6,2010,6,40.0231,-75.124,1123.0,6,0,0,0,0,0,0,0,0,,0,0,0,11.0,1,0,1,,0,40 01:23.210,,0,75 07:26.428,0,0,0,0,67301,0,0,0,N,0,0,0,2,67301,0,,1,1,,N,N,,1,,0,0,0,3,3,,1122.0,0,2,0,0,0,0,0,3,4,0,2,3,,N,,,,,,,,,,,
2010074592,1648.0,1,0,0,0,0,0,0,0,0,1,0,,67,6,2010,5,39.947,-75.2152,1648.0,6,0,0,0,0,0,0,0,0,,0,0,0,16.0,1,1,0,,0,39 56:49.040,,0,75 12:54.860,4,0,0,0,67301,0,0,0,N,0,0,0,2,67301,1,,1,9,,N,N,,0,,0,0,1,0,0,,1647.0,1,2,0,0,0,0,0,3,4,0,2,3,,N,,,,,,,,,,,
2010058953,2100.0,2,0,0,0,0,0,0,0,0,4,0,,67,5,2010,2,39.9894,-75.1264,2100.0,6,0,0,0,0,0,0,0,0,,0,0,0,20.0,3,1,2,,0,39 59:21.667,,0,75 07:35.216,4,0,0,0,67301,0,0,0,,0,0,0,3,67301,1,,1,1,,,,,0,,0,0,0,0,0,,2057.0,1,2,0,0,0,0,0,3,4,0,2,3,,N,,,,,,,,,,,
2010019417,1049.0,1,0,0,0,0,0,0,0,0,4,0,,67,1,2010,1,40.0659,-75.1765,1044.0,6,0,0,0,0,0,0,0,0,1.0,0,0,0,10.0,1,2,1,,1,40 03:57.202,2.0,0,75 10:35.464,4,0,0,0,67301,0,0,0,N,0,0,0,2,67301,2,,1,1,,N,N,,0,,0,0,0,3,3,Y,1042.0,2,2,0,0,0,0,0,3,4,1,2,3,,N,,,,,,,,,,,
2010019430,1817.0,2,0,0,0,0,0,0,0,0,4,0,,67,1,2010,3,40.0501,-75.0642,1813.0,6,0,0,0,0,0,0,0,0,,0,0,0,18.0,3,5,1,,0,40 03:00.396,,0,75 03:51.268,8,0,0,0,67301,0,0,0,N,0,0,0,6,67301,0,,1,1,,N,N,,0,,0,0,0,3,2,,1805.0,5,2,0,0,0,5,1,3,4,0,2,3,,N,,,,,,,,,,,
2010030600,633.0,1,0,0,0,0,0,0,0,0,1,0,,67,3,2010,5,39.9717,-75.1235,630.0,6,0,0,0,0,0,1,1,0,1.0,0,0,0,6.0,5,1,0,,1,39 58:17.370,2.0,0,75 07:25.338,4,0,0,0,67301,0,0,0,N,0,0,0,8,68K01,1,,1,1,,N,N,,1,,0,0,3,0,0,N,625.0,1,5,0,0,0,0,0,3,4,0,5,3,,N,,,,,,,,,,,
2010028221,1320.0,2,0,0,0,0,0,0,0,0,1,0,,67,2,2010,1,40.0258,-75.1977,1311.0,6,0,0,0,0,0,0,0,0,,0,0,0,12.0,1,0,0,,0,40 01:32.730,,0,75 11:51.586,0,0,0,0,67301,0,0,0,N,0,0,0,1,67301,0,,2,6,,N,N,,1,,0,0,0,0,0,,1245.0,0,3,0,0,0,0,0,3,4,0,3,3,,N,,,,,,,,,,,
2010027949,2010.0,0,0,0,0,0,0,0,0,0,7,0,,67,2,2010,5,39.9769,-75.2243,2004.0,6,0,0,0,0,0,0,0,0,,0,0,0,20.0,2,1,0,,0,39 58:36.786,,0,75 13:27.462,8,0,0,0,67301,0,0,0,,0,0,0,1,67301,0,,2,2,,,,,0,,0,0,1,0,0,,2004.0,1,1,0,0,0,1,0,3,4,0,1,10,,N,,,,,,,,,,,
2010028106,125.0,1,0,0,0,0,0,0,0,0,1,0,,67,1,2010,5,39.9754,-75.2266,123.0,6,0,0,0,0,0,0,0,0,2.0,0,0,0,1.0,3,1,0,,2,39 58:31.386,5.0,0,75 13:35.662,4,0,0,0,67301,0,0,0,N,0,0,0,1,67301,1,,1,1,,N,N,,0,,0,0,1,0,0,Y,120.0,1,2,0,0,0,0,0,3,4,0,2,3,,N,,,,,,,,,,,
2010028284,1313.0,1,0,0,0,0,0,0,0,0,5,0,,67,2,2010,1,40.0261,-75.1987,1311.0,6,0,0,0,0,0,1,0,0,,0,0,0,12.0,1,3,0,,0,40 01:33.830,,0,75 11:55.149,4,0,0,0,67301,3,0,0,,1,0,0,4,67301,1,,2,7,,,,,0,,0,0,2,0,0,,1238.0,3,4,0,0,0,2,0,3,4,0,3,10,,N,,,,,,,,,,,
2010028298,843.0,2,0,0,0,0,0,0,0,0,5,0,,67,2,2010,2,40.0093,-75.1508,843.0,6,0,0,0,0,0,1,0,1,,0,0,0,8.0,1,0,0,,0,40 00:33.389,,0,75 09:03.020,0,0,0,0,67301,0,0,0,N,0,0,0,2,67301,0,,1,7,,N,N,,0,,0,0,0,0,0,,830.0,0,2,0,0,0,0,0,3,4,0,2,10,,N,,,,,,,,,,,
2010028299,1746.0,2,0,0,0,0,0,0,0,0,1,0,,67,2,2010,5,40.015,-75.1775,1738.0,6,0,0,0,0,0,1,0,1,1.0,0,0,0,17.0,4,0,0,,1,40 00:54.205,4.0,0,75 10:39.099,0,0,0,0,67301,0,0,0,N,0,0,0,2,67301,0,,1,1,,N,N,,0,,0,0,0,3,8,N,1734.0,0,2,0,0,0,0,0,3,4,0,2,3,,N,,,,,,,,,,,
2010028305,1640.0,2,0,0,0,0,0,0,0,0,4,0,,67,3,2010,3,40.017,-75.0563,1635.0,6,0,1,0,0,0,0,0,0,,0,0,0,16.0,1,1,1,,0,40 01:01.077,,0,75 03:22.798,8,0,0,0,67301,0,0,0,N,0,0,0,3,67301,0,,1,1,,N,N,,0,,0,0,0,3,3,,1615.0,1,2,0,0,0,1,2,3,4,0,2,3,,N,,,,,,,,,,,
2010028344,554.0,1,0,0,0,0,0,0,0,0,4,0,,67,2,2010,5,39.9579,-75.1623,552.0,6,0,0,0,0,0,0,1,0,3.0,0,0,0,5.0,3,0,1,,2,39 57:29.007,4.0,0,75 09:44.230,0,0,0,0,67301,0,0,0,N,0,0,0,2,67301,0,,1,1,,N,N,,1,,0,0,0,3,2,Y,550.0,0,2,0,0,0,0,0,3,4,0,2,3,,N,,,,,,,,,,,
2010028526,1908.0,1,0,0,0,0,0,0,0,0,5,1,,67,2,2010,6,39.9511,-75.1658,1859.0,6,0,0,0,0,0,1,0,0,,0,1,0,18.0,3,0,0,,0,39 57:03.933,,0,75 09:56.846,0,0,0,0,67301,0,0,0,N,0,0,0,2,67301,0,,6,9,,N,N,,0,,0,0,1,3,2,,1840.0,0,3,0,0,0,0,0,3,4,0,3,10,,N,,,,,,,,,,,
2010026580,417.0,0,0,0,0,0,0,0,0,0,1,0,,67,2,2010,1,39.9255,-75.1471,412.0,6,0,0,0,0,0,0,0,0,2.0,0,0,0,4.0,3,5,0,,2,39 55:31.374,2.0,0,75 08:49.761,3,0,0,0,67301,0,0,0,Y,0,0,0,5,68K01,4,,1,1,,N,N,,0,,1,0,2,0,0,N,411.0,5,2,0,0,0,0,0,3,4,0,2,3,,N,,,,,,,,,,,
2010028573,1010.0,0,0,0,0,0,0,0,0,0,1,0,,67,2,2010,4,40.0227,-75.1482,1006.0,6,0,0,0,0,0,0,0,0,2.0,0,0,0,99.0,1,0,5,,1,40 01:21.651,2.0,0,75 08:53.543,0,0,0,0,67301,0,0,0,N,0,0,0,2,67301,0,,1,1,,N,N,,1,,0,0,0,3,2,N,9999.0,0,2,0,0,0,0,0,3,4,1,2,3,,N,,,,,,,,,,,
2010105081,1114.0,1,0,0,0,0,0,0,0,0,7,0,,67,9,2010,3,40.0491,-75.012,1112.0,6,0,0,0,0,0,0,1,0,,0,0,0,11.0,1,1,0,,0,40 02:56.821,,0,75 00:43.076,4,0,0,0,67301,0,0,0,,0,0,0,2,67301,1,,5,9,,,,,0,,0,0,0,0,0,,1102.0,1,1,0,0,0,0,0,3,4,0,1,7,,N,,,,,,,,,,,
2010039225,1854.0,1,0,0,0,0,0,0,0,0,8,0,,67,3,2010,6,40.057,-75.0884,1852.0,6,0,0,0,0,0,1,0,0,,0,0,0,18.0,3,1,1,,0,40 03:25.064,,0,75 05:18.129,8,0,0,0,67301,1,0,0,,1,0,0,4,67301,0,,1,9,,,,,0,,0,0,0,3,2,,1849.0,1,2,0,0,0,1,0,3,4,0,1,7,,N,,,,,,,,,,,
2010093677,1610.0,1,0,0,0,0,0,0,0,0,4,1,,67,8,2010,6,39.9192,-75.1795,1607.0,6,0,0,0,0,0,0,0,1,,0,1,0,12.0,1,1,0,,0,39 55:09.270,,7,75 10:46.120,8,0,0,0,67301,0,0,0,N,0,0,0,2,67301,0,,1,1,,N,N,,0,,0,0,0,0,0,,1230.0,1,2,0,0,0,1,0,3,4,0,2,3,,N,,,,,,,,,,,
2010093681,1645.0,2,0,0,0,0,0,0,0,0,4,0,,67,8,2010,3,40.0273,-75.0288,1639.0,6,0,0,0,0,0,1,0,0,,0,0,0,16.0,1,0,2,,0,40 01:38.245,,0,75 01:43.720,0,0,0,0,67301,0,0,0,N,0,0,0,2,67301,0,,1,1,,N,N,,0,,0,0,0,3,2,,1635.0,0,2,0,0,0,0,0,3,4,0,2,3,,N,,,,,,,,,,,
2010091256,1421.0,1,0,0,0,0,0,0,0,0,7,0,,67,8,2010,5,39.9,-75.2501,1419.0,6,0,0,0,0,0,0,1,0,,0,0,0,14.0,1,1,1,,0,39 53:59.887,,0,75 15:00.261,4,0,0,0,67301,0,0,0,N,0,0,0,1,67301,1,,3,1,,N,N,,0,,0,0,0,3,2,,1417.0,1,2,0,0,0,0,0,3,4,0,1,3,,N,,,,,,,,,,,
2010088707,606.0,1,0,0,0,0,0,0,0,0,0,0,,67,8,2010,6,40.0763,-75.0546,603.0,6,0,0,0,0,0,0,0,0,2.0,0,0,0,6.0,1,0,0,,2,40 04:34.500,1.0,3,75 03:16.660,0,0,0,0,67301,0,0,0,N,0,0,0,2,67301,0,,1,1,,N,N,,0,,0,0,0,0,0,N,600.0,0,1,0,0,0,0,0,3,4,0,1,3,,N,,,,,,,,,,,
2010088787,2008.0,2,0,0,0,0,0,0,0,0,4,0,,67,8,2010,4,39.9072,-75.2235,1956.0,6,0,0,0,0,0,1,0,0,9.0,0,0,0,19.0,3,1,0,,1,39 54:25.891,4.0,7,75 13:24.756,8,0,0,0,67301,0,0,0,N,0,0,0,2,67301,0,,1,1,,N,,,0,,0,0,0,0,0,N,1920.0,1,2,0,0,0,1,1,3,4,0,2,3,,N,,,,,,,,,,,
2010088479,239.0,0,0,0,0,0,0,0,0,0,7,0,,67,9,2010,6,40.0236,-75.0313,234.0,6,0,0,0,0,0,0,0,0,2.0,0,0,0,2.0,3,1,0,,1,40 01:25.311,1.0,2,75 01:50.930,4,0,0,0,67301,0,0,0,N,0,0,0,1,68K01,1,,4,1,,N,N,,0,,0,0,1,0,0,N,230.0,1,1,0,0,1,0,0,3,4,0,1,3,,N,,,,,,,,,,,
2010088826,1730.0,1,0,0,1,0,0,0,0,0,4,0,,67,8,2010,2,39.9715,-75.1599,1725.0,6,0,0,0,0,0,0,0,0,,0,0,0,17.0,1,1,0,,0,39 58:17.477,,7,75 09:35.818,8,0,0,0,67301,1,0,0,N,0,0,0,2,67301,0,,1,1,,N,N,,0,,0,0,0,0,0,,1715.0,1,2,0,0,0,1,1,3,4,0,1,3,,N,,,,,,,,,,,
2010085998,1625.0,1,0,0,0,0,0,0,0,0,1,0,,67,7,2010,6,40.0999,-75.0087,1620.0,6,0,0,0,0,0,0,0,0,2.0,0,0,0,16.0,1,1,0,,1,40 05:59.828,2.0,0,75 00:31.258,4,0,0,0,67301,0,0,0,,0,0,0,4,67301,1,,1,1,,,,,0,,0,0,3,0,0,N,1620.0,1,4,0,0,2,0,0,3,4,0,4,3,,N,,,,,,,,,,,
2010086001,1010.0,1,0,0,0,0,0,0,0,0,8,0,,67,7,2010,5,39.9544,-75.1631,1007.0,6,0,0,0,0,0,1,0,0,,0,0,0,10.0,1,1,1,,0,39 57:15.869,,0,75 09:47.496,4,0,0,0,67301,1,0,0,N,1,0,0,2,67301,1,,1,1,,N,N,,0,,0,0,0,3,2,,1005.0,1,2,0,0,0,0,0,3,4,0,1,3,,N,,,,,,,,,,,
2010103098,9999.0,0,0,0,1,0,0,0,0,0,8,0,,67,9,2010,5,39.9428,-75.1656,1730.0,6,0,0,0,0,0,0,0,0,,0,0,0,9.0,1,1,1,,0,39 56:33.923,,0,75 09:56.301,8,0,0,0,67301,1,0,0,N,0,0,0,2,67301,0,,1,1,,N,N,,0,,0,0,0,3,2,,900.0,1,2,0,0,0,1,0,3,4,1,1,3,,N,,,,,,,,,,,
2010105656,1005.0,1,0,0,0,0,0,0,0,0,4,0,,67,10,2010,6,39.9898,-75.1834,1000.0,6,0,0,0,0,0,0,0,0,,0,0,0,9.0,1,0,1,,0,39 59:23.283,,0,75 11:00.419,0,0,0,0,67301,0,0,0,,0,0,0,2,67301,0,,1,9,,N,N,,1,,0,0,0,3,3,,955.0,0,2,0,0,0,0,0,3,4,0,2,7,,N,,,,,,,,,,,
2010109969,820.0,0,0,0,1,0,1,0,0,0,4,1,,67,11,2010,3,39.9347,-75.1523,815.0,6,0,0,0,0,0,0,0,0,3.0,0,1,0,7.0,1,1,1,,1,39 56:04.959,1.0,0,75 09:08.434,2,0,0,0,67301,1,0,1,N,0,0,0,3,67301,0,,1,1,,N,N,,0,,0,1,0,3,2,Y,700.0,1,2,0,0,0,0,0,3,4,0,1,3,,N,,,,,,,,,,,
2010042524,315.0,2,0,0,0,0,0,0,0,0,1,0,,67,4,2010,7,39.8988,-75.1708,238.0,6,0,0,0,0,0,0,0,0,,0,0,0,2.0,3,0,0,,0,39 53:56.693,,0,75 10:05.282,9,0,0,0,67301,0,0,0,N,0,0,0,3,68K01,0,,1,1,,N,N,,0,,0,0,0,0,0,,230.0,0,2,0,0,0,0,1,3,4,0,2,3,,N,,,,,,,,,,,
2010037676,649.0,0,0,0,0,0,0,0,0,0,7,0,,67,4,2010,2,40.0086,-75.0696,646.0,6,0,0,0,0,0,0,0,0,2.0,0,0,0,6.0,1,3,0,,2,40 00:31.212,5.0,0,75 04:09.689,8,0,0,0,67301,0,0,0,Y,0,0,0,3,68K01,0,,4,1,,N,N,,0,,0,0,1,0,0,N,642.0,3,1,0,0,0,3,0,3,4,0,1,3,,N,,,,,,,,,,,
2010070684,1505.0,1,0,0,0,0,0,0,0,0,7,0,,67,6,2010,6,39.9496,-75.2005,1505.0,6,0,0,0,0,0,0,1,0,3.0,0,0,0,15.0,1,1,0,,2,39 56:58.610,6.0,0,75 12:01.807,4,0,0,0,67301,0,0,0,N,0,0,0,1,67301,1,,5,1,,N,N,,0,,0,0,0,3,2,Y,1505.0,1,1,0,0,1,0,0,3,4,0,1,3,,N,,,,,,,,,,,
2010048698,1226.0,0,0,0,0,0,0,0,0,0,7,0,,67,4,2010,3,40.0628,-74.996,1221.0,6,0,0,0,0,0,0,0,1,,0,0,0,12.0,1,1,0,,0,40 03:46.011,,0,74 59:45.599,4,0,0,0,67301,0,0,0,N,0,0,0,1,67301,1,,2,1,,N,N,,0,,0,0,1,0,0,,1215.0,1,1,0,0,0,0,0,3,4,0,1,3,,N,,,,,,,,,,,
2010070714,2048.0,1,0,0,0,0,0,0,0,0,4,0,,67,6,2010,1,39.9695,-75.1396,2044.0,6,0,0,0,0,0,0,0,0,,0,0,0,20.0,2,1,5,,0,39 58:10.387,,0,75 08:22.538,4,0,0,0,67301,0,0,0,N,0,0,0,2,67301,1,,1,1,,N,N,,0,,0,0,0,3,2,,2022.0,1,2,0,0,0,0,0,3,4,0,2,3,,N,,,,,,,,,,,
2010070745,1335.0,2,0,0,0,0,0,0,0,0,1,0,,67,6,2010,4,39.9392,-75.1965,1305.0,6,0,0,0,0,0,0,0,0,,0,0,0,12.0,1,1,2,,0,39 56:21.282,,0,75 11:47.273,8,0,0,0,67301,0,0,0,N,0,0,0,2,67301,0,,1,9,,N,N,,0,,0,0,0,3,3,,1255.0,1,2,0,0,1,1,1,3,4,0,2,7,,N,,,,,,,,,,,
2010070765,131.0,2,0,0,0,0,0,0,0,0,4,0,,67,5,2010,7,40.0204,-75.1401,128.0,6,0,0,0,0,0,0,0,0,,0,0,0,1.0,3,1,1,,0,40 01:13.458,,0,75 08:24.453,4,0,0,0,67301,0,0,0,,0,0,0,3,67301,1,,1,1,,,,,0,,0,0,0,3,3,,125.0,1,2,0,0,0,0,1,3,4,0,2,3,,N,,,,,,,,,,,
2010062662,1705.0,2,0,0,0,0,0,0,0,0,1,0,,67,4,2010,4,39.9361,-75.2345,1700.0,6,0,0,0,0,0,0,0,0,,0,0,0,16.0,1,1,2,,0,39 56:09.964,,0,75 14:04.264,8,0,0,0,67301,0,0,0,N,0,0,0,2,67301,0,,1,1,,N,N,,0,,0,0,0,3,2,,1650.0,1,2,0,0,2,1,0,3,4,0,2,3,,N,,,,,,,,,,,
2010062677,848.0,2,0,0,0,0,0,0,0,0,4,0,,67,5,2010,6,40.0753,-75.0799,822.0,6,0,0,0,0,0,0,0,0,,0,0,0,8.0,1,0,0,,0,40 04:31.076,,0,75 04:47.671,0,0,0,0,67301,0,0,0,N,0,0,0,2,67301,0,,1,1,,N,Y,,0,,0,0,0,0,0,,815.0,0,2,0,0,0,0,0,3,4,0,2,3,,N,,,,,,,,,,,
2010062684,1901.0,2,0,0,0,0,0,0,0,0,4,0,,67,5,2010,5,40.0152,-75.1766,1858.0,6,0,0,0,0,0,1,0,0,2.0,0,0,0,18.0,1,1,1,,1,40 00:54.813,3.0,2,75 10:35.716,3,0,0,0,67301,0,0,0,N,0,0,0,2,67301,0,,5,9,,N,N,,0,,1,0,0,3,3,N,1857.0,1,2,0,0,0,0,0,3,4,0,2,7,,N,,,,,,,,,,,
2010062711,1015.0,1,0,0,0,0,0,0,0,0,0,0,,67,5,2010,5,40.0693,-75.0399,1012.0,6,0,1,0,0,0,0,0,0,2.0,0,0,0,10.0,1,3,0,,2,40 04:09.439,1.0,0,75 02:23.803,8,0,0,0,67301,0,0,0,,0,0,0,3,67301,0,,1,1,,,,,0,,0,0,0,0,0,Y,1000.0,3,1,0,0,3,3,0,3,4,0,1,3,,N,,,,,,,,,,,
2010081678,2352.0,2,0,0,0,0,0,0,0,0,5,0,,67,7,2010,6,39.9949,-75.1521,2346.0,6,0,0,0,0,0,1,0,0,,0,0,0,23.0,3,1,0,,0,39 59:41.499,,0,75 09:07.661,4,0,0,0,67301,0,0,0,,0,0,0,2,67301,1,,1,1,,,,,1,,0,0,0,0,0,,2346.0,1,4,0,0,0,0,1,3,4,1,4,3,,N,,,,,,,,,,,
2010052091,2021.0,2,0,0,0,0,0,0,0,0,2,0,,67,4,2010,5,40.022,-75.0632,2013.0,6,0,0,0,0,0,1,0,0,2.0,0,0,0,99.0,3,2,1,,2,40 01:19.624,2.0,0,75 03:47.697,8,0,0,0,67301,0,0,0,,0,0,0,3,67301,0,,1,1,,,,,0,,0,0,0,3,2,N,9999.0,2,2,0,0,1,2,1,3,4,0,2,3,,N,,,,,,,,,,,
2010052436,230.0,2,0,0,0,0,0,0,0,0,4,0,,67,5,2010,7,40.0143,-75.1786,226.0,6,0,0,0,0,0,1,0,0,2.0,0,0,0,2.0,3,2,0,,2,40 00:51.612,2.0,0,75 10:42.929,4,0,0,0,67301,0,0,0,N,0,0,0,2,67301,2,,1,1,,N,N,,0,,0,0,0,0,0,N,226.0,2,2,0,0,0,0,0,3,4,0,2,3,,N,,,,,,,,,,,
2010052479,1445.0,1,0,0,0,0,0,0,0,0,8,0,,67,5,2010,5,39.9274,-75.1636,1443.0,6,0,0,0,0,0,0,0,0,,0,0,0,14.0,1,1,2,,0,39 55:38.517,,0,75 09:49.067,4,0,0,0,67301,1,0,0,N,1,0,0,2,67301,1,,1,1,,N,Y,,0,,0,0,0,0,0,,1445.0,1,2,0,0,0,0,0,3,4,0,1,3,,N,,,,,,,,,,,
2010052197,1419.0,1,0,0,0,0,0,0,0,0,5,0,,67,4,2010,4,39.958,-75.2094,1412.0,6,0,0,0,0,0,0,0,0,,0,0,0,14.0,1,1,0,,0,39 57:28.925,,0,75 12:33.917,8,0,0,0,67301,0,0,0,N,0,0,0,3,67301,0,,1,9,,N,N,,1,,0,0,0,3,2,,1400.0,1,2,0,0,0,1,0,3,4,0,2,7,,N,,,,,,,,,,,
2010117820,1830.0,1,0,0,0,0,0,0,0,0,4,0,,67,10,2010,7,39.9239,-75.2221,1825.0,6,0,0,0,0,0,0,0,0,3.0,0,0,0,18.0,4,3,1,,1,39 55:26.156,5.0,0,75 13:19.597,2,0,0,0,67301,0,0,0,N,0,0,0,5,67301,2,,1,98,,N,N,,1,,0,1,0,3,2,Y,1820.0,3,2,0,0,0,0,0,3,4,0,2,99,,N,,,,,,,,,,,