CRN,ARRIVAL_TM,AUTOMOBILE_COUNT,BELTED_DEATH_COUNT,BELTED_SUSP_SERIOUS_INJ_COUNT,BICYCLE_COUNT,BICYCLE_DEATH_COUNT,BICYCLE_SUSP_SERIOUS_INJ_COUNT,BUS_COUNT,CHLDPAS_DEATH_COUNT,CHLDPAS_SUSP_SERIOUS_INJ_COUNT,COLLISION_TYPE,COMM_VEH_COUNT,CONS_ZONE_SPD_LIM,COUNTY,CRASH_MONTH,CRASH_YEAR,DAY_OF_WEEK,DEC_LAT,DEC_LONG,DISPATCH_TM,DISTRICT,DRIVER_COUNT_16YR,DRIVER_COUNT_17YR,DRIVER_COUNT_18YR,DRIVER_COUNT_19YR,DRIVER_COUNT_20YR,DRIVER_COUNT_50_64YR,DRIVER_COUNT_65_74YR,DRIVER_COUNT_75PLUS,EST_HRS_CLOSED,FATAL_COUNT,HEAVY_TRUCK_COUNT,HORSE_BUGGY_COUNT,HOUR_OF_DAY,ILLUMINATION,INJURY_COUNT,INTERSECT_TYPE,INTERSECTION_RELATED,LANE_CLOSED,LATITUDE,LN_CLOSE_DIR,LOCATION_TYPE,LONGITUDE,MAX_SEVERITY_LEVEL,MCYCLE_DEATH_COUNT,MCYCLE_SUSP_SERIOUS_INJ_COUNT,MOTORCYCLE_COUNT,MUNICIPALITY,NONMOTR_COUNT,NONMOTR_DEATH_COUNT,NONMOTR_SUSP_SERIOUS_INJ_COUNT,NTFY_HIWY_MAINT,PED_COUNT,PED_DEATH_COUNT,PED_SUSP_SERIOUS_INJ_COUNT,PERSON_COUNT,POLICE_AGCY,POSSIBLE_INJ_COUNT,RDWY_SURF_TYPE_CD,RELATION_TO_ROAD,ROAD_CONDITION,ROADWAY_CLEARED,SCH_BUS_IND,SCH_ZONE_IND,SECONDARY_CRASH,SMALL_TRUCK_COUNT,SPEC_JURIS_CD,SUSP_MINOR_INJ_COUNT,SUSP_SERIOUS_INJ_COUNT,SUV_COUNT,TCD_FUNC_CD,TCD_TYPE,TFC_DETOUR_IND,TIME_OF_DAY,TOT_INJ_COUNT,TOTAL_UNITS,UNB_DEATH_COUNT,UNB_SUSP_SERIOUS_INJ_COUNT,UNBELTED_OCC_COUNT,UNK_INJ_DEG_COUNT,UNK_INJ_PER_COUNT,URBAN_AREA,URBAN_RURAL,VAN_COUNT,VEHICLE_COUNT,WEATHER1,WEATHER2,WORK_ZONE_IND,WORK_ZONE_LOC,WORK_ZONE_TYPE,WORKERS_PRES,WZ_CLOSE_DETOUR,WZ_FLAGGER,WZ_LAW_OFFCR_IND,WZ_LN_CLOSURE,WZ_MOVING,WZ_OTHER,WZ_SHLDER_MDN,WZ_WORKERS_INJ_KILLED
2010117877,2145.0,2,0,0,0,0,0,0,0,0,4,0,,67,11,2010,6,39.9959,-75.0921,2140.0,6,0,0,0,0,1,0,0,0,,0,0,0,21.0,3,2,1,,0,39 59:45.293,,0,75 05:31.432,4,0,0,0,67301,0,0,0,,0,0,0,2,67301,2,,1,1,,N,N,,0,,0,0,0,3,2,,2115.0,2,2,0,0,0,0,0,3,4,0,2,3,,N,,,,,,,,,,,
2010126901,930.0,2,0,0,0,0,0,0,0,0,1,0,,67,11,2010,2,40.0084,-75.211,9999.0,6,0,0,0,0,0,0,0,0,1.0,0,0,0,99.0,1,0,1,,1,40 00:30.736,2.0,0,75 12:38.579,0,0,0,0,67301,0,0,0,N,0,0,0,2,46104,0,,1,1,,N,N,,0,,0,0,0,3,4,N,9999.0,0,2,0,0,0,0,0,3,4,0,2,3,,N,,,,,,,,,,,
2010094306,2023.0,1,0,0,1,0,0,0,0,0,4,0,,67,8,2010,1,39.9301,-75.1852,2022.0,6,0,0,0,0,0,0,0,0,,0,0,0,20.0,3,1,1,,0,39 55:48.529,,0,75 11:06.863,4,0,0,0,67301,1,0,0,N,0,0,0,2,67301,1,,1,1,,N,N,,0,,0,0,0,3,3,,2018.0,1,2,0,0,0,0,1,3,4,0,1,3,,N,,,,,,,,,,,
2010126577,2159.0,1,0,0,0,0,0,0,0,0,4,0,,67,12,2010,6,39.9571,-75.1511,2159.0,6,0,0,0,0,0,1,0,0,1.0,0,0,0,21.0,3,0,5,,1,39 57:25.688,1.0,2,75 09:03.847,9,0,0,0,67301,0,0,0,N,0,0,0,4,67501,0,,1,1,,N,N,,1,,0,0,0,3,2,N,2157.0,0,2,0,0,0,0,1,3,4,0,2,3,,N,,,,,,,,,,,
2010113824,710.0,2,0,0,0,0,0,0,0,0,1,0,,67,10,2010,3,40.0718,-75.242,705.0,6,0,0,0,0,0,0,0,0,,0,0,0,7.0,5,1,0,,0,40 04:19.067,,0,75 14:31.236,8,0,0,0,67301,0,0,0,N,0,0,0,2,67301,0,,1,9,,N,N,,0,,0,0,0,0,0,,705.0,1,2,0,0,0,1,1,3,4,0,2,7,,N,,,,,,,,,,,
2010117147,2255.0,0,0,0,0,0,0,0,0,0,0,0,,67,11,2010,4,40.014,-75.0566,2239.0,6,0,0,0,0,0,0,0,0,1.0,0,0,0,22.0,3,0,0,,2,40 00:50.096,2.0,0,75 03:23.995,0,0,0,0,67301,0,0,0,N,0,0,0,1,68K01,0,,1,1,,N,N,,0,,0,0,1,0,0,N,2230.0,0,1,0,0,0,0,0,3,4,0,1,3,,N,,,,,,,,,,,
2010116348,9999.0,1,0,0,0,0,0,1,0,0,5,1,,67,10,2010,3,39.952,-75.1605,1829.0,6,0,0,0,0,0,1,0,0,1.0,0,0,0,99.0,3,2,0,,1,39 57:07.226,4.0,0,75 09:37.669,4,0,0,0,67301,0,0,0,,0,0,0,4,67301,1,,1,1,,,,,0,,0,0,0,0,0,Y,9999.0,2,2,0,0,1,1,0,3,4,0,2,3,,N,,,,,,,,,,,
2010114069,230.0,3,0,0,0,0,0,0,0,0,4,0,,67,10,2010,2,39.9513,-75.1551,225.0,6,0,0,0,0,0,0,0,0,,0,0,0,2.0,3,0,1,,0,39 57:04.885,,0,75 09:18.588,0,0,0,0,67301,0,0,0,N,0,0,0,4,67301,0,,1,1,,N,N,,0,,0,0,0,3,2,,220.0,0,3,0,0,0,0,0,3,4,0,3,3,,N,,,,,,,,,,,
2010069275,2255.0,1,0,0,1,0,0,0,0,0,4,0,,67,6,2010,3,39.9342,-75.1675,2252.0,6,0,0,0,1,0,0,0,0,,0,0,0,22.0,3,1,1,,0,39 56:02.864,,0,75 10:03.432,4,0,0,0,67301,1,0,0,,0,0,0,3,67301,1,,1,1,,,,,0,,0,0,0,3,2,,2245.0,1,2,0,0,0,0,0,3,4,0,1,3,,N,,,,,,,,,,,
2010074399,1912.0,1,0,0,0,0,0,0,0,0,5,0,,67,5,2010,6,39.9558,-75.1915,1910.0,6,0,0,0,0,1,0,0,0,,0,0,0,19.0,1,1,1,,0,39 57:21.261,,0,75 11:29.218,4,0,0,1,67301,0,0,0,N,0,0,0,3,67301,1,,1,1,,N,N,,0,,0,0,0,3,2,,1910.0,1,2,0,0,0,0,0,3,4,0,2,3,,N,,,,,,,,,,,
2010074471,2338.0,4,0,0,0,0,0,0,0,0,5,0,,67,7,2010,3,39.9263,-75.1655,2337.0,6,0,0,0,0,0,0,0,0,,0,0,0,23.0,3,0,0,,0,39 55:34.802,,0,75 09:55.922,0,0,0,0,67301,0,0,0,N,0,0,0,1,67301,0,,6,1,,N,N,,0,,0,0,0,0,0,,2300.0,0,4,0,0,0,0,0,3,4,0,4,3,,N,,,,,,,,,,,
2010067061,1453.0,2,0,0,0,0,0,0,0,0,4,0,,67,6,2010,2,40.0767,-75.1762,1452.0,6,0,0,0,0,0,0,0,0,,0,0,0,14.0,1,1,1,,0,40 04:36.212,,0,75 10:34.207,4,0,0,0,67301,0,0,0,N,0,0,0,2,67301,1,,1,1,,N,N,,0,,0,0,0,3,3,,1452.0,1,2,0,0,0,0,0,3,4,0,2,3,,N,,,,,,,,,,,
2010105074,2203.0,0,0,0,0,0,0,0,0,0,8,0,,67,10,2010,1,40.0432,-75.0523,2201.0,6,0,0,0,0,0,0,0,0,,0,0,0,21.0,3,1,1,,0,40 02:35.649,,0,75 03:08.136,8,0,0,0,67301,1,0,0,,1,0,0,2,67301,0,,1,9,,,,,0,,0,0,0,3,2,,2155.0,1,2,0,0,0,1,0,3,4,0,1,7,,N,,,,,,,,,,,
2010105084,2139.0,3,0,0,0,0,0,0,0,0,4,0,,67,10,2010,6,40.0511,-75.0745,2138.0,6,0,0,0,0,0,1,0,0,,0,0,0,21.0,3,1,1,,0,40 03:04.104,,0,75 04:28.081,8,0,0,0,67301,0,0,0,N,0,0,0,2,67301,0,,1,1,,N,N,,0,,0,0,0,2,3,,2138.0,1,3,0,0,1,1,1,3,4,0,3,3,,N,,,,,,,,,,,
2010102636,9999.0,6,0,0,0,0,0,0,0,0,5,0,,67,9,2010,5,40.0008,-75.1248,9999.0,6,0,0,0,0,0,0,0,0,,0,0,0,99.0,1,1,0,,0,40 00:02.877,,0,75 07:29.305,4,0,0,0,67301,0,0,0,N,0,0,0,1,67301,1,,1,1,,N,N,,0,,0,0,0,0,0,,9999.0,1,6,0,0,0,0,0,3,4,0,6,3,,N,,,,,,,,,,,
2010093463,928.0,1,0,0,0,0,0,0,0,0,5,0,55.0,67,9,2010,4,40.0479,-74.9993,913.0,6,0,0,0,0,0,1,0,0,1.0,0,0,0,9.0,1,1,0,,1,40 02:52.696,1.0,0,74 59:57.005,8,0,0,0,67301,0,0,0,N,0,0,0,2,68K01,0,,1,1,,N,N,,1,,0,0,0,0,0,N,909.0,1,2,0,0,0,1,0,3,4,0,2,3,,Y,8.0,2.0,N,N,N,N,N,N,N,Y,
2010093471,618.0,2,0,0,0,0,0,0,0,0,1,0,,67,9,2010,4,40.007,-75.199,604.0,6,0,0,0,0,0,0,0,0,,0,0,0,6.0,2,1,0,,0,40 00:23.935,,0,75 11:52.786,4,0,0,0,67301,0,0,0,N,0,0,0,2,68K01,1,,1,1,,N,N,,0,,0,0,0,0,0,,601.0,1,2,0,0,1,0,0,3,4,0,2,3,,N,,,,,,,,,,,
2010088745,1847.0,1,0,0,1,0,0,0,0,0,4,0,,67,8,2010,6,40.0515,-74.9967,1843.0,6,0,0,0,0,0,0,0,0,,0,0,0,18.0,1,1,0,,0,40 03:05.479,,0,74 59:48.192,4,0,0,0,67301,1,0,0,,0,0,0,2,67301,1,,1,1,,N,N,,0,,0,0,0,0,0,,1839.0,1,2,0,0,0,0,0,3,4,0,1,3,,N,,,,,,,,,,,
2010088820,1300.0,1,0,0,0,0,0,0,0,0,5,0,,67,8,2010,1,39.9266,-75.1947,1235.0,6,0,0,0,0,0,1,0,0,1.0,0,0,0,12.0,1,1,3,,1,39 55:40.052,1.0,0,75 11:44.667,8,0,0,0,67301,0,0,0,,0,0,0,2,67301,0,,1,1,,N,N,,0,,0,0,0,0,0,N,1231.0,1,2,0,0,0,1,0,3,4,1,2,3,,N,,,,,,,,,,,
2010088828,156.0,2,0,0,0,0,0,0,0,0,5,0,,67,7,2010,1,39.9781,-75.1629,154.0,6,0,0,1,0,0,0,0,0,,0,0,0,1.0,3,0,0,,0,39 58:41.160,,0,75 09:46.602,0,0,0,0,67301,0,0,0,N,0,0,0,1,67301,0,,6,1,,N,N,,0,,0,0,0,0,0,,150.0,0,2,0,0,0,0,0,3,4,0,2,3,,N,,,,,,,,,,,
2010086060,1957.0,1,0,0,0,0,0,0,0,0,8,0,,67,9,2010,4,40.0299,-75.0878,1955.0,6,0,0,0,0,0,0,0,0,1.0,0,0,0,19.0,3,1,1,,1,40 01:47.231,1.0,0,75 05:16.817,3,0,0,0,67301,1,0,0,N,1,0,0,2,67301,0,,1,1,,N,N,,0,,1,0,0,3,2,N,1954.0,1,2,0,0,0,0,0,3,4,0,1,7,,N,,,,,,,,,,,
2010088646,1834.0,2,0,0,0,0,0,0,0,0,1,0,,67,8,2010,2,40.0649,-75.0515,1826.0,6,0,0,0,0,0,0,0,1,,0,0,0,18.0,1,1,1,,0,40 03:53.634,,0,75 03:05.284,8,0,0,0,67301,0,0,0,N,0,0,0,3,67301,0,,1,1,,N,N,,0,,0,0,0,3,2,,1820.0,1,2,0,0,0,1,1,3,4,0,2,3,,N,,,,,,,,,,,
2010088880,1058.0,1,0,0,0,0,0,0,0,0,1,1,,67,8,2010,4,40.015,-75.0935,1052.0,6,0,0,0,0,0,0,1,0,,0,1,0,10.0,1,0,1,,0,40 00:54.118,,0,75 05:36.430,0,0,0,0,67301,0,0,0,N,0,0,0,2,67301,0,,1,1,,N,N,,0,,0,0,0,3,3,,1000.0,0,2,0,0,0,0,0,3,4,0,2,3,,N,,,,,,,,,,,
2010099666,418.0,2,0,0,0,0,0,0,0,0,4,0,,67,9,2010,6,39.9172,-75.2463,417.0,6,0,0,0,0,0,1,1,0,,0,0,0,4.0,6,1,1,,0,39 55:01.859,,7,75 14:46.691,4,0,0,0,67301,0,0,0,N,0,0,0,3,67301,1,,1,1,,N,N,,0,,0,0,0,3,2,,409.0,1,2,0,0,0,0,1,3,4,0,2,3,,N,,,,,,,,,,,
2010099736,1621.0,1,0,0,0,0,0,0,0,0,8,0,,67,7,2010,1,40.0542,-75.1587,1621.0,6,0,0,0,0,0,0,0,0,3.0,0,0,0,16.0,1,1,0,,2,40 03:15.213,4.0,0,75 09:31.309,3,0,0,0,67301,1,0,0,N,1,0,0,2,67301,0,,1,1,,N,N,,0,,1,0,0,0,0,Y,1614.0,1,2,0,0,0,0,0,3,4,0,1,3,,N,,,,,,,,,,,
2010102301,740.0,1,0,0,0,0,0,0,0,0,1,0,,67,10,2010,4,39.9986,-75.1955,738.0,6,0,0,0,0,0,0,0,0,,0,0,0,7.0,1,1,0,,0,39 59:58.037,,0,75 11:42.634,3,0,0,0,67301,0,0,0,N,0,0,0,4,68K01,0,,1,1,,N,N,,0,,1,0,1,0,0,,730.0,1,2,0,0,0,0,0,3,4,0,2,3,,N,,,,,,,,,,,
2010102943,1752.0,1,0,0,0,0,0,0,0,0,7,0,,67,9,2010,5,39.9804,-75.1427,1749.0,6,0,0,0,0,0,0,0,0,3.0,0,0,0,17.0,1,4,0,,2,39 58:49.357,1.0,0,75 08:33.835,2,0,0,0,67301,0,0,0,N,0,0,0,4,67301,1,,4,1,,N,N,,0,,1,2,0,0,0,Y,1749.0,4,1,0,0,0,0,0,3,4,0,1,3,,N,,,,,,,,,,,
2010102989,1308.0,1,0,0,0,0,0,0,0,0,1,0,,67,9,2010,7,40.0179,-75.1493,1305.0,6,0,0,0,0,0,0,0,0,,0,0,0,13.0,1,0,1,,0,40 01:04.608,,0,75 08:57.650,9,0,0,0,67301,0,0,0,N,0,0,0,3,67301,0,,1,1,,N,N,,0,,0,0,1,0,0,,1300.0,0,2,0,0,0,0,1,3,4,0,2,3,,N,,,,,,,,,,,
2010125093,1620.0,1,0,0,0,0,0,0,0,0,1,0,,67,11,2010,7,40.0398,-75.1439,1620.0,6,0,0,0,0,0,0,1,0,,0,0,0,16.0,1,1,0,,0,40 02:23.136,,0,75 08:38.152,8,0,0,0,67301,0,0,0,N,0,0,0,2,67301,0,,1,1,,N,N,,0,,0,0,0,0,0,,1613.0,1,2,0,0,0,1,0,3,4,1,2,3,,N,,,,,,,,,,,
2010098171,1747.0,1,0,0,0,0,0,0,0,0,1,0,,67,10,2010,5,40.0093,-75.0664,1733.0,6,0,0,0,0,0,1,0,0,2.0,0,0,0,17.0,1,1,0,,1,40 00:33.431,1.0,0,75 03:58.560,3,0,0,0,67301,0,0,0,N,0,0,0,5,68K01,0,,1,1,,N,N,,2,,1,0,0,0,0,N,1731.0,1,3,0,0,0,0,0,3,4,0,3,3,,N,,,,,,,,,,,
2010117945,1405.0,1,0,0,0,0,0,0,0,0,0,0,,67,10,2010,3,39.9708,-75.1284,1355.0,6,0,0,0,0,0,0,0,0,,0,0,0,13.0,1,1,2,,0,39 58:15.343,,0,75 07:41.326,4,0,0,0,67301,0,0,0,,0,0,0,1,67301,1,,1,98,,N,,,0,,0,0,0,3,2,,1330.0,1,1,0,0,0,0,0,3,4,0,1,3,,N,,,,,,,,,,,
2010117696,2035.0,2,0,0,0,0,0,0,0,0,4,0,,67,7,2010,5,39.9887,-75.1385,2030.0,6,1,0,0,0,0,0,0,0,,0,0,0,20.0,1,2,1,,0,39 59:19.388,,0,75 08:18.715,8,0,0,1,67301,0,0,0,N,0,0,0,3,67301,0,,1,1,,N,N,,0,,0,0,0,3,3,,2030.0,2,3,0,0,0,2,0,3,4,0,3,3,,N,,,,,,,,,,,
2010111671,1537.0,2,0,0,0,0,0,0,0,0,1,0,,67,11,2010,3,39.9581,-75.1634,1532.0,6,0,0,0,0,0,1,0,0,1.0,0,0,0,15.0,1,1,0,,1,39 57:29.036,4.0,0,75 09:48.088,4,0,0,0,67301,0,0,0,N,0,0,0,5,68K01,1,,1,1,,N,N,,0,,0,0,1,0,0,N,1523.0,1,4,0,0,0,0,0,3,4,1,4,3,,N,,,,,,,,,,,
2010012384,538.0,0,0,0,0,0,0,0,0,0,7,0,,67,1,2010,6,39.9591,-75.1471,535.0,6,0,0,0,0,0,1,0,0,2.0,0,0,0,5.0,3,1,0,,1,39 57:32.828,1.0,0,75 08:49.413,3,0,0,0,67301,0,0,0,N,0,0,0,1,67301,0,,2,7,,N,N,,0,,1,0,1,0,0,Y,533.0,1,1,0,0,0,0,0,3,4,0,1,10,,N,,,,,,,,,,,
2010006725,1606.0,2,0,0,0,0,0,0,0,0,1,0,,67,1,2010,6,39.9679,-75.1311,1559.0,6,0,0,0,0,0,0,0,0,1.0,0,0,0,15.0,1,1,0,,2,39 58:04.229,2.0,0,75 07:52.939,8,0,0,0,67301,0,0,0,N,0,0,0,4,68K01,0,,1,1,,N,N,,0,,0,0,1,0,0,N,1555.0,1,3,0,0,0,1,0,3,4,0,3,3,,N,,,,,,,,,,,
2010012396,1935.0,2,0,0,0,0,0,0,0,0,1,0,,67,1,2010,3,40.0283,-75.1077,1927.0,6,0,0,0,0,2,0,0,0,,0,0,0,19.0,3,1,2,,0,40 01:41.992,,0,75 06:27.562,8,0,0,0,67301,0,0,0,N,0,0,0,2,67301,0,,1,1,,N,N,,0,,0,0,0,0,0,,1927.0,1,2,0,0,0,1,0,3,4,0,2,3,,N,,,,,,,,,,,
2010040124,806.0,1,0,0,0,0,0,0,0,0,1,0,,67,4,2010,3,40.0383,-75.0104,743.0,6,0,0,0,0,0,2,0,0,,0,0,0,7.0,1,2,0,,0,40 02:18.179,,0,75 00:37.237,4,0,0,0,67301,0,0,0,N,0,0,0,3,68K01,2,,1,1,,N,N,,1,,0,0,0,0,0,,739.0,2,3,0,0,0,0,0,3,4,1,3,3,,N,,,,,,,,,,,
2010040133,557.0,1,0,0,0,0,0,0,0,0,7,0,,67,4,2010,1,39.935,-75.1999,554.0,6,0,0,0,0,0,0,0,0,1.0,0,0,0,5.0,3,0,0,,1,39 56:09.140,4.0,0,75 11:59.107,0,0,0,0,67301,0,0,0,N,0,0,0,3,68K01,0,,4,9,,N,N,,0,,0,0,0,0,0,N,552.0,0,1,0,0,0,0,0,3,4,0,1,7,,N,,,,,,,,,,,
2010037675,1611.0,1,0,0,0,0,0,0,0,0,1,0,,67,4,2010,1,40.0077,-75.2009,1610.0,6,0,0,0,0,0,0,0,0,,0,0,0,16.0,1,3,0,,0,40 00:26.967,,0,75 12:01.158,4,0,0,0,67301,0,0,0,N,0,0,0,7,68K01,3,,1,1,,N,N,,0,,0,0,1,0,0,,1607.0,3,2,0,0,0,0,0,3,4,0,2,3,,N,,,,,,,,,,,
2010048704,706.0,2,0,0,0,0,0,0,0,0,1,0,,67,4,2010,7,40.0262,-75.1216,706.0,6,0,0,0,0,1,0,0,0,1.0,0,0,0,7.0,1,0,1,,1,40 01:34.076,2.0,0,75 07:18.694,0,0,0,0,67301,0,0,0,N,0,0,0,2,67301,0,,1,1,,N,N,,0,,0,0,0,3,2,N,706.0,0,2,0,0,0,0,0,3,4,0,2,3,,N,,,,,,,,,,,
2010046183,1850.0,1,0,1,0,0,0,0,0,0,4,0,,67,4,2010,6,39.9365,-75.1994,1844.0,6,0,0,0,0,0,1,0,0,1.0,0,0,0,18.0,1,1,0,,1,39 56:18.511,4.0,0,75 11:51.094,2,0,0,0,67301,0,0,0,N,0,0,0,3,68K01,0,,1,1,,N,N,,1,,0,1,0,0,0,N,1842.0,1,2,0,0,0,0,0,3,4,0,2,3,,N,,,,,,,,,,,
2010048740,1640.0,1,0,0,0,0,0,0,0,0,4,0,,67,4,2010,4,40.0867,-74.9656,1631.0,6,0,0,0,0,0,1,1,0,,0,0,0,16.0,1,4,0,,0,40 05:12.220,,7,74 57:56.060,8,0,0,0,67301,0,0,0,,0,0,0,6,67301,0,,1,1,,,,,0,,0,0,1,3,3,,1630.0,4,2,0,0,0,4,1,3,4,0,2,3,,N,,,,,,,,,,,
2010077973,1735.0,1,0,0,0,0,0,0,0,0,1,0,,67,8,2010,7,39.9981,-75.1958,1727.0,6,0,0,0,0,0,0,0,0,1.0,0,0,0,17.0,1,0,0,,1,39 59:56.340,4.0,0,75 11:43.304,0,0,0,0,67301,0,0,0,N,0,0,0,8,68K01,0,,1,1,,N,N,,0,,0,0,0,0,0,N,1727.0,0,2,0,0,0,0,0,3,4,1,2,3,,N,,,,,,,,,,,
2010058742,1127.0,1,0,0,0,0,0,0,0,0,1,1,,67,5,2010,5,39.8919,-75.2419,1120.0,6,0,0,0,0,0,1,0,0,,0,0,0,11.0,1,1,2,,0,39 53:30.990,,0,75 14:30.862,4,0,0,0,67301,0,0,0,N,0,0,0,2,67301,1,,1,1,,N,N,,1,,0,0,0,9,4,,1110.0,1,2,0,0,0,0,0,3,4,0,2,3,,N,,,,,,,,,,,
2010070077,2018.0,1,0,0,1,0,0,0,0,0,4,0,,67,6,2010,7,40.0244,-75.1786,2016.0,6,0,0,0,0,0,1,0,0,1.0,0,0,0,20.0,1,1,0,,1,40 01:27.742,3.0,0,75 10:42.958,4,0,0,0,67301,1,0,0,N,0,0,0,2,67301,1,,1,1,,N,N,,0,,0,0,0,3,7,Y,2016.0,1,2,0,0,0,0,0,3,4,0,1,3,,N,,,,,,,,,,,
2010070079,9999.0,1,0,0,1,0,0,0,0,0,1,0,,67,6,2010,7,40.0467,-75.0525,2327.0,6,0,0,0,0,0,0,0,0,9.0,0,0,0,23.0,3,1,1,,1,40 02:48.112,2.0,0,75 03:08.927,8,0,0,0,67301,1,0,0,N,0,0,0,2,67301,0,,1,1,,N,N,,0,,0,0,0,0,0,N,2325.0,1,2,0,0,0,1,0,3,4,0,1,3,,N,,,,,,,,,,,
2010070785,2200.0,2,0,0,0,0,0,0,0,0,4,0,,67,6,2010,4,39.9454,-75.1651,2152.0,6,0,0,0,0,0,2,0,0,2.0,0,0,0,21.0,3,2,0,,1,39 56:43.476,1.0,0,75 09:54.207,4,0,0,0,67301,0,0,0,,0,0,0,2,67301,2,,1,1,,,,,0,,0,0,0,3,2,N,2151.0,2,2,0,0,0,0,0,3,4,0,2,3,,N,,,,,,,,,,,
2010051272,125.0,2,0,0,0,0,0,0,0,0,1,0,,67,5,2010,7,39.9251,-75.1934,115.0,6,0,1,0,0,0,0,0,0,2.0,0,0,0,1.0,3,2,0,,1,39 55:34.195,3.0,0,75 11:39.847,8,0,0,0,67301,0,0,0,N,0,0,0,3,68K01,0,,1,1,,N,N,,0,,0,0,0,0,0,Y,113.0,2,2,0,0,0,2,0,3,4,0,2,3,,N,,,,,,,,,,,
2010062691,9999.0,2,0,0,0,0,0,0,0,0,2,0,,67,5,2010,1,40.0384,-75.1915,9999.0,6,0,0,0,0,0,0,0,0,,0,0,0,7.0,1,3,1,,0,40 02:18.543,,0,75 11:29.624,3,0,0,0,67301,0,0,0,N,0,0,0,3,67301,0,,5,1,,N,N,,0,,3,0,0,3,2,,701.0,3,2,0,0,0,0,0,3,4,0,2,3,,N,,,,,,,,,,,
2010062698,1620.0,1,0,0,0,0,0,0,0,0,7,0,,67,5,2010,3,40.0177,-75.1721,1616.0,6,0,0,0,0,0,1,0,0,3.0,0,0,0,16.0,1,1,0,,2,40 01:03.725,3.0,0,75 10:19.429,4,0,0,0,67301,0,0,0,Y,0,0,0,1,67301,1,,2,1,,N,N,,0,,0,0,0,3,8,Y,1614.0,1,1,0,0,0,0,0,3,4,0,1,3,,N,,,,,,,,,,,
2010052031,136.0,0,0,0,0,0,0,0,0,0,7,0,,67,5,2010,1,39.9113,-75.1528,131.0,6,0,0,0,0,0,1,0,0,1.0,0,0,0,1.0,3,1,0,,1,39 54:40.306,2.0,2,75 08:58.881,4,0,0,1,67301,0,0,0,N,0,0,0,1,68K01,1,,2,1,,N,N,,0,,0,0,0,0,0,N,128.0,1,1,0,0,0,0,0,3,4,0,1,3,,N,,,,,,,,,,,
2010052129,1240.0,0,0,0,0,0,0,0,0,0,8,0,,67,4,2010,3,39.9811,-75.2462,1220.0,6,0,0,0,0,0,0,0,0,,0,0,0,6.0,1,1,0,,0,39 58:52.059,,0,75 14:46.174,8,0,0,0,67301,1,0,0,,1,0,0,2,67301,0,,1,9,,,,,0,,0,0,0,0,0,,630.0,1,2,0,0,0,1,1,3,4,0,1,99,,N,,,,,,,,,,,
2010052467,1830.0,2,0,0,0,0,0,0,0,0,4,0,,67,4,2010,4,39.9067,-75.1834,1824.0,6,0,0,0,0,0,0,0,0,,0,0,0,18.0,1,1,2,,0,39 54:23.986,,7,75 11:00.103,8,0,0,0,67301,0,0,0,,0,0,0,2,67301,0,,1,1,,,,,0,,0,0,0,3,2,,1820.0,1,2,0,0,0,1,0,3,4,0,2,3,,N,,,,,,,,,,,
2010052178,1430.0,0,0,0,0,0,0,0,0,0,8,0,,67,4,2010,5,40.0412,-75.1442,1420.0,6,0,0,0,0,0,0,0,0,,0,0,0,14.0,1,1,0,,0,40 02:28.351,,0,75 08:38.943,3,0,0,0,67301,1,0,0,,1,0,0,2,67301,0,,1,1,,N,N,,0,,1,0,1,3,2,,1430.0,1,2,0,0,0,0,0,3,4,0,1,3,,N,,,,,,,,,,,
2010095344,1415.0,1,0,0,0,0,0,0,0,0,6,0,,67,9,2010,4,40.008,-75.1048,1412.0,6,0,0,0,0,0,0,0,0,,0,0,0,14.0,1,2,1,,0,40 00:28.740,,0,75 06:17.315,3,0,0,0,67301,0,0,0,N,0,0,0,2,67301,0,,1,1,,N,N,,0,,2,0,1,3,2,,1405.0,2,2,0,0,0,0,0,3,4,0,2,3,,N,,,,,,,,,,,
2010088714,1053.0,1,0,0,0,0,0,0,0,0,8,0,,67,8,2010,5,40.0522,-75.1516,1043.0,6,0,0,0,0,0,0,0,0,,0,0,0,10.0,1,1,0,,0,40 03:08.027,,0,75 09:05.607,8,0,0,0,67301,1,0,0,N,1,0,0,3,67301,0,,1,1,,N,N,,0,,0,0,0,0,0,,1041.0,1,2,0,0,0,1,0,3,4,0,1,3,,N,,,,,,,,,,,
2010088733,2130.0,1,0,0,0,0,0,0,0,0,8,0,,67,8,2010,6,39.9604,-75.2411,2128.0,6,0,0,0,0,0,1,0,0,2.0,0,0,0,21.0,3,1,1,,1,39 57:37.583,3.0,0,75 14:27.758,4,0,0,0,67301,2,0,0,N,2,0,0,3,67301,1,,1,1,,N,N,,0,,0,0,0,3,2,N,2111.0,1,3,0,0,0,0,0,3,4,0,1,3,,N,,,,,,,,,,,
2010088752,1952.0,2,0,0,0,0,0,0,0,0,1,0,,67,8,2010,5,40.0721,-75.033,1952.0,6,0,0,0,0,0,1,0,0,,0,0,0,19.0,4,3,2,,0,40 04:19.712,,0,75 01:58.660,4,0,0,0,67301,0,0,0,N,0,0,0,4,67301,1,,1,1,,N,N,,0,,0,0,0,3,2,,1935.0,3,2,0,0,1,2,1,3,4,0,2,3,,N,,,,,,,,,,,