CRN,ARRIVAL_TM,AUTOMOBILE_COUNT,BELTED_DEATH_COUNT,BELTED_SUSP_SERIOUS_INJ_COUNT,BICYCLE_COUNT,BICYCLE_DEATH_COUNT,BICYCLE_SUSP_SERIOUS_INJ_COUNT,BUS_COUNT,CHLDPAS_DEATH_COUNT,CHLDPAS_SUSP_SERIOUS_INJ_COUNT,COLLISION_TYPE,COMM_VEH_COUNT,CONS_ZONE_SPD_LIM,COUNTY,CRASH_MONTH,CRASH_YEAR,DAY_OF_WEEK,DEC_LAT,DEC_LONG,DISPATCH_TM,DISTRICT,DRIVER_COUNT_16YR,DRIVER_COUNT_17YR,DRIVER_COUNT_18YR,DRIVER_COUNT_19YR,DRIVER_COUNT_20YR,DRIVER_COUNT_50_64YR,DRIVER_COUNT_65_74YR,DRIVER_COUNT_75PLUS,EST_HRS_CLOSED,FATAL_COUNT,HEAVY_TRUCK_COUNT,HORSE_BUGGY_COUNT,HOUR_OF_DAY,ILLUMINATION,INJURY_COUNT,INTERSECT_TYPE,INTERSECTION_RELATED,LANE_CLOSED,LATITUDE,LN_CLOSE_DIR,LOCATION_TYPE,LONGITUDE,MAX_SEVERITY_LEVEL,MCYCLE_DEATH_COUNT,MCYCLE_SUSP_SERIOUS_INJ_COUNT,MOTORCYCLE_COUNT,MUNICIPALITY,NONMOTR_COUNT,NONMOTR_DEATH_COUNT,NONMOTR_SUSP_SERIOUS_INJ_COUNT,NTFY_HIWY_MAINT,PED_COUNT,PED_DEATH_COUNT,PED_SUSP_SERIOUS_INJ_COUNT,PERSON_COUNT,POLICE_AGCY,POSSIBLE_INJ_COUNT,RDWY_SURF_TYPE_CD,RELATION_TO_ROAD,ROAD_CONDITION,ROADWAY_CLEARED,SCH_BUS_IND,SCH_ZONE_IND,SECONDARY_CRASH,SMALL_TRUCK_COUNT,SPEC_JURIS_CD,SUSP_MINOR_INJ_COUNT,SUSP_SERIOUS_INJ_COUNT,SUV_COUNT,TCD_FUNC_CD,TCD_TYPE,TFC_DETOUR_IND,TIME_OF_DAY,TOT_INJ_COUNT,TOTAL_UNITS,UNB_DEATH_COUNT,UNB_SUSP_SERIOUS_INJ_COUNT,UNBELTED_OCC_COUNT,UNK_INJ_DEG_COUNT,UNK_INJ_PER_COUNT,URBAN_AREA,URBAN_RURAL,VAN_COUNT,VEHICLE_COUNT,WEATHER1,WEATHER2,WORK_ZONE_IND,WORK_ZONE_LOC,WORK_ZONE_TYPE,WORKERS_PRES,WZ_CLOSE_DETOUR,WZ_FLAGGER,WZ_LAW_OFFCR_IND,WZ_LN_CLOSURE,WZ_MOVING,WZ_OTHER,WZ_SHLDER_MDN,WZ_WORKERS_INJ_KILLED
2010099668,1421.0,1,0,0,0,0,0,0,0,0,4,0,,67,9,2010,3,40.0423,-75.2014,1410.0,6,0,0,0,0,0,0,0,1,2.0,0,0,0,14.0,1,4,0,,1,40 02:32.368,1.0,0,75 12:04.927,3,0,0,0,67301,0,0,0,N,0,0,0,4,67301,2,,1,1,,N,N,,1,,1,0,0,0,0,Y,1410.0,4,2,0,0,0,1,0,3,4,0,2,3,,N,,,,,,,,,,,
2010105644,1932.0,1,0,0,0,0,0,0,0,0,8,0,,67,9,2010,1,39.968,-75.2405,1929.0,6,0,0,0,0,0,0,0,0,,0,0,0,19.0,1,1,0,,0,39 58:04.690,,0,75 14:25.978,4,0,0,0,67301,1,0,0,,1,0,0,2,67301,1,,1,1,,N,N,,0,,0,0,0,0,0,,1927.0,1,2,0,0,0,0,0,3,4,0,1,3,,N,,,,,,,,,,,
2010105662,1714.0,2,0,0,0,0,0,0,0,0,6,0,,67,9,2010,3,39.9312,-75.2262,1710.0,6,0,0,0,0,0,0,1,0,1.0,0,0,0,17.0,1,1,0,,1,39 55:52.480,6.0,7,75 13:34.450,8,0,0,0,67301,0,0,0,,0,0,0,3,67301,0,,1,1,,,,,0,,0,0,0,0,0,N,1700.0,1,2,0,0,0,1,0,3,4,0,2,3,,N,,,,,,,,,,,
2010103011,846.0,0,0,0,0,0,0,0,0,0,7,0,,67,9,2010,5,40.0243,-75.1304,844.0,6,0,0,0,0,0,0,0,0,1.0,0,0,0,8.0,1,1,1,,2,40 01:28.929,1.0,0,75 07:50.008,3,0,0,1,67301,0,0,0,,0,0,0,1,67301,0,,4,1,,N,N,,0,,1,0,0,3,2,Y,844.0,1,2,0,0,0,0,0,3,4,0,1,3,,N,,,,,,,,,,,
2010125102,815.0,3,0,0,0,0,0,0,0,0,1,0,,67,11,2010,3,40.0431,-75.129,810.0,6,0,0,0,0,0,0,1,0,1.0,0,0,0,8.0,1,1,2,,1,40 02:35.235,2.0,0,75 07:44.533,4,0,0,0,67301,0,0,0,N,0,0,0,4,67301,1,,1,9,,N,N,,0,,0,0,0,0,0,N,810.0,1,3,0,0,0,0,0,3,4,0,3,7,,N,,,,,,,,,,,
2010096029,2329.0,0,0,0,0,0,0,0,0,0,1,0,45.0,67,10,2010,2,39.9455,-75.1903,2320.0,6,0,0,0,0,0,1,0,0,1.0,0,0,0,23.0,3,0,0,,1,39 56:46.442,4.0,0,75 11:20.799,0,0,0,0,67301,0,0,0,N,0,0,0,2,68K01,0,,1,9,,N,N,,1,,0,0,1,3,1,N,2320.0,0,2,0,0,0,0,0,3,4,0,2,7,,Y,4.0,1.0,Y,N,N,Y,Y,N,N,Y,
2010042347,215.0,0,0,0,0,0,0,0,0,0,1,0,,67,3,2010,2,39.991,-75.1686,116.0,6,0,0,0,0,0,0,0,0,,0,0,0,1.0,3,0,1,,0,39 59:27.769,,0,75 10:06.848,0,0,0,0,67301,0,0,0,N,0,0,0,0,67301,0,,4,1,,N,N,,1,,0,0,1,3,2,,115.0,0,2,0,0,0,0,0,3,4,0,2,3,,N,,,,,,,,,,,
2010005379,1749.0,2,0,0,0,0,0,0,0,0,4,0,,67,1,2010,7,39.8932,-75.2324,1746.0,6,0,0,0,0,0,0,0,1,,0,0,0,17.0,3,1,0,,0,39 53:36.044,,0,75 13:47.403,4,0,0,0,67301,0,0,0,N,0,0,0,8,68K03,1,,1,1,,Y,Y,,0,,0,0,0,0,0,,1735.0,1,2,0,0,0,0,0,3,4,0,2,3,,N,,,,,,,,,,,
2010040131,221.0,1,0,0,0,0,0,0,0,0,7,0,,67,4,2010,7,39.9457,-75.1423,221.0,6,0,0,0,1,0,0,0,0,1.0,0,0,0,2.0,3,0,0,,1,39 56:45.024,1.0,0,75 08:32.184,0,0,0,0,67301,0,0,0,N,0,0,0,5,68K01,0,,4,1,,N,N,,0,,0,0,0,0,0,N,221.0,0,1,0,0,0,0,0,3,4,0,1,3,,N,,,,,,,,,,,
2010040365,930.0,2,0,0,0,0,0,0,0,0,1,0,,67,3,2010,6,39.9291,-75.1971,916.0,6,0,0,0,0,0,1,0,0,1.0,0,0,0,9.0,1,0,0,,2,39 55:47.662,4.0,0,75 11:52.570,9,0,0,0,67301,0,0,0,N,0,0,0,3,68K01,0,,1,9,,N,N,,0,,0,0,0,0,0,N,900.0,0,3,0,0,0,0,1,3,4,0,3,7,,N,,,,,,,,,,,
2010048657,1707.0,2,0,0,0,0,0,0,0,0,4,0,,67,4,2010,6,40.0716,-74.9877,1705.0,6,0,0,0,0,0,0,0,0,,0,0,0,17.0,1,0,1,,0,40 04:17.716,,0,74 59:15.550,0,0,0,0,67301,0,0,0,N,0,0,0,3,67301,0,,1,1,,N,N,,0,,0,0,1,3,2,,1700.0,0,3,0,0,0,0,0,3,4,0,3,3,,N,,,,,,,,,,,
2010058777,2210.0,1,0,0,1,0,0,0,0,0,4,0,,67,5,2010,3,40.076,-75.1768,2210.0,6,0,0,0,0,0,0,0,0,,0,0,0,17.0,3,1,1,,0,40 04:33.706,,0,75 10:36.476,4,0,0,0,67301,1,0,0,N,0,0,0,2,67301,1,,2,1,,N,N,,0,,0,0,0,3,2,,1745.0,1,2,0,0,0,0,0,3,4,0,1,3,,N,,,,,,,,,,,
2010060430,314.0,0,0,0,0,0,0,0,0,0,7,0,,67,6,2010,6,39.9087,-75.1492,308.0,6,0,0,0,0,0,0,0,0,,0,0,0,3.0,3,0,0,,0,39 54:36.077,,0,75 08:56.267,0,0,0,0,67301,0,0,0,N,0,0,0,1,68K01,0,,2,1,,N,N,,0,,0,0,1,0,0,,305.0,0,1,0,0,0,0,0,3,4,0,1,3,,N,,,,,,,,,,,
2010067970,1542.0,1,0,0,0,0,0,1,0,0,1,1,,67,6,2010,4,40.0159,-75.187,1538.0,6,0,0,0,0,0,1,0,0,,0,0,0,15.0,1,1,2,,0,40 00:57.223,,0,75 11:13.338,4,0,0,0,67301,0,0,0,N,0,0,0,18,67301,1,,1,9,,N,N,,0,,0,0,0,3,2,,1510.0,1,2,0,0,0,0,0,3,4,0,2,7,,N,,,,,,,,,,,
2010051276,2119.0,2,0,0,0,0,0,0,0,0,5,0,,67,5,2010,3,40.0339,-75.0201,2113.0,6,1,0,0,0,0,0,0,0,1.0,0,0,0,21.0,3,0,0,,1,40 02:02.363,2.0,0,75 01:11.856,0,0,0,0,67301,0,0,0,N,0,0,0,2,68K01,0,,1,1,,N,N,,0,,0,0,0,0,0,N,2109.0,0,2,0,0,0,0,0,3,4,0,2,3,,N,,,,,,,,,,,
2010052122,100.0,1,0,0,0,0,0,0,0,0,1,0,,67,5,2010,7,40.0205,-75.095,53.0,6,0,0,0,0,0,0,0,0,,0,0,0,0.0,3,1,0,,0,40 01:13.992,,0,75 05:41.882,8,0,0,0,67301,0,0,0,N,0,0,0,2,67301,0,,1,1,,N,N,,0,,0,0,1,0,0,,43.0,1,2,0,0,1,1,0,3,4,0,2,3,,N,,,,,,,,,,,
2010049273,27.0,1,0,0,0,0,0,0,0,0,7,0,,67,5,2010,3,39.9883,-75.2072,25.0,6,0,0,0,1,0,0,0,0,1.0,0,0,0,0.0,3,0,0,,1,39 59:21.285,3.0,0,75 12:23.372,0,0,0,0,67301,0,0,0,N,0,0,0,1,68K01,0,,4,1,,N,N,,0,,0,0,0,0,0,N,16.0,0,1,0,0,1,0,0,3,4,0,1,3,,N,,,,,,,,,,,
2010117808,9999.0,1,0,0,0,0,0,0,0,0,4,0,,67,10,2010,1,40.0479,-75.1849,2355.0,6,0,0,0,0,0,0,0,0,,0,0,0,21.0,3,0,0,,0,40 02:52.527,,0,75 11:05.539,9,0,0,0,67301,0,0,0,N,0,0,0,2,67301,0,,6,1,,N,N,,0,,0,0,1,0,0,,2145.0,0,2,0,0,0,0,2,3,4,0,2,3,,N,,,,,,,,,,,
2010117856,812.0,1,0,0,0,0,0,0,0,0,4,0,,67,10,2010,6,39.9211,-75.2242,810.0,6,0,0,0,0,0,0,0,0,9.0,0,0,0,8.0,1,4,1,,1,39 55:15.795,5.0,0,75 13:27.001,8,0,0,0,67301,0,0,0,,0,0,0,4,67301,0,,1,1,,,,,1,,0,0,0,3,2,Y,809.0,4,2,0,0,0,4,0,3,4,0,2,3,,N,,,,,,,,,,,
2010126706,1932.0,1,0,0,0,0,0,0,0,0,1,0,,67,12,2010,7,39.923,-75.191,1914.0,6,0,0,0,0,0,0,0,0,2.0,0,0,0,19.0,3,0,6,,1,39 55:30.581,4.0,2,75 11:35.978,0,0,0,0,67301,0,0,0,N,0,0,0,3,68K01,0,,1,1,,N,N,,0,,0,0,1,3,4,N,1912.0,0,2,0,0,0,0,0,3,4,0,2,3,,N,,,,,,,,,,,
2010094300,1053.0,1,0,0,1,0,0,0,0,0,4,0,,67,8,2010,4,39.9365,-75.172,1051.0,6,0,0,0,0,0,0,0,1,,0,0,0,10.0,1,1,1,,0,39 56:11.364,,0,75 10:19.253,4,0,0,0,67301,1,0,0,,0,0,0,2,67301,1,,1,1,,,,,0,,0,0,0,3,3,,1050.0,1,2,0,0,0,0,0,3,4,0,1,3,,N,,,,,,,,,,,
2010121893,1800.0,1,0,0,0,0,0,0,0,0,1,0,,67,11,2010,2,40.0278,-75.1097,1755.0,6,0,0,0,0,0,1,0,0,,0,0,0,17.0,3,1,0,,0,40 01:40.120,,0,75 06:34.979,8,0,0,0,67301,0,0,0,N,0,0,0,3,67301,0,,1,1,,N,N,,1,,0,0,0,0,0,,1750.0,1,2,0,0,0,1,0,3,4,0,2,3,,N,,,,,,,,,,,
2010121906,158.0,1,0,0,0,0,0,0,0,0,4,0,,67,10,2010,4,40.0854,-75.0374,156.0,6,0,0,0,0,0,1,0,0,3.0,0,0,0,1.0,3,2,1,,1,40 05:07.441,7.0,0,75 02:14.475,3,0,0,0,67301,0,0,0,,0,0,0,2,67301,0,,1,1,,,,,1,,1,0,0,3,2,N,156.0,2,2,0,0,0,1,0,3,4,0,2,3,,N,,,,,,,,,,,
2010122434,1457.0,1,0,0,0,0,0,0,0,0,4,0,,67,11,2010,2,40.0139,-75.126,1455.0,6,0,0,0,1,0,0,0,0,,0,0,0,14.0,1,1,1,,0,40 00:49.975,,0,75 07:33.617,3,0,0,0,67301,0,0,0,,0,0,0,4,67301,0,,1,9,,,,,0,,1,0,0,3,2,,1455.0,1,2,0,0,0,0,0,3,4,1,2,3,,N,,,,,,,,,,,
2010113823,9999.0,1,0,0,0,0,0,0,0,0,4,0,,67,10,2010,7,39.881,-75.2286,9999.0,6,0,0,0,0,0,1,0,0,,0,0,0,17.0,1,2,10,,0,39 52:51.747,,0,75 13:42.934,3,0,0,0,67301,0,0,0,,0,0,0,3,67301,0,,1,1,,,,,1,,2,0,0,3,3,,1715.0,2,2,0,0,0,0,0,3,4,0,2,3,,N,,,,,,,,,,,
2010117133,457.0,0,0,0,0,0,0,0,0,0,5,0,,67,10,2010,2,39.9944,-75.1988,451.0,6,0,0,0,0,1,0,0,0,2.0,0,0,0,4.0,3,1,0,,2,39 59:42.954,3.0,0,75 11:52.525,3,0,0,0,67301,0,0,0,N,0,0,0,4,68K01,0,,1,1,,N,N,,0,,1,0,1,0,0,N,449.0,1,2,0,0,1,0,0,3,4,1,2,3,,N,,,,,,,,,,,
2010113835,1924.0,2,0,0,0,0,0,0,0,0,4,0,,67,10,2010,1,40.1141,-74.9877,1919.0,6,0,0,0,0,0,0,0,1,1.0,0,0,0,19.0,3,0,1,,1,40 06:50.926,1.0,0,74 59:15.880,0,0,0,0,67301,0,0,0,,0,0,0,4,67301,0,,1,1,,,,,0,,0,0,0,3,2,N,1918.0,0,2,0,0,0,0,0,3,4,0,2,3,,N,,,,,,,,,,,
2010116329,1440.0,2,0,0,0,0,0,0,0,0,2,0,,67,11,2010,3,39.9787,-75.1952,1430.0,6,0,0,0,0,0,0,0,0,3.0,0,0,0,14.0,1,4,0,,2,39 58:43.283,1.0,0,75 11:42.874,8,0,0,0,67301,0,0,0,Y,0,0,0,4,67301,0,,1,1,,N,N,,0,,0,0,0,0,0,Y,1400.0,4,2,0,0,0,4,0,3,4,0,2,3,,N,,,,,,,,,,,
2010116554,2011.0,1,0,0,0,0,0,0,0,0,1,0,,67,11,2010,3,39.9255,-75.1937,2001.0,6,0,0,0,0,0,0,0,0,1.0,0,0,0,19.0,3,1,0,,2,39 55:36.494,4.0,0,75 11:41.394,3,0,0,0,67301,0,0,0,N,0,0,0,2,68K01,0,,1,1,,N,N,,0,,1,0,1,0,0,N,1954.0,1,2,0,0,0,0,0,3,4,0,2,3,,N,,,,,,,,,,,
2010069788,1845.0,2,0,0,0,0,0,0,0,0,4,0,,67,6,2010,6,40.0804,-74.9771,1835.0,6,0,0,1,1,0,0,0,0,,0,0,0,18.0,1,0,1,,0,40 04:49.584,,0,74 58:37.727,0,0,0,0,67301,0,0,0,,0,0,0,4,67301,0,,1,1,,,,,0,,0,0,0,3,2,,1830.0,0,2,0,0,0,0,0,3,4,0,2,3,,N,,,,,,,,,,,
2010056551,2341.0,0,0,0,0,0,0,0,0,0,5,0,,67,5,2010,2,39.8996,-75.1628,2341.0,6,0,0,0,0,0,0,0,0,1.0,0,0,0,23.0,3,1,0,,1,39 54:01.563,1.0,0,75 09:22.082,4,0,0,0,67301,0,0,0,N,0,0,0,5,68K01,1,,1,1,,N,N,,0,,0,0,1,0,0,N,2340.0,1,2,0,0,0,0,1,3,4,1,2,3,,N,,,,,,,,,,,
2010069259,1520.0,0,0,0,0,0,0,0,0,0,8,0,,67,6,2010,4,39.9804,-75.1268,1515.0,6,0,0,0,0,0,0,0,0,,0,0,0,15.0,1,1,1,,0,39 58:49.566,,0,75 07:36.357,4,0,0,0,67301,1,0,0,,1,0,0,2,67301,1,,1,9,,,Y,,1,,0,0,0,3,3,,1512.0,1,2,0,0,0,0,0,3,4,0,1,7,,N,,,,,,,,,,,
2010076869,818.0,1,0,0,0,0,0,0,0,0,9,0,,67,8,2010,4,39.9211,-75.1479,806.0,6,0,0,0,0,0,0,0,0,,0,0,0,8.0,1,0,0,,0,39 55:16.558,,0,75 08:52.154,0,0,0,0,67301,0,0,0,N,0,0,0,1,68K01,0,,1,1,,N,N,,0,,0,0,0,0,0,,800.0,0,1,0,0,0,0,0,3,4,0,1,3,,N,,,,,,,,,,,
2010069862,1043.0,1,0,0,0,0,0,0,0,0,4,0,,67,6,2010,3,40.0037,-75.0944,1040.0,6,1,0,0,0,0,0,0,0,1.0,0,0,0,10.0,1,0,1,,1,40 00:13.298,1.0,0,75 05:39.820,0,0,0,0,67301,0,0,0,N,0,0,0,3,67301,0,,1,1,,N,N,,1,,0,0,0,3,2,N,1035.0,0,2,0,0,2,0,0,3,4,0,2,3,,N,,,,,,,,,,,
2010069866,1834.0,2,0,0,0,0,0,0,0,0,1,0,,67,6,2010,7,40.0293,-75.105,1822.0,6,0,0,0,0,0,2,0,0,1.0,0,0,0,18.0,1,5,0,,1,40 01:45.800,1.0,0,75 06:17.329,4,0,0,0,67301,0,0,0,N,0,0,0,5,67301,3,,1,1,,N,N,,0,,0,0,1,0,0,N,1820.0,5,3,0,0,0,2,0,3,4,0,3,3,,N,,,,,,,,,,,
2010084368,1924.0,0,0,0,0,0,0,0,0,0,4,0,,67,8,2010,6,39.9976,-75.2343,1918.0,6,0,0,0,1,0,0,1,0,,0,0,0,17.0,1,1,0,,0,39 59:51.321,,7,75 14:03.425,4,0,0,0,67301,0,0,0,N,0,0,0,6,46104,1,,1,1,,N,N,,0,,0,0,0,0,0,,1730.0,1,2,0,0,0,0,0,3,4,2,2,3,,N,,,,,,,,,,,
2010061935,9999.0,1,0,0,0,0,0,0,0,0,8,0,,67,5,2010,1,39.9548,-75.1898,1250.0,6,0,0,0,0,0,0,1,0,,0,0,0,99.0,1,1,0,,0,39 57:17.377,,0,75 11:23.334,8,0,0,0,67301,1,0,0,N,1,0,0,4,67301,0,,1,1,,N,N,,0,,0,0,0,0,0,,9999.0,1,2,0,0,0,1,0,3,4,0,1,3,,N,,,,,,,,,,,
2010061937,1428.0,1,0,0,0,0,0,0,0,0,4,0,,67,3,2010,3,40.0576,-75.1525,1424.0,6,1,0,0,0,0,1,0,0,,0,0,0,14.0,1,1,1,,0,40 03:27.475,,0,75 09:09.151,3,0,0,1,67301,0,0,0,N,0,0,0,4,67301,0,,1,1,,N,N,,1,,1,0,0,3,3,,1423.0,1,3,0,0,0,0,0,3,4,0,3,3,,N,,,,,,,,,,,
2010082095,2018.0,1,0,0,0,0,0,0,0,0,8,0,,67,7,2010,2,39.9314,-75.1514,2012.0,6,0,0,0,0,0,0,0,0,,0,0,0,20.0,1,1,0,,0,39 55:52.914,,0,75 09:05.166,4,0,0,0,67301,1,0,0,,1,0,0,2,67301,1,,1,1,,N,N,,0,,0,0,0,0,0,,2012.0,1,2,0,0,0,0,0,3,4,0,1,3,,N,,,,,,,,,,,
2010067090,845.0,0,0,0,0,0,0,0,0,0,1,0,,67,6,2010,3,39.9936,-75.2426,830.0,6,0,0,0,0,0,2,0,0,,0,0,0,8.0,1,1,0,,0,39 59:36.869,,0,75 14:33.475,8,0,0,0,67301,0,0,0,N,0,0,0,2,67301,0,,1,1,,N,N,,0,,0,0,2,0,0,,820.0,1,2,0,0,0,1,0,3,4,0,2,3,,N,,,,,,,,,,,
2010088782,412.0,1,0,0,0,0,0,0,0,0,4,0,,67,8,2010,5,40.0595,-75.0469,404.0,6,0,0,0,0,0,0,0,0,2.0,0,0,0,4.0,2,0,2,,1,40 03:34.063,1.0,0,75 02:48.825,0,0,0,0,67301,0,0,0,N,0,0,0,1,67301,0,,1,1,,N,N,,0,,0,0,1,3,3,N,404.0,0,3,0,0,0,0,0,3,4,1,3,3,,N,,,,,,,,,,,
2010088792,1755.0,1,0,0,0,0,0,0,0,0,7,0,,67,8,2010,7,39.909,-75.2419,1741.0,6,0,0,0,0,0,0,0,0,,0,0,0,17.0,1,2,2,,0,39 54:32.712,,0,75 14:31.675,3,0,0,0,67301,0,0,0,N,0,0,0,2,67301,1,,3,1,,N,N,,0,,1,0,0,3,2,,1739.0,2,1,0,0,0,0,0,3,4,0,1,3,,N,,,,,,,,,,,
2010088836,2339.0,1,0,0,0,0,0,0,0,0,4,0,,67,8,2010,6,39.9814,-75.1426,2337.0,6,0,0,0,0,0,0,0,0,,0,0,0,23.0,3,1,1,,0,39 58:52.935,,0,75 08:33.241,4,0,0,0,67301,0,0,0,,0,0,0,3,67301,1,,1,1,,,,,0,,0,0,1,3,2,,2324.0,1,2,0,0,0,0,2,3,4,0,2,3,,N,,,,,,,,,,,
2010090674,2021.0,1,0,0,0,0,0,0,0,0,1,0,,67,9,2010,1,39.9964,-75.1968,2017.0,6,0,0,0,0,0,0,0,0,2.0,0,0,0,20.0,3,0,0,,2,39 59:50.871,4.0,0,75 11:46.040,0,0,0,0,67301,0,0,0,N,0,0,0,9,68K01,0,,1,1,,N,N,,1,,0,0,1,0,0,N,2010.0,0,3,0,0,0,0,0,3,4,0,3,3,,N,,,,,,,,,,,
2010099626,1415.0,1,0,0,0,0,0,0,0,0,4,0,,67,9,2010,4,39.8994,-75.1748,1403.0,6,0,0,0,0,0,0,0,0,1.0,0,0,0,14.0,1,2,2,,1,39 53:58.361,1.0,2,75 10:28.613,4,0,0,0,67301,0,0,0,N,0,0,0,4,67301,2,,1,1,,N,N,,0,,0,0,0,3,2,N,1403.0,2,2,0,0,0,0,0,3,4,1,2,3,,N,,,,,,,,,,,
2010099664,2251.0,0,0,0,0,0,0,0,0,0,7,0,,67,7,2010,6,40.0097,-75.1672,2251.0,6,0,0,0,0,0,0,0,0,,0,0,0,22.0,3,2,0,,0,40 00:34.799,,0,75 10:01.971,2,0,0,0,67301,0,0,0,,0,0,0,2,67301,0,,2,1,,,,,0,,0,2,1,0,0,,2250.0,2,1,0,0,0,0,0,3,4,0,1,3,,N,,,,,,,,,,,
2010125715,1723.0,2,0,0,0,0,0,0,0,0,1,0,,67,12,2010,2,39.9796,-75.1076,1659.0,6,0,0,0,0,0,0,0,0,1.0,0,0,0,16.0,1,0,0,,1,39 58:48.064,2.0,0,75 06:21.984,0,0,0,0,67301,0,0,0,N,0,0,0,2,68K01,0,,1,1,,N,N,,0,,0,0,0,0,0,N,1659.0,0,2,0,0,0,0,0,3,4,0,2,3,,N,,,,,,,,,,,
2010103046,1233.0,1,0,0,0,0,0,0,0,0,4,0,,67,9,2010,7,40.0437,-75.1498,1231.0,6,0,0,0,0,0,1,0,0,,0,0,0,12.0,1,3,1,,0,40 02:37.165,,0,75 08:59.326,4,0,0,0,67301,0,0,0,N,0,0,0,3,67301,2,,1,1,,N,N,,0,,0,0,1,3,2,,1231.0,3,2,0,0,0,1,0,3,4,0,2,3,,N,,,,,,,,,,,
2010103083,2155.0,1,0,0,0,0,0,0,0,0,8,0,,67,9,2010,7,40.0377,-75.1386,2155.0,6,0,0,0,0,0,0,0,0,,0,0,0,18.0,4,1,0,,0,40 02:15.702,,0,75 08:19.038,3,0,0,0,67301,1,0,0,N,1,0,0,2,67301,0,,6,1,,N,N,,0,,1,0,0,0,0,,1815.0,1,2,0,0,0,0,1,3,4,0,1,3,,N,,,,,,,,,,,
2010098169,144.0,1,0,0,0,0,0,0,0,0,7,0,,67,9,2010,6,40.0337,-75.0202,132.0,6,0,0,0,0,0,0,0,0,1.0,0,0,0,1.0,3,1,0,,1,40 02:01.908,2.0,0,75 01:12.322,4,0,0,0,67301,0,0,0,N,0,0,0,1,68K01,1,,3,1,,N,N,,0,,0,0,0,0,0,N,130.0,1,1,0,0,0,0,0,3,4,0,1,3,,N,,,,,,,,,,,
2010123017,1030.0,1,0,0,0,0,0,0,0,0,1,0,,67,11,2010,3,39.9575,-75.2298,1028.0,6,0,0,0,0,0,0,0,0,1.0,0,0,0,10.0,1,1,0,,2,39 57:26.997,4.0,0,75 13:47.406,4,0,0,0,67301,1,0,0,N,0,0,0,2,67301,1,,2,1,,N,N,,0,,0,0,0,0,0,N,1025.0,1,2,0,0,0,0,0,3,4,1,2,3,,N,,,,,,,,,,,
2010117944,37.0,3,0,0,0,0,0,0,0,0,6,0,,67,10,2010,7,39.9709,-75.1392,35.0,6,0,0,0,1,0,0,0,0,,0,0,0,0.0,3,0,2,,0,39 58:15.412,,0,75 08:21.253,0,0,0,0,67301,0,0,0,,0,0,0,2,67301,0,,1,1,,,,,0,,0,0,0,3,2,,35.0,0,3,0,0,0,0,0,3,4,0,3,3,,N,,,,,,,,,,,
2010096030,759.0,3,0,0,0,0,0,0,0,0,1,0,,67,10,2010,3,39.9923,-75.2013,740.0,6,0,0,0,0,0,0,0,0,,0,0,0,7.0,1,0,0,,0,39 59:35.058,,0,75 12:00.603,9,0,0,0,67301,0,0,0,N,0,0,0,3,68K01,0,,1,9,,N,N,,0,,0,0,0,0,0,,737.0,0,3,0,0,0,0,1,3,4,0,3,7,,N,,,,,,,,,,,
2010111477,9999.0,1,0,0,0,0,0,0,0,0,1,0,,67,9,2010,5,39.9919,-75.2337,9999.0,6,0,0,0,0,0,0,0,0,,0,0,0,20.0,3,0,1,,0,39 59:30.829,,0,75 14:01.359,0,0,0,0,67301,0,0,0,N,0,0,0,2,67301,0,,1,9,,N,N,,1,,0,0,0,3,2,,2030.0,0,2,0,0,0,0,0,3,4,0,2,7,,N,,,,,,,,,,,
2010111479,1638.0,0,0,0,0,0,0,0,0,0,8,0,,67,9,2010,5,39.9292,-75.2292,1638.0,6,0,0,0,0,0,0,0,0,,0,0,0,13.0,1,1,2,,0,39 55:45.184,,0,75 13:45.242,8,0,0,0,67301,1,0,0,N,1,0,0,2,67301,0,,1,9,,N,N,,0,,0,0,1,3,2,,1320.0,1,2,0,0,0,1,0,3,4,0,1,7,,N,,,,,,,,,,,
2010009766,700.0,1,0,0,0,0,0,0,0,0,1,0,,67,1,2010,6,39.9812,-75.1031,656.0,6,0,0,0,0,0,0,0,0,1.0,0,0,0,6.0,1,1,0,,1,39 58:53.796,2.0,0,75 06:07.831,4,0,0,0,67301,0,0,0,N,0,0,0,2,68K01,1,,1,1,,N,N,,0,,0,0,0,0,0,N,655.0,1,2,0,0,0,0,0,3,4,1,2,3,,N,,,,,,,,,,,
2010042552,823.0,1,0,0,0,0,0,0,0,0,8,0,,67,3,2010,5,40.0385,-75.0722,822.0,6,0,0,0,0,0,0,0,0,,0,0,0,8.0,1,1,0,,0,40 02:18.531,,0,75 04:19.981,4,0,0,0,67301,1,0,0,N,1,0,0,2,67301,1,,1,1,,N,Y,,0,,0,0,0,3,8,,820.0,1,2,0,0,0,0,0,3,4,0,1,3,,N,,,,,,,,,,,
2010048732,2305.0,2,0,0,0,0,0,0,0,0,4,0,,67,4,2010,5,40.0651,-75.0613,2305.0,6,0,0,0,0,0,0,0,0,,0,0,0,22.0,3,2,1,,0,40 03:54.202,,0,75 03:40.771,4,0,0,0,67301,0,0,0,,0,0,0,3,67301,2,,1,1,,,,,0,,0,0,0,3,2,,2228.0,2,2,0,0,0,0,0,3,4,0,2,3,,N,,,,,,,,,,,
2010048770,2012.0,0,0,0,1,0,0,0,0,0,4,0,,67,4,2010,4,40.0464,-75.1621,2006.0,6,0,0,0,0,0,0,0,0,,0,0,0,20.0,3,1,1,,0,40 02:47.065,,0,75 09:43.574,4,0,0,0,67301,1,0,0,N,0,0,0,2,67301,1,,1,1,,N,N,,1,,0,0,0,3,3,,2000.0,1,2,0,0,0,0,1,3,4,0,1,3,,N,,,,,,,,,,,