CRN,ARRIVAL_TM,AUTOMOBILE_COUNT,BELTED_DEATH_COUNT,BELTED_SUSP_SERIOUS_INJ_COUNT,BICYCLE_COUNT,BICYCLE_DEATH_COUNT,BICYCLE_SUSP_SERIOUS_INJ_COUNT,BUS_COUNT,CHLDPAS_DEATH_COUNT,CHLDPAS_SUSP_SERIOUS_INJ_COUNT,COLLISION_TYPE,COMM_VEH_COUNT,CONS_ZONE_SPD_LIM,COUNTY,CRASH_MONTH,CRASH_YEAR,DAY_OF_WEEK,DEC_LAT,DEC_LONG,DISPATCH_TM,DISTRICT,DRIVER_COUNT_16YR,DRIVER_COUNT_17YR,DRIVER_COUNT_18YR,DRIVER_COUNT_19YR,DRIVER_COUNT_20YR,DRIVER_COUNT_50_64YR,DRIVER_COUNT_65_74YR,DRIVER_COUNT_75PLUS,EST_HRS_CLOSED,FATAL_COUNT,HEAVY_TRUCK_COUNT,HORSE_BUGGY_COUNT,HOUR_OF_DAY,ILLUMINATION,INJURY_COUNT,INTERSECT_TYPE,INTERSECTION_RELATED,LANE_CLOSED,LATITUDE,LN_CLOSE_DIR,LOCATION_TYPE,LONGITUDE,MAX_SEVERITY_LEVEL,MCYCLE_DEATH_COUNT,MCYCLE_SUSP_SERIOUS_INJ_COUNT,MOTORCYCLE_COUNT,MUNICIPALITY,NONMOTR_COUNT,NONMOTR_DEATH_COUNT,NONMOTR_SUSP_SERIOUS_INJ_COUNT,NTFY_HIWY_MAINT,PED_COUNT,PED_DEATH_COUNT,PED_SUSP_SERIOUS_INJ_COUNT,PERSON_COUNT,POLICE_AGCY,POSSIBLE_INJ_COUNT,RDWY_SURF_TYPE_CD,RELATION_TO_ROAD,ROAD_CONDITION,ROADWAY_CLEARED,SCH_BUS_IND,SCH_ZONE_IND,SECONDARY_CRASH,SMALL_TRUCK_COUNT,SPEC_JURIS_CD,SUSP_MINOR_INJ_COUNT,SUSP_SERIOUS_INJ_COUNT,SUV_COUNT,TCD_FUNC_CD,TCD_TYPE,TFC_DETOUR_IND,TIME_OF_DAY,TOT_INJ_COUNT,TOTAL_UNITS,UNB_DEATH_COUNT,UNB_SUSP_SERIOUS_INJ_COUNT,UNBELTED_OCC_COUNT,UNK_INJ_DEG_COUNT,UNK_INJ_PER_COUNT,URBAN_AREA,URBAN_RURAL,VAN_COUNT,VEHICLE_COUNT,WEATHER1,WEATHER2,WORK_ZONE_IND,WORK_ZONE_LOC,WORK_ZONE_TYPE,WORKERS_PRES,WZ_CLOSE_DETOUR,WZ_FLAGGER,WZ_LAW_OFFCR_IND,WZ_LN_CLOSURE,WZ_MOVING,WZ_OTHER,WZ_SHLDER_MDN,WZ_WORKERS_INJ_KILLED
2010061359,1901.0,1,0,0,0,0,0,0,0,0,1,0,,67,6,2010,5,40.0065,-75.0742,1849.0,6,0,0,0,0,0,3,1,0,2.0,0,0,0,18.0,1,4,0,,1,40 00:23.126,2.0,0,75 04:27.549,8,0,0,0,67301,0,0,0,N,0,0,0,5,68K01,0,,1,1,,N,N,,0,,0,0,1,0,0,N,1846.0,4,4,0,0,0,4,0,3,4,2,4,3,,N,,,,,,,,,,,
2010070722,1825.0,0,0,0,0,0,0,0,0,0,4,0,,67,6,2010,3,40.0266,-75.1593,1818.0,6,0,0,0,0,0,0,0,0,,0,0,0,18.0,1,1,2,,0,40 01:35.680,,0,75 09:33.469,4,0,0,1,67301,0,0,0,N,0,0,0,2,67301,1,,1,9,,N,N,,0,,0,0,1,0,0,,1815.0,1,2,0,0,0,0,0,3,4,0,2,7,,N,,,,,,,,,,,
2010051282,1706.0,1,0,0,0,0,0,0,0,0,1,1,,67,5,2010,4,39.9041,-75.1504,1702.0,6,0,0,0,0,0,0,0,0,,0,1,0,16.0,1,1,0,,0,39 54:17.041,,0,75 09:00.779,8,0,0,0,67301,0,0,0,N,0,0,0,3,68K01,0,,1,1,,N,N,,0,,0,0,0,0,0,,1654.0,1,2,0,0,0,1,0,3,4,0,2,3,,N,,,,,,,,,,,
2010062682,1850.0,0,0,0,1,0,0,0,0,0,1,0,,67,6,2010,5,40.0208,-75.0912,1840.0,6,0,0,0,0,0,0,0,0,,0,0,0,18.0,1,1,0,,0,40 01:14.995,,0,75 05:28.267,4,0,0,0,67301,1,0,0,N,0,0,0,2,67301,1,,1,1,,N,N,,0,,0,0,0,0,0,,1800.0,1,2,0,0,0,0,0,3,4,0,1,3,,N,,,,,,,,,,,
2010068370,119.0,1,0,0,0,0,0,0,0,0,7,0,,67,7,2010,2,39.9571,-75.1444,114.0,6,0,0,0,0,0,0,0,0,2.0,0,0,0,1.0,3,1,7,,1,39 57:24.144,4.0,3,75 08:32.205,3,0,0,0,67301,0,0,0,N,0,0,0,1,68K01,0,,4,1,,N,N,,0,,1,0,0,0,0,Y,108.0,1,1,0,0,1,0,0,3,4,0,1,3,,N,,,,,,,,,,,
2010059552,1737.0,0,0,0,0,0,0,0,0,0,0,0,,67,5,2010,4,39.9531,-75.1819,1733.0,6,0,0,0,0,0,0,0,0,,0,0,0,17.0,1,1,5,,0,39 57:11.198,,2,75 10:54.916,4,0,0,1,67301,0,0,0,N,0,0,0,1,67301,1,,1,1,,N,N,,0,,0,0,0,3,2,,1733.0,1,2,0,0,0,0,0,3,4,0,1,3,,N,,,,,,,,,,,
2010048925,1145.0,1,0,0,0,0,0,0,0,0,4,0,,67,4,2010,6,39.9549,-75.1511,1143.0,6,0,0,0,0,0,1,0,0,,0,0,0,11.0,1,1,1,,0,39 57:17.491,,0,75 09:04.108,3,0,0,0,67301,0,0,0,,0,0,0,4,67301,0,,1,1,,N,N,,1,,1,0,0,3,2,,1140.0,1,2,0,0,0,0,0,3,4,0,2,3,,N,,,,,,,,,,,
2010052204,1838.0,0,0,0,0,0,0,0,0,0,8,0,,67,5,2010,1,39.9423,-75.2079,1834.0,6,0,0,0,0,0,0,0,0,,0,0,0,18.0,4,1,0,,0,39 56:32.366,,0,75 12:28.414,8,0,0,1,67301,1,0,0,N,1,0,0,2,67301,0,,1,1,,N,N,,0,,0,0,0,0,0,,1832.0,1,2,0,0,0,1,1,3,4,0,1,3,,N,,,,,,,,,,,
2010117745,2135.0,1,0,0,0,0,0,0,0,0,4,0,,67,9,2010,2,39.9588,-75.2063,2135.0,6,0,0,0,0,0,1,0,0,,0,0,0,21.0,3,1,1,,0,39 57:31.834,,0,75 12:22.607,2,0,1,1,67301,0,0,0,,0,0,0,2,67301,0,,1,1,,,,,0,,0,1,0,3,2,,2135.0,1,2,0,0,0,0,0,3,4,0,2,3,,N,,,,,,,,,,,
2010117769,1540.0,3,0,0,0,0,0,0,0,0,1,0,,67,11,2010,3,40.0687,-75.1568,1535.0,6,0,0,0,0,0,0,1,0,,0,0,0,15.0,1,7,5,,0,40 04:07.262,,0,75 09:24.365,8,0,0,0,67301,0,0,0,N,0,0,0,8,67301,0,,1,1,,N,N,,0,,0,0,0,3,2,,1510.0,7,3,0,0,1,7,0,3,4,0,3,3,,N,,,,,,,,,,,
2010117812,1434.0,1,0,0,0,0,0,0,0,0,4,0,,67,10,2010,7,40.0941,-74.9692,1429.0,6,0,0,0,0,0,0,0,0,,0,0,0,14.0,1,1,0,,0,40 05:38.810,,0,74 58:09.091,3,0,0,1,67301,0,0,0,N,0,0,0,1,67301,0,,6,1,,N,N,,0,,1,0,0,3,3,,1420.0,1,2,0,0,0,0,0,3,4,0,2,3,,N,,,,,,,,,,,
2010117859,9999.0,1,0,0,0,0,0,0,0,0,4,0,,67,10,2010,7,39.8813,-75.2288,9999.0,6,0,0,0,1,0,0,0,0,9.0,0,0,0,99.0,1,1,0,,1,39 52:52.527,1.0,7,75 13:43.580,8,0,0,0,67301,0,0,0,,0,0,0,3,67301,0,,1,1,,N,N,,0,,0,0,1,0,0,N,9999.0,1,2,0,0,0,1,1,3,4,0,2,3,,N,,,,,,,,,,,
2010091153,1355.0,2,0,0,0,0,0,0,0,0,1,1,,67,8,2010,2,40.1043,-75.0011,1330.0,6,0,0,0,0,0,0,0,1,,0,1,0,13.0,1,0,0,,0,40 06:15.494,,0,75 00:03.931,0,0,0,0,67301,0,0,0,N,0,0,0,3,67301,0,,1,1,,N,N,,0,,0,0,0,0,0,,1330.0,0,3,0,0,0,0,0,3,4,0,3,3,,N,,,,,,,,,,,
2010122408,1836.0,2,0,0,0,0,0,0,0,0,1,0,,67,11,2010,3,40.0341,-75.2083,1833.0,6,0,0,0,0,0,0,0,1,,0,0,0,18.0,3,1,2,,0,40 02:03.005,,0,75 12:29.994,3,0,0,0,67301,0,0,0,N,0,0,0,2,67301,0,,1,9,,N,N,,0,,1,0,0,3,2,,1831.0,1,2,0,0,0,0,0,3,4,0,2,7,,N,,,,,,,,,,,
2010122410,1612.0,0,0,0,0,0,0,0,0,0,7,0,,67,11,2010,7,40.0037,-75.1905,1610.0,6,0,0,0,0,0,0,0,0,,0,0,0,16.0,1,1,0,,0,40 00:10.329,,0,75 11:25.420,4,0,0,2,67301,0,0,0,N,0,0,0,2,67301,1,,4,1,,N,N,,0,,0,0,0,0,0,,1605.0,1,2,0,0,0,0,0,3,4,0,2,3,,N,,,,,,,,,,,
2010122413,2131.0,0,0,0,0,0,0,0,0,0,6,0,,67,11,2010,5,40.0232,-75.1367,2130.0,6,0,0,0,0,0,0,0,0,1.0,0,0,0,21.0,3,0,2,,1,40 01:23.090,2.0,0,75 08:13.162,0,0,0,0,67301,0,0,0,N,0,0,0,2,67301,0,,1,1,,,N,,0,,0,0,2,3,2,N,2130.0,0,2,0,0,0,0,0,3,4,0,2,3,,N,,,,,,,,,,,
2010122442,2259.0,1,0,0,0,0,0,0,0,0,1,0,,67,11,2010,3,40.0171,-75.2023,2234.0,6,0,0,0,0,0,0,0,0,,0,0,0,21.0,3,0,0,,0,40 01:01.700,,0,75 12:08.390,0,0,0,0,67301,0,0,0,N,0,0,0,2,67301,0,,1,9,,N,N,,0,,0,0,1,0,0,,2148.0,0,2,0,0,0,0,0,3,4,0,2,7,,N,,,,,,,,,,,
2010116350,1551.0,1,0,0,0,0,0,1,0,0,6,1,,67,10,2010,2,40.0465,-75.0453,1546.0,6,0,0,0,0,0,1,0,0,,0,0,0,15.0,1,4,1,,0,40 02:47.443,,0,75 02:42.968,8,0,0,0,67301,0,0,0,,0,0,0,32,67301,0,,1,9,,Y,N,,0,,0,0,0,3,2,,1530.0,4,2,0,0,0,4,0,3,4,0,2,7,,N,,,,,,,,,,,
2010114074,1420.0,2,0,0,0,0,0,0,0,0,5,0,,67,10,2010,1,39.9642,-75.1841,1415.0,6,0,0,0,0,0,1,0,0,1.0,0,0,0,13.0,1,1,0,,1,39 57:50.848,3.0,3,75 11:02.805,4,0,0,0,67301,0,0,0,,0,0,0,4,67301,1,,1,1,,,,,0,,0,0,0,0,0,Y,1330.0,1,2,0,0,0,0,0,3,4,0,2,3,,N,,,,,,,,,,,
2010074376,2215.0,0,0,0,0,0,0,0,0,0,8,0,,67,7,2010,7,39.973,-75.2167,2207.0,6,0,0,0,0,0,1,0,0,,0,0,0,21.0,3,1,0,,0,39 58:22.641,,0,75 13:00.040,4,0,0,0,67301,1,0,0,N,1,0,0,2,67301,1,,1,1,,N,N,,0,,0,0,1,0,0,,2143.0,1,2,0,0,0,0,0,3,4,0,1,3,,N,,,,,,,,,,,
2010061976,1508.0,3,0,0,0,0,0,0,0,0,4,0,,67,5,2010,7,40.0419,-75.144,1505.0,6,0,0,0,0,0,1,0,0,,0,0,0,14.0,1,2,0,,0,40 02:30.890,,6,75 08:38.389,4,0,0,0,67301,0,0,0,N,0,0,0,6,67301,1,,1,1,,N,N,,0,,0,0,0,0,0,,1435.0,2,3,0,0,0,1,0,3,4,0,3,3,,N,,,,,,,,,,,
2010054038,1540.0,1,0,0,0,0,0,0,0,0,1,0,,67,6,2010,6,39.9666,-75.1875,1530.0,6,0,0,0,0,0,0,0,0,,0,0,0,15.0,1,0,0,,0,39 57:59.299,,0,75 11:14.395,0,0,0,0,67301,0,0,0,N,0,0,0,4,68K01,0,,1,1,,N,N,,0,,0,0,1,0,0,,1528.0,0,3,0,0,0,0,0,3,4,1,3,3,,N,,,,,,,,,,,
2010069595,1723.0,0,0,0,0,0,0,0,0,0,7,0,,67,6,2010,1,40.0657,-75.0513,1723.0,6,0,0,0,0,1,0,0,0,,0,0,0,99.0,1,1,2,,0,40 03:56.302,,0,75 03:04.868,4,0,0,0,67301,0,0,0,N,0,0,0,1,67301,1,,5,1,,N,N,,0,,0,0,1,3,3,,9999.0,1,1,0,0,0,0,0,3,4,0,1,3,,N,,,,,,,,,,,
2010084537,1720.0,1,0,0,0,0,0,0,0,0,1,0,,67,8,2010,3,39.9913,-75.1708,1715.0,6,0,0,0,0,0,1,1,0,,0,0,0,17.0,1,3,1,,0,39 59:28.770,,0,75 10:14.944,4,0,0,0,67301,0,0,0,,0,0,0,4,67301,3,,1,1,,,,,0,,0,0,1,3,2,,1715.0,3,2,0,0,4,0,0,3,4,0,2,3,,N,,,,,,,,,,,
2010103086,1840.0,1,0,0,1,0,0,0,0,0,4,0,,67,9,2010,5,40.0632,-75.0784,1830.0,6,0,0,0,0,0,0,0,0,,0,0,0,18.0,1,1,0,,0,40 03:47.678,,0,75 04:42.200,4,0,0,0,67301,1,0,0,N,0,0,0,2,67301,1,,1,9,,N,N,,0,,0,0,0,0,0,,1830.0,1,2,0,0,1,0,0,3,4,0,1,7,,N,,,,,,,,,,,
2010099600,155.0,1,0,0,0,0,0,0,0,0,7,0,,67,9,2010,1,40.0004,-75.0963,154.0,6,0,0,0,0,0,0,0,0,,0,0,0,1.0,3,1,0,,0,40 00:01.433,,0,75 05:46.855,3,0,0,0,67301,0,0,0,N,0,0,0,2,67301,0,,5,1,,N,N,,0,,1,0,0,0,0,,152.0,1,1,0,0,0,0,0,3,4,0,1,3,,N,,,,,,,,,,,
2010114316,1345.0,2,0,0,0,0,0,0,0,0,1,0,,67,10,2010,5,40.0272,-75.1111,1340.0,6,0,0,0,0,0,0,0,0,1.0,0,0,0,13.0,1,1,0,,2,40 01:38.112,1.0,0,75 06:39.663,8,0,0,0,67301,0,0,0,N,0,0,0,2,67301,0,,1,9,,N,N,,0,,0,0,0,3,2,Y,1335.0,1,2,0,0,0,1,0,3,4,0,2,7,,N,,,,,,,,,,,
2010005381,1629.0,1,0,0,0,0,0,0,0,0,7,0,,67,1,2010,1,40.0459,-75.0018,1626.0,6,0,0,0,0,0,1,0,0,,0,0,0,16.0,3,0,6,,0,40 02:45.395,,2,75 00:06.500,0,0,0,0,67301,0,0,0,Y,0,0,0,1,68K01,0,,2,2,,N,N,,0,,0,0,0,0,0,,1620.0,0,1,0,0,0,0,0,3,4,0,1,3,,N,,,,,,,,,,,
2010048655,9999.0,1,0,0,0,0,0,0,0,0,8,0,,67,4,2010,6,40.0237,-75.0461,1630.0,6,0,0,0,0,0,0,0,0,,0,0,0,16.0,1,1,1,,0,40 01:25.438,,0,75 02:45.859,4,0,0,0,67301,1,0,0,N,1,0,0,2,67301,1,,1,1,,N,N,,0,,0,0,0,0,0,,1630.0,1,2,0,0,0,0,0,3,4,0,1,3,,N,,,,,,,,,,,
2010058751,9.0,2,0,0,0,0,0,0,0,0,4,0,,67,5,2010,1,39.9903,-75.2204,8.0,6,0,0,0,0,0,0,0,0,3.0,0,0,0,0.0,3,2,1,,1,39 59:25.216,6.0,0,75 13:13.303,8,0,0,0,67301,0,0,0,,0,0,0,3,67301,0,,1,1,,N,N,,0,,0,0,0,3,2,Y,8.0,2,2,0,0,0,2,1,3,4,0,2,3,,N,,,,,,,,,,,
2010068367,320.0,2,0,0,0,0,0,0,0,0,1,0,,67,7,2010,7,39.9959,-75.0831,312.0,6,0,0,0,0,1,0,0,0,1.0,0,0,0,3.0,3,3,0,,1,39 59:44.856,2.0,0,75 04:59.559,8,0,0,0,67301,0,0,0,N,0,0,0,3,68K01,0,,2,1,,N,N,,0,,0,0,0,0,0,N,309.0,3,2,0,0,0,3,0,3,4,0,2,3,,N,,,,,,,,,,,
2010052027,2316.0,2,0,0,0,0,0,0,0,0,1,0,,67,4,2010,6,39.9677,-75.1895,2311.0,6,0,0,0,0,0,0,0,0,1.0,0,0,0,23.0,2,1,0,,2,39 58:07.982,4.0,0,75 11:29.608,4,0,0,0,67301,0,0,0,N,0,0,0,4,68K01,1,,1,1,,N,N,,0,,0,0,0,0,0,N,2305.0,1,2,0,0,0,0,0,3,4,0,2,3,,N,,,,,,,,,,,
2010048911,2045.0,2,0,0,0,0,0,0,0,0,1,0,,67,4,2010,7,39.9689,-75.208,2042.0,6,0,0,1,0,0,1,0,0,,0,0,0,20.0,3,1,0,,0,39 58:08.028,,0,75 12:28.889,8,0,0,0,67301,0,0,0,N,0,0,0,3,67301,0,,1,1,,N,N,,0,,0,0,0,0,0,,2039.0,1,2,0,0,0,1,0,3,4,0,2,3,,N,,,,,,,,,,,
2010048933,1906.0,0,0,0,0,0,0,1,0,0,8,1,,67,4,2010,5,39.9282,-75.2307,1905.0,6,0,0,0,0,0,0,0,0,2.0,0,0,0,18.0,4,1,2,,2,39 55:41.566,5.0,0,75 13:50.404,4,0,0,0,67301,1,0,0,N,1,0,0,2,67301,1,,1,1,,N,N,,0,,0,0,0,3,2,Y,1835.0,1,2,0,0,0,0,0,3,4,0,1,3,,N,,,,,,,,,,,
2010052195,1935.0,0,0,0,0,0,0,0,0,0,1,0,,67,4,2010,6,39.8903,-75.2451,1929.0,6,0,0,0,0,0,1,0,0,,0,0,0,19.0,1,1,2,,0,39 53:25.699,,0,75 14:42.040,8,0,0,0,67301,0,0,0,N,0,0,0,3,67301,0,,1,1,,N,N,,1,,0,0,1,3,2,,1926.0,1,2,0,0,0,1,0,3,4,0,2,3,,N,,,,,,,,,,,
2010093661,1850.0,0,0,0,0,0,0,0,0,0,4,0,,67,8,2010,7,39.9707,-75.2146,1830.0,6,0,0,0,0,0,1,0,0,3.0,1,0,0,18.0,1,1,2,,2,39 58:14.439,7.0,0,75 12:52.337,1,1,0,1,67301,0,0,0,N,0,0,0,3,67301,1,2.0,1,1,,N,N,,1,0.0,0,0,0,3,3,Y,1830.0,1,2,0,0,0,0,0,3,4,0,2,3,,N,,,,,,,,,,,
2010094459,828.0,1,0,0,0,0,0,0,0,0,5,0,,67,10,2010,6,39.9567,-75.1436,828.0,6,0,0,0,0,0,1,0,0,1.0,0,0,0,8.0,1,0,0,,1,39 57:26.617,3.0,0,75 08:49.702,0,0,0,0,67301,0,0,0,N,0,0,0,2,68K01,0,,1,9,,N,N,,0,,0,0,0,0,0,Y,822.0,0,2,0,0,0,0,0,3,4,1,2,7,,N,,,,,,,,,,,
2010122423,1910.0,1,0,0,1,0,0,0,0,0,4,0,,67,11,2010,7,40.0404,-75.0655,1904.0,6,0,0,0,0,0,0,0,0,9.0,0,0,0,19.0,3,1,5,,2,40 02:25.526,6.0,0,75 03:55.923,4,0,0,0,67301,1,0,0,N,0,0,0,3,67301,1,,1,1,,N,N,,0,,0,0,0,9,2,Y,1900.0,1,2,0,0,0,0,0,3,4,0,1,3,,N,,,,,,,,,,,
2010122430,350.0,0,0,0,0,0,0,0,0,0,7,0,,67,11,2010,7,40.0133,-75.1736,346.0,6,0,0,0,0,0,0,0,0,,0,0,0,3.0,3,0,0,,0,40 00:47.752,,0,75 10:24.957,0,0,0,0,67301,0,0,0,N,0,0,0,1,67301,0,,2,1,,N,N,,0,,0,0,1,0,0,,341.0,0,1,0,0,1,0,0,3,4,0,1,3,,N,,,,,,,,,,,
2010122446,9999.0,1,0,0,0,0,0,0,0,0,5,0,,67,11,2010,1,39.9753,-75.1891,2003.0,6,0,0,0,0,0,1,0,0,,0,0,0,99.0,3,0,0,,0,39 58:31.008,,0,75 11:20.599,0,0,0,0,67301,0,0,0,,0,0,0,2,67301,0,,1,1,,,,,0,,0,0,0,3,2,,9999.0,0,2,0,0,0,0,0,3,4,1,2,3,,N,,,,,,,,,,,
2010122169,1431.0,0,0,0,0,0,0,1,0,0,4,1,,67,11,2010,4,39.9626,-75.2055,1426.0,6,0,0,0,0,0,1,0,0,,0,0,0,14.0,1,8,1,,0,39 57:45.375,,0,75 12:19.528,3,0,0,0,67301,0,0,0,N,0,0,0,19,67301,1,,1,1,,N,N,,0,,4,0,1,3,2,,1415.0,8,2,0,0,0,3,0,3,4,0,2,3,,N,,,,,,,,,,,
2010113780,2325.0,2,0,0,0,0,0,0,0,0,4,0,,67,10,2010,5,40.1235,-75.0152,2320.0,6,0,0,0,0,0,0,0,0,,0,0,0,22.0,3,0,0,,0,40 07:24.600,,7,75 00:54.660,0,0,0,0,67301,0,0,0,,0,0,0,2,67301,0,,1,1,,,,,0,,0,0,0,3,2,,2230.0,0,2,0,0,1,0,0,3,4,0,2,3,,N,,,,,,,,,,,
2010111456,945.0,1,0,0,0,0,0,0,0,0,4,0,,67,10,2010,2,40.0308,-75.0932,942.0,6,0,0,0,0,0,0,0,1,,0,0,0,9.0,1,1,1,,0,40 01:50.743,,0,75 05:35.516,4,0,0,0,67301,0,0,0,,0,0,0,2,67301,1,,1,1,,,,,0,,0,0,1,3,2,,940.0,1,2,0,0,0,0,0,3,4,0,2,3,,N,,,,,,,,,,,
2010069762,2205.0,1,0,0,0,0,0,0,0,0,4,0,,67,6,2010,6,40.0381,-75.2228,2200.0,6,0,1,0,0,0,0,0,0,,0,0,0,22.0,3,1,1,,0,40 02:16.960,,0,75 13:21.542,8,0,0,0,67301,0,0,0,N,0,0,0,4,67301,0,,1,1,,N,N,,1,,0,0,0,3,2,,2200.0,1,2,0,0,0,1,2,3,4,0,2,3,,N,,,,,,,,,,,
2010069779,1200.0,1,0,0,0,0,0,0,0,0,2,0,,67,6,2010,7,40.0846,-75.0477,1200.0,6,0,1,1,0,0,0,0,0,2.0,0,0,0,11.0,1,1,0,,1,40 05:04.501,1.0,0,75 02:51.635,4,0,0,0,67301,0,0,0,N,0,0,0,2,67301,1,,1,1,,N,N,,1,,0,0,0,0,0,Y,1155.0,1,2,0,0,0,0,0,3,4,0,2,3,,N,,,,,,,,,,,
2010069786,9999.0,0,0,0,0,0,0,0,0,0,1,0,,67,6,2010,2,40.011,-75.104,2330.0,6,0,0,0,0,0,0,0,0,,0,0,0,17.0,1,1,0,,0,40 00:39.680,,0,75 06:14.370,4,0,0,0,67301,0,0,0,N,0,0,0,2,67301,1,,1,1,,N,N,,2,,0,0,0,0,0,,1700.0,1,2,0,0,1,0,0,3,4,0,2,3,,N,,,,,,,,,,,
2010069260,1944.0,1,0,0,0,0,0,0,0,0,7,0,,67,6,2010,1,39.9916,-75.1957,1941.0,6,0,0,0,0,0,0,0,0,1.0,0,0,0,19.0,1,0,0,,1,39 59:29.659,2.0,0,75 11:44.602,0,0,0,0,67301,0,0,0,N,0,0,0,1,67301,0,,2,9,,N,N,,0,,0,0,0,0,0,N,1940.0,0,1,0,0,0,0,0,3,4,0,1,7,,N,,,,,,,,,,,
2010074438,2215.0,1,0,0,0,0,0,0,0,0,8,0,,67,7,2010,7,40.0341,-75.1765,2215.0,6,0,0,0,0,0,0,0,0,,0,0,0,22.0,3,1,1,,0,40 02:02.652,,0,75 10:35.500,4,0,0,0,67301,1,0,0,N,1,0,0,2,67301,1,,1,1,,N,N,,0,,0,0,0,3,2,,2210.0,1,2,0,0,0,0,0,3,4,0,1,3,,N,,,,,,,,,,,
2010081742,1813.0,1,0,0,0,0,0,0,0,0,4,0,,67,7,2010,4,40.0575,-75.0824,1810.0,6,0,0,0,0,0,1,0,0,,0,0,0,18.0,1,1,1,,0,40 03:26.974,,0,75 04:56.765,8,0,0,0,67301,0,0,0,N,0,0,0,2,67301,0,,1,1,,N,N,,0,,0,0,1,3,3,,1803.0,1,2,0,0,0,1,0,3,4,0,2,3,,N,,,,,,,,,,,
2010081750,1145.0,2,0,0,0,0,0,0,0,0,4,0,,67,7,2010,2,39.9123,-75.2445,1143.0,6,0,0,0,1,0,0,0,0,,0,0,0,11.0,1,3,1,,0,39 54:44.114,,0,75 14:40.073,4,0,0,0,67301,0,0,0,,0,0,0,4,67301,1,,1,1,,N,N,,0,,0,0,0,3,3,,1143.0,3,2,0,0,0,2,0,3,4,0,2,3,,N,,,,,,,,,,,
2010081773,350.0,1,0,0,0,0,0,0,0,0,4,0,,67,7,2010,1,39.9998,-75.1257,320.0,6,0,0,0,0,0,0,0,0,,0,0,0,3.0,3,0,1,,0,39 59:59.193,,0,75 07:32.671,0,0,0,0,67301,0,0,0,N,0,0,0,2,67301,0,,1,1,,N,N,,1,,0,0,0,0,0,,310.0,0,2,0,0,0,0,0,3,4,0,2,3,,N,,,,,,,,,,,
2010061679,1439.0,1,0,0,0,0,0,0,0,0,1,0,,67,6,2010,1,39.976,-75.1153,1432.0,6,0,0,0,0,0,0,0,0,,0,0,0,14.0,1,1,0,,0,39 58:36.566,,0,75 06:49.894,8,0,0,0,67301,0,0,0,N,0,0,0,6,68K01,0,,1,1,,N,N,,0,,0,0,1,0,0,,1430.0,1,2,0,0,0,1,2,3,4,0,2,3,,N,,,,,,,,,,,
2010070033,1431.0,2,0,0,0,0,0,0,0,0,4,0,,67,6,2010,6,40.0617,-75.0798,1424.0,6,0,0,0,0,0,0,0,0,,0,0,0,14.0,1,1,1,,0,40 03:42.148,,0,75 04:47.330,8,0,0,0,67301,0,0,0,N,0,0,0,2,67301,0,,1,9,,N,N,,1,,0,0,0,3,3,,1420.0,1,3,0,0,0,1,0,3,4,0,3,3,,N,,,,,,,,,,,
2010074658,9999.0,1,0,0,0,0,0,0,0,0,4,0,,67,7,2010,6,40.0197,-75.067,2120.0,6,0,0,0,0,0,0,0,0,,0,0,0,99.0,3,1,1,,0,40 01:10.772,,0,75 04:01.099,4,0,0,0,67301,0,0,0,N,0,0,0,3,67301,1,,1,1,,N,N,,1,,0,0,0,3,3,,9999.0,1,2,0,0,0,0,0,3,4,0,2,3,,N,,,,,,,,,,,
2010074668,2347.0,0,0,0,1,0,0,0,0,0,4,0,,67,7,2010,7,39.9507,-75.1504,2346.0,6,0,0,0,0,0,0,0,0,3.0,0,0,0,23.0,3,1,1,,1,39 57:02.546,3.0,0,75 09:01.347,8,0,0,0,67301,1,0,0,N,0,0,0,2,67301,0,,1,1,,N,N,,0,,0,0,1,3,2,N,2346.0,1,2,0,0,0,1,0,3,4,0,1,3,,N,,,,,,,,,,,
2010074671,1640.0,1,0,0,0,0,0,0,0,0,4,0,,67,7,2010,2,40.0202,-75.1505,1631.0,6,0,0,1,0,0,0,0,0,,0,0,0,15.0,1,0,1,,0,40 01:12.586,,0,75 09:01.958,0,0,0,0,67301,0,0,0,N,0,0,0,2,67301,0,,1,1,,N,N,,1,,0,0,0,3,2,,1545.0,0,2,0,0,0,0,0,3,4,0,2,3,,N,,,,,,,,,,,
2010027745,39.0,1,0,0,0,0,0,0,0,0,4,0,,67,3,2010,5,39.9217,-75.1901,39.0,6,0,0,0,0,0,0,0,0,1.0,0,0,0,0.0,3,0,1,,1,39 55:18.063,4.0,2,75 11:24.244,9,0,0,0,67301,0,0,0,N,0,0,0,2,68K01,0,,1,1,,N,N,,0,,0,0,0,3,2,N,15.0,0,2,0,0,0,0,1,3,4,0,2,3,,N,,,,,,,,,,,
2010030598,1253.0,2,0,0,0,0,0,0,0,0,5,0,,67,3,2010,4,40.0436,-75.003,1246.0,6,0,0,0,0,0,0,0,0,,0,0,0,12.0,1,1,0,,0,40 02:37.236,,0,75 00:10.768,4,0,0,0,67301,0,0,0,N,0,0,0,3,68K01,1,,1,1,,N,N,,0,,0,0,0,0,0,,1240.0,1,2,0,0,0,0,0,3,4,0,2,3,,N,,,,,,,,,,,