CRN,ARRIVAL_TM,AUTOMOBILE_COUNT,BELTED_DEATH_COUNT,BELTED_SUSP_SERIOUS_INJ_COUNT,BICYCLE_COUNT,BICYCLE_DEATH_COUNT,BICYCLE_SUSP_SERIOUS_INJ_COUNT,BUS_COUNT,CHLDPAS_DEATH_COUNT,CHLDPAS_SUSP_SERIOUS_INJ_COUNT,COLLISION_TYPE,COMM_VEH_COUNT,CONS_ZONE_SPD_LIM,COUNTY,CRASH_MONTH,CRASH_YEAR,DAY_OF_WEEK,DEC_LAT,DEC_LONG,DISPATCH_TM,DISTRICT,DRIVER_COUNT_16YR,DRIVER_COUNT_17YR,DRIVER_COUNT_18YR,DRIVER_COUNT_19YR,DRIVER_COUNT_20YR,DRIVER_COUNT_50_64YR,DRIVER_COUNT_65_74YR,DRIVER_COUNT_75PLUS,EST_HRS_CLOSED,FATAL_COUNT,HEAVY_TRUCK_COUNT,HORSE_BUGGY_COUNT,HOUR_OF_DAY,ILLUMINATION,INJURY_COUNT,INTERSECT_TYPE,INTERSECTION_RELATED,LANE_CLOSED,LATITUDE,LN_CLOSE_DIR,LOCATION_TYPE,LONGITUDE,MAX_SEVERITY_LEVEL,MCYCLE_DEATH_COUNT,MCYCLE_SUSP_SERIOUS_INJ_COUNT,MOTORCYCLE_COUNT,MUNICIPALITY,NONMOTR_COUNT,NONMOTR_DEATH_COUNT,NONMOTR_SUSP_SERIOUS_INJ_COUNT,NTFY_HIWY_MAINT,PED_COUNT,PED_DEATH_COUNT,PED_SUSP_SERIOUS_INJ_COUNT,PERSON_COUNT,POLICE_AGCY,POSSIBLE_INJ_COUNT,RDWY_SURF_TYPE_CD,RELATION_TO_ROAD,ROAD_CONDITION,ROADWAY_CLEARED,SCH_BUS_IND,SCH_ZONE_IND,SECONDARY_CRASH,SMALL_TRUCK_COUNT,SPEC_JURIS_CD,SUSP_MINOR_INJ_COUNT,SUSP_SERIOUS_INJ_COUNT,SUV_COUNT,TCD_FUNC_CD,TCD_TYPE,TFC_DETOUR_IND,TIME_OF_DAY,TOT_INJ_COUNT,TOTAL_UNITS,UNB_DEATH_COUNT,UNB_SUSP_SERIOUS_INJ_COUNT,UNBELTED_OCC_COUNT,UNK_INJ_DEG_COUNT,UNK_INJ_PER_COUNT,URBAN_AREA,URBAN_RURAL,VAN_COUNT,VEHICLE_COUNT,WEATHER1,WEATHER2,WORK_ZONE_IND,WORK_ZONE_LOC,WORK_ZONE_TYPE,WORKERS_PRES,WZ_CLOSE_DETOUR,WZ_FLAGGER,WZ_LAW_OFFCR_IND,WZ_LN_CLOSURE,WZ_MOVING,WZ_OTHER,WZ_SHLDER_MDN,WZ_WORKERS_INJ_KILLED
2010030706,1611.0,3,0,0,0,0,0,0,0,0,1,0,,67,3,2010,6,39.897,-75.1891,1606.0,6,0,0,0,0,0,0,0,0,1.0,0,0,0,16.0,1,0,0,,2,39 53:56.954,1.0,0,75 10:33.652,0,0,0,0,67301,0,0,0,N,0,0,0,4,68K01,0,,1,9,,N,N,,0,,0,0,0,0,0,N,1603.0,0,3,0,0,1,0,0,3,4,0,3,7,,N,,,,,,,,,,,
2010028067,2224.0,2,0,0,0,0,0,0,0,0,4,0,,67,2,2010,5,40.0031,-75.1773,9999.0,6,0,0,0,0,0,0,1,0,2.0,0,0,0,21.0,3,1,1,,1,40 00:11.177,2.0,0,75 10:38.108,8,0,0,0,67301,0,0,0,,0,0,0,2,67301,0,,1,1,,,,,0,,0,0,0,2,2,Y,2130.0,1,2,0,0,0,1,0,3,4,0,2,3,,N,,,,,,,,,,,
2010028111,1559.0,2,0,0,0,0,0,0,0,0,4,0,,67,2,2010,3,40.034,-75.0744,1542.0,6,0,0,0,1,0,1,0,0,1.0,0,0,0,15.0,1,1,1,,1,40 02:02.039,1.0,0,75 04:27.141,4,0,0,0,67301,0,0,0,N,0,0,0,2,67301,1,,1,1,,N,N,,0,,0,0,0,3,2,N,1535.0,1,2,0,0,0,0,0,3,4,0,2,3,,N,,,,,,,,,,,
2010028116,27.0,0,0,0,0,0,0,0,0,0,7,0,,67,2,2010,3,40.0973,-75.0128,24.0,6,0,0,0,1,0,0,0,0,3.0,0,0,0,0.0,3,2,0,,2,40 05:50.467,2.0,0,75 00:45.972,3,0,0,0,67301,0,0,0,N,0,0,0,2,67301,1,,1,6,,N,N,,0,,1,0,1,0,0,Y,23.0,2,1,0,0,1,0,0,3,4,0,1,10,,N,,,,,,,,,,,
2010028152,2133.0,1,0,0,1,0,0,0,0,0,4,0,,67,2,2010,3,39.9458,-75.1668,2123.0,6,0,0,0,0,0,0,0,0,,0,0,0,21.0,3,1,1,,0,39 56:44.732,,0,75 10:00.371,4,0,0,0,67301,1,0,0,N,0,0,0,2,67301,1,,1,9,,N,N,,0,,0,0,0,3,2,,2120.0,1,2,0,0,0,0,0,3,4,0,1,7,,N,,,,,,,,,,,
2010028159,1037.0,2,0,0,0,0,0,0,0,0,1,0,,67,1,2010,5,40.112,-74.9905,1027.0,6,0,0,0,0,0,1,0,0,,0,0,0,10.0,1,2,2,,0,40 06:43.349,,0,74 59:25.796,8,0,0,0,67301,0,0,0,N,0,0,0,4,67301,0,,1,1,,N,N,,0,,0,0,0,3,2,,1027.0,2,2,0,0,0,2,0,3,4,0,2,3,,N,,,,,,,,,,,
2010028236,1713.0,0,0,0,0,0,0,0,0,0,5,1,,67,1,2010,6,39.9073,-75.2282,1713.0,6,0,0,0,0,0,0,0,0,,0,1,0,17.0,4,1,2,,0,39 54:26.168,,0,75 13:41.483,4,0,0,0,67301,0,0,0,N,0,0,0,3,67301,1,,1,1,,N,N,,0,,0,0,1,3,3,,1710.0,1,2,0,0,0,0,0,3,4,0,2,3,,N,,,,,,,,,,,
2010028241,750.0,2,0,0,0,0,0,0,0,0,4,0,,67,1,2010,3,40.0961,-74.9766,747.0,6,0,0,0,0,0,0,0,0,2.0,0,0,0,7.0,1,1,0,,1,40 05:46.090,2.0,0,74 58:35.744,4,0,0,0,67301,0,0,0,,0,0,0,2,67301,1,,1,1,,N,N,,0,,0,0,0,3,2,N,745.0,1,2,0,0,0,0,0,3,4,0,2,3,,N,,,,,,,,,,,
2010028300,1002.0,0,0,0,0,0,0,0,0,0,0,0,,67,2,2010,5,40.0183,-75.1684,958.0,6,0,0,0,0,0,0,0,0,2.0,0,0,0,9.0,1,1,0,,2,40 01:05.801,3.0,0,75 10:06.378,4,0,0,0,67301,0,0,0,N,0,0,0,1,67301,1,,1,9,,N,N,,0,,0,0,1,3,8,N,954.0,1,1,0,0,0,0,0,3,4,0,1,10,,N,,,,,,,,,,,
2010036545,1459.0,1,0,0,0,0,0,0,0,0,7,0,,67,4,2010,7,39.9822,-75.1008,1446.0,6,0,0,0,0,0,0,0,0,,0,0,0,14.0,1,0,0,,0,39 58:56.075,,0,75 06:02.814,0,0,0,0,67301,0,0,0,N,0,0,0,2,68K01,0,,3,1,,N,N,,0,,0,0,0,0,0,,1445.0,0,1,0,0,0,0,0,3,4,0,1,3,,N,,,,,,,,,,,
2010088722,1617.0,2,0,0,0,0,0,0,0,0,2,0,99.0,67,8,2010,2,40.0371,-75.0112,1612.0,6,0,0,0,0,0,0,0,0,9.0,0,0,0,16.0,1,2,1,,1,40 02:13.039,5.0,0,75 00:41.011,4,0,0,0,67301,0,0,0,,0,0,0,2,67301,2,,1,1,,,,,0,,0,0,0,3,2,N,1605.0,2,2,0,0,0,0,0,3,4,0,2,3,,Y,8.0,1.0,N,U,U,N,Y,U,U,U,
2010088839,826.0,1,0,0,0,0,0,0,0,0,6,0,,67,8,2010,1,39.9625,-75.2068,825.0,6,0,0,0,0,0,1,0,0,,0,0,0,8.0,3,1,1,,0,39 57:45.000,,0,75 12:24.119,8,0,0,0,67301,0,0,0,N,0,0,0,2,67301,0,,1,1,,N,N,,0,,0,0,0,0,0,,820.0,1,2,0,0,1,1,0,3,4,1,2,3,,N,,,,,,,,,,,
2010088877,1349.0,1,0,0,0,0,0,0,0,0,1,0,,67,8,2010,3,39.904,-75.2401,1347.0,6,0,0,0,0,0,0,0,0,9.0,0,0,0,13.0,1,1,1,,1,39 54:14.563,2.0,0,75 14:24.409,8,0,0,0,67301,0,0,0,N,0,0,0,2,67301,0,,1,1,,N,N,,0,,0,0,0,3,2,N,1341.0,1,2,0,0,0,1,0,3,4,1,2,3,,N,,,,,,,,,,,
2010087996,1443.0,1,0,0,0,0,0,0,0,0,5,0,,67,9,2010,5,40.0568,-75.0468,1428.0,6,0,0,0,0,1,0,0,0,2.0,0,0,0,14.0,1,1,0,,2,40 03:24.647,2.0,0,75 02:48.328,8,0,0,0,67301,0,0,0,N,0,0,0,3,67301,0,,1,1,,N,N,,0,,0,0,1,0,0,N,1427.0,1,2,0,0,0,1,0,3,4,0,2,3,,N,,,,,,,,,,,
2010103060,1737.0,0,0,0,0,0,0,0,0,0,8,0,,67,9,2010,4,39.937,-75.1751,1735.0,6,0,0,0,0,0,0,0,0,,0,0,0,17.0,1,1,1,,0,39 56:13.246,,0,75 10:30.496,8,0,0,0,67301,1,0,0,N,1,0,0,2,67301,0,,1,1,,N,N,,0,,0,0,1,0,0,,1730.0,1,2,0,0,0,1,1,3,4,0,1,3,,N,,,,,,,,,,,
2010125099,1415.0,1,0,0,0,0,0,0,0,0,1,0,,67,11,2010,2,40.0475,-75.1428,1402.0,6,0,0,0,0,0,1,0,0,,0,0,0,13.0,1,1,1,,0,40 02:50.960,,0,75 08:34.014,8,0,0,0,67301,0,0,0,N,0,0,0,2,67301,0,,1,9,,N,N,,0,,0,0,0,3,2,,1355.0,1,2,0,0,0,1,0,3,4,1,2,3,,N,,,,,,,,,,,
2010125114,1640.0,2,0,0,0,0,0,0,0,0,5,0,,67,9,2010,7,40.0303,-75.159,1636.0,6,0,0,0,0,0,0,0,1,,0,0,0,15.0,1,1,2,,0,40 01:49.182,,0,75 09:32.498,8,0,0,0,67301,0,0,0,N,0,0,0,2,67301,0,,1,1,,N,N,,0,,0,0,0,9,3,,1553.0,1,2,0,0,0,1,1,3,4,0,2,3,,N,,,,,,,,,,,
2010117927,36.0,1,0,0,0,0,0,0,0,0,8,0,,67,11,2010,4,39.9702,-75.1597,30.0,6,0,0,0,0,0,0,0,0,,0,0,0,99.0,1,1,1,,0,39 58:12.850,,0,75 09:35.188,8,0,0,0,67301,1,0,0,N,1,0,0,2,67301,0,,9,1,,N,N,,0,,0,0,0,9,2,,9999.0,1,2,0,0,0,1,1,3,4,0,1,3,,N,,,,,,,,,,,
2010114754,2346.0,1,0,0,0,0,0,0,0,0,7,0,,67,10,2010,4,39.9693,-75.1273,2336.0,6,0,0,0,0,0,0,0,0,1.0,0,0,0,23.0,3,1,0,,1,39 58:08.801,2.0,0,75 07:38.975,4,0,0,0,67301,0,0,0,N,0,0,0,2,68K01,1,,4,1,,N,N,,0,,0,0,0,0,0,N,2334.0,1,1,0,0,0,0,1,3,4,0,1,3,,N,,,,,,,,,,,
2010112422,9999.0,1,0,0,0,0,0,0,0,0,6,0,,67,10,2010,5,39.999,-75.148,9999.0,6,0,0,0,0,0,0,0,0,2.0,0,0,0,99.0,1,1,2,,2,39 59:56.385,4.0,0,75 08:52.882,8,0,0,0,67301,0,0,0,N,0,0,0,3,67301,0,,1,1,,N,N,,0,,0,0,1,3,3,Y,9999.0,1,3,0,0,0,1,0,3,4,1,3,3,,N,,,,,,,,,,,
2010005375,505.0,1,0,0,0,0,0,0,0,0,7,0,,67,1,2010,6,39.9004,-75.1563,449.0,6,0,0,0,0,0,0,0,0,2.0,0,0,0,4.0,3,0,0,,1,39 54:06.536,1.0,0,75 09:05.702,0,0,0,0,67301,0,0,0,N,0,0,0,2,68K01,0,,2,9,,N,N,,0,,0,0,0,0,0,N,440.0,0,1,0,0,0,0,0,3,4,0,1,3,,N,,,,,,,,,,,
2010040122,2321.0,1,0,0,0,0,0,0,0,0,7,0,,67,4,2010,1,39.9599,-75.1794,2309.0,6,0,1,0,0,0,0,0,0,,0,0,0,22.0,3,0,0,,0,39 57:35.829,,0,75 10:45.845,0,0,0,0,67301,0,0,0,N,0,0,0,2,68K01,0,,7,9,,N,N,,0,,0,0,0,0,0,,2259.0,0,1,0,0,0,0,0,3,4,0,1,7,,N,,,,,,,,,,,
2010070685,235.0,1,0,0,0,0,0,0,0,0,4,0,,67,6,2010,7,40.0406,-75.1698,231.0,6,0,0,0,0,0,0,0,0,,0,0,0,2.0,3,1,5,,0,40 02:26.242,,0,75 10:11.315,4,0,0,0,67301,0,0,0,N,0,0,0,2,67301,1,,7,1,,N,N,,0,,0,0,1,9,2,,228.0,1,2,0,0,0,0,0,3,4,0,2,3,,N,,,,,,,,,,,
2010067968,1409.0,0,0,0,0,0,0,0,0,0,4,0,,67,6,2010,5,40.0359,-75.1266,1402.0,6,0,0,0,0,0,0,0,0,1.0,0,0,0,14.0,1,1,1,,1,40 02:09.349,6.0,0,75 07:35.780,8,0,0,0,67301,0,0,0,N,0,0,0,2,67301,0,,1,1,,N,N,,0,,0,0,1,3,3,N,1400.0,1,2,0,0,0,1,0,3,4,1,2,3,,N,,,,,,,,,,,
2010073314,1109.0,0,0,0,0,0,0,0,0,0,8,0,,67,5,2010,4,39.9697,-75.213,1107.0,6,0,0,0,0,0,0,0,0,,0,0,0,10.0,1,1,3,,0,39 58:10.962,,0,75 12:46.614,3,0,0,0,67301,1,0,0,N,1,0,0,2,67301,0,,1,1,,N,N,,1,,1,0,0,0,0,,1043.0,1,2,0,0,0,0,0,3,4,0,1,3,,N,,,,,,,,,,,
2010070755,837.0,2,0,0,0,0,0,0,0,0,4,0,,67,6,2010,4,40.0246,-75.1306,837.0,6,0,0,0,0,0,1,0,0,1.0,0,0,0,8.0,1,2,5,,1,40 01:28.408,3.0,0,75 07:50.218,4,0,0,0,67301,0,0,0,N,0,0,0,5,67301,2,,1,1,,N,N,,0,,0,0,0,3,2,N,830.0,2,2,0,0,0,0,0,3,4,0,2,3,,N,,,,,,,,,,,
2010070778,1615.0,2,0,0,0,0,0,0,0,0,1,0,,67,6,2010,4,40.1189,-75.018,1611.0,6,0,0,0,0,0,0,0,0,1.0,0,0,0,15.0,1,1,1,,1,40 07:07.965,2.0,0,75 01:05.114,4,0,0,0,67301,0,0,0,,0,0,0,3,67301,1,,1,1,,,,,0,,0,0,0,3,2,Y,1556.0,1,2,0,0,1,0,0,3,4,0,2,3,,N,,,,,,,,,,,
2010051275,2047.0,1,0,0,0,0,0,0,0,0,7,0,,67,5,2010,3,39.9264,-75.1946,2046.0,6,0,0,0,0,0,0,0,0,2.0,0,0,0,20.0,2,1,0,,1,39 55:37.582,3.0,0,75 11:42.983,3,0,0,0,67301,0,0,0,N,0,0,0,1,68K01,0,,1,9,,N,N,,0,,1,0,0,0,0,N,2043.0,1,1,0,0,0,0,0,3,4,0,1,7,,N,,,,,,,,,,,
2010062668,1935.0,1,0,0,0,0,0,0,0,0,8,0,,67,5,2010,3,39.927,-75.1803,1933.0,6,0,0,0,0,0,0,0,0,,0,0,0,19.0,1,1,0,,0,39 55:37.171,,0,75 10:49.213,4,0,0,0,67301,1,0,0,N,1,0,0,2,67301,1,,1,1,,N,N,,0,,0,0,0,0,0,,1900.0,1,2,0,0,0,0,0,3,4,0,1,3,,N,,,,,,,,,,,
2010062707,942.0,2,0,0,0,0,0,0,0,0,4,0,,67,6,2010,4,39.9746,-75.1992,940.0,6,0,0,0,0,0,2,0,0,,0,0,0,9.0,1,0,2,,0,39 58:28.663,,2,75 11:57.118,0,0,0,0,67301,0,0,0,N,0,0,0,2,67301,0,,1,1,,N,N,,0,,0,0,0,0,0,,940.0,0,2,0,0,0,0,0,3,4,0,2,3,,N,,,,,,,,,,,
2010059539,2010.0,2,0,0,0,0,0,0,0,0,4,0,,67,5,2010,3,40.031,-75.1288,2005.0,6,0,0,0,0,0,1,0,0,,0,0,0,19.0,1,2,1,,0,40 01:51.513,,0,75 07:43.510,4,0,0,0,67301,0,0,0,N,0,0,0,3,67301,2,,1,1,,N,N,,0,,0,0,0,3,3,,1900.0,2,2,0,0,2,0,0,3,4,0,2,3,,N,,,,,,,,,,,
2010048938,1515.0,2,0,0,0,0,0,0,0,0,6,0,,67,4,2010,1,40.0189,-75.1472,1447.0,6,0,0,1,0,0,0,0,0,2.0,0,0,0,14.0,1,1,1,,2,40 01:08.216,4.0,0,75 08:49.391,8,0,0,0,67301,0,0,0,,0,0,0,2,67301,0,,1,1,,,,,0,,0,0,0,3,2,N,1420.0,1,2,0,0,0,1,1,3,4,0,2,3,,N,,,,,,,,,,,
2010052203,905.0,2,0,0,0,0,0,0,0,0,4,0,,67,4,2010,2,39.9893,-75.2356,900.0,6,0,0,0,0,0,0,0,0,,0,0,0,8.0,1,1,1,,0,39 59:21.562,,0,75 14:08.332,4,0,0,0,67301,0,0,0,N,0,0,0,5,67301,1,,1,9,,N,N,,0,,0,0,0,3,3,,823.0,1,2,0,0,0,0,0,3,4,0,2,7,,N,,,,,,,,,,,
2010117755,1407.0,1,0,0,0,0,0,0,0,0,8,0,,67,10,2010,1,39.9271,-75.1524,1402.0,6,0,0,0,0,0,0,0,0,,0,0,0,14.0,1,1,1,,0,39 55:37.668,,0,75 09:08.607,8,0,0,0,67301,1,0,0,N,1,0,0,2,67301,0,,1,1,,N,N,,0,,0,0,0,3,3,,1400.0,1,2,0,0,0,1,0,3,4,0,1,3,,N,,,,,,,,,,,
2010117837,2320.0,2,0,0,0,0,0,0,0,0,4,0,,67,10,2010,6,40.0227,-75.1367,2315.0,6,0,0,0,1,0,0,0,0,2.0,0,0,0,23.0,3,2,1,,2,40 01:21.612,1.0,0,75 08:12.364,3,0,0,0,67301,0,0,0,,0,0,0,4,67301,1,,1,1,,,,,0,,1,0,0,3,2,Y,2313.0,2,2,0,0,0,0,0,3,4,0,2,3,,N,,,,,,,,,,,
2010121851,1505.0,0,0,0,0,0,0,1,0,0,4,1,,67,11,2010,3,40.0429,-75.1043,1455.0,6,0,0,0,0,0,1,0,1,,0,0,0,14.0,1,1,0,,0,40 02:34.592,,0,75 06:15.368,8,0,0,0,67301,0,0,0,,0,0,0,3,67301,0,,1,1,,,,,0,,0,0,0,0,0,,1450.0,1,2,0,0,0,1,0,3,4,1,2,3,,N,,,,,,,,,,,
2010122448,241.0,4,0,0,0,0,0,0,0,0,1,0,,67,11,2010,1,39.9452,-75.1418,239.0,6,0,0,0,0,0,0,0,0,2.0,0,0,0,2.0,3,0,1,,1,39 56:42.480,2.0,0,75 08:31.320,0,0,0,0,67301,0,0,0,N,0,0,0,4,67301,0,,1,1,,N,N,,0,,0,0,0,3,2,N,235.0,0,4,0,0,0,0,0,3,4,0,4,3,,N,,,,,,,,,,,
2010113776,2246.0,1,0,0,0,0,0,0,0,0,7,0,,67,10,2010,1,39.9182,-75.2089,2245.0,6,0,0,0,0,0,0,0,0,9.0,0,0,0,22.0,3,0,1,,2,39 55:05.900,4.0,0,75 12:31.948,0,0,0,0,67301,0,0,0,N,0,0,0,1,67301,0,,2,9,,N,N,,0,,0,0,0,3,2,N,2245.0,0,1,0,0,0,0,0,3,4,0,1,7,,N,,,,,,,,,,,
2010113818,1205.0,2,0,0,0,0,0,0,0,0,4,0,,67,10,2010,1,40.0415,-75.0879,1202.0,6,0,0,0,1,0,0,0,0,3.0,0,0,0,12.0,1,1,1,,1,40 02:29.338,1.0,0,75 05:16.364,3,0,0,0,67301,0,0,0,N,0,0,0,3,67301,0,,1,9,,N,N,,0,,1,0,0,1,2,Y,1200.0,1,2,0,0,1,0,0,3,4,0,2,3,,N,,,,,,,,,,,
2010113837,2120.0,1,0,0,0,0,0,0,0,0,4,0,,67,10,2010,3,40.0808,-75.0284,2100.0,6,0,0,0,0,0,1,0,0,2.0,0,0,0,21.0,2,1,5,,2,40 04:50.449,1.0,0,75 01:42.488,8,0,0,0,67301,0,0,0,N,0,0,0,2,67301,0,,1,1,,N,N,,0,,0,0,1,3,2,N,2110.0,1,2,0,0,0,1,0,3,4,0,2,3,,N,,,,,,,,,,,
2010111463,1355.0,2,0,0,0,0,0,0,0,0,4,0,,67,10,2010,3,40.0641,-75.0636,345.0,6,0,0,0,0,0,2,0,0,,0,0,0,13.0,1,2,2,,0,40 03:50.698,,0,75 03:48.959,4,0,0,0,67301,0,0,0,,0,0,0,2,67301,2,,1,9,,,,,0,,0,0,0,3,3,,1337.0,2,2,0,0,1,0,0,3,4,0,2,7,,N,,,,,,,,,,,
2010069269,1206.0,2,0,0,0,0,0,0,0,0,1,0,,67,6,2010,4,40.0314,-75.1548,1200.0,6,0,0,0,0,0,0,1,0,,0,0,0,99.0,1,0,1,,0,40 01:53.151,,0,75 09:17.114,9,0,0,0,67301,0,0,0,N,0,0,0,2,67301,0,,1,1,,,,,0,,0,0,0,3,2,,9999.0,0,2,0,0,0,0,2,3,4,0,2,3,,N,,,,,,,,,,,
2010074448,811.0,0,0,0,0,0,0,0,0,0,7,0,,67,7,2010,5,39.9907,-75.148,805.0,6,0,0,0,0,0,0,0,0,,0,0,0,8.0,1,1,0,,0,39 59:26.392,,0,75 08:52.801,8,0,0,0,67301,0,0,0,N,0,0,0,1,67301,0,,5,1,,N,N,,0,,0,0,1,0,0,,800.0,1,1,0,0,0,1,0,3,4,0,1,3,,N,,,,,,,,,,,
2010081953,1620.0,2,0,0,0,0,0,0,0,0,4,0,,67,7,2010,6,39.9447,-75.1809,1620.0,6,1,0,0,0,0,0,1,0,,0,0,0,15.0,1,2,2,,0,39 56:40.833,,0,75 10:51.355,8,0,0,0,67301,0,0,0,,0,0,0,3,67301,0,,1,1,,,,,0,,0,0,0,0,0,,1540.0,2,2,0,0,0,2,0,3,4,0,2,3,,N,,,,,,,,,,,
2010081971,2035.0,1,0,0,0,0,0,0,0,0,8,0,,67,7,2010,2,40.0247,-75.156,2030.0,6,0,0,0,0,0,0,0,0,,0,0,0,99.0,1,2,2,,0,40 01:28.956,,0,75 09:21.661,8,0,0,0,67301,2,0,0,N,2,0,0,3,67301,0,,4,9,,N,N,,0,,0,0,0,3,3,,9999.0,2,3,0,0,0,2,1,3,4,0,1,3,,N,,,,,,,,,,,
2010081972,1126.0,2,0,0,0,0,0,0,0,0,4,0,,67,7,2010,2,40.0296,-75.1018,1121.0,6,0,0,0,0,1,1,0,0,1.0,0,0,0,11.0,1,2,0,,2,40 01:46.713,2.0,7,75 06:06.701,4,0,0,0,67301,0,0,0,,0,0,0,3,67301,2,,1,1,,N,N,,0,,0,0,1,3,2,N,1120.0,2,3,0,0,1,0,0,3,4,0,3,3,,N,,,,,,,,,,,
2010071530,1710.0,1,0,0,0,0,0,0,0,0,4,0,,67,6,2010,1,40.1288,-75.0137,1705.0,6,0,0,0,1,0,0,0,0,2.0,0,0,0,17.0,1,2,1,,1,40 07:43.802,1.0,0,75 00:49.406,3,0,0,0,67301,0,0,0,N,0,0,0,3,67301,0,,1,1,,N,N,,0,,1,0,0,3,2,Y,1700.0,2,2,0,0,0,1,0,3,4,1,2,3,,N,,,,,,,,,,,
2010081777,1435.0,2,0,0,0,0,0,0,0,0,4,0,,67,7,2010,1,39.9571,-75.1511,1430.0,6,0,0,0,0,0,0,0,1,2.0,0,0,0,14.0,1,2,5,,1,39 57:25.688,1.0,2,75 09:03.847,4,0,0,0,67301,0,0,0,N,0,0,0,3,67301,2,,1,1,,N,N,,0,,0,0,0,3,2,Y,1430.0,2,2,0,0,0,0,0,3,4,0,2,3,,N,,,,,,,,,,,
2010069918,1824.0,0,0,0,0,0,0,0,0,0,8,0,,67,6,2010,6,39.9622,-75.2258,1824.0,6,0,0,0,0,0,1,0,0,9.0,0,0,0,18.0,1,1,0,,2,39 57:44.042,1.0,0,75 13:32.836,3,0,0,0,67301,1,0,0,N,1,0,0,6,67301,0,,1,1,,N,N,,0,,1,0,0,0,0,N,1823.0,1,2,0,0,0,0,0,3,4,1,1,3,,N,,,,,,,,,,,
2010069937,904.0,1,0,0,0,0,0,0,0,0,4,0,,67,6,2010,6,40.064,-75.0596,901.0,6,0,0,0,0,0,1,0,0,,0,0,0,9.0,1,2,1,,0,40 03:50.306,,0,75 03:34.568,4,0,0,0,67301,0,0,0,N,0,0,0,2,67301,2,,1,1,,N,N,,0,,0,0,1,0,0,,900.0,2,2,0,0,0,0,0,3,4,0,2,3,,N,,,,,,,,,,,
2010070044,1235.0,1,0,0,0,0,0,0,0,0,1,0,,67,6,2010,7,40.0759,-75.0728,1225.0,6,0,0,0,1,0,1,0,0,,0,0,0,12.0,1,0,1,,0,40 04:33.118,,0,75 04:22.284,0,0,0,0,67301,0,0,0,N,0,0,0,5,67301,0,,1,1,,N,N,,1,,0,0,0,0,0,,1210.0,0,2,0,0,0,0,0,3,4,0,2,3,,N,,,,,,,,,,,
2010074656,725.0,2,0,0,0,0,0,0,0,0,4,0,,67,7,2010,1,40.0189,-75.0495,720.0,6,0,0,0,0,0,0,0,0,,0,0,0,7.0,1,4,1,,0,40 01:08.120,,0,75 02:58.216,4,0,0,0,67301,0,0,0,N,0,0,0,6,67301,4,,1,1,,N,N,,0,,0,0,0,3,3,,700.0,4,2,0,0,0,0,0,3,4,0,2,3,,N,,,,,,,,,,,
2010099823,1555.0,0,0,0,1,0,0,1,0,0,4,1,,67,9,2010,6,40.05,-75.0837,1549.0,6,0,0,0,0,0,0,0,0,,0,0,0,15.0,1,1,0,,0,40 03:00.033,,7,75 05:01.172,8,0,0,0,67301,1,0,0,N,0,0,0,2,67301,0,,1,1,,N,N,,0,,0,0,0,0,0,,1534.0,1,2,0,0,0,1,0,3,4,0,1,3,,N,,,,,,,,,,,
2010099830,1700.0,2,0,0,0,0,0,0,0,0,4,0,,67,9,2010,6,40.0306,-75.1661,1657.0,6,0,0,0,0,0,0,0,0,,0,0,0,16.0,4,1,2,,0,40 01:50.167,,0,75 09:58.064,4,0,0,0,67301,0,0,0,N,0,0,0,1,67301,1,,1,1,,N,N,,0,,0,0,0,3,3,,1656.0,1,2,0,0,0,0,0,3,4,0,2,3,,N,,,,,,,,,,,
2010110721,1505.0,1,0,0,0,0,0,0,0,0,1,0,,67,10,2010,5,39.9596,-75.1957,1505.0,6,0,0,0,0,0,0,0,0,,0,0,0,14.0,1,1,1,,0,39 57:35.036,,0,75 11:45.125,4,0,0,0,67301,0,0,0,N,0,0,0,2,67301,1,,1,98,,N,N,,0,,0,0,1,3,2,,1445.0,1,2,0,0,0,0,0,3,4,0,2,7,,N,,,,,,,,,,,
2010118091,1715.0,2,0,0,0,0,0,0,0,0,4,0,,67,11,2010,7,40.0294,-75.0546,1707.0,6,0,0,0,0,0,1,0,0,,0,0,0,99.0,1,1,1,,0,40 01:45.850,,0,75 03:16.505,4,0,0,0,67301,0,0,0,N,0,0,0,3,67301,1,,1,1,,N,N,,0,,0,0,0,3,3,,9999.0,1,2,0,0,0,0,0,3,4,0,2,3,,N,,,,,,,,,,,
2010102419,1346.0,2,0,0,0,0,0,0,0,0,5,0,,67,9,2010,3,39.9975,-75.1193,1344.0,6,0,0,0,0,0,1,0,1,,0,0,0,13.0,1,1,0,,0,39 59:50.830,,0,75 07:09.410,8,0,0,0,67301,0,0,0,N,0,0,0,2,67301,0,,1,1,,N,N,,0,,0,0,1,0,0,,1340.0,1,3,0,0,0,1,0,3,4,0,3,3,,N,,,,,,,,,,,
2010102477,1618.0,2,0,0,0,0,0,0,0,0,4,0,,67,9,2010,7,39.9532,-75.17,1617.0,6,0,0,0,0,0,0,0,0,,0,0,0,15.0,1,0,1,,0,39 57:11.460,,0,75 10:12.185,9,0,0,0,67301,0,0,0,N,0,0,0,5,67301,0,,1,1,,N,N,,0,,0,0,0,3,2,,1540.0,0,2,0,0,0,0,1,3,4,0,2,3,,N,,,,,,,,,,,