CRN,ARRIVAL_TM,AUTOMOBILE_COUNT,BELTED_DEATH_COUNT,BELTED_SUSP_SERIOUS_INJ_COUNT,BICYCLE_COUNT,BICYCLE_DEATH_COUNT,BICYCLE_SUSP_SERIOUS_INJ_COUNT,BUS_COUNT,CHLDPAS_DEATH_COUNT,CHLDPAS_SUSP_SERIOUS_INJ_COUNT,COLLISION_TYPE,COMM_VEH_COUNT,CONS_ZONE_SPD_LIM,COUNTY,CRASH_MONTH,CRASH_YEAR,DAY_OF_WEEK,DEC_LAT,DEC_LONG,DISPATCH_TM,DISTRICT,DRIVER_COUNT_16YR,DRIVER_COUNT_17YR,DRIVER_COUNT_18YR,DRIVER_COUNT_19YR,DRIVER_COUNT_20YR,DRIVER_COUNT_50_64YR,DRIVER_COUNT_65_74YR,DRIVER_COUNT_75PLUS,EST_HRS_CLOSED,FATAL_COUNT,HEAVY_TRUCK_COUNT,HORSE_BUGGY_COUNT,HOUR_OF_DAY,ILLUMINATION,INJURY_COUNT,INTERSECT_TYPE,INTERSECTION_RELATED,LANE_CLOSED,LATITUDE,LN_CLOSE_DIR,LOCATION_TYPE,LONGITUDE,MAX_SEVERITY_LEVEL,MCYCLE_DEATH_COUNT,MCYCLE_SUSP_SERIOUS_INJ_COUNT,MOTORCYCLE_COUNT,MUNICIPALITY,NONMOTR_COUNT,NONMOTR_DEATH_COUNT,NONMOTR_SUSP_SERIOUS_INJ_COUNT,NTFY_HIWY_MAINT,PED_COUNT,PED_DEATH_COUNT,PED_SUSP_SERIOUS_INJ_COUNT,PERSON_COUNT,POLICE_AGCY,POSSIBLE_INJ_COUNT,RDWY_SURF_TYPE_CD,RELATION_TO_ROAD,ROAD_CONDITION,ROADWAY_CLEARED,SCH_BUS_IND,SCH_ZONE_IND,SECONDARY_CRASH,SMALL_TRUCK_COUNT,SPEC_JURIS_CD,SUSP_MINOR_INJ_COUNT,SUSP_SERIOUS_INJ_COUNT,SUV_COUNT,TCD_FUNC_CD,TCD_TYPE,TFC_DETOUR_IND,TIME_OF_DAY,TOT_INJ_COUNT,TOTAL_UNITS,UNB_DEATH_COUNT,UNB_SUSP_SERIOUS_INJ_COUNT,UNBELTED_OCC_COUNT,UNK_INJ_DEG_COUNT,UNK_INJ_PER_COUNT,URBAN_AREA,URBAN_RURAL,VAN_COUNT,VEHICLE_COUNT,WEATHER1,WEATHER2,WORK_ZONE_IND,WORK_ZONE_LOC,WORK_ZONE_TYPE,WORKERS_PRES,WZ_CLOSE_DETOUR,WZ_FLAGGER,WZ_LAW_OFFCR_IND,WZ_LN_CLOSURE,WZ_MOVING,WZ_OTHER,WZ_SHLDER_MDN,WZ_WORKERS_INJ_KILLED
2010102481,1732.0,2,0,0,0,0,0,0,0,0,4,0,,67,9,2010,7,39.9474,-75.1576,1730.0,6,0,0,0,0,0,0,0,0,,0,0,0,17.0,1,2,1,,0,39 56:50.467,,0,75 09:27.482,4,0,0,0,67301,0,0,0,N,0,0,0,2,67301,2,,1,1,,N,N,,0,,0,0,0,3,2,,1727.0,2,2,0,0,0,0,0,3,4,0,2,3,,N,,,,,,,,,,,
2010102517,329.0,2,0,0,0,0,0,0,0,0,1,0,,67,9,2010,3,40.034,-75.0744,327.0,6,0,0,0,0,0,0,0,0,1.0,0,0,0,3.0,3,0,1,,1,40 02:02.361,1.0,0,75 04:27.863,0,0,0,0,67301,0,0,0,N,0,0,0,2,67301,0,,1,1,,N,N,,0,,0,0,0,3,2,N,325.0,0,2,0,0,0,0,0,3,4,0,2,3,,N,,,,,,,,,,,
2010113296,1349.0,2,0,0,0,0,0,0,0,0,4,0,,67,10,2010,5,40.0956,-75.0259,1349.0,6,0,0,0,0,0,1,0,0,,0,0,0,13.0,1,1,0,,0,40 05:44.164,,0,75 01:33.415,4,0,0,0,67301,0,0,0,N,0,0,0,5,67301,1,,1,1,,N,N,,0,,0,0,0,0,0,,1340.0,1,2,0,0,0,0,0,3,4,0,2,3,,N,,,,,,,,,,,
2010105076,2335.0,1,0,0,0,0,0,0,0,0,1,0,,67,9,2010,7,40.0889,-74.9694,2328.0,6,0,0,0,0,1,0,0,0,,0,0,0,23.0,3,2,0,,0,40 05:19.875,,7,74 58:09.971,4,0,0,0,67301,0,0,0,N,0,0,0,6,67301,2,,1,1,,N,N,,0,,0,0,1,3,2,,2315.0,2,2,0,0,0,0,0,3,4,0,2,3,,N,,,,,,,,,,,
2010105108,1317.0,1,0,0,0,0,0,0,0,0,7,0,,67,9,2010,3,40.1091,-74.999,1314.0,6,0,0,0,0,0,1,0,0,1.0,0,0,0,13.0,1,0,0,,1,40 06:31.869,3.0,2,74 59:52.925,0,0,0,0,67301,0,0,0,N,0,0,0,1,67301,0,,3,9,,N,N,,0,,0,0,0,0,0,N,1311.0,0,1,0,0,0,0,0,3,4,0,1,7,,N,,,,,,,,,,,
2010123486,1521.0,2,0,0,0,0,0,0,0,0,1,0,,67,11,2010,5,39.9269,-75.1468,1516.0,6,0,0,0,0,0,0,0,0,1.0,0,0,0,15.0,1,3,0,,2,39 55:36.401,2.0,0,75 08:48.644,3,0,0,0,67301,0,0,0,N,0,0,0,5,68K01,1,,1,9,,N,N,,0,,2,0,0,0,0,N,1515.0,3,2,0,0,0,0,0,3,4,0,2,7,,N,,,,,,,,,,,
2010107701,1729.0,1,0,0,0,0,0,0,0,0,1,0,,67,10,2010,7,39.9325,-75.2,1716.0,6,0,0,0,0,0,0,0,0,,0,0,0,17.0,4,0,6,,0,39 56:18.041,,2,75 11:51.584,0,0,0,0,67301,0,0,0,N,0,0,0,7,68K01,0,,1,1,,N,N,,1,,0,0,0,3,4,,1713.0,0,2,0,0,0,0,0,3,4,0,2,3,,N,,,,,,,,,,,
2010034131,1415.0,2,0,0,0,0,0,0,0,0,4,0,,67,3,2010,4,40.0294,-75.0546,1409.0,6,0,1,0,0,0,0,0,0,,0,0,0,14.0,1,2,2,,0,40 01:45.850,,0,75 03:16.505,4,0,0,0,67301,0,0,0,,0,0,0,3,67301,2,,1,1,,,,,0,,0,0,0,3,3,,1400.0,2,2,0,0,0,0,0,3,4,0,2,3,,N,,,,,,,,,,,
2010039220,1000.0,3,0,0,0,0,0,0,0,0,8,0,,67,3,2010,4,39.9931,-75.1482,950.0,6,0,0,0,1,0,0,0,0,,0,0,0,9.0,1,1,0,,0,39 59:35.226,,0,75 08:53.532,8,0,0,0,67301,3,0,0,,1,0,0,4,67301,0,,1,9,,,,,0,,0,0,0,0,0,,946.0,1,4,0,0,0,1,0,3,4,0,3,3,,N,,,,,,,,,,,
2010078296,9999.0,1,0,0,0,0,0,0,0,0,4,0,,67,7,2010,6,40.0209,-75.1486,9999.0,6,0,0,0,0,0,0,0,0,2.0,0,0,0,16.0,1,2,2,,1,40 01:15.020,1.0,0,75 08:54.994,8,0,0,0,67301,0,0,0,N,0,0,0,3,67301,0,,1,1,,N,N,,0,,0,0,1,3,2,N,1628.0,2,2,0,0,3,2,0,3,4,0,2,3,,N,,,,,,,,,,,
2010078317,522.0,2,0,0,0,0,0,0,0,0,4,0,,67,7,2010,6,39.9491,-75.1557,521.0,6,0,0,0,0,0,1,0,0,,0,0,0,5.0,3,0,2,,0,39 56:56.623,,0,75 09:20.444,0,0,0,0,67301,0,0,0,,0,0,0,2,67301,0,,1,1,,,,,0,,0,0,0,0,0,,520.0,0,2,0,0,0,0,0,3,4,0,2,3,,N,,,,,,,,,,,
2010093675,320.0,1,0,0,0,0,0,0,0,0,7,0,,67,9,2010,6,40.1134,-75.0228,315.0,6,0,0,0,0,0,0,0,0,3.0,0,0,0,3.0,3,1,0,,2,40 06:48.180,5.0,0,75 01:22.140,4,0,0,0,67301,0,0,0,,0,0,0,2,67301,1,,5,1,,,,,0,,0,0,0,0,0,Y,315.0,1,1,0,0,0,0,0,3,4,0,1,3,,N,,,,,,,,,,,
2010088680,1130.0,2,0,0,0,0,0,0,0,0,4,0,,67,8,2010,6,39.9786,-75.2136,1124.0,6,0,0,0,0,0,0,0,0,,0,0,0,11.0,1,2,1,,0,39 58:42.839,,0,75 12:49.033,4,0,0,0,67301,0,0,0,N,0,0,0,3,67301,2,,1,1,,N,N,,0,,0,0,0,3,2,,1110.0,2,2,0,0,0,0,0,3,4,0,2,3,,N,,,,,,,,,,,
2010088746,1348.0,0,0,0,0,0,0,0,0,0,4,0,,67,8,2010,7,40.0618,-75.0233,1343.0,6,0,0,0,0,0,0,0,0,2.0,0,0,0,13.0,1,0,0,,1,40 03:42.557,1.0,7,75 01:23.765,0,0,0,0,67301,0,0,0,N,0,0,0,2,67301,0,,1,1,,N,N,,0,,0,0,2,0,0,N,1338.0,0,2,0,0,0,0,0,3,4,0,2,3,,N,,,,,,,,,,,
2010088747,1818.0,1,0,0,1,0,0,0,0,0,4,0,,67,8,2010,5,39.9197,-75.225,1807.0,6,0,0,0,0,0,0,0,0,,0,0,0,99.0,1,1,1,,0,39 55:11.072,,0,75 13:29.970,8,0,0,0,67301,1,0,0,,0,0,0,2,67301,0,,1,1,,,,,0,,0,0,0,3,2,,9999.0,1,2,0,0,0,1,0,3,4,0,1,3,,N,,,,,,,,,,,
2010086025,1037.0,1,0,0,0,0,0,0,0,0,4,0,,67,7,2010,6,40.0011,-75.2154,1032.0,6,0,0,0,0,0,0,0,0,2.0,0,0,0,10.0,1,3,1,,1,40 00:03.902,4.0,0,75 12:55.382,4,0,0,0,67301,0,0,0,,0,0,0,3,67301,3,,1,1,,,,,0,,0,0,0,3,2,Y,1031.0,3,2,0,0,0,0,0,3,4,1,2,3,,N,,,,,,,,,,,
2010088822,748.0,1,0,0,0,0,0,0,0,0,5,0,,67,8,2010,6,39.923,-75.1885,745.0,6,0,0,0,0,0,0,0,0,,0,0,0,7.0,1,1,1,,0,39 55:22.764,,0,75 11:18.725,8,0,0,0,67301,0,0,0,N,0,0,0,3,67301,0,,1,1,,N,N,,0,,0,0,1,3,2,,745.0,1,2,0,0,0,1,0,3,4,0,2,3,,N,,,,,,,,,,,
2010088841,1540.0,1,0,0,0,0,0,0,0,0,8,0,,67,8,2010,5,40.0234,-75.1394,1529.0,6,0,0,0,0,0,0,0,0,2.0,0,0,0,99.0,1,1,1,,1,40 01:24.369,4.0,0,75 08:21.713,3,0,0,0,67301,1,0,0,N,1,0,0,2,67301,0,,1,1,,N,N,,0,,1,0,0,3,2,N,9999.0,1,2,0,0,0,0,0,3,4,0,1,3,,N,,,,,,,,,,,
2010099606,9999.0,1,0,0,0,0,0,0,0,0,7,0,,67,8,2010,2,39.9324,-75.1639,1706.0,6,0,0,0,0,0,0,0,0,,0,0,0,17.0,1,1,0,,0,39 55:56.684,,0,75 09:49.946,4,0,0,0,67301,0,0,0,N,0,0,0,1,67301,1,,5,9,,N,N,,0,,0,0,0,0,0,,1705.0,1,1,0,0,0,0,0,3,4,0,1,7,,N,,,,,,,,,,,
2010102981,1415.0,2,0,0,0,0,0,0,0,0,1,0,,67,9,2010,2,40.0802,-75.0371,1410.0,6,0,0,0,0,0,0,0,0,,0,0,0,12.0,1,3,3,,0,40 04:48.642,,0,75 02:13.476,4,0,0,0,67301,0,0,0,N,0,0,0,3,67301,3,,1,1,,N,N,,0,,0,0,0,0,0,,1250.0,3,2,0,0,0,0,0,3,4,0,2,3,,N,,,,,,,,,,,
2010108149,1528.0,1,0,0,0,0,0,0,0,0,1,0,,67,10,2010,5,40.0026,-75.2236,1523.0,6,0,0,0,0,0,0,0,0,,0,0,0,15.0,1,2,0,,0,40 00:09.352,,0,75 13:25.057,4,0,0,0,67301,0,0,0,N,0,0,0,5,46104,2,,1,1,,N,N,,0,,0,0,0,0,0,,1523.0,2,2,0,0,0,0,0,3,4,1,2,3,,N,,,,,,,,,,,
2010103082,1840.0,1,0,0,0,0,0,0,0,0,4,0,,67,9,2010,6,40.026,-75.1467,1832.0,6,0,0,0,0,0,0,0,0,1.0,0,0,0,18.0,1,1,1,,9,40 01:33.654,7.0,0,75 08:48.101,4,0,0,0,67301,0,0,0,N,0,0,0,3,67301,1,,1,1,,N,N,,0,,0,0,1,3,2,Y,1832.0,1,2,0,0,0,0,0,3,4,0,2,3,,N,,,,,,,,,,,
2010085475,1240.0,0,0,0,0,0,0,0,0,0,4,0,,67,8,2010,3,39.9981,-75.2331,1234.0,6,0,0,0,0,0,0,0,0,2.0,0,0,0,12.0,1,3,0,,1,39 59:53.311,5.0,7,75 13:59.197,4,0,0,0,67301,0,0,0,N,0,0,0,4,46104,3,,1,1,,N,N,,0,,0,0,2,0,0,Y,1233.0,3,2,0,0,0,0,0,3,4,0,2,3,,N,,,,,,,,,,,
2010117911,1840.0,0,0,0,0,0,0,0,0,0,1,0,,67,11,2010,1,40.0058,-75.097,1837.0,6,0,0,0,0,0,0,0,0,,0,0,0,99.0,3,4,1,,0,40 00:20.962,,0,75 05:49.196,4,0,0,0,67301,0,0,0,N,0,0,0,4,67301,4,,1,1,,N,N,,0,,0,0,1,3,2,,9999.0,4,2,0,0,0,0,0,3,4,1,2,3,,N,,,,,,,,,,,
2010114322,9999.0,2,0,0,0,0,0,0,0,0,4,0,,67,10,2010,1,40.0189,-75.1153,1657.0,6,0,0,0,0,0,0,0,0,,0,0,0,99.0,1,1,0,,0,40 01:08.017,,0,75 06:54.933,8,0,0,0,67301,1,0,0,N,1,0,0,2,67301,0,,1,1,,N,N,,0,,0,0,0,0,0,,9999.0,1,3,0,0,0,1,0,3,4,0,2,3,,N,,,,,,,,,,,
2010114339,1945.0,2,0,0,0,0,0,0,0,0,1,0,,67,10,2010,6,40.0575,-75.1619,1943.0,6,0,0,0,0,0,2,0,0,,0,0,0,19.0,3,1,0,,0,40 03:27.057,,0,75 09:42.935,8,0,0,0,67301,0,0,0,N,0,0,0,4,67301,0,,1,1,,N,N,,1,,0,0,1,3,2,,1905.0,1,4,0,0,0,1,3,3,4,0,4,3,,N,,,,,,,,,,,
2010112123,1452.0,1,0,0,0,0,0,0,0,0,7,0,,67,10,2010,1,39.9833,-75.0979,1440.0,6,0,0,0,0,0,0,0,0,1.0,0,0,0,14.0,1,0,0,,1,39 59:00.360,1.0,0,75 05:51.762,0,0,0,0,67301,0,0,0,N,0,0,0,1,68K01,0,,3,1,,N,N,,0,,0,0,0,0,0,N,1432.0,0,1,0,0,0,0,0,3,4,0,1,3,,N,,,,,,,,,,,
2010048729,2103.0,1,0,0,0,0,0,0,0,0,4,0,,67,4,2010,7,39.9626,-75.2467,2101.0,6,0,0,0,0,0,1,0,0,3.0,0,0,0,21.0,3,1,1,,2,39 57:45.766,1.0,0,75 14:48.166,8,0,0,0,67301,0,0,0,N,0,0,0,5,67301,0,,1,1,,N,N,,0,,0,0,0,3,2,Y,2100.0,1,2,0,0,1,1,0,3,4,1,2,3,,N,,,,,,,,,,,
2010052092,54.0,0,0,0,0,0,0,0,0,0,8,0,,67,5,2010,3,39.9773,-75.1581,53.0,6,0,0,0,0,0,0,0,0,1.0,0,0,0,0.0,3,1,1,,1,39 58:38.125,1.0,0,75 09:29.199,4,0,0,0,67301,1,0,0,N,1,0,0,2,67301,1,,1,1,,N,N,,1,,0,0,0,3,2,Y,50.0,1,2,0,0,0,0,0,3,4,0,1,3,,N,,,,,,,,,,,
2010052102,1930.0,2,0,0,0,0,0,0,0,1,4,0,,67,4,2010,6,39.9578,-75.2081,1920.0,6,0,0,0,0,0,1,0,0,,0,0,0,19.0,1,1,1,,0,39 57:28.338,,0,75 12:29.166,2,0,0,0,67301,0,0,0,N,0,0,0,5,67301,0,,1,1,,N,N,,0,,0,1,0,3,2,,1923.0,1,2,0,0,0,0,1,3,4,0,2,3,,N,,,,,,,,,,,
2010052139,917.0,1,0,0,0,0,0,0,0,0,8,0,,67,4,2010,2,39.9772,-75.2268,915.0,6,0,0,0,0,0,0,0,0,,0,0,0,9.0,1,1,1,,0,39 58:37.959,,0,75 13:36.308,2,0,0,0,67301,1,0,1,,1,0,1,2,67301,0,,2,9,,N,N,,0,,0,1,0,3,2,,915.0,1,2,0,0,0,0,0,3,4,0,1,7,,N,,,,,,,,,,,
2010052447,537.0,1,0,0,0,0,0,0,0,0,7,0,,67,5,2010,3,40.0184,-75.1491,533.0,6,0,0,1,0,0,0,0,0,,0,0,0,5.0,1,1,1,,0,40 01:06.459,,0,75 08:56.863,4,0,0,0,67301,0,0,0,N,0,0,0,1,67301,1,,3,1,,N,N,,0,,0,0,0,3,2,,530.0,1,1,0,0,0,0,0,3,4,0,1,3,,N,,,,,,,,,,,
2010052449,2300.0,2,0,0,0,0,0,0,0,0,5,0,,67,5,2010,6,40.0361,-75.0516,2230.0,6,0,0,0,0,0,0,0,0,,0,0,0,22.0,3,0,0,,0,40 02:09.977,,0,75 03:05.642,0,0,0,0,67301,0,0,0,,0,0,0,2,67301,0,,2,1,,N,N,,0,,0,0,1,0,0,,2230.0,0,3,0,0,0,0,0,3,4,0,3,3,,N,,,,,,,,,,,
2010052460,320.0,1,0,0,0,0,0,0,0,0,8,0,,67,5,2010,1,39.9885,-75.1051,315.0,6,0,0,0,0,0,0,0,0,,0,0,0,2.0,3,1,0,,0,39 59:18.452,,0,75 06:18.338,4,0,0,0,67301,1,0,0,N,1,0,0,2,67301,1,,1,1,,N,N,,0,,0,0,0,0,0,,215.0,1,2,0,0,0,0,1,3,4,0,1,3,,N,,,,,,,,,,,
2010052176,1611.0,3,0,0,0,0,0,0,0,0,4,0,,67,4,2010,5,39.9911,-75.1013,1609.0,6,0,0,0,0,0,0,0,0,,0,0,0,13.0,1,1,0,,0,39 59:27.843,,7,75 06:04.828,4,0,0,0,67301,0,0,0,,0,0,0,6,67301,1,,1,1,,N,N,,0,,0,0,0,0,0,,1345.0,1,3,0,0,0,0,0,3,4,0,3,3,,N,,,,,,,,,,,
2010052201,1533.0,0,0,0,0,0,0,0,0,0,4,0,,67,5,2010,4,40.0072,-75.1479,1533.0,6,0,0,0,0,0,0,1,0,,0,0,0,15.0,1,0,1,,0,40 00:25.851,,0,75 08:52.483,0,0,0,0,67301,0,0,0,N,0,0,0,2,67301,0,,1,1,,N,N,,0,,0,0,0,9,3,,1531.0,0,3,0,0,2,0,0,3,4,3,3,3,,N,,,,,,,,,,,
2010052241,220.0,0,0,0,0,0,0,0,0,0,8,0,,67,5,2010,3,39.9398,-75.2003,9999.0,6,0,0,0,0,0,0,0,0,,0,0,0,1.0,3,1,0,,0,39 56:23.348,,0,75 12:01.101,4,0,0,0,67301,1,0,0,N,1,0,0,2,67301,1,,1,1,,N,N,,0,,0,0,0,0,0,,115.0,1,2,0,0,0,0,0,3,4,0,1,3,,N,,,,,,,,,,,
2010103091,13.0,1,0,0,0,0,0,0,0,0,8,0,,67,9,2010,7,39.9202,-75.1572,13.0,6,0,0,0,0,0,0,0,0,,0,0,0,20.0,3,1,1,,0,39 55:12.846,,0,75 09:25.829,4,0,0,0,67301,1,0,0,,1,0,0,2,67301,1,,1,1,,,,,0,,0,0,0,3,3,,2000.0,1,2,0,0,0,0,1,3,4,0,1,3,,N,,,,,,,,,,,
2010125091,9999.0,0,0,0,0,0,0,0,0,0,4,0,,67,11,2010,7,39.9656,-75.2319,44.0,6,0,1,0,0,0,0,0,0,,0,0,0,0.0,3,2,1,,0,39 57:56.235,,0,75 13:54.861,8,0,0,0,67301,0,0,0,N,0,0,0,7,67301,0,,1,1,,N,N,,0,,0,0,2,3,2,,41.0,2,2,0,0,0,2,0,3,4,0,2,3,,N,,,,,,,,,,,
2010117912,1705.0,1,0,0,0,0,0,0,0,0,2,0,,67,11,2010,2,40.0061,-75.1092,1700.0,6,0,0,0,0,0,0,0,0,,0,0,0,16.0,4,1,0,,0,40 00:22.078,,0,75 06:33.177,4,0,0,0,67301,0,0,0,,0,0,0,1,67301,1,,1,9,,N,N,,1,,0,0,0,0,0,,1630.0,1,2,0,0,0,0,0,3,4,0,2,7,,N,,,,,,,,,,,
2010117921,1710.0,2,0,0,0,0,0,0,0,0,4,0,,67,10,2010,6,39.9676,-75.1886,1710.0,6,0,0,0,0,0,0,0,0,2.0,0,0,0,17.0,1,1,0,,1,39 58:03.220,2.0,0,75 11:19.020,4,0,0,0,67301,0,0,0,N,0,0,0,2,67301,1,,1,1,,N,N,,0,,0,0,0,0,0,N,1709.0,1,2,0,0,0,0,0,3,4,0,2,3,,N,,,,,,,,,,,
2010114273,1435.0,1,0,0,0,0,0,0,0,0,4,0,,67,10,2010,4,39.993,-75.1103,1430.0,6,0,0,0,0,0,1,0,0,,0,0,0,14.0,1,3,1,,0,39 59:34.736,,0,75 06:36.857,4,0,0,0,67301,0,0,0,,0,0,0,4,67301,3,,1,1,,N,N,,1,,0,0,0,3,2,,1420.0,3,2,0,0,0,0,0,3,4,0,2,3,,N,,,,,,,,,,,
2010048651,2140.0,0,0,0,0,0,0,0,0,0,4,0,,67,4,2010,3,39.9817,-75.2276,2130.0,6,0,0,0,0,0,1,0,0,,0,0,0,17.0,1,1,0,,0,39 58:54.030,,7,75 13:39.295,4,0,0,0,67301,0,0,0,N,0,0,0,3,67301,1,,1,9,,N,N,,0,,0,0,0,0,0,,1730.0,1,2,0,0,0,0,0,3,4,2,2,7,,N,,,,,,,,,,,
2010048697,1805.0,3,0,0,0,0,0,0,0,0,1,0,,67,4,2010,1,39.9916,-75.2279,1759.0,6,0,0,0,0,0,1,0,0,,0,0,0,17.0,1,0,0,,0,39 59:29.721,,0,75 13:40.328,0,0,0,0,67301,0,0,0,,0,0,0,1,67301,0,,6,1,,N,N,,0,,0,0,0,0,0,,1755.0,0,3,0,0,0,0,0,3,4,0,3,3,,N,,,,,,,,,,,
2010048779,1628.0,1,0,0,0,0,0,0,0,0,7,0,,67,5,2010,7,40.0386,-75.1426,1625.0,6,0,0,0,0,0,0,1,0,1.0,0,0,0,16.0,1,1,1,,1,40 02:18.957,2.0,0,75 08:33.478,3,0,0,0,67301,0,0,0,N,0,0,0,1,67301,0,,5,1,,N,N,,0,,1,0,0,3,2,N,1623.0,1,1,0,0,0,0,0,3,4,0,1,3,,N,,,,,,,,,,,
2010065772,235.0,3,0,0,0,0,0,0,0,0,1,0,,67,5,2010,1,39.9408,-75.1952,235.0,6,0,0,0,0,0,0,0,0,1.0,0,0,0,2.0,3,2,0,,2,39 56:34.052,4.0,0,75 11:35.496,8,0,0,0,67301,0,0,0,N,0,0,0,3,68K01,0,,1,9,,N,N,,0,,0,0,0,0,0,N,230.0,2,3,0,0,0,2,0,3,4,0,3,7,,N,,,,,,,,,,,
2010070713,2240.0,2,0,0,0,0,0,0,0,0,4,0,,67,6,2010,3,40.0543,-75.0495,2220.0,6,0,0,0,0,0,0,0,0,9.0,0,0,0,99.0,3,0,1,,1,40 03:15.517,2.0,0,75 02:58.198,0,0,0,0,67301,0,0,0,N,0,0,0,4,67301,0,,1,1,,N,N,,1,,0,0,0,3,2,N,9999.0,0,3,0,0,0,0,0,3,4,0,3,3,,N,,,,,,,,,,,
2010053672,831.0,2,0,0,0,0,0,0,0,0,4,0,,67,6,2010,7,40.0619,-75.1367,827.0,6,0,0,0,0,0,0,0,0,1.0,0,0,0,8.0,1,0,1,,1,40 03:42.622,2.0,0,75 08:12.011,0,0,0,0,67301,0,0,0,N,0,0,0,3,46102,0,,1,1,,N,N,,0,,0,0,0,3,2,Y,827.0,0,2,0,0,0,0,0,3,4,0,2,3,,N,,,,,,,,,,,
2010062648,1204.0,0,0,0,0,0,0,0,0,0,8,0,,67,5,2010,7,39.9518,-75.2124,1150.0,6,0,0,0,0,0,1,0,0,,0,0,0,11.0,1,1,0,,0,39 57:06.434,,0,75 12:44.502,8,0,0,0,67301,1,0,0,N,1,0,0,2,67301,0,,1,1,,N,N,,1,,0,0,0,3,3,,1140.0,1,2,0,0,0,1,0,3,4,0,1,3,,N,,,,,,,,,,,
2010062724,1722.0,1,0,0,0,0,0,0,0,0,4,0,,67,5,2010,4,40.0291,-75.1006,1715.0,6,0,0,0,0,0,1,0,0,1.0,0,0,0,17.0,1,1,0,,1,40 01:44.808,2.0,6,75 06:02.289,3,0,0,1,67301,0,0,0,N,0,0,0,2,67301,0,,1,1,,N,N,,0,,1,0,0,3,2,N,1713.0,1,2,0,0,0,0,0,3,4,0,2,3,,N,,,,,,,,,,,
2010076329,1544.0,2,0,0,0,0,0,0,0,0,1,0,,67,7,2010,1,39.9582,-75.1647,1531.0,6,0,0,0,0,0,0,0,0,,0,0,0,15.0,1,0,0,,0,39 57:29.651,,0,75 09:52.962,0,0,0,0,67301,0,0,0,N,0,0,0,2,68K01,0,,1,9,,N,N,,0,,0,0,0,0,0,,1529.0,0,2,0,0,0,0,0,3,4,0,2,7,,N,,,,,,,,,,,
2010052030,730.0,0,0,0,0,0,0,0,0,0,7,0,,67,5,2010,4,39.9773,-75.2003,713.0,6,0,0,0,0,0,1,0,0,,0,0,0,7.0,1,0,0,,0,39 58:40.051,,0,75 12:05.482,0,0,0,0,67301,0,0,0,N,0,0,0,1,68K01,0,,5,9,,N,N,,0,,0,0,1,0,0,,710.0,0,1,0,0,0,0,0,3,4,0,1,7,,N,,,,,,,,,,,
2010048927,1950.0,1,0,0,0,0,0,0,0,0,1,0,,67,4,2010,4,39.9516,-75.1638,1942.0,6,0,0,0,0,0,1,0,0,,0,0,0,19.0,3,1,0,,0,39 57:05.857,,0,75 09:49.654,8,0,0,0,67301,0,0,0,,0,0,0,3,67301,0,,1,9,,,,,0,,0,0,1,0,0,,1935.0,1,2,0,0,0,1,0,3,4,0,2,7,,N,,,,,,,,,,,
2010048928,1241.0,1,0,0,0,0,0,0,0,0,4,1,,67,4,2010,5,40.0554,-75.1263,1239.0,6,0,0,0,0,0,1,0,0,,0,1,0,12.0,1,1,2,,0,40 03:19.502,,0,75 07:34.825,8,0,0,0,67301,0,0,0,N,0,0,0,3,67301,0,,1,1,,N,N,,0,,0,0,0,3,2,,1230.0,1,2,0,0,0,1,0,3,4,0,2,3,,N,,,,,,,,,,,
2010052125,8.0,1,0,0,0,0,0,0,0,0,7,0,,67,5,2010,1,40.1138,-74.9874,4.0,6,0,0,0,0,0,0,0,0,,0,0,0,0.0,3,1,0,,0,40 06:49.643,,0,74 59:14.679,4,0,0,0,67301,0,0,0,N,0,0,0,1,67301,1,,4,1,,N,N,,0,,0,0,0,0,0,,2.0,1,1,0,0,0,0,0,3,4,0,1,3,,N,,,,,,,,,,,
2010052247,1407.0,1,0,0,1,0,0,0,0,0,4,0,,67,5,2010,7,39.9753,-75.1817,1401.0,6,0,0,0,0,0,0,0,0,,0,0,0,13.0,1,1,0,,0,39 58:30.900,,0,75 10:53.950,4,0,0,0,67301,1,0,0,N,0,0,0,2,67301,1,,1,1,,N,N,,0,,0,0,0,0,0,,1350.0,1,2,0,0,0,0,0,3,4,0,1,3,,N,,,,,,,,,,,
2010117724,749.0,1,0,0,0,0,0,0,0,0,4,1,,67,10,2010,6,39.9548,-75.1833,743.0,6,0,0,0,0,1,0,0,0,2.0,0,1,0,7.0,1,1,1,,1,39 57:17.881,2.0,0,75 11:02.278,8,0,0,0,67301,0,0,0,N,0,0,0,2,67301,0,,1,1,,N,N,,0,,0,0,0,3,2,N,742.0,1,2,0,0,0,1,0,3,4,0,2,3,,N,,,,,,,,,,,
2010117814,1423.0,0,0,0,0,0,0,0,0,0,7,0,,67,10,2010,3,40.0202,-75.1629,1423.0,6,0,0,0,0,0,0,0,0,3.0,0,0,0,14.0,1,1,0,,2,40 01:12.559,3.0,0,75 09:46.306,4,0,0,0,67301,0,0,0,,0,0,0,1,67301,1,,5,1,,,,,1,,0,0,0,0,0,Y,1423.0,1,1,0,0,0,0,0,3,4,0,1,3,,N,,,,,,,,,,,
2010117869,1920.0,3,0,0,0,0,0,0,0,0,4,0,,67,10,2010,6,40.0709,-75.0494,1915.0,6,0,0,0,1,0,0,0,1,,0,0,0,19.0,3,0,1,,0,40 04:15.478,,0,75 02:58.362,0,0,0,0,67301,0,0,0,N,0,0,0,6,67301,0,,1,1,,N,N,,0,,0,0,0,3,2,,1910.0,0,3,0,0,0,0,0,3,4,0,3,3,,N,,,,,,,,,,,