CRN,ARRIVAL_TM,AUTOMOBILE_COUNT,BELTED_DEATH_COUNT,BELTED_SUSP_SERIOUS_INJ_COUNT,BICYCLE_COUNT,BICYCLE_DEATH_COUNT,BICYCLE_SUSP_SERIOUS_INJ_COUNT,BUS_COUNT,CHLDPAS_DEATH_COUNT,CHLDPAS_SUSP_SERIOUS_INJ_COUNT,COLLISION_TYPE,COMM_VEH_COUNT,CONS_ZONE_SPD_LIM,COUNTY,CRASH_MONTH,CRASH_YEAR,DAY_OF_WEEK,DEC_LAT,DEC_LONG,DISPATCH_TM,DISTRICT,DRIVER_COUNT_16YR,DRIVER_COUNT_17YR,DRIVER_COUNT_18YR,DRIVER_COUNT_19YR,DRIVER_COUNT_20YR,DRIVER_COUNT_50_64YR,DRIVER_COUNT_65_74YR,DRIVER_COUNT_75PLUS,EST_HRS_CLOSED,FATAL_COUNT,HEAVY_TRUCK_COUNT,HORSE_BUGGY_COUNT,HOUR_OF_DAY,ILLUMINATION,INJURY_COUNT,INTERSECT_TYPE,INTERSECTION_RELATED,LANE_CLOSED,LATITUDE,LN_CLOSE_DIR,LOCATION_TYPE,LONGITUDE,MAX_SEVERITY_LEVEL,MCYCLE_DEATH_COUNT,MCYCLE_SUSP_SERIOUS_INJ_COUNT,MOTORCYCLE_COUNT,MUNICIPALITY,NONMOTR_COUNT,NONMOTR_DEATH_COUNT,NONMOTR_SUSP_SERIOUS_INJ_COUNT,NTFY_HIWY_MAINT,PED_COUNT,PED_DEATH_COUNT,PED_SUSP_SERIOUS_INJ_COUNT,PERSON_COUNT,POLICE_AGCY,POSSIBLE_INJ_COUNT,RDWY_SURF_TYPE_CD,RELATION_TO_ROAD,ROAD_CONDITION,ROADWAY_CLEARED,SCH_BUS_IND,SCH_ZONE_IND,SECONDARY_CRASH,SMALL_TRUCK_COUNT,SPEC_JURIS_CD,SUSP_MINOR_INJ_COUNT,SUSP_SERIOUS_INJ_COUNT,SUV_COUNT,TCD_FUNC_CD,TCD_TYPE,TFC_DETOUR_IND,TIME_OF_DAY,TOT_INJ_COUNT,TOTAL_UNITS,UNB_DEATH_COUNT,UNB_SUSP_SERIOUS_INJ_COUNT,UNBELTED_OCC_COUNT,UNK_INJ_DEG_COUNT,UNK_INJ_PER_COUNT,URBAN_AREA,URBAN_RURAL,VAN_COUNT,VEHICLE_COUNT,WEATHER1,WEATHER2,WORK_ZONE_IND,WORK_ZONE_LOC,WORK_ZONE_TYPE,WORKERS_PRES,WZ_CLOSE_DETOUR,WZ_FLAGGER,WZ_LAW_OFFCR_IND,WZ_LN_CLOSURE,WZ_MOVING,WZ_OTHER,WZ_SHLDER_MDN,WZ_WORKERS_INJ_KILLED
2010104656,824.0,2,0,0,0,0,0,0,0,0,1,1,,67,10,2010,3,40.0271,-75.0259,824.0,6,0,0,0,0,0,2,0,0,,0,1,0,8.0,1,1,0,,0,40 01:37.448,,0,75 01:32.987,4,0,0,0,67301,0,0,0,N,0,0,0,3,68K01,1,,1,1,,N,N,,0,,0,0,0,0,0,,824.0,1,3,0,0,0,0,0,3,4,0,3,3,,N,,,,,,,,,,,
2010122421,1159.0,2,0,0,0,0,0,0,0,0,4,0,,67,11,2010,3,40.0072,-75.0987,1154.0,6,0,0,0,0,0,1,1,0,,0,0,0,11.0,1,0,1,,0,40 00:25.900,,0,75 05:55.461,0,0,0,0,67301,0,0,0,N,0,0,0,3,67301,0,,1,9,,N,N,,1,,0,0,0,3,2,,1151.0,0,3,0,0,0,0,0,3,4,0,3,7,,N,,,,,,,,,,,
2010113809,1824.0,1,0,0,0,0,0,0,0,0,4,0,,67,9,2010,5,40.0604,-75.0247,1820.0,6,0,0,0,0,0,0,0,0,2.0,0,0,0,18.0,4,1,2,,1,40 03:37.587,5.0,0,75 01:28.782,4,0,0,0,67301,0,0,0,N,0,0,0,1,67301,1,,1,9,,N,N,,0,,0,0,0,3,5,Y,1819.0,1,2,0,0,0,0,0,3,4,0,1,7,,N,,,,,,,,,,,
2010116316,1830.0,1,0,0,0,0,0,0,0,0,8,0,,67,10,2010,7,39.9772,-75.2268,1820.0,6,0,0,0,0,0,0,0,0,,0,0,0,13.0,1,1,0,,0,39 58:38.057,,0,75 13:36.518,3,0,0,0,67301,1,0,0,,1,0,0,2,67301,0,,1,1,,N,N,,0,,1,0,0,0,0,,1300.0,1,2,0,0,0,0,0,3,4,0,1,3,,N,,,,,,,,,,,
2010116332,1730.0,3,0,0,0,0,0,0,0,0,1,0,,67,10,2010,1,39.9566,-75.2465,1727.0,6,0,0,0,0,0,1,0,0,,0,0,0,14.0,1,1,0,,0,39 57:23.720,,0,75 14:47.497,8,0,0,0,67301,0,0,0,N,0,0,0,1,67301,0,,6,1,,N,N,,0,,0,0,0,0,0,,1435.0,1,3,0,0,1,1,0,3,4,0,3,3,,N,,,,,,,,,,,
2010116352,830.0,3,0,0,0,0,0,0,0,0,1,0,,67,10,2010,2,39.9634,-75.2466,828.0,6,0,0,0,0,0,0,0,0,,0,0,0,8.0,1,4,0,,0,39 57:48.263,,0,75 14:47.629,4,0,0,0,67301,0,0,0,,0,0,0,4,67301,4,,1,1,,N,N,,0,,0,0,0,0,0,,820.0,4,3,0,0,0,0,0,3,4,0,3,3,,N,,,,,,,,,,,
2010061975,1059.0,1,0,0,0,0,0,0,0,0,5,0,,67,4,2010,6,40.0414,-75.1201,1059.0,6,0,0,0,0,0,1,0,0,,0,0,0,10.0,1,2,1,,0,40 02:29.198,,0,75 07:12.381,4,0,0,0,67301,0,0,0,N,0,0,0,4,67301,2,,2,1,,N,N,,0,,0,0,0,3,2,,1037.0,2,2,0,0,0,0,0,3,4,1,2,3,,N,,,,,,,,,,,
2010061985,1855.0,0,0,0,0,0,0,0,0,0,8,0,,67,4,2010,4,40.0292,-75.1281,1853.0,6,0,0,1,0,0,0,0,0,,0,0,0,18.0,1,1,0,,0,40 01:45.267,,0,75 07:41.300,8,0,0,0,67301,1,0,0,,1,0,0,2,67301,0,,1,1,,N,N,,0,,0,0,1,0,0,,1837.0,1,2,0,0,1,1,0,3,4,0,1,3,,N,,,,,,,,,,,
2010064425,122.0,2,0,0,0,0,0,0,0,0,7,0,,67,7,2010,1,40.0162,-75.0521,120.0,6,0,0,0,0,0,1,0,0,,0,0,0,1.0,3,0,0,,0,40 00:58.051,,0,75 03:08.019,0,0,0,0,67301,0,0,0,N,0,0,0,4,68K01,0,,2,1,,N,N,,0,,0,0,0,0,0,,118.0,0,2,0,0,0,0,0,3,4,0,2,3,,N,,,,,,,,,,,
2010081951,1115.0,1,0,0,0,0,0,0,0,0,4,0,,67,8,2010,1,39.9944,-75.1302,1115.0,6,0,0,0,0,0,1,0,0,,0,0,0,11.0,1,4,1,,0,39 59:39.789,,0,75 07:48.568,4,0,0,0,67301,0,0,0,,0,0,0,4,67301,4,,1,1,,,,,0,,0,0,1,3,3,,1100.0,4,2,0,0,0,0,0,3,4,0,2,3,,N,,,,,,,,,,,
2010074548,16.0,1,0,0,0,0,0,0,0,0,8,0,,67,7,2010,7,39.997,-75.1175,14.0,6,0,0,0,0,0,1,0,0,,0,0,0,0.0,3,1,0,,0,39 59:49.120,,0,75 07:02.953,8,0,0,0,67301,1,0,0,,1,0,0,2,67301,0,,1,1,,,,,0,,0,0,0,3,2,,10.0,1,2,0,0,0,1,0,3,4,0,1,3,,N,,,,,,,,,,,
2010051530,1125.0,0,0,0,0,0,0,0,0,0,5,0,,67,5,2010,4,39.9946,-75.1983,1115.0,6,0,0,0,0,0,0,0,0,,0,0,0,11.0,1,1,0,,0,39 59:43.991,,0,75 11:50.797,8,0,0,0,67301,0,0,0,N,0,0,0,2,68K01,0,,1,1,,N,N,,1,,0,0,0,0,0,,1109.0,1,2,0,0,0,1,1,3,4,1,2,3,,N,,,,,,,,,,,
2010067064,1202.0,1,0,0,0,0,0,0,0,0,5,1,45.0,67,6,2010,4,40.0062,-75.1935,1148.0,6,0,0,0,0,0,1,0,0,,0,1,0,11.0,1,0,0,,0,40 00:23.406,,3,75 11:35.033,0,0,0,0,67301,0,0,0,N,0,0,0,2,67301,0,,1,1,,N,N,,0,,0,0,0,0,0,,1130.0,0,2,0,0,0,0,0,3,4,0,2,3,,Y,4.0,1.0,Y,U,U,Y,Y,U,U,U,
2010081766,1338.0,1,0,0,0,0,0,0,0,0,4,0,,67,7,2010,6,39.9626,-75.2467,335.0,6,0,0,0,0,0,0,0,0,,0,0,0,13.0,1,1,1,,0,39 57:45.461,,0,75 14:48.589,8,0,0,0,67301,0,0,0,N,0,0,0,2,67301,0,,1,1,,N,N,,1,,0,0,0,3,2,,1332.0,1,2,0,0,0,1,0,3,4,0,2,3,,N,,,,,,,,,,,
2010081772,2230.0,1,0,0,0,0,0,0,0,0,8,0,,67,7,2010,6,40.001,-75.1237,2228.0,6,0,0,0,1,0,0,0,0,,0,0,0,22.0,3,1,1,,0,40 00:03.643,,0,75 07:25.222,8,0,0,0,67301,1,0,0,N,1,0,0,2,67301,0,,1,1,,N,N,,0,,0,0,0,3,3,,2225.0,1,2,0,0,0,1,0,3,4,0,1,3,,N,,,,,,,,,,,
2010069924,1625.0,1,0,0,0,0,0,0,0,0,7,0,,67,5,2010,1,39.9187,-75.2272,1619.0,6,0,0,1,0,0,0,0,0,,0,0,0,99.0,1,0,0,,0,39 55:07.388,,0,75 13:37.812,9,0,0,0,67301,0,0,0,N,0,0,0,2,67301,0,,5,1,,N,N,,0,,0,0,0,0,0,,9999.0,0,1,0,0,0,0,1,3,4,0,1,3,,N,,,,,,,,,,,
2010069934,210.0,2,0,0,0,0,0,0,0,0,4,0,,67,6,2010,7,39.9973,-75.1779,205.0,6,0,0,1,0,0,0,0,0,,0,0,0,2.0,2,2,0,,0,39 59:50.118,,0,75 10:40.450,2,0,0,0,67301,2,0,2,N,2,0,2,3,67301,0,,6,1,,N,N,,0,,0,2,0,0,0,,205.0,2,4,0,0,0,0,1,3,4,0,2,3,,N,,,,,,,,,,,
2010069942,1917.0,1,0,0,0,0,0,0,0,0,1,0,,67,6,2010,4,39.9378,-75.1987,1914.0,6,0,0,0,0,0,1,0,0,,0,0,0,19.0,4,1,0,,0,39 56:17.651,,0,75 11:54.860,8,0,0,0,67301,0,0,0,N,0,0,0,3,67301,0,,1,9,,N,N,,0,,0,0,1,0,0,,1910.0,1,2,0,0,1,1,0,3,4,0,2,7,,N,,,,,,,,,,,
2010069944,1614.0,0,0,0,0,0,0,0,0,0,8,0,,67,5,2010,2,39.9312,-75.1833,1612.0,6,0,0,0,0,0,0,0,0,,0,0,0,16.0,1,1,1,,0,39 55:52.165,,0,75 11:00.034,4,0,0,0,67301,1,0,0,N,1,0,0,2,67301,1,,1,1,,N,N,,0,,0,0,0,3,3,,1610.0,1,2,0,0,0,0,0,3,4,0,1,3,,N,,,,,,,,,,,
2010074669,1634.0,1,0,0,0,0,0,0,0,0,8,0,,67,7,2010,7,39.9504,-75.1601,1624.0,6,0,0,0,0,0,0,0,0,,0,0,0,16.0,1,1,1,,0,39 57:01.433,,0,75 09:36.847,8,0,0,0,67301,1,0,0,N,1,0,0,2,67301,0,,2,9,,N,N,,0,,0,0,0,3,2,,1622.0,1,2,0,0,0,1,0,3,4,0,1,7,,N,,,,,,,,,,,
2010028256,2108.0,1,0,0,0,0,0,0,0,0,7,0,,67,2,2010,3,40.0594,-75.0441,2055.0,6,0,0,0,0,0,1,0,0,2.0,0,0,0,20.0,3,1,0,,1,40 03:33.542,1.0,1,75 02:38.875,8,0,0,0,67301,0,0,0,N,0,0,0,1,67301,0,,2,98,,N,N,,0,,0,0,0,0,0,N,2048.0,1,1,0,0,0,1,0,3,4,0,1,10,,N,,,,,,,,,,,
2010117901,2205.0,1,0,0,0,0,0,0,0,0,4,0,,67,10,2010,4,39.9934,-75.138,2201.0,6,0,0,0,0,0,1,1,0,,0,0,0,21.0,3,1,1,,0,39 59:36.380,,0,75 08:16.731,4,0,0,0,67301,0,0,0,,0,0,0,3,67301,1,,1,1,,N,N,,0,,0,0,1,3,3,,2149.0,1,2,0,0,0,0,0,3,4,0,2,3,,N,,,,,,,,,,,
2010117916,1629.0,1,0,0,0,0,0,0,0,0,4,0,,67,11,2010,2,39.9848,-75.1134,1623.0,6,0,0,0,0,0,1,0,0,3.0,0,0,0,99.0,1,0,1,,2,39 59:05.340,5.0,0,75 06:48.076,0,0,0,0,67301,0,0,0,N,0,0,0,2,67301,0,,1,1,,N,N,,1,,0,0,1,3,2,Y,9999.0,0,5,0,0,0,0,0,3,4,2,5,3,,N,,,,,,,,,,,
2010117917,1822.0,0,0,0,1,0,0,0,0,0,5,0,,67,10,2010,1,39.9442,-75.1617,1820.0,6,0,0,0,0,0,0,0,0,,0,0,0,18.0,4,1,0,,0,39 56:39.242,,0,75 09:42.066,8,0,0,0,67301,1,0,0,N,0,0,0,3,67301,0,,1,1,,N,N,,0,,0,0,1,3,2,,1810.0,1,2,0,0,2,1,0,3,4,0,1,3,,N,,,,,,,,,,,
2010117947,9999.0,1,0,0,0,0,0,0,0,0,8,0,,67,10,2010,6,39.9705,-75.1481,9999.0,6,0,0,0,0,0,1,0,0,,0,0,0,15.0,1,1,0,,0,39 58:13.823,,0,75 08:53.455,4,0,0,0,67301,1,0,0,,1,0,0,2,67301,1,,1,1,,,,,0,,0,0,0,3,2,,1500.0,1,2,0,0,0,0,0,3,4,0,1,3,,N,,,,,,,,,,,
2010111485,1518.0,0,0,0,0,0,0,0,0,0,8,0,,67,10,2010,2,40.0564,-75.0533,1514.0,6,0,0,0,0,0,0,0,0,,0,0,0,15.0,1,2,1,,0,40 03:23.473,,0,75 03:12.176,8,0,0,0,67301,2,0,0,,2,0,0,4,67301,0,,1,9,,,,,0,,0,0,1,1,2,,1505.0,2,3,0,0,0,2,0,3,4,0,1,7,,N,,,,,,,,,,,
2010040117,1853.0,1,0,0,0,0,0,0,0,0,1,0,,67,4,2010,2,39.9591,-75.1721,1846.0,6,0,1,0,0,0,0,0,0,1.0,0,0,0,18.0,1,0,0,,1,39 57:32.979,4.0,0,75 10:19.537,0,0,0,0,67301,0,0,0,N,0,0,0,3,68K01,0,,1,1,,N,N,,0,,0,0,1,0,0,N,1842.0,0,2,0,0,0,0,0,3,4,0,2,3,,N,,,,,,,,,,,
2010037538,1413.0,1,0,0,0,0,0,0,0,0,4,1,,67,4,2010,3,40.0331,-75.0207,1402.0,6,0,0,0,1,0,0,0,0,2.0,0,1,0,14.0,1,1,0,,2,40 01:59.614,2.0,0,75 01:14.278,4,0,0,0,67301,0,0,0,N,0,0,0,3,68K01,1,,1,1,,N,N,,0,,0,0,0,0,0,N,1400.0,1,2,0,0,0,0,0,3,4,0,2,3,,N,,,,,,,,,,,
2010070686,1338.0,2,0,0,0,0,0,0,0,0,4,0,,67,6,2010,6,40.0265,-75.1387,1330.0,6,0,0,0,0,0,0,1,0,,0,0,0,13.0,1,1,1,,0,40 01:35.533,,0,75 08:19.298,3,0,0,0,67301,0,0,0,N,0,0,0,3,67301,0,,1,8,,N,N,,0,,1,0,0,3,2,,1320.0,1,2,0,0,0,0,1,3,4,0,2,3,,N,,,,,,,,,,,
2010058752,355.0,1,0,0,0,0,0,0,0,0,8,0,,67,4,2010,1,40.0417,-75.144,348.0,6,0,0,0,0,0,0,0,0,,0,0,0,3.0,3,1,0,,0,40 02:30.196,,0,75 08:38.541,2,0,0,0,67301,1,0,1,,1,0,1,2,67301,0,,1,1,,N,N,,0,,0,1,0,0,0,,345.0,1,2,0,0,0,0,0,3,4,0,1,3,,N,,,,,,,,,,,
2010058799,1857.0,0,0,0,0,0,0,0,0,0,8,0,,67,5,2010,6,40.0586,-75.2398,1852.0,6,0,0,0,0,0,0,0,0,,0,0,0,18.0,1,1,0,,0,40 03:31.095,,0,75 14:23.412,4,0,0,0,67301,1,0,0,,1,0,0,2,67301,1,,1,1,,N,N,,0,,0,0,1,0,0,,1851.0,1,2,0,0,0,0,0,3,4,0,1,3,,N,,,,,,,,,,,
2010063259,1356.0,0,0,0,0,0,0,0,0,0,1,1,,67,6,2010,4,39.8988,-75.1709,1350.0,6,0,0,0,0,0,1,0,0,2.0,0,1,0,13.0,1,4,0,,2,39 53:56.643,2.0,0,75 10:05.693,8,0,0,0,67301,0,0,0,N,0,0,0,5,68K01,0,,1,1,,N,N,,0,,0,0,1,0,0,N,1342.0,4,2,0,0,0,4,0,3,4,0,2,3,,N,,,,,,,,,,,
2010075581,1925.0,1,0,0,0,0,0,0,0,0,7,0,,67,8,2010,5,39.9106,-75.1491,1925.0,6,0,0,0,0,0,0,0,0,1.0,0,0,0,19.0,1,2,6,,1,39 54:38.750,1.0,8,75 08:56.590,8,0,0,0,67301,0,0,0,N,0,0,0,2,68K01,0,,2,1,,N,N,,0,,0,0,0,0,0,N,1916.0,2,1,0,0,0,2,0,3,4,0,1,3,,N,,,,,,,,,,,
2010073308,1224.0,3,0,0,0,0,0,0,0,0,1,0,,67,5,2010,4,40.0882,-75.0347,1220.0,6,0,0,0,0,0,0,0,0,,0,0,0,12.0,1,0,0,,0,40 05:17.587,,0,75 02:04.991,0,0,0,0,67301,0,0,0,N,0,0,0,1,67301,0,,2,9,,N,,,0,,0,0,1,0,0,,1215.0,0,4,0,0,0,0,0,3,4,0,4,99,,N,,,,,,,,,,,
2010070750,1255.0,0,0,0,0,0,0,0,0,0,8,0,,67,6,2010,7,39.951,-75.1774,1248.0,6,0,0,0,0,0,1,0,0,,0,0,0,12.0,1,1,1,,0,39 57:03.480,,0,75 10:38.219,4,0,0,0,67301,1,0,0,N,1,0,0,3,67301,1,,1,1,,N,N,,0,,0,0,0,3,2,,1215.0,1,2,0,0,2,0,0,3,4,1,1,3,,N,,,,,,,,,,,
2010079021,533.0,2,0,0,0,0,0,0,0,0,1,0,,67,8,2010,4,39.8864,-75.2067,522.0,6,0,0,0,0,0,0,0,0,1.0,0,0,0,5.0,3,2,0,,1,39 53:12.768,2.0,3,75 12:19.757,3,0,0,0,67301,0,0,0,N,0,0,0,2,68K01,1,,2,1,,N,N,,0,,1,0,0,0,0,N,520.0,2,2,0,0,1,0,0,3,4,0,2,3,,N,,,,,,,,,,,
2010048878,829.0,2,0,0,0,0,0,0,0,0,4,0,,67,4,2010,2,39.9881,-75.1336,825.0,6,0,0,0,0,0,0,0,0,1.0,0,0,0,8.0,1,3,1,,1,39 59:17.026,3.0,0,75 08:00.844,4,0,0,0,67301,0,0,0,N,0,0,0,5,67301,3,,1,1,,N,N,,0,,0,0,0,3,3,N,820.0,3,2,0,0,0,0,0,3,4,0,2,3,,N,,,,,,,,,,,
2010048894,47.0,3,0,0,0,0,0,0,0,0,1,0,,67,4,2010,2,40.0271,-75.1116,42.0,6,0,0,0,0,1,0,0,0,,0,0,0,0.0,3,0,0,,0,40 01:37.586,,0,75 06:41.587,0,0,0,0,67301,0,0,0,,0,0,0,2,67301,0,,2,9,,,,,0,,0,0,0,0,0,,42.0,0,3,0,0,0,0,0,3,4,0,3,7,,N,,,,,,,,,,,
2010052124,257.0,1,0,0,0,0,0,0,0,0,2,0,,67,5,2010,7,40.02,-75.0431,227.0,6,0,0,0,0,0,0,0,0,1.0,0,0,0,2.0,3,0,0,,1,40 01:11.982,2.0,0,75 02:35.512,9,0,0,0,67301,0,0,0,N,0,0,0,2,67301,0,,1,1,,N,N,,0,,0,0,1,0,0,N,227.0,0,2,0,0,0,0,1,3,4,0,2,3,,N,,,,,,,,,,,
2010052440,1510.0,2,0,0,0,0,0,0,0,0,1,0,,67,4,2010,1,39.9313,-75.2325,1505.0,6,0,0,0,0,0,0,0,0,,0,0,0,15.0,1,2,0,,0,39 55:52.638,,0,75 13:56.852,3,0,0,0,67301,0,0,0,N,0,0,0,3,67301,0,,1,1,,N,N,,0,,2,0,0,3,2,,1500.0,2,2,0,0,0,0,0,3,4,0,2,3,,N,,,,,,,,,,,
2010052238,1213.0,2,0,0,0,0,0,0,0,0,4,0,,67,4,2010,3,39.9321,-75.1713,1212.0,6,0,0,0,0,0,0,0,0,,0,0,0,12.0,1,1,1,,0,39 55:55.642,,0,75 10:16.759,8,0,0,0,67301,0,0,0,,0,0,0,5,67301,0,,1,1,,N,N,,0,,0,0,0,9,3,,1202.0,1,2,0,0,1,1,2,3,4,0,2,3,,N,,,,,,,,,,,
2010117758,2118.0,2,0,0,0,0,0,0,0,0,4,0,,67,10,2010,6,39.9103,-75.1509,2114.0,6,0,0,0,0,0,1,0,0,,0,0,0,21.0,3,0,2,,0,39 54:37.276,,2,75 09:03.431,0,0,0,0,67301,0,0,0,N,0,0,0,2,67301,0,,1,1,,N,N,,0,,0,0,0,0,0,,2100.0,0,2,0,0,0,0,0,3,4,0,2,3,,N,,,,,,,,,,,
2010104642,845.0,1,0,0,0,0,0,0,0,0,1,0,,67,10,2010,1,39.9689,-75.1267,845.0,6,0,0,0,0,0,0,0,0,,0,0,0,8.0,1,2,6,,0,39 58:09.893,,2,75 07:33.422,8,0,0,0,67301,0,0,0,N,0,0,0,5,68K01,0,,1,1,,N,N,,0,,0,0,1,0,0,,840.0,2,2,0,0,0,2,0,3,4,0,2,3,,N,,,,,,,,,,,
2010126908,2115.0,1,0,0,0,0,0,0,0,0,1,0,,67,12,2010,4,40.0013,-75.2264,2109.0,6,0,0,0,0,0,0,0,0,,0,0,0,20.0,2,1,0,,0,40 00:04.728,,0,75 13:34.938,4,0,0,0,67301,0,0,0,N,0,0,0,2,46104,1,,1,1,,N,N,,0,,0,0,0,0,0,,2041.0,1,2,0,0,0,0,0,3,4,1,2,3,,N,,,,,,,,,,,
2010126974,2319.0,1,0,1,0,0,0,0,0,0,2,0,,67,11,2010,6,40.0041,-75.1955,2317.0,6,0,0,0,0,0,0,0,0,2.0,0,0,0,23.0,3,2,0,,1,40 00:13.510,3.0,0,75 11:43.077,2,0,0,0,67301,0,0,0,N,0,0,0,5,68K01,0,,1,1,,N,N,,0,,0,2,3,0,0,N,2312.0,2,4,0,1,1,0,0,3,4,0,4,3,,N,,,,,,,,,,,
2010124317,1348.0,1,0,0,0,0,0,0,0,0,1,0,,67,12,2010,7,40.0021,-75.0783,1338.0,6,0,0,0,0,0,0,0,1,,0,0,0,13.0,1,1,0,,0,40 00:08.023,,0,75 04:41.445,4,0,0,0,67301,0,0,0,N,0,0,0,4,68K01,1,,2,1,,N,N,,0,,0,0,0,0,0,,1336.0,1,2,0,0,0,0,0,3,4,1,2,3,,N,,,,,,,,,,,
2010128897,840.0,2,0,0,0,0,0,0,0,0,1,0,,67,12,2010,2,40.0056,-75.1963,835.0,6,0,0,0,0,0,1,0,1,,0,0,0,8.0,1,0,0,,0,40 00:23.286,,0,75 11:57.547,0,0,0,0,67301,0,0,0,N,0,0,0,3,68K01,0,,1,1,,N,N,,0,,0,0,0,0,0,,821.0,0,3,0,0,0,0,0,3,4,1,3,3,,N,,,,,,,,,,,
2010122409,1201.0,0,0,0,0,0,0,0,0,0,7,0,,67,11,2010,3,40.1042,-75.0282,1150.0,6,0,0,0,0,0,1,0,0,,0,0,0,11.0,1,1,0,,0,40 06:14.982,,0,75 01:41.388,4,0,0,0,67301,0,0,0,,0,0,0,1,67301,1,,5,1,,N,,,1,,0,0,0,0,0,,1150.0,1,1,0,0,0,0,0,3,4,0,1,3,,N,,,,,,,,,,,
2010122451,304.0,2,0,0,0,0,0,0,0,0,7,0,,67,11,2010,1,40.0239,-75.1303,304.0,6,0,0,0,0,0,0,0,0,,0,0,0,2.0,3,0,0,,0,40 01:26.200,,0,75 07:49.090,0,0,0,0,67301,0,0,0,N,0,0,0,1,67301,0,,2,1,,N,N,,0,,0,0,0,0,0,,254.0,0,2,0,0,1,0,0,3,4,0,2,3,,N,,,,,,,,,,,
2010119003,1046.0,0,0,0,0,0,0,0,0,0,5,0,,67,11,2010,6,39.9601,-75.1805,1041.0,6,0,0,0,0,0,1,0,0,1.0,0,0,0,10.0,1,0,0,,1,39 57:36.379,3.0,0,75 10:49.819,9,0,0,0,67301,0,0,0,Y,0,0,0,2,68K01,0,,1,1,,N,N,,0,,0,0,2,0,0,N,1038.0,0,2,0,0,0,0,1,3,4,0,2,3,,N,,,,,,,,,,,
2010114072,1810.0,0,0,0,1,0,0,0,0,0,4,0,,67,11,2010,4,39.9432,-75.1585,1805.0,6,0,0,0,0,0,0,1,0,,0,0,0,18.0,3,1,1,,0,39 56:35.516,,0,75 09:30.711,8,0,0,0,67301,1,0,0,N,0,0,0,2,67301,0,,1,1,,N,N,,0,,0,0,1,3,3,,1800.0,1,2,0,0,0,1,0,3,4,0,1,3,,N,,,,,,,,,,,
2010069244,1452.0,2,0,0,0,0,0,0,0,0,4,0,,67,6,2010,6,40.0093,-75.1646,1450.0,6,0,0,0,0,0,1,0,0,,0,0,0,14.0,1,1,1,,0,40 00:33.552,,0,75 09:52.480,4,0,0,0,67301,0,0,0,,0,0,0,2,67301,1,,1,1,,N,N,,0,,0,0,0,3,3,,1416.0,1,2,0,0,0,0,0,3,4,0,2,3,,N,,,,,,,,,,,
2010069267,1545.0,0,0,0,0,0,0,0,0,0,4,0,,67,6,2010,6,39.938,-75.1597,1535.0,6,0,0,0,0,0,1,0,0,1.0,0,0,0,15.0,1,2,1,,2,39 56:16.771,2.0,0,75 09:34.804,8,0,0,0,67301,0,0,0,,0,0,0,3,67301,0,,1,1,,,,,0,,0,0,1,2,3,Y,1525.0,2,2,0,0,0,2,0,3,4,1,2,3,,N,,,,,,,,,,,
2010069842,955.0,2,0,0,0,0,0,0,0,0,2,0,,67,6,2010,4,40.0683,-75.1599,950.0,6,0,0,0,0,2,0,0,0,2.0,0,0,0,9.0,1,1,3,,2,40 04:05.934,1.0,0,75 09:35.593,4,0,0,0,67301,0,0,0,N,0,0,0,2,67301,1,,1,1,,N,N,,0,,0,0,0,0,0,Y,947.0,1,2,0,0,0,0,0,3,4,0,2,3,,N,,,,,,,,,,,
2010074386,2310.0,0,0,0,0,0,0,0,0,0,7,0,,67,7,2010,7,39.9556,-75.1831,2303.0,6,0,0,0,0,0,0,0,0,,0,0,0,23.0,3,0,0,,0,39 57:25.336,,0,75 10:56.206,9,0,0,0,67301,0,0,0,N,0,0,0,1,67301,0,,5,9,,N,N,,0,,0,0,1,3,2,,2300.0,0,1,0,0,0,0,1,3,4,0,1,3,,N,,,,,,,,,,,
2010074441,1247.0,1,0,0,0,0,0,0,0,0,7,0,,67,6,2010,7,40.0626,-75.2394,1240.0,6,0,0,0,0,0,1,0,0,,0,0,0,99.0,3,1,1,,0,40 00:10.296,,0,75 11:14.148,8,0,0,0,67301,0,0,0,N,0,0,0,1,67301,0,,2,1,,N,N,,0,,0,0,0,0,0,,9999.0,1,1,0,0,0,1,0,3,4,0,1,3,,N,,,,,,,,,,,
2010061992,316.0,1,0,0,0,0,0,0,0,0,4,0,,67,5,2010,5,39.9286,-75.1537,314.0,6,0,0,0,1,0,0,0,0,1.0,0,0,0,3.0,3,1,1,,2,39 55:42.808,1.0,0,75 09:13.359,4,0,0,0,67301,0,0,0,N,0,0,0,2,67301,1,,9,1,,N,N,,1,,0,0,0,3,3,Y,314.0,1,2,0,0,0,0,0,3,4,0,2,3,,N,,,,,,,,,,,
2010081934,1610.0,2,0,0,0,0,0,0,0,0,4,0,,67,7,2010,6,39.9612,-75.1748,1606.0,6,0,0,0,0,0,1,0,0,,0,0,0,15.0,1,1,1,,0,39 57:40.918,,0,75 10:30.472,4,0,0,0,67301,0,0,0,,0,0,0,2,67301,1,,1,1,,,,,0,,0,0,0,3,2,,1538.0,1,2,0,0,0,0,0,3,4,0,2,3,,N,,,,,,,,,,,