CRN,ARRIVAL_TM,AUTOMOBILE_COUNT,BELTED_DEATH_COUNT,BELTED_SUSP_SERIOUS_INJ_COUNT,BICYCLE_COUNT,BICYCLE_DEATH_COUNT,BICYCLE_SUSP_SERIOUS_INJ_COUNT,BUS_COUNT,CHLDPAS_DEATH_COUNT,CHLDPAS_SUSP_SERIOUS_INJ_COUNT,COLLISION_TYPE,COMM_VEH_COUNT,CONS_ZONE_SPD_LIM,COUNTY,CRASH_MONTH,CRASH_YEAR,DAY_OF_WEEK,DEC_LAT,DEC_LONG,DISPATCH_TM,DISTRICT,DRIVER_COUNT_16YR,DRIVER_COUNT_17YR,DRIVER_COUNT_18YR,DRIVER_COUNT_19YR,DRIVER_COUNT_20YR,DRIVER_COUNT_50_64YR,DRIVER_COUNT_65_74YR,DRIVER_COUNT_75PLUS,EST_HRS_CLOSED,FATAL_COUNT,HEAVY_TRUCK_COUNT,HORSE_BUGGY_COUNT,HOUR_OF_DAY,ILLUMINATION,INJURY_COUNT,INTERSECT_TYPE,INTERSECTION_RELATED,LANE_CLOSED,LATITUDE,LN_CLOSE_DIR,LOCATION_TYPE,LONGITUDE,MAX_SEVERITY_LEVEL,MCYCLE_DEATH_COUNT,MCYCLE_SUSP_SERIOUS_INJ_COUNT,MOTORCYCLE_COUNT,MUNICIPALITY,NONMOTR_COUNT,NONMOTR_DEATH_COUNT,NONMOTR_SUSP_SERIOUS_INJ_COUNT,NTFY_HIWY_MAINT,PED_COUNT,PED_DEATH_COUNT,PED_SUSP_SERIOUS_INJ_COUNT,PERSON_COUNT,POLICE_AGCY,POSSIBLE_INJ_COUNT,RDWY_SURF_TYPE_CD,RELATION_TO_ROAD,ROAD_CONDITION,ROADWAY_CLEARED,SCH_BUS_IND,SCH_ZONE_IND,SECONDARY_CRASH,SMALL_TRUCK_COUNT,SPEC_JURIS_CD,SUSP_MINOR_INJ_COUNT,SUSP_SERIOUS_INJ_COUNT,SUV_COUNT,TCD_FUNC_CD,TCD_TYPE,TFC_DETOUR_IND,TIME_OF_DAY,TOT_INJ_COUNT,TOTAL_UNITS,UNB_DEATH_COUNT,UNB_SUSP_SERIOUS_INJ_COUNT,UNBELTED_OCC_COUNT,UNK_INJ_DEG_COUNT,UNK_INJ_PER_COUNT,URBAN_AREA,URBAN_RURAL,VAN_COUNT,VEHICLE_COUNT,WEATHER1,WEATHER2,WORK_ZONE_IND,WORK_ZONE_LOC,WORK_ZONE_TYPE,WORKERS_PRES,WZ_CLOSE_DETOUR,WZ_FLAGGER,WZ_LAW_OFFCR_IND,WZ_LN_CLOSURE,WZ_MOVING,WZ_OTHER,WZ_SHLDER_MDN,WZ_WORKERS_INJ_KILLED
2010081938,2030.0,1,0,0,0,0,0,0,0,0,8,0,,67,7,2010,5,40.0275,-75.168,1911.0,6,0,0,0,0,0,0,0,0,,0,0,0,19.0,3,1,1,,0,40 01:38.870,,0,75 10:04.951,4,0,0,0,67301,1,0,0,N,1,0,0,2,67301,1,,2,1,,N,N,,0,,0,0,0,3,3,,1900.0,1,2,0,0,0,0,1,3,4,0,1,99,,N,,,,,,,,,,,
2010081961,1305.0,1,0,0,0,0,0,0,0,0,8,0,,67,7,2010,5,39.9705,-75.234,1259.0,6,0,0,0,0,0,0,0,0,,0,0,0,12.0,1,1,0,,0,39 58:13.886,,0,75 14:02.506,4,0,0,0,67301,1,0,0,,1,0,0,2,67301,1,,1,1,,,,,0,,0,0,0,0,0,,1245.0,1,2,0,0,0,0,0,3,4,0,1,3,,N,,,,,,,,,,,
2010061926,2005.0,2,0,0,0,0,0,0,0,0,4,0,,67,5,2010,3,39.981,-75.1632,1945.0,6,0,0,0,1,0,0,0,0,,0,0,0,19.0,2,0,2,,0,39 58:51.430,,0,75 09:47.354,9,0,0,0,67301,0,0,0,,0,0,0,4,67301,0,,1,9,,N,N,,0,,0,0,0,3,3,,1930.0,0,2,0,0,0,0,1,3,4,0,2,7,,N,,,,,,,,,,,
2010069529,2210.0,2,0,0,0,0,0,0,0,0,1,1,,67,6,2010,5,39.9585,-75.1671,2207.0,6,0,0,0,0,0,2,0,0,,0,1,0,22.0,3,1,0,,0,39 57:30.754,,0,75 10:01.686,4,0,0,0,67301,0,0,0,N,0,0,0,4,68K01,1,,1,1,,N,N,,0,,0,0,0,0,0,,2204.0,1,4,0,0,0,0,1,3,4,0,4,3,,N,,,,,,,,,,,
2010084547,2335.0,1,0,0,1,0,0,0,0,0,4,0,,67,8,2010,2,40.0558,-75.1762,2329.0,6,0,0,0,0,0,0,0,0,,0,0,0,22.0,3,1,3,,0,40 03:20.842,,0,75 10:34.267,3,0,0,0,67301,1,0,0,N,0,0,0,2,67301,0,,1,1,,N,N,,0,,1,0,0,3,2,,2245.0,1,2,0,0,0,0,0,3,4,0,1,3,,N,,,,,,,,,,,
2010068581,2008.0,2,0,0,0,0,0,0,0,0,5,0,,67,7,2010,2,39.9915,-75.0863,2006.0,6,0,0,0,0,0,1,0,0,,0,0,0,19.0,4,1,0,,0,39 59:29.167,,0,75 05:10.762,3,0,0,0,67301,0,0,0,N,0,0,0,2,68K01,0,,1,9,,N,N,,0,,1,0,0,0,0,,1949.0,1,2,0,0,0,0,0,3,4,0,2,7,,N,,,,,,,,,,,
2010099641,918.0,1,0,0,0,0,0,0,0,0,8,0,,67,8,2010,7,39.9723,-75.1765,915.0,6,0,0,0,0,0,1,0,0,2.0,0,0,0,9.0,1,1,1,,2,39 58:20.337,2.0,0,75 10:35.541,8,0,0,0,67301,1,0,0,,1,0,0,2,67301,0,,1,1,,N,N,,0,,0,0,0,0,0,Y,909.0,1,2,0,0,0,1,0,3,4,0,1,3,,N,,,,,,,,,,,
2010102945,1010.0,0,0,0,1,0,0,0,0,0,1,0,,67,9,2010,4,39.9634,-75.1874,1001.0,6,0,0,0,0,0,1,0,0,,0,0,0,10.0,1,1,0,,0,39 57:48.045,,0,75 11:14.632,4,0,0,0,67301,1,0,0,N,0,0,0,2,67301,1,,1,1,,N,N,,0,,0,0,0,0,0,,1001.0,1,2,0,0,1,0,0,3,4,1,1,3,,N,,,,,,,,,,,
2010105653,1029.0,1,0,0,0,0,0,0,0,0,8,0,,67,9,2010,3,39.9801,-75.2273,1027.0,6,0,0,0,0,0,0,0,0,,0,0,0,8.0,1,1,1,,0,39 58:48.500,,0,75 13:38.114,8,0,0,0,67301,1,0,0,N,1,0,0,2,67301,0,,1,1,,N,N,,0,,0,0,0,9,3,,830.0,1,2,0,0,0,1,0,3,4,0,1,3,,N,,,,,,,,,,,
2010103010,1101.0,1,0,0,0,0,0,0,0,0,7,0,,67,9,2010,2,40.0256,-75.1224,1058.0,6,0,0,0,0,0,0,0,0,1.0,0,0,0,10.0,1,0,0,,1,40 01:32.255,1.0,0,75 07:20.692,9,0,0,0,67301,0,0,0,N,0,0,0,1,67301,0,,3,1,,N,N,,0,,0,0,0,0,0,N,1058.0,0,1,0,0,0,0,1,3,4,0,1,3,,N,,,,,,,,,,,
2010103023,1630.0,1,0,0,0,0,0,0,0,0,7,0,,67,9,2010,1,39.9364,-75.2164,1630.0,6,0,0,0,0,0,0,0,0,,0,0,0,99.0,1,1,2,,0,39 56:11.011,,0,75 12:59.205,4,0,0,0,67301,0,0,0,,0,0,0,1,67301,1,,5,1,,,,,0,,0,0,0,3,3,,9999.0,1,1,0,0,1,0,0,3,4,0,1,3,,N,,,,,,,,,,,
2010103063,1117.0,2,0,0,0,0,0,0,0,0,2,0,,67,7,2010,5,40.0007,-75.148,1109.0,6,0,0,0,0,0,0,0,0,,0,0,0,10.0,1,1,1,,0,40 00:02.469,,0,75 08:52.972,4,0,0,0,67301,0,0,0,,0,0,0,3,67301,1,,1,1,,,,,0,,0,0,0,3,2,,1059.0,1,2,0,0,0,0,0,3,4,0,2,3,,N,,,,,,,,,,,
2010103078,1727.0,1,0,0,1,0,0,0,0,0,4,0,,67,9,2010,2,39.9346,-75.1604,1725.0,6,0,0,0,0,0,0,0,0,,0,0,0,17.0,1,1,1,,0,39 56:04.383,,0,75 09:37.587,8,0,0,0,67301,1,0,0,N,0,0,0,2,67301,0,,1,1,,N,N,,0,,0,0,0,3,3,,1725.0,1,2,0,0,0,1,0,3,4,0,1,3,,N,,,,,,,,,,,
2010114320,2235.0,0,0,0,0,0,0,0,0,0,8,0,,67,10,2010,7,40.0079,-75.1405,2229.0,6,0,0,0,0,0,0,0,0,,0,0,0,20.0,3,1,1,,0,40 00:28.388,,0,75 08:25.762,4,0,0,0,67301,1,0,0,N,1,0,0,2,67301,1,,1,1,,N,N,,0,,0,0,1,0,0,,2030.0,1,2,0,0,0,0,0,3,4,0,1,3,,N,,,,,,,,,,,
2010114329,1440.0,1,0,0,1,0,0,0,0,0,4,0,,67,10,2010,1,40.0197,-75.0958,1436.0,6,0,0,0,0,0,0,0,0,,0,0,0,14.0,1,1,2,,0,40 01:10.861,,0,75 05:44.942,8,0,0,0,67301,1,0,0,N,0,0,0,2,67301,0,,1,1,,N,N,,0,,0,0,0,3,2,,1400.0,1,2,0,0,0,1,0,3,4,0,1,3,,N,,,,,,,,,,,
2010037534,1001.0,1,0,0,0,0,0,0,0,0,1,0,,67,3,2010,3,39.9843,-75.0963,1001.0,6,0,0,0,0,0,0,1,0,,0,0,0,9.0,1,0,0,,0,39 59:03.183,,0,75 05:47.059,0,0,0,0,67301,0,0,0,N,0,0,0,2,68K01,0,,1,1,,N,N,,0,,0,0,0,0,0,,935.0,0,2,0,0,0,0,0,3,4,1,2,3,,N,,,,,,,,,,,
2010048773,1430.0,0,0,0,0,0,0,0,0,0,1,0,,67,4,2010,2,40.0362,-75.0642,1426.0,6,0,0,0,0,0,1,1,0,,0,0,0,14.0,1,1,1,,0,40 02:10.346,,0,75 03:51.114,8,0,0,0,67301,0,0,0,N,0,0,0,5,67301,0,,1,1,,N,N,,0,,0,0,2,3,2,,1420.0,1,2,0,0,0,1,0,3,4,0,2,3,,N,,,,,,,,,,,
2010062983,2009.0,1,0,0,0,0,0,0,0,0,2,0,,67,5,2010,3,40.0385,-75.0269,2009.0,6,0,0,0,0,0,1,0,0,2.0,0,0,0,20.0,4,3,0,,2,40 02:18.760,6.0,0,75 01:36.970,4,0,0,0,67301,0,0,0,N,0,0,0,3,67301,3,,1,1,,N,N,,1,,0,0,0,0,0,Y,2008.0,3,2,0,0,0,0,0,3,4,0,2,3,,N,,,,,,,,,,,
2010077974,320.0,1,0,0,0,0,0,0,0,0,7,0,,67,8,2010,1,39.9233,-75.1476,314.0,6,0,0,0,0,0,0,0,0,1.0,0,0,0,3.0,3,1,0,,1,39 55:23.718,2.0,0,75 08:51.465,8,0,0,0,67301,0,0,0,N,0,0,0,1,68K01,0,,2,1,,N,N,,0,,0,0,0,0,0,N,304.0,1,1,0,0,1,1,0,3,4,0,1,3,,N,,,,,,,,,,,
2010067947,105.0,1,0,0,0,0,0,0,0,0,7,0,,67,6,2010,2,39.9658,-75.2461,57.0,6,0,0,0,1,0,0,0,0,,0,0,0,1.0,3,1,1,,0,39 57:56.929,,0,75 14:45.807,4,0,0,0,67301,0,0,0,N,0,0,0,2,67301,1,,5,1,,N,N,,0,,0,0,0,3,2,,100.0,1,1,0,0,1,0,0,3,4,0,1,3,,N,,,,,,,,,,,
2010073781,9999.0,2,0,0,0,0,0,0,0,0,4,0,,67,5,2010,1,39.9458,-75.1668,9999.0,6,0,0,0,0,0,0,0,0,,0,0,0,99.0,3,3,2,,0,39 56:44.732,,0,75 10:00.371,8,0,0,0,67301,0,0,0,N,0,0,0,3,67301,0,,1,1,,N,N,,0,,0,0,0,3,2,,9999.0,3,2,0,0,0,3,0,3,4,0,2,3,,N,,,,,,,,,,,
2010048885,1244.0,2,0,0,0,0,0,0,0,0,4,0,,67,4,2010,4,39.9593,-75.2005,1244.0,6,0,0,0,0,0,0,0,0,3.0,0,0,0,12.0,1,1,10,,2,39 57:33.487,6.0,0,75 12:01.753,8,0,0,0,67301,0,0,0,N,0,0,0,2,67301,0,,1,1,,N,N,,0,,0,0,0,3,3,Y,1242.0,1,2,0,0,0,1,1,3,4,0,2,3,,N,,,,,,,,,,,
2010052123,638.0,3,0,0,0,0,0,0,0,0,4,0,,67,4,2010,1,40.0328,-75.0621,630.0,6,0,0,0,0,0,0,0,0,,0,0,0,6.0,1,3,1,,0,40 01:58.098,,0,75 03:43.448,3,0,0,0,67301,0,0,0,N,0,0,0,3,67301,0,,1,1,,N,N,,0,,1,0,0,3,3,,630.0,3,3,0,0,0,2,0,3,4,0,3,3,,N,,,,,,,,,,,
2010052473,720.0,3,0,0,0,0,0,0,0,0,4,1,,67,5,2010,2,40.0444,-75.0617,715.0,6,0,0,0,0,0,0,0,0,,0,1,0,7.0,1,0,0,,0,40 02:39.769,,0,75 03:42.115,0,0,0,0,67301,0,0,0,N,0,0,0,1,67301,0,,6,1,,N,N,,0,,0,0,0,0,0,,710.0,0,4,0,0,0,0,0,3,4,0,4,3,,N,,,,,,,,,,,
2010117708,314.0,2,0,0,0,0,0,0,0,0,4,0,,67,10,2010,2,40.0801,-75.0685,309.0,6,0,0,0,0,0,0,0,0,,0,0,0,3.0,3,0,0,,0,40 04:48.271,,0,75 04:06.844,0,0,0,0,67301,0,0,0,N,0,0,0,1,67301,0,,6,1,,N,N,,0,,0,0,0,0,0,,309.0,0,2,0,0,0,0,0,3,4,0,2,3,,N,,,,,,,,,,,
2010117736,850.0,2,0,0,0,0,0,0,0,0,4,0,,67,10,2010,7,39.9284,-75.1618,847.0,6,0,0,0,0,0,1,0,1,,0,0,0,8.0,1,1,1,,0,39 55:42.135,,0,75 09:42.494,4,0,0,0,67301,0,0,0,,0,0,0,2,67301,1,,1,1,,,,,0,,0,0,0,3,3,,840.0,1,2,0,0,2,0,0,3,4,0,2,98,,N,,,,,,,,,,,
2010117739,1925.0,0,0,0,0,0,0,0,0,0,8,0,,67,10,2010,7,39.9868,-75.173,1925.0,6,0,0,0,0,0,0,0,0,,0,0,0,19.0,3,1,0,,0,39 59:12.588,,0,75 10:22.897,3,0,0,0,67301,1,0,0,N,1,0,0,3,67301,0,,1,1,,N,N,,0,,1,0,1,0,0,,1924.0,1,2,0,0,0,0,0,3,4,0,1,3,,N,,,,,,,,,,,
2010122400,1115.0,1,0,0,0,0,0,0,0,0,4,0,,67,11,2010,6,39.9894,-75.1437,1130.0,6,0,0,0,0,0,0,1,0,1.0,0,0,0,11.0,1,3,2,,1,39 59:21.811,1.0,0,75 08:37.251,8,0,0,0,67301,0,0,0,,0,0,0,4,67301,0,,1,1,,,,,1,,0,0,0,3,3,Y,1115.0,3,2,0,0,0,3,0,3,4,0,2,3,,N,,,,,,,,,,,
2010113836,1237.0,1,0,0,0,0,0,0,0,0,5,0,,67,10,2010,4,40.0445,-75.0545,1233.0,6,0,0,0,0,1,0,0,0,1.0,0,0,0,12.0,1,0,0,,2,40 02:40.098,2.0,1,75 03:16.144,9,0,0,0,67301,0,0,0,N,0,0,0,2,67301,0,,1,1,,N,N,,0,,0,0,0,0,0,Y,1230.0,0,2,0,0,1,0,1,3,4,0,2,3,,N,,,,,,,,,,,
2010114701,850.0,2,0,0,0,0,0,0,0,0,1,0,,67,11,2010,5,39.954,-75.1396,850.0,6,0,0,0,0,0,0,0,0,,0,0,0,8.0,1,0,0,,0,39 57:13.996,,3,75 08:22.629,0,0,0,0,67301,0,0,0,N,0,0,0,2,67501,0,,1,1,,N,N,,0,,0,0,0,0,0,,850.0,0,2,0,0,0,0,0,3,4,0,2,3,,N,,,,,,,,,,,
2010111448,1600.0,0,0,0,0,0,0,0,0,0,7,0,,67,10,2010,2,40.0205,-75.0509,1553.0,6,0,0,0,0,0,0,0,0,1.0,0,0,0,99.0,1,1,2,,1,40 01:13.918,4.0,0,75 03:03.260,4,0,0,1,67301,0,0,0,N,0,0,0,1,67301,1,,2,1,,N,N,,0,,0,0,0,3,3,N,9999.0,1,1,0,0,0,0,0,3,4,0,1,3,,N,,,,,,,,,,,
2010074454,1830.0,1,0,0,0,0,0,0,0,0,8,0,,67,7,2010,6,40.0592,-75.1615,1822.0,6,0,0,0,1,0,0,0,0,,0,0,0,18.0,1,1,2,,0,40 03:33.051,,0,75 09:41.277,4,0,0,0,67301,1,0,0,N,1,0,0,2,67301,1,,1,1,,N,N,,0,,0,0,0,0,0,,1811.0,1,2,0,0,0,0,1,3,4,0,1,3,,N,,,,,,,,,,,
2010074455,1300.0,2,0,0,0,0,0,0,0,0,1,0,,67,7,2010,5,40.0405,-75.1786,1255.0,6,0,0,0,0,0,0,0,0,,0,0,0,12.0,1,1,1,,0,40 02:25.628,,0,75 10:43.047,8,0,0,0,67301,0,0,0,N,0,0,0,2,67301,0,,1,1,,N,N,,0,,0,0,0,3,2,,1219.0,1,2,0,0,0,1,0,3,4,0,2,3,,N,,,,,,,,,,,
2010074456,900.0,1,0,0,0,0,0,0,0,0,7,0,,67,7,2010,6,40.0626,-75.1929,846.0,6,0,0,0,0,0,0,0,0,,0,0,0,8.0,1,1,1,,0,40 03:45.320,,0,75 11:34.310,4,0,0,0,67301,0,0,0,N,0,0,0,1,67301,1,,5,1,,N,N,,0,,0,0,0,3,2,,825.0,1,1,0,0,0,0,0,3,4,0,1,3,,N,,,,,,,,,,,
2010074470,2351.0,5,0,0,0,0,0,0,0,0,5,0,,67,7,2010,6,40.0356,-75.1856,2349.0,6,0,0,0,0,0,0,0,0,,0,0,0,23.0,3,0,0,,0,40 02:08.257,,0,75 11:08.189,0,0,0,0,67301,0,0,0,N,0,0,0,2,67301,0,,1,1,,N,N,,0,,0,0,0,0,0,,2345.0,0,5,0,0,2,0,0,3,4,0,5,3,,N,,,,,,,,,,,
2010081932,1020.0,2,0,0,0,0,0,0,0,0,1,0,,67,7,2010,2,39.9153,-75.2448,1015.0,6,0,0,0,0,0,0,0,0,,0,0,0,10.0,1,1,0,,0,39 54:55.246,,0,75 14:41.270,4,0,0,0,67301,0,0,0,,0,0,0,5,67301,1,,1,9,,,,,0,,0,0,0,0,0,,1000.0,1,2,0,0,0,0,0,3,4,0,2,7,,N,,,,,,,,,,,
2010074536,1337.0,2,0,0,0,0,0,0,0,0,4,0,,67,6,2010,1,40.013,-75.1194,1002.0,6,0,0,0,0,0,2,0,0,,0,0,0,13.0,1,0,1,,0,40 00:46.713,,0,75 07:09.797,0,0,0,0,67301,0,0,0,N,0,0,0,2,67301,0,,1,1,,N,N,,0,,0,0,0,3,2,,1307.0,0,2,0,0,0,0,0,3,4,0,2,3,,N,,,,,,,,,,,
2010051528,430.0,1,0,0,0,0,0,0,0,0,7,0,,67,5,2010,4,39.9982,-75.0814,430.0,6,0,0,0,0,0,0,0,0,2.0,0,0,0,4.0,3,0,0,,2,39 59:53.247,1.0,0,75 04:53.275,0,0,0,0,67301,0,0,0,N,0,0,0,1,68K01,0,,3,1,,N,N,,0,,0,0,0,0,0,N,429.0,0,1,0,0,0,0,0,3,4,0,1,3,,N,,,,,,,,,,,
2010067091,1510.0,0,0,0,0,0,0,0,0,0,1,0,,67,5,2010,2,39.9415,-75.235,1500.0,6,0,0,0,0,0,0,1,0,,0,0,0,8.0,1,2,1,,0,39 56:29.356,,0,75 14:06.041,4,0,0,0,67301,0,0,0,N,0,0,0,3,67301,2,,1,1,,N,N,,0,,0,0,1,3,2,,830.0,2,2,0,0,0,0,0,3,4,0,2,3,,N,,,,,,,,,,,
2010069597,1428.0,2,0,0,0,0,0,0,0,0,1,0,,67,6,2010,3,40.0348,-75.0711,1411.0,6,0,0,0,0,0,0,0,0,3.0,0,0,0,14.0,1,2,1,,1,40 02:05.146,1.0,0,75 04:15.791,8,0,0,0,67301,0,0,0,,0,0,0,6,67301,0,,1,1,,,,,0,,0,0,0,3,2,N,1409.0,2,2,0,0,0,2,0,3,4,0,2,3,,N,,,,,,,,,,,
2010081784,2125.0,1,0,0,0,0,0,0,0,0,5,0,,67,7,2010,7,40.103,-75.0144,2117.0,6,0,0,0,0,0,0,1,0,,0,0,0,21.0,3,0,0,,0,40 06:10.713,,0,75 00:51.710,0,0,0,0,67301,0,0,0,N,0,0,0,1,67301,0,,1,1,,N,N,,0,,0,0,0,0,0,,2110.0,0,2,0,0,0,0,0,3,4,1,2,3,,N,,,,,,,,,,,
2010069911,1500.0,2,0,0,0,0,0,0,0,0,4,0,,67,6,2010,4,39.9678,-75.15,1500.0,6,0,0,0,0,0,0,0,0,,0,0,0,13.0,1,3,0,,0,39 58:04.170,,7,75 08:59.870,4,0,0,0,67301,0,0,0,N,0,0,0,4,67301,3,,1,1,,N,N,,0,,0,0,0,0,0,,1300.0,3,2,0,0,0,0,0,3,4,0,2,3,,N,,,,,,,,,,,
2010069999,1545.0,3,0,0,0,0,0,0,0,0,2,0,,67,6,2010,4,40.078,-75.0237,1541.0,6,0,1,0,0,0,2,0,0,2.0,0,0,0,15.0,1,3,2,,2,40 04:40.775,4.0,0,75 01:25.271,4,0,0,0,67301,0,0,0,N,0,0,0,5,37301,1,,1,1,,N,N,,0,,0,0,1,3,2,Y,1540.0,3,4,0,0,0,2,0,3,4,0,4,3,,N,,,,,,,,,,,
2010074569,1056.0,2,0,0,0,0,0,0,0,0,6,0,,67,7,2010,5,40.0568,-75.047,1051.0,6,0,0,0,0,0,0,0,0,1.0,0,0,0,10.0,1,1,1,,1,40 03:24.532,3.0,0,75 02:49.228,8,0,0,0,67301,0,0,0,,0,0,0,2,67301,0,,1,1,,,,,0,,0,0,0,3,2,N,1045.0,1,2,0,0,0,1,0,3,4,0,2,3,,N,,,,,,,,,,,
2010074586,1140.0,1,0,0,0,0,0,0,0,0,8,0,,67,7,2010,3,40.0702,-75.0704,1132.0,6,0,0,0,0,0,1,0,0,,0,0,0,6.0,1,1,1,,0,40 04:12.769,,0,75 04:13.466,8,0,0,0,67301,1,0,0,N,1,0,0,2,67301,0,,1,1,,N,N,,0,,0,0,0,3,2,,610.0,1,2,0,0,0,1,0,3,4,0,1,3,,N,,,,,,,,,,,
2010074588,1725.0,2,0,0,0,0,0,0,0,0,4,0,,67,7,2010,6,40.1093,-75.0256,1720.0,6,0,1,0,0,0,1,0,0,2.0,0,0,0,17.0,1,1,2,,1,40 06:33.392,1.0,0,75 01:31.993,8,0,0,0,67301,0,0,0,,0,0,0,3,67301,0,,1,1,,N,N,,0,,0,0,0,3,3,Y,1715.0,1,2,0,0,0,1,0,3,4,0,2,3,,N,,,,,,,,,,,
2010074620,10.0,1,0,0,0,0,0,0,0,0,1,0,,67,6,2010,3,39.9153,-75.2212,3.0,6,0,0,0,0,0,0,0,0,,0,0,0,22.0,3,1,0,,0,39 54:52.250,,7,75 13:17.216,3,0,0,1,67301,0,0,0,N,0,0,0,3,67301,0,,1,1,,N,N,,0,,1,0,0,0,0,,2200.0,1,2,0,0,0,0,1,3,4,0,2,3,,N,,,,,,,,,,,
2010074642,740.0,1,0,0,0,0,0,0,0,0,1,0,,67,7,2010,2,39.9833,-75.1761,736.0,6,0,0,0,0,0,0,0,0,,0,0,0,7.0,1,0,0,,0,39 58:59.819,,0,75 10:33.917,0,0,0,0,67301,0,0,0,,0,0,0,1,67301,0,,6,1,,,,,0,,0,0,1,0,0,,736.0,0,2,0,0,0,0,0,3,4,0,2,3,,N,,,,,,,,,,,
2010074651,2210.0,2,0,0,0,0,0,0,0,0,2,0,,67,7,2010,1,39.9383,-75.1986,2130.0,6,0,0,1,0,0,0,0,0,,0,0,0,21.0,6,3,1,,0,39 56:18.900,,0,75 11:54.432,3,0,0,0,67301,0,0,0,N,0,0,0,4,67301,2,,1,1,,N,N,,0,,1,0,0,3,2,,2120.0,3,2,0,0,0,0,0,3,4,0,2,3,,N,,,,,,,,,,,
2010102948,1206.0,1,0,0,1,0,0,0,0,0,5,0,,67,9,2010,4,39.958,-75.2095,1203.0,6,0,0,0,0,0,0,1,0,,0,0,0,12.0,1,1,3,,0,39 57:28.967,,0,75 12:34.259,8,0,0,0,67301,1,0,0,N,0,0,0,2,67301,0,,1,1,,N,N,,0,,0,0,0,3,2,,1200.0,1,2,0,0,0,1,0,3,4,0,1,3,,N,,,,,,,,,,,
2010103058,1719.0,2,0,0,0,0,0,0,0,0,6,0,,67,9,2010,3,39.9168,-75.1713,1713.0,6,0,0,0,0,0,0,0,0,,0,0,0,17.0,1,0,1,,0,39 55:00.583,,0,75 10:16.768,0,0,0,0,67301,0,0,0,N,0,0,0,2,67301,0,,1,1,,N,N,,0,,0,0,0,3,2,,1700.0,0,2,0,0,0,0,0,3,4,0,2,3,,N,,,,,,,,,,,
2010103079,1320.0,3,0,0,0,0,0,0,0,0,1,0,,67,9,2010,1,39.939,-75.2324,1315.0,6,0,0,0,0,0,2,0,0,,0,0,0,13.0,1,3,1,,0,39 56:20.461,,0,75 13:56.639,8,0,0,0,67301,0,0,0,N,0,0,0,7,67301,0,,1,1,,N,N,,0,,0,0,0,3,2,,1315.0,3,3,0,0,2,3,4,3,4,0,3,3,,N,,,,,,,,,,,
2010125085,1705.0,1,0,0,0,0,0,0,0,0,7,0,,67,11,2010,3,39.9936,-75.1545,1655.0,6,0,0,0,0,0,0,0,0,,0,0,0,16.0,3,1,0,,0,39 59:36.883,,0,75 09:16.343,3,0,0,0,67301,0,0,0,,0,0,0,1,67301,0,,2,9,,,,,0,,1,0,0,0,0,,1645.0,1,1,0,0,0,0,0,3,4,0,1,7,,N,,,,,,,,,,,
2010114324,230.0,2,0,0,0,0,0,0,0,0,1,0,,67,10,2010,1,40.0207,-75.0477,214.0,6,0,0,0,0,0,0,0,0,,0,0,0,99.0,3,1,0,,0,40 01:14.541,,0,75 02:51.741,4,0,0,0,67301,0,0,0,N,0,0,0,1,67301,1,,6,1,,N,N,,0,,0,0,2,0,0,,9999.0,1,5,0,0,0,0,0,3,4,1,5,3,,N,,,,,,,,,,,
2010012252,645.0,1,0,0,0,0,0,1,0,0,4,1,,67,2,2010,2,39.9511,-75.1656,630.0,6,0,0,0,0,0,0,0,0,3.0,0,0,0,6.0,3,7,1,,2,39 57:03.858,7.0,0,75 09:56.243,3,0,0,0,67301,0,0,0,N,0,0,0,9,67301,6,,1,1,,N,N,,0,,1,0,0,3,2,Y,625.0,7,2,0,0,0,0,0,3,4,0,2,3,,N,,,,,,,,,,,
2010009895,130.0,1,0,0,0,0,0,0,0,0,7,0,,67,1,2010,7,,,130.0,6,0,0,0,0,0,1,0,0,1.0,0,0,0,1.0,3,0,0,,2,,3.0,3,,9,0,0,0,67301,0,0,0,N,0,0,0,1,67501,0,,2,1,,N,N,,0,,0,0,0,3,2,Y,130.0,0,2,0,0,0,0,1,3,3,0,1,3,,N,,,,,,,,,,,
2010067946,2040.0,1,0,0,0,0,0,0,0,0,8,0,,67,6,2010,5,39.932,-75.1697,2033.0,6,0,0,0,0,0,0,0,0,,0,0,0,20.0,3,1,0,,0,39 55:55.345,,0,75 10:11.098,4,0,0,0,67301,1,0,0,N,1,0,0,2,67301,1,,1,1,,N,N,,0,,0,0,0,0,0,,2029.0,1,2,0,0,1,0,0,3,4,0,1,3,,N,,,,,,,,,,,
2010070739,1049.0,2,0,0,0,0,0,0,0,0,4,0,,67,6,2010,5,39.9546,-75.173,1047.0,6,0,0,0,0,0,0,1,0,,0,0,0,10.0,1,1,1,,0,39 57:16.502,,0,75 10:22.764,4,0,0,0,67301,0,0,0,N,0,0,0,3,67301,1,,1,1,,N,N,,0,,0,0,0,3,2,,1035.0,1,2,0,0,0,0,1,3,4,0,2,3,,N,,,,,,,,,,,
2010059560,2045.0,1,0,0,0,0,0,0,0,0,4,0,,67,3,2010,4,39.9911,-75.2377,2041.0,6,0,0,0,0,0,0,0,0,3.0,0,0,0,20.0,3,1,2,,2,39 59:27.888,7.0,0,75 14:15.727,3,0,0,1,67301,0,0,0,N,0,0,0,2,67301,0,,1,1,,N,N,,0,,1,0,0,3,3,Y,2039.0,1,2,0,0,0,0,0,3,4,0,2,3,,N,,,,,,,,,,,