CRN,ARRIVAL_TM,AUTOMOBILE_COUNT,BELTED_DEATH_COUNT,BELTED_SUSP_SERIOUS_INJ_COUNT,BICYCLE_COUNT,BICYCLE_DEATH_COUNT,BICYCLE_SUSP_SERIOUS_INJ_COUNT,BUS_COUNT,CHLDPAS_DEATH_COUNT,CHLDPAS_SUSP_SERIOUS_INJ_COUNT,COLLISION_TYPE,COMM_VEH_COUNT,CONS_ZONE_SPD_LIM,COUNTY,CRASH_MONTH,CRASH_YEAR,DAY_OF_WEEK,DEC_LAT,DEC_LONG,DISPATCH_TM,DISTRICT,DRIVER_COUNT_16YR,DRIVER_COUNT_17YR,DRIVER_COUNT_18YR,DRIVER_COUNT_19YR,DRIVER_COUNT_20YR,DRIVER_COUNT_50_64YR,DRIVER_COUNT_65_74YR,DRIVER_COUNT_75PLUS,EST_HRS_CLOSED,FATAL_COUNT,HEAVY_TRUCK_COUNT,HORSE_BUGGY_COUNT,HOUR_OF_DAY,ILLUMINATION,INJURY_COUNT,INTERSECT_TYPE,INTERSECTION_RELATED,LANE_CLOSED,LATITUDE,LN_CLOSE_DIR,LOCATION_TYPE,LONGITUDE,MAX_SEVERITY_LEVEL,MCYCLE_DEATH_COUNT,MCYCLE_SUSP_SERIOUS_INJ_COUNT,MOTORCYCLE_COUNT,MUNICIPALITY,NONMOTR_COUNT,NONMOTR_DEATH_COUNT,NONMOTR_SUSP_SERIOUS_INJ_COUNT,NTFY_HIWY_MAINT,PED_COUNT,PED_DEATH_COUNT,PED_SUSP_SERIOUS_INJ_COUNT,PERSON_COUNT,POLICE_AGCY,POSSIBLE_INJ_COUNT,RDWY_SURF_TYPE_CD,RELATION_TO_ROAD,ROAD_CONDITION,ROADWAY_CLEARED,SCH_BUS_IND,SCH_ZONE_IND,SECONDARY_CRASH,SMALL_TRUCK_COUNT,SPEC_JURIS_CD,SUSP_MINOR_INJ_COUNT,SUSP_SERIOUS_INJ_COUNT,SUV_COUNT,TCD_FUNC_CD,TCD_TYPE,TFC_DETOUR_IND,TIME_OF_DAY,TOT_INJ_COUNT,TOTAL_UNITS,UNB_DEATH_COUNT,UNB_SUSP_SERIOUS_INJ_COUNT,UNBELTED_OCC_COUNT,UNK_INJ_DEG_COUNT,UNK_INJ_PER_COUNT,URBAN_AREA,URBAN_RURAL,VAN_COUNT,VEHICLE_COUNT,WEATHER1,WEATHER2,WORK_ZONE_IND,WORK_ZONE_LOC,WORK_ZONE_TYPE,WORKERS_PRES,WZ_CLOSE_DETOUR,WZ_FLAGGER,WZ_LAW_OFFCR_IND,WZ_LN_CLOSURE,WZ_MOVING,WZ_OTHER,WZ_SHLDER_MDN,WZ_WORKERS_INJ_KILLED
2010048923,1309.0,0,0,0,0,0,0,1,0,0,8,1,,67,4,2010,5,39.9486,-75.146,1308.0,6,0,0,0,0,0,0,0,0,,0,0,0,12.0,1,1,1,,0,39 56:55.085,,0,75 08:45.776,4,0,0,0,67301,1,0,0,N,1,0,0,2,67301,1,,1,1,,N,N,,0,,0,0,0,3,2,,1224.0,1,2,0,0,0,0,0,3,4,0,1,3,,N,,,,,,,,,,,
2010052085,1557.0,1,0,0,0,0,0,0,0,0,8,0,,67,4,2010,5,39.976,-75.1735,1555.0,6,0,0,0,0,0,0,0,0,,0,0,0,15.0,1,1,2,,0,39 58:33.506,,0,75 10:24.596,8,0,0,0,67301,1,0,0,,1,0,0,2,67301,0,,1,1,,N,N,,0,,0,0,0,0,0,,1530.0,1,2,0,0,0,1,0,3,4,0,1,3,,N,,,,,,,,,,,
2010117733,1540.0,2,0,0,0,0,0,0,0,0,4,0,,67,10,2010,7,39.9678,-75.2282,1535.0,6,0,0,0,0,0,0,0,0,,0,0,0,15.0,1,1,1,,0,39 58:04.242,,0,75 13:41.404,8,0,0,0,67301,0,0,0,,0,0,0,2,67301,0,,1,1,,,,,0,,0,0,0,3,2,,1535.0,1,2,0,0,0,1,0,3,4,0,2,3,,N,,,,,,,,,,,
2010117766,1926.0,2,0,0,0,0,0,0,0,0,5,0,,67,10,2010,7,39.9858,-75.1115,1926.0,6,0,0,0,0,0,0,0,0,,0,0,0,19.0,3,0,1,,0,39 59:08.884,,0,75 06:41.745,0,0,0,0,67301,0,0,0,,0,0,0,1,67301,0,,1,1,,,,,2,,0,0,0,0,0,,1924.0,0,4,0,0,0,0,0,3,4,0,4,3,,N,,,,,,,,,,,
2010095075,238.0,2,0,0,0,0,0,0,0,0,5,0,,67,10,2010,6,40.0387,-75.0094,221.0,6,0,0,0,0,0,0,0,0,,0,0,0,2.0,3,0,0,,0,40 02:19.594,,0,75 00:33.337,9,0,0,0,67301,0,0,0,N,0,0,0,3,68K01,0,,1,8,,N,N,,0,,0,0,0,0,0,,219.0,0,2,0,0,0,0,1,3,4,0,2,7,,N,,,,,,,,,,,
2010126972,2305.0,1,0,0,0,0,0,0,0,0,1,0,,67,10,2010,5,40.0504,-74.9911,2257.0,6,0,0,0,0,0,0,0,0,2.0,0,0,0,22.0,3,0,0,,1,40 03:01.646,1.0,0,74 59:27.311,0,0,0,0,67301,0,0,0,N,0,0,0,4,68K01,0,,2,1,,N,N,,1,,0,0,1,0,0,N,2248.0,0,3,0,0,0,0,0,3,4,0,3,3,,N,,,,,,,,,,,
2010122399,9999.0,2,0,0,0,0,0,0,0,0,4,0,,67,11,2010,5,39.9817,-75.1452,9999.0,6,0,0,0,0,0,1,0,0,,0,0,0,15.0,1,1,2,,0,39 58:54.156,,0,75 08:42.853,4,0,0,0,67301,0,0,0,,0,0,0,4,67301,1,,1,9,,,,,0,,0,0,0,3,3,,1540.0,1,2,0,0,0,0,2,3,4,0,2,7,,N,,,,,,,,,,,
2010122411,200.0,1,0,0,0,0,0,0,0,0,7,0,,67,11,2010,4,39.9821,-75.2232,150.0,6,0,0,0,0,0,0,0,0,,0,0,0,1.0,2,0,0,,0,39 58:55.405,,0,75 13:23.654,0,0,0,0,67301,0,0,0,N,0,0,0,1,67301,0,,5,1,,N,N,,0,,0,0,0,0,0,,150.0,0,1,0,0,0,0,0,3,4,0,1,3,,N,,,,,,,,,,,
2010122436,2119.0,3,0,0,0,0,0,0,0,0,4,0,,67,8,2010,6,40.0208,-75.1183,2115.0,6,0,0,0,0,0,0,0,0,9.0,0,0,0,21.0,3,5,1,,2,40 01:14.871,7.0,0,75 07:05.809,3,0,0,0,67301,0,0,0,N,0,0,0,6,67301,0,,1,1,,N,N,,0,,3,0,1,3,2,Y,2115.0,5,4,0,0,0,2,1,3,4,0,4,3,,N,,,,,,,,,,,
2010122452,1923.0,0,0,0,0,0,0,0,0,0,4,0,,67,11,2010,5,39.9759,-75.2239,1923.0,6,0,0,0,0,0,0,0,0,3.0,0,0,0,19.0,3,8,0,,2,39 58:33.192,3.0,0,75 13:26.114,4,0,0,0,67301,0,0,0,N,0,0,0,22,67301,8,,1,1,,N,N,,0,,0,0,1,0,0,Y,1922.0,8,2,0,0,4,0,0,3,4,0,2,3,,N,,,,,,,,,,,
2010118844,1930.0,1,0,0,0,0,0,0,0,0,8,0,,67,10,2010,4,40.0638,-75.0835,1924.0,6,0,0,0,0,0,0,0,0,,0,0,0,19.0,3,1,1,,0,40 03:49.505,,0,75 05:00.516,4,0,0,0,67301,1,0,0,,1,0,0,2,67301,1,,1,1,,,,,0,,0,0,0,3,2,,1924.0,1,2,0,0,0,0,0,3,4,0,1,3,,N,,,,,,,,,,,
2010116306,9999.0,2,0,0,0,0,0,0,0,0,1,0,,67,10,2010,7,39.9682,-75.2282,9999.0,6,0,0,0,0,0,1,0,0,2.0,0,0,0,99.0,1,0,0,,1,39 58:05.493,2.0,7,75 13:41.632,0,0,0,0,67301,0,0,0,N,0,0,0,4,67301,0,,1,1,,N,N,,0,,0,0,1,0,0,N,9999.0,0,3,0,0,0,0,0,3,4,0,3,3,,N,,,,,,,,,,,
2010113804,2240.0,2,0,0,0,0,0,0,0,0,4,0,,67,10,2010,6,39.923,-75.1885,2233.0,6,0,0,1,0,0,0,0,0,1.0,0,0,0,22.0,3,0,1,,1,39 55:22.764,1.0,1,75 11:18.725,0,0,0,0,67301,0,0,0,N,0,0,0,2,67301,0,,1,1,,N,N,,0,,0,0,0,3,2,N,2232.0,0,2,0,0,0,0,0,3,4,0,2,3,,N,,,,,,,,,,,
2010113817,9999.0,1,0,0,0,0,0,0,0,0,8,0,,67,10,2010,4,40.0357,-75.081,1111.0,6,0,0,0,0,0,0,0,0,,0,0,0,7.0,1,1,1,,0,40 02:08.562,,0,75 04:51.435,4,0,0,0,67301,1,0,0,,1,0,0,2,67301,1,,1,1,,,,,0,,0,0,0,3,2,,745.0,1,2,0,0,0,0,0,3,4,0,1,3,,N,,,,,,,,,,,
2010111444,900.0,1,0,0,0,0,0,0,0,0,2,0,,67,10,2010,6,39.9276,-75.2226,900.0,6,0,0,0,0,0,0,0,0,,0,0,0,8.0,1,2,0,,0,39 55:39.441,,0,75 13:21.421,4,0,0,0,67301,0,0,0,N,0,0,0,4,67301,2,,1,9,,N,N,,0,,0,0,0,0,0,,850.0,2,2,0,0,0,0,0,3,4,0,2,7,,N,,,,,,,,,,,
2010114077,405.0,1,0,0,0,0,0,0,0,0,5,0,,67,10,2010,7,40.1226,-75.0239,405.0,6,0,0,0,0,0,0,0,0,,0,0,0,3.0,3,0,0,,0,40 07:21.442,,0,75 01:26.158,0,0,0,0,67301,0,0,0,N,0,0,0,1,67301,0,,1,1,,N,N,,1,,0,0,0,0,0,,345.0,0,2,0,0,0,0,0,3,4,0,2,3,,N,,,,,,,,,,,
2010069737,542.0,0,0,0,0,0,0,0,0,0,7,0,,67,6,2010,1,39.9829,-75.098,539.0,6,0,0,0,0,0,0,0,0,,0,0,0,5.0,1,0,2,,0,39 58:58.549,,2,75 05:52.823,0,0,0,0,67301,0,0,0,N,0,0,0,1,67301,0,,7,1,,N,N,,0,,0,0,1,3,3,,535.0,0,1,0,0,0,0,0,3,4,0,1,3,,N,,,,,,,,,,,
2010069773,905.0,0,0,0,0,0,0,0,0,0,0,0,,67,6,2010,2,40.0548,-75.169,855.0,6,0,0,0,0,0,0,0,0,,0,0,0,8.0,1,2,1,,0,40 03:17.448,,0,75 10:08.247,4,0,0,0,67301,0,0,0,N,0,0,0,2,67301,1,,1,1,,N,N,,0,,0,0,0,3,2,,849.0,2,1,0,0,0,1,0,3,4,1,1,3,,N,,,,,,,,,,,
2010069253,1619.0,2,0,0,0,0,0,0,0,0,1,0,,67,6,2010,4,39.9243,-75.1694,1616.0,6,0,0,0,0,0,1,0,0,,0,0,0,16.0,1,1,0,,0,39 55:26.341,,0,75 09:59.843,8,0,0,0,67301,0,0,0,N,0,0,0,3,67301,0,,1,1,,N,N,,0,,0,0,0,0,0,,1611.0,1,2,0,0,1,1,0,3,4,0,2,3,,N,,,,,,,,,,,
2010069843,1752.0,1,0,0,0,0,0,0,0,0,7,0,,67,6,2010,5,39.9789,-75.1892,1750.0,6,0,0,0,0,0,0,0,0,,0,0,0,17.0,4,1,0,,0,39 58:44.102,,0,75 11:21.041,8,0,0,0,67301,0,0,0,,0,0,0,1,67301,0,,5,1,,N,N,,0,,0,0,0,0,0,,1750.0,1,1,0,0,0,1,0,3,4,0,1,3,,N,,,,,,,,,,,
2010066838,7.0,1,0,0,0,0,0,0,0,0,7,0,,67,7,2010,2,39.9455,-75.1426,7.0,6,0,0,0,1,0,0,0,0,,0,0,0,0.0,3,2,0,,0,39 56:43.685,,0,75 08:33.433,4,0,0,0,67301,0,0,0,N,0,0,0,3,68K01,2,,2,1,,N,N,,0,,0,0,0,0,0,,6.0,2,1,0,0,0,0,0,3,4,0,1,3,,N,,,,,,,,,,,
2010074459,1330.0,0,0,0,0,0,0,0,0,0,0,0,,67,7,2010,5,39.9618,-75.2348,1321.0,6,0,0,0,0,0,0,0,0,,0,0,0,99.0,1,1,2,,0,39 57:42.598,,0,75 14:05.146,4,0,0,1,67301,0,0,0,,0,0,0,1,67301,1,,1,1,,N,N,,0,,0,0,0,0,0,,9999.0,1,1,0,0,0,0,0,3,4,0,1,3,,N,,,,,,,,,,,
2010074468,1905.0,2,0,0,0,0,0,0,0,0,4,0,,67,7,2010,1,39.9898,-75.2266,1856.0,6,0,0,0,0,0,0,0,0,,0,0,0,18.0,1,0,2,,0,39 59:23.175,,0,75 13:35.709,0,0,0,0,67301,0,0,0,N,0,0,0,4,67301,0,,1,1,,N,N,,0,,0,0,0,3,3,,1850.0,0,2,0,0,0,0,0,3,4,0,2,3,,N,,,,,,,,,,,
2010071971,423.0,1,0,0,0,0,0,0,0,0,7,0,,67,7,2010,7,39.9794,-75.107,410.0,6,0,0,0,0,0,0,0,0,1.0,0,0,0,4.0,3,0,0,,1,39 58:46.397,1.0,0,75 06:25.710,0,0,0,0,67301,0,0,0,N,0,0,0,1,68K01,0,,2,9,,N,N,,0,,0,0,0,0,0,N,400.0,0,1,0,0,0,0,0,3,4,0,1,7,,N,,,,,,,,,,,
2010081958,2130.0,2,0,0,0,0,0,0,0,0,4,0,,67,7,2010,7,39.9397,-75.1982,2125.0,6,0,0,0,0,0,0,0,0,2.0,0,0,0,20.0,3,1,0,,2,39 56:22.979,1.0,0,75 11:53.353,8,0,0,0,67301,0,0,0,N,0,0,0,3,67301,0,,1,1,,N,N,,0,,0,0,0,3,2,Y,2050.0,1,2,0,0,0,1,0,3,4,0,2,3,,N,,,,,,,,,,,
2010074533,1505.0,1,0,0,0,0,0,0,0,0,4,0,,67,7,2010,6,40.0361,-75.194,1500.0,6,0,0,0,0,1,0,0,0,,0,0,0,14.0,1,1,1,,0,40 02:09.918,,0,75 11:38.294,8,0,0,0,67301,0,0,0,N,0,0,0,3,67301,0,,1,9,,N,N,,1,,0,0,0,3,2,,1430.0,1,2,0,0,0,1,0,3,4,0,2,7,,N,,,,,,,,,,,
2010067065,1655.0,2,0,0,0,0,0,0,0,0,4,0,,67,5,2010,1,39.9256,-75.2417,1650.0,6,0,0,0,0,0,0,0,1,,0,0,0,16.0,1,1,2,,0,39 55:32.066,,0,75 14:30.271,8,0,0,0,67301,0,0,0,N,0,0,0,2,67301,0,,1,1,,,N,,0,,0,0,0,3,3,,1648.0,1,2,0,0,2,1,0,3,4,0,2,3,,N,,,,,,,,,,,
2010084545,845.0,0,0,0,0,0,0,0,0,0,4,0,,67,8,2010,3,39.9538,-75.2364,835.0,6,0,0,0,0,0,0,0,0,,0,0,0,8.0,1,2,1,,0,39 57:13.568,,0,75 14:11.209,8,0,0,0,67301,0,0,0,N,0,0,0,2,67301,0,,1,1,,N,N,,0,,0,0,1,3,3,,825.0,2,2,0,0,1,2,0,3,4,1,2,3,,N,,,,,,,,,,,
2010069925,1917.0,2,0,0,0,0,0,0,0,0,4,0,,67,6,2010,4,40.0207,-75.0402,1907.0,6,0,0,0,0,0,0,0,0,,0,0,0,19.0,1,2,2,,0,40 01:14.101,,0,75 02:24.990,4,0,0,0,67301,0,0,0,N,0,0,0,2,67301,2,,1,1,,N,N,,0,,0,0,0,3,2,,1900.0,2,2,0,0,0,0,0,3,4,0,2,3,,N,,,,,,,,,,,
2010069960,1800.0,0,0,0,0,0,0,0,0,0,7,0,,67,6,2010,3,40.0229,-75.1352,1755.0,6,0,0,0,0,0,0,1,0,,0,0,0,17.0,1,1,3,,0,40 01:22.324,,0,75 08:06.575,4,0,0,0,67301,0,0,0,,0,0,0,1,67301,1,,4,1,,,,,1,,0,0,0,3,3,,1745.0,1,1,0,0,0,0,0,3,4,0,1,3,,N,,,,,,,,,,,
2010069973,1320.0,1,0,0,0,0,0,0,0,0,7,0,,67,6,2010,5,40.0084,-75.1948,1315.0,6,0,0,0,0,0,0,0,0,1.0,0,0,0,13.0,1,4,0,,1,40 00:26.409,1.0,0,75 11:32.362,2,0,0,0,67301,0,0,0,N,0,0,0,4,67301,1,,2,1,,N,N,,0,,2,1,0,0,0,Y,1315.0,4,1,0,0,0,0,0,3,4,0,1,3,,N,,,,,,,,,,,
2010069977,1525.0,1,0,0,0,0,0,0,0,0,1,0,,67,6,2010,3,39.8931,-75.2222,9999.0,6,0,0,0,0,0,1,0,0,,0,0,0,15.0,1,1,7,,0,39 53:37.393,,2,75 13:14.852,8,0,0,1,67301,0,0,0,N,0,0,0,2,67301,0,,1,1,,N,N,,0,,0,0,0,0,0,,1500.0,1,2,0,0,0,1,0,3,4,0,2,3,,N,,,,,,,,,,,
2010070037,1441.0,0,0,0,0,0,0,0,0,0,2,0,,67,6,2010,7,40.0343,-75.0785,1429.0,6,0,0,0,0,0,0,0,0,,0,0,0,14.0,1,0,0,,0,40 02:03.454,,0,75 04:42.456,9,0,0,0,67301,0,0,0,N,0,0,0,1,67301,0,,4,98,,N,N,,0,,0,0,0,0,0,,1425.0,0,2,0,0,0,0,1,3,4,1,2,99,,N,,,,,,,,,,,
2010100350,1240.0,0,0,0,0,0,0,0,0,0,7,0,,67,9,2010,2,40.0366,-75.0153,1240.0,6,0,0,0,0,0,0,0,0,2.0,0,0,0,12.0,1,3,0,,1,40 02:11.902,2.0,0,75 00:54.583,2,0,0,0,67301,0,0,0,N,0,0,0,3,68K01,0,,4,9,,N,N,,0,,2,1,1,0,0,N,1240.0,3,1,0,1,2,0,0,3,4,0,1,7,,N,,,,,,,,,,,
2010095756,2003.0,1,0,0,0,0,0,0,0,0,7,0,,67,10,2010,6,39.9317,-75.1997,1955.0,6,0,1,0,0,0,0,0,0,,0,0,0,19.0,2,0,0,,0,39 55:56.275,,0,75 11:59.923,0,0,0,0,67301,0,0,0,N,0,0,0,2,68K01,0,,2,1,,N,N,,0,,0,0,0,0,0,,1952.0,0,1,0,0,0,0,0,3,4,0,1,3,,N,,,,,,,,,,,
2010117902,1947.0,2,0,0,0,0,0,0,0,0,6,0,,67,10,2010,4,40.0122,-75.1555,1945.0,6,0,0,0,0,0,0,1,0,,0,0,0,19.0,3,3,0,,0,40 00:44.030,,0,75 09:19.860,4,0,0,0,67301,0,0,0,N,0,0,0,5,67301,3,,1,1,,N,N,,0,,0,0,1,0,0,,1945.0,3,3,0,0,0,0,0,3,4,0,3,3,,N,,,,,,,,,,,
2010117930,1736.0,2,0,0,0,0,0,0,0,0,4,0,,67,10,2010,3,40.037,-75.073,1734.0,6,0,0,0,0,0,1,0,0,,0,0,0,17.0,1,1,2,,0,40 02:13.067,,0,75 04:22.640,4,0,0,0,67301,0,0,0,,0,0,0,2,67301,1,,1,1,,,,,0,,0,0,0,9,3,,1732.0,1,2,0,0,2,0,0,3,4,0,2,3,,N,,,,,,,,,,,
2010117943,9999.0,0,0,0,0,0,0,0,0,0,8,0,,67,10,2010,1,39.9772,-75.1467,1810.0,6,0,0,0,0,0,0,0,0,,0,0,0,18.0,1,1,0,,0,39 58:38.076,,0,75 08:48.053,4,0,0,0,67301,1,0,0,N,1,0,0,2,67301,1,,6,1,,N,N,,0,,0,0,1,0,0,,1810.0,1,2,0,0,0,0,0,3,4,0,1,3,,N,,,,,,,,,,,
2010042551,1038.0,1,0,0,0,0,0,0,0,0,6,0,,67,3,2010,4,40.0154,-75.0917,1035.0,6,0,0,0,0,0,1,0,0,,0,0,0,10.0,1,0,0,,0,40 00:55.389,,0,75 05:30.278,0,0,0,0,67301,0,0,0,N,0,0,0,1,67301,0,,1,1,,N,,,0,,0,0,1,3,8,,1030.0,0,2,0,0,1,0,0,3,4,0,2,3,,N,,,,,,,,,,,
2010040536,410.0,1,0,0,0,0,0,0,0,0,4,1,,67,3,2010,7,40.0523,-75.008,356.0,6,0,0,0,0,1,0,0,0,,0,1,0,3.0,3,1,1,,0,40 03:08.339,,0,75 00:28.750,8,0,0,0,67301,0,0,0,N,0,0,0,3,67301,0,,1,1,,N,N,,1,,0,0,0,3,2,,350.0,1,3,0,0,0,1,0,3,4,0,3,3,,N,,,,,,,,,,,
2010060435,2054.0,1,0,0,0,0,0,0,0,0,1,0,,67,6,2010,2,39.9689,-75.1918,2053.0,6,0,0,0,0,0,0,0,0,2.0,0,0,0,20.0,3,1,0,,1,39 58:09.083,3.0,0,75 11:31.504,4,0,0,0,67301,0,0,0,N,0,0,0,1,68K01,1,,2,1,,N,N,,0,,0,0,1,0,0,N,2052.0,1,2,0,0,0,0,0,3,4,0,2,3,,N,,,,,,,,,,,
2010070061,2335.0,2,0,0,0,0,0,0,0,0,4,0,,67,6,2010,2,39.9457,-75.24,2330.0,6,0,0,0,0,0,0,0,0,,0,0,0,22.0,3,2,0,,0,39 56:44.532,,7,75 14:24.041,4,0,0,0,67301,0,0,0,N,0,0,0,5,67301,1,,1,1,,N,N,,0,,0,0,0,0,0,,2243.0,2,2,0,0,0,1,0,3,4,0,2,3,,N,,,,,,,,,,,
2010070076,814.0,2,0,0,0,0,0,0,0,0,5,0,45.0,67,6,2010,6,40.0097,-75.1872,810.0,6,0,0,0,0,0,0,0,0,1.0,0,0,0,8.0,1,1,7,,2,40 00:38.272,4.0,2,75 11:04.414,4,0,0,0,67301,0,0,0,N,0,0,0,3,67301,1,,1,1,,N,N,,0,,0,0,1,3,8,N,808.0,1,3,0,0,0,0,1,3,4,0,3,3,,Y,3.0,1.0,Y,U,U,Y,Y,U,U,U,
2010062728,1315.0,2,0,0,0,0,0,0,0,0,1,0,,67,5,2010,3,40.1184,-75.0099,1312.0,6,0,0,0,0,0,0,0,0,1.0,0,0,0,13.0,1,1,0,,1,40 07:06.333,1.0,0,75 00:35.521,8,0,0,0,67301,0,0,0,,0,0,0,1,67301,0,,6,1,,N,,,1,,0,0,0,0,0,N,1300.0,1,3,0,0,0,1,0,3,4,0,3,3,,N,,,,,,,,,,,
2010048904,1710.0,2,0,0,0,0,0,0,0,0,2,0,,67,5,2010,1,40.0314,-75.1497,1705.0,6,0,0,0,0,0,0,0,0,,0,0,0,16.0,1,1,0,,0,40 01:53.050,,0,75 08:58.884,4,0,0,0,67301,0,0,0,N,0,0,0,1,67301,1,,1,1,,N,N,,0,,0,0,1,0,0,,1650.0,1,3,0,0,0,0,0,3,4,0,3,3,,N,,,,,,,,,,,
2010048919,9999.0,2,0,0,0,0,0,0,0,0,4,0,,67,4,2010,4,40.0214,-75.148,9999.0,6,0,1,0,0,0,0,0,0,,0,0,0,99.0,1,1,0,,0,40 01:16.983,,7,75 08:52.960,8,0,0,0,67301,0,0,0,,0,0,0,2,67301,0,,1,1,,N,N,,0,,0,0,0,3,2,,9999.0,1,2,0,0,0,1,0,3,4,0,2,3,,N,,,,,,,,,,,
2010052118,1930.0,1,0,0,1,0,0,0,0,0,5,0,,67,5,2010,3,39.9606,-75.1406,1920.0,6,0,0,0,0,0,0,0,0,,0,0,0,99.0,1,1,1,,0,39 57:38.067,,0,75 08:25.515,4,0,0,0,67301,1,0,0,N,0,0,0,2,67301,1,,1,1,,N,N,,0,,0,0,0,3,2,,9999.0,1,2,0,0,0,0,0,3,4,0,1,3,,N,,,,,,,,,,,
2010052442,909.0,2,0,0,0,0,0,0,0,0,4,0,,67,4,2010,6,40.0047,-75.1521,904.0,6,0,0,0,0,0,0,0,0,,0,0,0,9.0,1,2,1,,0,40 00:16.847,,0,75 09:07.652,8,0,0,0,67301,0,0,0,,0,0,0,2,67301,0,,1,1,,,,,0,,0,0,0,3,2,,900.0,2,2,0,0,0,2,0,3,4,0,2,3,,N,,,,,,,,,,,
2010052452,137.0,0,0,0,0,0,0,0,0,0,7,0,,67,5,2010,1,40.0137,-75.1253,135.0,6,0,0,0,0,0,0,0,0,2.0,0,0,0,1.0,3,1,0,,1,40 00:49.446,3.0,0,75 07:31.004,4,0,0,0,67301,0,0,0,N,0,0,0,2,67301,1,,5,1,,N,N,,0,,0,0,1,0,0,Y,135.0,1,2,0,0,0,0,0,3,4,0,1,3,,N,,,,,,,,,,,
2010117718,2231.0,2,0,0,0,0,0,0,0,0,6,0,,67,10,2010,1,40.0085,-75.2107,2217.0,6,0,0,0,1,0,0,0,0,,0,0,0,22.0,3,0,1,,0,40 00:30.736,,0,75 12:38.579,0,0,0,0,67301,0,0,0,N,0,0,0,5,67301,0,,1,1,,N,N,,0,,0,0,0,3,2,,2215.0,0,2,0,0,0,0,0,3,4,0,2,3,,N,,,,,,,,,,,
2010117737,907.0,1,0,0,0,0,0,1,0,0,1,1,,67,10,2010,3,39.9872,-75.1874,907.0,6,0,0,0,0,0,1,0,0,,0,0,0,99.0,1,1,2,,0,39 59:14.098,,0,75 11:14.523,8,0,0,0,67301,0,0,0,,0,0,0,4,67301,0,,1,9,,Y,,,0,,0,0,0,3,2,,9999.0,1,3,0,0,0,1,0,3,4,1,3,7,,N,,,,,,,,,,,
2010117804,1642.0,1,0,0,0,0,0,0,0,0,5,1,,67,11,2010,6,39.9507,-75.1504,1642.0,6,0,0,0,0,0,1,0,0,,0,1,0,16.0,1,0,10,,0,39 57:02.546,,0,75 09:01.347,0,0,0,0,67301,0,0,0,N,0,0,0,2,67301,0,,1,1,,N,N,,0,,0,0,0,3,2,,1640.0,0,2,0,0,0,0,0,3,4,0,2,3,,N,,,,,,,,,,,
2010117809,1710.0,2,0,0,0,0,0,0,0,0,4,0,,67,10,2010,2,40.0,-75.1405,1705.0,6,0,0,0,1,0,0,0,0,,0,0,0,17.0,4,2,1,,0,39 59:59.852,,0,75 08:25.815,4,0,0,0,67301,0,0,0,,0,0,0,4,67301,2,,1,1,,,,,0,,0,0,0,9,9,,1700.0,2,2,0,0,0,0,0,3,4,0,2,3,,N,,,,,,,,,,,
2010091132,1705.0,0,0,0,0,0,0,0,0,0,4,0,,67,8,2010,1,40.0208,-75.1183,1659.0,6,0,0,0,0,0,0,0,0,,0,0,0,16.0,1,3,1,,0,40 01:14.968,,0,75 07:05.769,4,0,0,0,67301,0,0,0,N,0,0,0,4,67301,2,,1,1,,N,N,,0,,0,0,2,3,2,,1614.0,3,2,0,0,0,1,0,3,4,0,2,3,,N,,,,,,,,,,,
2010093663,1836.0,1,0,0,0,0,0,1,0,0,1,1,,67,9,2010,3,39.9525,-75.1625,1826.0,6,0,0,0,0,0,0,0,0,,0,0,0,17.0,1,2,2,,0,39 57:08.768,,0,75 09:45.156,4,0,0,0,67301,0,0,0,,0,0,0,3,67301,2,,1,1,,,,,0,,0,0,0,3,2,,1745.0,2,2,0,0,0,0,0,3,4,0,2,3,,N,,,,,,,,,,,
2010117872,1745.0,1,0,0,0,0,0,0,0,0,4,0,,67,11,2010,5,40.0953,-75.0161,1740.0,6,0,0,0,0,0,0,2,0,,0,0,0,17.0,3,0,0,,0,40 05:42.930,,7,75 00:57.820,0,0,0,0,67301,0,0,0,,0,0,0,2,67301,0,,1,9,,,,,0,,0,0,1,0,0,,1730.0,0,2,0,0,0,0,0,3,4,0,2,7,,N,,,,,,,,,,,
2010093226,1216.0,1,0,0,0,0,0,0,0,0,7,0,,67,9,2010,6,39.8769,-75.2555,1206.0,6,0,0,0,0,0,1,0,0,,0,0,0,12.0,1,1,0,,0,39 52:34.980,,2,75 15:35.790,8,0,0,0,67301,0,0,0,N,0,0,0,1,68K01,0,,2,1,,N,N,,0,,0,0,0,0,0,,1200.0,1,1,0,0,0,1,0,3,4,0,1,3,,N,,,,,,,,,,,
2010121849,1228.0,0,0,0,0,0,0,2,0,0,5,2,,67,11,2010,3,40.0152,-75.2076,1220.0,6,0,0,0,0,0,1,0,0,,0,0,0,12.0,1,1,0,,0,40 00:54.915,,0,75 12:28.541,8,0,0,0,67301,0,0,0,,0,0,0,3,67301,0,,1,9,,N,N,,0,,0,0,0,0,0,,1219.0,1,2,0,0,0,1,0,3,4,0,2,7,,N,,,,,,,,,,,