CRN,ARRIVAL_TM,AUTOMOBILE_COUNT,BELTED_DEATH_COUNT,BELTED_SUSP_SERIOUS_INJ_COUNT,BICYCLE_COUNT,BICYCLE_DEATH_COUNT,BICYCLE_SUSP_SERIOUS_INJ_COUNT,BUS_COUNT,CHLDPAS_DEATH_COUNT,CHLDPAS_SUSP_SERIOUS_INJ_COUNT,COLLISION_TYPE,COMM_VEH_COUNT,CONS_ZONE_SPD_LIM,COUNTY,CRASH_MONTH,CRASH_YEAR,DAY_OF_WEEK,DEC_LAT,DEC_LONG,DISPATCH_TM,DISTRICT,DRIVER_COUNT_16YR,DRIVER_COUNT_17YR,DRIVER_COUNT_18YR,DRIVER_COUNT_19YR,DRIVER_COUNT_20YR,DRIVER_COUNT_50_64YR,DRIVER_COUNT_65_74YR,DRIVER_COUNT_75PLUS,EST_HRS_CLOSED,FATAL_COUNT,HEAVY_TRUCK_COUNT,HORSE_BUGGY_COUNT,HOUR_OF_DAY,ILLUMINATION,INJURY_COUNT,INTERSECT_TYPE,INTERSECTION_RELATED,LANE_CLOSED,LATITUDE,LN_CLOSE_DIR,LOCATION_TYPE,LONGITUDE,MAX_SEVERITY_LEVEL,MCYCLE_DEATH_COUNT,MCYCLE_SUSP_SERIOUS_INJ_COUNT,MOTORCYCLE_COUNT,MUNICIPALITY,NONMOTR_COUNT,NONMOTR_DEATH_COUNT,NONMOTR_SUSP_SERIOUS_INJ_COUNT,NTFY_HIWY_MAINT,PED_COUNT,PED_DEATH_COUNT,PED_SUSP_SERIOUS_INJ_COUNT,PERSON_COUNT,POLICE_AGCY,POSSIBLE_INJ_COUNT,RDWY_SURF_TYPE_CD,RELATION_TO_ROAD,ROAD_CONDITION,ROADWAY_CLEARED,SCH_BUS_IND,SCH_ZONE_IND,SECONDARY_CRASH,SMALL_TRUCK_COUNT,SPEC_JURIS_CD,SUSP_MINOR_INJ_COUNT,SUSP_SERIOUS_INJ_COUNT,SUV_COUNT,TCD_FUNC_CD,TCD_TYPE,TFC_DETOUR_IND,TIME_OF_DAY,TOT_INJ_COUNT,TOTAL_UNITS,UNB_DEATH_COUNT,UNB_SUSP_SERIOUS_INJ_COUNT,UNBELTED_OCC_COUNT,UNK_INJ_DEG_COUNT,UNK_INJ_PER_COUNT,URBAN_AREA,URBAN_RURAL,VAN_COUNT,VEHICLE_COUNT,WEATHER1,WEATHER2,WORK_ZONE_IND,WORK_ZONE_LOC,WORK_ZONE_TYPE,WORKERS_PRES,WZ_CLOSE_DETOUR,WZ_FLAGGER,WZ_LAW_OFFCR_IND,WZ_LN_CLOSURE,WZ_MOVING,WZ_OTHER,WZ_SHLDER_MDN,WZ_WORKERS_INJ_KILLED
2010121460,9999.0,2,0,0,0,0,0,0,0,0,4,0,,67,11,2010,6,40.0246,-75.1737,9999.0,6,0,0,0,0,0,0,0,0,,0,0,0,15.0,1,0,1,,0,40 01:28.560,,0,75 10:25.345,0,0,0,0,67301,0,0,0,N,0,0,0,2,67301,0,,1,1,,N,Y,,0,,0,0,0,3,3,,1548.0,0,2,0,0,0,0,0,3,4,0,2,3,,N,,,,,,,,,,,
2010111446,822.0,3,0,0,0,0,0,0,0,0,4,0,,67,9,2010,5,39.9245,-75.2282,820.0,6,0,0,0,0,1,0,0,0,,0,0,0,8.0,1,5,1,,0,39 55:28.272,,0,75 13:41.656,8,0,0,0,67301,0,0,0,,0,0,0,6,67301,0,,1,9,,,,,0,,0,0,0,3,3,,804.0,5,3,0,0,0,5,0,3,4,0,3,7,,N,,,,,,,,,,,
2010114071,944.0,0,0,0,0,0,0,0,0,0,5,0,99.0,67,10,2010,1,39.9073,-75.1878,943.0,6,0,0,0,0,0,0,0,0,,0,0,0,9.0,1,2,1,,0,39 54:26.280,,0,75 11:16.256,3,0,0,0,67301,0,0,0,N,0,0,0,6,67301,0,,1,1,,N,N,,1,,2,0,0,0,0,,942.0,2,2,0,0,0,0,0,3,4,1,2,3,,Y,4.0,8.0,U,,,U,Y,,,,
2010069738,155.0,1,0,0,0,0,0,0,0,0,1,0,,67,6,2010,7,39.9491,-75.1623,153.0,6,0,0,0,0,0,1,0,0,1.0,0,0,0,1.0,3,1,0,,2,39 56:56.781,4.0,0,75 09:44.417,8,0,0,0,67301,0,0,0,N,0,0,0,2,67301,0,,1,1,,N,N,,0,,0,0,1,0,0,Y,150.0,1,2,0,0,0,1,1,3,4,0,2,3,,N,,,,,,,,,,,
2010056548,2303.0,0,0,0,0,0,0,0,0,0,7,0,,67,5,2010,6,40.0234,-75.0334,2300.0,6,0,0,0,0,0,0,0,0,1.0,0,0,0,22.0,3,0,7,,2,40 01:24.491,1.0,2,75 02:00.443,0,0,0,0,67301,0,0,0,Y,0,0,0,1,68K01,0,,7,9,,N,N,,0,,0,0,1,0,0,Y,2257.0,0,1,0,0,0,0,0,3,4,0,1,7,,N,,,,,,,,,,,
2010069250,1601.0,0,0,0,0,0,0,0,0,0,4,0,,67,6,2010,3,39.9439,-75.1819,1600.0,6,0,0,0,0,0,0,0,0,1.0,0,0,0,15.0,1,5,3,,1,39 56:37.899,4.0,0,75 10:54.955,3,0,0,0,67301,0,0,0,,0,0,0,6,67301,0,,1,1,,,,,1,,1,0,1,3,2,N,1555.0,5,2,0,0,0,4,1,3,4,0,2,3,,N,,,,,,,,,,,
2010069865,650.0,1,0,0,0,0,0,0,0,0,7,0,,67,5,2010,7,40.1031,-75.0034,645.0,6,0,0,0,0,0,0,0,0,,0,0,0,6.0,1,1,0,,0,40 06:11.322,,0,75 00:12.345,3,0,0,0,67301,0,0,0,N,0,0,0,1,67301,0,,5,9,,N,N,,0,,1,0,0,0,0,,644.0,1,1,0,0,1,0,0,3,4,0,1,3,,N,,,,,,,,,,,
2010061990,1120.0,1,0,0,1,0,0,0,0,0,8,0,,67,5,2010,5,40.0486,-75.1449,1110.0,6,0,0,0,0,0,1,0,0,,0,0,0,10.0,1,1,1,,0,40 02:55.097,,0,75 08:41.622,8,0,0,0,67301,1,0,0,,0,0,0,2,67301,0,,1,1,,,,,0,,0,0,0,9,2,,1050.0,1,2,0,0,0,1,0,3,4,0,1,3,,N,,,,,,,,,,,
2010064415,2316.0,1,0,0,0,0,0,0,0,0,1,0,,67,6,2010,2,39.955,-75.181,2313.0,6,0,0,0,0,0,0,0,0,2.0,0,0,0,22.0,3,4,0,,2,39 57:23.034,3.0,1,75 10:50.144,4,0,0,0,67301,0,0,0,N,0,0,0,6,68K01,4,,1,1,,N,N,,0,,0,0,1,0,0,N,2258.0,4,2,0,0,1,0,0,3,4,0,2,3,,N,,,,,,,,,,,
2010081921,912.0,1,0,0,0,0,0,1,0,0,1,1,,67,7,2010,6,40.0262,-75.1216,905.0,6,0,0,0,0,0,0,0,0,,0,0,0,8.0,1,1,1,,0,40 01:34.076,,0,75 07:18.694,8,0,0,0,67301,0,0,0,N,0,0,0,3,67301,0,,1,1,,N,N,,0,,0,0,0,3,2,,840.0,1,3,0,0,0,1,0,3,4,1,3,3,,N,,,,,,,,,,,
2010081942,913.0,0,0,0,0,0,0,0,0,0,8,0,,67,7,2010,5,40.0097,-75.196,911.0,6,0,0,0,0,0,1,0,0,,0,0,0,9.0,1,1,1,,0,40 00:34.904,,0,75 11:45.583,4,0,0,0,67301,1,0,0,,1,0,0,2,67301,1,,1,1,,,,,0,,0,0,1,3,2,,905.0,1,2,0,0,0,0,0,3,4,0,1,3,,N,,,,,,,,,,,
2010081960,1910.0,2,0,0,0,0,0,0,0,0,1,0,,67,7,2010,4,39.9772,-75.2759,1900.0,6,0,0,0,0,0,2,0,0,,0,0,0,99.0,1,1,0,,0,39 58:37.833,,0,75 16:33.234,4,0,0,0,67301,0,0,0,N,0,0,0,6,67301,1,,1,1,,N,N,,0,,0,0,0,0,0,,9999.0,1,2,0,0,0,0,0,3,4,0,2,3,,N,,,,,,,,,,,
2010074530,1850.0,2,0,0,0,0,0,0,0,0,2,0,,67,7,2010,7,40.0086,-75.0688,1846.0,6,0,0,0,0,0,0,1,0,,0,0,0,18.0,1,2,1,,0,40 00:31.249,,0,75 04:07.877,8,0,0,0,67301,0,0,0,N,0,0,0,2,67301,0,,1,1,,N,N,,0,,0,0,0,3,2,,1818.0,2,2,0,0,0,2,0,3,4,0,2,3,,N,,,,,,,,,,,
2010082098,1453.0,0,0,0,0,0,0,0,0,0,7,1,50.0,67,7,2010,2,40.0099,-75.1862,1418.0,6,0,0,0,0,0,1,0,0,3.0,0,1,0,14.0,1,1,0,,1,40 00:35.783,1.0,1,75 11:10.235,4,0,0,0,67301,0,0,0,Y,0,0,0,2,67301,1,,1,1,,N,N,,0,,0,0,0,0,0,N,1418.0,1,1,0,0,0,0,0,3,4,0,1,3,,Y,5.0,1.0,N,U,U,N,U,U,U,Y,
2010054039,1800.0,3,0,0,0,0,0,0,0,0,1,0,,67,6,2010,6,39.9667,-75.1874,1755.0,6,0,0,0,0,0,1,0,0,1.0,0,0,0,17.0,1,0,0,,1,39 58:04.214,4.0,0,75 11:23.346,0,0,0,0,67301,0,0,0,N,0,0,0,8,68K01,0,,1,1,,N,N,,0,,0,0,1,0,0,N,1753.0,0,4,0,0,0,0,0,3,4,0,4,3,,N,,,,,,,,,,,
2010067056,2005.0,1,0,0,0,0,0,0,0,0,8,0,,67,5,2010,2,39.9354,-75.2218,1952.0,6,0,0,0,0,0,0,0,0,,0,0,0,19.0,1,1,0,,0,39 56:07.562,,0,75 13:18.318,3,0,0,0,67301,1,0,0,N,1,0,0,2,67301,0,,1,1,,N,N,,0,,1,0,0,0,0,,1948.0,1,2,0,0,0,0,0,3,4,0,1,3,,N,,,,,,,,,,,
2010067078,849.0,2,0,0,0,0,0,0,0,0,4,0,,67,6,2010,1,39.9387,-75.1732,847.0,6,0,0,0,0,0,1,0,0,,0,0,0,8.0,1,1,1,,0,39 56:19.158,,0,75 10:23.411,8,0,0,0,67301,0,0,0,N,0,0,0,2,67301,0,,1,1,,N,N,,0,,0,0,0,3,2,,840.0,1,2,0,0,0,1,0,3,4,0,2,3,,N,,,,,,,,,,,
2010069642,130.0,1,0,0,0,0,0,0,0,0,5,0,,67,6,2010,6,39.988,-75.1571,127.0,6,0,0,0,0,0,0,0,0,,0,0,0,1.0,3,1,0,,0,39 59:16.904,,0,75 09:25.682,4,0,0,0,67301,0,0,0,,0,0,0,2,67301,1,,6,1,,,,,0,,0,0,0,0,0,,127.0,1,2,0,0,0,0,0,3,4,1,2,3,,N,,,,,,,,,,,
2010048782,2049.0,2,0,0,0,0,0,0,0,0,1,0,,67,4,2010,6,40.0205,-75.154,2047.0,6,0,0,0,0,0,0,0,0,1.0,0,0,0,20.0,3,0,0,,2,40 01:13.701,2.0,0,75 09:14.387,0,0,0,0,67301,0,0,0,N,0,0,0,4,67301,0,,1,1,,N,N,,0,,0,0,0,0,0,N,2047.0,0,2,0,0,1,0,0,3,4,0,2,3,,N,,,,,,,,,,,
2010048785,943.0,1,0,0,0,0,0,0,0,0,4,0,,67,4,2010,6,39.9719,-75.1487,942.0,6,0,0,0,0,0,0,0,0,,0,0,0,9.0,1,2,1,,0,39 58:18.717,,0,75 08:55.168,4,0,0,0,67301,0,0,0,N,0,0,0,3,67301,2,,1,1,,N,N,,1,,0,0,0,3,3,,935.0,2,2,0,0,0,0,0,3,4,0,2,3,,N,,,,,,,,,,,
2010065771,2221.0,2,0,0,0,0,0,0,0,0,7,0,,67,5,2010,6,39.9268,-75.1949,2205.0,6,0,0,0,0,0,0,0,0,2.0,0,0,0,21.0,3,2,0,,1,39 55:38.490,3.0,0,75 11:43.829,8,0,0,0,67301,0,0,0,N,0,0,0,5,68K01,0,,2,1,,N,N,,0,,0,0,0,0,0,N,2152.0,2,2,0,0,2,2,0,3,4,0,2,3,,N,,,,,,,,,,,
2010072899,246.0,1,0,0,0,0,0,0,0,0,7,0,,67,8,2010,2,39.9535,-75.1375,246.0,6,0,0,0,0,0,0,0,0,1.0,0,0,0,2.0,3,0,0,,2,39 57:12.541,4.0,3,75 08:14.846,0,0,0,0,67301,0,0,0,N,0,0,0,2,67501,0,,3,1,,N,N,,0,,0,0,0,3,8,N,246.0,0,1,0,0,0,0,0,3,4,0,1,3,,N,,,,,,,,,,,
2010073309,2032.0,1,0,0,0,0,0,0,0,0,8,0,,67,6,2010,6,40.0919,-75.0253,2027.0,6,0,0,0,0,0,0,0,0,2.0,0,0,0,20.0,4,1,0,,2,40 05:30.663,3.0,0,75 01:31.116,8,0,0,0,67301,1,0,0,,1,0,0,2,67301,0,,1,1,,,,,0,,0,0,0,0,0,N,2027.0,1,2,0,0,0,1,0,3,4,0,1,3,,N,,,,,,,,,,,
2010073332,520.0,1,0,0,0,0,0,0,0,0,5,0,,67,7,2010,6,,,519.0,6,0,0,0,0,0,1,1,0,,0,0,0,5.0,1,1,10,,0,,,0,,8,0,0,0,67301,0,0,0,N,0,0,0,3,67501,0,,1,1,,N,N,,0,,0,0,1,0,0,,514.0,1,2,0,0,0,1,0,3,3,0,2,3,,N,,,,,,,,,,,
2010070733,9999.0,1,0,0,0,0,0,0,0,0,4,0,,67,6,2010,2,39.9921,-75.1526,9999.0,6,0,0,0,0,0,0,0,0,,0,0,0,99.0,1,1,2,,0,39 59:31.552,,7,75 09:09.338,4,0,0,0,67301,1,0,0,N,1,0,0,2,67301,1,,2,9,,N,N,,0,,0,0,0,3,3,,9999.0,1,2,0,0,0,0,0,3,4,0,1,3,,N,,,,,,,,,,,
2010068359,734.0,1,0,0,0,0,0,0,0,0,5,1,,67,6,2010,5,,,719.0,6,0,0,0,0,0,0,0,0,,0,1,0,7.0,1,1,0,,0,,,0,,3,0,0,0,67301,0,0,0,N,0,0,0,2,68K01,0,,1,1,,N,N,,0,,1,0,0,0,0,,716.0,1,2,0,0,0,0,1,3,3,0,2,3,,N,,,,,,,,,,,
2010059553,906.0,2,0,0,0,0,0,0,0,0,1,0,,67,5,2010,3,39.992,-75.1402,851.0,6,0,0,0,0,0,1,0,0,,0,0,0,8.0,1,1,1,,0,39 59:31.320,,0,75 08:24.665,4,0,0,0,67301,0,0,0,N,0,0,0,2,67301,1,,1,1,,N,N,,0,,0,0,0,2,2,,845.0,1,2,0,0,0,0,0,3,4,0,2,3,,N,,,,,,,,,,,
2010048902,325.0,1,0,0,0,0,0,0,0,0,4,0,,67,4,2010,1,40.0198,-75.1506,320.0,6,0,0,0,0,0,0,0,0,,0,0,0,3.0,3,0,2,,0,40 01:11.208,,0,75 09:02.246,0,0,0,0,67301,0,0,0,N,0,0,0,2,67301,0,,1,9,,N,N,,0,,0,0,1,3,2,,315.0,0,2,0,0,0,0,0,3,4,0,2,7,,N,,,,,,,,,,,
2010048916,701.0,1,0,0,0,0,0,0,0,0,1,0,,67,4,2010,4,40.0076,-75.1276,701.0,6,0,0,0,0,0,0,0,0,,0,0,0,7.0,1,0,1,,0,40 00:27.502,,0,75 07:38.377,9,0,0,0,67301,0,0,0,N,0,0,0,2,67301,0,,1,1,,N,N,,1,,0,0,0,3,2,,701.0,0,2,0,0,0,0,1,3,4,0,2,3,,N,,,,,,,,,,,
2010052451,1403.0,1,0,0,1,0,0,0,0,0,5,0,,67,5,2010,4,39.9517,-75.203,1400.0,6,0,0,0,0,0,0,0,0,,0,0,0,13.0,1,1,0,,0,39 57:06.276,,0,75 12:10.762,8,0,0,0,67301,1,0,0,N,0,0,0,2,67301,0,,1,1,,N,N,,0,,0,0,0,3,2,,1359.0,1,2,0,0,0,1,0,3,4,0,1,3,,N,,,,,,,,,,,
2010052165,1814.0,2,0,0,0,0,0,0,0,0,4,0,,67,4,2010,5,40.0615,-75.0237,1810.0,6,0,0,1,0,0,0,0,0,2.0,0,0,0,16.0,1,0,0,,1,40 03:41.230,1.0,0,75 01:25.212,0,0,0,0,67301,0,0,0,N,0,0,0,2,67301,0,,1,1,,N,N,,0,,0,0,0,0,0,N,1605.0,0,3,0,0,0,0,0,3,4,1,3,3,,N,,,,,,,,,,,
2010117715,2000.0,1,0,0,0,0,0,0,0,0,4,0,,67,10,2010,4,40.0086,-75.0688,1957.0,6,0,0,0,1,0,0,0,0,3.0,0,0,0,19.0,3,5,1,,2,40 00:31.034,1.0,0,75 04:07.810,8,0,0,0,67301,0,0,0,,0,0,0,7,67301,0,,1,9,,,N,,0,,0,0,1,3,2,N,1955.0,5,2,0,0,0,5,0,3,4,0,2,7,,N,,,,,,,,,,,
2010117726,1418.0,1,0,0,0,0,0,0,0,0,8,0,,67,10,2010,4,39.9629,-75.1916,1414.0,6,0,0,0,0,0,0,0,0,1.0,0,0,0,13.0,1,1,0,,1,39 57:46.433,3.0,7,75 11:29.927,4,0,0,0,67301,3,0,0,N,3,0,0,4,67301,1,,1,1,,N,N,,0,,0,0,1,0,0,N,1350.0,1,5,0,0,1,0,0,3,4,0,2,3,,N,,,,,,,,,,,
2010117757,1555.0,4,0,0,0,0,0,0,0,0,5,0,,67,11,2010,2,39.9196,-75.1527,1549.0,6,0,0,0,0,0,1,0,0,1.0,0,0,0,15.0,1,1,0,,2,39 55:10.653,3.0,0,75 09:09.806,4,0,0,0,67301,0,0,0,N,0,0,0,2,67301,1,,1,1,,N,N,,0,,0,0,0,0,0,Y,1545.0,1,4,0,0,1,0,0,3,4,0,4,3,,N,,,,,,,,,,,
2010117813,1555.0,5,0,0,0,0,0,0,0,0,1,0,,67,10,2010,7,39.9533,-75.1576,1550.0,6,0,0,0,1,0,2,1,0,2.0,0,0,0,15.0,1,3,0,,2,39 57:11.941,1.0,0,75 09:27.460,8,0,0,0,67301,1,0,0,N,0,0,0,9,67301,0,,1,1,,N,N,,1,,0,0,1,0,0,Y,1530.0,3,7,0,0,2,3,2,3,4,0,7,3,,N,,,,,,,,,,,
2010091146,2022.0,2,0,0,0,0,0,0,0,0,6,0,,67,8,2010,3,40.1145,-75.015,2019.0,6,0,0,0,0,0,0,0,0,,0,0,0,20.0,3,1,0,,0,40 06:52.257,,0,75 00:54.093,4,0,0,0,67301,0,0,0,N,0,0,0,1,67301,1,,5,1,,N,N,,0,,0,0,0,0,0,,2019.0,1,2,0,0,0,0,0,3,4,0,2,3,,N,,,,,,,,,,,
2010093644,826.0,1,0,0,0,0,0,0,0,0,1,0,,67,9,2010,4,39.9883,-75.2072,822.0,6,0,0,0,0,0,1,0,0,,0,0,0,8.0,1,1,7,,0,39 59:25.702,,2,75 12:18.378,8,0,0,0,67301,0,0,0,N,0,0,0,4,68K01,0,,1,1,,N,N,,1,,0,0,0,0,0,,810.0,1,2,0,0,0,1,0,3,4,0,2,3,,N,,,,,,,,,,,
2010117868,1959.0,0,0,0,0,0,0,0,0,0,8,0,,67,10,2010,1,40.081,-74.9896,1943.0,6,0,0,0,0,0,0,0,0,,0,0,0,19.0,3,1,0,,0,40 04:51.549,,0,74 59:22.401,8,0,0,0,67301,1,0,0,,1,0,0,2,67301,0,,1,1,,N,N,,0,,0,0,1,0,0,,1943.0,1,2,0,0,0,1,0,3,4,0,1,3,,N,,,,,,,,,,,
2010124589,724.0,0,0,0,0,0,0,0,0,0,5,1,,67,12,2010,2,39.9217,-75.19,646.0,6,0,0,0,0,0,0,0,0,2.0,0,1,0,6.0,3,1,1,,2,39 55:18.486,4.0,0,75 11:24.960,8,0,0,0,67301,0,0,0,N,0,0,0,2,68K01,0,,1,1,,N,N,,0,,0,0,1,3,2,Y,631.0,1,2,0,0,0,1,0,3,4,0,2,3,,N,,,,,,,,,,,
2010094298,1400.0,0,0,0,0,0,0,0,0,0,7,0,,67,8,2010,2,39.9315,-75.186,1314.0,6,0,0,0,0,0,0,0,0,2.0,0,0,0,12.0,1,1,1,,2,39 55:53.407,3.0,0,75 11:09.614,8,0,0,1,67301,0,0,0,,0,0,0,1,67301,0,,2,1,,,,,0,,0,0,1,3,3,Y,1239.0,1,2,0,0,0,1,0,3,4,0,2,3,,N,,,,,,,,,,,
2010094310,1853.0,1,0,0,1,0,0,0,0,0,4,0,,67,8,2010,2,40.0325,-75.1557,1846.0,6,0,0,0,0,0,0,0,0,1.0,0,0,0,99.0,1,1,0,,1,40 01:56.841,2.0,0,75 09:20.649,3,0,0,0,67301,1,0,0,N,0,0,0,4,67301,0,,2,1,,N,N,,0,,1,0,0,0,0,N,9999.0,1,2,0,0,0,0,0,3,4,0,1,3,,N,,,,,,,,,,,
2010122449,1425.0,3,0,0,0,0,0,0,0,0,4,0,,67,11,2010,4,39.9181,-75.2099,1413.0,6,0,0,0,0,0,0,0,0,2.0,0,0,0,14.0,1,1,0,,1,39 55:05.852,3.0,7,75 12:32.195,8,0,0,0,67301,0,0,0,N,0,0,0,4,67301,0,,2,1,,N,N,,1,,0,0,0,3,2,Y,1413.0,1,4,0,0,0,1,0,3,4,0,4,3,,N,,,,,,,,,,,
2010116934,2009.0,1,0,0,0,0,0,0,0,0,7,0,,67,11,2010,5,39.9815,-75.2071,2009.0,6,0,0,0,0,1,0,0,0,2.0,0,0,0,20.0,3,0,0,,2,39 58:56.825,3.0,0,75 12:28.215,0,0,0,0,67301,0,0,0,N,0,0,0,3,68K01,0,,2,9,,N,N,,0,,0,0,0,0,0,N,2005.0,0,1,0,0,0,0,0,3,4,0,1,3,,N,,,,,,,,,,,
2010116308,1839.0,1,0,0,0,0,0,0,0,0,1,0,,67,11,2010,4,39.9712,-75.1557,1839.0,6,0,0,0,0,1,0,0,0,,0,0,0,18.0,3,2,0,,0,39 58:16.420,,0,75 09:20.440,8,0,0,0,67301,0,0,0,N,0,0,0,6,67301,0,,1,1,,N,N,,0,,0,0,1,3,2,,1835.0,2,2,0,0,0,2,0,3,4,0,2,3,,N,,,,,,,,,,,
2010113803,1830.0,1,0,0,0,0,0,0,0,0,4,0,,67,10,2010,1,40.0425,-75.1601,1830.0,6,0,0,0,1,0,0,0,0,,0,0,0,17.0,1,1,0,,0,40 02:33.131,,7,75 09:36.201,4,0,0,1,67301,0,0,0,,0,0,0,2,67301,1,,1,1,,N,N,,0,,0,0,0,0,0,,1700.0,1,2,0,0,0,0,0,3,4,0,2,3,,N,,,,,,,,,,,
2010113829,250.0,3,0,0,0,0,0,0,0,0,1,0,,67,10,2010,7,39.9609,-75.245,245.0,6,0,0,0,0,0,0,0,0,,0,0,0,2.0,3,2,1,,0,39 57:39.331,,0,75 14:41.973,2,0,0,0,67301,0,0,0,N,0,0,0,4,67301,1,,1,1,,N,N,,0,,0,1,0,3,2,,238.0,2,3,0,1,4,0,0,3,4,0,3,3,,N,,,,,,,,,,,
2010116342,822.0,2,0,0,0,0,0,0,0,0,7,0,,67,11,2010,6,39.9923,-75.1944,822.0,6,0,0,0,0,0,0,0,0,3.0,0,0,0,8.0,1,1,0,,2,39 59:32.319,1.0,0,75 11:39.770,4,0,0,0,67301,0,0,0,N,0,0,0,2,67301,1,,4,9,,N,N,,0,,0,0,0,3,8,Y,810.0,1,2,0,0,0,0,0,3,4,0,2,7,,N,,,,,,,,,,,
2010069254,2018.0,2,0,0,0,0,0,0,0,0,1,0,,67,5,2010,3,40.0003,-75.0962,2016.0,6,0,0,0,0,0,1,0,0,,0,0,0,20.0,3,1,2,,0,40 00:00.910,,0,75 05:46.287,8,0,0,0,67301,0,0,0,,0,0,0,2,67301,0,,1,1,,N,N,,0,,0,0,0,0,0,,2000.0,1,2,0,0,0,1,0,3,4,0,2,3,,N,,,,,,,,,,,
2010069860,1255.0,1,0,0,0,0,0,0,0,0,3,0,,67,6,2010,7,39.9959,-75.1145,1250.0,6,0,0,0,0,0,0,0,0,,0,0,0,12.0,1,1,2,,0,39 59:45.333,,0,75 06:52.041,4,0,0,0,67301,1,0,0,N,1,0,0,2,67301,1,,1,1,,N,N,,0,,0,0,0,0,0,,1245.0,1,2,0,0,0,0,0,3,4,0,1,3,,N,,,,,,,,,,,
2010069863,9999.0,0,0,0,0,0,0,0,0,0,0,0,,67,6,2010,6,40.007,-75.074,9999.0,6,0,0,0,0,0,0,0,0,,0,0,0,99.0,1,1,7,,0,40 00:25.136,,2,75 04:26.599,4,0,0,1,67301,0,0,0,N,0,0,0,1,67301,1,,1,1,,N,N,,0,,0,0,0,0,0,,9999.0,1,1,0,0,0,0,0,3,4,0,1,3,,N,,,,,,,,,,,
2010074405,1904.0,1,0,0,0,0,0,0,0,0,4,0,,67,7,2010,7,39.9952,-75.1158,1903.0,6,0,0,0,0,0,0,0,0,,0,0,0,19.0,1,1,1,,0,39 59:42.637,,0,75 06:56.944,8,0,0,1,67301,0,0,0,N,0,0,0,3,67301,0,,1,1,,N,N,,0,,0,0,0,3,2,,1900.0,1,2,0,0,0,1,1,3,4,0,2,3,,N,,,,,,,,,,,
2010074469,1034.0,1,0,0,0,0,0,0,0,0,4,1,,67,7,2010,5,39.9103,-75.1509,1031.0,6,0,0,0,0,0,0,0,1,1.0,0,1,0,10.0,1,1,1,,1,39 54:37.276,1.0,0,75 09:03.431,8,0,0,0,67301,0,0,0,N,0,0,0,2,67301,0,,1,1,,N,N,,0,,0,0,0,9,9,Y,1025.0,1,2,0,0,0,1,0,3,4,0,2,3,,N,,,,,,,,,,,
2010061977,1830.0,1,0,0,1,0,0,0,0,0,4,0,,67,4,2010,5,39.9219,-75.16,1825.0,6,0,0,0,0,0,0,0,0,,0,0,0,18.0,1,1,1,,0,39 55:18.717,,0,75 09:36.025,4,0,0,0,67301,1,0,0,N,0,0,0,2,67301,1,,1,1,,N,N,,0,,0,0,0,3,3,,1815.0,1,2,0,0,0,0,0,3,4,0,1,3,,N,,,,,,,,,,,
2010074545,400.0,1,0,0,0,0,0,0,0,0,1,0,,67,7,2010,3,40.009,-75.1126,7.0,6,0,0,0,0,0,0,0,0,,0,0,0,99.0,3,1,0,,0,40 00:32.274,,0,75 06:45.414,8,0,0,0,67301,0,0,0,N,0,0,0,3,67301,0,,1,1,,N,N,,1,,0,0,0,0,0,,9999.0,1,2,0,0,0,1,2,3,4,0,2,99,,N,,,,,,,,,,,
2010067077,1522.0,1,0,0,0,0,0,0,0,0,8,0,,67,6,2010,7,39.9314,-75.185,1519.0,6,0,0,0,0,0,0,0,0,,0,0,0,99.0,1,1,1,,0,39 55:52.932,,0,75 11:05.920,8,0,0,0,67301,1,0,0,,1,0,0,2,67301,0,,1,1,,,,,0,,0,0,0,3,3,,9999.0,1,2,0,0,0,1,0,3,4,0,1,3,,N,,,,,,,,,,,
2010069591,1055.0,0,0,0,0,0,0,0,0,0,8,0,,67,6,2010,4,39.9644,-75.1777,1045.0,6,0,0,0,0,0,0,0,0,,0,0,0,10.0,1,1,1,,0,39 57:52.521,,0,75 10:40.457,4,0,0,0,67301,1,0,0,N,1,0,0,2,67301,1,,1,1,,N,N,,0,,0,0,1,3,2,,1045.0,1,2,0,0,0,0,0,3,4,0,1,3,,N,,,,,,,,,,,
2010069640,1325.0,3,0,0,0,0,0,0,0,0,1,0,,67,6,2010,7,40.058,-75.2336,1320.0,6,0,0,0,0,0,1,0,2,,0,0,0,13.0,1,0,1,,0,40 03:30.195,,0,75 14:02.108,0,0,0,0,67301,0,0,0,N,0,0,0,5,67301,0,,1,1,,N,N,,0,,0,0,1,3,2,,1315.0,0,4,0,0,0,0,0,3,4,0,4,3,,N,,,,,,,,,,,
2010071518,816.0,1,0,0,0,0,0,0,0,0,8,0,,67,6,2010,6,39.9465,-75.241,800.0,6,0,0,0,0,0,0,0,1,,0,0,0,7.0,1,1,0,,0,39 56:47.371,,0,75 14:27.499,4,0,0,0,67301,1,0,0,N,1,0,0,2,67301,1,,9,1,,N,N,,0,,0,0,0,3,3,,747.0,1,2,0,0,0,0,0,3,4,0,1,3,,N,,,,,,,,,,,
2010056805,2131.0,0,0,0,0,0,0,0,0,0,7,0,,67,6,2010,6,39.9945,-75.1986,2130.0,6,0,0,0,0,0,0,0,0,,0,0,0,21.0,3,0,0,,0,39 59:43.568,,0,75 11:51.964,0,0,0,0,67301,0,0,0,N,0,0,0,4,68K01,0,,1,1,,N,N,,0,,0,0,1,0,0,,2115.0,0,1,0,0,0,0,0,3,4,0,1,3,,N,,,,,,,,,,,