CRN,ARRIVAL_TM,AUTOMOBILE_COUNT,BELTED_DEATH_COUNT,BELTED_SUSP_SERIOUS_INJ_COUNT,BICYCLE_COUNT,BICYCLE_DEATH_COUNT,BICYCLE_SUSP_SERIOUS_INJ_COUNT,BUS_COUNT,CHLDPAS_DEATH_COUNT,CHLDPAS_SUSP_SERIOUS_INJ_COUNT,COLLISION_TYPE,COMM_VEH_COUNT,CONS_ZONE_SPD_LIM,COUNTY,CRASH_MONTH,CRASH_YEAR,DAY_OF_WEEK,DEC_LAT,DEC_LONG,DISPATCH_TM,DISTRICT,DRIVER_COUNT_16YR,DRIVER_COUNT_17YR,DRIVER_COUNT_18YR,DRIVER_COUNT_19YR,DRIVER_COUNT_20YR,DRIVER_COUNT_50_64YR,DRIVER_COUNT_65_74YR,DRIVER_COUNT_75PLUS,EST_HRS_CLOSED,FATAL_COUNT,HEAVY_TRUCK_COUNT,HORSE_BUGGY_COUNT,HOUR_OF_DAY,ILLUMINATION,INJURY_COUNT,INTERSECT_TYPE,INTERSECTION_RELATED,LANE_CLOSED,LATITUDE,LN_CLOSE_DIR,LOCATION_TYPE,LONGITUDE,MAX_SEVERITY_LEVEL,MCYCLE_DEATH_COUNT,MCYCLE_SUSP_SERIOUS_INJ_COUNT,MOTORCYCLE_COUNT,MUNICIPALITY,NONMOTR_COUNT,NONMOTR_DEATH_COUNT,NONMOTR_SUSP_SERIOUS_INJ_COUNT,NTFY_HIWY_MAINT,PED_COUNT,PED_DEATH_COUNT,PED_SUSP_SERIOUS_INJ_COUNT,PERSON_COUNT,POLICE_AGCY,POSSIBLE_INJ_COUNT,RDWY_SURF_TYPE_CD,RELATION_TO_ROAD,ROAD_CONDITION,ROADWAY_CLEARED,SCH_BUS_IND,SCH_ZONE_IND,SECONDARY_CRASH,SMALL_TRUCK_COUNT,SPEC_JURIS_CD,SUSP_MINOR_INJ_COUNT,SUSP_SERIOUS_INJ_COUNT,SUV_COUNT,TCD_FUNC_CD,TCD_TYPE,TFC_DETOUR_IND,TIME_OF_DAY,TOT_INJ_COUNT,TOTAL_UNITS,UNB_DEATH_COUNT,UNB_SUSP_SERIOUS_INJ_COUNT,UNBELTED_OCC_COUNT,UNK_INJ_DEG_COUNT,UNK_INJ_PER_COUNT,URBAN_AREA,URBAN_RURAL,VAN_COUNT,VEHICLE_COUNT,WEATHER1,WEATHER2,WORK_ZONE_IND,WORK_ZONE_LOC,WORK_ZONE_TYPE,WORKERS_PRES,WZ_CLOSE_DETOUR,WZ_FLAGGER,WZ_LAW_OFFCR_IND,WZ_LN_CLOSURE,WZ_MOVING,WZ_OTHER,WZ_SHLDER_MDN,WZ_WORKERS_INJ_KILLED
2010081817,718.0,1,0,0,1,0,0,0,0,0,4,0,,67,7,2010,3,39.9511,-75.1785,715.0,6,0,0,0,0,0,0,0,0,,0,0,0,7.0,1,1,1,,0,39 57:03.998,,0,75 10:42.378,8,0,0,0,67301,1,0,0,N,0,0,0,2,67301,0,,1,1,,N,N,,0,,0,0,0,3,2,,715.0,1,2,0,0,0,1,0,3,4,0,1,3,,N,,,,,,,,,,,
2010069976,2123.0,2,0,0,0,0,0,0,0,0,4,0,,67,6,2010,1,40.0542,-75.0493,2121.0,6,0,0,1,0,0,0,0,0,1.0,0,0,0,21.0,3,2,1,,1,40 03:15.517,2.0,0,75 02:58.198,3,0,0,0,67301,0,0,0,N,0,0,0,7,67301,1,,1,1,,N,N,,0,,1,0,0,3,2,Y,2120.0,2,2,0,0,0,0,0,3,4,0,2,3,,N,,,,,,,,,,,
2010032602,808.0,1,0,0,0,0,0,0,0,0,1,0,,67,2,2010,6,40.0392,-75.11,803.0,6,0,0,0,0,0,0,0,0,,0,0,0,8.0,1,1,1,,0,40 02:20.942,,0,75 06:36.006,4,0,0,0,67301,0,0,0,N,0,0,0,4,67301,1,,1,7,,N,N,,0,,0,0,1,3,2,,803.0,1,2,0,0,0,0,0,3,4,0,2,10,,N,,,,,,,,,,,
2010032609,1115.0,1,0,0,0,0,0,0,0,0,1,0,,67,3,2010,3,39.9742,-75.1804,1115.0,6,0,0,0,0,0,1,0,0,,0,0,0,11.0,1,7,1,,0,39 58:27.034,,0,75 10:49.508,8,0,0,0,67301,0,0,0,N,0,0,0,9,67301,0,,1,1,,N,N,,0,,0,0,0,3,2,,1115.0,7,2,0,0,0,7,0,3,4,0,2,3,,N,,,,,,,,,,,
2010032814,1230.0,1,0,0,0,0,0,0,0,0,1,0,,67,3,2010,2,39.9634,-75.1873,1226.0,6,0,0,0,0,0,1,0,0,,0,0,0,12.0,1,1,0,,0,39 57:48.065,,0,75 11:14.443,8,0,0,0,67301,0,0,0,,0,0,0,5,67301,0,,1,1,,,,,0,,0,0,0,3,2,,1220.0,1,2,0,0,1,1,0,3,4,1,2,3,,N,,,,,,,,,,,
2010104941,941.0,2,0,0,0,0,0,0,0,0,4,0,,67,10,2010,6,40.0034,-75.1512,939.0,6,0,0,0,1,0,0,0,0,,0,0,0,9.0,1,1,1,,0,40 00:12.358,,0,75 09:04.348,4,0,0,0,67301,0,0,0,N,0,0,0,3,67301,1,,1,9,,N,N,,0,,0,0,0,0,0,,900.0,1,2,0,0,0,0,0,3,4,0,2,7,,N,,,,,,,,,,,
2010104988,1042.0,1,0,0,0,0,0,0,0,0,4,0,,67,9,2010,2,39.9614,-75.1482,1039.0,6,0,0,0,0,0,0,0,0,,0,0,0,10.0,1,1,1,,0,39 57:41.071,,0,75 08:53.795,4,0,0,1,67301,0,0,0,,0,0,0,2,67301,1,,1,1,,,,,0,,0,0,0,3,2,,1000.0,1,2,0,0,0,0,0,3,4,0,2,3,,N,,,,,,,,,,,
2010081140,1438.0,1,0,0,0,0,0,0,0,0,1,0,,67,8,2010,3,39.9826,-75.1005,1438.0,6,0,0,0,0,0,0,0,0,1.0,0,0,0,14.0,1,1,0,,2,39 58:56.760,2.0,2,75 06:03.435,8,0,0,0,67301,0,0,0,N,0,0,0,5,68K01,0,,1,1,,N,N,,0,,0,0,0,3,2,N,1433.0,1,2,0,0,0,1,0,3,4,1,2,3,,N,,,,,,,,,,,
2010026591,916.0,1,0,0,0,0,0,0,0,0,1,0,,67,3,2010,3,39.9577,-75.161,902.0,6,0,0,0,0,0,1,0,0,,0,0,0,8.0,1,0,0,,0,39 57:27.603,,0,75 09:39.555,0,0,0,0,67301,0,0,0,N,0,0,0,2,68K01,0,,1,1,,N,N,,0,,0,0,1,0,0,,856.0,0,2,0,0,0,0,0,3,4,0,2,3,,N,,,,,,,,,,,
2010118069,1437.0,1,0,0,0,0,0,0,0,0,6,0,,67,11,2010,5,39.9263,-75.1526,1436.0,6,0,0,0,0,0,0,0,0,1.0,0,0,0,14.0,1,1,0,,2,39 55:34.557,2.0,0,75 09:09.313,4,0,0,0,67301,0,0,0,N,0,0,0,1,67301,1,,6,9,,N,N,,0,,0,0,0,0,0,Y,1430.0,1,2,0,0,0,0,0,3,4,1,2,7,,N,,,,,,,,,,,
2010099815,1655.0,4,0,0,0,0,0,0,0,0,1,0,,67,9,2010,5,40.066,-75.1592,1648.0,6,0,0,0,0,0,1,0,0,,0,0,0,16.0,1,1,0,,0,40 03:57.545,,0,75 09:33.218,4,0,0,0,67301,0,0,0,N,0,0,0,6,67301,1,,1,1,,N,N,,0,,0,0,1,0,0,,1638.0,1,5,0,0,3,0,2,3,4,0,5,3,,N,,,,,,,,,,,
2010110720,2025.0,1,0,0,0,0,0,0,0,0,7,0,,67,9,2010,5,39.9732,-75.2122,2018.0,6,0,0,0,0,0,0,0,0,,0,0,0,20.0,3,1,1,,0,39 58:23.685,,0,75 12:43.721,4,0,0,0,67301,0,0,0,N,0,0,0,1,67301,1,,3,9,,N,N,,0,,0,0,0,3,2,,2013.0,1,1,0,0,0,0,0,3,4,0,1,7,,N,,,,,,,,,,,
2010118199,725.0,2,0,0,0,0,0,0,0,0,1,0,,67,10,2010,4,39.9736,-75.1519,720.0,6,0,0,0,0,0,1,0,0,,0,0,0,99.0,1,1,1,,0,39 58:24.945,,0,75 09:06.901,4,0,0,0,67301,0,0,0,,0,0,0,2,67301,1,,1,9,,,,,0,,0,0,0,3,2,,9999.0,1,2,0,0,0,0,0,3,4,0,2,7,,N,,,,,,,,,,,
2010102414,18.0,2,0,0,0,0,0,0,0,0,4,0,,67,9,2010,7,40.1343,-75.0091,13.0,6,0,0,0,1,0,0,0,0,1.0,0,0,0,23.0,3,0,1,,2,40 08:03.425,3.0,0,75 00:32.780,0,0,0,0,67301,0,0,0,N,0,0,0,2,67301,0,,1,1,,N,N,,0,,0,0,0,3,2,N,2340.0,0,2,0,0,0,0,0,3,4,0,2,3,,N,,,,,,,,,,,
2010102417,2046.0,1,0,0,0,0,0,0,0,0,7,0,,67,9,2010,7,40.0723,-75.0128,2042.0,6,0,0,0,0,0,0,0,0,,0,0,0,20.0,2,4,0,,0,40 04:20.425,,0,75 00:45.917,8,0,0,0,67301,0,0,0,N,0,0,0,4,67301,0,,5,1,,N,N,,0,,0,0,0,0,0,,2041.0,4,1,0,0,0,4,0,3,4,0,1,3,,N,,,,,,,,,,,
2010112994,2130.0,0,0,0,0,0,0,0,0,0,1,0,,67,9,2010,2,39.9753,-75.1947,2129.0,6,0,0,0,0,0,1,0,0,2.0,0,0,0,21.0,2,1,6,,1,39 58:34.136,3.0,2,75 11:44.141,3,0,0,0,67301,0,0,0,N,0,0,0,2,68K01,0,,1,1,,N,N,,0,,1,0,0,3,4,N,2125.0,1,2,0,0,0,0,0,3,4,2,2,3,,N,,,,,,,,,,,
2010112997,1458.0,1,0,0,0,0,0,0,0,0,7,0,,67,11,2010,7,39.9912,-75.0865,1435.0,6,0,0,0,0,0,0,0,0,,0,0,0,14.0,1,1,0,,0,39 59:27.931,,0,75 05:11.553,8,0,0,0,67301,0,0,0,N,0,0,0,1,68K01,0,,3,1,,Y,N,,0,,0,0,0,0,0,,1433.0,1,1,0,0,0,1,0,3,4,0,1,3,,N,,,,,,,,,,,
2010115421,900.0,1,0,0,0,0,0,0,0,0,1,0,,67,10,2010,2,40.0308,-75.0932,900.0,6,0,0,0,0,0,0,0,0,,0,0,0,9.0,1,1,3,,0,40 01:50.743,,0,75 05:35.516,8,0,0,0,67301,0,0,0,,0,0,0,5,67301,0,,1,1,,,,,0,,0,0,1,3,3,,900.0,1,2,0,0,0,1,0,3,4,0,2,3,,N,,,,,,,,,,,
2010058320,734.0,3,0,0,0,0,0,0,0,0,1,0,50.0,67,6,2010,5,39.8916,-75.1987,733.0,6,0,0,0,0,0,0,0,0,2.0,0,0,0,7.0,1,2,0,,2,39 53:34.447,2.0,3,75 11:49.036,4,0,0,0,67301,0,0,0,N,0,0,0,6,68K01,2,,1,1,,N,N,,0,,0,0,2,0,0,N,729.0,2,6,0,0,1,0,0,3,4,1,6,3,,Y,4.0,1.0,N,N,N,N,Y,N,N,N,
2010118385,1319.0,1,0,0,0,0,0,0,0,0,8,0,,67,11,2010,5,39.9631,-75.2023,1302.0,6,0,0,0,0,0,0,0,0,,0,0,0,13.0,1,1,2,,0,39 57:47.218,,0,75 12:08.155,4,0,0,0,67301,1,0,0,N,1,0,0,2,67301,1,,1,9,,N,N,,0,,0,0,0,3,2,,1301.0,1,2,0,0,0,0,0,3,4,0,1,7,,N,,,,,,,,,,,
2010118418,1020.0,1,0,0,0,0,0,0,0,0,8,0,,67,10,2010,3,40.005,-75.2183,1005.0,6,0,0,0,0,0,0,0,1,,0,0,0,9.0,8,1,1,,0,40 00:17.992,,0,75 13:05.891,4,0,0,0,67301,1,0,0,,1,0,0,2,67301,1,,1,9,,N,N,,0,,0,0,0,3,2,,943.0,1,2,0,0,0,0,0,3,4,0,1,7,,N,,,,,,,,,,,
2010093668,1325.0,2,0,0,0,0,0,0,0,0,1,0,,67,8,2010,7,40.0318,-75.1091,1318.0,6,0,0,0,0,0,0,0,0,2.0,0,0,0,13.0,1,1,1,,1,40 01:54.382,2.0,0,75 06:32.605,4,0,0,0,67301,0,0,0,,0,0,0,6,67301,1,,1,1,,N,N,,0,,0,0,0,2,2,Y,1315.0,1,2,0,0,0,0,0,3,4,0,2,3,,N,,,,,,,,,,,
2010088678,1409.0,1,0,0,1,0,0,0,0,0,4,0,,67,8,2010,6,39.9724,-75.2174,1357.0,6,0,0,0,0,0,1,0,0,,0,0,0,13.0,1,1,3,,0,39 58:20.609,,0,75 13:02.568,4,0,0,0,67301,1,0,0,N,0,0,0,2,67301,1,,1,1,,N,N,,0,,0,0,0,3,2,,1354.0,1,2,0,0,0,0,0,3,4,0,1,3,,N,,,,,,,,,,,
2010091244,430.0,0,0,0,0,0,0,0,0,0,1,0,,67,7,2010,7,39.9839,-75.1378,430.0,6,0,0,0,0,0,0,0,0,,0,0,0,4.0,5,0,1,,0,39 59:02.047,,0,75 08:16.069,0,0,0,0,67301,0,0,0,,0,0,0,5,67301,0,,1,1,,N,N,,1,,0,0,1,3,3,,425.0,0,2,0,0,0,0,0,3,4,0,2,3,,N,,,,,,,,,,,
2010088706,1315.0,1,0,0,0,0,0,0,0,0,4,0,,67,8,2010,3,40.0618,-75.0561,1304.0,6,0,0,0,0,0,1,0,0,,0,0,0,12.0,1,4,1,,0,40 03:42.317,,0,75 03:21.839,8,0,0,0,67301,0,0,0,,0,0,0,4,67301,0,,1,1,,,N,,0,,0,0,1,3,2,,1246.0,4,2,0,0,0,4,0,3,4,0,2,3,,N,,,,,,,,,,,
2010088713,1156.0,1,0,0,1,0,0,0,0,0,4,0,,67,8,2010,7,40.0719,-75.0539,1151.0,6,0,0,0,0,0,0,0,0,9.0,0,0,0,11.0,1,1,0,,9,40 04:18.814,4.0,0,75 03:13.928,8,0,0,0,67301,1,0,0,N,0,0,0,2,67301,0,,1,1,,N,N,,0,,0,0,0,0,0,Y,1145.0,1,2,0,0,0,1,0,3,4,0,1,3,,N,,,,,,,,,,,
2010088737,1158.0,1,0,0,0,0,0,0,0,0,8,0,,67,8,2010,1,39.9511,-75.1536,1154.0,6,0,0,0,0,0,0,0,0,,0,0,0,11.0,1,1,1,,0,39 57:03.940,,0,75 09:12.848,4,0,0,0,67301,1,0,0,N,1,0,0,3,67301,1,,1,9,,N,N,,0,,0,0,0,3,2,,1153.0,1,2,0,0,0,0,0,3,4,0,1,7,,N,,,,,,,,,,,
2010088748,1837.0,1,0,0,1,0,0,0,0,0,4,0,,67,8,2010,6,39.919,-75.2312,1835.0,6,0,0,0,0,0,0,0,0,,0,0,0,99.0,1,1,0,,0,39 55:08.482,,0,75 13:52.395,3,0,0,0,67301,1,0,0,,0,0,0,2,67301,0,,1,1,,N,N,,0,,1,0,0,0,0,,9999.0,1,2,0,0,0,0,0,3,4,0,1,3,,N,,,,,,,,,,,
2010088801,1345.0,1,0,0,0,0,0,0,0,0,5,0,,67,8,2010,1,39.9694,-75.2495,1342.0,6,0,0,0,0,0,0,0,0,,0,0,0,12.0,1,1,0,,0,39 58:09.922,,0,75 14:58.239,4,0,0,0,67301,1,0,0,,1,0,0,2,67301,1,,1,1,,,,,0,,0,0,0,0,0,,1259.0,1,2,0,0,0,0,0,3,4,0,1,3,,N,,,,,,,,,,,
2010099616,1250.0,1,0,0,0,0,0,0,0,0,4,0,,67,9,2010,4,40.113,-75.023,1242.0,6,0,0,0,0,0,0,1,0,1.0,0,0,0,12.0,1,0,1,,2,40 06:46.663,1.0,0,75 01:22.836,0,0,0,0,67301,0,0,0,N,0,0,0,3,67301,0,,1,1,,N,N,,0,,0,0,1,3,2,Y,1240.0,0,2,0,0,0,0,0,3,4,0,2,3,,N,,,,,,,,,,,
2010099646,1218.0,2,0,0,0,0,0,0,0,0,4,0,,67,9,2010,4,39.9383,-75.1987,1215.0,6,0,0,0,0,0,2,0,0,,0,0,0,12.0,1,4,1,,0,39 56:17.010,,0,75 11:55.632,3,0,0,0,67301,0,0,0,,0,0,0,6,67301,1,,1,1,,,,,0,,3,0,1,3,2,,1215.0,4,3,0,0,0,0,2,3,4,0,3,3,,N,,,,,,,,,,,
2010102937,2004.0,2,0,0,0,0,0,0,0,0,2,0,,67,9,2010,7,40.0444,-75.1872,1959.0,6,0,0,0,0,0,0,0,0,,0,0,0,7.0,1,0,0,,0,40 02:39.998,,0,75 11:14.071,0,0,0,0,67301,0,0,0,N,0,0,0,1,67301,0,,6,1,,N,N,,0,,0,0,0,0,0,,700.0,0,2,0,0,1,0,0,3,4,0,2,3,,N,,,,,,,,,,,
2010105678,1155.0,1,0,0,0,0,0,0,0,0,4,0,,67,10,2010,6,39.912,-75.1505,1149.0,6,0,0,0,0,0,1,0,0,1.0,0,0,0,11.0,1,2,1,,2,39 54:43.156,2.0,2,75 09:01.848,8,0,0,0,67301,0,0,0,N,0,0,0,4,67301,0,,1,9,,N,N,,1,,0,0,1,3,2,Y,1140.0,2,3,0,0,1,2,0,3,4,0,3,7,,N,,,,,,,,,,,
2010103087,1740.0,1,0,0,0,0,0,0,0,0,8,0,,67,9,2010,3,40.0304,-75.0347,1737.0,6,0,0,0,0,0,0,0,0,,0,0,0,17.0,1,1,0,,0,40 01:49.295,,0,75 02:04.969,4,0,0,0,67301,1,0,0,N,1,0,0,2,67301,1,,1,1,,N,N,,0,,0,0,0,0,0,,1730.0,1,2,0,0,0,0,0,3,4,0,1,3,,N,,,,,,,,,,,
2010117936,919.0,0,0,0,1,0,0,0,0,0,4,0,,67,10,2010,2,39.9362,-75.1759,915.0,6,0,0,0,0,0,0,0,0,,0,0,0,9.0,1,1,0,,0,39 56:10.348,,0,75 10:33.132,4,0,0,0,67301,1,0,0,N,0,0,0,2,67301,1,,1,1,,N,N,,1,,0,0,0,0,0,,900.0,1,2,0,0,0,0,0,3,4,0,1,3,,N,,,,,,,,,,,
2010114559,911.0,1,0,0,0,0,0,0,0,0,4,0,,67,10,2010,1,40.019,-75.0934,911.0,6,0,0,0,0,0,1,0,1,,0,0,0,9.0,1,1,1,,0,40 01:08.356,,0,75 05:36.092,8,0,0,0,67301,0,0,0,N,0,0,0,3,67301,0,,1,1,,N,N,,0,,0,0,1,3,3,,910.0,1,2,0,0,0,1,0,3,4,0,2,3,,N,,,,,,,,,,,
2010012366,226.0,0,0,0,0,0,0,0,0,0,1,0,,67,1,2010,7,40.0016,-75.2258,226.0,6,0,0,0,0,0,1,0,0,,0,0,0,2.0,3,0,0,,0,40 00:08.124,,0,75 13:27.682,0,0,0,0,67301,0,0,0,N,0,0,0,2,46104,0,,1,1,,N,N,,0,,0,0,2,3,2,,226.0,0,2,0,0,0,0,0,3,4,0,2,3,,N,,,,,,,,,,,
2010012391,1657.0,1,0,0,0,0,0,0,0,0,7,0,,67,1,2010,3,40.05,-75.0922,1653.0,6,0,0,0,1,0,0,0,0,,0,0,0,16.0,4,1,1,,0,40 02:59.978,,0,75 05:31.891,4,0,0,0,67301,0,0,0,,0,0,0,1,67301,1,,5,1,,N,N,,0,,0,0,0,3,3,,1650.0,1,1,0,0,0,0,0,3,4,0,1,99,,N,,,,,,,,,,,
2010009760,1655.0,1,0,0,0,0,0,0,0,0,1,0,,67,1,2010,5,40.0147,-75.0547,1640.0,6,0,0,0,0,0,1,0,0,2.0,0,0,0,16.0,1,0,0,,2,40 00:53.057,1.0,0,75 03:16.437,9,0,0,0,67301,0,0,0,N,0,0,0,2,68K01,0,,1,1,,N,N,,0,,0,0,1,0,0,N,1637.0,0,2,0,0,0,0,1,3,4,0,2,3,,N,,,,,,,,,,,
2010040370,1428.0,1,0,0,0,0,0,0,0,0,1,0,,67,4,2010,5,39.9962,-75.1969,1428.0,6,0,0,0,0,0,0,0,0,,0,0,0,14.0,1,0,0,,0,39 59:50.388,,0,75 11:46.320,0,0,0,0,67301,0,0,0,N,0,0,0,2,68K01,0,,1,1,,N,N,,0,,0,0,0,0,0,,1424.0,0,2,0,0,0,0,0,3,4,1,2,3,,N,,,,,,,,,,,
2010040535,1108.0,1,0,0,0,0,0,0,0,0,8,0,,67,3,2010,1,40.0205,-75.1924,1104.0,6,0,0,0,0,0,0,0,1,,0,0,0,11.0,1,1,1,,0,40 01:13.809,,0,75 11:32.576,3,0,0,0,67301,1,0,0,N,1,0,0,2,67301,0,,1,9,,N,N,,0,,1,0,0,3,2,,1101.0,1,2,0,0,0,0,0,3,4,0,1,7,,N,,,,,,,,,,,
2010048707,1142.0,2,0,0,0,0,0,0,0,0,4,0,,67,4,2010,3,39.995,-75.1677,1136.0,6,0,0,0,1,0,0,0,0,,0,0,0,11.0,1,4,2,,0,39 59:41.931,,0,75 10:03.759,4,0,0,0,67301,0,0,0,N,0,0,0,4,67301,4,,1,1,,N,N,,0,,0,0,0,3,2,,1136.0,4,2,0,0,0,0,0,3,4,0,2,3,,N,,,,,,,,,,,
2010058795,1236.0,1,0,0,0,0,0,0,0,0,4,0,,67,5,2010,1,39.9399,-75.2114,1232.0,6,0,0,0,0,0,0,0,0,,0,0,0,12.0,1,0,1,,0,39 56:23.459,,0,75 12:41.033,9,0,0,0,67301,0,0,0,N,0,0,0,9,67301,0,,1,1,,N,N,,0,,0,0,0,3,2,,1225.0,0,2,0,0,0,0,1,3,4,0,2,3,,N,,,,,,,,,,,
2010070744,2002.0,0,0,0,0,0,0,0,0,0,8,0,,67,6,2010,6,39.9324,-75.1751,2000.0,6,0,0,0,0,0,0,0,0,,0,0,0,19.0,1,1,0,,0,39 55:56.501,,0,75 10:30.365,4,0,0,0,67301,1,0,0,N,1,0,0,2,67301,1,,1,1,,N,N,,0,,0,0,0,0,0,,1945.0,1,2,0,0,0,0,0,3,4,1,1,3,,N,,,,,,,,,,,
2010062693,930.0,1,0,0,0,0,0,0,0,0,4,0,,67,5,2010,6,39.9658,-75.2461,928.0,6,0,0,0,0,0,1,0,0,2.0,0,0,0,99.0,1,2,1,,1,39 57:56.929,2.0,0,75 14:45.807,4,0,0,0,67301,0,0,0,,0,0,0,2,67301,2,,1,1,,N,N,,0,,0,0,1,3,2,Y,9999.0,2,2,0,0,0,0,0,3,4,0,2,3,,N,,,,,,,,,,,
2010099745,1608.0,2,0,0,0,0,0,0,0,0,4,0,,67,9,2010,1,40.0442,-75.0688,1604.0,6,0,0,0,0,1,0,0,0,,0,0,0,15.0,1,1,1,,0,40 02:39.184,,0,75 04:07.816,4,0,0,0,67301,0,0,0,,0,0,0,2,67301,1,,1,1,,,,,0,,0,0,0,3,3,,1559.0,1,2,0,0,0,0,0,3,4,0,2,3,,N,,,,,,,,,,,
2010118058,1911.0,1,0,0,0,0,0,0,0,0,1,0,99.0,67,10,2010,5,40.0504,-74.9871,1908.0,6,0,0,0,0,0,2,0,0,,0,0,0,19.0,3,1,0,,0,40 03:01.298,,0,74 59:13.797,4,0,0,0,67301,0,0,0,N,0,0,0,2,67301,1,,1,1,,N,N,,0,,0,0,1,3,2,,1908.0,1,2,0,0,0,0,0,3,4,0,2,3,,Y,8.0,8.0,U,U,U,U,U,U,U,U,
2010099832,1706.0,2,0,0,0,0,0,0,0,0,4,0,,67,9,2010,5,40.0472,-75.1428,1706.0,6,0,0,0,1,0,0,0,0,,0,0,0,17.0,1,2,0,,0,40 02:49.984,,7,75 08:34.227,4,0,0,0,67301,0,0,0,N,0,0,0,3,67301,1,,1,1,,N,N,,0,,0,0,0,0,0,,1706.0,2,2,0,0,0,1,0,3,4,0,2,3,,N,,,,,,,,,,,
2010099850,1635.0,2,0,0,0,0,0,0,0,0,4,0,,67,9,2010,5,40.0404,-75.0655,1635.0,6,0,0,0,0,0,0,0,0,,0,0,0,16.0,1,1,5,,0,40 02:25.526,,0,75 03:55.923,8,0,0,0,67301,0,0,0,N,0,0,0,3,67301,0,,1,1,,N,N,,0,,0,0,0,3,2,,1635.0,1,2,0,0,0,1,0,3,4,0,2,3,,N,,,,,,,,,,,
2010110712,1003.0,2,0,0,0,0,0,0,0,0,4,0,,67,10,2010,7,40.0712,-75.0381,1003.0,6,0,0,0,0,0,1,0,0,1.0,0,0,0,10.0,1,2,1,,1,40 04:16.241,2.0,0,75 02:17.269,4,0,0,0,67301,0,0,0,N,0,0,0,2,67301,2,,1,1,,N,N,,0,,0,0,0,3,2,N,1000.0,2,2,0,0,0,0,0,3,4,0,2,3,,N,,,,,,,,,,,
2010118105,927.0,2,0,0,0,0,0,0,0,0,1,0,,67,11,2010,7,40.0088,-75.1938,925.0,6,0,0,0,0,0,0,0,0,1.0,0,0,0,9.0,1,1,0,,1,40 00:31.693,3.0,0,75 11:37.690,8,0,0,0,67301,0,0,0,N,0,0,0,3,67301,0,,1,1,,N,N,,0,,0,0,0,0,0,Y,923.0,1,2,0,0,0,1,0,3,4,0,2,3,,N,,,,,,,,,,,
2010104999,1824.0,1,1,0,0,0,0,0,0,0,4,0,,67,9,2010,1,39.957,-75.2459,1823.0,6,0,0,0,0,0,0,0,1,,1,0,0,18.0,1,0,1,,0,39 57:25.376,,0,75 14:45.124,1,0,0,0,67301,0,0,0,N,0,0,0,3,67301,0,2.0,1,1,,N,N,,0,0.0,0,0,0,3,2,,1820.0,0,2,0,0,0,0,0,3,4,1,2,3,,N,,,,,,,,,,,
2010113293,1020.0,1,0,0,0,0,0,0,0,0,1,0,,67,10,2010,3,39.9754,-75.19,1016.0,6,0,0,0,0,0,0,0,0,,0,0,0,9.0,1,1,3,,0,39 58:31.433,,0,75 11:23.825,4,0,0,0,67301,0,0,0,N,0,0,0,2,67301,1,,1,9,,N,N,,1,,0,0,0,3,2,,940.0,1,2,0,0,0,0,0,3,4,0,2,7,,N,,,,,,,,,,,
2010113320,738.0,1,0,0,0,0,0,0,0,0,1,0,,67,10,2010,7,40.0353,-75.1278,734.0,6,0,0,0,0,0,0,0,0,,0,0,0,6.0,1,1,0,,0,40 02:07.063,,0,75 07:40.107,4,0,0,0,67301,0,0,0,N,0,0,0,2,67301,1,,6,1,,N,N,,0,,0,0,0,0,0,,655.0,1,2,0,0,0,0,0,3,4,1,2,3,,N,,,,,,,,,,,
2010105038,2000.0,2,0,0,0,0,0,0,0,0,4,0,,67,9,2010,5,39.9563,-75.2399,2000.0,6,0,0,0,0,0,0,0,0,,0,0,0,18.0,3,2,1,,0,39 57:22.741,,0,75 14:23.794,4,0,0,0,67301,0,0,0,N,0,0,0,3,67301,2,,1,9,,N,N,,0,,0,0,0,3,2,,1830.0,2,2,0,0,0,0,0,3,4,0,2,7,,N,,,,,,,,,,,
2010105067,9999.0,1,0,0,0,0,0,0,0,0,8,0,,67,9,2010,1,39.9263,-75.1845,9999.0,6,0,0,0,0,0,0,0,0,,0,0,0,8.0,1,1,1,,0,39 55:34.561,,0,75 11:03.741,4,0,0,0,67301,1,0,0,N,1,0,0,2,67301,1,,1,1,,N,N,,0,,0,0,0,3,2,,800.0,1,2,0,0,0,0,0,3,4,0,1,3,,N,,,,,,,,,,,
2010089569,1617.0,0,0,0,0,0,0,0,0,0,1,0,,67,9,2010,6,40.0398,-75.0065,1609.0,6,0,0,0,0,0,0,1,0,1.0,0,0,0,16.0,1,2,0,,2,40 02:23.510,1.0,0,75 00:22.856,4,0,0,0,67301,0,0,0,N,0,0,0,9,68K01,2,,1,1,,N,N,,1,,0,0,1,0,0,N,1607.0,2,3,0,0,0,0,0,3,4,1,3,3,,N,,,,,,,,,,,
2010034178,9999.0,3,0,0,0,0,0,0,0,0,1,0,,67,3,2010,2,39.9906,-75.129,9999.0,6,0,0,0,0,0,0,1,0,,0,0,0,99.0,1,0,2,,0,39 59:26.114,,0,75 07:44.310,9,0,0,0,67301,0,0,0,N,0,0,0,3,67301,0,,1,1,,N,Y,,0,,0,0,0,3,2,,9999.0,0,3,0,0,0,0,1,3,4,0,3,3,,N,,,,,,,,,,,