CRN,ARRIVAL_TM,AUTOMOBILE_COUNT,BELTED_DEATH_COUNT,BELTED_SUSP_SERIOUS_INJ_COUNT,BICYCLE_COUNT,BICYCLE_DEATH_COUNT,BICYCLE_SUSP_SERIOUS_INJ_COUNT,BUS_COUNT,CHLDPAS_DEATH_COUNT,CHLDPAS_SUSP_SERIOUS_INJ_COUNT,COLLISION_TYPE,COMM_VEH_COUNT,CONS_ZONE_SPD_LIM,COUNTY,CRASH_MONTH,CRASH_YEAR,DAY_OF_WEEK,DEC_LAT,DEC_LONG,DISPATCH_TM,DISTRICT,DRIVER_COUNT_16YR,DRIVER_COUNT_17YR,DRIVER_COUNT_18YR,DRIVER_COUNT_19YR,DRIVER_COUNT_20YR,DRIVER_COUNT_50_64YR,DRIVER_COUNT_65_74YR,DRIVER_COUNT_75PLUS,EST_HRS_CLOSED,FATAL_COUNT,HEAVY_TRUCK_COUNT,HORSE_BUGGY_COUNT,HOUR_OF_DAY,ILLUMINATION,INJURY_COUNT,INTERSECT_TYPE,INTERSECTION_RELATED,LANE_CLOSED,LATITUDE,LN_CLOSE_DIR,LOCATION_TYPE,LONGITUDE,MAX_SEVERITY_LEVEL,MCYCLE_DEATH_COUNT,MCYCLE_SUSP_SERIOUS_INJ_COUNT,MOTORCYCLE_COUNT,MUNICIPALITY,NONMOTR_COUNT,NONMOTR_DEATH_COUNT,NONMOTR_SUSP_SERIOUS_INJ_COUNT,NTFY_HIWY_MAINT,PED_COUNT,PED_DEATH_COUNT,PED_SUSP_SERIOUS_INJ_COUNT,PERSON_COUNT,POLICE_AGCY,POSSIBLE_INJ_COUNT,RDWY_SURF_TYPE_CD,RELATION_TO_ROAD,ROAD_CONDITION,ROADWAY_CLEARED,SCH_BUS_IND,SCH_ZONE_IND,SECONDARY_CRASH,SMALL_TRUCK_COUNT,SPEC_JURIS_CD,SUSP_MINOR_INJ_COUNT,SUSP_SERIOUS_INJ_COUNT,SUV_COUNT,TCD_FUNC_CD,TCD_TYPE,TFC_DETOUR_IND,TIME_OF_DAY,TOT_INJ_COUNT,TOTAL_UNITS,UNB_DEATH_COUNT,UNB_SUSP_SERIOUS_INJ_COUNT,UNBELTED_OCC_COUNT,UNK_INJ_DEG_COUNT,UNK_INJ_PER_COUNT,URBAN_AREA,URBAN_RURAL,VAN_COUNT,VEHICLE_COUNT,WEATHER1,WEATHER2,WORK_ZONE_IND,WORK_ZONE_LOC,WORK_ZONE_TYPE,WORKERS_PRES,WZ_CLOSE_DETOUR,WZ_FLAGGER,WZ_LAW_OFFCR_IND,WZ_LN_CLOSURE,WZ_MOVING,WZ_OTHER,WZ_SHLDER_MDN,WZ_WORKERS_INJ_KILLED
2010034193,505.0,2,0,0,0,0,0,0,0,0,2,0,,67,3,2010,3,40.05,-75.1256,501.0,6,0,0,0,0,0,0,0,0,2.0,0,0,0,5.0,3,0,2,,1,40 02:59.946,6.0,0,75 07:32.195,0,0,0,0,67301,0,0,0,N,0,0,0,1,67301,0,,1,1,,N,N,,0,,0,0,0,0,0,Y,500.0,0,2,0,0,0,0,0,3,4,0,2,3,,N,,,,,,,,,,,
2010088703,557.0,1,0,0,0,0,0,0,0,0,4,0,,67,8,2010,7,39.9155,-75.1615,555.0,6,0,0,0,0,0,0,0,0,,0,0,0,5.0,1,2,2,,0,39 54:56.144,,0,75 09:41.098,3,0,0,1,67301,0,0,0,,0,0,0,3,67301,0,,1,1,,N,N,,0,,1,0,0,3,2,,553.0,2,2,0,0,0,1,0,3,4,0,2,3,,N,,,,,,,,,,,
2010093464,1207.0,0,0,0,0,0,0,1,0,0,5,1,,67,9,2010,4,39.9986,-75.1955,1207.0,6,0,0,0,0,1,0,0,0,1.0,0,0,0,12.0,1,2,0,,1,39 59:58.037,4.0,0,75 11:42.634,8,0,0,0,67301,0,0,0,N,0,0,0,6,68K01,0,,1,1,,N,N,,1,,0,0,0,0,0,N,1207.0,2,2,0,0,0,2,0,3,4,0,2,3,,N,,,,,,,,,,,
2010088791,2020.0,1,0,0,0,0,0,0,0,0,5,0,,67,8,2010,6,39.9479,-75.1624,9999.0,6,0,0,0,0,0,0,0,0,,0,0,0,20.0,3,1,1,,0,39 56:52.576,,0,75 09:44.521,8,0,0,0,67301,1,0,0,,1,0,0,2,67301,0,,1,1,,N,,,0,,0,0,0,3,2,,2020.0,1,2,0,0,0,1,0,3,4,0,1,3,,N,,,,,,,,,,,
2010088805,1320.0,1,0,0,0,0,0,0,0,0,4,0,,67,8,2010,1,39.9526,-75.19,1318.0,6,0,0,0,0,0,0,0,0,,0,0,0,13.0,1,1,1,,0,39 57:09.205,,0,75 11:24.106,4,0,0,0,67301,0,0,0,N,0,0,0,3,67301,1,,1,1,,N,N,,0,,0,0,0,3,2,,1318.0,1,2,0,0,0,0,0,3,4,1,2,3,,N,,,,,,,,,,,
2010086024,9999.0,3,0,0,0,0,0,0,0,0,5,0,,67,7,2010,7,39.9705,-75.2402,9999.0,6,0,0,0,0,0,1,0,0,,0,0,0,99.0,8,1,0,,0,39 58:13.594,,0,75 14:24.510,8,0,0,0,67301,1,0,0,,0,0,0,3,67301,0,,1,98,,N,N,,0,,0,0,0,0,0,,9999.0,1,3,0,0,0,1,2,3,4,0,3,99,,N,,,,,,,,,,,
2010088883,2104.0,1,0,0,0,0,0,0,0,0,4,0,,67,8,2010,5,40.0673,-75.0088,2104.0,6,0,0,0,0,0,0,0,0,2.0,0,0,0,21.0,3,2,1,,1,40 04:02.316,5.0,0,75 00:31.866,8,0,0,0,67301,0,0,0,N,0,0,0,3,67301,0,,1,1,,N,N,,0,,0,0,0,0,0,Y,2104.0,2,2,0,0,0,2,0,3,4,1,2,3,,N,,,,,,,,,,,
2010099737,1220.0,1,0,0,0,0,0,0,0,0,4,0,,67,9,2010,7,40.0609,-75.0844,1215.0,6,0,0,0,0,0,1,0,0,,0,0,0,12.0,1,2,0,,0,40 03:39.376,,0,75 05:03.735,4,0,0,0,67301,0,0,0,,0,0,0,2,67301,2,,1,1,,,,,1,,0,0,0,0,0,,1210.0,2,2,0,0,0,0,0,3,4,0,2,3,,N,,,,,,,,,,,
2010102957,1801.0,1,0,0,0,0,0,0,0,0,8,0,,67,9,2010,2,39.9572,-75.2275,1758.0,6,0,0,0,0,0,1,0,0,,0,0,0,17.0,1,2,1,,0,39 57:25.946,,0,75 13:38.909,8,0,0,0,67301,2,0,0,N,2,0,0,4,67301,0,,1,1,,N,N,,0,,0,0,0,3,2,,1750.0,2,3,0,0,0,2,0,3,4,0,1,3,,N,,,,,,,,,,,
2010103111,1025.0,1,0,0,0,0,0,0,0,0,1,0,,67,9,2010,4,39.9406,-75.1871,1020.0,6,0,0,0,0,0,0,0,0,,0,0,0,8.0,1,1,0,,0,39 56:26.310,,0,75 11:13.513,4,0,0,0,67301,0,0,0,N,0,0,0,2,67301,1,,1,1,,N,N,,0,,0,0,1,0,0,,820.0,1,2,0,0,0,0,1,3,4,0,2,3,,N,,,,,,,,,,,
2010103084,2145.0,1,0,0,0,0,0,0,0,0,8,0,,67,9,2010,4,40.0276,-75.1471,2130.0,6,0,0,0,0,0,0,0,0,,0,0,0,14.0,1,1,2,,0,40 01:39.381,,0,75 08:50.059,8,0,0,0,67301,1,0,0,N,1,0,0,2,67301,0,,1,1,,N,N,,0,,0,0,0,3,2,,1400.0,1,2,0,0,1,1,0,3,4,0,1,3,,N,,,,,,,,,,,
2010125109,2230.0,1,0,0,0,0,0,0,0,0,4,0,,67,11,2010,1,40.0595,-75.052,2230.0,6,0,0,0,0,1,0,0,0,,0,0,0,18.0,6,2,1,,0,40 03:34.246,,0,75 03:07.165,4,0,0,0,67301,0,0,0,N,0,0,0,4,67301,2,,1,98,,N,N,,0,,0,0,0,3,2,,1840.0,2,2,0,0,0,0,1,3,4,1,2,3,,N,,,,,,,,,,,
2010117915,1311.0,2,0,0,0,0,0,0,0,0,4,0,,67,10,2010,4,40.0588,-75.0506,1311.0,6,0,0,0,0,1,0,0,0,,0,0,0,13.0,1,1,1,,0,40 03:31.504,,0,75 03:02.099,8,0,0,0,67301,0,0,0,,0,0,0,2,67301,0,,1,9,,N,N,,0,,0,0,0,3,3,,1300.0,1,2,0,0,0,1,0,3,4,0,2,7,,N,,,,,,,,,,,
2010117939,1930.0,1,0,0,0,0,0,0,0,0,8,0,,67,10,2010,5,40.0135,-75.0705,1927.0,6,0,0,0,0,0,0,0,0,,0,0,0,19.0,3,1,0,,0,40 00:48.617,,0,75 04:13.956,8,0,0,0,67301,1,0,0,,1,0,0,2,67301,0,,1,1,,N,N,,0,,0,0,0,0,0,,1927.0,1,2,0,0,0,1,0,3,4,0,1,3,,N,,,,,,,,,,,
2010114495,1605.0,2,0,0,0,0,0,0,0,0,1,0,,67,10,2010,4,39.9981,-75.2333,1603.0,6,0,0,0,0,0,2,0,0,1.0,0,0,0,16.0,1,2,0,,1,39 59:52.992,2.0,0,75 13:59.875,4,0,0,0,67301,0,0,0,N,0,0,0,4,46104,2,,1,1,,N,N,,0,,0,0,1,0,0,N,1603.0,2,3,0,0,0,0,0,3,4,0,3,3,,N,,,,,,,,,,,
2010037219,1135.0,3,0,0,0,0,0,0,0,0,5,0,,67,4,2010,7,39.9615,-75.1398,1125.0,6,0,0,0,0,0,1,0,0,1.0,0,0,0,11.0,1,2,0,,1,39 57:42.068,1.0,0,75 08:23.026,3,0,0,0,67301,0,0,0,N,0,0,0,7,68K01,1,,1,1,,N,N,,1,,1,0,0,3,4,N,1122.0,2,4,0,0,0,0,0,3,4,0,4,3,,N,,,,,,,,,,,
2010040538,218.0,2,0,0,0,0,0,0,0,0,1,0,,67,3,2010,7,40.0204,-75.1544,217.0,6,0,0,0,0,0,0,0,0,,0,0,0,2.0,3,0,7,,0,40 01:13.494,,2,75 09:15.812,0,0,0,0,67301,0,0,0,,0,0,0,2,67301,0,,1,1,,N,N,,0,,0,0,0,0,0,,215.0,0,2,0,0,0,0,0,3,4,0,2,3,,N,,,,,,,,,,,
2010046186,902.0,1,0,0,0,0,0,0,0,0,7,0,,67,2,2010,6,39.9947,-75.084,902.0,6,0,0,0,0,0,1,0,0,1.0,0,0,0,8.0,1,0,0,,1,39 59:40.699,2.0,0,75 05:02.649,0,0,0,0,67301,0,0,0,N,0,0,0,1,68K01,0,,2,1,,N,N,,0,,0,0,0,0,0,N,858.0,0,1,0,0,0,0,0,3,4,0,1,3,,N,,,,,,,,,,,
2010058937,1400.0,1,0,0,0,0,0,0,0,0,1,0,,67,5,2010,1,39.9773,-75.1469,1400.0,6,0,0,0,0,0,0,0,0,,0,0,0,99.0,1,1,1,,0,39 58:38.164,,0,75 08:48.739,8,0,0,0,67301,0,0,0,,0,0,0,3,67301,0,,1,9,,,,,0,,0,0,1,3,3,,9999.0,1,2,0,0,0,1,0,3,4,0,2,7,,N,,,,,,,,,,,
2010075584,1218.0,1,0,0,0,0,0,0,0,0,1,1,,67,8,2010,7,39.9957,-75.1975,1202.0,6,0,0,0,0,0,0,0,0,1.0,0,0,0,12.0,1,2,0,,1,39 59:47.977,3.0,0,75 11:48.549,4,0,0,0,67301,0,0,0,N,0,0,0,3,68K01,2,,1,1,,N,N,,1,,0,0,0,0,0,N,1200.0,2,2,0,0,0,0,0,3,4,0,2,3,,N,,,,,,,,,,,
2010070735,1555.0,1,0,0,0,0,0,0,0,0,7,0,,67,6,2010,6,40.0349,-75.0817,9999.0,6,0,0,0,0,0,0,0,0,,0,0,0,15.0,1,1,2,,0,40 02:05.698,,0,75 04:54.192,4,0,0,0,67301,1,0,0,,1,0,0,2,67301,1,,9,1,,N,N,,0,,0,0,0,0,0,,1550.0,1,2,0,0,0,0,1,3,4,0,1,3,,N,,,,,,,,,,,
2010062688,1715.0,0,0,0,1,0,0,0,0,0,4,0,,67,5,2010,5,40.0829,-75.0007,1708.0,6,0,0,0,0,0,1,0,0,,0,0,0,17.0,1,1,0,,0,40 04:58.544,,7,75 00:02.484,8,0,0,0,67301,1,0,0,N,0,0,0,2,67301,0,,1,1,,N,N,,0,,0,0,1,0,0,,1700.0,1,2,0,0,0,1,0,3,4,0,1,3,,N,,,,,,,,,,,
2010062689,1545.0,2,0,0,0,0,0,0,0,0,4,0,,67,5,2010,1,40.0389,-75.0748,1540.0,6,0,0,0,1,0,0,0,0,1.0,0,0,0,15.0,1,1,2,,1,40 02:20.094,2.0,0,75 04:29.135,4,0,0,0,67301,0,0,0,N,0,0,0,2,67301,1,,1,1,,N,N,,0,,0,0,0,3,3,N,1525.0,1,2,0,0,0,0,0,3,4,0,2,3,,N,,,,,,,,,,,
2010052490,1755.0,1,0,0,0,0,0,0,0,0,1,0,,67,5,2010,7,40.0765,-75.0824,1750.0,6,0,0,0,0,0,0,1,0,1.0,0,0,0,17.0,1,1,2,,2,40 04:35.542,7.0,0,75 04:56.744,4,0,0,0,67301,0,0,0,N,0,0,0,1,67301,1,,1,1,,N,N,,1,,0,0,0,3,2,Y,1750.0,1,3,0,0,0,0,0,3,4,1,3,3,,N,,,,,,,,,,,
2010117723,1726.0,1,0,0,0,0,0,0,0,0,8,0,,67,11,2010,2,39.958,-75.2095,1725.0,6,0,0,0,0,0,0,0,0,1.0,0,0,0,17.0,3,1,5,,1,39 57:28.967,3.0,0,75 12:34.259,3,0,0,0,67301,1,0,0,N,1,0,0,2,67301,0,,1,9,,N,N,,0,,1,0,0,3,2,Y,1725.0,1,2,0,0,0,0,1,3,4,0,1,7,,N,,,,,,,,,,,
2010117775,1600.0,2,0,0,0,0,0,0,0,0,4,0,,67,10,2010,4,40.0721,-75.033,1600.0,6,0,0,0,0,0,0,1,0,,0,0,0,15.0,1,1,2,,0,40 04:19.712,,0,75 01:58.660,4,0,0,0,67301,0,0,0,N,0,0,0,3,67301,1,,1,9,,N,N,,0,,0,0,0,3,2,,1500.0,1,2,0,0,0,0,1,3,4,0,2,7,,N,,,,,,,,,,,
2010117793,1020.0,1,0,0,0,0,0,0,0,0,1,0,,67,10,2010,2,40.0492,-75.2198,1010.0,6,0,0,0,0,0,0,0,0,,0,0,0,10.0,1,1,2,,0,40 02:57.718,,0,75 13:12.416,8,0,0,0,67301,0,0,0,N,0,0,0,3,67301,0,,1,1,,N,N,,1,,0,0,1,3,2,,1010.0,1,3,0,0,0,1,1,3,4,0,3,3,,N,,,,,,,,,,,
2010095569,1252.0,1,0,0,0,0,0,0,0,0,7,0,,67,10,2010,6,39.9974,-75.082,1235.0,6,0,0,0,0,0,0,1,0,1.0,0,0,0,12.0,1,0,7,,1,39 59:42.938,2.0,2,75 05:00.984,0,0,0,0,67301,0,0,0,N,0,0,0,1,68K01,0,,2,9,,N,N,,0,,0,0,0,0,0,N,1230.0,0,1,0,0,0,0,0,3,4,0,1,7,,N,,,,,,,,,,,
2010117843,643.0,1,0,0,0,0,0,0,0,0,4,0,,67,10,2010,2,40.0536,-75.1418,640.0,6,0,0,0,0,0,2,0,0,2.0,0,1,0,6.0,3,0,5,,1,40 03:13.053,4.0,0,75 08:30.321,0,0,0,0,67301,0,0,0,N,0,0,0,5,67301,0,,1,9,,N,N,,0,,0,0,0,3,2,Y,636.0,0,2,0,0,0,0,0,3,4,0,2,7,,N,,,,,,,,,,,
2010121912,1752.0,1,0,0,0,0,0,0,0,0,8,0,,67,11,2010,3,40.0366,-75.0586,1746.0,6,0,0,0,0,0,1,0,0,1.0,0,0,0,17.0,3,1,1,,1,40 02:11.598,4.0,0,75 03:30.830,4,0,0,0,67301,1,0,0,N,1,0,0,2,67301,1,,1,9,,N,N,,0,,0,0,0,3,3,N,1744.0,1,2,0,0,0,0,0,3,4,0,1,7,,N,,,,,,,,,,,
2010105641,1840.0,1,0,0,1,0,0,0,0,0,4,0,,67,7,2010,7,40.1133,-75.0252,1835.0,6,0,0,0,0,0,1,0,0,2.0,0,0,0,18.0,1,1,2,,1,40 06:48.006,6.0,0,75 01:30.896,8,0,0,0,67301,1,0,0,,0,0,0,2,67301,0,,1,1,,N,N,,0,,0,0,0,3,3,Y,1830.0,1,2,0,0,0,1,0,3,4,0,1,3,,N,,,,,,,,,,,
2010108144,751.0,2,0,0,0,0,0,0,0,0,4,0,,67,10,2010,3,39.997,-75.2353,749.0,6,0,0,0,0,0,0,0,0,,0,0,0,7.0,1,1,1,,0,39 59:49.593,,0,75 14:07.096,4,0,0,0,67301,0,0,0,N,0,0,0,2,46104,1,,1,9,,N,N,,0,,0,0,0,3,2,,745.0,1,2,0,0,0,0,0,3,4,0,2,3,,N,,,,,,,,,,,
2010103059,235.0,1,0,0,0,0,0,0,0,0,7,0,,67,9,2010,6,39.913,-75.1819,234.0,6,0,0,0,0,0,0,0,0,9.0,0,0,0,2.0,3,1,5,,2,39 54:46.864,2.0,0,75 10:54.999,8,0,0,0,67301,0,0,0,N,0,0,0,1,67301,0,,3,9,,N,N,,0,,0,0,0,3,2,N,230.0,1,1,0,0,0,1,0,3,4,0,1,7,,N,,,,,,,,,,,
2010103085,1715.0,1,0,0,0,0,0,0,0,0,4,0,,67,9,2010,2,40.0369,-75.1451,1710.0,6,0,0,0,0,0,0,0,0,,0,0,0,17.0,1,0,2,,0,40 02:12.961,,0,75 08:42.306,0,0,0,0,67301,0,0,0,N,0,0,0,2,67301,0,,1,9,,N,N,,0,,0,0,1,3,2,,1705.0,0,2,0,0,2,0,0,3,4,0,2,7,,N,,,,,,,,,,,
2010122652,848.0,2,0,0,0,0,0,0,0,0,1,0,,67,11,2010,2,39.9446,-75.198,845.0,6,0,0,0,0,0,0,0,0,,0,0,0,6.0,1,1,3,,0,39 56:40.392,,0,75 11:52.814,4,0,0,0,67301,0,0,0,N,0,0,0,2,67301,1,,1,1,,N,N,,0,,0,0,0,0,0,,655.0,1,2,0,0,0,0,0,3,4,0,2,3,,N,,,,,,,,,,,
2010122653,1701.0,2,0,0,0,0,0,0,0,0,2,0,,67,11,2010,1,40.0343,-75.0746,1659.0,6,0,0,0,0,0,1,0,0,1.0,0,0,0,16.0,1,3,1,,1,40 02:03.403,2.0,0,75 04:28.523,8,0,0,0,67301,0,0,0,N,0,0,0,5,67301,0,,1,1,,N,N,,0,,0,0,0,3,2,N,1655.0,3,2,0,0,0,3,0,3,4,0,2,3,,N,,,,,,,,,,,
2010102843,50.0,2,0,0,0,0,0,0,0,0,1,0,90.0,67,10,2010,7,40.058,-75.0456,32.0,6,0,0,0,0,1,0,0,0,1.0,0,0,0,0.0,3,1,0,,2,40 03:28.560,2.0,0,75 02:44.149,3,0,0,0,67301,0,0,0,N,0,0,0,6,67301,0,,1,1,,N,N,,0,,1,0,0,0,0,N,32.0,1,2,0,0,4,0,0,3,4,0,2,3,,Y,4.0,2.0,N,,,N,Y,Y,,,
2010117694,1840.0,0,0,0,0,0,0,0,0,0,4,0,,67,11,2010,3,39.9927,-75.1451,1838.0,6,0,0,0,0,1,0,0,0,,0,0,0,18.0,3,6,1,,0,39 59:33.987,,0,75 08:42.421,4,0,0,0,67301,0,0,0,,0,0,0,10,67301,6,,1,1,,,,,0,,0,0,0,0,0,,1838.0,6,2,0,0,0,0,4,3,4,2,2,3,,N,,,,,,,,,,,
2010114295,434.0,1,0,0,0,0,0,0,0,0,7,0,,67,10,2010,2,40.0134,-75.1224,433.0,6,0,0,0,0,0,0,0,0,,0,0,0,4.0,3,1,2,,0,40 00:48.312,,0,75 07:20.668,4,0,0,0,67301,0,0,0,,0,0,0,1,67301,1,,2,1,,,,,0,,0,0,0,0,0,,433.0,1,1,0,0,1,0,0,3,4,0,1,3,,N,,,,,,,,,,,
2010112122,1627.0,2,0,0,0,0,0,0,0,0,1,0,,67,10,2010,6,39.9953,-75.1976,1626.0,6,0,0,0,0,0,0,0,0,,0,0,0,16.0,1,1,0,,0,39 59:46.602,,0,75 11:48.752,8,0,0,0,67301,0,0,0,N,0,0,0,2,68K01,0,,1,1,,N,N,,0,,0,0,0,0,0,,1622.0,1,2,0,0,0,1,0,3,4,0,2,3,,N,,,,,,,,,,,
2010110038,1600.0,1,0,0,0,0,0,0,0,0,6,1,,67,11,2010,3,40.0811,-75.0289,1551.0,6,0,0,0,0,0,0,1,0,1.0,0,1,0,15.0,1,1,1,,2,40 04:51.806,4.0,0,75 01:43.881,8,0,0,0,67301,0,0,0,N,0,0,0,2,67301,0,,1,1,,N,N,,0,,0,0,0,3,2,Y,1548.0,1,2,0,0,0,1,0,3,4,0,2,3,,N,,,,,,,,,,,
2010040374,1755.0,1,0,0,0,0,0,0,0,0,1,0,,67,4,2010,5,39.9674,-75.133,1753.0,6,0,0,0,0,0,0,0,0,,0,0,0,17.0,1,0,0,,0,39 58:02.274,,0,75 07:59.588,0,0,0,0,67301,0,0,0,N,0,0,0,6,68K01,0,,1,1,,N,N,,0,,0,0,1,0,0,,1753.0,0,3,0,0,0,0,0,3,4,1,3,3,,N,,,,,,,,,,,
2010048685,110.0,1,0,0,0,0,0,0,0,0,7,0,,67,4,2010,6,40.0591,-75.2346,104.0,6,0,0,0,0,0,0,0,0,,0,0,0,1.0,3,0,0,,0,40 03:32.724,,0,75 14:04.593,0,0,0,0,67301,0,0,0,,0,0,0,1,67301,0,,5,9,,,,,0,,0,0,0,0,0,,100.0,0,1,0,0,0,0,0,3,4,0,1,7,,N,,,,,,,,,,,
2010048769,2125.0,1,0,0,0,0,0,0,0,0,7,0,,67,4,2010,6,40.0663,-75.167,2120.0,6,0,0,0,0,1,0,0,0,,0,0,0,21.0,3,2,0,,0,40 03:58.712,,0,75 10:01.145,4,0,0,0,67301,0,0,0,N,0,0,0,2,67301,2,,5,9,,N,N,,0,,0,0,0,0,0,,2100.0,2,1,0,0,0,0,0,3,4,0,1,7,,N,,,,,,,,,,,
2010077972,1530.0,2,0,0,0,0,0,0,0,0,1,0,,67,8,2010,5,39.9578,-75.1618,1520.0,6,0,0,1,1,0,0,0,0,1.0,0,0,0,15.0,1,1,0,,1,39 57:27.993,4.0,0,75 09:42.474,4,0,0,0,67301,0,0,0,N,0,0,0,6,68K01,1,,1,1,,N,N,,0,,0,0,1,0,0,N,1518.0,1,3,0,0,0,0,0,3,4,0,3,3,,N,,,,,,,,,,,
2010070074,1127.0,1,0,0,0,0,0,0,0,0,7,0,,67,6,2010,7,39.9086,-75.183,1124.0,6,0,0,0,1,0,0,0,0,,0,0,0,11.0,1,0,0,,0,39 54:31.053,,0,75 10:58.778,0,0,0,0,67301,0,0,0,N,0,0,0,2,67301,0,,4,1,,N,N,,0,,0,0,0,0,0,,1120.0,0,1,0,0,2,0,0,3,4,0,1,3,,N,,,,,,,,,,,
2010067962,2250.0,2,0,0,0,0,0,0,0,0,4,0,,67,5,2010,7,39.9489,-75.2456,2043.0,6,0,0,0,0,0,0,0,0,2.0,0,0,0,22.0,3,1,1,,2,39 56:56.040,7.0,0,75 14:44.033,4,0,0,0,67301,0,0,0,N,0,0,0,3,67301,1,,1,1,,N,N,,0,,0,0,0,3,3,Y,2238.0,1,2,0,0,1,0,0,3,4,0,2,3,,N,,,,,,,,,,,
2010070729,1244.0,1,0,0,1,0,0,0,0,0,5,0,,67,6,2010,3,39.9865,-75.1561,1240.0,6,0,0,0,0,0,0,0,0,,0,0,0,12.0,1,1,0,,0,39 59:11.527,,0,75 09:21.921,4,0,0,0,67301,1,0,0,,0,0,0,2,67301,1,,1,1,,,,,0,,0,0,0,0,0,,1239.0,1,2,0,0,0,0,0,3,4,0,1,3,,N,,,,,,,,,,,
2010070749,915.0,2,0,0,0,0,0,0,0,0,1,0,,67,6,2010,1,40.014,-75.1035,914.0,6,0,0,0,0,0,0,0,0,,0,0,0,9.0,1,0,0,,0,40 00:50.424,,0,75 06:12.641,0,0,0,0,67301,0,0,0,N,0,0,0,1,67301,0,,6,1,,N,N,,0,,0,0,0,0,0,,914.0,0,2,0,0,0,0,0,3,4,0,2,3,,N,,,,,,,,,,,
2010070766,2354.0,3,0,0,0,0,0,0,0,0,5,1,,67,6,2010,5,39.9737,-75.2315,2315.0,6,0,0,0,0,0,1,0,0,,0,1,0,23.0,3,1,0,,0,39 58:25.240,,0,75 13:53.266,4,0,0,0,67301,0,0,0,N,0,0,0,1,67301,1,,6,1,,N,N,,1,,0,0,0,0,0,,2315.0,1,5,0,0,0,0,0,3,4,0,5,3,,N,,,,,,,,,,,
2010068375,915.0,3,0,0,0,0,0,0,0,0,1,0,,67,7,2010,7,39.9841,-75.0969,903.0,6,0,0,0,0,0,0,0,0,,0,0,0,9.0,1,2,0,,0,39 59:02.385,,2,75 05:49.475,4,0,0,0,67301,0,0,0,N,0,0,0,3,68K01,2,,1,9,,N,N,,0,,0,0,0,0,0,,900.0,2,3,0,0,0,0,0,3,4,0,3,7,,N,,,,,,,,,,,
2010052029,231.0,1,0,0,0,0,0,0,0,0,7,0,,67,5,2010,3,39.9756,-75.1154,224.0,6,0,0,0,0,0,0,0,0,1.0,0,0,0,2.0,3,0,0,,2,39 58:34.650,1.0,0,75 06:52.240,9,0,0,0,67301,0,0,0,N,0,0,0,1,68K01,0,,2,1,,N,N,,0,,0,0,0,0,0,N,221.0,0,1,0,0,0,0,1,3,4,0,1,3,,N,,,,,,,,,,,
2010048897,840.0,1,0,0,0,0,0,0,0,0,8,0,,67,4,2010,2,39.9388,-75.2269,824.0,6,0,0,0,0,0,1,0,0,,0,0,0,8.0,1,1,1,,0,39 56:19.532,,0,75 13:36.735,4,0,0,0,67301,1,0,0,N,1,0,0,2,67301,1,,1,1,,N,N,,0,,0,0,0,9,3,,820.0,1,2,0,0,0,0,0,3,4,0,1,3,,N,,,,,,,,,,,
2010048898,257.0,2,0,0,0,0,0,0,0,0,6,0,,67,4,2010,5,39.9087,-75.245,255.0,6,0,0,0,0,0,0,0,0,,0,0,0,2.0,3,0,0,,0,39 54:31.421,,0,75 14:41.862,0,0,0,0,67301,0,0,0,,0,0,0,1,67301,0,,1,9,,,,,0,,0,0,0,0,0,,254.0,0,2,0,0,0,0,0,3,4,0,2,7,,N,,,,,,,,,,,
2010052120,1925.0,1,0,0,0,0,0,0,0,0,4,0,,67,5,2010,5,40.0138,-75.0783,1922.0,6,0,0,1,0,0,0,0,0,,0,0,0,17.0,4,1,1,,0,40 00:49.768,,0,75 04:41.935,8,0,0,0,67301,0,0,0,,0,0,0,3,67301,0,,1,1,,N,N,,0,,0,0,0,3,3,,1700.0,1,2,0,0,0,1,0,3,4,1,2,3,,N,,,,,,,,,,,
2010052126,1735.0,0,0,0,0,0,0,0,0,0,2,0,,67,5,2010,3,39.9755,-75.2445,1735.0,6,0,0,0,0,0,0,0,0,,0,0,0,17.0,1,1,1,,0,39 58:31.652,,0,75 14:40.268,4,0,0,0,67301,1,0,0,N,1,0,0,2,67301,1,,1,1,,N,N,,0,,0,0,1,0,0,,1730.0,1,2,0,0,0,0,0,3,4,0,1,3,,N,,,,,,,,,,,
2010054964,1641.0,1,0,0,0,0,0,0,0,0,5,1,,67,5,2010,2,39.9179,-75.1479,1641.0,6,0,0,0,0,0,0,0,0,2.0,0,1,0,16.0,1,1,0,,2,39 55:02.949,2.0,0,75 08:52.082,8,0,0,0,67301,0,0,0,N,0,0,0,2,68K01,0,,1,9,,N,N,,0,,0,0,0,0,0,N,1638.0,1,2,0,0,0,1,1,3,4,0,2,7,,N,,,,,,,,,,,
2010052481,2010.0,1,0,0,1,0,0,0,0,0,4,0,,67,5,2010,6,39.932,-75.1513,2007.0,6,0,0,0,0,0,1,0,0,,0,0,0,99.0,3,1,1,,0,39 55:55.228,,0,75 09:04.715,4,0,0,0,67301,1,0,0,N,0,0,0,4,67301,1,,1,1,,N,N,,0,,0,0,0,9,3,,9999.0,1,2,0,0,0,0,0,3,4,0,1,3,,N,,,,,,,,,,,
2010052196,1900.0,1,0,0,0,0,0,0,0,0,7,0,,67,5,2010,4,39.9476,-75.1914,1857.0,6,0,0,0,0,0,0,0,0,,0,0,0,18.0,1,1,2,,0,39 56:51.299,,0,75 11:28.885,8,0,0,0,67301,0,0,0,N,0,0,0,1,67301,0,,5,1,,N,N,,0,,0,0,0,3,2,,1855.0,1,1,0,0,0,1,0,3,4,0,1,3,,N,,,,,,,,,,,