CRN,ARRIVAL_TM,AUTOMOBILE_COUNT,BELTED_DEATH_COUNT,BELTED_SUSP_SERIOUS_INJ_COUNT,BICYCLE_COUNT,BICYCLE_DEATH_COUNT,BICYCLE_SUSP_SERIOUS_INJ_COUNT,BUS_COUNT,CHLDPAS_DEATH_COUNT,CHLDPAS_SUSP_SERIOUS_INJ_COUNT,COLLISION_TYPE,COMM_VEH_COUNT,CONS_ZONE_SPD_LIM,COUNTY,CRASH_MONTH,CRASH_YEAR,DAY_OF_WEEK,DEC_LAT,DEC_LONG,DISPATCH_TM,DISTRICT,DRIVER_COUNT_16YR,DRIVER_COUNT_17YR,DRIVER_COUNT_18YR,DRIVER_COUNT_19YR,DRIVER_COUNT_20YR,DRIVER_COUNT_50_64YR,DRIVER_COUNT_65_74YR,DRIVER_COUNT_75PLUS,EST_HRS_CLOSED,FATAL_COUNT,HEAVY_TRUCK_COUNT,HORSE_BUGGY_COUNT,HOUR_OF_DAY,ILLUMINATION,INJURY_COUNT,INTERSECT_TYPE,INTERSECTION_RELATED,LANE_CLOSED,LATITUDE,LN_CLOSE_DIR,LOCATION_TYPE,LONGITUDE,MAX_SEVERITY_LEVEL,MCYCLE_DEATH_COUNT,MCYCLE_SUSP_SERIOUS_INJ_COUNT,MOTORCYCLE_COUNT,MUNICIPALITY,NONMOTR_COUNT,NONMOTR_DEATH_COUNT,NONMOTR_SUSP_SERIOUS_INJ_COUNT,NTFY_HIWY_MAINT,PED_COUNT,PED_DEATH_COUNT,PED_SUSP_SERIOUS_INJ_COUNT,PERSON_COUNT,POLICE_AGCY,POSSIBLE_INJ_COUNT,RDWY_SURF_TYPE_CD,RELATION_TO_ROAD,ROAD_CONDITION,ROADWAY_CLEARED,SCH_BUS_IND,SCH_ZONE_IND,SECONDARY_CRASH,SMALL_TRUCK_COUNT,SPEC_JURIS_CD,SUSP_MINOR_INJ_COUNT,SUSP_SERIOUS_INJ_COUNT,SUV_COUNT,TCD_FUNC_CD,TCD_TYPE,TFC_DETOUR_IND,TIME_OF_DAY,TOT_INJ_COUNT,TOTAL_UNITS,UNB_DEATH_COUNT,UNB_SUSP_SERIOUS_INJ_COUNT,UNBELTED_OCC_COUNT,UNK_INJ_DEG_COUNT,UNK_INJ_PER_COUNT,URBAN_AREA,URBAN_RURAL,VAN_COUNT,VEHICLE_COUNT,WEATHER1,WEATHER2,WORK_ZONE_IND,WORK_ZONE_LOC,WORK_ZONE_TYPE,WORKERS_PRES,WZ_CLOSE_DETOUR,WZ_FLAGGER,WZ_LAW_OFFCR_IND,WZ_LN_CLOSURE,WZ_MOVING,WZ_OTHER,WZ_SHLDER_MDN,WZ_WORKERS_INJ_KILLED
2010052235,1855.0,2,0,0,0,0,0,0,0,0,1,0,,67,5,2010,2,39.9863,-75.1044,1852.0,6,0,0,0,0,0,0,0,0,,0,0,0,18.0,1,2,1,,0,39 59:10.485,,0,75 06:15.828,3,0,0,0,67301,0,0,0,N,0,0,0,2,67301,0,,1,9,,N,N,,0,,2,0,0,3,2,,1845.0,2,2,0,0,0,0,0,3,4,0,2,7,,N,,,,,,,,,,,
2010117751,1702.0,3,0,0,0,0,0,0,0,0,4,0,,67,10,2010,2,39.9811,-75.2428,1700.0,6,0,0,0,0,0,0,0,0,,0,0,0,16.0,1,1,1,,0,39 58:51.848,,0,75 14:34.202,4,0,0,0,67301,0,0,0,,0,0,0,5,67301,1,,1,1,,,,,0,,0,0,0,3,2,,1658.0,1,3,0,0,0,0,0,3,4,0,3,3,,N,,,,,,,,,,,
2010117824,9999.0,0,0,0,0,0,0,0,0,0,7,0,,67,10,2010,2,39.9161,-75.1603,1134.0,6,0,0,0,0,0,1,0,0,,0,0,0,11.0,1,1,0,,0,39 54:58.046,,0,75 09:36.900,4,0,0,0,67301,0,0,0,N,0,0,0,1,67301,1,,5,1,,N,N,,0,,0,0,0,0,0,,1115.0,1,1,0,0,0,0,0,3,4,1,1,3,,N,,,,,,,,,,,
2010117827,240.0,1,0,0,0,0,0,0,0,0,6,0,,67,10,2010,7,39.9338,-75.1482,203.0,6,0,0,0,0,0,0,0,0,3.0,0,0,0,1.0,3,0,1,,1,39 56:01.622,3.0,0,75 08:53.609,0,0,0,0,67301,0,0,0,N,0,0,0,2,67301,0,,1,1,,N,N,,0,,0,0,0,3,2,N,132.0,0,2,0,0,0,0,0,3,4,1,2,3,,N,,,,,,,,,,,
2010117834,1859.0,0,0,0,0,0,0,0,0,0,8,0,,67,10,2010,3,40.0274,-75.1147,1857.0,6,0,0,0,0,0,0,0,0,,0,0,0,18.0,3,1,0,,0,40 01:38.760,,0,75 06:52.990,4,0,0,0,67301,1,0,0,N,1,0,0,2,67301,1,,1,1,,N,N,,0,,0,0,1,0,0,,1855.0,1,2,0,0,0,0,0,3,4,0,1,3,,N,,,,,,,,,,,
2010097810,1721.0,1,0,0,0,0,0,0,0,0,1,0,,67,10,2010,6,40.0083,-75.2026,1651.0,6,0,0,0,0,0,0,0,0,,0,0,0,16.0,1,3,0,,0,40 00:29.466,,0,75 12:08.022,4,0,0,0,67301,0,0,0,N,0,0,0,4,68K01,3,,1,1,,N,N,,1,,0,0,0,0,0,,1627.0,3,2,0,0,0,0,0,3,4,0,2,3,,N,,,,,,,,,,,
2010117880,730.0,0,0,0,0,0,0,0,0,0,8,0,,67,10,2010,5,40.0414,-75.1441,720.0,6,0,0,0,0,0,0,0,0,,0,0,0,6.0,1,1,1,,0,40 02:28.937,,0,75 08:38.815,8,0,0,0,67301,1,0,0,N,1,0,0,2,67301,0,,1,1,,N,N,,0,,0,0,1,9,9,,630.0,1,2,0,0,0,1,0,3,4,0,1,3,,N,,,,,,,,,,,
2010121868,1625.0,2,0,0,0,0,0,0,0,0,4,0,,67,11,2010,1,39.9585,-75.1659,1617.0,6,0,0,0,0,0,0,0,0,,0,0,0,16.0,1,0,1,,0,39 57:30.637,,0,75 09:56.095,0,0,0,0,67301,0,0,0,N,0,0,0,2,67301,0,,1,1,,N,N,,0,,0,0,0,2,2,,1610.0,0,2,0,0,0,0,0,3,4,0,2,3,,N,,,,,,,,,,,
2010069276,916.0,1,0,0,0,0,0,0,0,0,8,0,,67,6,2010,5,39.9545,-75.1561,915.0,6,0,0,0,0,0,0,0,0,,0,0,0,9.0,1,1,1,,0,39 57:16.106,,0,75 09:21.866,8,0,0,0,67301,1,0,0,N,1,0,0,2,67301,0,,1,1,,N,N,,0,,0,0,0,0,0,,914.0,1,2,0,0,1,1,0,3,4,0,1,3,,N,,,,,,,,,,,
2010069844,850.0,0,0,0,1,0,0,0,0,0,5,0,,67,6,2010,3,39.9545,-75.1631,840.0,6,0,0,0,0,0,0,0,0,,0,0,0,8.0,1,1,0,,0,39 57:16.151,,0,75 09:46.983,4,0,0,1,67301,1,0,0,N,0,0,0,2,67301,1,,1,1,,N,N,,1,,0,0,0,0,0,,835.0,1,3,0,0,0,0,0,3,4,0,2,3,,N,,,,,,,,,,,
2010074410,2253.0,2,0,0,0,0,0,0,0,0,4,0,,67,7,2010,7,40.0624,-75.1553,2251.0,6,0,0,0,0,2,0,0,0,2.0,0,0,0,22.0,3,1,1,,1,40 03:44.697,7.0,0,75 09:18.946,8,0,0,0,67301,0,0,0,N,0,0,0,2,67301,0,,1,98,,N,Y,,0,,0,0,0,3,2,Y,2249.0,1,2,0,0,0,1,0,3,4,0,2,3,,N,,,,,,,,,,,
2010074411,810.0,0,0,0,0,0,0,0,0,0,4,1,,67,7,2010,4,40.0353,-75.0251,810.0,6,0,0,0,0,1,0,0,0,,0,1,0,8.0,1,1,0,,0,40 02:07.096,,0,75 01:30.492,3,0,0,0,67301,0,0,0,N,0,0,0,1,67301,0,,1,9,,N,N,,0,,1,0,1,0,0,,808.0,1,2,0,0,1,0,0,3,4,0,2,7,,N,,,,,,,,,,,
2010081920,1210.0,1,0,0,0,0,0,0,0,0,4,0,,67,7,2010,5,40.0301,-75.1436,1205.0,6,0,0,0,0,1,0,0,0,,0,0,0,12.0,1,2,1,,0,40 01:48.428,,0,75 08:37.006,4,0,0,0,67301,0,0,0,,0,0,0,3,67301,2,,1,1,,,,,0,,0,0,0,3,3,,1200.0,2,2,0,0,0,0,0,3,4,1,2,3,,N,,,,,,,,,,,
2010081969,1015.0,2,0,0,0,0,0,0,0,0,4,0,,67,7,2010,2,39.9578,-75.1602,1012.0,6,0,0,0,0,0,1,0,0,,0,0,0,10.0,1,1,2,,0,39 57:28.066,,0,75 09:36.785,8,0,0,0,67301,0,0,0,N,0,0,0,2,67301,0,,1,1,,N,N,,0,,0,0,0,3,2,,1000.0,1,2,0,0,0,1,0,3,4,0,2,3,,N,,,,,,,,,,,
2010036544,1332.0,2,0,0,0,0,0,0,0,0,1,0,,67,4,2010,7,40.0161,-75.0519,1306.0,6,0,0,0,0,0,0,0,0,1.0,0,0,0,12.0,1,0,0,,2,40 00:58.023,1.0,0,75 03:06.443,0,0,0,0,67301,0,0,0,N,0,0,0,2,68K01,0,,1,1,,N,N,,0,,0,0,0,0,0,N,1259.0,0,2,0,0,0,0,0,3,4,0,2,3,,N,,,,,,,,,,,
2010088697,1445.0,2,0,0,0,0,0,0,0,0,1,0,,67,8,2010,3,40.0762,-75.0007,1439.0,6,0,0,0,0,0,0,0,0,,0,0,0,14.0,1,1,0,,0,40 04:34.108,,0,75 00:02.388,8,0,0,0,67301,0,0,0,N,0,0,0,6,67301,0,,1,1,,N,N,,0,,0,0,0,0,0,,1435.0,1,2,0,0,1,1,0,3,4,0,2,3,,N,,,,,,,,,,,
2010091242,905.0,0,0,0,0,0,0,0,0,0,4,0,,67,7,2010,6,39.9845,-75.1246,900.0,6,0,0,0,0,0,1,0,0,,0,0,0,9.0,1,1,3,,0,39 59:04.357,,0,75 07:28.695,4,0,0,1,67301,0,0,0,N,0,0,0,3,67301,1,,1,1,,N,N,,1,,0,0,0,3,3,,900.0,1,2,0,0,2,0,0,3,4,0,2,3,,N,,,,,,,,,,,
2010088758,1125.0,2,0,0,0,0,0,0,0,0,5,0,,67,8,2010,4,40.0585,-75.0525,1120.0,6,0,0,0,0,0,1,0,0,,0,0,0,11.0,1,1,0,,0,40 03:30.883,,0,75 03:09.014,4,0,0,0,67301,0,0,0,N,0,0,0,2,67301,1,,1,1,,N,N,,0,,0,0,0,0,0,,1110.0,1,2,0,0,0,0,0,3,4,0,2,3,,N,,,,,,,,,,,
2010088769,2153.0,2,0,0,0,0,0,0,0,0,4,0,,67,8,2010,6,39.9367,-75.1669,2146.0,6,0,0,0,0,0,1,0,0,,0,0,0,21.0,3,0,1,,0,39 56:12.075,,0,75 10:01.033,0,0,0,0,67301,0,0,0,,0,0,0,2,67301,0,,1,1,,,,,0,,0,0,0,3,2,,2146.0,0,2,0,0,0,0,0,3,4,0,2,3,,N,,,,,,,,,,,
2010088824,2200.0,1,0,0,1,0,0,0,0,0,8,0,,67,8,2010,4,40.0107,-75.0726,2155.0,6,0,0,0,0,0,0,1,0,,0,0,0,21.0,3,1,2,,0,40 00:38.602,,0,75 04:21.421,8,0,0,0,67301,1,0,0,,0,0,0,2,67301,0,,1,1,,,,,0,,0,0,0,3,3,,2115.0,1,2,0,0,0,1,1,3,4,0,1,3,,N,,,,,,,,,,,
2010099642,356.0,0,0,0,1,0,0,0,0,0,5,0,,67,9,2010,1,39.9542,-75.1395,354.0,6,0,0,0,0,0,0,0,0,,0,0,0,3.0,3,1,2,,0,39 57:15.516,,0,75 08:23.025,3,0,0,0,67301,1,0,0,N,0,0,0,2,67301,0,,5,1,,N,N,,0,,1,0,0,3,2,,353.0,1,2,0,0,0,0,1,3,4,0,1,3,,N,,,,,,,,,,,
2010102361,55.0,1,0,0,0,0,0,0,0,0,7,0,,67,9,2010,1,39.9475,-75.1413,55.0,6,0,0,0,0,0,1,0,0,9.0,0,0,0,0.0,3,0,0,,1,39 56:51.072,1.0,0,75 08:28.680,0,0,0,0,67301,0,0,0,,0,0,0,1,67301,0,,5,1,,N,N,,0,,0,0,0,0,0,N,54.0,0,1,0,0,0,0,0,3,4,0,1,3,,N,,,,,,,,,,,
2010102953,1510.0,2,0,0,0,0,0,0,0,0,4,0,,67,9,2010,2,39.9565,-75.1963,1506.0,6,0,0,0,0,0,0,0,1,,0,0,0,15.0,1,1,0,,0,39 57:23.395,,0,75 11:46.679,8,0,0,0,67301,0,0,0,N,0,0,0,4,67301,0,,1,1,,N,N,,0,,0,0,0,0,0,,1500.0,1,2,0,0,0,1,0,3,4,0,2,3,,N,,,,,,,,,,,
2010105655,938.0,1,0,0,1,0,0,0,0,0,4,0,,67,10,2010,6,39.9787,-75.1578,936.0,6,0,0,0,0,0,0,0,0,,0,0,0,9.0,1,1,1,,0,39 58:43.230,,0,75 09:28.092,4,0,0,0,67301,1,0,0,,0,0,0,2,67301,1,,1,9,,,,,0,,0,0,0,3,2,,936.0,1,2,0,0,0,0,0,3,4,0,1,7,,N,,,,,,,,,,,
2010105663,1539.0,1,0,0,0,0,0,0,0,0,8,0,,67,9,2010,4,39.9715,-75.2258,1524.0,6,0,0,0,0,0,0,0,0,,0,0,0,15.0,1,1,1,,0,39 58:17.198,,0,75 13:33.022,4,0,0,0,67301,1,0,0,N,1,0,0,4,67301,1,,1,1,,N,N,,0,,0,0,0,3,2,,1520.0,1,2,0,0,0,0,0,3,4,0,1,3,,N,,,,,,,,,,,
2010105671,46.0,1,0,0,0,0,0,0,0,0,8,0,,67,10,2010,5,39.9937,-75.1843,31.0,6,0,0,0,0,0,0,0,0,,0,0,0,0.0,6,1,0,,0,39 59:37.258,,0,75 11:03.354,8,0,0,0,67301,1,0,0,N,1,0,0,2,03301,0,,1,9,,N,N,,0,,0,0,0,0,0,,0.0,1,2,0,0,0,1,0,3,4,0,1,7,,N,,,,,,,,,,,
2010103065,1710.0,1,0,0,0,0,0,0,0,0,8,0,,67,9,2010,7,39.9567,-75.2282,1658.0,6,0,0,0,0,1,0,0,0,,0,0,0,16.0,1,1,0,,0,39 57:24.073,,0,75 13:41.685,4,0,0,0,67301,1,0,0,N,1,0,0,2,67301,1,,1,1,,N,N,,0,,0,0,0,0,0,,1658.0,1,2,0,0,1,0,0,3,4,0,1,3,,N,,,,,,,,,,,
2010125104,248.0,1,0,0,0,0,0,0,0,0,4,0,,67,11,2010,6,40.0272,-75.1512,247.0,6,0,1,0,0,0,0,0,0,4.0,0,0,0,2.0,3,5,1,,2,40 01:37.801,7.0,0,75 09:04.478,4,0,0,0,67301,0,0,0,N,0,0,0,6,67301,3,,1,1,,N,N,,0,,0,0,1,3,2,Y,247.0,5,2,0,0,6,2,0,3,4,0,2,3,,N,,,,,,,,,,,
2010117894,1046.0,1,0,0,1,0,0,0,0,0,4,0,,67,10,2010,1,39.9446,-75.2275,1042.0,6,0,0,0,0,0,0,1,0,,0,0,0,10.0,1,1,0,,0,39 56:40.552,,0,75 13:38.888,4,0,0,0,67301,1,0,0,N,0,0,0,2,67301,1,,1,1,,N,N,,0,,0,0,0,0,0,,1012.0,1,2,0,0,0,0,0,3,4,0,1,3,,N,,,,,,,,,,,
2010114335,2340.0,2,0,0,0,0,0,0,0,0,2,0,,67,10,2010,4,40.0074,-75.1368,2335.0,6,0,0,0,0,0,2,0,0,,0,0,0,23.0,3,1,1,,0,40 00:26.682,,0,75 08:12.579,8,0,0,0,67301,0,0,0,,0,0,0,3,67301,0,,1,1,,,,,0,,0,0,0,3,2,,2335.0,1,2,0,0,0,1,0,3,4,0,2,3,,N,,,,,,,,,,,
2010036890,326.0,2,0,0,0,0,0,0,0,0,7,0,,67,4,2010,1,39.8912,-75.1992,326.0,6,0,0,0,0,0,0,0,0,3.0,0,0,0,2.0,3,1,0,,2,39 53:33.055,2.0,3,75 11:50.928,4,0,0,0,67301,0,0,0,N,0,0,0,5,68K02,1,,2,1,,N,N,,0,,0,0,3,0,0,N,255.0,1,5,0,0,0,0,0,3,4,0,5,3,,N,,,,,,,,,,,
2010040115,850.0,0,0,0,0,0,0,0,0,0,1,0,,67,3,2010,6,40.0075,-75.201,849.0,6,0,0,0,0,0,0,0,0,1.0,0,0,0,8.0,1,1,0,,1,40 00:26.252,3.0,0,75 12:01.788,4,0,0,0,67301,0,0,0,N,0,0,0,3,68K01,1,,1,1,,N,N,,0,,0,0,2,0,0,N,849.0,1,2,0,0,0,0,0,3,4,0,2,3,,N,,,,,,,,,,,
2010040129,725.0,1,0,0,0,0,0,0,0,0,5,0,,67,4,2010,6,40.0229,-75.0353,721.0,6,0,0,0,0,0,0,0,0,1.0,0,0,0,7.0,1,1,0,,1,40 01:23.082,2.0,0,75 02:05.999,4,0,0,0,67301,0,0,0,N,0,0,0,2,68K01,1,,1,1,,N,N,,0,,0,0,1,0,0,N,720.0,1,2,0,0,0,0,0,3,4,0,2,3,,N,,,,,,,,,,,
2010048628,859.0,0,0,0,0,0,0,0,0,0,8,0,,67,4,2010,3,39.987,-75.1124,857.0,6,0,0,0,0,0,0,0,0,,0,0,0,8.0,1,1,1,,0,39 59:13.282,,0,75 06:44.571,8,0,0,0,67301,1,0,0,,1,0,0,2,67301,0,,1,1,,,,,0,,0,0,1,2,3,,845.0,1,2,0,0,0,1,1,3,4,0,1,3,,N,,,,,,,,,,,
2010048733,712.0,1,0,0,0,0,0,0,0,0,1,0,,67,4,2010,6,40.114,-74.9876,709.0,6,0,0,0,0,0,0,0,0,1.0,0,0,0,7.0,1,4,1,,2,40 06:50.539,1.0,0,74 59:15.391,8,0,0,0,67301,0,0,0,N,0,0,0,6,67301,0,,1,9,,N,N,,1,,0,0,0,3,2,N,705.0,4,2,0,0,0,4,0,3,4,0,2,7,,N,,,,,,,,,,,
2010058757,645.0,1,0,0,0,0,0,1,0,0,1,1,,67,5,2010,6,39.9838,-75.1253,642.0,6,0,0,0,0,0,0,1,0,2.0,0,0,0,6.0,1,0,0,,2,39 59:01.784,5.0,0,75 07:30.993,0,0,0,0,67301,0,0,0,,0,0,0,3,67301,0,,2,1,,Y,,,0,,0,0,0,0,0,N,639.0,0,2,0,0,0,0,0,3,4,0,2,3,,N,,,,,,,,,,,
2010065774,734.0,2,0,0,0,0,0,0,0,0,1,0,,67,6,2010,4,40.0476,-74.9998,648.0,6,0,0,0,0,0,0,0,0,,0,0,0,6.0,1,2,0,,0,40 02:51.522,,0,74 59:58.781,8,0,0,0,67301,0,0,0,N,0,0,0,2,68K01,0,,1,1,,N,N,,0,,0,0,0,0,0,,633.0,2,2,0,0,0,2,0,3,4,0,2,3,,N,,,,,,,,,,,
2010063260,1115.0,1,0,0,0,0,0,0,0,0,1,0,,67,7,2010,6,39.9604,-75.1403,1115.0,6,0,0,0,0,0,0,0,0,1.0,0,0,0,11.0,1,1,0,,1,39 57:37.880,1.0,0,75 08:24.764,2,0,1,1,67301,0,0,0,N,0,0,0,2,68K01,0,,1,1,,N,N,,0,,0,1,0,0,0,N,1115.0,1,2,0,0,0,0,0,3,4,0,2,3,,N,,,,,,,,,,,
2010070071,1730.0,2,0,0,0,0,0,0,0,0,4,0,,67,6,2010,4,39.9332,-75.1796,1726.0,6,0,0,0,0,0,0,0,0,,0,0,0,17.0,1,1,2,,0,39 55:59.462,,0,75 10:46.387,3,0,0,0,67301,0,0,0,N,0,0,0,2,67301,0,,1,1,,N,N,,0,,1,0,0,3,3,,1720.0,1,2,0,0,0,0,1,3,4,0,2,3,,N,,,,,,,,,,,
2010067969,45.0,0,0,0,0,0,0,0,0,0,7,0,,67,6,2010,1,39.9718,-75.2671,42.0,6,0,0,0,0,0,0,0,0,,0,0,0,0.0,3,1,0,,0,39 58:18.522,,0,75 16:01.709,8,0,0,1,67301,0,0,0,,0,0,0,1,67301,0,,2,1,,,,,0,,0,0,0,0,0,,40.0,1,1,0,0,0,1,0,3,4,0,1,3,,N,,,,,,,,,,,
2010073262,1005.0,1,0,0,0,0,0,0,0,0,7,0,,67,7,2010,6,39.9628,-75.1832,1000.0,6,0,0,0,1,0,0,0,0,1.0,0,0,0,9.0,1,0,0,,1,39 57:48.944,4.0,0,75 11:02.418,0,0,0,0,67301,0,0,0,N,0,0,0,2,68K01,0,,2,1,,N,N,,0,,0,0,0,0,0,N,956.0,0,1,0,0,0,0,0,3,4,0,1,3,,N,,,,,,,,,,,
2010070792,415.0,2,0,0,0,0,0,0,0,0,1,0,,67,6,2010,2,40.0384,-75.1495,409.0,6,0,0,0,0,0,0,0,0,,0,0,0,4.0,3,2,0,,0,40 02:18.250,,0,75 08:58.124,3,0,0,0,67301,0,0,0,N,0,0,0,3,67301,0,,6,1,,N,N,,0,,2,0,1,0,0,,405.0,2,3,0,0,0,0,0,3,4,0,3,3,,N,,,,,,,,,,,
2010051274,1925.0,3,0,0,0,0,0,0,0,0,1,0,,67,5,2010,2,39.9491,-75.185,1918.0,6,0,0,0,0,0,0,0,0,,0,0,0,19.0,3,3,0,,0,39 56:58.943,,0,75 11:02.852,4,0,0,0,67301,0,0,0,N,0,0,0,5,68K01,2,,1,1,,N,N,,0,,0,0,0,0,0,,1912.0,3,3,0,0,0,1,0,3,4,0,3,3,,N,,,,,,,,,,,
2010062712,1040.0,2,0,0,0,0,0,0,0,0,5,0,,67,5,2010,6,40.0395,-75.0601,1031.0,6,0,0,0,0,0,0,0,0,1.0,0,0,0,10.0,1,1,0,,1,40 02:22.255,2.0,6,75 03:36.524,8,0,0,0,67301,0,0,0,,0,0,0,3,67301,0,,1,1,,,,,0,,0,0,0,3,4,N,1025.0,1,2,0,0,0,1,0,3,4,0,2,3,,N,,,,,,,,,,,
2010048914,1830.0,0,0,0,0,0,0,0,0,0,8,0,,67,4,2010,4,40.0208,-75.1179,1805.0,6,0,0,0,0,0,0,0,0,,0,0,0,18.0,1,1,0,,0,40 01:14.790,,0,75 07:04.432,4,0,0,0,67301,1,0,0,,1,0,0,2,67301,1,,1,1,,N,N,,0,,0,0,0,0,0,,1800.0,1,2,0,0,0,0,0,3,4,1,1,3,,N,,,,,,,,,,,
2010048930,1232.0,1,0,0,0,0,0,0,0,0,7,0,,67,4,2010,6,39.9158,-75.2209,1229.0,6,0,0,0,0,0,0,0,0,2.0,0,0,0,12.0,1,0,0,,1,39 54:54.125,2.0,0,75 13:16.684,0,0,0,0,67301,0,0,0,,0,0,0,1,67301,0,,3,1,,,,,0,,0,0,0,0,0,Y,1229.0,0,1,0,0,0,0,0,3,4,0,1,3,,N,,,,,,,,,,,
2010048934,2205.0,0,0,0,0,0,0,0,0,0,2,0,,67,4,2010,6,39.915,-75.226,2205.0,6,0,0,0,0,0,2,0,0,2.0,0,0,0,22.0,3,2,0,,2,39 54:54.093,3.0,0,75 13:33.566,4,0,0,0,67301,0,0,0,N,0,0,0,4,67301,2,,1,9,,N,N,,1,,0,0,0,0,0,Y,2204.0,2,2,0,0,0,0,0,3,4,1,2,7,,N,,,,,,,,,,,
2010048941,1547.0,0,0,0,0,0,0,0,0,0,4,0,,67,4,2010,3,40.0178,-75.0839,1543.0,6,0,0,0,0,0,0,0,0,,0,0,0,14.0,1,1,0,,0,40 01:03.936,,7,75 05:02.047,4,0,0,0,67301,0,0,0,,0,0,0,3,67301,1,,1,1,,N,N,,2,,0,0,0,0,0,,1410.0,1,2,0,0,0,0,0,3,4,0,2,3,,N,,,,,,,,,,,
2010052097,1554.0,3,0,0,0,0,0,0,0,0,7,0,,67,5,2010,7,40.0405,-75.0591,1542.0,6,0,0,0,0,0,3,0,0,2.0,0,0,0,15.0,1,4,1,,2,40 02:25.817,2.0,0,75 03:32.713,3,0,0,0,67301,0,0,0,,0,0,0,7,67301,3,,3,1,,,,,0,,1,0,0,3,2,Y,1541.0,4,4,0,0,0,0,2,3,4,1,4,3,,N,,,,,,,,,,,
2010117735,823.0,1,0,0,0,0,0,0,0,0,1,0,,67,10,2010,3,39.964,-75.2037,820.0,6,0,0,0,0,0,0,0,0,2.0,0,0,0,99.0,1,1,0,,2,39 57:50.415,4.0,0,75 12:13.325,8,0,0,0,67301,0,0,0,,0,0,0,7,67301,0,,1,9,,N,N,,0,,0,0,0,0,0,Y,9999.0,1,2,0,0,1,1,0,3,4,0,2,3,,N,,,,,,,,,,,
2010117752,2256.0,2,0,0,0,0,0,0,0,0,4,0,,67,10,2010,6,40.0263,-75.0848,2251.0,6,0,0,0,0,0,1,0,0,1.0,0,0,0,22.0,3,1,0,,2,40 01:34.689,6.0,0,75 05:05.214,8,0,0,0,67301,0,0,0,N,0,0,0,2,67301,0,,1,1,,N,N,,0,,0,0,0,3,2,Y,2245.0,1,2,0,0,0,1,0,3,4,0,2,3,,N,,,,,,,,,,,
2010117861,2025.0,2,0,0,0,0,0,0,0,0,4,0,,67,10,2010,1,40.0404,-75.0655,2020.0,6,0,0,1,0,0,0,0,0,,0,0,0,20.0,3,2,1,,0,40 02:25.631,,0,75 03:56.177,4,0,0,0,67301,0,0,0,,0,0,0,5,67301,2,,1,1,,,,,0,,0,0,1,3,2,,2015.0,2,3,0,0,0,0,0,3,4,0,3,3,,N,,,,,,,,,,,
2010124593,703.0,1,0,0,0,0,0,0,0,0,7,0,,67,12,2010,1,39.9836,-75.0979,652.0,6,0,0,0,0,0,0,0,0,,0,0,0,6.0,3,1,0,,0,39 59:00.687,,0,75 05:52.550,4,0,0,0,67301,0,0,0,N,0,0,0,1,68K01,1,,2,9,,N,N,,0,,0,0,0,0,0,,649.0,1,1,0,0,0,0,0,3,4,0,1,3,,N,,,,,,,,,,,
2010122403,1245.0,1,0,0,0,0,0,0,0,0,4,1,,67,11,2010,3,40.0158,-75.1411,1245.0,6,0,0,0,0,0,0,0,0,,0,1,0,12.0,1,3,1,,0,40 00:56.894,,0,75 08:28.039,8,0,0,0,67301,0,0,0,,0,0,0,4,67301,0,,1,9,,N,N,,0,,0,0,0,3,2,,1235.0,3,2,0,0,0,3,0,3,4,0,2,7,,N,,,,,,,,,,,
2010116318,1453.0,0,0,0,0,0,0,1,0,0,8,1,,67,10,2010,5,39.9738,-75.2064,1452.0,6,0,0,0,0,0,0,0,0,,0,0,0,14.0,1,2,1,,0,39 58:25.816,,0,75 12:23.037,8,0,0,0,67301,2,0,0,N,2,0,0,3,67301,0,,1,1,,N,N,,0,,0,0,0,3,2,,1448.0,2,3,0,0,0,2,0,3,4,0,1,3,,N,,,,,,,,,,,
2010069273,109.0,1,0,0,0,0,0,0,0,0,1,0,,67,6,2010,6,39.9112,-75.2306,9999.0,6,0,0,0,0,0,0,1,0,9.0,0,0,0,1.0,3,1,1,,1,39 54:40.341,2.0,0,75 13:50.008,8,0,0,0,67301,0,0,0,N,0,0,0,2,67301,0,,1,1,,N,N,,0,,0,0,1,3,2,N,105.0,1,2,0,0,0,1,0,3,4,0,2,3,,N,,,,,,,,,,,
2010066835,2105.0,2,0,0,0,0,0,0,0,0,1,0,,67,7,2010,6,40.0416,-75.0042,2056.0,6,0,0,0,0,0,0,0,0,1.0,0,0,0,20.0,3,1,0,,1,40 02:30.142,1.0,0,75 00:14.662,4,0,0,0,67301,0,0,0,N,0,0,0,2,68K01,1,,1,1,,N,N,,0,,0,0,0,0,0,N,2054.0,1,2,0,0,0,0,1,3,4,0,2,3,,N,,,,,,,,,,,
2010090325,1456.0,2,0,0,0,0,0,0,0,0,1,1,,67,7,2010,2,39.9831,-75.2081,1454.0,6,0,0,0,0,0,1,0,0,1.0,0,1,0,14.0,1,1,0,,2,39 59:02.899,3.0,0,75 12:29.990,4,0,0,0,67301,0,0,0,N,0,0,0,5,68K01,1,,1,1,,N,N,,0,,0,0,1,0,0,N,1454.0,1,5,0,0,0,0,0,3,4,1,5,3,,N,,,,,,,,,,,