CRN,ARRIVAL_TM,AUTOMOBILE_COUNT,BELTED_DEATH_COUNT,BELTED_SUSP_SERIOUS_INJ_COUNT,BICYCLE_COUNT,BICYCLE_DEATH_COUNT,BICYCLE_SUSP_SERIOUS_INJ_COUNT,BUS_COUNT,CHLDPAS_DEATH_COUNT,CHLDPAS_SUSP_SERIOUS_INJ_COUNT,COLLISION_TYPE,COMM_VEH_COUNT,CONS_ZONE_SPD_LIM,COUNTY,CRASH_MONTH,CRASH_YEAR,DAY_OF_WEEK,DEC_LAT,DEC_LONG,DISPATCH_TM,DISTRICT,DRIVER_COUNT_16YR,DRIVER_COUNT_17YR,DRIVER_COUNT_18YR,DRIVER_COUNT_19YR,DRIVER_COUNT_20YR,DRIVER_COUNT_50_64YR,DRIVER_COUNT_65_74YR,DRIVER_COUNT_75PLUS,EST_HRS_CLOSED,FATAL_COUNT,HEAVY_TRUCK_COUNT,HORSE_BUGGY_COUNT,HOUR_OF_DAY,ILLUMINATION,INJURY_COUNT,INTERSECT_TYPE,INTERSECTION_RELATED,LANE_CLOSED,LATITUDE,LN_CLOSE_DIR,LOCATION_TYPE,LONGITUDE,MAX_SEVERITY_LEVEL,MCYCLE_DEATH_COUNT,MCYCLE_SUSP_SERIOUS_INJ_COUNT,MOTORCYCLE_COUNT,MUNICIPALITY,NONMOTR_COUNT,NONMOTR_DEATH_COUNT,NONMOTR_SUSP_SERIOUS_INJ_COUNT,NTFY_HIWY_MAINT,PED_COUNT,PED_DEATH_COUNT,PED_SUSP_SERIOUS_INJ_COUNT,PERSON_COUNT,POLICE_AGCY,POSSIBLE_INJ_COUNT,RDWY_SURF_TYPE_CD,RELATION_TO_ROAD,ROAD_CONDITION,ROADWAY_CLEARED,SCH_BUS_IND,SCH_ZONE_IND,SECONDARY_CRASH,SMALL_TRUCK_COUNT,SPEC_JURIS_CD,SUSP_MINOR_INJ_COUNT,SUSP_SERIOUS_INJ_COUNT,SUV_COUNT,TCD_FUNC_CD,TCD_TYPE,TFC_DETOUR_IND,TIME_OF_DAY,TOT_INJ_COUNT,TOTAL_UNITS,UNB_DEATH_COUNT,UNB_SUSP_SERIOUS_INJ_COUNT,UNBELTED_OCC_COUNT,UNK_INJ_DEG_COUNT,UNK_INJ_PER_COUNT,URBAN_AREA,URBAN_RURAL,VAN_COUNT,VEHICLE_COUNT,WEATHER1,WEATHER2,WORK_ZONE_IND,WORK_ZONE_LOC,WORK_ZONE_TYPE,WORKERS_PRES,WZ_CLOSE_DETOUR,WZ_FLAGGER,WZ_LAW_OFFCR_IND,WZ_LN_CLOSURE,WZ_MOVING,WZ_OTHER,WZ_SHLDER_MDN,WZ_WORKERS_INJ_KILLED
2010125703,1110.0,2,0,0,0,0,0,0,0,0,1,0,,67,12,2010,4,39.9421,-75.1939,1101.0,6,0,0,0,0,0,1,0,0,1.0,0,0,0,10.0,1,1,0,,1,39 56:38.683,4.0,0,75 11:30.934,8,0,0,0,67301,0,0,0,N,0,0,0,2,68K01,0,,1,1,,N,N,,0,,0,0,0,0,0,N,1059.0,1,2,0,0,0,1,0,3,4,0,2,3,,N,,,,,,,,,,,
2010099729,1236.0,1,0,0,1,0,0,0,0,0,1,0,,67,9,2010,7,40.0214,-75.1485,1234.0,6,0,0,0,0,0,0,0,0,,0,0,0,11.0,1,1,1,,0,40 01:16.956,,0,75 08:54.571,8,0,0,0,67301,1,0,0,N,0,0,0,2,67301,0,,1,1,,N,N,,0,,0,0,0,3,2,,1100.0,1,2,0,0,0,1,0,3,4,0,1,3,,N,,,,,,,,,,,
2010105645,1732.0,2,0,0,0,0,0,0,0,0,1,0,,67,9,2010,7,39.9888,-75.187,1730.0,6,0,0,0,1,0,1,0,0,,0,0,0,17.0,1,1,1,,0,39 59:19.512,,0,75 11:13.337,4,0,0,0,67301,0,0,0,N,0,0,0,3,67301,1,,1,1,,N,N,,0,,0,0,0,0,0,,1730.0,1,2,0,0,1,0,2,3,4,0,2,3,,N,,,,,,,,,,,
2010086018,2030.0,1,0,0,1,0,0,0,0,0,4,0,,67,8,2010,2,39.9287,-75.1939,2036.0,6,0,0,0,0,0,0,0,0,,0,0,0,20.0,3,1,1,,0,39 55:43.435,,0,75 11:37.996,4,0,0,0,67301,1,0,0,N,0,0,0,6,67301,1,,1,1,,N,N,,0,,0,0,0,3,3,,2030.0,1,2,0,0,0,0,0,3,4,0,1,3,,N,,,,,,,,,,,
2010103033,2021.0,1,0,0,0,0,0,0,0,0,7,0,,67,9,2010,5,40.0178,-75.2021,2020.0,6,0,0,0,0,0,0,0,0,1.0,0,0,0,20.0,2,0,0,,1,40 01:03.990,1.0,0,75 12:07.450,0,0,0,0,67301,0,0,0,N,0,0,0,2,67301,0,,1,9,,N,N,,0,,0,0,0,0,0,N,2020.0,0,1,0,0,0,0,0,3,4,0,1,7,,N,,,,,,,,,,,
2010125082,1535.0,1,0,0,0,0,0,0,0,0,5,0,,67,11,2010,3,40.0303,-75.1318,1500.0,6,0,0,0,0,0,0,0,1,,0,0,0,99.0,1,1,1,,0,40 01:49.177,,0,75 07:54.609,4,0,0,0,67301,0,0,0,N,0,0,0,3,67301,1,,1,1,,N,N,,0,,0,0,1,3,2,,9999.0,1,2,0,0,0,0,0,3,4,0,2,3,,N,,,,,,,,,,,
2010099579,1345.0,2,0,0,0,0,0,0,0,0,5,0,,67,9,2010,7,39.9722,-75.1592,1345.0,6,0,0,0,0,0,0,0,0,,0,0,0,13.0,1,2,0,,0,39 58:20.006,,0,75 09:33.128,4,0,0,0,67301,0,0,0,N,0,0,0,4,67301,2,,1,1,,N,N,,0,,0,0,0,3,2,,1345.0,2,2,0,0,0,0,0,3,4,0,2,3,,N,,,,,,,,,,,
2010100353,2012.0,1,0,0,0,0,0,0,0,0,7,0,,67,10,2010,2,39.9427,-75.1934,2012.0,6,0,0,0,0,0,0,0,0,,0,0,0,20.0,3,0,0,,0,39 56:39.357,,0,75 11:30.730,0,0,0,0,67301,0,0,0,N,0,0,0,2,68K01,0,,4,9,,N,N,,0,,0,0,0,0,0,,2010.0,0,1,0,0,0,0,0,3,4,0,1,7,,N,,,,,,,,,,,
2010114245,252.0,0,0,0,0,0,0,0,0,0,5,0,,67,10,2010,1,39.9947,-75.1214,248.0,6,0,0,0,0,0,0,0,0,,0,0,0,2.0,3,0,0,,0,39 59:41.096,,0,75 07:17.090,0,0,0,0,67301,0,0,0,,0,0,0,1,67301,0,,2,1,,,,,0,,0,0,0,0,0,,245.0,0,2,0,0,0,0,0,3,4,2,2,3,,N,,,,,,,,,,,
2010111482,9999.0,2,0,0,0,0,0,0,0,0,4,0,,67,10,2010,5,39.9991,-75.1088,9999.0,6,0,0,0,1,0,0,1,0,,0,0,0,99.0,1,2,5,,0,39 59:56.641,,0,75 06:31.521,4,0,0,0,67301,0,0,0,N,0,0,0,2,67301,2,,1,1,,N,N,,0,,0,0,0,3,2,,9999.0,2,2,0,0,0,0,0,3,4,0,2,3,,N,,,,,,,,,,,
2010012268,715.0,4,0,0,0,0,0,0,0,0,1,0,,67,2,2010,2,,,712.0,6,0,0,0,0,0,2,0,0,,0,0,0,7.0,1,0,0,,0,,,3,,0,0,0,0,67301,0,0,0,N,0,0,0,6,67501,0,,1,1,,N,N,,0,,0,0,0,0,0,,712.0,0,4,0,0,0,0,0,3,3,0,4,3,,N,,,,,,,,,,,
2010058798,1510.0,1,0,0,1,0,0,0,0,0,4,0,,67,5,2010,6,39.9764,-75.1734,1500.0,6,0,0,0,0,0,0,0,0,,0,0,0,15.0,1,1,1,,0,39 58:34.914,,0,75 10:24.315,8,0,0,0,67301,1,0,0,,0,0,0,2,67301,0,,1,9,,,,,0,,0,0,0,3,3,,1500.0,1,2,0,0,0,1,0,3,4,0,1,3,,N,,,,,,,,,,,
2010058322,1929.0,1,0,0,0,0,0,0,0,0,1,0,,67,6,2010,7,39.9584,-75.1671,1619.0,6,0,0,0,0,0,1,0,0,,0,0,0,16.0,1,0,0,,0,39 57:30.288,,0,75 10:01.446,0,0,0,0,67301,0,0,0,N,0,0,0,7,68K01,0,,1,1,,N,N,,0,,0,0,2,0,0,,1615.0,0,3,0,0,0,0,0,3,4,0,3,3,,N,,,,,,,,,,,
2010058327,1624.0,2,0,0,0,0,0,0,0,0,1,0,,67,6,2010,7,40.0119,-75.2049,1624.0,6,0,0,0,0,0,0,0,0,,0,0,0,16.0,1,0,7,,0,40 00:39.639,,2,75 12:22.116,0,0,0,0,67301,0,0,0,N,0,0,0,2,68K01,0,,7,1,,N,N,,0,,0,0,0,3,3,,1615.0,0,2,0,0,0,0,0,3,4,0,2,3,,N,,,,,,,,,,,
2010077970,1552.0,1,0,0,0,0,0,0,0,0,1,1,,67,8,2010,3,39.9905,-75.2048,1549.0,6,0,0,0,0,0,2,0,0,,0,1,0,15.0,1,1,0,,0,39 59:28.344,,0,75 12:12.785,8,0,0,0,67301,0,0,0,N,0,0,0,4,68K01,0,,1,1,,N,N,,0,,0,0,2,0,0,,1543.0,1,4,0,0,0,1,0,3,4,0,4,3,,N,,,,,,,,,,,
2010067476,1724.0,1,0,0,0,0,0,0,0,0,1,0,,67,7,2010,4,39.9687,-75.1278,1708.0,6,0,0,0,0,0,0,0,0,1.0,0,0,0,17.0,1,0,0,,2,39 58:09.445,1.0,0,75 07:36.544,0,0,0,0,67301,0,0,0,N,0,0,0,2,68K01,0,,1,9,,N,N,,0,,0,0,1,0,0,N,1702.0,0,2,0,0,0,0,0,3,4,0,2,3,,N,,,,,,,,,,,
2010067935,311.0,2,0,0,0,0,0,0,0,0,1,0,,67,6,2010,6,39.9531,-75.1989,311.0,6,0,0,0,0,0,0,0,0,1.0,0,0,0,3.0,3,1,0,,1,39 57:11.204,2.0,0,75 11:55.960,8,0,0,0,67301,0,0,0,N,0,0,0,2,67301,0,,6,1,,N,N,,0,,0,0,1,0,0,Y,311.0,1,3,0,0,1,1,0,3,4,0,3,3,,N,,,,,,,,,,,
2010073259,2350.0,0,0,0,0,0,0,0,0,0,1,1,,67,7,2010,6,39.8905,-75.2206,2350.0,6,0,0,0,0,0,0,0,0,2.0,0,1,0,23.0,3,1,0,,1,39 53:26.104,2.0,0,75 13:14.792,3,0,0,0,67301,1,0,0,N,0,0,0,2,68K01,0,,2,1,,N,N,,1,,1,0,0,0,0,N,2350.0,1,2,0,0,0,0,1,3,4,0,2,3,,N,,,,,,,,,,,
2010062704,2106.0,2,0,0,0,0,0,0,0,0,4,0,,67,5,2010,4,39.979,-75.1364,2103.0,6,0,0,0,0,0,0,0,0,,0,0,0,21.0,3,1,1,,0,39 58:44.482,,0,75 08:11.068,4,0,0,0,67301,0,0,0,N,0,0,0,3,67301,1,,1,1,,N,N,,0,,0,0,0,3,3,,2100.0,1,2,0,0,0,0,0,3,4,0,2,3,,N,,,,,,,,,,,
2010062715,1300.0,2,0,0,0,0,0,0,0,0,4,0,,67,5,2010,4,39.952,-75.2265,1248.0,6,0,0,0,0,0,2,0,0,,0,0,0,12.0,1,4,1,,0,39 57:07.241,,0,75 13:35.517,8,0,0,0,67301,0,0,0,N,0,0,0,5,67301,0,,1,1,,N,N,,0,,0,0,0,3,2,,1245.0,4,3,0,0,0,4,0,3,4,1,3,3,,N,,,,,,,,,,,
2010059544,2321.0,1,0,0,0,0,0,0,0,0,1,0,,67,5,2010,5,40.0291,-75.1468,2318.0,6,0,0,0,0,0,0,0,0,,0,0,0,23.0,3,1,1,,0,40 01:44.780,,0,75 08:48.879,4,0,0,0,67301,0,0,0,N,0,0,0,4,67301,1,,1,1,,N,N,,1,,0,0,0,3,2,,2300.0,1,2,0,0,0,0,2,3,4,0,2,3,,N,,,,,,,,,,,
2010048882,2348.0,1,0,0,0,0,0,0,0,0,4,0,,67,4,2010,1,40.0205,-75.0537,2348.0,6,0,0,0,0,0,1,0,0,,0,0,0,22.0,3,3,1,,0,40 01:13.862,,0,75 03:13.412,4,0,0,0,67301,0,0,0,,0,0,0,3,67301,3,,1,1,,N,N,,1,,0,0,0,3,2,,2230.0,3,2,0,0,1,0,0,3,4,0,2,3,,N,,,,,,,,,,,
2010048924,1310.0,1,0,0,0,0,0,0,0,0,4,0,,67,4,2010,2,39.9494,-75.1475,1305.0,6,0,0,0,0,0,1,0,0,,0,0,0,11.0,1,1,2,,0,39 56:57.933,,0,75 08:50.834,8,0,0,1,67301,0,0,0,N,0,0,0,2,67301,0,,1,1,,N,N,,0,,0,0,0,0,0,,1100.0,1,2,0,0,0,1,0,3,4,0,2,3,,N,,,,,,,,,,,
2010048929,2132.0,0,0,0,0,0,0,0,0,0,1,0,,67,4,2010,3,40.0554,-75.1263,2130.0,6,0,0,0,0,0,0,0,0,,0,0,0,19.0,3,1,2,,0,40 03:19.502,,0,75 07:34.825,4,0,0,0,67301,0,0,0,N,0,0,0,2,67301,1,,1,1,,N,N,,0,,0,0,2,3,9,,1922.0,1,2,0,0,0,0,0,3,4,0,2,3,,N,,,,,,,,,,,
2010052234,713.0,1,0,0,0,0,0,0,0,0,8,0,,67,4,2010,6,39.9627,-75.1614,750.0,6,0,0,0,0,0,0,0,0,,0,0,0,6.0,1,1,0,,0,39 57:45.554,,0,75 09:41.072,3,0,0,0,67301,1,0,0,,1,0,0,2,67301,0,,6,1,,,,,0,,1,0,0,3,2,,650.0,1,2,0,0,0,0,0,3,4,0,1,3,,N,,,,,,,,,,,
2010117806,1612.0,2,0,0,0,0,0,0,0,0,4,0,,67,11,2010,5,39.9945,-75.1919,1608.0,6,0,0,0,1,0,1,0,0,,0,0,0,16.0,1,1,3,,0,39 59:40.322,,8,75 11:30.886,4,0,0,0,67301,0,0,0,N,0,0,0,3,67301,1,,3,9,,N,N,,0,,0,0,0,3,4,,1605.0,1,2,0,0,2,0,0,3,4,0,2,7,,N,,,,,,,,,,,
2010126695,713.0,0,0,0,0,0,0,0,0,0,0,0,,67,12,2010,6,39.981,-75.1029,706.0,6,0,0,0,0,0,0,0,0,2.0,0,0,0,7.0,1,0,0,,1,39 58:51.976,1.0,0,75 06:10.136,9,0,0,0,67301,0,0,0,N,0,0,0,2,68K01,0,,1,1,,N,N,,0,,0,0,1,0,0,N,704.0,0,1,0,0,0,0,2,3,4,0,1,3,,N,,,,,,,,,,,
2010126698,1757.0,0,0,0,0,0,0,0,0,0,7,0,,67,12,2010,5,39.891,-75.2219,1756.0,6,0,0,0,0,0,0,0,0,,0,0,0,17.0,3,1,0,,0,39 53:26.524,,0,75 13:17.404,8,0,0,0,67301,0,0,0,N,0,0,0,1,68K01,0,,2,2,,N,N,,1,,0,0,0,0,0,,1750.0,1,1,0,0,0,1,0,3,4,0,1,10,,N,,,,,,,,,,,
2010121896,1150.0,1,0,0,0,0,0,0,0,0,4,0,,67,11,2010,5,39.9579,-75.1641,1145.0,6,0,0,0,0,0,1,0,0,2.0,0,0,0,11.0,1,0,5,,1,39 57:28.586,2.0,2,75 09:50.892,0,0,0,0,67301,0,0,0,N,0,0,0,5,67301,0,,1,1,,N,N,,0,,0,0,1,3,2,Y,1135.0,0,2,0,0,0,0,0,3,4,0,2,3,,N,,,,,,,,,,,
2010122415,1140.0,2,0,0,0,0,0,0,0,0,1,0,,67,11,2010,5,40.0203,-75.1424,1139.0,6,0,0,0,0,0,0,0,0,1.0,0,0,0,11.0,1,0,0,,2,40 01:13.208,4.0,2,75 08:32.785,0,0,0,0,67301,0,0,0,N,0,0,0,4,67301,0,,1,1,,N,N,,0,,0,0,0,0,0,N,1100.0,0,3,0,0,0,0,0,3,4,1,3,3,,N,,,,,,,,,,,
2010122416,2117.0,1,0,0,0,0,0,0,0,0,5,0,,67,11,2010,2,40.0062,-75.1934,2118.0,6,0,0,0,0,0,0,0,0,2.0,0,0,0,21.0,1,2,0,,1,40 00:23.540,1.0,0,75 11:34.874,4,0,0,0,67301,0,0,0,N,0,0,0,3,67301,2,,1,1,,N,N,,1,,0,0,0,0,0,N,2115.0,2,2,0,0,2,0,0,3,4,0,2,3,,N,,,,,,,,,,,
2010122425,1830.0,2,0,0,0,0,0,0,0,0,2,0,,67,11,2010,6,40.059,-75.1927,1822.0,6,0,0,0,0,0,0,0,1,,0,0,0,17.0,3,1,0,,0,40 03:32.564,,0,75 11:33.694,3,0,0,0,67301,0,0,0,N,0,0,0,1,67301,0,,6,1,,N,N,,0,,1,0,0,0,0,,1726.0,1,2,0,0,0,0,0,3,4,0,2,3,,N,,,,,,,,,,,
2010122441,540.0,1,0,0,0,0,0,0,0,0,7,0,,67,11,2010,6,40.0176,-75.2022,533.0,6,0,0,0,0,0,1,0,0,,0,0,0,5.0,3,0,0,,0,40 01:03.343,,0,75 12:07.842,0,0,0,0,67301,0,0,0,N,0,0,0,1,67301,0,,1,1,,N,N,,0,,0,0,0,0,0,,520.0,0,1,0,0,0,0,0,3,4,0,1,3,,N,,,,,,,,,,,
2010119267,941.0,0,0,0,0,0,0,0,0,0,1,0,,67,11,2010,2,39.9126,-75.1484,934.0,6,0,0,0,0,0,0,0,0,1.0,0,1,0,9.0,1,0,6,,1,39 54:46.596,4.0,2,75 08:53.994,0,0,0,0,67301,0,0,0,N,0,0,0,2,68K01,0,,2,1,,N,N,,1,,0,0,0,0,0,N,930.0,0,2,0,0,0,0,0,3,4,0,2,3,,N,,,,,,,,,,,
2010113791,1940.0,1,0,0,0,0,0,0,0,0,7,0,,67,10,2010,1,39.9024,-75.1504,1932.0,6,0,0,0,0,0,0,0,0,,0,0,0,19.0,3,0,0,,0,39 54:08.715,,0,75 09:01.317,0,0,0,0,67301,0,0,0,N,0,0,0,1,67301,0,,5,1,,N,N,,0,,0,0,0,0,0,,1932.0,0,1,0,0,0,0,0,3,4,0,1,3,,N,,,,,,,,,,,
2010113800,827.0,2,0,0,0,0,0,0,0,0,4,0,,67,11,2010,2,40.0218,-75.1261,825.0,6,0,0,0,0,0,1,0,0,,0,0,0,6.0,1,1,2,,0,40 01:18.310,,0,75 07:33.794,4,0,0,0,67301,0,0,0,N,0,0,0,3,67301,1,,1,1,,N,N,,0,,0,0,0,3,2,,645.0,1,2,0,0,0,0,0,3,4,0,2,3,,N,,,,,,,,,,,
2010116408,1450.0,1,0,0,0,0,0,0,0,0,7,0,,67,11,2010,5,,,1450.0,6,0,0,0,0,0,0,0,0,,0,0,0,14.0,1,0,0,,0,,,2,,0,0,0,0,67301,0,0,0,N,0,0,0,1,67501,0,,2,9,,N,N,,0,,0,0,0,0,0,,1450.0,0,1,0,0,0,0,0,3,3,0,1,7,,N,,,,,,,,,,,
2010114654,230.0,2,0,0,0,0,0,0,0,0,1,0,,67,11,2010,5,39.9995,-75.1951,230.0,6,0,0,0,0,0,0,0,0,2.0,0,0,0,2.0,3,0,0,,2,40 00:00.718,4.0,0,75 11:41.692,0,0,0,0,67301,0,0,0,N,0,0,0,2,68K01,0,,1,1,,N,N,,0,,0,0,0,0,0,Y,225.0,0,2,0,0,1,0,0,3,4,0,2,3,,N,,,,,,,,,,,
2010117145,2307.0,2,0,0,0,0,0,0,0,0,5,0,,67,11,2010,1,39.9871,-75.0908,2250.0,6,0,0,0,0,0,0,0,0,,0,0,0,22.0,3,1,0,,0,39 59:13.338,,0,75 05:27.267,4,0,0,0,67301,0,0,0,N,0,0,0,2,68K01,1,,1,1,,N,N,,0,,0,0,0,0,0,,2248.0,1,2,0,0,0,0,0,3,4,0,2,3,,N,,,,,,,,,,,
2010116344,2217.0,1,0,0,0,0,0,1,0,0,4,1,,67,11,2010,6,40.0107,-75.1513,2215.0,6,0,0,0,0,0,0,0,0,,0,0,0,22.0,3,8,1,,0,40 00:38.569,,0,75 09:04.826,8,0,0,0,67301,0,0,0,,0,0,0,10,67301,0,,1,1,,,,,0,,0,0,0,3,2,,2214.0,8,2,0,0,0,8,1,3,4,0,2,3,,N,,,,,,,,,,,
2010111439,940.0,1,0,0,0,0,0,0,0,0,1,0,,67,10,2010,7,40.0369,-75.1341,930.0,6,0,0,0,0,0,0,0,0,,0,0,0,9.0,1,1,1,,0,40 02:12.848,,0,75 08:02.883,3,0,0,0,67301,0,0,0,,0,0,0,2,67301,0,,1,1,,,,,0,,1,0,0,3,2,,920.0,1,2,0,0,0,0,1,3,4,0,2,3,,N,,,,,,,,,,,
2010114048,1400.0,2,0,0,0,0,0,0,0,0,5,0,,67,10,2010,4,39.9941,-75.1775,1334.0,6,0,0,0,0,0,0,0,0,2.0,0,0,0,13.0,1,0,0,,2,39 59:38.677,2.0,0,75 10:39.068,0,0,0,0,67301,0,0,0,,0,0,0,1,67301,0,,1,1,,,,,0,,0,0,0,0,0,Y,1334.0,0,2,0,0,1,0,0,3,4,0,2,3,,N,,,,,,,,,,,
2010088793,1725.0,2,0,0,0,0,0,0,0,0,1,0,,67,8,2010,3,40.1006,-75.0425,1721.0,6,0,0,0,0,0,0,0,0,,0,0,0,17.0,1,1,2,,0,40 06:02.021,,0,75 02:32.964,8,0,0,0,67301,0,0,0,,0,0,0,2,67301,0,,1,9,,N,N,,0,,0,0,0,3,2,,1715.0,1,2,0,0,0,1,0,3,4,0,2,7,,N,,,,,,,,,,,
2010088808,2210.0,2,0,0,0,0,0,0,0,0,1,0,,67,8,2010,7,40.0093,-75.1519,2205.0,6,0,0,0,0,0,0,0,0,,0,0,0,22.0,3,6,0,,0,40 00:33.560,,0,75 09:06.299,8,0,0,0,67301,0,0,0,,0,0,0,6,67301,0,,1,1,,,,,1,,0,0,0,0,0,,2202.0,6,3,0,0,4,6,0,3,4,0,3,3,,N,,,,,,,,,,,
2010092705,614.0,1,0,0,0,0,0,0,0,0,5,1,,67,9,2010,2,39.9807,-75.2061,606.0,6,0,0,0,0,0,0,0,0,1.0,0,1,0,6.0,3,1,0,,2,39 58:53.173,3.0,0,75 12:25.487,4,0,0,0,67301,0,0,0,N,0,0,0,2,68K01,1,,1,9,,N,N,,0,,0,0,0,0,0,Y,604.0,1,2,0,0,0,0,0,3,4,0,2,7,,N,,,,,,,,,,,
2010088482,1830.0,1,0,0,0,0,0,0,0,0,1,0,,67,9,2010,4,39.9867,-75.2076,1830.0,6,0,0,0,0,0,0,0,0,,0,0,0,18.0,4,0,3,,0,39 59:12.208,,2,75 12:27.247,0,0,0,0,67301,0,0,0,N,0,0,0,2,68K01,0,,1,1,,N,N,,0,,0,0,1,3,2,,1828.0,0,2,0,0,0,0,0,3,4,0,2,3,,N,,,,,,,,,,,
2010090668,1249.0,2,0,0,0,0,0,0,0,0,1,0,,67,8,2010,7,40.0223,-75.0373,1241.0,6,0,0,0,0,0,2,0,0,,0,0,0,12.0,1,1,0,,0,40 01:21.888,,0,75 02:10.280,4,0,0,0,67301,0,0,0,N,0,0,0,4,68K01,1,,1,1,,N,N,,0,,0,0,1,0,0,,1241.0,1,3,0,0,0,0,0,3,4,0,3,3,,N,,,,,,,,,,,
2010088875,9999.0,1,0,0,0,0,0,0,0,0,1,0,,67,8,2010,2,40.013,-75.0711,1345.0,6,0,0,0,0,0,0,0,0,,0,0,0,13.0,1,1,1,,0,40 00:46.903,,0,75 04:15.914,8,0,0,0,67301,0,0,0,N,0,0,0,3,67301,0,,1,1,,N,N,,0,,0,0,1,0,0,,1340.0,1,2,0,0,1,1,0,3,4,0,2,3,,N,,,,,,,,,,,
2010087938,1003.0,1,0,0,0,0,0,0,0,0,4,0,,67,9,2010,2,40.0272,-75.1145,1001.0,6,0,0,0,0,0,1,0,0,2.0,0,0,0,10.0,1,1,1,,1,40 01:37.940,2.0,0,75 06:52.496,4,0,0,0,67301,0,0,0,N,0,0,0,2,67301,1,,1,1,,N,N,,1,,0,0,0,3,3,N,1000.0,1,2,0,0,0,0,0,3,4,0,2,3,,N,,,,,,,,,,,
2010102979,605.0,2,0,0,0,0,0,0,0,0,6,0,,67,9,2010,4,39.9992,-75.1474,600.0,6,0,0,0,0,0,0,0,0,,0,0,0,5.0,1,1,1,,0,39 59:57.271,,0,75 08:50.495,4,0,0,0,67301,0,0,0,N,0,0,0,2,67301,1,,1,1,,N,N,,0,,0,0,0,3,2,,558.0,1,2,0,0,0,0,1,3,4,0,2,3,,N,,,,,,,,,,,
2010103054,248.0,0,0,0,0,0,0,0,0,0,8,0,,67,9,2010,4,39.9976,-75.1222,242.0,6,0,0,0,0,0,0,0,0,3.0,0,0,0,2.0,3,1,0,,2,39 59:51.303,6.0,0,75 07:19.918,3,0,0,0,67301,1,0,0,N,1,0,0,2,67301,0,,1,1,,N,N,,0,,1,0,1,0,0,Y,242.0,1,2,0,0,0,0,0,3,4,0,1,3,,N,,,,,,,,,,,
2010122863,707.0,2,0,0,0,0,0,0,0,0,1,0,,67,12,2010,5,39.9944,-75.1988,700.0,6,0,0,0,0,0,1,1,0,1.0,0,0,0,6.0,5,0,0,,1,39 59:42.833,3.0,0,75 11:52.636,9,0,0,0,67301,0,0,0,Y,0,0,0,2,68K01,0,,1,1,,N,N,,0,,0,0,0,0,0,N,657.0,0,2,0,0,0,0,1,3,4,0,2,3,,N,,,,,,,,,,,
2010125083,925.0,1,0,0,0,0,0,0,0,0,1,1,,67,11,2010,3,39.9886,-75.1706,918.0,6,0,0,0,0,0,1,0,0,,0,1,0,9.0,1,3,0,,0,39 59:19.046,,0,75 10:14.077,4,0,0,0,67301,0,0,0,N,0,0,0,4,67301,3,,1,9,,N,Y,,0,,0,0,0,0,0,,900.0,3,2,0,0,0,0,0,3,4,0,2,7,,N,,,,,,,,,,,
2010125084,1836.0,1,0,0,0,0,0,0,0,0,8,0,,67,11,2010,1,39.9879,-75.1558,1832.0,6,0,0,0,0,0,1,0,0,,0,0,0,18.0,3,1,1,,0,39 59:16.284,,0,75 09:20.883,3,0,0,0,67301,1,0,0,N,1,0,0,2,67301,0,,1,1,,N,N,,0,,1,0,0,3,2,,1827.0,1,2,0,0,1,0,0,3,4,0,1,3,,N,,,,,,,,,,,
2010096026,1630.0,2,0,0,0,0,0,0,0,0,4,0,,67,10,2010,6,40.0056,-75.0753,1614.0,6,0,0,0,0,0,0,0,0,1.0,0,0,0,16.0,1,3,0,,2,40 00:19.925,2.0,0,75 04:31.520,8,0,0,0,67301,0,0,0,N,0,0,0,3,68K01,0,,1,1,,N,N,,0,,0,0,1,0,0,N,1611.0,3,3,0,0,0,3,0,3,4,0,3,3,,N,,,,,,,,,,,
2010114314,2145.0,1,0,0,0,0,0,0,0,0,2,0,,67,10,2010,5,40.0426,-75.1933,2132.0,6,0,0,0,1,0,1,0,0,1.0,0,0,0,21.0,3,0,0,,2,40 02:33.375,5.0,7,75 11:35.845,0,0,0,0,67301,0,0,0,N,0,0,0,4,67301,0,,1,9,,N,N,,0,,0,0,1,0,0,Y,2123.0,0,2,0,0,0,0,0,3,4,0,2,7,,N,,,,,,,,,,,
2010109709,1038.0,1,0,0,0,0,0,0,0,0,7,0,55.0,67,11,2010,5,40.0491,-74.9974,1030.0,6,0,0,0,0,0,0,0,0,1.0,0,0,0,10.0,1,0,0,,1,40 02:56.748,2.0,0,74 59:50.748,0,0,0,0,67301,0,0,0,Y,0,0,0,1,68K01,0,,2,9,,N,N,,0,,0,0,0,0,0,N,1026.0,0,1,0,0,0,0,0,3,4,0,1,7,,Y,5.0,2.0,N,N,N,N,N,N,N,Y,
2010012400,355.0,1,0,0,0,0,0,0,0,0,1,0,,67,1,2010,6,39.9629,-75.1409,352.0,6,0,0,0,0,0,1,0,0,,0,0,0,3.0,3,2,1,,0,39 57:46.609,,0,75 08:27.409,3,0,0,0,67301,0,0,0,,0,0,0,3,67301,0,,1,9,,,,,0,,2,0,1,0,0,,300.0,2,2,0,0,0,0,0,3,4,0,2,7,,N,,,,,,,,,,,
2010040128,2228.0,2,0,0,0,0,0,0,0,0,7,0,,67,4,2010,6,40.0158,-75.0525,2226.0,6,0,0,0,0,1,1,0,0,2.0,0,0,0,22.0,3,2,0,,1,40 00:56.893,2.0,0,75 03:08.717,4,0,0,0,67301,0,0,0,N,0,0,0,3,68K01,2,,3,1,,N,N,,0,,0,0,0,0,0,N,2223.0,2,2,0,0,0,0,0,3,4,0,2,3,,N,,,,,,,,,,,