CRN,ARRIVAL_TM,AUTOMOBILE_COUNT,BELTED_DEATH_COUNT,BELTED_SUSP_SERIOUS_INJ_COUNT,BICYCLE_COUNT,BICYCLE_DEATH_COUNT,BICYCLE_SUSP_SERIOUS_INJ_COUNT,BUS_COUNT,CHLDPAS_DEATH_COUNT,CHLDPAS_SUSP_SERIOUS_INJ_COUNT,COLLISION_TYPE,COMM_VEH_COUNT,CONS_ZONE_SPD_LIM,COUNTY,CRASH_MONTH,CRASH_YEAR,DAY_OF_WEEK,DEC_LAT,DEC_LONG,DISPATCH_TM,DISTRICT,DRIVER_COUNT_16YR,DRIVER_COUNT_17YR,DRIVER_COUNT_18YR,DRIVER_COUNT_19YR,DRIVER_COUNT_20YR,DRIVER_COUNT_50_64YR,DRIVER_COUNT_65_74YR,DRIVER_COUNT_75PLUS,EST_HRS_CLOSED,FATAL_COUNT,HEAVY_TRUCK_COUNT,HORSE_BUGGY_COUNT,HOUR_OF_DAY,ILLUMINATION,INJURY_COUNT,INTERSECT_TYPE,INTERSECTION_RELATED,LANE_CLOSED,LATITUDE,LN_CLOSE_DIR,LOCATION_TYPE,LONGITUDE,MAX_SEVERITY_LEVEL,MCYCLE_DEATH_COUNT,MCYCLE_SUSP_SERIOUS_INJ_COUNT,MOTORCYCLE_COUNT,MUNICIPALITY,NONMOTR_COUNT,NONMOTR_DEATH_COUNT,NONMOTR_SUSP_SERIOUS_INJ_COUNT,NTFY_HIWY_MAINT,PED_COUNT,PED_DEATH_COUNT,PED_SUSP_SERIOUS_INJ_COUNT,PERSON_COUNT,POLICE_AGCY,POSSIBLE_INJ_COUNT,RDWY_SURF_TYPE_CD,RELATION_TO_ROAD,ROAD_CONDITION,ROADWAY_CLEARED,SCH_BUS_IND,SCH_ZONE_IND,SECONDARY_CRASH,SMALL_TRUCK_COUNT,SPEC_JURIS_CD,SUSP_MINOR_INJ_COUNT,SUSP_SERIOUS_INJ_COUNT,SUV_COUNT,TCD_FUNC_CD,TCD_TYPE,TFC_DETOUR_IND,TIME_OF_DAY,TOT_INJ_COUNT,TOTAL_UNITS,UNB_DEATH_COUNT,UNB_SUSP_SERIOUS_INJ_COUNT,UNBELTED_OCC_COUNT,UNK_INJ_DEG_COUNT,UNK_INJ_PER_COUNT,URBAN_AREA,URBAN_RURAL,VAN_COUNT,VEHICLE_COUNT,WEATHER1,WEATHER2,WORK_ZONE_IND,WORK_ZONE_LOC,WORK_ZONE_TYPE,WORKERS_PRES,WZ_CLOSE_DETOUR,WZ_FLAGGER,WZ_LAW_OFFCR_IND,WZ_LN_CLOSURE,WZ_MOVING,WZ_OTHER,WZ_SHLDER_MDN,WZ_WORKERS_INJ_KILLED
2010058938,1240.0,1,0,0,0,0,0,0,0,0,1,0,,67,4,2010,3,39.9745,-75.1587,1238.0,6,0,0,0,0,1,0,0,0,,0,0,0,11.0,1,1,0,,0,39 58:28.156,,0,75 09:31.361,8,0,0,0,67301,0,0,0,N,0,0,0,2,67301,0,,6,9,,N,N,,1,,0,0,0,0,0,,1130.0,1,2,0,0,0,1,0,3,4,0,2,7,,N,,,,,,,,,,,
2010058778,1628.0,2,0,0,0,0,0,0,0,0,4,0,,67,5,2010,5,40.0694,-75.0765,1613.0,6,0,0,0,1,0,0,0,0,,0,0,0,14.0,1,0,1,,0,40 04:09.660,,0,75 04:35.417,0,0,0,0,67301,0,0,0,,0,0,0,3,67301,0,,1,1,,,,,0,,0,0,0,3,3,,1450.0,0,2,0,0,0,0,0,3,4,0,2,3,,N,,,,,,,,,,,
2010058800,1735.0,1,0,0,1,0,0,0,0,0,4,0,,67,5,2010,4,40.0153,-75.2081,1724.0,6,0,0,0,0,0,0,0,0,,0,0,0,17.0,1,1,3,,0,40 00:55.513,,0,75 12:30.235,8,0,0,0,67301,1,0,0,,0,0,0,3,67301,0,,1,1,,N,N,,0,,0,0,0,3,2,,1720.0,1,2,0,0,0,1,0,3,4,0,1,3,,N,,,,,,,,,,,
2010067964,718.0,2,0,0,0,0,0,0,0,0,4,0,,67,6,2010,6,39.9604,-75.1894,718.0,6,0,0,0,1,0,0,0,0,,0,0,0,7.0,1,1,1,,0,39 57:37.353,,0,75 11:22.005,4,0,0,0,67301,0,0,0,N,0,0,0,2,67301,1,,1,1,,N,N,,0,,0,0,0,3,2,,718.0,1,2,0,0,0,0,0,3,4,0,2,98,,N,,,,,,,,,,,
2010070742,1616.0,1,0,0,0,0,0,1,0,0,1,1,,67,6,2010,6,40.0357,-75.081,1614.0,6,0,0,0,0,0,0,1,0,2.0,0,0,0,16.0,1,1,1,,1,40 02:08.676,2.0,0,75 04:51.649,4,0,0,0,67301,0,0,0,,0,0,0,28,67301,1,,1,1,,,,,0,,0,0,0,3,2,N,1600.0,1,2,0,0,0,0,0,3,4,0,2,3,,N,,,,,,,,,,,
2010053720,1717.0,1,0,0,0,0,0,0,0,0,4,0,,67,6,2010,7,40.0517,-75.1196,1713.0,6,0,0,0,0,0,0,1,0,,0,0,0,17.0,1,1,2,,0,40 03:06.135,,0,75 07:10.251,4,0,0,0,67301,0,0,0,N,0,0,0,4,46102,1,,1,1,,N,N,,0,,0,0,1,0,0,,1710.0,1,2,0,0,0,0,0,3,4,0,2,3,,N,,,,,,,,,,,
2010062716,737.0,2,0,0,0,0,0,0,0,0,4,0,,67,5,2010,5,39.9386,-75.2217,0.0,6,0,0,0,0,0,0,0,0,,0,0,0,7.0,1,2,1,,0,39 56:18.896,,0,75 13:18.041,4,0,0,0,67301,0,0,0,N,0,0,0,2,67301,2,,1,1,,N,N,,0,,0,0,0,3,2,,733.0,2,2,0,0,2,0,0,3,4,0,2,3,,N,,,,,,,,,,,
2010052443,1239.0,1,0,0,0,0,0,0,0,0,4,0,,67,5,2010,4,40.0152,-75.1498,800.0,6,0,0,0,1,0,0,0,0,,0,0,0,8.0,6,1,1,,0,40 00:54.831,,0,75 08:59.392,8,0,0,0,67301,0,0,0,,0,0,0,2,67301,0,,1,1,,,,,1,,0,0,0,3,2,,800.0,1,2,0,0,0,1,1,3,4,0,2,3,,N,,,,,,,,,,,
2010052486,1528.0,2,0,0,0,0,0,0,0,0,1,0,,67,4,2010,6,40.0341,-75.0861,1527.0,6,0,0,0,0,0,1,0,0,,0,0,0,15.0,1,2,0,,0,40 02:02.662,,0,75 05:10.010,4,0,0,0,67301,0,0,0,,0,0,0,5,67301,2,,1,1,,,,,0,,0,0,1,0,0,,1526.0,2,4,0,0,0,0,0,3,4,1,4,3,,N,,,,,,,,,,,
2010052237,1415.0,2,0,0,0,0,0,0,0,0,4,0,,67,4,2010,3,40.0355,-75.2293,1400.0,6,0,1,0,0,0,0,0,0,,0,0,0,14.0,1,1,0,,0,40 02:07.717,,0,75 13:45.418,4,0,0,0,67301,0,0,0,N,0,0,0,1,67301,1,,6,1,,N,N,,0,,0,0,1,0,0,,1400.0,1,3,0,0,0,0,0,3,4,0,3,3,,N,,,,,,,,,,,
2010117729,1553.0,0,0,0,1,0,0,0,0,0,8,0,,67,10,2010,7,39.9651,-75.1977,1551.0,6,0,0,0,0,0,0,0,0,,0,0,0,15.0,1,1,1,,0,39 57:54.504,,0,75 11:51.838,4,0,0,0,67301,1,0,0,N,0,0,0,2,67301,1,,1,1,,N,N,,0,,0,0,1,3,3,,1550.0,1,2,0,0,0,0,0,3,4,0,1,3,,N,,,,,,,,,,,
2010117851,1343.0,3,0,0,0,0,0,0,0,0,4,0,,67,10,2010,1,39.978,-75.1638,1341.0,6,0,0,0,1,0,0,0,0,2.0,0,0,0,13.0,1,2,1,,2,39 58:40.814,7.0,0,75 09:49.600,8,0,0,0,67301,0,0,0,N,0,0,0,3,67301,0,,1,1,,N,N,,0,,0,0,0,3,3,Y,1335.0,2,3,0,0,0,2,1,3,4,0,3,3,,N,,,,,,,,,,,
2010117875,120.0,2,0,0,0,0,0,0,0,0,1,0,,67,11,2010,7,40.1235,-75.0154,115.0,6,0,0,0,0,0,1,0,0,,0,0,0,1.0,3,1,1,,0,40 07:24.878,,0,75 00:55.666,4,0,0,0,67301,0,0,0,N,0,0,0,5,67301,1,,1,1,,N,N,,0,,0,0,0,3,2,,109.0,1,2,0,0,0,0,0,3,4,0,2,3,,N,,,,,,,,,,,
2010097608,307.0,4,0,0,0,0,0,0,0,0,7,0,,67,10,2010,1,40.0268,-75.1176,259.0,6,0,0,0,0,0,0,0,0,3.0,0,0,0,2.0,3,0,0,,2,40 01:36.257,4.0,0,75 07:03.898,0,0,0,0,67301,0,0,0,N,0,0,0,1,67301,0,,2,1,,N,N,,0,,0,0,0,0,0,Y,258.0,0,4,0,0,1,0,0,3,4,0,4,3,,N,,,,,,,,,,,
2010092846,2225.0,2,0,0,0,0,0,0,0,0,1,0,,67,9,2010,6,39.9598,-75.1772,2208.0,6,0,0,0,0,0,0,0,0,,0,0,0,22.0,3,1,0,,0,39 57:35.911,,0,75 10:42.928,4,0,0,0,67301,0,0,0,N,0,0,0,4,68K01,1,,1,1,,N,N,,0,,0,0,1,0,0,,2208.0,1,3,0,0,0,0,1,3,4,0,3,3,,N,,,,,,,,,,,
2010104636,640.0,1,0,0,0,0,0,0,0,0,1,0,,67,10,2010,4,39.9379,-75.1981,626.0,6,0,0,0,0,0,0,0,0,1.0,0,0,0,6.0,5,0,0,,1,39 56:23.467,4.0,0,75 11:46.003,0,0,0,0,67301,0,0,0,N,0,0,0,2,68K01,0,,1,1,,N,N,,0,,0,0,1,0,0,N,623.0,0,2,0,0,0,0,0,3,4,0,2,3,,N,,,,,,,,,,,
2010099574,413.0,1,0,0,0,0,0,0,0,0,8,0,,67,9,2010,5,40.0275,-75.2214,408.0,6,0,0,0,1,0,0,0,0,3.0,0,0,0,4.0,2,1,0,,2,40 01:38.949,6.0,0,75 13:16.931,3,0,0,0,67301,1,0,0,N,1,0,0,2,67301,0,,1,1,,N,N,,0,,1,0,1,0,0,Y,406.0,1,3,0,0,0,0,0,3,4,0,2,3,,N,,,,,,,,,,,
2010126981,730.0,1,0,0,0,0,0,0,0,0,1,0,,67,12,2010,5,39.935,-75.1994,728.0,6,0,0,0,0,0,1,0,0,,0,0,0,7.0,1,0,0,,0,39 56:05.834,,2,75 11:57.939,0,0,0,0,67301,0,0,0,N,0,0,0,2,68K01,0,,1,1,,N,N,,0,,0,0,1,2,4,,725.0,0,2,0,0,0,0,0,3,4,0,2,3,,N,,,,,,,,,,,
2010094297,2226.0,2,0,0,0,0,0,0,0,0,4,0,,67,8,2010,1,39.9463,-75.1783,2221.0,6,0,0,0,0,0,0,0,0,,0,0,0,22.0,3,1,1,,0,39 56:46.615,,0,75 10:42.045,8,0,0,0,67301,0,0,0,,0,0,0,2,67301,0,,1,1,,,,,0,,0,0,0,3,2,,2218.0,1,2,0,0,0,1,0,3,4,0,2,3,,N,,,,,,,,,,,
2010121900,1805.0,0,0,0,0,0,0,0,0,0,8,0,,67,11,2010,5,40.0879,-74.9731,1757.0,6,0,0,0,0,0,0,0,0,,0,0,0,17.0,3,1,2,,0,40 05:16.400,,0,74 58:23.228,4,0,0,0,67301,1,0,0,,1,0,0,2,67301,1,,1,1,,,,,0,,0,0,1,3,3,,1757.0,1,2,0,0,0,0,0,3,4,0,1,3,,N,,,,,,,,,,,
2010113793,2119.0,1,0,0,0,0,0,0,0,0,5,0,,67,10,2010,2,39.9747,-75.1997,1330.0,6,0,0,0,0,0,0,0,0,,0,0,0,13.0,1,1,0,,0,39 58:28.850,,0,75 11:58.868,3,0,0,0,67301,0,0,0,N,0,0,0,5,67301,0,,1,1,,N,N,,1,,1,0,0,0,0,,1330.0,1,2,0,0,0,0,4,3,4,0,2,3,,N,,,,,,,,,,,
2010113832,1715.0,2,0,0,0,0,0,0,0,0,4,0,,67,7,2010,5,40.0596,-75.1569,1710.0,6,0,0,0,0,0,0,0,1,3.0,0,0,0,17.0,1,4,0,,2,40 03:34.423,6.0,0,75 09:24.782,3,0,0,0,67301,0,0,0,N,0,0,0,4,67301,2,,1,1,,N,N,,0,,1,0,1,0,0,Y,1705.0,4,3,0,0,0,1,0,3,4,0,3,3,,N,,,,,,,,,,,
2010111450,1355.0,2,0,0,0,0,0,0,0,0,4,0,,67,10,2010,7,40.0751,-75.0015,1348.0,6,0,0,0,0,0,0,2,0,,0,0,0,12.0,1,2,1,,0,40 04:30.369,,0,75 00:05.500,8,0,0,0,67301,0,0,0,,0,0,0,3,67301,0,,1,1,,,,,0,,0,0,0,3,2,,1247.0,2,2,0,0,0,2,0,3,4,0,2,3,,N,,,,,,,,,,,
2010069780,339.0,1,0,0,0,0,0,0,0,0,1,0,,67,6,2010,3,40.0699,-75.0698,333.0,6,0,0,0,1,0,0,0,0,1.0,0,0,0,3.0,3,0,0,,1,40 04:14.292,4.0,0,75 04:16.594,0,0,0,0,67301,0,0,0,N,0,0,0,1,67301,0,,1,1,,N,N,,0,,0,0,0,0,0,N,330.0,0,2,0,0,0,0,0,3,4,1,2,3,,N,,,,,,,,,,,
2010069246,1946.0,1,0,0,0,0,0,0,0,0,6,0,,67,6,2010,3,39.9176,-75.2339,1934.0,6,0,0,0,0,0,0,0,0,,0,0,0,19.0,1,0,0,,0,39 55:03.350,,7,75 14:02.030,0,0,0,0,67301,0,0,0,,0,0,0,2,67301,0,,1,1,,N,N,,0,,0,0,1,0,0,,1925.0,0,2,0,0,0,0,0,3,4,0,2,3,,N,,,,,,,,,,,
2010074364,1312.0,2,0,0,0,0,0,0,0,0,4,0,,67,7,2010,6,39.9634,-75.2189,1307.0,6,0,0,0,0,0,0,0,0,,0,0,0,13.0,1,0,0,,0,39 57:47.862,,0,75 13:06.708,0,0,0,0,67301,0,0,0,N,0,0,0,1,67301,0,,1,1,,N,N,,0,,0,0,1,0,0,,1307.0,0,3,0,0,0,0,0,3,4,0,3,3,,N,,,,,,,,,,,
2010037214,144.0,1,0,0,0,0,0,0,0,0,7,0,,67,4,2010,7,39.9883,-75.2072,141.0,6,0,0,0,0,0,0,0,0,2.0,0,0,0,1.0,3,0,7,,2,39 59:21.294,3.0,2,75 12:23.365,0,0,0,0,67301,0,0,0,N,0,0,0,1,68K01,0,,4,1,,N,N,,0,,0,0,0,0,0,N,138.0,0,1,0,0,1,0,0,3,4,0,1,3,,N,,,,,,,,,,,
2010068109,2136.0,1,0,0,0,0,0,0,0,0,1,0,,67,6,2010,4,40.0074,-75.2134,2134.0,6,0,0,0,0,0,0,1,0,,0,0,0,21.0,3,1,0,,0,40 00:26.214,,0,75 12:49.139,8,0,0,0,67301,0,0,0,N,0,0,0,4,46104,0,,1,1,,N,N,,0,,0,0,1,0,0,,2130.0,1,2,0,0,0,1,0,3,4,0,2,3,,N,,,,,,,,,,,
2010048784,1902.0,2,0,0,0,0,0,0,0,0,1,0,,67,4,2010,3,40.0807,-75.0284,1852.0,6,0,0,0,0,0,0,0,0,,0,0,0,18.0,1,2,0,,0,40 04:50.622,,0,75 01:42.314,8,0,0,0,67301,0,0,0,,0,0,0,4,67301,0,,1,1,,,,,1,,0,0,0,3,2,,1852.0,2,3,0,0,0,2,0,3,4,0,3,3,,N,,,,,,,,,,,
2010058779,2250.0,1,0,0,0,0,0,0,0,0,4,0,,67,5,2010,3,40.02,-75.1522,2245.0,6,0,0,0,0,0,0,0,0,1.0,0,0,0,22.0,3,0,1,,1,40 01:12.005,3.0,0,75 09:07.946,0,0,0,0,67301,0,0,0,,0,0,0,8,67301,0,,1,1,,,,,0,,0,0,1,3,3,N,2240.0,0,2,0,0,1,0,0,3,4,0,2,3,,N,,,,,,,,,,,
2010062675,2250.0,1,0,0,0,0,0,0,0,0,4,0,,67,5,2010,5,40.0385,-75.1584,2246.0,6,0,0,0,0,0,0,0,0,,0,0,0,22.0,3,3,2,,0,40 02:18.535,,0,75 09:30.398,4,0,0,0,67301,0,0,0,N,0,0,0,4,67301,3,,1,9,,N,N,,0,,0,0,1,3,3,,2236.0,3,2,0,0,0,0,0,3,4,0,2,3,,N,,,,,,,,,,,
2010062695,1815.0,1,0,0,1,0,0,0,0,0,5,0,,67,5,2010,7,39.9415,-75.1483,1807.0,6,0,0,0,0,0,0,0,0,,0,0,0,15.0,1,1,0,,0,39 56:29.284,,0,75 08:53.757,3,0,0,0,67301,1,0,0,,0,0,0,3,67301,0,,1,1,,,,,0,,1,0,0,0,0,,1515.0,1,2,0,0,0,0,0,3,4,0,1,3,,N,,,,,,,,,,,
2010062718,1205.0,1,0,0,0,0,0,0,0,0,4,0,,67,5,2010,3,40.0202,-75.1266,1201.0,6,0,0,0,0,0,1,0,0,,0,0,0,11.0,1,3,2,,0,40 01:12.594,,0,75 07:35.673,8,0,0,0,67301,0,0,0,N,0,0,0,3,67301,0,,1,1,,N,N,,0,,0,0,1,0,0,,1122.0,3,2,0,0,0,3,0,3,4,0,2,3,,N,,,,,,,,,,,
2010062723,415.0,0,0,0,0,0,0,0,0,0,1,0,,67,5,2010,7,40.0274,-75.1452,400.0,6,0,0,0,0,0,0,0,0,,0,0,0,0.0,3,2,0,,0,40 01:38.496,,0,75 08:42.612,4,0,0,0,67301,2,0,0,N,0,0,0,3,67301,2,,2,1,,N,N,,0,,0,0,2,0,0,,35.0,2,2,0,0,1,0,0,3,4,0,2,3,,N,,,,,,,,,,,
2010048879,1540.0,1,0,0,0,0,0,0,0,0,4,0,,67,4,2010,6,39.9883,-75.1355,1532.0,6,0,0,0,0,0,0,0,0,,0,0,0,15.0,1,2,2,,0,39 59:17.962,,0,75 08:07.915,8,0,0,0,67301,0,0,0,N,0,0,0,6,67301,0,,1,1,,N,N,,0,,0,0,1,3,2,,1512.0,2,2,0,0,1,2,0,3,4,0,2,3,,N,,,,,,,,,,,
2010054957,203.0,1,0,0,0,0,0,0,0,0,7,0,,67,5,2010,7,39.9604,-75.1818,155.0,6,0,0,0,0,0,0,0,0,1.0,0,0,0,1.0,3,0,6,,1,39 57:41.763,4.0,2,75 10:57.486,0,0,0,0,67301,0,0,0,N,0,0,0,1,68K01,0,,4,1,,N,N,,0,,0,0,0,0,0,N,150.0,0,1,0,0,1,0,0,3,4,0,1,3,,N,,,,,,,,,,,
2010054962,419.0,1,0,0,0,0,0,0,0,0,7,0,,67,5,2010,1,39.976,-75.1147,401.0,6,0,0,0,0,0,0,0,0,1.0,0,0,0,4.0,3,0,0,,1,39 58:35.839,1.0,0,75 06:49.956,0,0,0,0,67301,0,0,0,N,0,0,0,1,68K01,0,,4,9,,N,N,,0,,0,0,0,0,0,N,400.0,0,1,0,0,0,0,0,3,4,0,1,7,,N,,,,,,,,,,,
2010052163,33.0,1,0,0,0,0,0,0,0,0,4,0,,67,4,2010,1,39.9746,-75.1835,31.0,6,0,0,0,0,0,1,0,0,,0,0,0,0.0,3,1,1,,0,39 58:28.407,,0,75 11:00.487,8,0,0,0,67301,0,0,0,N,0,0,0,2,67301,0,,1,9,,N,N,,1,,0,0,0,3,2,,25.0,1,2,0,0,0,1,0,3,4,0,2,7,,N,,,,,,,,,,,
2010052164,2030.0,2,0,0,0,0,0,0,0,0,2,0,,67,4,2010,3,40.0779,-74.9994,2015.0,6,0,0,0,0,0,0,0,0,2.0,0,0,0,20.0,3,1,0,,1,40 04:40.400,1.0,0,74 59:57.665,8,0,0,0,67301,0,0,0,N,0,0,0,1,67301,0,,6,1,,N,N,,0,,0,0,1,0,0,N,2010.0,1,3,0,0,0,1,0,3,4,0,3,3,,N,,,,,,,,,,,
2010052494,1300.0,1,0,0,0,0,0,0,0,0,8,0,,67,4,2010,6,39.9555,-75.2157,1300.0,6,0,0,0,0,0,0,0,0,,0,0,0,18.0,4,1,0,,0,39 57:19.729,,0,75 12:56.451,2,0,0,0,67301,1,0,1,N,1,0,1,2,67301,0,,1,1,,N,N,,0,,0,1,0,9,2,,1830.0,1,2,0,0,0,0,0,3,4,0,1,3,,N,,,,,,,,,,,
2010117714,1756.0,0,0,0,0,0,0,0,0,0,4,0,,67,10,2010,7,39.9556,-75.1646,1740.0,6,0,0,0,0,0,1,0,0,,0,0,0,17.0,1,0,1,,0,39 57:19.976,,0,75 09:52.701,0,0,0,1,67301,0,0,0,N,0,0,0,3,67301,0,,1,1,,N,N,,0,,0,0,1,3,2,,1735.0,0,2,0,0,0,0,0,3,4,0,2,3,,N,,,,,,,,,,,
2010117831,1730.0,2,0,0,0,0,0,0,0,0,4,0,,67,11,2010,2,39.9603,-75.1389,1730.0,6,0,0,0,0,0,0,0,0,1.0,0,0,0,17.0,1,0,1,,1,39 57:37.035,4.0,0,75 08:19.560,0,0,0,0,67301,0,0,0,N,0,0,0,3,67301,0,,1,1,,N,N,,0,,0,0,0,3,3,N,1730.0,0,2,0,0,0,0,0,3,4,0,2,3,,N,,,,,,,,,,,
2010117857,1222.0,2,0,0,0,0,0,0,0,0,4,0,,67,10,2010,7,39.9121,-75.2416,1218.0,6,0,0,0,0,0,1,0,0,,0,0,0,12.0,1,0,0,,0,39 54:43.628,,0,75 14:29.644,0,0,0,0,67301,0,0,0,N,0,0,0,2,67301,0,,1,1,,N,N,,0,,0,0,0,0,0,,1200.0,0,2,0,0,0,0,0,3,4,0,2,3,,N,,,,,,,,,,,
2010091098,9999.0,1,0,0,1,0,0,0,0,0,4,0,,67,8,2010,7,39.9918,-75.1627,9999.0,6,0,0,0,0,0,0,0,0,,0,0,0,17.0,1,1,2,,0,39 59:30.595,,0,75 09:45.565,8,0,0,0,67301,1,0,0,N,0,0,0,2,67301,0,,1,1,,N,N,,0,,0,0,0,3,3,,1734.0,1,2,0,0,0,1,0,3,4,0,1,3,,N,,,,,,,,,,,
2010104645,1223.0,1,0,0,0,0,0,0,0,0,7,0,,67,10,2010,4,39.9331,-75.2001,1217.0,6,0,0,0,0,0,0,0,0,,0,0,0,12.0,1,1,0,,0,39 55:56.249,,0,75 12:00.452,8,0,0,0,67301,0,0,0,Y,0,0,0,1,68K01,0,,2,1,,N,N,,0,,0,0,0,0,0,,1205.0,1,1,0,0,0,1,0,3,4,0,1,3,,N,,,,,,,,,,,
2010121919,1529.0,1,0,0,1,0,0,0,0,0,4,0,,67,11,2010,4,40.0465,-75.0453,1528.0,6,0,0,0,0,0,1,0,0,,0,0,0,15.0,1,1,2,,0,40 02:47.443,,7,75 02:42.968,4,0,0,0,67301,1,0,0,N,0,0,0,2,67301,1,,1,1,,N,Y,,0,,0,0,0,3,2,,1528.0,1,2,0,0,0,0,0,3,4,0,1,3,,N,,,,,,,,,,,
2010122407,1515.0,2,0,0,0,0,0,0,0,0,1,0,,67,11,2010,4,40.0527,-75.2362,1512.0,6,0,0,0,1,0,0,1,0,,0,0,0,99.0,4,2,1,,0,40 03:08.516,,0,75 14:10.540,4,0,0,0,67301,0,0,0,N,0,0,0,4,67301,2,,1,1,,N,N,,0,,0,0,0,0,0,,9999.0,2,2,0,0,0,0,0,3,4,0,2,3,,N,,,,,,,,,,,
2010121463,826.0,2,0,0,0,0,0,0,0,0,4,0,,67,10,2010,7,39.9325,-75.2246,826.0,6,0,0,0,0,0,2,0,0,2.0,0,0,0,8.0,1,1,1,,1,39 55:56.906,3.0,0,75 13:28.606,4,0,0,0,67301,0,0,0,N,0,0,0,2,67301,1,,1,1,,N,N,,2,,0,0,0,3,2,N,824.0,1,4,0,0,1,0,0,3,4,0,4,3,,N,,,,,,,,,,,
2010121531,1035.0,0,0,0,0,0,0,0,0,0,4,1,,67,12,2010,4,39.9613,-75.1483,1025.0,6,0,0,0,0,0,1,0,0,1.0,0,1,0,10.0,1,2,0,,2,39 57:40.681,3.0,0,75 08:53.907,4,0,0,0,67301,0,0,0,N,0,0,0,3,67301,2,,1,1,,N,N,,0,,0,0,0,3,2,Y,1020.0,2,2,0,0,0,0,0,3,4,1,2,3,,N,,,,,,,,,,,
2010118846,830.0,1,0,0,0,0,0,0,0,0,4,0,,67,10,2010,3,40.0361,-75.07,830.0,6,0,0,0,0,0,0,0,0,,0,0,0,8.0,1,1,0,,0,40 02:09.928,,7,75 04:11.828,8,0,0,0,67301,0,0,0,N,0,0,0,3,67301,0,,1,1,,N,N,,1,,0,0,0,0,0,,830.0,1,2,0,0,0,1,0,3,4,0,2,3,,N,,,,,,,,,,,
2010116935,815.0,4,0,0,0,0,0,0,0,0,1,0,,67,11,2010,6,39.9446,-75.1913,814.0,6,0,0,0,0,0,2,0,0,2.0,0,0,0,8.0,1,2,6,,2,39 56:43.369,4.0,2,75 11:25.410,8,0,0,0,67301,0,0,0,N,0,0,0,5,68K01,0,,1,9,,N,N,,0,,0,0,0,3,4,N,802.0,2,4,0,0,0,2,0,3,4,0,4,7,,N,,,,,,,,,,,
2010116276,812.0,2,0,0,0,0,0,0,0,0,1,0,,67,11,2010,3,39.9404,-75.1955,729.0,6,0,0,0,0,0,1,0,0,1.0,0,0,0,7.0,1,0,0,,2,39 56:32.667,4.0,0,75 11:36.869,0,0,0,0,67301,0,0,0,N,0,0,0,2,68K01,0,,1,1,,N,N,,0,,0,0,0,0,0,N,728.0,0,2,0,0,0,0,0,3,4,0,2,3,,N,,,,,,,,,,,
2010116305,1626.0,2,0,0,0,0,0,0,0,0,6,0,,67,10,2010,4,39.9854,-75.2155,1624.0,6,0,0,0,0,1,1,0,0,,0,0,0,16.0,1,1,0,,0,39 59:07.636,,0,75 12:55.846,8,0,0,0,67301,0,0,0,N,0,0,0,3,67301,0,,1,9,,N,N,,0,,0,0,0,0,0,,1620.0,1,3,0,0,0,1,1,3,4,0,3,7,,N,,,,,,,,,,,
2010113779,1020.0,2,0,0,0,0,0,0,0,0,1,0,,67,10,2010,3,39.9771,-75.2299,1011.0,6,0,0,0,0,0,1,0,0,,0,0,0,8.0,1,1,1,,0,39 58:37.470,,0,75 13:47.492,4,0,0,0,67301,0,0,0,,0,0,0,2,67301,1,,1,9,,N,N,,0,,0,0,0,3,2,,830.0,1,2,0,0,0,0,1,3,4,0,2,7,,N,,,,,,,,,,,
2010113831,635.0,1,0,0,0,0,0,0,0,0,8,0,,67,10,2010,4,40.0741,-75.187,632.0,6,0,0,0,0,0,0,0,0,,0,0,0,6.0,3,1,2,,0,40 04:26.844,,0,75 11:13.068,8,0,0,0,67301,1,0,0,,1,0,0,2,67301,0,,1,9,,N,N,,0,,0,0,0,3,3,,625.0,1,2,0,0,0,1,0,3,4,0,1,7,,N,,,,,,,,,,,
2010116334,1109.0,1,0,0,0,0,0,0,0,0,2,0,,67,10,2010,4,39.9842,-75.2032,1109.0,6,0,0,0,0,0,0,1,0,1.0,0,0,0,11.0,1,0,0,,1,39 59:02.595,1.0,0,75 12:11.610,0,0,0,0,67301,0,0,0,N,0,0,0,2,67301,0,,1,9,,N,N,,0,,0,0,1,0,0,N,1105.0,0,2,0,0,0,0,0,3,4,0,2,7,,N,,,,,,,,,,,
2010114058,1128.0,1,0,0,0,0,0,0,0,0,4,0,,67,10,2010,2,40.006,-75.0915,1124.0,6,0,0,0,0,0,0,0,0,,0,0,0,10.0,1,2,0,,0,40 00:21.695,,0,75 05:29.392,4,0,0,0,67301,0,0,0,N,0,0,0,2,67301,2,,1,1,,N,N,,0,,0,0,0,0,0,,1050.0,2,2,0,0,0,0,0,3,4,1,2,3,,N,,,,,,,,,,,
2010069767,948.0,1,0,0,0,0,0,0,0,0,1,0,,67,6,2010,2,40.0789,-75.0251,942.0,6,0,0,0,0,0,1,0,0,,0,0,0,99.0,1,2,0,,0,40 04:44.178,,0,75 01:30.325,4,0,0,0,67301,0,0,0,,0,0,0,2,67301,2,,1,1,,,,,0,,0,0,1,3,2,,9999.0,2,2,0,0,0,0,0,3,4,0,2,3,,N,,,,,,,,,,,