CRN,ARRIVAL_TM,AUTOMOBILE_COUNT,BELTED_DEATH_COUNT,BELTED_SUSP_SERIOUS_INJ_COUNT,BICYCLE_COUNT,BICYCLE_DEATH_COUNT,BICYCLE_SUSP_SERIOUS_INJ_COUNT,BUS_COUNT,CHLDPAS_DEATH_COUNT,CHLDPAS_SUSP_SERIOUS_INJ_COUNT,COLLISION_TYPE,COMM_VEH_COUNT,CONS_ZONE_SPD_LIM,COUNTY,CRASH_MONTH,CRASH_YEAR,DAY_OF_WEEK,DEC_LAT,DEC_LONG,DISPATCH_TM,DISTRICT,DRIVER_COUNT_16YR,DRIVER_COUNT_17YR,DRIVER_COUNT_18YR,DRIVER_COUNT_19YR,DRIVER_COUNT_20YR,DRIVER_COUNT_50_64YR,DRIVER_COUNT_65_74YR,DRIVER_COUNT_75PLUS,EST_HRS_CLOSED,FATAL_COUNT,HEAVY_TRUCK_COUNT,HORSE_BUGGY_COUNT,HOUR_OF_DAY,ILLUMINATION,INJURY_COUNT,INTERSECT_TYPE,INTERSECTION_RELATED,LANE_CLOSED,LATITUDE,LN_CLOSE_DIR,LOCATION_TYPE,LONGITUDE,MAX_SEVERITY_LEVEL,MCYCLE_DEATH_COUNT,MCYCLE_SUSP_SERIOUS_INJ_COUNT,MOTORCYCLE_COUNT,MUNICIPALITY,NONMOTR_COUNT,NONMOTR_DEATH_COUNT,NONMOTR_SUSP_SERIOUS_INJ_COUNT,NTFY_HIWY_MAINT,PED_COUNT,PED_DEATH_COUNT,PED_SUSP_SERIOUS_INJ_COUNT,PERSON_COUNT,POLICE_AGCY,POSSIBLE_INJ_COUNT,RDWY_SURF_TYPE_CD,RELATION_TO_ROAD,ROAD_CONDITION,ROADWAY_CLEARED,SCH_BUS_IND,SCH_ZONE_IND,SECONDARY_CRASH,SMALL_TRUCK_COUNT,SPEC_JURIS_CD,SUSP_MINOR_INJ_COUNT,SUSP_SERIOUS_INJ_COUNT,SUV_COUNT,TCD_FUNC_CD,TCD_TYPE,TFC_DETOUR_IND,TIME_OF_DAY,TOT_INJ_COUNT,TOTAL_UNITS,UNB_DEATH_COUNT,UNB_SUSP_SERIOUS_INJ_COUNT,UNBELTED_OCC_COUNT,UNK_INJ_DEG_COUNT,UNK_INJ_PER_COUNT,URBAN_AREA,URBAN_RURAL,VAN_COUNT,VEHICLE_COUNT,WEATHER1,WEATHER2,WORK_ZONE_IND,WORK_ZONE_LOC,WORK_ZONE_TYPE,WORKERS_PRES,WZ_CLOSE_DETOUR,WZ_FLAGGER,WZ_LAW_OFFCR_IND,WZ_LN_CLOSURE,WZ_MOVING,WZ_OTHER,WZ_SHLDER_MDN,WZ_WORKERS_INJ_KILLED
2010069769,1745.0,1,0,0,0,0,0,0,0,0,8,0,,67,6,2010,6,40.0258,-75.165,1732.0,6,0,0,0,0,0,0,0,0,,0,0,0,12.0,1,1,0,,0,40 01:32.908,,0,75 09:53.949,3,0,0,0,67301,1,0,0,N,1,0,0,2,67301,0,,1,1,,N,Y,,0,,1,0,0,0,0,,1200.0,1,2,0,0,0,0,1,3,4,0,1,3,,N,,,,,,,,,,,
2010056552,1926.0,1,0,0,0,0,0,0,0,0,1,0,55.0,67,6,2010,7,40.04,-75.0062,1919.0,6,0,0,0,0,0,1,0,0,2.0,0,1,0,19.0,1,6,0,,2,40 02:24.186,1.0,0,75 00:21.771,2,0,0,0,67301,0,0,0,N,0,0,0,7,68K01,5,,1,1,,N,N,,0,,0,1,1,0,0,N,1917.0,6,3,0,1,6,0,0,3,4,0,3,3,,Y,8.0,1.0,Y,N,N,Y,Y,N,Y,Y,
2010069857,1820.0,1,0,0,1,0,0,0,0,0,4,0,,67,6,2010,6,40.0386,-75.0276,1816.0,6,0,0,0,0,0,0,0,0,,0,0,0,16.0,1,1,2,,0,40 02:18.798,,0,75 01:39.323,4,0,0,0,67301,1,0,0,,0,0,0,2,67301,1,,1,1,,N,N,,0,,0,0,0,3,3,,1650.0,1,2,0,0,0,0,0,3,4,0,1,3,,N,,,,,,,,,,,
2010074412,312.0,2,0,0,0,0,0,0,0,0,2,0,,67,6,2010,1,39.9417,-75.233,311.0,6,0,0,0,0,0,0,0,0,,0,0,0,2.0,3,0,0,,0,39 56:29.940,,0,75 13:58.790,0,0,0,0,67301,0,0,0,N,0,0,0,1,67301,0,,6,1,,N,N,,0,,0,0,0,0,0,,205.0,0,2,0,0,0,0,0,3,4,0,2,3,,N,,,,,,,,,,,
2010061981,2246.0,3,0,0,0,0,0,0,0,0,1,0,,67,4,2010,3,40.075,-75.0016,2242.0,6,0,0,0,0,0,0,0,0,3.0,1,0,0,22.0,3,4,0,,2,40 04:29.941,7.0,0,75 00:05.826,1,0,0,0,67301,0,0,0,N,0,0,0,5,67301,0,2.0,1,1,,N,N,,0,0.0,0,0,0,3,2,Y,2241.0,4,3,0,0,0,4,0,3,4,0,3,3,,N,,,,,,,,,,,
2010067085,1810.0,1,0,0,0,0,0,0,0,0,8,0,,67,6,2010,7,39.9619,-75.2407,1810.0,6,0,0,0,0,0,0,0,0,,0,0,0,18.0,1,1,1,,0,39 57:42.807,,0,75 14:26.915,4,0,0,0,67301,1,0,0,N,1,0,0,4,67301,1,,1,1,,N,N,,0,,0,0,0,3,2,,1809.0,1,2,0,0,0,0,0,3,4,0,1,3,,N,,,,,,,,,,,
2010069644,920.0,0,0,0,0,0,0,0,0,0,7,1,,67,6,2010,3,40.0,-75.1893,915.0,6,0,0,0,0,0,0,0,0,,0,1,0,9.0,1,1,0,,0,40 00:00.014,,1,75 11:21.491,4,0,0,0,67301,0,0,0,N,0,0,0,1,67301,1,,2,1,,N,N,,0,,0,0,0,0,0,,915.0,1,1,0,0,0,0,0,3,4,0,1,3,,N,,,,,,,,,,,
2010069645,2135.0,0,0,0,0,0,0,0,0,0,8,0,,67,6,2010,5,39.9919,-75.1512,2134.0,6,0,0,0,0,0,0,0,0,,0,0,0,20.0,3,1,1,,0,39 59:30.796,,0,75 09:04.179,8,0,0,0,67301,1,0,0,N,1,0,0,2,67301,0,,1,1,,N,N,,0,,0,0,1,3,3,,2046.0,1,2,0,0,0,1,0,3,4,0,1,3,,N,,,,,,,,,,,
2010069666,1435.0,2,0,0,0,0,0,0,0,0,1,0,,67,6,2010,4,40.0361,-75.0879,1430.0,6,0,0,0,0,0,0,0,0,,0,0,0,14.0,1,2,1,,0,40 02:09.822,,0,75 05:16.321,8,0,0,0,67301,0,0,0,,0,0,0,3,67301,0,,1,9,,,,,0,,0,0,0,3,2,,1400.0,2,2,0,0,0,2,0,3,4,0,2,7,,N,,,,,,,,,,,
2010074043,1854.0,1,0,0,0,0,0,0,0,0,7,0,,67,8,2010,3,39.8885,-75.2417,1852.0,6,0,0,0,0,0,1,0,0,1.0,0,0,0,18.0,1,1,0,,1,39 53:18.584,2.0,0,75 14:29.964,4,0,0,0,67301,0,0,0,Y,0,0,0,1,68K01,1,,2,1,,N,N,,0,,0,0,0,0,0,N,1850.0,1,1,0,0,0,0,0,3,4,0,1,3,,N,,,,,,,,,,,
2010081776,2345.0,2,0,0,0,0,0,0,0,0,2,0,,67,7,2010,6,40.0016,-75.1164,2030.0,6,0,0,0,0,0,0,0,0,,0,0,0,20.0,3,0,1,,0,40 00:05.890,,0,75 06:59.070,0,0,0,0,67301,0,0,0,N,0,0,0,2,67301,0,,1,1,,N,N,,0,,0,0,0,3,2,,2030.0,0,2,0,0,0,0,0,3,4,0,2,3,,N,,,,,,,,,,,
2010099723,215.0,0,0,0,0,0,0,0,0,0,7,0,,67,8,2010,1,40.0993,-74.9861,212.0,6,0,0,0,0,0,1,0,0,2.0,0,0,0,2.0,3,1,0,,2,40 05:57.597,3.0,0,74 59:10.063,3,0,0,0,67301,0,0,0,,0,0,0,1,67301,0,,3,1,,,,,1,,1,0,0,0,0,Y,210.0,1,1,0,0,0,0,0,3,4,0,1,3,,N,,,,,,,,,,,
2010099731,1657.0,2,0,0,0,0,0,0,0,0,4,0,,67,8,2010,2,40.014,-75.1273,1533.0,6,0,0,0,0,0,1,0,0,,0,0,0,15.0,1,1,0,,0,40 00:50.400,,7,75 07:38.254,3,0,0,0,67301,0,0,0,N,0,0,0,3,67301,0,,1,1,,N,N,,0,,1,0,0,0,0,,1530.0,1,2,0,0,1,0,0,3,4,0,2,3,,N,,,,,,,,,,,
2010125713,105.0,1,0,0,0,0,0,0,0,0,7,0,,67,12,2010,2,39.9807,-75.2061,105.0,6,0,0,0,0,0,1,0,0,,0,0,0,1.0,3,0,0,,0,39 58:53.173,,0,75 12:25.487,0,0,0,0,67301,0,0,0,N,0,0,0,1,68K01,0,,2,9,,N,N,,0,,0,0,0,0,0,,104.0,0,1,0,0,0,0,0,3,4,0,1,7,,N,,,,,,,,,,,
2010102949,1625.0,1,0,0,0,0,0,0,0,0,7,0,,67,9,2010,2,39.9967,-75.1983,1619.0,6,0,0,0,0,0,1,0,0,,0,0,0,16.0,1,1,0,,0,39 59:48.273,,0,75 11:54.047,8,0,0,0,67301,0,0,0,N,0,0,0,1,67301,0,,2,9,,N,N,,0,,0,0,0,0,0,,1620.0,1,1,0,0,0,1,0,3,4,0,1,7,,N,,,,,,,,,,,
2010102978,2245.0,2,0,0,0,0,0,0,0,0,7,0,,67,9,2010,6,40.1078,-75.0538,2240.0,6,0,0,0,0,0,0,0,0,,0,0,0,22.0,3,1,0,,0,40 06:27.982,,0,75 03:13.741,4,0,0,0,67301,0,0,0,,0,0,0,1,67301,1,,5,1,,,,,0,,0,0,0,0,0,,2231.0,1,2,0,0,0,0,0,3,4,0,2,3,,N,,,,,,,,,,,
2010103097,9999.0,2,0,0,0,0,0,0,0,0,1,0,,67,9,2010,2,39.9426,-75.1473,1615.0,6,0,0,0,0,0,0,0,0,9.0,0,0,0,14.0,1,1,0,,1,39 56:33.499,1.0,0,75 08:50.396,4,0,0,0,67301,0,0,0,,0,0,0,2,67301,1,,1,1,,,,,0,,0,0,0,0,0,Y,1450.0,1,2,0,0,0,0,0,3,4,0,2,3,,N,,,,,,,,,,,
2010105660,1331.0,1,0,0,0,0,0,0,0,0,8,0,,67,9,2010,1,39.9645,-75.2357,1328.0,6,0,0,0,0,0,0,0,0,,0,0,0,13.0,1,1,0,,0,39 57:52.318,,0,75 14:08.494,8,0,0,0,67301,1,0,0,N,1,0,0,2,67301,0,,1,1,,N,N,,0,,0,0,0,0,0,,1325.0,1,2,0,0,0,1,0,3,4,0,1,3,,N,,,,,,,,,,,
2010125078,1740.0,1,0,0,0,0,0,0,0,0,1,0,,67,11,2010,4,40.0416,-75.1442,1732.0,6,0,0,0,0,0,0,1,0,,0,0,0,17.0,3,1,0,,0,40 02:29.949,,0,75 08:39.013,4,0,0,0,67301,0,0,0,N,0,0,0,2,67301,1,,1,1,,N,N,,0,,0,0,1,3,2,,1730.0,1,2,0,0,0,0,0,3,4,0,2,3,,N,,,,,,,,,,,
2010125100,1206.0,1,0,0,0,0,0,0,0,0,5,0,,67,11,2010,3,40.0356,-75.1383,1200.0,6,0,0,0,0,0,1,1,0,,0,0,0,11.0,1,1,2,,0,40 02:08.293,,0,75 08:17.987,4,0,0,0,67301,0,0,0,N,0,0,0,3,67301,1,,1,1,,N,N,,0,,0,0,1,3,3,,1145.0,1,2,0,0,0,0,0,3,4,0,2,3,,N,,,,,,,,,,,
2010095753,717.0,0,0,0,0,0,0,0,0,0,1,0,,67,9,2010,2,39.9741,-75.119,717.0,6,0,0,0,0,0,0,0,0,2.0,0,0,0,7.0,5,0,0,,1,39 58:28.437,2.0,0,75 07:05.411,0,0,0,0,67301,0,0,0,N,0,0,0,4,68K01,0,,1,9,,N,N,,0,,0,0,2,0,0,N,717.0,0,3,0,0,0,0,0,3,4,1,3,7,,N,,,,,,,,,,,
2010117934,822.0,0,0,0,0,0,0,0,0,0,7,0,,67,10,2010,3,40.1102,-74.9969,819.0,6,0,0,0,0,0,0,0,0,2.0,0,0,0,8.0,1,0,0,,2,40 06:36.879,4.0,2,74 59:49.204,0,0,0,0,67301,0,0,0,Y,0,0,0,3,67301,0,,2,9,,N,N,,0,,0,0,1,0,0,Y,817.0,0,1,0,0,0,0,0,3,4,0,1,7,,N,,,,,,,,,,,
2010114317,825.0,1,0,0,0,0,0,0,0,0,8,0,,67,10,2010,5,39.9943,-75.1577,818.0,6,0,0,0,0,0,0,0,0,3.0,0,0,0,8.0,1,1,1,,2,39 59:39.638,7.0,0,75 09:27.820,2,0,0,0,67301,1,0,1,,1,0,1,2,67301,0,,1,1,,,,,0,,0,1,0,3,2,Y,800.0,1,2,0,0,0,0,0,3,4,0,1,3,,N,,,,,,,,,,,
2010114549,1705.0,2,0,0,0,0,0,0,0,0,1,0,,67,10,2010,7,40.0375,-75.0391,1701.0,6,0,0,0,0,0,1,0,0,,0,0,0,16.0,1,0,0,,0,40 02:14.835,,0,75 02:20.686,0,0,0,0,67301,0,0,0,,0,0,0,1,67301,0,,6,1,,N,N,,0,,0,0,0,0,0,,1655.0,0,2,0,0,0,0,0,3,4,0,2,3,,N,,,,,,,,,,,
2010111984,1112.0,1,0,0,0,0,0,0,0,0,1,0,,67,11,2010,3,39.96,-75.1789,1106.0,6,0,0,0,0,0,0,0,0,,0,0,0,10.0,1,0,0,,0,39 57:36.843,,0,75 10:50.474,0,0,0,0,67301,0,0,0,N,0,0,0,2,68K01,0,,1,1,,N,N,,0,,0,0,0,0,0,,1035.0,0,2,0,0,0,0,0,3,4,1,2,3,,N,,,,,,,,,,,
2010012387,1801.0,1,0,0,0,0,0,0,0,0,8,0,,67,1,2010,6,40.0702,-75.0313,1801.0,6,0,0,0,0,1,0,0,0,,0,0,0,17.0,3,1,2,,0,40 04:12.678,,0,75 01:52.619,4,0,0,0,67301,1,0,0,N,1,0,0,2,67301,1,,1,1,,N,N,,0,,0,0,0,3,2,,1755.0,1,2,0,0,0,0,0,3,4,0,1,3,,N,,,,,,,,,,,
2010042380,1605.0,2,0,0,0,0,0,0,0,0,1,0,,67,4,2010,1,40.0735,-75.0554,1601.0,6,0,0,0,0,0,0,0,1,1.0,0,0,0,15.0,1,1,0,,1,40 04:24.603,1.0,0,75 03:19.418,4,0,0,0,67301,0,0,0,N,0,0,0,1,67301,1,,1,1,,N,N,,1,,0,0,0,0,0,N,1555.0,1,3,0,0,0,0,0,3,4,0,3,3,,N,,,,,,,,,,,
2010042528,1044.0,2,0,0,0,0,0,0,0,0,1,0,,67,5,2010,2,40.0175,-75.0495,1040.0,6,0,0,0,0,0,0,0,0,,0,0,0,10.0,1,1,0,,0,40 01:02.677,,0,75 02:58.717,8,0,0,0,67301,0,0,0,N,0,0,0,5,68K01,0,,1,9,,N,N,,0,,0,0,1,0,0,,1014.0,1,3,0,0,0,1,0,3,4,0,3,7,,N,,,,,,,,,,,
2010040134,1112.0,0,0,0,0,0,0,0,0,0,0,0,,67,4,2010,1,39.8896,-75.2327,1103.0,6,0,0,0,0,0,0,0,0,,0,0,0,10.0,1,0,0,,0,39 53:22.568,,3,75 13:57.935,0,0,0,1,67301,0,0,0,N,0,0,0,1,68K01,0,,1,9,,N,N,,0,,0,0,0,0,0,,1059.0,0,1,0,0,0,0,0,3,4,0,1,7,,N,,,,,,,,,,,
2010048652,2005.0,1,0,0,0,0,0,0,0,0,4,0,,67,4,2010,3,40.0401,-75.1086,1959.0,6,0,0,0,0,0,0,0,0,,0,0,0,19.0,3,0,0,,0,40 02:24.188,,7,75 06:31.099,0,0,0,0,67301,0,0,0,N,0,0,0,2,67301,0,,1,1,,N,N,,0,,0,0,0,0,0,,1950.0,0,2,0,0,0,0,0,3,4,1,2,3,,N,,,,,,,,,,,
2010063258,2131.0,1,0,0,0,0,0,0,0,0,1,0,,67,6,2010,2,39.9533,-75.1415,2126.0,6,0,0,0,1,0,0,0,0,2.0,0,0,0,21.0,3,0,0,,1,39 57:11.435,2.0,0,75 08:29.502,0,0,0,0,67301,0,0,0,N,0,0,0,3,68K01,0,,1,1,,N,N,,0,,0,0,1,0,0,N,2123.0,0,2,0,0,0,0,0,3,4,0,2,3,,N,,,,,,,,,,,
2010056267,825.0,1,0,0,0,0,0,0,0,0,5,1,,67,6,2010,2,39.9516,-75.1637,805.0,6,0,0,0,0,0,1,0,0,,0,0,0,8.0,1,2,10,,0,39 57:05.795,,0,75 09:49.162,8,0,0,0,67301,0,0,0,N,0,0,0,6,67301,0,,1,1,,N,N,,1,,0,0,0,3,2,,803.0,2,2,0,0,4,2,0,3,4,0,2,3,,N,,,,,,,,,,,
2010067971,2240.0,4,0,0,0,0,0,0,0,0,4,0,,67,6,2010,5,40.0422,-75.1263,2232.0,6,1,0,0,0,0,0,0,0,,0,0,0,22.0,3,2,1,,0,40 02:31.916,,0,75 07:34.611,4,0,0,0,67301,0,0,0,,0,0,0,3,67301,2,,1,1,,,,,0,,0,0,0,3,2,,2225.0,2,4,0,0,0,0,0,3,4,0,4,3,,N,,,,,,,,,,,
2010059542,1924.0,2,0,0,0,0,0,0,0,0,1,0,,67,5,2010,3,40.0497,-75.1579,1921.0,6,0,0,0,0,0,0,0,1,,0,0,0,19.0,4,1,2,,0,40 02:58.790,,0,75 09:28.544,4,0,0,0,67301,0,0,0,,0,0,0,2,67301,1,,1,9,,N,,,0,,0,0,0,9,9,,1910.0,1,2,0,0,0,0,0,3,4,0,2,7,,N,,,,,,,,,,,
2010059555,849.0,1,0,0,0,0,0,1,0,0,5,1,,67,4,2010,3,39.9137,-75.1775,845.0,6,0,0,0,0,0,0,1,0,,0,0,0,8.0,1,1,1,,0,39 54:49.258,,0,75 10:39.129,4,0,0,0,67301,0,0,0,,0,0,0,36,67301,1,,1,1,,Y,Y,,0,,0,0,0,3,3,,840.0,1,2,0,0,0,0,0,3,4,0,2,99,,N,,,,,,,,,,,
2010048891,825.0,1,0,0,0,0,0,0,0,0,7,0,,67,4,2010,2,40.0356,-75.0675,820.0,6,0,0,0,0,0,0,0,0,1.0,0,0,0,8.0,1,0,0,,1,40 02:08.044,1.0,6,75 04:03.161,0,0,0,0,67301,0,0,0,N,0,0,0,1,67301,0,,2,9,,N,N,,0,,0,0,0,0,0,N,815.0,0,2,0,0,0,0,0,3,4,0,1,7,,N,,,,,,,,,,,
2010052476,145.0,3,0,0,0,0,0,0,0,0,6,0,,67,5,2010,7,40.0872,-75.0316,143.0,6,0,0,1,0,0,0,0,0,,0,0,0,1.0,3,0,0,,0,40 05:13.772,,0,75 01:53.702,0,0,0,0,67301,0,0,0,N,0,0,0,1,67301,0,,6,1,,N,N,,0,,0,0,0,0,0,,141.0,0,3,0,0,0,0,0,3,4,0,3,3,,N,,,,,,,,,,,
2010052487,1615.0,1,0,0,0,0,0,0,0,0,4,0,,67,5,2010,7,40.0369,-75.0798,1613.0,6,0,0,0,0,0,0,0,0,,0,0,0,16.0,1,1,1,,0,40 02:12.854,,0,75 04:47.301,4,0,0,0,67301,0,0,0,N,0,0,0,2,67301,1,,1,1,,N,N,,0,,0,0,1,2,2,,1610.0,1,2,0,0,0,0,0,3,4,0,2,3,,N,,,,,,,,,,,
2010107353,1733.0,0,0,0,0,0,0,0,0,0,1,0,,67,11,2010,2,39.9668,-75.1341,1721.0,6,0,0,0,0,0,2,0,0,1.0,0,0,0,17.0,4,2,0,,2,39 58:00.783,1.0,0,75 08:02.122,4,0,0,0,67301,0,0,0,N,0,0,0,3,68K01,1,,1,1,,N,N,,0,,0,0,2,0,0,N,1715.0,2,2,0,0,0,1,0,3,4,0,2,3,,N,,,,,,,,,,,
2010104638,1622.0,1,0,0,0,0,0,0,0,0,1,0,,67,10,2010,5,40.0433,-75.0029,1622.0,6,0,0,1,0,0,1,0,0,,0,0,0,16.0,1,0,0,,0,40 02:36.334,,0,75 00:10.168,0,0,0,0,67301,0,0,0,N,0,0,0,5,68K01,0,,1,9,,N,N,,0,,0,0,0,0,0,,1620.0,0,2,0,0,0,0,0,3,4,1,2,7,,N,,,,,,,,,,,
2010104651,655.0,1,0,0,0,0,0,0,0,0,5,0,,67,10,2010,7,39.948,-75.1871,643.0,6,0,0,0,0,0,2,0,0,2.0,0,0,0,6.0,3,1,0,,1,39 56:54.317,4.0,0,75 11:10.959,4,0,0,0,67301,0,0,0,N,0,0,0,3,68K01,1,,1,1,,N,N,,1,,0,0,0,0,0,N,643.0,1,2,0,0,0,0,0,3,4,0,2,3,,N,,,,,,,,,,,
2010099570,1843.0,1,0,0,0,0,0,0,0,0,4,0,,67,7,2010,6,40.0062,-75.1154,1843.0,6,0,0,0,1,0,0,0,0,,0,0,0,18.0,1,1,0,,0,40 00:22.239,,7,75 06:55.449,3,0,0,1,67301,0,0,0,,0,0,0,3,67301,0,,1,1,,,,,0,,1,0,0,0,0,,1841.0,1,2,0,0,0,0,0,3,4,0,2,3,,N,,,,,,,,,,,
2010094301,1355.0,2,0,0,0,0,0,0,0,0,5,0,,67,8,2010,5,39.9388,-75.1747,1353.0,6,0,0,0,0,0,0,0,0,,0,0,0,13.0,1,0,0,,0,39 56:19.791,,0,75 10:28.745,0,0,0,0,67301,0,0,0,N,0,0,0,1,67301,0,,2,1,,N,N,,1,,0,0,1,0,0,,1345.0,0,4,0,0,0,0,0,3,4,0,4,3,,N,,,,,,,,,,,
2010094313,1245.0,1,0,0,0,0,0,0,0,0,7,0,,67,9,2010,7,40.0135,-75.2046,1238.0,6,0,0,0,0,0,0,0,0,1.0,0,0,0,12.0,1,1,0,,2,40 00:46.085,3.0,0,75 12:16.168,3,0,0,0,67301,0,0,0,N,0,0,0,1,67301,0,,5,1,,N,N,,0,,1,0,0,0,0,N,1235.0,1,1,0,0,0,0,0,3,4,0,1,3,,N,,,,,,,,,,,
2010113834,2016.0,1,0,0,0,0,0,0,0,0,1,0,,67,10,2010,3,40.0948,-75.0153,2010.0,6,0,0,0,0,0,1,0,0,1.0,0,0,0,20.0,3,1,1,,1,40 05:41.218,2.0,0,75 00:55.140,4,0,0,0,67301,0,0,0,N,0,0,0,2,67301,1,,1,1,,N,N,,0,,0,0,0,3,2,N,2010.0,1,2,0,0,0,0,0,3,4,1,2,3,,N,,,,,,,,,,,
2010066836,1122.0,2,0,0,0,0,0,0,0,0,1,0,,67,7,2010,7,39.8991,-75.174,1111.0,6,0,0,0,0,0,0,0,0,,0,0,0,11.0,1,1,6,,0,39 53:55.822,,2,75 10:15.884,4,0,0,0,67301,0,0,0,N,0,0,0,2,68K01,1,,1,1,,N,N,,0,,0,0,0,3,4,,1110.0,1,2,0,0,0,0,0,3,4,0,2,3,,N,,,,,,,,,,,
2010074380,355.0,1,0,0,0,0,0,0,0,0,1,0,,67,7,2010,1,39.9836,-75.247,354.0,6,0,0,1,0,0,1,0,0,,0,0,0,3.0,3,1,1,,0,39 59:01.026,,0,75 14:49.382,8,0,0,0,67301,0,0,0,N,0,0,0,7,67301,0,,1,1,,N,N,,0,,0,0,0,3,2,,354.0,1,2,0,0,0,1,0,3,4,1,2,3,,N,,,,,,,,,,,
2010074415,1510.0,1,0,0,0,0,0,0,0,0,8,0,,67,6,2010,3,40.0513,-75.0661,1510.0,6,0,0,0,0,0,1,0,0,,0,0,0,15.0,1,1,0,,0,40 03:04.516,,0,75 03:57.830,8,0,0,0,67301,1,0,0,N,1,0,0,2,67301,0,,1,1,,N,N,,0,,0,0,0,3,2,,1510.0,1,2,0,0,1,1,0,3,4,0,1,3,,N,,,,,,,,,,,
2010081944,1038.0,0,0,0,0,0,0,0,0,0,8,0,,67,7,2010,4,40.0079,-75.1723,1037.0,6,0,0,0,0,0,0,1,0,,0,0,0,10.0,1,1,1,,0,40 00:28.592,,0,75 10:20.286,4,0,0,0,67301,1,0,0,N,1,0,0,2,67301,1,,1,1,,N,N,,0,,0,0,1,3,2,,1037.0,1,2,0,0,0,0,0,3,4,0,1,3,,N,,,,,,,,,,,
2010069537,1607.0,2,0,0,0,0,0,0,0,0,1,0,45.0,67,7,2010,4,39.8992,-75.1747,1602.0,6,0,0,0,0,0,0,0,0,2.0,0,0,0,15.0,1,0,0,,2,39 53:55.856,2.0,3,75 10:18.424,0,0,0,0,67301,0,0,0,N,0,0,0,2,68K01,0,,1,1,,N,N,,0,,0,0,0,0,0,N,1558.0,0,2,0,0,0,0,0,3,4,0,2,3,,Y,4.0,1.0,N,N,N,N,Y,N,N,Y,
2010067054,2000.0,1,0,0,0,0,0,0,0,0,8,0,,67,6,2010,6,40.059,-75.1711,1948.0,6,0,0,0,0,0,0,0,0,,0,0,0,19.0,1,1,0,,0,40 03:32.554,,0,75 10:15.873,3,0,0,0,67301,1,0,0,N,1,0,0,3,67301,0,,1,1,,N,N,,0,,1,0,0,0,0,,1936.0,1,2,0,0,0,0,0,3,4,0,1,3,,N,,,,,,,,,,,
2010069631,440.0,0,0,0,0,0,0,0,0,0,7,0,,67,6,2010,6,39.9857,-75.2157,431.0,6,0,0,0,0,1,0,0,0,,0,0,0,4.0,3,0,0,,0,39 59:08.536,,0,75 12:56.475,0,0,0,0,67301,0,0,0,N,0,0,0,1,67301,0,,5,1,,N,N,,0,,0,0,1,0,0,,425.0,0,1,0,0,1,0,0,3,4,0,1,3,,N,,,,,,,,,,,
2010071522,1651.0,2,0,0,0,0,0,0,0,0,4,0,,67,6,2010,5,39.9602,-75.1909,1650.0,6,0,0,0,0,0,1,0,0,,0,0,0,16.0,1,1,1,,0,39 57:36.745,,0,75 11:27.211,8,0,0,0,67301,0,0,0,N,0,0,0,4,67301,0,,1,9,,N,N,,0,,0,0,0,3,2,,1650.0,1,2,0,0,0,1,0,3,4,0,2,3,,N,,,,,,,,,,,
2010069927,914.0,1,0,0,0,0,0,0,0,0,8,0,,67,6,2010,3,39.9541,-75.1778,913.0,6,0,0,0,0,0,0,0,0,,0,0,0,9.0,1,1,1,,0,39 57:15.090,,0,75 10:40.271,4,0,0,0,67301,1,0,0,N,1,0,0,2,67301,1,,1,1,,N,N,,0,,0,0,0,3,2,,900.0,1,2,0,0,0,0,0,3,4,0,1,3,,N,,,,,,,,,,,
2010062875,2207.0,0,0,0,0,0,0,0,0,0,7,0,,67,6,2010,4,39.9427,-75.1429,2202.0,6,0,0,0,0,0,0,0,0,,0,0,0,21.0,3,1,0,,0,39 56:34.184,,0,75 08:34.321,3,0,0,0,67301,0,0,0,N,0,0,0,4,68K01,0,,3,1,,N,N,,0,,1,0,1,0,0,,2157.0,1,1,0,0,1,0,0,3,4,0,1,3,,N,,,,,,,,,,,
2010060942,812.0,1,0,0,0,0,0,0,0,0,1,0,50.0,67,6,2010,5,39.8873,-75.2047,752.0,6,0,0,0,0,0,0,0,0,,0,0,0,7.0,1,1,0,,0,39 53:17.191,,0,75 12:12.477,8,0,0,0,67301,0,0,0,N,0,0,0,2,68K01,0,,1,1,,N,N,,0,,0,0,1,0,0,,745.0,1,2,0,0,0,1,0,3,4,0,2,3,,Y,8.0,1.0,Y,N,N,N,N,N,Y,Y,
2010077969,1651.0,2,0,0,0,0,0,0,0,0,1,0,,67,8,2010,2,39.972,-75.1935,1646.0,6,0,0,0,0,0,0,0,0,,0,0,0,16.0,1,0,0,,0,39 58:21.792,,0,75 11:37.594,0,0,0,0,67301,0,0,0,N,0,0,0,2,68K01,0,,1,1,,N,N,,0,,0,0,0,0,0,,1611.0,0,2,0,0,0,0,0,3,4,0,2,3,,N,,,,,,,,,,,
2010067940,155.0,3,0,0,0,0,0,0,0,0,6,0,,67,6,2010,2,39.9591,-75.2299,149.0,6,0,0,0,0,0,0,0,0,,0,0,0,1.0,3,0,0,,0,39 57:32.623,,0,75 13:47.449,0,0,0,0,67301,0,0,0,N,0,0,0,1,67301,0,,1,1,,N,N,,0,,0,0,0,3,2,,149.0,0,4,0,0,0,0,0,3,4,1,4,3,,N,,,,,,,,,,,