CRN,ARRIVAL_TM,AUTOMOBILE_COUNT,BELTED_DEATH_COUNT,BELTED_SUSP_SERIOUS_INJ_COUNT,BICYCLE_COUNT,BICYCLE_DEATH_COUNT,BICYCLE_SUSP_SERIOUS_INJ_COUNT,BUS_COUNT,CHLDPAS_DEATH_COUNT,CHLDPAS_SUSP_SERIOUS_INJ_COUNT,COLLISION_TYPE,COMM_VEH_COUNT,CONS_ZONE_SPD_LIM,COUNTY,CRASH_MONTH,CRASH_YEAR,DAY_OF_WEEK,DEC_LAT,DEC_LONG,DISPATCH_TM,DISTRICT,DRIVER_COUNT_16YR,DRIVER_COUNT_17YR,DRIVER_COUNT_18YR,DRIVER_COUNT_19YR,DRIVER_COUNT_20YR,DRIVER_COUNT_50_64YR,DRIVER_COUNT_65_74YR,DRIVER_COUNT_75PLUS,EST_HRS_CLOSED,FATAL_COUNT,HEAVY_TRUCK_COUNT,HORSE_BUGGY_COUNT,HOUR_OF_DAY,ILLUMINATION,INJURY_COUNT,INTERSECT_TYPE,INTERSECTION_RELATED,LANE_CLOSED,LATITUDE,LN_CLOSE_DIR,LOCATION_TYPE,LONGITUDE,MAX_SEVERITY_LEVEL,MCYCLE_DEATH_COUNT,MCYCLE_SUSP_SERIOUS_INJ_COUNT,MOTORCYCLE_COUNT,MUNICIPALITY,NONMOTR_COUNT,NONMOTR_DEATH_COUNT,NONMOTR_SUSP_SERIOUS_INJ_COUNT,NTFY_HIWY_MAINT,PED_COUNT,PED_DEATH_COUNT,PED_SUSP_SERIOUS_INJ_COUNT,PERSON_COUNT,POLICE_AGCY,POSSIBLE_INJ_COUNT,RDWY_SURF_TYPE_CD,RELATION_TO_ROAD,ROAD_CONDITION,ROADWAY_CLEARED,SCH_BUS_IND,SCH_ZONE_IND,SECONDARY_CRASH,SMALL_TRUCK_COUNT,SPEC_JURIS_CD,SUSP_MINOR_INJ_COUNT,SUSP_SERIOUS_INJ_COUNT,SUV_COUNT,TCD_FUNC_CD,TCD_TYPE,TFC_DETOUR_IND,TIME_OF_DAY,TOT_INJ_COUNT,TOTAL_UNITS,UNB_DEATH_COUNT,UNB_SUSP_SERIOUS_INJ_COUNT,UNBELTED_OCC_COUNT,UNK_INJ_DEG_COUNT,UNK_INJ_PER_COUNT,URBAN_AREA,URBAN_RURAL,VAN_COUNT,VEHICLE_COUNT,WEATHER1,WEATHER2,WORK_ZONE_IND,WORK_ZONE_LOC,WORK_ZONE_TYPE,WORKERS_PRES,WZ_CLOSE_DETOUR,WZ_FLAGGER,WZ_LAW_OFFCR_IND,WZ_LN_CLOSURE,WZ_MOVING,WZ_OTHER,WZ_SHLDER_MDN,WZ_WORKERS_INJ_KILLED
2010062680,1335.0,1,0,0,0,0,0,0,0,0,5,0,,67,5,2010,6,40.0294,-75.0561,1330.0,6,0,0,0,0,0,0,0,0,,0,0,0,13.0,1,1,1,,0,40 01:46.026,,0,75 03:22.176,8,0,0,0,67301,1,0,0,N,1,0,0,2,67301,0,,1,1,,N,N,,0,,0,0,0,3,2,,1320.0,1,2,0,0,0,1,0,3,4,0,1,3,,N,,,,,,,,,,,
2010068373,1156.0,2,0,0,0,0,0,0,0,0,1,0,,67,7,2010,5,39.8896,-75.2402,1146.0,6,0,0,0,0,0,1,0,1,1.0,0,0,0,11.0,1,0,0,,1,39 53:21.601,3.0,0,75 14:25.806,0,0,0,0,67301,0,0,0,N,0,0,0,2,68K01,0,,1,1,,N,N,,0,,0,0,0,0,0,N,1145.0,0,2,0,0,0,0,0,3,4,0,2,3,,N,,,,,,,,,,,
2010059530,957.0,1,0,0,0,0,0,0,0,0,6,0,,67,5,2010,7,40.1057,-75.0469,952.0,6,0,0,0,0,0,0,0,1,,0,0,0,9.0,1,1,0,,0,40 06:20.656,,0,75 02:48.678,4,0,0,0,67301,0,0,0,,0,0,0,2,67301,1,,1,1,,,,,0,,0,0,1,0,0,,952.0,1,2,0,0,0,0,0,3,4,0,2,3,,N,,,,,,,,,,,
2010059538,2303.0,1,0,0,0,0,0,0,0,0,2,0,,67,5,2010,3,40.0375,-75.1303,2258.0,6,0,0,0,0,1,0,0,0,1.0,0,0,0,22.0,3,1,0,,1,40 02:15.148,2.0,0,75 07:48.924,3,0,0,1,67301,0,0,0,N,0,0,0,2,67301,0,,1,1,,N,N,,0,,1,0,0,0,0,Y,2200.0,1,2,0,0,1,0,0,3,4,0,2,3,,N,,,,,,,,,,,
2010059543,1609.0,4,0,0,0,0,0,0,0,0,1,0,,67,4,2010,5,40.0431,-75.1672,1609.0,6,0,0,0,0,0,4,0,0,,0,0,0,15.0,1,0,1,,0,40 02:35.289,,0,75 10:02.002,0,0,0,0,67301,0,0,0,N,0,0,0,4,67301,0,,1,1,,N,N,,0,,0,0,0,3,2,,1520.0,0,4,0,0,0,0,0,3,4,0,4,3,,N,,,,,,,,,,,
2010048907,1245.0,1,0,0,0,0,0,0,0,0,5,0,,67,4,2010,2,39.9568,-75.224,1244.0,6,0,0,0,0,0,0,0,0,,0,0,0,12.0,1,1,0,,0,39 57:24.417,,0,75 13:26.550,8,0,0,0,67301,0,0,0,N,0,0,0,5,67301,0,,1,1,,N,N,,0,,0,0,0,3,2,,1244.0,1,2,0,0,0,1,0,3,4,1,2,3,,N,,,,,,,,,,,
2010052132,1930.0,1,0,0,0,0,0,0,0,0,1,0,,67,5,2010,5,40.0363,-75.0643,1916.0,6,0,0,0,0,0,0,0,0,1.0,0,0,0,19.0,1,1,1,,1,40 02:10.346,4.0,0,75 03:51.114,4,0,0,0,67301,0,0,0,N,0,0,0,3,67301,1,,1,1,,N,N,,0,,0,0,1,3,2,N,1906.0,1,2,0,0,0,0,0,3,4,0,2,3,,N,,,,,,,,,,,
2010052199,148.0,2,0,0,0,0,0,0,0,0,4,0,,67,5,2010,3,39.9758,-75.2266,148.0,6,0,0,0,0,0,0,0,0,1.0,0,0,0,1.0,3,1,2,,2,39 58:32.806,7.0,0,75 13:35.928,8,0,0,0,67301,0,0,0,N,0,0,0,4,67301,0,,1,1,,N,N,,0,,0,0,0,0,0,N,148.0,1,2,0,0,0,1,0,3,4,0,2,3,,N,,,,,,,,,,,
2010052202,920.0,1,0,0,0,0,0,0,0,0,8,0,,67,4,2010,4,39.9514,-75.1686,914.0,6,0,0,0,0,0,0,0,0,,0,0,0,9.0,1,1,1,,0,39 57:05.195,,0,75 10:06.920,8,0,0,0,67301,1,0,0,N,1,0,0,2,67301,0,,1,1,,N,N,,0,,0,0,0,3,2,,912.0,1,2,0,0,0,1,0,3,4,0,1,3,,N,,,,,,,,,,,
2010052207,1630.0,3,0,0,0,0,0,0,0,0,4,0,,67,4,2010,5,39.9911,-75.1329,1628.0,6,0,0,0,0,0,0,0,0,1.0,0,0,0,16.0,1,2,1,,1,39 59:27.918,3.0,0,75 07:58.290,8,0,0,0,67301,0,0,0,N,0,0,0,3,67301,0,,1,1,,N,N,,0,,0,0,0,9,2,N,1627.0,2,3,0,0,0,2,0,3,4,0,3,3,,N,,,,,,,,,,,
2010052244,843.0,2,0,0,0,0,0,0,0,0,1,0,,67,3,2010,7,40.002,-75.1561,839.0,6,0,0,0,0,0,0,0,0,,0,0,0,8.0,1,1,1,,0,40 00:07.205,,0,75 09:21.826,8,0,0,0,67301,0,0,0,N,0,0,0,2,67301,0,,1,1,,N,N,,0,,0,0,0,3,2,,839.0,1,2,0,0,1,1,0,3,4,0,2,3,,N,,,,,,,,,,,
2010117805,910.0,2,0,0,0,0,0,0,0,0,4,0,,67,11,2010,1,40.0807,-75.035,900.0,6,0,0,0,0,0,1,0,0,,0,0,0,9.0,1,1,2,,0,40 04:50.386,,0,75 02:05.891,4,0,0,0,67301,0,0,0,N,0,0,0,5,67301,1,,1,1,,N,N,,0,,0,0,0,0,0,,906.0,1,2,0,0,0,0,0,3,4,0,2,3,,N,,,,,,,,,,,
2010124590,752.0,1,0,0,0,0,0,0,0,0,1,0,,67,12,2010,3,40.0456,-75.002,736.0,6,0,0,0,0,0,0,0,0,1.0,0,0,0,7.0,1,0,0,,2,40 02:45.275,2.0,0,75 00:06.583,0,0,0,0,67301,0,0,0,N,0,0,0,2,68K01,0,,1,1,,N,N,,0,,0,0,0,0,0,N,730.0,0,2,0,0,0,0,0,3,4,1,2,3,,N,,,,,,,,,,,
2010113789,900.0,1,0,0,0,0,0,0,0,0,4,0,,67,10,2010,6,40.0142,-75.1719,856.0,6,0,0,0,0,0,1,0,0,,0,0,0,8.0,1,1,2,,0,40 00:51.003,,0,75 10:18.909,4,0,0,0,67301,0,0,0,,0,0,0,2,67301,1,,1,1,,,,,0,,0,0,1,0,0,,845.0,1,2,0,0,0,0,0,3,4,0,2,3,,N,,,,,,,,,,,
2010116330,231.0,1,0,0,0,0,0,0,0,0,7,0,,67,10,2010,6,40.0297,-75.2031,228.0,6,0,0,0,0,0,0,0,0,4.0,0,0,0,2.0,3,1,0,,2,40 01:46.785,6.0,0,75 12:11.467,3,0,0,0,67301,0,0,0,Y,0,0,0,1,67301,0,,5,9,,N,N,,0,,1,0,0,0,0,Y,227.0,1,1,0,0,0,0,0,3,4,0,1,7,,N,,,,,,,,,,,
2010116354,256.0,2,0,0,0,0,0,0,0,0,4,0,,67,11,2010,5,39.9566,-75.2419,246.0,6,0,0,0,0,0,1,0,0,,0,0,0,2.0,3,1,1,,0,39 57:23.616,,0,75 14:30.901,8,0,0,0,67301,0,0,0,N,0,0,0,4,67301,0,,1,9,,N,N,,0,,0,0,1,3,2,,246.0,1,3,0,0,0,1,0,3,4,0,3,7,,N,,,,,,,,,,,
2010114041,743.0,0,0,0,1,0,0,0,0,0,4,0,,67,10,2010,2,39.9647,-75.1778,738.0,6,0,0,0,0,0,0,0,0,,0,0,0,7.0,1,1,0,,0,39 57:52.974,,0,75 10:40.118,4,0,0,0,67301,1,0,0,,0,0,0,3,67301,1,,1,1,,,,,0,,0,0,1,0,0,,733.0,1,2,0,0,0,0,0,3,4,0,1,3,,N,,,,,,,,,,,
2010069784,2145.0,1,0,0,0,0,0,0,0,0,5,0,,67,6,2010,4,40.0071,-75.105,2140.0,6,0,0,0,0,0,0,0,0,,0,0,0,19.0,3,4,0,,0,40 00:25.416,,0,75 06:18.115,4,0,0,0,67301,0,0,0,N,0,0,0,5,67301,4,,1,1,,N,N,,0,,0,0,1,0,0,,1900.0,4,2,0,0,1,0,1,3,4,0,2,3,,N,,,,,,,,,,,
2010069840,2019.0,1,0,0,0,0,0,0,0,0,4,0,,67,6,2010,1,40.0659,-75.1593,2017.0,6,0,0,0,0,0,0,0,1,3.0,0,0,0,20.0,1,1,1,,2,40 03:57.346,7.0,0,75 09:33.410,3,0,0,1,67301,0,0,0,,0,0,0,2,67301,0,,1,1,,N,N,,0,,1,0,0,3,2,Y,2015.0,1,2,0,0,0,0,0,3,4,0,2,3,,N,,,,,,,,,,,
2010064414,229.0,1,0,0,0,0,0,0,0,0,7,0,,67,6,2010,6,39.9601,-75.1799,227.0,6,0,0,0,0,0,0,0,0,2.0,0,0,0,2.0,3,0,0,,2,39 57:38.646,4.0,3,75 10:53.981,9,0,0,0,67301,0,0,0,Y,0,0,0,1,68K01,0,,2,1,,N,N,,0,,0,0,0,0,0,Y,220.0,0,1,0,0,0,0,1,3,4,0,1,3,,N,,,,,,,,,,,
2010067084,1306.0,2,0,0,0,0,0,0,0,0,4,0,,67,6,2010,7,39.9974,-75.1689,1301.0,6,0,0,1,0,0,0,1,0,,0,0,0,12.0,1,2,1,,0,39 59:50.755,,0,75 10:07.917,4,0,0,0,67301,0,0,0,N,0,0,0,3,67301,2,,1,1,,N,N,,0,,0,0,0,3,2,,1258.0,2,2,0,0,0,0,1,3,4,0,2,3,,N,,,,,,,,,,,
2010069664,1835.0,1,0,0,0,0,0,0,0,0,1,0,,67,6,2010,6,39.9975,-75.1213,1828.0,6,0,0,0,0,0,2,0,0,,0,0,0,18.0,1,1,1,,0,39 59:50.885,,0,75 07:16.672,8,0,0,0,67301,0,0,0,N,0,0,0,4,67301,0,,1,1,,N,N,,0,,0,0,0,3,2,,1827.0,1,2,0,0,0,1,0,3,4,1,2,3,,N,,,,,,,,,,,
2010081746,1904.0,3,0,0,0,0,0,0,0,0,9,0,,67,7,2010,7,39.956,-75.1762,1902.0,6,0,0,0,1,0,0,1,0,,0,0,0,18.0,1,0,1,,0,39 57:21.690,,0,75 10:34.388,0,0,0,0,67301,0,0,0,,0,0,0,2,67301,0,,1,1,,,,,0,,0,0,0,3,2,,1853.0,0,3,0,0,0,0,0,3,4,0,3,3,,N,,,,,,,,,,,
2010081763,1345.0,1,0,0,0,0,0,0,0,0,8,0,,67,7,2010,3,,,1340.0,6,0,0,0,0,0,0,0,0,,0,0,0,13.0,1,1,0,,0,,,0,,8,0,0,0,67301,1,0,0,N,1,0,0,2,67301,0,,1,1,,,N,,0,,0,0,0,0,0,,1308.0,1,2,0,0,1,1,0,3,3,0,1,3,,N,,,,,,,,,,,
2010069980,10.0,0,0,0,0,0,0,0,0,0,8,0,,67,6,2010,7,40.0018,-75.1689,4.0,6,0,0,0,0,0,0,0,0,,0,0,0,19.0,1,1,0,,0,40 00:06.644,,0,75 10:08.146,4,0,0,0,67301,1,0,0,N,1,0,0,2,67301,1,,1,1,,N,N,,0,,0,0,1,0,0,,1945.0,1,2,0,0,0,0,1,3,4,0,1,3,,N,,,,,,,,,,,
2010072677,1602.0,1,0,0,0,0,0,0,0,0,1,0,,67,7,2010,6,39.9205,-75.1482,1553.0,6,0,0,0,0,0,0,0,0,,0,0,0,15.0,1,1,0,,0,39 55:12.126,,0,75 08:53.533,8,0,0,0,67301,0,0,0,N,0,0,0,2,68K01,0,,1,1,,N,N,,1,,0,0,0,0,0,,1550.0,1,2,0,0,0,1,0,3,4,0,2,3,,N,,,,,,,,,,,
2010074573,1315.0,2,0,0,0,0,0,0,0,0,1,0,,67,7,2010,7,39.9197,-75.2028,1315.0,6,0,0,0,0,0,0,0,0,1.0,0,0,0,13.0,1,1,0,,2,39 55:10.887,4.0,3,75 12:10.194,4,0,0,0,67301,0,0,0,,0,0,0,2,67301,1,,1,9,,,,,0,,0,0,0,0,0,N,1303.0,1,2,0,0,0,0,0,3,4,0,2,7,,N,,,,,,,,,,,
2010074654,1049.0,2,0,0,0,0,0,0,0,0,5,0,,67,7,2010,4,39.9723,-75.226,1025.0,6,0,0,0,0,0,0,0,0,,0,0,0,10.0,1,1,1,,0,39 58:20.021,,0,75 13:33.541,8,0,0,0,67301,0,0,0,N,0,0,0,3,67301,0,,1,1,,N,N,,0,,0,0,1,0,0,,1015.0,1,3,0,0,0,1,0,3,4,0,3,3,,N,,,,,,,,,,,
2010074659,1630.0,0,0,0,0,0,0,0,0,0,8,0,,67,7,2010,6,40.0163,-75.0761,1630.0,6,0,0,0,0,0,1,0,0,,0,0,0,16.0,1,1,1,,0,40 00:58.593,,0,75 04:33.848,8,0,0,0,67301,1,0,0,N,1,0,0,2,67301,0,,1,1,,N,N,,0,,0,0,0,0,0,,1625.0,1,2,0,0,0,1,0,3,4,1,1,3,,N,,,,,,,,,,,
2010058954,9999.0,1,0,0,0,0,0,1,0,0,4,1,,67,5,2010,7,39.967,-75.1603,231.0,6,0,0,0,0,0,0,0,0,,0,0,0,2.0,3,4,1,,0,39 58:01.623,,0,75 09:37.609,4,0,0,0,67301,0,0,0,,0,0,0,6,67301,4,,1,1,,,,,0,,0,0,0,3,2,,227.0,4,2,0,0,0,0,0,3,4,0,2,3,,N,,,,,,,,,,,
2010058957,1656.0,1,0,0,0,0,0,0,0,0,7,0,,67,5,2010,2,40.0091,-75.1498,1653.0,6,0,0,0,0,0,0,0,0,,0,0,0,16.0,1,1,0,,0,40 00:32.668,,0,75 08:59.291,4,0,0,0,67301,0,0,0,N,0,0,0,2,67301,1,,3,1,,N,N,,0,,0,0,1,0,0,,1641.0,1,2,0,0,1,0,0,3,4,0,2,3,,N,,,,,,,,,,,
2010058976,459.0,1,0,0,0,0,0,0,0,0,7,0,,67,5,2010,5,40.029,-75.0892,453.0,6,0,0,0,0,0,0,0,0,2.0,0,0,0,4.0,3,1,1,,1,40 01:44.349,1.0,0,75 05:21.034,4,0,0,0,67301,0,0,0,,0,0,0,1,67301,1,,5,1,,,,,0,,0,0,0,3,2,N,450.0,1,1,0,0,0,0,0,3,4,0,1,3,,N,,,,,,,,,,,
2010030606,1109.0,2,0,0,0,0,0,0,0,0,1,0,55.0,67,3,2010,7,39.8932,-75.1966,1105.0,6,0,0,0,0,0,1,0,0,1.0,0,0,0,10.0,1,1,0,,2,39 53:40.821,2.0,0,75 11:40.262,8,0,0,0,67301,0,0,0,N,0,0,0,2,68K01,0,,1,1,,N,N,,0,,0,0,0,0,0,Y,1058.0,1,2,0,0,0,1,0,3,4,0,2,3,,Y,2.0,1.0,Y,N,N,N,Y,N,N,N,
2010027962,1300.0,1,0,0,0,0,0,0,0,0,4,0,,67,2,2010,2,40.0542,-75.0493,1256.0,6,0,0,0,0,0,1,0,0,1.0,0,0,0,12.0,1,1,1,,1,40 03:15.517,2.0,0,75 02:58.198,4,0,0,0,67301,0,0,0,N,0,0,0,2,67301,1,,1,1,,N,N,,1,,0,0,0,3,2,N,1255.0,1,2,0,0,0,0,0,3,4,0,2,3,,N,,,,,,,,,,,
2010028095,1014.0,1,0,0,0,0,0,0,0,0,8,0,,67,2,2010,6,40.0588,-75.1577,951.0,6,0,0,0,0,0,0,0,0,,0,0,0,8.0,1,1,2,,0,40 03:31.658,,0,75 09:27.874,4,0,0,0,67301,1,0,0,N,1,0,0,2,37301,1,,1,2,,N,N,,0,,0,0,0,3,3,,819.0,1,2,0,0,0,0,0,3,4,0,1,10,,N,,,,,,,,,,,
2010028373,9999.0,0,0,0,0,0,0,0,0,0,8,0,,67,2,2010,5,40.0018,-75.1485,9999.0,6,0,0,0,0,0,0,0,0,,0,0,0,99.0,4,1,2,,0,40 00:06.303,,0,75 08:54.495,4,0,0,0,67301,1,0,0,N,1,0,0,2,67301,1,,1,9,,N,N,,0,,0,0,1,0,0,,9999.0,1,2,0,0,0,0,0,3,4,0,1,10,,N,,,,,,,,,,,
2010025053,735.0,2,0,0,0,0,0,0,0,0,1,0,,67,2,2010,3,40.0461,-75.0014,726.0,6,0,0,0,0,0,0,0,0,,0,0,0,7.0,1,0,0,,0,40 02:46.223,,0,75 00:04.724,0,0,0,0,67301,0,0,0,N,0,0,0,3,68K01,0,,1,1,,N,N,,0,,0,0,0,0,0,,718.0,0,2,0,0,0,0,0,3,4,0,2,3,,N,,,,,,,,,,,
2010028140,1030.0,1,0,0,0,0,0,0,0,0,6,0,,67,2,2010,3,39.9481,-75.2056,1027.0,6,0,0,0,0,0,1,0,0,,0,0,0,10.0,1,2,0,,0,39 56:53.254,,0,75 12:20.078,2,0,0,0,67301,0,0,0,N,0,0,0,4,67301,0,,1,1,,N,N,,0,,0,2,0,0,0,,1025.0,2,2,0,0,0,0,0,3,4,0,2,3,,N,,,,,,,,,,,
2010028153,2228.0,2,0,0,0,0,0,0,0,0,4,0,,67,2,2010,1,40.0188,-75.1394,2224.0,6,0,0,0,0,0,0,0,0,,0,0,0,22.0,3,1,1,,0,40 01:07.510,,0,75 08:21.911,4,0,0,0,67301,0,0,0,,0,0,0,3,67301,1,,1,1,,,,,0,,0,0,0,3,3,,2214.0,1,2,0,0,0,0,0,3,4,0,2,3,,N,,,,,,,,,,,
2010117799,1755.0,1,0,0,0,0,0,0,0,0,4,0,,67,11,2010,4,39.9635,-75.1478,1738.0,6,0,0,0,0,1,0,0,0,,0,0,0,17.0,1,1,1,,0,39 57:48.751,,0,75 08:52.112,8,0,0,0,67301,0,0,0,N,0,0,0,3,67301,0,,1,1,,N,N,,0,,0,0,0,3,2,,1738.0,1,2,0,0,0,1,0,3,4,1,2,3,,N,,,,,,,,,,,
2010117811,812.0,2,0,0,0,0,0,0,0,0,1,0,,67,10,2010,6,40.0923,-75.0124,808.0,6,0,0,1,0,0,0,1,0,,0,0,0,7.0,1,1,0,,0,40 05:32.265,,0,75 00:44.532,8,0,0,0,67301,0,0,0,N,0,0,0,2,67301,0,,1,1,,N,N,,0,,0,0,0,3,2,,745.0,1,2,0,0,0,1,0,3,4,0,2,3,,N,,,,,,,,,,,
2010091134,523.0,1,0,0,0,0,0,0,0,0,4,0,,67,8,2010,1,39.9169,-75.216,516.0,6,0,0,0,0,0,0,1,0,,0,0,0,5.0,1,0,2,,0,39 55:00.970,,0,75 12:57.138,0,0,0,0,67301,0,0,0,N,0,0,0,4,67301,0,,1,1,,N,N,,1,,0,0,0,3,2,,516.0,0,2,0,0,0,0,0,3,4,0,2,3,,N,,,,,,,,,,,
2010117878,1235.0,1,0,0,0,0,0,0,0,0,4,0,,67,11,2010,5,40.0094,-75.1038,1230.0,6,0,0,0,0,0,1,0,0,1.0,0,0,0,12.0,1,1,2,,2,40 00:33.750,6.0,0,75 06:13.766,4,0,0,0,67301,0,0,0,N,0,0,0,2,67301,1,,1,9,,N,N,,0,,0,0,1,3,3,Y,1227.0,1,2,0,0,0,0,0,3,4,0,2,7,,N,,,,,,,,,,,
2010104647,1109.0,1,0,0,0,0,0,0,0,0,1,0,,67,10,2010,5,39.9598,-75.1772,1107.0,6,0,0,0,0,0,0,0,0,1.0,0,0,0,11.0,1,1,0,,2,39 57:35.911,4.0,0,75 10:42.928,4,0,0,0,67301,0,0,0,N,0,0,0,3,68K01,1,,1,1,,N,N,,1,,0,0,0,0,0,N,1104.0,1,2,0,0,0,0,0,3,4,0,2,3,,N,,,,,,,,,,,
2010104653,2044.0,2,0,0,0,0,0,0,0,0,1,0,,67,10,2010,1,39.8917,-75.2369,2031.0,6,0,0,0,0,1,0,0,0,1.0,0,0,0,20.0,3,0,0,,2,39 53:30.175,1.0,0,75 14:12.688,0,0,0,0,67301,0,0,0,N,0,0,0,4,68K01,0,,1,1,,N,N,,0,,0,0,0,0,0,N,2018.0,0,2,0,0,0,0,0,3,4,0,2,3,,N,,,,,,,,,,,
2010099575,1534.0,2,0,0,0,0,0,0,0,0,4,0,,67,9,2010,6,39.9918,-75.1864,1532.0,6,0,0,0,0,0,1,0,0,,0,0,0,15.0,1,4,1,,0,39 59:30.658,,0,75 11:10.908,3,0,0,0,67301,0,0,0,N,0,0,0,4,67301,1,,1,1,,N,N,,0,,3,0,0,3,2,,1532.0,4,2,0,0,0,0,0,3,4,0,2,3,,N,,,,,,,,,,,
2010126976,232.0,2,1,0,0,0,0,0,0,0,2,0,55.0,67,11,2010,5,39.9093,-75.1493,225.0,6,0,0,0,0,0,0,0,0,4.0,2,0,0,2.0,3,3,0,,2,39 54:33.000,2.0,0,75 08:57.599,1,0,0,0,67301,0,0,0,N,0,0,0,5,68K01,0,1.0,1,1,,N,N,,0,0.0,0,0,0,3,8,Y,224.0,3,2,1,0,2,3,0,3,4,0,2,3,,Y,4.0,1.0,N,N,N,N,N,N,N,Y,
2010121904,728.0,1,0,0,0,0,0,0,0,0,4,0,,67,11,2010,6,40.0711,-75.0379,725.0,6,0,0,0,0,0,0,0,1,,0,0,0,7.0,1,1,1,,0,40 04:15.522,,0,75 02:16.209,4,0,0,0,67301,0,0,0,N,0,0,0,2,67301,1,,1,1,,N,N,,0,,0,0,1,3,2,,700.0,1,2,0,0,0,0,0,3,4,0,2,3,,N,,,,,,,,,,,
2010121923,9999.0,0,0,0,1,0,0,1,0,0,4,1,,67,11,2010,6,40.0391,-75.1392,1634.0,6,0,0,0,0,0,0,0,0,,0,0,0,15.0,1,1,1,,0,40 02:20.907,,0,75 08:21.109,4,0,0,0,67301,1,0,0,N,0,0,0,1,67301,1,,1,1,,N,N,,0,,0,0,0,1,3,,1515.0,1,2,0,0,0,0,0,3,4,0,1,3,,N,,,,,,,,,,,
2010122428,2039.0,1,0,0,1,0,0,0,0,0,4,0,,67,11,2010,5,40.0245,-75.1287,2039.0,6,0,0,0,0,0,0,0,0,,0,0,0,19.0,3,1,0,,0,40 01:28.431,,0,75 07:42.205,8,0,0,0,67301,1,0,0,N,0,0,0,2,67301,0,,1,1,,N,N,,0,,0,0,0,0,0,,1912.0,1,2,0,0,0,1,0,3,4,0,1,3,,N,,,,,,,,,,,
2010113797,2113.0,2,0,0,0,0,0,0,0,0,4,0,,67,8,2010,4,39.9225,-75.2284,2113.0,6,0,0,0,0,0,0,0,0,3.0,0,0,0,21.0,3,2,1,,2,39 55:21.104,7.0,0,75 13:42.304,8,0,0,0,67301,0,0,0,,0,0,0,3,67301,0,,1,1,,,,,0,,0,0,0,3,3,Y,2112.0,2,2,0,0,0,2,1,3,4,0,2,3,,N,,,,,,,,,,,
2010113827,953.0,1,0,0,1,0,0,0,0,0,4,0,,67,9,2010,5,39.9367,-75.1873,950.0,6,0,0,0,0,0,0,0,0,,0,0,0,9.0,1,1,1,,0,39 56:12.058,,0,75 11:14.344,4,0,0,0,67301,1,0,0,,0,0,0,2,67301,1,,1,1,,,,,0,,0,0,0,3,3,,945.0,1,2,0,0,0,0,0,3,4,0,1,3,,N,,,,,,,,,,,
2010116347,1829.0,2,0,0,0,0,0,0,0,0,5,0,,67,10,2010,5,39.955,-75.2462,1826.0,6,0,0,0,0,0,0,0,1,,0,0,0,17.0,1,2,0,,0,39 57:18.068,,0,75 14:46.482,4,0,0,0,67301,0,0,0,N,0,0,0,5,67301,2,,2,1,,N,N,,0,,0,0,0,0,0,,1726.0,2,2,0,0,0,0,0,3,4,0,2,3,,N,,,,,,,,,,,
2010069266,1707.0,1,0,0,0,0,0,0,0,0,7,0,,67,6,2010,4,39.9202,-75.161,1705.0,6,0,0,0,0,0,1,0,0,,0,0,0,16.0,1,1,0,,0,39 55:12.874,,0,75 09:39.524,4,0,0,0,67301,0,0,0,,0,0,0,1,67301,1,,5,1,,N,N,,0,,0,0,0,0,0,,1639.0,1,1,0,0,1,0,0,3,4,0,1,3,,N,,,,,,,,,,,
2010074384,1158.0,1,0,0,0,0,0,0,0,0,4,0,,67,7,2010,1,40.0455,-75.0883,1154.0,6,0,0,0,0,0,1,0,0,,0,0,0,11.0,1,0,1,,0,40 02:43.859,,0,75 05:17.937,0,0,0,0,67301,0,0,0,,0,0,0,2,67301,0,,1,1,,N,N,,1,,0,0,0,3,2,,1150.0,0,2,0,0,0,0,0,3,4,0,2,3,,N,,,,,,,,,,,
2010074428,2010.0,1,0,0,0,0,0,0,0,0,4,0,,67,7,2010,5,39.913,-75.1619,2000.0,6,0,0,0,0,0,1,0,0,,0,0,0,19.0,1,1,2,,0,39 54:46.659,,0,75 09:42.685,8,0,0,1,67301,0,0,0,N,0,0,0,3,67301,0,,1,1,,N,N,,0,,0,0,0,9,9,,1904.0,1,2,0,0,0,1,1,3,4,0,2,3,,N,,,,,,,,,,,
2010061970,1240.0,1,0,0,0,0,0,0,0,0,2,0,,67,5,2010,2,40.0346,-75.1773,1240.0,6,0,0,0,1,0,0,0,0,,0,0,0,12.0,1,1,0,,0,40 02:04.440,,0,75 10:38.314,4,0,0,0,67301,1,0,0,N,1,0,0,2,67301,1,,1,1,,N,N,,0,,0,0,0,0,0,,1240.0,1,2,0,0,0,0,0,3,4,0,1,3,,N,,,,,,,,,,,
2010081965,1755.0,1,0,0,0,0,0,0,0,0,8,0,,67,7,2010,1,40.0433,-75.1471,1746.0,6,0,0,0,0,0,0,0,0,,0,0,0,17.0,1,1,1,,0,40 02:35.934,,0,75 08:49.534,4,0,0,0,67301,1,0,0,,1,0,0,2,67301,1,,1,1,,N,N,,0,,0,0,0,3,3,,1746.0,1,2,0,0,0,0,0,3,4,0,1,3,,N,,,,,,,,,,,
2010067081,1248.0,2,0,0,0,0,0,0,0,0,4,0,,67,6,2010,4,39.9635,-75.1915,1246.0,6,0,0,0,0,0,0,0,0,,0,0,0,12.0,1,2,1,,0,39 57:48.643,,0,75 11:29.421,3,0,0,0,67301,0,0,0,N,0,0,0,3,67301,1,,1,1,,N,N,,0,,1,0,0,3,3,,1230.0,2,2,0,0,0,0,1,3,4,0,2,3,,N,,,,,,,,,,,