CRN,ARRIVAL_TM,AUTOMOBILE_COUNT,BELTED_DEATH_COUNT,BELTED_SUSP_SERIOUS_INJ_COUNT,BICYCLE_COUNT,BICYCLE_DEATH_COUNT,BICYCLE_SUSP_SERIOUS_INJ_COUNT,BUS_COUNT,CHLDPAS_DEATH_COUNT,CHLDPAS_SUSP_SERIOUS_INJ_COUNT,COLLISION_TYPE,COMM_VEH_COUNT,CONS_ZONE_SPD_LIM,COUNTY,CRASH_MONTH,CRASH_YEAR,DAY_OF_WEEK,DEC_LAT,DEC_LONG,DISPATCH_TM,DISTRICT,DRIVER_COUNT_16YR,DRIVER_COUNT_17YR,DRIVER_COUNT_18YR,DRIVER_COUNT_19YR,DRIVER_COUNT_20YR,DRIVER_COUNT_50_64YR,DRIVER_COUNT_65_74YR,DRIVER_COUNT_75PLUS,EST_HRS_CLOSED,FATAL_COUNT,HEAVY_TRUCK_COUNT,HORSE_BUGGY_COUNT,HOUR_OF_DAY,ILLUMINATION,INJURY_COUNT,INTERSECT_TYPE,INTERSECTION_RELATED,LANE_CLOSED,LATITUDE,LN_CLOSE_DIR,LOCATION_TYPE,LONGITUDE,MAX_SEVERITY_LEVEL,MCYCLE_DEATH_COUNT,MCYCLE_SUSP_SERIOUS_INJ_COUNT,MOTORCYCLE_COUNT,MUNICIPALITY,NONMOTR_COUNT,NONMOTR_DEATH_COUNT,NONMOTR_SUSP_SERIOUS_INJ_COUNT,NTFY_HIWY_MAINT,PED_COUNT,PED_DEATH_COUNT,PED_SUSP_SERIOUS_INJ_COUNT,PERSON_COUNT,POLICE_AGCY,POSSIBLE_INJ_COUNT,RDWY_SURF_TYPE_CD,RELATION_TO_ROAD,ROAD_CONDITION,ROADWAY_CLEARED,SCH_BUS_IND,SCH_ZONE_IND,SECONDARY_CRASH,SMALL_TRUCK_COUNT,SPEC_JURIS_CD,SUSP_MINOR_INJ_COUNT,SUSP_SERIOUS_INJ_COUNT,SUV_COUNT,TCD_FUNC_CD,TCD_TYPE,TFC_DETOUR_IND,TIME_OF_DAY,TOT_INJ_COUNT,TOTAL_UNITS,UNB_DEATH_COUNT,UNB_SUSP_SERIOUS_INJ_COUNT,UNBELTED_OCC_COUNT,UNK_INJ_DEG_COUNT,UNK_INJ_PER_COUNT,URBAN_AREA,URBAN_RURAL,VAN_COUNT,VEHICLE_COUNT,WEATHER1,WEATHER2,WORK_ZONE_IND,WORK_ZONE_LOC,WORK_ZONE_TYPE,WORKERS_PRES,WZ_CLOSE_DETOUR,WZ_FLAGGER,WZ_LAW_OFFCR_IND,WZ_LN_CLOSURE,WZ_MOVING,WZ_OTHER,WZ_SHLDER_MDN,WZ_WORKERS_INJ_KILLED
2010084557,48.0,1,0,0,0,0,0,0,0,0,4,0,,67,8,2010,6,39.9914,-75.1211,44.0,6,1,0,0,0,0,0,0,0,,0,0,0,23.0,3,2,2,,0,39 59:29.022,,0,75 07:15.913,3,0,0,1,67301,0,0,0,,0,0,0,3,67301,1,,9,1,,N,N,,0,,1,0,0,3,3,,2300.0,2,2,0,0,0,0,0,3,4,0,2,3,,N,,,,,,,,,,,
2010081774,1718.0,1,0,0,0,0,0,0,0,0,1,0,,67,7,2010,5,39.9479,-75.2233,1713.0,6,0,0,0,0,0,0,0,0,,0,0,0,17.0,1,1,1,,0,39 56:52.608,,0,75 13:23.758,8,0,0,0,67301,0,0,0,N,0,0,0,2,67301,0,,1,1,,N,N,,0,,0,0,0,3,2,,1700.0,1,2,0,0,0,1,0,3,4,0,2,3,,N,,,,,,,,,,,
2010069936,1644.0,2,0,0,0,0,0,0,0,0,4,0,,67,6,2010,7,40.0381,-75.0371,1640.0,6,0,0,0,0,0,1,0,0,2.0,0,0,0,99.0,1,0,2,,1,40 02:17.317,2.0,0,75 02:13.888,0,0,0,0,67301,0,0,0,N,0,0,0,2,67301,0,,1,1,,N,N,,0,,0,0,0,3,3,N,9999.0,0,2,0,0,2,0,0,3,4,0,2,3,,N,,,,,,,,,,,
2010069961,1715.0,0,0,0,0,0,0,0,0,0,8,0,,67,6,2010,5,39.9893,-75.1429,1913.0,6,0,0,0,0,0,0,0,0,,0,0,0,7.0,1,1,2,,0,39 59:21.390,,0,75 08:34.267,4,0,0,0,67301,1,0,0,N,1,0,0,2,67301,1,,1,1,,N,N,,1,,0,0,0,3,2,,713.0,1,2,0,0,0,0,0,3,4,0,1,3,,N,,,,,,,,,,,
2010070010,1510.0,1,0,0,0,0,0,0,0,0,4,0,,67,6,2010,4,39.9738,-75.2582,1500.0,6,0,0,0,0,0,0,1,0,,0,0,0,14.0,1,1,1,,0,39 58:25.603,,0,75 15:29.678,4,0,0,0,67301,0,0,0,N,0,0,0,3,67301,1,,1,1,,N,N,,0,,0,0,1,3,2,,1450.0,1,2,0,0,0,0,0,3,4,0,2,3,,N,,,,,,,,,,,
2010070011,1321.0,1,0,0,0,0,0,0,0,0,5,0,,67,6,2010,7,39.9171,-75.1713,1313.0,6,0,0,0,0,0,0,0,0,,0,0,0,13.0,1,0,0,,0,39 55:01.493,,0,75 10:16.832,0,0,0,0,67301,0,0,0,N,0,0,0,1,67301,0,,2,1,,N,N,,0,,0,0,1,0,0,,1305.0,0,2,0,0,0,0,0,3,4,0,2,3,,N,,,,,,,,,,,
2010061678,1553.0,1,0,0,0,0,0,0,0,0,7,0,,67,6,2010,1,40.0214,-75.0415,1541.0,6,0,0,0,0,0,0,0,0,,0,0,0,15.0,1,0,0,,0,40 01:16.118,,2,75 02:31.971,0,0,0,0,67301,0,0,0,N,0,0,0,1,68K01,0,,4,1,,N,N,,0,,0,0,0,0,0,,1531.0,0,1,0,0,0,0,0,3,4,0,1,3,,N,,,,,,,,,,,
2010079503,1119.0,1,0,0,0,0,0,0,0,0,7,0,,67,8,2010,7,40.0203,-75.0439,1112.0,6,0,0,0,0,0,0,0,0,2.0,0,0,0,11.0,1,0,0,,2,40 01:12.695,2.0,0,75 02:38.478,0,0,0,0,67301,0,0,0,N,0,0,0,1,68K01,0,,2,1,,N,N,,0,,0,0,0,0,0,Y,1108.0,0,2,0,0,0,0,0,3,4,0,1,3,,N,,,,,,,,,,,
2010067026,1020.0,0,0,0,0,0,0,0,0,0,5,0,,67,6,2010,7,40.0097,-75.1872,1016.0,6,0,0,0,0,0,1,0,0,,0,0,0,10.0,1,0,7,,0,40 00:38.272,,2,75 11:04.414,0,0,0,0,67301,0,0,0,,0,0,0,2,67301,0,,7,1,,,,,0,,0,0,1,3,8,,1012.0,0,2,0,0,0,0,0,3,4,1,2,3,,N,,,,,,,,,,,
2010074582,1005.0,2,0,0,0,0,0,0,0,0,1,0,,67,7,2010,6,39.9179,-75.1793,1002.0,6,0,0,0,0,0,1,0,0,1.0,0,0,0,10.0,1,1,1,,1,39 55:04.486,4.0,0,75 10:45.530,4,0,0,0,67301,0,0,0,N,0,0,0,2,67301,1,,1,1,,N,N,,0,,0,0,0,3,2,N,1001.0,1,2,0,0,0,0,0,3,4,0,2,3,,N,,,,,,,,,,,
2010074634,1332.0,1,0,0,0,0,0,0,0,0,1,0,,67,7,2010,7,40.0712,-75.0843,1330.0,6,0,0,0,0,0,1,0,0,,0,0,0,13.0,1,1,0,,0,40 04:16.063,,0,75 05:03.470,8,0,0,0,67301,0,0,0,N,0,0,0,3,67301,0,,1,9,,N,N,,1,,0,0,0,0,0,,1330.0,1,2,0,0,0,1,1,3,4,0,2,7,,N,,,,,,,,,,,
2010027890,2158.0,2,0,0,0,0,0,0,0,0,4,0,,67,2,2010,4,39.9485,-75.2074,2201.0,6,0,0,0,0,0,0,0,0,,0,0,0,22.0,3,1,0,,0,39 56:54.470,,0,75 12:26.465,4,0,0,0,67301,0,0,0,,0,0,0,3,67301,1,,1,98,,,,,0,,0,0,0,3,2,,2201.0,1,2,0,0,0,0,0,3,4,0,2,3,,N,,,,,,,,,,,
2010027905,914.0,0,0,0,0,0,0,0,0,0,8,0,,67,1,2010,4,40.0307,-75.2121,914.0,6,0,0,0,0,0,0,0,0,,0,0,0,8.0,1,1,2,,0,40 01:50.338,,0,75 12:43.298,8,0,0,0,67301,1,0,0,N,1,0,0,2,67301,0,,1,1,,N,Y,,1,,0,0,0,3,8,,809.0,1,2,0,0,0,1,0,3,4,0,1,3,,N,,,,,,,,,,,
2010027933,2052.0,1,0,0,0,0,0,0,0,0,8,0,,67,2,2010,7,39.965,-75.1649,2048.0,6,0,0,0,0,0,0,0,0,,0,0,0,99.0,3,1,0,,0,39 57:53.879,,0,75 09:53.751,4,0,0,0,67301,1,0,0,N,1,0,0,2,67301,1,,1,9,,N,N,,0,,0,0,0,0,0,,9999.0,1,2,0,0,0,0,0,3,4,0,1,10,,N,,,,,,,,,,,
2010027935,1525.0,0,0,0,0,0,0,0,0,0,8,0,,67,1,2010,7,40.0211,-75.1399,1515.0,6,0,0,0,0,0,0,0,0,,0,1,0,15.0,1,1,1,,0,40 01:15.937,,0,75 08:23.758,3,0,0,0,67301,1,0,0,N,1,0,0,2,67301,0,,1,9,,N,N,,0,,1,0,0,3,2,,1510.0,1,2,0,0,0,0,0,3,4,0,1,10,,N,,,,,,,,,,,
2010027936,1705.0,0,0,0,1,0,0,0,0,0,4,0,,67,2,2010,6,40.1025,-75.0385,1701.0,6,0,0,0,0,0,0,0,0,,0,0,0,16.0,1,1,2,,0,40 06:08.974,,0,75 02:18.448,4,0,0,0,67301,1,0,0,,0,0,0,2,67301,1,,2,1,,,,,1,,0,0,0,3,3,,1635.0,1,2,0,0,1,0,0,3,4,0,1,3,,N,,,,,,,,,,,
2010027963,610.0,2,0,0,0,0,0,0,0,0,4,0,,67,2,2010,4,40.0293,-75.09,600.0,6,0,0,0,0,0,1,0,0,1.0,0,0,0,5.0,3,1,1,,1,40 01:44.844,2.0,0,75 05:23.694,4,0,0,0,67301,0,0,0,N,0,0,0,2,67301,1,,1,6,,N,N,,0,,0,0,0,3,2,N,555.0,1,2,0,0,0,0,0,3,4,0,2,10,,N,,,,,,,,,,,
2010028060,750.0,2,0,0,0,0,0,0,0,0,7,0,,67,2,2010,2,40.0426,-75.1,740.0,6,0,0,0,0,0,0,0,0,,0,0,0,6.0,1,1,2,,0,40 02:33.180,,0,75 06:00.122,4,0,0,0,67301,0,0,0,N,0,0,0,1,67301,1,,2,6,,N,N,,0,,0,0,0,0,0,,650.0,1,2,0,0,0,0,0,3,4,0,2,3,,N,,,,,,,,,,,
2010028092,4.0,1,0,0,0,0,0,0,0,0,1,0,,67,1,2010,7,39.9317,-75.168,0.0,6,0,0,0,0,0,1,0,0,,0,0,0,0.0,3,1,1,,0,39 55:53.939,,0,75 10:04.948,4,0,0,0,67301,0,0,0,N,0,0,0,2,67301,1,,1,1,,N,N,,0,,0,0,1,3,2,,0.0,1,2,0,0,0,0,0,3,4,0,2,3,,N,,,,,,,,,,,
2010028112,1145.0,1,0,0,0,0,0,0,0,0,4,0,,67,2,2010,3,40.0219,-75.1393,1132.0,6,0,0,0,0,0,1,0,0,1.0,0,1,0,11.0,1,1,1,,1,40 01:18.381,4.0,0,75 08:22.667,8,0,0,0,67301,0,0,0,,0,0,0,5,67301,0,,1,9,,N,N,,0,,0,0,0,3,2,Y,1130.0,1,2,0,0,0,1,2,3,4,0,2,3,,N,,,,,,,,,,,
2010028330,1738.0,2,0,0,0,0,0,0,0,0,4,0,,67,2,2010,1,40.0434,-75.1912,1730.0,6,0,0,0,0,0,1,0,0,,0,0,0,17.0,3,0,1,,0,40 02:36.261,,0,75 11:28.345,0,0,0,0,67301,0,0,0,N,0,0,0,3,67301,0,,1,9,,N,N,,0,,0,0,0,3,1,,1728.0,0,2,0,0,0,0,0,3,4,0,2,3,,N,,,,,,,,,,,
2010020846,1719.0,1,0,0,0,0,0,0,0,0,1,0,,67,2,2010,6,40.0498,-74.9929,1719.0,6,0,0,0,0,0,1,0,0,,0,0,0,17.0,1,1,0,,0,40 02:59.554,,0,74 59:33.928,4,0,0,0,67301,0,0,0,N,0,0,0,4,68K01,1,,1,1,,N,N,,0,,0,0,1,0,0,,1713.0,1,3,0,0,0,0,0,3,4,1,3,3,,N,,,,,,,,,,,
2010088982,138.0,1,0,0,0,0,0,0,0,0,7,0,,67,8,2010,7,39.9674,-75.1809,111.0,6,0,0,0,0,0,1,0,0,,0,0,0,0.0,3,1,2,,0,39 58:02.420,,0,75 10:51.275,4,0,0,0,67301,0,0,0,N,0,0,0,1,67301,1,,5,1,,N,N,,0,,0,0,0,3,2,,59.0,1,1,0,0,0,0,0,3,4,0,1,3,,N,,,,,,,,,,,
2011009973,1540.0,1,0,0,0,0,0,0,0,0,4,0,,67,12,2010,5,39.9317,-75.168,1523.0,6,0,0,0,0,1,0,0,0,,0,0,0,15.0,1,1,1,,0,39 55:53.939,,0,75 10:04.948,4,0,0,0,67301,0,0,0,N,0,0,0,2,67301,1,,1,2,,N,N,,1,,0,0,0,3,2,,1520.0,1,2,0,0,0,0,0,3,4,0,2,3,,N,,,,,,,,,,,
2010074646,802.0,1,0,0,1,0,0,0,0,0,4,0,,67,7,2010,5,39.9383,-75.17,802.0,6,0,0,0,0,0,0,0,0,2.0,0,0,0,8.0,1,1,1,,1,39 56:17.761,3.0,0,75 10:12.111,3,0,0,0,67301,1,0,0,,0,0,0,2,67301,0,,1,1,,,,,0,,1,0,0,3,2,N,802.0,1,2,0,0,0,0,0,3,4,0,1,3,,N,,,,,,,,,,,
2010074662,1950.0,0,0,0,0,0,0,1,0,0,1,1,,67,7,2010,3,40.0456,-75.1285,1946.0,6,0,0,0,0,0,0,0,0,,0,0,0,19.0,1,2,1,,0,40 02:44.254,,0,75 07:42.459,4,0,0,0,67301,0,0,0,N,0,0,0,5,67301,2,,1,1,,N,N,,1,,0,0,0,3,2,,1906.0,2,2,0,0,0,0,2,3,4,0,2,3,,N,,,,,,,,,,,
2010058960,1902.0,1,0,0,0,0,0,0,0,0,8,0,,67,5,2010,1,39.9814,-75.1276,1900.0,6,0,0,0,0,0,0,0,0,,0,0,0,18.0,1,1,1,,0,39 58:53.180,,0,75 07:39.465,4,0,0,0,67301,1,0,0,N,1,0,0,2,67301,1,,4,1,,N,N,,0,,0,0,0,3,2,,1845.0,1,2,0,0,0,0,0,3,4,0,1,3,,N,,,,,,,,,,,
2010028216,1219.0,2,0,0,0,0,0,0,0,0,1,0,,67,1,2010,5,40.0186,-75.0637,1216.0,6,0,0,0,0,0,1,0,0,,0,0,0,12.0,1,1,0,,0,40 01:06.844,,0,75 03:49.534,8,0,0,0,67301,0,0,0,N,0,0,0,2,67301,0,,1,1,,N,N,,0,,0,0,0,0,0,,1210.0,1,2,0,0,0,1,0,3,4,0,2,3,,N,,,,,,,,,,,
2010028102,1520.0,1,0,0,0,0,0,0,0,0,1,0,,67,2,2010,5,39.9139,-75.1744,1515.0,6,0,0,0,0,0,0,0,0,,0,0,0,15.0,1,1,0,,0,39 54:49.960,,0,75 10:27.807,4,0,0,0,67301,1,0,0,N,1,0,0,2,67301,1,,1,1,,N,N,,0,,0,0,0,3,3,,1505.0,1,2,0,0,0,0,0,3,4,0,1,3,,N,,,,,,,,,,,
2010025056,812.0,4,0,0,0,0,0,0,0,0,1,0,,67,2,2010,4,40.0524,-74.9879,807.0,6,0,0,0,0,0,2,0,0,1.0,0,0,0,8.0,1,1,0,,1,40 03:08.304,2.0,0,74 59:16.805,8,0,0,0,67301,0,0,0,N,0,0,0,6,68K01,0,,1,9,,N,N,,1,,0,0,1,0,0,N,804.0,1,6,0,0,0,1,0,3,4,0,6,3,,N,,,,,,,,,,,
2010028226,100.0,2,0,0,0,0,0,0,0,0,4,0,,67,2,2010,5,40.0181,-75.1345,35.0,6,0,0,1,0,0,0,0,0,,0,0,0,0.0,3,1,1,,0,40 01:05.185,,0,75 08:04.246,4,0,0,0,67301,0,0,0,N,0,0,0,3,67301,1,,1,1,,N,N,,0,,0,0,0,3,2,,35.0,1,2,0,0,0,0,0,3,4,0,2,3,,N,,,,,,,,,,,
2010028249,1925.0,1,0,0,0,0,0,0,0,0,4,0,,67,2,2010,6,40.0121,-75.1122,1840.0,6,0,1,0,0,1,0,0,0,,0,0,0,18.0,3,1,1,,0,40 00:43.542,,0,75 06:43.855,4,0,0,0,67301,0,0,0,N,0,0,0,3,67301,1,,1,1,,N,N,,0,,0,0,2,3,2,,1830.0,1,3,0,0,0,0,0,3,4,0,3,3,,N,,,,,,,,,,,
2010028272,2106.0,2,0,0,0,0,0,0,0,0,5,0,,67,2,2010,7,39.9025,-75.2248,2106.0,6,0,0,0,1,0,0,0,0,,0,0,0,20.0,3,1,2,,0,39 54:09.130,,0,75 13:29.596,4,0,0,0,67301,0,0,0,N,0,0,0,2,67301,1,,1,9,,N,N,,0,,0,0,0,3,2,,2045.0,1,2,0,0,0,0,1,3,4,0,2,10,,N,,,,,,,,,,,
2010028349,906.0,1,0,0,0,0,0,0,0,0,8,0,,67,2,2010,2,39.9444,-75.2097,851.0,6,0,0,0,0,0,0,0,0,,0,0,0,8.0,1,1,1,,0,39 56:39.994,,0,75 12:35.078,4,0,0,0,67301,1,0,0,N,1,0,0,2,67301,1,,1,7,,N,N,,0,,0,0,0,0,0,,848.0,1,2,0,0,0,0,0,3,4,0,1,3,,N,,,,,,,,,,,
2010028397,1118.0,1,0,0,0,0,0,0,0,0,8,0,,67,2,2010,3,39.9617,-75.1561,1113.0,6,0,0,0,0,0,0,0,0,,0,0,0,99.0,1,1,2,,0,39 57:41.990,,0,75 09:21.974,4,0,0,0,67301,1,0,0,N,1,0,0,2,67301,1,,1,1,,N,N,,0,,0,0,0,3,2,,9999.0,1,2,0,0,0,0,0,3,4,0,1,3,,N,,,,,,,,,,,
2010028549,1559.0,1,0,0,0,0,0,0,0,0,2,0,,67,2,2010,6,39.958,-75.2335,1559.0,6,0,0,0,0,0,0,0,0,9.0,0,0,0,15.0,1,1,1,,1,39 57:28.628,4.0,0,75 14:00.595,4,0,0,0,67301,0,0,0,N,0,0,0,2,67301,1,,1,9,,N,N,,0,,0,0,1,3,2,N,1520.0,1,2,0,0,1,0,0,3,4,0,2,3,,N,,,,,,,,,,,
2010028580,1736.0,1,0,0,0,0,0,0,0,0,7,0,,67,1,2010,1,40.0261,-75.1209,1731.0,6,0,0,0,0,1,0,0,0,1.0,0,0,0,17.0,4,2,0,,1,40 01:34.133,2.0,0,75 07:15.366,3,0,0,0,67301,0,0,0,N,0,0,0,2,67301,0,,5,1,,N,N,,0,,2,0,0,3,2,Y,1730.0,2,1,0,0,0,0,0,3,4,0,1,3,,N,,,,,,,,,,,
2010110779,1132.0,0,0,0,0,0,0,0,0,0,8,0,,67,10,2010,3,40.0746,-75.0351,1130.0,6,0,0,0,0,0,0,0,0,2.0,0,0,0,11.0,1,1,1,,1,40 04:28.594,2.0,0,75 02:06.267,4,0,0,0,67301,1,0,0,,1,0,0,2,67301,1,,1,9,,N,N,,0,,0,0,0,3,2,N,1130.0,1,2,0,0,0,0,0,3,4,1,1,7,,N,,,,,,,,,,,
2010103610,122.0,2,0,0,0,0,0,0,0,0,5,0,,67,10,2010,2,39.966,-75.1866,120.0,6,0,0,0,0,0,0,0,0,1.0,0,0,0,1.0,3,1,0,,1,39 58:02.790,4.0,0,75 11:19.961,8,0,0,0,67301,0,0,0,N,0,0,0,4,68K01,0,,1,1,,N,N,,0,,0,0,0,0,0,N,106.0,1,2,0,0,1,1,1,3,4,0,2,3,,N,,,,,,,,,,,
2011010005,1916.0,1,0,0,0,0,0,0,0,0,1,0,,67,12,2010,5,39.9492,-75.1777,1911.0,6,0,0,0,0,0,1,0,0,,0,0,0,18.0,3,1,2,,0,39 56:57.199,,0,75 10:39.705,8,0,0,0,67301,0,0,0,,0,0,0,2,67301,0,,1,2,,N,N,,1,,0,0,0,0,0,,1837.0,1,2,0,0,1,1,0,3,4,0,2,10,,N,,,,,,,,,,,
2011001701,536.0,0,0,0,0,0,0,0,0,0,4,0,,67,12,2010,4,40.0356,-75.1239,534.0,6,0,0,0,0,0,0,0,0,,0,0,0,5.0,5,2,1,,0,40 02:08.080,,0,75 07:25.889,3,0,0,0,67301,0,0,0,N,0,0,0,3,67301,0,,1,9,,N,N,,0,,2,0,2,3,2,,532.0,2,2,0,0,0,0,0,3,4,0,2,7,,N,,,,,,,,,,,
2011001750,255.0,1,0,0,0,0,0,0,0,0,7,0,,67,12,2010,4,39.8919,-75.2419,2246.0,6,0,0,0,0,0,0,0,0,,0,0,0,2.0,8,0,1,,0,39 53:30.990,,0,75 14:30.862,0,0,0,0,67301,0,0,0,N,0,0,0,1,67301,0,,7,9,,N,N,,0,,0,0,0,3,2,,246.0,0,1,0,0,0,0,0,3,4,0,1,7,,N,,,,,,,,,,,
2011011749,1832.0,2,0,0,0,0,0,0,0,0,1,0,,67,12,2010,2,40.0092,-75.2048,1822.0,6,0,0,0,0,0,1,0,0,1.0,0,0,0,18.0,3,0,0,,1,40 00:33.400,4.0,0,75 12:17.701,0,0,0,0,67301,0,0,0,N,0,0,0,12,68K01,0,,1,1,,N,N,,1,,0,0,1,0,0,N,1813.0,0,4,0,0,0,0,0,3,4,0,4,3,,N,,,,,,,,,,,
2011000805,2242.0,2,0,0,0,0,0,0,0,0,1,0,,67,11,2010,5,40.0554,-75.1407,2240.0,6,0,0,0,0,0,0,0,0,,0,0,0,22.0,3,1,0,,0,40 03:19.422,,0,75 08:26.399,4,0,0,0,67301,0,0,0,N,0,0,0,3,67301,1,,1,9,,N,N,,0,,0,0,0,0,0,,2238.0,1,2,0,0,0,0,0,3,4,0,2,7,,N,,,,,,,,,,,
2011008297,759.0,1,0,0,0,0,0,0,0,0,2,0,,67,12,2010,3,40.0647,-74.9823,755.0,6,0,0,0,0,0,1,0,0,,0,0,0,7.0,1,1,1,,0,40 03:52.885,,0,74 58:56.121,4,0,0,0,67301,0,0,0,,0,0,0,3,67301,1,,1,1,,N,N,,0,,0,0,0,0,0,,755.0,1,2,0,0,0,0,0,3,4,1,2,3,,N,,,,,,,,,,,
2011008435,2130.0,2,0,0,0,0,0,0,0,0,1,0,,67,12,2010,1,39.9313,-75.2233,2028.0,6,0,0,0,0,0,0,0,0,,0,0,0,20.0,3,2,0,,0,39 55:52.830,,0,75 13:23.960,3,0,0,0,67301,0,0,0,N,0,0,0,3,67301,0,,1,9,,N,N,,0,,1,0,0,3,5,,2028.0,2,2,0,0,0,1,1,3,4,0,2,7,,N,,,,,,,,,,,
2011027973,1236.0,4,0,0,0,0,0,0,0,0,4,0,,67,6,2010,3,40.058,-75.0527,1231.0,6,0,0,0,0,0,0,2,2,2.0,0,0,0,12.0,1,5,1,,2,40 03:28.719,5.0,0,75 03:09.712,8,0,0,0,67301,0,0,0,N,0,0,0,6,67301,0,,1,9,,N,N,,0,,0,0,0,3,2,Y,1228.0,5,4,0,0,0,5,1,3,4,0,4,7,,N,,,,,,,,,,,
2011023357,0.0,2,0,0,0,0,0,0,0,0,2,0,,67,9,2010,1,40.021,-75.164,0.0,6,0,0,0,0,0,0,0,0,,0,0,0,4.0,6,1,1,,0,40 01:15.553,,0,75 09:50.223,3,0,0,0,67301,0,0,0,N,0,0,0,2,00000,0,,1,1,,N,N,,0,,1,0,0,3,3,,400.0,1,2,0,0,0,0,1,3,4,0,2,3,,N,,,,,,,,,,,
2011023395,0.0,1,0,0,0,0,0,0,0,0,1,0,,67,3,2010,5,39.9771,-75.1994,0.0,6,0,0,0,0,0,0,0,0,,0,0,0,16.0,1,2,7,,0,39 58:38.784,,2,75 12:02.538,3,0,0,0,67301,0,0,0,N,0,0,0,3,00000,0,,1,1,,N,N,,0,,2,0,0,0,0,,1630.0,2,2,0,0,0,0,1,3,4,0,2,3,,N,,,,,,,,,,,
2011025310,0.0,2,0,0,0,0,0,0,0,0,4,0,,67,6,2010,6,40.0397,-75.0664,0.0,6,0,0,0,0,0,1,1,0,,0,0,0,11.0,1,1,0,,0,40 02:22.827,,0,75 03:58.971,3,0,0,0,67301,0,0,0,,0,0,0,3,00000,0,,1,1,,,,,0,,1,0,0,0,0,,1100.0,1,2,0,0,0,0,2,3,4,0,2,3,,N,,,,,,,,,,,
2011001052,1812.0,2,0,0,0,0,0,0,0,0,4,0,,67,12,2010,6,40.1088,-75.0015,1801.0,6,0,0,0,0,0,0,0,0,,0,0,0,17.0,3,2,0,,0,40 06:31.586,,7,75 00:05.558,4,0,0,0,67301,0,0,0,N,0,0,0,2,67301,1,,1,1,,N,N,,0,,0,0,0,0,0,,1750.0,2,2,0,0,0,1,0,3,4,0,2,3,,N,,,,,,,,,,,
2011001077,9999.0,2,0,0,0,0,0,0,0,0,1,0,,67,12,2010,5,40.0392,-75.11,1924.0,6,0,0,0,0,0,0,0,0,1.0,0,0,0,19.0,3,0,1,,1,40 02:20.942,1.0,0,75 06:36.006,0,0,0,0,67301,0,0,0,N,0,0,0,3,67301,0,,1,1,,N,N,,0,,0,0,0,3,2,Y,1920.0,0,2,0,0,0,0,0,3,4,0,2,3,,N,,,,,,,,,,,
2011024885,0.0,1,0,0,0,0,0,0,0,0,8,0,,67,10,2010,5,40.0191,-75.154,0.0,6,0,0,0,0,0,0,0,0,,0,0,0,18.0,6,1,1,,0,40 01:08.648,,0,75 09:14.561,8,0,0,0,67301,1,0,0,,1,0,0,2,00000,0,,1,1,,,,,0,,0,0,0,3,3,,1830.0,1,2,0,0,0,1,0,3,4,0,1,3,,N,,,,,,,,,,,
2011082399,1817.0,0,0,0,0,0,0,0,0,0,7,0,,67,9,2010,2,39.9872,-75.2161,1811.0,6,0,0,0,0,0,1,0,0,,0,0,0,99.0,1,1,0,,0,39 59:14.175,,0,75 12:58.024,8,0,0,0,67301,0,0,0,,0,0,0,1,67301,0,,5,9,,N,,,0,,0,0,1,0,0,,9999.0,1,1,0,0,0,1,0,3,4,0,1,7,,N,,,,,,,,,,,
2011008508,1730.0,2,0,0,0,0,0,0,0,0,4,0,,67,12,2010,1,39.8975,-75.2525,1720.0,6,0,0,0,1,0,0,0,0,,0,0,0,17.0,3,0,1,,0,39 53:50.875,,0,75 15:07.486,0,0,0,0,67301,0,0,0,N,0,0,0,4,67301,0,,1,9,,N,N,,0,,0,0,0,3,2,,1720.0,0,2,0,0,0,0,0,3,4,0,2,7,,N,,,,,,,,,,,
2011000929,2050.0,2,0,0,0,0,0,0,0,0,4,0,,67,11,2010,5,40.0577,-75.1661,2045.0,6,0,0,0,0,0,0,1,0,,0,0,0,20.0,3,2,1,,0,40 03:27.557,,0,75 09:57.853,3,0,0,0,67301,0,0,0,N,0,0,0,2,67301,1,,1,1,,N,N,,0,,1,0,0,3,1,,2040.0,2,2,0,0,0,0,0,3,4,0,2,3,,N,,,,,,,,,,,
2011001705,1547.0,4,0,0,0,0,0,0,0,0,1,0,,67,11,2010,7,39.9732,-75.2122,1545.0,6,0,0,0,0,0,0,0,0,,0,0,0,15.0,1,5,1,,0,39 58:23.647,,0,75 12:44.071,4,0,0,0,67301,0,0,0,N,0,0,0,7,67301,2,,1,98,,N,N,,0,,0,0,0,3,2,,1540.0,5,4,0,0,0,3,0,3,4,0,4,99,,N,,,,,,,,,,,
2010117958,1738.0,0,0,0,0,0,0,0,0,0,1,0,,67,11,2010,3,39.9211,-75.1942,1732.0,6,0,0,0,0,0,0,0,0,,0,0,0,17.0,1,1,0,,0,39 55:16.068,,3,75 11:38.246,8,0,0,0,67301,0,0,0,N,0,0,0,4,67301,0,,1,1,,N,N,,0,,0,0,2,0,0,,1715.0,1,2,0,0,0,1,1,3,4,0,2,3,,N,,,,,,,,,,,
2010045087,1245.0,0,0,0,0,0,0,0,0,0,8,0,,67,2,2010,2,40.017,-75.1883,1244.0,6,0,0,0,0,0,0,0,0,,0,0,0,12.0,1,1,1,,0,40 01:01.180,,0,75 11:17.957,8,0,0,0,67301,1,0,0,N,1,0,0,2,67301,0,,1,7,,N,N,,0,,0,0,0,3,2,,1233.0,1,2,0,0,0,1,0,3,4,1,1,3,,N,,,,,,,,,,,