CRN,ARRIVAL_TM,AUTOMOBILE_COUNT,BELTED_DEATH_COUNT,BELTED_SUSP_SERIOUS_INJ_COUNT,BICYCLE_COUNT,BICYCLE_DEATH_COUNT,BICYCLE_SUSP_SERIOUS_INJ_COUNT,BUS_COUNT,CHLDPAS_DEATH_COUNT,CHLDPAS_SUSP_SERIOUS_INJ_COUNT,COLLISION_TYPE,COMM_VEH_COUNT,CONS_ZONE_SPD_LIM,COUNTY,CRASH_MONTH,CRASH_YEAR,DAY_OF_WEEK,DEC_LAT,DEC_LONG,DISPATCH_TM,DISTRICT,DRIVER_COUNT_16YR,DRIVER_COUNT_17YR,DRIVER_COUNT_18YR,DRIVER_COUNT_19YR,DRIVER_COUNT_20YR,DRIVER_COUNT_50_64YR,DRIVER_COUNT_65_74YR,DRIVER_COUNT_75PLUS,EST_HRS_CLOSED,FATAL_COUNT,HEAVY_TRUCK_COUNT,HORSE_BUGGY_COUNT,HOUR_OF_DAY,ILLUMINATION,INJURY_COUNT,INTERSECT_TYPE,INTERSECTION_RELATED,LANE_CLOSED,LATITUDE,LN_CLOSE_DIR,LOCATION_TYPE,LONGITUDE,MAX_SEVERITY_LEVEL,MCYCLE_DEATH_COUNT,MCYCLE_SUSP_SERIOUS_INJ_COUNT,MOTORCYCLE_COUNT,MUNICIPALITY,NONMOTR_COUNT,NONMOTR_DEATH_COUNT,NONMOTR_SUSP_SERIOUS_INJ_COUNT,NTFY_HIWY_MAINT,PED_COUNT,PED_DEATH_COUNT,PED_SUSP_SERIOUS_INJ_COUNT,PERSON_COUNT,POLICE_AGCY,POSSIBLE_INJ_COUNT,RDWY_SURF_TYPE_CD,RELATION_TO_ROAD,ROAD_CONDITION,ROADWAY_CLEARED,SCH_BUS_IND,SCH_ZONE_IND,SECONDARY_CRASH,SMALL_TRUCK_COUNT,SPEC_JURIS_CD,SUSP_MINOR_INJ_COUNT,SUSP_SERIOUS_INJ_COUNT,SUV_COUNT,TCD_FUNC_CD,TCD_TYPE,TFC_DETOUR_IND,TIME_OF_DAY,TOT_INJ_COUNT,TOTAL_UNITS,UNB_DEATH_COUNT,UNB_SUSP_SERIOUS_INJ_COUNT,UNBELTED_OCC_COUNT,UNK_INJ_DEG_COUNT,UNK_INJ_PER_COUNT,URBAN_AREA,URBAN_RURAL,VAN_COUNT,VEHICLE_COUNT,WEATHER1,WEATHER2,WORK_ZONE_IND,WORK_ZONE_LOC,WORK_ZONE_TYPE,WORKERS_PRES,WZ_CLOSE_DETOUR,WZ_FLAGGER,WZ_LAW_OFFCR_IND,WZ_LN_CLOSURE,WZ_MOVING,WZ_OTHER,WZ_SHLDER_MDN,WZ_WORKERS_INJ_KILLED
2010052388,912.0,2,0,0,0,0,0,0,0,0,1,0,,67,4,2010,4,39.8875,-75.248,911.0,6,0,0,0,0,0,1,0,0,,0,0,0,9.0,1,0,2,,0,39 53:15.134,,0,75 14:52.601,0,0,0,0,67301,0,0,0,N,0,0,0,2,67301,0,,1,1,,N,N,,0,,0,0,0,3,2,,910.0,0,2,0,0,0,0,0,3,4,0,2,3,,N,,,,,,,,,,,
2010081667,2151.0,2,0,0,0,0,0,0,0,0,7,0,,67,7,2010,3,39.9996,-75.1905,2149.0,6,0,0,0,0,0,0,1,0,,0,0,0,21.0,3,1,2,,0,39 59:58.739,,0,75 11:25.757,8,0,0,0,67301,0,0,0,N,0,0,0,2,67301,0,,2,1,,N,N,,0,,0,0,0,0,0,,2136.0,1,2,0,0,0,1,0,3,4,0,2,3,,N,,,,,,,,,,,
2010044807,235.0,3,0,0,0,0,0,0,0,0,6,0,,67,4,2010,7,39.938,-75.1676,234.0,6,0,0,0,0,1,0,0,0,9.0,0,0,0,2.0,3,1,0,,1,39 56:16.773,3.0,0,75 10:03.440,8,0,0,0,67301,0,0,0,N,0,0,0,2,67301,0,,1,1,,N,N,,0,,0,0,0,0,0,N,232.0,1,3,0,0,0,1,0,3,4,0,3,3,,N,,,,,,,,,,,
2010044821,2220.0,1,0,0,1,0,0,0,0,0,4,0,,67,4,2010,7,39.9561,-75.1682,2218.0,6,0,0,0,0,0,0,0,0,1.0,0,0,0,22.0,3,1,3,,1,39 57:25.004,3.0,0,75 10:09.709,8,0,0,0,67301,1,0,0,,0,0,0,2,67301,0,,1,1,,,,,0,,0,0,0,3,2,Y,2215.0,1,2,0,0,0,1,0,3,4,0,1,3,,N,,,,,,,,,,,
2010048856,820.0,2,0,0,0,0,0,0,0,0,1,0,,67,4,2010,5,39.9467,-75.1746,820.0,6,0,0,0,0,0,0,0,0,,0,0,0,8.0,1,2,1,,0,39 56:48.278,,0,75 10:28.689,8,0,0,0,67301,0,0,0,N,0,0,0,3,67301,0,,1,1,,N,N,,0,,0,0,0,3,2,,820.0,2,2,0,0,0,2,0,3,4,0,2,3,,N,,,,,,,,,,,
2010089571,1201.0,1,0,0,0,0,0,0,0,0,7,0,,67,9,2010,4,40.0503,-74.9913,1157.0,6,0,0,0,0,0,0,0,0,,0,0,0,11.0,1,0,0,,0,40 03:01.287,,0,74 59:28.267,0,0,0,0,67301,0,0,0,N,0,0,0,1,68K01,0,,2,1,,N,N,,0,,0,0,0,0,0,,1150.0,0,1,0,0,0,0,0,3,4,0,1,3,,N,,,,,,,,,,,
2010088721,415.0,2,0,0,0,0,0,0,0,0,5,0,,67,8,2010,7,40.0634,-75.1832,409.0,6,0,0,0,0,0,0,0,0,,0,0,0,4.0,3,0,0,,0,40 03:48.220,,0,75 10:59.620,0,0,0,0,67301,0,0,0,,0,0,0,1,67301,0,,6,1,,,,,0,,0,0,0,0,0,,400.0,0,2,0,0,0,0,0,3,4,0,2,3,,N,,,,,,,,,,,
2010034132,1925.0,1,0,0,0,0,0,0,0,0,1,0,,67,3,2010,5,40.105,-75.0017,1920.0,6,0,0,0,0,0,1,0,0,1.0,0,0,0,19.0,3,1,2,,1,40 06:17.944,2.0,0,75 00:06.135,4,0,0,0,67301,0,0,0,N,0,0,0,5,67301,1,,1,1,,N,N,,1,,0,0,1,3,2,N,1920.0,1,3,0,0,0,0,0,3,4,0,3,3,,N,,,,,,,,,,,
2010070060,932.0,3,0,0,0,0,0,0,0,0,5,0,,67,6,2010,6,39.9595,-75.233,932.0,6,0,0,0,0,0,0,1,0,,0,0,0,9.0,1,1,0,,0,39 57:34.034,,0,75 13:58.912,4,0,0,0,67301,0,0,0,N,0,0,0,3,67301,1,,1,1,,N,N,,0,,0,0,0,0,0,,925.0,1,3,0,0,0,0,0,3,4,0,3,3,,N,,,,,,,,,,,
2010028096,940.0,1,0,0,0,0,0,0,0,0,4,0,,67,1,2010,4,39.9513,-75.1991,936.0,6,0,0,0,0,0,2,0,0,2.0,0,0,0,9.0,1,1,1,,1,39 57:04.640,2.0,0,75 11:57.352,4,0,0,0,67301,0,0,0,N,0,0,0,3,67301,1,,1,1,,N,N,,0,,0,0,0,3,2,Y,933.0,1,2,0,0,0,0,1,3,4,1,2,3,,N,,,,,,,,,,,
2010028304,2300.0,2,0,0,0,0,0,0,0,0,5,0,,67,2,2010,2,40.0111,-75.0606,2256.0,6,0,0,0,0,0,0,0,0,,0,0,0,22.0,3,0,2,,0,40 00:40.414,,0,75 03:37.480,9,0,0,0,67301,0,0,0,,0,0,0,2,67301,0,,1,9,,,,,0,,0,0,0,0,0,,2256.0,0,2,0,0,0,0,1,3,4,0,2,7,,N,,,,,,,,,,,
2010036548,1429.0,1,0,0,0,0,0,0,0,0,5,0,,67,4,2010,3,39.9009,-75.1539,1423.0,6,0,0,0,0,0,0,0,0,,0,0,0,14.0,1,2,0,,0,39 54:04.680,,0,75 09:09.687,8,0,0,0,67301,0,0,0,N,0,0,0,2,68K01,0,,1,1,,N,N,,0,,0,0,1,0,0,,1409.0,2,2,0,0,0,2,0,3,4,0,2,3,,N,,,,,,,,,,,
2010028354,121.0,1,0,0,0,0,0,0,0,0,4,0,,67,2,2010,3,39.9995,-75.143,121.0,6,0,0,0,0,0,0,0,0,,0,0,0,1.0,3,3,0,,0,39 59:58.228,,0,75 08:34.822,4,0,0,0,67301,0,0,0,N,0,0,0,4,67301,3,,1,1,,N,N,,0,,0,0,1,0,0,,115.0,3,2,0,0,0,0,1,3,4,0,2,3,,N,,,,,,,,,,,
2010025533,2306.0,1,0,0,0,0,0,0,0,0,2,0,,67,2,2010,6,40.0389,-75.009,2242.0,6,0,0,1,0,0,0,0,0,1.0,0,0,0,22.0,2,0,0,,2,40 02:20.054,2.0,0,75 00:32.069,9,0,0,0,67301,0,0,0,N,0,0,0,6,68K01,0,,1,7,,N,N,,0,,0,0,1,0,0,N,2235.0,0,2,0,0,0,0,1,3,4,0,2,10,,N,,,,,,,,,,,
2010028395,203.0,1,0,0,0,0,0,0,0,0,8,0,,67,2,2010,7,39.9608,-75.1434,203.0,6,0,0,0,0,0,0,0,0,,0,0,0,2.0,3,1,1,,0,39 57:38.777,,0,75 08:35.841,4,0,0,0,67301,1,0,0,,1,0,0,3,67301,1,,1,2,,,,,0,,0,0,0,3,2,,201.0,1,2,0,0,0,0,0,3,4,0,1,10,,N,,,,,,,,,,,
2010088989,1956.0,1,0,0,0,0,0,0,0,0,7,0,,67,8,2010,1,40.0155,-75.1769,1955.0,6,0,0,0,0,0,0,0,0,1.0,0,0,0,19.0,4,1,7,,1,40 00:55.696,2.0,2,75 10:36.780,3,0,0,0,67301,0,0,0,,0,0,0,3,67301,0,,1,1,,,,,0,,1,0,0,0,0,N,1955.0,1,1,0,0,0,0,1,3,4,0,1,3,,N,,,,,,,,,,,
2010106350,701.0,2,0,0,0,0,0,0,0,0,5,1,,67,10,2010,5,40.0071,-75.073,648.0,6,0,0,0,0,0,0,0,0,,0,1,0,6.0,5,1,0,,0,40 00:25.860,,0,75 04:22.209,4,0,0,0,67301,0,0,0,N,0,0,0,5,68K01,1,,1,1,,N,N,,0,,0,0,1,0,0,,645.0,1,4,0,0,0,0,0,3,4,0,4,3,,N,,,,,,,,,,,
2010104299,615.0,0,0,0,0,0,0,1,0,0,4,2,,67,10,2010,4,40.0261,-75.0966,555.0,6,0,0,0,0,0,1,0,1,3.0,0,1,0,5.0,3,2,1,,2,40 01:34.020,1.0,0,75 05:48.431,3,0,0,0,67301,0,0,0,N,0,0,0,3,67301,1,,1,9,,N,N,,0,,1,0,0,3,2,Y,534.0,2,3,0,0,0,0,0,3,4,1,3,7,,N,,,,,,,,,,,
2010104380,1425.0,1,0,0,0,0,0,0,0,0,5,0,,67,10,2010,4,40.0318,-75.0853,1410.0,6,0,0,0,0,0,0,0,0,,0,0,0,14.0,1,1,5,,0,40 01:54.428,,0,75 05:07.226,4,0,0,0,67301,0,0,0,N,0,0,0,2,67301,1,,1,9,,N,N,,0,,0,0,1,3,2,,1405.0,1,2,0,0,0,0,0,3,4,0,2,7,,N,,,,,,,,,,,
2011010612,428.0,1,0,0,0,0,0,0,0,0,4,0,,67,12,2010,5,39.932,-75.231,422.0,6,0,0,0,0,0,0,0,1,,0,0,0,4.0,3,1,0,,0,39 55:55.288,,0,75 13:51.575,4,0,0,0,67301,0,0,0,N,0,0,0,4,67301,1,,1,6,,N,N,,0,,0,0,0,0,0,,422.0,1,2,0,0,0,0,0,3,4,0,2,3,,N,,,,,,,,,,,
2011008237,25.0,1,0,0,0,0,0,0,0,0,8,0,,67,12,2010,6,39.951,-75.1974,23.0,6,0,0,0,0,0,0,0,0,,0,0,0,0.0,3,1,0,,0,39 57:03.722,,0,75 11:50.809,4,0,0,0,67301,1,0,0,N,1,0,0,2,67301,1,,1,1,,N,N,,0,,0,0,0,0,0,,20.0,1,2,0,0,1,0,0,3,4,0,1,3,,N,,,,,,,,,,,
2011008243,220.0,2,0,0,0,0,0,0,0,0,2,0,,67,12,2010,7,39.9408,-75.2101,214.0,6,0,0,0,0,0,0,0,0,3.0,0,0,0,2.0,3,2,2,,2,39 56:26.754,7.0,0,75 12:36.467,4,0,0,0,67301,0,0,0,N,0,0,0,3,67301,1,,1,2,,N,N,,0,,0,0,0,3,3,Y,213.0,2,2,0,0,0,1,0,3,4,0,2,98,,N,,,,,,,,,,,
2011008253,2043.0,0,0,0,0,0,0,0,0,0,7,0,,67,12,2010,1,40.0943,-75.0308,2039.0,6,0,0,0,0,0,0,0,0,9.0,0,0,0,20.0,3,1,3,,1,40 05:38.581,5.0,0,75 01:51.296,8,0,0,0,67301,0,0,0,N,0,0,0,2,67301,0,,5,9,,N,N,,1,,0,0,0,0,0,N,2037.0,1,1,0,0,0,1,0,3,4,0,1,7,,N,,,,,,,,,,,
2011008263,1055.0,1,0,0,0,0,0,0,0,0,4,0,,67,12,2010,1,39.9827,-75.1753,1052.0,6,0,0,0,0,0,0,0,0,,0,0,0,99.0,1,2,1,,0,39 58:57.685,,0,75 10:31.026,4,0,0,0,67301,0,0,0,,0,0,0,3,67301,2,,1,1,,N,N,,0,,0,0,1,3,2,,9999.0,2,2,0,0,0,0,1,3,4,0,2,3,,N,,,,,,,,,,,
2011008273,2010.0,1,0,0,0,0,0,0,0,0,4,0,,67,12,2010,4,40.0173,-75.0479,2004.0,6,0,0,0,0,0,1,0,0,,0,0,0,19.0,3,0,5,,0,40 01:02.345,,3,75 02:51.983,9,0,0,0,67301,0,0,0,N,0,0,0,2,67301,0,,1,1,,N,N,,1,,0,0,0,0,0,,1951.0,0,2,0,0,0,0,1,3,4,0,2,3,,N,,,,,,,,,,,
2011022474,0.0,0,0,0,0,0,0,0,0,0,1,0,,67,8,2010,2,39.9484,-75.2192,0.0,6,0,0,0,0,0,0,1,0,,0,0,0,14.0,1,2,1,,0,39 56:54.189,,0,75 13:09.223,3,0,0,0,67301,0,0,0,N,0,0,0,6,00000,0,,1,1,,N,N,,0,,2,0,2,3,2,,1450.0,2,3,0,0,0,0,2,3,4,0,3,3,,N,,,,,,,,,,,
2011000563,441.0,1,0,0,0,0,0,0,0,0,7,0,,67,12,2010,2,39.9984,-75.1958,432.0,6,0,0,0,0,0,0,0,0,,0,0,0,4.0,3,0,0,,0,39 59:56.307,,0,75 11:44.087,0,0,0,0,67301,0,0,0,Y,0,0,0,1,68K01,0,,5,7,,N,N,,0,,0,0,0,0,0,,430.0,0,1,0,0,0,0,0,3,4,0,1,10,,N,,,,,,,,,,,
2011010049,2030.0,1,0,0,0,0,0,0,0,0,4,0,,67,12,2010,5,40.0825,-74.966,2021.0,6,0,0,0,0,0,0,1,0,,0,0,0,19.0,3,0,5,,0,40 04:56.986,,0,74 57:57.625,0,0,0,0,67301,0,0,0,N,0,0,0,2,67301,0,,1,1,,N,N,,1,,0,0,0,9,9,,1940.0,0,2,0,0,0,0,0,3,4,0,2,3,,N,,,,,,,,,,,
2011026327,1020.0,1,0,0,0,0,0,0,0,0,4,0,,67,5,2010,3,39.9924,-75.1423,1015.0,6,0,0,0,0,0,1,0,0,,0,0,0,10.0,1,2,0,,0,39 59:32.647,,0,75 08:32.131,8,0,0,0,67301,0,0,0,N,0,0,0,3,67301,0,,1,9,,,,,1,,0,0,0,0,0,,1010.0,2,2,0,0,0,2,0,3,4,0,2,7,,N,,,,,,,,,,,
2011024366,0.0,2,0,0,0,0,0,0,0,0,4,0,,67,5,2010,7,39.9432,-75.1585,0.0,6,0,0,0,0,0,1,0,0,,0,0,0,11.0,1,1,1,,0,39 56:35.516,,0,75 09:30.711,8,0,0,0,67301,0,0,0,,0,0,0,2,00000,0,,1,1,,,,,0,,0,0,0,3,3,,1120.0,1,2,0,0,0,1,0,3,4,0,2,3,,N,,,,,,,,,,,
2011006771,2258.0,6,0,0,0,0,0,0,0,0,1,0,,67,11,2010,3,39.9499,-75.2032,2255.0,6,0,0,0,0,1,0,0,0,,0,0,0,22.0,3,2,0,,0,39 56:59.771,,0,75 12:11.616,4,0,0,0,67301,0,0,0,Y,0,0,0,6,67504,2,,1,1,,N,N,,0,,0,0,1,0,0,,2255.0,2,7,0,0,0,0,0,3,4,0,7,3,,N,,,,,,,,,,,
2011008372,1715.0,2,0,0,0,0,0,0,0,0,1,0,,67,12,2010,5,40.0224,-75.05,1652.0,6,0,0,0,0,0,1,0,0,,0,0,0,16.0,3,1,1,,0,40 01:20.770,,0,75 03:00.073,3,0,0,0,67301,0,0,0,N,0,0,0,2,67301,0,,1,1,,N,N,,0,,1,0,0,3,2,,1650.0,1,2,0,0,0,0,0,3,4,0,2,3,,N,,,,,,,,,,,
2011008420,1727.0,0,0,0,0,0,0,0,0,0,4,0,,67,12,2010,1,40.0039,-75.2207,1720.0,6,0,0,0,0,0,1,0,0,2.0,0,0,0,17.0,3,3,1,,1,40 00:14.091,3.0,0,75 13:14.544,8,0,0,0,67301,0,0,0,N,0,0,0,3,67301,0,,1,9,,N,N,,0,,0,0,2,3,2,Y,1720.0,3,2,0,0,0,3,0,3,4,0,2,7,,N,,,,,,,,,,,
2011008444,353.0,1,0,0,0,0,0,0,0,0,1,0,,67,11,2010,2,40.0541,-75.0545,350.0,6,0,0,0,0,0,0,0,0,2.0,0,0,0,3.0,3,0,0,,2,40 03:14.878,1.0,0,75 03:16.074,9,0,0,0,67301,0,0,0,N,0,0,0,1,67301,0,,6,1,,N,N,,0,,0,0,1,0,0,Y,345.0,0,2,0,0,0,0,1,3,4,0,2,3,,N,,,,,,,,,,,
2011025392,0.0,0,0,0,0,0,0,0,0,0,5,0,,67,12,2010,6,39.991,-75.1339,0.0,6,0,0,0,0,0,0,0,0,,0,0,0,13.0,1,0,0,,0,39 59:27.448,,0,75 08:01.928,9,0,0,0,67301,0,0,0,N,0,0,0,1,00000,0,,1,1,,N,N,,0,,0,0,0,0,0,,1300.0,0,2,0,0,0,0,1,3,4,1,2,3,,N,,,,,,,,,,,
2011027956,1801.0,1,0,0,0,0,0,0,0,0,1,0,,67,5,2010,5,39.8975,-75.2525,1606.0,6,0,0,0,0,0,1,0,0,,0,0,0,99.0,1,0,1,,0,39 53:50.875,,0,75 15:07.486,9,0,0,0,67301,0,0,0,,0,0,0,4,67301,0,,2,1,,,,,1,,0,0,0,3,2,,9999.0,0,2,0,0,0,0,1,3,4,0,2,3,,N,,,,,,,,,,,
2011027773,0.0,1,0,0,0,0,0,1,0,0,4,1,,67,12,2010,4,40.0018,-75.1529,0.0,6,0,0,0,0,0,0,0,0,,0,0,0,10.0,1,1,0,,0,40 00:06.642,,0,75 09:10.335,3,0,0,0,67301,0,0,0,N,0,0,0,2,00000,0,,1,1,,N,N,,0,,1,0,0,0,0,,1000.0,1,2,0,0,0,0,0,3,4,0,2,3,,N,,,,,,,,,,,
2011001047,1430.0,1,0,0,0,0,0,0,0,0,7,0,,67,12,2010,4,39.9808,-75.1987,1420.0,6,0,0,0,0,0,0,0,0,,0,0,0,14.0,1,1,0,,0,39 58:50.575,,0,75 11:54.448,8,0,0,0,67301,0,0,0,N,0,0,0,1,67301,0,,2,9,,N,N,,0,,0,0,0,0,0,,1400.0,1,1,0,0,0,1,0,3,4,0,1,7,,N,,,,,,,,,,,
2011013156,1641.0,0,0,0,1,0,0,0,0,0,4,0,,67,10,2010,6,39.9899,-75.1479,1636.0,6,0,0,0,0,0,0,0,0,,0,0,0,13.0,1,1,2,,0,39 59:23.740,,0,75 08:52.511,4,0,0,0,67301,1,0,0,,0,0,0,2,67301,1,,1,1,,,,,0,,0,0,1,0,0,,1315.0,1,2,0,0,0,0,0,3,4,0,1,3,,N,,,,,,,,,,,
2011008536,127.0,5,0,0,0,0,0,0,0,0,5,0,,67,12,2010,6,39.9715,-75.2423,127.0,6,0,0,0,0,0,0,0,0,,0,0,0,1.0,3,0,0,,0,39 58:17.553,,0,75 14:32.304,0,0,0,0,67301,0,0,0,N,0,0,0,3,67301,0,,1,1,,N,N,,0,,0,0,0,0,0,,120.0,0,5,0,0,2,0,0,3,4,0,5,3,,N,,,,,,,,,,,
2011008858,149.0,2,0,0,0,0,0,0,0,0,4,0,,67,11,2010,1,39.9942,-75.1114,147.0,6,0,0,0,0,0,0,0,0,,0,0,0,1.0,3,3,1,,0,39 59:39.070,,0,75 06:41.033,8,0,0,0,67301,0,0,0,N,0,0,0,3,67301,0,,1,1,,N,N,,0,,0,0,0,3,2,,147.0,3,2,0,0,0,3,0,3,4,0,2,3,,N,,,,,,,,,,,
2011024463,0.0,1,0,0,0,0,0,0,0,0,1,0,,67,2,2010,2,39.9319,-75.1698,0.0,6,0,0,0,0,0,0,1,0,,0,0,0,15.0,1,1,1,,0,39 55:54.912,,0,75 10:11.193,3,0,0,0,67301,0,0,0,N,0,0,0,3,00000,0,,1,1,,N,N,,0,,1,0,0,3,3,,1520.0,1,2,0,0,0,0,0,3,4,0,2,3,,N,,,,,,,,,,,
2011022325,0.0,2,0,0,0,0,0,0,0,0,1,0,,67,5,2010,3,40.0185,-75.0637,0.0,6,0,0,0,0,0,0,0,0,,0,0,0,10.0,1,1,5,,0,40 01:06.201,,0,75 03:49.282,4,0,0,0,67301,0,0,0,,0,0,0,2,00000,1,,1,1,,,,,0,,0,0,0,3,2,,1015.0,1,2,0,0,0,0,0,3,4,0,2,3,,N,,,,,,,,,,,
2011000935,2245.0,2,0,0,0,0,0,0,0,0,1,0,,67,11,2010,7,39.9241,-75.2455,2241.0,6,0,0,0,0,1,0,0,0,,0,0,0,22.0,3,1,1,,0,39 55:26.682,,0,75 14:43.799,8,0,0,0,67301,0,0,0,N,0,0,0,2,67301,0,,1,1,,N,N,,0,,0,0,0,3,2,,2214.0,1,2,0,0,0,1,0,3,4,0,2,3,,N,,,,,,,,,,,
2011022850,0.0,1,0,0,0,0,0,0,0,0,5,0,,67,5,2010,6,40.0395,-75.1102,0.0,6,0,0,0,0,0,0,0,0,,0,0,0,18.0,4,1,0,,0,40 02:22.134,,0,75 06:36.687,3,0,0,1,67301,0,0,0,,0,0,0,3,00000,0,,1,1,,,,,0,,1,0,0,0,0,,1845.0,1,2,0,0,0,0,0,3,4,0,2,3,,N,,,,,,,,,,,
2010062046,1845.0,2,0,0,0,0,0,0,0,0,1,0,,67,5,2010,7,39.9056,-75.1942,1838.0,6,0,0,0,0,0,1,0,0,2.0,0,0,0,18.0,1,1,0,,1,39 54:20.033,3.0,3,75 11:38.948,8,0,0,0,67301,0,0,0,N,0,0,0,6,67301,0,,1,1,,N,N,,0,,0,0,0,0,0,N,1825.0,1,2,0,0,0,1,0,3,4,0,2,3,,N,,,,,,,,,,,
2010062063,1700.0,1,0,0,0,0,0,0,0,0,4,0,,67,4,2010,4,39.9945,-75.1397,1650.0,6,0,0,0,0,0,0,0,0,,0,0,0,99.0,1,1,0,,0,39 59:40.046,,0,75 08:22.956,4,0,0,0,67301,1,0,0,N,0,0,0,2,67301,1,,6,1,,N,N,,0,,0,0,0,0,0,,9999.0,1,2,0,0,0,0,0,3,4,1,2,3,,N,,,,,,,,,,,
2010052400,2106.0,1,0,0,0,0,0,0,0,0,7,0,,67,5,2010,2,39.9714,-75.1594,2104.0,6,0,0,0,0,0,0,0,0,1.0,0,0,0,21.0,3,0,1,,1,39 58:17.205,1.0,0,75 09:33.736,0,0,0,0,67301,0,0,0,N,0,0,0,1,67301,0,,3,1,,N,N,,0,,0,0,0,3,2,N,2100.0,0,1,0,0,0,0,0,3,4,0,1,3,,N,,,,,,,,,,,
2010044819,1006.0,0,0,0,0,0,0,1,0,0,4,1,,67,4,2010,5,39.9612,-75.1748,1005.0,6,0,0,0,0,0,0,0,0,,0,0,0,10.0,1,2,1,,0,39 57:40.918,,0,75 10:30.472,8,0,0,0,67301,0,0,0,,0,0,0,4,67301,0,,1,1,,,,,1,,0,0,0,3,2,,1003.0,2,2,0,0,0,2,1,3,4,0,2,3,,N,,,,,,,,,,,
2010032771,810.0,1,0,0,0,0,0,0,0,0,1,0,,67,2,2010,5,39.9812,-75.2367,801.0,6,0,0,0,0,0,1,0,0,,0,0,0,7.0,1,1,0,,0,39 58:52.179,,0,75 14:12.210,4,0,0,0,67301,0,0,0,N,0,0,0,2,67301,1,,1,6,,N,N,,1,,0,0,0,3,2,,740.0,1,2,0,0,0,0,0,3,4,0,2,10,,N,,,,,,,,,,,
2010089573,1207.0,1,0,0,0,0,0,0,0,0,5,1,,67,9,2010,5,39.9385,-75.1426,1200.0,6,0,0,0,1,0,1,0,0,1.0,0,1,0,11.0,1,0,0,,2,39 56:18.662,2.0,2,75 08:33.383,0,0,0,0,67301,0,0,0,N,0,0,0,3,68K01,0,,1,1,,N,N,,0,,0,0,0,0,0,N,1158.0,0,2,0,0,0,0,0,3,4,0,2,3,,N,,,,,,,,,,,
2010070067,1800.0,2,0,0,0,0,0,0,0,0,4,0,,67,6,2010,1,39.9522,-75.1404,1759.0,6,0,0,0,0,0,1,0,0,,0,0,0,17.0,1,1,0,,0,39 57:07.797,,7,75 08:25.499,8,0,0,0,67301,0,0,0,N,0,0,0,2,67301,0,,1,1,,N,N,,0,,0,0,0,0,0,,1756.0,1,2,0,0,2,1,0,3,4,0,2,3,,N,,,,,,,,,,,
2010081801,2215.0,1,0,0,0,0,0,0,0,0,8,0,,67,7,2010,5,39.9369,-75.221,2211.0,6,0,0,0,0,0,0,0,0,,0,0,0,22.0,3,1,0,,0,39 56:12.670,,0,75 13:15.750,8,0,0,0,67301,1,0,0,,1,0,0,2,67301,0,,1,1,,,,,0,,0,0,0,0,0,,2211.0,1,2,0,0,0,1,1,3,4,0,1,3,,N,,,,,,,,,,,
2010066981,50.0,2,0,0,0,0,0,0,0,0,4,0,99.0,67,6,2010,5,39.9851,-75.2474,48.0,6,0,0,1,0,0,0,0,0,,0,0,0,0.0,3,1,1,,0,39 59:06.403,,0,75 14:50.558,8,0,0,0,67301,0,0,0,N,0,0,0,2,67301,0,,1,1,,,,,0,,0,0,0,3,1,,45.0,1,2,0,0,2,1,0,3,4,0,2,3,,Y,8.0,8.0,U,U,U,U,U,U,U,U,
2010074553,1715.0,1,0,0,0,0,0,0,0,0,4,0,,67,6,2010,4,39.9443,-75.231,1708.0,6,0,0,0,0,0,0,0,0,,0,0,0,17.0,1,2,1,,0,39 56:39.592,,0,75 13:51.478,4,0,0,0,67301,0,0,0,N,0,0,0,3,67301,2,,1,1,,N,N,,0,,0,0,1,3,3,,1700.0,2,2,0,0,0,0,0,3,4,0,2,3,,N,,,,,,,,,,,
2010074612,850.0,1,0,0,0,0,0,0,0,0,4,0,,67,7,2010,6,39.9675,-75.1487,845.0,6,0,0,0,0,0,1,0,0,,0,0,0,8.0,1,1,1,,0,39 58:03.072,,0,75 08:55.265,4,0,0,0,67301,0,0,0,,0,0,0,4,67301,1,,1,1,,,,,0,,0,0,1,3,3,,830.0,1,2,0,0,0,0,0,3,4,0,2,3,,N,,,,,,,,,,,
2010058970,854.0,1,0,0,0,0,0,0,0,0,1,0,,67,5,2010,5,40.039,-75.0605,853.0,6,0,0,0,0,0,1,0,0,,0,0,0,8.0,1,1,0,,0,40 02:20.424,,0,75 03:37.722,4,0,0,0,67301,0,0,0,N,0,0,0,2,67301,1,,1,1,,N,N,,0,,0,0,1,0,0,,852.0,1,2,0,0,0,0,0,3,4,0,2,3,,N,,,,,,,,,,,
2010027741,1234.0,1,0,0,0,0,0,0,0,0,0,0,,67,2,2010,2,39.9865,-75.2081,1234.0,6,0,0,0,0,0,1,0,0,,0,0,0,12.0,1,1,0,,0,39 59:15.258,,0,75 12:27.558,8,0,0,0,67301,0,0,0,N,0,0,0,2,68K01,0,,1,1,,N,N,,0,,0,0,1,0,0,,1234.0,1,2,0,0,0,1,0,3,4,0,2,3,,N,,,,,,,,,,,