CRN,ARRIVAL_TM,AUTOMOBILE_COUNT,BELTED_DEATH_COUNT,BELTED_SUSP_SERIOUS_INJ_COUNT,BICYCLE_COUNT,BICYCLE_DEATH_COUNT,BICYCLE_SUSP_SERIOUS_INJ_COUNT,BUS_COUNT,CHLDPAS_DEATH_COUNT,CHLDPAS_SUSP_SERIOUS_INJ_COUNT,COLLISION_TYPE,COMM_VEH_COUNT,CONS_ZONE_SPD_LIM,COUNTY,CRASH_MONTH,CRASH_YEAR,DAY_OF_WEEK,DEC_LAT,DEC_LONG,DISPATCH_TM,DISTRICT,DRIVER_COUNT_16YR,DRIVER_COUNT_17YR,DRIVER_COUNT_18YR,DRIVER_COUNT_19YR,DRIVER_COUNT_20YR,DRIVER_COUNT_50_64YR,DRIVER_COUNT_65_74YR,DRIVER_COUNT_75PLUS,EST_HRS_CLOSED,FATAL_COUNT,HEAVY_TRUCK_COUNT,HORSE_BUGGY_COUNT,HOUR_OF_DAY,ILLUMINATION,INJURY_COUNT,INTERSECT_TYPE,INTERSECTION_RELATED,LANE_CLOSED,LATITUDE,LN_CLOSE_DIR,LOCATION_TYPE,LONGITUDE,MAX_SEVERITY_LEVEL,MCYCLE_DEATH_COUNT,MCYCLE_SUSP_SERIOUS_INJ_COUNT,MOTORCYCLE_COUNT,MUNICIPALITY,NONMOTR_COUNT,NONMOTR_DEATH_COUNT,NONMOTR_SUSP_SERIOUS_INJ_COUNT,NTFY_HIWY_MAINT,PED_COUNT,PED_DEATH_COUNT,PED_SUSP_SERIOUS_INJ_COUNT,PERSON_COUNT,POLICE_AGCY,POSSIBLE_INJ_COUNT,RDWY_SURF_TYPE_CD,RELATION_TO_ROAD,ROAD_CONDITION,ROADWAY_CLEARED,SCH_BUS_IND,SCH_ZONE_IND,SECONDARY_CRASH,SMALL_TRUCK_COUNT,SPEC_JURIS_CD,SUSP_MINOR_INJ_COUNT,SUSP_SERIOUS_INJ_COUNT,SUV_COUNT,TCD_FUNC_CD,TCD_TYPE,TFC_DETOUR_IND,TIME_OF_DAY,TOT_INJ_COUNT,TOTAL_UNITS,UNB_DEATH_COUNT,UNB_SUSP_SERIOUS_INJ_COUNT,UNBELTED_OCC_COUNT,UNK_INJ_DEG_COUNT,UNK_INJ_PER_COUNT,URBAN_AREA,URBAN_RURAL,VAN_COUNT,VEHICLE_COUNT,WEATHER1,WEATHER2,WORK_ZONE_IND,WORK_ZONE_LOC,WORK_ZONE_TYPE,WORKERS_PRES,WZ_CLOSE_DETOUR,WZ_FLAGGER,WZ_LAW_OFFCR_IND,WZ_LN_CLOSURE,WZ_MOVING,WZ_OTHER,WZ_SHLDER_MDN,WZ_WORKERS_INJ_KILLED
2010028053,1828.0,0,0,0,0,0,0,0,0,0,8,0,,67,2,2010,1,39.9546,-75.2025,1828.0,6,0,0,0,0,0,1,0,0,,0,0,0,18.0,3,1,0,,0,39 57:16.581,,0,75 12:08.932,4,0,0,0,67301,1,0,0,N,1,0,0,3,67301,1,,1,1,,N,N,,0,,0,0,0,0,0,,1828.0,1,2,0,0,0,0,0,3,4,1,1,3,,N,,,,,,,,,,,
2010028127,1613.0,1,0,0,0,0,0,0,0,0,4,0,,67,2,2010,4,39.9849,-75.1699,1608.0,6,0,0,0,0,1,1,0,0,3.0,0,0,0,16.0,1,3,1,,2,39 59:05.665,2.0,0,75 10:11.758,3,0,0,0,67301,0,0,0,,0,0,0,4,67301,0,,1,7,,,,,1,,3,0,0,0,0,Y,1608.0,3,2,0,0,0,0,0,3,4,0,2,10,,N,,,,,,,,,,,
2010028155,150.0,1,0,0,0,0,0,0,0,0,7,0,,67,2,2010,7,40.0907,-75.0079,148.0,6,0,0,0,0,0,1,0,0,,0,0,0,1.0,3,2,0,,0,40 05:26.556,,0,75 00:28.450,4,0,0,0,67301,0,0,0,,0,0,0,4,67301,2,,4,2,,,,,0,,0,0,0,0,0,,148.0,2,1,0,0,0,0,0,3,4,0,1,10,,N,,,,,,,,,,,
2010028169,2147.0,0,0,0,1,0,0,0,0,0,1,0,,67,2,2010,3,39.9805,-75.2282,2010.0,6,0,0,0,0,0,0,0,0,,0,0,0,19.0,3,1,1,,0,39 58:49.670,,0,75 13:41.343,3,0,0,0,67301,1,0,0,N,0,0,0,2,67301,0,,1,1,,N,N,,0,,1,0,0,3,2,,1930.0,1,2,0,0,0,0,1,3,4,0,1,3,,N,,,,,,,,,,,
2010028222,1600.0,1,0,0,0,0,0,0,0,0,4,0,,67,2,2010,4,40.0287,-75.2055,1555.0,6,0,0,0,0,1,0,0,0,,0,0,0,15.0,1,1,1,,0,40 01:43.107,,0,75 12:20.348,4,0,0,0,67301,0,0,0,N,0,0,0,3,67301,1,,1,7,,N,N,,0,,0,0,2,3,2,,1545.0,1,3,0,0,0,0,0,3,4,0,3,10,,N,,,,,,,,,,,
2010028285,1840.0,1,0,0,0,0,0,0,0,0,8,0,,67,2,2010,4,40.0322,-75.2288,1831.0,6,0,0,0,0,0,0,0,0,,0,0,0,99.0,3,1,2,,0,40 01:55.944,,0,75 13:43.780,4,0,0,0,67301,1,0,0,,1,0,0,2,67301,1,,1,2,,,,,0,,0,0,0,0,0,,9999.0,1,2,0,0,0,0,1,3,4,0,1,98,,N,,,,,,,,,,,
2010028362,1930.0,0,0,0,0,0,0,0,0,0,1,0,,67,2,2010,1,39.9993,-75.1082,1928.0,6,0,0,0,0,0,0,0,0,1.0,0,0,0,19.0,3,1,0,,1,39 59:57.578,2.0,0,75 06:29.574,4,0,0,0,67301,0,0,0,N,0,0,0,2,67301,1,,1,1,,N,N,,1,,0,0,1,0,0,N,1918.0,1,2,0,0,0,0,0,3,4,0,2,3,,N,,,,,,,,,,,
2010028391,905.0,1,0,0,0,0,0,0,0,0,6,0,,67,1,2010,4,39.9329,-75.1776,828.0,6,0,0,1,0,0,0,0,0,,0,0,0,99.0,1,3,1,,0,39 55:58.569,,0,75 10:39.525,4,0,0,0,67301,0,0,0,N,0,0,0,5,67301,1,,1,1,,N,,,0,,0,0,1,3,3,,9999.0,3,2,0,0,0,2,0,3,4,0,2,3,,N,,,,,,,,,,,
2010028558,1432.0,3,0,0,0,0,0,0,0,0,2,0,,67,2,2010,6,40.065,-75.0612,1430.0,6,0,0,0,1,0,0,1,0,,0,0,0,14.0,1,1,0,,0,40 03:53.844,,0,75 03:40.202,8,0,0,0,67301,0,0,0,,0,0,0,2,67301,0,,2,98,,,,,0,,0,0,0,0,0,,1421.0,1,3,0,0,2,1,0,3,4,0,3,99,,N,,,,,,,,,,,
2010028583,2044.0,2,0,0,0,0,0,0,0,0,5,0,,67,2,2010,3,40.0256,-75.1244,2038.0,6,0,0,0,0,1,1,0,0,1.0,0,0,0,99.0,3,1,0,,1,40 01:32.302,4.0,6,75 07:27.943,8,0,0,0,67301,0,0,0,N,0,0,0,3,67301,0,,1,1,,N,N,,0,,0,0,0,3,8,N,9999.0,1,2,0,0,0,1,0,3,4,0,2,3,,N,,,,,,,,,,,
2010015561,1627.0,1,0,0,0,0,0,0,0,0,7,0,,67,1,2010,7,39.9685,-75.129,1625.0,6,0,0,0,1,0,0,0,0,2.0,0,0,0,16.0,1,0,0,,2,39 58:06.462,2.0,0,75 07:45.424,0,0,0,0,67301,0,0,0,N,0,0,0,1,68K01,0,,2,7,,N,N,,0,,0,0,0,0,0,N,1616.0,0,1,0,0,0,0,0,3,4,0,1,10,,N,,,,,,,,,,,
2010015566,1821.0,2,0,0,0,0,0,0,0,0,1,0,,67,1,2010,7,39.8992,-75.1672,1745.0,6,0,0,0,0,0,0,2,0,1.0,0,0,0,17.0,3,1,0,,2,39 53:58.162,2.0,0,75 09:53.374,8,0,0,0,67301,0,0,0,N,0,0,0,5,68K01,0,,1,7,,N,N,,0,,0,0,0,0,0,N,1741.0,1,2,0,0,0,1,0,3,4,0,2,10,,N,,,,,,,,,,,
2010103606,1119.0,1,0,0,0,0,0,0,0,0,7,0,,67,10,2010,4,40.0208,-75.0421,1116.0,6,0,0,0,0,0,1,0,0,,0,0,0,11.0,1,0,0,,0,40 01:16.997,,0,75 02:25.291,0,0,0,0,67301,0,0,0,Y,0,0,0,1,68K01,0,,3,1,,N,N,,0,,0,0,0,0,0,,1112.0,0,1,0,0,0,0,0,3,4,0,1,3,,N,,,,,,,,,,,
2010103614,1530.0,1,0,0,0,0,0,0,0,0,7,0,,67,10,2010,4,39.936,-75.1445,1518.0,6,0,0,0,0,0,0,0,0,,0,0,0,15.0,1,0,0,,0,39 56:09.929,,0,75 08:39.991,0,0,0,0,67301,0,0,0,N,0,0,0,1,68K01,0,,2,1,,N,N,,0,,0,0,0,0,0,,1516.0,0,1,0,0,0,0,0,3,4,0,1,3,,N,,,,,,,,,,,
2010103621,1533.0,0,0,0,0,0,0,0,0,0,7,0,,67,10,2010,3,40.048,-74.9991,1517.0,6,0,0,0,0,0,0,0,0,2.0,0,0,0,15.0,1,1,0,,1,40 02:53.180,1.0,0,74 59:56.178,8,0,0,0,67301,0,0,0,N,0,0,0,1,68K01,0,,2,1,,N,N,,0,,0,0,1,0,0,Y,1515.0,1,1,0,0,0,1,0,3,4,0,1,3,,N,,,,,,,,,,,
2011008278,725.0,2,0,0,0,0,0,0,0,0,4,0,,67,12,2010,2,40.0753,-75.0735,718.0,6,0,0,0,0,0,0,0,0,,0,0,0,7.0,1,0,1,,0,40 04:30.943,,0,75 04:24.500,0,0,0,0,67301,0,0,0,N,0,0,0,5,67301,0,,1,1,,N,N,,0,,0,0,0,3,2,,716.0,0,2,0,0,0,0,0,3,4,0,2,3,,N,,,,,,,,,,,
2011002761,840.0,0,0,0,0,0,0,0,0,0,8,0,,67,12,2010,4,39.9261,-75.228,834.0,6,0,0,0,0,0,0,0,0,,0,0,0,99.0,3,1,1,,0,39 55:33.913,,0,75 13:40.681,3,0,0,0,67301,1,0,0,N,1,0,0,2,67301,0,,1,9,,N,N,,0,,1,0,1,3,2,,9999.0,1,2,0,0,0,0,0,3,4,0,1,7,,N,,,,,,,,,,,
2011024421,0.0,1,0,0,0,0,0,0,0,0,4,0,,67,10,2010,4,40.0717,-75.1541,0.0,6,0,0,0,0,0,0,0,0,,0,0,0,12.0,1,2,2,,0,40 04:18.194,,0,75 09:14.605,8,0,0,0,67301,0,0,0,,0,0,0,2,00000,0,,1,1,,N,N,,0,,0,0,0,0,0,,1240.0,2,2,0,0,0,2,0,3,4,0,2,3,,N,,,,,,,,,,,
2011000809,305.0,2,0,0,0,0,0,0,0,0,4,0,,67,11,2010,5,39.9452,-75.1418,305.0,6,0,0,0,0,0,0,0,0,,0,0,0,2.0,3,0,2,,0,39 56:42.529,,7,75 08:30.541,0,0,0,0,67301,0,0,0,,0,0,0,3,67301,0,,1,1,,,,,0,,0,0,0,3,2,,255.0,0,2,0,0,0,0,0,3,4,0,2,3,,N,,,,,,,,,,,
2011000824,1417.0,1,0,0,0,0,0,0,0,0,7,0,,67,11,2010,5,39.945,-75.1981,1415.0,6,0,0,0,0,0,0,0,0,2.0,0,0,0,14.0,1,0,0,,1,39 56:41.997,1.0,1,75 11:53.246,0,0,0,0,67301,0,0,0,N,0,0,0,1,67301,0,,3,9,,N,N,,0,,0,0,0,0,0,N,1414.0,0,1,0,0,0,0,0,3,4,0,1,7,,N,,,,,,,,,,,
2011031597,1550.0,1,0,0,0,0,0,0,0,0,7,0,,67,5,2010,2,40.0471,-75.2069,1546.0,6,0,0,0,0,0,0,0,0,,0,0,0,15.0,1,1,2,,0,40 02:49.627,,0,75 12:24.931,4,0,0,0,67301,0,0,0,N,0,0,0,1,67301,1,,5,1,,N,N,,0,,0,0,0,0,0,,1543.0,1,1,0,0,1,0,0,3,4,0,1,3,,N,,,,,,,,,,,
2011009156,1810.0,2,0,0,0,0,0,0,0,0,1,0,,67,12,2010,3,40.0907,-75.0328,1807.0,6,0,0,0,0,0,2,0,0,,0,0,0,18.0,3,1,0,,0,40 05:26.638,,0,75 01:58.133,4,0,0,0,67301,0,0,0,N,0,0,0,3,67301,1,,1,1,,N,N,,0,,0,0,0,3,2,,1807.0,1,2,0,0,0,0,0,3,4,0,2,3,,N,,,,,,,,,,,
2011008302,357.0,2,0,0,0,0,0,0,0,0,1,0,,67,11,2010,1,39.9776,-75.1938,340.0,6,0,0,0,0,0,0,0,0,4.0,0,0,0,3.0,3,1,0,,1,39 58:39.264,5.0,0,75 11:37.694,8,0,0,0,67301,0,0,0,N,0,0,0,2,67301,0,,1,1,,N,N,,0,,0,0,0,0,0,N,340.0,1,2,0,0,1,1,0,3,4,0,2,3,,N,,,,,,,,,,,
2011008305,25.0,2,0,0,0,0,0,0,0,0,4,0,,67,12,2010,2,40.028,-75.11,25.0,6,0,0,0,0,0,0,0,0,,0,0,0,0.0,3,0,5,,0,40 01:40.946,,0,75 06:36.204,0,0,0,0,67301,0,0,0,N,0,0,0,3,67301,0,,1,1,,N,N,,0,,0,0,0,3,2,,25.0,0,2,0,0,0,0,0,3,4,0,2,3,,N,,,,,,,,,,,
2011008343,1510.0,0,0,0,0,0,0,0,0,0,4,0,,67,12,2010,4,39.9763,-75.1197,1413.0,6,0,0,0,0,0,1,0,1,,0,0,0,14.0,1,2,1,,0,39 58:34.528,,0,75 07:11.099,8,0,0,0,67301,0,0,0,,0,0,0,3,67301,0,,1,9,,N,N,,1,,0,0,1,3,2,,1413.0,2,2,0,0,0,2,1,3,4,0,2,10,,N,,,,,,,,,,,
2011008431,1522.0,2,0,0,0,0,0,0,0,0,4,0,,67,12,2010,6,,,1520.0,6,0,1,0,0,0,0,0,0,,0,0,0,15.0,1,1,1,,0,,,7,,8,0,0,0,67301,0,0,0,N,0,0,0,2,67301,0,,1,1,,N,N,,0,,0,0,0,3,3,,1520.0,1,2,0,0,0,1,0,3,3,0,2,3,,N,,,,,,,,,,,
2011008452,1810.0,2,0,0,0,0,0,0,0,0,6,0,,67,12,2010,1,40.0196,-75.1342,1806.0,6,0,0,0,0,0,0,0,0,,0,0,0,18.0,3,1,2,,0,40 01:10.588,,0,75 08:03.098,4,0,0,0,67301,0,0,0,N,0,0,0,2,67301,1,,1,1,,N,N,,0,,0,0,0,0,0,,1806.0,1,2,0,0,0,0,0,3,4,0,2,3,,N,,,,,,,,,,,
2011025689,2107.0,0,0,0,0,0,0,0,0,0,5,0,,67,5,2010,1,40.0587,-75.0839,2102.0,6,0,0,0,0,0,0,0,0,,0,1,0,21.0,3,1,0,,0,40 03:31.446,,0,75 05:02.198,8,0,0,0,67301,0,0,0,N,0,0,0,1,67301,0,,6,1,,N,N,,1,,0,0,2,0,0,,2100.0,1,4,0,0,0,1,0,3,4,0,4,3,,N,,,,,,,,,,,
2011027736,0.0,0,0,0,0,0,0,0,0,0,1,0,,67,11,2010,3,39.9134,-75.2272,0.0,6,0,0,0,0,0,0,1,0,,0,0,0,14.0,1,1,1,,0,39 54:48.261,,0,75 13:37.916,4,0,0,0,67301,0,0,0,N,0,0,0,3,00000,1,,1,9,,N,N,,1,,0,0,0,3,2,,1410.0,1,2,0,0,0,0,2,3,4,1,2,3,,N,,,,,,,,,,,
2011025341,0.0,1,0,0,0,0,0,0,0,0,3,0,,67,11,2010,7,39.9472,-75.1561,0.0,6,0,0,0,0,0,1,0,0,,0,0,0,10.0,1,1,1,,0,39 56:49.768,,0,75 09:21.862,8,0,0,0,67301,0,0,0,,0,0,0,3,00000,0,,1,1,,,,,0,,0,0,1,0,0,,1045.0,1,2,0,0,0,1,2,3,4,0,2,3,,N,,,,,,,,,,,
2011023479,,1,0,0,0,0,0,0,0,0,0,1,,67,8,2010,5,40.0355,-75.0172,,6,0,0,0,0,0,0,0,0,,0,1,0,7.0,1,1,0,,0,40 02:07.824,,0,75 01:01.684,8,0,0,0,67301,0,0,0,N,0,0,0,2,00000,0,,1,1,,N,N,,0,,0,0,0,0,0,,700.0,1,2,0,0,0,1,0,3,4,0,2,3,,N,,,,,,,,,,,
2011008865,1753.0,2,0,0,0,0,0,0,0,0,4,0,,67,12,2010,3,39.9261,-75.2248,1736.0,6,0,0,0,0,2,0,0,0,9.0,0,0,0,17.0,4,1,1,,1,39 55:33.882,2.0,0,75 13:29.323,4,0,0,0,67301,0,0,0,,0,0,0,3,67301,1,,1,1,,,,,0,,0,0,0,3,2,Y,1728.0,1,2,0,0,0,0,0,3,4,0,2,3,,N,,,,,,,,,,,
2011011411,2346.0,2,0,0,0,0,0,0,0,0,4,0,,67,11,2010,3,39.9517,-75.1582,2346.0,6,0,0,0,0,0,1,0,0,3.0,0,0,0,23.0,3,2,1,,2,39 57:06.266,7.0,0,75 09:29.838,8,0,0,0,67301,0,0,0,,0,0,0,3,67301,0,,1,1,,N,N,,0,,0,0,0,3,2,Y,2345.0,2,2,0,0,0,2,0,3,4,0,2,3,,N,,,,,,,,,,,
2011000920,2230.0,3,0,0,0,0,0,0,0,0,4,0,,67,11,2010,2,40.0056,-75.1033,2230.0,6,0,0,0,0,0,0,0,0,,0,0,0,22.0,3,1,1,,0,40 00:20.131,,0,75 06:11.812,4,0,0,0,67301,0,0,0,N,0,0,0,3,67301,1,,1,1,,N,N,,0,,0,0,0,3,2,,2200.0,1,3,0,0,0,0,0,3,4,0,3,3,,N,,,,,,,,,,,
2011000926,1830.0,3,0,0,0,0,0,0,0,0,1,0,,67,11,2010,6,39.97,-75.1434,1828.0,6,0,0,0,0,0,0,0,0,,0,0,0,18.0,3,1,0,,0,39 58:11.802,,0,75 08:36.043,4,0,0,0,67301,0,0,0,N,0,0,0,4,67301,1,,1,1,,N,N,,0,,0,0,0,0,0,,1810.0,1,3,0,0,0,0,0,3,4,0,3,3,,N,,,,,,,,,,,
2011085448,1140.0,1,0,0,0,0,0,0,0,0,1,0,,67,12,2010,6,40.0453,-75.0023,1130.0,6,0,0,0,0,0,0,0,0,,0,0,0,11.0,1,3,6,,0,40 02:45.698,,2,75 00:07.121,3,0,0,0,67301,0,0,0,,0,0,0,3,67301,1,,1,1,,N,,,0,,2,0,1,3,4,,1126.0,3,2,0,0,0,0,0,3,4,0,2,3,,N,,,,,,,,,,,
2011000776,1732.0,0,0,0,0,0,0,1,0,0,8,1,,67,10,2010,7,39.997,-75.2353,9999.0,6,0,0,0,0,0,0,0,0,,1,0,0,17.0,4,0,1,,0,39 59:49.334,,0,75 14:06.912,1,0,0,0,67301,1,1,0,N,1,1,0,2,67301,0,2.0,1,1,,N,N,,0,0.0,0,0,0,3,2,,1732.0,0,2,0,0,0,0,0,3,4,0,1,3,,N,,,,,,,,,,,
2010118004,728.0,0,0,0,0,0,0,0,0,0,8,0,,67,9,2010,5,40.0992,-74.9729,723.0,6,0,1,0,0,0,0,0,0,,0,0,0,7.0,1,1,1,,0,40 05:57.177,,0,74 58:22.378,8,0,0,0,67301,1,0,0,,1,0,0,2,67301,0,,1,1,,,,,1,,0,0,0,3,3,,722.0,1,2,0,0,0,1,0,3,4,0,1,3,,N,,,,,,,,,,,
2010045089,818.0,1,0,0,0,0,0,0,0,0,4,0,,67,4,2010,4,40.0808,-75.0284,818.0,6,0,0,0,0,0,0,0,0,1.0,0,0,0,8.0,1,1,1,,1,40 04:50.820,4.0,0,75 01:42.117,8,0,0,0,67301,0,0,0,N,0,0,0,2,67301,0,,1,1,,N,N,,0,,0,0,1,3,2,N,818.0,1,2,0,0,0,1,0,3,4,0,2,3,,N,,,,,,,,,,,
2010074549,1238.0,1,0,0,0,0,0,0,0,0,1,0,,67,7,2010,1,39.9457,-75.1419,1234.0,6,0,0,0,0,1,0,1,0,9.0,0,0,0,12.0,1,2,0,,1,39 56:44.494,2.0,0,75 08:30.896,4,0,0,0,67301,0,0,0,N,0,0,0,9,67301,2,,1,1,,N,N,,1,,0,0,1,0,0,N,1230.0,2,3,0,0,0,0,0,3,4,0,3,3,,N,,,,,,,,,,,
2010067055,1215.0,2,0,0,0,0,0,0,0,0,5,0,,67,6,2010,2,40.0469,-75.2068,1208.0,6,0,0,0,0,0,0,0,1,,0,0,0,12.0,1,0,0,,0,40 02:48.575,,0,75 12:24.222,0,0,0,0,67301,0,0,0,N,0,0,0,1,67301,0,,5,1,,N,N,,0,,0,0,0,3,3,,1200.0,0,2,0,0,0,0,0,3,4,0,2,3,,N,,,,,,,,,,,
2010069079,651.0,1,0,0,0,0,0,0,0,0,4,1,,67,7,2010,2,39.9613,-75.1817,645.0,6,0,0,0,0,0,1,0,0,1.0,0,1,0,6.0,1,2,0,,2,39 57:37.320,4.0,2,75 10:51.393,8,0,0,0,67301,0,0,0,N,0,0,0,2,68K01,0,,1,1,,N,N,,0,,0,0,0,0,0,N,644.0,2,2,0,0,0,2,0,3,4,0,2,3,,N,,,,,,,,,,,
2010066660,1839.0,4,0,0,0,0,0,0,0,0,5,0,,67,7,2010,3,39.96,-75.1789,1835.0,6,0,0,0,0,0,0,0,0,1.0,0,0,0,18.0,1,0,0,,1,39 57:36.843,4.0,0,75 10:50.474,0,0,0,0,67301,0,0,0,N,0,0,0,5,68K01,0,,1,1,,N,N,,0,,0,0,0,0,0,N,1832.0,0,4,0,0,0,0,0,3,4,0,4,3,,N,,,,,,,,,,,
2010070040,215.0,2,0,0,0,0,0,0,0,0,1,0,,67,6,2010,4,39.9689,-75.1599,210.0,6,0,0,0,0,0,0,0,0,,0,0,0,2.0,3,3,1,,0,39 58:08.526,,0,75 09:36.120,4,0,0,0,67301,0,0,0,N,0,0,0,4,67301,2,,1,1,,N,N,,0,,0,0,0,3,2,,205.0,3,2,0,0,0,1,0,3,4,0,2,3,,N,,,,,,,,,,,
2010070041,1515.0,1,0,0,1,0,0,0,0,0,4,0,,67,6,2010,3,39.9693,-75.1669,1510.0,6,0,0,0,0,0,0,0,0,,0,0,0,15.0,1,1,1,,0,39 58:09.310,,0,75 10:01.001,3,0,0,0,67301,1,0,0,N,0,0,0,2,67301,0,,1,1,,N,N,,0,,1,0,0,3,3,,1505.0,1,2,0,0,0,0,0,3,4,0,1,3,,N,,,,,,,,,,,
2010074552,2321.0,2,0,0,0,0,0,0,0,0,4,0,,67,7,2010,6,39.9252,-75.1762,2317.0,6,0,0,0,0,0,0,0,0,,0,0,0,23.0,3,0,1,,0,39 55:30.667,,0,75 10:33.358,0,0,0,0,67301,0,0,0,N,0,0,0,2,67301,0,,1,1,,N,N,,0,,0,0,0,3,2,,2310.0,0,2,0,0,0,0,0,3,4,0,2,3,,N,,,,,,,,,,,
2010074560,916.0,1,0,0,0,0,0,0,0,0,8,0,,67,6,2010,4,39.9892,-75.1399,9999.0,6,0,0,0,0,0,0,0,0,,0,0,0,99.0,1,1,0,,0,39 59:21.076,,0,75 08:23.503,4,0,0,0,67301,1,0,0,,1,0,0,2,67301,1,,6,1,,N,N,,0,,0,0,0,0,0,,9999.0,1,2,0,0,0,0,0,3,4,0,1,3,,N,,,,,,,,,,,
2010027883,1240.0,2,0,0,0,0,0,0,0,0,1,0,,67,2,2010,2,40.0315,-75.0325,1236.0,6,0,0,0,0,0,0,0,0,,0,0,0,12.0,1,2,1,,0,40 01:53.467,,0,75 01:56.889,4,0,0,0,67301,0,0,0,,0,0,0,4,67301,2,,1,9,,N,N,,0,,0,0,0,3,2,,1233.0,2,2,0,0,0,0,1,3,4,0,2,3,,N,,,,,,,,,,,
2010030377,2210.0,1,0,0,0,0,0,1,0,0,5,1,,67,2,2010,4,39.9206,-75.1704,2203.0,6,0,0,0,0,0,0,0,0,,0,0,0,20.0,3,3,1,,0,39 55:14.472,,0,75 10:13.981,4,0,0,0,67301,4,0,0,N,0,0,0,5,67301,3,,1,1,,N,N,,0,,0,0,0,3,2,,2043.0,3,2,0,0,0,0,1,3,4,0,2,3,,N,,,,,,,,,,,
2010028178,1123.0,0,0,0,0,0,0,0,0,0,5,0,,67,2,2010,4,40.0205,-75.1549,1120.0,6,0,0,0,0,0,0,0,0,1.0,0,0,0,11.0,1,0,0,,1,40 01:14.000,2.0,0,75 09:17.828,0,0,0,0,67301,0,0,0,N,0,0,0,3,67301,0,,1,6,,N,N,,0,,0,0,2,3,8,N,1120.0,0,2,0,0,0,0,0,3,4,0,2,10,,N,,,,,,,,,,,
2010028066,1210.0,2,0,0,0,0,0,0,0,0,4,0,,67,2,2010,2,39.9405,-75.1556,1206.0,6,0,0,0,0,0,1,0,0,,0,0,0,12.0,1,0,0,,0,39 56:25.854,,0,75 09:20.248,0,0,0,0,67301,0,0,0,N,0,0,0,1,67301,0,,1,2,,N,N,,2,,0,0,0,0,0,,1205.0,0,4,0,0,0,0,0,3,4,0,4,3,,N,,,,,,,,,,,
2010028144,1050.0,0,0,0,0,0,0,0,0,0,4,0,,67,2,2010,5,40.1012,-74.9977,1036.0,6,0,0,0,0,0,0,0,0,,0,0,0,99.0,1,3,0,,0,40 06:04.341,,0,74 59:51.824,8,0,0,0,67301,0,0,0,N,0,0,0,5,67301,0,,1,7,,N,N,,0,,0,0,1,0,0,,9999.0,3,2,0,0,0,3,0,3,4,1,2,3,,N,,,,,,,,,,,
2010028271,1030.0,2,0,0,0,0,0,0,0,0,5,0,,67,1,2010,1,39.9431,-75.2446,1019.0,6,0,0,0,0,0,0,0,0,,0,1,0,99.0,1,0,0,,0,39 56:35.300,,0,75 14:40.693,0,0,0,0,67301,0,0,0,N,0,0,0,0,67301,0,,1,1,,N,N,,0,,0,0,0,0,0,,9999.0,0,3,0,0,0,0,0,3,4,0,3,3,,N,,,,,,,,,,,
2010028598,1710.0,0,0,0,0,0,0,0,0,0,6,0,,67,2,2010,6,40.0155,-75.1389,1710.0,6,0,0,0,0,1,0,0,0,,0,0,0,17.0,3,0,0,,0,40 00:55.821,,0,75 08:19.996,0,0,0,0,67301,0,0,0,N,0,0,0,2,67301,0,,1,1,,N,N,,0,,0,0,2,0,0,,1700.0,0,2,0,0,0,0,0,3,4,0,2,3,,N,,,,,,,,,,,
2010106019,1824.0,2,0,0,0,0,0,0,0,0,1,0,,67,10,2010,7,40.0237,-75.0335,1818.0,6,0,0,0,0,0,0,0,0,,0,0,0,16.0,4,0,0,,0,40 01:25.117,,0,75 02:00.319,0,0,0,0,67301,0,0,0,N,0,0,0,2,68K01,0,,1,1,,N,N,,0,,0,0,0,0,0,,1609.0,0,2,0,0,0,0,0,3,4,0,2,3,,N,,,,,,,,,,,
2010103607,1305.0,1,0,0,0,0,0,0,0,0,1,0,,67,10,2010,4,39.9262,-75.1944,1253.0,6,0,0,0,0,0,1,0,0,1.0,0,0,0,12.0,1,0,0,,1,39 55:37.077,3.0,0,75 11:42.511,0,0,0,0,67301,0,0,0,N,0,0,0,2,68K01,0,,1,1,,N,N,,0,,0,0,1,0,0,N,1249.0,0,2,0,0,0,0,0,3,4,0,2,3,,N,,,,,,,,,,,
2011009964,9999.0,0,0,0,0,0,0,0,0,0,8,0,,67,12,2010,4,39.9438,-75.2458,9999.0,6,0,0,0,0,0,0,0,0,,0,0,0,8.0,1,1,0,,0,39 56:37.669,,0,75 14:45.235,8,0,0,0,67301,1,0,0,N,1,0,0,2,67301,0,,5,1,,N,N,,0,,0,0,0,0,0,,841.0,1,2,0,0,0,1,1,3,4,0,1,3,,N,,,,,,,,,,,
2011010021,240.0,3,0,0,0,0,0,0,0,0,4,0,,67,12,2010,6,40.0613,-75.2362,228.0,6,0,0,0,0,1,0,0,0,3.0,0,0,0,2.0,3,0,1,,2,40 03:41.901,1.0,0,75 14:11.684,0,0,0,0,67301,0,0,0,,0,0,0,4,67301,0,,1,1,,,,,0,,0,0,0,3,2,Y,225.0,0,3,0,0,2,0,0,3,4,0,3,3,,N,,,,,,,,,,,
2011008161,1938.0,2,0,0,0,0,0,0,0,0,5,0,,67,12,2010,5,39.9822,-75.1005,1929.0,6,0,0,0,0,0,0,0,0,1.0,0,0,0,19.0,3,1,0,,1,39 58:56.117,1.0,0,75 06:01.017,8,0,0,0,67301,0,0,0,N,0,0,0,3,68K01,0,,1,1,,N,N,,0,,0,0,0,0,0,N,1927.0,1,2,0,0,1,1,0,3,4,0,2,3,,N,,,,,,,,,,,