CRN,ARRIVAL_TM,AUTOMOBILE_COUNT,BELTED_DEATH_COUNT,BELTED_SUSP_SERIOUS_INJ_COUNT,BICYCLE_COUNT,BICYCLE_DEATH_COUNT,BICYCLE_SUSP_SERIOUS_INJ_COUNT,BUS_COUNT,CHLDPAS_DEATH_COUNT,CHLDPAS_SUSP_SERIOUS_INJ_COUNT,COLLISION_TYPE,COMM_VEH_COUNT,CONS_ZONE_SPD_LIM,COUNTY,CRASH_MONTH,CRASH_YEAR,DAY_OF_WEEK,DEC_LAT,DEC_LONG,DISPATCH_TM,DISTRICT,DRIVER_COUNT_16YR,DRIVER_COUNT_17YR,DRIVER_COUNT_18YR,DRIVER_COUNT_19YR,DRIVER_COUNT_20YR,DRIVER_COUNT_50_64YR,DRIVER_COUNT_65_74YR,DRIVER_COUNT_75PLUS,EST_HRS_CLOSED,FATAL_COUNT,HEAVY_TRUCK_COUNT,HORSE_BUGGY_COUNT,HOUR_OF_DAY,ILLUMINATION,INJURY_COUNT,INTERSECT_TYPE,INTERSECTION_RELATED,LANE_CLOSED,LATITUDE,LN_CLOSE_DIR,LOCATION_TYPE,LONGITUDE,MAX_SEVERITY_LEVEL,MCYCLE_DEATH_COUNT,MCYCLE_SUSP_SERIOUS_INJ_COUNT,MOTORCYCLE_COUNT,MUNICIPALITY,NONMOTR_COUNT,NONMOTR_DEATH_COUNT,NONMOTR_SUSP_SERIOUS_INJ_COUNT,NTFY_HIWY_MAINT,PED_COUNT,PED_DEATH_COUNT,PED_SUSP_SERIOUS_INJ_COUNT,PERSON_COUNT,POLICE_AGCY,POSSIBLE_INJ_COUNT,RDWY_SURF_TYPE_CD,RELATION_TO_ROAD,ROAD_CONDITION,ROADWAY_CLEARED,SCH_BUS_IND,SCH_ZONE_IND,SECONDARY_CRASH,SMALL_TRUCK_COUNT,SPEC_JURIS_CD,SUSP_MINOR_INJ_COUNT,SUSP_SERIOUS_INJ_COUNT,SUV_COUNT,TCD_FUNC_CD,TCD_TYPE,TFC_DETOUR_IND,TIME_OF_DAY,TOT_INJ_COUNT,TOTAL_UNITS,UNB_DEATH_COUNT,UNB_SUSP_SERIOUS_INJ_COUNT,UNBELTED_OCC_COUNT,UNK_INJ_DEG_COUNT,UNK_INJ_PER_COUNT,URBAN_AREA,URBAN_RURAL,VAN_COUNT,VEHICLE_COUNT,WEATHER1,WEATHER2,WORK_ZONE_IND,WORK_ZONE_LOC,WORK_ZONE_TYPE,WORKERS_PRES,WZ_CLOSE_DETOUR,WZ_FLAGGER,WZ_LAW_OFFCR_IND,WZ_LN_CLOSURE,WZ_MOVING,WZ_OTHER,WZ_SHLDER_MDN,WZ_WORKERS_INJ_KILLED
2011008252,210.0,2,0,0,0,0,0,0,0,0,4,0,,67,12,2010,6,40.1268,-75.0142,210.0,6,0,0,0,0,0,2,0,0,,0,0,0,2.0,3,0,2,,0,40 07:36.518,,0,75 00:51.206,0,0,0,0,67301,0,0,0,N,0,0,0,2,67301,0,,1,1,,N,N,,0,,0,0,0,3,3,,210.0,0,2,0,0,0,0,0,3,4,0,2,3,,N,,,,,,,,,,,
2011026329,1110.0,3,0,0,0,0,0,0,0,0,4,0,,67,5,2010,3,39.9773,-75.1415,1105.0,6,0,0,0,0,0,1,0,0,,0,0,0,10.0,1,1,0,,0,39 58:38.400,,0,75 08:29.570,4,0,0,0,67301,0,0,0,N,0,0,0,1,67301,1,,1,9,,N,N,,0,,0,0,0,0,0,,1045.0,1,3,0,0,1,0,0,3,4,0,3,7,,N,,,,,,,,,,,
2011026344,955.0,3,0,0,0,0,0,0,0,0,4,0,,67,6,2010,6,39.9416,-75.1646,953.0,6,0,0,0,0,0,0,0,0,,0,0,0,9.0,1,0,1,,0,39 56:29.911,,0,75 09:52.437,0,0,0,0,67301,0,0,0,N,0,0,0,2,67301,0,,1,1,,N,N,,0,,0,0,0,3,3,,953.0,0,4,0,0,0,0,0,3,4,0,4,3,,N,,,,,,,,,,,
2011012361,1707.0,1,0,0,0,0,0,0,0,0,8,0,,67,12,2010,4,40.0581,-75.0782,1707.0,6,0,0,0,0,0,0,0,0,2.0,1,0,0,17.0,3,0,2,,2,40 03:29.225,3.0,0,75 04:41.355,1,0,0,0,67301,1,1,0,N,1,1,0,3,67301,0,2.0,1,1,,N,N,,0,0.0,0,0,0,0,0,Y,1707.0,0,2,0,0,0,0,0,3,4,0,1,3,,N,,,,,,,,,,,
2011010065,9999.0,1,0,0,0,0,0,0,0,0,8,0,,67,12,2010,5,39.9333,-75.2157,9999.0,6,0,0,0,0,0,0,0,0,,0,0,0,7.0,1,1,0,,0,39 55:59.909,,0,75 12:56.452,4,0,0,0,67301,1,0,0,,1,0,0,2,67301,1,,1,1,,,,,0,,0,0,0,0,0,,745.0,1,2,0,0,0,0,0,3,4,0,1,3,,N,,,,,,,,,,,
2011008338,1750.0,1,0,0,0,0,0,0,0,0,8,0,,67,11,2010,2,40.0496,-75.0114,1747.0,6,0,0,0,0,0,0,0,0,9.0,0,0,0,99.0,2,1,0,,2,40 02:58.458,1.0,0,75 00:41.040,2,0,0,0,67301,1,0,1,N,1,0,1,2,67301,0,,1,1,,N,N,,0,,0,1,0,0,0,Y,9999.0,1,2,0,0,0,0,0,3,4,0,1,3,,N,,,,,,,,,,,
2011008448,1805.0,2,0,0,0,0,0,0,0,0,4,0,,67,12,2010,4,39.9708,-75.1228,1800.0,6,0,0,0,0,0,0,0,0,,0,0,0,17.0,1,0,1,,0,39 58:14.893,,0,75 07:19.725,0,0,0,0,67301,0,0,0,N,0,0,0,3,67301,0,,1,1,,N,N,,0,,0,0,0,3,2,,1730.0,0,2,0,0,0,0,0,3,4,0,2,3,,N,,,,,,,,,,,
2011027776,0.0,2,0,0,0,0,0,0,0,0,1,0,,67,11,2010,3,40.0437,-75.1498,0.0,6,0,0,0,0,0,0,0,0,,0,0,0,2.0,6,2,1,,0,40 02:37.165,,0,75 08:59.326,4,0,0,0,67301,0,0,0,,0,0,0,3,00000,2,,1,1,,,,,0,,0,0,0,1,2,,230.0,2,2,0,0,0,0,0,3,4,0,2,3,,N,,,,,,,,,,,
2011025806,0.0,1,0,0,0,0,0,0,0,0,4,0,,67,7,2010,7,40.0032,-75.1294,0.0,6,0,0,0,0,1,0,0,0,,0,0,0,14.0,1,0,1,,0,40 00:11.674,,0,75 07:45.670,0,0,0,0,67301,0,0,0,N,0,0,0,8,00000,0,,1,1,,N,N,,0,,0,0,1,3,3,,1410.0,0,2,0,0,0,0,0,3,4,0,2,3,,N,,,,,,,,,,,
2011025367,0.0,2,0,0,0,0,0,0,0,0,1,0,,67,11,2010,4,39.9583,-75.1638,0.0,6,0,0,0,0,0,0,0,0,,0,0,0,99.0,1,1,0,,0,39 57:29.566,,0,75 09:48.593,8,0,0,0,67301,0,0,0,N,0,0,0,2,00000,0,,1,1,,N,N,,0,,0,0,0,0,0,,9999.0,1,2,0,0,0,1,0,3,4,0,2,3,,N,,,,,,,,,,,
2011013154,228.0,1,0,0,0,0,0,0,0,0,7,0,,67,12,2010,7,39.9815,-75.1906,223.0,6,0,0,0,0,0,0,0,0,,0,0,0,2.0,3,0,0,,0,39 58:53.270,,0,75 11:26.000,0,0,0,0,67301,0,0,0,N,0,0,0,1,67301,0,,5,1,,N,N,,0,,0,0,0,0,0,,215.0,0,1,0,0,0,0,0,3,4,0,1,3,,N,,,,,,,,,,,
2011008506,925.0,0,0,0,0,0,0,0,0,0,1,0,,67,12,2010,6,40.0275,-75.0331,915.0,6,0,0,0,0,0,0,0,0,,0,0,0,9.0,1,1,2,,0,40 01:39.009,,0,75 01:59.143,8,0,0,0,67301,0,0,0,N,0,0,0,2,67301,0,,1,7,,N,N,,1,,0,0,1,3,2,,915.0,1,2,0,0,0,1,0,3,4,0,2,3,,N,,,,,,,,,,,
2011008513,1659.0,1,0,0,0,0,0,0,0,0,1,0,,67,12,2010,7,40.0283,-75.0982,1655.0,6,0,0,0,0,0,0,0,0,,0,0,0,14.0,1,1,0,,0,40 01:41.944,,0,75 05:53.671,4,0,0,0,67301,0,0,0,,0,0,0,3,67301,1,,1,1,,N,,,0,,0,0,0,0,0,,1430.0,1,2,0,0,0,0,0,3,4,1,2,3,,N,,,,,,,,,,,
2011008515,45.0,0,0,0,0,0,0,0,0,0,7,0,,67,12,2010,7,40.0294,-75.189,35.0,6,0,0,0,0,0,0,0,0,2.0,0,0,0,0.0,3,1,2,,2,40 01:45.922,1.0,0,75 11:20.353,3,0,0,0,67301,0,0,0,N,0,0,0,1,67301,0,,1,1,,N,N,,0,,1,0,0,3,2,Y,5.0,1,1,0,0,1,0,0,3,4,1,1,3,,N,,,,,,,,,,,
2011008885,555.0,0,0,0,0,0,0,0,0,0,1,0,,67,12,2010,3,40.0479,-75.1436,550.0,6,0,0,0,0,0,0,0,0,,0,0,0,5.0,3,2,0,,0,40 02:52.478,,0,75 08:36.959,4,0,0,0,67301,0,0,0,N,0,0,0,3,67301,2,,1,1,,N,N,,0,,0,0,2,0,0,,545.0,2,2,0,0,0,0,0,3,4,0,2,3,,N,,,,,,,,,,,
2011008912,2309.0,1,0,0,0,0,0,0,0,0,8,0,,67,12,2010,5,40.0246,-75.2214,2309.0,6,0,0,0,0,0,0,0,0,,0,0,0,23.0,3,1,2,,0,40 01:28.477,,0,75 13:17.104,4,0,0,0,67301,1,0,0,N,1,0,0,2,67301,1,,1,1,,N,N,,0,,0,0,0,3,3,,2308.0,1,2,0,0,0,0,0,3,4,0,1,3,,N,,,,,,,,,,,
2011083283,1620.0,2,0,0,0,0,0,0,0,0,4,0,,67,9,2010,1,39.9733,-75.2355,1615.0,6,0,0,0,0,1,0,0,0,,0,0,0,16.0,1,0,1,,0,39 58:23.707,,0,75 14:07.853,0,0,0,0,67301,0,0,0,,0,0,0,4,67301,0,,1,9,,N,N,,0,,0,0,0,3,3,,1610.0,0,2,0,0,0,0,0,3,4,0,2,3,,N,,,,,,,,,,,
2011025727,1105.0,1,0,0,0,0,0,0,0,0,7,0,99.0,67,5,2010,6,40.1253,-75.0182,1047.0,6,0,0,0,0,0,0,1,0,,0,0,0,10.0,1,3,0,,0,40 07:31.079,,0,75 01:05.625,8,0,0,0,67301,2,0,0,,2,0,0,3,67301,0,,5,1,,,,,0,,0,0,0,3,3,,1045.0,3,3,0,0,0,3,0,3,4,0,1,3,,Y,4.0,2.0,Y,,,N,,,Y,,
2011008394,2020.0,1,0,0,0,0,0,0,0,0,4,0,,67,12,2010,5,40.0905,-75.0197,2015.0,6,0,0,0,0,0,0,0,0,1.0,0,0,0,20.0,3,1,0,,1,40 05:25.913,2.0,0,75 01:10.957,8,0,0,0,67301,0,0,0,N,0,0,0,2,67301,0,,1,2,,N,N,,1,,0,0,0,0,0,N,2011.0,1,2,0,0,0,1,0,3,4,0,2,98,,N,,,,,,,,,,,
2011008392,1031.0,1,0,0,0,0,0,0,0,0,1,1,,67,12,2010,4,40.0403,-75.0585,1028.0,6,0,0,0,0,0,0,0,0,1.0,0,1,0,10.0,1,1,1,,1,40 02:25.164,1.0,0,75 03:30.735,8,0,0,0,67301,0,0,0,N,0,0,0,3,67301,0,,1,1,,N,N,,0,,0,0,0,3,2,N,1025.0,1,2,0,0,0,1,0,3,4,0,2,3,,N,,,,,,,,,,,
2010027976,1251.0,2,0,0,0,0,0,0,0,0,5,0,,67,2,2010,1,39.9695,-75.1395,1251.0,6,0,0,0,0,0,0,0,0,,0,0,0,12.0,1,1,1,,0,39 58:10.098,,0,75 08:22.527,4,0,0,0,67301,0,0,0,N,0,0,0,3,67301,1,,1,9,,N,N,,0,,0,0,0,3,2,,1251.0,1,2,0,0,0,0,0,3,4,0,2,3,,N,,,,,,,,,,,
2010069869,1453.0,1,0,0,0,0,0,0,0,0,7,0,,67,6,2010,3,40.0023,-75.1903,1453.0,6,0,0,1,0,0,0,0,0,1.0,0,0,0,14.0,1,0,0,,1,40 00:06.455,1.0,0,75 11:25.178,0,0,0,0,67301,0,0,0,N,0,0,0,3,67301,0,,5,1,,N,N,,0,,0,0,0,0,0,N,1450.0,0,1,0,0,0,0,0,3,4,0,1,3,,N,,,,,,,,,,,
2010052455,655.0,2,0,0,0,0,0,0,0,0,4,0,,67,5,2010,5,39.9612,-75.1466,654.0,6,0,0,0,0,0,0,0,0,1.0,0,0,0,6.0,1,1,1,,2,39 57:40.482,4.0,0,75 08:48.201,4,0,0,0,67301,0,0,0,N,0,0,0,3,67301,1,,1,1,,N,N,,0,,0,0,0,3,2,Y,653.0,1,2,0,0,0,0,0,3,4,0,2,3,,N,,,,,,,,,,,
2010048765,1821.0,2,0,0,0,0,0,0,0,0,1,0,,67,4,2010,6,40.0564,-75.019,1813.0,6,0,0,0,0,0,0,0,0,,0,0,0,18.0,1,1,1,,0,40 03:23.018,,0,75 01:08.607,4,0,0,0,67301,0,0,0,N,0,0,0,2,67301,1,,1,1,,N,N,,0,,0,0,0,3,2,,1813.0,1,2,0,0,0,0,0,3,4,0,2,3,,N,,,,,,,,,,,
2010091156,1223.0,1,0,0,0,0,0,0,0,0,4,1,,67,7,2010,6,39.9014,-75.2393,5.0,6,0,0,0,0,1,0,1,0,3.0,0,1,0,23.0,3,4,2,,1,39 54:04.923,1.0,0,75 14:21.456,8,0,0,0,67301,0,0,0,N,0,0,0,5,67301,0,,1,1,,N,N,,0,,0,0,0,3,2,Y,2340.0,4,2,0,0,0,4,0,3,4,0,2,3,,N,,,,,,,,,,,
2010117867,1650.0,2,0,0,0,0,0,0,0,0,4,0,,67,10,2010,6,40.0964,-74.9758,1646.0,6,0,0,1,2,0,0,0,0,,0,0,0,16.0,1,1,2,,0,40 05:47.042,,7,74 58:32.747,8,0,0,0,67301,0,0,0,N,0,0,0,3,67301,0,,1,1,,N,N,,0,,0,0,1,3,2,,1643.0,1,3,0,0,0,1,0,3,4,0,3,3,,N,,,,,,,,,,,
2010106909,1440.0,1,0,0,0,0,0,0,0,0,1,0,,67,10,2010,7,39.926,-75.1448,1430.0,6,0,0,0,0,0,0,0,0,,0,0,0,14.0,1,0,7,,0,39 55:37.425,,2,75 08:42.184,0,0,0,0,67301,0,0,0,N,0,0,0,2,68K01,0,,1,1,,N,N,,0,,0,0,1,0,0,,1424.0,0,2,0,0,0,0,0,3,4,0,2,3,,N,,,,,,,,,,,
2010111455,2049.0,1,0,0,0,0,0,0,0,0,4,0,,67,10,2010,3,39.9215,-75.1473,2039.0,6,0,0,0,0,0,1,0,0,,0,0,0,20.0,3,0,1,,0,39 55:17.340,,0,75 08:50.248,0,0,0,0,67301,0,0,0,N,0,0,0,3,67301,0,,1,1,,N,N,,0,,0,0,1,3,3,,2035.0,0,2,0,0,0,0,0,3,4,0,2,3,,N,,,,,,,,,,,
2010074460,1445.0,2,0,0,0,0,0,0,0,0,1,0,,67,7,2010,5,40.0138,-75.056,1435.0,6,0,0,0,0,0,0,0,0,,0,0,0,13.0,1,1,2,,0,40 00:49.835,,0,75 03:21.481,4,0,0,0,67301,0,0,0,,0,0,0,4,67301,1,,1,1,,,,,0,,0,0,0,0,0,,1340.0,1,2,0,0,0,0,1,3,4,0,2,3,,N,,,,,,,,,,,
2010081947,823.0,1,0,0,0,0,0,0,0,0,8,0,,67,7,2010,1,40.0149,-75.1515,821.0,6,0,0,0,0,0,0,0,0,,0,0,0,8.0,1,1,0,,0,40 00:53.701,,0,75 09:05.310,4,0,0,0,67301,1,0,0,,1,0,0,2,67301,1,,1,1,,N,N,,0,,0,0,0,0,0,,821.0,1,2,0,0,0,0,0,3,4,0,1,3,,N,,,,,,,,,,,
2010061931,847.0,1,0,0,0,0,0,0,0,0,4,0,,67,5,2010,7,40.0523,-75.1516,845.0,6,0,0,0,0,0,0,0,1,,0,0,0,8.0,1,3,1,,0,40 03:08.130,,0,75 09:05.827,4,0,0,0,67301,0,0,0,N,0,0,0,4,67301,3,,1,1,,N,N,,0,,0,0,0,3,3,,844.0,3,2,0,0,3,0,0,3,4,0,2,3,,N,,,,,,,,,,,
2010074543,1630.0,1,0,0,1,0,0,0,0,0,4,0,,67,7,2010,2,40.0317,-75.1083,1625.0,6,0,0,0,0,1,0,0,0,,0,0,0,16.0,1,1,0,,0,40 01:54.296,,7,75 06:29.876,4,0,0,0,67301,1,0,0,N,0,0,0,2,67301,1,,1,1,,N,N,,0,,0,0,0,0,0,,1615.0,1,2,0,0,0,0,0,3,4,0,1,3,,N,,,,,,,,,,,
2010069637,1440.0,1,0,0,0,0,0,0,0,0,1,0,,67,6,2010,2,,,1436.0,6,0,0,0,0,0,0,0,0,,0,0,0,14.0,1,0,0,,0,,,2,,0,0,0,0,67301,0,0,0,N,0,0,0,2,67301,0,,1,1,,N,N,,0,,0,0,1,0,0,,1436.0,0,2,0,0,0,0,0,3,3,0,2,3,,N,,,,,,,,,,,
2010071531,2056.0,2,0,0,0,0,0,0,0,0,4,0,,67,6,2010,4,40.0314,-75.1524,2046.0,6,0,0,0,0,0,0,0,0,,0,0,0,99.0,3,0,1,,0,40 01:52.935,,0,75 09:08.539,9,0,0,0,67301,0,0,0,N,0,0,0,2,67301,0,,1,1,,N,N,,0,,0,0,0,3,2,,9999.0,0,2,0,0,0,0,1,3,4,0,2,3,,N,,,,,,,,,,,
2010059346,307.0,1,0,0,0,0,0,0,0,0,7,0,,67,5,2010,1,40.0075,-75.2003,307.0,6,0,0,0,0,0,0,0,0,,0,0,0,3.0,3,1,0,,0,40 00:25.931,,0,75 11:58.251,8,0,0,0,67301,0,0,0,Y,0,0,0,2,68K01,0,,4,1,,N,N,,0,,0,0,0,0,0,,301.0,1,1,0,0,0,1,0,3,4,0,1,3,,N,,,,,,,,,,,
2010081768,9999.0,2,0,0,0,0,0,0,0,0,4,0,,67,7,2010,7,39.9923,-75.1422,9999.0,6,0,0,0,0,0,0,0,0,,0,0,0,22.0,3,2,1,,0,39 59:32.252,,0,75 08:31.897,4,0,0,0,67301,0,0,0,,0,0,0,3,67301,2,,1,1,,,,,0,,0,0,0,3,2,,2200.0,2,2,0,0,0,0,1,3,4,0,2,3,,N,,,,,,,,,,,
2010069951,1105.0,0,0,0,0,0,0,0,0,0,8,0,,67,6,2010,7,39.9252,-75.1712,1100.0,6,0,0,0,0,0,0,0,0,,0,0,0,2.0,6,1,1,,0,39 55:30.729,,0,75 10:16.566,8,0,0,1,67301,1,0,0,N,1,0,0,1,67301,0,,1,1,,N,N,,0,,0,0,0,3,2,,250.0,1,2,0,0,0,1,0,3,4,0,1,3,,N,,,,,,,,,,,
2010069963,2219.0,1,0,0,0,0,0,0,0,0,4,0,,67,6,2010,4,40.0011,-75.1123,2219.0,6,0,0,0,0,0,0,0,0,,0,0,0,21.0,3,1,2,,0,40 00:04.005,,0,75 06:44.138,4,0,0,0,67301,0,0,0,N,0,0,0,2,67301,1,,1,1,,N,N,,0,,0,0,0,3,2,,2130.0,1,2,0,0,0,0,1,3,4,0,2,3,,N,,,,,,,,,,,
2010067031,822.0,1,0,0,0,0,0,0,0,0,8,0,,67,6,2010,2,39.9503,-75.1917,820.0,6,0,0,0,0,0,0,0,0,,0,0,0,8.0,1,1,1,,0,39 57:20.049,,0,75 11:22.152,4,0,0,0,67301,1,0,0,N,1,0,0,2,67301,1,,1,1,,N,N,,0,,0,0,0,3,2,,819.0,1,2,0,0,0,0,0,3,4,0,1,3,,N,,,,,,,,,,,
2010074583,1630.0,2,0,0,0,0,0,0,0,0,4,0,,67,7,2010,6,39.9171,-75.173,1620.0,6,0,0,0,0,0,1,0,0,,0,0,0,15.0,1,1,1,,0,39 55:01.578,,0,75 10:22.695,4,0,0,0,67301,0,0,0,N,0,0,0,2,67301,1,,1,9,,N,N,,0,,0,0,0,3,2,,1510.0,1,2,0,0,2,0,0,3,4,0,2,7,,N,,,,,,,,,,,
2010074629,1000.0,1,0,0,0,0,0,0,0,0,4,0,,67,6,2010,4,40.0364,-75.1305,1000.0,6,0,0,0,0,0,1,0,0,,0,0,0,7.0,1,0,1,,0,40 02:11.152,,0,75 07:49.835,0,0,0,0,67301,0,0,0,N,0,0,0,4,67301,0,,1,1,,N,N,,0,,0,0,1,3,2,,700.0,0,2,0,0,0,0,0,3,4,0,2,3,,N,,,,,,,,,,,
2010030605,750.0,0,0,0,0,0,0,0,0,0,0,0,,67,3,2010,7,39.954,-75.1815,748.0,6,0,0,0,0,0,0,0,0,1.0,0,0,0,7.0,1,0,0,,2,39 57:19.803,3.0,0,75 10:51.136,0,0,0,0,67301,0,0,0,N,0,0,0,1,68K01,0,,1,1,,N,N,,0,,0,0,1,0,0,N,746.0,0,1,0,0,0,0,0,3,4,0,1,3,,N,,,,,,,,,,,
2010024766,231.0,0,0,0,0,0,0,0,0,0,1,0,,67,1,2010,1,39.9138,-75.1481,226.0,6,0,0,0,0,0,0,0,0,,0,0,0,99.0,3,1,0,,0,39 54:49.541,,7,75 08:53.003,4,0,0,1,67301,0,0,0,N,0,0,0,2,67301,1,,1,1,,N,N,,0,,0,0,1,0,0,,9999.0,1,2,0,0,0,0,0,3,4,0,2,3,,N,,,,,,,,,,,
2010028107,1910.0,2,0,0,0,0,0,0,0,0,4,0,,67,2,2010,3,39.9985,-75.0979,1903.0,6,0,0,0,1,0,0,0,0,,0,0,0,18.0,3,1,2,,0,39 59:54.506,,0,75 05:52.539,4,0,0,0,67301,0,0,0,N,0,0,0,3,67301,1,,1,2,,N,N,,0,,0,0,0,3,3,,1852.0,1,2,0,0,0,0,0,3,4,0,2,3,,N,,,,,,,,,,,
2010028378,720.0,1,0,0,0,0,0,1,0,0,4,1,,67,2,2010,3,39.9984,-75.1587,715.0,6,0,0,0,0,0,0,0,0,2.0,0,0,0,7.0,1,2,0,,1,39 59:54.390,5.0,0,75 09:31.205,3,0,0,0,67301,0,0,0,N,0,0,0,2,67301,0,,5,2,,Y,N,,0,,2,0,0,0,0,Y,700.0,2,2,0,0,0,0,0,3,4,0,2,10,,N,,,,,,,,,,,
2010028139,835.0,2,0,0,0,0,0,0,0,0,4,0,,67,2,2010,2,39.946,-75.214,832.0,6,0,0,0,0,0,1,0,0,2.0,0,0,0,8.0,1,1,1,,2,39 56:45.462,1.0,0,75 12:50.384,2,0,0,0,67301,0,0,0,N,0,0,0,2,67301,0,,1,1,,N,N,,0,,0,1,0,3,2,Y,832.0,1,2,0,0,0,0,0,3,4,0,2,3,,N,,,,,,,,,,,
2010028141,1200.0,2,0,0,0,0,0,0,0,0,1,0,,67,2,2010,5,39.9545,-75.1835,1156.0,6,0,0,0,0,0,0,0,0,,0,0,0,11.0,1,1,0,,0,39 57:16.082,,0,75 11:00.628,4,0,0,0,67301,1,0,0,N,0,0,0,3,67301,1,,2,1,,N,N,,0,,0,0,0,0,0,,1153.0,1,2,0,0,0,0,0,3,4,0,2,3,,N,,,,,,,,,,,
2010028146,1530.0,2,0,0,0,0,0,0,0,0,2,0,,67,2,2010,4,40.1136,-74.9872,1505.0,6,0,0,0,0,0,0,0,0,,0,0,0,15.0,1,2,0,,0,40 06:48.839,,7,74 59:14.056,4,0,0,0,67301,0,0,0,N,0,0,0,2,67301,2,,1,7,,N,N,,0,,0,0,0,9,9,,1500.0,2,2,0,0,0,0,0,3,4,0,2,10,,N,,,,,,,,,,,
2010028263,1009.0,1,0,0,0,0,0,0,0,0,8,0,,67,2,2010,5,39.947,-75.1545,1009.0,6,0,0,0,0,0,0,0,0,1.0,0,0,0,10.0,1,1,1,,1,39 56:49.048,2.0,0,75 09:16.145,4,0,0,0,67301,1,0,0,N,1,0,0,2,67301,1,,1,1,,N,N,,0,,0,0,0,3,2,N,1005.0,1,2,0,0,0,0,0,3,4,0,1,3,,N,,,,,,,,,,,
2010028364,1015.0,2,0,0,0,0,0,0,0,0,1,0,,67,2,2010,7,40.0597,-75.1401,1011.0,6,0,0,0,0,0,0,0,0,,0,0,0,10.0,1,1,1,,0,40 03:35.006,,0,75 08:24.305,4,0,0,0,67301,0,0,0,,0,0,0,2,67301,1,,1,2,,,,,0,,0,0,0,3,2,,1000.0,1,2,0,0,0,0,0,3,4,0,2,3,,N,,,,,,,,,,,
2010028404,1435.0,2,0,0,0,0,0,0,0,0,6,0,,67,1,2010,7,39.9453,-75.1786,1430.0,6,0,0,0,0,0,0,0,0,,0,0,0,14.0,1,1,1,,0,39 56:42.990,,0,75 10:42.837,4,0,0,0,67301,0,0,0,N,0,0,0,2,67301,1,,1,1,,N,N,,0,,0,0,0,0,0,,1430.0,1,2,0,0,0,0,0,3,4,0,2,3,,N,,,,,,,,,,,
2010028406,1222.0,1,0,0,0,0,0,0,0,0,8,0,,67,2,2010,2,39.9734,-75.2292,1220.0,6,0,0,0,0,0,0,1,0,,0,0,0,12.0,1,1,0,,0,39 58:24.142,,0,75 13:44.997,8,0,0,0,67301,1,0,0,N,1,0,0,2,67301,0,,1,6,,N,N,,0,,0,0,0,0,0,,1215.0,1,2,0,0,0,1,0,3,4,0,1,10,,N,,,,,,,,,,,
2010018057,831.0,2,0,0,0,0,0,0,0,0,1,0,,67,1,2010,4,40.0562,-75.1495,827.0,6,0,0,0,0,0,0,0,0,,0,0,0,8.0,3,1,1,,0,40 03:22.338,,99,75 08:58.185,4,0,0,0,67301,0,0,0,N,0,0,0,4,67301,1,,1,1,,N,N,,0,,0,0,0,3,2,,820.0,1,2,0,0,0,0,0,3,4,0,2,3,,N,,,,,,,,,,,
2010103952,1831.0,1,0,0,0,0,0,0,0,0,4,0,,67,9,2010,7,40.0833,-75.0261,1828.0,6,0,0,0,0,0,0,0,0,1.0,0,0,0,18.0,1,1,0,,1,40 04:59.911,1.0,7,75 01:34.043,4,0,0,1,67301,0,0,0,,0,0,0,4,67301,1,,1,1,,N,,,0,,0,0,0,3,2,N,1827.0,1,2,0,0,0,0,0,3,4,0,2,3,,N,,,,,,,,,,,
2010103623,653.0,1,0,0,0,0,0,0,0,0,0,0,,67,10,2010,4,39.9536,-75.1409,646.0,6,0,0,0,0,0,0,0,0,1.0,0,0,0,6.0,3,1,0,,1,39 57:13.445,1.0,0,75 08:27.304,4,0,0,0,67301,0,0,0,N,0,0,0,2,68K01,1,,1,1,,N,N,,1,,0,0,0,0,0,N,640.0,1,2,0,0,0,0,0,3,4,0,2,3,,N,,,,,,,,,,,
2011008202,1743.0,1,0,0,0,0,0,0,0,0,8,0,,67,12,2010,4,40.0059,-75.1498,1737.0,6,0,0,0,0,0,0,0,0,,0,0,0,17.0,1,1,0,,0,40 00:21.229,,0,75 08:59.244,4,0,0,0,67301,1,0,0,,1,0,0,2,67301,1,,1,1,,N,N,,0,,0,0,0,0,0,,1730.0,1,2,0,0,0,0,1,3,4,0,1,3,,N,,,,,,,,,,,
2011008226,1353.0,1,0,0,0,0,0,0,0,0,7,0,,67,12,2010,7,40.0757,-75.0335,1350.0,6,0,0,0,1,0,0,0,0,1.0,0,0,0,13.0,1,1,0,,1,40 04:32.538,1.0,0,75 02:00.505,4,0,0,0,67301,0,0,0,N,0,0,0,1,67301,1,,3,1,,N,N,,0,,0,0,0,0,0,N,1343.0,1,1,0,0,0,0,0,3,4,0,1,3,,N,,,,,,,,,,,
2011008242,556.0,0,0,0,0,0,0,0,0,0,8,0,,67,11,2010,7,40.0448,-75.2333,541.0,6,0,0,0,0,0,0,0,0,,0,1,0,5.0,3,1,0,,0,40 02:41.215,,0,75 13:59.887,2,0,0,0,67301,1,0,1,N,1,0,1,6,67301,0,,1,1,,N,N,,0,,0,1,0,0,0,,541.0,1,2,0,0,0,0,0,3,4,0,1,3,,N,,,,,,,,,,,
2011008248,1930.0,2,0,0,0,0,0,0,0,0,1,0,,67,12,2010,3,39.9571,-75.2358,1930.0,6,0,0,0,0,0,0,0,0,,0,0,0,19.0,3,1,1,,0,39 57:25.401,,0,75 14:08.753,8,0,0,0,67301,0,0,0,N,0,0,0,2,67301,0,,1,1,,N,N,,0,,0,0,0,3,3,,1910.0,1,2,0,0,0,1,0,3,4,0,2,3,,N,,,,,,,,,,,