CRN,ARRIVAL_TM,AUTOMOBILE_COUNT,BELTED_DEATH_COUNT,BELTED_SUSP_SERIOUS_INJ_COUNT,BICYCLE_COUNT,BICYCLE_DEATH_COUNT,BICYCLE_SUSP_SERIOUS_INJ_COUNT,BUS_COUNT,CHLDPAS_DEATH_COUNT,CHLDPAS_SUSP_SERIOUS_INJ_COUNT,COLLISION_TYPE,COMM_VEH_COUNT,CONS_ZONE_SPD_LIM,COUNTY,CRASH_MONTH,CRASH_YEAR,DAY_OF_WEEK,DEC_LAT,DEC_LONG,DISPATCH_TM,DISTRICT,DRIVER_COUNT_16YR,DRIVER_COUNT_17YR,DRIVER_COUNT_18YR,DRIVER_COUNT_19YR,DRIVER_COUNT_20YR,DRIVER_COUNT_50_64YR,DRIVER_COUNT_65_74YR,DRIVER_COUNT_75PLUS,EST_HRS_CLOSED,FATAL_COUNT,HEAVY_TRUCK_COUNT,HORSE_BUGGY_COUNT,HOUR_OF_DAY,ILLUMINATION,INJURY_COUNT,INTERSECT_TYPE,INTERSECTION_RELATED,LANE_CLOSED,LATITUDE,LN_CLOSE_DIR,LOCATION_TYPE,LONGITUDE,MAX_SEVERITY_LEVEL,MCYCLE_DEATH_COUNT,MCYCLE_SUSP_SERIOUS_INJ_COUNT,MOTORCYCLE_COUNT,MUNICIPALITY,NONMOTR_COUNT,NONMOTR_DEATH_COUNT,NONMOTR_SUSP_SERIOUS_INJ_COUNT,NTFY_HIWY_MAINT,PED_COUNT,PED_DEATH_COUNT,PED_SUSP_SERIOUS_INJ_COUNT,PERSON_COUNT,POLICE_AGCY,POSSIBLE_INJ_COUNT,RDWY_SURF_TYPE_CD,RELATION_TO_ROAD,ROAD_CONDITION,ROADWAY_CLEARED,SCH_BUS_IND,SCH_ZONE_IND,SECONDARY_CRASH,SMALL_TRUCK_COUNT,SPEC_JURIS_CD,SUSP_MINOR_INJ_COUNT,SUSP_SERIOUS_INJ_COUNT,SUV_COUNT,TCD_FUNC_CD,TCD_TYPE,TFC_DETOUR_IND,TIME_OF_DAY,TOT_INJ_COUNT,TOTAL_UNITS,UNB_DEATH_COUNT,UNB_SUSP_SERIOUS_INJ_COUNT,UNBELTED_OCC_COUNT,UNK_INJ_DEG_COUNT,UNK_INJ_PER_COUNT,URBAN_AREA,URBAN_RURAL,VAN_COUNT,VEHICLE_COUNT,WEATHER1,WEATHER2,WORK_ZONE_IND,WORK_ZONE_LOC,WORK_ZONE_TYPE,WORKERS_PRES,WZ_CLOSE_DETOUR,WZ_FLAGGER,WZ_LAW_OFFCR_IND,WZ_LN_CLOSURE,WZ_MOVING,WZ_OTHER,WZ_SHLDER_MDN,WZ_WORKERS_INJ_KILLED
2011010042,350.0,1,0,0,0,0,0,0,0,0,7,0,,67,12,2010,1,40.0819,-74.9666,340.0,6,0,0,0,1,0,0,0,0,2.0,0,0,0,3.0,3,0,0,,2,40 04:54.940,3.0,0,74 57:59.752,0,0,0,0,67301,0,0,0,N,0,0,0,1,67301,0,,3,1,,N,N,,0,,0,0,0,0,0,Y,335.0,0,1,0,0,0,0,0,3,4,0,1,3,,N,,,,,,,,,,,
2011026361,1429.0,3,0,0,0,0,0,0,0,0,5,0,,67,6,2010,4,40.0281,-75.1827,1427.0,6,0,0,0,0,0,0,0,0,,0,0,0,14.0,1,0,1,,0,40 01:41.019,,0,75 10:57.687,0,0,0,0,67301,0,0,0,N,0,0,0,2,67301,0,,1,1,,N,N,,0,,0,0,0,0,0,,1420.0,0,3,0,0,0,0,0,3,4,0,3,3,,N,,,,,,,,,,,
2011026362,1705.0,5,0,0,0,0,0,0,0,0,6,0,,67,6,2010,4,40.0079,-75.1515,1705.0,6,0,0,0,0,0,1,0,0,,0,0,0,17.0,1,3,0,,0,40 00:28.549,,0,75 09:05.512,4,0,0,0,67301,1,0,0,N,0,0,0,3,67301,3,,3,9,,N,N,,0,,0,0,0,3,2,,1700.0,3,5,0,0,0,0,0,3,4,0,5,7,,N,,,,,,,,,,,
2011075669,2020.0,1,0,0,0,0,0,0,0,0,4,1,,67,6,2010,4,39.9081,-75.1892,2010.0,6,0,0,0,0,0,1,0,0,,0,1,0,20.0,1,0,0,,0,39 54:29.079,,7,75 11:20.836,0,0,0,0,67301,0,0,0,N,0,0,0,2,67301,0,,1,1,,N,N,,0,,0,0,0,0,0,,2000.0,0,2,0,0,0,0,0,3,4,0,2,3,,N,,,,,,,,,,,
2011001741,110.0,1,0,0,0,0,0,0,0,0,7,0,,67,12,2010,4,39.9266,-75.1947,101.0,6,0,0,0,0,0,0,0,0,,0,0,0,0.0,3,1,3,,0,39 55:40.052,,0,75 11:44.667,2,0,0,0,67301,0,0,0,N,0,0,0,1,67301,0,,2,9,,N,N,,0,,0,1,0,0,0,,55.0,1,1,0,0,0,0,0,3,4,0,1,7,,N,,,,,,,,,,,
2011001387,1213.0,1,0,0,0,0,0,0,0,0,1,0,,67,12,2010,5,39.9588,-75.169,1201.0,6,0,0,0,0,0,1,1,0,2.0,0,0,0,11.0,1,0,0,,1,39 57:31.609,4.0,0,75 10:08.494,0,0,0,0,67301,0,0,0,N,0,0,0,3,68K01,0,,1,1,,N,N,,1,,0,0,1,0,0,Y,1159.0,0,3,0,0,0,0,0,3,4,0,3,3,,N,,,,,,,,,,,
2011000783,1607.0,2,0,0,0,0,0,0,0,0,4,0,,67,11,2010,2,40.0766,-75.0329,1607.0,6,0,0,0,0,0,0,1,0,1.0,0,0,0,16.0,1,0,1,,1,40 04:35.844,5.0,0,75 01:58.321,0,0,0,0,67301,0,0,0,,0,0,0,2,67301,0,,1,1,,,,,0,,0,0,0,3,2,N,1605.0,0,2,0,0,0,0,0,3,4,0,2,3,,N,,,,,,,,,,,
2011000804,2038.0,0,0,0,0,0,0,0,0,0,8,0,,67,10,2010,3,39.9876,-75.1412,2038.0,6,0,0,0,0,0,0,0,0,3.0,1,0,0,20.0,3,0,1,,2,39 59:15.183,1.0,0,75 08:28.377,1,0,0,0,67301,1,1,0,N,1,1,0,2,67301,0,2.0,1,1,,N,N,,1,0.0,0,0,0,3,2,Y,2038.0,0,2,0,0,0,0,0,3,4,0,1,3,,N,,,,,,,,,,,
2011027932,1905.0,2,0,0,0,0,0,0,0,0,4,0,,67,6,2010,4,40.1009,-75.0077,1900.0,6,0,0,0,0,0,0,0,0,1.0,0,0,0,19.0,1,2,3,,2,40 06:03.181,2.0,0,75 00:27.564,4,0,0,0,67301,0,0,0,N,0,0,0,4,67301,2,,1,9,,N,N,,0,,0,0,1,0,0,N,1900.0,2,3,0,0,0,0,0,3,4,0,3,7,,N,,,,,,,,,,,
2010076330,1237.0,1,0,0,0,0,0,0,0,0,7,0,,67,8,2010,4,40.0081,-75.0709,1234.0,6,0,0,0,0,0,0,0,0,1.0,0,0,0,12.0,1,1,0,,1,40 00:29.555,1.0,0,75 04:14.538,8,0,0,0,67301,0,0,0,N,0,0,0,1,68K01,0,,2,1,,N,N,,0,,0,0,0,0,0,N,1230.0,1,1,0,0,0,1,0,3,4,0,1,3,,N,,,,,,,,,,,
2010048877,914.0,1,0,0,0,0,0,0,0,0,4,0,,67,4,2010,5,39.9894,-75.1437,836.0,6,0,0,0,0,0,0,0,0,,0,0,0,8.0,1,1,1,,0,39 59:21.811,,0,75 08:37.251,4,0,0,0,67301,0,0,0,N,0,0,0,6,67301,1,,1,1,,N,N,,0,,0,0,1,3,3,,836.0,1,2,0,0,0,0,0,3,4,0,2,3,,N,,,,,,,,,,,
2010048926,1840.0,1,0,0,0,0,0,1,0,0,4,1,,67,4,2010,6,39.9504,-75.1601,1830.0,6,0,0,0,0,0,1,0,0,,0,0,0,99.0,1,1,1,,0,39 57:01.383,,0,75 09:36.443,4,0,0,0,67301,0,0,0,N,0,0,0,6,67301,1,,1,1,,N,N,,0,,0,0,0,3,2,,9999.0,1,2,0,0,0,0,0,3,4,0,2,3,,N,,,,,,,,,,,
2010052099,2335.0,2,0,0,0,0,0,0,0,0,2,0,,67,4,2010,4,40.0032,-75.2224,2327.0,6,0,0,0,0,0,0,0,0,,0,0,0,23.0,3,0,0,,0,40 00:11.420,,7,75 13:20.639,0,0,0,0,67301,0,0,0,N,0,0,0,2,67301,0,,1,1,,N,N,,0,,0,0,0,0,0,,2315.0,0,2,0,0,0,0,0,3,4,0,2,3,,N,,,,,,,,,,,
2010047193,1010.0,1,0,0,0,0,0,0,0,0,4,0,,67,5,2010,3,40.0258,-75.1235,1001.0,6,0,0,0,0,0,0,0,1,1.0,0,0,0,10.0,1,1,5,,2,40 01:32.799,2.0,0,75 07:24.507,8,0,0,0,67301,0,0,0,N,0,0,0,2,67301,0,,1,9,,N,N,,0,,0,0,0,3,2,N,1006.0,1,2,0,0,1,1,0,3,4,1,2,7,,N,,,,,,,,,,,
2010091088,1620.0,0,0,0,0,0,0,0,0,0,4,0,,67,7,2010,2,40.0656,-74.9876,1613.0,6,0,0,1,0,1,0,0,0,,0,0,0,16.0,1,1,2,,0,40 03:56.095,,0,74 59:15.500,8,0,0,0,67301,0,0,0,N,0,0,0,3,67301,0,,1,1,,N,N,,0,,0,0,2,0,0,,1610.0,1,3,0,0,0,1,0,3,4,1,3,3,,N,,,,,,,,,,,
2010121916,515.0,2,0,0,0,0,0,0,0,0,4,0,,67,11,2010,1,40.0043,-75.1281,513.0,6,0,0,0,0,0,0,0,1,,0,0,0,5.0,3,2,1,,0,40 00:15.609,,0,75 07:41.037,3,0,0,0,67301,0,0,0,N,0,0,0,3,67301,1,,1,1,,N,N,,0,,1,0,0,3,1,,510.0,2,2,0,0,0,0,0,3,4,0,2,3,,N,,,,,,,,,,,
2010122405,1233.0,1,0,0,1,0,0,0,0,0,1,0,,67,11,2010,4,39.9539,-75.1886,1231.0,6,0,0,0,0,0,0,0,0,,0,0,0,12.0,1,1,0,,0,39 57:14.151,,0,75 11:18.741,3,0,0,0,67301,1,0,0,,0,0,0,2,67301,0,,1,1,,,,,0,,1,0,0,0,0,,1230.0,1,2,0,0,0,0,0,3,4,0,1,3,,N,,,,,,,,,,,
2010117142,1608.0,1,0,0,0,0,0,0,0,0,1,0,,67,11,2010,2,39.9572,-75.1576,1558.0,6,0,0,0,0,0,0,0,0,,0,0,0,15.0,1,0,0,,0,39 57:25.979,,0,75 09:27.423,0,0,0,0,67301,0,0,0,N,0,0,0,2,68K01,0,,1,1,,N,N,,0,,0,0,1,0,0,,1555.0,0,2,0,0,0,0,0,3,4,0,2,3,,N,,,,,,,,,,,
2010111445,10.0,1,0,0,0,0,0,0,0,0,7,0,,67,10,2010,7,39.9261,-75.2439,5.0,6,0,0,0,0,0,0,0,0,6.0,0,0,0,0.0,3,1,0,,2,39 55:33.881,6.0,0,75 14:37.989,4,0,0,0,67301,0,0,0,N,0,0,0,1,67301,1,,2,8,,N,N,,0,,0,0,0,0,0,Y,5.0,1,1,0,0,0,0,0,3,4,0,1,3,,N,,,,,,,,,,,
2010114075,1936.0,2,0,0,0,0,0,0,0,0,4,0,,67,10,2010,3,40.058,-75.0833,1935.0,6,0,0,0,0,0,0,0,0,,0,0,0,19.0,2,3,1,,0,40 03:28.774,,0,75 04:59.926,4,0,0,0,67301,0,0,0,N,0,0,0,6,67301,3,,1,1,,,,,0,,0,0,0,0,0,,1930.0,3,2,0,0,0,0,0,3,4,0,2,3,,N,,,,,,,,,,,
2010069741,116.0,1,0,0,0,0,0,0,0,0,1,0,,67,6,2010,1,40.0029,-75.1017,116.0,6,0,0,0,0,0,0,0,0,,0,0,0,0.0,3,1,0,,0,40 00:10.573,,0,75 06:06.069,4,0,0,0,67301,0,0,0,N,0,0,0,2,67301,1,,1,1,,N,N,,0,,0,0,0,0,0,,45.0,1,2,0,0,0,0,0,3,4,1,2,3,,N,,,,,,,,,,,
2010069793,1003.0,2,0,0,0,0,0,0,0,0,4,0,,67,6,2010,7,39.9512,-75.167,1000.0,6,0,0,0,0,0,1,0,0,,0,0,0,10.0,1,2,1,,0,39 57:04.489,,0,75 10:01.286,8,0,0,0,67301,0,0,0,N,0,0,0,3,67301,0,,1,1,,N,N,,0,,0,0,0,3,2,,1000.0,2,2,0,0,0,2,0,3,4,0,2,3,,N,,,,,,,,,,,
2010056556,1012.0,1,0,0,0,0,0,0,0,0,0,1,,67,6,2010,5,39.8869,-75.2425,958.0,6,0,0,0,0,0,1,0,1,1.0,0,1,0,9.0,1,0,0,,1,39 53:10.260,1.0,0,75 14:34.335,0,0,0,0,67301,0,0,0,N,0,0,0,2,68K01,0,,1,1,,N,N,,0,,0,0,0,0,0,N,927.0,0,2,0,0,0,0,0,3,4,0,2,3,,N,,,,,,,,,,,
2010074447,1720.0,0,0,0,0,0,0,0,0,0,4,0,,67,7,2010,5,40.1238,-75.0153,1719.0,6,0,0,0,0,0,1,0,0,,0,0,0,17.0,1,1,0,,0,40 07:25.810,,7,75 00:55.242,8,0,0,0,67301,0,0,0,N,0,0,0,2,67301,0,,1,1,,N,N,,0,,0,0,2,0,0,,1705.0,1,2,0,0,0,1,1,3,4,0,2,3,,N,,,,,,,,,,,
2010081918,1525.0,1,0,0,0,0,0,0,0,0,7,0,,67,7,2010,3,39.9501,-75.1407,1522.0,6,0,0,0,0,0,0,0,0,,0,0,0,15.0,1,1,0,,0,39 57:00.202,,0,75 08:26.587,8,0,0,0,67301,0,0,0,N,0,0,0,1,67301,0,,5,98,,N,N,,0,,0,0,0,0,0,,1520.0,1,1,0,0,0,1,0,3,4,0,1,99,,N,,,,,,,,,,,
2010067059,2115.0,1,0,0,0,0,0,0,0,0,6,0,,67,6,2010,4,39.9393,-75.1982,2112.0,6,0,0,0,0,0,0,0,0,,0,0,0,21.0,3,1,1,,0,39 56:22.681,,0,75 11:53.378,8,0,0,0,67301,0,0,0,N,0,0,0,2,67301,0,,1,9,,N,N,,1,,0,0,0,3,2,,2112.0,1,2,0,0,0,1,0,3,4,0,2,7,,N,,,,,,,,,,,
2010069593,1825.0,1,0,0,0,0,0,0,0,0,8,0,,67,6,2010,5,40.0362,-75.1865,1810.0,6,0,0,0,0,0,0,0,0,,0,0,0,18.0,1,1,0,,0,40 02:10.213,,0,75 11:11.572,4,0,0,0,67301,1,0,0,N,1,0,0,2,67301,1,,1,1,,N,N,,0,,0,0,0,0,0,,1810.0,1,2,0,0,0,0,0,3,4,0,1,3,,N,,,,,,,,,,,
2010069596,827.0,1,0,0,0,0,0,0,0,0,4,0,,67,6,2010,2,40.1239,-75.0153,827.0,6,0,0,0,0,0,1,0,0,,0,0,0,8.0,1,1,0,,0,40 07:26.155,,7,75 00:55.084,8,0,0,0,67301,0,0,0,N,0,0,0,2,67301,0,,1,1,,N,N,,0,,0,0,0,0,0,,815.0,1,2,0,0,0,1,0,3,4,1,2,3,,N,,,,,,,,,,,
2010084541,850.0,2,0,0,0,0,0,0,0,0,1,0,,67,7,2010,6,40.0686,-75.182,844.0,6,0,0,0,0,0,0,0,0,,0,0,0,8.0,1,1,0,,0,40 04:07.139,,0,75 10:55.239,8,0,0,0,67301,0,0,0,N,0,0,0,2,67301,0,,1,1,,N,N,,0,,0,0,0,0,0,,842.0,1,2,0,0,0,1,0,3,4,0,2,3,,N,,,,,,,,,,,
2010081805,1731.0,1,0,0,0,0,0,0,0,0,4,0,,67,7,2010,2,39.9038,-75.2405,1708.0,6,0,0,0,0,0,1,0,0,,0,0,0,11.0,1,1,0,,0,39 54:13.744,,7,75 14:25.951,4,0,0,0,67301,0,0,0,,0,0,0,2,67301,1,,1,1,,,,,0,,0,0,1,3,2,,1100.0,1,2,0,0,0,0,0,3,4,0,2,99,,N,,,,,,,,,,,
2010069958,2030.0,0,0,0,0,0,0,0,0,0,8,0,,67,6,2010,6,39.9876,-75.1412,2017.0,6,0,0,0,0,0,0,0,0,,0,0,0,99.0,4,1,1,,0,39 59:15.183,,0,75 08:28.377,8,0,0,0,67301,1,0,0,N,1,0,0,2,67301,0,,1,1,,N,N,,0,,0,0,1,3,2,,9999.0,1,2,0,0,0,1,0,3,4,0,1,3,,N,,,,,,,,,,,
2010069964,856.0,0,0,0,0,0,0,0,0,0,1,0,,67,5,2010,6,40.0228,-75.0493,859.0,6,0,0,0,0,0,0,0,0,9.0,0,0,0,8.0,1,1,0,,2,40 01:22.138,5.0,0,75 02:57.430,4,0,0,0,67301,0,0,0,N,0,0,0,3,67301,1,,1,1,,N,N,,1,,0,0,1,3,2,Y,849.0,1,2,0,0,0,0,0,3,4,0,2,3,,N,,,,,,,,,,,
2010069991,1022.0,1,0,0,0,0,0,0,0,0,8,0,,67,6,2010,5,39.9533,-75.1596,1022.0,6,0,0,0,0,0,1,0,0,,0,0,0,10.0,1,1,0,,0,39 57:11.760,,0,75 09:34.520,8,0,0,0,67301,1,0,0,N,1,0,0,2,67301,0,,6,1,,N,N,,0,,0,0,0,0,0,,1021.0,1,2,0,0,0,1,0,3,4,0,1,3,,N,,,,,,,,,,,
2010069994,915.0,1,0,0,0,0,0,0,0,0,8,0,,67,6,2010,6,40.0352,-75.1455,900.0,6,0,0,0,0,0,0,0,1,,0,0,0,9.0,1,1,1,,0,40 02:06.731,,0,75 08:43.670,4,0,0,0,67301,1,0,0,N,1,0,0,2,67301,1,,1,1,,N,N,,0,,0,0,0,9,2,,900.0,1,2,0,0,0,0,1,3,4,0,1,3,,N,,,,,,,,,,,
2010066976,2133.0,1,0,0,0,0,0,0,0,0,8,0,,67,6,2010,4,39.9913,-75.1486,2129.0,6,0,0,0,0,0,0,0,0,,0,0,0,17.0,1,1,0,,0,39 59:28.790,,0,75 08:54.920,4,0,0,0,67301,1,0,0,,1,0,0,2,67301,1,,6,1,,N,N,,0,,0,0,0,0,0,,1755.0,1,2,0,0,0,0,0,3,4,0,1,3,,N,,,,,,,,,,,
2010074631,1254.0,1,0,0,0,0,0,0,0,0,1,0,,67,7,2010,1,40.0301,-75.0881,1254.0,6,0,0,0,0,0,1,0,0,1.0,0,0,0,12.0,1,1,0,,2,40 01:48.457,2.0,0,75 05:17.130,8,0,0,0,67301,0,0,0,,0,0,0,2,67301,0,,1,1,,N,N,,0,,0,0,0,3,2,N,1254.0,1,2,0,0,0,1,1,3,4,1,2,3,,N,,,,,,,,,,,
2010058952,2035.0,1,0,0,0,0,0,0,0,0,1,0,,67,5,2010,6,39.9206,-75.2414,2028.0,6,0,0,0,1,0,1,0,0,,0,0,0,20.0,3,1,1,,0,39 55:14.271,,0,75 14:29.219,4,0,0,0,67301,0,0,0,,0,0,0,4,67301,1,,1,1,,,,,0,,0,0,1,0,0,,2025.0,1,2,0,0,0,0,0,3,4,0,2,3,,N,,,,,,,,,,,
2010030480,2318.0,1,0,0,0,0,0,0,0,0,7,0,,67,3,2010,4,39.8899,-75.2195,2310.0,6,0,0,0,1,0,0,0,0,1.0,0,0,0,23.0,3,1,0,,1,39 53:24.265,2.0,0,75 13:10.981,3,0,0,0,67301,0,0,0,N,0,0,0,1,68K01,0,,2,1,,N,N,,0,,1,0,0,0,0,N,2304.0,1,1,0,0,0,0,0,3,4,0,1,3,,N,,,,,,,,,,,
2010028181,1540.0,0,0,0,0,0,0,0,0,0,8,0,,67,2,2010,1,39.9245,-75.1696,1521.0,6,0,0,0,0,0,0,0,0,,0,0,0,14.0,1,1,0,,0,39 55:28.002,,0,75 10:10.541,8,0,0,0,67301,1,0,0,N,1,0,0,2,67301,0,,1,9,,N,N,,0,,0,0,1,3,2,,1450.0,1,2,0,0,0,1,1,3,4,0,1,3,,N,,,,,,,,,,,
2010022169,1347.0,2,0,0,0,0,0,0,0,0,5,0,,67,2,2010,1,40.0203,-75.0433,1344.0,6,0,0,0,0,0,0,0,0,,0,0,0,13.0,1,1,0,,0,40 01:15.144,,0,75 02:30.735,8,0,0,0,67301,0,0,0,N,0,0,0,5,68K01,0,,1,1,,N,N,,1,,0,0,0,0,0,,1342.0,1,3,0,0,0,1,1,3,4,0,3,3,,N,,,,,,,,,,,
2010027952,941.0,2,0,0,0,0,0,0,0,0,4,0,,67,1,2010,4,39.9954,-75.2182,941.0,6,0,0,0,0,0,1,1,0,,0,0,0,9.0,1,1,2,,0,39 59:43.381,,0,75 13:05.706,8,0,0,0,67301,0,0,0,N,0,0,0,2,67301,0,,1,1,,N,N,,0,,0,0,0,3,2,,935.0,1,2,0,0,0,1,0,3,4,0,2,3,,N,,,,,,,,,,,
2010028228,2000.0,2,0,0,0,0,0,0,0,0,1,0,,67,2,2010,2,40.0457,-75.0164,1955.0,6,0,0,0,0,0,0,0,0,,0,0,0,19.0,3,0,2,,0,40 02:44.449,,0,75 00:58.925,0,0,0,0,67301,0,0,0,,0,0,0,2,67301,0,,1,9,,,,,0,,0,0,0,3,2,,1955.0,0,2,0,0,0,0,0,3,4,0,2,10,,N,,,,,,,,,,,
2010028282,1740.0,1,0,0,0,0,0,0,0,0,4,0,,67,2,2010,5,40.0586,-75.2341,1732.0,6,0,0,1,0,0,1,0,0,,0,0,0,16.0,1,1,1,,0,40 03:32.348,,0,75 14:03.834,4,0,0,0,67301,0,0,0,,0,0,0,4,67301,1,,1,7,,N,N,,0,,0,0,1,3,3,,1600.0,1,2,0,0,0,0,0,3,4,0,2,10,,N,,,,,,,,,,,
2010028323,1558.0,1,0,0,0,0,0,0,0,0,7,0,,67,2,2010,1,40.0186,-75.1735,1542.0,6,0,0,0,0,0,0,0,0,,0,0,0,15.0,1,0,0,,0,40 01:07.106,,0,75 10:24.590,0,0,0,0,67301,0,0,0,N,0,0,0,1,67301,0,,5,2,,N,N,,0,,0,0,0,0,0,,1542.0,0,1,0,0,0,0,0,3,4,0,1,10,,N,,,,,,,,,,,
2010028369,25.0,2,0,0,0,0,0,0,0,0,4,0,,67,1,2010,7,40.0456,-75.141,24.0,6,0,0,0,0,0,0,0,0,,0,0,0,23.0,3,3,2,,0,40 02:44.325,,0,75 08:27.682,4,0,0,0,67301,0,0,0,N,0,0,0,5,67301,3,,1,2,,N,N,,0,,0,0,0,9,3,,2330.0,3,2,0,0,4,0,0,3,4,0,2,10,,N,,,,,,,,,,,
2010028399,1955.0,2,0,0,0,0,0,0,0,0,5,0,,67,2,2010,7,39.9273,-75.1448,1950.0,6,0,0,0,0,0,1,0,0,,0,0,0,19.0,3,3,0,,0,39 55:38.508,,0,75 08:41.188,8,0,0,0,67301,0,0,0,N,0,0,0,3,67301,0,,1,2,,N,N,,0,,0,0,0,0,0,,1945.0,3,2,0,0,3,3,0,3,4,0,2,3,,N,,,,,,,,,,,
2010028565,1548.0,0,0,0,0,0,0,0,0,0,8,0,,67,2,2010,2,39.9875,-75.1019,1546.0,6,0,1,0,0,0,0,0,0,,0,0,0,99.0,1,1,1,,0,39 59:15.154,,0,75 06:07.016,3,0,0,0,67301,1,0,0,,1,0,0,2,67301,0,,1,1,,N,N,,0,,1,0,0,3,3,,9999.0,1,2,0,0,0,0,0,3,4,1,1,3,,N,,,,,,,,,,,
2010103951,1935.0,0,0,0,0,0,0,0,0,0,8,1,,67,9,2010,5,40.039,-75.1446,1932.0,6,0,0,0,0,0,1,0,0,1.0,0,1,0,19.0,3,1,1,,2,40 02:20.709,2.0,0,75 08:41.028,4,0,0,0,67301,1,0,0,,1,0,0,2,67301,1,,1,98,,N,,,0,,0,0,0,3,2,Y,1931.0,1,2,0,0,0,0,0,3,4,0,1,3,,N,,,,,,,,,,,
2010110760,1058.0,1,0,0,0,0,0,0,0,0,5,0,,67,10,2010,4,39.9478,-75.1442,1046.0,6,0,0,0,0,0,0,0,1,,0,0,0,10.0,1,1,0,,0,39 56:52.123,,0,75 08:39.174,4,0,0,0,67301,0,0,0,N,0,0,0,1,67301,1,,6,1,,N,N,,1,,0,0,0,0,0,,1036.0,1,2,0,0,0,0,0,3,4,0,2,3,,N,,,,,,,,,,,
2010110770,1005.0,0,0,0,0,0,0,0,0,0,8,0,,67,8,2010,6,40.0412,-75.0882,957.0,6,0,0,0,0,0,0,0,0,2.0,0,0,0,9.0,1,1,2,,1,40 02:28.235,1.0,0,75 05:17.545,3,0,0,0,67301,1,0,0,N,1,0,0,2,67301,0,,1,1,,N,N,,0,,1,0,0,2,3,Y,955.0,1,2,0,0,0,0,0,3,4,1,1,3,,N,,,,,,,,,,,
2011010016,1422.0,1,0,0,0,0,0,0,0,0,4,0,,67,12,2010,3,39.9568,-75.2439,1420.0,6,0,0,0,0,0,0,0,0,2.0,0,0,0,14.0,1,1,1,,1,39 57:24.462,1.0,0,75 14:38.029,4,0,0,0,67301,0,0,0,N,0,0,0,2,67301,1,,1,9,,N,N,,0,,0,0,0,3,2,N,1412.0,1,2,0,0,1,0,0,3,4,1,2,3,,N,,,,,,,,,,,
2011008162,1747.0,1,0,0,0,0,0,0,0,0,1,0,,67,12,2010,1,39.9903,-75.2053,1747.0,6,0,0,0,0,0,0,0,0,1.0,0,0,0,17.0,2,3,0,,1,39 59:27.718,3.0,0,75 12:15.175,8,0,0,0,67301,0,0,0,N,0,0,0,3,68K01,0,,1,7,,N,N,,0,,0,0,0,0,0,N,1747.0,3,2,0,0,0,3,0,3,4,1,2,10,,N,,,,,,,,,,,
2011008270,731.0,1,0,0,0,0,0,0,0,0,7,0,,67,12,2010,7,40.043,-75.2373,726.0,6,0,0,0,0,0,0,0,0,,0,0,0,7.0,1,0,0,,0,40 02:34.699,,0,75 14:14.197,0,0,0,0,67301,0,0,0,N,0,0,0,0,67301,0,,4,1,,N,N,,0,,0,0,0,0,0,,726.0,0,1,0,0,0,0,0,3,4,0,1,3,,N,,,,,,,,,,,
2010069998,809.0,2,0,0,0,0,0,0,0,0,2,0,,67,6,2010,4,40.086,-75.0397,801.0,6,0,0,0,0,0,1,0,0,,0,0,0,7.0,1,2,0,,0,40 05:09.449,,7,75 02:23.098,4,0,0,0,67301,0,0,0,N,0,0,0,2,67301,2,,1,1,,N,N,,0,,0,0,0,0,0,,746.0,2,2,0,0,0,0,0,3,4,0,2,3,,N,,,,,,,,,,,
2010070035,1435.0,1,0,0,0,0,0,0,0,0,8,0,,67,6,2010,6,40.0501,-75.0642,1426.0,6,0,0,0,0,0,0,0,0,,0,0,0,13.0,1,1,1,,0,40 03:00.396,,0,75 03:51.268,4,0,0,0,67301,1,0,0,N,1,0,0,2,67301,1,,1,1,,N,N,,0,,0,0,0,3,2,,1330.0,1,2,0,0,0,0,1,3,4,0,1,3,,N,,,,,,,,,,,
2010070049,1540.0,2,0,0,0,0,0,0,0,0,1,0,,67,6,2010,5,40.0982,-75.015,1534.0,6,0,0,0,0,0,0,0,1,,0,0,0,15.0,1,2,0,,0,40 05:53.667,,0,75 00:54.000,4,0,0,0,67301,0,0,0,,0,0,0,3,67301,1,,1,1,,,,,0,,0,0,0,0,0,,1500.0,2,2,0,0,1,1,0,3,4,0,2,3,,N,,,,,,,,,,,
2010070054,658.0,0,0,0,0,0,0,0,0,0,8,0,,67,6,2010,7,40.044,-75.0537,655.0,6,0,0,0,0,0,1,0,0,,0,0,0,6.0,1,1,0,,0,40 02:38.554,,0,75 03:13.217,8,0,0,0,67301,1,0,0,N,1,0,0,2,67301,0,,1,1,,N,N,,0,,0,0,1,0,0,,653.0,1,2,0,0,0,1,0,3,4,0,1,3,,N,,,,,,,,,,,
2010066145,1941.0,1,0,0,0,0,0,0,0,0,1,0,55.0,67,7,2010,6,39.89,-75.2204,1918.0,6,0,0,0,1,0,0,0,0,,0,0,0,19.0,1,1,0,,0,39 53:22.547,,0,75 13:10.832,8,0,0,0,67301,0,0,0,N,0,0,0,3,68K01,0,,1,1,,N,N,,0,,0,0,1,0,0,,1904.0,1,2,0,0,0,1,0,3,4,0,2,3,,Y,2.0,1.0,N,N,N,N,N,N,Y,N,