CRN,ARRIVAL_TM,AUTOMOBILE_COUNT,BELTED_DEATH_COUNT,BELTED_SUSP_SERIOUS_INJ_COUNT,BICYCLE_COUNT,BICYCLE_DEATH_COUNT,BICYCLE_SUSP_SERIOUS_INJ_COUNT,BUS_COUNT,CHLDPAS_DEATH_COUNT,CHLDPAS_SUSP_SERIOUS_INJ_COUNT,COLLISION_TYPE,COMM_VEH_COUNT,CONS_ZONE_SPD_LIM,COUNTY,CRASH_MONTH,CRASH_YEAR,DAY_OF_WEEK,DEC_LAT,DEC_LONG,DISPATCH_TM,DISTRICT,DRIVER_COUNT_16YR,DRIVER_COUNT_17YR,DRIVER_COUNT_18YR,DRIVER_COUNT_19YR,DRIVER_COUNT_20YR,DRIVER_COUNT_50_64YR,DRIVER_COUNT_65_74YR,DRIVER_COUNT_75PLUS,EST_HRS_CLOSED,FATAL_COUNT,HEAVY_TRUCK_COUNT,HORSE_BUGGY_COUNT,HOUR_OF_DAY,ILLUMINATION,INJURY_COUNT,INTERSECT_TYPE,INTERSECTION_RELATED,LANE_CLOSED,LATITUDE,LN_CLOSE_DIR,LOCATION_TYPE,LONGITUDE,MAX_SEVERITY_LEVEL,MCYCLE_DEATH_COUNT,MCYCLE_SUSP_SERIOUS_INJ_COUNT,MOTORCYCLE_COUNT,MUNICIPALITY,NONMOTR_COUNT,NONMOTR_DEATH_COUNT,NONMOTR_SUSP_SERIOUS_INJ_COUNT,NTFY_HIWY_MAINT,PED_COUNT,PED_DEATH_COUNT,PED_SUSP_SERIOUS_INJ_COUNT,PERSON_COUNT,POLICE_AGCY,POSSIBLE_INJ_COUNT,RDWY_SURF_TYPE_CD,RELATION_TO_ROAD,ROAD_CONDITION,ROADWAY_CLEARED,SCH_BUS_IND,SCH_ZONE_IND,SECONDARY_CRASH,SMALL_TRUCK_COUNT,SPEC_JURIS_CD,SUSP_MINOR_INJ_COUNT,SUSP_SERIOUS_INJ_COUNT,SUV_COUNT,TCD_FUNC_CD,TCD_TYPE,TFC_DETOUR_IND,TIME_OF_DAY,TOT_INJ_COUNT,TOTAL_UNITS,UNB_DEATH_COUNT,UNB_SUSP_SERIOUS_INJ_COUNT,UNBELTED_OCC_COUNT,UNK_INJ_DEG_COUNT,UNK_INJ_PER_COUNT,URBAN_AREA,URBAN_RURAL,VAN_COUNT,VEHICLE_COUNT,WEATHER1,WEATHER2,WORK_ZONE_IND,WORK_ZONE_LOC,WORK_ZONE_TYPE,WORKERS_PRES,WZ_CLOSE_DETOUR,WZ_FLAGGER,WZ_LAW_OFFCR_IND,WZ_LN_CLOSURE,WZ_MOVING,WZ_OTHER,WZ_SHLDER_MDN,WZ_WORKERS_INJ_KILLED
2010074513,2154.0,3,0,0,0,0,0,0,0,0,1,0,,67,5,2010,7,39.9274,-75.2318,2153.0,6,0,0,1,0,0,1,0,0,,0,0,0,21.0,3,1,0,,0,39 55:38.599,,0,75 13:54.598,4,0,0,0,67301,0,0,0,N,0,0,0,7,67301,1,,1,1,,N,,,0,,0,0,0,0,0,,2153.0,1,3,0,0,0,0,0,3,4,0,3,3,,N,,,,,,,,,,,
2010074649,1714.0,1,0,0,0,0,0,0,0,0,7,0,,67,7,2010,1,39.9309,-75.1751,1710.0,6,0,0,0,0,0,0,1,0,1.0,0,0,0,17.0,1,1,0,,1,39 55:51.204,3.0,0,75 10:30.252,4,0,0,0,67301,0,0,0,N,0,0,0,2,67301,1,,5,1,,N,N,,0,,0,0,0,0,0,N,1710.0,1,1,0,0,0,0,1,3,4,0,1,3,,N,,,,,,,,,,,
2010058945,1522.0,2,0,0,0,0,0,0,0,0,6,0,,67,4,2010,6,39.9908,-75.1309,1514.0,6,0,0,0,0,0,0,0,0,,0,0,0,99.0,1,0,1,,0,39 59:27.011,,0,75 07:51.262,0,0,0,0,67301,0,0,0,,0,0,0,6,67301,0,,1,1,,,,,0,,0,0,0,3,2,,9999.0,0,2,0,0,0,0,0,3,4,0,2,3,,N,,,,,,,,,,,
2010028138,1417.0,1,0,0,0,0,0,0,0,0,8,0,,67,2,2010,6,39.9538,-75.2245,1403.0,6,0,0,0,0,0,1,0,0,,0,0,0,13.0,1,1,0,,0,39 57:13.726,,0,75 13:28.023,4,0,0,0,67301,1,0,0,N,1,0,0,2,67301,1,,1,7,,N,N,,0,,0,0,0,0,0,,1330.0,1,2,0,0,0,0,1,3,4,0,1,10,,N,,,,,,,,,,,
2010028283,1856.0,1,0,0,0,0,0,0,0,0,8,0,,67,2,2010,3,40.0414,-75.216,1847.0,6,0,0,0,0,0,0,0,0,,0,0,0,16.0,3,1,0,,0,40 02:29.180,,0,75 12:57.700,4,0,0,0,67301,1,0,0,N,1,0,0,2,67301,1,,1,1,,N,N,,0,,0,0,0,3,3,,1640.0,1,2,0,0,0,0,0,3,4,0,1,3,,N,,,,,,,,,,,
2010028370,1733.0,1,0,0,0,0,0,0,0,0,8,0,,67,2,2010,6,40.0398,-75.1445,1727.0,6,0,0,0,0,0,0,0,0,,0,0,0,17.0,3,1,1,,0,40 02:23.373,,0,75 08:40.028,4,0,0,0,67301,1,0,0,N,1,0,0,2,67301,1,,1,9,,N,N,,0,,0,0,0,3,2,,1702.0,1,2,0,0,1,0,1,3,4,0,1,7,,N,,,,,,,,,,,
2010033904,1637.0,1,0,0,0,0,0,0,0,0,7,0,,67,3,2010,2,39.9421,-75.1433,1632.0,6,0,0,0,0,0,0,0,0,,0,0,0,16.0,1,1,0,,0,39 56:31.689,,0,75 08:35.849,8,0,0,0,67301,0,0,0,N,0,0,0,1,68K01,0,,2,1,,N,N,,0,,0,0,0,0,0,,1629.0,1,1,0,0,1,1,0,3,4,0,1,3,,N,,,,,,,,,,,
2010025665,234.0,2,0,0,0,0,0,0,0,0,1,0,,67,1,2010,1,39.9988,-75.0807,231.0,6,0,0,0,0,0,0,0,0,,0,0,0,2.0,3,2,0,,0,39 59:56.114,,0,75 04:50.280,4,0,0,0,67301,0,0,0,N,0,0,0,3,68K01,1,,1,1,,N,N,,0,,0,0,0,0,0,,224.0,2,2,0,0,0,1,0,3,4,0,2,3,,N,,,,,,,,,,,
2010018036,2350.0,0,0,0,0,0,0,1,0,0,4,1,,67,1,2010,5,39.9999,-75.1533,2341.0,6,0,0,0,0,0,0,1,0,,0,0,0,22.0,3,1,0,,0,39 59:59.537,,0,75 09:11.881,4,0,0,0,67301,0,0,0,,0,0,0,3,67301,1,,1,1,,N,N,,1,,0,0,0,3,2,,2214.0,1,2,0,0,1,0,0,3,4,0,2,3,,N,,,,,,,,,,,
2010015560,1554.0,2,0,0,0,0,0,0,0,0,4,0,,67,1,2010,7,39.9805,-75.2059,1553.0,6,0,0,0,0,0,0,0,0,1.0,0,0,0,15.0,1,0,0,,1,39 58:52.640,3.0,0,75 12:24.916,0,0,0,0,67301,0,0,0,N,0,0,0,3,68K01,0,,1,7,,N,N,,0,,0,0,0,0,0,N,1551.0,0,2,0,0,0,0,0,3,4,0,2,10,,N,,,,,,,,,,,
2010103609,102.0,0,0,0,0,0,0,0,0,0,7,0,,67,10,2010,2,40.0203,-75.0438,52.0,6,0,0,0,0,0,0,0,0,1.0,0,0,0,0.0,3,3,0,,1,40 01:12.869,2.0,0,75 02:38.123,3,0,0,0,67301,0,0,0,N,0,0,0,5,68K01,0,,4,1,,N,N,,0,,3,0,0,0,0,N,50.0,3,1,0,0,4,0,0,3,4,1,1,3,,N,,,,,,,,,,,
2011008206,750.0,1,0,0,0,0,0,0,0,0,7,0,,67,12,2010,7,40.0341,-75.0165,747.0,6,0,0,0,0,0,0,0,0,,0,0,0,99.0,1,1,0,,0,40 02:02.365,,0,75 01:00.252,4,0,0,0,67301,0,0,0,,0,0,0,1,67301,1,,2,98,,,,,0,,0,0,0,0,0,,9999.0,1,1,0,0,0,0,0,3,4,0,1,99,,N,,,,,,,,,,,
2011009814,1150.0,1,0,0,0,0,0,0,0,0,4,0,,67,12,2010,1,40.0814,-74.9762,1145.0,6,0,0,0,0,0,0,1,0,,0,0,0,11.0,1,1,2,,0,40 04:52.997,,7,74 58:34.259,4,0,0,0,67301,0,0,0,N,0,0,0,2,67301,1,,1,9,,N,N,,1,,0,0,0,3,2,,1140.0,1,2,0,0,0,0,0,3,4,0,2,10,,N,,,,,,,,,,,
2011022580,0.0,1,0,0,0,0,0,0,0,0,1,0,,67,3,2010,4,40.0136,-75.0685,0.0,6,0,0,0,0,0,0,1,0,,0,0,0,17.0,1,1,1,,0,40 00:48.913,,0,75 04:06.725,3,0,0,0,67301,0,0,0,N,0,0,0,2,00000,0,,1,1,,N,N,,0,,1,0,0,3,2,,1720.0,1,2,0,0,0,0,1,3,4,0,2,3,,N,,,,,,,,,,,
2011026312,1701.0,0,0,0,1,0,0,0,0,0,4,0,,67,5,2010,7,39.9696,-75.1407,1700.0,6,0,0,0,0,0,1,0,0,,0,0,0,16.0,1,1,1,,0,39 58:10.608,,0,75 08:26.438,4,0,0,0,67301,1,0,0,N,0,0,0,2,67301,1,,1,1,,N,N,,0,,0,0,1,3,3,,1658.0,1,2,0,0,0,0,0,3,4,0,1,3,,N,,,,,,,,,,,
2011026326,9999.0,1,0,0,0,0,0,0,0,0,1,0,,67,5,2010,1,39.9201,-75.1466,1636.0,6,0,0,0,0,0,0,0,0,,0,0,0,16.0,1,2,0,,0,39 55:12.440,,0,75 08:47.610,4,0,0,0,67301,0,0,0,,0,0,0,5,67301,2,,1,1,,,,,1,,0,0,1,0,0,,1628.0,2,3,0,0,0,0,0,3,4,0,3,3,,N,,,,,,,,,,,
2011026337,2310.0,3,0,0,0,0,0,0,0,0,1,0,,67,5,2010,5,40.0282,-75.11,2300.0,6,0,0,0,0,0,0,0,0,2.0,0,0,0,23.0,3,2,1,,1,40 01:41.630,4.0,0,75 06:35.610,4,0,0,0,67301,0,0,0,,0,0,0,6,67301,2,,1,1,,,,,1,,0,0,0,3,2,N,2300.0,2,4,0,0,0,0,0,3,4,0,4,3,,N,,,,,,,,,,,
2011026351,25.0,3,0,0,0,0,0,0,0,0,2,0,,67,5,2010,1,40.0195,-75.1559,25.0,6,0,0,0,1,0,0,0,0,9.0,0,0,0,0.0,3,3,0,,1,40 01:10.130,1.0,0,75 09:21.419,4,0,0,0,67301,0,0,0,N,0,0,0,3,67301,3,,1,1,,N,N,,0,,0,0,0,0,0,N,20.0,3,3,0,0,3,0,0,3,4,0,3,3,,N,,,,,,,,,,,
2011024365,0.0,2,0,0,0,0,0,0,0,0,4,0,,67,9,2010,4,40.0093,-75.0818,0.0,6,0,0,0,0,0,0,0,0,,0,0,0,7.0,1,1,1,,0,40 00:33.125,,0,75 04:55.638,8,0,0,0,67301,0,0,0,,0,0,0,2,00000,0,,1,1,,,,,0,,0,0,0,9,9,,730.0,1,2,0,0,0,1,1,3,4,0,2,3,,N,,,,,,,,,,,
2011001726,1829.0,0,0,0,0,0,0,0,0,0,6,0,,67,11,2010,5,40.0086,-75.0688,1826.0,6,0,0,0,0,0,0,0,0,1.0,0,0,0,18.0,4,3,1,,1,40 00:31.034,2.0,0,75 04:07.810,4,0,0,0,67301,0,0,0,,0,0,0,3,67301,3,,1,1,,,,,0,,0,0,2,3,2,Y,1825.0,3,2,0,0,0,0,0,3,4,0,2,3,,N,,,,,,,,,,,
2011001742,1640.0,1,0,0,1,0,0,0,0,0,4,0,,67,12,2010,1,40.0358,-75.0387,1634.0,6,0,0,0,0,0,1,0,0,,0,0,0,16.0,1,1,1,,0,40 02:08.847,,0,75 02:19.355,4,0,0,0,67301,1,0,0,N,0,0,0,2,67301,1,,1,1,,N,N,,0,,0,0,0,3,3,,1608.0,1,2,0,0,0,0,0,3,4,0,1,3,,N,,,,,,,,,,,
2011000822,1259.0,3,0,0,0,0,0,0,0,0,1,0,,67,11,2010,5,40.0946,-75.0308,1256.0,6,0,0,1,0,0,0,0,0,,0,0,0,12.0,1,1,0,,0,40 05:39.646,,0,75 01:51.293,4,0,0,0,67301,0,0,0,N,0,0,0,6,67301,1,,1,9,,N,N,,0,,0,0,0,0,0,,1256.0,1,3,0,0,0,0,0,3,4,0,3,7,,N,,,,,,,,,,,
2011008345,944.0,2,0,0,0,0,0,0,0,0,4,0,,67,12,2010,5,39.9726,-75.1445,939.0,6,0,0,0,0,0,0,0,0,,0,0,0,9.0,1,0,1,,0,39 58:21.471,,0,75 08:40.063,0,0,0,0,67301,0,0,0,,0,0,0,3,67301,0,,1,1,,,,,0,,0,0,0,3,2,,938.0,0,2,0,0,1,0,0,3,4,0,2,3,,N,,,,,,,,,,,
2011008369,1410.0,3,0,0,0,0,0,0,0,0,1,0,,67,12,2010,5,40.0471,-75.143,1406.0,6,0,0,0,0,0,2,0,0,2.0,0,0,0,14.0,1,1,0,,2,40 02:49.591,2.0,0,75 08:34.729,8,0,0,0,67301,0,0,0,N,0,0,0,3,67301,0,,1,1,,N,N,,0,,0,0,0,0,0,Y,1400.0,1,3,0,0,0,1,0,3,4,0,3,3,,N,,,,,,,,,,,
2011027957,1113.0,0,0,0,0,0,0,0,0,0,8,0,,67,12,2010,5,40.0507,-75.1733,1055.0,6,0,0,0,0,0,0,0,0,1.0,0,0,0,99.0,1,1,1,,1,40 03:02.401,2.0,0,75 10:23.780,8,0,0,0,67301,1,0,0,,1,0,0,2,67301,0,,1,1,,,,,0,,0,0,0,3,2,N,9999.0,1,2,0,0,0,1,0,3,4,1,1,3,,N,,,,,,,,,,,
2011025783,222.0,3,0,0,0,0,0,0,0,0,4,0,,67,10,2010,1,39.9563,-75.2399,222.0,6,0,0,0,0,0,0,0,0,,0,0,0,2.0,3,1,1,,0,39 57:22.741,,0,75 14:23.794,3,0,0,0,67301,0,0,0,N,0,0,0,2,67301,0,,1,1,,N,N,,0,,1,0,0,2,2,,222.0,1,3,0,0,0,0,0,3,4,0,3,3,,N,,,,,,,,,,,
2011023350,0.0,0,0,0,0,0,0,0,0,0,1,0,99.0,67,5,2010,5,40.0104,-75.1853,0.0,6,0,0,0,0,0,0,0,0,,0,0,0,12.0,1,2,0,,0,40 00:39.662,,0,75 11:01.193,3,0,0,0,67301,0,0,0,,0,0,0,4,00000,1,,1,1,,,,,0,,1,0,1,0,0,,1245.0,2,2,0,0,0,0,0,3,4,1,2,3,,Y,1.0,2.0,U,,,U,,,,,
2011025322,0.0,0,0,0,0,0,0,0,0,0,5,0,,67,10,2010,4,40.0275,-75.0624,0.0,6,0,0,0,0,0,0,0,0,,0,0,0,9.0,1,1,1,,0,40 01:38.846,,0,75 03:44.583,3,0,0,0,67301,0,0,0,N,0,0,0,3,00000,0,,1,1,,N,N,,0,,1,0,1,3,2,,900.0,1,2,0,0,0,0,0,3,4,1,2,3,,N,,,,,,,,,,,
2011064012,1613.0,2,0,0,0,0,0,0,0,0,4,0,,67,5,2010,5,39.9614,-75.2429,1612.0,6,0,0,1,0,0,0,0,0,,0,0,0,15.0,1,1,1,,0,39 57:41.137,,0,75 14:34.569,4,0,0,0,67301,0,0,0,N,0,0,0,4,67301,1,,1,9,,N,N,,0,,0,0,0,3,3,,1531.0,1,2,0,0,0,0,0,3,4,0,2,7,,N,,,,,,,,,,,
2011001087,1122.0,2,0,0,0,0,0,0,0,0,4,0,,67,11,2010,3,39.9739,-75.2691,1119.0,6,0,0,0,0,0,1,0,0,,0,0,0,11.0,1,2,0,,0,39 58:26.054,,0,75 16:08.868,4,0,0,0,67301,0,0,0,N,0,0,0,2,67301,2,,1,9,,N,Y,,0,,0,0,0,3,3,,1119.0,2,2,0,0,0,0,0,3,4,0,2,7,,N,,,,,,,,,,,
2011024919,0.0,1,0,0,0,0,0,0,0,0,4,0,,67,11,2010,3,40.0822,-75.0377,0.0,6,0,0,0,0,0,2,0,0,,0,0,0,13.0,1,1,0,,0,40 04:55.991,,7,75 02:15.603,8,0,0,0,67301,0,0,0,N,0,0,0,2,00000,0,,1,1,,N,N,,0,,0,0,0,0,0,,1300.0,1,2,0,0,0,1,1,3,4,0,2,3,,N,,,,,,,,,,,
2011015745,51.0,1,0,0,0,0,0,0,0,0,7,0,,67,12,2010,1,40.0298,-75.022,45.0,6,0,0,0,0,0,0,0,0,2.0,0,0,0,0.0,3,0,0,,1,40 01:48.180,1.0,0,75 01:18.673,9,0,0,0,67301,0,0,0,N,0,0,0,1,68K01,0,,3,1,,N,N,,0,,0,0,0,0,0,N,43.0,0,1,0,0,0,0,1,3,4,0,1,3,,N,,,,,,,,,,,
2011000971,1330.0,1,0,0,0,0,0,0,0,0,8,0,,67,12,2010,5,40.0068,-75.1316,1329.0,6,0,0,0,0,0,0,0,0,1.0,0,0,0,99.0,1,2,1,,2,40 00:24.352,6.0,0,75 07:53.653,4,0,0,0,67301,2,0,0,N,2,0,0,3,67301,1,,1,1,,N,Y,,0,,0,0,0,3,2,Y,9999.0,2,3,0,0,0,1,0,3,4,0,1,3,,N,,,,,,,,,,,
2011001004,2237.0,3,0,0,0,0,0,0,0,0,4,0,,67,11,2010,7,39.9485,-75.2057,2236.0,6,0,0,0,0,1,0,0,0,2.0,0,0,0,22.0,3,3,1,,2,39 56:54.708,7.0,99,75 12:20.462,4,0,0,0,67301,0,0,0,N,0,0,0,3,67504,3,,1,1,,N,N,,1,,0,0,0,3,3,Y,2234.0,3,4,0,0,0,0,0,3,4,0,4,3,,N,,,,,,,,,,,
2011001008,305.0,2,0,0,0,0,0,0,0,0,1,0,,67,11,2010,5,40.0561,-75.1821,300.0,6,0,0,0,0,0,0,0,0,,0,0,0,2.0,3,0,0,,0,40 03:21.889,,0,75 10:55.464,9,0,0,0,67301,0,0,0,N,0,0,0,1,67301,0,,1,1,,N,N,,0,,0,0,0,0,0,,239.0,0,2,0,0,0,0,1,3,4,0,2,3,,N,,,,,,,,,,,
2011025724,1838.0,0,0,0,0,0,0,0,0,0,8,0,,67,5,2010,6,39.9217,-75.1542,1835.0,6,0,0,0,0,0,1,0,0,,0,0,0,18.0,1,1,0,,0,39 55:17.960,,0,75 09:15.180,3,0,0,0,67301,1,0,0,,1,0,0,2,67301,0,,1,1,,,,,0,,1,0,1,0,0,,1835.0,1,2,0,0,0,0,0,3,4,0,1,3,,N,,,,,,,,,,,
2010081520,1645.0,2,0,0,0,0,0,0,0,0,4,0,,67,7,2010,1,40.0515,-75.1501,1642.0,6,0,0,0,0,0,1,0,0,,0,0,0,16.0,1,4,5,,0,40 03:05.569,,0,75 09:00.387,8,0,0,0,67301,0,0,0,N,0,0,0,6,67301,0,,1,1,,N,N,,0,,0,0,0,3,2,,1600.0,4,2,0,0,3,4,0,3,4,0,2,3,,N,,,,,,,,,,,
2010081523,1620.0,1,0,0,1,0,0,0,0,0,6,0,,67,7,2010,6,39.9534,-75.1718,1505.0,6,0,0,0,0,0,1,0,0,,0,0,0,14.0,1,1,0,,0,39 57:12.256,,0,75 10:18.599,8,0,0,0,67301,1,0,0,,0,0,0,2,67301,0,,1,1,,N,N,,0,,0,0,0,0,0,,1446.0,1,2,0,0,0,1,0,3,4,0,1,3,,N,,,,,,,,,,,
2010081525,2220.0,2,0,0,0,0,0,0,0,0,5,0,,67,7,2010,7,39.9312,-75.2009,2209.0,6,0,0,1,0,0,0,0,0,,0,0,0,22.0,3,5,0,,0,39 55:52.330,,0,75 12:03.308,4,0,0,0,67301,0,0,0,N,0,0,0,6,67301,5,,1,1,,N,N,,0,,0,0,0,3,2,,2209.0,5,2,0,0,0,0,0,3,4,0,2,3,,N,,,,,,,,,,,
2010071486,1228.0,2,0,0,0,0,0,0,0,0,1,0,,67,7,2010,7,39.9837,-75.2081,1220.0,6,0,0,0,0,0,0,0,0,,0,0,0,12.0,1,1,0,,0,39 59:05.850,,0,75 12:29.558,8,0,0,0,67301,0,0,0,N,0,0,0,2,68K01,0,,1,1,,N,N,,0,,0,0,0,0,0,,1211.0,1,2,0,0,0,1,0,3,4,0,2,3,,N,,,,,,,,,,,
2010067124,652.0,1,0,0,0,0,0,0,0,0,8,0,,67,5,2010,7,40.0077,-75.1388,630.0,6,0,0,0,0,0,0,0,0,9.0,0,0,0,6.0,1,1,1,,1,40 00:27.586,6.0,0,75 08:19.563,4,0,0,0,67301,1,0,0,N,1,0,0,2,67301,1,,1,1,,N,N,,0,,0,0,0,3,2,N,630.0,1,2,0,0,0,0,0,3,4,0,1,3,,N,,,,,,,,,,,
2010074091,1710.0,1,0,0,0,0,0,0,0,0,4,0,,67,4,2010,4,39.9366,-75.2244,1701.0,6,0,0,0,1,0,1,0,0,,0,0,0,16.0,1,1,1,,0,39 56:11.915,,0,75 13:27.958,8,0,0,0,67301,0,0,0,,0,0,0,3,67301,0,,1,1,,N,N,,0,,0,0,1,3,2,,1650.0,1,2,0,0,0,1,0,3,4,0,2,3,,N,,,,,,,,,,,
2010056808,1626.0,1,0,0,0,0,0,0,0,0,7,0,,67,6,2010,3,39.9568,-75.1539,1626.0,6,0,0,0,1,0,0,0,0,1.0,0,0,0,16.0,1,0,0,,1,39 57:24.445,3.0,0,75 09:13.836,0,0,0,0,67301,0,0,0,N,0,0,0,1,68K01,0,,4,1,,N,N,,0,,0,0,0,0,0,N,1623.0,0,1,0,0,0,0,0,3,4,0,1,3,,N,,,,,,,,,,,
2010081803,1705.0,2,0,0,0,0,0,0,0,0,6,0,,67,7,2010,3,39.9164,-75.2191,1658.0,6,0,0,1,0,0,0,0,0,2.0,0,0,0,16.0,1,2,0,,1,39 55:01.487,3.0,0,75 12:55.274,4,0,0,0,67301,0,0,0,N,0,0,0,3,67301,2,,1,1,,N,N,,0,,0,0,0,0,0,Y,1602.0,2,2,0,0,0,0,0,3,4,0,2,3,,N,,,,,,,,,,,
2010081808,1025.0,2,0,0,0,0,0,0,0,0,8,0,,67,6,2010,6,39.9078,-75.2344,1021.0,6,0,0,0,0,0,0,0,0,3.0,0,0,0,10.0,1,1,0,,2,39 54:28.141,4.0,0,75 14:03.688,8,0,0,0,67301,1,0,0,N,1,0,0,2,67301,0,,1,1,,N,N,,0,,0,0,0,0,0,Y,1020.0,1,3,0,0,0,1,0,3,4,0,2,3,,N,,,,,,,,,,,
2010081813,1407.0,1,0,0,0,0,0,0,0,0,4,0,,67,7,2010,3,40.0595,-75.052,1402.0,6,0,0,1,0,0,0,0,0,,0,0,0,14.0,1,1,1,,0,40 03:34.246,,0,75 03:07.165,4,0,0,0,67301,0,0,0,N,0,0,0,4,67301,1,,1,1,,N,N,,0,,0,0,0,0,0,,1400.0,1,2,0,0,0,0,0,3,4,1,2,3,,N,,,,,,,,,,,
2010069954,836.0,1,0,0,0,0,0,0,0,0,8,0,,67,6,2010,6,39.9579,-75.1758,835.0,6,0,0,0,0,0,0,1,0,,0,0,0,8.0,1,1,2,,0,39 57:28.342,,0,75 10:32.807,8,0,0,0,67301,1,0,0,N,1,0,0,2,67301,0,,1,1,,N,N,,0,,0,0,0,3,2,,832.0,1,2,0,0,0,1,0,3,4,0,1,3,,N,,,,,,,,,,,
2010069971,810.0,2,0,0,0,0,0,0,0,0,5,0,,67,6,2010,3,40.051,-75.0509,810.0,6,0,0,0,0,0,2,0,0,1.0,0,0,0,8.0,1,1,0,,1,40 03:03.454,1.0,0,75 03:03.274,4,0,0,0,67301,0,0,0,N,0,0,0,2,67301,1,,1,1,,N,N,,0,,0,0,0,0,0,N,805.0,1,2,0,0,0,0,0,3,4,0,2,3,,N,,,,,,,,,,,
2010070038,240.0,1,0,0,0,0,0,0,0,0,7,0,,67,5,2010,7,39.9657,-75.1606,237.0,6,0,0,0,1,0,0,0,0,,0,0,0,2.0,3,0,2,,0,39 57:56.944,,0,75 09:38.617,0,0,0,0,67301,0,0,0,N,0,0,0,3,67301,0,,5,1,,N,N,,0,,0,0,0,0,0,,237.0,0,1,0,0,0,0,0,3,4,0,1,3,,N,,,,,,,,,,,
2010072571,1302.0,3,0,0,0,0,0,0,0,0,5,0,,67,5,2010,7,40.0339,-75.0743,1259.0,6,0,0,0,0,0,1,0,0,2.0,0,0,0,12.0,1,3,5,,2,40 02:02.039,1.0,0,75 04:27.141,8,0,0,0,67301,0,0,0,,0,0,0,6,67301,0,,1,1,,,,,0,,0,0,0,3,2,Y,1250.0,3,3,0,0,2,3,1,3,4,0,3,3,,N,,,,,,,,,,,
2010074517,1100.0,2,0,0,0,0,0,0,0,0,4,0,,67,7,2010,6,39.9677,-75.1496,1050.0,6,0,0,0,0,1,0,0,0,,0,0,0,10.0,1,1,1,,0,39 58:03.856,,0,75 08:58.426,4,0,0,0,67301,0,0,0,N,0,0,0,3,67301,1,,1,1,,N,N,,0,,0,0,0,3,3,,1050.0,1,2,0,0,0,0,1,3,4,0,2,3,,N,,,,,,,,,,,
2010074587,1710.0,2,0,0,0,0,0,0,0,0,4,0,,67,7,2010,6,40.0852,-75.0369,1708.0,6,0,0,0,0,1,0,0,0,,0,0,0,17.0,1,1,0,,0,40 05:06.535,,7,75 02:12.805,4,0,0,0,67301,0,0,0,N,0,0,0,2,67301,1,,1,1,,N,N,,0,,0,0,0,0,0,,1705.0,1,2,0,0,0,0,0,3,4,0,2,3,,N,,,,,,,,,,,
2010074621,1431.0,0,0,0,0,0,0,0,0,0,8,0,,67,7,2010,6,39.9386,-75.2217,1426.0,6,0,0,0,0,0,1,0,0,,0,0,0,99.0,1,1,1,,0,39 56:18.963,,0,75 13:17.946,8,0,0,0,67301,1,0,0,,1,0,0,2,67301,0,,1,1,,N,N,,0,,0,0,1,3,2,,9999.0,1,2,0,0,0,1,0,3,4,0,1,3,,N,,,,,,,,,,,
2010058987,1148.0,2,0,0,0,0,0,0,0,0,4,0,,67,5,2010,4,40.0362,-75.0351,1147.0,6,0,0,0,0,0,0,0,1,,0,0,0,11.0,1,1,1,,0,40 02:10.284,,0,75 02:06.363,8,0,0,0,67301,0,0,0,N,0,0,0,2,67301,0,,1,1,,N,N,,0,,0,0,0,3,3,,1145.0,1,2,0,0,0,1,0,3,4,0,2,3,,N,,,,,,,,,,,
2010022001,1759.0,1,0,0,0,0,0,0,0,0,7,0,,67,1,2010,7,40.0095,-75.2071,1722.0,6,0,0,0,0,0,0,0,0,,0,0,0,17.0,3,0,0,,0,40 00:34.477,,3,75 12:26.600,0,0,0,0,67301,0,0,0,N,0,0,0,1,68K01,0,,2,7,,N,N,,0,,0,0,0,0,0,,1705.0,0,1,0,0,0,0,0,3,4,0,1,10,,N,,,,,,,,,,,
2010033568,1657.0,0,0,0,0,0,0,0,0,0,1,0,,67,3,2010,6,39.9805,-75.2059,1649.0,6,0,0,0,0,0,1,0,0,,0,0,0,16.0,1,1,0,,0,39 58:52.640,,0,75 12:24.916,8,0,0,0,67301,0,0,0,N,0,0,0,2,68K01,0,,1,1,,N,N,,0,,0,0,1,0,0,,1645.0,1,2,0,0,0,1,0,3,4,1,2,3,,N,,,,,,,,,,,
2010027959,1215.0,1,0,0,0,0,0,0,0,0,1,0,,67,2,2010,2,40.025,-75.1257,1208.0,6,0,0,0,0,0,0,0,0,,0,0,0,12.0,1,0,1,,0,40 01:30.152,,0,75 07:31.660,0,0,0,0,67301,0,0,0,,0,0,0,3,67301,0,,1,1,,,,,1,,0,0,0,3,2,,1208.0,0,2,0,0,0,0,0,3,4,0,2,3,,N,,,,,,,,,,,
2010028113,926.0,1,0,0,0,0,0,0,0,0,6,0,,67,2,2010,2,39.955,-75.2288,924.0,6,0,0,0,0,0,0,0,0,,0,0,0,9.0,8,0,0,,0,39 57:17.823,,0,75 13:43.694,9,0,0,0,67301,0,0,0,N,0,0,0,1,67301,0,,6,1,,N,N,,0,,0,0,0,0,0,,900.0,0,2,0,0,0,0,1,3,4,0,2,3,,N,,,,,,,,,,,