CRN,ARRIVAL_TM,AUTOMOBILE_COUNT,BELTED_DEATH_COUNT,BELTED_SUSP_SERIOUS_INJ_COUNT,BICYCLE_COUNT,BICYCLE_DEATH_COUNT,BICYCLE_SUSP_SERIOUS_INJ_COUNT,BUS_COUNT,CHLDPAS_DEATH_COUNT,CHLDPAS_SUSP_SERIOUS_INJ_COUNT,COLLISION_TYPE,COMM_VEH_COUNT,CONS_ZONE_SPD_LIM,COUNTY,CRASH_MONTH,CRASH_YEAR,DAY_OF_WEEK,DEC_LAT,DEC_LONG,DISPATCH_TM,DISTRICT,DRIVER_COUNT_16YR,DRIVER_COUNT_17YR,DRIVER_COUNT_18YR,DRIVER_COUNT_19YR,DRIVER_COUNT_20YR,DRIVER_COUNT_50_64YR,DRIVER_COUNT_65_74YR,DRIVER_COUNT_75PLUS,EST_HRS_CLOSED,FATAL_COUNT,HEAVY_TRUCK_COUNT,HORSE_BUGGY_COUNT,HOUR_OF_DAY,ILLUMINATION,INJURY_COUNT,INTERSECT_TYPE,INTERSECTION_RELATED,LANE_CLOSED,LATITUDE,LN_CLOSE_DIR,LOCATION_TYPE,LONGITUDE,MAX_SEVERITY_LEVEL,MCYCLE_DEATH_COUNT,MCYCLE_SUSP_SERIOUS_INJ_COUNT,MOTORCYCLE_COUNT,MUNICIPALITY,NONMOTR_COUNT,NONMOTR_DEATH_COUNT,NONMOTR_SUSP_SERIOUS_INJ_COUNT,NTFY_HIWY_MAINT,PED_COUNT,PED_DEATH_COUNT,PED_SUSP_SERIOUS_INJ_COUNT,PERSON_COUNT,POLICE_AGCY,POSSIBLE_INJ_COUNT,RDWY_SURF_TYPE_CD,RELATION_TO_ROAD,ROAD_CONDITION,ROADWAY_CLEARED,SCH_BUS_IND,SCH_ZONE_IND,SECONDARY_CRASH,SMALL_TRUCK_COUNT,SPEC_JURIS_CD,SUSP_MINOR_INJ_COUNT,SUSP_SERIOUS_INJ_COUNT,SUV_COUNT,TCD_FUNC_CD,TCD_TYPE,TFC_DETOUR_IND,TIME_OF_DAY,TOT_INJ_COUNT,TOTAL_UNITS,UNB_DEATH_COUNT,UNB_SUSP_SERIOUS_INJ_COUNT,UNBELTED_OCC_COUNT,UNK_INJ_DEG_COUNT,UNK_INJ_PER_COUNT,URBAN_AREA,URBAN_RURAL,VAN_COUNT,VEHICLE_COUNT,WEATHER1,WEATHER2,WORK_ZONE_IND,WORK_ZONE_LOC,WORK_ZONE_TYPE,WORKERS_PRES,WZ_CLOSE_DETOUR,WZ_FLAGGER,WZ_LAW_OFFCR_IND,WZ_LN_CLOSURE,WZ_MOVING,WZ_OTHER,WZ_SHLDER_MDN,WZ_WORKERS_INJ_KILLED
2010033773,830.0,3,0,0,0,0,0,0,0,0,1,0,,67,3,2010,6,40.0468,-75.0008,820.0,6,0,0,0,0,1,1,0,0,2.0,0,0,0,8.0,1,5,6,,1,40 02:48.583,1.0,2,75 00:02.433,4,0,0,0,67301,0,0,0,N,0,0,0,7,68K01,5,,7,1,,N,N,,0,,0,0,1,0,0,N,815.0,5,4,0,0,0,0,0,3,4,0,4,3,,N,,,,,,,,,,,
2010028230,1606.0,1,0,0,0,0,0,0,0,0,7,0,,67,2,2010,7,39.8915,-75.2277,1604.0,6,0,0,0,0,0,0,0,0,,0,0,0,16.0,1,2,0,,0,39 53:29.356,,0,75 13:40.205,3,0,0,0,67301,0,0,0,N,0,0,0,2,67301,0,,3,1,,N,N,,0,,2,0,0,0,0,,1604.0,2,1,0,0,0,0,0,3,4,0,1,3,,N,,,,,,,,,,,
2010028566,1821.0,0,0,0,0,0,0,0,0,0,8,0,,67,2,2010,2,40.0073,-75.0996,9999.0,6,0,0,0,0,0,0,0,0,,0,0,0,18.0,3,1,0,,0,40 00:26.193,,0,75 05:58.516,8,0,0,0,67301,1,0,0,,1,0,0,2,67301,0,,1,1,,,,,1,,0,0,1,0,0,,1820.0,1,3,0,0,0,1,0,3,4,0,2,3,,N,,,,,,,,,,,
2010018065,1924.0,2,0,0,0,0,0,0,0,0,4,0,,67,1,2010,4,40.0472,-75.1282,1924.0,6,0,0,0,0,0,1,0,0,,0,0,0,19.0,3,0,1,,0,40 02:49.833,,99,75 07:41.343,9,0,0,0,67301,0,0,0,N,0,0,0,2,67301,0,,1,1,,N,N,,0,,0,0,0,3,2,,1924.0,0,2,0,0,0,0,1,3,4,0,2,3,,N,,,,,,,,,,,
2010088967,1235.0,1,0,0,0,0,0,0,0,0,1,0,,67,7,2010,2,39.959,-75.2354,1231.0,6,0,0,0,0,0,0,0,1,,0,0,0,11.0,1,1,1,,0,39 57:32.256,,0,75 14:07.331,4,0,0,0,67301,0,0,0,N,0,0,0,2,67301,1,,1,1,,N,N,,0,,0,0,1,3,3,,1130.0,1,2,0,0,0,0,1,3,4,0,2,3,,N,,,,,,,,,,,
2010106493,1725.0,1,0,0,0,0,0,0,0,0,1,0,,67,10,2010,6,39.9406,-75.1435,1711.0,6,0,0,0,0,0,1,0,0,,0,0,0,17.0,1,0,0,,0,39 56:26.049,,0,75 08:36.785,0,0,0,0,67301,0,0,0,N,0,0,0,2,68K01,0,,1,1,,N,N,,0,,0,0,1,0,0,,1710.0,0,2,0,0,0,0,0,3,4,0,2,3,,N,,,,,,,,,,,
2010110762,430.0,1,0,0,0,0,0,0,0,0,1,0,,67,9,2010,5,40.0567,-75.0322,408.0,6,0,0,0,0,0,0,0,0,,0,0,0,4.0,3,0,0,,0,40 03:24.136,,0,75 01:56.892,0,0,0,0,67301,0,0,0,N,0,0,0,1,67301,0,,6,9,,N,N,,0,,0,0,1,0,0,,405.0,0,2,0,0,0,0,0,3,4,0,2,7,,N,,,,,,,,,,,
2011008251,1936.0,1,0,0,0,0,0,0,0,0,7,0,,67,11,2010,1,40.0901,-75.0463,1933.0,6,0,0,0,0,0,0,0,0,,0,0,0,19.0,6,0,0,,0,40 05:24.264,,0,75 02:46.805,9,0,0,0,67301,0,0,0,N,0,0,0,1,67301,0,,5,1,,N,N,,0,,0,0,0,0,0,,1933.0,0,1,0,0,0,0,1,3,4,0,1,3,,N,,,,,,,,,,,
2011022472,0.0,1,0,0,0,0,0,0,0,0,3,0,,67,5,2010,4,40.0542,-75.1414,0.0,6,0,0,0,0,0,1,0,0,,0,0,0,12.0,1,1,0,,0,40 03:15.313,,0,75 08:29.140,8,0,0,0,67301,0,0,0,,0,0,0,2,00000,0,,1,1,,,,,1,,0,0,0,0,0,,1200.0,1,2,0,0,0,1,0,3,4,0,2,3,,N,,,,,,,,,,,
2011022479,0.0,2,0,0,0,0,0,0,0,0,4,0,,67,5,2010,6,39.9978,-75.172,0.0,6,0,0,0,0,0,0,0,0,,0,0,0,10.0,1,2,1,,0,39 59:52.119,,0,75 10:19.081,4,0,0,0,67301,0,0,0,,0,0,0,3,00000,2,,1,1,,,,,0,,0,0,0,3,3,,1030.0,2,2,0,0,0,0,0,3,4,0,2,3,,N,,,,,,,,,,,
2011010041,1831.0,1,0,0,0,0,0,0,0,0,4,0,,67,12,2010,3,40.0664,-75.0267,1828.0,6,0,0,0,0,0,0,0,0,,0,0,0,18.0,3,1,0,,0,40 03:58.997,,7,75 01:36.086,4,0,0,0,67301,0,0,0,N,0,0,0,3,67301,1,,1,1,,N,N,,1,,0,0,0,0,0,,1827.0,1,2,0,0,0,0,0,3,4,0,2,3,,N,,,,,,,,,,,
2011026332,49.0,3,0,0,0,0,0,0,0,0,1,0,,67,5,2010,1,40.0089,-75.1898,44.0,6,0,0,0,0,0,0,0,0,2.0,0,0,0,0.0,3,2,0,,2,40 00:36.759,2.0,0,75 11:08.831,4,0,0,0,67301,0,0,0,N,0,0,0,4,67301,2,,1,1,,N,N,,0,,0,0,0,0,0,N,39.0,2,3,0,0,1,0,0,3,4,0,3,3,,N,,,,,,,,,,,
2011026204,9999.0,1,0,0,0,0,0,0,0,0,1,0,,67,6,2010,1,39.9719,-75.1594,2152.0,6,0,0,0,0,0,0,0,0,,0,0,0,99.0,3,1,0,,0,39 58:18.855,,7,75 09:33.888,8,0,0,1,67301,0,0,0,N,0,0,0,2,67301,0,,1,1,,N,N,,0,,0,0,0,3,2,,9999.0,1,2,0,0,0,1,0,3,4,0,2,3,,N,,,,,,,,,,,
2011001723,2325.0,2,0,0,0,0,0,0,0,0,4,0,,67,11,2010,7,39.947,-75.1647,2325.0,6,0,0,0,0,0,1,0,0,,0,0,0,23.0,3,1,1,,0,39 56:49.175,,0,75 09:53.386,3,0,0,0,67301,0,0,0,,0,0,0,3,67301,0,,1,1,,,,,0,,1,0,0,3,2,,2320.0,1,2,0,0,0,0,0,3,4,0,2,3,,N,,,,,,,,,,,
2011001725,10.0,2,0,0,0,0,0,0,0,0,4,0,,67,11,2010,3,39.9027,-75.1522,0.0,6,0,0,0,0,0,0,1,0,,0,0,0,99.0,1,3,1,,0,39 54:09.565,,0,75 09:08.096,3,0,0,0,67301,0,0,0,N,0,0,0,5,67301,2,,1,1,,N,N,,0,,1,0,0,3,2,,9999.0,3,2,0,0,0,0,1,3,4,0,2,3,,N,,,,,,,,,,,
2011000787,1240.0,1,0,0,0,0,0,0,0,0,4,0,,67,12,2010,4,39.9854,-75.2116,1229.0,6,0,0,0,0,0,0,0,0,,0,0,0,12.0,1,1,0,,0,39 59:07.460,,0,75 12:41.780,8,0,0,0,67301,0,0,0,N,0,0,0,2,67301,0,,1,9,,N,N,,0,,0,0,1,0,0,,1209.0,1,2,0,0,0,1,0,3,4,0,2,7,,N,,,,,,,,,,,
2011008476,1513.0,1,0,0,0,0,0,0,0,0,4,0,,67,10,2010,6,40.0522,-75.0866,1509.0,6,0,0,0,0,0,0,0,0,3.0,0,0,0,15.0,1,1,1,,2,40 03:07.780,7.0,0,75 05:11.686,2,0,1,1,67301,0,0,0,N,0,0,0,2,67301,0,,1,1,,N,N,,0,,0,1,0,3,3,Y,1505.0,1,2,0,0,0,0,0,3,4,0,2,3,,N,,,,,,,,,,,
2011025671,1925.0,2,0,0,0,0,0,0,0,0,1,0,,67,5,2010,3,40.0076,-75.1275,1925.0,6,0,0,0,0,0,0,1,0,2.0,0,0,0,19.0,1,3,0,,2,40 00:27.435,4.0,0,75 07:39.013,4,0,0,0,67301,0,0,0,N,0,0,0,4,67301,3,,1,9,,N,N,,0,,0,0,0,0,0,N,1925.0,3,2,0,0,0,0,0,3,4,0,2,7,,N,,,,,,,,,,,
2011025683,29.0,1,0,0,0,0,0,0,0,0,8,0,,67,5,2010,2,40.0332,-75.0291,26.0,6,0,0,0,0,0,1,0,0,,0,0,0,0.0,3,1,1,,0,40 01:59.665,,0,75 01:44.885,4,0,0,0,67301,1,0,0,N,1,0,0,2,67301,1,,1,1,,N,N,,0,,0,0,0,2,1,,23.0,1,2,0,0,0,0,0,3,4,0,1,3,,N,,,,,,,,,,,
2011025720,1950.0,2,0,0,0,0,0,0,0,0,5,0,,67,5,2010,7,39.9492,-75.1508,1946.0,6,0,0,0,0,0,1,0,0,2.0,0,0,0,19.0,4,1,1,,2,39 56:57.192,2.0,0,75 09:02.555,3,0,0,0,67301,0,0,0,,0,0,0,3,67301,0,,1,1,,,N,,0,,1,0,0,3,2,Y,1945.0,1,2,0,0,0,0,0,3,4,0,2,3,,N,,,,,,,,,,,
2011027944,2204.0,3,0,0,0,0,0,0,0,0,4,0,,67,5,2010,6,39.9577,-75.2292,2203.0,6,0,0,0,0,1,1,0,0,,0,0,0,22.0,3,1,0,,0,39 57:27.720,,0,75 13:45.260,4,0,0,0,67301,2,0,0,N,0,0,0,5,67301,1,,1,1,,N,N,,0,,0,0,0,0,0,,2202.0,1,3,0,0,2,0,0,3,4,0,3,3,,N,,,,,,,,,,,
2011027772,0.0,1,0,0,0,0,0,0,0,0,1,0,,67,11,2010,2,40.0101,-75.1214,0.0,6,0,0,0,0,0,0,0,0,,0,0,0,18.0,4,1,1,,0,40 00:36.435,,0,75 07:17.178,4,0,0,0,67301,0,0,0,,0,0,0,4,00000,1,,1,9,,,,,1,,0,0,0,3,2,,1830.0,1,2,0,0,0,0,0,3,4,0,2,7,,N,,,,,,,,,,,
2011001057,1803.0,1,0,0,0,0,0,0,0,0,1,0,,67,12,2010,7,40.0477,-75.06,1757.0,6,0,0,0,0,0,0,0,0,,0,0,0,17.0,3,1,1,,0,40 02:51.396,,0,75 03:35.506,8,0,0,0,67301,0,0,0,N,0,0,0,3,67301,0,,1,1,,N,N,,0,,0,0,1,3,2,,1755.0,1,2,0,0,0,1,0,3,4,0,2,3,,N,,,,,,,,,,,
2011001064,154.0,1,0,0,0,0,0,0,0,0,4,0,,67,11,2010,7,40.0189,-75.0495,151.0,6,0,0,0,0,0,0,0,0,,0,0,0,1.0,3,1,1,,0,40 01:08.120,,0,75 02:58.216,4,0,0,0,67301,0,0,0,N,0,0,0,2,67301,1,,1,1,,N,N,,1,,0,0,0,3,3,,150.0,1,2,0,0,0,0,1,3,4,0,2,3,,N,,,,,,,,,,,
2011008528,1740.0,0,0,0,0,0,0,1,0,0,4,1,,67,12,2010,4,39.9172,-75.2374,1730.0,6,0,0,0,0,0,1,0,0,,0,0,0,17.0,3,7,1,,0,39 55:02.019,,0,75 14:14.620,8,0,0,0,67301,0,0,0,N,0,0,0,20,67301,0,,1,1,,Y,N,,0,,0,0,0,3,2,,1730.0,7,2,0,0,0,7,12,3,4,0,2,3,,N,,,,,,,,,,,
2010117845,1215.0,2,0,0,0,0,0,0,0,0,4,0,,67,10,2010,2,40.0246,-75.1306,1200.0,6,0,0,0,0,0,0,0,0,,0,0,0,12.0,1,1,1,,0,40 01:28.408,,0,75 07:50.218,8,0,0,0,67301,0,0,0,N,0,0,0,2,67301,0,,1,1,,N,N,,0,,0,0,0,3,2,,1200.0,1,2,0,0,0,1,0,3,4,0,2,3,,N,,,,,,,,,,,
2010091154,754.0,1,0,0,0,0,0,0,0,0,4,0,,67,8,2010,5,40.0404,-75.0655,753.0,6,0,0,0,0,0,0,0,0,1.0,0,0,0,7.0,1,1,5,,1,40 02:25.631,2.0,0,75 03:56.177,4,0,0,0,67301,0,0,0,N,0,0,0,5,67301,1,,1,1,,N,N,,0,,0,0,1,3,2,N,751.0,1,2,0,0,3,0,0,3,4,0,2,3,,N,,,,,,,,,,,
2010121913,601.0,1,0,0,0,0,0,0,0,0,4,0,,67,10,2010,7,40.0377,-75.0425,555.0,6,0,0,0,0,0,0,0,0,2.0,0,0,0,5.0,3,1,1,,2,40 02:15.589,4.0,0,75 02:33.074,4,0,0,0,67301,0,0,0,N,0,0,0,2,67301,1,,1,1,,N,N,,1,,0,0,0,3,2,Y,554.0,1,2,0,0,0,0,0,3,4,0,2,3,,N,,,,,,,,,,,
2010122438,615.0,2,0,0,0,0,0,0,0,0,4,0,,67,11,2010,2,40.0992,-74.9954,612.0,6,0,0,0,0,0,1,0,0,,0,0,0,6.0,5,7,1,,0,40 05:57.235,,0,74 59:43.576,4,0,0,0,67301,0,0,0,,0,0,0,7,67301,1,,1,1,,N,N,,0,,0,0,0,3,2,,600.0,7,2,0,0,0,6,0,3,4,0,2,3,,N,,,,,,,,,,,
2010122447,1526.0,0,0,0,1,0,0,0,0,0,4,0,,67,11,2010,7,39.988,-75.1693,1520.0,6,0,0,0,0,0,0,0,0,,0,0,0,99.0,1,1,2,,0,39 59:16.800,,0,75 10:09.307,4,0,0,0,67301,1,0,0,,0,0,0,2,67301,1,,1,1,,,,,0,,0,0,0,9,9,,9999.0,1,2,0,0,0,0,1,3,4,1,1,3,,N,,,,,,,,,,,
2010116307,1947.0,1,0,0,0,0,0,0,0,0,4,0,,67,7,2010,6,39.9864,-75.1696,944.0,6,0,0,0,0,0,1,0,0,,0,0,0,19.0,1,2,1,,0,39 59:11.018,,0,75 10:10.592,8,0,0,0,67301,0,0,0,,0,0,0,2,67301,0,,1,1,,,,,0,,0,0,0,3,2,,1944.0,2,2,0,0,0,2,0,3,4,1,2,3,,N,,,,,,,,,,,
2010113813,754.0,1,0,0,0,0,0,0,0,0,4,0,,67,10,2010,3,40.029,-75.0892,744.0,6,0,0,0,0,0,1,0,0,1.0,0,0,0,7.0,1,2,1,,2,40 01:44.349,1.0,0,75 05:21.034,3,0,0,0,67301,0,0,0,N,0,0,0,2,67301,1,,1,9,,N,N,,0,,1,0,0,3,2,N,742.0,2,2,0,0,0,0,0,3,4,1,2,7,,N,,,,,,,,,,,
2010111465,1821.0,0,0,0,0,0,0,0,0,0,8,0,,67,10,2010,7,40.078,-75.0237,1816.0,6,0,0,0,0,0,1,0,0,,0,0,0,18.0,4,2,1,,0,40 04:40.775,,0,75 01:25.271,3,0,0,0,67301,2,0,0,,2,0,0,3,67301,1,,1,1,,N,N,,0,,1,0,1,3,2,,1815.0,2,3,0,0,0,0,0,3,4,0,1,3,,N,,,,,,,,,,,
2010069739,2130.0,2,0,0,0,0,0,0,0,0,1,0,,67,5,2010,4,39.9802,-75.2693,2130.0,6,0,0,0,0,0,0,0,0,5.0,0,0,0,21.0,3,3,1,,1,39 58:48.492,1.0,0,75 16:09.256,8,0,0,0,67301,0,0,0,N,0,0,0,4,67301,0,,1,1,,N,N,,0,,0,0,0,3,2,N,2130.0,3,2,0,0,0,3,0,3,4,0,2,3,,N,,,,,,,,,,,
2010056549,835.0,1,0,0,0,0,0,0,0,0,7,0,,67,5,2010,1,39.9744,-75.1184,817.0,6,0,0,0,0,0,1,0,0,1.0,0,0,0,8.0,1,0,0,,1,39 58:29.641,2.0,0,75 07:03.134,0,0,0,0,67301,0,0,0,N,0,0,0,1,68K01,0,,4,1,,N,N,,0,,0,0,0,0,0,N,813.0,0,1,0,0,0,0,0,3,4,0,1,3,,N,,,,,,,,,,,
2010069850,2001.0,1,0,0,0,0,0,0,0,0,4,0,,67,6,2010,7,40.0555,-75.0858,1948.0,6,0,0,0,0,0,0,0,0,,0,0,0,19.0,1,0,1,,0,40 03:19.755,,0,75 05:08.882,0,0,0,0,67301,0,0,0,N,0,0,0,3,67301,0,,1,1,,N,N,,0,,0,0,1,3,2,,1948.0,0,2,0,0,0,0,0,3,4,0,2,3,,N,,,,,,,,,,,
2010069861,2245.0,1,0,0,0,0,0,0,0,0,8,0,,67,6,2010,7,39.9918,-75.1127,2245.0,6,0,0,0,0,0,0,0,0,,0,0,0,18.0,1,1,1,,0,39 59:30.291,,0,75 06:46.001,4,0,0,0,67301,1,0,0,N,1,0,0,2,67301,1,,1,1,,N,N,,0,,0,0,0,0,0,,1800.0,1,2,0,0,0,0,1,3,4,0,1,3,,N,,,,,,,,,,,
2010074392,536.0,2,0,0,0,0,0,0,0,0,4,0,,67,7,2010,2,39.9949,-75.171,525.0,6,0,0,0,0,1,1,0,0,,0,0,0,5.0,1,2,1,,0,39 59:41.776,,0,75 10:15.553,4,0,0,0,67301,0,0,0,N,0,0,0,3,67301,2,,1,1,,N,N,,0,,0,0,0,3,3,,525.0,2,2,0,0,2,0,1,3,4,0,2,3,,N,,,,,,,,,,,
2010074484,2000.0,1,0,0,0,0,0,0,0,0,4,0,,67,6,2010,3,40.0717,-75.1541,1954.0,6,0,0,0,0,0,0,0,0,,0,0,0,19.0,1,1,1,,0,40 04:18.194,,0,75 09:14.605,8,0,0,0,67301,0,0,0,,0,0,0,2,67301,0,,1,1,,N,N,,1,,0,0,0,3,2,,1952.0,1,2,0,0,0,1,0,3,4,0,2,3,,N,,,,,,,,,,,
2010061993,1911.0,1,0,0,0,0,0,0,0,0,8,0,,67,4,2010,6,39.9616,-75.2327,1910.0,6,0,0,0,0,0,0,0,0,,0,0,0,19.0,4,1,0,,0,39 57:41.770,,0,75 13:57.871,8,0,0,0,67301,1,0,0,N,1,0,0,2,67301,0,,1,1,,N,N,,0,,0,0,0,0,0,,1906.0,1,2,0,0,0,1,0,3,4,0,1,3,,N,,,,,,,,,,,
2010081936,135.0,1,0,0,0,0,0,0,0,0,1,0,,67,7,2010,7,39.9583,-75.1641,104.0,6,0,0,0,0,0,0,0,0,,0,0,0,1.0,3,1,2,,0,39 57:29.829,,0,75 09:50.647,8,0,0,0,67301,0,0,0,,0,0,0,2,67301,0,,1,1,,,,,0,,0,0,1,3,2,,102.0,1,2,0,0,0,1,0,3,4,0,2,98,,N,,,,,,,,,,,
2010061940,1010.0,3,0,0,0,0,0,0,0,0,4,0,,67,4,2010,4,40.0977,-75.0166,1002.0,6,0,0,0,0,0,0,0,1,,0,0,0,9.0,1,0,0,,0,40 05:51.730,,0,75 00:59.907,0,0,0,0,67301,0,0,0,,0,0,0,1,67301,0,,4,1,,,,,0,,0,0,0,0,0,,955.0,0,3,0,0,0,0,0,3,4,0,3,3,,N,,,,,,,,,,,
2010067062,1543.0,2,0,0,0,0,0,0,0,0,4,0,,67,6,2010,1,39.993,-75.2176,1541.0,6,0,0,0,0,0,0,0,0,2.0,0,0,0,14.0,1,1,1,,1,39 59:34.823,2.0,0,75 13:03.365,4,0,0,0,67301,0,0,0,N,0,0,0,2,67301,1,,1,1,,N,N,,0,,0,0,0,3,2,N,1445.0,1,2,0,0,0,0,0,3,4,0,2,3,,N,,,,,,,,,,,
2010081762,1233.0,0,0,0,0,0,0,0,0,0,4,0,,67,7,2010,4,39.9865,-75.1561,1229.0,6,0,0,1,0,0,0,0,0,,0,0,0,12.0,1,1,0,,0,39 59:11.332,,0,75 09:21.963,4,0,0,0,67301,1,0,0,N,1,0,0,2,67301,1,,1,1,,N,N,,0,,0,0,1,0,0,,1225.0,1,2,0,0,0,0,0,3,4,0,1,3,,N,,,,,,,,,,,
2010081788,100.0,1,0,0,0,0,0,0,0,0,4,0,,67,7,2010,6,40.0302,-75.1185,57.0,6,0,0,0,0,0,1,0,0,,0,0,0,0.0,3,2,1,,0,40 01:48.733,,0,75 07:06.450,4,0,0,0,67301,0,0,0,N,0,0,0,5,67301,2,,1,1,,N,N,,0,,0,0,0,3,2,,55.0,2,2,0,0,0,0,2,3,4,1,2,3,,N,,,,,,,,,,,
2010081812,1953.0,0,0,0,1,0,0,0,0,0,4,0,,67,7,2010,3,40.056,-75.0833,1950.0,6,0,0,0,0,0,1,0,0,,0,0,0,19.0,1,1,0,,0,40 03:21.481,,7,75 04:59.786,8,0,0,0,67301,1,0,0,N,0,0,0,2,67301,0,,1,1,,N,N,,1,,0,0,0,0,0,,1947.0,1,2,0,0,1,1,0,3,4,0,1,3,,N,,,,,,,,,,,
2010069989,1736.0,0,0,0,0,0,0,0,0,0,8,0,,67,6,2010,6,39.9509,-75.152,1731.0,6,0,0,0,0,0,1,0,0,,0,0,0,17.0,1,3,1,,0,39 57:03.252,,0,75 09:07.174,4,0,0,0,67301,3,0,0,N,3,0,0,8,67301,3,,1,1,,N,N,,0,,0,0,0,3,2,,1728.0,3,4,0,0,0,0,0,3,4,1,1,3,,N,,,,,,,,,,,
2010070001,635.0,1,0,0,0,0,0,0,0,0,4,0,,67,6,2010,3,40.0875,-74.9711,625.0,6,0,0,0,0,0,0,0,0,,0,0,0,6.0,1,2,1,,0,40 05:15.133,,0,74 58:16.083,8,0,0,0,67301,0,0,0,N,0,0,0,2,67301,0,,1,1,,N,N,,0,,0,0,1,3,2,,620.0,2,2,0,0,1,2,0,3,4,0,2,3,,N,,,,,,,,,,,
2010070026,1228.0,1,0,0,0,0,0,0,0,0,8,0,,67,6,2010,7,39.9325,-75.2246,1228.0,6,0,0,0,0,0,0,0,0,,0,0,0,12.0,1,1,1,,0,39 55:56.906,,0,75 13:28.606,8,0,0,0,67301,1,0,0,N,1,0,0,2,67301,0,,1,1,,N,N,,0,,0,0,0,3,2,,1228.0,1,2,0,0,0,1,0,3,4,0,1,3,,N,,,,,,,,,,,
2010070031,2000.0,1,0,0,0,0,0,0,0,0,1,0,,67,6,2010,4,40.0416,-75.0171,1950.0,6,0,0,0,0,0,0,0,0,1.0,0,0,0,19.0,4,0,0,,1,40 02:29.792,3.0,0,75 01:01.394,0,0,0,0,67301,0,0,0,N,0,0,0,1,67301,0,,4,1,,N,N,,0,,0,0,0,0,0,N,1944.0,0,2,0,0,0,0,0,3,4,1,2,3,,N,,,,,,,,,,,
2010070045,750.0,0,0,0,0,0,0,0,0,0,4,0,,67,6,2010,3,40.0992,-75.0123,744.0,6,0,0,0,0,0,1,0,0,,0,0,0,7.0,1,1,1,,0,40 05:57.051,,0,75 00:44.384,4,0,0,0,67301,0,0,0,,0,0,0,6,67301,1,,1,1,,N,N,,1,,0,0,0,0,0,,730.0,1,2,0,0,0,0,0,3,4,1,2,3,,N,,,,,,,,,,,
2010070050,544.0,2,0,0,0,0,0,0,0,0,6,0,,67,6,2010,7,40.1147,-75.0259,537.0,6,0,0,0,0,0,0,0,0,1.0,0,0,0,5.0,5,1,0,,1,40 06:52.890,3.0,0,75 01:33.210,8,0,0,0,67301,0,0,0,N,0,0,0,1,67301,0,,1,1,,N,N,,0,,0,0,0,0,0,N,537.0,1,2,0,0,0,1,0,3,4,0,2,3,,N,,,,,,,,,,,
2010074572,1848.0,1,0,0,1,0,0,0,0,0,4,0,,67,7,2010,2,39.9442,-75.2222,1845.0,6,0,0,0,0,0,0,0,0,,0,0,0,18.0,4,1,1,,0,39 56:39.127,,0,75 13:19.952,8,0,0,0,67301,1,0,0,N,0,0,0,2,67301,0,,1,9,,N,N,,0,,0,0,0,0,0,,1845.0,1,2,0,0,0,1,1,3,4,0,1,7,,N,,,,,,,,,,,
2010074636,325.0,1,0,0,0,0,0,0,0,0,1,0,,67,7,2010,1,40.0429,-75.0515,246.0,6,0,0,0,0,0,0,0,0,1.0,0,0,0,2.0,3,0,0,,1,40 02:34.314,4.0,0,75 03:05.362,0,0,0,0,67301,0,0,0,N,0,0,0,1,67301,0,,1,1,,N,N,,1,,0,0,0,0,0,N,246.0,0,2,0,0,0,0,0,3,4,0,2,3,,N,,,,,,,,,,,
2010030376,2232.0,0,0,0,0,0,0,1,0,0,8,1,,67,2,2010,7,40.0388,-75.1436,2229.0,6,0,0,0,0,0,0,0,0,,0,0,0,22.0,3,6,1,,0,40 02:19.773,,0,75 08:37.097,4,0,0,0,67301,1,0,0,N,1,0,0,7,67301,6,,1,1,,N,N,,0,,0,0,0,3,2,,2220.0,6,2,0,0,0,0,0,3,4,0,1,3,,N,,,,,,,,,,,
2010028175,636.0,1,0,0,0,0,0,0,0,0,7,0,,67,2,2010,4,40.1042,-75.0243,631.0,6,0,0,0,0,0,1,0,0,,0,0,0,6.0,1,0,0,,0,40 06:15.068,,0,75 01:27.590,0,0,0,0,67301,0,0,0,,0,0,0,1,67301,0,,5,2,,N,N,,0,,0,0,0,0,0,,625.0,0,1,0,0,0,0,0,3,4,0,1,7,,N,,,,,,,,,,,
2010028103,1139.0,1,0,0,0,0,0,0,0,0,5,1,,67,2,2010,6,39.9267,-75.188,1131.0,6,0,1,0,0,0,0,0,0,,0,1,0,11.0,1,1,1,,0,39 55:36.102,,0,75 11:15.812,8,0,0,0,67301,0,0,0,N,0,0,0,2,67301,0,,1,98,,N,N,,0,,0,0,0,3,2,,1129.0,1,2,0,0,0,1,0,3,4,0,2,98,,N,,,,,,,,,,,
2010028238,853.0,2,0,0,0,0,0,0,0,0,4,0,,67,2,2010,3,39.9878,-75.1806,851.0,6,0,0,0,0,0,1,0,0,,0,0,0,8.0,1,1,1,,0,39 59:16.184,,0,75 10:50.095,4,0,0,0,67301,0,0,0,N,0,0,0,3,67301,1,,1,6,,N,N,,0,,0,0,0,1,2,,845.0,1,2,0,0,0,0,0,3,4,0,2,3,,N,,,,,,,,,,,
2010028259,1645.0,1,0,0,0,0,0,0,0,0,2,0,,67,2,2010,5,39.9981,-75.1261,1640.0,6,0,0,0,0,0,0,0,0,,0,0,0,16.0,1,3,0,,0,39 59:53.135,,0,75 07:34.086,3,0,0,0,67301,0,0,0,N,0,0,0,4,67301,2,,1,1,,N,N,,1,,1,0,0,0,0,,1640.0,3,2,0,0,0,0,1,3,4,0,2,3,,N,,,,,,,,,,,