CRN,ARRIVAL_TM,AUTOMOBILE_COUNT,BELTED_DEATH_COUNT,BELTED_SUSP_SERIOUS_INJ_COUNT,BICYCLE_COUNT,BICYCLE_DEATH_COUNT,BICYCLE_SUSP_SERIOUS_INJ_COUNT,BUS_COUNT,CHLDPAS_DEATH_COUNT,CHLDPAS_SUSP_SERIOUS_INJ_COUNT,COLLISION_TYPE,COMM_VEH_COUNT,CONS_ZONE_SPD_LIM,COUNTY,CRASH_MONTH,CRASH_YEAR,DAY_OF_WEEK,DEC_LAT,DEC_LONG,DISPATCH_TM,DISTRICT,DRIVER_COUNT_16YR,DRIVER_COUNT_17YR,DRIVER_COUNT_18YR,DRIVER_COUNT_19YR,DRIVER_COUNT_20YR,DRIVER_COUNT_50_64YR,DRIVER_COUNT_65_74YR,DRIVER_COUNT_75PLUS,EST_HRS_CLOSED,FATAL_COUNT,HEAVY_TRUCK_COUNT,HORSE_BUGGY_COUNT,HOUR_OF_DAY,ILLUMINATION,INJURY_COUNT,INTERSECT_TYPE,INTERSECTION_RELATED,LANE_CLOSED,LATITUDE,LN_CLOSE_DIR,LOCATION_TYPE,LONGITUDE,MAX_SEVERITY_LEVEL,MCYCLE_DEATH_COUNT,MCYCLE_SUSP_SERIOUS_INJ_COUNT,MOTORCYCLE_COUNT,MUNICIPALITY,NONMOTR_COUNT,NONMOTR_DEATH_COUNT,NONMOTR_SUSP_SERIOUS_INJ_COUNT,NTFY_HIWY_MAINT,PED_COUNT,PED_DEATH_COUNT,PED_SUSP_SERIOUS_INJ_COUNT,PERSON_COUNT,POLICE_AGCY,POSSIBLE_INJ_COUNT,RDWY_SURF_TYPE_CD,RELATION_TO_ROAD,ROAD_CONDITION,ROADWAY_CLEARED,SCH_BUS_IND,SCH_ZONE_IND,SECONDARY_CRASH,SMALL_TRUCK_COUNT,SPEC_JURIS_CD,SUSP_MINOR_INJ_COUNT,SUSP_SERIOUS_INJ_COUNT,SUV_COUNT,TCD_FUNC_CD,TCD_TYPE,TFC_DETOUR_IND,TIME_OF_DAY,TOT_INJ_COUNT,TOTAL_UNITS,UNB_DEATH_COUNT,UNB_SUSP_SERIOUS_INJ_COUNT,UNBELTED_OCC_COUNT,UNK_INJ_DEG_COUNT,UNK_INJ_PER_COUNT,URBAN_AREA,URBAN_RURAL,VAN_COUNT,VEHICLE_COUNT,WEATHER1,WEATHER2,WORK_ZONE_IND,WORK_ZONE_LOC,WORK_ZONE_TYPE,WORKERS_PRES,WZ_CLOSE_DETOUR,WZ_FLAGGER,WZ_LAW_OFFCR_IND,WZ_LN_CLOSURE,WZ_MOVING,WZ_OTHER,WZ_SHLDER_MDN,WZ_WORKERS_INJ_KILLED
2010028260,1306.0,0,0,0,0,0,0,0,0,0,4,0,,67,2,2010,5,39.9938,-75.1283,1304.0,6,0,0,0,0,0,0,0,0,3.0,0,0,0,13.0,1,2,5,,1,39 59:37.611,3.0,0,75 07:41.782,3,0,0,0,67301,0,0,0,N,0,0,0,3,67301,1,,1,9,,N,N,,1,,1,0,1,3,3,Y,1304.0,2,2,0,0,0,0,0,3,4,0,2,10,,N,,,,,,,,,,,
2010028261,1630.0,1,0,0,0,0,0,0,0,0,2,0,,67,2,2010,6,40.0003,-75.1064,1615.0,6,0,0,0,0,0,1,0,0,,0,0,0,16.0,1,1,5,,0,40 00:01.004,,0,75 06:23.097,4,0,0,0,67301,0,0,0,N,0,0,0,3,67301,1,,1,2,,N,N,,0,,0,0,1,3,2,,1610.0,1,2,0,0,0,0,0,3,4,0,2,10,,N,,,,,,,,,,,
2010028333,2115.0,3,0,0,0,0,0,0,0,0,5,0,,67,2,2010,6,39.991,-75.2224,2058.0,6,0,0,0,0,0,0,0,0,,0,0,0,20.0,8,1,0,,0,39 59:27.542,,0,75 13:20.596,8,0,0,0,67301,0,0,0,N,0,0,0,1,67301,0,,1,7,,N,N,,0,,0,0,0,0,0,,2058.0,1,3,0,0,0,1,0,3,4,0,3,10,,N,,,,,,,,,,,
2010025330,635.0,1,0,0,0,0,0,0,0,0,1,0,,67,3,2010,3,40.0814,-75.2037,630.0,6,0,0,0,0,0,0,0,0,1.0,0,0,0,6.0,1,0,0,,1,40 04:53.176,1.0,6,75 12:13.345,0,0,0,0,67301,0,0,0,N,0,0,0,2,46108,0,,1,1,,N,N,,0,,0,0,1,0,0,Y,630.0,0,2,0,0,0,0,0,3,4,0,2,3,,N,,,,,,,,,,,
2010023616,1250.0,0,0,0,0,0,0,0,0,0,7,0,,67,1,2010,4,39.9591,-75.173,1242.0,6,0,0,0,0,0,1,0,0,1.0,0,0,0,12.0,1,0,0,,1,39 57:32.906,3.0,0,75 10:22.705,0,0,0,0,67301,0,0,0,N,0,0,0,1,68K01,0,,3,7,,N,N,,0,,0,0,1,0,0,N,1238.0,0,1,0,0,0,0,0,3,4,0,1,10,,N,,,,,,,,,,,
2010018059,801.0,1,0,0,0,0,0,0,0,0,4,0,,67,1,2010,1,40.0505,-75.1555,754.0,6,0,0,0,0,0,1,0,0,,0,0,0,7.0,1,1,1,,0,40 03:01.778,,0,75 09:19.630,4,0,0,0,67301,0,0,0,,0,0,0,2,67301,1,,1,9,,N,N,,0,,0,0,1,3,3,,712.0,1,2,0,0,0,0,0,3,4,0,2,3,,N,,,,,,,,,,,
2010110776,1510.0,2,0,0,0,0,0,0,0,0,5,0,,67,10,2010,4,40.011,-75.1837,1500.0,6,0,0,0,0,0,0,0,0,,0,0,0,14.0,1,1,0,,0,40 00:41.007,,0,75 10:58.614,8,0,0,0,67301,0,0,0,N,0,0,0,2,67301,0,,1,1,,N,N,,0,,0,0,0,0,0,,1455.0,1,2,0,0,0,1,0,3,4,0,2,3,,N,,,,,,,,,,,
2010101649,1600.0,1,0,0,0,0,0,1,0,0,4,1,,67,10,2010,3,39.9886,-75.1871,1545.0,6,0,0,0,0,0,1,1,0,3.0,0,0,0,14.0,1,1,1,,2,39 59:19.087,7.0,0,75 11:13.430,3,0,0,0,67301,0,0,0,N,0,0,0,19,67301,0,,1,1,,Y,N,,0,,1,0,0,3,2,Y,1453.0,1,2,0,0,0,0,0,3,4,0,2,3,,N,,,,,,,,,,,
2011008227,1114.0,1,0,0,0,0,0,0,0,0,7,0,,67,12,2010,5,40.0439,-75.2176,1109.0,6,0,0,0,0,0,0,0,0,,0,0,0,10.0,1,1,0,,0,40 02:38.600,,3,75 13:03.602,8,0,0,0,67301,0,0,0,N,0,0,0,1,67301,0,,5,1,,N,N,,0,,0,0,0,0,0,,1059.0,1,1,0,0,0,1,0,3,4,0,1,3,,N,,,,,,,,,,,
2011022466,0.0,1,0,0,0,0,0,0,0,0,0,0,,67,8,2010,5,40.0276,-75.125,0.0,6,0,0,0,0,0,0,0,0,,0,0,0,13.0,1,1,0,,0,40 01:39.470,,0,75 07:30.119,8,0,0,0,67301,0,0,0,N,0,0,0,1,00000,0,,1,1,,N,N,,0,,0,0,0,0,0,,1330.0,1,1,0,0,0,1,0,3,4,0,1,3,,N,,,,,,,,,,,
2010116792,1818.0,2,0,0,0,0,0,0,0,0,1,0,,67,11,2010,7,40.0498,-74.9929,1750.0,6,0,0,0,1,0,0,0,0,,0,0,0,17.0,3,0,0,,0,40 02:59.554,,0,74 59:33.928,0,0,0,0,67301,0,0,0,N,0,0,0,2,68K01,0,,1,1,,N,N,,0,,0,0,0,0,0,,1746.0,0,2,0,0,0,0,0,3,4,0,2,3,,N,,,,,,,,,,,
2010069264,336.0,0,0,0,0,0,0,0,0,0,7,0,,67,6,2010,4,39.9319,-75.2167,9999.0,6,0,0,0,0,0,0,0,0,,0,0,0,1.0,3,1,0,,0,39 55:54.767,,0,75 12:59.968,3,0,0,0,67301,0,0,0,N,0,0,0,1,67301,0,,2,1,,N,N,,1,,1,0,0,0,0,,142.0,1,1,0,0,0,0,0,3,4,0,1,3,,N,,,,,,,,,,,
2010074396,1629.0,1,0,0,1,0,0,0,0,0,4,0,,67,6,2010,5,39.9503,-75.1917,1629.0,6,0,0,0,0,0,0,0,0,,0,0,0,16.0,1,1,1,,0,39 57:01.078,,0,75 11:30.262,8,0,0,0,67301,1,0,0,N,0,0,0,2,67301,0,,1,9,,N,N,,0,,0,0,0,3,2,,1610.0,1,2,0,0,0,1,0,3,4,0,1,7,,N,,,,,,,,,,,
2010074417,1000.0,1,0,0,0,0,0,0,0,0,8,0,,67,7,2010,2,39.9244,-75.1696,918.0,6,0,0,0,0,0,0,0,0,,0,0,0,9.0,1,1,1,,0,39 55:27.728,,0,75 10:10.600,4,0,0,0,67301,1,0,0,N,1,0,0,2,67301,1,,2,1,,N,N,,0,,0,0,0,0,0,,915.0,1,2,0,0,0,0,0,3,4,0,1,3,,N,,,,,,,,,,,
2010074503,1031.0,1,0,0,0,0,0,0,0,0,4,0,,67,7,2010,5,40.0313,-75.0849,1030.0,6,0,0,0,0,0,1,0,0,1.0,0,0,0,10.0,1,0,5,,1,40 01:53.078,4.0,0,75 05:05.038,0,0,0,0,67301,0,0,0,N,0,0,0,4,67301,0,,1,1,,N,N,,0,,0,0,1,3,2,N,1027.0,0,2,0,0,0,0,0,3,4,0,2,3,,N,,,,,,,,,,,
2010081925,110.0,2,0,0,0,0,0,0,0,0,4,0,,67,7,2010,7,39.9532,-75.2487,104.0,6,0,0,0,0,1,0,0,0,,0,0,0,1.0,3,2,2,,0,39 57:11.353,,0,75 14:55.491,8,0,0,0,67301,0,0,0,N,0,0,0,5,67301,0,,1,1,,N,N,,0,,0,0,0,3,2,,100.0,2,2,0,0,0,2,0,3,4,0,2,3,,N,,,,,,,,,,,
2010071689,334.0,2,0,0,0,0,0,0,0,0,5,0,,67,7,2010,1,39.9292,-75.1973,332.0,6,0,0,0,0,1,0,0,0,1.0,0,0,0,3.0,2,2,0,,1,39 55:44.703,3.0,0,75 11:49.967,8,0,0,0,67301,0,0,0,N,0,0,0,2,68K01,0,,1,1,,N,N,,0,,0,0,0,0,0,N,330.0,2,2,0,0,0,2,0,3,4,0,2,3,,N,,,,,,,,,,,
2010069917,2210.0,1,0,0,0,0,0,0,0,0,5,0,,67,6,2010,7,39.9794,-75.2253,2208.0,6,0,0,0,0,0,0,0,0,,0,0,0,21.0,3,1,1,,0,39 58:45.886,,0,75 13:31.197,4,0,0,0,67301,0,0,0,,0,0,0,3,67301,1,,1,1,,N,N,,0,,0,0,1,3,2,,2150.0,1,2,0,0,0,0,0,3,4,0,2,3,,N,,,,,,,,,,,
2010070053,1720.0,1,0,0,0,0,0,0,0,0,8,0,,67,5,2010,5,39.9244,-75.1698,1750.0,6,0,0,0,0,0,0,0,0,,0,0,0,16.0,1,1,0,,0,39 55:26.553,,0,75 10:01.492,4,0,0,0,67301,1,0,0,,1,0,0,2,67301,1,,1,1,,,,,0,,0,0,0,3,2,,1645.0,1,2,0,0,0,0,0,3,4,0,1,3,,N,,,,,,,,,,,
2010074564,840.0,1,0,0,0,0,0,0,0,0,7,0,,67,7,2010,5,40.0276,-75.1922,820.0,6,0,0,0,0,0,0,0,0,9.0,0,0,0,8.0,1,1,0,,1,40 01:39.294,2.0,0,75 11:31.888,4,0,0,0,67301,0,0,0,N,0,0,0,1,67301,1,,1,1,,N,N,,0,,0,0,0,0,0,N,819.0,1,1,0,0,0,0,0,3,4,0,1,3,,N,,,,,,,,,,,
2010074571,212.0,1,0,0,0,0,0,0,0,0,7,0,,67,7,2010,7,40.0262,-75.0968,209.0,6,0,0,0,0,0,0,0,0,1.0,0,0,0,2.0,3,0,0,,1,40 01:35.142,3.0,0,75 05:50.332,0,0,0,0,67301,0,0,0,,0,0,0,1,67301,0,,2,1,,,,,0,,0,0,0,0,0,N,200.0,0,1,0,0,0,0,0,3,4,0,1,3,,N,,,,,,,,,,,
2010074596,1005.0,0,0,0,0,0,0,1,0,0,1,1,,67,7,2010,3,40.0077,-75.1388,1000.0,6,0,0,0,0,0,0,0,0,,0,0,0,10.0,1,6,1,,0,40 00:27.586,,0,75 08:19.563,8,0,0,0,67301,0,0,0,N,0,0,0,8,67301,0,,1,1,,N,N,,0,,0,0,0,0,0,,1000.0,6,2,0,0,0,6,2,3,4,0,2,3,,N,,,,,,,,,,,
2010058941,317.0,1,0,0,0,0,0,0,0,0,7,0,,67,5,2010,5,39.9931,-75.2152,314.0,6,0,0,0,0,0,0,0,0,,0,0,0,3.0,3,1,3,,0,39 59:35.138,,0,75 12:54.655,8,0,0,0,67301,0,0,0,,0,0,0,1,67301,0,,4,1,,N,N,,0,,0,0,0,0,0,,314.0,1,1,0,0,0,1,0,3,4,0,1,3,,N,,,,,,,,,,,
2010058966,1800.0,1,0,0,0,0,0,0,0,0,7,0,,67,5,2010,3,,,1753.0,6,0,0,0,0,0,0,0,0,1.0,0,0,0,17.0,1,1,0,,1,,4.0,0,,4,0,0,0,67301,0,0,0,N,0,0,0,1,67301,1,,5,9,,N,N,,0,,0,0,0,0,0,N,1750.0,1,1,0,0,0,0,0,3,3,0,1,7,,N,,,,,,,,,,,
2010058977,1623.0,0,0,0,0,0,0,0,0,0,7,0,,67,5,2010,1,39.8979,-75.2111,1622.0,6,0,0,0,0,0,0,0,0,2.0,0,0,0,16.0,1,3,0,,2,39 53:52.656,3.0,3,75 12:39.979,4,0,0,0,67301,0,0,0,,0,0,0,5,67301,3,,2,1,,N,N,,0,,0,0,1,3,2,Y,1620.0,3,1,0,0,0,0,0,3,4,0,1,3,,N,,,,,,,,,,,
2010027892,1928.0,0,0,0,0,0,0,0,0,0,4,0,,67,2,2010,5,40.0485,-75.0937,1928.0,6,0,0,0,0,0,0,0,0,,0,0,0,19.0,3,1,1,,0,40 02:54.566,,0,75 05:37.204,3,0,0,0,67301,0,0,0,N,0,0,0,2,67301,0,,1,1,,N,N,,0,,1,0,2,2,2,,1928.0,1,2,0,0,0,0,0,3,4,0,2,3,,N,,,,,,,,,,,
2010030375,2209.0,1,0,0,0,0,0,1,0,0,1,1,,67,2,2010,3,40.0595,-75.052,2209.0,6,0,0,0,0,0,1,0,0,,0,0,0,22.0,3,6,1,,0,40 03:34.246,,0,75 03:07.165,8,0,0,0,67301,0,0,0,,0,0,0,8,67301,0,,1,7,,,,,0,,0,0,0,0,0,,2208.0,6,2,0,0,0,6,0,3,4,0,2,10,,N,,,,,,,,,,,
2010027941,2200.0,0,0,0,0,0,0,0,0,0,5,0,,67,2,2010,4,40.0764,-75.0723,2145.0,6,0,0,0,0,0,0,0,0,,0,0,0,19.0,3,1,0,,0,40 04:34.921,,0,75 04:20.447,4,0,0,0,67301,1,0,0,,1,0,0,2,67301,1,,1,7,,,,,0,,0,0,0,0,0,,1945.0,1,2,0,0,0,0,0,3,4,0,1,10,,N,,,,,,,,,,,
2010027955,1710.0,2,0,0,0,0,0,0,0,0,4,0,,67,1,2010,7,39.9763,-75.2248,1704.0,6,0,0,0,0,0,1,0,0,,0,0,0,17.0,2,2,0,,0,39 58:34.689,,0,75 13:29.317,4,0,0,0,67301,0,0,0,N,0,0,0,4,67301,2,,1,9,,N,N,,0,,0,0,0,0,0,,1700.0,2,2,0,0,0,0,0,3,4,0,2,10,,N,,,,,,,,,,,
2010028063,2130.0,1,0,0,0,0,0,0,0,0,1,0,,67,1,2010,2,40.0625,-74.987,2118.0,6,0,0,0,0,0,1,0,0,,0,0,0,21.0,3,1,1,,0,40 03:44.832,,0,74 59:13.249,3,0,0,0,67301,0,0,0,N,0,0,0,4,67301,0,,1,1,,N,N,,2,,1,0,0,3,2,,2118.0,1,3,0,0,0,0,0,3,4,0,3,3,,N,,,,,,,,,,,
2010028119,854.0,1,0,0,0,0,0,0,0,0,4,0,,67,2,2010,7,39.9464,-75.1795,852.0,6,0,0,0,0,0,1,0,0,,0,0,0,8.0,1,1,1,,0,39 56:47.166,,0,75 10:46.214,8,0,0,0,67301,0,0,0,N,0,0,0,2,67301,0,,1,9,,N,N,,1,,0,0,0,3,2,,851.0,1,2,0,0,0,1,0,3,4,0,2,3,,N,,,,,,,,,,,
2010028352,1810.0,3,0,0,0,0,0,0,0,0,1,0,,67,2,2010,5,39.9971,-75.1429,1801.0,6,0,1,0,0,0,0,0,0,,0,0,0,17.0,3,0,0,,0,39 59:49.424,,0,75 08:34.321,0,0,0,0,67301,0,0,0,N,0,0,0,2,67301,0,,6,9,,N,N,,0,,0,0,0,0,0,,1755.0,0,3,0,0,0,0,0,3,4,0,3,10,,N,,,,,,,,,,,
2010028353,1930.0,2,0,0,0,0,0,0,0,0,4,0,,67,2,2010,7,40.0496,-75.1467,1924.0,6,0,0,0,0,0,0,0,0,,0,0,0,19.0,3,1,0,,0,40 02:58.715,,0,75 08:48.123,4,0,0,0,67301,0,0,0,N,0,0,0,2,67301,1,,1,7,,N,N,,0,,0,0,0,0,0,,1923.0,1,2,0,0,0,0,0,3,4,0,2,3,,N,,,,,,,,,,,
2010018037,935.0,0,0,0,0,0,0,0,0,0,4,1,,67,1,2010,5,40.0307,-75.1807,928.0,6,0,0,0,0,0,0,0,0,,0,1,0,99.0,1,1,0,,0,40 01:50.349,,7,75 10:50.616,8,0,0,0,67301,0,0,0,,0,0,0,2,67301,0,,1,1,,,,,0,,0,0,0,0,0,,9999.0,1,2,0,0,0,1,0,3,4,1,2,3,,N,,,,,,,,,,,
2010015571,2154.0,1,0,0,0,0,0,0,0,0,4,0,,67,1,2010,7,39.916,-75.1475,2150.0,6,0,0,0,0,0,1,0,0,2.0,0,0,0,21.0,3,0,0,,2,39 54:58.281,1.0,0,75 08:51.006,0,0,0,0,67301,0,0,0,N,0,0,0,3,68K01,0,,1,7,,N,N,,0,,0,0,1,0,0,N,2140.0,0,2,0,0,0,0,0,3,4,0,2,10,,N,,,,,,,,,,,
2010088988,713.0,2,0,0,0,0,0,0,0,0,1,0,,67,8,2010,3,40.0567,-75.0469,708.0,6,0,0,0,0,0,0,0,0,1.0,0,0,0,7.0,1,1,1,,1,40 03:24.250,2.0,0,75 02:48.711,8,0,0,0,67301,0,0,0,N,0,0,0,3,67301,0,,1,1,,N,N,,0,,0,0,0,3,2,N,705.0,1,2,0,0,2,1,0,3,4,0,2,3,,N,,,,,,,,,,,
2010103624,142.0,1,0,0,0,0,0,0,0,0,1,0,,67,10,2010,5,40.0119,-75.2049,131.0,6,0,0,0,0,0,0,0,0,,0,0,0,1.0,3,0,6,,0,40 00:39.639,,2,75 12:22.116,0,0,0,0,67301,0,0,0,N,0,0,0,3,68K01,0,,1,1,,N,N,,0,,0,0,1,3,3,,130.0,0,2,0,0,0,0,0,3,4,0,2,3,,N,,,,,,,,,,,
2011009990,220.0,4,0,0,0,0,0,0,0,0,1,0,,67,12,2010,6,40.0269,-75.0972,217.0,6,0,0,0,1,0,0,0,0,1.0,0,0,0,2.0,3,6,1,,1,40 01:36.505,2.0,0,75 05:50.523,4,0,0,0,67301,0,0,0,N,0,0,0,7,67301,1,,1,1,,N,N,,0,,0,0,0,3,2,N,215.0,6,4,0,0,0,5,0,3,4,0,4,3,,N,,,,,,,,,,,
2011010012,2230.0,2,0,0,0,0,0,0,0,0,4,0,,67,12,2010,3,39.9256,-75.2344,2215.0,6,0,0,0,1,0,0,0,0,,0,0,0,22.0,3,1,1,,0,39 55:32.198,,0,75 14:03.722,8,0,0,0,67301,0,0,0,,0,0,0,3,67301,0,,1,1,,,,,0,,0,0,0,3,2,,2215.0,1,2,0,0,0,1,2,3,4,0,2,3,,N,,,,,,,,,,,
2011008255,2016.0,1,0,0,0,0,0,0,0,0,4,0,,67,12,2010,2,40.1007,-75.0296,2012.0,6,0,0,0,0,0,2,0,0,,0,0,0,20.0,3,0,2,,0,40 06:01.721,,0,75 01:46.861,0,0,0,0,67301,0,0,0,,0,0,0,2,67301,0,,1,6,,N,N,,0,,0,0,1,3,2,,2012.0,0,2,0,0,0,0,0,3,4,0,2,3,,N,,,,,,,,,,,
2011000556,719.0,2,0,0,0,0,0,0,0,0,1,0,,67,12,2010,3,39.9479,-75.1869,709.0,6,0,0,0,0,0,0,0,0,2.0,0,0,0,7.0,1,0,0,,1,39 56:53.594,4.0,2,75 11:10.895,0,0,0,0,67301,0,0,0,N,0,0,0,2,68K01,0,,1,1,,N,N,,0,,0,0,0,0,0,N,706.0,0,2,0,0,0,0,0,3,4,0,2,3,,N,,,,,,,,,,,
2011029600,315.0,2,0,0,0,0,0,0,0,0,4,0,,67,5,2010,2,40.0042,-75.1486,312.0,6,0,0,0,0,0,0,0,0,,0,0,0,2.0,3,2,3,,0,40 00:15.188,,0,75 08:55.136,8,0,0,0,67301,0,0,0,Y,0,0,0,3,67301,0,,1,1,,N,Y,,0,,0,0,0,3,2,,210.0,2,2,0,0,0,2,0,3,4,0,2,3,,N,,,,,,,,,,,
2011010048,1750.0,1,0,0,0,0,0,0,0,0,2,0,,67,12,2010,5,40.0804,-74.9771,1745.0,6,0,0,0,0,0,1,0,0,,0,0,0,17.0,3,1,1,,0,40 04:49.584,,0,74 58:37.727,8,0,0,0,67301,0,0,0,,0,0,0,2,67301,0,,1,1,,,,,1,,0,0,0,3,2,,1738.0,1,2,0,0,0,1,0,3,4,0,2,3,,N,,,,,,,,,,,
2011026241,1642.0,2,0,0,0,0,0,0,0,0,4,0,,67,5,2010,1,39.9577,-75.2314,1638.0,6,0,0,0,0,0,0,0,0,,0,0,0,16.0,1,1,1,,0,39 57:27.711,,0,75 13:53.176,4,0,0,0,67301,0,0,0,N,0,0,0,3,67301,1,,1,1,,N,N,,0,,0,0,0,3,2,,1628.0,1,2,0,0,0,0,0,3,4,0,2,3,,N,,,,,,,,,,,
2011026338,942.0,0,0,0,0,0,0,0,0,0,4,0,,67,4,2010,6,40.0102,-75.167,940.0,6,0,0,0,0,0,1,0,0,3.0,0,0,0,9.0,1,1,0,,1,40 00:36.629,1.0,0,75 10:01.315,4,0,0,0,67301,0,0,0,N,0,0,0,2,67301,1,,1,1,,N,N,,0,,0,0,2,0,0,N,938.0,1,2,0,0,0,0,0,3,4,0,2,3,,N,,,,,,,,,,,
2011026200,220.0,1,0,0,0,0,0,0,0,0,8,0,,67,6,2010,7,39.9787,-75.1578,220.0,6,0,0,0,0,0,0,0,0,2.0,0,0,0,2.0,3,2,1,,1,39 58:43.230,1.0,0,75 09:28.092,8,0,0,0,67301,2,0,0,N,2,0,0,3,67301,0,,1,1,,N,N,,0,,0,0,0,3,2,Y,219.0,2,3,0,0,0,2,1,3,4,0,1,3,,N,,,,,,,,,,,
2011026228,9999.0,2,0,0,0,0,0,0,0,0,6,0,,67,5,2010,3,40.0316,-75.2076,1538.0,6,0,0,1,0,0,0,1,0,9.0,0,0,0,15.0,1,2,1,,2,40 01:53.675,5.0,0,75 12:27.912,8,0,0,0,67301,0,0,0,N,0,0,0,4,67301,0,,1,9,,N,N,,1,,0,0,0,3,2,Y,1525.0,2,3,0,0,0,2,0,3,4,0,3,7,,N,,,,,,,,,,,
2011001749,1100.0,1,0,0,0,0,0,0,0,0,7,0,,67,11,2010,6,40.026,-75.1942,1055.0,6,0,0,0,0,0,0,0,0,1.0,0,0,0,10.0,1,1,0,,1,40 01:33.762,1.0,0,75 11:39.224,4,0,0,0,67301,0,0,0,N,0,0,0,1,67301,1,,5,9,,N,N,,0,,0,0,0,0,0,N,1050.0,1,1,0,0,0,0,0,3,4,0,1,3,,N,,,,,,,,,,,
2011000763,326.0,1,0,0,0,0,0,0,0,0,1,0,,67,12,2010,6,40.0279,-75.1175,9999.0,6,1,0,0,0,0,0,0,0,,0,0,0,23.0,3,2,0,,0,40 01:40.522,,0,75 07:03.158,4,0,0,0,67301,0,0,0,N,0,0,0,6,67301,2,,1,1,,N,N,,0,,0,0,1,3,2,,2330.0,2,2,0,0,0,0,0,3,4,0,2,3,,N,,,,,,,,,,,
2011000781,2139.0,2,0,0,0,0,0,0,0,0,6,0,,67,11,2010,2,40.0308,-75.2268,2135.0,6,0,0,0,0,1,1,0,0,1.0,0,0,0,21.0,3,0,1,,1,40 01:50.930,3.0,0,75 13:36.350,0,0,0,0,67301,0,0,0,N,0,0,0,2,67301,0,,1,1,,N,N,,0,,0,0,0,3,3,Y,2131.0,0,2,0,0,0,0,0,3,4,0,2,3,,N,,,,,,,,,,,
2011000848,1723.0,2,0,0,0,0,0,0,0,0,4,0,,67,12,2010,6,40.0701,-75.1667,1713.0,6,0,0,1,0,0,0,0,0,,0,0,0,15.0,1,0,1,,0,40 04:12.522,,0,75 10:00.271,0,0,0,0,67301,0,0,0,N,0,0,0,2,67301,0,,1,1,,N,N,,0,,0,0,0,3,2,,1502.0,0,2,0,0,0,0,0,3,4,0,2,3,,N,,,,,,,,,,,
2011031175,920.0,0,0,0,0,0,0,1,0,0,8,1,,67,10,2010,5,40.0054,-75.1085,911.0,6,0,0,0,0,0,0,0,0,3.0,0,0,0,8.0,1,1,0,,1,40 00:19.448,4.0,0,75 06:30.310,4,0,0,0,67301,1,0,0,N,1,0,0,2,67301,1,,1,1,,N,N,,0,,0,0,0,0,0,N,829.0,1,2,0,0,0,0,0,3,4,0,1,3,,N,,,,,,,,,,,
2011008339,1734.0,2,0,0,0,0,0,0,0,0,4,0,,67,12,2010,2,40.0787,-74.9985,1734.0,6,0,0,0,0,1,0,0,0,,0,0,0,17.0,3,1,1,,0,40 04:43.216,,0,74 59:54.741,4,0,0,0,67301,0,0,0,,0,0,0,2,67301,1,,1,1,,N,N,,0,,0,0,0,3,2,,1733.0,1,2,0,0,0,0,0,3,4,0,2,3,,N,,,,,,,,,,,
2011008351,1635.0,1,0,0,0,0,0,0,0,0,5,0,,67,12,2010,3,40.0503,-75.1171,1627.0,6,0,0,0,0,1,0,0,0,1.0,0,0,0,16.0,4,1,0,,1,40 03:01.048,3.0,0,75 07:01.532,3,0,0,0,67301,0,0,0,N,0,0,0,2,67301,0,,1,1,,N,N,,0,,1,0,0,0,0,N,1605.0,1,2,0,0,0,0,1,3,4,1,2,3,,N,,,,,,,,,,,
2010070764,1917.0,1,0,0,0,0,0,0,0,0,7,0,,67,6,2010,5,40.0314,-75.1526,1916.0,6,0,0,0,0,0,0,0,0,,0,0,0,19.0,1,1,0,,0,40 01:53.144,,0,75 09:09.208,8,0,0,0,67301,0,0,0,N,0,0,0,1,67301,0,,4,1,,N,N,,0,,0,0,0,3,2,,1906.0,1,1,0,0,0,1,0,3,4,0,1,3,,N,,,,,,,,,,,
2010051284,1401.0,1,0,0,0,0,0,0,0,0,1,0,,67,5,2010,6,40.0553,-74.9848,1401.0,6,0,0,0,0,0,0,0,0,,0,0,0,13.0,1,0,0,,0,40 03:18.737,,0,74 59:05.643,0,0,0,0,67301,0,0,0,N,0,0,0,2,68K01,0,,1,1,,N,N,,0,,0,0,1,0,0,,1354.0,0,2,0,0,0,0,0,3,4,0,2,3,,N,,,,,,,,,,,
2010062641,1417.0,1,0,0,0,0,0,0,0,0,4,0,,67,6,2010,3,40.0205,-75.1627,1415.0,6,0,0,0,0,0,1,0,0,,0,0,0,14.0,1,1,0,,0,40 01:13.823,,7,75 09:45.864,8,0,0,0,67301,0,0,0,,0,0,0,2,67301,0,,1,9,,N,N,,0,,0,0,1,0,0,,1405.0,1,2,0,0,0,1,0,3,4,0,2,7,,N,,,,,,,,,,,
2010062679,1555.0,2,0,0,0,0,0,0,0,0,4,0,,67,5,2010,7,40.0176,-75.065,1550.0,6,0,0,0,0,0,1,0,0,,0,0,0,15.0,1,3,1,,0,40 01:03.097,,0,75 03:54.438,8,0,0,0,67301,0,0,0,N,0,0,0,4,67301,0,,1,1,,N,N,,0,,0,0,0,3,2,,1546.0,3,2,0,0,0,3,0,3,4,0,2,3,,N,,,,,,,,,,,
2010062699,1630.0,1,0,0,0,0,0,0,0,0,4,0,,67,5,2010,3,39.9798,-75.2341,1627.0,6,0,0,0,0,0,0,0,0,,0,0,0,16.0,1,1,0,,0,39 58:47.359,,0,75 14:02.666,8,0,0,1,67301,0,0,0,,0,0,0,3,67301,0,,1,1,,,,,0,,0,0,0,0,0,,1620.0,1,2,0,0,0,1,1,3,4,0,2,3,,N,,,,,,,,,,,