CRN,ARRIVAL_TM,AUTOMOBILE_COUNT,BELTED_DEATH_COUNT,BELTED_SUSP_SERIOUS_INJ_COUNT,BICYCLE_COUNT,BICYCLE_DEATH_COUNT,BICYCLE_SUSP_SERIOUS_INJ_COUNT,BUS_COUNT,CHLDPAS_DEATH_COUNT,CHLDPAS_SUSP_SERIOUS_INJ_COUNT,COLLISION_TYPE,COMM_VEH_COUNT,CONS_ZONE_SPD_LIM,COUNTY,CRASH_MONTH,CRASH_YEAR,DAY_OF_WEEK,DEC_LAT,DEC_LONG,DISPATCH_TM,DISTRICT,DRIVER_COUNT_16YR,DRIVER_COUNT_17YR,DRIVER_COUNT_18YR,DRIVER_COUNT_19YR,DRIVER_COUNT_20YR,DRIVER_COUNT_50_64YR,DRIVER_COUNT_65_74YR,DRIVER_COUNT_75PLUS,EST_HRS_CLOSED,FATAL_COUNT,HEAVY_TRUCK_COUNT,HORSE_BUGGY_COUNT,HOUR_OF_DAY,ILLUMINATION,INJURY_COUNT,INTERSECT_TYPE,INTERSECTION_RELATED,LANE_CLOSED,LATITUDE,LN_CLOSE_DIR,LOCATION_TYPE,LONGITUDE,MAX_SEVERITY_LEVEL,MCYCLE_DEATH_COUNT,MCYCLE_SUSP_SERIOUS_INJ_COUNT,MOTORCYCLE_COUNT,MUNICIPALITY,NONMOTR_COUNT,NONMOTR_DEATH_COUNT,NONMOTR_SUSP_SERIOUS_INJ_COUNT,NTFY_HIWY_MAINT,PED_COUNT,PED_DEATH_COUNT,PED_SUSP_SERIOUS_INJ_COUNT,PERSON_COUNT,POLICE_AGCY,POSSIBLE_INJ_COUNT,RDWY_SURF_TYPE_CD,RELATION_TO_ROAD,ROAD_CONDITION,ROADWAY_CLEARED,SCH_BUS_IND,SCH_ZONE_IND,SECONDARY_CRASH,SMALL_TRUCK_COUNT,SPEC_JURIS_CD,SUSP_MINOR_INJ_COUNT,SUSP_SERIOUS_INJ_COUNT,SUV_COUNT,TCD_FUNC_CD,TCD_TYPE,TFC_DETOUR_IND,TIME_OF_DAY,TOT_INJ_COUNT,TOTAL_UNITS,UNB_DEATH_COUNT,UNB_SUSP_SERIOUS_INJ_COUNT,UNBELTED_OCC_COUNT,UNK_INJ_DEG_COUNT,UNK_INJ_PER_COUNT,URBAN_AREA,URBAN_RURAL,VAN_COUNT,VEHICLE_COUNT,WEATHER1,WEATHER2,WORK_ZONE_IND,WORK_ZONE_LOC,WORK_ZONE_TYPE,WORKERS_PRES,WZ_CLOSE_DETOUR,WZ_FLAGGER,WZ_LAW_OFFCR_IND,WZ_LN_CLOSURE,WZ_MOVING,WZ_OTHER,WZ_SHLDER_MDN,WZ_WORKERS_INJ_KILLED
2010062701,1132.0,0,0,0,0,0,0,0,0,0,4,0,,67,5,2010,7,40.0398,-75.1091,1130.0,6,0,0,0,0,0,0,0,0,,0,0,0,11.0,1,3,0,,0,40 02:23.110,,0,75 06:32.728,4,0,0,0,67301,0,0,0,N,0,0,0,5,67301,3,,1,1,,N,N,,1,,0,0,0,3,2,,1128.0,3,2,0,0,0,0,1,3,4,1,2,99,,N,,,,,,,,,,,
2010062721,1225.0,2,0,0,0,0,0,0,0,0,4,0,,67,5,2010,3,40.0477,-75.0719,1220.0,6,0,0,0,0,0,1,0,1,1.0,0,0,0,12.0,1,2,1,,1,40 02:51.896,1.0,0,75 04:18.775,4,0,0,0,67301,0,0,0,,0,0,0,3,67301,2,,1,1,,,,,0,,0,0,0,3,2,Y,1215.0,2,2,0,0,0,0,0,3,4,0,2,3,,N,,,,,,,,,,,
2010062722,930.0,0,0,0,0,0,0,0,0,0,8,0,,67,5,2010,6,40.0543,-75.0716,28.0,6,0,0,0,0,0,0,0,0,,0,0,0,7.0,1,1,1,,0,40 03:15.451,,0,75 04:17.588,4,0,0,0,67301,1,0,0,,1,0,0,2,67301,1,,1,1,,N,,,0,,0,0,0,3,2,,706.0,1,2,0,0,0,0,0,3,4,0,1,3,,N,,,,,,,,,,,
2010081675,1200.0,0,0,0,0,0,0,0,0,0,1,0,,67,7,2010,3,39.9399,-75.1998,1155.0,6,0,0,0,0,0,0,0,0,,0,0,0,11.0,1,1,1,,0,39 56:23.706,,0,75 11:59.170,4,0,0,0,67301,0,0,0,N,0,0,0,5,67301,1,,1,1,,N,N,,0,,0,0,0,3,2,,1145.0,1,2,0,0,0,0,0,3,4,2,2,3,,N,,,,,,,,,,,
2010048935,1615.0,1,0,0,0,0,0,0,0,0,4,0,,67,4,2010,5,39.9355,-75.2231,1615.0,6,0,0,0,0,0,1,0,0,,0,0,0,14.0,1,1,0,,0,39 56:07.735,,0,75 13:23.286,8,0,0,0,67301,0,0,0,N,0,0,0,1,67301,0,,6,1,,N,N,,0,,0,0,1,0,0,,1415.0,1,3,0,0,0,1,0,3,4,1,3,3,,N,,,,,,,,,,,
2010052100,9999.0,1,0,0,0,0,0,0,0,0,8,0,,67,5,2010,4,40.032,-75.1786,9999.0,6,0,0,0,0,0,0,0,0,,0,0,0,21.0,1,1,0,,0,40 01:55.287,,0,75 10:43.021,4,0,0,0,67301,1,0,0,N,1,0,0,2,67301,1,,9,1,,N,N,,0,,0,0,0,0,0,,2115.0,1,2,0,0,0,0,1,3,4,0,1,3,,N,,,,,,,,,,,
2010052131,945.0,1,0,0,0,0,0,0,0,0,1,0,,67,4,2010,4,39.9753,-75.2455,944.0,6,0,0,0,0,0,1,0,0,,0,0,0,99.0,1,1,1,,0,39 58:31.257,,0,75 14:43.799,8,0,0,0,67301,0,0,0,,0,0,0,2,67301,0,,1,1,,,,,0,,0,0,0,3,2,,9999.0,1,2,0,0,0,1,0,3,4,0,2,3,,N,,,,,,,,,,,
2010052444,2250.0,1,0,0,1,0,0,0,0,0,4,0,,67,5,2010,4,40.0091,-75.1562,2133.0,6,0,0,0,0,0,0,0,0,,0,0,0,21.0,6,1,0,,0,40 00:32.644,,0,75 09:22.314,4,0,0,0,67301,1,0,0,N,0,0,0,2,67301,1,,1,1,,N,N,,0,,0,0,0,0,0,,2100.0,1,2,0,0,0,0,0,3,4,0,1,3,,N,,,,,,,,,,,
2010052464,1330.0,1,0,0,0,0,0,0,0,0,4,0,,67,4,2010,2,39.9161,-75.2361,1253.0,6,0,0,0,0,0,0,0,0,2.0,0,0,0,12.0,1,1,1,,1,39 54:57.913,1.0,0,75 14:09.812,8,0,0,0,67301,0,0,0,N,0,0,0,2,66301,0,,1,1,,N,Y,,0,,0,0,1,3,2,N,1253.0,1,2,0,0,0,1,1,3,4,0,2,3,,N,,,,,,,,,,,
2010052489,726.0,1,0,0,0,0,0,0,0,0,8,0,,67,5,2010,7,40.0228,-75.0479,726.0,6,0,0,0,0,0,0,0,0,,0,0,0,7.0,1,1,1,,0,40 01:22.026,,0,75 02:52.591,4,0,0,0,67301,1,0,0,N,1,0,0,2,67301,1,,1,1,,N,N,,0,,0,0,0,3,3,,726.0,1,2,0,0,0,0,0,3,4,0,1,3,,N,,,,,,,,,,,
2010049278,802.0,1,0,0,0,0,0,0,0,0,7,0,,67,5,2010,6,40.0363,-75.0151,752.0,6,0,0,0,0,0,1,0,0,1.0,0,0,0,7.0,1,0,0,,1,40 02:11.107,1.0,0,75 00:53.814,0,0,0,0,67301,0,0,0,N,0,0,0,2,68K01,0,,3,1,,N,N,,0,,0,0,0,0,0,N,749.0,0,2,0,0,0,0,0,3,4,1,2,3,,N,,,,,,,,,,,
2010052214,756.0,1,0,0,0,0,0,0,0,0,8,0,,67,4,2010,4,39.9388,-75.2269,755.0,6,0,0,0,0,0,0,0,0,,0,0,0,7.0,1,1,1,,0,39 56:19.532,,0,75 13:36.735,4,0,0,0,67301,1,0,0,,1,0,0,2,67301,1,,1,1,,,,,0,,0,0,0,3,2,,752.0,1,2,0,0,0,0,0,3,4,0,1,3,,N,,,,,,,,,,,
2010117707,1340.0,1,0,0,0,0,0,0,0,0,4,0,,67,10,2010,5,40.0405,-75.1786,1340.0,6,0,0,0,0,0,1,0,0,,0,0,0,13.0,1,1,1,,0,40 02:25.628,,0,75 10:43.047,8,0,0,0,67301,0,0,0,N,0,0,0,5,67301,0,,1,1,,N,N,,0,,0,0,0,3,2,,1340.0,1,2,0,0,0,1,0,3,4,1,2,3,,N,,,,,,,,,,,
2010092881,1632.0,2,0,0,0,0,0,0,0,0,5,0,,67,7,2010,1,39.9871,-75.1223,1630.0,6,0,0,0,0,1,1,0,0,,0,0,0,16.0,1,1,5,,0,39 59:13.382,,0,75 07:20.404,4,0,0,0,67301,0,0,0,,0,0,0,3,67301,1,,1,1,,,,,0,,0,0,0,3,2,,1620.0,1,2,0,0,0,0,0,3,4,0,2,3,,N,,,,,,,,,,,
2010121873,230.0,2,0,0,0,0,0,0,0,0,4,0,,67,11,2010,6,39.9471,-75.1464,226.0,6,0,0,0,0,0,0,1,0,,0,0,0,2.0,3,1,1,,0,39 56:49.562,,0,75 08:46.924,8,0,0,0,67301,0,0,0,N,0,0,0,2,67301,0,,1,1,,N,N,,0,,0,0,0,3,2,,220.0,1,2,0,0,0,1,0,3,4,0,2,3,,N,,,,,,,,,,,
2010122435,450.0,1,0,0,0,0,0,0,0,0,7,0,,67,11,2010,2,40.0072,-75.1234,446.0,6,0,0,0,0,0,0,0,0,,0,0,0,4.0,3,1,1,,0,40 00:25.981,,0,75 07:24.378,3,0,0,0,67301,0,0,0,N,0,0,0,1,67301,0,,4,1,,N,N,,0,,1,0,0,3,2,,440.0,1,1,0,0,1,0,0,3,4,0,1,3,,N,,,,,,,,,,,
2010122440,1320.0,2,0,0,0,0,0,0,0,0,5,0,,67,11,2010,3,40.033,-75.0801,1314.0,6,0,0,0,0,1,0,0,0,2.0,0,0,0,13.0,1,4,0,,1,40 01:58.809,2.0,0,75 04:48.439,4,0,0,0,67301,0,0,0,N,0,0,0,5,67301,4,,1,9,,N,N,,1,,0,0,0,3,2,Y,1313.0,4,3,0,0,0,0,0,3,4,0,3,7,,N,,,,,,,,,,,
2010116338,1320.0,1,0,0,0,0,0,0,0,0,8,0,,67,10,2010,5,39.9498,-75.1554,1315.0,6,0,0,0,0,0,1,0,0,,0,0,0,13.0,1,1,1,,0,39 56:59.290,,0,75 09:19.550,8,0,0,0,67301,1,0,0,,1,0,0,2,67301,0,,1,1,,,,,0,,0,0,0,3,2,,1312.0,1,2,0,0,0,1,0,3,4,0,1,3,,N,,,,,,,,,,,
2010111457,828.0,1,0,0,0,0,0,0,0,0,4,0,,67,10,2010,4,39.9867,-75.2083,823.0,6,0,0,0,0,0,1,0,0,,0,0,0,8.0,1,1,1,,0,39 59:11.983,,2,75 12:29.919,4,0,0,0,67301,0,0,0,N,0,0,0,2,67301,1,,7,1,,N,N,,0,,0,0,1,0,0,,821.0,1,2,0,0,0,0,0,3,4,0,2,3,,N,,,,,,,,,,,
2010069777,1744.0,3,0,0,0,0,0,0,0,0,5,0,,67,5,2010,2,39.932,-75.1897,1744.0,6,0,0,0,0,0,0,0,0,,0,0,0,17.0,1,0,0,,0,39 55:55.123,,0,75 11:23.074,0,0,0,0,67301,1,0,0,N,0,0,0,2,67301,0,,6,1,,N,N,,0,,0,0,0,0,0,,1743.0,0,3,0,0,0,0,0,3,4,0,3,3,,N,,,,,,,,,,,
2010069837,1641.0,3,0,0,0,0,0,0,0,0,1,0,,67,6,2010,2,40.0563,-75.1675,1631.0,6,0,0,0,0,0,1,0,0,2.0,0,0,0,16.0,1,3,2,,1,40 03:22.508,3.0,7,75 10:03.038,4,0,0,0,67301,0,0,0,N,0,0,0,4,67301,3,,1,1,,N,N,,0,,0,0,0,3,2,Y,1600.0,3,3,0,0,0,0,0,3,4,0,3,3,,N,,,,,,,,,,,
2010069839,835.0,2,0,0,0,0,0,0,0,0,4,0,,67,6,2010,5,40.0687,-75.1513,832.0,6,0,0,0,0,0,1,0,0,,0,0,0,8.0,1,0,1,,0,40 04:07.482,,0,75 09:04.557,0,0,0,0,67301,0,0,0,N,0,0,0,4,67301,0,,1,1,,N,N,,0,,0,0,0,3,3,,817.0,0,2,0,0,0,0,0,3,4,0,2,3,,N,,,,,,,,,,,
2010066842,601.0,1,0,0,0,0,0,0,0,0,7,0,,67,7,2010,4,39.9808,-75.2062,601.0,6,0,0,0,0,0,0,0,0,1.0,0,0,0,6.0,1,1,0,,2,39 58:53.581,3.0,0,75 12:25.870,4,0,0,0,67301,0,0,0,N,0,0,0,1,68K01,1,,3,9,,N,N,,0,,0,0,0,0,0,Y,600.0,1,1,0,0,0,0,0,3,4,0,1,7,,N,,,,,,,,,,,
2010074414,110.0,1,0,0,0,0,0,1,0,0,5,1,,67,6,2010,4,40.0506,-75.1847,105.0,6,0,0,0,1,0,1,0,0,,0,0,0,23.0,3,0,0,,0,40 03:02.134,,0,75 11:04.805,9,0,0,0,67301,0,0,0,N,0,0,0,4,67301,0,,1,1,,N,N,,0,,0,0,0,0,0,,2328.0,0,2,0,0,0,0,3,3,4,0,2,3,,N,,,,,,,,,,,
2010069533,1949.0,0,0,0,0,0,0,0,0,0,7,0,,67,7,2010,1,39.9813,-75.207,1948.0,6,0,0,0,0,0,0,0,0,2.0,0,0,0,19.0,1,4,0,,2,39 58:56.161,3.0,0,75 12:27.822,8,0,0,0,67301,0,0,0,N,0,0,0,4,68K01,0,,4,1,,N,N,,0,,0,0,1,0,0,N,1946.0,4,1,0,0,0,4,0,3,4,0,1,3,,N,,,,,,,,,,,
2010069629,1625.0,1,0,0,0,0,0,0,0,0,0,1,,67,6,2010,5,,,1540.0,6,0,0,0,0,1,0,0,0,4.0,0,1,0,15.0,1,1,0,,1,,4.0,3,,4,0,0,0,67301,0,0,0,,0,0,0,2,67301,1,,1,9,,,,,0,,0,0,0,0,0,Y,1535.0,1,2,0,0,0,0,0,3,3,0,2,7,,N,,,,,,,,,,,
2010069074,921.0,0,0,0,0,0,0,0,0,0,0,0,,67,7,2010,1,39.949,-75.185,916.0,6,0,0,0,0,0,2,0,0,1.0,0,0,0,9.0,1,1,0,,1,39 56:58.666,4.0,0,75 11:02.517,3,0,0,1,67301,0,0,0,N,0,0,0,2,68K01,0,,1,1,,N,N,,0,,1,0,0,0,0,N,914.0,1,2,0,0,0,0,0,3,4,1,2,3,,N,,,,,,,,,,,
2010069914,1900.0,2,0,0,0,0,0,0,0,0,5,0,,67,6,2010,1,40.0327,-75.1779,1840.0,6,0,0,0,0,0,1,0,0,,0,0,0,14.0,1,1,0,,0,40 01:57.880,,0,75 10:40.350,4,0,0,0,67301,0,0,0,N,0,0,0,3,67301,1,,6,1,,N,N,,0,,0,0,0,0,0,,1400.0,1,2,0,0,1,0,2,3,4,0,2,3,,N,,,,,,,,,,,
2010070005,830.0,0,0,0,0,0,0,0,0,0,8,0,,67,6,2010,3,40.0016,-75.1164,9999.0,6,0,0,0,0,0,0,0,0,,0,0,0,8.0,1,1,1,,0,40 00:05.890,,0,75 06:59.070,3,0,0,0,67301,1,0,0,N,1,0,0,2,67301,0,,1,1,,N,N,,0,,1,0,1,3,2,,830.0,1,2,0,0,0,0,1,3,4,0,1,3,,N,,,,,,,,,,,
2010067009,1030.0,2,0,0,0,0,0,0,0,0,4,0,,67,6,2010,3,40.0345,-75.1149,1025.0,6,0,0,0,0,0,0,0,0,1.0,0,0,0,10.0,1,1,1,,1,40 02:04.023,6.0,0,75 06:53.623,4,0,0,0,67301,0,0,0,N,0,0,0,2,67301,1,,1,1,,N,N,,0,,0,0,0,3,2,Y,1015.0,1,2,0,0,1,0,0,3,4,0,2,3,,N,,,,,,,,,,,
2010067013,1025.0,1,0,0,0,0,0,0,0,0,8,0,,67,6,2010,3,39.9322,-75.1814,1020.0,6,0,0,0,0,0,0,0,0,,0,0,0,10.0,1,1,2,,0,39 55:55.819,,0,75 10:53.043,4,0,0,0,67301,1,0,0,N,1,0,0,2,67301,1,,1,1,,N,N,,0,,0,0,0,3,3,,1015.0,1,2,0,0,0,0,0,3,4,0,1,3,,N,,,,,,,,,,,
2010027861,1640.0,0,0,0,0,0,0,0,0,0,1,0,,67,3,2010,4,39.9575,-75.16,1625.0,6,0,0,1,0,0,0,0,0,,0,0,0,16.0,1,2,0,,0,39 57:27.139,,0,75 09:36.089,4,0,0,0,67301,0,0,0,N,0,0,0,3,68K01,2,,1,1,,N,N,,0,,0,0,2,0,0,,1620.0,2,2,0,0,0,0,0,3,4,0,2,3,,N,,,,,,,,,,,
2010027898,2240.0,0,0,0,0,0,0,0,0,0,1,0,,67,2,2010,5,40.0367,-75.1584,2230.0,6,0,0,0,0,0,0,1,0,,0,0,0,22.0,3,1,1,,0,40 02:12.109,,99,75 09:30.211,8,0,0,0,67301,0,0,0,,0,0,0,3,67301,0,,1,1,,N,N,,0,,0,0,2,3,2,,2230.0,1,2,0,0,2,1,0,3,4,0,2,3,5.0,N,,,,,,,,,,,
2010028301,1540.0,3,0,0,0,0,0,0,0,0,4,0,,67,2,2010,4,40.0209,-75.1401,1526.0,6,0,0,0,0,1,2,0,0,2.0,0,0,0,15.0,1,3,1,,2,40 01:15.608,3.0,0,75 08:23.307,3,0,0,0,67301,0,0,0,N,0,0,0,5,67301,1,,1,98,,N,N,,1,,2,0,1,3,2,N,1524.0,3,5,0,0,0,0,0,3,4,0,5,98,,N,,,,,,,,,,,
2010025535,22.0,1,0,0,0,0,0,0,0,0,7,0,,67,2,2010,2,39.9618,-75.1402,13.0,6,0,0,0,0,0,0,0,0,1.0,0,0,0,0.0,3,2,0,,2,39 57:40.402,4.0,2,75 08:25.812,3,0,0,0,67301,0,0,0,N,0,0,0,2,68K01,0,,5,1,,N,N,,0,,2,0,0,0,0,N,11.0,2,1,0,0,2,0,0,3,4,0,1,3,,N,,,,,,,,,,,
2010023623,2158.0,1,0,0,0,0,0,0,0,0,7,0,,67,2,2010,2,40.0019,-75.0789,2146.0,6,0,0,0,0,0,1,0,0,1.0,0,0,0,21.0,3,1,0,,1,40 00:06.707,2.0,2,75 04:44.263,8,0,0,0,67301,0,0,0,N,0,0,0,2,68K01,0,,3,9,,N,N,,0,,0,0,0,0,0,Y,2143.0,1,1,0,0,1,1,0,3,4,0,1,7,,N,,,,,,,,,,,
2010110769,1230.0,1,0,0,0,0,0,0,0,0,8,0,,67,10,2010,4,40.0364,-75.1305,1227.0,6,0,0,0,1,0,0,0,0,,0,0,0,12.0,1,1,1,,0,40 02:11.165,,0,75 07:49.937,4,0,0,0,67301,1,0,0,,1,0,0,2,67301,1,,1,1,,,,,0,,0,0,0,3,2,,1227.0,1,2,0,0,1,0,0,3,4,0,1,3,,N,,,,,,,,,,,
2010103304,2020.0,0,0,0,0,0,0,0,0,0,7,1,,67,10,2010,7,39.9774,-75.1117,2000.0,6,0,0,0,0,0,0,0,0,3.0,0,1,0,19.0,3,0,0,,2,39 58:39.098,5.0,1,75 06:42.391,0,0,0,0,67301,0,0,0,N,0,0,0,1,67301,0,,1,1,,N,N,,0,,0,0,0,3,1,Y,1930.0,0,1,0,0,0,0,0,3,4,0,1,3,,N,,,,,,,,,,,
2011010592,9999.0,3,0,0,0,0,0,0,0,0,6,0,,67,12,2010,5,40.1135,-75.0313,9999.0,6,0,0,0,1,0,0,0,0,,0,0,0,99.0,1,1,0,,0,40 06:48.513,,0,75 01:52.532,4,0,0,0,67301,0,0,0,N,0,0,0,2,67301,1,,1,2,,N,N,,0,,0,0,0,0,0,,9999.0,1,3,0,0,0,0,0,3,4,0,3,10,,N,,,,,,,,,,,
2010121864,2152.0,0,0,0,0,0,0,0,0,0,4,0,,67,11,2010,7,39.9579,-75.1641,2149.0,6,0,0,0,1,0,0,0,0,1.0,0,0,0,21.0,3,2,1,,2,39 57:28.245,3.0,2,75 09:50.968,4,0,0,0,67301,0,0,0,N,0,0,0,4,67301,2,,1,1,,N,N,,1,,0,0,1,3,2,N,2145.0,2,2,0,0,0,0,0,3,4,0,2,3,,N,,,,,,,,,,,
2010121899,1420.0,1,0,0,0,0,0,0,0,0,8,0,,67,11,2010,5,40.0702,-75.0313,1401.0,6,0,0,0,0,0,0,0,0,2.0,0,0,0,14.0,1,1,1,,1,40 04:12.678,3.0,0,75 01:52.619,4,0,0,0,67301,1,0,0,,1,0,0,5,67301,1,,1,1,,,,,0,,0,0,0,3,2,Y,1400.0,1,2,0,0,0,0,0,3,4,0,1,3,,N,,,,,,,,,,,
2010111451,1601.0,1,0,0,1,0,0,0,0,0,1,0,,67,10,2010,5,40.02,-75.1247,1600.0,6,0,0,0,0,0,0,0,0,,0,0,0,15.0,1,1,1,,0,40 01:11.910,,0,75 07:28.883,4,0,0,0,67301,1,0,0,N,0,0,0,2,67301,1,,1,1,,N,N,,0,,0,0,0,3,3,,1530.0,1,2,0,0,0,0,0,3,4,0,1,3,,N,,,,,,,,,,,
2010069740,2242.0,0,0,0,0,0,0,0,0,0,4,0,,67,6,2010,6,39.9465,-75.161,2242.0,6,0,0,0,1,0,0,0,0,,0,0,0,22.0,3,2,2,,0,39 56:47.500,,0,75 09:39.776,8,0,0,0,67301,0,0,0,N,0,0,0,4,67301,0,,1,1,,,,,0,,0,0,1,3,2,,2242.0,2,2,0,0,0,2,0,3,4,1,2,3,,N,,,,,,,,,,,
2010069252,840.0,1,0,0,0,0,0,0,0,0,1,0,,67,6,2010,2,39.9798,-75.142,840.0,6,0,0,0,0,0,0,0,0,,0,0,0,99.0,1,0,0,,0,39 58:47.186,,0,75 08:31.210,0,0,0,0,67301,2,0,0,N,0,0,0,4,67301,0,,2,1,,N,N,,0,,0,0,1,0,0,,9999.0,0,2,0,0,0,0,0,3,4,0,2,3,,N,,,,,,,,,,,
2010069856,1648.0,2,0,0,0,0,0,0,0,0,1,0,,67,6,2010,6,40.0363,-75.0514,1646.0,6,0,0,0,0,0,0,1,0,,0,0,0,16.0,1,0,1,,0,40 02:10.701,,0,75 03:04.967,0,0,0,0,67301,0,0,0,,0,0,0,2,67301,0,,1,1,,N,N,,0,,0,0,1,3,2,,1640.0,0,3,0,0,0,0,0,3,4,0,3,3,,N,,,,,,,,,,,
2010066832,1705.0,3,0,0,0,0,0,0,0,0,1,0,,67,6,2010,1,39.9576,-75.1599,1701.0,6,0,0,0,0,1,3,0,0,1.0,0,0,0,16.0,1,1,0,,1,39 57:27.410,4.0,0,75 09:35.684,8,0,0,0,67301,0,0,0,N,0,0,0,9,68K01,0,,1,1,,N,N,,1,,0,0,1,0,0,N,1658.0,1,5,0,0,0,1,0,3,4,0,5,3,,N,,,,,,,,,,,
2010074363,29.0,0,0,0,0,0,0,0,0,0,8,0,,67,7,2010,4,39.9728,-75.2033,27.0,6,0,0,0,0,0,0,0,0,,0,0,0,0.0,3,1,0,,0,39 58:21.925,,0,75 12:12.045,4,0,0,0,67301,1,0,0,N,1,0,0,2,67301,1,,1,1,,N,N,,0,,0,0,1,0,0,,25.0,1,2,0,0,0,0,1,3,4,0,1,3,,N,,,,,,,,,,,
2010061987,1420.0,1,0,0,0,0,0,0,0,0,1,0,,67,5,2010,6,39.9209,-75.1957,1415.0,6,0,0,0,0,0,1,0,0,,0,0,0,14.0,1,0,0,,0,39 55:15.381,,3,75 11:43.893,0,0,0,0,67301,0,0,0,N,0,0,0,2,67301,0,,1,1,,N,N,,0,,0,0,1,0,0,,1400.0,0,2,0,0,0,0,0,3,4,0,2,3,,N,,,,,,,,,,,
2010064416,430.0,2,0,0,0,0,0,0,0,0,1,0,,67,6,2010,2,39.8995,-75.1649,422.0,6,0,0,0,0,0,0,0,0,,0,0,0,4.0,3,0,0,,0,39 53:59.104,,0,75 09:45.755,0,0,0,0,67301,0,0,0,N,0,0,0,3,68K01,0,,1,1,,N,N,,0,,0,0,0,0,0,,420.0,0,2,0,0,0,0,0,3,4,0,2,3,,N,,,,,,,,,,,
2010074525,1159.0,1,0,0,0,0,0,0,0,0,8,0,,67,7,2010,7,40.0614,-75.0839,1154.0,6,0,0,0,0,0,0,0,0,,0,0,0,11.0,1,1,1,,0,40 03:41.363,,0,75 05:01.699,8,0,0,0,67301,1,0,0,N,1,0,0,2,67301,0,,1,1,,N,N,,0,,0,0,0,3,2,,1133.0,1,2,0,0,0,1,1,3,4,0,1,3,,N,,,,,,,,,,,
2010074541,1400.0,1,0,0,0,0,0,0,0,0,4,0,,67,7,2010,6,40.0471,-75.098,1357.0,6,0,0,0,0,0,1,0,0,,0,0,0,13.0,1,2,1,,0,40 02:49.639,,0,75 05:52.794,4,0,0,0,67301,0,0,0,,0,0,0,3,67301,2,,1,1,,N,N,,0,,0,0,1,3,2,,1353.0,2,2,0,0,0,0,0,3,4,0,2,3,,N,,,,,,,,,,,
2010067089,615.0,0,0,0,0,0,0,0,0,0,7,0,,67,6,2010,1,40.0065,-75.2135,610.0,6,0,0,0,0,0,0,1,0,,0,0,0,6.0,1,2,0,,0,40 00:23.518,,0,75 12:48.770,8,0,0,0,67301,0,0,0,N,0,0,0,2,67301,0,,2,1,,N,N,,0,,0,0,1,3,2,,600.0,2,1,0,0,0,2,0,3,4,0,1,3,,N,,,,,,,,,,,
2010069909,1035.0,0,0,0,0,0,0,0,0,0,4,0,,67,6,2010,2,39.9719,-75.1487,1025.0,6,0,0,0,0,0,0,0,0,,0,0,0,9.0,1,1,1,,0,39 58:18.717,,0,75 08:55.168,4,0,0,0,67301,0,0,0,N,0,0,0,4,67301,1,,1,1,,N,N,,1,,0,0,0,3,3,,945.0,1,2,0,0,1,0,0,3,4,1,2,3,,N,,,,,,,,,,,
2010069992,1250.0,0,0,0,0,0,0,1,0,0,1,1,,67,6,2010,2,39.9649,-75.1594,1247.0,6,0,0,0,0,0,0,0,0,,0,0,0,12.0,1,2,1,,0,39 57:53.861,,0,75 09:34.097,8,0,0,0,67301,0,0,0,N,0,0,0,4,67301,0,,1,1,,N,N,,0,,0,0,1,3,3,,1245.0,2,2,0,0,0,2,0,3,4,0,2,3,,N,,,,,,,,,,,
2010070025,1029.0,2,0,0,0,0,0,0,0,0,2,0,,67,6,2010,5,39.9045,-75.2387,1023.0,6,0,0,0,0,0,0,0,1,,0,0,0,10.0,1,0,0,,0,39 54:16.322,,7,75 14:19.352,0,0,0,0,67301,0,0,0,N,0,0,0,2,67301,0,,1,1,,N,N,,0,,0,0,0,0,0,,1018.0,0,2,0,0,0,0,0,3,4,0,2,3,,N,,,,,,,,,,,
2010067034,1720.0,1,0,0,0,0,0,0,0,0,1,0,,67,6,2010,7,40.0204,-75.1598,1715.0,6,0,0,0,0,0,1,0,0,1.0,0,0,0,17.0,1,1,0,,1,40 01:13.274,1.0,0,75 09:35.165,4,0,0,0,67301,0,0,0,N,0,0,0,5,67301,1,,1,1,,N,N,,0,,0,0,1,0,0,N,1710.0,1,2,0,0,0,0,0,3,4,0,2,3,,N,,,,,,,,,,,
2010074512,9999.0,2,0,0,0,0,0,0,0,0,4,0,,67,7,2010,7,39.9022,-75.247,9999.0,6,0,0,0,0,0,0,0,0,,0,0,0,99.0,1,0,1,,0,39 54:07.750,,0,75 14:49.138,0,0,0,0,67301,0,0,0,N,0,0,0,2,67301,0,,1,1,,N,N,,0,,0,0,0,3,2,,9999.0,0,2,0,0,0,0,0,3,4,0,2,3,,N,,,,,,,,,,,
2010074558,1055.0,1,0,0,0,0,0,0,0,0,1,0,,67,6,2010,4,39.9703,-75.1466,1055.0,6,0,0,0,0,0,0,0,0,,0,0,0,10.0,1,2,2,,0,39 58:13.227,,0,75 08:47.485,4,0,0,0,67301,0,0,0,N,0,0,0,5,67301,2,,1,1,,N,N,,0,,0,0,0,3,2,,1055.0,2,2,0,0,0,0,1,3,4,1,2,3,,N,,,,,,,,,,,