CRN,ARRIVAL_TM,AUTOMOBILE_COUNT,BELTED_DEATH_COUNT,BELTED_SUSP_SERIOUS_INJ_COUNT,BICYCLE_COUNT,BICYCLE_DEATH_COUNT,BICYCLE_SUSP_SERIOUS_INJ_COUNT,BUS_COUNT,CHLDPAS_DEATH_COUNT,CHLDPAS_SUSP_SERIOUS_INJ_COUNT,COLLISION_TYPE,COMM_VEH_COUNT,CONS_ZONE_SPD_LIM,COUNTY,CRASH_MONTH,CRASH_YEAR,DAY_OF_WEEK,DEC_LAT,DEC_LONG,DISPATCH_TM,DISTRICT,DRIVER_COUNT_16YR,DRIVER_COUNT_17YR,DRIVER_COUNT_18YR,DRIVER_COUNT_19YR,DRIVER_COUNT_20YR,DRIVER_COUNT_50_64YR,DRIVER_COUNT_65_74YR,DRIVER_COUNT_75PLUS,EST_HRS_CLOSED,FATAL_COUNT,HEAVY_TRUCK_COUNT,HORSE_BUGGY_COUNT,HOUR_OF_DAY,ILLUMINATION,INJURY_COUNT,INTERSECT_TYPE,INTERSECTION_RELATED,LANE_CLOSED,LATITUDE,LN_CLOSE_DIR,LOCATION_TYPE,LONGITUDE,MAX_SEVERITY_LEVEL,MCYCLE_DEATH_COUNT,MCYCLE_SUSP_SERIOUS_INJ_COUNT,MOTORCYCLE_COUNT,MUNICIPALITY,NONMOTR_COUNT,NONMOTR_DEATH_COUNT,NONMOTR_SUSP_SERIOUS_INJ_COUNT,NTFY_HIWY_MAINT,PED_COUNT,PED_DEATH_COUNT,PED_SUSP_SERIOUS_INJ_COUNT,PERSON_COUNT,POLICE_AGCY,POSSIBLE_INJ_COUNT,RDWY_SURF_TYPE_CD,RELATION_TO_ROAD,ROAD_CONDITION,ROADWAY_CLEARED,SCH_BUS_IND,SCH_ZONE_IND,SECONDARY_CRASH,SMALL_TRUCK_COUNT,SPEC_JURIS_CD,SUSP_MINOR_INJ_COUNT,SUSP_SERIOUS_INJ_COUNT,SUV_COUNT,TCD_FUNC_CD,TCD_TYPE,TFC_DETOUR_IND,TIME_OF_DAY,TOT_INJ_COUNT,TOTAL_UNITS,UNB_DEATH_COUNT,UNB_SUSP_SERIOUS_INJ_COUNT,UNBELTED_OCC_COUNT,UNK_INJ_DEG_COUNT,UNK_INJ_PER_COUNT,URBAN_AREA,URBAN_RURAL,VAN_COUNT,VEHICLE_COUNT,WEATHER1,WEATHER2,WORK_ZONE_IND,WORK_ZONE_LOC,WORK_ZONE_TYPE,WORKERS_PRES,WZ_CLOSE_DETOUR,WZ_FLAGGER,WZ_LAW_OFFCR_IND,WZ_LN_CLOSURE,WZ_MOVING,WZ_OTHER,WZ_SHLDER_MDN,WZ_WORKERS_INJ_KILLED
2010028126,745.0,0,0,0,0,0,0,0,0,0,1,0,,67,2,2010,2,39.9828,-75.1777,727.0,6,0,0,0,0,0,0,0,0,3.0,0,0,0,7.0,1,0,0,,1,39 58:58.137,4.0,0,75 10:39.792,0,0,0,0,67301,0,0,0,,0,0,0,4,67301,0,,1,98,,,,,0,,0,0,2,0,0,Y,715.0,0,2,0,0,0,0,0,3,4,0,2,3,,N,,,,,,,,,,,
2010028137,2057.0,2,0,0,0,0,0,0,0,0,1,0,,67,2,2010,6,40.0182,-75.1594,2056.0,6,0,0,0,0,0,0,0,0,,0,0,0,20.0,3,0,0,,0,40 01:05.412,,0,75 09:33.918,0,0,0,0,67301,0,0,0,N,0,0,0,1,67301,0,,6,2,,N,N,,1,,0,0,0,0,0,,2056.0,0,3,0,0,0,0,0,3,4,0,3,3,,N,,,,,,,,,,,
2010028269,214.0,1,0,0,0,0,0,0,0,0,7,0,,67,1,2010,6,40.0355,-75.0698,209.0,6,0,0,0,0,0,0,0,0,3.0,0,0,0,2.0,3,1,1,,1,40 02:07.817,2.0,0,75 04:11.352,2,0,0,0,67301,0,0,0,N,0,0,0,1,67301,0,,3,1,,N,N,,0,,0,1,0,3,2,Y,206.0,1,1,0,1,1,0,0,3,4,0,1,3,,N,,,,,,,,,,,
2010028336,830.0,2,0,0,0,0,0,0,0,0,1,0,,67,2,2010,5,40.003,-75.1513,820.0,6,0,0,0,0,0,0,0,0,,0,0,0,8.0,1,1,1,,0,40 00:10.831,,0,75 09:04.648,8,0,0,0,67301,0,0,0,N,0,0,0,2,67301,0,,1,1,,N,N,,1,,0,0,0,3,3,,819.0,1,4,0,0,0,1,1,3,4,1,4,3,,N,,,,,,,,,,,
2010028525,129.0,2,0,0,0,0,0,0,0,0,1,0,,67,1,2010,7,39.9662,-75.1792,122.0,6,0,0,0,0,0,0,0,0,,0,0,0,1.0,3,0,1,,0,39 57:58.878,,0,75 10:45.437,0,0,0,0,67301,0,0,0,N,0,0,0,2,67301,0,,1,1,,N,N,,0,,0,0,0,3,2,,116.0,0,2,0,0,0,0,0,3,4,0,2,3,,N,,,,,,,,,,,
2010028592,2050.0,1,0,0,0,0,0,0,0,0,4,0,,67,2,2010,3,40.0441,-75.1173,2046.0,6,0,0,0,0,0,0,0,0,,0,0,0,20.0,3,1,0,,0,40 02:38.920,,99,75 07:02.077,8,0,0,0,67301,0,0,0,N,0,0,0,3,67301,0,,1,6,,N,N,,0,,0,0,0,0,0,,2036.0,1,2,0,0,3,1,0,3,4,1,2,10,,N,,,,,,,,,,,
2010110777,1545.0,1,0,0,0,0,0,0,0,0,1,0,,67,10,2010,1,40.0296,-75.1031,1544.0,6,0,0,0,0,0,1,0,0,2.0,0,0,0,15.0,1,1,0,,1,40 01:46.557,1.0,0,75 06:13.840,4,0,0,0,67301,0,0,0,N,0,0,0,9,67301,1,,1,1,,N,N,,1,,0,0,2,0,0,N,1544.0,1,4,0,0,0,0,0,3,4,0,4,3,,N,,,,,,,,,,,
2010110780,1500.0,2,0,0,0,0,0,0,0,0,6,0,,67,10,2010,3,40.0306,-75.1039,1500.0,6,0,0,0,0,0,0,0,0,,0,0,0,14.0,1,1,1,,0,40 01:50.162,,0,75 06:14.145,4,0,0,0,67301,0,0,0,N,0,0,0,2,67301,1,,1,9,,N,N,,0,,0,0,0,3,2,,1400.0,1,2,0,0,0,0,0,3,4,0,2,7,,N,,,,,,,,,,,
2011026192,816.0,1,0,0,0,0,0,0,0,0,4,0,,67,5,2010,2,39.9504,-75.2453,808.0,6,0,0,0,0,0,0,1,0,,0,0,0,8.0,1,1,1,,0,39 57:01.504,,0,75 14:42.907,8,0,0,0,67301,0,0,0,N,0,0,0,3,67301,0,,1,1,,N,N,,0,,0,0,0,3,3,,804.0,1,3,0,0,1,1,2,3,4,1,3,3,,N,,,,,,,,,,,
2011001720,2216.0,2,0,0,0,0,0,0,0,0,1,0,,67,12,2010,6,40.0342,-75.1257,2212.0,6,0,0,0,0,0,1,0,0,,0,0,0,22.0,3,1,1,,0,40 02:03.260,,0,75 07:32.577,4,0,0,0,67301,0,0,0,N,0,0,0,1,67301,1,,1,1,,N,N,,0,,0,0,1,0,0,,2212.0,1,3,0,0,0,0,0,3,4,0,3,3,,N,,,,,,,,,,,
2011001744,2115.0,1,0,0,0,0,0,0,0,0,7,0,,67,12,2010,5,39.9844,-75.1364,2111.0,6,0,0,0,0,0,1,0,0,1.0,0,0,0,21.0,3,1,0,,2,39 59:03.998,2.0,0,75 08:10.960,3,0,0,0,67301,0,0,0,N,0,0,0,1,67301,0,,5,1,,N,N,,0,,1,0,0,0,0,Y,2110.0,1,1,0,0,0,0,0,3,4,0,1,99,,N,,,,,,,,,,,
2011001751,1327.0,1,0,0,0,0,0,0,0,0,4,0,,67,12,2010,2,40.026,-75.1467,1326.0,6,0,0,0,0,0,1,1,0,,0,0,0,13.0,1,2,1,,0,40 01:33.654,,0,75 08:48.101,8,0,0,0,67301,0,0,0,N,0,0,0,2,67301,0,,1,1,,N,N,,1,,0,0,0,3,2,,1315.0,2,2,0,0,0,2,0,3,4,0,2,3,,N,,,,,,,,,,,
2011001754,2259.0,1,0,0,0,0,0,0,0,0,4,0,,67,12,2010,6,40.0584,-75.1895,2257.0,6,0,0,0,0,0,0,0,0,,0,0,0,22.0,3,1,2,,0,40 03:30.288,,0,75 11:21.947,3,0,0,1,67301,0,0,0,N,0,0,0,3,67301,0,,1,1,,N,N,,0,,1,0,0,3,3,,2237.0,1,2,0,0,2,0,0,3,4,0,2,3,,N,,,,,,,,,,,
2011000762,1808.0,2,0,0,0,0,0,0,0,0,1,0,,67,11,2010,5,40.0306,-75.1465,1802.0,6,0,0,0,0,0,1,1,0,,0,0,0,18.0,3,1,1,,0,40 01:50.025,,0,75 08:47.329,4,0,0,0,67301,0,0,0,N,0,0,0,4,67301,1,,1,9,,,N,,0,,0,0,0,3,2,,1800.0,1,2,0,0,3,0,0,3,4,0,2,10,,N,,,,,,,,,,,
2011054375,850.0,2,0,0,0,0,0,0,0,0,6,0,,67,4,2010,2,39.9905,-75.1405,850.0,6,0,0,0,0,0,0,0,0,,0,0,0,8.0,1,4,1,,0,39 59:25.814,,0,75 08:25.976,3,0,0,0,67301,0,0,0,N,0,0,0,4,67301,0,,1,1,,N,N,,0,,4,0,0,3,2,,800.0,4,2,0,0,0,0,0,3,4,0,2,3,,N,,,,,,,,,,,
2011008322,7.0,1,0,0,0,0,0,0,0,0,8,0,,67,12,2010,4,39.9921,-75.1403,7.0,6,0,0,0,0,0,1,0,0,,0,0,0,0.0,3,1,0,,0,39 59:31.720,,0,75 08:24.952,4,0,0,0,67301,1,0,0,N,1,0,0,2,67301,1,,1,1,,N,N,,0,,0,0,0,0,0,,0.0,1,2,0,0,0,0,0,3,4,0,1,3,,N,,,,,,,,,,,
2011008422,1623.0,1,0,0,0,0,0,1,0,0,5,1,,67,11,2010,5,39.9595,-75.162,1618.0,6,0,0,0,0,0,0,0,0,,0,0,0,10.0,1,1,1,,0,39 57:34.154,,0,75 09:43.529,8,0,0,0,67301,0,0,0,N,0,0,0,2,67301,0,,1,1,,N,N,,0,,0,0,0,3,2,,1000.0,1,2,0,0,0,1,0,3,4,0,2,3,,N,,,,,,,,,,,
2011025772,1147.0,2,0,0,0,0,0,0,0,0,1,0,,67,12,2010,6,39.9534,-75.1638,1139.0,6,0,0,0,0,0,0,0,0,,0,0,0,11.0,1,4,3,,0,39 57:12.352,,0,75 09:49.776,4,0,0,0,67301,0,0,0,N,0,0,0,5,67301,4,,1,1,,N,N,,0,,0,0,0,3,2,,1135.0,4,2,0,0,0,0,0,3,4,0,2,3,,N,,,,,,,,,,,
2011025302,,1,0,0,0,0,0,0,0,0,1,0,,67,12,2010,3,,,,6,0,0,0,0,0,1,0,0,,0,0,0,8.0,1,1,0,,0,,,0,,8,0,0,0,67301,0,0,0,N,0,0,0,3,00000,0,,1,1,,N,N,,0,,0,0,0,0,0,,800.0,1,3,0,0,0,1,2,3,3,0,3,3,,N,,,,,,,,,,,
2011001045,710.0,1,0,0,0,0,0,0,0,0,4,0,,67,11,2010,2,40.0,-75.1283,705.0,6,0,0,0,0,0,0,0,0,,0,0,0,6.0,1,0,1,,0,40 00:00.111,,0,75 07:41.714,0,0,0,0,67301,0,0,0,N,0,0,0,2,67301,0,,1,1,,N,N,,0,,0,0,1,2,3,,655.0,0,2,0,0,0,0,0,3,4,0,2,3,,N,,,,,,,,,,,
2011001048,623.0,0,0,0,0,0,0,0,0,0,7,0,,67,12,2010,4,39.8915,-75.2277,621.0,6,0,0,0,0,1,0,0,0,1.0,0,0,0,6.0,3,0,0,,1,39 53:29.356,4.0,0,75 13:40.167,0,0,0,0,67301,0,0,0,N,0,0,0,2,67301,0,,3,9,,N,N,,0,,0,0,1,0,0,N,615.0,0,1,0,0,0,0,0,3,4,0,1,7,,N,,,,,,,,,,,
2011008521,1328.0,2,0,0,0,0,0,0,0,0,4,0,,67,12,2010,4,39.9626,-75.2467,1324.0,6,0,0,0,0,0,0,0,0,,0,0,0,13.0,1,0,1,,0,39 57:45.766,,0,75 14:48.166,9,0,0,0,67301,0,0,0,,0,0,0,2,67301,0,,1,1,,,,,0,,0,0,0,3,2,,1320.0,0,2,0,0,0,0,1,3,4,0,2,3,,N,,,,,,,,,,,
2011008849,2130.0,1,0,0,0,0,0,0,0,0,8,0,,67,12,2010,2,39.9463,-75.1971,2130.0,6,0,0,0,0,0,0,0,0,,0,0,0,21.0,3,1,2,,0,39 56:46.759,,0,75 11:49.532,4,0,0,0,67301,1,0,0,N,1,0,0,2,67301,1,,1,1,,N,N,,0,,0,0,0,3,2,,2100.0,1,2,0,0,0,0,0,3,4,0,1,3,,N,,,,,,,,,,,
2011008856,740.0,1,0,0,0,0,0,0,0,0,7,0,,67,12,2010,1,39.9741,-75.2043,740.0,6,0,0,0,0,0,0,0,0,,0,0,0,99.0,1,0,1,,0,39 58:26.830,,0,75 12:15.528,9,0,0,0,67301,0,0,0,N,0,0,0,1,67301,0,,3,9,,N,N,,0,,0,0,0,3,2,,9999.0,0,1,0,0,0,0,1,3,4,0,1,7,,N,,,,,,,,,,,
2011008880,1317.0,2,0,0,0,0,0,0,0,0,6,0,,67,12,2010,4,40.0394,-75.0426,1314.0,6,0,0,0,0,0,0,0,1,,0,0,0,12.0,1,2,1,,0,40 02:21.843,,0,75 02:33.482,4,0,0,0,67301,0,0,0,N,0,0,0,2,67301,2,,1,1,,N,N,,0,,0,0,0,3,3,,1239.0,2,2,0,0,0,0,0,3,4,0,2,3,,N,,,,,,,,,,,
2010070003,1210.0,1,0,0,0,0,0,0,0,0,4,0,,67,6,2010,4,39.9587,-75.2333,1159.0,6,0,0,0,0,0,1,0,0,,0,0,0,11.0,1,1,1,,0,39 57:31.338,,0,75 14:00.034,8,0,0,0,67301,0,0,0,N,0,0,0,2,67301,0,,1,1,,N,N,,0,,0,0,0,0,0,,1159.0,1,2,0,0,0,1,0,3,4,1,2,3,,N,,,,,,,,,,,
2010070034,935.0,2,0,0,0,0,0,0,0,0,4,0,,67,6,2010,2,40.0651,-75.0613,928.0,6,0,0,0,0,0,0,0,0,,0,0,0,9.0,1,1,1,,0,40 03:54.202,,0,75 03:40.771,4,0,0,0,67301,0,0,0,N,0,0,0,2,67301,1,,1,1,,N,N,,0,,0,0,0,3,2,,923.0,1,2,0,0,0,0,0,3,4,0,2,3,,N,,,,,,,,,,,
2010070051,2240.0,0,0,0,0,0,0,0,0,0,7,0,,67,6,2010,7,40.1121,-75.0474,2230.0,6,0,0,0,0,0,0,0,0,,0,0,0,22.0,3,1,0,,0,40 06:43.527,,0,75 02:50.571,8,0,0,1,67301,0,0,0,N,0,0,0,1,67301,0,,3,1,,N,N,,0,,0,0,0,0,0,,2230.0,1,1,0,0,0,1,0,3,4,0,1,3,,N,,,,,,,,,,,
2010066971,53.0,2,0,0,0,0,0,0,0,0,4,0,,67,6,2010,4,40.0857,-75.2112,45.0,6,0,0,0,0,0,1,0,0,,0,0,0,0.0,3,2,2,,0,40 05:08.497,,0,75 12:40.489,8,0,0,0,67301,0,0,0,N,0,0,0,6,67301,0,,1,1,,N,N,,0,,0,0,0,3,2,,10.0,2,2,0,0,0,2,4,3,4,0,2,3,,N,,,,,,,,,,,
2010067015,2059.0,2,0,0,0,0,0,0,0,0,4,0,,67,6,2010,6,40.0258,-75.1235,2055.0,6,0,0,1,0,0,0,0,0,,0,0,0,20.0,2,1,1,,0,40 01:32.799,,0,75 07:24.507,8,0,0,0,67301,0,0,0,,0,0,0,5,67301,0,,1,1,,,,,0,,0,0,0,3,2,,2055.0,1,2,0,0,0,1,0,3,4,0,2,3,,N,,,,,,,,,,,
2010067033,1334.0,1,0,0,0,0,0,0,0,0,8,0,,67,6,2010,2,40.0003,-75.1064,1334.0,6,0,0,0,0,0,0,0,0,,0,0,0,13.0,1,1,5,,0,40 00:01.006,,0,75 06:23.096,4,0,0,0,67301,1,0,0,,1,0,0,2,67301,1,,2,1,,N,N,,0,,0,0,0,3,2,,1333.0,1,2,0,0,0,0,0,3,4,0,1,3,,N,,,,,,,,,,,
2010076971,1647.0,3,0,0,0,0,0,0,0,0,5,0,,67,8,2010,2,39.9491,-75.1848,1647.0,6,0,0,0,0,0,2,0,0,1.0,0,0,0,16.0,1,2,0,,1,39 56:59.156,4.0,0,75 11:01.955,4,0,0,0,67301,0,0,0,N,0,0,0,5,68K01,2,,1,1,,N,N,,0,,0,0,0,0,0,N,1645.0,2,4,0,0,0,0,3,3,4,1,4,3,,N,,,,,,,,,,,
2010054120,1745.0,1,0,0,0,0,0,0,0,0,1,1,,67,6,2010,5,,,1745.0,6,0,1,0,0,0,0,0,0,1.0,0,1,0,17.0,1,0,0,,2,,3.0,3,,0,0,0,0,67301,0,0,0,N,0,0,0,4,67501,0,,1,1,,N,N,,0,,0,0,1,3,8,N,1743.0,0,3,0,0,0,0,0,3,3,0,3,3,,N,,,,,,,,,,,
2010074664,1640.0,1,0,0,0,0,0,0,0,0,8,0,,67,7,2010,6,39.9519,-75.1453,1632.0,6,0,0,0,0,0,0,0,0,9.0,0,0,0,16.0,1,1,0,,1,39 57:06.906,1.0,0,75 08:43.034,8,0,0,0,67301,1,0,0,N,1,0,0,2,67301,0,,1,1,,N,N,,0,,0,0,0,0,0,N,1620.0,1,2,0,0,0,1,0,3,4,0,1,3,,N,,,,,,,,,,,
2010058989,1845.0,1,0,0,0,0,0,0,0,0,8,0,,67,5,2010,7,40.0391,-75.1447,1845.0,6,0,0,0,0,0,0,0,0,,0,0,0,13.0,1,1,0,,0,40 02:20.647,,0,75 08:40.853,3,0,0,0,67301,1,0,0,,1,0,0,2,67301,0,,6,1,,,,,0,,1,0,0,0,0,,1330.0,1,2,0,0,0,0,1,3,4,0,1,3,,N,,,,,,,,,,,
2010027894,2010.0,1,0,0,0,0,0,0,0,0,4,0,,67,2,2010,5,39.9241,-75.2455,2000.0,6,0,0,0,0,0,0,1,0,,0,0,0,17.0,4,2,1,,0,39 55:26.682,,0,75 14:43.799,8,0,0,0,67301,0,0,0,,0,0,0,3,67301,0,,1,1,,,,,0,,0,0,1,3,2,,1730.0,2,2,0,0,0,2,0,3,4,0,2,3,,N,,,,,,,,,,,
2010027909,1440.0,2,0,0,0,0,0,0,0,0,6,0,,67,2,2010,2,40.0581,-75.043,1434.0,6,0,0,0,0,0,1,0,0,1.0,0,0,0,14.0,1,1,1,,1,40 03:30.335,4.0,0,75 02:35.006,4,0,0,0,67301,0,0,0,,0,0,0,3,67301,1,,1,1,,N,,,0,,0,0,0,0,0,N,1420.0,1,2,0,0,0,0,0,3,4,0,2,3,,N,,,,,,,,,,,
2010028208,1425.0,2,0,0,0,0,0,0,0,0,4,0,,67,1,2010,5,39.9947,-75.1694,1418.0,6,0,0,0,1,0,0,0,0,,0,0,0,14.0,1,1,10,,0,39 59:41.064,,0,75 10:09.951,8,0,0,0,67301,0,0,0,N,0,0,0,2,67301,0,,1,9,,N,N,,0,,0,0,0,3,3,,1413.0,1,2,0,0,0,1,1,3,4,0,2,3,,N,,,,,,,,,,,
2010033906,858.0,2,0,0,0,0,0,0,0,0,1,0,,67,3,2010,3,40.0408,-75.0054,839.0,6,0,0,0,0,0,2,0,0,,0,0,0,8.0,1,1,0,,0,40 02:27.052,,0,75 00:19.174,4,0,0,0,67301,0,0,0,N,0,0,0,3,68K01,1,,1,9,,N,N,,0,,0,0,1,0,0,,835.0,1,3,0,0,0,0,0,3,4,0,3,7,,N,,,,,,,,,,,
2010028386,1630.0,1,0,0,0,0,0,0,0,0,8,0,,67,2,2010,3,40.0293,-75.1638,1614.0,6,0,0,0,0,0,0,0,0,,0,0,0,16.0,1,1,1,,0,40 01:45.341,,0,75 09:49.576,4,0,0,0,67301,1,0,0,N,1,0,0,2,67301,1,,1,9,,N,N,,0,,0,0,0,3,2,,1612.0,1,2,0,0,0,0,1,3,4,0,1,3,,N,,,,,,,,,,,
2010028389,1418.0,1,0,0,0,0,0,0,0,0,8,0,,67,2,2010,7,39.9683,-75.2235,1413.0,6,0,0,0,0,0,0,0,0,,0,0,0,14.0,1,1,0,,0,39 58:05.993,,0,75 13:24.571,3,0,0,0,67301,1,0,0,N,1,0,0,2,67301,0,,1,2,,N,N,,0,,1,0,0,0,0,,1400.0,1,2,0,0,0,0,0,3,4,0,1,99,,N,,,,,,,,,,,
2010028400,1840.0,1,0,0,0,0,0,0,0,0,8,0,,67,2,2010,6,39.9213,-75.146,1820.0,6,0,0,0,0,0,0,0,0,,0,0,0,18.0,3,1,1,,0,39 55:16.749,,0,75 08:45.759,3,0,0,0,67301,1,0,0,N,1,0,0,3,67301,0,,1,9,,N,N,,0,,1,0,0,3,3,,1820.0,1,2,0,0,0,0,0,3,4,0,1,3,,N,,,,,,,,,,,
2010028411,1510.0,1,0,0,0,0,0,0,0,0,1,0,,67,3,2010,3,40.0812,-75.0287,1455.0,6,0,0,0,0,0,0,0,0,1.0,0,0,0,14.0,1,1,0,,1,40 04:52.227,2.0,0,75 01:43.475,4,0,0,0,67301,0,0,0,N,0,0,0,3,67301,1,,1,1,,N,N,,0,,0,0,1,0,0,N,1454.0,1,2,0,0,0,0,0,3,4,0,2,3,,N,,,,,,,,,,,
2010020839,1843.0,0,0,0,0,0,0,0,0,0,1,0,,67,2,2010,6,39.9778,-75.2015,1842.0,6,0,0,0,0,0,0,0,0,,0,0,0,18.0,3,1,0,,0,39 58:42.372,,0,75 12:09.608,8,0,0,0,67301,0,0,0,N,0,0,0,2,68K01,0,,1,1,,N,N,,0,,0,0,2,0,0,,1838.0,1,2,0,0,0,1,0,3,4,0,2,3,,N,,,,,,,,,,,
2010018048,455.0,1,0,0,0,0,0,0,0,0,7,0,,67,1,2010,6,39.8931,-75.2222,445.0,6,0,0,0,0,0,0,0,0,1.0,0,0,0,4.0,3,1,7,,1,39 53:35.159,2.0,8,75 13:19.839,4,0,0,0,67301,0,0,0,N,0,0,0,2,67301,1,,7,7,,N,N,,0,,0,0,0,0,0,N,435.0,1,1,0,0,0,0,0,3,4,0,1,10,,N,,,,,,,,,,,
2010018066,945.0,0,0,0,0,0,0,0,0,0,4,0,,67,1,2010,7,39.997,-75.1786,942.0,6,0,0,0,0,0,0,1,0,,0,0,0,9.0,1,2,1,,0,39 59:49.350,,0,75 10:42.861,8,0,0,0,67301,0,0,0,N,0,0,0,3,67301,0,,1,1,,N,N,,0,,0,0,1,0,0,,938.0,2,2,0,0,0,2,0,3,4,1,2,3,,N,,,,,,,,,,,
2010088985,1300.0,1,0,0,0,0,0,0,0,0,4,0,,67,8,2010,6,39.9762,-75.2267,1300.0,6,0,0,0,0,1,1,0,0,,0,0,0,13.0,1,1,1,,0,39 58:34.180,,0,75 13:36.167,4,0,0,0,67301,0,0,0,,0,0,0,2,67301,1,,1,1,,,,,1,,0,0,0,3,2,,1300.0,1,2,0,0,0,0,0,3,4,0,2,3,,N,,,,,,,,,,,
2011010025,2338.0,0,0,0,0,0,0,0,0,0,7,0,,67,12,2010,2,39.97,-75.2134,2335.0,6,0,0,0,0,0,0,0,0,,0,0,0,23.0,3,1,0,,0,39 58:11.804,,0,75 12:47.999,4,0,0,0,67301,0,0,0,N,0,0,0,1,67301,1,,5,6,,N,N,,0,,0,0,1,0,0,,2331.0,1,1,0,0,0,0,0,3,4,0,1,99,,N,,,,,,,,,,,
2011024972,0.0,2,0,0,0,0,0,0,0,0,1,0,,67,11,2010,2,40.1025,-75.0287,0.0,6,0,1,0,0,0,1,0,0,,0,0,0,15.0,1,2,1,,0,40 06:08.954,,0,75 01:43.447,8,0,0,0,67301,0,0,0,N,0,0,0,2,00000,0,,1,1,,N,N,,0,,0,0,0,3,2,,1500.0,2,2,0,0,0,2,0,3,4,0,2,3,,N,,,,,,,,,,,
2011026285,1724.0,1,0,0,0,0,0,0,0,0,5,0,,67,6,2010,4,39.9928,-75.1201,1424.0,6,0,0,0,0,0,1,0,0,,0,0,0,14.0,1,0,0,,0,39 59:34.054,,0,75 07:12.475,0,0,0,0,67301,0,0,0,N,0,0,0,2,67301,0,,1,9,,N,N,,1,,0,0,0,3,2,,1415.0,0,4,0,0,0,0,0,3,4,2,4,7,,N,,,,,,,,,,,
2011024346,0.0,1,0,0,0,0,0,0,0,0,1,0,,67,6,2010,4,39.8977,-75.212,0.0,6,0,0,0,0,0,0,0,0,,0,0,0,16.0,1,1,0,,0,39 53:51.678,,3,75 12:42.877,4,0,0,0,67301,0,0,0,,0,0,0,2,00000,1,,1,9,,,,,0,,0,0,1,0,0,,1600.0,1,2,0,0,0,0,1,3,4,0,2,7,,N,,,,,,,,,,,
2011028888,1259.0,0,0,0,0,0,0,0,0,0,1,0,,67,1,2010,6,40.0881,-75.0431,1256.0,6,0,0,0,0,0,0,0,0,,0,0,0,12.0,1,2,0,,0,40 05:17.177,,0,75 02:35.268,4,0,0,0,67301,0,0,0,N,0,0,0,5,67301,2,,1,1,,N,N,,0,,0,0,3,0,0,,1256.0,2,3,0,0,0,0,0,3,4,0,3,3,,N,,,,,,,,,,,
2011001237,2027.0,1,0,0,0,0,0,0,0,0,0,0,,67,10,2010,7,39.9509,-75.1411,1937.0,6,0,0,0,0,0,0,0,0,1.0,0,0,0,19.0,2,2,7,,2,39 56:53.109,1.0,2,75 08:30.389,4,0,0,0,67301,0,0,0,N,0,0,0,2,68K01,2,,1,1,,N,N,,0,,0,0,0,0,0,N,1931.0,2,2,0,0,0,0,0,3,4,0,1,3,,N,,,,,,,,,,,
2011000829,2235.0,1,0,0,0,0,0,0,0,0,8,0,,67,12,2010,1,39.9868,-75.1808,2234.0,6,0,0,0,0,0,0,0,0,,0,0,0,99.0,3,1,1,,0,39 59:12.447,,0,75 10:50.908,8,0,0,0,67301,1,0,0,N,1,0,0,2,67301,0,,1,1,,N,N,,0,,0,0,0,3,2,,9999.0,1,2,0,0,0,1,1,3,4,0,1,3,,N,,,,,,,,,,,
2011008306,23.0,2,0,0,0,0,0,0,0,0,6,0,,67,12,2010,7,40.0186,-75.1526,10.0,6,0,0,0,0,0,0,0,0,3.0,0,0,0,20.0,3,0,0,,2,40 01:06.880,2.0,0,75 09:09.244,9,0,0,0,67301,0,0,0,N,0,0,0,1,67301,0,,1,9,,N,N,,1,,0,0,0,0,0,Y,2049.0,0,3,0,0,0,0,1,3,4,0,3,7,,N,,,,,,,,,,,
2011008446,2030.0,1,0,0,0,0,0,0,0,0,7,0,,67,12,2010,6,39.9034,-75.2441,2024.0,6,0,0,0,0,0,1,0,0,,0,0,0,19.0,3,0,0,,0,39 54:12.120,,0,75 14:38.780,0,0,0,0,67301,0,0,0,N,0,0,0,3,67301,0,,5,1,,N,N,,0,,0,0,0,0,0,,1950.0,0,1,0,0,3,0,0,3,4,0,1,3,,N,,,,,,,,,,,
2011008459,44.0,2,0,0,0,0,0,0,0,0,2,0,,67,12,2010,6,39.9568,-75.1995,44.0,6,0,0,0,0,0,0,0,0,3.0,0,0,0,0.0,3,5,1,,2,39 57:24.575,6.0,0,75 11:58.643,3,0,0,0,67301,0,0,0,N,0,0,0,5,67504,3,,1,1,,N,N,,0,,2,0,0,3,2,Y,44.0,5,2,0,0,0,0,0,3,4,0,2,3,,N,,,,,,,,,,,
2011008472,1938.0,2,0,0,0,0,0,0,0,0,5,0,,67,12,2010,4,40.0253,-75.1238,1926.0,6,0,0,0,1,0,0,0,0,,0,0,0,17.0,3,1,0,,0,40 01:31.161,,0,75 07:24.717,4,0,0,0,67301,5,0,0,,0,0,0,7,67301,1,,1,1,,N,N,,0,,0,0,0,0,0,,1720.0,1,4,0,0,0,0,1,3,4,0,4,3,,N,,,,,,,,,,,
2011008483,1850.0,0,0,0,0,0,0,0,0,0,8,0,,67,12,2010,7,39.9953,-75.0933,1845.0,6,0,0,0,0,0,0,0,0,,0,0,0,18.0,3,1,0,,0,39 59:42.926,,0,75 05:35.916,8,0,0,0,67301,1,0,0,,1,0,0,2,67301,0,,4,1,,N,,,0,,0,0,1,0,0,,1840.0,1,2,0,0,0,1,1,3,4,0,1,3,,N,,,,,,,,,,,