CRN,ARRIVAL_TM,AUTOMOBILE_COUNT,BELTED_DEATH_COUNT,BELTED_SUSP_SERIOUS_INJ_COUNT,BICYCLE_COUNT,BICYCLE_DEATH_COUNT,BICYCLE_SUSP_SERIOUS_INJ_COUNT,BUS_COUNT,CHLDPAS_DEATH_COUNT,CHLDPAS_SUSP_SERIOUS_INJ_COUNT,COLLISION_TYPE,COMM_VEH_COUNT,CONS_ZONE_SPD_LIM,COUNTY,CRASH_MONTH,CRASH_YEAR,DAY_OF_WEEK,DEC_LAT,DEC_LONG,DISPATCH_TM,DISTRICT,DRIVER_COUNT_16YR,DRIVER_COUNT_17YR,DRIVER_COUNT_18YR,DRIVER_COUNT_19YR,DRIVER_COUNT_20YR,DRIVER_COUNT_50_64YR,DRIVER_COUNT_65_74YR,DRIVER_COUNT_75PLUS,EST_HRS_CLOSED,FATAL_COUNT,HEAVY_TRUCK_COUNT,HORSE_BUGGY_COUNT,HOUR_OF_DAY,ILLUMINATION,INJURY_COUNT,INTERSECT_TYPE,INTERSECTION_RELATED,LANE_CLOSED,LATITUDE,LN_CLOSE_DIR,LOCATION_TYPE,LONGITUDE,MAX_SEVERITY_LEVEL,MCYCLE_DEATH_COUNT,MCYCLE_SUSP_SERIOUS_INJ_COUNT,MOTORCYCLE_COUNT,MUNICIPALITY,NONMOTR_COUNT,NONMOTR_DEATH_COUNT,NONMOTR_SUSP_SERIOUS_INJ_COUNT,NTFY_HIWY_MAINT,PED_COUNT,PED_DEATH_COUNT,PED_SUSP_SERIOUS_INJ_COUNT,PERSON_COUNT,POLICE_AGCY,POSSIBLE_INJ_COUNT,RDWY_SURF_TYPE_CD,RELATION_TO_ROAD,ROAD_CONDITION,ROADWAY_CLEARED,SCH_BUS_IND,SCH_ZONE_IND,SECONDARY_CRASH,SMALL_TRUCK_COUNT,SPEC_JURIS_CD,SUSP_MINOR_INJ_COUNT,SUSP_SERIOUS_INJ_COUNT,SUV_COUNT,TCD_FUNC_CD,TCD_TYPE,TFC_DETOUR_IND,TIME_OF_DAY,TOT_INJ_COUNT,TOTAL_UNITS,UNB_DEATH_COUNT,UNB_SUSP_SERIOUS_INJ_COUNT,UNBELTED_OCC_COUNT,UNK_INJ_DEG_COUNT,UNK_INJ_PER_COUNT,URBAN_AREA,URBAN_RURAL,VAN_COUNT,VEHICLE_COUNT,WEATHER1,WEATHER2,WORK_ZONE_IND,WORK_ZONE_LOC,WORK_ZONE_TYPE,WORKERS_PRES,WZ_CLOSE_DETOUR,WZ_FLAGGER,WZ_LAW_OFFCR_IND,WZ_LN_CLOSURE,WZ_MOVING,WZ_OTHER,WZ_SHLDER_MDN,WZ_WORKERS_INJ_KILLED
2011027962,108.0,1,0,0,0,0,0,0,0,0,8,0,,67,8,2010,6,40.0215,-75.0518,108.0,6,0,0,0,0,0,0,0,0,4.0,0,0,0,1.0,3,1,1,,1,40 01:17.505,4.0,0,75 03:06.381,2,0,0,0,67301,1,0,1,N,1,0,1,2,67301,0,,1,1,,N,N,,0,,0,1,0,3,2,Y,108.0,1,2,0,0,0,0,0,3,4,0,1,3,,N,,,,,,,,,,,
2011025779,2153.0,2,0,0,0,0,0,0,0,0,1,0,,67,5,2010,6,39.9185,-75.2389,2150.0,6,0,0,0,0,0,0,0,0,,0,0,0,21.0,2,2,2,,0,39 55:06.420,,0,75 14:19.888,8,0,0,0,67301,0,0,0,N,0,0,0,3,67301,0,,1,9,,N,N,,0,,0,0,0,3,3,,2150.0,2,2,0,0,0,2,0,3,4,0,2,7,,N,,,,,,,,,,,
2011023420,0.0,0,0,0,0,0,0,0,0,0,1,0,,67,8,2010,2,40.029,-75.1061,0.0,6,0,0,0,0,0,1,0,0,,0,0,0,23.0,6,1,2,,0,40 01:47.170,,0,75 06:16.717,3,0,0,0,67301,0,0,0,N,0,0,0,2,00000,0,,1,1,,N,N,,1,,1,0,1,3,2,,2300.0,1,2,0,0,0,0,1,3,4,0,2,3,,N,,,,,,,,,,,
2011023478,0.0,1,0,0,0,0,0,0,0,0,4,0,,67,5,2010,3,40.0273,-75.1442,0.0,6,0,0,0,0,0,1,0,0,,0,0,0,12.0,1,1,1,,0,40 01:38.128,,0,75 08:39.260,8,0,0,0,67301,0,0,0,,0,0,0,2,00000,0,,1,1,,,,,0,,0,0,0,3,3,,1200.0,1,2,0,0,0,1,1,3,4,0,2,3,,N,,,,,,,,,,,
2011015998,9999.0,1,0,0,0,0,0,0,0,0,6,1,,67,12,2010,3,39.9404,-75.2366,9999.0,6,0,0,0,0,0,0,0,0,,0,1,0,99.0,3,1,1,,0,39 56:25.327,,0,75 14:11.791,4,0,0,0,67301,0,0,0,N,0,0,0,3,67301,1,,1,7,,N,N,,0,,0,0,0,3,2,,9999.0,1,2,0,0,0,0,0,3,4,0,2,10,,N,,,,,,,,,,,
2011016018,9999.0,2,0,0,0,0,0,0,0,0,4,0,,67,12,2010,6,40.0921,-74.9819,9999.0,6,0,0,0,0,1,0,0,0,,0,0,0,99.0,3,0,2,,0,40 05:32.220,,0,74 58:54.758,0,0,0,0,67301,0,0,0,,0,0,0,2,67301,0,,1,6,,,,,0,,0,0,0,3,3,,9999.0,0,2,0,0,0,0,0,3,4,0,2,3,,N,,,,,,,,,,,
2011015834,1518.0,3,0,0,0,0,0,0,0,0,4,0,,67,12,2010,4,40.0416,-75.0277,1515.0,6,0,0,0,0,0,2,0,0,1.0,0,0,0,15.0,1,1,0,,2,40 02:29.662,1.0,0,75 01:39.631,8,0,0,0,67301,0,0,0,,0,0,0,2,67301,0,,1,1,,,,,0,,0,0,0,0,0,Y,1510.0,1,3,0,0,1,1,0,3,4,0,3,3,,N,,,,,,,,,,,
2011001076,1946.0,1,0,0,0,0,0,0,0,0,4,0,,67,12,2010,6,40.0635,-75.1698,1936.0,6,0,0,0,0,0,0,0,0,,0,0,0,19.0,3,2,1,,0,40 03:48.698,,0,75 10:11.388,8,0,0,0,67301,0,0,0,N,0,0,0,2,67301,0,,1,1,,N,N,,0,,0,0,1,3,2,,1916.0,2,2,0,0,0,2,0,3,4,0,2,3,,N,,,,,,,,,,,
2011024895,0.0,0,0,0,0,0,0,0,0,0,2,0,,67,9,2010,3,40.0158,-75.1411,0.0,6,0,0,0,0,0,0,0,0,,0,0,0,99.0,1,1,1,,0,40 00:56.894,,0,75 08:28.039,8,0,0,0,67301,0,0,0,,0,0,0,2,00000,0,,1,1,,,,,0,,0,0,2,0,0,,9999.0,1,2,0,0,0,1,1,3,4,0,2,3,,N,,,,,,,,,,,
2010052174,942.0,1,0,0,0,0,0,0,0,0,5,0,,67,5,2010,1,40.0707,-75.162,939.0,6,0,0,0,0,0,0,1,0,,0,0,0,9.0,1,1,1,,0,40 04:14.487,,0,75 09:43.335,8,0,0,0,67301,0,0,0,N,0,0,0,3,67301,0,,1,1,,N,N,,0,,0,0,0,3,2,,935.0,1,2,0,0,0,1,2,3,4,1,2,3,,N,,,,,,,,,,,
2010049282,1944.0,2,0,0,0,0,0,0,0,0,1,0,,67,5,2010,6,39.9647,-75.1852,1944.0,6,0,0,0,1,0,0,0,0,,0,0,0,19.0,1,0,0,,0,39 57:51.507,,0,75 11:05.433,0,0,0,0,67301,0,0,0,N,0,0,0,2,68K01,0,,1,1,,N,N,,0,,0,0,0,0,0,,1940.0,0,2,0,0,0,0,0,3,4,0,2,3,,N,,,,,,,,,,,
2010117773,1357.0,2,0,0,0,0,0,0,0,0,6,0,,67,10,2010,4,40.0077,-75.1394,1355.0,6,0,0,0,0,0,1,0,0,,0,0,0,13.0,1,1,0,,0,40 00:27.891,,0,75 08:21.921,8,0,0,0,67301,0,0,0,N,0,0,0,2,67301,0,,1,9,,N,N,,0,,0,0,0,0,0,,1355.0,1,2,0,0,0,1,0,3,4,0,2,7,,N,,,,,,,,,,,
2010104646,719.0,2,0,1,0,0,0,0,0,0,1,0,,67,10,2010,5,40.0098,-75.065,655.0,6,0,0,0,0,0,0,0,0,1.0,0,0,0,6.0,3,2,0,,2,40 00:35.017,2.0,0,75 03:54.384,2,0,0,0,67301,0,0,0,N,0,0,0,2,68K01,0,,1,1,,N,N,,0,,1,1,0,0,0,N,651.0,2,2,0,0,0,0,0,3,4,0,2,3,,N,,,,,,,,,,,
2010121827,626.0,1,0,0,0,0,0,0,0,0,5,0,,67,12,2010,2,39.9601,-75.1794,624.0,6,0,0,0,0,0,0,0,0,2.0,0,0,0,6.0,3,1,0,,2,39 57:37.759,4.0,0,75 10:52.718,8,0,0,0,67301,0,0,0,N,0,0,0,1,68K01,0,,1,1,,N,N,,0,,0,0,0,0,0,Y,619.0,1,2,0,0,0,1,0,3,4,0,2,3,,N,,,,,,,,,,,
2010121907,158.0,2,0,0,0,0,0,0,0,0,2,0,,67,11,2010,7,39.933,-75.2239,158.0,6,0,0,0,0,0,2,0,0,2.0,0,0,0,1.0,3,0,0,,1,39 55:58.801,4.0,0,75 13:25.892,0,0,0,0,67301,0,0,0,N,0,0,0,12,67301,0,,1,1,,N,N,,0,,0,0,0,0,0,N,153.0,0,3,0,0,1,0,0,3,4,0,3,3,,N,,,,,,,,,,,
2010122406,2155.0,2,0,0,0,0,0,0,0,0,5,0,,67,11,2010,5,39.9603,-75.19,2152.0,6,0,0,0,0,0,1,0,0,,0,0,0,21.0,3,0,0,,0,39 57:37.130,,0,75 11:24.162,9,0,0,0,67301,0,0,0,N,0,0,0,1,67301,0,,2,1,,N,N,,0,,0,0,3,0,0,,2145.0,0,5,0,0,0,0,1,3,4,0,5,3,,N,,,,,,,,,,,
2010118845,1701.0,1,0,0,0,0,0,0,0,0,8,0,,67,10,2010,5,40.0594,-75.0859,1659.0,6,0,0,0,0,0,0,0,0,,0,0,0,16.0,1,1,1,,0,40 03:33.971,,0,75 05:09.267,4,0,0,0,67301,1,0,0,,1,0,0,2,67301,1,,1,1,,,,,0,,0,0,0,3,2,,1658.0,1,2,0,0,0,0,0,3,4,0,1,3,,N,,,,,,,,,,,
2010113807,2352.0,0,0,0,0,0,0,0,0,0,7,0,,67,10,2010,3,40.0383,-75.0369,2350.0,6,0,0,0,0,0,0,0,0,,0,0,0,23.0,3,0,0,,0,40 02:17.744,,0,75 02:12.719,0,0,0,0,67301,0,0,0,N,0,0,0,1,67301,0,,5,1,,N,N,,1,,0,0,0,0,0,,2300.0,0,1,0,0,0,0,0,3,4,0,1,3,,N,,,,,,,,,,,
2010113822,1727.0,1,0,0,1,0,0,0,0,0,4,0,,67,9,2010,2,39.9303,-75.148,1728.0,6,0,0,0,0,0,0,0,0,,0,0,0,17.0,1,1,1,,0,39 55:49.126,,0,75 08:52.875,4,0,0,0,67301,1,0,0,,0,0,0,2,67301,1,,1,9,,N,N,,0,,0,0,0,3,3,,1723.0,1,2,0,0,0,0,0,3,4,0,1,7,,N,,,,,,,,,,,
2010116343,1642.0,0,0,0,0,0,0,0,0,0,8,0,,67,11,2010,2,39.9546,-75.2064,1642.0,6,0,0,0,0,0,1,0,0,,0,0,0,16.0,3,1,1,,0,39 57:16.505,,0,75 12:22.873,3,0,0,0,67301,1,0,0,N,1,0,0,2,67301,0,,5,1,,N,N,,1,,1,0,0,3,2,,1639.0,1,2,0,0,0,0,0,3,4,0,1,3,,N,,,,,,,,,,,
2010074467,305.0,0,0,0,0,0,0,0,0,0,5,0,,67,6,2010,1,39.9888,-75.25,249.0,6,0,0,0,0,0,0,0,0,,0,0,0,2.0,3,1,0,,0,39 59:19.662,,0,75 15:00.081,8,0,0,0,67301,0,0,0,N,0,0,0,1,67301,0,,6,1,,N,N,,0,,0,0,2,0,0,,246.0,1,2,0,0,0,1,0,3,4,0,2,3,,N,,,,,,,,,,,
2010074489,2310.0,2,0,0,0,0,0,0,0,0,4,0,,67,7,2010,4,40.0729,-75.0846,2230.0,6,0,0,0,0,0,2,0,0,,0,0,0,22.0,3,1,0,,0,40 04:22.161,,7,75 05:04.438,4,0,0,0,67301,0,0,0,N,0,0,0,3,67301,1,,1,1,,N,N,,0,,0,0,0,0,0,,2230.0,1,2,0,0,0,0,0,3,4,0,2,3,,N,,,,,,,,,,,
2010074492,1440.0,2,0,0,0,0,0,0,0,0,1,0,,67,7,2010,2,39.931,-75.1442,1435.0,6,0,0,0,0,0,0,0,0,,0,0,0,14.0,1,1,2,,0,39 55:51.581,,2,75 08:39.119,4,0,0,0,67301,0,0,0,,0,0,0,2,67301,1,,1,1,,N,N,,0,,0,0,0,1,2,,1430.0,1,2,0,0,0,0,0,3,4,0,2,3,,N,,,,,,,,,,,
2010074507,1637.0,2,0,0,0,0,0,0,0,0,4,0,,67,7,2010,2,40.0654,-75.1751,1635.0,6,0,0,0,0,0,1,0,0,,0,0,0,16.0,1,0,0,,0,40 03:55.386,,0,75 10:30.497,0,0,0,0,67301,0,0,0,N,0,0,0,3,67301,0,,1,1,,N,N,,0,,0,0,0,0,0,,1615.0,0,2,0,0,0,0,0,3,4,0,2,3,,N,,,,,,,,,,,
2010074527,928.0,1,0,0,1,0,0,0,0,0,4,0,,67,7,2010,5,39.9388,-75.153,925.0,6,0,0,0,0,0,1,0,0,,0,0,0,9.0,1,1,2,,0,39 56:19.525,,0,75 09:10.979,4,0,0,0,67301,1,0,0,N,0,0,0,2,67301,1,,1,1,,N,N,,0,,0,0,0,3,3,,925.0,1,2,0,0,1,0,0,3,4,0,1,3,,N,,,,,,,,,,,
2010081962,1144.0,0,0,0,0,0,0,0,0,0,2,0,,67,7,2010,7,40.0358,-75.0902,1133.0,6,0,0,0,0,0,0,0,0,,0,0,0,11.0,1,1,0,,0,40 02:08.865,,0,75 05:24.709,4,0,0,0,67301,1,0,0,N,1,0,0,2,67301,1,,1,1,,N,N,,0,,0,0,1,0,0,,1131.0,1,2,0,0,0,0,1,3,4,0,1,3,,N,,,,,,,,,,,
2010071324,36.0,2,0,0,0,0,0,0,0,0,1,0,,67,6,2010,7,39.9941,-75.2416,33.0,6,0,0,0,0,0,0,0,0,1.0,0,0,0,0.0,3,1,2,,1,39 59:38.856,2.0,0,75 14:29.980,4,0,0,0,67301,0,0,0,N,0,0,0,2,46104,1,,1,1,,N,N,,0,,0,0,0,3,2,N,30.0,1,2,0,0,0,0,0,3,4,0,2,3,,N,,,,,,,,,,,
2010066972,1401.0,1,0,0,0,0,0,0,0,0,4,0,,67,6,2010,5,40.0466,-75.1815,1357.0,6,0,0,0,0,0,1,0,0,,0,0,0,13.0,1,2,0,,0,40 02:47.863,,0,75 10:53.272,8,0,0,0,67301,0,0,0,N,0,0,0,2,67301,0,,1,1,,N,N,,0,,0,0,0,0,0,,1328.0,2,2,0,0,0,2,0,3,4,1,2,3,,N,,,,,,,,,,,
2010067014,152.0,2,0,0,0,0,0,0,0,0,4,0,,67,6,2010,3,39.9194,-75.1707,149.0,6,0,1,0,0,0,1,0,0,,0,0,0,22.0,3,1,1,,0,39 55:09.904,,0,75 10:14.985,2,0,0,0,67301,0,0,0,N,0,0,0,3,67301,0,,1,1,,N,N,,0,,0,1,0,3,2,,2230.0,1,2,0,0,0,0,0,3,4,0,2,3,,N,,,,,,,,,,,
2010067016,1007.0,3,0,0,0,0,0,0,0,0,5,0,,67,5,2010,1,40.0637,-75.1614,1005.0,6,0,0,0,0,0,0,0,0,,0,0,0,10.0,1,2,0,,0,40 03:49.414,,0,75 09:41.074,8,0,0,0,67301,2,0,0,N,0,0,0,3,67301,0,,2,1,,N,N,,0,,0,0,0,0,0,,1000.0,2,3,0,0,0,2,1,3,4,0,3,3,,N,,,,,,,,,,,
2010074554,1934.0,2,0,0,0,0,0,0,0,0,3,0,,67,7,2010,3,39.9181,-75.1807,1929.0,6,0,0,0,0,0,0,1,0,,0,0,0,19.0,1,2,0,,0,39 55:05.166,,0,75 10:50.661,3,0,0,0,67301,3,0,0,,0,0,0,4,67301,1,,6,1,,,,,0,,1,0,0,0,0,,1927.0,2,2,0,0,0,0,0,3,4,0,2,3,,N,,,,,,,,,,,
2010027886,1450.0,1,0,0,0,0,0,0,0,0,4,0,,67,2,2010,6,39.9627,-75.2039,1450.0,6,0,0,0,0,0,1,0,0,2.0,0,0,0,14.0,1,1,1,,2,39 57:45.834,6.0,0,75 12:13.931,8,0,0,0,67301,0,0,0,N,0,0,0,2,67301,0,,1,1,,N,N,,0,,0,0,0,3,3,Y,1440.0,1,2,0,0,0,1,0,3,4,1,2,3,,N,,,,,,,,,,,
2010024767,840.0,0,0,0,0,0,0,0,0,0,4,0,,67,1,2010,7,39.9823,-75.1267,837.0,6,0,0,0,0,0,1,0,0,,0,0,0,8.0,1,3,1,,0,39 58:56.426,,0,75 07:36.268,4,0,0,0,67301,0,0,0,N,0,0,0,3,67301,3,,1,1,,N,N,,1,,0,0,1,3,3,,830.0,3,2,0,0,0,0,0,3,4,0,2,3,,N,,,,,,,,,,,
2010027900,1212.0,1,0,0,0,0,0,0,0,0,8,0,,67,2,2010,6,39.9913,-75.1585,1205.0,6,0,0,0,0,0,0,0,0,,0,0,0,22.0,3,1,1,,0,39 59:28.669,,0,75 09:30.520,4,0,0,0,67301,1,0,0,N,1,0,0,2,67301,1,,1,2,,N,N,,0,,0,0,0,3,2,,2217.0,1,2,0,0,0,0,1,3,4,0,1,10,,N,,,,,,,,,,,
2010030601,641.0,0,0,0,0,0,0,0,0,0,1,1,,67,3,2010,5,39.9675,-75.1891,639.0,6,0,0,0,0,0,0,0,0,1.0,0,1,0,6.0,3,0,0,,1,39 58:07.302,4.0,0,75 11:28.752,0,0,0,0,67301,0,0,0,N,0,0,0,3,68K01,0,,1,1,,N,N,,1,,0,0,0,0,0,N,632.0,0,2,0,0,0,0,0,3,4,0,2,3,,N,,,,,,,,,,,
2010028100,810.0,2,0,0,0,0,0,0,0,0,4,0,,67,2,2010,2,40.0494,-75.1053,803.0,6,0,0,0,0,0,2,0,0,,0,0,0,8.0,1,1,2,,0,40 02:57.908,,0,75 06:19.065,4,0,0,0,67301,0,0,0,N,0,0,0,2,67301,1,,1,2,,N,N,,0,,0,0,0,3,3,,802.0,1,2,0,0,0,0,0,3,4,0,2,3,,N,,,,,,,,,,,
2010028104,717.0,1,0,0,0,0,0,0,0,0,4,0,,67,2,2010,3,40.072,-75.013,712.0,6,0,0,0,0,0,1,0,0,9.0,0,0,0,6.0,1,0,1,,1,40 04:19.382,4.0,0,75 00:46.920,9,0,0,0,67301,0,0,0,,0,0,0,2,67301,0,,1,9,,,,,0,,0,0,0,3,2,N,648.0,0,2,0,0,0,0,2,3,4,1,2,3,,N,,,,,,,,,,,
2010028118,2203.0,2,0,0,0,0,0,0,0,0,4,0,,67,2,2010,4,39.9383,-75.1986,2203.0,6,0,0,0,0,0,1,0,0,,0,0,0,21.0,3,1,1,,0,39 56:18.900,,0,75 11:54.432,8,0,0,0,67301,0,0,0,N,0,0,0,3,67301,0,,1,1,,N,N,,0,,0,0,0,3,2,,2150.0,1,2,0,0,0,1,0,3,4,0,2,3,,N,,,,,,,,,,,
2010028162,732.0,1,0,0,0,0,0,0,0,0,8,0,,67,2,2010,4,39.9754,-75.2451,730.0,6,0,0,0,0,0,0,0,0,,0,0,0,7.0,1,1,0,,0,39 58:31.270,,0,75 14:42.352,3,0,0,0,67301,1,0,0,N,1,0,0,2,67301,0,,1,1,,N,N,,0,,1,0,0,3,2,,705.0,1,2,0,0,0,0,0,3,4,0,1,3,,N,,,,,,,,,,,
2010028279,2100.0,2,0,0,0,0,0,0,0,0,4,0,,67,2,2010,6,40.0356,-75.1383,2050.0,6,0,0,0,0,0,0,0,0,,0,0,0,20.0,3,1,5,,0,40 02:08.293,,99,75 08:17.987,8,0,0,0,67301,0,0,0,N,0,0,0,6,67301,0,,1,9,,N,N,,0,,0,0,0,2,2,,2003.0,1,2,0,0,0,1,0,3,4,0,2,10,,N,,,,,,,,,,,
2010020834,1912.0,2,0,0,0,0,0,0,0,0,1,0,,67,2,2010,7,39.8782,-75.2512,1909.0,6,0,0,0,0,0,1,0,0,,0,0,0,18.0,2,2,0,,0,39 52:41.498,,0,75 15:04.493,4,0,0,0,67301,0,0,0,N,0,0,0,2,68K01,1,,1,6,,N,N,,0,,0,0,0,0,0,,1858.0,2,2,0,0,0,1,0,3,4,0,2,10,,N,,,,,,,,,,,
2010026581,1133.0,0,0,0,0,0,0,0,0,0,1,1,,67,2,2010,4,39.946,-75.1425,1121.0,6,0,0,0,0,0,0,0,0,,0,1,0,11.0,1,0,0,,0,39 56:45.564,,0,75 08:33.037,0,0,0,0,67301,0,0,0,N,0,0,0,3,68K01,0,,1,1,,N,N,,0,,0,0,0,0,0,,1117.0,0,3,0,0,0,0,0,3,4,2,3,3,,N,,,,,,,,,,,
2010028563,714.0,0,0,0,0,0,0,0,0,0,7,0,,67,1,2010,7,40.052,-75.0507,714.0,6,0,0,0,0,0,0,0,0,3.0,0,0,0,7.0,5,1,0,,1,40 03:07.117,1.0,0,75 03:02.612,2,0,0,0,67301,0,0,0,Y,0,0,0,1,67301,0,,4,1,,N,N,,0,,0,1,1,0,0,N,710.0,1,1,0,1,1,0,0,3,4,0,1,3,,N,,,,,,,,,,,
2010088974,1949.0,1,0,0,0,0,0,0,0,0,4,0,,67,7,2010,7,39.9861,-75.1668,1947.0,6,0,0,0,0,0,0,0,1,,0,0,0,19.0,1,1,1,,0,39 59:09.790,,0,75 10:00.393,8,0,0,0,67301,1,0,0,N,1,0,0,3,67301,0,,1,1,,N,N,,0,,0,0,0,3,3,,1946.0,1,2,0,0,0,1,0,3,4,0,1,3,,N,,,,,,,,,,,
2011024958,0.0,2,0,0,0,0,0,0,0,0,5,0,,67,4,2010,1,39.977,-75.1368,0.0,6,0,0,0,0,0,0,0,0,,0,0,0,13.0,1,3,0,,0,39 58:37.164,,0,75 08:12.598,3,0,0,0,67301,0,0,0,N,0,0,0,4,00000,0,,1,9,,N,N,,0,,3,0,0,0,0,,1300.0,3,2,0,0,0,0,1,3,4,0,2,7,,N,,,,,,,,,,,
2011013028,1235.0,2,0,0,0,0,0,0,0,0,4,0,,67,12,2010,4,39.9875,-75.1784,1231.0,6,0,0,0,0,0,1,0,0,2.0,0,0,0,99.0,1,1,5,,1,39 59:15.093,5.0,0,75 10:42.149,4,0,0,0,67301,0,0,0,N,0,0,0,4,67301,1,,1,1,,N,N,,0,,0,0,0,3,2,N,9999.0,1,2,0,0,1,0,0,3,4,0,2,3,,N,,,,,,,,,,,
2011026286,837.0,2,0,0,0,0,0,0,0,0,5,0,,67,6,2010,5,40.0311,-75.0834,835.0,6,0,0,0,0,1,0,0,0,,0,0,0,8.0,1,0,0,,0,40 01:51.877,,0,75 05:00.312,0,0,0,0,67301,0,0,0,,0,0,0,2,67301,0,,1,1,,,,,0,,0,0,1,0,0,,830.0,0,3,0,0,0,0,0,3,4,0,3,3,,N,,,,,,,,,,,
2011026289,1625.0,4,0,0,0,0,0,0,0,0,5,0,,67,5,2010,3,39.942,-75.1599,1620.0,6,0,0,0,0,0,0,0,0,3.0,0,0,0,14.0,1,0,0,,2,39 56:31.354,3.0,0,75 09:35.686,0,0,0,0,67301,0,0,0,,0,0,0,1,67301,0,,1,9,,,,,0,,0,0,1,0,0,Y,1452.0,0,5,0,0,0,0,0,3,4,0,5,7,,N,,,,,,,,,,,
2011026330,1945.0,1,0,0,0,0,0,0,0,0,8,0,,67,6,2010,4,40.0013,-75.1635,1939.0,6,0,0,0,0,0,0,0,0,,0,0,0,19.0,1,1,0,,0,40 00:04.773,,0,75 09:48.618,4,0,0,0,67301,1,0,0,N,1,0,0,2,67301,1,,1,1,,N,N,,0,,0,0,0,0,0,,1935.0,1,2,0,0,0,0,0,3,4,0,1,3,,N,,,,,,,,,,,
2011026354,2130.0,2,0,0,0,0,0,0,0,0,4,0,,67,5,2010,6,40.0284,-75.1536,2130.0,6,0,0,0,0,0,1,0,0,,0,0,0,20.0,3,0,0,,0,40 01:42.096,,0,75 09:13.008,0,0,0,0,67301,0,0,0,,0,0,0,1,67301,0,,1,1,,N,N,,0,,0,0,0,0,0,,2008.0,0,2,0,0,1,0,0,3,4,0,2,3,,N,,,,,,,,,,,
2011026199,1530.0,1,0,0,0,0,0,0,0,0,8,0,,67,6,2010,4,39.9704,-75.1614,1515.0,6,0,0,0,0,0,1,0,0,,0,0,0,99.0,1,1,1,,0,39 58:13.537,,0,75 09:41.061,4,0,0,0,67301,1,0,0,N,1,0,0,2,67301,1,,1,1,,N,N,,0,,0,0,0,3,3,,9999.0,1,2,0,0,0,0,1,3,4,0,1,3,,N,,,,,,,,,,,
2011024342,0.0,0,0,0,0,0,0,1,0,0,8,1,,67,2,2010,6,40.0189,-75.1472,0.0,6,0,0,0,0,0,0,0,0,,0,0,0,8.0,1,1,0,,0,40 01:08.251,,0,75 08:49.121,4,0,0,0,67301,1,0,0,N,1,0,0,2,00000,1,,2,98,,N,N,,0,,0,0,0,0,0,,825.0,1,2,0,0,0,0,0,3,4,0,1,3,,N,,,,,,,,,,,
2011001733,907.0,1,0,0,0,0,0,0,0,0,4,0,,67,11,2010,1,39.9579,-75.1641,905.0,6,0,0,0,0,0,1,0,0,2.0,0,0,0,9.0,1,1,5,,1,39 57:28.586,2.0,2,75 09:50.892,4,0,0,0,67301,0,0,0,N,0,0,0,2,67301,1,,1,1,,N,N,,0,,0,0,1,3,2,Y,905.0,1,2,0,0,0,0,1,3,4,0,2,3,,N,,,,,,,,,,,
2010074092,1730.0,1,0,0,0,0,0,0,0,0,1,0,,67,7,2010,7,40.0638,-75.0425,1720.0,6,0,0,0,0,0,1,0,0,3.0,1,0,0,17.0,1,0,0,,1,40 03:49.187,2.0,0,75 02:33.171,1,0,0,0,67301,0,0,0,N,0,0,0,3,67301,0,2.0,1,1,,N,N,,0,0.0,0,0,1,0,0,Y,1717.0,0,2,0,0,0,0,0,3,4,0,2,3,,N,,,,,,,,,,,
2010069965,1700.0,0,0,0,0,0,0,0,0,0,0,0,,67,6,2010,7,40.0124,-75.0691,1641.0,6,0,0,0,0,0,0,0,0,,0,0,0,99.0,1,1,2,,0,40 00:44.615,,0,75 04:08.798,8,0,0,1,67301,0,0,0,,0,0,0,1,67301,0,,1,1,,,,,0,,0,0,0,3,2,,9999.0,1,1,0,0,0,1,0,3,4,0,1,3,,N,,,,,,,,,,,
2010069978,1523.0,1,0,0,0,0,0,0,0,0,8,0,,67,6,2010,5,39.9577,-75.1624,1523.0,6,0,0,0,0,0,0,0,0,,0,0,0,15.0,1,1,1,,0,39 57:27.542,,0,75 09:44.544,3,0,0,0,67301,1,0,0,N,1,0,0,2,67301,0,,1,1,,N,N,,0,,1,0,0,3,2,,1523.0,1,2,0,0,0,0,0,3,4,0,1,3,,N,,,,,,,,,,,
2010070019,917.0,1,0,0,0,0,0,0,0,0,4,0,,67,6,2010,3,40.0239,-75.0354,915.0,6,0,0,0,0,0,0,0,0,,0,0,0,9.0,1,0,1,,0,40 01:26.280,,0,75 02:07.317,0,0,0,0,67301,0,0,0,,0,0,0,2,67301,0,,1,1,,,,,0,,0,0,1,3,2,,914.0,0,2,0,0,0,0,0,3,4,0,2,3,,N,,,,,,,,,,,
2010061680,1656.0,3,0,0,0,0,0,0,0,0,1,0,,67,6,2010,1,39.967,-75.1334,1656.0,6,0,0,0,0,0,0,0,0,1.0,0,0,0,16.0,1,3,0,,1,39 58:01.703,1.0,0,75 07:59.134,8,0,0,0,67301,0,0,0,N,0,0,0,6,68K01,0,,1,1,,N,N,,0,,0,0,0,0,0,N,1656.0,3,3,0,0,1,3,0,3,4,0,3,3,,N,,,,,,,,,,,
2010067032,2112.0,0,0,0,0,0,0,0,0,0,8,0,,67,6,2010,1,39.9785,-75.2675,2105.0,6,0,0,0,0,0,0,0,0,,0,0,0,16.0,1,1,2,,0,39 58:42.620,,0,75 16:03.299,8,0,0,0,67301,1,0,0,N,1,0,0,2,67301,0,,4,1,,N,N,,0,,0,0,1,3,3,,1610.0,1,2,0,0,0,1,0,3,4,0,1,3,,N,,,,,,,,,,,