CRN,ARRIVAL_TM,AUTOMOBILE_COUNT,BELTED_DEATH_COUNT,BELTED_SUSP_SERIOUS_INJ_COUNT,BICYCLE_COUNT,BICYCLE_DEATH_COUNT,BICYCLE_SUSP_SERIOUS_INJ_COUNT,BUS_COUNT,CHLDPAS_DEATH_COUNT,CHLDPAS_SUSP_SERIOUS_INJ_COUNT,COLLISION_TYPE,COMM_VEH_COUNT,CONS_ZONE_SPD_LIM,COUNTY,CRASH_MONTH,CRASH_YEAR,DAY_OF_WEEK,DEC_LAT,DEC_LONG,DISPATCH_TM,DISTRICT,DRIVER_COUNT_16YR,DRIVER_COUNT_17YR,DRIVER_COUNT_18YR,DRIVER_COUNT_19YR,DRIVER_COUNT_20YR,DRIVER_COUNT_50_64YR,DRIVER_COUNT_65_74YR,DRIVER_COUNT_75PLUS,EST_HRS_CLOSED,FATAL_COUNT,HEAVY_TRUCK_COUNT,HORSE_BUGGY_COUNT,HOUR_OF_DAY,ILLUMINATION,INJURY_COUNT,INTERSECT_TYPE,INTERSECTION_RELATED,LANE_CLOSED,LATITUDE,LN_CLOSE_DIR,LOCATION_TYPE,LONGITUDE,MAX_SEVERITY_LEVEL,MCYCLE_DEATH_COUNT,MCYCLE_SUSP_SERIOUS_INJ_COUNT,MOTORCYCLE_COUNT,MUNICIPALITY,NONMOTR_COUNT,NONMOTR_DEATH_COUNT,NONMOTR_SUSP_SERIOUS_INJ_COUNT,NTFY_HIWY_MAINT,PED_COUNT,PED_DEATH_COUNT,PED_SUSP_SERIOUS_INJ_COUNT,PERSON_COUNT,POLICE_AGCY,POSSIBLE_INJ_COUNT,RDWY_SURF_TYPE_CD,RELATION_TO_ROAD,ROAD_CONDITION,ROADWAY_CLEARED,SCH_BUS_IND,SCH_ZONE_IND,SECONDARY_CRASH,SMALL_TRUCK_COUNT,SPEC_JURIS_CD,SUSP_MINOR_INJ_COUNT,SUSP_SERIOUS_INJ_COUNT,SUV_COUNT,TCD_FUNC_CD,TCD_TYPE,TFC_DETOUR_IND,TIME_OF_DAY,TOT_INJ_COUNT,TOTAL_UNITS,UNB_DEATH_COUNT,UNB_SUSP_SERIOUS_INJ_COUNT,UNBELTED_OCC_COUNT,UNK_INJ_DEG_COUNT,UNK_INJ_PER_COUNT,URBAN_AREA,URBAN_RURAL,VAN_COUNT,VEHICLE_COUNT,WEATHER1,WEATHER2,WORK_ZONE_IND,WORK_ZONE_LOC,WORK_ZONE_TYPE,WORKERS_PRES,WZ_CLOSE_DETOUR,WZ_FLAGGER,WZ_LAW_OFFCR_IND,WZ_LN_CLOSURE,WZ_MOVING,WZ_OTHER,WZ_SHLDER_MDN,WZ_WORKERS_INJ_KILLED
2010074602,1925.0,1,0,0,0,0,0,0,0,0,8,0,,67,6,2010,4,40.0095,-75.1408,1920.0,6,0,0,0,0,0,0,0,0,1.0,0,0,0,19.0,1,1,1,,2,40 00:34.246,1.0,0,75 08:26.775,4,0,0,0,67301,1,0,0,N,1,0,0,2,67301,1,,1,1,,N,N,,0,,0,0,0,3,3,N,1919.0,1,2,0,0,1,0,0,3,4,0,1,3,,N,,,,,,,,,,,
2010074625,1035.0,1,0,0,0,0,0,0,0,0,2,0,,67,7,2010,2,40.0238,-75.2155,1034.0,6,0,0,0,0,0,0,0,1,,0,0,0,0.0,3,0,0,,0,40 01:25.681,,0,75 12:55.720,9,0,0,0,67301,0,0,0,N,0,0,0,1,67301,0,,1,1,,N,N,,0,,0,0,1,3,3,,30.0,0,2,0,0,0,0,1,3,4,0,2,3,,N,,,,,,,,,,,
2010074630,825.0,1,0,0,0,0,0,0,0,0,7,0,,67,7,2010,3,40.0299,-75.1047,825.0,6,0,0,0,0,0,1,0,0,,0,0,0,5.0,5,0,0,,0,40 01:47.821,,0,75 06:16.092,0,0,0,0,67301,0,0,0,N,0,0,0,1,67301,0,,4,1,,N,N,,0,,0,0,0,3,2,,535.0,0,1,0,0,0,0,0,3,4,0,1,3,,N,,,,,,,,,,,
2010074641,1535.0,0,0,0,1,0,0,0,0,0,4,0,,67,7,2010,1,39.9945,-75.1588,1522.0,6,0,0,0,0,0,0,0,0,,0,0,0,14.0,1,1,1,,0,39 59:40.105,,0,75 09:31.515,8,0,0,0,67301,1,0,0,N,0,0,0,2,67301,0,,1,1,,N,N,,0,,0,0,0,3,3,,1415.0,1,2,0,0,0,1,0,3,4,0,1,3,,N,,,,,,,,,,,
2010058986,408.0,1,0,0,0,0,0,0,0,0,5,0,,67,5,2010,6,40.0174,-75.097,357.0,6,0,0,0,0,0,0,0,0,,0,0,0,3.0,3,1,0,,0,40 01:03.224,,0,75 05:49.280,3,0,0,1,67301,0,0,0,,0,0,0,2,67301,0,,1,1,,,,,0,,1,0,0,0,0,,330.0,1,2,0,0,0,0,1,3,4,0,2,3,,N,,,,,,,,,,,
2010027965,907.0,0,0,0,0,0,0,0,0,0,8,0,,67,1,2010,3,39.9796,-75.1157,904.0,6,0,0,0,0,0,0,0,0,,0,0,0,8.0,1,2,1,,0,39 58:46.891,,0,75 06:56.754,3,0,0,0,67301,3,0,0,,3,0,0,4,67301,0,,1,1,,,,,0,,2,0,1,3,3,,824.0,2,4,0,0,1,0,0,3,4,0,1,3,,N,,,,,,,,,,,
2010033402,1356.0,2,0,0,0,0,0,0,0,0,1,0,,67,3,2010,3,39.9594,-75.1741,1347.0,6,0,0,0,0,0,2,0,0,1.0,0,0,0,13.0,1,3,0,,1,39 57:34.110,4.0,0,75 10:28.662,4,0,0,0,67301,0,0,0,N,0,0,0,4,68K01,3,,1,9,,N,N,,1,,0,0,0,0,0,N,1344.0,3,3,0,0,0,0,0,3,4,0,3,7,,N,,,,,,,,,,,
2010030596,1542.0,2,0,0,0,0,0,0,0,0,1,0,,67,3,2010,5,39.9377,-75.1984,1522.0,6,0,0,0,0,1,0,0,0,1.0,0,0,0,15.0,1,0,0,,2,39 56:22.591,4.0,0,75 11:46.882,0,0,0,0,67301,0,0,0,N,0,0,0,7,68K01,0,,1,1,,N,N,,0,,0,0,1,0,0,N,1520.0,0,3,0,0,3,0,0,3,4,0,3,3,,N,,,,,,,,,,,
2010028064,318.0,1,0,0,0,0,0,0,0,0,7,0,,67,1,2010,7,40.058,-75.0416,316.0,6,0,0,0,0,0,0,0,0,,0,0,0,3.0,3,2,0,,0,40 03:28.738,,0,75 02:31.064,4,0,0,0,67301,0,0,0,N,0,0,0,3,67301,1,,3,1,,N,N,,0,,0,0,0,0,0,,310.0,2,1,0,0,0,1,0,3,4,0,1,3,,N,,,,,,,,,,,
2010028083,1305.0,2,0,0,0,0,0,0,0,0,4,0,,67,2,2010,6,40.0071,-75.1235,1305.0,6,0,0,0,0,0,0,0,0,,0,0,0,13.0,1,3,0,,0,40 00:25.432,,7,75 07:24.494,4,0,0,0,67301,0,0,0,N,0,0,0,3,37301,2,,1,1,,N,N,,0,,0,0,0,0,0,,1300.0,3,2,0,0,0,1,0,3,4,0,2,3,,N,,,,,,,,,,,
2010028223,1920.0,1,0,0,0,0,0,0,0,0,1,0,,67,2,2010,6,40.0542,-75.0493,1915.0,6,0,0,0,0,0,0,0,0,1.0,0,0,0,19.0,6,0,1,,1,40 03:15.517,2.0,0,75 02:58.198,0,0,0,0,67301,0,0,0,N,0,0,0,9,67301,0,,1,98,,N,N,,0,,0,0,1,3,2,N,1915.0,0,3,0,0,2,0,0,3,4,1,3,98,,N,,,,,,,,,,,
2010028229,1121.0,0,0,0,0,0,0,0,0,0,7,0,,67,1,2010,2,40.0864,-74.9705,1115.0,6,0,0,0,0,0,0,0,0,1.0,0,0,0,11.0,1,0,0,,1,40 05:11.210,4.0,0,74 58:13.675,0,0,0,0,67301,0,0,0,N,0,0,0,1,67301,0,,4,9,,N,N,,0,,0,0,1,3,8,N,1110.0,0,1,0,0,0,0,0,3,4,0,1,7,,N,,,,,,,,,,,
2010028266,1840.0,2,0,0,0,0,0,0,0,0,4,0,,67,1,2010,6,39.9087,-75.2234,1830.0,6,0,0,0,0,0,0,0,0,3.0,0,0,0,18.0,3,3,0,,1,39 54:31.227,4.0,7,75 13:24.277,3,0,0,0,67301,0,0,0,N,0,0,0,3,67301,0,,1,1,,N,N,,0,,1,0,0,0,0,Y,1818.0,3,2,0,0,0,2,0,3,4,0,2,3,,N,,,,,,,,,,,
2010028273,356.0,0,0,0,0,0,0,0,0,0,4,0,,67,1,2010,1,39.943,-75.2319,347.0,6,0,0,0,0,0,1,0,0,,0,0,0,3.0,3,0,0,,0,39 56:34.805,,0,75 13:54.714,0,0,0,0,67301,0,0,0,N,0,0,0,2,67301,0,,1,2,,N,N,,1,,0,0,1,0,0,,330.0,0,2,0,0,0,0,0,3,4,0,2,10,,N,,,,,,,,,,,
2010028331,1130.0,1,0,0,0,0,0,0,0,0,8,0,,67,2,2010,2,40.0436,-75.1845,1125.0,6,0,0,0,0,0,0,0,1,,0,0,0,11.0,1,1,1,,0,40 02:37.075,,0,75 11:04.361,4,0,0,0,67301,1,0,0,N,1,0,0,2,67301,1,,1,9,,N,N,,0,,0,0,0,3,2,,1122.0,1,2,0,0,0,0,0,3,4,0,1,10,,N,,,,,,,,,,,
2010028529,450.0,2,0,0,0,0,0,0,0,0,1,0,,67,2,2010,7,40.0251,-75.1287,438.0,6,0,0,0,0,0,0,0,0,,0,0,0,4.0,3,0,0,,0,40 01:30.114,,0,75 07:44.276,0,0,0,0,67301,0,0,0,N,0,0,0,1,67301,0,,6,2,,N,N,,0,,0,0,2,0,0,,438.0,0,4,0,0,0,0,0,3,4,0,4,3,,N,,,,,,,,,,,
2010031312,644.0,2,0,0,0,0,0,0,0,0,1,0,,67,2,2010,7,39.9264,-75.1947,642.0,6,0,0,0,0,0,0,0,0,4.0,0,0,0,3.0,3,2,0,,2,39 55:37.680,3.0,0,75 11:43.074,8,0,0,0,67301,0,0,0,N,0,0,0,3,68K01,0,,1,2,,N,N,,0,,0,0,0,0,0,Y,343.0,2,2,0,0,1,2,1,3,4,0,2,3,,N,,,,,,,,,,,
2010018038,1326.0,1,0,0,0,0,0,0,0,0,4,0,,67,1,2010,6,40.0138,-75.1383,1316.0,6,0,0,0,0,0,0,0,0,,0,0,0,11.0,1,1,1,,0,40 00:49.737,,0,75 08:17.969,4,0,0,0,67301,0,0,0,,0,0,0,2,67301,1,,1,1,,N,N,,1,,0,0,0,3,3,,1154.0,1,2,0,0,1,0,0,3,4,0,2,3,,N,,,,,,,,,,,
2010028569,9999.0,1,0,0,0,0,0,0,0,0,4,0,,67,1,2010,7,39.8931,-75.2359,2213.0,6,0,0,0,0,0,1,0,0,9.0,0,0,0,21.0,3,1,7,,1,39 53:34.421,2.0,0,75 14:07.898,8,0,0,0,67301,0,0,0,N,0,0,0,2,67301,0,,1,6,,N,N,,0,,0,0,1,3,3,N,2134.0,1,2,0,0,0,1,0,3,4,0,2,10,,N,,,,,,,,,,,
2010018062,1505.0,2,0,0,0,0,0,0,0,0,4,0,,67,1,2010,2,40.0971,-75.0182,1500.0,6,0,0,0,0,0,1,0,0,1.0,0,0,0,14.0,1,1,1,,1,40 05:49.711,1.0,0,75 01:05.375,4,0,0,0,67301,0,0,0,,0,0,0,4,67301,1,,1,1,,N,,,0,,0,0,0,3,2,N,1425.0,1,2,0,0,0,0,0,3,4,0,2,3,,N,,,,,,,,,,,
2010120569,648.0,2,0,0,0,0,0,0,0,0,1,0,,67,12,2010,2,40.0824,-75.2054,645.0,6,0,0,0,0,0,0,0,0,2.0,0,0,0,6.0,1,1,0,,1,40 04:56.686,1.0,7,75 12:19.472,4,0,0,0,67301,0,0,0,N,0,0,0,2,46108,1,,1,1,,N,N,,0,,0,0,0,0,0,N,645.0,1,2,0,0,0,0,0,3,4,0,2,3,,N,,,,,,,,,,,
2010110766,815.0,1,0,0,0,0,0,0,0,0,8,0,,67,10,2010,5,40.0304,-75.1803,9999.0,6,0,0,0,0,0,0,0,0,,0,0,0,7.0,1,2,1,,0,40 01:49.440,,0,75 10:49.133,4,0,0,0,67301,2,0,0,N,2,0,0,3,67301,2,,1,1,,N,N,,0,,0,0,0,3,2,,759.0,2,3,0,0,0,0,0,3,4,0,1,3,,N,,,,,,,,,,,
2011008228,653.0,1,0,0,0,0,0,0,0,0,7,0,,67,12,2010,5,40.064,-75.2492,644.0,6,0,0,0,0,0,0,1,0,,0,0,0,6.0,2,1,2,,0,40 03:50.374,,0,75 14:57.076,8,0,0,0,67301,0,0,0,,0,0,0,1,67301,0,,2,2,,N,N,,0,,0,0,0,3,3,,630.0,1,1,0,0,0,1,0,3,4,0,1,10,,N,,,,,,,,,,,
2011008241,144.0,2,0,0,0,0,0,0,0,0,4,0,,67,10,2010,6,39.9704,-75.2357,144.0,6,0,0,0,0,0,0,0,0,3.0,0,0,0,1.0,3,1,1,,2,39 58:13.274,7.0,0,75 14:08.548,8,0,0,0,67301,0,0,0,N,0,0,0,2,67301,0,,1,1,,N,N,,0,,0,0,0,3,2,Y,144.0,1,2,0,0,0,1,1,3,4,0,2,3,,N,,,,,,,,,,,
2011008264,645.0,4,0,0,0,0,0,0,0,0,6,0,,67,12,2010,4,39.9881,-75.1326,636.0,6,0,0,0,0,0,1,0,0,,0,0,0,6.0,5,1,0,,0,39 59:17.127,,0,75 07:57.374,4,0,0,0,67301,1,0,0,N,0,0,0,2,67301,1,,1,1,,N,N,,3,,0,0,0,0,0,,636.0,1,7,0,0,0,0,0,3,4,0,7,3,,N,,,,,,,,,,,
2011022460,0.0,1,0,0,0,0,0,0,0,0,1,0,,67,6,2010,5,39.9577,-75.1802,0.0,6,0,0,0,0,0,0,0,0,,0,0,0,15.0,1,1,0,,0,39 57:32.358,,0,75 10:49.771,8,0,0,0,67301,0,0,0,,0,0,0,4,00000,0,,1,1,,,,,1,,0,0,0,0,0,,1530.0,1,4,0,0,0,1,1,3,4,0,4,3,,N,,,,,,,,,,,
2011002760,1746.0,2,0,0,0,0,0,0,0,0,1,0,,67,12,2010,6,39.9216,-75.1915,1742.0,6,0,0,0,0,0,0,0,0,,0,0,0,99.0,3,0,2,,0,39 55:17.587,,0,75 11:29.484,0,0,0,0,67301,0,0,0,N,0,0,0,2,67301,0,,1,1,,N,N,,0,,0,0,0,3,2,,9999.0,0,2,0,0,0,0,0,3,4,0,2,3,,N,,,,,,,,,,,
2011013032,1819.0,1,0,0,0,0,0,0,0,0,8,0,,67,11,2010,4,39.9554,-75.1711,1815.0,6,0,0,0,0,0,0,1,0,,0,0,0,18.0,3,1,1,,0,39 57:19.443,,0,75 10:16.111,4,0,0,0,67301,1,0,0,,1,0,0,2,67301,1,,1,1,,,,,0,,0,0,0,3,2,,1812.0,1,2,0,0,0,0,0,3,4,0,1,3,,N,,,,,,,,,,,
2011026317,1702.0,1,0,0,0,0,0,0,0,0,8,0,,67,5,2010,5,39.9966,-75.1024,1650.0,6,0,0,0,0,0,0,0,0,,0,0,0,16.0,1,1,0,,0,39 59:47.691,,0,75 06:08.481,4,0,0,0,67301,1,0,0,N,1,0,0,2,67301,1,,1,1,,N,N,,0,,0,0,0,0,0,,1642.0,1,2,0,0,0,0,0,3,4,0,1,3,,N,,,,,,,,,,,
2011026349,2100.0,3,0,0,0,0,0,0,0,0,4,0,,67,6,2010,7,40.0265,-75.1741,2056.0,6,0,0,0,0,0,0,1,0,,0,0,0,20.0,3,2,0,,0,40 01:35.475,,0,75 10:26.781,4,0,0,0,67301,0,0,0,N,0,0,0,3,67301,2,,9,1,,N,N,,0,,0,0,0,0,0,,2056.0,2,3,0,0,0,0,1,3,4,0,3,3,,N,,,,,,,,,,,
2011024368,0.0,1,0,0,0,0,0,0,0,0,5,0,,67,6,2010,6,39.9934,-75.1478,0.0,6,0,0,0,0,0,1,0,0,,0,0,0,12.0,1,2,0,,0,39 59:36.160,,0,75 08:52.050,3,0,0,0,67301,2,0,0,,0,0,0,3,00000,0,,4,1,,,,,1,,1,0,0,0,0,,1230.0,2,2,0,0,0,1,1,3,4,0,2,3,,N,,,,,,,,,,,
2011024381,0.0,1,0,0,0,0,0,0,0,0,4,0,,67,5,2010,1,40.0352,-75.1448,0.0,6,0,0,0,0,0,0,0,0,,0,0,0,9.0,8,0,1,,0,40 02:06.568,,0,75 08:41.251,0,0,0,0,67301,0,0,0,,0,0,0,2,00000,0,,1,1,,,,,0,,0,0,0,0,0,,930.0,0,2,0,0,0,0,0,3,4,0,2,3,,N,,,,,,,,,,,
2011001745,1740.0,1,0,0,0,0,0,0,0,0,8,0,,67,11,2010,3,39.9668,-75.2418,1730.0,6,0,0,0,0,0,1,0,0,,0,0,0,17.0,4,1,1,,0,39 58:00.577,,0,75 14:30.400,8,0,0,0,67301,1,0,0,N,1,0,0,2,67301,0,,1,1,,N,N,,0,,0,0,0,3,3,,1728.0,1,2,0,0,0,1,0,3,4,0,1,3,,N,,,,,,,,,,,
2011000756,2019.0,2,0,0,0,0,0,0,0,0,2,0,,67,11,2010,6,39.9588,-75.2354,2009.0,6,0,0,0,0,0,1,0,0,,0,0,0,20.0,3,1,0,,0,39 57:31.759,,0,75 14:07.400,4,0,0,0,67301,0,0,0,N,0,0,0,2,67301,1,,1,1,,N,N,,0,,0,0,0,0,0,,2000.0,1,2,0,0,0,0,0,3,4,0,2,3,,N,,,,,,,,,,,
2011008307,1021.0,1,0,0,0,0,0,0,0,0,4,0,,67,12,2010,3,39.9148,-75.2444,1005.0,6,0,0,0,0,0,1,0,0,,0,0,0,10.0,1,1,0,,0,39 54:53.449,,0,75 14:39.821,8,0,0,0,67301,0,0,0,,0,0,0,2,67301,0,,1,1,,N,N,,0,,0,0,0,0,0,,1005.0,1,2,0,0,0,1,1,3,4,1,2,3,,N,,,,,,,,,,,
2011008323,1625.0,2,0,0,0,0,0,0,0,0,4,0,,67,12,2010,5,39.9224,-75.2231,1613.0,6,0,0,0,0,0,0,0,0,1.0,0,0,0,16.0,3,1,1,,1,39 55:20.731,2.0,0,75 13:23.335,4,0,0,0,67301,0,0,0,N,0,0,0,2,67301,1,,1,7,,N,N,,0,,0,0,0,3,2,Y,1606.0,1,2,0,0,0,0,0,3,4,0,2,10,,N,,,,,,,,,,,
2011008353,950.0,1,0,0,0,0,0,0,0,0,4,0,,67,12,2010,5,40.0228,-75.159,9999.0,6,0,0,0,0,0,0,0,0,,0,0,0,12.0,1,1,5,,0,40 01:22.061,,0,75 09:32.460,4,0,0,0,67301,0,0,0,,0,0,0,2,67301,1,,1,1,,N,N,,0,,0,0,0,3,2,,1230.0,1,2,0,0,0,0,0,3,4,1,2,3,,N,,,,,,,,,,,
2011008402,750.0,2,0,0,0,0,0,0,0,0,4,0,,67,12,2010,7,39.9703,-75.1466,735.0,6,0,0,0,0,0,1,0,0,,0,0,0,7.0,1,1,1,,0,39 58:13.480,,0,75 08:47.465,3,0,0,0,67301,0,0,0,N,0,0,0,2,67301,0,,1,1,,N,N,,0,,1,0,0,3,2,,730.0,1,2,0,0,0,0,0,3,4,0,2,3,,N,,,,,,,,,,,
2010059565,1802.0,1,0,0,0,0,0,0,0,0,8,0,,67,5,2010,7,40.025,-75.1315,1800.0,6,0,0,0,0,0,0,0,0,,0,0,0,17.0,1,1,0,,0,40 01:29.935,,0,75 07:53.479,4,0,0,0,67301,1,0,0,N,1,0,0,2,67301,1,,1,1,,N,N,,0,,0,0,0,0,0,,1758.0,1,2,0,0,0,0,0,3,4,0,1,3,,N,,,,,,,,,,,
2010076337,1455.0,0,0,0,0,0,0,0,0,0,1,0,,67,8,2010,2,39.9647,-75.1375,1455.0,6,0,0,0,0,0,0,0,0,,0,0,0,14.0,1,1,0,,0,39 57:53.283,,0,75 08:14.676,4,0,0,0,67301,0,0,0,N,0,0,0,5,68K01,1,,1,1,,N,N,,0,,0,0,1,0,0,,1452.0,1,2,0,0,0,0,0,3,4,1,2,3,,N,,,,,,,,,,,
2010048895,2216.0,2,0,0,0,0,0,0,0,0,1,0,,67,4,2010,4,39.894,-75.2201,2213.0,6,0,0,0,0,0,0,0,0,1.0,0,0,0,22.0,3,1,0,,1,39 53:38.494,4.0,3,75 13:12.389,4,0,0,0,67301,0,0,0,N,0,0,0,2,67301,1,,1,9,,N,N,,0,,0,0,0,0,0,N,2213.0,1,2,0,0,0,0,0,3,4,0,2,7,,N,,,,,,,,,,,
2010052096,1312.0,0,0,0,0,0,0,1,0,0,8,1,,67,5,2010,3,40.0043,-75.1738,1306.0,6,0,0,0,0,0,0,0,0,,0,0,0,13.0,1,1,2,,0,40 00:15.459,,0,75 10:25.775,8,0,0,0,67301,1,0,0,N,1,0,0,2,67301,0,,1,1,,N,N,,0,,0,0,0,3,2,,1303.0,1,2,0,0,0,1,0,3,4,0,1,3,,N,,,,,,,,,,,
2010052441,803.0,1,0,0,0,0,0,0,0,0,4,0,,67,4,2010,6,40.0022,-75.1577,802.0,6,0,0,0,0,0,0,0,0,,0,0,0,8.0,1,1,1,,0,40 00:07.944,,0,75 09:27.619,4,0,0,0,67301,0,0,0,N,0,0,0,2,67301,1,,1,1,,N,N,,0,,0,0,1,3,2,,800.0,1,2,0,0,0,0,0,3,4,0,2,3,,N,,,,,,,,,,,
2010117717,535.0,0,0,0,0,0,0,0,0,0,8,0,,67,10,2010,7,39.9795,-75.2254,535.0,6,0,0,0,0,0,0,1,0,3.0,0,0,0,5.0,1,1,0,,1,39 58:46.214,2.0,0,75 13:31.291,4,0,0,0,67301,1,0,0,N,1,0,0,2,67301,1,,1,1,,N,N,,0,,0,0,1,3,2,Y,530.0,1,2,0,0,0,0,0,3,4,0,1,3,,N,,,,,,,,,,,
2010117776,1251.0,1,0,0,0,0,0,0,0,0,4,0,,67,10,2010,1,40.0396,-75.0844,1250.0,6,0,0,0,0,0,0,0,0,,0,0,0,12.0,1,0,1,,0,40 02:22.401,,0,75 05:03.893,0,0,0,0,67301,0,0,0,N,0,0,0,2,67301,0,,1,1,,N,N,,0,,0,0,0,1,2,,1205.0,0,2,0,0,0,0,0,3,4,1,2,3,,N,,,,,,,,,,,
2010117797,9999.0,1,0,0,0,0,0,0,0,0,1,0,,67,11,2010,6,39.9355,-75.1554,9999.0,6,0,0,0,0,0,0,0,0,,0,0,0,18.0,3,3,1,,0,39 56:07.967,,0,75 09:19.396,8,0,0,0,67301,0,0,0,N,0,0,0,4,67301,0,,1,1,,N,N,,0,,0,0,0,9,2,,1800.0,3,2,0,0,0,3,0,3,4,0,2,3,,N,,,,,,,,,,,
2010117832,138.0,1,0,0,0,0,0,0,0,0,4,0,,67,10,2010,1,40.0946,-75.0152,134.0,6,0,0,0,0,0,0,0,0,1.0,0,0,0,1.0,3,2,1,,2,40 05:41.218,4.0,0,75 00:55.140,3,0,0,0,67301,0,0,0,N,0,0,0,3,67301,0,,1,1,,N,N,,0,,2,0,1,3,2,N,132.0,2,2,0,0,0,0,0,3,4,0,2,3,,N,,,,,,,,,,,
2010091147,1312.0,0,0,0,0,0,0,0,0,0,1,0,,67,8,2010,3,39.9997,-75.099,1312.0,6,0,0,0,0,0,1,0,0,,0,0,0,13.0,1,1,1,,0,39 59:58.827,,0,75 05:56.359,8,0,0,0,67301,0,0,0,,0,0,0,2,67301,0,,1,1,,,,,0,,0,0,2,3,2,,1305.0,1,2,0,0,0,1,0,3,4,0,2,3,,N,,,,,,,,,,,
2010104635,557.0,2,0,0,0,0,0,0,0,0,1,0,,67,10,2010,4,39.9753,-75.1947,557.0,6,0,0,0,0,0,1,0,0,,0,0,0,5.0,3,1,6,,0,39 58:34.136,,2,75 11:44.141,8,0,0,0,67301,0,0,0,N,0,0,0,4,68K01,0,,1,1,,N,N,,0,,0,0,0,3,4,,548.0,1,2,0,0,0,1,0,3,4,0,2,3,,N,,,,,,,,,,,
2010126703,1723.0,3,0,0,0,0,0,0,0,0,1,0,,67,12,2010,6,40.0448,-75.0026,1717.0,6,0,0,0,0,0,0,0,0,,0,0,0,17.0,3,2,0,,0,40 02:43.177,,2,75 00:08.420,4,0,0,0,67301,0,0,0,N,0,0,0,3,68K01,2,,1,1,,N,N,,0,,0,0,0,0,0,,1715.0,2,3,0,0,0,0,0,3,4,0,3,3,,N,,,,,,,,,,,
2010124588,1104.0,1,0,0,0,0,0,0,0,0,1,0,,67,12,2010,7,40.0245,-75.0308,1052.0,6,0,0,0,0,0,1,0,0,1.0,0,0,0,10.0,1,0,0,,2,40 01:27.916,1.0,0,75 01:50.981,0,0,0,0,67301,0,0,0,N,0,0,0,2,68K01,0,,1,1,,N,N,,1,,0,0,0,0,0,N,1048.0,0,2,0,0,1,0,0,3,4,0,2,3,,N,,,,,,,,,,,
2010121898,1640.0,1,0,0,0,0,0,0,0,0,1,0,,67,11,2010,4,40.0616,-74.9884,1630.0,6,0,0,0,0,0,2,0,0,,0,0,0,16.0,1,1,1,,0,40 03:41.853,,0,74 59:18.132,4,0,0,0,67301,0,0,0,N,0,0,0,3,67301,1,,1,1,,N,N,,0,,0,0,1,3,2,,1615.0,1,2,0,0,0,0,0,3,4,0,2,3,,N,,,,,,,,,,,
2010122426,830.0,1,0,0,0,0,0,0,0,0,7,0,,67,11,2010,1,39.9573,-75.2484,826.0,6,0,0,0,0,1,0,0,0,,0,0,0,4.0,3,0,0,,0,39 57:26.289,,0,75 14:54.190,0,0,0,0,67301,0,0,0,N,0,0,0,1,67301,0,,2,1,,N,N,,0,,0,0,0,0,0,,400.0,0,1,0,0,0,0,0,3,4,0,1,3,,N,,,,,,,,,,,
2010116331,221.0,1,0,0,0,0,0,0,0,0,7,0,,67,10,2010,7,39.9821,-75.1605,220.0,6,0,0,0,0,1,0,0,0,,0,0,0,2.0,3,1,2,,0,39 58:55.682,,0,75 09:37.742,8,0,0,0,67301,0,0,0,N,0,0,0,1,67301,0,,5,1,,N,N,,0,,0,0,0,3,2,,220.0,1,1,0,0,0,1,0,3,4,0,1,3,,N,,,,,,,,,,,
2010119005,1230.0,2,0,0,0,0,0,0,0,0,1,0,,67,11,2010,2,40.0119,-75.2049,1230.0,6,0,0,0,0,0,0,0,0,,0,0,0,12.0,1,1,7,,0,40 00:39.639,,2,75 12:22.116,8,0,0,0,67301,0,0,0,N,0,0,0,2,68K01,0,,1,1,,N,N,,0,,0,0,0,3,3,,1220.0,1,2,0,0,0,1,0,3,4,0,2,3,,N,,,,,,,,,,,
2010113966,416.0,1,0,0,0,0,0,0,0,0,7,0,,67,11,2010,7,39.997,-75.2352,413.0,6,0,0,0,0,0,0,0,0,2.0,0,0,0,4.0,3,1,0,,1,39 59:49.365,5.0,0,75 14:06.846,4,0,0,0,67301,0,0,0,N,0,0,0,1,46104,1,,5,1,,N,N,,0,,0,0,0,9,2,Y,412.0,1,1,0,0,0,0,0,3,4,0,1,3,,N,,,,,,,,,,,
2010111452,1801.0,1,0,0,0,0,0,0,0,0,5,0,,67,10,2010,4,40.0084,-75.1443,1800.0,6,0,0,0,0,0,0,0,0,,0,0,0,17.0,4,2,0,,0,40 00:30.159,,0,75 08:39.635,4,0,0,0,67301,0,0,0,,0,0,0,3,67301,2,,6,1,,,,,1,,0,0,0,0,0,,1755.0,2,2,0,0,0,0,0,3,4,0,2,3,,N,,,,,,,,,,,
2010111474,20.0,0,0,0,0,0,0,0,0,0,8,0,,67,10,2010,5,39.9153,-75.1598,10.0,6,0,0,0,0,0,0,0,0,,0,0,0,99.0,3,1,1,,0,39 54:55.356,,0,75 09:34.994,4,0,0,0,67301,1,0,0,,1,0,0,2,67301,1,,4,1,,N,N,,0,,0,0,0,3,2,,9999.0,1,2,0,0,0,0,1,3,4,0,1,3,,N,,,,,,,,,,,
2010111476,2130.0,1,0,0,0,0,0,0,0,0,4,0,,67,10,2010,1,40.0276,-75.1471,2119.0,6,0,0,0,0,0,1,0,0,,0,0,0,21.0,3,1,1,,0,40 01:39.188,,0,75 08:49.702,8,0,0,0,67301,0,0,0,N,0,0,0,2,67301,0,,1,9,,N,N,,1,,0,0,0,3,2,,2116.0,1,2,0,0,0,1,0,3,4,0,2,7,,N,,,,,,,,,,,