CRN,ARRIVAL_TM,AUTOMOBILE_COUNT,BELTED_DEATH_COUNT,BELTED_SUSP_SERIOUS_INJ_COUNT,BICYCLE_COUNT,BICYCLE_DEATH_COUNT,BICYCLE_SUSP_SERIOUS_INJ_COUNT,BUS_COUNT,CHLDPAS_DEATH_COUNT,CHLDPAS_SUSP_SERIOUS_INJ_COUNT,COLLISION_TYPE,COMM_VEH_COUNT,CONS_ZONE_SPD_LIM,COUNTY,CRASH_MONTH,CRASH_YEAR,DAY_OF_WEEK,DEC_LAT,DEC_LONG,DISPATCH_TM,DISTRICT,DRIVER_COUNT_16YR,DRIVER_COUNT_17YR,DRIVER_COUNT_18YR,DRIVER_COUNT_19YR,DRIVER_COUNT_20YR,DRIVER_COUNT_50_64YR,DRIVER_COUNT_65_74YR,DRIVER_COUNT_75PLUS,EST_HRS_CLOSED,FATAL_COUNT,HEAVY_TRUCK_COUNT,HORSE_BUGGY_COUNT,HOUR_OF_DAY,ILLUMINATION,INJURY_COUNT,INTERSECT_TYPE,INTERSECTION_RELATED,LANE_CLOSED,LATITUDE,LN_CLOSE_DIR,LOCATION_TYPE,LONGITUDE,MAX_SEVERITY_LEVEL,MCYCLE_DEATH_COUNT,MCYCLE_SUSP_SERIOUS_INJ_COUNT,MOTORCYCLE_COUNT,MUNICIPALITY,NONMOTR_COUNT,NONMOTR_DEATH_COUNT,NONMOTR_SUSP_SERIOUS_INJ_COUNT,NTFY_HIWY_MAINT,PED_COUNT,PED_DEATH_COUNT,PED_SUSP_SERIOUS_INJ_COUNT,PERSON_COUNT,POLICE_AGCY,POSSIBLE_INJ_COUNT,RDWY_SURF_TYPE_CD,RELATION_TO_ROAD,ROAD_CONDITION,ROADWAY_CLEARED,SCH_BUS_IND,SCH_ZONE_IND,SECONDARY_CRASH,SMALL_TRUCK_COUNT,SPEC_JURIS_CD,SUSP_MINOR_INJ_COUNT,SUSP_SERIOUS_INJ_COUNT,SUV_COUNT,TCD_FUNC_CD,TCD_TYPE,TFC_DETOUR_IND,TIME_OF_DAY,TOT_INJ_COUNT,TOTAL_UNITS,UNB_DEATH_COUNT,UNB_SUSP_SERIOUS_INJ_COUNT,UNBELTED_OCC_COUNT,UNK_INJ_DEG_COUNT,UNK_INJ_PER_COUNT,URBAN_AREA,URBAN_RURAL,VAN_COUNT,VEHICLE_COUNT,WEATHER1,WEATHER2,WORK_ZONE_IND,WORK_ZONE_LOC,WORK_ZONE_TYPE,WORKERS_PRES,WZ_CLOSE_DETOUR,WZ_FLAGGER,WZ_LAW_OFFCR_IND,WZ_LN_CLOSURE,WZ_MOVING,WZ_OTHER,WZ_SHLDER_MDN,WZ_WORKERS_INJ_KILLED
2010114065,1305.0,1,0,0,1,0,0,0,0,0,4,0,,67,10,2010,2,39.9671,-75.1566,1300.0,6,0,0,0,0,0,0,0,0,,0,0,0,11.0,1,1,1,,0,39 58:01.650,,0,75 09:23.594,4,0,0,0,67301,1,0,0,,0,0,0,2,67301,1,,1,1,,,,,0,,0,0,0,3,3,,1100.0,1,2,0,0,0,0,0,3,4,0,1,3,,N,,,,,,,,,,,
2010069851,1355.0,2,0,0,0,0,0,0,0,0,1,0,,67,6,2010,6,40.0208,-75.0633,1353.0,6,0,0,0,0,1,0,0,0,,0,0,0,13.0,1,1,0,,0,40 01:15.249,,0,75 03:47.929,8,0,0,0,67301,0,0,0,N,0,0,0,6,67301,0,,1,1,,N,N,,1,,0,0,0,0,0,,1353.0,1,3,0,0,0,1,2,3,4,0,3,3,,N,,,,,,,,,,,
2010064417,1226.0,2,0,0,0,0,0,0,0,0,1,0,,67,6,2010,3,39.9003,-75.1574,1223.0,6,0,0,0,0,0,0,1,0,2.0,0,0,0,12.0,1,1,0,,2,39 54:04.993,1.0,0,75 09:07.988,8,0,0,0,67301,0,0,0,N,0,0,0,3,68K01,0,,1,1,,N,N,,0,,0,0,0,0,0,N,1218.0,1,2,0,0,1,1,0,3,4,0,2,3,,N,,,,,,,,,,,
2010064420,812.0,0,0,0,0,0,0,0,0,0,1,1,,67,6,2010,3,40.0288,-75.0232,759.0,6,0,0,0,0,0,1,0,0,2.0,0,1,0,7.0,1,1,0,,1,40 01:43.829,2.0,0,75 01:23.196,4,0,0,0,67301,0,0,0,N,0,0,0,3,68K01,1,,1,1,,N,N,,0,,0,0,1,0,0,N,753.0,1,3,0,0,0,0,0,3,4,1,3,3,,N,,,,,,,,,,,
2010081781,2005.0,2,0,0,0,0,0,0,0,0,4,0,,67,7,2010,2,39.9882,-75.1345,1954.0,6,0,0,0,0,0,0,0,0,,0,0,0,19.0,1,2,1,,0,39 59:17.480,,0,75 08:04.120,4,0,0,0,67301,0,0,0,N,0,0,0,4,67301,2,,1,9,,N,N,,0,,0,0,0,3,3,,1954.0,2,2,0,0,0,0,2,3,4,0,2,98,,N,,,,,,,,,,,
2010069931,2150.0,1,0,0,0,0,0,0,0,0,8,0,,67,6,2010,4,40.0319,-75.1057,2146.0,6,0,0,0,0,0,1,0,0,2.0,0,0,0,21.0,3,1,0,,1,40 01:53.790,3.0,0,75 06:19.297,3,0,0,0,67301,1,0,0,N,1,0,0,2,67301,0,,1,1,,N,N,,0,,1,0,0,0,0,Y,2144.0,1,2,0,0,0,0,0,3,4,0,1,3,,N,,,,,,,,,,,
2010069935,1430.0,2,0,0,0,0,0,0,0,0,4,0,,67,6,2010,4,40.0378,-75.0813,1430.0,6,0,0,0,0,0,0,0,0,,0,0,0,14.0,1,1,1,,0,40 02:16.065,,0,75 04:52.525,8,0,0,0,67301,0,0,0,N,0,0,0,3,67301,0,,1,1,,N,N,,0,,0,0,0,3,2,,1410.0,1,2,0,0,0,1,0,3,4,0,2,3,,N,,,,,,,,,,,
2010069993,1635.0,2,0,0,0,0,0,0,0,0,1,0,,67,6,2010,4,40.0153,-75.1372,1626.0,6,0,0,0,0,0,1,0,0,1.0,0,0,0,16.0,1,0,1,,2,40 00:55.051,4.0,0,75 08:13.761,9,0,0,0,67301,0,0,0,N,0,0,0,2,67301,0,,1,1,,N,N,,0,,0,0,0,1,2,Y,1616.0,0,2,0,0,0,0,2,3,4,0,2,3,,N,,,,,,,,,,,
2010070006,1148.0,1,0,0,0,0,0,0,0,0,2,0,,67,6,2010,5,39.9704,-75.2451,1145.0,6,0,0,0,0,0,1,0,0,,0,0,0,21.0,3,1,1,,0,39 58:13.280,,0,75 14:42.412,4,0,0,1,67301,0,0,0,,0,0,0,2,67301,1,,1,1,,N,N,,0,,0,0,0,2,2,,2130.0,1,2,0,0,0,0,0,3,4,0,2,3,,N,,,,,,,,,,,
2010074568,914.0,3,0,0,0,0,0,0,0,0,1,0,,67,7,2010,5,40.0405,-75.0589,907.0,6,0,0,0,0,0,1,1,0,1.0,0,0,0,9.0,1,1,0,,1,40 02:25.817,2.0,0,75 03:32.713,8,0,0,0,67301,0,0,0,N,0,0,0,4,67301,0,,1,1,,N,N,,0,,0,0,0,3,2,N,900.0,1,3,0,0,0,1,0,3,4,0,3,3,,N,,,,,,,,,,,
2010019413,1541.0,1,0,0,0,0,0,0,0,0,1,0,,67,1,2010,3,40.0047,-75.1521,1537.0,6,0,0,0,0,0,1,0,0,,0,0,0,14.0,1,1,1,,0,40 00:16.847,,0,75 09:07.652,8,0,0,0,67301,0,0,0,,0,0,0,2,67301,0,,1,1,,,,,0,,0,0,1,0,0,,1401.0,1,2,0,0,0,1,1,3,4,0,2,3,,N,,,,,,,,,,,
2010028081,1650.0,0,0,0,0,0,0,0,0,0,8,0,,67,2,2010,2,39.9966,-75.1031,1630.0,6,0,0,0,0,0,0,0,0,,0,0,0,16.0,1,1,0,,0,39 59:47.616,,0,75 06:11.309,4,0,0,0,67301,1,0,0,N,1,0,0,2,67301,1,,6,1,,N,N,,0,,0,0,1,0,0,,1605.0,1,2,0,0,0,0,1,3,4,0,1,3,,N,,,,,,,,,,,
2010028245,1112.0,0,0,0,0,0,0,0,0,0,8,0,,67,2,2010,6,39.9972,-75.1673,1112.0,6,0,0,0,0,0,1,0,0,2.0,0,0,0,11.0,1,1,1,,2,39 59:49.970,5.0,0,75 10:02.157,4,0,0,0,67301,1,0,0,N,1,0,0,2,67301,1,,1,1,,N,N,,0,,0,0,0,3,2,Y,1112.0,1,2,0,0,0,0,0,3,4,1,1,3,,N,,,,,,,,,,,
2010028278,1845.0,1,0,0,0,0,0,0,0,0,8,0,,67,2,2010,3,39.9514,-75.1686,1837.0,6,0,0,0,0,0,0,0,0,,0,0,0,99.0,4,1,1,,0,39 57:05.195,,0,75 10:06.920,8,0,0,0,67301,1,0,0,N,1,0,0,2,67301,0,,4,9,,N,N,,0,,0,0,0,0,0,,9999.0,1,2,0,0,0,1,0,3,4,0,1,7,,N,,,,,,,,,,,
2010028281,1731.0,2,0,0,0,0,0,0,0,0,6,0,,67,1,2010,4,39.9379,-75.1667,1730.0,6,0,0,0,0,0,1,0,0,2.0,0,0,0,17.0,2,1,1,,1,39 56:16.216,2.0,0,75 10:00.536,8,0,0,0,67301,0,0,0,N,0,0,0,2,67301,0,,1,1,,N,N,,0,,0,0,0,3,2,Y,1730.0,1,2,0,0,0,1,0,3,4,0,2,3,,N,,,,,,,,,,,
2010028359,2012.0,1,0,0,0,0,0,0,0,0,4,0,,67,2,2010,7,40.0297,-75.105,2006.0,6,0,0,0,0,0,0,0,0,1.0,0,0,0,20.0,3,1,0,,1,40 01:46.767,2.0,6,75 06:18.056,4,0,0,0,67301,0,0,0,N,0,0,0,4,67301,1,,1,1,,N,N,,0,,0,0,1,3,2,N,2006.0,1,2,0,0,0,0,0,3,4,0,2,3,,N,,,,,,,,,,,
2010023621,1812.0,2,0,0,0,0,0,0,0,0,7,0,,67,2,2010,2,39.9782,-75.1112,1809.0,6,0,0,0,0,0,0,0,0,1.0,0,0,0,18.0,3,0,0,,1,39 58:43.752,2.0,0,75 06:35.989,0,0,0,0,67301,0,0,0,N,0,0,0,2,68K01,0,,2,9,,N,N,,0,,0,0,0,0,0,Y,1803.0,0,2,0,0,0,0,0,3,4,0,2,7,,N,,,,,,,,,,,
2011010619,1150.0,1,0,0,0,0,0,1,0,0,4,1,,67,12,2010,3,39.9538,-75.1751,1144.0,6,0,0,0,0,0,0,0,0,1.0,0,0,0,11.0,1,0,1,,1,39 57:13.822,6.0,0,75 10:30.339,0,0,0,0,67301,0,0,0,N,0,0,0,2,67301,0,,1,9,,Y,N,,0,,0,0,0,2,2,Y,1143.0,0,2,0,0,0,0,0,3,4,0,2,3,,N,,,,,,,,,,,
2011010647,1527.0,1,0,0,0,0,0,0,0,0,8,0,,67,12,2010,4,39.9484,-75.1441,1522.0,6,0,0,0,0,0,0,0,0,,0,0,0,99.0,1,1,1,,0,39 56:54.192,,0,75 08:38.862,8,0,0,0,67301,1,0,0,,1,0,0,2,67301,0,,1,9,,,,,0,,0,0,0,3,2,,9999.0,1,2,0,0,1,1,0,3,4,0,1,3,,N,,,,,,,,,,,
2011009986,1625.0,0,0,0,0,0,0,0,0,0,7,0,,67,12,2010,2,40.0455,-75.056,1621.0,6,0,0,0,0,0,1,0,0,2.0,0,0,0,16.0,1,0,0,,1,40 02:43.768,4.0,0,75 03:21.692,0,0,0,0,67301,0,0,0,N,0,0,0,1,67301,0,,4,7,,N,N,,0,,0,0,1,0,0,N,1620.0,0,1,0,0,0,0,0,3,4,0,1,3,,N,,,,,,,,,,,
2011022607,0.0,2,0,0,0,0,0,0,0,0,1,0,,67,4,2010,4,39.9952,-75.1396,0.0,6,0,0,0,0,0,0,0,0,,0,0,0,20.0,3,1,1,,0,39 59:42.795,,0,75 08:22.405,4,0,0,0,67301,0,0,0,N,0,0,0,3,00000,1,,1,1,,N,N,,0,,0,0,0,3,2,,2030.0,1,2,0,0,0,0,2,3,4,0,2,3,,N,,,,,,,,,,,
2011026325,715.0,2,0,0,0,0,0,0,0,0,4,0,,67,6,2010,6,39.9777,-75.1192,712.0,6,0,0,0,0,0,0,0,0,2.0,0,0,0,7.0,1,1,5,,2,39 58:42.990,4.0,0,75 07:07.597,4,0,0,0,67301,0,0,0,N,0,0,0,5,67301,1,,1,1,,N,N,,0,,0,0,2,3,2,Y,705.0,1,4,0,0,0,0,0,3,4,0,4,3,,N,,,,,,,,,,,
2011024415,0.0,1,0,1,0,0,0,0,0,0,1,0,,67,2,2010,5,39.9849,-75.095,0.0,6,0,0,0,0,0,0,0,0,,0,0,0,18.0,4,1,0,,0,39 59:05.564,,0,75 05:42.179,2,0,0,0,67301,0,0,0,N,0,0,0,2,00000,0,,1,1,,N,N,,0,,0,1,0,0,0,,1815.0,1,2,0,0,0,0,0,3,4,0,2,3,,N,,,,,,,,,,,
2010074547,615.0,1,0,0,0,0,0,0,0,0,8,0,,67,7,2010,6,39.9903,-75.1162,600.0,6,0,0,0,0,0,1,0,0,,0,0,0,5.0,1,1,0,,0,39 59:25.186,,0,75 06:58.391,4,0,0,0,67301,1,0,0,N,1,0,0,2,67301,1,,1,9,,N,N,,0,,0,0,0,0,0,,515.0,1,2,0,0,0,0,0,3,4,0,1,3,,N,,,,,,,,,,,
2010081769,1822.0,0,0,0,1,0,0,0,0,0,4,0,,67,7,2010,2,40.023,-75.1235,1820.0,6,0,0,0,0,0,0,0,0,,0,0,0,18.0,1,1,0,,0,40 01:22.969,,0,75 07:24.488,4,0,0,0,67301,1,0,0,N,0,0,0,2,67301,1,,1,1,,N,,,0,,0,0,0,0,0,,1820.0,1,2,0,0,0,0,0,3,4,1,1,3,,N,,,,,,,,,,,
2010081790,1559.0,1,0,0,1,0,0,0,0,0,4,0,,67,7,2010,7,40.0206,-75.1183,1555.0,6,0,0,0,0,0,1,0,0,,0,0,0,15.0,1,1,0,,0,40 01:14.294,,0,75 07:05.921,4,0,0,0,67301,1,0,0,,0,0,0,2,67301,1,,1,1,,,,,0,,0,0,0,0,0,,1550.0,1,2,0,0,0,0,0,3,4,0,1,3,,N,,,,,,,,,,,
2010069938,1115.0,2,0,0,0,0,0,0,0,0,4,0,,67,6,2010,7,40.0324,-75.1021,1102.0,6,0,0,0,0,0,1,0,0,,0,0,0,10.0,1,2,0,,0,40 01:56.660,,7,75 06:07.440,4,0,0,0,67301,0,0,0,N,0,0,0,4,67301,2,,1,1,,N,N,,0,,0,0,0,3,3,,1055.0,2,2,0,0,0,0,0,3,4,0,2,3,,N,,,,,,,,,,,
2010069966,1710.0,1,0,0,0,0,0,0,0,0,4,0,,67,6,2010,2,39.9944,-75.1919,1703.0,6,0,0,0,0,0,0,0,0,2.0,0,0,0,17.0,1,1,3,,1,39 59:39.843,3.0,3,75 11:30.781,3,0,0,0,67301,0,0,0,N,0,0,0,2,67301,0,,1,1,,,N,,0,,1,0,1,3,3,Y,1700.0,1,2,0,0,0,0,1,3,4,0,2,3,,N,,,,,,,,,,,
2010072575,1740.0,1,0,0,0,0,0,0,0,0,8,0,,67,5,2010,7,40.0444,-75.1575,1734.0,6,0,0,0,0,0,0,0,0,,0,0,0,15.0,1,1,0,,0,40 02:39.890,,0,75 09:26.902,8,0,0,0,67301,1,0,0,N,1,0,0,2,67301,0,,1,1,,N,N,,0,,0,0,0,0,0,,1530.0,1,2,0,0,0,1,1,3,4,0,1,3,5.0,N,,,,,,,,,,,
2010074570,840.0,2,0,0,0,0,0,0,0,0,1,1,,67,5,2010,4,40.0271,-75.11,9999.0,6,0,0,0,0,0,0,0,0,,0,1,0,8.0,1,2,0,,0,40 01:37.390,,0,75 06:35.838,4,0,0,0,67301,0,0,0,N,0,0,0,5,67301,1,,1,1,,N,N,,0,,0,0,0,0,0,,810.0,2,4,0,0,0,1,0,3,4,1,4,3,,N,,,,,,,,,,,
2010074660,1907.0,1,0,0,0,0,0,0,0,0,8,0,,67,6,2010,4,40.0455,-75.137,1905.0,6,0,0,0,0,0,0,0,0,,0,0,0,18.0,1,1,0,,0,40 02:43.958,,0,75 08:13.156,2,0,0,0,67301,1,0,1,N,1,0,1,2,67301,0,,1,1,,N,N,,0,,0,1,0,0,0,,1807.0,1,2,0,0,0,0,0,3,4,0,1,3,,N,,,,,,,,,,,
2010074661,125.0,2,0,0,0,0,0,0,0,0,1,0,,67,7,2010,1,40.043,-75.164,120.0,6,0,0,0,0,0,0,0,0,,0,0,0,0.0,3,1,0,,0,40 02:34.730,,0,75 09:50.220,4,0,0,0,67301,0,0,0,N,0,0,0,1,67301,1,,1,1,,N,N,,0,,0,0,0,0,0,,30.0,1,2,0,0,0,0,0,3,4,0,2,3,,N,,,,,,,,,,,
2010027970,9999.0,0,0,0,0,0,0,1,0,0,8,1,,67,2,2010,2,39.9773,-75.1469,1304.0,6,0,0,0,0,0,0,0,0,,0,0,0,13.0,1,1,1,,0,39 58:38.164,,0,75 08:48.739,4,0,0,0,67301,1,0,0,N,1,0,0,2,67301,1,,1,1,,N,N,,0,,0,0,0,3,3,,1304.0,1,2,0,0,0,0,0,3,4,0,1,3,,N,,,,,,,,,,,
2010027971,1001.0,1,0,0,0,0,0,0,0,0,4,0,,67,2,2010,6,39.9071,-75.164,1000.0,6,0,0,0,0,0,0,0,0,,0,0,0,9.0,1,1,1,,0,39 54:25.394,,0,75 09:50.428,4,0,0,0,67301,0,0,0,N,0,0,0,4,67301,1,,1,1,,N,N,,1,,0,0,0,3,1,,950.0,1,2,0,0,3,0,1,3,4,0,2,3,,N,,,,,,,,,,,
2010019431,1119.0,1,0,0,0,0,0,0,0,0,7,0,,67,1,2010,7,40.0861,-75.024,1117.0,6,0,0,0,0,0,0,0,0,,0,0,0,11.0,1,1,2,,0,40 05:10.090,,0,75 01:26.265,4,0,0,0,67301,0,0,0,N,0,0,0,1,67301,1,,4,1,,N,N,,0,,0,0,0,0,0,,1117.0,1,1,0,0,0,0,0,3,4,0,1,3,,N,,,,,,,,,,,
2010028075,1820.0,3,0,0,0,0,0,0,0,0,1,0,,67,2,2010,3,39.9819,-75.2513,1815.0,6,0,0,0,0,0,0,0,0,,0,0,0,18.0,1,2,0,,0,39 58:54.934,,0,75 15:04.632,8,0,0,0,67301,0,0,0,N,0,0,0,2,67301,0,,1,1,,N,N,,0,,0,0,0,0,0,,1800.0,2,3,0,0,0,2,0,3,4,0,3,3,,N,,,,,,,,,,,
2010028110,2040.0,1,0,0,0,0,0,0,0,0,7,0,,67,2,2010,1,40.0072,-75.1928,2025.0,6,0,0,0,0,0,0,0,0,1.0,0,0,0,20.0,3,1,0,,1,40 00:31.233,2.0,0,75 11:25.588,8,0,0,0,67301,0,0,0,,0,0,0,1,67301,0,,5,6,,,,,0,,0,0,0,0,0,Y,2023.0,1,1,0,0,0,1,0,3,4,0,1,10,,N,,,,,,,,,,,
2010028154,2346.0,2,0,0,0,0,0,0,0,0,5,0,,67,2,2010,4,40.0685,-75.0082,2346.0,6,0,0,0,0,0,1,0,0,1.0,0,0,0,23.0,3,2,2,,1,40 04:06.691,1.0,0,75 00:29.389,8,0,0,0,67301,0,0,0,N,0,0,0,4,67301,0,,1,9,,N,N,,0,,0,0,0,0,0,N,2345.0,2,2,0,0,0,2,0,3,4,0,2,3,,N,,,,,,,,,,,
2010028156,2130.0,2,0,0,0,0,0,0,0,0,4,0,,67,1,2010,4,40.114,-74.9876,2130.0,6,0,0,0,0,0,1,1,0,,0,0,0,21.0,3,1,1,,0,40 06:50.539,,0,74 59:15.391,8,0,0,0,67301,0,0,0,N,0,0,0,3,67301,0,,1,1,,N,N,,0,,0,0,0,3,2,,2130.0,1,2,0,0,0,1,0,3,4,0,2,3,,N,,,,,,,,,,,
2010028164,230.0,0,0,0,0,0,0,0,0,0,7,0,,67,2,2010,6,39.95,-75.1569,229.0,6,0,0,0,0,0,0,0,0,2.0,0,0,0,2.0,3,1,0,,2,39 56:59.947,3.0,0,75 09:24.875,8,0,0,0,67301,0,0,0,N,0,0,0,2,67301,0,,1,98,,N,N,,1,,0,0,0,3,2,Y,225.0,1,1,0,0,0,1,1,3,4,0,1,98,,N,,,,,,,,,,,
2010028168,1719.0,1,0,0,0,0,0,0,0,0,7,0,,67,2,2010,2,40.039,-75.0886,1656.0,6,0,0,0,0,0,0,0,0,,0,0,0,16.0,1,1,2,,0,40 02:20.517,,0,75 05:18.885,4,0,0,0,67301,0,0,0,N,0,0,0,1,67301,1,,4,1,,N,N,,0,,0,0,0,0,0,,1634.0,1,1,0,0,0,0,0,3,4,0,1,3,,N,,,,,,,,,,,
2010028265,1334.0,2,0,0,0,0,0,1,0,0,4,1,,67,2,2010,5,39.956,-75.1574,1333.0,6,0,0,0,0,0,2,0,0,1.0,0,0,0,13.0,1,3,0,,2,39 57:21.698,1.0,0,75 09:26.584,8,0,0,0,67301,0,0,0,N,0,0,0,5,67301,0,,1,9,,N,N,,0,,0,0,0,0,0,Y,1325.0,3,3,0,0,0,3,0,3,4,0,3,10,,N,,,,,,,,,,,
2010031316,2356.0,1,0,0,0,0,0,0,0,0,7,0,,67,3,2010,2,39.9677,-75.1898,2356.0,6,0,0,0,0,0,0,0,0,1.0,0,0,0,23.0,3,0,0,,1,39 58:03.857,3.0,0,75 11:23.596,0,0,0,0,67301,0,0,0,N,0,0,0,2,68K01,0,,2,9,,N,N,,0,,0,0,0,0,0,N,2347.0,0,1,0,0,0,0,0,3,4,0,1,7,,N,,,,,,,,,,,
2010025534,856.0,0,0,0,0,0,0,0,0,0,7,0,45.0,67,2,2010,7,39.8858,-75.2078,833.0,6,0,0,0,0,0,0,0,0,,0,0,0,8.0,1,1,0,,0,39 53:38.184,,3,75 11:43.447,4,0,0,0,67301,0,0,0,N,0,0,0,1,68K01,1,,2,6,,N,N,,0,,0,0,1,0,0,,828.0,1,1,0,0,1,0,0,3,4,0,1,10,,Y,8.0,1.0,N,N,N,N,N,N,N,Y,
2010025542,322.0,1,0,0,0,0,0,0,0,0,5,0,,67,2,2010,4,39.9889,-75.0882,319.0,6,0,0,0,0,0,1,0,0,1.0,0,0,0,3.0,3,1,0,,1,39 59:19.741,2.0,0,75 05:17.819,4,0,0,0,67301,0,0,0,N,0,0,0,2,68K01,1,,1,1,,N,N,,1,,0,0,0,0,0,N,317.0,1,2,0,0,0,0,0,3,4,0,2,3,,N,,,,,,,,,,,
2010028564,720.0,3,0,0,0,0,0,0,0,0,1,0,,67,2,2010,2,39.909,-75.2419,716.0,6,0,0,0,0,0,0,0,0,,0,0,0,7.0,1,1,2,,0,39 54:32.511,,0,75 14:30.820,8,0,0,0,67301,0,0,0,,0,0,0,6,67301,0,,1,1,,,,,0,,0,0,0,3,2,,710.0,1,3,0,0,0,1,5,3,4,0,3,3,,N,,,,,,,,,,,
2010018051,202.0,0,0,0,0,0,0,0,0,0,7,0,,67,1,2010,7,40.0556,-75.1813,159.0,6,0,0,0,0,0,0,0,0,,0,0,0,1.0,3,1,1,,0,40 03:20.170,,0,75 10:52.667,4,0,0,0,67301,0,0,0,N,0,0,0,1,67301,1,,5,1,,N,N,,0,,0,0,1,3,3,,155.0,1,1,0,0,1,0,0,3,4,0,1,3,,N,,,,,,,,,,,
2010108203,1325.0,0,0,0,0,0,0,0,0,0,1,0,,67,11,2010,2,39.9408,-75.1435,1317.0,6,0,0,0,0,0,0,0,0,2.0,0,0,0,12.0,1,2,7,,2,39 56:42.770,2.0,2,75 08:33.662,4,0,0,0,67301,0,0,0,N,0,0,0,3,68K01,1,,1,1,,N,N,,1,,0,0,2,0,0,N,1252.0,2,3,0,0,0,1,0,3,4,0,3,3,,N,,,,,,,,,,,
2010106490,841.0,2,0,0,0,0,0,0,0,0,1,0,,67,10,2010,2,39.9579,-75.1618,836.0,6,0,0,0,0,0,1,0,0,1.0,0,0,0,8.0,1,1,0,,1,39 57:28.358,4.0,0,75 09:42.816,8,0,0,0,67301,0,0,0,N,0,0,0,3,68K01,0,,1,1,,N,N,,0,,0,0,1,0,0,N,830.0,1,3,0,0,0,1,0,3,4,0,3,3,,N,,,,,,,,,,,
2010099372,338.0,1,0,0,0,0,0,0,0,0,7,0,,67,9,2010,6,39.9676,-75.1893,329.0,6,0,0,0,0,0,0,0,0,1.0,0,0,0,3.0,3,0,0,,1,39 58:07.695,4.0,0,75 11:29.253,9,0,0,0,67301,0,0,0,N,0,0,0,1,68K01,0,,2,9,,N,N,,0,,0,0,0,0,0,N,326.0,0,1,0,0,0,0,1,3,4,0,1,7,,N,,,,,,,,,,,
2010101612,1145.0,2,0,0,0,0,0,0,0,0,1,0,,67,10,2010,1,,,1145.0,6,0,0,0,0,0,1,0,0,,0,0,0,11.0,1,1,0,,0,,,3,,4,0,0,0,67301,0,0,0,N,0,0,0,3,67501,1,,1,1,,N,N,,0,,0,0,0,3,2,,1145.0,1,2,0,0,0,0,0,3,3,0,2,3,,N,,,,,,,,,,,
2011010588,1635.0,1,0,0,0,0,0,0,0,0,8,0,,67,12,2010,4,39.9865,-75.1171,1631.0,6,0,0,0,0,1,0,0,0,,0,0,0,16.0,4,1,2,,0,39 59:11.549,,0,75 07:01.619,4,0,0,0,67301,1,0,0,N,1,0,0,2,67301,1,,1,6,,N,N,,0,,0,0,0,3,3,,1619.0,1,2,0,0,0,0,0,3,4,0,1,3,,N,,,,,,,,,,,
2011010017,2125.0,3,0,0,0,0,0,0,0,0,5,0,,67,12,2010,1,40.0185,-75.1369,124.0,6,0,0,0,0,0,0,0,0,,0,0,0,21.0,3,1,0,,0,40 01:06.718,,0,75 08:12.764,8,0,0,0,67301,0,0,0,N,0,0,0,1,67301,0,,2,1,,N,N,,0,,0,0,2,0,0,,2122.0,1,5,0,0,0,1,0,3,4,0,5,3,,N,,,,,,,,,,,
2011000557,1301.0,1,0,0,0,0,0,0,0,0,7,0,,67,12,2010,3,39.9894,-75.0877,1301.0,6,0,0,0,0,0,0,0,0,1.0,0,0,0,12.0,1,0,0,,2,39 59:21.651,2.0,0,75 05:15.989,0,0,0,0,67301,0,0,0,N,0,0,0,1,68K01,0,,2,1,,N,N,,0,,0,0,0,0,0,N,1258.0,0,1,0,0,0,0,0,3,4,0,1,3,,N,,,,,,,,,,,
2011022569,0.0,1,0,0,0,0,0,0,0,0,4,0,,67,1,2010,4,39.9142,-75.1715,0.0,6,0,0,0,0,0,0,1,0,,0,0,0,6.0,1,4,1,,0,39 54:51.215,,0,75 10:17.356,8,0,0,0,67301,0,0,0,N,0,0,0,7,00000,0,,1,1,,N,N,,0,,0,0,0,3,2,,600.0,4,2,0,0,0,4,3,3,4,0,2,3,,N,,,,,,,,,,,
2011022577,0.0,1,0,0,0,0,0,0,0,0,4,0,,67,4,2010,1,39.9157,-75.1733,0.0,6,0,0,0,0,0,0,0,0,,0,0,0,2.0,3,1,0,,0,39 54:56.640,,7,75 10:23.980,8,0,0,0,67301,0,0,0,N,0,0,0,2,00000,0,,1,1,,N,N,,0,,0,0,0,0,0,,200.0,1,2,0,0,0,1,1,3,4,0,2,3,,N,,,,,,,,,,,
2011040750,1126.0,1,0,0,0,0,0,0,0,0,7,0,,67,12,2010,1,39.9866,-75.171,1123.0,6,0,0,0,0,0,1,0,0,,0,0,0,11.0,1,2,2,,0,39 59:11.763,,0,75 10:15.491,8,0,0,0,67301,1,0,0,,1,0,0,2,67301,0,,4,1,,N,N,,0,,0,0,0,3,2,,1123.0,2,2,0,0,1,2,0,3,4,0,1,3,,N,,,,,,,,,,,
2011026190,2355.0,1,0,0,0,0,0,0,0,0,8,0,,67,5,2010,1,39.9898,-75.1038,2340.0,6,0,0,0,0,0,0,0,0,,0,0,0,23.0,3,3,0,,0,39 59:23.226,,0,75 06:13.745,8,0,0,0,67301,2,0,0,N,2,0,0,4,67301,0,,5,1,,N,N,,0,,0,0,0,0,0,,2330.0,3,3,0,0,0,3,0,3,4,0,1,3,,N,,,,,,,,,,,