CRN,ARRIVAL_TM,AUTOMOBILE_COUNT,BELTED_DEATH_COUNT,BELTED_SUSP_SERIOUS_INJ_COUNT,BICYCLE_COUNT,BICYCLE_DEATH_COUNT,BICYCLE_SUSP_SERIOUS_INJ_COUNT,BUS_COUNT,CHLDPAS_DEATH_COUNT,CHLDPAS_SUSP_SERIOUS_INJ_COUNT,COLLISION_TYPE,COMM_VEH_COUNT,CONS_ZONE_SPD_LIM,COUNTY,CRASH_MONTH,CRASH_YEAR,DAY_OF_WEEK,DEC_LAT,DEC_LONG,DISPATCH_TM,DISTRICT,DRIVER_COUNT_16YR,DRIVER_COUNT_17YR,DRIVER_COUNT_18YR,DRIVER_COUNT_19YR,DRIVER_COUNT_20YR,DRIVER_COUNT_50_64YR,DRIVER_COUNT_65_74YR,DRIVER_COUNT_75PLUS,EST_HRS_CLOSED,FATAL_COUNT,HEAVY_TRUCK_COUNT,HORSE_BUGGY_COUNT,HOUR_OF_DAY,ILLUMINATION,INJURY_COUNT,INTERSECT_TYPE,INTERSECTION_RELATED,LANE_CLOSED,LATITUDE,LN_CLOSE_DIR,LOCATION_TYPE,LONGITUDE,MAX_SEVERITY_LEVEL,MCYCLE_DEATH_COUNT,MCYCLE_SUSP_SERIOUS_INJ_COUNT,MOTORCYCLE_COUNT,MUNICIPALITY,NONMOTR_COUNT,NONMOTR_DEATH_COUNT,NONMOTR_SUSP_SERIOUS_INJ_COUNT,NTFY_HIWY_MAINT,PED_COUNT,PED_DEATH_COUNT,PED_SUSP_SERIOUS_INJ_COUNT,PERSON_COUNT,POLICE_AGCY,POSSIBLE_INJ_COUNT,RDWY_SURF_TYPE_CD,RELATION_TO_ROAD,ROAD_CONDITION,ROADWAY_CLEARED,SCH_BUS_IND,SCH_ZONE_IND,SECONDARY_CRASH,SMALL_TRUCK_COUNT,SPEC_JURIS_CD,SUSP_MINOR_INJ_COUNT,SUSP_SERIOUS_INJ_COUNT,SUV_COUNT,TCD_FUNC_CD,TCD_TYPE,TFC_DETOUR_IND,TIME_OF_DAY,TOT_INJ_COUNT,TOTAL_UNITS,UNB_DEATH_COUNT,UNB_SUSP_SERIOUS_INJ_COUNT,UNBELTED_OCC_COUNT,UNK_INJ_DEG_COUNT,UNK_INJ_PER_COUNT,URBAN_AREA,URBAN_RURAL,VAN_COUNT,VEHICLE_COUNT,WEATHER1,WEATHER2,WORK_ZONE_IND,WORK_ZONE_LOC,WORK_ZONE_TYPE,WORKERS_PRES,WZ_CLOSE_DETOUR,WZ_FLAGGER,WZ_LAW_OFFCR_IND,WZ_LN_CLOSURE,WZ_MOVING,WZ_OTHER,WZ_SHLDER_MDN,WZ_WORKERS_INJ_KILLED
2011026211,1905.0,4,0,0,0,0,0,0,0,0,4,0,,67,5,2010,5,40.0105,-75.1886,1903.0,6,0,0,0,0,0,1,0,0,,0,0,0,19.0,1,1,9,,0,40 00:37.630,,0,75 11:19.132,4,0,0,0,67301,0,0,0,N,0,0,0,2,67301,1,,1,1,,N,N,,0,,0,0,0,0,0,,1900.0,1,5,0,0,0,0,0,3,4,0,4,3,,N,,,,,,,,,,,
2011026235,354.0,2,0,0,0,0,0,0,0,0,1,0,,67,6,2010,1,39.9526,-75.219,351.0,6,0,0,0,0,0,1,0,0,,0,0,0,3.0,3,0,0,,0,39 57:09.470,,0,75 13:08.570,0,0,0,0,67301,0,0,0,N,0,0,0,1,67301,0,,1,1,,N,N,,1,,0,0,0,0,0,,349.0,0,3,0,0,0,0,0,3,4,0,3,3,,N,,,,,,,,,,,
2011024448,0.0,2,0,0,0,0,0,0,0,0,1,0,,67,9,2010,3,40.0301,-75.0352,0.0,6,0,0,0,0,0,0,0,0,,0,0,0,4.0,6,1,1,,0,40 01:48.464,,0,75 02:06.579,8,0,0,0,67301,0,0,0,,0,0,0,2,00000,0,,1,1,,,,,0,,0,0,0,3,2,,410.0,1,2,0,0,0,1,1,3,4,0,2,3,,N,,,,,,,,,,,
2011024230,0.0,2,0,0,0,0,0,0,0,0,1,0,,67,5,2010,6,40.0266,-75.0268,0.0,6,0,0,0,0,0,0,0,0,,0,0,0,18.0,4,1,0,,0,40 01:35.663,,0,75 01:36.243,8,0,0,0,67301,0,0,0,,0,0,0,3,00000,0,,1,1,,,,,0,,0,0,0,0,0,,1830.0,1,3,0,0,0,1,1,3,4,0,3,3,,N,,,,,,,,,,,
2011001247,1123.0,1,0,0,0,0,0,0,0,0,1,0,,67,12,2010,7,39.9966,-75.1966,1121.0,6,0,0,0,0,0,0,0,0,1.0,0,0,0,11.0,1,1,0,,1,39 59:51.899,4.0,0,75 11:45.450,4,0,0,0,67301,0,0,0,N,0,0,0,2,68K01,1,,1,1,,N,N,,0,,0,0,0,0,0,N,1119.0,1,2,0,0,0,0,0,3,4,1,2,3,,N,,,,,,,,,,,
2011000831,51.0,2,0,0,0,0,0,0,0,0,5,0,,67,11,2010,2,39.9907,-75.13,45.0,6,0,0,0,0,0,0,0,0,,0,0,0,22.0,3,3,0,,0,39 59:26.568,,0,75 07:47.824,8,0,0,0,67301,0,0,0,N,0,0,0,3,67301,0,,1,1,,N,N,,0,,0,0,0,0,0,,2240.0,3,2,0,0,0,3,0,3,4,0,2,3,,N,,,,,,,,,,,
2011002149,1408.0,4,0,0,0,0,0,0,0,0,5,0,,67,12,2010,6,40.0231,-75.0357,1359.0,6,0,0,0,0,1,1,0,0,2.0,0,0,0,13.0,1,4,0,,2,40 01:23.016,2.0,0,75 02:08.474,8,0,0,0,67301,0,0,0,Y,0,0,0,6,68K01,0,,1,1,,N,N,,0,,0,0,0,0,0,N,1350.0,4,4,0,0,0,4,0,3,4,0,4,3,,N,,,,,,,,,,,
2011002151,2038.0,1,0,0,0,0,0,0,0,0,7,0,,67,12,2010,5,39.9531,-75.141,2026.0,6,0,0,0,1,0,0,0,0,,0,0,0,20.0,3,0,0,,0,39 57:11.436,,0,75 08:27.522,0,0,0,0,67301,0,0,0,N,0,0,0,3,68K01,0,,2,1,,N,N,,0,,0,0,0,0,0,,2018.0,0,1,0,0,0,0,0,3,4,0,1,3,,N,,,,,,,,,,,
2011000854,2355.0,1,0,0,0,0,0,0,0,0,8,0,,67,11,2010,2,39.9853,-75.1788,2346.0,6,0,0,0,0,0,0,0,0,,0,0,0,23.0,3,1,1,,0,39 59:06.953,,0,75 10:43.660,3,0,0,0,67301,1,0,0,,1,0,0,2,67301,0,,1,1,,,,,0,,1,0,0,3,2,,2320.0,1,2,0,0,0,0,0,3,4,0,1,3,,N,,,,,,,,,,,
2010081780,1850.0,0,0,0,1,0,0,0,0,0,1,0,,67,7,2010,7,39.9988,-75.2306,1840.0,6,0,0,0,0,0,0,0,0,,0,0,0,17.0,1,1,0,,0,39 59:55.681,,0,75 13:50.254,4,0,0,0,67301,1,0,0,,0,0,0,2,67301,1,,5,1,,,,,0,,0,0,0,0,0,,1720.0,1,2,0,0,0,0,1,3,4,0,1,3,,N,,,,,,,,,,,
2010069913,600.0,1,0,0,1,0,0,0,0,0,4,0,,67,6,2010,6,39.9606,-75.1406,559.0,6,0,0,0,0,0,1,0,0,1.0,0,0,0,5.0,1,1,1,,1,39 57:38.067,4.0,0,75 08:25.515,8,0,0,0,67301,1,0,0,N,0,0,0,2,67301,0,,1,1,,N,N,,0,,0,0,0,3,2,N,559.0,1,2,0,0,0,1,0,3,4,0,1,3,,N,,,,,,,,,,,
2010069915,2135.0,0,0,0,0,0,0,0,0,0,7,0,,67,6,2010,3,40.0624,-75.1886,2130.0,6,0,0,0,0,0,0,0,0,,0,0,0,21.0,1,0,1,,0,40 03:44.768,,0,75 11:19.070,0,0,0,0,67301,0,0,0,N,0,0,0,1,67301,0,,4,1,,N,N,,1,,0,0,0,3,3,,2106.0,0,1,0,0,0,0,0,3,4,0,1,3,,N,,,,,,,,,,,
2010070058,1730.0,1,0,0,0,0,0,0,0,0,4,0,,67,6,2010,2,40.0347,-75.0263,1524.0,6,0,0,0,0,0,1,0,0,,0,0,0,15.0,1,2,1,,0,40 02:04.960,,0,75 01:34.629,4,0,0,1,67301,0,0,0,N,0,0,0,3,67301,2,,1,1,,N,N,,0,,0,0,0,3,3,,1520.0,2,2,0,0,0,0,0,3,4,0,2,3,,N,,,,,,,,,,,
2010066415,217.0,1,0,0,0,0,0,0,0,0,7,0,,67,6,2010,6,39.9967,-75.0804,215.0,6,0,0,0,0,0,0,0,0,2.0,0,0,0,2.0,3,0,7,,1,39 59:36.783,4.0,3,75 04:43.900,0,0,0,0,67301,0,0,0,N,0,0,0,1,67501,0,,7,1,,N,N,,0,,0,0,0,0,0,N,215.0,0,1,0,0,1,0,0,3,4,0,1,3,,N,,,,,,,,,,,
2010069073,2332.0,1,0,0,0,0,0,0,0,0,7,0,,67,6,2010,4,39.96,-75.1789,2328.0,6,0,0,0,1,0,0,0,0,,0,0,0,23.0,3,0,0,,0,39 57:36.843,,0,75 10:50.474,0,0,0,0,67301,0,0,0,N,0,0,0,1,68K01,0,,2,9,,N,N,,0,,0,0,0,0,0,,2326.0,0,1,0,0,0,0,0,3,4,0,1,7,,N,,,,,,,,,,,
2010028220,1640.0,1,0,0,0,0,0,0,0,0,6,0,,67,1,2010,7,40.0374,-75.1909,1635.0,6,0,0,0,0,0,0,0,0,1.0,0,0,0,16.0,4,1,10,,1,40 02:14.460,2.0,0,75 11:27.412,4,0,0,0,67301,0,0,0,N,0,0,0,3,67301,1,,1,6,,N,N,,0,,0,0,1,0,0,Y,1630.0,1,2,0,0,0,0,0,3,4,0,2,10,,N,,,,,,,,,,,
2010027945,2355.0,0,0,0,0,0,0,0,0,0,7,0,,67,2,2010,1,40.1114,-75.0009,2350.0,6,0,0,0,0,0,0,0,0,,0,0,0,23.0,3,0,2,,0,40 06:41.007,,0,75 00:02.648,0,0,0,0,67301,0,0,0,,0,0,0,1,67301,0,,3,1,,,,,1,,0,0,0,0,0,,2330.0,0,1,0,0,0,0,0,3,4,0,1,3,,N,,,,,,,,,,,
2010028077,1701.0,1,0,0,0,0,0,0,0,0,8,0,,67,2,2010,3,39.9794,-75.2253,1542.0,6,0,0,0,0,0,0,0,0,,0,0,0,15.0,1,1,1,,0,39 58:45.965,,0,75 13:31.446,3,0,0,0,67301,1,0,0,N,1,0,0,2,67301,0,,1,9,,N,N,,0,,1,0,0,3,2,,1541.0,1,2,0,0,0,0,0,3,4,0,1,7,,N,,,,,,,,,,,
2010028114,1525.0,1,0,0,0,0,0,0,0,0,4,0,,67,1,2010,1,40.0493,-75.0679,1522.0,6,0,0,1,0,0,0,0,0,,0,0,0,15.0,1,1,1,,0,40 02:57.481,,0,75 04:04.310,8,0,0,0,67301,0,0,0,N,0,0,0,3,67301,0,,1,9,,N,N,,1,,0,0,0,3,2,,1520.0,1,2,0,0,0,1,1,3,4,0,2,7,,N,,,,,,,,,,,
2010028167,1000.0,2,0,0,0,0,0,0,0,0,1,0,,67,2,2010,6,39.9184,-75.2388,937.0,6,0,0,0,0,0,0,0,0,,0,0,0,8.0,1,1,0,,0,39 55:06.110,,0,75 14:19.716,4,0,0,0,67301,0,0,0,N,0,0,0,2,67301,1,,1,7,,N,N,,0,,0,0,0,3,3,,830.0,1,2,0,0,0,0,1,3,4,0,2,10,,N,,,,,,,,,,,
2010028233,2015.0,2,0,0,0,0,0,0,0,0,4,0,99.0,67,2,2010,3,39.9426,-75.1723,2011.0,6,0,0,0,0,0,0,0,0,2.0,0,0,0,20.0,3,0,1,,2,39 56:33.370,1.0,0,75 10:20.297,0,0,0,0,67301,0,0,0,,0,0,0,2,67301,0,,1,9,,,,,0,,0,0,0,3,3,Y,2000.0,0,2,0,0,1,0,0,3,4,0,2,7,5.0,Y,8.0,8.0,U,U,U,U,U,U,U,U,
2010028267,2130.0,2,0,0,0,0,0,0,0,0,1,0,,67,2,2010,3,39.904,-75.2401,2101.0,6,0,0,0,0,0,0,0,0,9.0,0,0,0,19.0,3,2,1,,1,39 54:14.619,2.0,0,75 14:25.049,8,0,0,0,67301,0,0,0,,0,0,0,2,67301,0,,1,9,,N,N,,0,,0,0,0,2,2,N,1944.0,2,2,0,0,0,2,0,3,4,0,2,7,,N,,,,,,,,,,,
2010028542,1700.0,0,0,0,0,0,0,0,0,0,8,0,,67,2,2010,6,40.02,-75.0505,1654.0,6,0,0,0,0,0,0,0,0,,0,0,0,8.0,1,1,2,,0,40 01:12.084,,0,75 03:01.664,4,0,0,0,67301,1,0,0,N,1,0,0,2,67301,1,,1,1,,N,N,,0,,0,0,0,3,3,,830.0,1,2,0,0,0,0,0,3,4,1,1,3,,N,,,,,,,,,,,
2010028705,1627.0,0,0,0,0,0,0,0,0,0,1,0,,67,3,2010,4,39.9575,-75.16,1616.0,6,0,0,0,0,0,0,0,0,,0,0,0,16.0,1,2,0,,0,39 57:27.139,,0,75 09:36.089,4,0,0,0,67301,0,0,0,N,0,0,0,3,68K01,2,,1,1,,N,N,,0,,0,0,2,0,0,,1605.0,2,2,0,0,0,0,0,3,4,0,2,3,,N,,,,,,,,,,,
2010028382,1717.0,3,0,0,0,0,0,0,0,0,4,0,,67,2,2010,2,40.0471,-75.1274,1715.0,6,0,0,0,0,0,1,0,0,,0,0,0,17.0,1,2,0,,0,40 02:49.462,,0,75 07:38.780,8,0,0,0,67301,0,0,0,N,0,0,0,3,67301,0,,1,6,,N,N,,0,,0,0,0,0,0,,1705.0,2,3,0,0,0,2,0,3,4,0,3,10,,N,,,,,,,,,,,
2010028574,2105.0,1,0,0,0,0,0,0,0,0,1,0,,67,2,2010,3,39.9223,-75.1871,2102.0,6,0,0,0,0,1,0,0,0,1.0,0,0,0,99.0,3,0,1,,1,39 55:20.291,3.0,0,75 11:12.722,0,0,0,0,67301,0,0,0,,0,0,0,2,67301,0,,1,7,,N,N,,1,,0,0,0,3,2,Y,9999.0,0,2,0,0,0,0,0,3,4,0,2,10,,N,,,,,,,,,,,
2010018043,1710.0,2,0,0,0,0,0,0,0,0,4,0,,67,1,2010,5,40.0299,-75.1533,1705.0,6,0,0,0,0,0,0,0,0,,0,0,0,16.0,1,1,1,,0,40 01:47.791,,0,75 09:11.771,4,0,0,0,67301,0,0,0,N,0,0,0,3,67301,1,,1,1,,N,N,,0,,0,0,0,3,2,,1600.0,1,2,0,0,0,0,1,3,4,0,2,3,,N,,,,,,,,,,,
2010018049,830.0,5,0,0,0,0,0,0,0,0,5,0,,67,1,2010,1,39.93,-75.1663,825.0,6,0,0,0,0,0,0,0,0,,0,0,0,8.0,3,0,0,,0,39 55:47.938,,0,75 09:58.708,9,0,0,0,67301,0,0,0,N,0,0,0,1,67301,0,,1,1,,N,N,,0,,0,0,0,0,0,,815.0,0,5,0,0,0,0,1,3,4,0,5,3,,N,,,,,,,,,,,
2010020831,1417.0,2,0,0,0,0,0,0,0,0,1,0,,67,1,2010,4,39.9612,-75.1826,1411.0,6,0,0,0,0,0,0,0,0,1.0,0,0,0,13.0,1,1,3,,1,39 57:27.720,3.0,2,75 10:49.080,4,0,0,0,67301,0,0,0,N,0,0,0,2,68K01,1,,1,1,,N,N,,0,,0,0,0,0,0,N,1355.0,1,2,0,0,0,0,0,3,4,0,2,3,,N,,,,,,,,,,,
2010106348,1328.0,2,0,0,0,0,0,0,0,0,1,0,,67,10,2010,4,39.9314,-75.1994,1318.0,6,0,0,0,0,1,0,0,0,,0,0,0,13.0,1,1,0,,0,39 55:55.099,,0,75 11:59.435,8,0,0,0,67301,0,0,0,N,0,0,0,5,68K01,0,,1,1,,N,N,,0,,0,0,0,0,0,,1312.0,1,2,0,0,0,1,0,3,4,0,2,3,,N,,,,,,,,,,,
2010106021,1659.0,2,0,0,0,0,0,0,0,0,1,0,,67,10,2010,6,39.9679,-75.1902,1655.0,6,0,0,0,1,0,0,0,0,,0,0,0,16.0,1,1,0,,0,39 58:04.566,,0,75 11:25.112,4,0,0,0,67301,0,0,0,N,0,0,0,8,68K01,1,,1,1,,N,N,,1,,0,0,1,0,0,,1653.0,1,4,0,0,0,0,0,3,4,0,4,3,,N,,,,,,,,,,,
2010103611,229.0,1,0,0,0,0,0,0,0,0,7,0,,67,10,2010,2,39.9501,-75.1837,224.0,6,0,0,0,0,0,0,0,0,2.0,0,0,0,2.0,3,1,0,,1,39 57:03.531,3.0,0,75 10:58.894,8,0,0,0,67301,0,0,0,N,0,0,0,2,68K01,0,,4,1,,N,N,,0,,0,0,0,0,0,N,222.0,1,1,0,0,0,1,0,3,4,0,1,3,,N,,,,,,,,,,,
2011010609,1618.0,0,0,0,0,0,0,0,0,0,4,0,,67,10,2010,1,40.027,-75.0654,1615.0,6,0,0,0,0,0,1,0,0,9.0,0,0,0,15.0,1,3,1,,1,40 01:37.193,1.0,0,75 03:55.299,4,0,0,0,67301,0,0,0,,0,0,0,5,67301,2,,1,1,,,,,0,,0,0,2,2,2,N,1553.0,3,2,0,0,0,1,1,3,4,0,2,3,,N,,,,,,,,,,,
2011008225,2109.0,3,0,0,0,0,0,0,0,0,1,0,,67,11,2010,2,40.0993,-74.9867,2107.0,6,0,0,0,0,1,0,1,0,3.0,0,0,0,21.0,2,8,0,,2,40 05:57.398,3.0,0,74 59:12.027,2,0,0,0,67301,0,0,0,,0,0,0,9,67301,6,,1,1,,,,,0,,1,1,0,0,0,N,2106.0,8,3,0,1,6,0,0,3,4,0,3,3,,N,,,,,,,,,,,
2011000558,731.0,0,0,0,0,0,0,0,0,0,7,0,,67,12,2010,4,39.9466,-75.1424,728.0,6,0,0,0,0,0,0,0,0,,0,0,0,7.0,1,1,0,,0,39 56:47.673,,0,75 08:32.593,3,0,0,0,67301,0,0,0,N,0,0,0,1,68K01,0,,5,1,,N,N,,0,,1,0,1,0,0,,724.0,1,1,0,0,0,0,0,3,4,0,1,3,,N,,,,,,,,,,,
2011022579,0.0,0,0,0,0,0,0,0,0,0,5,0,,67,5,2010,5,39.9545,-75.1664,0.0,6,0,0,0,0,0,1,0,0,,0,0,0,21.0,6,1,0,,0,39 57:16.204,,0,75 09:59.200,8,0,0,1,67301,0,0,0,,0,0,0,2,00000,0,,1,1,,,,,0,,0,0,0,0,0,,2140.0,1,2,0,0,0,1,0,3,4,0,2,3,,N,,,,,,,,,,,
2011022588,0.0,0,0,0,0,0,0,0,0,0,1,0,,67,2,2010,2,39.909,-75.2419,0.0,6,0,0,0,0,0,0,0,0,,0,0,0,21.0,6,1,2,,0,39 54:32.511,,0,75 14:30.820,8,0,0,0,67301,0,0,0,N,0,0,0,3,00000,0,,1,1,,N,N,,0,,0,0,1,3,2,,2117.0,1,2,0,0,1,1,0,3,4,0,2,3,,N,,,,,,,,,,,
2011026247,400.0,2,0,0,0,0,0,0,0,0,1,0,,67,5,2010,1,39.8946,-75.2367,400.0,6,0,0,0,0,0,0,0,0,,0,0,0,3.0,3,1,1,,0,39 53:40.603,,0,75 14:12.181,8,0,0,0,67301,0,0,0,N,0,0,0,3,67301,0,,1,1,,N,N,,0,,0,0,1,3,2,,328.0,1,3,0,0,0,1,0,3,4,0,3,3,,N,,,,,,,,,,,
2011026334,1835.0,2,0,0,0,0,0,0,0,0,4,0,,67,5,2010,1,40.0255,-75.1227,1830.0,6,0,0,0,0,0,0,0,0,2.0,0,0,0,18.0,1,2,1,,2,40 01:31.746,1.0,0,75 07:20.688,4,0,0,0,67301,0,0,0,N,0,0,0,3,67301,2,,1,1,,N,N,,0,,0,0,0,3,2,Y,1830.0,2,2,0,0,0,0,0,3,4,0,2,3,,N,,,,,,,,,,,
2011026191,1935.0,2,0,0,0,0,0,1,0,0,5,1,,67,6,2010,5,39.9535,-75.1733,1935.0,6,0,0,0,0,0,0,0,1,1.0,0,0,0,19.0,1,2,0,,1,39 57:12.762,3.0,0,75 10:24.138,8,0,0,0,67301,0,0,0,,0,0,0,5,67301,0,,1,1,,,,,0,,0,0,0,0,0,N,1935.0,2,3,0,0,0,2,0,3,4,0,3,3,,N,,,,,,,,,,,
2011026219,1514.0,3,0,0,0,0,0,0,0,0,1,0,,67,6,2010,1,39.9541,-75.1985,1514.0,6,0,0,0,0,0,0,0,0,,0,0,0,13.0,1,0,0,,0,39 57:14.682,,0,75 11:54.716,9,0,0,0,67301,0,0,0,N,0,0,0,1,67504,0,,6,1,,N,N,,0,,0,0,0,0,0,,1340.0,0,3,0,0,0,0,1,3,4,0,3,3,,N,,,,,,,,,,,
2011026223,1644.0,3,0,0,0,0,0,0,0,0,1,0,,67,6,2010,4,40.0323,-75.051,1634.0,6,0,0,0,0,0,1,0,0,1.0,0,0,0,16.0,1,2,1,,1,40 01:56.512,2.0,0,75 03:03.514,4,0,0,0,67301,0,0,0,N,0,0,0,6,67301,2,,1,1,,N,N,,0,,0,0,1,3,2,N,1620.0,2,5,0,0,1,0,0,3,4,1,5,3,,N,,,,,,,,,,,
2011026252,1609.0,0,0,0,0,0,0,0,0,0,8,0,,67,5,2010,4,39.9967,-75.1755,1607.0,6,0,0,0,0,0,0,0,0,,0,0,0,16.0,1,1,1,,0,39 59:47.940,,0,75 10:31.961,4,0,0,0,67301,1,0,0,N,1,0,0,2,67301,1,,1,1,,N,N,,0,,0,0,0,0,0,,1607.0,1,2,0,0,1,0,0,3,4,1,1,3,,N,,,,,,,,,,,
2011001737,224.0,4,0,0,0,0,0,0,0,0,4,0,,67,12,2010,1,40.0469,-75.1264,154.0,6,0,0,0,0,0,0,0,0,9.0,0,0,0,1.0,3,0,0,,1,40 02:48.973,6.0,0,75 07:34.993,0,0,0,0,67301,0,0,0,N,0,0,0,1,67301,0,,1,1,,N,N,,0,,0,0,0,0,0,N,154.0,0,5,0,0,0,0,0,3,4,0,5,3,,N,,,,,,,,,,,
2011001245,1114.0,1,0,0,0,0,0,0,0,0,7,0,,67,12,2010,5,40.0104,-75.0629,1106.0,6,0,0,0,0,0,0,0,0,2.0,0,0,0,11.0,1,3,0,,1,40 00:37.461,1.0,0,75 03:45.939,3,0,0,0,67301,0,0,0,N,0,0,0,3,68K01,0,,7,1,,N,N,,0,,3,0,0,0,0,Y,1104.0,3,1,0,0,3,0,0,3,4,0,1,3,,N,,,,,,,,,,,
2011008336,1505.0,1,0,0,0,0,0,0,0,0,8,0,,67,12,2010,5,39.9554,-75.1559,1500.0,6,0,0,0,0,1,0,0,0,,0,0,0,13.0,1,1,1,,0,39 57:19.425,,0,75 09:21.185,4,0,0,0,67301,1,0,0,,1,0,0,2,67301,1,,1,1,,N,N,,0,,0,0,0,3,2,,1300.0,1,2,0,0,0,0,0,3,4,0,1,3,,N,,,,,,,,,,,
2011008465,1520.0,3,0,0,0,0,0,0,0,0,5,0,,67,12,2010,7,40.0627,-75.1555,1510.0,6,0,0,0,0,0,0,0,0,,0,0,0,99.0,1,0,0,,0,40 03:45.820,,0,75 09:19.692,0,0,0,0,67301,0,0,0,,0,0,0,1,67301,0,,1,1,,N,N,,0,,0,0,0,3,2,,9999.0,0,4,0,0,0,0,0,3,4,1,4,3,,N,,,,,,,,,,,
2011025730,1705.0,0,0,0,0,0,0,0,0,0,8,0,,67,6,2010,4,40.0329,-75.1777,1700.0,6,0,0,0,0,0,0,0,0,,0,0,0,16.0,1,1,2,,0,40 01:58.350,,0,75 10:39.881,4,0,0,0,67301,1,0,0,N,1,0,0,2,67301,1,,1,1,,N,N,,0,,0,0,1,9,2,,1645.0,1,2,0,0,0,0,1,3,4,0,1,3,,N,,,,,,,,,,,
2011027961,1925.0,2,0,0,0,0,0,0,0,0,1,0,,67,5,2010,5,39.9241,-75.2455,1915.0,6,0,0,0,0,0,0,0,0,,0,0,0,99.0,4,1,0,,0,39 55:26.917,,0,75 14:43.700,4,0,0,0,67301,0,0,0,,0,0,0,4,67301,1,,1,9,,,,,0,,0,0,0,3,2,,9999.0,1,2,0,0,0,0,0,3,4,0,2,3,,N,,,,,,,,,,,
2011025759,1150.0,3,0,0,0,0,0,0,0,0,2,0,,67,6,2010,7,39.9612,-75.1466,1148.0,6,0,0,0,0,0,0,0,0,9.0,0,0,0,11.0,1,3,2,,1,39 57:40.044,3.0,0,75 08:47.803,4,0,0,0,67301,0,0,0,N,0,0,0,6,67301,2,,1,1,,N,N,,1,,0,0,0,3,2,N,1145.0,3,4,0,0,0,1,1,3,4,0,4,3,,N,,,,,,,,,,,
2011025764,2341.0,1,0,0,0,0,0,0,0,0,8,0,,67,5,2010,7,40.0068,-75.1567,2319.0,6,0,0,0,0,0,0,0,0,,0,0,0,23.0,3,1,1,,0,40 00:24.400,,0,75 09:24.191,4,0,0,0,67301,1,0,0,N,1,0,0,2,67301,1,,1,9,,N,N,,0,,0,0,0,3,3,,2300.0,1,2,0,0,0,0,0,3,4,0,1,7,,N,,,,,,,,,,,
2011023042,1941.0,2,0,0,0,0,0,0,0,0,1,0,,67,12,2010,4,39.9773,-75.2269,1926.0,6,0,0,0,0,0,0,0,0,,0,0,0,19.0,3,1,0,,0,39 58:38.280,,7,75 13:36.993,8,0,0,0,67301,0,0,0,,0,0,0,2,67301,0,,1,1,,N,N,,0,,0,0,0,0,0,,1915.0,1,2,0,0,0,1,0,3,4,0,2,3,,N,,,,,,,,,,,
2011001094,1549.0,1,0,0,0,0,0,0,0,0,8,0,,67,11,2010,4,40.0276,-75.2166,1543.0,6,0,0,0,0,0,0,0,0,,0,0,0,15.0,1,1,1,,0,40 01:39.424,,0,75 12:59.911,8,0,0,0,67301,1,0,0,N,1,0,0,2,67301,0,,1,1,,N,N,,0,,0,0,0,3,3,,1541.0,1,2,0,0,1,1,0,3,4,0,1,3,,N,,,,,,,,,,,
2010106908,1306.0,1,0,0,0,0,0,0,0,0,7,0,,67,10,2010,2,39.9799,-75.1066,1305.0,6,0,0,0,0,0,0,0,0,2.0,0,0,0,13.0,1,2,0,,2,39 58:49.529,2.0,0,75 06:17.444,8,0,0,0,67301,0,0,0,N,0,0,0,2,68K01,0,,2,1,,N,N,,0,,0,0,1,0,0,N,1301.0,2,2,0,0,1,2,0,3,4,0,2,3,,N,,,,,,,,,,,
2010094312,1816.0,2,0,0,0,0,0,0,0,0,4,0,,67,8,2010,6,40.1143,-74.9879,1813.0,6,0,0,0,0,0,0,0,0,1.0,0,0,0,18.0,1,2,1,,1,40 06:50.926,3.0,0,74 59:15.880,8,0,0,0,67301,0,0,0,N,0,0,0,3,67301,0,,1,1,,N,N,,0,,0,0,0,3,2,N,1813.0,2,2,0,0,0,2,0,3,4,0,2,3,,N,,,,,,,,,,,
2010121874,245.0,1,0,0,0,0,0,0,0,0,8,0,99.0,67,11,2010,6,39.9547,-75.163,245.0,6,0,0,0,0,0,0,0,0,,0,0,0,2.0,3,1,0,,0,39 57:16.831,,0,75 09:46.837,8,0,0,0,67301,1,0,0,,1,0,0,2,67301,0,,1,1,,,,,0,,0,0,0,0,0,,230.0,1,2,0,0,0,1,0,3,4,0,1,3,,Y,8.0,8.0,U,,,U,,,,,
2010122431,1231.0,0,0,0,0,0,0,0,0,0,4,0,,67,11,2010,1,40.0444,-75.0305,1230.0,6,0,0,0,0,0,1,1,0,1.0,0,0,0,12.0,1,2,1,,1,40 02:39.763,2.0,0,75 01:49.950,8,0,0,0,67301,0,0,0,N,0,0,0,2,67301,0,,1,1,,N,N,,0,,0,0,2,3,3,Y,1228.0,2,2,0,0,0,2,0,3,4,0,2,3,,N,,,,,,,,,,,
2010122450,1408.0,1,0,0,0,0,0,0,0,0,8,0,,67,10,2010,7,40.0106,-75.1374,1324.0,6,0,0,1,0,0,0,0,0,,0,0,0,13.0,1,2,1,,0,40 00:38.268,,0,75 08:14.776,3,0,0,0,67301,2,0,0,N,2,0,0,3,67301,0,,1,1,,N,N,,0,,2,0,0,3,3,,1324.0,2,3,0,0,0,0,0,3,4,0,1,3,,N,,,,,,,,,,,