CRN,ARRIVAL_TM,AUTOMOBILE_COUNT,BELTED_DEATH_COUNT,BELTED_SUSP_SERIOUS_INJ_COUNT,BICYCLE_COUNT,BICYCLE_DEATH_COUNT,BICYCLE_SUSP_SERIOUS_INJ_COUNT,BUS_COUNT,CHLDPAS_DEATH_COUNT,CHLDPAS_SUSP_SERIOUS_INJ_COUNT,COLLISION_TYPE,COMM_VEH_COUNT,CONS_ZONE_SPD_LIM,COUNTY,CRASH_MONTH,CRASH_YEAR,DAY_OF_WEEK,DEC_LAT,DEC_LONG,DISPATCH_TM,DISTRICT,DRIVER_COUNT_16YR,DRIVER_COUNT_17YR,DRIVER_COUNT_18YR,DRIVER_COUNT_19YR,DRIVER_COUNT_20YR,DRIVER_COUNT_50_64YR,DRIVER_COUNT_65_74YR,DRIVER_COUNT_75PLUS,EST_HRS_CLOSED,FATAL_COUNT,HEAVY_TRUCK_COUNT,HORSE_BUGGY_COUNT,HOUR_OF_DAY,ILLUMINATION,INJURY_COUNT,INTERSECT_TYPE,INTERSECTION_RELATED,LANE_CLOSED,LATITUDE,LN_CLOSE_DIR,LOCATION_TYPE,LONGITUDE,MAX_SEVERITY_LEVEL,MCYCLE_DEATH_COUNT,MCYCLE_SUSP_SERIOUS_INJ_COUNT,MOTORCYCLE_COUNT,MUNICIPALITY,NONMOTR_COUNT,NONMOTR_DEATH_COUNT,NONMOTR_SUSP_SERIOUS_INJ_COUNT,NTFY_HIWY_MAINT,PED_COUNT,PED_DEATH_COUNT,PED_SUSP_SERIOUS_INJ_COUNT,PERSON_COUNT,POLICE_AGCY,POSSIBLE_INJ_COUNT,RDWY_SURF_TYPE_CD,RELATION_TO_ROAD,ROAD_CONDITION,ROADWAY_CLEARED,SCH_BUS_IND,SCH_ZONE_IND,SECONDARY_CRASH,SMALL_TRUCK_COUNT,SPEC_JURIS_CD,SUSP_MINOR_INJ_COUNT,SUSP_SERIOUS_INJ_COUNT,SUV_COUNT,TCD_FUNC_CD,TCD_TYPE,TFC_DETOUR_IND,TIME_OF_DAY,TOT_INJ_COUNT,TOTAL_UNITS,UNB_DEATH_COUNT,UNB_SUSP_SERIOUS_INJ_COUNT,UNBELTED_OCC_COUNT,UNK_INJ_DEG_COUNT,UNK_INJ_PER_COUNT,URBAN_AREA,URBAN_RURAL,VAN_COUNT,VEHICLE_COUNT,WEATHER1,WEATHER2,WORK_ZONE_IND,WORK_ZONE_LOC,WORK_ZONE_TYPE,WORKERS_PRES,WZ_CLOSE_DETOUR,WZ_FLAGGER,WZ_LAW_OFFCR_IND,WZ_LN_CLOSURE,WZ_MOVING,WZ_OTHER,WZ_SHLDER_MDN,WZ_WORKERS_INJ_KILLED
2010113778,2100.0,1,0,0,0,0,0,0,0,0,8,0,,67,10,2010,7,39.9436,-75.1568,2058.0,6,0,0,0,0,0,0,0,0,,0,0,0,20.0,3,1,1,,0,39 56:37.021,,0,75 09:24.595,8,0,0,0,67301,1,0,0,,1,0,0,2,67301,0,,1,1,,,,,0,,0,0,0,3,2,,2050.0,1,2,0,0,0,1,0,3,4,0,1,3,,N,,,,,,,,,,,
2010116349,2240.0,2,0,0,0,0,0,0,0,0,1,0,,67,11,2010,4,39.9493,-75.1641,2230.0,6,0,0,0,0,0,0,0,0,,0,0,0,22.0,3,1,0,,0,39 56:57.560,,0,75 09:50.715,4,0,0,0,67301,0,0,0,N,0,0,0,4,67301,1,,1,1,,N,N,,0,,0,0,0,0,0,,2230.0,1,2,0,0,2,0,0,3,4,0,2,3,,N,,,,,,,,,,,
2010111409,700.0,1,0,0,0,0,0,0,0,0,4,0,,67,10,2010,4,40.0939,-74.9797,656.0,6,0,0,0,0,0,1,0,0,,0,0,0,6.0,1,0,1,,0,40 05:38.461,,0,74 58:46.899,0,0,0,0,67301,0,0,0,N,0,0,0,2,67301,0,,1,1,,N,N,,1,,0,0,0,3,2,,655.0,0,2,0,0,0,0,0,3,4,0,2,3,,N,,,,,,,,,,,
2010069772,1029.0,1,0,0,0,0,0,0,0,0,1,0,,67,6,2010,7,40.0438,-75.1631,1028.0,6,0,0,0,0,0,0,0,0,,0,0,0,10.0,1,1,2,,0,40 02:37.766,,0,75 09:47.210,8,0,0,0,67301,0,0,0,N,0,0,0,3,67301,0,,1,1,,N,N,,0,,0,0,1,0,0,,1024.0,1,2,0,0,1,1,0,3,4,0,2,3,,N,,,,,,,,,,,
2010056557,1523.0,0,0,0,0,0,0,0,0,0,1,0,,67,6,2010,5,39.9226,-75.1478,1513.0,6,0,0,0,0,0,1,0,0,,0,0,0,15.0,1,0,0,,0,39 55:21.138,,0,75 08:52.043,0,0,0,0,67301,0,0,0,N,0,0,0,2,68K01,0,,1,1,,N,N,,0,,0,0,2,0,0,,1503.0,0,2,0,0,0,0,0,3,4,0,2,3,,N,,,,,,,,,,,
2010074452,1508.0,1,0,0,0,0,0,0,0,0,4,0,,67,7,2010,6,40.0529,-75.1752,1501.0,6,0,0,0,0,0,0,0,0,2.0,0,0,0,14.0,1,5,3,,2,40 03:10.350,7.0,0,75 10:30.712,3,0,0,0,67301,0,0,0,N,0,0,0,5,67301,1,,1,9,,N,N,,1,,1,0,0,0,0,Y,1454.0,5,2,0,0,0,3,0,3,4,0,2,7,,N,,,,,,,,,,,
2010081959,1540.0,0,0,0,0,0,0,0,0,0,8,0,,67,7,2010,1,39.9613,-75.2471,1536.0,6,0,0,0,0,0,0,0,0,,0,0,0,15.0,1,1,2,,0,39 57:40.258,,0,75 14:49.388,3,0,0,0,67301,1,0,0,N,1,0,0,2,67301,0,,1,9,,N,N,,0,,1,0,1,3,2,,1525.0,1,2,0,0,0,0,0,3,4,0,1,7,,N,,,,,,,,,,,
2010081968,1932.0,1,0,0,1,0,0,0,0,0,4,0,,67,7,2010,2,39.9899,-75.1599,1931.0,6,0,0,0,0,0,1,0,0,,0,0,0,19.0,1,1,2,,0,39 59:23.809,,0,75 09:35.463,8,0,0,0,67301,1,0,0,N,0,0,0,2,67301,0,,1,1,,,,,0,,0,0,0,0,0,,1915.0,1,2,0,0,0,1,0,3,4,0,1,3,,N,,,,,,,,,,,
2010074535,1043.0,2,0,0,0,0,0,0,0,0,4,0,,67,7,2010,4,40.0586,-75.1528,1038.0,6,0,0,0,0,0,0,1,0,,0,0,0,10.0,1,2,1,,0,40 03:30.949,,0,75 09:09.932,4,0,0,0,67301,0,0,0,N,0,0,0,2,67301,2,,1,1,,N,N,,0,,0,0,0,3,2,,1013.0,2,2,0,0,1,0,0,3,4,0,2,3,,N,,,,,,,,,,,
2010067073,2145.0,0,0,0,0,0,0,0,0,0,8,0,,67,6,2010,6,40.0007,-75.1704,2145.0,6,0,0,0,0,0,0,0,0,,0,0,0,21.0,3,1,0,,0,40 00:02.415,,0,75 10:13.337,4,0,0,0,67301,1,0,0,,1,0,0,2,67301,1,,6,1,,N,N,,0,,0,0,1,0,0,,2140.0,1,2,0,0,0,0,0,3,4,0,1,3,,N,,,,,,,,,,,
2010084544,633.0,1,0,0,0,0,0,0,0,0,4,0,,67,8,2010,7,40.0699,-75.1572,630.0,6,0,0,0,0,0,0,0,0,,0,0,0,6.0,1,2,1,,0,40 04:11.773,,0,75 09:25.779,4,0,0,0,67301,0,0,0,,0,0,0,2,67301,2,,1,1,,,,,0,,0,0,1,3,2,,620.0,2,2,0,0,0,0,0,3,4,0,2,3,,N,,,,,,,,,,,
2010081787,1200.0,2,0,0,0,0,0,0,0,0,4,0,,67,7,2010,2,39.9582,-75.2355,1150.0,6,0,0,0,0,0,0,0,1,,0,0,0,11.0,1,1,1,,0,39 57:29.526,,0,75 14:07.849,4,0,0,0,67301,0,0,0,N,0,0,0,2,67301,1,,1,1,,N,N,,0,,0,0,0,3,2,,1130.0,1,2,0,0,0,0,1,3,4,0,2,3,,N,,,,,,,,,,,
2010069926,1034.0,1,0,0,0,0,0,0,0,0,7,0,,67,6,2010,6,39.9706,-75.182,1035.0,6,0,0,0,1,0,0,0,0,,0,0,0,10.0,1,1,1,,0,39 58:14.170,,0,75 10:55.023,8,0,0,0,67301,0,0,0,N,0,0,0,1,67301,0,,5,1,,N,N,,0,,0,0,0,3,3,,1030.0,1,1,0,0,0,1,0,3,4,0,1,3,,N,,,,,,,,,,,
2010069957,2045.0,1,0,0,0,0,0,0,0,0,8,0,,67,6,2010,3,40.0079,-75.1405,2045.0,6,0,0,0,1,0,0,0,0,,0,0,0,20.0,3,1,5,,0,40 00:28.381,,0,75 08:25.711,4,0,0,0,67301,1,0,0,N,1,0,0,2,67301,1,,1,1,,N,N,,0,,0,0,0,3,2,,2044.0,1,2,0,0,1,0,0,3,4,0,1,3,,N,,,,,,,,,,,
2010069983,2053.0,1,0,0,0,0,0,0,0,0,8,0,,67,6,2010,3,40.0109,-75.0908,2049.0,6,0,0,0,0,0,0,0,0,,0,0,0,20.0,3,1,0,,0,40 00:39.369,,0,75 05:26.718,4,0,0,0,67301,1,0,0,N,1,0,0,2,67301,1,,1,1,,N,N,,0,,0,0,0,0,0,,2045.0,1,2,0,0,1,0,0,3,4,0,1,3,,N,,,,,,,,,,,
2010069995,1809.0,2,0,0,0,0,0,0,0,0,4,0,,67,6,2010,3,39.928,-75.2221,1809.0,6,0,0,0,0,0,0,0,0,,0,0,0,18.0,1,1,0,,0,39 55:40.718,,0,75 13:19.604,8,0,0,0,67301,0,0,0,N,0,0,0,2,67301,0,,1,1,,,,,0,,0,0,0,0,0,,1809.0,1,2,0,0,0,1,0,3,4,0,2,3,,N,,,,,,,,,,,
2010070030,1301.0,1,0,0,0,0,0,0,0,0,4,0,,67,6,2010,3,40.0496,-75.001,1251.0,6,0,0,0,1,0,1,0,0,,0,0,0,12.0,1,1,0,,0,40 02:58.685,,7,75 00:03.505,8,0,0,0,67301,0,0,0,N,0,0,0,3,67301,0,,1,1,,N,N,,0,,0,0,0,0,0,,1245.0,1,2,0,0,0,1,0,3,4,1,2,3,,N,,,,,,,,,,,
2010081888,1229.0,1,0,0,0,0,0,0,0,0,5,0,,67,8,2010,3,40.0492,-74.996,1223.0,6,0,0,0,0,0,0,0,1,,0,0,0,12.0,1,0,6,,0,40 02:57.283,,2,74 59:44.945,9,0,0,0,67301,0,0,0,N,0,0,0,3,68K01,0,,1,1,,N,N,,0,,0,0,0,0,0,,1218.0,0,2,0,0,0,0,1,3,4,0,2,3,,N,,,,,,,,,,,
2010072568,1734.0,2,0,0,0,0,0,0,0,0,4,0,,67,5,2010,5,39.9721,-75.1248,1730.0,6,0,0,0,0,0,1,0,0,2.0,0,0,0,17.0,1,1,1,,1,39 58:20.249,4.0,0,75 07:27.902,8,0,0,0,67301,0,0,0,N,0,0,0,4,67301,0,,1,1,,N,N,,0,,0,0,0,3,2,N,1700.0,1,2,0,0,0,1,0,3,4,0,2,3,,N,,,,,,,,,,,
2010067048,1649.0,1,0,0,0,0,0,0,0,0,8,0,,67,6,2010,2,40.0113,-75.1061,1643.0,6,0,0,0,0,0,1,0,0,,0,0,0,16.0,1,1,1,,0,40 00:40.651,,0,75 06:21.920,4,0,0,0,67301,1,0,0,,1,0,0,2,67301,1,,1,1,,,,,0,,0,0,0,3,2,,1640.0,1,2,0,0,0,0,0,3,4,0,1,3,,N,,,,,,,,,,,
2010074578,730.0,1,0,0,0,0,0,0,0,0,4,0,,67,7,2010,5,39.9632,-75.1419,721.0,6,0,0,0,0,0,0,0,0,,0,0,0,7.0,1,1,1,,0,39 57:47.437,,0,75 08:30.893,4,0,0,0,67301,0,0,0,,0,0,0,2,67301,1,,1,1,,N,N,,0,,0,0,1,3,3,,715.0,1,2,0,0,0,0,0,3,4,0,2,3,,N,,,,,,,,,,,
2010074604,1810.0,3,0,0,0,0,0,0,0,0,4,0,,67,7,2010,6,39.9858,-75.2156,1806.0,6,0,0,0,0,0,0,0,0,2.0,0,0,0,18.0,1,1,1,,1,39 59:09.028,1.0,0,75 12:56.230,3,0,0,0,67301,0,0,0,N,0,0,0,6,67301,0,,1,98,,N,N,,0,,1,0,0,3,2,N,1800.0,1,3,0,0,0,0,0,3,4,0,3,99,,N,,,,,,,,,,,
2010074663,1434.0,2,0,0,0,0,0,0,0,0,4,0,,67,7,2010,3,40.0398,-75.1091,1429.0,6,0,0,0,0,0,1,0,0,,0,0,0,14.0,1,2,0,,0,40 02:23.123,,7,75 06:32.709,4,0,0,0,67301,0,0,0,N,0,0,0,3,67301,2,,1,1,,N,N,,0,,0,0,0,3,2,,1425.0,2,2,0,0,0,0,1,3,4,0,2,3,,N,,,,,,,,,,,
2010028206,1147.0,2,0,0,0,0,0,0,0,0,1,0,,67,2,2010,2,40.0433,-75.1613,1145.0,6,0,0,0,0,0,1,0,0,,0,0,0,11.0,1,1,1,,0,40 02:35.999,,0,75 09:40.854,8,0,0,0,67301,1,0,0,,1,0,0,3,67301,0,,1,2,,N,N,,0,,0,0,0,3,2,,1144.0,1,3,0,0,0,1,0,3,4,0,2,10,,N,,,,,,,,,,,
2010028108,1257.0,2,0,0,0,0,0,0,0,0,4,0,,67,2,2010,3,39.9841,-75.16,1255.0,6,0,0,0,0,0,0,0,0,,0,0,0,12.0,1,1,2,,0,39 59:02.778,,0,75 09:36.176,8,0,0,0,67301,0,0,0,N,0,0,0,2,67301,0,,1,1,,N,N,,0,,0,0,0,3,3,,1253.0,1,2,0,0,0,1,0,3,4,0,2,3,,N,,,,,,,,,,,
2010028109,1620.0,1,0,0,0,0,0,0,0,0,8,0,,67,2,2010,5,40.0485,-75.1508,1618.0,6,0,0,0,0,0,1,0,0,,0,0,0,15.0,1,1,1,,0,40 02:54.628,,0,75 09:02.883,4,0,0,0,67301,1,0,0,N,1,0,0,2,67301,1,,4,1,,N,N,,0,,0,0,0,3,2,,1535.0,1,2,0,0,0,0,0,3,4,0,1,3,,N,,,,,,,,,,,
2010028120,920.0,2,0,0,0,0,0,0,0,0,4,0,,67,1,2010,3,40.0848,-74.995,913.0,6,0,0,0,0,0,0,0,0,,0,0,0,9.0,1,0,0,,0,40 05:05.330,,0,74 59:41.834,0,0,0,0,67301,0,0,0,N,0,0,0,1,67301,0,,6,1,,N,N,,0,,0,0,0,0,0,,912.0,0,2,0,0,0,0,0,3,4,0,2,3,,N,,,,,,,,,,,
2010028166,220.0,1,0,0,0,0,0,0,0,0,7,0,,67,2,2010,2,40.0187,-75.0819,220.0,6,0,0,0,0,0,0,0,0,,0,0,0,2.0,3,0,0,,0,40 01:07.455,,1,75 04:54.911,0,0,0,0,67301,0,0,0,N,0,0,0,2,67301,0,,3,9,,N,N,,0,,0,0,0,0,0,,218.0,0,1,0,0,0,0,0,3,4,0,1,10,,N,,,,,,,,,,,
2010028317,1138.0,1,0,0,0,0,0,0,0,0,4,0,,67,2,2010,2,39.9589,-75.1567,1136.0,6,0,0,0,0,0,0,0,0,2.0,0,0,0,11.0,1,1,2,,2,39 57:32.119,4.0,0,75 09:24.206,4,0,0,0,67301,0,0,0,,0,0,0,2,67301,1,,1,9,,,,,0,,0,0,1,2,2,Y,1125.0,1,2,0,0,0,0,0,3,4,0,2,7,,N,,,,,,,,,,,
2010025537,57.0,0,0,0,0,0,0,0,0,0,7,0,,67,2,2010,4,40.0298,-75.0223,52.0,6,0,0,0,0,0,0,0,0,1.0,0,0,0,0.0,2,2,0,,1,40 01:47.662,2.0,0,75 01:20.149,4,0,0,0,67301,0,0,0,N,0,0,0,2,68K01,2,,2,7,,N,N,,0,,0,0,1,0,0,N,50.0,2,1,0,0,0,0,0,3,4,0,1,10,,N,,,,,,,,,,,
2010028403,1315.0,1,0,0,0,0,0,0,0,0,5,0,,67,2,2010,7,39.9387,-75.1852,1304.0,6,0,0,0,0,0,0,1,0,,0,0,0,13.0,1,1,0,,0,39 56:19.190,,0,75 11:06.775,4,0,0,0,67301,0,0,0,N,0,0,0,2,67301,1,,1,1,,N,N,,1,,0,0,0,3,2,,1300.0,1,2,0,0,0,0,0,3,4,0,2,3,,N,,,,,,,,,,,
2010028590,1000.0,1,0,0,0,0,0,0,0,0,2,0,,67,2,2010,5,40.0759,-75.1769,951.0,6,0,0,0,0,0,0,0,0,,0,0,0,9.0,1,1,0,,0,40 04:33.395,,0,75 10:36.679,4,0,0,0,67301,0,0,0,N,0,0,0,3,67301,1,,1,2,,N,N,,0,,0,0,1,0,0,,950.0,1,2,0,0,0,0,2,3,4,0,2,3,,N,,,,,,,,,,,
2010018041,712.0,0,0,0,0,0,0,0,0,0,5,0,,67,1,2010,5,39.9939,-75.1925,707.0,6,0,0,0,0,0,0,0,0,1.0,0,0,0,7.0,5,1,0,,1,39 59:37.964,2.0,0,75 11:33.130,8,0,0,0,67301,0,0,0,N,0,0,0,2,67301,0,,1,1,,N,N,,0,,0,0,1,0,0,N,707.0,1,2,0,0,0,1,0,3,4,0,2,3,,N,,,,,,,,,,,
2010091478,1710.0,0,0,0,0,0,0,0,0,0,4,0,,67,7,2010,6,40.0808,-75.0284,1700.0,6,0,0,0,0,0,1,0,0,,0,0,0,16.0,1,2,1,,0,40 04:50.449,,0,75 01:42.488,4,0,0,0,67301,0,0,0,N,0,0,0,4,67301,2,,1,1,,N,N,,0,,0,0,2,3,2,,1655.0,2,2,0,0,0,0,0,3,4,0,2,3,,N,,,,,,,,,,,
2011009985,953.0,2,0,0,0,0,0,0,0,0,4,0,,67,12,2010,6,40.095,-75.0154,944.0,6,0,0,0,0,1,0,0,0,1.0,0,0,0,9.0,1,1,1,,1,40 05:41.851,4.0,0,75 00:55.548,8,0,0,0,67301,0,0,0,N,0,0,0,2,67301,0,,1,1,,N,N,,0,,0,0,0,3,2,N,944.0,1,2,0,0,0,1,0,3,4,0,2,3,,N,,,,,,,,,,,
2011008200,910.0,1,0,0,0,0,0,0,0,0,8,0,,67,12,2010,3,39.9571,-75.2019,910.0,6,0,0,0,0,0,0,0,0,,0,0,0,8.0,1,1,1,,0,39 57:25.867,,0,75 12:07.023,3,0,0,0,67301,1,0,0,N,1,0,0,2,67301,0,,1,1,,N,N,,0,,1,0,0,9,9,,835.0,1,2,0,0,0,0,0,3,4,0,1,3,,N,,,,,,,,,,,
2011009809,1650.0,1,0,0,0,0,0,0,0,0,4,0,,67,12,2010,5,40.0845,-75.0384,1642.0,6,0,0,0,0,0,0,0,0,,0,0,0,16.0,1,1,1,,0,40 05:04.029,,0,75 02:18.148,3,0,0,0,67301,0,0,0,N,0,0,0,3,67301,0,,1,1,,N,N,,0,,1,0,0,3,2,,1642.0,1,2,0,0,0,0,0,3,4,1,2,3,,N,,,,,,,,,,,
2011007665,1225.0,1,0,0,0,0,0,0,0,0,7,0,,67,12,2010,4,40.0358,-75.0165,1223.0,6,0,0,0,0,1,0,0,0,,0,0,0,12.0,1,0,0,,0,40 02:09.205,,0,75 00:58.609,0,0,0,0,67301,0,0,0,N,0,0,0,1,68K01,0,,4,9,,N,N,,0,,0,0,0,0,0,,1220.0,0,1,0,0,0,0,0,3,4,0,1,7,,N,,,,,,,,,,,
2011026328,1601.0,1,0,0,0,0,0,0,0,0,2,0,,67,5,2010,1,40.0177,-75.1315,1600.0,6,0,0,0,0,0,1,0,0,,0,0,0,14.0,1,1,0,,0,40 01:03.810,,0,75 07:53.360,4,0,0,1,67301,0,0,0,,0,0,0,2,67301,1,,1,1,,,,,0,,0,0,0,0,0,,1440.0,1,2,0,0,0,0,0,3,4,0,2,3,,N,,,,,,,,,,,
2010084539,1259.0,2,0,0,0,0,0,0,0,0,1,0,,67,7,2010,7,40.0048,-75.1874,1755.0,6,0,0,0,0,1,0,0,0,,0,0,0,12.0,1,3,0,,0,40 00:17.416,,0,75 11:14.763,8,0,0,0,67301,0,0,0,,0,0,0,4,67301,0,,6,1,,N,N,,1,,0,0,0,0,0,,1252.0,3,3,0,0,0,3,0,3,4,0,3,3,,N,,,,,,,,,,,
2010081753,1310.0,1,0,0,0,0,0,0,0,0,4,0,,67,7,2010,3,40.0675,-75.1515,1303.0,6,0,0,0,0,0,1,0,1,,0,0,0,13.0,1,0,1,,0,40 04:02.946,,0,75 09:05.565,0,0,0,0,67301,0,0,0,N,0,0,0,2,67301,0,,1,1,,N,N,,0,,0,0,0,3,3,,1300.0,0,2,0,0,2,0,0,3,4,1,2,3,,N,,,,,,,,,,,
2010081789,1410.0,0,0,0,0,0,0,0,0,0,4,1,,67,6,2010,5,40.0227,-75.1335,1400.0,6,0,0,0,0,0,1,0,0,,0,1,0,14.0,1,0,1,,0,40 01:21.712,,0,75 08:00.711,0,0,0,0,67301,0,0,0,N,0,0,0,3,67301,0,,1,1,,N,N,,2,,0,0,0,3,2,,1400.0,0,3,0,0,0,0,0,3,4,0,3,3,,N,,,,,,,,,,,
2010081809,1142.0,1,0,0,0,0,0,0,0,0,4,0,,67,7,2010,6,39.9073,-75.2281,1141.0,6,0,0,0,0,0,2,0,0,2.0,0,0,0,11.0,1,1,2,,1,39 54:26.334,1.0,0,75 13:41.041,8,0,0,0,67301,0,0,0,,0,0,0,3,67301,0,,1,1,,,,,0,,0,0,0,3,3,Y,1112.0,1,2,0,0,0,1,0,3,4,1,2,3,,N,,,,,,,,,,,
2010069950,1705.0,1,0,0,0,0,0,0,0,0,8,0,,67,5,2010,1,39.9413,-75.2311,1702.0,6,0,0,0,0,0,0,0,0,2.0,0,0,0,16.0,1,1,0,,2,39 56:28.760,3.0,0,75 13:51.916,2,0,0,0,67301,1,0,1,,1,0,1,3,67301,0,,1,1,,N,N,,0,,0,1,0,0,0,N,1650.0,1,2,0,0,0,0,0,3,4,0,1,3,,N,,,,,,,,,,,
2010070016,223.0,0,0,0,0,0,0,0,0,0,1,0,,67,6,2010,1,39.9549,-75.1511,222.0,6,0,0,0,0,0,0,0,0,1.0,0,0,0,2.0,3,0,1,,1,39 57:17.488,1.0,0,75 09:04.083,9,0,0,0,67301,0,0,0,,0,0,0,4,67301,0,,1,1,,N,N,,0,,0,0,2,3,2,N,217.0,0,2,0,0,0,0,4,3,4,0,2,3,,N,,,,,,,,,,,
2010059195,1318.0,0,0,0,0,0,0,0,0,0,1,1,,67,6,2010,6,39.9567,-75.1436,1315.0,6,0,0,0,1,0,0,0,0,1.0,0,1,0,13.0,1,1,7,,1,39 57:26.617,3.0,2,75 08:49.702,3,0,0,0,67301,0,0,0,N,0,0,0,2,68K01,0,,1,1,,N,N,,0,,1,0,1,0,0,N,1312.0,1,2,0,0,0,0,0,3,4,0,2,3,,N,,,,,,,,,,,
2010074562,1302.0,2,0,0,0,0,0,0,0,0,4,0,,67,7,2010,2,39.9594,-75.2393,1255.0,6,0,0,0,0,0,0,1,0,,0,0,0,13.0,1,1,1,,0,39 57:34.009,,0,75 14:21.443,8,0,0,0,67301,0,0,0,N,0,0,0,2,67301,0,,1,1,,N,N,,1,,0,0,0,3,3,,1302.0,1,3,0,0,0,1,0,3,4,0,3,3,,N,,,,,,,,,,,
2010074574,2200.0,1,0,0,0,0,0,0,0,0,1,0,,67,6,2010,3,39.9729,-75.1807,2156.0,6,0,0,0,0,0,1,0,0,,0,0,0,14.0,1,1,1,,0,39 58:22.278,,0,75 10:50.613,4,0,0,0,67301,0,0,0,N,0,0,0,2,67301,1,,1,1,,N,N,,1,,0,0,0,3,2,,1430.0,1,2,0,0,0,0,1,3,4,0,2,3,,N,,,,,,,,,,,
2010074618,1910.0,0,0,0,0,0,0,0,0,0,8,0,,67,7,2010,4,39.9422,-75.2165,1905.0,6,0,0,0,0,0,0,0,0,,0,0,0,19.0,1,1,2,,0,39 56:31.984,,0,75 12:59.518,4,0,0,0,67301,1,0,0,N,1,0,0,2,67301,1,,1,1,,N,N,,0,,0,0,1,3,3,,1904.0,1,2,0,0,0,0,1,3,4,0,1,3,,N,,,,,,,,,,,
2010022000,1406.0,0,0,0,0,0,0,0,0,0,5,0,,67,1,2010,4,39.9579,-75.1618,1404.0,6,0,0,0,0,0,1,0,0,1.0,0,0,0,14.0,1,1,0,,2,39 57:28.310,4.0,0,75 09:42.448,3,0,0,1,67301,0,0,0,N,0,0,0,3,68K01,0,,1,1,,N,N,,0,,1,0,1,0,0,N,1400.0,1,2,0,0,0,0,0,3,4,0,2,3,,N,,,,,,,,,,,
2010027739,1544.0,1,0,0,0,0,0,0,0,0,7,0,,67,2,2010,7,39.9656,-75.1371,1535.0,6,0,0,0,0,0,0,0,0,1.0,0,0,0,15.0,1,1,0,,1,39 57:55.735,2.0,0,75 08:14.143,8,0,0,0,67301,0,0,0,N,0,0,0,1,68K01,0,,2,1,,N,N,,0,,0,0,0,0,0,N,1533.0,1,1,0,0,1,1,0,3,4,0,1,3,,N,,,,,,,,,,,
2010019427,2335.0,3,0,0,0,0,0,0,0,0,4,0,,67,1,2010,3,39.9672,-75.167,2325.0,6,0,0,0,0,0,1,0,0,,0,0,0,23.0,3,2,1,,0,39 58:01.869,,0,75 10:01.127,8,0,0,0,67301,0,0,0,,0,0,0,4,67301,0,,1,1,,,,,0,,0,0,0,3,2,,2300.0,2,3,0,0,0,2,0,3,4,0,3,3,,N,,,,,,,,,,,
2010027901,1510.0,0,0,0,0,0,0,0,0,0,4,0,,67,2,2010,7,40.0566,-75.0466,1456.0,6,0,1,0,0,0,0,0,0,,0,0,0,14.0,1,1,5,,0,40 03:23.636,,0,75 02:47.581,8,0,0,0,67301,0,0,0,N,0,0,0,3,67301,0,,1,1,,N,N,,0,,0,0,1,3,2,,1453.0,1,2,0,0,0,1,0,3,4,1,2,3,,N,,,,,,,,,,,
2010028173,2030.0,0,0,0,0,0,0,0,0,0,8,0,,67,2,2010,7,39.9234,-75.1883,2022.0,6,0,0,0,0,0,1,0,0,,0,0,0,99.0,3,1,0,,0,39 55:24.197,,0,75 11:17.893,4,0,0,0,67301,1,0,0,,1,0,0,2,67301,1,,4,6,,N,N,,1,,0,0,0,0,0,,9999.0,1,2,0,0,0,0,0,3,4,0,1,3,,N,,,,,,,,,,,
2010027938,1515.0,0,0,0,0,0,0,0,0,0,1,0,,67,2,2010,1,40.0818,-75.0305,1506.0,6,0,0,0,0,0,1,0,0,1.0,0,0,0,14.0,1,1,1,,1,40 04:54.543,3.0,0,75 01:49.683,8,0,0,0,67301,0,0,0,N,0,0,0,3,67301,0,,1,6,,N,N,,0,,0,0,0,0,0,N,1450.0,1,2,0,0,0,1,0,3,4,2,2,10,,N,,,,,,,,,,,
2010028076,827.0,0,0,0,0,0,0,0,0,0,5,0,,67,2,2010,4,39.9458,-75.1986,826.0,6,0,0,0,0,0,1,0,0,,0,0,0,7.0,1,1,0,,0,39 56:44.716,,7,75 11:54.863,4,0,0,0,67301,0,0,0,N,0,0,0,2,67301,1,,1,1,,N,N,,0,,0,0,2,0,0,,755.0,1,2,0,0,0,0,0,3,4,0,2,3,,N,,,,,,,,,,,
2010028306,820.0,1,0,0,0,0,0,0,0,0,4,0,,67,1,2010,4,40.078,-75.0862,815.0,6,0,0,0,0,0,1,0,0,,0,0,0,8.0,1,1,2,,0,40 04:40.758,,0,75 05:10.164,8,0,0,0,67301,0,0,0,N,0,0,0,2,67301,0,,1,1,,N,N,,0,,0,0,1,3,3,,806.0,1,2,0,0,0,1,0,3,4,0,2,3,,N,,,,,,,,,,,
2010028332,2135.0,2,0,0,0,0,0,0,0,0,4,0,,67,2,2010,7,39.9722,-75.2449,2130.0,6,0,0,0,0,0,0,0,1,,0,0,0,21.0,3,1,1,,0,39 58:19.903,,0,75 14:41.959,3,0,0,0,67301,0,0,0,N,0,0,0,2,67301,0,,1,1,,N,N,,0,,1,0,0,3,2,,2128.0,1,2,0,0,0,0,0,3,4,0,2,3,,N,,,,,,,,,,,
2010028360,2112.0,0,0,0,0,0,0,0,0,0,8,0,,67,2,2010,6,39.9872,-75.1088,2108.0,6,0,0,0,0,0,0,0,0,,0,0,0,20.0,3,1,1,,0,39 59:13.933,,0,75 06:31.625,4,0,0,0,67301,1,0,0,N,1,0,0,2,67301,1,,1,7,,N,N,,1,,0,0,0,3,2,,2052.0,1,2,0,0,0,0,0,3,4,0,1,10,,N,,,,,,,,,,,