CRN,ARRIVAL_TM,AUTOMOBILE_COUNT,BELTED_DEATH_COUNT,BELTED_SUSP_SERIOUS_INJ_COUNT,BICYCLE_COUNT,BICYCLE_DEATH_COUNT,BICYCLE_SUSP_SERIOUS_INJ_COUNT,BUS_COUNT,CHLDPAS_DEATH_COUNT,CHLDPAS_SUSP_SERIOUS_INJ_COUNT,COLLISION_TYPE,COMM_VEH_COUNT,CONS_ZONE_SPD_LIM,COUNTY,CRASH_MONTH,CRASH_YEAR,DAY_OF_WEEK,DEC_LAT,DEC_LONG,DISPATCH_TM,DISTRICT,DRIVER_COUNT_16YR,DRIVER_COUNT_17YR,DRIVER_COUNT_18YR,DRIVER_COUNT_19YR,DRIVER_COUNT_20YR,DRIVER_COUNT_50_64YR,DRIVER_COUNT_65_74YR,DRIVER_COUNT_75PLUS,EST_HRS_CLOSED,FATAL_COUNT,HEAVY_TRUCK_COUNT,HORSE_BUGGY_COUNT,HOUR_OF_DAY,ILLUMINATION,INJURY_COUNT,INTERSECT_TYPE,INTERSECTION_RELATED,LANE_CLOSED,LATITUDE,LN_CLOSE_DIR,LOCATION_TYPE,LONGITUDE,MAX_SEVERITY_LEVEL,MCYCLE_DEATH_COUNT,MCYCLE_SUSP_SERIOUS_INJ_COUNT,MOTORCYCLE_COUNT,MUNICIPALITY,NONMOTR_COUNT,NONMOTR_DEATH_COUNT,NONMOTR_SUSP_SERIOUS_INJ_COUNT,NTFY_HIWY_MAINT,PED_COUNT,PED_DEATH_COUNT,PED_SUSP_SERIOUS_INJ_COUNT,PERSON_COUNT,POLICE_AGCY,POSSIBLE_INJ_COUNT,RDWY_SURF_TYPE_CD,RELATION_TO_ROAD,ROAD_CONDITION,ROADWAY_CLEARED,SCH_BUS_IND,SCH_ZONE_IND,SECONDARY_CRASH,SMALL_TRUCK_COUNT,SPEC_JURIS_CD,SUSP_MINOR_INJ_COUNT,SUSP_SERIOUS_INJ_COUNT,SUV_COUNT,TCD_FUNC_CD,TCD_TYPE,TFC_DETOUR_IND,TIME_OF_DAY,TOT_INJ_COUNT,TOTAL_UNITS,UNB_DEATH_COUNT,UNB_SUSP_SERIOUS_INJ_COUNT,UNBELTED_OCC_COUNT,UNK_INJ_DEG_COUNT,UNK_INJ_PER_COUNT,URBAN_AREA,URBAN_RURAL,VAN_COUNT,VEHICLE_COUNT,WEATHER1,WEATHER2,WORK_ZONE_IND,WORK_ZONE_LOC,WORK_ZONE_TYPE,WORKERS_PRES,WZ_CLOSE_DETOUR,WZ_FLAGGER,WZ_LAW_OFFCR_IND,WZ_LN_CLOSURE,WZ_MOVING,WZ_OTHER,WZ_SHLDER_MDN,WZ_WORKERS_INJ_KILLED
2010028539,1921.0,1,0,0,0,0,0,0,0,0,4,0,,67,2,2010,4,39.9625,-75.2243,1920.0,6,0,0,0,0,0,0,0,0,,0,1,0,18.0,3,1,0,,0,39 57:44.916,,0,75 13:27.659,4,0,0,0,67301,0,0,0,N,0,0,0,2,67301,1,,6,1,,N,N,,0,,0,0,0,0,0,,1850.0,1,2,0,0,0,0,0,3,4,0,2,3,,N,,,,,,,,,,,
2010018039,1125.0,0,0,0,0,0,0,0,0,0,7,0,,67,1,2010,3,40.0576,-75.029,1121.0,6,0,0,0,0,0,1,0,0,,0,0,0,11.0,1,1,0,,0,40 03:27.330,,0,75 01:44.471,8,0,0,0,67301,0,0,0,N,0,0,0,1,67301,0,,5,1,,N,N,,0,,0,0,0,0,0,,1120.0,1,1,0,0,0,1,0,3,4,1,1,3,,N,,,,,,,,,,,
2010018046,1020.0,2,0,0,0,0,0,0,0,0,4,0,,67,1,2010,5,40.0145,-75.1315,1018.0,6,0,0,0,0,0,1,0,0,,0,0,0,10.0,1,1,0,,0,40 00:52.365,,0,75 07:53.241,4,0,0,0,67301,0,0,0,N,0,0,0,2,67301,1,,1,1,,N,Y,,0,,0,0,0,0,0,,1014.0,1,2,0,0,0,0,0,3,4,0,2,3,,N,,,,,,,,,,,
2010103608,320.0,0,0,0,0,0,0,0,0,0,7,0,,67,10,2010,1,39.9592,-75.1415,315.0,6,0,0,0,0,0,0,0,0,1.0,0,0,0,3.0,3,0,0,,2,39 57:28.485,4.0,2,75 08:30.107,0,0,0,0,67301,0,0,0,N,0,0,0,1,68K01,0,,2,1,,N,N,,1,,0,0,0,0,0,N,313.0,0,1,0,0,0,0,0,3,4,0,1,3,,N,,,,,,,,,,,
2011008208,927.0,2,0,0,0,0,0,0,0,0,1,0,,67,12,2010,3,39.9972,-75.1193,925.0,6,0,0,0,0,0,0,0,0,,0,0,0,9.0,1,1,1,,0,39 59:49.987,,0,75 07:09.686,8,0,0,0,67301,0,0,0,N,0,0,0,4,67301,0,,1,1,,N,N,,1,,0,0,0,3,2,,922.0,1,3,0,0,0,1,1,3,4,0,3,3,,N,,,,,,,,,,,
2011008232,1800.0,2,0,0,0,0,0,0,0,0,4,0,,67,12,2010,2,39.9746,-75.1852,1757.0,6,0,0,0,0,0,0,0,0,,0,0,0,17.0,3,0,0,,0,39 58:28.513,,0,75 11:06.547,9,0,0,0,67301,0,0,0,N,0,0,0,4,67301,0,,1,1,,N,N,,0,,0,0,0,0,0,,1751.0,0,2,0,0,0,0,1,3,4,0,2,3,,N,,,,,,,,,,,
2011009790,1725.0,0,0,0,0,0,0,0,0,0,4,0,,67,12,2010,6,39.9692,-75.2058,1705.0,6,0,0,0,0,0,0,0,0,,0,0,0,17.0,4,1,1,,0,39 58:09.267,,0,75 12:20.905,8,0,0,0,67301,0,0,0,N,0,0,0,2,67301,0,,1,2,,N,N,,0,,0,0,1,3,3,,1703.0,1,2,0,0,0,1,0,3,4,1,2,10,,N,,,,,,,,,,,
2011000875,9999.0,2,0,0,0,0,0,0,0,0,4,0,,67,11,2010,3,40.0128,-75.1745,9999.0,6,0,0,0,0,0,0,0,0,,0,0,0,13.0,1,1,2,,0,40 00:46.062,,0,75 10:28.101,8,0,0,0,67301,0,0,0,,0,0,0,2,67301,0,,1,1,,N,N,,0,,0,0,2,3,3,,1321.0,1,4,0,0,0,1,0,3,4,0,4,3,,N,,,,,,,,,,,
2011001732,2102.0,1,0,0,0,0,0,0,0,0,5,0,,67,11,2010,2,40.0122,-75.1375,2057.0,6,0,0,0,0,0,0,0,0,,0,0,0,20.0,3,0,0,,0,40 00:43.808,,0,75 08:14.895,9,0,0,0,67301,0,0,0,N,0,0,0,1,67301,0,,2,1,,N,N,,1,,0,0,1,0,0,,2057.0,0,4,0,0,0,0,1,3,4,1,4,3,,N,,,,,,,,,,,
2011001752,1138.0,1,0,0,0,0,0,0,0,0,4,0,,67,12,2010,7,40.0211,-75.1399,1130.0,6,0,0,0,0,0,3,0,0,2.0,0,0,0,11.0,1,3,1,,2,40 01:15.937,7.0,0,75 08:23.758,3,0,0,0,67301,0,0,0,N,0,0,0,9,67301,0,,1,1,,N,N,,2,,3,0,0,3,2,N,1124.0,3,3,0,0,0,0,0,3,4,0,3,3,,N,,,,,,,,,,,
2011000757,1559.0,1,0,0,0,0,0,0,0,0,1,0,,67,12,2010,6,39.9979,-75.185,1553.0,6,0,0,0,0,0,0,0,1,,0,0,0,15.0,1,1,2,,0,39 59:52.412,,0,75 11:06.085,4,0,0,0,67301,0,0,0,N,0,0,0,2,67301,1,,1,1,,N,N,,0,,0,0,0,3,2,,1550.0,1,2,0,0,0,0,1,3,4,1,2,3,,N,,,,,,,,,,,
2011000780,1915.0,1,0,0,0,0,0,1,0,0,1,1,,67,11,2010,6,40.0374,-75.1731,1915.0,6,0,0,0,0,0,0,1,0,,0,0,0,19.0,3,1,2,,0,40 02:14.683,,7,75 10:23.069,4,0,0,0,67301,0,0,0,,0,0,0,6,67301,1,,1,1,,,,,0,,0,0,0,0,0,,1905.0,1,2,0,0,2,0,1,3,4,0,2,3,,N,,,,,,,,,,,
2011008344,9999.0,2,0,0,0,0,0,0,0,0,4,0,,67,12,2010,2,39.979,-75.1364,9999.0,6,0,0,0,0,0,0,0,0,9.0,0,0,0,99.0,3,1,1,,1,39 58:44.482,3.0,0,75 08:11.068,4,0,0,0,67301,0,0,0,N,0,0,0,6,67301,1,,1,1,,N,N,,0,,0,0,0,3,3,N,9999.0,1,2,0,0,0,0,3,3,4,0,2,3,,N,,,,,,,,,,,
2011008364,1820.0,1,0,0,0,0,0,0,0,0,1,0,,67,12,2010,5,40.0077,-75.0856,1804.0,6,0,0,0,0,0,1,0,0,,0,0,0,18.0,3,1,0,,0,40 00:27.254,,0,75 05:09.560,3,0,0,0,67301,0,0,0,N,0,0,0,1,67301,0,,6,1,,N,N,,1,,1,0,1,0,0,,1800.0,1,3,0,0,0,0,0,3,4,0,3,3,,N,,,,,,,,,,,
2011008367,1626.0,4,0,0,0,0,0,0,0,0,1,0,,67,12,2010,6,,,1623.0,6,0,0,0,0,0,0,0,0,1.0,0,0,0,16.0,1,1,0,,2,,2.0,0,,3,0,0,0,67301,0,0,0,N,0,0,0,4,67301,0,,1,1,,N,N,,0,,1,0,0,0,0,N,1620.0,1,4,0,0,0,0,0,3,3,0,4,3,,N,,,,,,,,,,,
2011025869,0.0,1,0,0,0,0,0,0,0,0,4,0,,67,7,2010,4,40.0364,-75.1305,0.0,6,0,0,0,0,0,0,0,0,,0,0,0,23.0,6,1,1,,0,40 02:11.165,,0,75 07:49.937,8,0,0,0,67301,0,0,0,N,0,0,0,2,00000,0,,1,1,,N,N,,0,,0,0,0,3,2,,2320.0,1,2,0,0,0,1,1,3,4,0,2,3,,N,,,,,,,,,,,
2011008478,732.0,0,0,0,0,0,0,1,0,0,1,1,,67,12,2010,5,39.9165,-75.1713,728.0,6,0,0,0,0,0,1,0,0,,0,0,0,7.0,1,1,0,,0,39 54:59.466,,0,75 10:16.767,4,0,0,0,67301,1,0,0,N,0,0,0,2,67301,1,,6,1,,N,N,,1,,0,0,0,0,0,,720.0,1,2,0,0,0,0,0,3,4,0,2,3,,N,,,,,,,,,,,
2011027966,2120.0,1,0,0,0,0,0,0,0,0,8,0,,67,5,2010,6,40.0007,-75.0724,2117.0,6,0,0,0,0,0,0,0,0,,0,0,0,21.0,3,1,2,,0,40 00:02.512,,0,75 04:20.683,3,0,0,0,67301,1,0,0,N,1,0,0,2,67301,0,,1,1,,N,N,,0,,1,0,0,3,2,,2117.0,1,2,0,0,0,0,0,3,4,0,1,3,,N,,,,,,,,,,,
2011025292,0.0,2,0,0,0,0,0,0,0,0,4,0,,67,11,2010,2,40.0468,-75.1375,0.0,6,0,0,0,0,0,0,0,0,,0,0,0,21.0,6,3,1,,0,40 02:48.483,,0,75 08:15.120,4,0,0,0,67301,0,0,0,,0,0,0,5,00000,3,,1,1,,,,,0,,0,0,0,3,2,,2100.0,3,2,0,0,0,0,0,3,4,0,2,3,,N,,,,,,,,,,,
2011008518,2230.0,1,0,0,0,0,0,0,0,0,8,0,,67,12,2010,7,40.0519,-75.0655,2227.0,6,0,0,0,0,0,0,0,0,,0,0,0,22.0,3,1,0,,0,40 03:06.917,,0,75 03:55.705,8,0,0,0,67301,1,0,0,N,1,0,0,2,67301,0,,1,9,,N,N,,0,,0,0,0,0,0,,2224.0,1,2,0,0,0,1,0,3,4,0,1,7,,N,,,,,,,,,,,
2011008530,2333.0,1,0,0,0,0,0,0,0,0,7,0,,67,12,2010,5,40.0316,-75.0633,2333.0,6,0,0,0,0,0,0,0,0,2.0,0,0,0,23.0,3,0,5,,2,40 01:53.383,2.0,0,75 03:47.425,0,0,0,0,67301,0,0,0,,0,0,0,1,67301,0,,3,2,,N,N,,0,,0,0,0,3,2,Y,2333.0,0,1,0,0,0,0,0,3,4,0,1,10,,N,,,,,,,,,,,
2011008908,1135.0,0,0,0,0,0,0,0,0,0,7,0,,67,12,2010,1,40.1102,-74.9974,1131.0,6,0,0,0,0,0,0,0,0,1.0,0,0,0,11.0,1,0,0,,2,40 06:36.264,2.0,2,74 59:51.703,0,0,0,0,67301,0,0,0,Y,0,0,0,1,67301,0,,2,9,,N,N,,0,,0,0,1,0,0,Y,1130.0,0,1,0,0,0,0,0,3,4,0,1,7,,N,,,,,,,,,,,
2011011408,1750.0,2,0,0,0,0,0,0,0,0,4,0,,67,12,2010,3,39.917,-75.2316,1741.0,6,0,0,0,0,0,1,0,0,,0,0,0,17.0,3,1,1,,0,39 55:01.315,,0,75 13:53.882,8,0,0,0,67301,0,0,0,N,0,0,0,2,67301,0,,1,1,,N,N,,0,,0,0,0,3,3,,1726.0,1,2,0,0,0,1,1,3,4,0,2,3,,N,,,,,,,,,,,
2011016932,1320.0,2,0,0,0,0,0,0,0,0,1,0,,67,12,2010,5,40.0945,-75.0153,1311.0,6,0,0,0,0,0,0,0,0,1.0,0,0,0,13.0,1,0,0,,2,40 05:40.312,1.0,0,75 00:55.097,0,0,0,0,67301,0,0,0,N,0,0,0,3,67301,0,,1,1,,N,N,,0,,0,0,0,3,2,N,1311.0,0,2,0,0,0,0,0,3,4,0,2,3,,N,,,,,,,,,,,
2010117821,345.0,1,0,0,0,0,0,0,0,0,7,0,,67,10,2010,1,39.9614,-75.1482,342.0,6,0,0,0,0,0,0,0,0,,0,0,0,3.0,3,1,1,,0,39 57:41.045,,0,75 08:53.398,3,0,0,0,67301,0,0,0,N,0,0,0,2,67301,0,,3,1,,N,N,,0,,1,0,1,3,2,,342.0,1,2,0,0,0,0,1,3,4,0,2,3,,N,,,,,,,,,,,
2010122424,555.0,2,0,0,0,0,0,0,0,0,1,0,,67,11,2010,7,40.1237,-74.9952,545.0,6,0,0,0,0,0,0,0,0,,0,0,0,5.0,1,0,0,,0,40 07:25.435,,0,74 59:42.615,0,0,0,0,67301,0,0,0,,0,0,0,1,67301,0,,6,9,,,,,0,,0,0,0,0,0,,530.0,0,2,0,0,0,0,0,3,4,0,2,3,,N,,,,,,,,,,,
2010113826,600.0,1,0,0,0,0,0,0,0,0,1,0,,67,10,2010,7,39.9866,-75.0944,600.0,6,0,0,0,0,0,0,0,0,,0,0,0,2.0,3,1,1,,0,39 59:11.923,,0,75 05:39.698,4,0,0,0,67301,0,0,0,,0,0,0,2,67301,1,,1,1,,,,,0,,0,0,1,3,3,,220.0,1,2,0,0,0,0,1,3,4,0,2,3,,N,,,,,,,,,,,
2010117140,234.0,1,0,0,0,0,0,0,0,0,7,0,,67,10,2010,1,39.9105,-75.1497,232.0,6,0,0,0,0,0,0,0,0,,0,0,0,2.0,3,3,0,,0,39 54:39.479,,2,75 08:54.864,8,0,0,0,67301,0,0,0,N,0,0,0,3,68K01,0,,2,1,,N,N,,0,,0,0,0,0,0,,225.0,3,1,0,0,0,3,0,3,4,0,1,3,,N,,,,,,,,,,,
2010119004,1109.0,2,0,0,0,0,0,0,0,0,1,0,90.0,67,11,2010,2,40.007,-75.2001,1053.0,6,0,0,0,0,0,1,0,0,1.0,0,0,0,10.0,1,3,0,,1,40 00:19.946,1.0,8,75 11:42.164,4,0,0,0,67301,0,0,0,N,0,0,0,4,68K01,2,,1,1,,N,N,,1,,0,0,0,0,0,N,1048.0,3,3,0,0,0,1,0,3,4,0,3,3,,Y,4.0,1.0,N,N,N,N,Y,Y,N,N,
2010111475,2329.0,1,0,0,1,0,0,0,0,0,4,0,,67,10,2010,7,39.9308,-75.1613,2328.0,6,0,0,0,0,0,0,0,0,,0,0,0,23.0,3,1,1,,0,39 55:50.923,,0,75 09:40.532,4,0,0,0,67301,1,0,0,N,0,0,0,2,67301,1,,1,1,,N,N,,0,,0,0,0,3,3,,2325.0,1,2,0,0,1,0,0,3,4,0,1,3,,N,,,,,,,,,,,
2010061997,1304.0,1,0,0,0,0,0,0,0,0,4,0,,67,4,2010,3,39.9849,-75.1205,1300.0,6,0,0,0,0,0,0,0,0,,0,0,0,12.0,1,1,0,,0,39 59:05.798,,7,75 07:13.715,4,0,0,0,67301,0,0,0,,0,0,0,2,67301,1,,1,9,,,,,1,,0,0,0,0,0,,1258.0,1,2,0,0,0,0,0,3,4,0,2,7,,N,,,,,,,,,,,
2010081916,810.0,1,0,0,0,0,0,0,0,0,4,0,,67,7,2010,6,40.0321,-75.0676,805.0,6,0,0,0,0,0,1,0,0,,0,0,0,8.0,1,2,1,,0,40 01:55.501,,0,75 04:03.429,8,0,0,0,67301,0,0,0,N,0,0,0,5,67301,0,,1,1,,N,N,,0,,0,0,1,3,2,,800.0,2,2,0,0,0,2,3,3,4,0,2,3,,N,,,,,,,,,,,
2010081924,12.0,1,0,0,0,0,0,0,0,0,1,0,,67,7,2010,7,39.9597,-75.2474,4.0,6,0,0,0,0,0,1,0,0,,0,0,0,0.0,3,3,2,,0,39 57:34.816,,0,75 14:50.653,8,0,0,0,67301,0,0,0,N,0,0,0,5,67301,0,,1,1,,N,N,,0,,0,0,1,3,2,,0.0,3,2,0,0,0,3,0,3,4,0,2,3,,N,,,,,,,,,,,
2010067075,2113.0,0,0,0,0,0,0,0,0,0,8,0,,67,6,2010,6,40.0045,-75.1627,2101.0,6,0,0,0,0,0,0,0,0,,0,0,0,20.0,1,1,2,,0,40 00:16.074,,0,75 09:45.601,4,0,0,0,67301,1,0,0,,1,0,0,2,67301,1,,1,1,,,,,0,,0,0,1,3,3,,2036.0,1,2,0,0,0,0,0,3,4,0,1,3,,N,,,,,,,,,,,
2010067076,1630.0,1,0,0,1,0,0,0,0,0,4,0,,67,6,2010,4,39.934,-75.1862,1626.0,6,0,0,0,0,0,0,0,0,,0,0,0,15.0,1,1,1,,0,39 56:02.515,,0,75 11:10.165,4,0,0,0,67301,1,0,0,,0,0,0,3,67301,1,,1,1,,,,,0,,0,0,0,3,2,,1550.0,1,2,0,0,1,0,0,3,4,0,1,3,,N,,,,,,,,,,,
2010067082,1607.0,2,0,0,0,0,0,0,0,0,6,0,,67,6,2010,6,39.9663,-75.1928,1602.0,6,0,0,0,0,0,0,0,0,,0,0,0,15.0,1,0,1,,0,39 57:58.550,,0,75 11:33.953,0,0,0,0,67301,0,0,0,N,0,0,0,4,67301,0,,1,9,,N,N,,0,,0,0,1,3,3,,1550.0,0,3,0,0,1,0,0,3,4,0,3,3,,N,,,,,,,,,,,
2010069648,930.0,2,0,0,0,0,0,0,0,0,4,0,,67,6,2010,4,40.0039,-75.1492,930.0,6,0,0,0,0,0,0,0,0,,0,0,0,20.0,6,1,1,,0,40 00:14.047,,0,75 08:57.044,8,0,0,0,67301,0,0,0,,0,0,0,2,67301,0,,1,98,,,,,0,,0,0,0,3,2,,2050.0,1,2,0,0,0,1,0,3,4,0,2,99,,N,,,,,,,,,,,
2010084558,2256.0,3,0,0,0,0,0,0,0,0,1,0,,67,7,2010,1,40.0546,-75.01,2250.0,6,0,0,0,0,1,1,0,0,1.0,0,0,0,22.0,3,1,2,,1,40 03:16.658,1.0,0,75 00:35.920,8,0,0,0,67301,0,0,0,N,0,0,0,3,67301,0,,1,1,,N,N,,0,,0,0,0,3,2,N,2245.0,1,3,0,0,0,1,0,3,4,0,3,3,,N,,,,,,,,,,,
2010071529,330.0,1,0,0,0,0,0,0,0,0,1,0,,67,6,2010,1,40.0424,-75.0827,330.0,6,0,0,0,0,0,0,0,0,,0,0,0,1.0,6,1,1,,0,40 02:32.725,,0,75 04:57.598,4,0,0,0,67301,0,0,0,N,0,0,0,3,67301,1,,1,1,,N,N,,0,,0,0,1,3,2,,104.0,1,2,0,0,0,0,0,3,4,0,2,3,,N,,,,,,,,,,,
2010081810,1352.0,1,0,0,0,0,0,0,0,0,1,0,,67,7,2010,5,39.9172,-75.2374,1351.0,6,0,0,0,0,0,0,0,0,,0,0,0,13.0,1,1,0,,0,39 55:02.033,,0,75 14:14.602,4,0,0,0,67301,0,0,0,N,0,0,0,1,67301,1,,6,1,,N,N,,0,,0,0,0,3,2,,1340.0,1,2,0,0,0,0,0,3,4,1,2,3,,N,,,,,,,,,,,
2010074645,47.0,1,0,0,0,0,0,0,0,0,4,0,,67,7,2010,3,39.9409,-75.1978,45.0,6,0,0,0,0,0,1,0,0,1.0,0,0,0,0.0,3,2,0,,1,39 56:27.276,1.0,0,75 11:51.952,8,0,0,0,67301,0,0,0,N,0,0,0,3,67301,0,,1,1,,N,N,,0,,0,0,1,0,0,N,39.0,2,2,0,0,0,2,0,3,4,0,2,3,,N,,,,,,,,,,,
2010054173,1757.0,1,0,0,0,0,0,0,0,0,1,0,,67,6,2010,2,40.038,-75.0608,1755.0,6,0,0,0,0,0,1,0,0,1.0,0,0,0,17.0,1,1,0,,2,40 02:16.731,1.0,0,75 03:38.994,4,0,0,0,67301,0,0,0,N,0,0,0,2,67301,1,,1,1,,N,N,,0,,0,0,0,0,0,N,1750.0,1,2,0,0,0,0,0,3,4,1,2,3,,N,,,,,,,,,,,
2010074667,1904.0,1,0,0,1,0,0,0,0,0,4,0,,67,7,2010,2,39.9693,-75.1561,1900.0,6,0,0,0,0,0,0,0,0,,0,0,0,18.0,1,1,2,,0,39 58:09.508,,0,75 09:21.923,8,0,0,0,67301,1,0,0,N,0,0,0,3,67301,0,,1,1,,N,N,,0,,0,0,0,3,2,,1855.0,1,2,0,0,0,1,0,3,4,0,1,3,,N,,,,,,,,,,,
2010072140,1608.0,1,0,0,0,0,0,0,0,0,1,0,,67,7,2010,6,40.0383,-75.0104,1602.0,6,0,0,0,0,0,0,0,0,,0,0,0,15.0,1,0,0,,0,40 02:18.179,,0,75 00:37.237,0,0,0,0,67301,0,0,0,N,0,0,0,3,68K01,0,,1,1,,N,N,,1,,0,0,0,0,0,,1558.0,0,2,0,0,0,0,0,3,4,0,2,3,,N,,,,,,,,,,,
2010033564,1136.0,1,0,0,0,0,0,0,0,0,7,0,55.0,67,2,2010,6,39.8858,-75.2078,1136.0,6,0,0,0,0,0,0,0,0,,0,0,0,11.0,1,0,0,,0,39 53:38.184,,3,75 11:43.447,0,0,0,0,67301,0,0,0,N,0,0,0,2,68K01,0,,4,6,,N,N,,0,,0,0,0,0,0,,1135.0,0,1,0,0,0,0,0,3,4,0,1,10,,Y,8.0,1.0,N,N,N,N,N,N,N,Y,
2010027960,1500.0,1,0,0,0,0,0,0,0,0,4,0,,67,2,2010,4,40.0849,-75.0252,1455.0,6,0,0,0,0,0,0,0,0,,0,0,0,14.0,1,0,2,,0,40 05:05.544,,6,75 01:30.616,9,0,0,0,67301,0,0,0,N,0,0,0,2,67301,0,,1,9,,N,N,,0,,0,0,0,3,2,,1450.0,0,2,0,0,0,0,2,3,4,1,2,10,,N,,,,,,,,,,,
2010028294,2225.0,2,0,0,0,0,0,0,0,0,1,0,,67,2,2010,3,39.9574,-75.2293,2221.0,6,0,0,0,0,0,1,0,0,,0,0,0,22.0,3,3,1,,0,39 57:26.750,,0,75 13:45.402,3,0,0,0,67301,0,0,0,N,0,0,0,5,67301,0,,1,6,,N,N,,0,,3,0,0,3,2,,2215.0,3,2,0,0,0,0,0,3,4,0,2,3,,N,,,,,,,,,,,
2010028342,1100.0,2,0,0,0,0,0,0,0,0,1,0,,67,2,2010,2,40.0176,-75.065,1053.0,6,0,0,0,0,0,1,0,1,,0,0,0,10.0,1,1,1,,0,40 01:03.097,,0,75 03:54.438,8,0,0,0,67301,0,0,0,N,0,0,0,2,67301,0,,1,9,,N,N,,0,,0,0,0,3,2,,1045.0,1,2,0,0,0,1,0,3,4,0,2,7,,N,,,,,,,,,,,
2010025547,753.0,1,0,0,0,0,0,0,0,0,7,0,,67,2,2010,7,39.9994,-75.0803,749.0,6,0,0,0,0,0,0,0,0,,0,0,0,7.0,1,0,0,,0,39 59:58.271,,0,75 04:48.670,0,0,0,0,67301,0,0,0,N,0,0,0,1,68K01,0,,4,9,,N,N,,0,,0,0,0,0,0,,745.0,0,1,0,0,0,0,0,3,4,0,1,10,,N,,,,,,,,,,,
2010023620,1755.0,1,0,0,0,0,0,0,0,0,7,0,,67,2,2010,4,39.8918,-75.2368,1750.0,6,0,0,0,0,0,0,0,0,2.0,0,0,0,17.0,3,0,0,,1,39 53:30.384,1.0,0,75 14:12.195,0,0,0,0,67301,0,0,0,Y,0,0,0,3,68K01,0,,5,1,,N,N,,0,,0,0,0,0,0,N,1749.0,0,1,0,0,0,0,0,3,4,0,1,3,,N,,,,,,,,,,,
2010018007,1420.0,2,0,0,0,0,0,0,0,0,1,0,,67,1,2010,5,40.0443,-75.054,1419.0,6,0,0,0,0,0,0,1,0,,0,0,0,14.0,1,1,0,,0,40 02:39.529,,0,75 03:14.210,4,0,0,0,67301,0,0,0,N,0,0,0,2,67301,1,,1,1,,N,N,,0,,0,0,0,3,2,,1417.0,1,2,0,0,0,0,0,3,4,0,2,3,,N,,,,,,,,,,,
2010028577,1605.0,1,0,0,0,0,0,0,0,0,4,0,,67,1,2010,1,40.0397,-75.1434,1559.0,6,0,0,0,0,0,0,0,0,,0,0,0,99.0,1,1,1,,0,40 02:22.876,,0,75 08:36.160,4,0,0,0,67301,0,0,0,N,0,0,0,2,67301,1,,1,1,,N,N,,0,,0,0,0,3,3,,9999.0,1,2,0,0,0,0,0,3,4,1,2,3,,N,,,,,,,,,,,
2010028594,1502.0,1,0,0,0,0,0,0,0,0,8,0,,67,2,2010,5,40.0627,-75.0576,1457.0,6,0,0,0,0,0,0,0,0,,0,0,0,14.0,1,1,0,,0,40 03:45.757,,0,75 03:27.326,8,0,0,0,67301,1,0,0,N,1,0,0,2,67301,0,,1,1,,N,N,,0,,0,0,0,0,0,,1445.0,1,2,0,0,0,1,0,3,4,0,1,3,,N,,,,,,,,,,,
2010108204,646.0,1,0,0,0,0,0,0,0,0,1,0,,67,11,2010,3,39.9599,-75.178,636.0,6,0,0,0,0,0,0,0,0,,0,0,0,6.0,2,0,0,,0,39 57:36.312,,0,75 10:46.410,0,0,0,0,67301,0,0,0,N,0,0,0,2,68K01,0,,1,1,,N,N,,1,,0,0,0,0,0,,633.0,0,2,0,0,0,0,0,3,4,0,2,3,,N,,,,,,,,,,,
2011010616,1045.0,2,0,0,0,0,0,0,0,0,2,0,,67,12,2010,4,40.0507,-75.1001,1042.0,6,0,0,0,0,0,0,0,0,,0,0,0,10.0,1,2,0,,0,40 03:02.570,,0,75 06:00.385,8,0,0,0,67301,0,0,0,N,0,0,0,5,67301,0,,1,6,,N,N,,0,,0,0,0,0,0,,1030.0,2,2,0,0,0,2,0,3,4,0,2,10,,N,,,,,,,,,,,
2011009999,1645.0,2,0,0,0,0,0,0,0,0,1,1,,67,12,2010,3,40.0524,-75.0079,1640.0,6,0,0,0,0,0,0,1,0,3.0,0,1,0,16.0,1,1,0,,1,40 03:08.492,4.0,0,75 00:28.272,4,0,0,0,67301,0,0,0,N,0,0,0,3,67301,1,,1,9,,N,N,,0,,0,0,0,3,2,N,1630.0,1,3,0,0,0,0,0,3,4,0,3,10,,N,,,,,,,,,,,
2011008279,1309.0,2,0,0,0,0,0,0,0,0,4,0,,67,12,2010,2,40.1123,-75.0477,1309.0,6,0,0,0,0,1,1,0,0,,0,0,0,12.0,1,1,2,,0,40 06:44.312,,0,75 02:51.824,4,0,0,0,67301,0,0,0,N,0,0,0,2,67301,1,,1,1,,N,N,,0,,0,0,0,3,3,,1255.0,1,2,0,0,0,0,0,3,4,0,2,3,,N,,,,,,,,,,,
2011022451,0.0,0,0,0,0,0,0,0,0,0,1,0,,67,8,2010,5,39.934,-75.1862,0.0,6,0,0,0,0,0,0,0,0,,0,0,0,21.0,6,0,1,,0,39 56:02.515,,0,75 11:10.165,9,0,0,0,67301,0,0,0,N,0,0,0,8,00000,0,,1,1,,N,N,,0,,0,0,1,0,0,,2100.0,0,2,0,0,0,0,8,3,4,1,2,3,,N,,,,,,,,,,,