CRN,ARRIVAL_TM,AUTOMOBILE_COUNT,BELTED_DEATH_COUNT,BELTED_SUSP_SERIOUS_INJ_COUNT,BICYCLE_COUNT,BICYCLE_DEATH_COUNT,BICYCLE_SUSP_SERIOUS_INJ_COUNT,BUS_COUNT,CHLDPAS_DEATH_COUNT,CHLDPAS_SUSP_SERIOUS_INJ_COUNT,COLLISION_TYPE,COMM_VEH_COUNT,CONS_ZONE_SPD_LIM,COUNTY,CRASH_MONTH,CRASH_YEAR,DAY_OF_WEEK,DEC_LAT,DEC_LONG,DISPATCH_TM,DISTRICT,DRIVER_COUNT_16YR,DRIVER_COUNT_17YR,DRIVER_COUNT_18YR,DRIVER_COUNT_19YR,DRIVER_COUNT_20YR,DRIVER_COUNT_50_64YR,DRIVER_COUNT_65_74YR,DRIVER_COUNT_75PLUS,EST_HRS_CLOSED,FATAL_COUNT,HEAVY_TRUCK_COUNT,HORSE_BUGGY_COUNT,HOUR_OF_DAY,ILLUMINATION,INJURY_COUNT,INTERSECT_TYPE,INTERSECTION_RELATED,LANE_CLOSED,LATITUDE,LN_CLOSE_DIR,LOCATION_TYPE,LONGITUDE,MAX_SEVERITY_LEVEL,MCYCLE_DEATH_COUNT,MCYCLE_SUSP_SERIOUS_INJ_COUNT,MOTORCYCLE_COUNT,MUNICIPALITY,NONMOTR_COUNT,NONMOTR_DEATH_COUNT,NONMOTR_SUSP_SERIOUS_INJ_COUNT,NTFY_HIWY_MAINT,PED_COUNT,PED_DEATH_COUNT,PED_SUSP_SERIOUS_INJ_COUNT,PERSON_COUNT,POLICE_AGCY,POSSIBLE_INJ_COUNT,RDWY_SURF_TYPE_CD,RELATION_TO_ROAD,ROAD_CONDITION,ROADWAY_CLEARED,SCH_BUS_IND,SCH_ZONE_IND,SECONDARY_CRASH,SMALL_TRUCK_COUNT,SPEC_JURIS_CD,SUSP_MINOR_INJ_COUNT,SUSP_SERIOUS_INJ_COUNT,SUV_COUNT,TCD_FUNC_CD,TCD_TYPE,TFC_DETOUR_IND,TIME_OF_DAY,TOT_INJ_COUNT,TOTAL_UNITS,UNB_DEATH_COUNT,UNB_SUSP_SERIOUS_INJ_COUNT,UNBELTED_OCC_COUNT,UNK_INJ_DEG_COUNT,UNK_INJ_PER_COUNT,URBAN_AREA,URBAN_RURAL,VAN_COUNT,VEHICLE_COUNT,WEATHER1,WEATHER2,WORK_ZONE_IND,WORK_ZONE_LOC,WORK_ZONE_TYPE,WORKERS_PRES,WZ_CLOSE_DETOUR,WZ_FLAGGER,WZ_LAW_OFFCR_IND,WZ_LN_CLOSURE,WZ_MOVING,WZ_OTHER,WZ_SHLDER_MDN,WZ_WORKERS_INJ_KILLED
2011022467,0.0,2,0,0,0,0,0,0,0,0,4,0,,67,1,2010,6,39.9804,-75.1179,0.0,6,0,0,0,0,0,0,0,0,,0,0,0,1.0,6,1,1,,0,39 58:53.558,,0,75 07:02.606,4,0,0,0,67301,0,0,0,N,0,0,0,3,00000,1,,1,9,,N,N,,0,,0,0,0,3,2,,100.0,1,2,0,0,0,0,1,3,4,0,2,7,,N,,,,,,,,,,,
2011026302,2117.0,2,0,0,0,0,0,0,0,0,1,0,,67,5,2010,1,39.9569,-75.2249,2117.0,6,0,0,0,0,0,1,0,0,,0,0,0,21.0,3,0,0,,0,39 57:24.781,,0,75 13:29.490,0,0,0,0,67301,0,0,0,N,0,0,0,4,67301,0,,1,1,,N,N,,0,,0,0,0,0,0,,2110.0,0,3,0,0,0,0,0,3,4,1,3,3,,N,,,,,,,,,,,
2011026331,1849.0,2,0,0,0,0,0,0,0,0,1,0,,67,5,2010,2,39.9591,-75.1973,1847.0,6,0,0,0,0,0,0,0,0,,0,0,0,18.0,1,1,0,,0,39 57:32.794,,0,75 11:50.359,3,0,0,0,67301,1,0,0,,0,0,0,3,67301,0,,2,1,,N,N,,1,,1,0,0,0,0,,1840.0,1,3,0,0,0,0,0,3,4,0,3,3,,N,,,,,,,,,,,
2011024404,0.0,1,0,0,0,0,0,0,0,0,1,0,,67,10,2010,6,40.0541,-75.049,0.0,6,0,0,0,0,0,0,0,0,,0,0,0,99.0,1,1,1,,0,40 03:14.351,,0,75 02:56.006,8,0,0,0,67301,0,0,0,N,0,0,0,2,00000,0,,1,1,,N,N,,0,,0,0,0,0,0,,9999.0,1,2,0,0,0,1,1,3,4,0,2,3,,N,,,,,,,,,,,
2011001386,1825.0,2,0,0,0,0,0,0,0,0,1,0,,67,12,2010,4,39.8985,-75.1808,1817.0,6,0,0,0,0,0,0,0,0,,0,0,0,18.0,3,0,0,,0,39 53:55.597,,0,75 10:11.179,0,0,0,0,67301,0,0,0,N,0,0,0,2,68K01,0,,1,1,,N,N,,0,,0,0,0,0,0,,1814.0,0,2,0,0,0,0,0,3,4,0,2,3,,N,,,,,,,,,,,
2011008303,221.0,2,0,0,0,0,0,0,0,0,7,0,,67,12,2010,1,39.9796,-75.2045,214.0,6,0,0,0,0,0,0,0,0,2.0,0,0,0,2.0,3,0,0,,1,39 58:49.203,3.0,0,75 12:20.113,0,0,0,0,67301,0,0,0,N,0,0,0,4,67301,0,,3,9,,N,N,,0,,0,0,0,0,0,N,213.0,0,2,0,0,2,0,0,3,4,0,2,7,,N,,,,,,,,,,,
2011008349,1544.0,0,0,0,0,0,0,0,0,0,4,0,,67,12,2010,3,39.9697,-75.1416,1542.0,6,0,0,0,0,0,0,0,0,,0,0,0,15.0,1,1,1,,0,39 58:11.253,,0,75 08:29.394,4,0,0,0,67301,0,0,0,N,0,0,0,2,67301,1,,1,1,,N,N,,0,,0,0,2,2,2,,1540.0,1,2,0,0,0,0,0,3,4,0,2,3,,N,,,,,,,,,,,
2011008356,1345.0,0,0,0,0,0,0,0,0,0,1,1,,67,12,2010,7,39.9365,-75.2191,1345.0,6,0,0,0,0,0,0,0,0,,0,1,0,13.0,1,1,0,,0,39 56:11.400,,0,75 13:08.860,8,0,0,0,67301,0,0,0,,0,0,0,1,67301,0,,6,1,,,,,0,,0,0,1,3,2,,1330.0,1,2,0,0,0,1,0,3,4,0,2,3,,N,,,,,,,,,,,
2011025739,1833.0,2,0,0,0,0,0,0,0,0,1,0,,67,5,2010,5,39.9392,-75.1905,1830.0,6,0,0,0,0,0,0,0,0,,0,0,0,16.0,1,2,0,,0,39 56:21.130,,7,75 11:25.830,4,0,0,0,67301,0,0,0,,0,0,0,8,67301,2,,1,1,,N,N,,0,,0,0,2,0,0,,1610.0,2,4,0,0,0,0,0,3,4,0,4,3,,N,,,,,,,,,,,
2011025747,913.0,3,0,0,0,0,0,0,0,0,4,0,,67,5,2010,3,40.0056,-75.1278,908.0,6,0,0,0,0,0,0,1,0,,0,0,0,8.0,1,2,0,,0,40 00:20.289,,7,75 07:40.072,4,0,0,0,67301,0,0,0,,0,0,0,4,67301,1,,1,1,,,,,0,,0,0,0,3,2,,839.0,2,3,0,0,0,1,0,3,4,0,3,3,,N,,,,,,,,,,,
2010069681,1225.0,3,0,0,0,0,0,0,0,0,1,0,,67,6,2010,7,40.0436,-75.0219,1221.0,6,0,0,0,0,0,0,0,0,,0,0,0,12.0,1,2,0,,0,40 02:37.126,,0,75 01:18.836,4,0,0,0,67301,0,0,0,N,0,0,0,8,67301,1,,1,1,,N,N,,0,,0,0,0,3,2,,1210.0,2,3,0,0,0,1,0,3,4,0,3,3,,N,,,,,,,,,,,
2010056809,1928.0,0,0,0,0,0,0,0,0,0,7,0,,67,6,2010,4,39.9312,-75.1992,1917.0,6,0,0,0,0,0,0,0,0,3.0,0,0,0,19.0,1,0,0,,2,39 55:54.385,4.0,0,75 11:59.001,0,0,0,0,67301,0,0,0,N,0,0,0,3,68K01,0,,3,9,,N,N,,1,,0,0,0,0,0,Y,1909.0,0,1,0,0,1,0,0,3,4,0,1,7,,N,,,,,,,,,,,
2010081751,34.0,1,0,0,0,0,0,0,0,0,4,0,,67,7,2010,3,40.0265,-75.0422,31.0,6,0,0,0,0,0,0,0,0,3.0,0,0,0,0.0,3,3,1,,2,40 01:35.410,7.0,0,75 02:31.777,4,0,0,0,67301,0,0,0,N,0,0,0,3,67301,3,,1,1,,N,N,,1,,0,0,0,3,3,Y,20.0,3,2,0,0,0,0,0,3,4,0,2,3,,N,,,,,,,,,,,
2010081764,1441.0,2,0,0,0,0,0,0,0,0,4,0,,67,7,2010,3,39.9477,-75.2418,1440.0,6,0,0,0,0,0,1,0,0,,0,0,0,16.0,1,1,1,,0,39 56:51.590,,0,75 14:30.328,8,0,0,0,67301,0,0,0,N,0,0,0,3,67301,0,,1,1,,N,N,,0,,0,0,0,3,3,,1633.0,1,2,0,0,0,1,1,3,4,0,2,3,,N,,,,,,,,,,,
2010081795,2315.0,1,0,0,0,0,0,0,0,0,4,0,,67,7,2010,1,39.9796,-75.2535,2311.0,6,0,0,0,0,0,0,0,0,,0,0,0,22.0,3,1,1,,0,39 58:46.408,,0,75 15:12.527,4,0,0,0,67301,0,0,0,N,0,0,0,4,67301,1,,1,1,,N,N,,0,,0,0,1,3,3,,2230.0,1,2,0,0,0,0,1,3,4,0,2,3,,N,,,,,,,,,,,
2010081797,604.0,1,0,0,0,0,0,0,0,0,1,1,,67,7,2010,7,39.9756,-75.2306,600.0,6,0,0,0,0,0,0,0,0,,0,1,0,5.0,1,0,0,,0,39 58:32.224,,0,75 13:50.192,9,0,0,0,67301,0,0,0,N,0,0,0,1,67301,0,,6,9,,N,N,,1,,0,0,0,0,0,,556.0,0,3,0,0,0,0,1,3,4,0,3,7,,N,,,,,,,,,,,
2010069947,1425.0,1,0,0,0,0,0,0,0,0,4,0,,67,6,2010,7,39.9385,-75.1716,1410.0,6,0,0,0,0,0,0,0,0,,0,0,0,13.0,1,1,1,,0,39 56:18.452,,0,75 10:17.734,4,0,0,0,67301,1,0,0,N,1,0,0,2,67301,1,,1,1,,N,N,,0,,0,0,0,3,2,,1350.0,1,2,0,0,0,0,0,3,4,0,1,3,,N,,,,,,,,,,,
2010069968,1345.0,0,0,0,0,0,0,0,0,0,8,0,,67,6,2010,1,39.9561,-75.2098,1345.0,6,0,0,0,0,0,0,0,0,,0,0,0,1.0,6,1,2,,0,39 57:22.035,,0,75 12:35.431,4,0,0,0,67301,1,0,0,N,1,0,0,2,67301,1,,1,1,,N,N,,0,,0,0,0,0,0,,100.0,1,2,0,0,0,0,1,3,4,0,1,99,,N,,,,,,,,,,,
2010070021,1943.0,1,0,0,0,0,0,0,0,0,4,0,,67,6,2010,5,39.9345,-75.2217,1943.0,6,0,0,1,0,0,0,0,0,,0,0,0,19.0,1,0,1,,0,39 56:04.178,,0,75 13:18.249,0,0,0,0,67301,0,0,0,N,0,0,0,3,67301,0,,1,1,,N,N,,0,,0,0,0,3,2,,1935.0,0,2,0,0,0,0,0,3,4,1,2,3,,N,,,,,,,,,,,
2010067028,1827.0,2,0,0,0,0,0,0,0,0,1,0,,67,6,2010,1,39.9594,-75.2453,1826.0,6,0,0,0,0,0,0,0,0,,0,0,0,18.0,1,0,1,,0,39 57:33.899,,0,75 14:43.234,0,0,0,0,67301,0,0,0,N,0,0,0,6,67301,0,,1,9,,N,N,,0,,0,0,1,3,2,,1819.0,0,3,0,0,0,0,0,3,4,0,3,7,,N,,,,,,,,,,,
2010074519,1823.0,1,0,0,0,0,0,0,0,0,8,0,,67,7,2010,5,39.9287,-75.2298,1819.0,6,0,0,0,0,0,0,0,0,,0,0,0,15.0,1,1,0,,0,39 55:43.428,,0,75 13:47.388,8,0,0,0,67301,1,0,0,,1,0,0,2,67301,0,,2,1,,N,N,,0,,0,0,0,0,0,,1530.0,1,2,0,0,0,1,1,3,4,0,1,3,,N,,,,,,,,,,,
2010074607,1648.0,2,0,0,0,0,0,0,0,0,4,0,,67,7,2010,7,39.9973,-75.0786,1639.0,6,0,0,0,0,0,1,0,0,,0,0,0,16.0,1,2,0,,0,39 59:50.161,,0,75 04:43.093,4,0,0,0,67301,0,0,0,N,0,0,0,4,67301,2,,1,1,,N,,,0,,0,0,0,0,0,,1620.0,2,2,0,0,0,0,0,3,4,0,2,3,,N,,,,,,,,,,,
2010058975,655.0,2,0,0,0,0,0,0,0,0,4,0,,67,5,2010,5,40.0339,-75.0743,649.0,6,0,0,0,0,0,1,0,0,1.0,0,0,0,6.0,1,1,1,,1,40 02:02.039,1.0,0,75 04:27.141,4,0,0,0,67301,0,0,0,N,0,0,0,2,67301,1,,1,1,,N,N,,0,,0,0,0,3,2,N,640.0,1,2,0,0,0,0,0,3,4,0,2,3,,N,,,,,,,,,,,
2010058978,240.0,1,0,0,0,0,0,0,0,0,7,0,,67,5,2010,5,39.9943,-75.1924,236.0,6,0,0,0,0,0,0,0,0,,0,0,0,2.0,3,0,0,,0,39 59:39.479,,0,75 11:32.493,0,0,0,0,67301,0,0,0,N,0,0,0,2,67301,0,,5,9,,N,N,,0,,0,0,0,0,0,,228.0,0,1,0,0,0,0,0,3,4,0,1,98,,N,,,,,,,,,,,
2010030608,2259.0,1,0,0,0,0,0,0,0,0,7,0,,67,3,2010,5,40.0095,-75.0665,2259.0,6,0,0,0,0,0,0,0,0,1.0,0,0,0,22.0,3,1,0,,1,40 00:34.290,2.0,2,75 03:59.648,8,0,0,0,67301,0,0,0,N,0,0,0,2,68K01,0,,2,1,,N,N,,0,,0,0,0,0,0,N,2255.0,1,1,0,0,1,1,0,3,4,0,1,3,,N,,,,,,,,,,,
2010022002,2215.0,1,0,0,0,0,0,0,0,0,7,0,,67,2,2010,3,39.931,-75.1442,2130.0,6,0,0,0,0,0,0,0,0,,0,0,0,21.0,3,0,6,,0,39 55:51.581,,2,75 08:39.119,0,0,0,0,67301,0,0,0,N,0,0,0,1,68K01,0,,2,2,,N,N,,0,,0,0,0,0,0,,2124.0,0,1,0,0,0,0,0,3,4,0,1,10,,N,,,,,,,,,,,
2010027977,200.0,3,0,0,0,0,0,0,0,0,1,0,,67,2,2010,7,39.9787,-75.1578,200.0,6,0,0,0,0,0,0,0,0,,0,0,0,2.0,3,4,1,,0,39 58:43.230,,0,75 09:28.092,4,0,0,0,67301,0,0,0,N,0,0,0,7,67301,4,,1,2,,N,N,,0,,0,0,0,3,2,,200.0,4,3,0,0,0,0,0,3,4,0,3,3,,N,,,,,,,,,,,
2010028065,125.0,1,0,0,0,0,0,0,0,0,1,0,,67,2,2010,1,40.0598,-75.1334,121.0,6,0,0,0,0,0,0,0,0,9.0,0,0,0,0.0,3,2,1,,1,40 03:35.236,3.0,0,75 08:00.273,4,0,0,0,67301,0,0,0,N,0,0,0,5,67301,1,,1,1,,N,N,,0,,0,0,1,3,2,N,50.0,2,2,0,0,0,1,0,3,4,0,2,3,,N,,,,,,,,,,,
2010028084,1812.0,2,0,0,0,0,0,0,0,0,1,0,,67,1,2010,3,40.0562,-75.0142,1809.0,6,0,0,0,0,0,0,0,0,,0,0,0,18.0,3,1,0,,0,40 03:22.330,,6,75 00:51.140,8,0,0,0,67301,0,0,0,N,0,0,0,3,67301,0,,1,1,,N,N,,0,,0,0,0,0,0,,1802.0,1,2,0,0,0,1,1,3,4,0,2,3,,N,,,,,,,,,,,
2010028248,2142.0,2,0,0,0,0,0,0,0,0,2,0,,67,2,2010,1,39.9558,-75.2257,2142.0,6,0,0,0,0,0,0,1,0,,0,0,0,21.0,3,1,1,,0,39 57:20.946,,0,75 13:32.664,4,0,0,0,67301,0,0,0,N,0,0,0,2,67301,1,,1,9,,N,N,,0,,0,0,0,3,2,,2140.0,1,2,0,0,0,0,0,3,4,0,2,3,,N,,,,,,,,,,,
2010028254,959.0,2,0,0,0,0,0,0,0,0,4,0,,67,2,2010,2,39.9776,-75.2109,957.0,6,0,0,0,0,0,1,1,0,,0,0,0,9.0,1,4,1,,0,39 58:39.286,,0,75 12:39.226,3,0,0,0,67301,0,0,0,N,0,0,0,5,67301,0,,1,1,,N,N,,0,,4,0,0,3,3,,955.0,4,2,0,0,0,0,1,3,4,0,2,3,,N,,,,,,,,,,,
2010028295,2140.0,1,0,0,0,0,0,0,0,0,8,0,,67,1,2010,2,39.9908,-75.1309,2139.0,6,0,0,0,0,0,1,0,0,,0,0,0,21.0,3,1,1,,0,39 59:27.376,,0,75 07:51.301,3,0,0,0,67301,1,0,0,N,1,0,0,4,67301,0,,1,1,,N,N,,0,,1,0,1,3,2,,2139.0,1,3,0,0,0,0,0,3,4,0,2,3,,N,,,,,,,,,,,
2010028314,1412.0,1,0,0,0,0,0,0,0,0,4,0,,67,2,2010,1,39.9796,-75.1157,1410.0,6,0,0,0,0,0,0,0,0,1.0,0,0,0,13.0,1,1,1,,1,39 58:46.891,3.0,0,75 06:56.754,4,0,0,0,67301,0,0,0,N,0,0,0,2,67301,1,,1,9,,N,N,,0,,0,0,1,0,0,Y,1330.0,1,2,0,0,0,0,0,3,4,0,2,3,,N,,,,,,,,,,,
2010028327,1058.0,1,0,0,0,0,0,0,0,0,8,0,,67,2,2010,2,40.0449,-75.1792,1052.0,6,0,0,0,0,0,0,0,0,,0,0,0,10.0,1,1,0,,0,40 02:41.570,,0,75 10:45.065,8,0,0,0,67301,1,0,0,N,1,0,0,2,67301,0,,6,2,,N,N,,0,,0,0,0,0,0,,1050.0,1,3,0,0,0,1,0,3,4,0,2,3,,N,,,,,,,,,,,
2010028338,850.0,1,0,0,0,0,0,0,0,0,1,0,,67,1,2010,4,40.0067,-75.1193,817.0,6,0,0,0,0,0,1,0,0,,0,0,0,8.0,1,1,1,,0,40 00:24.053,,0,75 07:09.476,8,0,0,0,67301,0,0,0,N,0,0,0,2,67301,0,,1,1,,N,N,,0,,0,0,0,3,2,,815.0,1,2,0,0,0,1,1,3,4,1,2,3,,N,,,,,,,,,,,
2010018067,1710.0,2,0,0,0,0,0,0,0,0,4,0,,67,1,2010,2,39.9197,-75.2122,1705.0,6,0,0,0,0,0,1,0,0,,0,0,0,17.0,2,2,0,,0,39 55:11.092,,7,75 12:44.028,4,0,0,0,67301,0,0,0,N,0,0,0,2,67301,2,,1,98,,N,N,,0,,0,0,0,0,0,,1705.0,2,2,0,0,0,0,0,3,4,0,2,3,,N,,,,,,,,,,,
2010015557,640.0,1,0,0,0,0,0,0,0,0,7,0,,67,1,2010,1,40.0252,-75.0313,640.0,6,0,0,0,0,0,0,0,0,,0,0,0,6.0,1,0,2,,0,40 01:30.538,,0,75 01:52.437,9,0,0,0,67301,0,0,0,N,0,0,0,2,68M03,0,,2,1,,N,N,,0,,0,0,0,0,0,,640.0,0,1,0,0,0,0,2,3,4,0,1,3,,N,,,,,,,,,,,
2010110772,1605.0,0,0,0,0,0,0,0,0,0,8,0,,67,10,2010,4,39.9206,-75.1704,1558.0,6,0,0,0,0,0,0,0,0,,0,0,0,15.0,1,1,1,,0,39 55:14.472,,0,75 10:13.981,8,0,0,0,67301,1,0,0,N,1,0,0,2,67301,0,,1,98,,N,N,,1,,0,0,0,3,2,,1555.0,1,2,0,0,0,1,0,3,4,0,1,99,,N,,,,,,,,,,,
2010103605,305.0,1,0,0,0,0,0,0,0,0,7,0,,67,10,2010,2,39.9583,-75.1802,257.0,6,0,0,0,0,0,0,0,0,1.0,0,0,0,2.0,3,0,6,,1,39 57:34.246,4.0,2,75 10:50.766,0,0,0,0,67301,0,0,0,N,0,0,0,1,68K01,0,,4,9,,N,N,,0,,0,0,0,0,0,N,255.0,0,1,0,0,0,0,0,3,4,0,1,7,,N,,,,,,,,,,,
2011010618,1509.0,2,0,0,0,0,0,0,0,0,5,0,,67,12,2010,3,40.0303,-75.0644,1453.0,6,0,0,0,0,0,0,0,0,,0,0,0,14.0,1,1,1,,0,40 01:48.978,,0,75 03:51.736,4,0,0,0,67301,0,0,0,N,0,0,0,3,67301,1,,1,9,,N,N,,0,,0,0,0,3,2,,1453.0,1,2,0,0,0,0,0,3,4,0,2,10,,N,,,,,,,,,,,
2011009960,1715.0,2,0,0,0,0,0,0,0,0,4,0,,67,12,2010,6,40.0413,-75.1067,1707.0,6,0,0,0,0,0,0,0,0,2.0,0,0,0,17.0,3,3,1,,2,40 02:28.801,4.0,0,75 06:24.126,4,0,0,0,67301,0,0,0,,0,0,0,5,67301,2,,1,1,,,,,0,,0,0,0,2,2,Y,1707.0,3,2,0,0,0,1,1,3,4,0,2,3,,N,,,,,,,,,,,
2011010009,923.0,1,0,0,0,0,0,0,0,0,7,0,,67,12,2010,1,40.1067,-74.9986,920.0,6,0,0,0,0,0,0,0,0,2.0,0,0,0,9.0,1,1,0,,2,40 06:23.946,1.0,0,74 59:55.019,4,0,0,0,67301,0,0,0,N,0,0,0,1,67301,1,,3,1,,N,N,,0,,0,0,0,0,0,N,920.0,1,1,0,0,0,0,0,3,4,0,1,3,,N,,,,,,,,,,,
2011009781,1835.0,1,0,0,0,0,0,0,0,0,4,0,,67,12,2010,3,39.9074,-75.2413,1809.0,6,0,0,0,0,0,1,0,0,,0,0,0,15.0,1,1,2,,9,39 54:26.595,,0,75 14:28.843,4,0,0,0,67301,0,0,0,,0,0,0,2,67301,1,,1,9,,N,N,,1,,0,0,0,3,3,,1500.0,1,2,0,0,0,0,1,3,4,0,2,98,,N,,,,,,,,,,,
2011008271,1927.0,2,0,0,0,0,0,0,0,0,1,0,,67,12,2010,6,40.0546,-75.01,1923.0,6,0,0,0,0,0,0,0,0,3.0,0,0,0,19.0,3,0,2,,1,40 03:16.658,3.0,0,75 00:35.920,0,0,0,0,67301,0,0,0,N,0,0,0,5,67301,0,,1,1,,N,N,,0,,0,0,0,3,2,N,1915.0,0,2,0,0,0,0,0,3,4,0,2,3,,N,,,,,,,,,,,
2011002757,2100.0,2,0,0,0,0,0,0,0,0,1,0,,67,12,2010,6,39.9878,-75.1806,2057.0,6,0,0,0,0,0,0,0,0,,0,0,0,20.0,3,3,1,,0,39 59:16.184,,0,75 10:50.095,3,0,0,0,67301,0,0,0,N,0,0,0,3,67301,0,,1,1,,N,N,,0,,1,0,0,3,2,,2055.0,3,2,0,0,0,2,0,3,4,0,2,3,,N,,,,,,,,,,,
2011026356,1857.0,3,0,0,0,0,0,0,0,0,4,0,,67,6,2010,4,39.9294,-75.1502,1855.0,6,0,0,0,0,0,0,0,0,,0,0,0,18.0,1,0,1,,0,39 55:45.667,,0,75 09:00.863,0,0,0,0,67301,1,0,0,N,0,0,0,4,67301,0,,1,9,,N,N,,0,,0,0,0,3,2,,1850.0,0,4,0,0,1,0,0,3,4,1,4,7,,N,,,,,,,,,,,
2011024379,0.0,1,0,0,0,0,0,0,0,0,5,0,,67,3,2010,2,39.9685,-75.1579,0.0,6,0,0,0,0,0,0,0,0,,0,0,0,17.0,1,0,0,,0,39 58:06.520,,0,75 09:28.510,9,0,0,0,67301,0,0,0,N,0,0,0,1,00000,0,,1,1,,N,N,,0,,0,0,0,0,0,,1730.0,0,2,0,0,0,0,1,3,4,0,2,3,,N,,,,,,,,,,,
2011008296,236.0,0,0,0,0,0,0,0,0,0,7,0,,67,12,2010,4,40.088,-75.0432,230.0,6,0,0,0,0,0,0,0,0,,0,0,0,2.0,3,1,0,,0,40 05:16.839,,0,75 02:35.526,3,0,0,0,67301,0,0,0,,0,0,0,1,67301,0,,5,9,,,,,0,,1,0,1,0,0,,235.0,1,1,0,0,0,0,0,3,4,0,1,10,,N,,,,,,,,,,,
2011008383,19.0,1,0,0,0,0,0,0,0,0,7,0,,67,12,2010,1,40.0256,-75.1817,18.0,6,0,0,0,0,0,0,0,0,,0,0,0,0.0,3,1,1,,0,40 01:32.307,,0,75 10:53.973,3,0,0,0,67301,0,0,0,N,0,0,0,1,67301,0,,9,1,,N,N,,0,,1,0,0,3,2,,15.0,1,1,0,0,1,0,0,3,4,0,1,3,,N,,,,,,,,,,,
2011023558,0.0,1,0,0,0,0,0,0,0,0,1,0,,67,4,2010,6,40.0184,-75.1491,0.0,6,0,0,0,0,0,0,0,0,,0,0,0,21.0,3,1,1,,0,40 01:06.518,,0,75 08:57.234,8,0,0,0,67301,0,0,0,N,0,0,0,2,00000,0,,1,1,,N,N,,0,,0,0,0,3,2,,2100.0,1,2,0,0,0,1,1,3,4,0,2,3,,N,,,,,,,,,,,
2011015860,250.0,1,0,1,0,0,0,0,0,0,7,0,,67,12,2010,6,40.0674,-75.1588,247.0,6,0,0,0,0,0,0,0,0,3.0,0,0,0,2.0,3,1,0,,2,40 04:02.694,5.0,0,75 09:31.856,2,0,0,0,67301,0,0,0,N,0,0,0,1,67301,0,,2,2,,N,N,,0,,0,1,0,0,0,Y,245.0,1,1,0,0,0,0,0,3,4,0,1,98,,N,,,,,,,,,,,
2011008533,1610.0,1,0,0,0,0,0,0,0,0,8,0,,67,11,2010,2,39.9835,-75.1156,1605.0,6,0,0,0,0,0,0,0,0,,0,0,0,16.0,1,1,1,,0,39 59:00.667,,0,75 06:56.039,2,0,0,0,67301,1,0,1,,1,0,1,2,67301,0,,1,1,,,,,0,,0,1,0,3,2,,1600.0,1,2,0,0,0,0,0,3,4,0,1,3,,N,,,,,,,,,,,
2011008874,1645.0,0,0,0,0,0,0,0,0,0,4,0,,67,12,2010,5,40.0205,-75.0407,1629.0,6,0,0,0,0,0,1,0,0,2.0,0,0,0,16.0,4,1,0,,1,40 01:13.775,1.0,0,75 02:26.298,4,0,0,0,67301,0,0,0,,0,0,0,3,67301,1,,1,2,,,,,0,,0,0,2,0,0,N,1600.0,1,2,0,0,0,0,0,3,4,0,2,10,,N,,,,,,,,,,,
2011016937,1636.0,1,0,0,0,0,0,0,0,0,7,0,,67,12,2010,5,39.9083,-75.1392,1634.0,6,0,0,0,0,0,0,0,0,,0,0,0,16.0,2,0,0,,0,39 54:29.830,,0,75 08:21.080,0,0,0,0,67301,0,0,0,N,0,0,0,1,67301,0,,5,9,,,,,0,,0,0,0,0,0,,1634.0,0,1,0,0,0,0,0,3,4,0,1,98,,N,,,,,,,,,,,
2010059534,1927.0,0,0,0,0,0,0,0,0,0,8,0,,67,4,2010,3,40.021,-75.0529,1916.0,6,0,0,0,0,0,0,0,0,9.0,0,0,0,19.0,4,1,0,,1,40 01:15.479,2.0,0,75 03:10.291,3,0,0,0,67301,1,0,0,N,1,0,0,2,67301,0,,1,1,,N,N,,0,,1,0,1,0,0,N,1910.0,1,2,0,0,0,0,0,3,4,0,1,3,,N,,,,,,,,,,,
2010081680,612.0,2,0,0,0,0,0,0,0,0,1,0,,67,7,2010,2,40.0118,-75.0978,610.0,6,0,0,0,0,0,0,0,0,,0,0,0,6.0,1,1,1,,0,40 00:42.859,,0,75 05:51.842,4,0,0,0,67301,0,0,0,N,0,0,0,3,67301,1,,1,1,,N,N,,0,,0,0,0,3,2,,608.0,1,2,0,0,0,0,0,3,4,0,2,3,,N,,,,,,,,,,,
2010048890,2030.0,3,0,0,0,0,0,0,0,0,1,0,,67,4,2010,4,39.8976,-75.212,2025.0,6,0,0,0,0,0,0,0,0,2.0,0,0,0,20.0,3,3,0,,1,39 53:51.275,3.0,3,75 12:43.073,8,0,0,0,67301,0,0,0,N,0,0,0,5,67301,0,,1,9,,N,N,,0,,0,0,0,0,0,N,2025.0,3,3,0,0,0,3,0,3,4,0,3,9,,N,,,,,,,,,,,
2010052087,1334.0,1,0,0,1,0,0,0,0,0,4,0,,67,4,2010,4,39.923,-75.17,1332.0,6,0,0,0,0,0,1,0,0,,0,0,0,13.0,1,1,0,,0,39 55:22.902,,0,75 10:12.129,3,0,0,0,67301,1,0,0,,0,0,0,4,67301,0,,1,1,,,,,0,,1,0,0,0,0,,1325.0,1,2,0,0,2,0,0,3,4,0,1,3,,N,,,,,,,,,,,
2010052098,249.0,0,0,0,0,0,0,0,0,0,7,0,,67,4,2010,4,40.0689,-75.0676,249.0,6,0,0,0,0,0,0,0,0,,0,0,0,2.0,3,1,0,,0,40 04:07.940,,3,75 04:03.548,3,0,0,0,67301,0,0,0,N,0,0,0,1,67301,0,,5,1,,N,N,,1,,1,0,0,0,0,,249.0,1,1,0,0,1,0,0,3,4,0,1,3,,N,,,,,,,,,,,