CRN,ARRIVAL_TM,AUTOMOBILE_COUNT,BELTED_DEATH_COUNT,BELTED_SUSP_SERIOUS_INJ_COUNT,BICYCLE_COUNT,BICYCLE_DEATH_COUNT,BICYCLE_SUSP_SERIOUS_INJ_COUNT,BUS_COUNT,CHLDPAS_DEATH_COUNT,CHLDPAS_SUSP_SERIOUS_INJ_COUNT,COLLISION_TYPE,COMM_VEH_COUNT,CONS_ZONE_SPD_LIM,COUNTY,CRASH_MONTH,CRASH_YEAR,DAY_OF_WEEK,DEC_LAT,DEC_LONG,DISPATCH_TM,DISTRICT,DRIVER_COUNT_16YR,DRIVER_COUNT_17YR,DRIVER_COUNT_18YR,DRIVER_COUNT_19YR,DRIVER_COUNT_20YR,DRIVER_COUNT_50_64YR,DRIVER_COUNT_65_74YR,DRIVER_COUNT_75PLUS,EST_HRS_CLOSED,FATAL_COUNT,HEAVY_TRUCK_COUNT,HORSE_BUGGY_COUNT,HOUR_OF_DAY,ILLUMINATION,INJURY_COUNT,INTERSECT_TYPE,INTERSECTION_RELATED,LANE_CLOSED,LATITUDE,LN_CLOSE_DIR,LOCATION_TYPE,LONGITUDE,MAX_SEVERITY_LEVEL,MCYCLE_DEATH_COUNT,MCYCLE_SUSP_SERIOUS_INJ_COUNT,MOTORCYCLE_COUNT,MUNICIPALITY,NONMOTR_COUNT,NONMOTR_DEATH_COUNT,NONMOTR_SUSP_SERIOUS_INJ_COUNT,NTFY_HIWY_MAINT,PED_COUNT,PED_DEATH_COUNT,PED_SUSP_SERIOUS_INJ_COUNT,PERSON_COUNT,POLICE_AGCY,POSSIBLE_INJ_COUNT,RDWY_SURF_TYPE_CD,RELATION_TO_ROAD,ROAD_CONDITION,ROADWAY_CLEARED,SCH_BUS_IND,SCH_ZONE_IND,SECONDARY_CRASH,SMALL_TRUCK_COUNT,SPEC_JURIS_CD,SUSP_MINOR_INJ_COUNT,SUSP_SERIOUS_INJ_COUNT,SUV_COUNT,TCD_FUNC_CD,TCD_TYPE,TFC_DETOUR_IND,TIME_OF_DAY,TOT_INJ_COUNT,TOTAL_UNITS,UNB_DEATH_COUNT,UNB_SUSP_SERIOUS_INJ_COUNT,UNBELTED_OCC_COUNT,UNK_INJ_DEG_COUNT,UNK_INJ_PER_COUNT,URBAN_AREA,URBAN_RURAL,VAN_COUNT,VEHICLE_COUNT,WEATHER1,WEATHER2,WORK_ZONE_IND,WORK_ZONE_LOC,WORK_ZONE_TYPE,WORKERS_PRES,WZ_CLOSE_DETOUR,WZ_FLAGGER,WZ_LAW_OFFCR_IND,WZ_LN_CLOSURE,WZ_MOVING,WZ_OTHER,WZ_SHLDER_MDN,WZ_WORKERS_INJ_KILLED
2010054969,1432.0,2,0,0,0,0,0,0,0,0,5,0,,67,6,2010,7,39.9364,-75.1446,1428.0,6,0,0,0,1,0,1,0,0,1.0,0,0,0,14.0,1,7,0,,2,39 56:10.839,2.0,0,75 08:40.613,8,0,0,0,67301,0,0,0,N,0,0,0,7,68K01,0,,1,1,,N,N,,0,,0,0,1,0,0,N,1426.0,7,3,0,0,0,7,0,3,4,0,3,3,,N,,,,,,,,,,,
2010052213,1624.0,0,0,0,0,0,0,0,0,0,7,0,,67,4,2010,1,39.9417,-75.2258,1622.0,6,0,0,0,0,0,0,0,0,,0,0,0,15.0,1,1,0,,0,39 56:29.949,,0,75 13:32.995,8,0,0,0,67301,0,0,0,N,0,0,0,1,67301,0,,4,1,,N,N,,0,,0,0,1,0,0,,1525.0,1,1,0,0,0,1,0,3,4,0,1,3,,N,,,,,,,,,,,
2010117749,1700.0,4,0,0,0,0,0,0,0,0,1,0,,67,10,2010,3,40.0497,-74.9881,1655.0,6,0,0,0,0,0,1,0,2,2.0,0,0,0,99.0,1,1,1,,1,40 02:58.952,1.0,0,74 59:17.661,4,0,0,0,67301,0,0,0,,0,0,0,6,67301,1,,1,1,,,,,1,,0,0,1,2,2,Y,9999.0,1,6,0,0,0,0,0,3,4,0,6,3,,N,,,,,,,,,,,
2010107352,1542.0,1,0,0,0,0,0,0,0,0,1,0,,67,10,2010,7,39.9363,-75.1996,1532.0,6,0,0,0,0,0,2,0,0,1.0,0,0,0,15.0,1,0,0,,1,39 56:14.340,4.0,0,75 11:55.838,0,0,0,0,67301,0,0,0,N,0,0,0,5,68K01,0,,1,1,,N,N,,0,,0,0,1,0,0,Y,1527.0,0,2,0,0,0,0,0,3,4,0,2,3,,N,,,,,,,,,,,
2010099578,1200.0,1,0,0,0,0,0,0,0,0,1,0,,67,9,2010,7,39.9732,-75.1838,1155.0,6,0,0,0,0,0,1,0,0,9.0,0,0,0,11.0,1,1,1,,1,39 58:23.617,2.0,0,75 11:01.532,4,0,0,0,67301,0,0,0,N,0,0,0,4,67301,1,,1,1,,N,N,,0,,0,0,2,3,2,N,1145.0,1,3,0,0,0,0,1,3,4,0,3,3,,N,,,,,,,,,,,
2010122412,1405.0,1,0,0,0,0,0,0,0,0,4,0,,67,11,2010,1,39.9749,-75.1669,1400.0,6,0,0,1,0,0,0,0,0,,0,1,0,14.0,1,0,1,,0,39 58:29.586,,0,75 10:00.922,0,0,0,0,67301,0,0,0,N,0,0,0,5,67301,0,,1,1,,N,N,,0,,0,0,0,3,3,,1400.0,0,2,0,0,4,0,0,3,4,0,2,3,,N,,,,,,,,,,,
2010113828,1806.0,1,0,0,0,0,0,0,0,0,4,0,,67,10,2010,5,39.9391,-75.1917,1802.0,6,0,0,0,0,0,0,2,0,,0,0,0,17.0,3,0,1,,0,39 56:20.652,,0,75 11:30.026,0,0,0,0,67301,0,0,0,N,0,0,0,3,67301,0,,1,9,,N,N,,1,,0,0,0,0,0,,1753.0,0,2,0,0,0,0,0,3,4,0,2,7,,N,,,,,,,,,,,
2010117132,148.0,1,0,0,0,0,0,0,0,0,7,0,,67,10,2010,2,39.9582,-75.1643,145.0,6,0,0,0,0,0,0,0,0,2.0,0,0,0,1.0,3,0,7,,1,39 57:29.451,4.0,2,75 09:51.381,0,0,0,0,67301,0,0,0,Y,0,0,0,1,68K01,0,,7,1,,Y,Y,,0,,0,0,0,0,0,N,142.0,0,1,0,0,0,0,0,3,4,0,1,3,,N,,,,,,,,,,,
2010116361,842.0,2,0,0,0,0,0,0,0,0,2,0,,67,11,2010,5,39.956,-75.2115,836.0,6,0,0,0,0,0,0,0,0,,0,0,0,8.0,1,2,1,,0,39 57:21.643,,0,75 12:41.414,4,0,0,0,67301,0,0,0,N,0,0,0,3,67301,2,,1,9,,N,N,,0,,0,0,0,3,3,,830.0,2,2,0,0,3,0,0,3,4,0,2,7,,N,,,,,,,,,,,
2010069241,1735.0,0,0,0,0,0,0,0,0,0,4,0,,67,6,2010,5,39.9695,-75.1396,1732.0,6,0,0,0,0,0,1,0,0,,0,0,0,15.0,1,1,5,,0,39 58:10.387,,0,75 08:22.538,4,0,0,1,67301,0,0,0,N,0,0,0,2,67301,1,,1,1,,N,N,,1,,0,0,0,3,2,,1525.0,1,2,0,0,1,0,0,3,4,0,2,3,,N,,,,,,,,,,,
2010069864,1015.0,2,0,0,0,0,0,0,0,0,1,0,,67,6,2010,6,40.0294,-75.189,1006.0,6,0,0,0,0,0,0,0,0,1.0,0,0,0,10.0,1,1,1,,2,40 01:45.922,2.0,0,75 11:20.353,4,0,0,0,67301,0,0,0,N,0,0,0,2,67301,1,,1,1,,N,N,,0,,0,0,0,3,2,Y,1006.0,1,2,0,0,0,0,0,3,4,0,2,3,,N,,,,,,,,,,,
2010074413,1150.0,0,0,0,0,0,0,1,0,0,5,1,,67,7,2010,4,39.9218,-75.1498,1143.0,6,0,0,0,0,0,0,1,0,,0,0,0,11.0,1,1,1,,0,39 55:18.513,,0,75 08:59.227,4,0,0,0,67301,0,0,0,N,0,0,0,3,67301,1,,1,1,,N,N,,0,,0,0,0,0,0,,1140.0,1,2,0,0,0,0,0,3,4,1,2,3,,N,,,,,,,,,,,
2010081939,1038.0,2,0,0,0,0,0,0,0,0,4,0,,67,7,2010,7,40.0022,-75.1576,1035.0,6,0,0,0,0,0,1,0,0,,0,0,0,9.0,1,2,1,,0,40 00:07.931,,0,75 09:27.517,4,0,0,0,67301,0,0,0,N,0,0,0,2,67301,2,,1,1,,N,N,,0,,0,0,0,3,2,,940.0,2,2,0,0,0,0,0,3,4,0,2,3,,N,,,,,,,,,,,
2010081974,1011.0,1,0,0,0,0,0,0,0,0,4,0,,67,7,2010,4,40.0405,-75.0591,1009.0,6,0,0,0,0,0,0,0,0,2.0,0,0,0,10.0,1,2,1,,1,40 02:25.817,3.0,0,75 03:32.713,8,0,0,0,67301,0,0,0,N,0,0,0,3,67301,0,,1,1,,N,N,,0,,0,0,0,3,2,N,1000.0,2,2,0,0,0,2,0,3,4,1,2,3,,N,,,,,,,,,,,
2010061936,1934.0,2,0,0,0,0,0,0,0,0,5,0,,67,5,2010,5,39.9557,-75.1899,1933.0,6,0,0,0,0,0,0,0,0,,0,0,0,19.0,4,0,0,,0,39 57:20.553,,0,75 11:23.660,0,0,0,0,67301,0,0,0,N,0,0,0,2,67601,0,,1,1,,N,N,,0,,0,0,0,0,0,,1932.0,0,2,0,0,0,0,0,3,4,0,2,3,,N,,,,,,,,,,,
2010067094,1949.0,2,0,0,0,0,0,0,0,0,4,0,,67,6,2010,4,40.0096,-75.1803,1942.0,6,0,0,0,0,0,0,0,1,,0,0,0,19.0,1,1,2,,0,40 00:34.506,,0,75 10:49.505,8,0,0,0,67301,0,0,0,N,0,0,0,2,67301,0,,1,9,,N,N,,0,,0,0,0,9,2,,1909.0,1,2,0,0,0,1,1,3,4,0,2,7,,N,,,,,,,,,,,
2010074040,1142.0,2,0,0,0,0,0,0,0,0,1,0,,67,7,2010,3,39.9578,-75.1621,1135.0,6,0,0,0,0,0,0,0,0,,0,0,0,11.0,1,3,0,,0,39 57:28.146,,0,75 09:43.610,8,0,0,0,67301,0,0,0,N,0,0,0,4,68K01,0,,1,1,,N,N,,0,,0,0,0,0,0,,1132.0,3,2,0,0,0,3,0,3,4,0,2,3,,N,,,,,,,,,,,
2010056812,256.0,1,0,0,0,0,0,0,0,0,7,0,,67,6,2010,1,40.0455,-75.0003,254.0,6,0,0,0,0,0,0,0,0,1.0,0,0,0,2.0,3,0,7,,1,40 02:42.851,1.0,2,75 00:03.585,0,0,0,0,67301,0,0,0,Y,0,0,0,1,68K01,0,,2,1,,N,N,,0,,0,0,0,0,0,N,250.0,0,1,0,0,0,0,0,3,4,0,1,3,,N,,,,,,,,,,,
2010081770,9999.0,1,0,0,0,0,0,0,0,0,1,0,,67,7,2010,7,39.9829,-75.1367,1720.0,6,0,0,0,0,0,0,0,0,,0,0,0,99.0,1,1,0,,0,39 58:58.530,,0,75 08:12.116,8,0,0,0,67301,0,0,0,N,0,0,0,3,67301,0,,1,1,,N,N,,0,,0,0,1,0,0,,9999.0,1,2,0,0,1,1,0,3,4,0,2,3,,N,,,,,,,,,,,
2010079326,1939.0,1,0,0,0,0,0,0,0,0,1,0,,67,8,2010,4,39.906,-75.1342,1930.0,6,0,0,0,0,0,1,0,0,,0,0,0,18.0,1,2,0,,0,39 54:21.732,,0,75 08:02.940,4,0,0,0,67301,0,0,0,N,0,0,0,3,68K01,2,,1,1,,N,N,,0,,0,0,1,0,0,,1855.0,2,2,0,0,0,0,0,3,4,0,2,3,,N,,,,,,,,,,,
2010070057,1243.0,1,0,0,0,0,0,0,0,0,8,0,,67,6,2010,3,40.0377,-75.0425,1239.0,6,0,0,0,0,0,0,0,1,,0,0,0,12.0,1,2,1,,0,40 02:15.589,,0,75 02:33.074,4,0,0,0,67301,2,0,0,N,2,0,0,3,67301,2,,1,1,,N,N,,0,,0,0,0,9,2,,1235.0,2,3,0,0,0,0,0,3,4,0,1,3,,N,,,,,,,,,,,
2010059196,1703.0,1,0,0,0,0,0,0,0,0,1,0,,67,6,2010,2,39.9882,-75.2073,1701.0,6,0,0,0,0,0,0,0,0,,0,0,0,16.0,1,3,0,,0,39 59:20.859,,0,75 12:23.743,8,0,0,0,67301,0,0,0,N,0,0,0,4,68K01,0,,1,1,,N,N,,0,,0,0,1,0,0,,1659.0,3,2,0,0,0,3,0,3,4,0,2,3,,N,,,,,,,,,,,
2010072547,815.0,1,0,0,0,0,0,0,0,0,4,0,,67,5,2010,2,40.0616,-74.9884,809.0,6,0,0,0,0,0,1,0,0,,0,0,0,7.0,1,1,1,,0,40 03:41.982,,0,74 59:18.334,8,0,0,0,67301,0,0,0,N,0,0,0,4,67301,0,,1,9,,N,N,,0,,0,0,1,3,2,,730.0,1,2,0,0,0,1,3,3,4,0,2,7,,N,,,,,,,,,,,
2010067027,1818.0,1,0,0,0,0,0,0,0,0,8,0,,67,6,2010,1,39.959,-75.2354,1817.0,6,0,0,0,0,0,1,0,0,,0,0,0,18.0,8,1,1,,0,39 57:32.256,,0,75 14:07.331,8,0,0,0,67301,1,0,0,N,1,0,0,2,67301,0,,1,8,,N,N,,0,,0,0,0,3,3,,1815.0,1,2,0,0,1,1,0,3,4,0,1,7,,N,,,,,,,,,,,
2010030602,1409.0,1,0,0,0,0,0,0,0,0,1,0,,67,3,2010,5,39.9595,-75.1751,1403.0,6,0,0,0,0,0,1,0,0,,0,0,0,13.0,1,0,0,,0,39 57:34.656,,0,75 10:33.025,0,0,0,0,67301,0,0,0,N,0,0,0,2,68K01,0,,1,1,,N,N,,0,,0,0,1,0,0,,1354.0,0,2,0,0,0,0,0,3,4,0,2,3,,N,,,,,,,,,,,
2010036043,5.0,1,0,0,0,0,0,0,0,0,7,0,,67,1,2010,1,40.0425,-75.2016,2355.0,6,0,0,0,1,0,0,0,0,5.0,0,0,0,23.0,3,1,0,,2,40 02:32.891,5.0,0,75 12:05.539,4,0,0,0,67301,0,0,0,N,0,0,0,1,67301,1,,5,1,,N,N,,0,,0,0,0,0,0,Y,2350.0,1,1,0,0,0,0,0,3,4,0,1,3,,N,,,,,,,,,,,
2010027904,1053.0,1,0,0,0,0,0,0,0,0,1,0,,67,2,2010,3,40.0853,-75.0376,1052.0,6,0,0,0,0,0,0,0,0,3.0,0,0,0,10.0,1,1,0,,1,40 05:07.267,2.0,0,75 02:15.245,4,0,0,0,67301,0,0,0,N,0,0,0,2,67301,1,,1,1,,N,N,,1,,0,0,0,0,0,N,1052.0,1,2,0,0,0,0,0,3,4,0,2,3,,N,,,,,,,,,,,
2010028215,1221.0,2,0,0,0,0,0,0,0,0,4,0,,67,2,2010,3,40.0555,-75.0619,1220.0,6,0,0,0,0,0,0,1,0,,0,0,0,12.0,1,1,1,,0,40 03:19.864,,0,75 03:42.983,4,0,0,0,67301,0,0,0,,0,0,0,2,67301,1,,1,9,,,,,0,,0,0,0,0,0,,1220.0,1,2,0,0,0,0,0,3,4,0,2,3,,N,,,,,,,,,,,
2010028171,1400.0,2,0,0,0,0,0,0,0,0,4,0,,67,2,2010,2,39.9688,-75.2454,1350.0,6,0,0,0,0,0,0,0,0,,0,0,0,13.0,1,4,1,,0,39 58:07.803,,0,75 14:43.549,4,0,0,0,67301,0,0,0,N,0,0,0,5,67301,4,,1,1,,N,N,,0,,0,0,0,3,2,,1340.0,4,2,0,0,0,0,0,3,4,0,2,3,,N,,,,,,,,,,,
2010028252,1630.0,2,0,0,0,0,0,0,0,0,4,0,,67,2,2010,5,39.9558,-75.159,1625.0,6,0,0,0,0,0,1,0,0,,0,0,0,16.0,1,0,1,,0,39 57:20.808,,0,75 09:32.558,0,0,0,0,67301,0,0,0,N,0,0,0,3,67301,0,,1,9,,N,N,,0,,0,0,0,3,2,,1615.0,0,2,0,0,0,0,0,3,4,0,2,10,,N,,,,,,,,,,,
2010028313,2042.0,2,0,0,0,0,0,0,0,0,4,0,,67,2,2010,2,39.9762,-75.1381,2039.0,6,0,0,0,0,0,0,0,0,,0,0,0,20.0,3,1,1,,0,39 58:34.248,,0,75 08:17.221,4,0,0,0,67301,0,0,0,,0,0,0,3,67301,1,,1,9,,N,N,,0,,0,0,0,0,0,,2039.0,1,2,0,0,0,0,0,3,4,0,2,10,,N,,,,,,,,,,,
2010028396,9999.0,1,0,0,0,0,0,0,0,0,2,0,,67,2,2010,4,39.9583,-75.152,9999.0,6,0,0,0,0,0,0,0,0,,0,0,0,99.0,1,1,2,,0,39 57:30.009,,0,75 09:07.358,4,0,0,0,67301,0,0,0,,0,0,0,3,67301,1,,1,1,,,,,0,,0,0,0,3,2,,9999.0,1,2,0,0,0,0,0,3,4,1,2,3,,N,,,,,,,,,,,
2010028593,1530.0,0,0,0,0,0,0,0,0,0,6,0,,67,2,2010,4,40.0414,-75.1441,1430.0,6,0,0,0,0,0,0,0,0,,0,0,0,14.0,1,1,1,,0,40 02:28.894,,0,75 08:39.243,8,0,0,0,67301,0,0,0,,0,0,0,3,67301,0,,1,7,,N,N,,0,,0,0,1,0,0,,1430.0,1,2,0,0,0,1,0,3,4,1,2,10,,N,,,,,,,,,,,
2010015564,1730.0,0,0,0,0,0,0,0,0,0,4,0,,67,1,2010,7,39.8867,-75.2426,1642.0,6,0,0,0,0,0,0,0,0,2.0,0,0,0,16.0,3,0,0,,2,39 53:09.532,1.0,0,75 14:34.768,0,0,0,0,67301,0,0,0,Y,0,0,0,3,68K01,0,,1,7,,N,N,,1,,0,0,1,0,0,N,1640.0,0,2,0,0,0,0,0,3,4,0,2,10,,N,,,,,,,,,,,
2010110752,1545.0,2,0,0,0,0,0,0,0,0,4,0,,67,10,2010,5,39.9505,-75.2147,1543.0,6,0,0,0,0,0,1,0,0,,0,0,0,15.0,1,1,1,,0,39 57:01.972,,0,75 12:52.955,8,0,0,0,67301,0,0,0,N,0,0,0,2,67301,0,,1,9,,N,N,,0,,0,0,0,0,0,,1530.0,1,2,0,0,0,1,0,3,4,0,2,7,,N,,,,,,,,,,,
2010110755,238.0,2,0,0,0,0,0,0,0,0,5,0,,67,10,2010,7,39.9605,-75.137,217.0,6,0,0,0,0,0,0,0,0,,0,0,0,2.0,3,2,2,,0,39 57:36.624,,0,75 08:13.909,3,0,0,0,67301,0,0,0,N,0,0,0,5,67301,0,,1,1,,N,N,,0,,2,0,0,3,2,,217.0,2,2,0,0,0,0,2,3,4,0,2,3,,N,,,,,,,,,,,
2010103628,402.0,1,0,0,0,0,0,0,0,0,7,0,,67,10,2010,7,39.9942,-75.199,401.0,6,0,0,0,0,0,0,0,0,1.0,0,0,0,3.0,3,2,0,,1,39 59:42.361,3.0,0,75 11:53.079,3,0,0,0,67301,0,0,0,N,0,0,0,2,68K01,1,,3,1,,N,N,,0,,1,0,0,0,0,N,357.0,2,1,0,0,2,0,0,3,4,0,1,3,,N,,,,,,,,,,,
2010101165,2047.0,1,0,0,0,0,0,0,0,0,4,0,,67,10,2010,2,40.0289,-75.1006,2045.0,6,0,0,0,0,0,0,0,0,1.0,0,0,0,20.0,3,1,0,,1,40 01:44.261,2.0,6,75 06:02.382,4,0,0,0,67301,0,0,0,N,0,0,0,4,67301,1,,1,1,,N,N,,1,,0,0,0,3,2,N,2044.0,1,3,0,0,0,0,0,3,4,1,3,3,,N,,,,,,,,,,,
2011008249,1802.0,0,0,0,0,0,0,0,0,0,8,1,,67,12,2010,1,39.959,-75.229,1800.0,6,0,0,0,0,0,0,0,0,,0,1,0,17.0,3,1,1,,0,39 57:32.239,,0,75 13:44.330,4,0,0,0,67301,1,0,0,N,1,0,0,2,67301,1,,1,9,,N,N,,0,,0,0,0,2,2,,1757.0,1,2,0,0,0,0,0,3,4,0,1,7,,N,,,,,,,,,,,
2010122170,9999.0,1,0,0,0,0,0,0,0,0,8,0,,67,11,2010,6,40.0166,-75.1348,9999.0,6,0,0,0,0,0,0,0,0,,0,0,0,99.0,3,1,2,,0,40 00:59.828,,0,75 08:05.348,4,0,0,0,67301,1,0,0,N,1,0,0,2,67301,1,,1,1,,N,N,,0,,0,0,0,3,2,,9999.0,1,2,0,0,0,0,0,3,4,0,1,3,,N,,,,,,,,,,,
2010113802,935.0,1,0,0,0,0,0,0,0,0,4,0,,67,10,2010,4,40.0722,-75.085,930.0,6,0,0,0,0,0,0,0,0,,0,0,0,9.0,1,2,1,,0,40 04:19.941,,0,75 05:06.057,4,0,0,0,67301,0,0,0,,0,0,0,2,67301,2,,1,1,,N,N,,1,,0,0,0,3,3,,930.0,2,2,0,0,0,0,0,3,4,0,2,3,,N,,,,,,,,,,,
2010113806,2125.0,1,0,0,0,0,0,0,0,0,4,0,,67,8,2010,4,39.9426,-75.2214,2123.0,6,0,0,0,0,1,0,0,0,,0,1,0,21.0,3,1,1,,0,39 56:33.464,,0,75 13:17.018,3,0,0,0,67301,0,0,0,N,0,0,0,6,67301,0,,1,1,,N,N,,0,,1,0,0,3,2,,2121.0,1,2,0,0,0,0,0,3,4,0,2,3,,N,,,,,,,,,,,
2010117135,652.0,2,0,0,0,0,0,0,0,0,5,0,,67,10,2010,4,39.8989,-75.1791,635.0,6,0,0,0,0,0,0,0,0,,0,0,0,6.0,5,1,0,,0,39 53:56.134,,0,75 10:06.320,4,0,0,0,67301,0,0,0,N,0,0,0,2,68K01,1,,1,9,,N,N,,0,,0,0,0,0,0,,628.0,1,2,0,0,0,0,0,3,4,0,2,7,,N,,,,,,,,,,,
2010069765,1230.0,1,0,0,0,0,0,0,0,0,4,0,,67,6,2010,1,39.9393,-75.1782,1225.0,6,0,0,0,0,0,0,0,1,2.0,0,0,0,12.0,1,2,1,,2,39 56:21.404,2.0,0,75 10:41.645,4,0,0,1,67301,0,0,0,N,0,0,0,3,67301,2,,1,1,,N,N,,0,,0,0,0,2,2,N,1215.0,2,2,0,0,1,0,0,3,4,0,2,3,,N,,,,,,,,,,,
2010069242,1326.0,2,0,0,0,0,0,0,0,0,4,0,,67,6,2010,3,40.0355,-75.1788,1316.0,6,0,0,0,0,0,0,0,1,,0,0,0,12.0,1,2,1,,0,40 02:07.796,,0,75 10:43.589,8,0,0,0,67301,0,0,0,N,0,0,0,3,67301,0,,1,1,,N,N,,0,,0,0,0,3,2,,1258.0,2,2,0,0,0,2,0,3,4,0,2,3,,N,,,,,,,,,,,
2010069852,1544.0,0,0,0,0,0,0,1,0,0,8,1,,67,6,2010,4,40.0239,-75.0472,1543.0,6,0,0,0,0,0,0,0,0,,0,0,0,15.0,1,4,0,,0,40 01:25.966,,0,75 02:50.034,8,0,0,0,67301,1,0,0,N,1,0,0,5,67301,0,,1,1,,N,N,,0,,0,0,0,0,0,,1540.0,4,2,0,0,0,4,0,3,4,0,1,3,,N,,,,,,,,,,,
2010069870,1510.0,2,0,0,0,0,0,0,0,0,5,0,,67,6,2010,3,40.0853,-75.024,1505.0,6,0,0,0,0,0,0,0,0,1.0,0,0,0,15.0,1,1,0,,2,40 05:04.290,1.0,6,75 01:28.967,8,0,0,0,67301,0,0,0,N,0,0,0,7,67301,0,,1,1,,N,N,,0,,0,0,1,3,4,N,1502.0,1,3,0,0,0,1,0,3,4,0,3,3,,N,,,,,,,,,,,
2010074429,1504.0,1,0,0,1,0,0,0,0,0,8,0,,67,7,2010,5,39.9546,-75.1648,1504.0,6,0,0,0,0,0,1,0,0,,0,0,0,14.0,1,1,1,,0,39 57:17.236,,0,75 09:58.978,4,0,0,0,67301,1,0,0,N,0,0,0,2,67301,1,,1,1,,N,N,,0,,0,0,0,3,2,,1448.0,1,2,0,0,0,0,0,3,4,0,1,3,,N,,,,,,,,,,,
2010074437,908.0,1,0,0,0,0,0,0,0,0,8,0,,67,7,2010,6,39.9984,-75.1282,902.0,6,0,0,0,0,0,0,0,0,,0,0,0,22.0,3,1,0,,0,39 59:54.129,,0,75 07:41.606,3,0,0,0,67301,1,0,0,N,1,0,0,2,67301,0,,1,98,,N,N,,0,,1,0,0,0,0,,2215.0,1,2,0,0,1,0,1,3,4,0,1,99,,N,,,,,,,,,,,
2010064422,1154.0,0,0,0,0,0,0,0,0,0,7,0,55.0,67,7,2010,6,40.0257,-75.0284,1152.0,6,0,0,0,0,0,0,0,0,1.0,0,0,0,11.0,1,1,0,,2,40 01:32.499,2.0,0,75 01:42.022,2,0,1,1,67301,0,0,0,N,0,0,0,1,68K01,0,,4,1,,N,N,,0,,0,1,0,0,0,N,1150.0,1,1,0,0,0,0,0,3,4,0,1,3,,Y,8.0,1.0,N,N,N,N,N,N,Y,N,
2010074508,1923.0,0,0,0,0,0,0,0,0,0,8,0,,67,7,2010,4,40.0291,-75.1636,1919.0,6,0,0,0,0,0,0,0,0,,0,0,0,19.0,1,1,0,,0,40 01:44.924,,0,75 09:48.878,8,0,0,0,67301,1,0,0,N,1,0,0,2,67301,0,,9,1,,N,N,,0,,0,0,0,0,0,,1919.0,1,2,0,0,1,1,0,3,4,1,1,3,,N,,,,,,,,,,,
2010061941,1405.0,2,0,0,0,0,0,0,0,0,4,0,,67,4,2010,4,39.9577,-75.2314,1401.0,6,0,0,0,1,0,0,0,0,,0,0,0,14.0,1,1,1,,0,39 57:27.711,,0,75 13:53.176,4,0,0,0,67301,0,0,0,N,0,0,0,2,67301,1,,1,1,,N,N,,0,,0,0,1,3,2,,1402.0,1,3,0,0,0,0,0,3,4,0,3,3,,N,,,,,,,,,,,
2010074542,1712.0,0,0,0,0,0,0,0,0,0,8,0,,67,7,2010,4,40.0356,-75.0808,1712.0,6,0,0,0,0,0,1,0,0,,0,0,0,17.0,1,1,0,,0,40 02:08.156,,0,75 04:50.872,4,0,0,0,67301,1,0,0,N,1,0,0,2,67301,1,,1,1,,N,,,0,,0,0,0,0,0,,1710.0,1,2,0,0,0,0,0,3,4,1,1,3,,N,,,,,,,,,,,
2010084550,650.0,3,0,0,0,0,0,0,0,0,1,0,,67,7,2010,7,40.0922,-74.9647,644.0,6,0,0,0,0,0,0,0,0,,0,0,0,6.0,1,0,0,,0,40 05:31.740,,0,74 57:53.087,9,0,0,0,67301,0,0,0,N,0,0,0,3,67301,0,,1,1,,N,N,,0,,0,0,0,0,0,,628.0,0,4,0,0,0,0,1,3,4,1,4,3,,N,,,,,,,,,,,
2010084551,1557.0,2,0,0,0,0,0,0,0,0,1,0,,67,7,2010,7,39.9986,-75.1408,1553.0,6,0,0,0,0,0,0,0,0,,0,0,0,15.0,1,1,0,,0,39 59:54.833,,0,75 08:26.914,8,0,0,0,67301,0,0,0,,0,0,0,5,67301,0,,1,1,,N,N,,0,,0,0,0,3,2,,1553.0,1,2,0,0,0,1,0,3,4,0,2,3,,N,,,,,,,,,,,
2010071685,2135.0,2,0,0,0,0,0,0,0,0,1,0,,67,7,2010,6,39.8989,-75.1721,2136.0,6,0,0,1,0,1,0,0,0,,0,0,0,21.0,3,0,0,,0,39 53:56.187,,0,75 10:09.805,0,0,0,0,67301,0,0,0,N,0,0,0,5,68K01,0,,1,1,,N,N,,0,,0,0,0,0,0,,2135.0,0,2,0,0,0,0,0,3,4,0,2,3,,N,,,,,,,,,,,
2010059351,1909.0,0,0,0,0,0,0,0,0,0,0,0,,67,6,2010,6,39.949,-75.1415,1902.0,6,0,0,0,0,0,1,0,0,2.0,0,0,0,18.0,1,4,0,,2,39 56:56.856,1.0,0,75 08:29.437,8,0,0,0,67301,0,0,0,N,0,0,0,4,68K01,0,,1,1,,N,N,,0,,0,0,1,0,0,N,1854.0,4,2,0,0,0,4,0,3,4,0,1,3,,N,,,,,,,,,,,
2010069986,410.0,1,0,0,1,0,0,0,0,0,4,0,,67,6,2010,4,39.9956,-75.1432,405.0,6,0,0,0,0,0,0,0,0,,0,0,0,22.0,3,1,1,,0,39 59:44.336,,0,75 08:35.393,4,0,0,0,67301,1,0,0,,0,0,0,2,67301,1,,1,1,,,,,0,,0,0,0,3,3,,2230.0,1,2,0,0,0,0,0,3,4,0,1,3,,N,,,,,,,,,,,