CRN,ARRIVAL_TM,AUTOMOBILE_COUNT,BELTED_DEATH_COUNT,BELTED_SUSP_SERIOUS_INJ_COUNT,BICYCLE_COUNT,BICYCLE_DEATH_COUNT,BICYCLE_SUSP_SERIOUS_INJ_COUNT,BUS_COUNT,CHLDPAS_DEATH_COUNT,CHLDPAS_SUSP_SERIOUS_INJ_COUNT,COLLISION_TYPE,COMM_VEH_COUNT,CONS_ZONE_SPD_LIM,COUNTY,CRASH_MONTH,CRASH_YEAR,DAY_OF_WEEK,DEC_LAT,DEC_LONG,DISPATCH_TM,DISTRICT,DRIVER_COUNT_16YR,DRIVER_COUNT_17YR,DRIVER_COUNT_18YR,DRIVER_COUNT_19YR,DRIVER_COUNT_20YR,DRIVER_COUNT_50_64YR,DRIVER_COUNT_65_74YR,DRIVER_COUNT_75PLUS,EST_HRS_CLOSED,FATAL_COUNT,HEAVY_TRUCK_COUNT,HORSE_BUGGY_COUNT,HOUR_OF_DAY,ILLUMINATION,INJURY_COUNT,INTERSECT_TYPE,INTERSECTION_RELATED,LANE_CLOSED,LATITUDE,LN_CLOSE_DIR,LOCATION_TYPE,LONGITUDE,MAX_SEVERITY_LEVEL,MCYCLE_DEATH_COUNT,MCYCLE_SUSP_SERIOUS_INJ_COUNT,MOTORCYCLE_COUNT,MUNICIPALITY,NONMOTR_COUNT,NONMOTR_DEATH_COUNT,NONMOTR_SUSP_SERIOUS_INJ_COUNT,NTFY_HIWY_MAINT,PED_COUNT,PED_DEATH_COUNT,PED_SUSP_SERIOUS_INJ_COUNT,PERSON_COUNT,POLICE_AGCY,POSSIBLE_INJ_COUNT,RDWY_SURF_TYPE_CD,RELATION_TO_ROAD,ROAD_CONDITION,ROADWAY_CLEARED,SCH_BUS_IND,SCH_ZONE_IND,SECONDARY_CRASH,SMALL_TRUCK_COUNT,SPEC_JURIS_CD,SUSP_MINOR_INJ_COUNT,SUSP_SERIOUS_INJ_COUNT,SUV_COUNT,TCD_FUNC_CD,TCD_TYPE,TFC_DETOUR_IND,TIME_OF_DAY,TOT_INJ_COUNT,TOTAL_UNITS,UNB_DEATH_COUNT,UNB_SUSP_SERIOUS_INJ_COUNT,UNBELTED_OCC_COUNT,UNK_INJ_DEG_COUNT,UNK_INJ_PER_COUNT,URBAN_AREA,URBAN_RURAL,VAN_COUNT,VEHICLE_COUNT,WEATHER1,WEATHER2,WORK_ZONE_IND,WORK_ZONE_LOC,WORK_ZONE_TYPE,WORKERS_PRES,WZ_CLOSE_DETOUR,WZ_FLAGGER,WZ_LAW_OFFCR_IND,WZ_LN_CLOSURE,WZ_MOVING,WZ_OTHER,WZ_SHLDER_MDN,WZ_WORKERS_INJ_KILLED
2010070023,1040.0,1,0,0,0,0,0,0,0,0,1,0,,67,6,2010,7,39.943,-75.2268,1035.0,6,0,0,0,0,0,1,0,0,,0,0,0,10.0,1,2,1,,0,39 56:34.638,,0,75 13:36.512,4,0,0,0,67301,0,0,0,N,0,0,0,2,67301,2,,1,1,,N,Y,,0,,0,0,1,3,2,,1035.0,2,2,0,0,0,0,0,3,4,0,2,3,,N,,,,,,,,,,,
2010074585,740.0,0,0,0,0,0,0,0,0,0,4,0,,67,7,2010,7,40.0389,-75.1008,733.0,6,0,0,0,0,0,0,0,0,1.0,0,0,0,7.0,1,1,0,,2,40 02:20.040,5.0,0,75 06:03.010,3,0,0,0,67301,0,0,0,N,0,0,0,1,67301,0,,1,1,,N,N,,0,,1,0,1,0,0,Y,733.0,1,3,0,0,0,0,0,3,4,2,3,3,,N,,,,,,,,,,,
2010074610,805.0,0,0,0,0,0,0,1,0,0,7,1,,67,7,2010,5,39.9489,-75.1605,803.0,6,0,0,0,0,0,0,0,0,,0,0,0,8.0,3,1,0,,0,39 56:55.979,,0,75 09:37.930,4,0,0,0,67301,0,0,0,N,0,0,0,1,67301,1,,4,1,,N,N,,0,,0,0,0,0,0,,800.0,1,1,0,0,0,0,0,3,4,0,1,3,,N,,,,,,,,,,,
2010058947,1325.0,0,0,0,0,0,0,0,0,0,4,0,,67,5,2010,3,39.9898,-75.1352,1258.0,6,0,0,0,0,1,0,0,0,,0,0,0,12.0,1,0,2,,0,39 59:23.334,,0,75 08:06.773,0,0,0,0,67301,0,0,0,N,0,0,0,4,67301,0,,1,1,,N,N,,0,,0,0,2,3,2,,1258.0,0,2,0,0,0,0,0,3,4,0,2,3,,N,,,,,,,,,,,
2010058974,858.0,4,0,1,0,0,0,0,0,0,4,0,,67,5,2010,5,40.0808,-75.0286,853.0,6,0,0,0,0,0,1,0,0,3.0,0,0,0,8.0,1,2,1,,2,40 04:50.725,6.0,0,75 01:42.964,2,0,0,0,67301,0,0,0,N,0,0,0,5,67301,0,,1,1,,N,N,,0,,0,2,0,3,2,Y,853.0,2,4,0,1,1,0,0,3,4,0,4,3,,N,,,,,,,,,,,
2010058981,2235.0,0,0,0,0,0,0,0,0,0,0,0,,67,5,2010,1,40.029,-75.0892,2215.0,6,0,0,0,0,0,0,0,0,,0,0,0,22.0,3,2,1,,0,40 01:44.349,,0,75 05:21.034,3,0,0,1,67301,0,0,0,N,0,0,0,2,67301,0,,1,1,,N,N,,0,,2,0,0,0,0,,2213.0,2,1,0,0,0,0,0,3,4,0,1,3,,N,,,,,,,,,,,
2010030443,2147.0,2,0,0,0,0,0,0,0,0,1,0,,67,3,2010,4,40.0017,-75.2255,2145.0,6,0,0,0,0,0,0,0,0,1.0,0,0,0,21.0,3,1,0,,2,40 00:08.489,2.0,0,75 13:26.902,8,0,0,0,67301,0,0,0,N,0,0,0,2,46104,0,,1,1,,N,N,,0,,0,0,0,0,0,N,2145.0,1,2,0,0,0,1,0,3,4,0,2,3,,N,,,,,,,,,,,
2010027738,919.0,2,0,0,0,0,0,0,0,0,5,0,,67,2,2010,2,40.0083,-75.0709,911.0,6,0,0,0,0,0,0,0,0,,0,0,0,9.0,1,1,0,,0,40 00:29.588,,0,75 04:15.733,4,0,0,0,67301,0,0,0,N,0,0,0,3,68K01,1,,1,1,,N,N,,0,,0,0,0,0,0,,908.0,1,3,0,0,0,0,1,3,4,1,3,3,,N,,,,,,,,,,,
2010027740,1229.0,3,0,0,0,0,0,0,0,0,1,0,,67,2,2010,1,39.9168,-75.1475,1227.0,6,0,0,0,0,0,1,0,0,1.0,0,0,0,12.0,1,2,0,,1,39 55:01.007,1.0,0,75 08:50.993,4,0,0,0,67301,0,0,0,N,0,0,0,3,68K01,2,,1,1,,N,N,,0,,0,0,0,0,0,N,1226.0,2,3,0,0,0,0,0,3,4,0,3,3,,N,,,,,,,,,,,
2010027907,346.0,2,0,0,0,0,0,0,0,0,5,0,,67,2,2010,7,40.0585,-75.0287,341.0,6,0,0,0,0,0,0,0,0,,0,0,0,3.0,3,0,0,,0,40 03:30.495,,0,75 01:43.172,0,0,0,0,67301,0,0,0,N,0,0,0,1,67301,0,,1,2,,N,N,,0,,0,0,0,0,0,,340.0,0,2,0,0,0,0,0,3,4,0,2,3,,N,,,,,,,,,,,
2010028071,819.0,1,0,0,0,0,0,0,0,0,8,0,,67,1,2010,2,39.96,-75.2249,819.0,6,0,0,0,0,0,0,0,0,,0,0,0,12.0,1,1,1,,0,39 57:35.788,,0,75 13:29.538,4,0,0,0,67301,1,0,0,N,1,0,0,2,67301,1,,1,1,,N,N,,0,,0,0,0,3,2,,1200.0,1,2,0,0,0,0,1,3,4,0,1,3,,N,,,,,,,,,,,
2010028078,23.0,2,0,0,0,0,0,0,0,0,4,0,,67,2,2010,4,39.934,-75.2265,23.0,6,0,0,0,0,0,0,0,0,,0,0,0,23.0,3,2,0,,0,39 56:02.385,,0,75 13:35.284,8,0,0,0,67301,0,0,0,N,0,0,0,3,67301,0,,1,1,,N,N,,0,,0,0,0,0,0,,2340.0,2,2,0,0,0,2,0,3,4,0,2,3,,N,,,,,,,,,,,
2010028521,2233.0,2,0,0,0,0,0,0,0,0,4,0,,67,2,2010,1,40.0272,-75.1145,2230.0,6,0,0,0,0,0,0,0,0,,0,0,0,22.0,3,1,5,,0,40 01:37.940,,0,75 06:52.496,4,0,0,0,67301,0,0,0,N,0,0,0,6,67301,1,,1,1,,N,N,,0,,0,0,0,3,2,,2229.0,1,2,0,0,0,0,0,3,4,0,2,3,,N,,,,,,,,,,,
2010028703,930.0,1,0,0,0,0,0,0,0,0,1,2,,67,2,2010,6,39.9497,-75.1418,927.0,6,0,0,0,0,0,1,0,0,1.0,0,2,0,9.0,1,2,0,,1,39 56:58.934,2.0,0,75 08:30.455,4,0,0,0,67301,0,0,0,N,0,0,0,4,68K01,2,,1,7,,N,N,,0,,0,0,0,0,0,N,924.0,2,3,0,0,0,0,0,3,4,0,3,10,,N,,,,,,,,,,,
2010018035,420.0,2,0,0,0,0,0,0,0,0,1,0,,67,1,2010,6,40.0489,-75.014,407.0,6,0,0,0,0,0,0,0,0,,0,0,0,4.0,3,0,0,,0,40 02:56.003,,0,75 00:50.540,0,0,0,0,67301,0,0,0,N,0,0,0,1,67301,0,,6,9,,N,N,,0,,0,0,1,0,0,,400.0,0,3,0,0,0,0,0,3,4,0,3,7,,N,,,,,,,,,,,
2010020847,545.0,0,0,0,0,0,0,0,0,0,7,0,,67,2,2010,7,39.9573,-75.1515,545.0,6,0,0,0,0,0,0,0,0,1.0,0,0,0,5.0,3,0,0,,1,39 57:26.221,3.0,0,75 09:05.231,0,0,0,0,67301,0,0,0,N,0,0,0,1,68K01,0,,2,2,,N,N,,0,,0,0,1,0,0,N,544.0,0,1,0,0,0,0,0,3,4,0,1,3,,N,,,,,,,,,,,
2010015565,1821.0,1,0,0,0,0,0,0,0,0,7,0,,67,1,2010,7,39.8993,-75.1667,1745.0,6,0,0,0,0,0,1,0,0,1.0,0,0,0,17.0,3,0,0,,2,39 53:58.375,2.0,0,75 09:51.651,0,0,0,0,67301,0,0,0,N,0,0,0,1,68K01,0,,3,7,,N,N,,0,,0,0,0,0,0,N,1741.0,0,1,0,0,0,0,0,3,4,0,1,10,,N,,,,,,,,,,,
2010106018,1719.0,1,0,0,0,0,0,0,0,0,1,0,,67,10,2010,6,39.8985,-75.1818,1702.0,6,0,0,0,0,0,1,0,0,2.0,0,0,0,16.0,1,0,0,,1,39 53:56.725,2.0,0,75 10:42.270,0,0,0,0,67301,0,0,0,N,0,0,0,10,68K01,0,,1,1,,N,N,,0,,0,0,1,0,0,N,1659.0,0,4,0,0,0,0,0,3,4,1,4,3,,N,,,,,,,,,,,
2011008204,532.0,3,0,0,0,0,0,0,0,0,4,0,,67,10,2010,1,40.0171,-75.1385,530.0,6,0,0,0,0,0,0,0,0,9.0,0,0,0,5.0,3,2,1,,2,40 01:01.488,7.0,0,75 08:18.491,8,0,0,0,67301,0,0,0,,0,0,0,6,67301,0,,1,1,,,,,0,,0,0,0,3,3,Y,529.0,2,3,0,0,0,2,0,3,4,0,3,3,,N,,,,,,,,,,,
2011009783,205.0,1,0,0,0,0,0,0,0,0,4,0,,67,12,2010,7,40.0111,-75.136,200.0,6,0,0,0,0,0,1,0,0,,0,0,0,1.0,3,1,0,,0,40 00:39.988,,0,75 08:09.750,8,0,0,0,67301,0,0,0,N,0,0,0,1,67301,0,,1,1,,N,N,,0,,0,0,1,0,0,,145.0,1,2,0,0,0,1,0,3,4,0,2,3,,N,,,,,,,,,,,
2011022584,0.0,0,0,0,0,0,0,0,0,0,1,0,,67,6,2010,4,39.9958,-75.1394,0.0,6,0,0,0,0,0,0,0,1,,0,0,0,9.0,1,1,0,,0,39 59:44.739,,0,75 08:21.932,4,0,0,0,67301,0,0,0,,0,0,0,2,00000,1,,1,1,,,,,0,,0,0,0,0,0,,915.0,1,2,0,0,0,0,1,3,4,1,2,3,,N,,,,,,,,,,,
2011026284,1000.0,2,0,0,0,0,0,0,0,0,4,0,,67,12,2010,7,40.0059,-75.1135,1000.0,6,0,0,0,0,0,0,0,0,,0,0,0,10.0,1,4,1,,0,40 00:21.351,,0,75 06:48.588,4,0,0,0,67301,0,0,0,N,0,0,0,4,67301,4,,1,1,,N,N,,0,,0,0,1,3,2,,1000.0,4,3,0,0,0,0,0,3,4,0,3,3,,N,,,,,,,,,,,
2011026309,1545.0,2,0,0,0,0,0,0,0,0,1,0,,67,6,2010,6,39.9395,-75.1981,1543.0,6,0,0,0,0,0,0,0,0,,0,0,0,15.0,1,1,1,,0,39 56:22.379,,0,75 11:53.331,8,0,0,0,67301,0,0,0,N,0,0,0,3,67301,0,,1,1,,N,N,,0,,0,0,1,0,0,,1533.0,1,3,0,0,0,1,2,3,4,0,3,3,,N,,,,,,,,,,,
2011026227,1310.0,3,0,0,0,0,0,0,0,0,1,0,,67,6,2010,3,40.0362,-75.1306,1305.0,6,0,0,0,0,0,0,0,0,,0,0,0,12.0,1,2,0,,0,40 02:10.194,,0,75 07:50.009,4,0,0,0,67301,0,0,0,N,0,0,0,5,67301,2,,1,1,,N,N,,0,,0,0,0,3,2,,1255.0,2,3,0,0,5,0,0,3,4,0,3,3,,N,,,,,,,,,,,
2011001960,1320.0,1,0,0,0,0,0,0,0,0,7,0,,67,12,2010,4,40.0607,-75.0439,1318.0,6,0,0,0,0,0,0,0,0,,0,0,0,13.0,1,0,0,,0,40 03:37.819,,0,75 02:38.246,0,0,0,0,67301,0,0,0,N,0,0,0,1,67301,0,,2,9,,N,N,,0,,0,0,0,0,0,,1314.0,0,1,0,0,0,0,0,3,4,0,1,7,,N,,,,,,,,,,,
2010074372,1113.0,1,0,0,0,0,0,0,0,0,1,0,,67,6,2010,4,39.9776,-75.1582,1107.0,6,0,0,0,0,0,0,0,0,,0,0,0,11.0,1,1,0,,0,39 58:39.209,,0,75 09:29.426,4,0,0,0,67301,0,0,0,N,0,0,0,3,67301,1,,1,1,,N,N,,1,,0,0,0,3,2,,1104.0,1,2,0,0,0,0,0,3,4,0,2,3,,N,,,,,,,,,,,
2010074383,1350.0,2,0,0,0,0,0,0,0,0,2,0,,67,7,2010,6,40.0355,-75.1086,1345.0,6,0,0,0,0,0,1,0,0,,0,0,0,13.0,1,1,1,,0,40 02:06.512,,0,75 06:29.945,4,0,0,0,67301,0,0,0,Y,0,0,0,2,67301,1,,1,1,,N,N,,0,,0,0,0,3,2,,1340.0,1,2,0,0,0,0,0,3,4,0,2,3,,N,,,,,,,,,,,
2010061980,823.0,4,0,0,0,0,0,0,0,0,4,0,,67,5,2010,4,39.9684,-75.1768,817.0,6,0,0,0,0,0,0,0,0,,0,0,0,8.0,1,1,2,,0,39 58:06.308,,0,75 10:36.325,8,0,0,0,67301,0,0,0,,0,0,0,3,67301,0,,1,9,,,N,,0,,0,0,0,3,3,,810.0,1,4,0,0,0,1,0,3,4,0,4,7,,N,,,,,,,,,,,
2010064411,29.0,1,0,0,0,0,0,0,0,0,1,0,,67,5,2010,7,40.0424,-75.0035,17.0,6,0,0,0,1,0,0,0,0,,0,0,0,0.0,3,3,0,,0,40 02:32.906,,0,75 00:12.398,4,0,0,0,67301,0,0,0,N,0,0,0,6,68K01,3,,1,1,,N,N,,0,,0,0,1,0,0,,14.0,3,2,0,0,1,0,0,3,4,0,2,3,,N,,,,,,,,,,,
2010071970,242.0,1,0,0,0,0,0,0,0,0,5,0,,67,7,2010,7,39.9848,-75.0947,233.0,6,0,0,0,0,0,0,0,0,,0,0,0,2.0,3,0,0,,0,39 59:05.728,,0,75 05:40.517,9,0,0,0,67301,0,0,0,N,0,0,0,2,68K01,0,,1,1,,N,N,,0,,0,0,0,0,0,,231.0,0,2,0,0,0,0,1,3,4,0,2,3,,N,,,,,,,,,,,
2010081922,1624.0,2,0,0,0,0,0,0,0,0,1,0,,67,7,2010,7,40.0348,-75.1175,1620.0,6,0,0,0,0,0,0,0,0,,0,0,0,14.0,1,3,0,,0,40 02:05.184,,0,75 07:02.858,8,0,0,0,67301,0,0,0,,0,0,0,3,67301,0,,1,1,,N,N,,0,,0,0,0,0,0,,1420.0,3,2,0,0,0,3,0,3,4,0,2,3,,N,,,,,,,,,,,
2010081929,1940.0,1,0,0,0,0,0,0,0,0,8,0,,67,7,2010,4,39.9156,-75.2286,1937.0,6,0,0,0,0,0,0,0,0,,0,0,0,19.0,1,1,0,,0,39 54:56.214,,0,75 13:43.129,4,0,0,0,67301,1,0,0,N,1,0,0,2,67301,1,,1,1,,N,N,,0,,0,0,0,0,0,,1900.0,1,2,0,0,0,0,0,3,4,0,1,3,,N,,,,,,,,,,,
2010061934,705.0,3,0,0,0,0,0,0,0,0,1,0,,67,5,2010,7,40.0145,-75.1782,656.0,6,0,0,0,0,0,1,0,0,,0,0,0,6.0,1,1,0,,0,40 00:52.422,,0,75 10:41.732,4,0,0,0,67301,0,0,0,N,0,0,0,4,67301,1,,1,1,,N,N,,0,,0,0,0,0,0,,650.0,1,3,0,0,0,0,0,3,4,0,3,3,,N,,,,,,,,,,,
2010074540,2200.0,1,0,0,0,0,0,0,0,0,8,0,,67,6,2010,4,40.0429,-75.1029,2157.0,6,0,0,0,1,0,0,0,0,2.0,0,0,0,21.0,3,1,0,,2,40 02:34.335,3.0,0,75 06:10.472,4,0,0,0,67301,1,0,0,N,1,0,0,2,67301,1,,1,1,,N,N,,0,,0,0,0,0,0,Y,2154.0,1,2,0,0,0,0,0,3,4,0,1,99,,N,,,,,,,,,,,
2010069586,1453.0,2,0,0,0,0,0,0,0,0,4,0,,67,6,2010,5,39.9707,-75.1541,1448.0,6,0,0,1,0,0,1,0,0,,0,0,0,14.0,1,2,1,,0,39 58:14.534,,0,75 09:14.823,4,0,0,0,67301,0,0,0,,0,0,0,2,67301,2,,1,1,,,,,0,,0,0,0,3,2,,1448.0,2,2,0,0,0,0,0,3,4,0,2,3,,N,,,,,,,,,,,
2010069646,2330.0,2,0,0,0,0,0,0,0,0,5,0,,67,6,2010,7,39.9499,-75.1439,2330.0,6,0,0,0,0,0,1,0,0,1.0,0,0,0,22.0,3,1,0,,1,39 56:59.642,3.0,0,75 08:38.229,8,0,0,0,67301,0,0,0,N,0,0,0,2,67301,0,,1,1,,N,N,,0,,0,0,0,0,0,N,2230.0,1,2,0,0,0,1,0,3,4,0,2,3,,N,,,,,,,,,,,
2010069655,1613.0,1,0,0,1,0,0,0,0,0,4,0,,67,6,2010,3,39.9547,-75.1944,1613.0,6,0,0,0,1,0,0,0,0,,0,0,0,16.0,1,1,1,,0,39 57:16.798,,0,75 11:39.891,3,0,0,0,67301,1,0,0,N,0,0,0,3,67301,0,,1,1,,N,N,,0,,1,0,0,3,2,,1610.0,1,2,0,0,0,0,0,3,4,0,1,3,,N,,,,,,,,,,,
2010069077,1148.0,1,0,0,0,0,0,0,0,0,1,0,,67,7,2010,6,39.9355,-75.1998,1133.0,6,0,0,0,0,0,1,0,0,1.0,0,0,0,11.0,1,3,0,,2,39 56:12.426,4.0,0,75 11:57.028,4,0,0,0,67301,0,0,0,N,0,0,0,5,68K01,3,,1,1,,N,N,,0,,0,0,1,0,0,N,1130.0,3,2,0,0,0,0,0,3,4,0,2,3,,N,,,,,,,,,,,
2010071684,2117.0,1,0,0,0,0,0,0,0,0,7,0,,67,6,2010,1,40.0004,-75.0791,2108.0,6,0,0,0,0,0,0,0,0,1.0,0,0,0,21.0,3,0,0,,1,39 59:56.475,1.0,2,75 04:47.469,0,0,0,0,67301,0,0,0,N,0,0,0,1,68K01,0,,4,1,,N,N,,0,,0,0,0,0,0,N,2105.0,0,1,0,0,0,0,0,3,4,0,1,3,,N,,,,,,,,,,,
2010081783,958.0,2,0,0,0,0,0,0,0,0,1,0,,67,7,2010,3,40.0543,-75.0716,955.0,6,0,0,0,1,0,0,0,0,,0,0,0,9.0,1,1,1,,0,40 03:15.623,,0,75 04:17.243,4,0,0,0,67301,0,0,0,N,0,0,0,4,67301,1,,1,1,,N,N,,0,,0,0,0,3,2,,953.0,1,2,0,0,0,0,0,3,4,0,2,3,,N,,,,,,,,,,,
2010069908,1533.0,2,0,0,0,0,0,0,0,0,4,0,,67,6,2010,2,39.9766,-75.1417,1529.0,6,0,0,0,0,0,0,0,0,,0,0,0,14.0,1,2,1,,0,39 58:35.875,,0,75 08:30.026,4,0,0,0,67301,0,0,0,N,0,0,0,3,67301,2,,1,1,,N,N,,0,,0,0,0,3,3,,1415.0,2,2,0,0,0,0,0,3,4,0,2,3,,N,,,,,,,,,,,
2010069933,1905.0,1,0,0,0,0,0,0,0,0,8,0,,67,6,2010,7,39.9904,-75.116,1855.0,6,0,0,0,0,0,0,0,0,,0,0,0,23.0,3,1,2,,0,39 59:25.507,,0,75 06:57.557,2,0,0,0,67301,1,0,1,N,1,0,1,2,67301,0,,1,1,,N,N,,0,,0,1,0,3,2,,2315.0,1,2,0,0,0,0,1,3,4,0,1,3,,N,,,,,,,,,,,
2010069955,1310.0,1,0,0,1,0,0,0,0,0,4,0,,67,6,2010,6,39.9612,-75.1748,1308.0,6,0,0,0,0,0,1,0,0,,0,0,0,13.0,1,1,1,,0,39 57:40.918,,0,75 10:30.472,4,0,0,0,67301,1,0,0,N,0,0,0,2,67301,1,,1,1,,N,N,,0,,0,0,0,3,2,,1304.0,1,2,0,0,0,0,0,3,4,0,1,3,,N,,,,,,,,,,,
2010069956,1058.0,0,0,0,0,0,0,0,0,0,8,0,,67,6,2010,6,39.9538,-75.1666,1056.0,6,0,0,0,0,0,0,0,0,,0,0,0,10.0,1,1,2,,0,39 57:13.704,,0,75 09:59.736,4,0,0,0,67301,1,0,0,N,1,0,0,2,67301,1,,1,1,,N,N,,1,,0,0,0,3,2,,1054.0,1,2,0,0,0,0,0,3,4,0,1,3,,N,,,,,,,,,,,
2010074551,1035.0,1,0,0,0,0,0,0,0,0,2,0,,67,7,2010,6,39.9853,-75.124,1035.0,6,0,0,0,0,0,1,0,0,,0,0,0,10.0,1,1,0,,0,39 59:07.240,,7,75 07:26.255,4,0,0,0,67301,1,0,0,N,1,0,0,2,67301,1,,1,1,,N,N,,0,,0,0,0,0,0,,1035.0,1,2,0,0,0,0,0,3,4,0,1,3,,N,,,,,,,,,,,
2010074577,1320.0,0,0,0,0,0,0,0,0,0,4,0,,67,7,2010,2,39.9542,-75.1395,1315.0,6,0,0,0,0,0,0,0,0,2.0,0,0,0,13.0,1,1,2,,2,39 57:15.516,2.0,0,75 08:23.025,4,0,0,1,67301,0,0,0,,0,0,0,2,67301,1,,1,1,,,,,1,,0,0,0,0,0,Y,1315.0,1,2,0,0,0,0,0,3,4,0,2,3,,N,,,,,,,,,,,
2010074622,1432.0,1,0,0,0,0,0,0,0,0,4,0,,67,7,2010,3,40.012,-75.07,1430.0,6,0,0,0,0,0,0,0,1,,0,0,0,99.0,1,0,1,,0,40 00:43.192,,0,75 04:11.917,0,0,0,0,67301,0,0,0,Y,0,0,0,2,67301,0,,1,1,,N,N,,1,,0,0,0,3,3,,9999.0,0,2,0,0,0,0,0,3,4,0,2,3,,N,,,,,,,,,,,
2010058955,1525.0,1,0,0,0,0,0,0,0,0,4,0,,67,5,2010,1,39.96,-75.1653,1515.0,6,0,0,0,0,0,0,0,0,1.0,0,0,0,15.0,1,3,2,,1,39 57:36.054,1.0,0,75 09:55.036,4,0,0,0,67301,0,0,0,N,0,0,0,5,67301,3,,1,1,,N,N,,0,,0,0,1,3,2,N,1510.0,3,2,0,0,0,0,0,3,4,0,2,3,,N,,,,,,,,,,,
2010030862,603.0,1,0,0,0,0,0,0,0,0,7,0,,67,3,2010,7,39.9788,-75.11,553.0,6,0,0,0,0,0,0,0,0,2.0,0,0,0,5.0,3,0,0,,1,39 58:45.303,2.0,0,75 06:31.870,0,0,0,0,67301,0,0,0,N,0,0,0,1,68K01,0,,2,8,,N,N,,0,,0,0,0,0,0,N,552.0,0,1,0,0,0,0,0,3,4,0,1,7,,N,,,,,,,,,,,
2010027939,1920.0,2,0,0,0,0,0,0,0,0,1,0,,67,2,2010,2,40.0836,-75.0264,1931.0,6,0,0,0,0,0,0,0,0,,0,0,0,99.0,3,1,2,,0,40 05:00.852,,0,75 01:35.142,4,0,0,0,67301,0,0,0,N,0,0,0,3,67301,1,,1,9,,N,N,,0,,0,0,0,0,0,,9999.0,1,2,0,0,0,0,0,3,4,0,2,3,,N,,,,,,,,,,,
2010027940,1840.0,2,0,0,0,0,0,0,0,0,4,0,,67,2,2010,3,40.0984,-75.0471,1838.0,6,0,0,0,0,0,1,0,0,1.0,0,0,0,18.0,4,1,1,,1,40 05:54.088,4.0,0,75 02:49.438,4,0,0,0,67301,0,0,0,,0,0,0,2,67301,1,,1,9,,,,,0,,0,0,0,3,2,N,1825.0,1,2,0,0,0,0,0,3,4,0,2,3,,N,,,,,,,,,,,
2010028105,2210.0,2,0,0,0,0,0,0,0,0,5,0,,67,1,2010,4,40.035,-75.0392,2200.0,6,0,0,0,0,0,0,0,0,,0,0,0,22.0,3,1,0,,0,40 02:06.174,,0,75 02:21.201,8,0,0,1,67301,0,0,0,,0,0,0,4,67301,0,,1,1,,N,N,,0,,0,0,0,0,0,,2205.0,1,3,0,0,0,1,3,3,4,0,3,3,,N,,,,,,,,,,,
2010028372,1945.0,2,0,0,0,0,0,0,0,0,4,0,,67,2,2010,6,40.0307,-75.1133,1941.0,6,0,0,0,0,0,0,0,0,1.0,0,0,0,19.0,3,1,2,,2,40 01:50.399,7.0,0,75 06:47.977,3,0,0,0,67301,0,0,0,N,0,0,0,4,67301,0,,4,9,,N,N,,0,,1,0,0,3,3,Y,1935.0,1,2,0,0,0,0,0,3,4,0,2,3,,N,,,,,,,,,,,
2010028150,48.0,0,0,0,0,0,0,0,0,0,8,0,,67,1,2010,4,40.0205,-75.1924,43.0,6,0,0,0,0,0,0,0,0,9.0,0,0,0,0.0,3,1,1,,2,40 01:13.809,2.0,0,75 11:32.576,3,0,0,0,67301,1,0,0,N,1,0,0,2,67301,0,,1,1,,N,N,,1,,1,0,0,3,2,Y,40.0,1,2,0,0,0,0,0,3,4,0,1,3,,N,,,,,,,,,,,
2010028158,1540.0,0,0,0,0,0,0,0,0,0,8,0,,67,2,2010,2,40.0242,-75.0438,1532.0,6,0,0,0,0,0,0,0,0,,0,0,0,14.0,1,2,1,,0,40 01:27.127,,0,75 02:37.827,4,0,0,0,67301,2,0,0,N,2,0,0,3,67301,2,,1,6,,N,N,,1,,0,0,0,9,3,,1420.0,2,3,0,0,0,0,1,3,4,0,1,3,,N,,,,,,,,,,,
2010028288,1239.0,1,0,0,0,0,0,0,0,0,1,0,,67,2,2010,1,40.0222,-75.1375,1228.0,6,0,0,0,0,0,1,0,0,1.0,0,0,0,12.0,1,1,1,,1,40 01:20.307,1.0,0,75 08:13.890,4,0,0,0,67301,0,0,0,N,0,0,0,3,67301,1,,1,9,,N,N,,0,,0,0,0,3,2,N,1227.0,1,2,0,0,0,0,0,3,4,1,2,10,,N,,,,,,,,,,,
2010028312,1045.0,1,0,0,0,0,0,0,0,0,4,0,,67,2,2010,2,39.9223,-75.1871,1040.0,6,1,0,0,0,0,0,0,0,,0,0,0,10.0,1,1,1,,0,39 55:20.631,,0,75 11:12.780,4,0,0,0,67301,0,0,0,,0,0,0,3,67301,1,,1,1,,,,,1,,0,0,0,3,2,,1035.0,1,2,0,0,0,0,0,3,4,0,2,3,,N,,,,,,,,,,,
2010025539,28.0,1,0,0,0,0,0,0,0,0,7,0,,67,2,2010,6,39.9324,-75.2001,17.0,6,0,0,0,0,0,0,0,0,1.0,0,0,0,0.0,2,0,0,,2,39 55:54.551,3.0,0,75 11:59.678,0,0,0,0,67301,0,0,0,N,0,0,0,1,68K01,0,,2,1,,N,N,,0,,0,0,0,0,0,N,10.0,0,1,0,0,0,0,0,3,4,0,1,3,,N,,,,,,,,,,,
2010028538,36.0,2,0,0,0,0,0,0,0,0,5,0,,67,2,2010,5,39.9492,-75.154,9999.0,6,0,0,0,0,0,0,0,0,,0,0,0,99.0,3,0,0,,0,39 56:57.076,,0,75 09:14.493,0,0,0,0,67301,0,0,0,N,0,0,0,1,67301,0,,1,1,,N,N,,0,,0,0,0,0,0,,9999.0,0,2,0,0,0,0,0,3,4,0,2,3,,N,,,,,,,,,,,