CRN,ARRIVAL_TM,AUTOMOBILE_COUNT,BELTED_DEATH_COUNT,BELTED_SUSP_SERIOUS_INJ_COUNT,BICYCLE_COUNT,BICYCLE_DEATH_COUNT,BICYCLE_SUSP_SERIOUS_INJ_COUNT,BUS_COUNT,CHLDPAS_DEATH_COUNT,CHLDPAS_SUSP_SERIOUS_INJ_COUNT,COLLISION_TYPE,COMM_VEH_COUNT,CONS_ZONE_SPD_LIM,COUNTY,CRASH_MONTH,CRASH_YEAR,DAY_OF_WEEK,DEC_LAT,DEC_LONG,DISPATCH_TM,DISTRICT,DRIVER_COUNT_16YR,DRIVER_COUNT_17YR,DRIVER_COUNT_18YR,DRIVER_COUNT_19YR,DRIVER_COUNT_20YR,DRIVER_COUNT_50_64YR,DRIVER_COUNT_65_74YR,DRIVER_COUNT_75PLUS,EST_HRS_CLOSED,FATAL_COUNT,HEAVY_TRUCK_COUNT,HORSE_BUGGY_COUNT,HOUR_OF_DAY,ILLUMINATION,INJURY_COUNT,INTERSECT_TYPE,INTERSECTION_RELATED,LANE_CLOSED,LATITUDE,LN_CLOSE_DIR,LOCATION_TYPE,LONGITUDE,MAX_SEVERITY_LEVEL,MCYCLE_DEATH_COUNT,MCYCLE_SUSP_SERIOUS_INJ_COUNT,MOTORCYCLE_COUNT,MUNICIPALITY,NONMOTR_COUNT,NONMOTR_DEATH_COUNT,NONMOTR_SUSP_SERIOUS_INJ_COUNT,NTFY_HIWY_MAINT,PED_COUNT,PED_DEATH_COUNT,PED_SUSP_SERIOUS_INJ_COUNT,PERSON_COUNT,POLICE_AGCY,POSSIBLE_INJ_COUNT,RDWY_SURF_TYPE_CD,RELATION_TO_ROAD,ROAD_CONDITION,ROADWAY_CLEARED,SCH_BUS_IND,SCH_ZONE_IND,SECONDARY_CRASH,SMALL_TRUCK_COUNT,SPEC_JURIS_CD,SUSP_MINOR_INJ_COUNT,SUSP_SERIOUS_INJ_COUNT,SUV_COUNT,TCD_FUNC_CD,TCD_TYPE,TFC_DETOUR_IND,TIME_OF_DAY,TOT_INJ_COUNT,TOTAL_UNITS,UNB_DEATH_COUNT,UNB_SUSP_SERIOUS_INJ_COUNT,UNBELTED_OCC_COUNT,UNK_INJ_DEG_COUNT,UNK_INJ_PER_COUNT,URBAN_AREA,URBAN_RURAL,VAN_COUNT,VEHICLE_COUNT,WEATHER1,WEATHER2,WORK_ZONE_IND,WORK_ZONE_LOC,WORK_ZONE_TYPE,WORKERS_PRES,WZ_CLOSE_DETOUR,WZ_FLAGGER,WZ_LAW_OFFCR_IND,WZ_LN_CLOSURE,WZ_MOVING,WZ_OTHER,WZ_SHLDER_MDN,WZ_WORKERS_INJ_KILLED
2010028704,1427.0,2,0,0,0,0,0,0,0,0,1,0,,67,3,2010,4,39.9446,-75.1913,1422.0,6,0,0,0,0,0,1,0,0,,0,0,0,14.0,1,1,6,,0,39 56:43.753,,2,75 11:24.850,8,0,0,0,67301,0,0,0,N,0,0,0,2,68K01,0,,7,1,,N,N,,0,,0,0,0,0,0,,1415.0,1,2,0,0,0,1,0,3,4,0,2,3,,N,,,,,,,,,,,
2010028557,233.0,2,0,0,0,0,0,1,0,0,2,1,,67,2,2010,6,40.019,-75.0567,229.0,6,0,0,0,0,0,0,1,0,,0,0,0,2.0,2,0,0,,0,40 01:08.318,,0,75 03:24.144,0,0,0,0,67301,0,0,0,,0,0,0,2,67301,0,,1,6,,,,,0,,0,0,0,0,0,,227.0,0,3,0,0,1,0,0,3,4,0,3,3,,N,,,,,,,,,,,
2010028595,1325.0,1,0,0,0,0,0,0,0,0,8,0,,67,2,2010,3,39.9898,-75.1255,1320.0,6,0,0,0,0,0,1,0,0,,0,0,0,13.0,1,1,1,,0,39 59:23.298,,0,75 07:31.934,4,0,0,0,67301,1,0,0,,1,0,0,2,67301,1,,1,9,,,,,0,,0,0,0,3,2,,1318.0,1,2,0,0,0,0,0,3,4,0,1,3,,N,,,,,,,,,,,
2010091485,1740.0,1,0,0,1,0,0,0,0,0,4,0,,67,7,2010,6,40.0889,-75.0207,1732.0,6,0,0,0,0,0,0,0,0,1.0,0,0,0,17.0,1,1,2,,1,40 05:19.990,1.0,0,75 01:14.693,4,0,0,0,67301,1,0,0,,0,0,0,2,67301,1,,1,1,,,,,0,,0,0,0,3,2,N,1725.0,1,2,0,0,0,0,1,3,4,0,1,3,,N,,,,,,,,,,,
2010110763,2159.0,0,0,0,1,0,0,0,0,0,4,0,,67,10,2010,6,39.9933,-75.125,2154.0,6,0,0,0,0,0,0,0,0,,0,0,0,21.0,2,1,1,,0,39 59:35.898,,0,75 07:29.870,4,0,0,0,67301,1,0,0,,0,0,0,2,67301,1,,1,1,,N,N,,1,,0,0,0,3,3,,2150.0,1,2,0,0,0,0,0,3,4,0,1,3,,N,,,,,,,,,,,
2011010028,1330.0,0,0,0,0,0,0,0,0,0,8,0,,67,12,2010,2,39.923,-75.1788,1327.0,6,0,0,0,0,0,1,0,0,,0,0,0,13.0,1,1,2,,0,39 55:22.868,,0,75 10:43.568,4,0,0,0,67301,1,0,0,,1,0,0,2,67301,1,,1,7,,N,N,,1,,0,0,0,0,0,,1327.0,1,2,0,0,0,0,0,3,4,0,1,10,,N,,,,,,,,,,,
2011022450,0.0,2,0,0,0,0,0,0,0,0,1,0,,67,5,2010,6,39.9305,-75.2273,0.0,6,0,0,0,0,0,0,0,0,,0,0,0,20.0,4,1,0,,0,39 55:49.950,,0,75 13:38.210,3,0,0,0,67301,0,0,0,,0,0,0,2,00000,0,,1,9,,,,,0,,1,0,0,0,0,,2037.0,1,2,0,0,0,0,0,3,4,0,2,7,,N,,,,,,,,,,,
2011024961,0.0,1,0,0,0,0,0,0,0,0,8,0,,67,10,2010,2,,,0.0,6,0,0,0,0,0,0,0,0,,0,0,0,18.0,4,1,0,,0,,,0,,4,0,0,0,67301,1,0,0,,1,0,0,2,00000,1,,1,98,,,,,0,,0,0,0,0,0,,1830.0,1,2,0,0,0,0,0,3,3,0,1,99,,N,,,,,,,,,,,
2011024970,0.0,1,0,0,0,0,0,0,0,0,1,0,,67,10,2010,2,40.1025,-75.0287,0.0,6,0,0,0,0,0,0,0,0,,0,0,0,13.0,1,1,1,,0,40 06:08.954,,0,75 01:43.447,4,0,0,0,67301,0,0,0,,0,0,0,2,00000,1,,1,1,,,,,0,,0,0,0,3,2,,1310.0,1,2,0,0,0,0,0,3,4,0,2,3,,N,,,,,,,,,,,
2011022572,0.0,1,0,0,0,0,0,0,0,0,1,0,,67,3,2010,3,39.9527,-75.1578,0.0,6,0,0,0,0,0,0,0,0,,0,0,0,18.0,1,2,2,,0,39 57:09.766,,0,75 09:27.917,3,0,0,0,67301,0,0,0,N,0,0,0,4,00000,0,,1,1,,N,N,,0,,2,0,0,3,2,,1830.0,2,2,0,0,0,0,2,3,4,0,2,3,,N,,,,,,,,,,,
2010056555,1153.0,1,0,0,0,0,0,0,0,0,7,0,,67,6,2010,3,39.9585,-75.1665,1148.0,6,0,0,0,0,0,0,0,0,1.0,0,0,0,11.0,1,1,0,,1,39 57:30.467,4.0,0,75 09:59.293,4,0,0,0,67301,0,0,0,N,0,0,0,2,68K01,1,,2,1,,N,N,,0,,0,0,0,0,0,N,1144.0,1,1,0,0,0,0,0,3,4,0,1,3,,N,,,,,,,,,,,
2010066837,2255.0,2,0,0,0,0,0,0,0,0,1,0,,67,7,2010,1,39.9631,-75.1835,2255.0,6,0,0,0,0,0,0,0,0,2.0,0,0,0,22.0,3,4,0,,1,39 57:50.234,4.0,0,75 11:03.600,3,0,0,0,67301,0,0,0,N,0,0,0,6,68K01,1,,1,1,,N,N,,0,,3,0,1,0,0,N,2216.0,4,3,0,0,0,0,0,3,4,0,3,3,,N,,,,,,,,,,,
2010074444,2045.0,0,0,0,0,0,0,0,0,0,8,0,,67,7,2010,5,39.998,-75.1254,2045.0,6,0,0,0,1,0,0,0,0,,0,0,0,20.0,4,2,0,,0,39 59:52.789,,0,75 07:31.478,3,0,0,0,67301,1,0,0,N,1,0,0,2,67301,1,,1,1,,N,N,,0,,1,0,0,0,0,,2040.0,2,2,0,0,0,0,0,3,4,0,1,3,,N,,,,,,,,,,,
2010074464,1907.0,2,0,0,0,0,0,0,0,0,4,0,,67,7,2010,7,39.9751,-75.195,1906.0,6,0,0,0,0,1,0,0,0,,0,0,0,19.0,1,1,1,,0,39 58:30.781,,0,75 11:41.713,4,0,0,0,67301,0,0,0,,0,0,0,6,67301,1,,1,1,,N,N,,0,,0,0,0,3,2,,1905.0,1,2,0,0,0,0,0,3,4,0,2,3,,N,,,,,,,,,,,
2010074506,1616.0,1,0,0,1,0,0,0,0,0,9,0,,67,7,2010,4,40.0469,-75.1667,1606.0,6,0,0,0,0,0,1,0,0,,0,0,0,15.0,1,1,0,,0,40 02:48.875,,7,75 10:00.052,3,0,0,0,67301,1,0,0,N,0,0,0,2,67301,0,,1,1,,N,N,,0,,1,0,0,3,3,,1548.0,1,2,0,0,0,0,0,3,4,0,1,3,,N,,,,,,,,,,,
2010081933,1640.0,1,0,0,0,0,0,0,0,0,8,0,,67,7,2010,2,40.0097,-75.196,1635.0,6,0,0,0,0,0,0,0,0,,0,0,0,13.0,1,1,1,,0,40 00:34.904,,7,75 11:45.583,8,0,0,0,67301,1,0,0,N,1,0,0,2,67301,0,,5,1,,N,N,,0,,0,0,0,0,0,,1300.0,1,2,0,0,0,1,1,3,4,0,1,3,,N,,,,,,,,,,,
2010081954,2210.0,2,0,0,0,0,0,0,0,0,1,0,,67,7,2010,6,39.9402,-75.201,2120.0,6,0,0,0,0,0,0,0,0,,0,0,0,21.0,3,0,0,,0,39 56:24.645,,0,75 12:03.560,9,0,0,0,67301,0,0,0,,0,0,0,3,67301,0,,1,1,,,,,0,,0,0,0,0,0,,2115.0,0,2,0,0,0,0,2,3,4,0,2,3,,N,,,,,,,,,,,
2010069590,856.0,0,0,0,0,0,0,0,0,0,7,0,,67,6,2010,2,40.052,-75.0017,842.0,6,0,0,0,0,0,1,0,0,4.0,0,0,0,8.0,1,2,0,,2,40 03:07.314,7.0,0,75 00:06.169,3,0,0,0,67301,0,0,0,N,0,0,0,2,67301,1,,4,1,,N,N,,1,,1,0,1,0,0,Y,835.0,2,2,0,0,0,0,0,3,4,0,2,3,,N,,,,,,,,,,,
2010069599,1830.0,2,0,0,0,0,0,0,0,0,4,0,,67,6,2010,5,39.9218,-75.2216,1820.0,6,0,0,0,0,0,0,0,0,,0,0,0,15.0,1,2,2,,0,39 55:18.429,,0,75 13:17.630,4,0,0,0,67301,0,0,0,N,0,0,0,4,67301,2,,1,1,,N,,,0,,0,0,0,3,3,,1543.0,2,2,0,0,0,0,1,3,4,0,2,3,,N,,,,,,,,,,,
2010081798,2008.0,1,0,0,0,0,0,0,0,0,1,1,,67,7,2010,2,,,2001.0,6,0,0,0,0,0,0,0,0,,0,1,0,20.0,3,2,0,,0,,,3,,4,0,0,0,67301,0,0,0,N,0,0,0,3,67301,2,,1,9,,N,N,,0,,0,0,0,0,0,,2000.0,2,2,0,0,0,0,0,3,3,0,2,7,,N,,,,,,,,,,,
2010081799,2100.0,2,0,0,0,0,0,0,0,0,4,0,,67,7,2010,3,39.9212,-75.1934,2056.0,6,0,0,0,0,0,1,0,0,,0,0,0,20.0,3,0,0,,0,39 55:16.252,,7,75 11:36.226,0,0,0,0,67301,0,0,0,N,0,0,0,3,67301,0,,1,9,,N,N,,0,,0,0,0,3,2,,2050.0,0,2,0,0,0,0,0,3,4,0,2,7,,N,,,,,,,,,,,
2010072576,9999.0,0,0,0,0,0,0,0,0,0,4,1,,67,6,2010,5,40.012,-75.176,9999.0,6,0,0,0,0,0,2,0,0,,0,1,0,99.0,1,1,1,,0,40 00:43.053,,0,75 10:33.696,3,0,0,0,67301,0,0,0,,0,0,0,2,67301,0,,1,1,,,,,0,,1,0,1,9,3,,9999.0,1,2,0,0,0,0,0,3,4,0,2,3,,N,,,,,,,,,,,
2010074563,1441.0,0,0,0,0,0,0,0,0,0,1,0,,67,6,2010,4,39.9779,-75.2061,1419.0,6,0,0,0,0,0,0,0,0,,0,0,0,14.0,1,1,2,,0,39 58:40.436,,0,75 12:21.801,2,0,0,0,67301,0,0,0,N,0,0,0,5,67301,0,,1,1,,N,N,,1,,0,1,1,3,3,,1413.0,1,2,0,0,0,0,1,3,4,0,2,3,,N,,,,,,,,,,,
2010074565,1220.0,1,0,0,0,0,0,0,0,0,5,0,,67,7,2010,6,40.0291,-75.0863,1211.0,6,0,0,0,0,0,1,0,0,1.0,0,0,0,12.0,1,1,0,,1,40 01:44.794,3.0,0,75 05:10.802,4,0,0,0,67301,0,0,0,N,0,0,0,2,67301,1,,1,1,,N,N,,1,,0,0,0,0,0,N,1200.0,1,2,0,0,0,0,0,3,4,0,2,3,,N,,,,,,,,,,,
2010027975,2300.0,1,0,0,0,0,0,0,0,0,2,0,,67,2,2010,5,39.9964,-75.1993,2235.0,6,0,0,0,0,0,1,0,0,1.0,0,0,0,22.0,3,0,0,,1,39 59:47.180,3.0,0,75 11:57.530,0,0,0,0,67301,0,0,0,N,0,0,0,3,67301,0,,1,1,,N,N,,0,,0,0,0,0,0,N,2225.0,0,2,0,0,0,0,0,3,4,1,2,3,,N,,,,,,,,,,,
2010028243,1605.0,2,0,0,0,0,0,0,0,0,1,0,,67,2,2010,6,40.0745,-75.0021,1605.0,6,0,0,0,0,0,2,1,0,,0,0,0,16.0,1,1,0,,0,40 04:28.234,,0,75 00:07.414,3,0,0,0,67301,0,0,0,N,0,0,0,4,67301,0,,1,9,,N,N,,1,,1,0,0,3,2,,1604.0,1,3,0,0,0,0,0,3,4,0,3,10,,N,,,,,,,,,,,
2010028322,212.0,1,0,0,0,0,0,0,0,0,7,0,,67,1,2010,5,40.0017,-75.1646,212.0,6,0,0,0,0,0,0,0,0,,0,0,0,2.0,3,2,0,,0,40 00:06.026,,0,75 09:52.604,3,0,0,0,67301,0,0,0,,0,0,0,2,67301,0,,5,1,,,,,0,,2,0,0,0,0,,212.0,2,1,0,0,0,0,0,3,4,0,1,3,,N,,,,,,,,,,,
2010028530,528.0,1,0,0,0,0,0,0,0,0,7,0,,67,1,2010,7,40.0065,-75.1931,525.0,6,0,0,0,0,0,0,0,0,1.0,0,0,0,5.0,3,1,0,,1,40 00:24.398,1.0,3,75 11:33.860,8,0,0,0,67301,0,0,0,N,0,0,0,1,67301,0,,2,7,,N,N,,0,,0,0,0,0,0,N,520.0,1,1,0,0,0,1,0,3,4,0,1,10,,N,,,,,,,,,,,
2010028543,319.0,1,0,0,0,0,0,0,0,0,7,0,,67,2,2010,4,40.0254,-75.2214,304.0,6,0,0,0,0,0,0,0,0,,0,0,0,3.0,3,0,2,,0,40 01:31.551,,0,75 13:17.032,0,0,0,0,67301,0,0,0,,0,0,0,1,67301,0,,3,2,,,,,0,,0,0,0,0,0,,300.0,0,1,0,0,0,0,0,3,4,0,1,3,,N,,,,,,,,,,,
2010028568,1445.0,2,0,0,0,0,0,0,0,0,4,0,,67,2,2010,2,40.0276,-75.0962,1443.0,6,0,0,0,0,0,2,0,0,1.0,0,0,0,14.0,1,1,1,,1,40 01:39.432,2.0,0,75 05:46.337,4,0,0,0,67301,0,0,0,N,0,0,0,3,67301,1,,1,98,,N,N,,0,,0,0,0,3,3,N,1439.0,1,2,0,0,0,0,0,3,4,0,2,99,,N,,,,,,,,,,,
2010018045,2017.0,1,0,0,0,0,0,1,0,0,5,1,,67,1,2010,3,40.0013,-75.1509,2016.0,6,0,0,0,0,0,0,0,0,,0,0,0,16.0,1,1,0,,0,40 00:04.868,,0,75 09:03.622,4,0,0,0,67301,0,0,0,N,0,0,0,2,67301,1,,2,1,,N,N,,0,,0,0,0,0,0,,1600.0,1,2,0,0,0,0,0,3,4,0,2,3,,N,,,,,,,,,,,
2010091484,30.0,3,0,0,0,0,0,0,0,0,5,0,,67,8,2010,7,40.0258,-75.1234,22.0,6,0,0,0,1,0,0,0,0,2.0,0,0,0,0.0,3,1,0,,2,40 01:32.835,4.0,0,75 07:24.254,4,0,0,0,67301,0,0,0,N,0,0,0,5,67301,1,,1,1,,N,N,,0,,0,0,0,3,2,N,22.0,1,3,0,0,0,0,0,3,4,0,3,3,,N,,,,,,,,,,,
2010106491,947.0,3,0,0,0,0,0,0,0,0,1,0,,67,10,2010,2,39.9844,-75.0957,933.0,6,0,0,0,0,0,2,0,0,1.0,0,0,0,9.0,1,0,0,,2,39 59:05.108,1.0,0,75 05:41.707,0,0,0,0,67301,0,0,0,N,0,0,0,3,68K01,0,,1,1,,N,N,,0,,0,0,0,0,0,N,926.0,0,3,0,0,0,0,0,3,4,0,3,3,,N,,,,,,,,,,,
2010110768,1520.0,1,0,0,0,0,0,0,0,0,4,0,,67,10,2010,6,40.0671,-75.2471,1514.0,6,0,0,0,0,0,0,0,1,,0,0,0,14.0,1,3,2,,0,40 04:01.495,,0,75 14:49.559,8,0,0,0,67301,0,0,0,N,0,0,0,3,67301,0,,1,9,,N,N,,0,,0,0,1,3,3,,1450.0,3,2,0,0,0,3,0,3,4,0,2,3,,N,,,,,,,,,,,
2011010645,2040.0,1,0,0,0,0,0,0,0,0,4,0,,67,12,2010,3,39.913,-75.1819,2038.0,6,0,0,0,0,0,0,0,0,,0,0,0,99.0,3,0,5,,0,39 54:46.864,,0,75 10:54.999,0,0,0,0,67301,0,0,0,,0,0,0,2,67301,0,,1,7,,,,,1,,0,0,0,3,2,,9999.0,0,2,0,0,0,0,0,3,4,0,2,3,,N,,,,,,,,,,,
2011010029,1735.0,1,0,0,0,0,0,0,0,0,8,0,,67,12,2010,6,39.9315,-75.1613,1734.0,6,0,0,0,0,0,0,0,0,,0,0,0,17.0,3,1,0,,0,39 55:53.475,,0,75 09:40.788,4,0,0,0,67301,1,0,0,N,1,0,0,2,67301,1,,1,9,,N,N,,0,,0,0,0,0,0,,1733.0,1,2,0,0,0,0,0,3,4,0,1,3,,N,,,,,,,,,,,
2011008224,1115.0,2,0,0,0,0,0,0,0,0,5,0,,67,12,2010,3,39.9517,-75.1705,1125.0,6,0,0,0,0,0,0,0,0,,0,0,0,11.0,1,1,0,,0,39 57:06.041,,0,75 10:13.683,8,0,0,0,67301,0,0,0,N,0,0,0,2,67301,0,,6,1,,N,N,,0,,0,0,0,0,0,,1115.0,1,2,0,0,0,1,0,3,4,0,2,3,,N,,,,,,,,,,,
2011022548,0.0,0,0,0,0,0,0,0,0,0,8,0,,67,3,2010,6,39.9732,-75.1267,0.0,6,0,0,0,0,0,0,0,0,,0,0,0,16.0,1,1,1,,0,39 58:23.660,,0,75 07:36.141,8,0,0,0,67301,1,0,0,N,1,0,0,2,00000,0,,1,1,,N,N,,0,,0,0,0,0,0,,1610.0,1,2,0,0,0,1,1,3,4,0,1,3,,N,,,,,,,,,,,
2011026108,0.0,2,0,0,0,0,0,0,0,0,4,0,,67,7,2010,4,39.9934,-75.1508,0.0,6,0,0,0,0,0,0,0,0,,0,0,0,12.0,1,1,1,,0,39 59:36.413,,0,75 09:02.806,8,0,0,0,67301,0,0,0,N,0,0,0,2,00000,0,,1,98,,N,N,,0,,0,0,0,0,0,,1230.0,1,2,0,0,0,1,1,3,4,0,2,99,,N,,,,,,,,,,,
2011026196,310.0,3,0,0,0,0,0,0,0,0,7,0,,67,5,2010,1,39.9899,-75.1665,305.0,6,0,0,0,0,0,0,0,0,,0,0,0,2.0,3,0,0,,0,39 59:23.470,,0,75 09:59.374,0,0,0,0,67301,0,0,0,,0,0,0,0,67301,0,,5,9,,N,N,,0,,0,0,0,0,0,,253.0,0,3,0,0,0,0,0,3,4,0,3,3,,N,,,,,,,,,,,
2011001962,1255.0,0,0,0,0,0,0,0,0,0,1,0,,67,11,2010,3,39.9396,-75.2203,1236.0,6,0,0,0,0,0,0,0,1,,0,0,0,12.0,1,0,1,,0,39 56:22.383,,0,75 13:13.087,9,0,0,0,67301,0,0,0,N,0,0,0,2,67301,0,,1,1,,N,N,,1,,0,0,1,3,2,,1250.0,0,2,0,0,0,0,2,3,4,0,2,3,,N,,,,,,,,,,,
2011001249,653.0,1,0,0,0,0,0,0,0,0,7,0,,67,12,2010,4,39.9579,-75.1631,653.0,6,0,0,0,0,1,0,0,0,,0,0,0,6.0,5,0,0,,0,39 57:28.603,,0,75 09:47.323,0,0,0,0,67301,0,0,0,N,0,0,0,1,68K01,0,,4,1,,N,N,,0,,0,0,0,0,0,,652.0,0,1,0,0,0,0,0,3,4,0,1,3,,N,,,,,,,,,,,
2011000766,1422.0,2,0,0,0,0,0,0,0,0,4,0,,67,12,2010,1,40.0809,-75.0288,1413.0,6,0,0,0,0,0,0,0,0,3.0,0,0,0,14.0,1,1,1,,1,40 04:51.448,2.0,0,75 01:44.242,8,0,0,0,67301,0,0,0,N,0,0,0,4,67301,0,,1,1,,N,N,,0,,0,0,0,3,2,N,1410.0,1,2,0,0,0,1,2,3,4,0,2,3,,N,,,,,,,,,,,
2011000777,2320.0,2,0,0,0,0,0,0,0,0,1,0,,67,11,2010,3,40.0377,-75.0381,2317.0,6,0,0,0,0,0,0,0,0,,0,0,0,23.0,3,2,0,,0,40 02:15.859,,0,75 02:17.045,8,0,0,0,67301,0,0,0,,0,0,0,2,67301,0,,1,1,,,,,1,,0,0,0,0,0,,2317.0,2,3,0,0,0,2,0,3,4,0,3,3,,N,,,,,,,,,,,
2011009155,431.0,1,0,0,0,0,0,0,0,0,7,0,,67,12,2010,1,40.0533,-75.0478,420.0,6,0,0,0,1,0,0,0,0,,0,0,0,99.0,3,2,0,,0,40 03:11.700,,0,75 02:52.101,4,0,0,0,67301,0,0,0,,0,0,0,2,67301,1,,4,1,,N,N,,0,,0,0,0,0,0,,9999.0,2,1,0,0,1,1,0,3,4,0,1,3,,N,,,,,,,,,,,
2011008375,2350.0,4,0,0,0,0,0,0,0,0,5,0,,67,12,2010,7,40.0114,-75.1867,2339.0,6,0,0,0,0,0,1,0,0,,0,0,0,23.0,3,0,0,,0,40 00:40.960,,0,75 11:12.040,0,0,0,0,67301,0,0,0,N,0,0,0,1,67301,0,,1,9,,N,N,,0,,0,0,0,0,0,,2345.0,0,4,0,0,0,0,0,3,4,0,4,7,,N,,,,,,,,,,,
2011008379,1040.0,1,0,0,0,0,0,0,0,0,5,1,,67,12,2010,3,40.0075,-75.1282,1023.0,6,0,0,0,0,0,0,0,0,,0,1,0,10.0,1,1,0,,0,40 00:26.910,,0,75 07:41.690,4,0,0,0,67301,0,0,0,N,0,0,0,4,67301,1,,1,1,,N,N,,0,,0,0,0,0,0,,1000.0,1,2,0,0,0,0,2,3,4,0,2,3,,N,,,,,,,,,,,
2011008388,1913.0,1,0,0,0,0,0,0,0,0,4,0,,67,12,2010,7,40.0343,-75.0746,1911.0,6,0,0,0,0,0,1,0,0,3.0,0,0,0,19.0,3,2,5,,2,40 02:03.403,4.0,6,75 04:28.523,8,0,0,0,67301,0,0,0,N,0,0,0,4,67301,0,,1,1,,N,N,,0,,0,0,1,3,2,Y,1910.0,2,2,0,0,0,2,0,3,4,0,2,3,,N,,,,,,,,,,,
2011008457,304.0,3,0,0,0,0,0,0,0,0,4,0,,67,12,2010,1,40.0613,-75.2362,304.0,6,0,0,0,0,0,0,0,0,,0,0,0,3.0,2,2,1,,0,40 03:41.901,,0,75 14:11.684,8,0,0,0,67301,0,0,0,N,0,0,0,4,67301,0,,1,1,,N,N,,0,,0,0,0,0,0,,300.0,2,3,0,0,0,2,0,3,4,0,3,3,,N,,,,,,,,,,,
2011025735,1325.0,0,0,0,0,0,0,0,0,0,5,0,,67,6,2010,7,40.0145,-75.1306,1318.0,6,0,0,0,0,0,1,0,0,1.0,0,0,0,13.0,1,1,0,,1,40 00:52.140,6.0,0,75 07:50.100,4,0,0,0,67301,0,0,0,N,0,0,0,2,67301,1,,1,1,,N,N,,1,,0,0,1,0,0,N,1315.0,1,3,0,0,1,0,0,3,4,1,3,3,,N,,,,,,,,,,,
2011024924,0.0,1,0,0,1,0,0,0,0,0,1,0,,67,4,2010,1,39.9349,-75.1627,0.0,6,0,0,0,0,0,0,0,0,,0,0,0,21.0,3,1,0,,0,39 56:05.710,,0,75 09:45.680,8,0,0,0,67301,1,0,0,N,0,0,0,2,00000,0,,1,9,,N,N,,0,,0,0,0,0,0,,2130.0,1,2,0,0,0,1,1,3,4,0,1,7,,N,,,,,,,,,,,
2011024927,0.0,2,0,0,0,0,0,0,0,0,1,0,,67,11,2010,7,,,0.0,6,0,0,0,0,0,0,0,0,,0,0,0,20.0,1,2,0,,0,,,0,,3,0,0,0,67301,0,0,0,N,0,0,0,4,00000,0,,1,1,,N,N,,0,,2,0,0,0,0,,2032.0,2,2,0,0,0,0,2,3,3,0,2,3,,N,,,,,,,,,,,
2011008489,338.0,1,0,0,0,0,0,0,0,0,4,0,,67,12,2010,3,39.964,-75.2182,327.0,6,0,0,0,0,0,0,0,0,1.0,0,0,0,3.0,3,0,1,,1,39 57:50.259,5.0,0,75 13:05.656,0,0,0,0,67301,0,0,0,N,0,0,0,2,67301,0,,1,1,,N,N,,0,,0,0,1,3,3,Y,326.0,0,2,0,0,0,0,0,3,4,0,2,3,,N,,,,,,,,,,,
2011008509,2258.0,2,0,0,0,0,0,0,0,0,1,0,,67,12,2010,1,40.0682,-75.0297,2258.0,6,0,0,0,0,0,1,0,0,,0,0,0,22.0,3,2,1,,0,40 04:05.322,,0,75 01:46.758,4,0,0,0,67301,0,0,0,N,0,0,0,2,67301,2,,1,9,,N,N,,0,,0,0,0,3,2,,2255.0,2,2,0,0,0,0,0,3,4,0,2,7,,N,,,,,,,,,,,
2010074427,1801.0,1,0,0,0,0,0,0,0,0,8,0,,67,7,2010,2,39.9307,-75.176,1800.0,6,0,0,0,0,0,0,1,0,,0,0,0,18.0,1,1,0,,0,39 55:50.350,,0,75 10:33.441,8,0,0,0,67301,1,0,0,,1,0,0,2,67301,0,,1,1,,N,N,,0,,0,0,0,0,0,,1800.0,1,2,0,0,0,1,0,3,4,0,1,3,,N,,,,,,,,,,,
2010061983,507.0,2,0,0,0,0,0,0,0,0,1,0,,67,5,2010,7,39.9213,-75.2219,1514.0,6,0,0,0,0,0,0,0,0,,0,0,0,5.0,3,1,2,,0,39 55:16.503,,0,75 13:18.926,4,0,0,0,67301,0,0,0,N,0,0,0,1,67301,1,,1,1,,N,N,,0,,0,0,2,3,3,,500.0,1,4,0,0,0,0,0,3,4,0,4,3,,N,,,,,,,,,,,
2010061994,2330.0,2,0,0,0,0,0,0,0,0,4,0,,67,4,2010,6,39.9715,-75.2258,2330.0,6,0,0,0,0,0,1,0,0,,0,0,0,23.0,3,0,1,,0,39 58:17.198,,0,75 13:33.022,9,0,0,0,67301,0,0,0,,0,0,0,3,67301,0,,1,1,,N,N,,0,,0,0,0,3,2,,2323.0,0,2,0,0,1,0,3,3,4,0,2,3,,N,,,,,,,,,,,
2010081948,903.0,2,0,0,0,0,0,0,0,0,1,0,,67,7,2010,5,40.0246,-75.0768,859.0,6,0,0,0,0,0,0,0,0,,0,0,0,8.0,1,1,0,,0,40 01:28.580,,0,75 04:36.327,4,0,0,0,67301,0,0,0,,0,0,0,1,67301,1,,6,1,,,,,0,,0,0,0,0,0,,859.0,1,2,0,0,0,0,0,3,4,0,2,3,,N,,,,,,,,,,,
2010068797,2150.0,1,0,0,0,0,0,0,0,0,7,0,,67,7,2010,2,39.9794,-75.2041,2148.0,6,0,0,0,0,1,0,0,0,2.0,0,0,0,21.0,3,1,0,,1,39 58:48.229,3.0,0,75 12:18.613,8,0,0,0,67301,0,0,0,N,0,0,0,1,68K01,0,,2,9,,N,N,,0,,0,0,0,0,0,Y,2145.0,1,1,0,0,0,1,0,3,4,0,1,7,,N,,,,,,,,,,,