CRN,ARRIVAL_TM,AUTOMOBILE_COUNT,BELTED_DEATH_COUNT,BELTED_SUSP_SERIOUS_INJ_COUNT,BICYCLE_COUNT,BICYCLE_DEATH_COUNT,BICYCLE_SUSP_SERIOUS_INJ_COUNT,BUS_COUNT,CHLDPAS_DEATH_COUNT,CHLDPAS_SUSP_SERIOUS_INJ_COUNT,COLLISION_TYPE,COMM_VEH_COUNT,CONS_ZONE_SPD_LIM,COUNTY,CRASH_MONTH,CRASH_YEAR,DAY_OF_WEEK,DEC_LAT,DEC_LONG,DISPATCH_TM,DISTRICT,DRIVER_COUNT_16YR,DRIVER_COUNT_17YR,DRIVER_COUNT_18YR,DRIVER_COUNT_19YR,DRIVER_COUNT_20YR,DRIVER_COUNT_50_64YR,DRIVER_COUNT_65_74YR,DRIVER_COUNT_75PLUS,EST_HRS_CLOSED,FATAL_COUNT,HEAVY_TRUCK_COUNT,HORSE_BUGGY_COUNT,HOUR_OF_DAY,ILLUMINATION,INJURY_COUNT,INTERSECT_TYPE,INTERSECTION_RELATED,LANE_CLOSED,LATITUDE,LN_CLOSE_DIR,LOCATION_TYPE,LONGITUDE,MAX_SEVERITY_LEVEL,MCYCLE_DEATH_COUNT,MCYCLE_SUSP_SERIOUS_INJ_COUNT,MOTORCYCLE_COUNT,MUNICIPALITY,NONMOTR_COUNT,NONMOTR_DEATH_COUNT,NONMOTR_SUSP_SERIOUS_INJ_COUNT,NTFY_HIWY_MAINT,PED_COUNT,PED_DEATH_COUNT,PED_SUSP_SERIOUS_INJ_COUNT,PERSON_COUNT,POLICE_AGCY,POSSIBLE_INJ_COUNT,RDWY_SURF_TYPE_CD,RELATION_TO_ROAD,ROAD_CONDITION,ROADWAY_CLEARED,SCH_BUS_IND,SCH_ZONE_IND,SECONDARY_CRASH,SMALL_TRUCK_COUNT,SPEC_JURIS_CD,SUSP_MINOR_INJ_COUNT,SUSP_SERIOUS_INJ_COUNT,SUV_COUNT,TCD_FUNC_CD,TCD_TYPE,TFC_DETOUR_IND,TIME_OF_DAY,TOT_INJ_COUNT,TOTAL_UNITS,UNB_DEATH_COUNT,UNB_SUSP_SERIOUS_INJ_COUNT,UNBELTED_OCC_COUNT,UNK_INJ_DEG_COUNT,UNK_INJ_PER_COUNT,URBAN_AREA,URBAN_RURAL,VAN_COUNT,VEHICLE_COUNT,WEATHER1,WEATHER2,WORK_ZONE_IND,WORK_ZONE_LOC,WORK_ZONE_TYPE,WORKERS_PRES,WZ_CLOSE_DETOUR,WZ_FLAGGER,WZ_LAW_OFFCR_IND,WZ_LN_CLOSURE,WZ_MOVING,WZ_OTHER,WZ_SHLDER_MDN,WZ_WORKERS_INJ_KILLED
2010067053,915.0,2,0,0,0,0,0,0,0,0,1,0,,67,6,2010,5,40.0061,-75.1519,912.0,6,0,0,0,0,0,0,0,0,,0,0,0,99.0,1,1,0,,0,40 00:21.976,,0,75 09:06.959,4,0,0,0,67301,0,0,0,N,0,0,0,2,67301,1,,1,1,,N,N,,0,,0,0,0,0,0,,9999.0,1,2,0,0,0,0,0,3,4,0,2,3,,N,,,,,,,,,,,
2010067095,925.0,1,0,0,0,0,0,0,0,0,4,0,,67,6,2010,4,39.995,-75.1625,919.0,6,0,0,0,0,1,0,0,0,2.0,0,0,0,9.0,1,0,2,,1,39 59:41.858,3.0,0,75 09:44.988,0,0,0,0,67301,0,0,0,,0,0,0,3,67301,0,,1,1,,N,N,,0,,0,0,1,3,3,N,910.0,0,2,0,0,0,0,0,3,4,0,2,3,,N,,,,,,,,,,,
2010069643,2322.0,2,0,0,0,0,0,0,0,0,4,0,,67,6,2010,3,39.9868,-75.1728,2320.0,6,0,0,0,0,1,0,0,0,,0,0,0,23.0,3,0,1,,0,39 59:12.570,,0,75 10:21.975,0,0,0,0,67301,0,0,0,N,0,0,0,2,67301,0,,1,1,,N,N,,0,,0,0,0,3,2,,2316.0,0,2,0,0,0,0,0,3,4,0,2,3,,N,,,,,,,,,,,
2010069647,952.0,0,0,0,1,0,0,1,0,0,5,1,,67,6,2010,5,39.9783,-75.1579,950.0,6,0,0,0,0,0,0,0,0,1.0,0,0,0,9.0,1,1,0,,1,39 58:41.966,2.0,0,75 09:28.366,4,0,0,0,67301,1,0,0,,0,0,0,9,67301,1,,1,1,,,,,0,,0,0,0,3,8,N,945.0,1,2,0,0,0,0,0,3,4,0,1,3,,N,,,,,,,,,,,
2010069680,1850.0,2,0,0,0,0,0,0,0,0,1,0,,67,6,2010,5,40.0688,-75.0302,1846.0,6,0,0,0,0,0,0,1,0,,0,0,0,18.0,1,1,2,,0,40 04:07.747,,0,75 01:48.695,4,0,0,0,67301,0,0,0,N,0,0,0,5,67301,1,,1,1,,N,N,,1,,0,0,0,3,3,,1830.0,1,3,0,0,0,0,1,3,4,0,3,3,,N,,,,,,,,,,,
2010081815,2240.0,0,0,0,0,0,0,0,0,0,4,0,,67,7,2010,3,40.045,-75.1236,2230.0,6,0,0,1,0,0,0,0,0,,0,0,0,99.0,3,1,1,,0,40 02:41.988,,0,75 07:24.833,3,0,0,1,67301,0,0,0,N,0,0,0,2,67301,0,,1,1,,N,N,,0,,1,0,1,3,2,,9999.0,1,2,0,0,0,0,0,3,4,0,2,3,,N,,,,,,,,,,,
2010069940,2353.0,0,0,0,0,0,0,0,0,0,8,0,,67,6,2010,1,40.0139,-75.0671,2350.0,6,0,0,0,0,0,0,0,0,,0,0,0,20.0,3,1,1,,0,40 00:50.068,,0,75 04:01.661,4,0,0,0,67301,1,0,0,N,1,0,0,2,67301,1,,9,1,,N,N,,0,,0,0,0,3,3,,2010.0,1,2,0,0,0,0,1,3,4,1,1,3,,N,,,,,,,,,,,
2010070015,1709.0,2,0,0,0,0,0,0,0,0,4,0,,67,6,2010,5,39.9073,-75.1878,1709.0,6,0,0,0,0,0,0,0,0,2.0,0,0,0,17.0,1,1,2,,2,39 54:26.280,3.0,0,75 11:16.256,8,0,0,0,67301,0,0,0,N,0,0,0,3,67301,0,,1,9,,N,N,,0,,0,0,0,3,3,N,1705.0,1,2,0,0,0,1,0,3,4,0,2,7,,N,,,,,,,,,,,
2010072560,1915.0,2,0,0,0,0,0,0,0,0,4,0,,67,5,2010,1,40.0845,-75.0384,1911.0,6,0,1,0,0,0,0,0,0,,0,0,0,19.0,1,1,1,,0,40 05:04.029,,0,75 02:18.148,4,0,0,0,67301,0,0,0,N,0,0,0,8,67301,1,,1,1,,N,N,,0,,0,0,0,3,2,,1911.0,1,3,0,0,0,0,0,3,4,1,3,3,,N,,,,,,,,,,,
2010066985,1615.0,0,0,0,1,0,0,0,0,0,5,0,,67,6,2010,3,39.9541,-75.2021,1612.0,6,0,0,0,0,0,0,0,0,,0,0,0,16.0,1,1,0,,0,39 57:14.660,,0,75 12:07.720,3,0,0,0,67301,1,0,0,N,0,0,0,2,67301,0,,1,1,,,N,,1,,1,0,0,3,2,,1610.0,1,2,0,0,0,0,0,3,4,0,1,3,,N,,,,,,,,,,,
2010067011,1509.0,1,0,0,0,0,0,0,0,0,8,0,,67,6,2010,3,39.9367,-75.1669,1500.0,6,0,0,0,0,0,0,0,0,,0,0,0,14.0,1,1,1,,0,39 56:12.075,,0,75 10:01.033,4,0,0,0,67301,1,0,0,N,1,0,0,2,67301,1,,1,1,,N,N,,0,,0,0,0,3,2,,1459.0,1,2,0,0,0,0,0,3,4,0,1,3,,N,,,,,,,,,,,
2010067024,1112.0,1,0,0,0,0,0,0,0,0,1,0,,67,6,2010,2,39.9955,-75.1125,1108.0,6,0,0,0,0,0,0,0,0,,0,0,0,11.0,1,1,0,,0,39 59:43.623,,0,75 06:45.054,8,0,0,0,67301,0,0,0,,0,0,0,3,67301,0,,1,1,,N,N,,0,,0,0,1,0,0,,1108.0,1,2,0,0,0,1,1,3,4,0,2,3,,N,,,,,,,,,,,
2010074575,11.0,1,0,0,0,0,0,0,0,0,7,0,,67,7,2010,1,39.9187,-75.2469,7.0,6,0,0,0,1,0,0,0,0,,0,0,0,23.0,3,2,0,,0,39 55:07.430,,0,75 14:48.788,4,0,0,0,67301,0,0,0,N,0,0,0,2,67301,2,,5,1,,N,N,,0,,0,0,0,0,0,,2356.0,2,1,0,0,0,0,0,3,4,0,1,3,,N,,,,,,,,,,,
2010074644,2125.0,1,0,0,1,0,0,0,0,0,4,0,,67,6,2010,6,39.9412,-75.1694,2120.0,6,0,0,0,0,0,0,0,0,,0,0,0,21.0,3,1,1,,0,39 56:28.345,,0,75 10:09.742,4,0,0,0,67301,1,0,0,N,0,0,0,2,67301,1,,1,1,,N,N,,0,,0,0,0,3,3,,2120.0,1,2,0,0,0,0,0,3,4,0,1,3,,N,,,,,,,,,,,
2010058968,321.0,1,0,0,0,0,0,0,0,0,4,1,,67,5,2010,5,39.9623,-75.1913,319.0,6,0,0,0,0,0,0,0,0,,0,1,0,3.0,3,0,0,,0,39 57:44.269,,0,75 11:28.723,0,0,0,0,67301,0,0,0,N,0,0,0,2,67301,0,,2,1,,N,N,,0,,0,0,0,0,0,,310.0,0,2,0,0,0,0,0,3,4,0,2,3,,N,,,,,,,,,,,
2010027897,1254.0,2,0,0,0,0,0,0,0,0,8,0,,67,2,2010,5,39.9531,-75.1819,1246.0,6,0,0,0,0,0,0,0,0,,0,0,0,12.0,1,1,5,,0,39 57:11.190,,2,75 10:54.852,8,0,0,0,67301,0,0,0,N,0,0,0,2,67301,0,,1,1,,N,N,,0,,0,0,0,3,2,,1219.0,1,2,0,0,0,1,0,3,4,0,2,3,,N,,,,,,,,,,,
2010028185,1820.0,1,0,0,0,0,0,0,0,0,8,0,,67,1,2010,5,40.0267,-75.1473,1815.0,6,0,0,0,0,0,0,0,0,,0,0,0,17.0,3,1,0,,0,40 01:35.892,,0,75 08:50.424,2,0,0,0,67301,1,0,1,N,1,0,1,2,67301,0,,1,1,,N,N,,0,,0,1,0,0,0,,1748.0,1,2,0,0,0,0,0,3,4,0,1,3,,N,,,,,,,,,,,
2010028211,1057.0,1,0,0,0,0,0,0,0,0,4,0,,67,1,2010,3,40.0295,-75.1862,1054.0,6,0,0,0,0,0,0,0,0,,0,0,0,9.0,1,1,1,,0,40 01:46.046,,0,75 11:10.157,4,0,0,0,67301,0,0,0,,0,0,0,2,67301,1,,1,1,,,,,0,,0,0,0,3,2,,916.0,1,2,0,0,1,0,1,3,4,1,2,3,,N,,,,,,,,,,,
2010019602,706.0,1,0,0,0,0,0,0,0,0,7,0,,67,2,2010,1,39.9085,-75.1486,706.0,6,0,0,0,0,0,0,0,0,,0,0,0,7.0,1,0,0,,0,39 54:30.582,,0,75 08:54.831,0,0,0,0,67301,0,0,0,N,0,0,0,1,67501,0,,2,2,,N,N,,0,,0,0,0,0,0,,706.0,0,1,0,0,0,0,0,3,4,0,1,3,,N,,,,,,,,,,,
2010028125,740.0,2,0,0,0,0,0,0,0,0,5,0,,67,2,2010,2,39.9649,-75.1594,740.0,6,0,0,0,0,0,0,1,0,3.0,0,0,0,7.0,1,2,1,,2,39 57:53.861,7.0,0,75 09:34.097,8,0,0,0,67301,0,0,0,N,0,0,0,2,67301,0,,1,1,,N,N,,0,,0,0,0,3,3,Y,725.0,2,2,0,0,0,2,0,3,4,0,2,3,,N,,,,,,,,,,,
2010028160,2053.0,1,0,0,0,0,0,0,0,0,8,0,,67,1,2010,1,40.0674,-75.0284,2043.0,6,0,0,0,0,0,0,0,0,,0,0,0,20.0,3,1,0,,0,40 04:02.624,,0,75 01:42.174,2,0,0,0,67301,1,0,1,,1,0,1,2,67301,0,,1,9,,,,,0,,0,1,0,0,0,,2041.0,1,2,0,0,0,0,0,3,4,0,1,7,,N,,,,,,,,,,,
2010028240,1511.0,1,0,0,0,0,0,0,0,0,7,0,,67,2,2010,7,40.0437,-75.0219,1509.0,6,0,0,0,0,0,0,0,0,,0,0,0,99.0,1,1,2,,0,40 02:37.146,,0,75 01:18.710,4,0,0,0,67301,0,0,0,N,0,0,0,3,67301,1,,5,7,,N,N,,0,,0,0,0,3,2,,9999.0,1,1,0,0,0,0,0,3,4,0,1,10,,N,,,,,,,,,,,
2010028320,1040.0,2,0,0,0,0,0,0,0,0,1,0,,67,2,2010,2,40.0367,-75.1584,1031.0,6,0,0,0,0,0,0,0,0,,0,0,0,10.0,1,1,3,,0,40 02:12.109,,0,75 09:30.211,8,0,0,0,67301,0,0,0,N,0,0,0,4,67301,0,,1,7,,N,N,,0,,0,0,0,0,0,,1014.0,1,2,0,0,0,1,1,3,4,0,2,3,,N,,,,,,,,,,,
2010025315,1902.0,1,0,0,0,0,0,0,0,0,7,0,,67,1,2010,7,40.0357,-75.0168,1900.0,6,0,0,0,0,0,0,0,0,,0,0,0,18.0,3,0,0,,0,40 02:08.673,,0,75 00:59.798,0,0,0,0,67301,0,0,0,N,0,0,0,1,68K01,0,,3,7,,N,N,,0,,0,0,0,0,0,,1858.0,0,1,0,0,0,0,0,3,4,0,1,10,,N,,,,,,,,,,,
2010028527,820.0,1,0,0,0,0,0,0,0,0,4,0,,67,2,2010,5,39.9106,-75.173,815.0,6,0,0,0,0,0,0,0,0,,0,0,0,99.0,1,0,1,,0,39 54:38.070,,0,75 10:22.874,0,0,0,0,67301,0,0,0,N,0,0,0,2,67301,0,,1,1,,N,N,,0,,0,0,1,3,2,,9999.0,0,2,0,0,0,0,0,3,4,0,2,3,,N,,,,,,,,,,,
2010028381,2300.0,2,0,0,0,0,0,0,0,0,4,0,,67,2,2010,6,40.0133,-75.1595,2257.0,6,0,0,0,0,0,0,0,0,,0,0,0,22.0,3,0,0,,0,40 00:47.968,,0,75 09:34.183,0,0,0,0,67301,0,0,0,N,0,0,0,1,67301,0,,6,2,,N,N,,0,,0,0,0,0,0,,2255.0,0,2,0,0,0,0,0,3,4,0,2,3,,N,,,,,,,,,,,
2010018005,1806.0,1,0,0,0,0,0,0,0,0,8,0,,67,1,2010,2,39.9929,-75.1831,1803.0,6,0,0,0,0,0,0,0,0,,0,0,0,18.0,3,2,0,,0,39 59:34.611,,0,75 10:59.055,3,0,0,0,67301,2,0,0,,2,0,0,3,67301,1,,1,1,,N,N,,0,,1,0,0,0,0,,1803.0,2,3,0,0,0,0,1,3,4,0,1,3,,N,,,,,,,,,,,
2010028570,820.0,0,0,0,1,0,0,0,0,0,4,0,,67,2,2010,2,39.9629,-75.2019,820.0,6,0,0,0,0,0,1,0,0,,0,0,0,6.0,1,1,1,,0,39 57:46.426,,0,75 12:06.810,8,0,0,0,67301,1,0,0,N,0,0,0,2,67301,0,,1,7,,N,N,,0,,0,0,0,3,2,,620.0,1,2,0,0,0,1,0,3,4,1,1,10,,N,,,,,,,,,,,
2010028579,2026.0,2,0,0,0,0,0,0,0,0,1,0,,67,2,2010,7,40.0402,-75.214,2017.0,6,0,0,0,0,0,2,0,0,,0,0,0,20.0,3,1,2,,0,40 02:25.153,,0,75 12:51.058,3,0,0,0,67301,0,0,0,N,0,0,0,3,67301,0,,1,1,,N,N,,0,,1,0,0,3,2,,2015.0,1,2,0,0,0,0,1,3,4,0,2,3,,N,,,,,,,,,,,
2010103790,820.0,0,0,0,0,0,0,1,0,0,7,1,,67,10,2010,6,39.9753,-75.2621,800.0,6,0,0,0,0,0,0,0,0,5.0,0,0,0,7.0,1,2,0,,2,39 58:31.221,2.0,0,75 15:43.698,4,0,0,0,67301,0,0,0,N,0,0,0,2,67301,1,,5,1,,Y,N,,0,,0,0,0,0,0,Y,724.0,2,1,0,0,0,1,0,3,4,0,1,3,,N,,,,,,,,,,,
2010103613,2222.0,5,0,0,0,0,0,0,0,0,4,0,,67,10,2010,2,39.9948,-75.0837,2214.0,6,0,0,0,0,1,1,0,0,2.0,0,0,0,22.0,3,1,0,,2,39 59:41.602,1.0,0,75 05:00.952,8,0,0,0,67301,0,0,0,N,0,0,0,15,68K01,0,,1,9,,N,N,,0,,0,0,1,0,0,N,2212.0,1,8,0,0,0,1,2,3,4,0,8,7,,N,,,,,,,,,,,
2011009972,846.0,2,0,0,0,0,0,0,0,0,4,0,,67,12,2010,5,39.9772,-75.2654,832.0,6,0,0,0,0,0,0,0,0,,0,0,0,8.0,1,2,2,,0,39 58:37.944,,0,75 15:55.640,4,0,0,0,67301,0,0,0,,0,0,0,2,67301,2,,1,1,,N,N,,0,,0,0,0,3,2,,830.0,2,2,0,0,0,0,0,3,4,0,2,3,,N,,,,,,,,,,,
2011010011,9999.0,1,0,0,0,0,0,0,0,0,4,0,,67,12,2010,6,39.933,-75.2383,918.0,6,0,0,0,0,0,1,0,0,,0,0,0,10.0,1,1,0,,9,39 55:58.791,,7,75 14:17.742,4,0,0,0,67301,0,0,0,N,0,0,0,3,67301,1,,1,7,,N,N,,1,,0,0,1,0,0,,1055.0,1,3,0,0,0,0,2,3,4,0,3,10,,N,,,,,,,,,,,
2011048656,1735.0,0,0,0,1,0,0,0,0,0,5,0,,67,5,2010,5,39.9249,-75.174,1730.0,6,0,0,0,0,0,1,0,0,,0,0,0,99.0,1,1,1,,0,39 55:28.493,,0,75 10:16.477,4,0,0,0,67301,1,0,0,N,0,0,0,2,67301,1,,1,1,,N,N,,0,,0,0,1,3,2,,9999.0,1,2,0,0,1,0,0,3,4,0,1,3,,N,,,,,,,,,,,
2011026299,1716.0,1,0,0,0,0,0,0,0,0,8,0,,67,5,2010,4,40.0023,-75.2201,1714.0,6,0,0,0,0,0,0,0,1,,0,0,0,99.0,1,1,1,,0,40 00:07.998,,0,75 13:12.809,4,0,0,0,67301,1,0,0,,1,0,0,2,67301,1,,1,1,,N,N,,0,,0,0,0,3,2,,9999.0,1,2,0,0,0,0,0,3,4,0,1,3,,N,,,,,,,,,,,
2011001729,1034.0,0,0,0,0,0,0,0,0,0,4,0,,67,11,2010,2,40.0242,-75.1328,1028.0,6,0,0,0,0,0,0,1,0,1.0,0,0,0,10.0,1,0,1,,1,40 01:26.988,2.0,0,75 07:59.257,0,0,0,0,67301,0,0,0,N,0,0,0,2,67301,0,,1,1,,N,N,,0,,0,0,0,3,2,N,1024.0,0,2,0,0,0,0,0,3,4,2,2,3,,N,,,,,,,,,,,
2011001739,427.0,2,0,0,0,0,0,0,0,0,2,0,,67,11,2010,3,40.044,-75.191,425.0,6,0,0,0,0,0,1,0,0,,0,0,0,4.0,3,2,0,,0,40 02:38.360,,0,75 11:27.740,3,0,0,0,67301,0,0,0,N,0,0,0,2,67301,0,,1,1,,N,N,,1,,2,0,0,0,0,,415.0,2,3,0,0,0,0,0,3,4,0,3,3,,N,,,,,,,,,,,
2011000808,1300.0,2,0,0,0,0,0,0,0,0,7,0,,67,12,2010,5,40.0683,-75.0677,1300.0,6,0,0,0,0,0,0,0,1,,0,0,0,12.0,1,1,0,,0,40 04:06.003,,0,75 04:03.760,8,0,0,0,67301,0,0,0,,0,0,0,1,67301,0,,5,1,,N,N,,0,,0,0,2,3,2,,1250.0,1,4,0,0,0,1,0,3,4,0,4,3,,N,,,,,,,,,,,
2011000828,1429.0,2,0,0,0,0,0,0,0,0,4,0,,67,12,2010,6,39.9765,-75.1633,1429.0,6,0,0,1,0,0,0,0,0,1.0,0,0,0,14.0,1,3,1,,2,39 58:35.320,2.0,0,75 09:47.951,4,0,0,0,67301,0,0,0,N,0,0,0,3,67301,1,,1,1,,N,N,,0,,0,0,0,2,2,Y,1425.0,3,3,0,0,0,2,0,3,4,1,3,3,,N,,,,,,,,,,,
2010028546,2347.0,2,0,0,0,0,0,0,0,0,6,0,,67,1,2010,7,40.1131,-74.9871,2345.0,6,0,0,1,0,0,0,0,0,2.0,0,0,0,23.0,3,2,0,,2,40 06:47.026,6.0,0,74 59:13.402,3,0,0,0,67301,0,0,0,,0,0,0,3,67301,1,,1,7,,N,N,,0,,1,0,0,0,0,Y,2340.0,2,2,0,0,0,0,0,3,4,0,2,10,,N,,,,,,,,,,,
2010023617,1525.0,2,0,0,0,0,0,0,0,0,1,0,,67,2,2010,1,40.0114,-75.0613,1517.0,6,0,0,0,0,0,0,0,0,1.0,0,0,0,15.0,1,0,0,,2,40 00:40.946,2.0,0,75 03:40.939,0,0,0,0,67301,0,0,0,N,0,0,0,2,68K01,0,,1,1,,N,N,,0,,0,0,0,0,0,N,1514.0,0,2,0,0,0,0,0,3,4,0,2,3,,N,,,,,,,,,,,
2010028401,1620.0,2,0,0,0,0,0,0,0,0,4,0,,67,1,2010,7,39.9425,-75.1861,1610.0,6,0,0,0,0,0,2,0,0,,0,0,0,16.0,1,1,2,,0,39 56:32.982,,0,75 11:10.035,4,0,0,0,67301,0,0,0,N,0,0,0,4,67301,1,,1,7,,N,N,,0,,0,0,0,3,3,,1601.0,1,2,0,0,0,0,0,3,4,0,2,10,,N,,,,,,,,,,,
2010018029,855.0,2,0,0,0,0,0,0,0,0,1,0,,67,1,2010,5,40.0492,-75.2198,845.0,6,0,0,0,0,0,1,0,0,,0,0,0,8.0,1,1,1,,0,40 02:57.718,,0,75 13:12.416,8,0,0,0,67301,0,0,0,N,0,0,0,2,67301,0,,1,1,,N,N,,0,,0,0,0,3,2,,845.0,1,2,0,0,0,1,0,3,4,0,2,3,,N,,,,,,,,,,,
2010020842,340.0,1,0,0,0,0,0,0,0,0,7,0,,67,2,2010,1,39.9581,-75.1634,335.0,6,0,0,0,0,0,0,0,0,1.0,0,0,0,3.0,3,0,0,,1,39 57:29.067,4.0,0,75 09:48.333,0,0,0,0,67301,0,0,0,N,0,0,0,3,68K01,0,,3,1,,N,N,,0,,0,0,0,0,0,N,334.0,0,1,0,0,0,0,0,3,4,0,1,3,,N,,,,,,,,,,,
2010088977,1405.0,2,0,0,0,0,0,0,0,0,4,0,,67,8,2010,7,39.9591,-75.1583,1403.0,6,0,0,0,0,0,1,0,0,2.0,0,0,0,13.0,1,0,1,,2,39 57:32.806,2.0,0,75 09:29.825,0,0,0,0,67301,0,0,0,N,0,0,0,4,67301,0,,1,1,,N,N,,0,,0,0,0,3,2,Y,1353.0,0,2,0,0,0,0,0,3,4,0,2,3,,N,,,,,,,,,,,
2010110753,1540.0,1,0,0,0,0,0,0,0,0,4,0,,67,10,2010,5,40.0289,-75.0342,1536.0,6,0,0,0,0,0,1,0,0,2.0,0,0,0,15.0,1,1,1,,1,40 01:45.604,1.0,0,75 02:12.063,4,0,0,0,67301,0,0,0,N,0,0,0,3,67301,1,,1,9,,N,N,,0,,0,0,0,3,2,N,1530.0,1,2,0,0,0,0,1,3,4,1,2,7,,N,,,,,,,,,,,
2011009978,1835.0,1,0,0,0,0,0,0,0,0,1,0,,67,12,2010,5,40.0787,-74.9985,1835.0,6,0,0,0,0,0,0,0,1,2.0,0,0,0,18.0,3,0,2,,1,40 04:43.744,2.0,0,74 59:54.869,0,0,0,0,67301,0,0,0,,0,0,0,5,67301,0,,1,1,,N,N,,0,,0,0,1,3,2,N,1819.0,0,2,0,0,0,0,0,3,4,0,2,3,,N,,,,,,,,,,,
2011008230,1816.0,2,0,0,0,0,0,0,0,0,4,0,,67,12,2010,6,40.0009,-75.2261,1814.0,6,0,0,0,0,0,2,0,0,,0,0,0,18.0,3,1,0,,0,40 00:03.076,,0,75 13:33.898,4,0,0,0,67301,0,0,0,N,0,0,0,3,67301,1,,1,1,,N,N,,0,,0,0,0,0,0,,1811.0,1,2,0,0,0,0,0,3,4,0,2,3,,N,,,,,,,,,,,
2011008239,1645.0,2,0,0,0,0,0,0,0,0,4,0,,67,11,2010,6,39.9917,-75.1856,1640.0,6,0,0,0,0,0,0,0,0,9.0,0,0,0,16.0,4,3,5,,2,39 59:29.849,7.0,0,75 11:08.049,8,0,0,0,67301,0,0,0,N,0,0,0,4,67301,0,,1,1,,N,N,,0,,0,0,0,3,2,Y,1640.0,3,2,0,0,0,3,0,3,4,0,2,98,,N,,,,,,,,,,,
2011008240,1240.0,1,0,0,0,0,0,0,0,0,8,0,,67,12,2010,1,40.0536,-75.178,1238.0,6,0,0,0,0,0,0,0,0,,0,0,0,23.0,3,2,1,,0,40 03:12.823,,0,75 10:40.715,4,0,0,0,67301,2,0,0,N,2,0,0,3,67301,2,,1,1,,N,N,,0,,0,0,0,3,2,,2315.0,2,3,0,0,0,0,0,3,4,0,1,3,,N,,,,,,,,,,,
2011008257,1128.0,2,0,0,0,0,0,0,0,0,5,0,,67,12,2010,3,40.073,-75.1883,1124.0,6,0,0,0,0,0,1,0,1,,0,0,0,11.0,1,1,0,,0,40 04:22.710,,0,75 11:17.793,8,0,0,0,67301,0,0,0,N,0,0,0,3,67301,0,,1,1,,N,N,,0,,0,0,0,0,0,,1122.0,1,3,0,0,0,1,1,3,4,1,3,3,,N,,,,,,,,,,,
2011002928,810.0,2,0,0,0,0,0,0,0,0,1,0,,67,12,2010,7,39.9968,-75.1967,802.0,6,0,0,0,0,0,0,0,0,1.0,0,0,0,7.0,1,0,0,,1,39 59:51.388,3.0,0,75 11:46.488,0,0,0,0,67301,0,0,0,N,0,0,0,1,68K01,0,,1,1,,N,N,,0,,0,0,0,0,0,N,726.0,0,2,0,0,1,0,0,3,4,0,2,3,,N,,,,,,,,,,,
2011010046,1024.0,2,0,0,0,0,0,0,0,0,1,0,,67,12,2010,6,39.9298,-75.1582,1020.0,6,0,0,0,0,0,0,1,0,,0,0,0,10.0,1,1,0,,0,39 55:47.251,,0,75 09:29.667,4,0,0,0,67301,0,0,0,N,0,0,0,3,67301,1,,1,1,,N,N,,0,,0,0,0,0,0,,1020.0,1,2,0,0,0,0,1,3,4,0,2,3,,N,,,,,,,,,,,
2011010054,1748.0,0,0,0,0,0,0,0,0,0,8,0,,67,12,2010,3,39.9517,-75.1703,1743.0,6,0,0,0,0,0,0,0,0,3.0,0,0,0,17.0,3,1,1,,1,39 57:05.967,1.0,0,75 10:13.092,2,0,0,0,67301,1,0,1,N,1,0,1,2,67301,0,,1,1,,N,N,,1,,0,1,0,3,2,N,1740.0,1,2,0,0,0,0,0,3,4,0,1,3,,N,,,,,,,,,,,
2011026320,2225.0,3,0,0,0,0,0,0,0,0,1,0,,67,5,2010,6,39.9886,-75.1871,2203.0,6,0,0,0,0,0,0,0,0,,0,0,0,21.0,3,1,1,,0,39 59:19.087,,0,75 11:13.430,8,0,0,0,67301,0,0,0,,0,0,0,4,67301,0,,1,9,,N,N,,0,,0,0,0,3,2,,2145.0,1,3,0,0,0,1,1,3,4,0,3,7,,N,,,,,,,,,,,
2011026333,1657.0,1,0,0,0,0,0,0,0,0,1,0,,67,5,2010,1,40.0247,-75.1301,1647.0,6,0,0,0,0,0,0,0,0,1.0,0,0,0,16.0,1,2,0,,2,40 01:28.785,2.0,0,75 07:48.420,4,0,0,0,67301,0,0,0,N,0,0,0,3,67301,2,,1,1,,N,N,,1,,0,0,0,0,0,Y,1647.0,2,2,0,0,0,0,0,3,4,0,2,3,,N,,,,,,,,,,,
2011009840,1713.0,1,0,0,0,0,0,0,0,0,4,0,,67,12,2010,2,40.1184,-75.0184,1713.0,6,0,0,0,0,0,1,0,0,,0,0,0,17.0,3,2,0,,0,40 07:06.261,,7,75 01:06.074,8,0,0,0,67301,0,0,0,N,0,0,0,6,67301,0,,1,6,,N,N,,0,,0,0,2,0,0,,1712.0,2,3,0,0,0,2,4,3,4,0,3,10,,N,,,,,,,,,,,
2011001753,1710.0,1,0,0,0,0,0,0,0,0,7,0,,67,12,2010,1,40.1143,-74.9879,1705.0,6,0,0,0,0,0,1,0,0,,0,0,0,17.0,1,0,10,,0,40 06:51.356,,0,74 59:16.486,0,0,0,0,67301,0,0,0,N,0,0,0,3,67301,0,,4,1,,N,N,,0,,0,0,1,0,0,,1704.0,0,2,0,0,0,0,0,3,4,0,2,3,,N,,,,,,,,,,,