CRN,ARRIVAL_TM,AUTOMOBILE_COUNT,BELTED_DEATH_COUNT,BELTED_SUSP_SERIOUS_INJ_COUNT,BICYCLE_COUNT,BICYCLE_DEATH_COUNT,BICYCLE_SUSP_SERIOUS_INJ_COUNT,BUS_COUNT,CHLDPAS_DEATH_COUNT,CHLDPAS_SUSP_SERIOUS_INJ_COUNT,COLLISION_TYPE,COMM_VEH_COUNT,CONS_ZONE_SPD_LIM,COUNTY,CRASH_MONTH,CRASH_YEAR,DAY_OF_WEEK,DEC_LAT,DEC_LONG,DISPATCH_TM,DISTRICT,DRIVER_COUNT_16YR,DRIVER_COUNT_17YR,DRIVER_COUNT_18YR,DRIVER_COUNT_19YR,DRIVER_COUNT_20YR,DRIVER_COUNT_50_64YR,DRIVER_COUNT_65_74YR,DRIVER_COUNT_75PLUS,EST_HRS_CLOSED,FATAL_COUNT,HEAVY_TRUCK_COUNT,HORSE_BUGGY_COUNT,HOUR_OF_DAY,ILLUMINATION,INJURY_COUNT,INTERSECT_TYPE,INTERSECTION_RELATED,LANE_CLOSED,LATITUDE,LN_CLOSE_DIR,LOCATION_TYPE,LONGITUDE,MAX_SEVERITY_LEVEL,MCYCLE_DEATH_COUNT,MCYCLE_SUSP_SERIOUS_INJ_COUNT,MOTORCYCLE_COUNT,MUNICIPALITY,NONMOTR_COUNT,NONMOTR_DEATH_COUNT,NONMOTR_SUSP_SERIOUS_INJ_COUNT,NTFY_HIWY_MAINT,PED_COUNT,PED_DEATH_COUNT,PED_SUSP_SERIOUS_INJ_COUNT,PERSON_COUNT,POLICE_AGCY,POSSIBLE_INJ_COUNT,RDWY_SURF_TYPE_CD,RELATION_TO_ROAD,ROAD_CONDITION,ROADWAY_CLEARED,SCH_BUS_IND,SCH_ZONE_IND,SECONDARY_CRASH,SMALL_TRUCK_COUNT,SPEC_JURIS_CD,SUSP_MINOR_INJ_COUNT,SUSP_SERIOUS_INJ_COUNT,SUV_COUNT,TCD_FUNC_CD,TCD_TYPE,TFC_DETOUR_IND,TIME_OF_DAY,TOT_INJ_COUNT,TOTAL_UNITS,UNB_DEATH_COUNT,UNB_SUSP_SERIOUS_INJ_COUNT,UNBELTED_OCC_COUNT,UNK_INJ_DEG_COUNT,UNK_INJ_PER_COUNT,URBAN_AREA,URBAN_RURAL,VAN_COUNT,VEHICLE_COUNT,WEATHER1,WEATHER2,WORK_ZONE_IND,WORK_ZONE_LOC,WORK_ZONE_TYPE,WORKERS_PRES,WZ_CLOSE_DETOUR,WZ_FLAGGER,WZ_LAW_OFFCR_IND,WZ_LN_CLOSURE,WZ_MOVING,WZ_OTHER,WZ_SHLDER_MDN,WZ_WORKERS_INJ_KILLED
2011024330,,1,0,0,0,0,0,0,0,0,1,0,,67,2,2010,6,,,,6,0,0,0,0,0,0,0,0,,0,0,0,14.0,1,2,6,,0,,,2,,8,0,0,0,67301,0,0,0,N,0,0,0,3,00000,0,,7,1,,N,N,,0,,0,0,0,3,4,,1445.0,2,2,0,0,0,2,0,3,3,1,2,3,,N,,,,,,,,,,,
2011025750,2050.0,3,0,0,0,0,0,0,0,0,5,0,,67,5,2010,1,39.9418,-75.1621,2045.0,6,0,0,0,0,0,0,0,0,,0,0,0,20.0,6,0,0,,0,39 56:30.650,,0,75 09:43.480,0,0,0,0,67301,0,0,0,,0,0,0,1,67301,0,,6,1,,N,N,,0,,0,0,0,0,0,,2045.0,0,3,0,0,0,0,0,3,4,0,3,3,,N,,,,,,,,,,,
2011023450,,1,0,0,0,0,0,0,0,0,4,0,,67,8,2010,1,,,,6,0,0,0,0,0,1,0,0,,0,0,0,99.0,8,5,0,,0,,,0,,2,0,0,0,67301,0,0,0,N,0,0,0,6,00000,4,,1,1,,N,N,,0,,0,1,0,0,0,,9999.0,5,2,0,0,0,0,1,3,3,0,2,3,,N,,,,,,,,,,,
2011025289,0.0,1,0,0,0,0,0,0,0,0,5,1,,67,12,2010,5,39.9604,-75.1818,0.0,6,0,0,0,0,0,1,0,0,,0,1,0,15.0,1,1,3,,0,39 57:41.049,,0,75 10:57.066,4,0,0,0,67301,0,0,0,N,0,0,0,2,00000,1,,1,1,,N,N,,0,,0,0,0,0,0,,1538.0,1,2,0,0,0,0,1,3,4,0,2,3,,N,,,,,,,,,,,
2011023354,0.0,2,0,0,0,0,0,0,0,0,1,0,,67,1,2010,5,40.0119,-75.2049,0.0,6,0,0,0,0,0,1,0,0,,0,0,0,16.0,1,1,2,,0,40 00:39.639,,2,75 12:22.116,8,0,0,0,67301,0,0,0,N,0,0,0,2,00000,0,,1,1,,N,N,,0,,0,0,0,3,3,,1645.0,1,2,0,0,0,1,0,3,4,0,2,3,,N,,,,,,,,,,,
2011015865,152.0,2,0,0,0,0,0,0,0,0,4,0,,67,12,2010,7,39.9296,-75.1615,142.0,6,0,0,0,0,0,0,0,0,,0,0,0,1.0,3,0,1,,0,39 55:46.527,,0,75 09:41.518,0,0,0,0,67301,0,0,0,N,0,0,0,3,67301,0,,1,2,,N,N,,0,,0,0,0,3,3,,130.0,0,2,0,0,0,0,0,3,4,0,2,3,,N,,,,,,,,,,,
2011001051,1235.0,2,0,0,0,0,0,0,0,0,4,0,,67,11,2010,3,40.0621,-75.0834,1230.0,6,0,0,0,0,0,0,0,0,,0,0,0,12.0,1,1,0,,0,40 03:43.798,,7,75 05:00.420,3,0,0,0,67301,0,0,0,N,0,0,0,3,67301,0,,1,1,,N,N,,0,,1,0,0,0,0,,1217.0,1,2,0,0,1,0,0,3,4,0,2,3,,N,,,,,,,,,,,
2011001075,1310.0,2,0,0,0,0,0,0,0,0,1,0,,67,11,2010,3,40.0591,-75.1646,1309.0,6,0,0,0,0,0,0,0,0,,0,0,0,13.0,1,0,1,,0,40 03:32.594,,0,75 09:52.598,9,0,0,0,67301,0,0,0,,0,0,0,3,67301,0,,1,9,,N,N,,0,,0,0,0,3,2,,1308.0,0,2,0,0,0,0,2,3,4,0,2,7,,N,,,,,,,,,,,
2011024884,,0,0,0,0,0,0,0,0,0,4,0,,67,1,2010,7,,,,6,0,0,0,0,0,0,0,0,,0,0,0,20.0,6,2,0,,0,,,0,,8,0,0,0,67301,0,0,0,N,0,0,0,3,00000,0,,1,1,,N,N,,1,,0,0,0,0,0,,2000.0,2,2,0,0,0,2,1,3,3,0,2,3,,N,,,,,,,,,,,
2011015941,2323.0,0,0,0,0,0,0,0,0,0,5,1,,67,12,2010,3,40.0244,-75.132,2315.0,6,0,0,0,0,0,0,0,0,9.0,0,1,0,23.0,3,0,0,,1,40 01:27.569,4.0,0,75 07:56.486,0,0,0,0,67301,0,0,0,N,0,0,0,2,67301,0,,1,1,,N,N,,0,,0,0,0,0,0,N,2313.0,0,2,0,0,0,0,0,3,4,1,2,3,,N,,,,,,,,,,,
2011008879,1740.0,2,0,0,0,0,0,0,0,0,4,0,,67,12,2010,3,40.0992,-74.9954,1730.0,6,0,1,0,0,0,0,0,0,,0,0,0,17.0,3,0,1,,0,40 05:57.235,,0,74 59:43.576,0,0,0,0,67301,0,0,0,N,0,0,0,2,67301,0,,1,1,,N,N,,0,,0,0,0,3,2,,1730.0,0,2,0,0,0,0,0,3,4,0,2,3,,N,,,,,,,,,,,
2011000913,1206.0,1,0,0,0,0,0,0,0,0,8,0,,67,12,2010,5,39.9503,-75.1473,1205.0,6,0,0,0,0,0,0,0,0,,0,0,0,12.0,1,1,1,,0,39 57:01.379,,0,75 08:50.098,4,0,0,0,67301,1,0,0,N,1,0,0,2,67301,1,,1,1,,N,N,,0,,0,0,0,3,2,,1200.0,1,2,0,0,0,0,0,3,4,0,1,3,,N,,,,,,,,,,,
2010074628,1640.0,2,0,0,0,0,0,0,0,0,4,0,,67,7,2010,2,40.0431,-75.0738,1634.0,6,0,0,0,0,0,0,0,0,,0,0,0,16.0,1,1,1,,0,40 02:35.284,,0,75 04:25.695,8,0,0,0,67301,0,0,0,N,0,0,0,3,67301,0,,1,1,,N,N,,0,,0,0,0,3,2,,1615.0,1,2,0,0,0,1,1,3,4,0,2,3,,N,,,,,,,,,,,
2010074632,810.0,2,0,0,0,0,0,0,0,0,1,0,,67,7,2010,5,40.0115,-75.0698,747.0,6,0,0,0,0,0,0,0,0,,0,0,0,7.0,1,1,1,,0,40 00:42.017,,0,75 04:11.475,8,0,0,0,67301,0,0,0,N,0,0,0,3,67301,0,,1,1,,N,N,,0,,0,0,0,3,2,,745.0,1,2,0,0,0,1,0,3,4,0,2,99,,N,,,,,,,,,,,
2010058973,1752.0,1,0,0,0,0,0,0,0,0,4,0,,67,5,2010,7,40.0263,-75.0973,1751.0,6,0,0,0,0,0,1,0,0,3.0,0,0,0,17.0,1,1,1,,1,40 01:34.938,1.0,0,75 05:51.163,3,0,0,0,67301,0,0,0,,0,0,0,3,67301,0,,1,1,,,,,1,,1,0,0,3,2,N,1750.0,1,2,0,0,1,0,0,3,4,0,2,3,,N,,,,,,,,,,,
2010028212,1905.0,0,0,0,0,0,0,0,0,0,8,0,,67,1,2010,3,40.0077,-75.1515,1902.0,6,0,0,0,0,0,0,0,0,3.0,0,0,0,19.0,2,1,1,,2,40 00:27.651,2.0,0,75 09:05.709,3,0,0,0,67301,1,0,0,N,1,0,0,2,67301,0,,1,1,,N,N,,0,,1,0,0,2,2,Y,1901.0,1,2,0,0,0,0,0,3,4,1,1,3,,N,,,,,,,,,,,
2010028253,1605.0,2,0,0,0,0,0,0,0,0,4,0,,67,2,2010,4,39.9112,-75.2306,1600.0,6,0,0,0,0,0,0,1,0,9.0,0,0,0,15.0,1,0,1,,1,39 54:40.341,3.0,0,75 13:50.008,0,0,0,0,67301,0,0,0,,0,0,0,3,67301,0,,1,1,,,,,0,,0,0,1,3,2,N,1505.0,0,3,0,0,0,0,0,3,4,0,3,3,,N,,,,,,,,,,,
2010028345,246.0,2,0,0,0,0,0,0,0,0,1,0,,67,1,2010,7,39.9595,-75.162,244.0,6,0,0,0,0,1,0,0,0,,0,0,0,2.0,3,2,1,,0,39 57:34.154,,0,75 09:43.529,8,0,0,0,67301,0,0,0,N,0,0,0,4,67301,0,,1,1,,N,N,,0,,0,0,0,3,2,,210.0,2,2,0,0,0,2,2,3,4,0,2,3,,N,,,,,,,,,,,
2010028518,1120.0,2,0,0,0,0,0,0,0,0,4,0,,67,1,2010,6,39.938,-75.1886,1117.0,6,0,0,0,0,0,0,0,1,,0,0,0,11.0,1,1,2,,0,39 56:16.818,,0,75 11:19.125,8,0,0,0,67301,0,0,0,,0,0,0,3,67301,0,,1,1,,N,N,,0,,0,0,0,3,3,,1117.0,1,2,0,0,0,1,0,3,4,0,2,3,,N,,,,,,,,,,,
2010033909,320.0,1,0,0,0,0,0,0,0,0,7,0,,67,3,2010,4,39.9568,-75.1536,314.0,6,0,0,0,0,0,0,0,0,,0,0,0,3.0,3,1,7,,0,39 57:24.497,,2,75 09:12.843,3,0,0,0,67301,0,0,0,Y,0,0,0,1,68K01,0,,2,9,,N,N,,0,,1,0,0,0,0,,312.0,1,1,0,0,0,0,0,3,4,0,1,7,,N,,,,,,,,,,,
2010028383,2201.0,0,0,0,0,0,0,0,0,0,8,0,,67,2,2010,7,40.0229,-75.1632,2159.0,6,0,0,0,0,0,0,0,0,,0,0,0,21.0,3,1,1,,0,40 01:22.634,,0,75 09:47.577,3,0,0,0,67301,1,0,0,,1,0,0,2,67301,0,,1,1,,,,,0,,1,0,0,0,0,,2157.0,1,2,0,0,0,0,1,3,4,0,1,3,,N,,,,,,,,,,,
2010020838,709.0,0,0,0,0,0,0,0,0,0,7,0,,67,2,2010,6,39.9767,-75.1966,708.0,6,0,1,0,0,0,0,0,0,,0,0,0,7.0,1,0,0,,0,39 58:37.270,,0,75 11:53.721,0,0,0,0,67301,0,0,0,N,0,0,0,4,68K01,0,,3,1,,N,N,,0,,0,0,1,0,0,,706.0,0,1,0,0,0,0,0,3,4,0,1,3,,N,,,,,,,,,,,
2010110764,1157.0,2,0,0,0,0,0,0,0,0,4,0,,67,10,2010,3,40.1189,-75.018,1151.0,6,0,0,0,0,0,1,1,0,,0,0,0,11.0,1,1,1,,0,40 07:07.965,,0,75 01:05.114,8,0,0,0,67301,0,0,0,,0,0,0,3,67301,0,,1,9,,,,,0,,0,0,1,3,2,,1145.0,1,3,0,0,0,1,1,3,4,0,3,7,,N,,,,,,,,,,,
2010103618,1825.0,1,0,0,0,0,0,0,0,0,7,0,,67,10,2010,1,39.9943,-75.084,1816.0,6,0,0,0,1,0,0,0,0,1.0,0,0,0,18.0,2,1,0,,1,39 59:39.966,1.0,0,75 05:02.171,4,0,0,0,67301,0,0,0,N,0,0,0,1,68K01,1,,2,1,,N,N,,0,,0,0,0,0,0,N,1814.0,1,1,0,0,1,0,0,3,4,0,1,3,,N,,,,,,,,,,,
2011010000,1845.0,1,0,0,0,0,0,0,0,0,6,0,,67,12,2010,1,40.063,-75.0219,1829.0,6,0,0,0,0,0,0,0,0,,0,0,0,18.0,3,0,0,,0,40 03:46.845,,0,75 01:18.991,0,0,0,0,67301,0,0,0,N,0,0,0,3,67301,0,,1,7,,N,N,,0,,0,0,1,0,0,,1824.0,0,2,0,0,0,0,0,3,4,0,2,10,,N,,,,,,,,,,,
2011010001,1240.0,1,0,0,0,0,0,0,0,0,8,0,,67,12,2010,6,39.953,-75.1685,1230.0,6,0,0,0,0,0,0,0,0,,0,0,0,12.0,1,1,1,,0,39 57:10.754,,0,75 10:06.506,4,0,0,0,67301,1,0,0,,1,0,0,2,67301,1,,1,1,,N,N,,0,,0,0,0,3,2,,1220.0,1,2,0,0,0,0,0,3,4,0,1,3,,N,,,,,,,,,,,
2011008258,1545.0,1,0,0,0,0,0,0,0,0,1,0,,67,12,2010,3,40.0688,-75.1567,1540.0,6,0,0,0,0,0,0,0,0,,0,0,0,10.0,1,1,0,,0,40 04:07.669,,0,75 09:24.023,8,0,0,0,67301,0,0,0,N,0,0,0,3,67301,0,,1,1,,N,N,,0,,0,0,1,0,0,,1043.0,1,2,0,0,0,1,2,3,4,0,2,3,,N,,,,,,,,,,,
2011022446,0.0,1,0,0,0,0,0,0,0,0,4,0,,67,5,2010,3,40.0146,-75.1567,0.0,6,0,0,0,0,0,0,0,0,,0,0,0,8.0,1,1,0,,0,40 00:52.655,,7,75 09:24.018,3,0,0,0,67301,0,0,0,,0,0,0,2,00000,0,,1,1,,,,,1,,1,0,0,0,0,,818.0,1,2,0,0,2,0,0,3,4,0,2,3,,N,,,,,,,,,,,
2011022521,0.0,0,0,0,0,0,0,0,0,0,4,0,,67,6,2010,2,39.977,-75.156,0.0,6,0,0,0,0,0,0,1,0,,0,0,0,10.0,1,2,1,,0,39 58:37.164,,0,75 09:21.596,4,0,0,0,67301,0,0,0,,0,0,0,2,00000,2,,1,1,,,,,0,,0,0,1,3,2,,1015.0,2,2,0,0,0,0,0,3,4,1,2,3,,N,,,,,,,,,,,
2011002563,1236.0,0,0,0,0,0,0,0,0,0,1,0,,67,12,2010,4,40.0071,-75.2137,1234.0,6,0,0,0,0,0,0,0,0,,0,0,0,12.0,1,1,1,,0,40 00:25.593,,0,75 12:49.352,8,0,0,0,67301,0,0,0,N,0,0,0,3,46104,0,,1,1,,N,N,,2,,0,0,0,3,2,,1232.0,1,2,0,0,0,1,0,3,4,0,2,3,,N,,,,,,,,,,,
2011026230,1920.0,3,0,0,0,0,0,0,0,0,1,0,,67,6,2010,3,40.0594,-75.2379,1856.0,6,0,0,0,0,0,0,0,0,,0,0,0,18.0,4,1,0,,0,40 03:32.416,,0,75 14:15.384,4,0,0,0,67301,0,0,0,N,0,0,0,3,67301,1,,1,1,,N,N,,0,,0,0,0,3,2,,1850.0,1,3,0,0,0,0,0,3,4,0,3,3,,N,,,,,,,,,,,
2011024435,0.0,1,0,0,0,0,0,1,0,0,4,1,,67,10,2010,6,40.0589,-75.1643,0.0,6,0,0,0,0,0,0,0,0,,0,0,0,8.0,1,1,0,,0,40 03:31.908,,7,75 09:51.402,8,0,0,0,67301,0,0,0,N,0,0,0,3,00000,0,,1,9,,N,N,,0,,0,0,1,0,0,,800.0,1,3,0,0,0,1,2,3,4,0,3,7,,N,,,,,,,,,,,
2011001724,122.0,2,0,0,0,0,0,0,0,0,1,0,,67,11,2010,7,39.9541,-75.1778,118.0,6,0,0,0,0,0,0,0,0,,0,0,0,1.0,3,1,1,,0,39 57:15.090,,0,75 10:40.271,8,0,0,0,67301,0,0,0,N,0,0,0,2,67301,0,,1,1,,N,N,,0,,0,0,0,3,2,,115.0,1,2,0,0,0,1,0,3,4,0,2,3,,N,,,,,,,,,,,
2011009160,9999.0,1,0,0,0,0,0,0,0,0,8,0,,67,12,2010,4,39.9478,-75.2295,9999.0,6,0,0,0,0,0,0,0,0,,0,0,0,12.0,1,1,1,,0,39 56:52.009,,0,75 13:46.036,4,0,0,0,67301,1,0,0,,1,0,0,2,67301,1,,1,1,,N,N,,0,,0,0,0,9,2,,1230.0,1,2,0,0,0,0,1,3,4,0,1,3,,N,,,,,,,,,,,
2011044620,1815.0,1,0,0,0,0,0,0,0,0,8,0,,67,3,2010,7,40.0283,-75.0881,1807.0,6,0,0,0,0,0,0,0,0,,0,0,0,17.0,3,1,1,,0,40 01:42.057,,0,75 05:16.992,3,0,0,0,67301,1,0,0,,1,0,0,2,67301,0,,1,9,,,,,0,,1,0,0,3,2,,1704.0,1,2,0,0,0,0,0,3,4,0,1,7,,N,,,,,,,,,,,
2011008449,1420.0,0,0,0,1,0,0,0,0,0,4,0,,67,12,2010,3,39.9214,-75.1666,1417.0,6,0,0,0,0,0,1,0,0,,0,0,0,14.0,1,1,1,,0,39 55:17.162,,0,75 09:59.659,3,0,0,0,67301,1,0,0,N,0,0,0,2,67301,0,,1,1,,N,N,,0,,1,0,1,1,3,,1410.0,1,2,0,0,0,0,0,3,4,0,1,3,,N,,,,,,,,,,,
2011025718,2320.0,2,0,0,0,0,0,0,0,0,4,0,,67,5,2010,7,39.9419,-75.2139,2316.0,6,0,0,0,0,0,1,0,0,,0,0,0,22.0,3,1,1,,0,39 56:30.976,,0,75 12:49.989,4,0,0,0,67301,0,0,0,N,0,0,0,2,67301,1,,1,1,,N,N,,0,,0,0,0,3,3,,2258.0,1,2,0,0,0,0,0,3,4,0,2,3,,N,,,,,,,,,,,
2011027790,0.0,1,0,0,0,0,0,0,0,0,1,0,,67,7,2010,5,40.0403,-75.0584,0.0,6,0,0,0,0,0,1,0,0,,0,0,0,14.0,1,1,1,,0,40 02:24.861,,0,75 03:30.268,4,0,0,0,67301,0,0,0,N,0,0,0,4,00000,1,,1,1,,N,N,,0,,0,0,1,3,2,,1430.0,1,2,0,0,0,0,0,3,4,0,2,3,,N,,,,,,,,,,,
2011023555,0.0,1,0,0,0,0,0,0,0,0,5,0,,67,4,2010,4,40.054,-75.0761,0.0,6,0,0,0,0,0,0,0,0,,0,0,0,16.0,1,1,0,,0,40 03:14.220,,0,75 04:34.080,8,0,0,0,67301,0,0,0,N,0,0,0,2,00000,0,,1,1,,N,N,,0,,0,0,0,0,0,,1604.0,1,2,0,0,0,1,1,3,4,0,2,3,,N,,,,,,,,,,,
2011083400,1630.0,0,0,0,0,0,0,0,0,0,0,0,,67,9,2010,2,39.964,-75.2376,1641.0,6,0,0,0,0,0,0,0,0,1.0,0,0,0,99.0,1,1,0,,1,39 57:50.522,1.0,0,75 14:15.324,3,0,0,0,67301,0,0,0,N,0,0,0,2,67301,0,,1,9,,N,N,,0,,1,0,0,0,0,N,9999.0,1,1,0,0,1,0,0,3,4,1,1,7,,N,,,,,,,,,,,
2011008911,1146.0,0,0,0,0,0,0,0,0,0,4,0,,67,12,2010,3,40.0439,-75.2285,1143.0,6,0,0,0,1,0,0,1,0,,0,0,0,11.0,1,0,2,,0,40 02:37.394,,0,75 13:41.844,0,0,0,0,67301,0,0,0,N,0,0,0,2,67301,0,,1,1,,N,N,,0,,0,0,2,3,2,,1140.0,0,2,0,0,0,0,0,3,4,0,2,3,,N,,,,,,,,,,,
2011008907,1313.0,1,0,0,0,0,0,0,0,0,8,0,,67,12,2010,4,40.0343,-75.0898,1312.0,6,0,0,0,0,0,1,0,0,,0,0,0,13.0,1,1,1,,0,40 02:03.375,,0,75 05:23.373,4,0,0,0,67301,1,0,0,,1,0,0,4,67301,1,,1,1,,N,N,,0,,0,0,0,3,3,,1312.0,1,2,0,0,0,0,0,3,4,0,1,3,,N,,,,,,,,,,,
2011024478,0.0,2,0,0,0,0,0,0,0,0,4,0,,67,1,2010,1,39.9238,-75.2369,0.0,6,0,0,0,0,0,1,0,0,,0,0,0,14.0,1,6,1,,0,39 55:25.798,,0,75 14:12.901,8,0,0,0,67301,0,0,0,N,0,0,0,6,00000,0,,1,9,,N,N,,0,,0,0,0,3,2,,1430.0,6,2,0,0,0,6,0,3,4,0,2,10,,N,,,,,,,,,,,
2011001020,1920.0,1,0,0,0,0,0,0,0,0,0,0,,67,11,2010,3,40.0143,-75.1695,1918.0,6,0,0,0,0,0,0,0,0,,0,0,0,18.0,3,1,0,,0,40 00:51.404,,0,75 10:10.324,4,0,0,0,67301,0,0,0,N,0,0,0,1,67301,1,,4,1,,N,N,,0,,0,0,0,0,0,,1850.0,1,1,0,0,0,0,0,3,4,0,1,3,,N,,,,,,,,,,,
2011085912,1300.0,1,0,0,0,0,0,0,0,0,8,0,,67,12,2010,5,39.9952,-75.1158,1250.0,6,0,0,0,0,0,0,0,0,,0,0,0,12.0,1,1,1,,0,39 59:42.637,,0,75 06:56.944,3,0,0,0,67301,1,0,0,,1,0,0,2,67301,0,,1,1,,N,,,0,,1,0,0,3,2,,1248.0,1,2,0,0,0,0,0,3,4,0,1,3,,N,,,,,,,,,,,
2012117231,949.0,2,0,0,0,0,0,0,0,0,9,0,,67,10,2010,3,39.9802,-75.2693,945.0,6,0,0,0,1,0,0,0,0,1.0,0,0,0,9.0,1,1,0,,1,39 58:48.492,5.0,0,75 16:09.256,8,0,0,0,67301,0,0,0,N,0,0,0,4,67301,0,,1,9,,N,N,,0,,0,0,0,0,0,N,938.0,1,2,0,0,0,1,3,3,4,0,2,7,,N,,,,,,,,,,,
2010068798,544.0,1,0,0,0,0,0,0,0,0,7,0,,67,7,2010,7,39.8924,-75.2342,537.0,6,0,0,0,0,0,0,0,0,,0,0,0,5.0,1,0,0,,0,39 53:29.630,,2,75 14:11.734,9,0,0,0,67301,0,0,0,Y,0,0,0,1,68K01,0,,4,1,,N,N,,0,,0,0,0,0,0,,525.0,0,1,0,0,0,0,1,3,4,0,1,3,,N,,,,,,,,,,,
2010081741,709.0,0,0,0,0,0,0,0,0,0,0,0,,67,7,2010,2,40.0268,-75.0945,643.0,6,0,0,0,0,0,0,0,0,2.0,0,0,0,6.0,5,1,2,,1,40 01:36.506,2.0,0,75 05:40.050,4,0,0,1,67301,0,0,0,N,0,0,0,1,67301,1,,1,1,,N,N,,0,,0,0,0,0,0,N,615.0,1,2,0,0,0,0,0,3,4,0,1,3,,N,,,,,,,,,,,
2010081796,1425.0,1,0,0,0,0,0,0,0,0,4,0,,67,7,2010,6,39.9794,-75.2253,1425.0,6,0,0,0,0,0,0,0,0,,0,0,0,14.0,1,3,2,,0,39 58:45.886,,7,75 13:31.197,8,0,0,0,67301,0,0,0,N,0,0,0,4,67301,0,,1,1,,,N,,0,,0,0,1,3,2,,1425.0,3,2,0,0,0,3,1,3,4,0,2,3,,N,,,,,,,,,,,
2010066180,1550.0,3,0,0,0,0,0,1,0,0,4,1,,67,7,2010,3,40.058,-75.2336,1530.0,6,0,0,0,0,0,0,1,0,4.0,0,0,0,14.0,1,3,1,,2,40 03:28.431,5.0,0,75 14:01.168,2,0,0,0,67301,0,0,0,N,0,0,0,5,67301,1,,1,1,,Y,N,,0,,1,1,0,2,2,Y,1420.0,3,4,0,0,0,0,0,3,4,0,4,3,,N,,,,,,,,,,,
2010074557,2305.0,1,0,0,0,0,0,0,0,0,2,0,,67,7,2010,5,39.9802,-75.1197,2300.0,6,0,0,0,0,1,0,0,0,,0,0,0,23.0,3,0,0,,0,39 58:48.644,,0,75 07:10.948,0,0,0,0,67301,0,0,0,N,0,0,0,1,67301,0,,2,1,,N,N,,0,,0,0,1,0,0,,2300.0,0,3,0,0,0,0,0,3,4,0,3,3,,N,,,,,,,,,,,
2010074598,9999.0,0,0,0,0,0,0,0,0,0,8,0,,67,7,2010,3,40.0068,-75.1316,9999.0,6,0,0,0,0,0,0,0,0,,0,0,0,22.0,3,1,1,,0,40 00:24.350,,0,75 07:53.666,3,0,0,0,67301,1,0,0,N,1,0,0,2,67301,0,,1,1,,N,N,,0,,1,0,0,9,2,,2200.0,1,2,0,0,0,0,0,3,4,0,1,3,,N,,,,,,,,,,,
2010074640,1647.0,1,0,0,0,0,0,0,0,0,7,0,,67,7,2010,5,39.9899,-75.1718,1644.0,6,0,0,0,0,0,0,0,0,,0,0,0,16.0,1,0,0,,0,39 59:23.731,,1,75 10:18.377,0,0,0,0,67301,0,0,0,,0,0,0,1,67301,0,,4,1,,N,N,,0,,0,0,0,0,0,,1635.0,0,1,0,0,0,0,0,3,4,0,1,3,,N,,,,,,,,,,,
2010058985,1242.0,0,0,0,0,0,0,0,0,0,8,0,,67,5,2010,6,40.0138,-75.0806,1240.0,6,0,0,0,0,0,0,0,0,,0,0,0,12.0,1,1,0,,0,40 00:49.816,,0,75 04:50.085,4,0,0,0,67301,1,0,0,N,1,0,0,2,67301,1,,1,1,,N,Y,,0,,0,0,1,0,0,,1215.0,1,2,0,0,0,0,1,3,4,0,1,3,,N,,,,,,,,,,,
2010058992,2300.0,2,0,0,0,0,0,0,0,0,1,0,,67,5,2010,6,39.9065,-75.1937,2257.0,6,0,0,0,0,0,0,0,0,,0,0,0,99.0,3,0,0,,0,39 54:23.262,,0,75 11:37.410,0,0,0,0,67301,0,0,0,,0,0,0,3,67301,0,,1,1,,,,,0,,0,0,1,0,0,,9999.0,0,3,0,0,0,0,0,3,4,0,3,3,,N,,,,,,,,,,,
2010027887,559.0,1,0,0,0,0,0,0,0,0,7,0,,67,2,2010,4,40.13,-75.0132,553.0,6,0,0,0,0,0,0,0,0,2.0,0,0,0,5.0,3,0,0,,2,40 07:47.909,1.0,0,75 00:47.617,0,0,0,0,67301,0,0,0,N,0,0,0,1,67301,0,,2,9,,N,N,,0,,0,0,0,0,0,N,545.0,0,1,0,0,0,0,0,3,4,0,1,10,,N,,,,,,,,,,,
2010027891,1825.0,1,0,0,0,0,0,0,0,0,4,0,,67,2,2010,3,40.0918,-74.9864,1817.0,6,0,0,0,0,0,1,1,0,1.0,0,0,0,18.0,1,1,2,,1,40 05:30.480,3.0,0,74 59:11.108,8,0,0,0,67301,0,0,0,N,0,0,0,2,67301,0,,1,1,,,,,0,,0,0,1,3,3,N,1816.0,1,2,0,0,0,1,0,3,4,0,2,3,,N,,,,,,,,,,,
2010027972,1242.0,1,0,0,0,0,0,0,0,0,4,0,,67,2,2010,6,40.0515,-74.9852,1228.0,6,0,0,0,0,0,1,0,1,2.0,0,0,0,12.0,1,0,0,,2,40 03:05.338,1.0,7,74 59:06.682,0,0,0,0,67301,0,0,0,N,0,0,0,2,67301,0,,1,1,,N,N,,0,,0,0,0,0,0,Y,1225.0,0,2,0,0,0,0,0,3,4,1,2,3,,N,,,,,,,,,,,
2010027973,215.0,2,0,0,0,0,0,0,0,0,6,0,,67,2,2010,7,39.9669,-75.2085,212.0,6,0,0,0,0,0,0,0,0,,0,0,0,2.0,3,0,2,,0,39 58:00.932,,0,75 12:30.305,0,0,0,0,67301,0,0,0,N,0,0,0,1,67301,0,,1,6,,N,N,,0,,0,0,0,3,3,,200.0,0,3,0,0,0,0,0,3,4,0,2,10,,N,,,,,,,,,,,
2010027937,2218.0,1,0,0,0,0,0,0,0,0,7,0,,67,2,2010,6,40.1061,-75.0345,2215.0,6,0,0,0,0,0,0,0,0,,0,0,0,22.0,3,0,0,,0,40 06:21.919,,0,75 02:04.367,0,0,0,0,67301,0,0,0,N,0,0,0,1,67301,0,,2,7,,N,N,,0,,0,0,0,0,0,,2210.0,0,1,0,0,0,0,0,3,4,0,1,10,,N,,,,,,,,,,,