CRN,ARRIVAL_TM,AUTOMOBILE_COUNT,BELTED_DEATH_COUNT,BELTED_SUSP_SERIOUS_INJ_COUNT,BICYCLE_COUNT,BICYCLE_DEATH_COUNT,BICYCLE_SUSP_SERIOUS_INJ_COUNT,BUS_COUNT,CHLDPAS_DEATH_COUNT,CHLDPAS_SUSP_SERIOUS_INJ_COUNT,COLLISION_TYPE,COMM_VEH_COUNT,CONS_ZONE_SPD_LIM,COUNTY,CRASH_MONTH,CRASH_YEAR,DAY_OF_WEEK,DEC_LAT,DEC_LONG,DISPATCH_TM,DISTRICT,DRIVER_COUNT_16YR,DRIVER_COUNT_17YR,DRIVER_COUNT_18YR,DRIVER_COUNT_19YR,DRIVER_COUNT_20YR,DRIVER_COUNT_50_64YR,DRIVER_COUNT_65_74YR,DRIVER_COUNT_75PLUS,EST_HRS_CLOSED,FATAL_COUNT,HEAVY_TRUCK_COUNT,HORSE_BUGGY_COUNT,HOUR_OF_DAY,ILLUMINATION,INJURY_COUNT,INTERSECT_TYPE,INTERSECTION_RELATED,LANE_CLOSED,LATITUDE,LN_CLOSE_DIR,LOCATION_TYPE,LONGITUDE,MAX_SEVERITY_LEVEL,MCYCLE_DEATH_COUNT,MCYCLE_SUSP_SERIOUS_INJ_COUNT,MOTORCYCLE_COUNT,MUNICIPALITY,NONMOTR_COUNT,NONMOTR_DEATH_COUNT,NONMOTR_SUSP_SERIOUS_INJ_COUNT,NTFY_HIWY_MAINT,PED_COUNT,PED_DEATH_COUNT,PED_SUSP_SERIOUS_INJ_COUNT,PERSON_COUNT,POLICE_AGCY,POSSIBLE_INJ_COUNT,RDWY_SURF_TYPE_CD,RELATION_TO_ROAD,ROAD_CONDITION,ROADWAY_CLEARED,SCH_BUS_IND,SCH_ZONE_IND,SECONDARY_CRASH,SMALL_TRUCK_COUNT,SPEC_JURIS_CD,SUSP_MINOR_INJ_COUNT,SUSP_SERIOUS_INJ_COUNT,SUV_COUNT,TCD_FUNC_CD,TCD_TYPE,TFC_DETOUR_IND,TIME_OF_DAY,TOT_INJ_COUNT,TOTAL_UNITS,UNB_DEATH_COUNT,UNB_SUSP_SERIOUS_INJ_COUNT,UNBELTED_OCC_COUNT,UNK_INJ_DEG_COUNT,UNK_INJ_PER_COUNT,URBAN_AREA,URBAN_RURAL,VAN_COUNT,VEHICLE_COUNT,WEATHER1,WEATHER2,WORK_ZONE_IND,WORK_ZONE_LOC,WORK_ZONE_TYPE,WORKERS_PRES,WZ_CLOSE_DETOUR,WZ_FLAGGER,WZ_LAW_OFFCR_IND,WZ_LN_CLOSURE,WZ_MOVING,WZ_OTHER,WZ_SHLDER_MDN,WZ_WORKERS_INJ_KILLED
2010028376,1633.0,2,0,0,0,0,0,0,0,0,1,0,,67,2,2010,1,39.9985,-75.1718,1623.0,6,0,0,0,1,0,1,0,0,,0,0,0,16.0,1,1,0,,0,39 59:54.664,,0,75 10:18.595,4,0,0,0,67301,0,0,0,N,0,0,0,3,67301,1,,1,7,,N,N,,0,,0,0,0,0,0,,1600.0,1,2,0,0,1,0,0,3,4,0,2,3,,N,,,,,,,,,,,
2010028147,2209.0,1,0,0,0,0,0,0,0,0,7,0,,67,2,2010,4,40.0835,-74.9744,2209.0,6,0,0,0,0,0,0,0,0,1.0,0,0,0,22.0,3,0,0,,1,40 05:00.490,4.0,0,74 58:27.967,0,0,0,0,67301,0,0,0,,0,0,0,1,67301,0,,3,2,,N,Y,,0,,0,0,0,0,0,N,2206.0,0,1,0,0,0,0,0,3,4,0,1,98,,N,,,,,,,,,,,
2010028247,1539.0,2,0,0,0,0,0,0,0,0,4,0,,67,2,2010,1,39.9537,-75.2405,1533.0,6,0,0,0,0,1,1,0,0,,0,0,0,15.0,1,3,1,,0,39 57:13.478,,0,75 14:25.709,4,0,0,0,67301,0,0,0,N,0,0,0,4,67301,3,,1,1,,N,N,,0,,0,0,0,3,2,,1505.0,3,2,0,0,0,0,0,3,4,0,2,3,,N,,,,,,,,,,,
2010028584,837.0,2,0,0,0,0,0,0,0,0,4,0,,67,2,2010,3,40.011,-75.1526,835.0,6,0,0,0,0,0,2,0,0,,0,0,0,8.0,1,1,1,,0,40 00:39.751,,0,75 09:09.223,8,0,0,0,67301,0,0,0,,0,0,0,2,67301,0,,1,9,,N,N,,0,,0,0,0,3,3,,835.0,1,2,0,0,0,1,0,3,4,0,2,3,,N,,,,,,,,,,,
2010018061,1140.0,2,0,0,0,0,0,0,0,0,1,0,,67,1,2010,7,40.0597,-75.0524,1131.0,6,0,0,0,0,0,0,0,0,,0,0,0,11.0,1,1,1,,0,40 03:35.015,,0,75 03:08.566,4,0,0,0,67301,0,0,0,,0,0,0,4,67301,1,,1,1,,N,N,,0,,0,0,0,3,2,,1129.0,1,4,0,0,0,0,0,3,4,1,4,3,,N,,,,,,,,,,,
2010091481,1202.0,0,0,0,0,0,0,0,0,0,4,0,,67,8,2010,2,40.0466,-75.1537,1200.0,6,0,0,0,0,0,2,0,0,,0,1,0,11.0,1,4,2,,0,40 02:47.655,,0,75 09:13.319,3,0,0,0,67301,0,0,0,N,0,0,0,5,67301,3,,1,1,,N,N,,0,,1,0,1,3,2,,1152.0,4,2,0,0,0,0,0,3,4,0,2,3,,N,,,,,,,,,,,
2010103802,1456.0,1,0,0,0,0,0,0,0,0,4,0,,67,10,2010,2,40.0512,-75.1187,1455.0,6,0,0,0,0,0,0,1,0,1.0,0,0,0,14.0,1,2,1,,2,40 03:04.093,3.0,0,75 07:07.134,8,0,0,0,67301,0,0,0,N,0,0,0,2,46102,0,,1,1,,N,N,,0,,0,0,0,3,2,N,1455.0,2,2,0,0,0,2,0,3,4,1,2,3,,N,,,,,,,,,,,
2011024952,0.0,1,0,0,0,0,0,0,0,0,4,0,,67,11,2010,5,40.0501,-75.1496,0.0,6,0,0,0,0,0,2,0,0,,0,0,0,10.0,1,1,0,,0,40 03:00.241,,0,75 08:58.545,8,0,0,0,67301,0,0,0,N,0,0,0,2,00000,0,,1,1,,N,N,,1,,0,0,0,0,0,,1000.0,1,2,0,0,0,1,1,3,4,0,2,3,,N,,,,,,,,,,,
2011024977,,1,0,0,0,0,0,0,0,0,3,0,,67,4,2010,6,40.0002,-75.142,,6,0,0,0,0,0,0,0,0,,0,0,0,21.0,3,2,0,,0,40 00:00.699,,0,75 08:31.080,4,0,0,0,67301,0,0,0,N,0,0,0,3,00000,1,,1,1,,N,N,,0,,0,0,0,0,0,,2100.0,2,2,0,0,0,1,1,3,4,1,2,3,,N,,,,,,,,,,,
2011010039,1649.0,1,0,0,0,0,0,0,0,0,1,0,,67,12,2010,4,40.0492,-75.0541,1639.0,6,0,0,0,0,0,0,0,0,,0,0,0,16.0,1,0,2,,0,40 02:57.217,,0,75 03:14.605,9,0,0,0,67301,0,0,0,N,0,0,0,1,67301,0,,1,2,,N,N,,0,,0,0,0,3,3,,1610.0,0,2,0,0,0,0,1,3,4,1,2,98,,N,,,,,,,,,,,
2011026287,1045.0,2,0,0,0,0,0,0,0,0,5,0,,67,6,2010,7,40.0051,-75.0928,1044.0,6,0,0,0,0,0,0,0,0,,0,0,0,10.0,1,1,1,,0,40 00:18.478,,0,75 05:34.115,4,0,0,0,67301,0,0,0,N,0,0,0,2,67301,1,,1,1,,N,N,,1,,0,0,0,3,3,,1044.0,1,3,0,0,1,0,0,3,4,0,3,3,,N,,,,,,,,,,,
2011026321,1938.0,0,0,0,0,0,0,0,0,0,8,0,,67,5,2010,3,39.9743,-75.1466,1936.0,6,0,0,0,0,0,0,0,0,,0,0,0,19.0,1,2,1,,0,39 58:27.534,,0,75 08:47.792,4,0,0,0,67301,2,0,0,N,2,0,0,3,67301,2,,1,1,,N,N,,1,,0,0,0,3,3,,1936.0,2,3,0,0,1,0,0,3,4,0,1,3,,N,,,,,,,,,,,
2011026185,1701.0,3,0,0,0,0,0,0,0,0,5,0,,67,5,2010,5,39.9466,-75.242,1700.0,6,0,0,0,0,0,0,0,0,,0,0,0,17.0,1,1,2,,0,39 56:47.853,,0,75 14:31.129,8,0,0,0,67301,0,0,0,N,0,0,0,2,67301,0,,1,1,,N,N,,0,,0,0,0,0,0,,1700.0,1,3,0,0,0,1,0,3,4,0,3,3,,N,,,,,,,,,,,
2011012368,40.0,1,0,0,0,0,0,0,0,0,8,0,,67,12,2010,4,40.0302,-75.0882,40.0,6,0,0,0,0,0,0,0,0,9.0,1,0,0,0.0,3,0,1,,2,40 01:48.790,2.0,0,75 05:17.559,1,0,0,0,67301,1,1,0,,1,1,0,2,67301,0,2.0,1,1,,N,N,,0,0.0,0,0,0,2,2,Y,36.0,0,2,0,0,0,0,0,3,4,0,1,3,,N,,,,,,,,,,,
2011001707,1430.0,2,0,0,0,0,0,0,0,0,4,0,,67,12,2010,7,39.9734,-75.2098,1426.0,6,0,0,0,0,0,0,0,0,,0,0,0,14.0,1,2,2,,0,39 58:24.814,,0,75 12:35.304,4,0,0,0,67301,0,0,0,N,0,0,0,3,67301,2,,4,1,,N,N,,0,,0,0,0,3,2,,1422.0,2,2,0,0,0,0,0,3,4,0,2,3,,N,,,,,,,,,,,
2011001740,1010.0,1,0,0,0,0,0,0,0,0,2,0,,67,12,2010,4,40.067,-75.1583,1000.0,6,0,0,0,0,0,1,0,0,,0,0,0,9.0,8,1,1,,0,40 04:01.087,,0,75 09:29.811,8,0,0,0,67301,0,0,0,N,0,0,0,3,67301,0,,1,9,,N,Y,,0,,0,0,0,3,2,,950.0,1,2,0,0,0,1,2,3,4,1,2,7,,N,,,,,,,,,,,
2011000768,448.0,1,0,0,0,0,0,0,0,0,5,0,,67,12,2010,1,39.9769,-75.1633,448.0,6,0,0,0,0,0,0,0,0,,0,0,0,4.0,3,0,0,,0,39 58:36.681,,0,75 09:47.725,0,0,0,0,67301,0,0,0,N,0,0,0,1,67301,0,,1,1,,N,N,,0,,0,0,1,0,0,,430.0,0,2,0,0,0,0,0,3,4,0,2,3,,N,,,,,,,,,,,
2011008341,1320.0,3,0,0,0,0,0,0,0,0,4,0,,67,12,2010,6,40.0101,-75.1214,1318.0,6,0,0,0,0,0,1,0,0,,0,0,0,13.0,1,1,1,,0,40 00:36.435,,0,75 07:17.178,8,0,0,0,67301,0,0,0,,0,0,0,4,67301,0,,1,1,,N,N,,0,,0,0,0,3,2,,1318.0,1,3,0,0,0,1,0,3,4,0,3,3,,N,,,,,,,,,,,
2011008342,200.0,0,0,0,0,0,0,0,0,0,8,0,,67,12,2010,6,39.9967,-75.1155,201.0,6,0,0,0,0,0,0,0,0,,0,0,0,1.0,3,1,1,,0,39 59:48.193,,0,75 06:55.752,4,0,0,0,67301,1,0,0,N,1,0,0,2,67301,1,,1,1,,N,N,,0,,0,0,0,9,2,,155.0,1,2,0,0,0,0,1,3,4,0,1,3,,N,,,,,,,,,,,
2011008419,1140.0,2,0,0,0,0,0,0,0,0,4,0,,67,12,2010,1,39.9823,-75.2644,1138.0,6,0,0,0,0,0,0,0,2,,0,0,0,11.0,1,2,2,,0,39 58:56.298,,0,75 15:51.735,3,0,0,0,67301,0,0,0,N,0,0,0,3,67301,1,,1,9,,N,N,,0,,1,0,0,3,2,,1137.0,2,2,0,0,0,0,0,3,4,0,2,7,,N,,,,,,,,,,,
2011015987,845.0,1,0,0,0,0,0,0,0,0,1,0,,67,12,2010,5,40.0798,-75.2009,840.0,6,0,0,0,0,0,0,0,0,,0,0,0,8.0,1,0,2,,0,40 04:47.440,,0,75 12:03.336,0,0,0,0,67301,0,0,0,N,0,0,0,2,67301,0,,1,9,,N,N,,1,,0,0,0,0,0,,810.0,0,2,0,0,0,0,0,3,4,0,2,98,,N,,,,,,,,,,,
2011001090,1147.0,3,0,0,0,0,0,0,0,0,1,0,,67,11,2010,4,39.9542,-75.1779,1145.0,6,0,0,0,0,0,1,0,0,1.0,0,0,0,11.0,1,0,0,,1,39 57:15.134,4.0,0,75 10:40.613,0,0,0,0,67301,1,0,0,,0,0,0,3,67301,0,,1,1,,N,N,,0,,0,0,0,0,0,N,1140.0,0,3,0,0,0,0,0,3,4,0,3,3,,N,,,,,,,,,,,
2011082612,1335.0,2,0,0,0,0,0,0,0,0,1,0,,67,9,2010,1,39.9642,-75.2465,1335.0,6,0,0,0,0,0,0,0,1,1.0,0,0,0,13.0,1,4,0,,1,39 57:51.216,2.0,0,75 14:47.329,4,0,0,0,67301,0,0,0,,0,0,0,5,67301,4,,1,9,,N,,,0,,0,0,0,0,0,Y,1335.0,4,2,0,0,0,0,0,3,4,0,2,7,,N,,,,,,,,,,,
2011008487,1230.0,1,0,0,0,0,0,0,0,0,4,0,,67,12,2010,2,39.9869,-75.1358,1227.0,6,0,0,0,0,0,0,0,0,,0,0,0,99.0,1,1,2,,0,39 59:12.710,,0,75 08:09.023,4,0,0,0,67301,0,0,0,N,0,0,0,4,67301,1,,1,1,,N,N,,0,,0,0,0,3,2,,9999.0,1,2,0,0,0,0,0,3,4,1,2,3,,N,,,,,,,,,,,
2011008894,1840.0,2,0,0,0,0,0,0,0,0,1,0,,67,12,2010,6,40.0064,-75.1371,1759.0,6,0,0,0,0,0,0,0,0,,0,0,0,17.0,3,1,0,,0,40 00:23.164,,0,75 08:13.388,4,0,0,0,67301,0,0,0,N,0,0,0,1,67301,1,,6,1,,N,N,,1,,0,0,0,0,0,,1759.0,1,3,0,0,0,0,0,3,4,0,3,3,,N,,,,,,,,,,,
2011000933,1430.0,3,0,0,0,0,0,0,0,0,1,0,,67,12,2010,5,39.9334,-75.2232,423.0,6,0,0,0,0,0,2,0,0,,0,0,0,14.0,1,1,1,,0,39 56:00.337,,0,75 13:23.656,8,0,0,0,67301,0,0,0,N,0,0,0,3,67301,0,,1,1,,N,N,,0,,0,0,0,3,2,,1420.0,1,3,0,0,0,1,0,3,4,0,3,3,,N,,,,,,,,,,,
2011040358,1852.0,1,0,0,0,0,0,0,0,0,5,0,,67,3,2010,1,40.0177,-75.1718,1841.0,6,0,0,0,1,0,0,0,0,3.0,0,0,0,18.0,1,2,0,,1,40 01:03.824,3.0,0,75 10:18.365,8,0,0,0,67301,0,0,0,N,0,0,0,3,67301,0,,1,1,,N,N,,0,,0,0,1,0,0,N,1835.0,2,2,0,0,0,2,0,3,4,0,2,3,,N,,,,,,,,,,,
2011008235,1355.0,2,0,0,0,0,0,0,0,0,4,0,,67,12,2010,1,39.9896,-75.1689,1350.0,6,0,0,0,0,0,0,1,0,,0,0,0,13.0,1,1,1,,0,39 59:22.394,,0,75 10:08.017,4,0,0,0,67301,0,0,0,N,0,0,0,2,67301,1,,1,9,,N,N,,0,,0,0,0,3,2,,1350.0,1,2,0,0,0,0,0,3,4,0,2,3,,N,,,,,,,,,,,
2011007669,303.0,3,0,0,0,0,0,0,0,0,1,0,,67,12,2010,1,39.9591,-75.1805,251.0,6,0,0,0,0,0,0,0,0,2.0,0,0,0,2.0,3,1,0,,1,39 57:36.722,4.0,0,75 10:52.219,4,0,0,0,67301,0,0,0,N,0,0,0,6,68K01,1,,1,1,,N,N,,0,,0,0,1,0,0,N,249.0,1,4,0,0,0,0,0,3,4,0,4,3,,N,,,,,,,,,,,
2011008280,2257.0,1,0,0,0,0,0,0,0,0,8,0,,67,12,2010,3,39.9774,-75.1695,2257.0,6,0,0,0,0,0,0,0,0,3.0,0,0,0,22.0,3,1,0,,2,39 58:38.808,6.0,0,75 10:10.184,2,0,0,0,67301,1,0,1,N,1,0,1,2,67301,0,,1,1,,N,N,,0,,0,1,0,0,0,Y,2256.0,1,2,0,0,0,0,0,3,4,0,1,3,,N,,,,,,,,,,,
2011026297,1359.0,1,0,0,0,0,0,0,0,0,5,0,,67,5,2010,3,39.9428,-75.1602,1355.0,6,0,0,0,0,0,0,0,0,,0,0,0,13.0,1,1,0,,0,39 56:34.180,,0,75 09:36.830,4,0,0,0,67301,0,0,0,N,0,0,0,3,67301,1,,1,1,,N,N,,0,,0,0,1,0,0,,1355.0,1,2,0,0,0,0,0,3,4,0,2,3,,N,,,,,,,,,,,
2011023775,1916.0,1,0,0,0,0,0,0,0,0,5,1,,67,1,2010,2,40.006,-75.1951,1914.0,6,0,0,0,0,0,1,0,0,1.0,0,1,0,19.0,3,0,0,,1,40 00:21.942,1.0,0,75 11:40.461,0,0,0,0,67301,0,0,0,N,0,0,0,2,67301,0,,1,9,,N,N,,0,,0,0,0,0,0,N,1912.0,0,2,0,0,0,0,0,3,4,0,2,10,,N,,,,,,,,,,,
2011000883,2338.0,2,0,0,0,0,0,0,0,0,4,0,,67,11,2010,5,40.0455,-75.1649,2334.0,6,0,0,0,0,0,0,0,0,1.0,0,0,0,23.0,3,4,1,,1,40 02:43.800,2.0,0,75 09:53.514,4,0,0,0,67301,0,0,0,N,0,0,0,4,67301,4,,1,98,,N,N,,0,,0,0,0,3,2,N,2304.0,4,2,0,0,0,0,0,3,4,0,2,98,,N,,,,,,,,,,,
2011001758,1125.0,1,0,0,0,0,0,1,0,0,5,1,,67,11,2010,6,39.9592,-75.2314,1024.0,6,0,0,0,0,0,0,0,0,,0,0,0,10.0,1,1,0,,0,39 57:33.281,,0,75 13:52.800,8,0,0,0,67301,0,0,0,N,0,0,0,3,67301,0,,1,1,,N,N,,0,,0,0,0,0,0,,1015.0,1,2,0,0,0,1,0,3,4,0,2,3,,N,,,,,,,,,,,
2011002150,600.0,1,0,0,0,0,0,0,0,0,7,0,,67,12,2010,6,39.9749,-75.1945,557.0,6,0,0,0,0,0,0,0,0,,0,0,0,5.0,3,1,0,,0,39 58:32.978,,0,75 11:42.589,4,0,0,0,67301,0,0,0,N,0,0,0,1,68K01,1,,3,1,,N,N,,0,,0,0,0,0,0,,551.0,1,1,0,0,0,0,0,3,4,0,1,3,,N,,,,,,,,,,,
2011000847,2135.0,1,0,0,0,0,0,0,0,0,4,0,,67,12,2010,4,40.0352,-75.1455,2128.0,6,0,0,0,0,0,0,0,0,,0,0,0,18.0,3,1,1,,0,40 02:06.731,,0,75 08:43.670,3,0,0,0,67301,0,0,0,N,0,0,0,5,67301,0,,1,1,,N,N,,0,,1,0,1,3,2,,1830.0,1,2,0,0,0,0,2,3,4,0,2,3,,N,,,,,,,,,,,
2011008385,1824.0,1,0,0,0,0,0,0,0,0,1,0,,67,12,2010,1,40.0892,-75.021,1824.0,6,0,0,0,0,0,0,1,0,,0,0,0,18.0,3,0,0,,0,40 05:21.277,,0,75 01:15.431,0,0,0,0,67301,0,0,0,N,0,0,0,5,67301,0,,1,9,,N,N,,0,,0,0,1,0,0,,1820.0,0,3,0,0,0,0,0,3,4,1,3,7,,N,,,,,,,,,,,
2011025709,118.0,1,0,0,0,0,0,0,0,0,1,0,,67,5,2010,5,40.0351,-75.0815,118.0,6,0,0,0,0,0,0,0,0,3.0,0,0,0,1.0,3,5,0,,2,40 02:06.531,5.0,0,75 04:53.390,2,0,0,0,67301,2,0,0,N,0,0,0,5,67301,2,,6,1,,N,N,,0,,1,2,2,0,0,Y,118.0,5,3,0,2,3,0,0,3,4,0,3,3,,N,,,,,,,,,,,
2011027737,0.0,1,0,0,0,0,0,0,0,0,7,0,,67,11,2010,1,40.0176,-75.0839,0.0,6,0,0,0,0,0,0,0,0,,0,0,0,4.0,6,0,0,,0,40 01:03.530,,0,75 05:02.010,0,0,0,0,67301,0,0,0,,0,0,0,1,00000,0,,4,1,,,,,0,,0,0,0,0,0,,400.0,0,1,0,0,0,0,0,3,4,0,1,3,,N,,,,,,,,,,,
2011025384,0.0,2,0,0,0,0,0,0,0,0,1,0,,67,12,2010,7,40.0405,-75.0589,0.0,6,0,0,0,0,0,0,0,0,,0,0,0,99.0,6,2,1,,0,40 02:25.798,,0,75 03:31.964,8,0,0,0,67301,0,0,0,N,0,0,0,3,00000,0,,1,1,,N,N,,0,,0,0,0,3,2,,9999.0,2,2,0,0,0,2,1,3,4,0,2,3,,N,,,,,,,,,,,
2011015863,1330.0,2,0,0,0,0,0,0,0,0,4,0,,67,12,2010,6,39.9946,-75.0945,1325.0,6,0,1,0,0,0,0,0,0,,0,0,0,13.0,1,1,1,,0,39 59:40.673,,0,75 05:40.311,8,0,0,0,67301,0,0,0,N,0,0,0,2,67301,0,,1,1,,N,N,,0,,0,0,0,3,2,,1315.0,1,2,0,0,0,1,0,3,4,0,2,3,,N,,,,,,,,,,,
2011001069,1545.0,2,0,0,0,0,0,0,0,0,5,0,,67,11,2010,7,40.0535,-75.0549,1528.0,6,0,0,0,0,0,0,0,0,,0,0,0,14.0,1,1,1,,0,40 03:12.464,,0,75 03:17.783,8,0,0,0,67301,0,0,0,N,0,0,0,3,67301,0,,1,1,,N,N,,0,,0,0,0,3,2,,1445.0,1,2,0,0,0,1,0,3,4,0,2,3,,N,,,,,,,,,,,
2011068013,0.0,1,0,0,0,0,0,0,0,0,1,0,,67,12,2010,5,39.9827,-75.1652,0.0,6,0,0,0,0,0,0,0,0,,0,0,0,18.0,6,1,1,,0,39 58:57.882,,0,75 09:54.629,8,0,0,0,67301,0,0,0,,0,0,0,3,00000,0,,1,7,,,,,0,,0,0,0,3,3,,1830.0,1,2,0,0,0,1,0,3,4,1,2,10,,N,,,,,,,,,,,
2011008864,1623.0,0,0,0,0,0,0,0,0,0,8,0,,67,12,2010,6,39.9762,-75.2267,1617.0,6,0,0,0,0,0,0,0,0,,0,0,0,99.0,1,1,0,,0,39 58:34.376,,0,75 13:36.196,4,0,0,0,67301,1,0,0,N,1,0,0,2,67301,1,,1,1,,N,Y,,0,,0,0,1,0,0,,9999.0,1,2,0,0,0,0,0,3,4,0,1,3,,N,,,,,,,,,,,
2010058958,1841.0,2,0,0,0,0,0,0,0,0,5,0,,67,5,2010,2,39.9722,-75.1248,1840.0,6,0,0,0,1,0,0,0,0,1.0,0,0,0,17.0,1,0,3,,1,39 58:21.113,4.0,2,75 07:24.425,0,0,0,0,67301,0,0,0,,0,0,0,4,67301,0,,1,9,,,,,0,,0,0,0,3,4,N,1753.0,0,2,0,0,0,0,0,3,4,0,2,98,,N,,,,,,,,,,,
2010058951,2024.0,1,0,0,0,0,0,0,0,0,8,0,,67,5,2010,1,39.9233,-75.1611,2020.0,6,0,0,0,0,0,0,0,0,1.0,0,0,0,20.0,4,1,0,,1,39 55:23.803,3.0,0,75 09:40.170,4,0,0,0,67301,1,0,0,N,1,0,0,3,67301,1,,1,1,,N,N,,0,,0,0,0,0,0,N,2020.0,1,2,0,0,0,0,0,3,4,0,1,3,,N,,,,,,,,,,,
2010069776,1344.0,0,0,0,1,0,0,0,0,0,2,0,,67,6,2010,4,40.0351,-75.0709,1338.0,6,0,0,0,0,0,1,0,0,,0,0,0,13.0,1,1,1,,0,40 02:06.421,,0,75 04:15.407,4,0,0,0,67301,1,0,0,N,0,0,0,2,67301,1,,1,1,,N,N,,0,,0,0,1,3,2,,1338.0,1,2,0,0,0,0,0,3,4,0,1,3,,N,,,,,,,,,,,
2010117818,454.0,3,0,0,0,0,0,0,0,0,5,0,,67,10,2010,7,39.972,-75.2289,449.0,6,0,0,0,0,0,0,0,0,,0,0,0,4.0,3,0,0,,0,39 58:19.171,,0,75 13:43.939,0,0,0,0,67301,0,0,0,N,0,0,0,1,67301,0,,1,1,,N,N,,0,,0,0,1,0,0,,447.0,0,4,0,0,0,0,0,3,4,0,4,3,,N,,,,,,,,,,,
2010117727,1626.0,0,0,0,1,0,0,0,0,0,5,0,,67,11,2010,2,39.9641,-75.2164,1624.0,6,0,0,0,0,0,0,0,0,,0,0,0,16.0,1,1,1,,0,39 57:50.770,,0,75 12:59.018,8,0,0,0,67301,1,0,0,N,0,0,0,2,67301,0,,2,1,,N,N,,1,,0,0,0,3,2,,1615.0,1,2,0,0,0,1,0,3,4,0,1,3,,N,,,,,,,,,,,
2010052469,226.0,1,0,0,0,0,0,0,0,0,7,0,,67,5,2010,7,39.9131,-75.1923,225.0,6,0,0,0,0,0,0,0,0,,0,0,0,2.0,3,0,0,,0,39 54:47.244,,0,75 11:32.296,0,0,0,0,67301,0,0,0,Y,0,0,0,1,67301,0,,3,9,,N,N,,0,,0,0,0,0,0,,210.0,0,2,0,0,0,0,0,3,4,0,1,3,,N,,,,,,,,,,,
2010052462,818.0,0,0,0,0,0,0,0,0,0,7,0,,67,5,2010,6,40.0365,-75.1367,817.0,6,0,0,0,0,0,1,0,0,,0,0,0,8.0,1,1,0,,0,40 02:11.223,,0,75 08:12.265,4,0,0,0,67301,0,0,0,N,0,0,0,1,67301,1,,2,1,,N,N,,0,,0,0,0,0,0,,810.0,1,1,0,0,0,0,0,3,4,1,1,3,,N,,,,,,,,,,,
2010048899,944.0,1,0,0,0,0,0,1,0,0,4,1,,67,4,2010,5,40.0202,-75.1505,944.0,6,0,0,0,0,0,0,0,0,,0,0,0,9.0,1,1,1,,0,40 01:12.586,,0,75 09:01.958,4,0,0,0,67301,0,0,0,N,0,0,0,2,67301,1,,1,1,,N,N,,0,,0,0,0,3,2,,900.0,1,2,0,0,0,0,0,3,4,0,2,3,,N,,,,,,,,,,,
2010070062,835.0,1,0,0,0,0,0,0,0,0,4,0,,67,6,2010,5,39.9796,-75.2535,834.0,6,0,0,0,0,0,0,0,1,,0,0,0,7.0,1,0,1,,0,39 58:46.408,,0,75 15:12.527,0,0,0,0,67301,0,0,0,N,0,0,0,2,67301,0,,1,1,,N,N,,0,,0,0,1,3,3,,750.0,0,2,0,0,0,0,0,3,4,0,2,3,,N,,,,,,,,,,,
2010048766,830.0,2,0,0,0,0,0,0,0,0,8,0,,67,4,2010,5,40.0471,-75.0048,826.0,6,0,0,0,0,0,0,0,0,,0,0,0,8.0,1,1,1,,0,40 02:49.733,,0,75 00:17.125,4,0,0,0,67301,0,0,0,,0,0,0,3,67301,1,,1,1,,,,,1,,0,0,0,0,0,,826.0,1,3,0,0,0,0,0,3,4,0,3,3,,N,,,,,,,,,,,
2010068138,1713.0,2,0,0,0,0,0,0,0,0,1,0,,67,7,2010,2,40.0025,-75.2238,9999.0,6,0,0,0,0,0,0,0,0,,0,0,0,99.0,1,2,0,,0,40 00:09.069,,0,75 13:25.662,4,0,0,0,67301,0,0,0,N,0,0,0,4,46104,2,,1,1,,N,N,,0,,0,0,0,0,0,,9999.0,2,2,0,0,0,0,2,3,4,0,2,3,,N,,,,,,,,,,,
2010062047,9999.0,0,0,0,0,0,0,0,0,0,7,0,,67,5,2010,1,40.1051,-75.0016,244.0,6,0,0,0,0,0,0,0,0,3.0,0,0,0,2.0,3,5,0,,2,40 06:18.275,2.0,0,75 00:05.657,4,0,0,0,67301,0,0,0,,0,0,0,5,67301,5,,3,1,,N,N,,0,,0,0,0,3,2,Y,240.0,5,1,0,0,0,0,0,3,4,1,1,3,,N,,,,,,,,,,,
2010044724,1309.0,1,0,0,1,0,0,0,0,0,8,0,,67,4,2010,1,40.1025,-75.0287,1306.0,6,0,0,0,0,0,0,0,0,,0,0,0,13.0,1,1,1,,0,40 06:09.264,,0,75 01:43.891,8,0,0,0,67301,1,0,0,N,0,0,0,2,67301,0,,1,1,,N,N,,0,,0,0,0,3,2,,1304.0,1,2,0,0,0,1,0,3,4,0,1,3,,N,,,,,,,,,,,
2010052362,717.0,2,0,0,0,0,0,0,0,0,4,0,,67,5,2010,7,39.9577,-75.1624,712.0,6,0,0,0,0,0,1,1,0,,0,0,0,7.0,1,1,1,,0,39 57:27.736,,0,75 09:44.915,8,0,0,0,67301,0,0,0,,0,0,0,2,67301,0,,1,1,,,,,0,,0,0,0,3,2,,710.0,1,2,0,0,0,1,0,3,4,0,2,3,,N,,,,,,,,,,,