CRN,ARRIVAL_TM,AUTOMOBILE_COUNT,BELTED_DEATH_COUNT,BELTED_SUSP_SERIOUS_INJ_COUNT,BICYCLE_COUNT,BICYCLE_DEATH_COUNT,BICYCLE_SUSP_SERIOUS_INJ_COUNT,BUS_COUNT,CHLDPAS_DEATH_COUNT,CHLDPAS_SUSP_SERIOUS_INJ_COUNT,COLLISION_TYPE,COMM_VEH_COUNT,CONS_ZONE_SPD_LIM,COUNTY,CRASH_MONTH,CRASH_YEAR,DAY_OF_WEEK,DEC_LAT,DEC_LONG,DISPATCH_TM,DISTRICT,DRIVER_COUNT_16YR,DRIVER_COUNT_17YR,DRIVER_COUNT_18YR,DRIVER_COUNT_19YR,DRIVER_COUNT_20YR,DRIVER_COUNT_50_64YR,DRIVER_COUNT_65_74YR,DRIVER_COUNT_75PLUS,EST_HRS_CLOSED,FATAL_COUNT,HEAVY_TRUCK_COUNT,HORSE_BUGGY_COUNT,HOUR_OF_DAY,ILLUMINATION,INJURY_COUNT,INTERSECT_TYPE,INTERSECTION_RELATED,LANE_CLOSED,LATITUDE,LN_CLOSE_DIR,LOCATION_TYPE,LONGITUDE,MAX_SEVERITY_LEVEL,MCYCLE_DEATH_COUNT,MCYCLE_SUSP_SERIOUS_INJ_COUNT,MOTORCYCLE_COUNT,MUNICIPALITY,NONMOTR_COUNT,NONMOTR_DEATH_COUNT,NONMOTR_SUSP_SERIOUS_INJ_COUNT,NTFY_HIWY_MAINT,PED_COUNT,PED_DEATH_COUNT,PED_SUSP_SERIOUS_INJ_COUNT,PERSON_COUNT,POLICE_AGCY,POSSIBLE_INJ_COUNT,RDWY_SURF_TYPE_CD,RELATION_TO_ROAD,ROAD_CONDITION,ROADWAY_CLEARED,SCH_BUS_IND,SCH_ZONE_IND,SECONDARY_CRASH,SMALL_TRUCK_COUNT,SPEC_JURIS_CD,SUSP_MINOR_INJ_COUNT,SUSP_SERIOUS_INJ_COUNT,SUV_COUNT,TCD_FUNC_CD,TCD_TYPE,TFC_DETOUR_IND,TIME_OF_DAY,TOT_INJ_COUNT,TOTAL_UNITS,UNB_DEATH_COUNT,UNB_SUSP_SERIOUS_INJ_COUNT,UNBELTED_OCC_COUNT,UNK_INJ_DEG_COUNT,UNK_INJ_PER_COUNT,URBAN_AREA,URBAN_RURAL,VAN_COUNT,VEHICLE_COUNT,WEATHER1,WEATHER2,WORK_ZONE_IND,WORK_ZONE_LOC,WORK_ZONE_TYPE,WORKERS_PRES,WZ_CLOSE_DETOUR,WZ_FLAGGER,WZ_LAW_OFFCR_IND,WZ_LN_CLOSURE,WZ_MOVING,WZ_OTHER,WZ_SHLDER_MDN,WZ_WORKERS_INJ_KILLED
2010052367,1406.0,0,0,0,0,0,0,1,0,0,1,1,,67,4,2010,3,39.9849,-75.2375,1404.0,6,0,0,0,0,0,1,1,0,3.0,0,0,0,14.0,1,1,0,,2,39 59:05.726,3.0,0,75 14:14.859,3,0,0,0,67301,0,0,0,N,0,0,0,2,67301,0,,1,9,,Y,N,,0,,1,0,0,3,2,N,1403.0,1,2,0,0,0,0,0,3,4,1,2,7,,N,,,,,,,,,,,
2010052369,1413.0,1,0,0,0,0,0,0,0,0,4,0,,67,4,2010,4,39.9903,-75.2204,1405.0,6,0,0,0,0,0,1,0,1,1.0,0,0,0,14.0,1,4,1,,1,39 59:25.216,2.0,0,75 13:13.303,8,0,0,0,67301,0,0,0,N,0,0,0,4,67301,0,,1,9,,N,N,,1,,0,0,0,3,2,N,1403.0,4,2,0,0,0,4,0,3,4,0,2,7,,N,,,,,,,,,,,
2010052422,1655.0,0,0,0,1,0,0,0,0,0,4,0,,67,4,2010,5,39.9871,-75.1223,1645.0,6,0,0,0,0,0,0,0,0,,0,0,0,16.0,1,1,5,,0,39 59:13.221,,0,75 07:20.575,4,0,0,0,67301,1,0,0,N,0,0,0,3,67301,1,,1,1,,N,N,,1,,0,0,0,9,9,,1640.0,1,2,0,0,0,0,0,3,4,0,1,3,,N,,,,,,,,,,,
2010081673,1840.0,0,0,0,0,0,0,0,0,0,3,0,,67,7,2010,3,40.0117,-75.1403,1834.0,6,0,0,0,0,0,1,0,0,,0,0,0,99.0,1,1,0,,0,40 00:42.258,,0,75 08:24.994,4,0,0,0,67301,1,0,0,,1,0,0,2,67301,1,,1,1,,N,N,,0,,0,0,1,0,0,,9999.0,1,2,0,0,0,0,0,3,4,0,1,3,,N,,,,,,,,,,,
2010032767,100.0,3,0,0,0,0,0,0,0,0,4,0,,67,3,2010,4,40.0254,-75.0323,55.0,6,0,0,0,0,0,0,0,0,1.0,0,0,0,0.0,3,1,1,,1,40 01:39.626,3.0,0,75 02:18.440,4,0,0,0,67301,0,0,0,N,0,0,0,2,67301,1,,1,9,,N,N,,0,,0,0,1,3,3,N,40.0,1,4,0,0,0,0,0,3,4,0,4,7,,N,,,,,,,,,,,
2010032784,1710.0,2,0,0,0,0,0,0,0,0,1,0,,67,3,2010,2,39.9677,-75.1496,1705.0,6,0,0,0,0,1,0,0,0,,0,0,0,17.0,1,0,2,,0,39 58:03.856,,0,75 08:58.426,0,0,0,0,67301,0,0,0,,0,0,0,3,67301,0,,1,1,,,,,0,,0,0,0,3,3,,1705.0,0,2,0,0,0,0,0,3,4,0,2,3,,N,,,,,,,,,,,
2010105025,200.0,1,0,0,0,0,0,0,0,0,4,0,,67,9,2010,4,40.0181,-75.1524,157.0,6,0,0,0,0,0,0,0,0,,0,0,0,1.0,3,0,2,,0,40 01:05.221,,0,75 09:08.542,9,0,0,0,67301,0,0,0,N,0,0,0,1,67301,0,,1,1,,N,N,,0,,0,0,0,3,3,,157.0,0,2,0,0,0,0,1,3,4,1,2,3,,N,,,,,,,,,,,
2010034133,1730.0,2,0,0,0,0,0,0,0,0,1,0,,67,3,2010,6,40.0771,-74.9648,1725.0,6,0,0,0,0,0,0,0,0,1.0,0,0,0,17.0,1,0,3,,1,40 04:38.227,3.0,2,74 57:53.519,0,0,0,0,67301,0,0,0,N,0,0,0,4,67301,0,,1,1,,,N,,0,,0,0,0,0,0,N,1720.0,0,2,0,0,0,0,0,3,4,0,2,3,,N,,,,,,,,,,,
2011008443,427.0,2,0,0,0,0,0,0,0,0,1,1,,67,12,2010,3,39.9392,-75.2209,435.0,6,0,0,0,0,0,0,0,0,,0,1,0,99.0,3,0,0,,0,39 56:20.986,,0,75 13:15.071,9,0,0,0,67301,0,0,0,N,0,0,0,1,67301,0,,6,1,,N,N,,0,,0,0,0,3,2,,9999.0,0,3,0,0,0,0,1,3,4,0,3,3,,N,,,,,,,,,,,
2011027939,1146.0,1,0,0,1,0,0,0,0,0,5,0,,67,5,2010,7,39.9871,-75.1745,1141.0,6,0,0,0,0,0,0,0,0,,0,0,0,11.0,1,1,0,,0,39 59:13.387,,0,75 10:28.203,4,0,0,0,67301,1,0,0,N,0,0,0,2,67301,1,,1,1,,N,N,,0,,0,0,0,0,0,,1100.0,1,2,0,0,0,0,0,3,4,0,1,3,,N,,,,,,,,,,,
2011025824,0.0,1,0,0,0,0,0,0,0,0,1,0,,67,7,2010,6,40.0217,-75.1126,0.0,6,0,0,0,0,0,0,0,0,,0,0,0,17.0,1,1,1,,0,40 01:18.154,,0,75 06:45.449,8,0,0,0,67301,0,0,0,N,0,0,0,2,00000,0,,1,1,,N,N,,0,,0,0,0,3,2,,1730.0,1,2,0,0,0,1,1,3,4,0,2,3,,N,,,,,,,,,,,
2011001055,320.0,1,0,0,0,0,0,0,0,0,7,0,,67,11,2010,4,40.0568,-75.0288,315.0,6,0,0,0,0,0,0,0,0,,0,0,0,3.0,3,0,5,,0,40 03:24.372,,0,75 01:43.792,9,0,0,0,67301,0,0,0,N,0,0,0,1,67301,0,,3,1,,N,N,,0,,0,0,0,3,2,,312.0,0,1,0,0,0,0,1,3,4,0,1,3,,N,,,,,,,,,,,
2011083369,2002.0,2,0,0,0,0,0,0,0,0,4,0,,67,9,2010,2,39.9881,-75.2424,1949.0,6,0,1,0,0,0,0,1,0,1.0,0,0,0,19.0,3,2,1,,1,39 59:17.214,3.0,0,75 14:32.719,4,0,0,0,67301,0,0,0,N,0,0,0,4,67301,2,,1,9,,N,N,,0,,0,0,0,3,3,N,1941.0,2,2,0,0,0,0,0,3,4,0,2,7,,N,,,,,,,,,,,
2011008529,1529.0,1,0,0,0,0,0,0,0,0,8,0,,67,12,2010,5,40.0101,-75.1362,1522.0,6,0,0,0,0,0,1,0,0,,0,0,0,15.0,1,1,1,,0,40 00:36.514,,0,75 08:10.442,4,0,0,0,67301,1,0,0,,1,0,0,2,67301,1,,1,98,,,,,0,,0,0,0,3,2,,1519.0,1,2,0,0,0,0,0,3,4,0,1,99,,N,,,,,,,,,,,
2011008873,1056.0,0,0,0,0,0,0,0,0,0,7,0,,67,12,2010,2,39.9274,-75.1952,1042.0,6,0,0,0,0,0,1,0,0,,0,0,0,10.0,1,0,0,,0,39 55:38.804,,0,75 11:42.893,0,0,0,0,67301,0,0,0,N,0,0,0,1,67301,0,,4,7,,N,N,,0,,0,0,1,0,0,,1031.0,0,1,0,0,0,0,0,3,4,0,1,10,,N,,,,,,,,,,,
2011008895,1455.0,0,0,0,0,0,0,1,0,0,4,1,,67,12,2010,6,40.1065,-75.0301,1452.0,6,0,0,0,0,0,1,1,0,1.0,0,0,0,14.0,1,0,2,,1,40 06:23.326,2.0,0,75 01:48.353,0,0,0,0,67301,0,0,0,,0,0,0,7,67301,0,,1,2,,N,N,,1,,0,0,0,3,3,N,1450.0,0,2,0,0,0,0,0,3,4,0,2,10,,N,,,,,,,,,,,
2011000898,2239.0,2,0,0,0,0,0,0,0,0,4,0,,67,11,2010,5,39.9819,-75.2011,2223.0,6,0,0,0,0,0,1,0,0,,0,0,0,22.0,3,4,0,,0,39 58:54.360,,0,75 12:03.269,3,0,0,0,67301,0,0,0,,0,0,0,6,67301,0,,1,9,,,,,0,,4,0,0,0,0,,2220.0,4,2,0,0,0,0,0,3,4,0,2,7,,N,,,,,,,,,,,
2011000915,1925.0,0,0,0,0,0,0,0,0,0,7,0,,67,11,2010,6,40.089,-75.0575,1925.0,6,0,0,0,0,0,0,0,0,,0,0,0,19.0,3,1,0,,0,40 05:20.161,,0,75 03:26.826,8,0,0,0,67301,0,0,0,,0,0,0,2,67301,0,,4,1,,,,,0,,0,0,1,0,0,,1900.0,1,1,0,0,0,1,1,3,4,0,1,3,,N,,,,,,,,,,,
2011008417,1210.0,0,0,0,0,0,0,0,0,0,8,0,,67,12,2010,1,39.9691,-75.2475,1200.0,6,0,0,0,0,0,0,0,0,,0,0,0,11.0,1,1,1,,0,39 58:08.778,,0,75 14:51.154,4,0,0,0,67301,1,0,0,N,1,0,0,2,67301,1,,1,1,,N,N,,1,,0,0,0,3,3,,1150.0,1,2,0,0,0,0,0,3,4,0,1,3,,N,,,,,,,,,,,
2011008389,1305.0,1,0,0,0,0,0,0,0,0,1,0,,67,12,2010,7,40.0743,-75.0348,1241.0,6,0,0,0,0,0,0,0,0,1.0,0,0,0,12.0,1,1,1,,1,40 04:27.539,1.0,0,75 02:05.367,8,0,0,0,67301,0,0,0,N,0,0,0,2,67301,0,,1,1,,N,N,,0,,0,0,1,3,2,N,1235.0,1,2,0,0,0,1,0,3,4,0,2,3,,N,,,,,,,,,,,
2011000784,1710.0,1,0,0,0,0,0,0,0,0,1,0,,67,11,2010,1,40.0707,-75.2412,1638.0,6,0,0,0,0,0,2,0,0,,0,0,0,16.0,1,1,1,,0,40 04:15.503,,0,75 14:28.767,8,0,0,1,67301,0,0,0,N,0,0,0,3,67301,0,,1,1,,N,N,,0,,0,0,0,3,2,,1630.0,1,2,0,0,0,1,0,3,4,0,2,3,,N,,,,,,,,,,,
2010061944,1315.0,0,0,0,0,0,0,0,0,0,1,0,,67,5,2010,7,40.0494,-75.1425,1314.0,6,0,0,0,0,0,0,0,0,,0,0,0,13.0,1,1,0,,0,40 02:57.937,,0,75 08:32.909,3,0,0,1,67301,0,0,0,N,0,0,0,2,67301,0,,1,1,,N,N,,0,,1,0,1,0,0,,1310.0,1,2,0,0,0,0,0,3,4,0,2,3,,N,,,,,,,,,,,
2010044809,1743.0,2,0,0,0,0,0,0,0,0,4,0,,67,4,2010,2,40.055,-75.0848,1740.0,6,0,0,0,0,0,1,0,0,,0,0,0,17.0,1,3,1,,0,40 03:17.866,,0,75 05:05.373,3,0,0,0,67301,0,0,0,N,0,0,0,3,67301,1,,1,1,,N,N,,0,,2,0,0,3,3,,1740.0,3,2,0,0,0,0,0,3,4,0,2,3,,N,,,,,,,,,,,
2010044820,53.0,2,0,0,0,0,0,0,0,0,1,0,,67,4,2010,6,39.9643,-75.1611,48.0,6,0,0,0,0,0,1,0,0,,0,0,0,20.0,3,1,0,,0,39 57:51.329,,0,75 09:39.827,8,0,0,0,67301,0,0,0,N,0,0,0,2,67301,0,,1,1,,N,N,,0,,0,0,0,0,0,,2005.0,1,2,0,0,0,1,0,3,4,0,2,3,,N,,,,,,,,,,,
2010032794,2235.0,1,0,0,0,0,0,0,0,0,2,0,,67,3,2010,4,40.006,-75.0932,2235.0,6,0,0,0,0,0,1,0,0,1.0,0,0,0,99.0,3,1,0,,1,40 00:21.454,6.0,0,75 05:35.629,4,0,0,0,67301,0,0,0,,0,0,0,2,67301,1,,1,1,,,,,1,,0,0,0,0,0,N,9999.0,1,2,0,0,0,0,0,3,4,0,2,3,,N,,,,,,,,,,,
2010105028,1024.0,3,0,0,0,0,0,0,0,0,4,0,,67,9,2010,7,39.9706,-75.163,1022.0,6,0,0,0,0,0,1,0,0,,0,0,0,10.0,1,2,1,,0,39 58:14.246,,0,75 09:46.727,4,0,0,0,67301,0,0,0,N,0,0,0,2,67301,1,,1,1,,N,N,,0,,0,0,0,3,2,,1020.0,2,3,0,0,0,1,0,3,4,0,3,3,,N,,,,,,,,,,,
2010052454,102.0,0,0,0,1,0,0,0,0,0,5,0,,67,5,2010,3,40.044,-75.0352,1.0,6,0,0,0,0,0,0,0,0,,0,0,0,23.0,3,1,0,,0,40 02:38.400,,0,75 02:06.696,4,0,0,0,67301,1,0,0,N,0,0,0,2,67301,1,,1,1,,N,N,,0,,0,0,1,3,2,,2340.0,1,2,0,0,0,0,0,3,4,0,1,3,,N,,,,,,,,,,,
2010117730,1537.0,2,0,1,0,0,0,0,0,0,4,0,,67,10,2010,1,39.9591,-75.2036,1536.0,6,0,0,0,0,0,2,0,0,,0,0,0,15.0,1,1,1,,0,39 57:32.616,,0,75 12:12.967,2,0,0,0,67301,0,0,0,,0,0,0,4,67301,0,,1,1,,,,,0,,0,1,0,3,3,,1534.0,1,2,0,0,0,0,0,3,4,0,2,3,,N,,,,,,,,,,,
2010117817,1945.0,1,0,0,0,0,0,0,0,0,8,0,,67,10,2010,6,39.9702,-75.2375,1945.0,6,0,0,0,0,0,1,0,0,,0,0,0,19.0,3,1,1,,0,39 58:12.615,,0,75 14:14.927,8,0,0,0,67301,1,0,0,,1,0,0,2,67301,0,,1,1,,,,,0,,0,0,0,3,2,,1943.0,1,2,0,0,0,1,0,3,4,0,1,3,,N,,,,,,,,,,,
2010069764,1309.0,1,0,0,0,0,0,0,0,0,1,0,,67,6,2010,6,40.0444,-75.0726,1305.0,6,0,0,0,0,0,1,0,0,1.0,0,0,0,13.0,1,1,1,,2,40 02:39.682,1.0,0,75 04:21.458,8,0,0,1,67301,0,0,0,N,0,0,0,2,67301,0,,1,1,,N,N,,0,,0,0,0,3,2,Y,1303.0,1,2,0,0,0,1,0,3,4,0,2,3,,N,,,,,,,,,,,
2010069858,808.0,0,0,0,0,0,0,0,0,0,8,0,,67,6,2010,5,40.0333,-75.0291,807.0,6,0,0,0,0,0,1,0,0,,0,0,0,8.0,1,1,0,,0,40 01:59.720,,0,75 01:44.778,4,0,0,0,67301,1,0,0,N,1,0,0,2,67301,1,,1,1,,N,N,,0,,0,0,1,0,0,,806.0,1,2,0,0,0,0,0,3,4,0,1,3,,N,,,,,,,,,,,
2011025756,910.0,3,0,0,0,0,0,0,0,0,5,0,,67,6,2010,4,39.9475,-75.2158,905.0,6,0,0,0,0,0,0,0,0,,0,0,0,7.0,1,1,0,,0,39 56:51.067,,0,75 12:56.921,4,0,0,0,67301,0,0,0,N,0,0,0,1,67301,1,,1,1,,N,N,,0,,0,0,0,0,0,,709.0,1,3,0,0,0,0,0,3,4,0,3,3,,N,,,,,,,,,,,
2011025297,0.0,1,0,0,0,0,0,0,0,0,1,0,,67,12,2010,7,39.9837,-75.1365,0.0,6,0,0,0,0,0,0,0,0,,0,0,0,13.0,1,2,1,,0,39 59:01.460,,0,75 08:11.468,4,0,0,0,67301,0,0,0,N,0,0,0,3,00000,1,,1,1,,N,N,,0,,0,0,0,3,2,,1345.0,2,2,0,0,0,1,1,3,4,0,2,3,,N,,,,,,,,,,,
2011082613,612.0,2,0,0,0,0,0,0,0,0,1,0,,67,9,2010,1,39.9667,-75.2279,610.0,6,0,0,0,0,0,0,0,0,3.0,0,0,0,99.0,3,0,0,,2,39 58:00.091,2.0,0,75 13:40.486,0,0,0,0,67301,0,0,0,,0,0,0,1,67301,0,,6,1,,N,,,0,,0,0,0,0,0,Y,9999.0,0,2,0,0,0,0,0,3,4,0,2,3,,N,,,,,,,,,,,
2011011416,2030.0,2,0,0,0,0,0,0,0,0,1,0,,67,10,2010,3,40.0381,-75.2228,2030.0,6,0,0,0,0,0,0,0,0,,0,0,0,20.0,2,2,1,,0,40 02:16.960,,0,75 13:21.542,3,0,0,0,67301,0,0,0,,0,0,0,3,67301,0,,1,1,,,,,0,,2,0,0,3,2,,2030.0,2,2,0,0,0,0,0,3,4,0,2,3,,N,,,,,,,,,,,
2011024457,0.0,2,0,0,0,0,0,0,0,0,4,0,,67,9,2010,1,40.0166,-75.1472,0.0,6,0,0,0,0,0,1,0,0,,0,0,0,2.0,6,1,1,,0,40 00:59.814,,0,75 08:49.815,8,0,0,0,67301,0,0,0,,0,0,0,2,00000,0,,1,1,,,,,0,,0,0,0,3,2,,230.0,1,2,0,0,0,1,1,3,4,0,2,3,,N,,,,,,,,,,,
2011000945,1216.0,3,0,0,0,0,0,0,0,0,5,0,,67,11,2010,7,40.0269,-75.0414,1215.0,6,0,0,0,0,0,0,0,0,2.0,0,0,0,12.0,1,1,0,,2,40 01:36.759,7.0,0,75 02:29.164,4,0,0,0,67301,0,0,0,N,0,0,0,1,67301,1,,1,1,,N,N,,0,,0,0,1,0,0,Y,1215.0,1,4,0,0,0,0,0,3,4,0,4,3,,N,,,,,,,,,,,
2011008500,303.0,3,0,0,0,0,0,0,0,0,4,0,,67,12,2010,5,40.016,-75.0675,302.0,6,0,0,0,0,0,0,0,0,,0,0,0,2.0,3,0,0,,0,40 00:57.222,,0,75 04:03.097,0,0,0,0,67301,0,0,0,,0,0,0,1,67301,0,,2,1,,,,,0,,0,0,0,0,0,,230.0,0,3,0,0,0,0,0,3,4,0,3,3,,N,,,,,,,,,,,
2010118403,2350.0,1,0,0,0,0,0,0,0,0,4,0,,67,6,2010,1,40.0487,-75.0025,2341.0,6,0,0,0,0,0,0,0,0,,0,0,0,23.0,3,1,2,,0,40 02:55.483,,2,75 00:08.815,8,0,0,1,67301,0,0,0,N,0,0,0,2,67301,0,,1,1,,N,N,,0,,0,0,0,0,0,,2330.0,1,2,0,0,0,1,0,3,4,0,2,3,,N,,,,,,,,,,,
2010118409,842.0,1,0,0,0,0,0,0,0,0,8,0,,67,10,2010,4,39.9606,-75.1406,838.0,6,0,0,0,0,0,0,0,0,,0,0,0,8.0,1,1,1,,0,39 57:38.067,,0,75 08:25.515,4,0,0,0,67301,1,0,0,N,1,0,0,2,67301,1,,1,9,,N,N,,0,,0,0,0,3,2,,838.0,1,2,0,0,0,0,0,3,4,0,1,7,,N,,,,,,,,,,,
2010118425,734.0,2,0,0,0,0,0,0,0,0,4,0,,67,10,2010,3,40.0101,-75.1857,728.0,6,0,0,0,0,0,2,0,0,1.0,0,0,0,7.0,1,1,0,,2,40 00:36.396,3.0,0,75 11:08.418,3,0,0,0,67301,0,0,0,N,0,0,0,2,67301,0,,2,9,,N,N,,0,,1,0,0,0,0,N,722.0,1,3,0,0,0,0,0,3,4,1,3,7,,N,,,,,,,,,,,
2010052457,1055.0,1,0,0,0,0,0,0,0,0,4,0,,67,4,2010,4,39.9573,-75.1522,1053.0,6,0,0,0,0,0,0,0,0,,0,0,0,10.0,1,2,1,,0,39 57:26.406,,2,75 09:08.016,4,0,0,0,67301,0,0,0,N,0,0,0,2,67301,2,,1,1,,N,N,,1,,0,0,0,3,2,,1053.0,2,2,0,0,0,0,0,3,4,0,2,3,,N,,,,,,,,,,,
2010117722,1710.0,1,0,0,0,0,0,0,0,0,4,0,,67,11,2010,6,39.9612,-75.2134,1708.0,6,0,0,0,0,0,1,0,0,,0,0,0,17.0,1,0,10,,0,39 57:40.154,,0,75 12:48.290,9,0,0,0,67301,0,0,0,N,0,0,0,2,67301,0,,1,1,,N,N,,0,,0,0,1,3,3,,1706.0,0,2,0,0,0,0,2,3,4,0,2,3,,N,,,,,,,,,,,
2010117810,1008.0,1,0,0,0,0,0,0,0,0,4,0,,67,10,2010,6,40.0428,-75.0766,1000.0,6,0,0,0,0,0,1,0,0,,0,0,0,9.0,1,0,1,,0,40 02:34.044,,0,75 04:35.630,0,0,0,0,67301,0,0,0,N,0,0,0,3,67301,0,,1,1,,N,N,,0,,0,0,0,3,3,,950.0,0,2,0,0,0,0,0,3,4,1,2,3,,N,,,,,,,,,,,
2010117822,35.0,2,0,0,0,0,0,0,0,0,4,0,,67,9,2010,1,40.0299,-75.103,31.0,6,0,0,0,0,0,1,0,0,3.0,0,0,0,0.0,3,0,1,,2,40 01:47.679,2.0,0,75 06:11.073,0,0,0,0,67301,0,0,0,N,0,0,0,2,67301,0,,1,1,,N,N,,0,,0,0,0,3,2,Y,31.0,0,2,0,0,0,0,0,3,4,0,2,3,,N,,,,,,,,,,,
2011008403,745.0,0,0,0,0,0,0,1,0,0,1,1,,67,12,2010,4,39.9488,-75.1694,735.0,6,0,0,0,0,0,0,0,0,,0,0,0,7.0,1,1,1,,0,39 56:55.712,,0,75 10:09.688,4,0,0,0,67301,0,0,0,N,0,0,0,2,67301,1,,1,1,,N,N,,0,,0,0,1,3,2,,735.0,1,2,0,0,0,0,0,3,4,0,2,3,,N,,,,,,,,,,,
2011008411,1017.0,1,0,0,0,0,0,0,0,0,4,0,,67,12,2010,5,39.9872,-75.0949,1009.0,6,0,0,0,0,0,1,0,0,,0,0,0,10.0,1,2,1,,0,39 59:14.035,,0,75 05:41.596,4,0,0,0,67301,0,0,0,N,0,0,0,2,67301,2,,1,1,,N,N,,1,,0,0,0,3,3,,1009.0,2,2,0,0,0,0,0,3,4,0,2,3,,N,,,,,,,,,,,
2010074608,1056.0,1,0,0,0,0,0,0,0,0,7,0,,67,7,2010,6,39.9205,-75.1755,1045.0,6,0,0,0,0,0,0,0,1,,0,0,0,10.0,1,0,0,,0,39 55:13.882,,99,75 10:31.926,0,0,0,0,67301,0,0,0,N,0,0,0,1,67301,0,,9,1,,N,N,,0,,0,0,0,0,0,,1035.0,0,1,0,0,0,0,0,3,4,0,1,3,,N,,,,,,,,,,,
2010074624,1943.0,1,0,0,1,0,0,0,0,0,4,0,,67,7,2010,1,40.0004,-75.1682,1943.0,6,0,0,0,0,0,0,0,1,,0,0,0,19.0,1,1,1,,0,40 00:01.418,,0,75 10:05.509,3,0,0,0,67301,1,0,0,N,0,0,0,2,67301,0,,1,1,,N,N,,0,,1,0,0,3,2,,1943.0,1,2,0,0,0,0,0,3,4,0,1,3,,N,,,,,,,,,,,
2010074657,1542.0,2,0,0,0,0,0,0,0,0,4,0,,67,7,2010,3,40.0432,-75.045,1537.0,6,0,0,0,0,0,1,0,0,1.0,0,0,0,15.0,1,2,2,,1,40 02:35.350,3.0,0,75 02:41.899,4,0,0,0,67301,0,0,0,N,0,0,0,4,67301,2,,1,1,,N,N,,0,,0,0,0,3,2,N,1530.0,2,2,0,0,0,0,0,3,4,0,2,3,,N,,,,,,,,,,,
2010028142,1910.0,1,0,0,0,0,0,0,0,0,8,0,,67,1,2010,4,39.9577,-75.2405,1910.0,6,0,0,0,0,0,0,0,0,,0,0,0,13.0,1,1,0,,0,39 57:27.543,,0,75 14:25.908,4,0,0,0,67301,1,0,0,N,1,0,0,2,67301,1,,1,1,,N,N,,0,,0,0,0,0,0,,1350.0,1,2,0,0,0,0,0,3,4,0,1,3,,N,,,,,,,,,,,
2010028257,1340.0,3,0,0,0,0,0,0,0,0,1,0,,67,2,2010,4,40.0892,-75.021,1325.0,6,0,0,0,0,0,1,0,1,1.0,0,0,0,13.0,1,2,1,,2,40 05:21.079,2.0,0,75 01:15.622,8,0,0,0,67301,0,0,0,N,0,0,0,4,67301,0,,1,1,,N,N,,0,,0,0,1,3,2,N,1315.0,2,4,0,0,0,2,0,3,4,0,4,3,,N,,,,,,,,,,,
2010028325,1014.0,0,0,0,0,0,0,0,0,0,8,0,,67,2,2010,3,40.0613,-75.1721,1008.0,6,0,0,0,0,0,0,0,0,,0,0,0,10.0,1,1,1,,0,40 03:40.629,,0,75 10:19.427,4,0,0,0,67301,1,0,0,N,1,0,0,2,67301,1,,1,7,,N,N,,0,,0,0,0,3,3,,1000.0,1,2,0,0,0,0,1,3,4,1,1,10,,N,,,,,,,,,,,
2010020835,1307.0,2,0,0,0,0,0,0,0,0,4,0,,67,2,2010,3,40.0406,-75.0056,1304.0,6,0,0,0,0,0,0,0,0,,0,0,0,12.0,1,1,0,,0,40 02:26.405,,0,75 00:19.997,4,0,0,0,67301,0,0,0,N,0,0,0,2,68K01,1,,1,1,,N,N,,0,,0,0,0,0,0,,1235.0,1,2,0,0,0,0,0,3,4,0,2,3,,N,,,,,,,,,,,
2010028582,245.0,0,0,0,0,0,0,0,0,0,8,0,,67,2,2010,6,40.0107,-75.1508,240.0,6,0,0,0,0,0,0,0,0,,0,0,0,2.0,3,1,1,,0,40 00:38.544,,0,75 09:02.934,4,0,0,0,67301,1,0,0,,1,0,0,2,67301,1,,4,7,,,,,0,,0,0,0,3,2,,245.0,1,2,0,0,0,0,0,3,4,0,1,10,,N,,,,,,,,,,,
2010015572,2337.0,0,0,0,0,0,0,0,0,0,7,0,,67,1,2010,7,39.9972,-75.0821,2335.0,6,0,0,0,0,0,0,0,0,,0,0,0,23.0,3,2,0,,0,39 59:49.707,,0,75 04:55.848,3,0,0,0,67301,0,0,0,N,0,0,0,2,68K01,0,,4,9,,N,N,,0,,2,0,0,0,0,,2331.0,2,1,0,0,1,0,0,3,4,1,1,10,,N,,,,,,,,,,,
2010088964,2018.0,2,0,0,0,0,0,0,0,0,1,0,,67,8,2010,1,39.956,-75.2176,2044.0,6,0,0,0,0,0,1,0,0,,0,0,0,19.0,3,1,1,,0,39 57:21.549,,0,75 13:03.370,2,0,0,0,67301,0,0,0,N,0,0,0,3,67301,0,,1,9,,N,N,,0,,0,1,0,3,2,,1925.0,1,2,0,0,0,0,0,3,4,0,2,7,,N,,,,,,,,,,,
2010088970,653.0,1,0,0,0,0,0,0,0,0,1,0,,67,8,2010,4,39.9556,-75.1646,650.0,6,0,0,0,0,1,0,0,0,,0,0,0,6.0,1,1,2,,0,39 57:19.957,,0,75 09:52.705,8,0,0,0,67301,0,0,0,N,0,0,0,2,67301,0,,1,1,,N,N,,1,,0,0,0,3,2,,645.0,1,2,0,0,0,1,0,3,4,0,2,3,,N,,,,,,,,,,,
2010110759,130.0,1,0,0,0,0,0,0,0,0,5,0,,67,10,2010,2,39.9943,-75.1112,125.0,6,0,0,0,0,0,0,0,0,,0,0,0,1.0,3,0,0,,0,39 59:39.526,,0,75 06:40.147,0,0,0,0,67301,0,0,0,,0,0,0,1,67301,0,,2,1,,N,N,,1,,0,0,1,0,0,,115.0,0,3,0,0,0,0,0,3,4,0,3,3,,N,,,,,,,,,,,