CRN,ARRIVAL_TM,AUTOMOBILE_COUNT,BELTED_DEATH_COUNT,BELTED_SUSP_SERIOUS_INJ_COUNT,BICYCLE_COUNT,BICYCLE_DEATH_COUNT,BICYCLE_SUSP_SERIOUS_INJ_COUNT,BUS_COUNT,CHLDPAS_DEATH_COUNT,CHLDPAS_SUSP_SERIOUS_INJ_COUNT,COLLISION_TYPE,COMM_VEH_COUNT,CONS_ZONE_SPD_LIM,COUNTY,CRASH_MONTH,CRASH_YEAR,DAY_OF_WEEK,DEC_LAT,DEC_LONG,DISPATCH_TM,DISTRICT,DRIVER_COUNT_16YR,DRIVER_COUNT_17YR,DRIVER_COUNT_18YR,DRIVER_COUNT_19YR,DRIVER_COUNT_20YR,DRIVER_COUNT_50_64YR,DRIVER_COUNT_65_74YR,DRIVER_COUNT_75PLUS,EST_HRS_CLOSED,FATAL_COUNT,HEAVY_TRUCK_COUNT,HORSE_BUGGY_COUNT,HOUR_OF_DAY,ILLUMINATION,INJURY_COUNT,INTERSECT_TYPE,INTERSECTION_RELATED,LANE_CLOSED,LATITUDE,LN_CLOSE_DIR,LOCATION_TYPE,LONGITUDE,MAX_SEVERITY_LEVEL,MCYCLE_DEATH_COUNT,MCYCLE_SUSP_SERIOUS_INJ_COUNT,MOTORCYCLE_COUNT,MUNICIPALITY,NONMOTR_COUNT,NONMOTR_DEATH_COUNT,NONMOTR_SUSP_SERIOUS_INJ_COUNT,NTFY_HIWY_MAINT,PED_COUNT,PED_DEATH_COUNT,PED_SUSP_SERIOUS_INJ_COUNT,PERSON_COUNT,POLICE_AGCY,POSSIBLE_INJ_COUNT,RDWY_SURF_TYPE_CD,RELATION_TO_ROAD,ROAD_CONDITION,ROADWAY_CLEARED,SCH_BUS_IND,SCH_ZONE_IND,SECONDARY_CRASH,SMALL_TRUCK_COUNT,SPEC_JURIS_CD,SUSP_MINOR_INJ_COUNT,SUSP_SERIOUS_INJ_COUNT,SUV_COUNT,TCD_FUNC_CD,TCD_TYPE,TFC_DETOUR_IND,TIME_OF_DAY,TOT_INJ_COUNT,TOTAL_UNITS,UNB_DEATH_COUNT,UNB_SUSP_SERIOUS_INJ_COUNT,UNBELTED_OCC_COUNT,UNK_INJ_DEG_COUNT,UNK_INJ_PER_COUNT,URBAN_AREA,URBAN_RURAL,VAN_COUNT,VEHICLE_COUNT,WEATHER1,WEATHER2,WORK_ZONE_IND,WORK_ZONE_LOC,WORK_ZONE_TYPE,WORKERS_PRES,WZ_CLOSE_DETOUR,WZ_FLAGGER,WZ_LAW_OFFCR_IND,WZ_LN_CLOSURE,WZ_MOVING,WZ_OTHER,WZ_SHLDER_MDN,WZ_WORKERS_INJ_KILLED
2010110767,1730.0,1,0,0,0,0,0,0,0,0,4,0,,67,10,2010,6,40.0414,-75.124,1727.0,6,0,0,0,0,1,0,0,0,,0,0,0,17.0,1,2,1,,0,40 02:29.094,,0,75 07:26.565,4,0,0,0,67301,0,0,0,N,0,0,0,4,67301,2,,1,1,,N,N,,1,,0,0,0,3,3,,1715.0,2,2,0,0,0,0,0,3,4,0,2,3,,N,,,,,,,,,,,
2011010615,24.0,3,0,0,0,0,0,0,0,0,4,0,,67,12,2010,6,40.0328,-75.0518,22.0,6,0,0,0,0,0,0,0,0,2.0,0,0,0,0.0,3,1,0,,2,40 01:58.051,6.0,0,75 03:06.400,4,0,0,0,67301,0,0,0,N,0,0,0,1,67301,1,,1,1,,N,N,,0,,0,0,1,3,2,Y,22.0,1,4,0,0,0,0,0,3,4,0,4,3,,N,,,,,,,,,,,
2011008234,828.0,1,0,0,0,0,0,0,0,0,8,0,,67,12,2010,6,39.9754,-75.1547,826.0,6,0,0,0,0,0,0,0,0,,0,0,0,8.0,1,2,1,,0,39 58:31.324,,0,75 09:17.085,4,0,0,0,67301,1,0,0,,1,0,0,2,67301,2,,1,9,,N,N,,0,,0,0,0,3,3,,810.0,2,2,0,0,0,0,0,3,4,0,1,3,,N,,,,,,,,,,,
2011009813,1330.0,1,0,0,0,0,0,0,0,0,1,0,,67,12,2010,5,40.0845,-74.9737,1320.0,6,0,0,0,0,0,0,0,1,,0,0,0,13.0,1,3,1,,0,40 05:04.180,,0,74 58:25.617,3,0,0,0,67301,0,0,0,,0,0,0,4,67301,2,,1,1,,,,,0,,1,0,1,3,2,,1320.0,3,2,0,0,0,0,0,3,4,0,2,3,,N,,,,,,,,,,,
2011022595,0.0,2,0,0,0,0,0,0,0,0,1,0,,67,6,2010,6,40.0238,-75.1599,0.0,6,0,0,0,0,0,2,0,0,,0,0,0,17.0,1,3,0,,0,40 01:25.620,,0,75 09:35.550,3,0,0,0,67301,0,0,0,,0,0,0,6,00000,0,,1,1,,,,,1,,3,0,0,0,0,,1750.0,3,3,0,0,0,0,3,3,4,0,3,3,,N,,,,,,,,,,,
2011000559,1005.0,1,0,0,0,0,0,0,0,0,1,0,,67,12,2010,4,40.0079,-75.2023,1005.0,6,0,0,0,0,0,0,1,1,,0,1,0,10.0,1,0,0,,0,40 00:28.119,,0,75 12:07.089,0,0,0,0,67301,0,0,0,N,0,0,0,3,68K01,0,,1,1,,N,N,,0,,0,0,0,0,0,,1004.0,0,2,0,0,0,0,0,3,4,0,2,3,,N,,,,,,,,,,,
2011022527,0.0,1,0,0,0,0,0,0,0,0,1,0,,67,3,2010,5,39.9991,-75.2309,0.0,6,0,0,0,0,0,1,0,0,,0,0,0,1.0,6,1,1,,0,39 59:56.871,,0,75 13:51.236,3,0,0,0,67301,0,0,0,N,0,0,0,2,00000,0,,1,1,,N,N,,0,,1,0,1,3,2,,150.0,1,2,0,0,0,0,1,3,4,0,2,3,,N,,,,,,,,,,,
2011026313,1008.0,2,0,0,0,0,0,0,0,0,6,0,,67,5,2010,7,39.9057,-75.1939,1005.0,6,0,0,0,0,0,1,1,0,,0,0,0,10.0,1,1,1,,0,39 54:20.429,,0,75 11:37.829,4,0,0,0,67301,0,0,0,,0,0,0,4,67301,1,,1,1,,N,N,,0,,0,0,0,3,2,,1000.0,1,2,0,0,0,0,0,3,4,0,2,3,,N,,,,,,,,,,,
2011026353,1553.0,4,0,0,0,0,0,0,0,0,1,0,,67,5,2010,5,40.0465,-75.1363,1550.0,6,0,0,1,0,0,0,0,0,,0,0,0,15.0,1,2,1,,0,40 02:47.418,,0,75 08:10.792,8,0,0,0,67301,0,0,0,N,0,0,0,5,67301,0,,1,1,,N,N,,1,,0,0,0,3,2,,1548.0,2,5,0,0,2,2,0,3,4,0,5,3,,N,,,,,,,,,,,
2011026370,0.0,1,0,0,0,0,0,0,0,0,1,0,,67,6,2010,6,39.9043,-75.2396,0.0,6,0,0,0,0,0,1,0,0,,0,0,0,12.0,1,2,0,,0,39 54:15.330,,0,75 14:22.430,3,0,0,0,67301,0,0,0,,0,0,0,3,00000,0,,1,1,,,,,0,,1,0,0,0,0,,1245.0,2,2,0,0,0,1,1,3,4,0,2,99,,N,,,,,,,,,,,
2011024418,0.0,1,0,0,0,0,0,0,0,0,7,0,40.0,67,6,2010,2,39.8878,-75.2037,0.0,6,0,0,0,0,1,0,0,0,9.0,0,0,0,8.0,1,0,0,,1,39 53:49.681,1.0,0,75 11:19.074,0,0,0,0,67301,0,0,0,,0,0,0,1,00000,0,,1,1,,,,,0,,0,0,0,0,0,N,840.0,0,1,0,0,0,0,0,3,4,0,1,3,,Y,4.0,1.0,Y,,,U,,,Y,,
2011024420,0.0,1,0,0,0,0,0,0,0,0,1,0,,67,9,2010,4,40.0254,-75.1231,0.0,6,0,0,0,0,0,1,0,0,,0,0,0,7.0,1,4,0,,0,40 01:31.535,,0,75 07:22.139,3,0,0,0,67301,0,0,0,,0,0,0,5,00000,0,,1,1,,,,,0,,3,0,1,0,0,,745.0,4,2,0,0,0,1,1,3,4,0,2,3,,N,,,,,,,,,,,
2011029042,515.0,1,0,0,0,0,0,0,0,0,1,0,,67,5,2010,4,40.054,-75.0489,510.0,6,0,0,0,1,0,0,0,0,,0,0,0,5.0,3,2,1,,0,40 03:14.351,,0,75 02:56.006,8,0,0,0,67301,0,0,0,,0,0,0,3,67301,0,,1,1,,,,,0,,0,0,0,3,2,,507.0,2,2,0,0,0,2,0,3,4,1,2,3,,N,,,,,,,,,,,
2011000826,852.0,0,0,0,0,0,0,0,0,0,7,0,,67,11,2010,3,39.9802,-75.1693,851.0,6,0,0,0,0,0,0,0,0,,0,0,0,8.0,1,2,1,,0,39 58:48.569,,0,75 10:09.486,8,0,0,0,67301,2,0,0,N,2,0,0,3,67301,0,,5,1,,N,N,,0,,0,0,0,3,2,,842.0,2,3,0,0,0,2,1,3,4,1,1,3,,N,,,,,,,,,,,
2011033764,147.0,2,0,0,0,0,0,0,0,0,1,0,,67,4,2010,7,40.0607,-75.1632,144.0,6,0,0,0,0,0,0,0,0,,0,0,0,1.0,3,0,0,,0,40 03:38.498,,0,75 09:47.574,0,0,0,0,67301,0,0,0,N,0,0,0,1,67301,0,,6,9,,N,N,,1,,0,0,1,0,0,,144.0,0,5,0,0,1,0,0,3,4,1,5,7,,N,,,,,,,,,,,
2011028190,1855.0,2,0,0,0,0,0,0,0,0,4,0,,67,5,2010,3,40.0742,-75.0347,1851.0,6,0,0,0,0,0,1,0,0,2.0,0,0,0,18.0,1,2,1,,2,40 04:27.147,1.0,0,75 02:05.032,8,0,0,0,67301,0,0,0,N,0,0,0,4,67301,0,,1,9,,N,N,,0,,0,0,1,3,2,N,1848.0,2,3,0,0,0,2,0,3,4,0,3,3,,N,,,,,,,,,,,
2011025861,0.0,1,0,0,0,0,0,0,0,0,1,0,,67,10,2010,6,40.0327,-75.0722,0.0,6,0,0,0,0,0,0,0,0,,0,0,0,7.0,1,1,1,,0,40 01:57.808,,0,75 04:19.924,4,0,0,0,67301,0,0,0,N,0,0,0,3,00000,1,,1,9,,N,N,,0,,0,0,0,3,2,,700.0,1,2,0,0,0,0,0,3,4,0,2,7,,N,,,,,,,,,,,
2011025323,0.0,2,0,0,0,0,0,0,0,0,1,0,,67,11,2010,4,,,0.0,6,0,0,0,0,0,0,1,0,,0,0,0,13.0,1,1,0,,0,,,0,,3,0,0,0,67301,0,0,0,,0,0,0,2,00000,0,,1,1,,,,,0,,1,0,0,0,0,,1350.0,1,2,0,0,0,0,0,3,3,0,2,3,,N,,,,,,,,,,,
2011001079,1526.0,0,0,0,0,0,0,0,0,0,8,0,,67,12,2010,6,40.0494,-75.0783,1521.0,6,0,0,0,0,0,1,0,0,3.0,0,0,0,15.0,1,2,0,,1,40 02:57.944,3.0,0,75 04:41.966,3,0,0,0,67301,2,0,0,N,2,0,0,3,67301,0,,1,1,,N,Y,,0,,2,0,1,0,0,Y,1514.0,2,3,0,0,0,0,0,3,4,0,1,3,,N,,,,,,,,,,,
2011008872,857.0,1,0,0,0,0,0,0,0,0,4,0,,67,12,2010,1,39.9583,-75.152,856.0,6,0,0,0,0,0,0,1,0,,0,0,0,8.0,1,1,1,,0,39 57:30.009,,0,75 09:07.358,3,0,0,0,67301,0,0,0,,0,0,0,2,67301,0,,1,1,,,,,0,,1,0,1,3,2,,855.0,1,2,0,0,0,0,0,3,4,0,2,3,,N,,,,,,,,,,,
2011008477,2105.0,1,0,0,0,0,0,0,0,0,8,0,,67,10,2010,4,40.0216,-75.1484,2048.0,6,0,0,0,0,0,0,0,0,,0,0,0,20.0,3,1,0,,0,40 01:17.533,,0,75 08:54.444,3,0,0,0,67301,1,0,0,,1,0,0,2,67301,0,,1,1,,,N,,0,,1,0,0,0,0,,2047.0,1,2,0,0,0,0,0,3,4,0,1,3,,N,,,,,,,,,,,
2011024963,0.0,1,0,0,0,0,0,0,0,0,4,0,,67,11,2010,3,40.0432,-75.0523,0.0,6,0,0,0,0,0,0,0,0,,0,0,0,22.0,6,0,1,,0,40 02:35.649,,0,75 03:08.136,0,0,0,0,67301,0,0,0,N,0,0,0,2,00000,0,,1,1,,N,N,,0,,0,0,0,3,2,,2215.0,0,2,0,0,0,0,0,3,4,1,2,3,,N,,,,,,,,,,,
2010081779,2000.0,0,0,0,0,0,0,0,0,0,8,0,,67,7,2010,2,40.0337,-75.176,1840.0,6,0,0,0,0,0,0,0,0,,0,0,0,18.0,1,1,1,,0,40 02:01.392,,0,75 10:33.488,8,0,0,0,67301,1,0,0,N,1,0,0,2,67301,0,,1,1,,N,N,,0,,0,0,0,3,2,,1830.0,1,2,0,0,0,1,1,3,4,1,1,99,,N,,,,,,,,,,,
2010061982,1818.0,2,0,0,0,0,0,0,0,0,4,0,,67,4,2010,2,39.9175,-75.2133,1816.0,6,0,1,0,0,0,0,0,0,2.0,0,0,0,17.0,1,2,0,,1,39 55:03.549,4.0,0,75 12:44.346,8,0,0,0,67301,0,0,0,N,0,0,0,4,67301,0,,1,1,,N,N,,0,,0,0,0,0,0,N,1700.0,2,2,0,0,0,2,0,3,4,0,2,3,,N,,,,,,,,,,,
2010052483,959.0,0,0,0,0,0,0,1,0,0,1,1,,67,5,2010,6,40.0253,-75.0444,949.0,6,0,0,0,0,0,1,0,0,3.0,0,0,0,9.0,1,9,0,,2,40 01:31.150,5.0,0,75 02:40.017,4,0,0,0,67301,0,0,0,N,0,0,0,10,67301,5,,1,1,,N,N,,0,,0,0,0,3,2,Y,945.0,9,2,0,0,0,4,0,3,4,1,2,3,,N,,,,,,,,,,,
2010048905,835.0,1,0,0,0,0,0,1,0,0,1,1,,67,5,2010,2,40.039,-75.15,828.0,6,0,0,0,0,0,0,0,0,,0,0,0,8.0,1,2,1,,0,40 02:20.299,,0,75 09:00.122,4,0,0,0,67301,0,0,0,N,0,0,0,5,67301,2,,1,6,,Y,Y,,1,,0,0,0,3,2,,815.0,2,3,0,0,0,0,2,3,4,0,3,7,,N,,,,,,,,,,,
2010118397,2102.0,1,0,1,0,0,0,0,0,0,1,0,,67,10,2010,4,39.9577,-75.1624,2039.0,6,0,0,0,0,0,0,0,0,,0,0,0,20.0,3,1,1,,0,39 57:27.542,,0,75 09:44.544,2,0,0,0,67301,0,0,0,N,0,0,0,3,67301,0,,1,1,,N,N,,0,,0,1,0,3,2,,2030.0,1,2,0,0,0,0,0,3,4,1,2,3,,N,,,,,,,,,,,
2010105019,1605.0,1,0,0,0,0,0,0,0,0,1,0,,67,9,2010,5,39.9604,-75.2286,1600.0,6,0,0,0,0,0,1,0,0,,0,0,0,15.0,1,1,1,,0,39 57:37.457,,0,75 13:43.173,4,0,0,0,67301,0,0,0,,0,0,0,2,67301,1,,1,1,,N,N,,1,,0,0,0,3,2,,1530.0,1,2,0,0,0,0,0,3,4,0,2,3,,N,,,,,,,,,,,
2010028560,2145.0,2,0,0,0,0,0,0,0,0,4,0,,67,1,2010,6,40.0565,-75.0464,2132.0,6,0,0,1,0,0,1,0,0,1.0,0,0,0,21.0,3,0,1,,1,40 03:23.345,1.0,0,75 02:47.046,0,0,0,0,67301,0,0,0,N,0,0,0,3,67301,0,,1,1,,N,N,,0,,0,0,0,3,2,N,2120.0,0,2,0,0,0,0,0,3,4,0,2,3,,N,,,,,,,,,,,
2010028581,29.0,0,0,0,0,0,0,0,0,0,8,0,,67,2,2010,5,39.9299,-75.1836,27.0,6,0,0,0,0,0,0,0,0,,0,0,0,0.0,3,1,1,,0,39 55:47.773,,0,75 11:00.985,4,0,0,0,67301,1,0,0,N,1,0,0,2,67301,1,,1,7,,N,N,,1,,0,0,0,3,3,,2.0,1,2,0,0,0,0,1,3,4,0,1,10,,N,,,,,,,,,,,
2010088992,1845.0,2,0,0,0,0,0,0,0,0,1,0,,67,8,2010,7,40.0271,-75.0986,1833.0,6,0,0,0,0,0,0,1,0,1.0,0,0,0,18.0,1,1,0,,1,40 01:37.847,1.0,0,75 05:55.842,4,0,0,0,67301,0,0,0,,0,0,0,4,67301,1,,1,1,,,,,0,,0,0,0,3,2,N,1820.0,1,2,0,0,0,0,0,3,4,0,2,3,,N,,,,,,,,,,,
2011022620,0.0,1,0,0,0,0,0,0,0,0,1,0,,67,4,2010,7,39.991,-75.1799,0.0,6,0,0,0,0,0,1,0,0,,0,0,0,15.0,1,1,1,,0,39 59:27.441,,0,75 10:47.643,3,0,0,0,67301,0,0,0,N,0,0,0,2,00000,0,,1,1,,N,N,,0,,1,0,0,3,2,,1550.0,1,2,0,0,0,0,1,3,4,0,2,3,,N,,,,,,,,,,,
2011022630,0.0,2,0,0,0,0,0,0,0,0,1,0,,67,4,2010,6,40.0083,-75.0843,0.0,6,0,0,0,0,0,0,1,0,,0,0,0,4.0,3,1,2,,0,40 00:29.377,,0,75 05:04.526,8,0,0,0,67301,0,0,0,N,0,0,0,3,00000,0,,1,1,,N,N,,0,,0,0,0,3,2,,410.0,1,3,0,0,0,1,2,3,4,1,3,3,,N,,,,,,,,,,,
2011022439,0.0,2,0,0,0,0,0,0,0,0,2,0,,67,6,2010,5,39.9933,-75.1864,0.0,6,0,0,0,0,1,0,0,0,,0,0,0,17.0,1,0,3,,0,39 59:36.143,,0,75 11:11.471,0,0,0,0,67301,0,0,0,,0,0,0,2,00000,0,,1,1,,,,,0,,0,0,0,3,3,,1720.0,0,2,0,0,0,0,0,3,4,0,2,3,,N,,,,,,,,,,,
2011010038,835.0,2,0,0,0,0,0,0,0,0,1,0,,67,12,2010,3,40.046,-75.1317,825.0,6,0,0,0,0,0,0,0,0,1.0,0,0,0,99.0,1,3,0,,2,40 02:45.564,3.0,0,75 07:54.059,8,0,0,0,67301,0,0,0,,0,0,0,8,67301,0,,1,2,,N,,,0,,0,0,0,0,0,Y,9999.0,3,3,0,0,0,3,0,3,4,1,3,98,,N,,,,,,,,,,,
2011026352,1255.0,3,0,0,0,0,0,0,0,0,4,0,,67,5,2010,2,39.9565,-75.1726,1253.0,6,0,0,0,0,1,0,0,0,1.0,0,0,0,12.0,1,1,1,,2,39 57:23.497,2.0,0,75 10:21.241,4,0,0,0,67301,0,0,0,N,0,0,0,6,67301,1,,1,1,,N,N,,0,,0,0,0,3,2,N,1252.0,1,3,0,0,6,0,2,3,4,0,3,3,,N,,,,,,,,,,,
2011026209,9999.0,2,0,0,0,0,0,0,0,0,4,0,,67,5,2010,6,39.9763,-75.1831,9999.0,6,0,0,0,0,0,0,0,0,,0,0,0,99.0,1,1,2,,0,39 58:34.699,,0,75 10:59.119,4,0,0,0,67301,0,0,0,N,0,0,0,3,67301,1,,1,1,,N,N,,0,,0,0,0,3,2,,9999.0,1,2,0,0,0,0,0,3,4,0,2,3,,N,,,,,,,,,,,
2011026251,848.0,3,0,0,0,0,0,0,0,0,4,0,,67,6,2010,4,40.0005,-75.1196,848.0,6,0,0,0,0,0,0,0,0,,0,0,0,8.0,1,3,1,,0,40 00:01.684,,0,75 07:10.714,4,0,0,0,67301,1,0,0,N,0,0,0,7,67301,3,,1,1,,N,N,,0,,0,0,0,3,3,,848.0,3,3,0,0,0,0,0,3,4,0,3,3,,N,,,,,,,,,,,
2011075692,1241.0,2,0,0,0,0,0,0,0,0,1,0,,67,6,2010,3,40.085,-75.0379,1240.0,6,0,0,0,0,0,0,0,0,,0,0,0,12.0,1,1,0,,0,40 05:06.153,,0,75 02:16.278,8,0,0,0,67301,0,0,0,N,0,0,0,2,67301,0,,1,1,,N,N,,0,,0,0,0,0,0,,1240.0,1,2,0,0,0,1,0,3,4,0,2,3,,N,,,,,,,,,,,
2011001715,1012.0,2,0,0,0,0,0,0,0,0,4,0,,67,11,2010,1,39.9734,-75.1889,1007.0,6,0,0,0,1,0,1,0,0,2.0,0,0,0,9.0,1,1,3,,2,39 58:24.258,2.0,0,75 11:20.047,4,0,0,0,67301,0,0,0,,0,0,0,2,67301,1,,1,1,,,,,0,,0,0,1,3,3,Y,955.0,1,3,0,0,0,0,0,3,4,0,3,3,,N,,,,,,,,,,,
2011000782,2236.0,2,0,0,0,0,0,0,0,0,5,0,,67,11,2010,1,40.0153,-75.2081,2230.0,6,0,0,0,0,0,0,0,0,,0,0,0,22.0,3,1,3,,0,40 00:55.513,,0,75 12:30.235,4,0,0,0,67301,0,0,0,N,0,0,0,4,67301,1,,1,1,,N,N,,0,,0,0,0,3,2,,2230.0,1,2,0,0,0,0,0,3,4,0,2,3,,N,,,,,,,,,,,
2011008378,955.0,1,0,0,0,0,0,0,0,0,5,0,,67,12,2010,5,39.9564,-75.2399,954.0,6,0,0,0,0,0,0,0,0,,0,0,0,9.0,1,1,0,,0,39 57:23.030,,0,75 14:23.640,4,0,0,0,67301,0,0,0,N,0,0,0,3,67301,1,,6,1,,N,N,,1,,0,0,0,0,0,,950.0,1,2,0,0,1,0,1,3,4,0,2,3,,N,,,,,,,,,,,
2011008440,930.0,2,0,0,0,0,0,0,0,0,4,0,,67,12,2010,6,40.0223,-75.162,927.0,6,0,0,0,0,0,1,0,0,,0,0,0,99.0,1,3,1,,0,40 01:20.289,,0,75 09:43.290,4,0,0,0,67301,0,0,0,N,0,0,0,3,67301,3,,1,1,,N,N,,0,,0,0,0,3,2,,9999.0,3,2,0,0,0,0,0,3,4,0,2,3,,N,,,,,,,,,,,
2011025403,0.0,0,0,0,0,0,0,0,0,0,8,0,,67,10,2010,7,39.9492,-75.166,0.0,6,0,0,0,0,0,0,0,0,,0,0,0,13.0,1,1,0,,0,39 56:56.982,,0,75 09:57.728,4,0,0,0,67301,1,0,0,N,1,0,0,2,00000,1,,1,1,,N,N,,0,,0,0,0,0,0,,1313.0,1,2,0,0,0,0,0,3,4,1,1,3,,N,,,,,,,,,,,
2011025694,1309.0,2,0,0,0,0,0,0,0,0,8,0,,67,5,2010,2,40.0723,-75.1579,1305.0,6,0,0,0,0,0,0,1,0,,0,0,0,13.0,1,2,1,,0,40 04:20.456,,0,75 09:28.385,3,0,0,0,67301,2,0,0,N,2,0,0,4,67301,1,,1,1,,N,N,,0,,1,0,0,3,2,,1303.0,2,4,0,0,0,0,0,3,4,0,2,3,,N,,,,,,,,,,,
2011025748,2036.0,1,0,0,0,0,0,0,0,0,4,0,,67,5,2010,1,39.999,-75.1332,2034.0,6,0,0,0,0,0,1,0,0,,0,0,0,99.0,3,2,2,,0,39 59:56.704,,0,75 07:59.559,4,0,0,0,67301,0,0,0,,0,0,0,3,67301,2,,1,1,,N,N,,1,,0,0,0,3,2,,9999.0,2,2,0,0,0,0,0,3,4,0,2,3,,N,,,,,,,,,,,
2011023435,0.0,1,0,0,0,0,0,0,0,0,2,0,,67,5,2010,7,40.0714,-75.1634,0.0,6,0,0,0,0,0,1,0,0,,0,0,0,22.0,6,1,1,,0,40 04:17.104,,0,75 09:48.067,8,0,0,0,67301,0,0,0,,0,0,0,2,00000,0,,1,1,,,,,0,,0,0,0,3,3,,2230.0,1,2,0,0,0,1,0,3,4,1,2,3,,N,,,,,,,,,,,
2011023469,0.0,1,0,0,0,0,0,0,0,0,1,0,,67,8,2010,1,,,0.0,6,0,0,0,0,0,0,0,0,,0,0,0,20.0,6,4,0,,0,,,0,,8,0,0,0,67301,0,0,0,N,0,0,0,5,00000,0,,1,1,,N,N,,1,,0,0,0,3,2,,2030.0,4,2,0,0,0,4,1,3,3,0,2,3,,N,,,,,,,,,,,
2011027931,945.0,0,0,0,1,0,0,0,0,0,5,1,,67,5,2010,6,39.9314,-75.18,938.0,6,0,0,0,0,0,0,0,0,,0,1,0,8.0,1,1,0,,0,39 55:52.950,,0,75 10:47.830,4,0,0,0,67301,1,0,0,N,0,0,0,2,67301,1,,1,1,,N,N,,0,,0,0,0,0,0,,815.0,1,2,0,0,0,0,1,3,4,0,1,3,,N,,,,,,,,,,,
2011027960,2355.0,3,0,0,0,0,0,0,0,0,1,0,,67,5,2010,6,39.9107,-75.186,2343.0,6,0,0,0,0,0,0,0,0,,0,0,0,23.0,3,0,0,,0,39 54:38.480,,0,75 11:09.420,0,0,0,0,67301,0,0,0,,0,0,0,3,67301,0,,1,9,,,,,0,,0,0,0,0,0,,2330.0,0,3,0,0,0,0,0,3,4,0,3,7,,N,,,,,,,,,,,
2011025830,0.0,1,0,0,0,0,0,0,0,0,1,0,,67,6,2010,4,40.0396,-75.0844,0.0,6,0,0,0,0,0,1,0,0,,0,0,0,20.0,4,3,1,,0,40 02:22.401,,0,75 05:03.893,8,0,0,0,67301,0,0,0,,0,0,0,4,00000,0,,1,1,,,,,0,,0,0,0,0,0,,2030.0,3,2,0,0,0,3,1,3,4,0,2,3,,N,,,,,,,,,,,
2011025328,0.0,1,0,0,0,0,0,0,0,0,1,0,,67,12,2010,7,39.8875,-75.248,0.0,6,0,0,0,0,0,0,0,0,,0,0,0,12.0,1,1,2,,0,39 53:15.134,,0,75 14:52.601,8,0,0,0,67301,0,0,0,N,0,0,0,2,00000,0,,1,1,,N,N,,1,,0,0,0,0,0,,1245.0,1,2,0,0,0,1,1,3,4,0,2,3,,N,,,,,,,,,,,
2011001107,1308.0,1,0,0,0,0,0,0,0,0,8,0,,67,11,2010,3,40.0555,-75.1873,1308.0,6,0,0,0,0,0,1,0,0,1.0,0,0,0,13.0,1,1,2,,1,40 03:19.636,5.0,0,75 11:14.292,3,0,0,0,67301,1,0,0,N,1,0,0,2,67301,0,,1,9,,N,N,,0,,1,0,0,3,3,Y,1300.0,1,2,0,0,0,0,0,3,4,0,1,7,,N,,,,,,,,,,,
2011008493,141.0,2,0,0,0,0,0,0,0,0,1,0,,67,12,2010,5,39.96,-75.2287,138.0,6,0,0,0,0,0,0,0,0,4.0,0,0,0,1.0,3,1,0,,2,39 57:36.060,5.0,0,75 13:43.350,4,0,0,0,67301,0,0,0,N,0,0,0,4,67301,1,,1,1,,N,N,,2,,0,0,0,0,0,Y,137.0,1,4,0,0,2,0,0,3,4,0,4,3,,N,,,,,,,,,,,
2011008516,2220.0,2,0,0,0,0,0,0,0,0,4,0,,67,12,2010,5,39.9609,-75.245,2212.0,6,0,0,0,0,0,0,0,0,,0,0,0,22.0,3,1,2,,0,39 57:39.331,,0,75 14:41.973,8,0,0,0,67301,0,0,0,N,0,0,0,2,67301,0,,1,2,,N,N,,0,,0,0,0,3,2,,2210.0,1,2,0,0,0,1,0,3,4,0,2,98,,N,,,,,,,,,,,
2011008525,1712.0,0,0,0,0,0,0,0,0,0,8,0,,67,12,2010,2,39.9794,-75.2253,1710.0,6,0,0,0,0,0,0,0,0,,0,0,0,9.0,1,1,1,,0,39 58:45.886,,0,75 13:31.197,8,0,0,0,67301,1,0,0,,1,0,0,2,67301,0,,1,1,,,,,0,,0,0,0,3,2,,926.0,1,2,0,0,0,1,0,3,4,0,1,3,,N,,,,,,,,,,,
2011008855,2130.0,3,0,0,0,0,0,0,0,0,4,0,,67,11,2010,6,39.9613,-75.2226,2130.0,6,0,0,0,0,0,1,0,0,3.0,0,0,0,21.0,6,4,1,,2,39 57:40.780,7.0,0,75 13:21.320,8,0,0,0,67301,0,0,0,N,0,0,0,5,67301,0,,1,1,,N,N,,0,,0,0,0,9,3,Y,2125.0,4,3,0,0,0,4,1,3,4,0,3,3,,N,,,,,,,,,,,
2011011412,118.0,1,0,0,0,0,0,0,0,0,7,0,,67,12,2010,7,40.0096,-75.1666,9999.0,6,0,0,0,0,0,0,0,0,,0,0,0,99.0,3,1,3,,0,40 00:34.488,,0,75 09:59.875,8,0,0,0,67301,0,0,0,N,0,0,0,1,67301,0,,5,1,,N,N,,0,,0,0,0,0,0,,9999.0,1,1,0,0,0,1,0,3,4,0,1,3,,N,,,,,,,,,,,
2011000908,1325.0,1,0,0,0,0,0,0,0,0,4,0,,67,12,2010,2,40.0226,-75.0555,1317.0,6,0,0,0,0,0,0,0,0,,0,0,0,13.0,1,1,1,,0,40 01:21.280,,0,75 03:19.890,4,0,0,0,67301,0,0,0,,0,0,0,2,67301,1,,1,1,,N,N,,0,,0,0,1,3,3,,1313.0,1,2,0,0,0,0,0,3,4,0,2,3,,N,,,,,,,,,,,