CRN,ARRIVAL_TM,AUTOMOBILE_COUNT,BELTED_DEATH_COUNT,BELTED_SUSP_SERIOUS_INJ_COUNT,BICYCLE_COUNT,BICYCLE_DEATH_COUNT,BICYCLE_SUSP_SERIOUS_INJ_COUNT,BUS_COUNT,CHLDPAS_DEATH_COUNT,CHLDPAS_SUSP_SERIOUS_INJ_COUNT,COLLISION_TYPE,COMM_VEH_COUNT,CONS_ZONE_SPD_LIM,COUNTY,CRASH_MONTH,CRASH_YEAR,DAY_OF_WEEK,DEC_LAT,DEC_LONG,DISPATCH_TM,DISTRICT,DRIVER_COUNT_16YR,DRIVER_COUNT_17YR,DRIVER_COUNT_18YR,DRIVER_COUNT_19YR,DRIVER_COUNT_20YR,DRIVER_COUNT_50_64YR,DRIVER_COUNT_65_74YR,DRIVER_COUNT_75PLUS,EST_HRS_CLOSED,FATAL_COUNT,HEAVY_TRUCK_COUNT,HORSE_BUGGY_COUNT,HOUR_OF_DAY,ILLUMINATION,INJURY_COUNT,INTERSECT_TYPE,INTERSECTION_RELATED,LANE_CLOSED,LATITUDE,LN_CLOSE_DIR,LOCATION_TYPE,LONGITUDE,MAX_SEVERITY_LEVEL,MCYCLE_DEATH_COUNT,MCYCLE_SUSP_SERIOUS_INJ_COUNT,MOTORCYCLE_COUNT,MUNICIPALITY,NONMOTR_COUNT,NONMOTR_DEATH_COUNT,NONMOTR_SUSP_SERIOUS_INJ_COUNT,NTFY_HIWY_MAINT,PED_COUNT,PED_DEATH_COUNT,PED_SUSP_SERIOUS_INJ_COUNT,PERSON_COUNT,POLICE_AGCY,POSSIBLE_INJ_COUNT,RDWY_SURF_TYPE_CD,RELATION_TO_ROAD,ROAD_CONDITION,ROADWAY_CLEARED,SCH_BUS_IND,SCH_ZONE_IND,SECONDARY_CRASH,SMALL_TRUCK_COUNT,SPEC_JURIS_CD,SUSP_MINOR_INJ_COUNT,SUSP_SERIOUS_INJ_COUNT,SUV_COUNT,TCD_FUNC_CD,TCD_TYPE,TFC_DETOUR_IND,TIME_OF_DAY,TOT_INJ_COUNT,TOTAL_UNITS,UNB_DEATH_COUNT,UNB_SUSP_SERIOUS_INJ_COUNT,UNBELTED_OCC_COUNT,UNK_INJ_DEG_COUNT,UNK_INJ_PER_COUNT,URBAN_AREA,URBAN_RURAL,VAN_COUNT,VEHICLE_COUNT,WEATHER1,WEATHER2,WORK_ZONE_IND,WORK_ZONE_LOC,WORK_ZONE_TYPE,WORKERS_PRES,WZ_CLOSE_DETOUR,WZ_FLAGGER,WZ_LAW_OFFCR_IND,WZ_LN_CLOSURE,WZ_MOVING,WZ_OTHER,WZ_SHLDER_MDN,WZ_WORKERS_INJ_KILLED
2011000909,2240.0,1,0,0,0,0,0,0,0,0,1,0,,67,11,2010,6,40.0106,-75.1361,2238.0,6,0,0,0,0,0,0,0,0,,0,0,0,22.0,3,1,0,,0,40 00:38.221,,0,75 08:10.024,4,0,0,0,67301,0,0,0,N,0,0,0,1,67301,1,,6,1,,N,N,,0,,0,0,0,0,0,,2234.0,1,2,0,0,1,0,0,3,4,1,2,3,,N,,,,,,,,,,,
2011000986,1015.0,0,0,0,0,0,0,0,0,0,1,0,,67,12,2010,6,40.0504,-75.1004,1004.0,6,0,0,0,0,0,2,0,0,,0,0,0,10.0,1,1,1,,0,40 03:01.407,,0,75 06:01.475,3,0,0,0,67301,0,0,0,N,0,0,0,3,67301,0,,1,1,,N,N,,0,,1,0,1,3,3,,1004.0,1,2,0,0,0,0,0,3,4,1,2,3,,N,,,,,,,,,,,
2011000992,1344.0,1,0,0,0,0,0,0,0,0,4,0,,67,11,2010,3,40.035,-75.1737,1343.0,6,0,0,0,0,0,0,0,0,,0,0,0,13.0,1,0,1,,0,40 02:06.009,,0,75 10:25.403,0,0,0,0,67301,0,0,0,N,0,0,0,6,67301,0,,1,9,,N,N,,0,,0,0,0,3,2,,1340.0,0,2,0,0,0,0,0,3,4,1,2,7,,N,,,,,,,,,,,
2011001035,9999.0,3,0,0,0,0,0,0,0,0,4,0,,67,11,2010,3,40.0086,-75.0688,9999.0,6,0,0,0,0,0,0,0,0,1.0,0,0,0,99.0,1,1,1,,1,40 00:31.034,2.0,0,75 04:07.810,8,0,0,0,67301,0,0,0,N,0,0,0,3,67301,0,,1,1,,N,N,,0,,0,0,0,2,2,Y,9999.0,1,3,0,0,0,1,2,3,4,0,3,3,,N,,,,,,,,,,,
2011026197,1422.0,3,0,0,0,0,0,0,0,0,1,0,,67,6,2010,1,39.9714,-75.1594,1421.0,6,0,0,0,0,0,0,0,0,1.0,0,0,0,14.0,1,2,1,,1,39 58:17.205,1.0,0,75 09:33.736,8,0,0,0,67301,0,0,0,N,0,0,0,6,67301,0,,1,9,,N,N,,0,,0,0,0,3,2,Y,1420.0,2,3,0,0,0,2,0,3,4,0,3,7,,N,,,,,,,,,,,
2011026231,1942.0,3,0,0,0,0,0,0,0,0,4,0,,67,6,2010,6,40.0641,-75.2396,1939.0,6,0,0,0,0,1,1,0,0,,0,0,0,19.0,1,3,1,,0,40 03:53.239,,0,75 14:23.085,4,0,0,0,67301,0,0,0,,0,0,0,5,67301,3,,1,1,,,,,0,,0,0,0,3,2,,1935.0,3,3,0,0,0,0,0,3,4,0,3,3,,N,,,,,,,,,,,
2011000881,2340.0,1,0,0,0,0,0,0,0,0,1,0,,67,12,2010,5,39.9105,-75.1727,2331.0,6,0,0,0,0,0,0,0,0,,0,0,0,23.0,3,0,0,,0,39 54:37.717,,0,75 10:21.729,0,0,0,0,67301,0,0,0,,0,0,0,2,67301,0,,1,1,,,,,1,,0,0,0,0,0,,2300.0,0,2,0,0,0,0,0,3,4,0,2,3,,N,,,,,,,,,,,
2011000792,2007.0,2,0,0,0,0,0,0,0,0,5,0,,67,11,2010,1,39.9732,-75.2122,2007.0,6,0,0,0,0,0,1,0,0,,0,0,0,20.0,3,0,1,,0,39 58:23.647,,0,75 12:44.071,9,0,0,0,67301,0,0,0,,0,0,0,7,67301,0,,1,1,,,,,0,,0,0,0,3,2,,2000.0,0,2,0,0,0,0,6,3,4,0,2,3,,N,,,,,,,,,,,
2011008321,1120.0,1,0,0,0,0,0,0,0,0,7,0,,67,12,2010,1,40.0846,-75.0249,1119.0,6,0,0,1,0,0,0,0,0,2.0,0,0,0,99.0,1,1,2,,1,40 05:04.541,1.0,0,75 01:29.594,8,0,0,0,67301,0,0,0,Y,0,0,0,1,67301,0,,2,9,,N,N,,0,,0,0,0,3,2,N,9999.0,1,1,0,0,0,1,0,3,4,0,1,7,,N,,,,,,,,,,,
2011008340,1310.0,1,0,0,0,0,0,0,0,0,1,0,,67,12,2010,6,39.9188,-75.186,1304.0,6,0,0,0,0,0,0,0,0,,0,0,0,99.0,1,0,1,,0,39 55:07.618,,0,75 11:09.725,0,0,0,0,67301,0,0,0,N,0,0,0,6,67301,0,,1,1,,N,N,,1,,0,0,1,3,2,,9999.0,0,3,0,0,0,0,0,3,4,0,3,3,,N,,,,,,,,,,,
2011008368,1636.0,3,0,0,0,0,0,0,0,0,1,0,,67,12,2010,7,40.0392,-75.0597,1634.0,6,0,0,0,0,0,0,0,0,1.0,0,0,0,16.0,1,1,0,,1,40 02:21.101,1.0,0,75 03:35.083,3,0,0,0,67301,0,0,0,N,0,0,0,4,67301,0,,1,1,,N,N,,0,,1,0,0,3,2,N,1633.0,1,3,0,0,0,0,0,3,4,0,3,3,,N,,,,,,,,,,,
2011008860,913.0,2,0,0,0,0,0,0,0,0,1,0,,67,12,2010,5,39.9582,-75.2355,910.0,6,0,0,0,0,0,2,0,0,1.0,0,0,0,9.0,1,1,1,,1,39 57:29.526,1.0,0,75 14:07.849,4,0,0,0,67301,0,0,0,N,0,0,0,3,67301,1,,1,1,,N,N,,0,,0,0,1,3,2,N,900.0,1,3,0,0,1,0,0,3,4,0,3,3,,N,,,,,,,,,,,
2011008898,1555.0,1,0,0,0,0,0,1,0,0,1,1,,67,12,2010,5,40.0644,-75.1565,1553.0,6,0,0,0,1,0,0,0,0,2.0,0,0,0,15.0,1,2,1,,2,40 03:51.796,5.0,0,75 09:23.446,4,0,0,0,67301,0,0,0,N,0,0,0,14,67301,2,,1,7,,Y,N,,0,,0,0,0,3,2,Y,1546.0,2,2,0,0,0,0,0,3,4,0,2,10,,N,,,,,,,,,,,
2011000901,1915.0,1,0,0,0,0,0,0,0,0,8,0,,67,11,2010,5,39.9498,-75.1776,1909.0,6,0,0,0,0,0,0,0,0,,0,0,0,99.0,2,1,1,,0,39 56:59.431,,0,75 10:39.226,8,0,0,0,67301,1,0,0,,1,0,0,4,67301,0,,1,1,,N,N,,0,,0,0,0,0,0,,9999.0,1,2,0,0,0,1,0,3,4,0,1,3,,N,,,,,,,,,,,
2011001033,2300.0,1,0,0,0,0,0,0,0,0,8,0,,67,11,2010,2,40.0241,-75.0541,2300.0,6,0,0,0,0,0,1,0,0,,0,0,0,17.0,3,1,2,,0,40 01:26.907,,0,75 03:14.598,8,0,0,0,67301,1,0,0,,1,0,0,2,67301,0,,1,98,,,,,0,,0,0,0,3,3,,1745.0,1,2,0,0,0,1,0,3,4,0,1,3,,N,,,,,,,,,,,
2010028161,918.0,2,0,0,0,0,0,0,0,0,1,0,,67,2,2010,3,40.007,-75.193,910.0,6,0,0,0,0,0,1,0,0,1.0,0,0,0,9.0,1,0,0,,1,40 00:30.228,2.0,0,75 11:27.651,9,0,0,0,67301,0,0,0,N,0,0,0,3,67301,0,,1,1,,N,N,,0,,0,0,0,0,0,N,906.0,0,3,0,0,0,0,1,3,4,1,3,3,,N,,,,,,,,,,,
2010028335,903.0,0,0,0,0,0,0,0,0,0,8,0,,67,2,2010,3,40.0003,-75.1064,900.0,6,0,0,0,0,0,0,0,0,,0,0,0,8.0,1,1,1,,0,40 00:01.004,,0,75 06:23.097,4,0,0,0,67301,1,0,0,N,1,0,0,2,67301,1,,1,1,,N,N,,0,,0,0,0,2,2,,800.0,1,2,0,0,0,0,1,3,4,0,1,3,,N,,,,,,,,,,,
2010028337,1611.0,2,0,0,0,0,0,0,0,0,4,0,,67,1,2010,7,40.019,-75.1171,1610.0,6,0,0,0,0,0,0,0,0,,0,0,0,16.0,1,1,1,,0,40 01:08.482,,0,75 07:01.739,4,0,0,0,67301,0,0,0,N,0,0,0,3,67301,1,,1,7,,N,N,,0,,0,0,0,3,3,,1605.0,1,2,0,0,0,0,0,3,4,0,2,10,,N,,,,,,,,,,,
2010028365,1305.0,0,0,0,0,0,0,0,0,0,4,0,,67,3,2010,2,40.0294,-75.1247,1258.0,6,0,0,0,0,0,1,0,0,,0,0,0,99.0,1,1,1,,0,40 01:45.919,,0,75 07:28.901,4,0,0,0,67301,0,0,0,N,0,0,0,4,67301,1,,1,1,,N,N,,0,,0,0,1,3,2,,9999.0,1,2,0,0,0,0,1,3,4,1,2,3,,N,,,,,,,,,,,
2010031318,146.0,1,0,0,0,0,0,0,0,0,7,0,,67,3,2010,6,39.9974,-75.082,134.0,6,0,0,0,0,0,0,0,0,,0,0,0,1.0,3,1,6,,0,39 59:50.336,,2,75 04:55.384,8,0,0,0,67301,0,0,0,Y,0,0,0,2,68K01,0,,2,1,,N,N,,0,,0,0,0,0,0,,128.0,1,1,0,0,1,1,0,3,4,0,1,3,,N,,,,,,,,,,,
2010099373,2026.0,2,0,0,0,0,0,0,0,0,1,0,,67,9,2010,7,39.9315,-75.1996,2020.0,6,0,0,0,0,0,0,0,0,,0,0,0,20.0,3,2,0,,0,39 55:50.440,,0,75 11:55.955,8,0,0,0,67301,0,0,0,N,0,0,0,4,68K01,0,,1,1,,N,N,,0,,0,0,0,0,0,,2016.0,2,2,0,0,0,2,0,3,4,0,2,3,,N,,,,,,,,,,,
2011009965,1414.0,1,0,0,0,0,0,0,0,0,4,1,,67,12,2010,1,39.9199,-75.2304,1402.0,6,0,0,0,0,0,0,0,0,,0,1,0,13.0,1,3,0,,0,39 55:11.776,,0,75 13:49.612,4,0,0,0,67301,0,0,0,N,0,0,0,4,67301,1,,1,7,,N,N,,0,,0,0,1,0,0,,1357.0,3,3,0,0,4,2,0,3,4,0,3,10,,N,,,,,,,,,,,
2011008250,1834.0,2,0,0,0,0,0,0,0,0,3,0,,67,12,2010,6,39.9533,-75.2345,1732.0,6,0,0,0,0,0,0,1,0,,0,0,0,17.0,3,1,0,,0,39 57:11.765,,0,75 14:04.161,8,0,0,0,67301,0,0,0,N,0,0,0,1,67301,0,,6,1,,N,N,,0,,0,0,0,0,0,,1730.0,1,2,0,0,0,1,0,3,4,0,2,3,,N,,,,,,,,,,,
2011026314,1433.0,1,0,0,0,0,0,0,0,0,8,0,,67,5,2010,3,39.9208,-75.1839,1430.0,6,0,0,0,0,0,0,0,0,,0,0,0,14.0,1,1,0,,0,39 55:14.818,,0,75 11:02.061,4,0,0,0,67301,1,0,0,,1,0,0,2,67301,1,,1,1,,,,,0,,0,0,0,0,0,,1430.0,1,2,0,0,0,0,0,3,4,0,1,3,,N,,,,,,,,,,,
2011026323,1655.0,0,0,0,0,0,0,0,0,0,8,0,,67,5,2010,4,39.9924,-75.148,1645.0,6,0,0,0,0,0,0,0,0,,0,0,0,16.0,1,1,2,,0,39 59:32.485,,0,75 08:52.925,3,0,0,0,67301,1,0,0,N,1,0,0,2,67301,0,,1,1,,N,N,,0,,1,0,1,0,0,,1640.0,1,2,0,0,0,0,0,3,4,0,1,3,,N,,,,,,,,,,,
2011026201,1833.0,2,0,0,0,0,0,0,0,0,2,0,,67,6,2010,6,39.9717,-75.1611,1832.0,6,0,0,0,0,0,0,0,0,2.0,0,0,0,18.0,1,0,1,,2,39 58:18.002,2.0,0,75 09:39.855,0,0,0,0,67301,0,0,0,N,0,0,0,1,67301,0,,1,1,,N,N,,0,,0,0,2,3,2,Y,1831.0,0,4,0,0,0,0,0,3,4,0,4,3,,N,,,,,,,,,,,
2011073301,9999.0,1,0,0,0,0,0,0,0,0,4,0,,67,6,2010,3,40.0449,-75.0803,9999.0,6,0,0,0,0,0,0,0,0,,0,0,0,99.0,1,3,1,,0,40 02:41.686,,0,75 04:49.238,8,0,0,0,67301,0,0,0,,0,0,0,3,67301,0,,1,1,,,,,0,,0,0,1,3,2,,9999.0,3,2,0,0,0,3,0,3,4,0,2,3,,N,,,,,,,,,,,
2011001747,1431.0,1,0,0,1,0,0,0,0,0,5,0,,67,11,2010,4,39.951,-75.1975,1431.0,6,0,0,0,0,0,0,0,0,,0,0,0,14.0,1,1,0,,0,39 57:03.736,,0,75 11:50.920,8,0,0,0,67301,1,0,0,N,0,0,0,2,67301,0,,1,1,,N,N,,0,,0,0,0,0,0,,1410.0,1,2,0,0,0,1,0,3,4,0,1,3,,N,,,,,,,,,,,
2011000752,25.0,3,0,0,0,0,0,0,0,0,4,0,,67,11,2010,2,39.9504,-75.2077,18.0,6,0,0,0,0,0,0,0,0,,0,0,0,0.0,3,0,0,,0,39 57:01.609,,0,75 12:27.738,0,0,0,0,67301,0,0,0,,0,0,0,1,67301,0,,6,1,,N,N,,0,,0,0,0,0,0,,11.0,0,3,0,0,0,0,0,3,4,0,3,3,,N,,,,,,,,,,,
2011000767,1947.0,1,0,0,0,0,0,0,0,0,8,0,,67,12,2010,3,40.0775,-75.0438,1945.0,6,0,0,0,0,0,1,0,0,,0,0,0,19.0,3,1,2,,0,40 04:39.117,,0,75 02:37.534,4,0,0,0,67301,1,0,0,N,1,0,0,2,67301,1,,1,1,,N,N,,0,,0,0,0,3,2,,1945.0,1,2,0,0,0,0,0,3,4,0,1,3,,N,,,,,,,,,,,
2011000825,220.0,1,0,0,0,0,0,0,0,0,7,0,,67,11,2010,6,40.1043,-75.002,214.0,6,0,0,0,0,0,0,0,0,1.0,0,0,0,2.0,3,0,1,,1,40 06:15.451,1.0,0,75 00:07.348,0,0,0,0,67301,0,0,0,Y,0,0,0,1,67301,0,,3,1,,N,N,,0,,0,0,0,0,0,N,214.0,0,1,0,0,0,0,0,3,4,0,1,3,,N,,,,,,,,,,,
2011008384,1155.0,1,0,0,0,0,0,0,0,0,7,0,,67,12,2010,2,40.0086,-75.1955,1150.0,6,0,0,0,0,0,1,0,0,1.0,0,0,0,11.0,1,1,0,,1,40 00:27.276,2.0,0,75 11:34.130,8,0,0,0,67301,0,0,0,N,0,0,0,1,67301,0,,4,7,,N,N,,0,,0,0,0,0,0,N,1150.0,1,1,0,0,0,1,0,3,4,0,1,10,,N,,,,,,,,,,,
2011008442,940.0,1,0,0,0,0,0,0,0,0,5,0,,67,12,2010,3,40.0122,-75.1817,937.0,6,0,0,0,0,0,1,0,0,1.0,0,0,0,9.0,1,0,0,,1,40 00:43.859,2.0,0,75 10:54.209,0,0,0,0,67301,0,0,0,N,0,0,0,3,67301,0,,1,1,,N,N,,1,,0,0,0,0,0,N,935.0,0,2,0,0,1,0,0,3,4,0,2,3,,N,,,,,,,,,,,
2011008481,822.0,0,0,0,0,0,0,0,0,0,8,0,,67,12,2010,6,39.9993,-75.1147,820.0,6,0,0,0,0,0,0,0,0,,0,0,0,8.0,1,1,0,,0,39 59:57.368,,0,75 06:53.078,4,0,0,0,67301,1,0,0,N,1,0,0,2,67301,1,,1,1,,N,Y,,0,,0,0,0,0,0,,815.0,1,2,0,0,0,0,0,3,4,1,1,3,,N,,,,,,,,,,,
2011025701,1215.0,1,0,0,0,0,0,0,0,0,8,0,,67,5,2010,2,39.9975,-75.1336,1700.0,6,0,0,0,0,0,0,0,0,,0,0,0,12.0,1,1,2,,0,39 59:50.917,,0,75 08:00.815,8,0,0,0,67301,1,0,0,,1,0,0,2,67301,0,,1,1,,,,,0,,0,0,0,0,0,,1200.0,1,2,0,0,0,1,0,3,4,0,1,7,,N,,,,,,,,,,,
2011025719,2230.0,1,0,0,1,0,0,0,0,0,5,0,,67,5,2010,5,40.0069,-75.0684,2220.0,6,0,0,0,0,0,0,0,0,,0,0,0,22.0,2,1,0,,0,40 00:23.754,,0,75 04:05.666,4,0,0,0,67301,1,0,0,,0,0,0,2,67301,1,,1,1,,,,,0,,0,0,0,0,0,,2200.0,1,2,0,0,0,0,0,3,4,0,1,3,,N,,,,,,,,,,,
2011027949,740.0,1,0,0,0,0,0,0,0,0,4,0,,67,5,2010,3,40.0367,-75.1325,737.0,6,0,0,1,0,0,0,0,0,,0,0,0,7.0,1,1,1,,0,40 02:12.088,,0,75 07:57.032,4,0,0,0,67301,0,0,0,N,0,0,0,5,67301,1,,1,1,,N,N,,1,,0,0,0,3,2,,736.0,1,2,0,0,0,0,0,3,4,0,2,3,,N,,,,,,,,,,,
2011023487,0.0,0,0,0,0,0,0,0,0,0,8,0,,67,5,2010,7,,,0.0,6,0,0,0,0,0,0,0,0,,0,0,0,2.0,6,1,0,,0,,,7,,3,0,0,0,67301,1,0,0,,1,0,0,2,00000,0,,1,1,,,,,0,,1,0,0,0,0,,200.0,1,2,0,0,0,0,0,3,3,0,1,3,,N,,,,,,,,,,,
2011054093,1813.0,3,0,0,0,0,0,0,0,0,4,0,,67,12,2010,3,40.0366,-75.1372,1802.0,6,0,0,0,0,0,3,0,0,9.0,0,1,0,18.0,3,6,1,,2,40 02:11.605,4.0,0,75 08:13.937,4,0,0,0,67301,0,0,0,,0,0,0,12,67301,3,,1,1,,N,N,,1,,0,0,0,3,3,Y,1802.0,6,5,0,0,2,3,2,3,4,0,5,3,,N,,,,,,,,,,,
2011001089,1122.0,1,0,0,0,0,0,0,0,0,1,0,,67,11,2010,3,39.953,-75.1685,1119.0,6,0,0,0,0,0,1,0,1,,0,0,0,99.0,1,0,1,,0,39 57:10.754,,0,75 10:06.506,0,0,0,0,67301,0,0,0,,0,0,0,2,67301,0,,1,1,,,,,1,,0,0,0,9,2,,9999.0,0,2,0,0,0,0,0,3,4,0,2,3,,N,,,,,,,,,,,
2011001092,1800.0,0,0,0,1,0,0,1,0,0,5,1,,67,11,2010,1,39.9558,-75.236,1753.0,6,0,0,0,0,0,1,0,0,,0,0,0,17.0,3,1,1,,0,39 57:20.998,,0,75 14:09.675,4,0,0,0,67301,1,0,0,N,0,0,0,2,67301,1,,1,1,,N,N,,0,,0,0,0,0,0,,1750.0,1,2,0,0,0,0,0,3,4,0,1,3,,N,,,,,,,,,,,
2011001104,1755.0,3,0,0,0,0,0,0,0,0,1,0,,67,11,2010,4,40.0574,-75.0767,1750.0,6,0,0,0,0,0,0,0,0,9.0,0,0,0,17.0,3,4,0,,1,40 03:26.592,4.0,0,75 04:36.162,8,0,0,0,67301,0,0,0,N,0,0,0,6,67301,0,,1,1,,N,N,,0,,0,0,0,0,0,N,1740.0,4,3,0,0,0,4,0,3,4,0,3,3,,N,,,,,,,,,,,
2011000923,1012.0,1,0,0,0,0,0,0,0,0,8,0,,67,11,2010,3,39.9704,-75.1482,1005.0,6,0,0,0,0,0,0,1,0,,0,0,0,10.0,1,1,1,,0,39 58:13.815,,0,75 08:53.198,3,0,0,0,67301,1,0,0,N,1,0,0,2,67301,0,,1,1,,N,N,,0,,1,0,0,3,2,,1005.0,1,2,0,0,0,0,0,3,4,0,1,3,,N,,,,,,,,,,,
2011001000,2038.0,1,0,0,0,0,0,0,0,0,8,0,,67,12,2010,2,40.0353,-75.0598,2041.0,6,0,0,0,0,0,0,0,0,,0,0,0,20.0,3,1,1,,0,40 02:07.022,,0,75 03:35.114,8,0,0,0,67301,1,0,0,N,1,0,0,2,67301,0,,1,1,,N,N,,0,,0,0,0,3,3,,2036.0,1,2,0,0,0,1,0,3,4,0,1,3,,N,,,,,,,,,,,
2012004063,2255.0,2,0,0,0,0,0,0,0,0,1,0,,67,12,2010,6,39.9515,-75.1826,2245.0,6,0,0,0,0,0,0,0,0,2.0,0,0,0,22.0,3,0,0,,1,39 57:08.835,4.0,0,75 10:55.411,0,0,0,0,67301,0,0,0,N,0,0,0,3,68K01,0,,1,1,,N,N,,0,,0,0,0,0,0,N,2225.0,0,2,0,0,0,0,0,3,4,0,2,3,,N,,,,,,,,,,,
2010081771,801.0,1,0,0,0,0,0,0,0,0,4,0,,67,7,2010,4,39.9915,-75.1354,758.0,6,0,0,0,0,0,1,0,0,,0,0,0,7.0,1,2,0,,0,39 59:29.444,,7,75 08:07.316,4,0,0,0,67301,0,0,0,N,0,0,0,2,67301,2,,1,1,,N,N,,0,,0,0,1,0,0,,757.0,2,2,0,0,0,0,0,3,4,0,2,3,,N,,,,,,,,,,,
2010081794,1211.0,1,0,0,0,0,0,0,0,0,5,0,,67,7,2010,7,39.9712,-75.2278,1210.0,6,0,0,0,0,0,2,0,0,,0,0,0,12.0,1,2,0,,0,39 58:16.212,,0,75 13:40.108,3,0,0,0,67301,0,0,0,,0,0,0,2,67301,1,,1,1,,,,,0,,1,0,0,3,2,,1210.0,2,2,0,0,2,0,0,3,4,1,2,3,,N,,,,,,,,,,,
2010071746,1901.0,1,0,0,0,0,0,0,0,0,4,0,,67,4,2010,5,39.9463,-75.1783,1854.0,6,0,0,0,0,0,0,0,0,,0,0,0,18.0,1,1,1,,0,39 56:46.615,,0,75 10:42.045,8,0,0,0,67301,0,0,0,,0,0,0,3,67301,0,,1,1,,,,,0,,0,0,0,3,2,,1850.0,1,2,0,0,0,1,0,3,4,1,2,3,,N,,,,,,,,,,,
2010066978,1719.0,0,0,0,0,0,0,0,0,0,0,0,,67,6,2010,7,40.0193,-75.1635,1714.0,6,0,0,0,0,0,1,0,0,1.0,0,0,0,17.0,1,1,0,,1,40 01:09.453,1.0,0,75 09:48.849,4,0,0,1,67301,0,0,0,,0,0,0,1,67301,1,,1,1,,,,,0,,0,0,0,0,0,N,1713.0,1,1,0,0,0,0,0,3,4,0,1,3,,N,,,,,,,,,,,
2010074516,1559.0,0,0,0,0,0,0,0,0,0,7,0,,67,7,2010,2,39.9831,-75.1012,1553.0,6,0,0,0,0,0,0,0,0,,0,0,0,15.0,1,1,0,,0,39 58:59.134,,0,75 06:04.374,8,0,0,0,67301,0,0,0,N,0,0,0,1,67301,0,,5,1,,N,N,,1,,0,0,0,0,0,,1553.0,1,1,0,0,1,1,0,3,4,0,1,3,,N,,,,,,,,,,,
2010074518,358.0,4,0,0,0,0,0,0,0,0,5,0,,67,7,2010,7,39.9337,-75.2287,356.0,6,0,0,0,0,0,0,0,0,2.0,0,0,0,3.0,3,0,2,,1,39 56:01.327,4.0,0,75 13:42.998,9,0,0,0,67301,0,0,0,,0,0,0,1,67301,0,,2,1,,,,,1,,0,0,0,3,3,Y,330.0,0,5,0,0,0,0,1,3,4,0,5,3,,N,,,,,,,,,,,
2010074611,125.0,3,0,0,0,0,0,0,0,0,4,0,,67,7,2010,6,39.9488,-75.1474,100.0,6,0,0,0,0,0,1,0,0,,0,0,0,1.0,3,0,0,,0,39 56:55.697,,0,75 08:50.519,0,0,0,0,67301,0,0,0,N,0,0,0,1,67301,0,,6,1,,N,N,,0,,0,0,0,0,0,,100.0,0,3,0,0,0,0,0,3,4,0,3,3,,N,,,,,,,,,,,
2010028177,1417.0,1,0,0,0,0,0,1,0,0,4,1,,67,2,2010,5,40.0335,-75.1072,1403.0,6,0,0,0,0,0,0,0,0,,0,0,0,99.0,1,1,0,,0,40 01:59.112,,7,75 06:24.613,8,0,0,0,67301,0,0,0,N,0,0,0,3,67301,0,,1,1,,N,N,,0,,0,0,0,0,0,,9999.0,1,2,0,0,0,1,2,3,4,0,2,3,,N,,,,,,,,,,,
2010028377,859.0,1,0,0,0,0,0,0,0,0,1,0,,67,2,2010,3,40.0119,-75.1824,854.0,6,0,0,0,0,0,1,0,1,,0,0,0,99.0,1,2,0,,0,40 00:42.685,,7,75 10:56.434,4,0,0,0,67301,0,0,0,N,0,0,0,2,67301,2,,1,1,,N,N,,0,,0,0,1,3,2,,9999.0,2,2,0,0,0,0,0,3,4,0,2,3,,N,,,,,,,,,,,
2010028246,1201.0,2,0,0,0,0,0,0,0,0,4,0,,67,2,2010,3,40.0107,-75.1651,1201.0,6,0,0,0,0,0,1,0,0,,0,0,0,12.0,1,1,0,,0,40 00:38.621,,0,75 09:54.391,4,0,0,0,67301,0,0,0,,0,0,0,2,67301,1,,1,9,,N,N,,0,,0,0,0,0,0,,1200.0,1,2,0,0,1,0,0,3,4,0,2,10,,N,,,,,,,,,,,
2010028287,2205.0,3,0,0,0,0,0,0,0,0,2,0,,67,2,2010,3,40.0263,-75.0973,2154.0,6,0,0,0,0,0,0,0,0,1.0,0,0,0,21.0,3,3,1,,2,40 01:34.938,2.0,0,75 05:51.163,3,0,0,0,67301,0,0,0,N,0,0,0,5,67301,1,,1,1,,N,N,,0,,1,0,0,3,2,N,2154.0,3,3,0,0,0,1,0,3,4,0,3,3,,N,,,,,,,,,,,
2010025541,930.0,1,0,0,0,0,0,0,0,0,7,0,,67,2,2010,2,39.8996,-75.1638,919.0,6,0,0,0,0,0,0,0,0,2.0,0,0,0,9.0,1,0,0,,2,39 53:59.568,2.0,0,75 09:42.005,0,0,0,0,67301,0,0,0,N,0,0,0,1,68K01,0,,2,1,,N,N,,0,,0,0,0,0,0,N,910.0,0,1,0,0,0,0,0,3,4,0,1,3,,N,,,,,,,,,,,
2010026583,1724.0,0,0,0,0,0,0,0,0,0,1,0,,67,2,2010,7,40.0231,-75.036,1728.0,6,0,0,0,0,0,0,0,0,3.0,0,0,0,17.0,4,3,6,,1,40 01:22.658,2.0,2,75 02:09.745,8,0,0,0,67301,0,0,0,N,0,0,0,3,68K01,0,,1,1,,N,N,,1,,0,0,1,0,0,N,1718.0,3,2,0,0,0,3,0,3,4,0,2,3,,N,,,,,,,,,,,
2010015562,1627.0,1,0,0,0,0,0,0,0,0,7,0,,67,1,2010,7,39.9688,-75.1284,1625.0,6,0,0,0,0,0,0,0,0,2.0,0,0,0,16.0,1,1,0,,2,39 58:07.195,2.0,0,75 07:43.104,4,0,0,0,67301,0,0,0,N,0,0,0,1,68K01,1,,2,7,,N,N,,0,,0,0,0,0,0,N,1616.0,1,1,0,0,0,0,0,3,4,0,1,10,,N,,,,,,,,,,,