CRN,ARRIVAL_TM,AUTOMOBILE_COUNT,BELTED_DEATH_COUNT,BELTED_SUSP_SERIOUS_INJ_COUNT,BICYCLE_COUNT,BICYCLE_DEATH_COUNT,BICYCLE_SUSP_SERIOUS_INJ_COUNT,BUS_COUNT,CHLDPAS_DEATH_COUNT,CHLDPAS_SUSP_SERIOUS_INJ_COUNT,COLLISION_TYPE,COMM_VEH_COUNT,CONS_ZONE_SPD_LIM,COUNTY,CRASH_MONTH,CRASH_YEAR,DAY_OF_WEEK,DEC_LAT,DEC_LONG,DISPATCH_TM,DISTRICT,DRIVER_COUNT_16YR,DRIVER_COUNT_17YR,DRIVER_COUNT_18YR,DRIVER_COUNT_19YR,DRIVER_COUNT_20YR,DRIVER_COUNT_50_64YR,DRIVER_COUNT_65_74YR,DRIVER_COUNT_75PLUS,EST_HRS_CLOSED,FATAL_COUNT,HEAVY_TRUCK_COUNT,HORSE_BUGGY_COUNT,HOUR_OF_DAY,ILLUMINATION,INJURY_COUNT,INTERSECT_TYPE,INTERSECTION_RELATED,LANE_CLOSED,LATITUDE,LN_CLOSE_DIR,LOCATION_TYPE,LONGITUDE,MAX_SEVERITY_LEVEL,MCYCLE_DEATH_COUNT,MCYCLE_SUSP_SERIOUS_INJ_COUNT,MOTORCYCLE_COUNT,MUNICIPALITY,NONMOTR_COUNT,NONMOTR_DEATH_COUNT,NONMOTR_SUSP_SERIOUS_INJ_COUNT,NTFY_HIWY_MAINT,PED_COUNT,PED_DEATH_COUNT,PED_SUSP_SERIOUS_INJ_COUNT,PERSON_COUNT,POLICE_AGCY,POSSIBLE_INJ_COUNT,RDWY_SURF_TYPE_CD,RELATION_TO_ROAD,ROAD_CONDITION,ROADWAY_CLEARED,SCH_BUS_IND,SCH_ZONE_IND,SECONDARY_CRASH,SMALL_TRUCK_COUNT,SPEC_JURIS_CD,SUSP_MINOR_INJ_COUNT,SUSP_SERIOUS_INJ_COUNT,SUV_COUNT,TCD_FUNC_CD,TCD_TYPE,TFC_DETOUR_IND,TIME_OF_DAY,TOT_INJ_COUNT,TOTAL_UNITS,UNB_DEATH_COUNT,UNB_SUSP_SERIOUS_INJ_COUNT,UNBELTED_OCC_COUNT,UNK_INJ_DEG_COUNT,UNK_INJ_PER_COUNT,URBAN_AREA,URBAN_RURAL,VAN_COUNT,VEHICLE_COUNT,WEATHER1,WEATHER2,WORK_ZONE_IND,WORK_ZONE_LOC,WORK_ZONE_TYPE,WORKERS_PRES,WZ_CLOSE_DETOUR,WZ_FLAGGER,WZ_LAW_OFFCR_IND,WZ_LN_CLOSURE,WZ_MOVING,WZ_OTHER,WZ_SHLDER_MDN,WZ_WORKERS_INJ_KILLED
2010091477,943.0,1,0,0,0,0,0,0,0,0,4,0,,67,8,2010,5,40.0223,-75.1307,940.0,6,0,0,0,0,0,1,0,0,,0,0,0,9.0,1,1,1,,0,40 01:20.398,,0,75 07:50.350,8,0,0,0,67301,0,0,0,,0,0,0,8,67301,0,,1,9,,N,N,,0,,0,0,0,3,3,,915.0,1,2,0,0,0,1,0,3,4,1,2,7,,N,,,,,,,,,,,
2010110757,2020.0,2,0,0,0,0,0,0,0,0,1,0,,67,10,2010,5,39.9872,-75.1088,2020.0,6,0,0,0,0,1,1,1,0,,0,0,0,20.0,3,1,1,,0,39 59:14.079,,0,75 06:31.807,4,0,0,0,67301,0,0,0,N,0,0,0,3,67301,1,,1,1,,N,N,,1,,0,0,0,3,2,,2020.0,1,3,0,0,0,0,0,3,4,0,3,3,,N,,,,,,,,,,,
2010108299,2326.0,0,0,0,0,0,0,0,0,0,1,1,,67,11,2010,5,40.0401,-75.0586,2325.0,6,0,0,0,0,0,0,0,0,1.0,0,1,0,23.0,3,0,0,,1,40 02:24.294,1.0,0,75 03:30.876,0,0,0,0,67301,0,0,0,N,0,0,0,2,67301,0,,1,9,,N,N,,0,,0,0,1,0,0,N,2324.0,0,2,0,0,1,0,0,3,4,0,2,3,,N,,,,,,,,,,,
2011008205,1233.0,2,0,0,0,0,0,0,0,0,4,0,,67,12,2010,4,39.9417,-75.2089,1230.0,6,0,0,0,0,0,0,0,1,,0,0,0,12.0,1,1,1,,0,39 56:29.947,,0,75 12:31.928,4,0,0,0,67301,0,0,0,N,0,0,0,3,67301,1,,1,1,,N,N,,0,,0,0,0,3,3,,1220.0,1,2,0,0,0,0,0,3,4,0,2,3,,N,,,,,,,,,,,
2011008218,2031.0,1,0,0,0,0,0,0,0,0,6,0,,67,12,2010,5,39.9781,-75.1898,2024.0,6,0,0,0,0,0,1,0,0,,0,0,0,20.0,3,0,0,,0,39 58:41.114,,0,75 11:23.359,0,0,0,0,67301,0,0,0,,0,0,0,5,67301,0,,1,2,,N,N,,1,,0,0,0,0,0,,2000.0,0,2,0,0,0,0,0,3,4,0,2,3,,N,,,,,,,,,,,
2011026310,1450.0,1,0,0,0,0,0,0,0,0,8,0,,67,6,2010,1,39.9828,-75.1255,1450.0,6,0,0,0,0,0,0,0,0,,0,0,0,14.0,1,2,2,,0,39 58:58.231,,0,75 07:31.735,8,0,0,0,67301,2,0,0,,2,0,0,3,67301,0,,5,1,,,,,0,,0,0,0,0,0,,1400.0,2,3,0,0,1,2,1,3,4,0,1,3,,N,,,,,,,,,,,
2011012353,2105.0,0,0,0,0,0,0,0,0,0,7,0,,67,11,2010,1,40.0253,-75.1238,2102.0,6,0,0,0,0,0,0,0,0,,1,0,0,21.0,3,0,5,,0,40 01:31.152,,0,75 07:24.779,1,0,0,0,67301,0,0,0,N,0,0,0,1,67301,0,2.0,4,1,,N,N,,0,0.0,0,0,1,3,2,,2100.0,0,1,0,0,0,0,0,3,4,0,1,3,,N,,,,,,,,,,,
2011012383,2315.0,1,0,0,0,0,0,0,0,0,8,0,,67,12,2010,7,39.9359,-75.1569,2308.0,6,0,0,0,0,0,1,0,0,3.0,1,0,0,22.0,3,0,1,,2,39 56:09.409,4.0,0,75 09:24.814,1,0,0,0,67301,1,1,0,N,1,1,0,2,67301,0,2.0,1,9,,N,N,,0,0.0,0,0,0,3,2,N,2232.0,0,2,0,0,0,0,0,3,4,0,1,7,,N,,,,,,,,,,,
2011024353,0.0,1,0,0,0,0,0,0,0,0,1,0,,67,8,2010,5,39.9538,-75.1751,0.0,6,0,0,0,0,0,0,0,0,,0,0,0,14.0,1,1,1,,0,39 57:13.822,,0,75 10:30.339,3,0,0,0,67301,0,0,0,N,0,0,0,2,00000,0,,1,1,,N,N,,1,,1,0,0,0,0,,1400.0,1,2,0,0,0,0,1,3,4,0,2,3,,N,,,,,,,,,,,
2011000793,1704.0,2,0,0,0,0,0,0,0,0,4,0,,67,12,2010,5,39.978,-75.1638,1701.0,6,0,0,0,1,0,0,0,0,2.0,0,0,0,17.0,3,0,1,,1,39 58:40.814,1.0,0,75 09:49.600,0,0,0,0,67301,0,0,0,N,0,0,0,3,67301,0,,1,1,,N,N,,0,,0,0,0,3,3,Y,1700.0,0,2,0,0,0,0,0,3,4,0,2,3,,N,,,,,,,,,,,
2011008406,1253.0,1,0,0,0,0,0,0,0,0,4,0,,67,11,2010,4,40.0548,-75.1513,1245.0,6,0,0,0,0,0,1,1,0,,0,0,0,12.0,1,2,1,,0,40 03:17.100,,0,75 09:04.633,4,0,0,0,67301,0,0,0,N,0,0,0,3,67301,2,,1,1,,N,N,,0,,0,0,1,3,3,,1245.0,2,2,0,0,0,0,0,3,4,0,2,3,,N,,,,,,,,,,,
2011027964,1120.0,2,0,0,0,0,0,0,0,0,4,0,,67,5,2010,5,39.9783,-75.1146,1120.0,6,0,0,0,0,0,0,0,0,9.0,0,0,0,11.0,1,1,0,,1,39 58:42.367,3.0,0,75 06:52.764,8,0,0,0,67301,0,0,0,N,0,0,0,3,67301,0,,1,1,,N,N,,0,,0,0,0,0,0,N,1115.0,1,2,0,0,0,1,0,3,4,0,2,3,,N,,,,,,,,,,,
2011025766,848.0,2,0,1,0,0,0,0,0,0,1,0,,67,6,2010,3,40.0992,-74.968,847.0,6,0,0,0,0,0,0,0,0,,0,0,0,8.0,1,1,1,,0,40 05:57.033,,0,74 58:04.825,2,0,0,0,67301,0,0,0,N,0,0,0,4,67301,0,,1,1,,N,N,,1,,0,1,0,3,3,,846.0,1,3,0,0,0,0,2,3,4,0,3,3,,N,,,,,,,,,,,
2011001102,1830.0,0,0,0,0,0,0,0,0,0,8,0,,67,12,2010,3,39.932,-75.1798,1825.0,6,0,0,0,0,0,0,0,0,,0,0,0,18.0,3,1,1,,0,39 55:55.059,,0,75 10:47.359,8,0,0,0,67301,1,0,0,N,1,0,0,2,67301,0,,1,1,,N,N,,0,,0,0,1,3,3,,1814.0,1,2,0,0,0,1,0,3,4,0,1,3,,N,,,,,,,,,,,
2011015976,1836.0,1,0,0,0,0,0,0,0,0,1,0,,67,11,2010,1,40.007,-75.134,1832.0,6,0,0,0,0,0,1,0,0,,0,0,0,18.0,3,1,2,,0,40 00:25.291,,0,75 08:02.260,4,0,0,0,67301,0,0,0,N,0,0,0,2,67301,1,,1,1,,,N,,0,,0,0,1,3,2,,1812.0,1,2,0,0,0,0,1,3,4,0,2,3,,N,,,,,,,,,,,
2011000914,2106.0,1,0,0,0,0,0,0,0,0,7,0,,67,11,2010,7,40.0658,-75.0257,2100.0,6,0,0,0,0,0,0,0,0,2.0,0,0,0,20.0,3,0,0,,1,40 03:56.945,4.0,0,75 01:32.591,0,0,0,0,67301,0,0,0,,0,0,0,1,67301,0,,4,1,,,,,0,,0,0,0,0,0,N,2058.0,0,1,0,0,0,0,0,3,4,0,1,3,,N,,,,,,,,,,,
2011000981,837.0,0,0,0,0,0,0,0,0,0,8,0,,67,11,2010,5,40.031,-75.1244,837.0,6,0,0,0,0,0,0,0,0,,0,0,0,8.0,1,1,1,,0,40 01:51.528,,0,75 07:27.728,4,0,0,0,67301,1,0,0,N,1,0,0,2,67301,1,,1,1,,N,N,,0,,0,0,1,3,2,,830.0,1,2,0,0,0,0,0,3,4,0,1,3,,N,,,,,,,,,,,
2011001038,1504.0,1,0,0,0,0,0,0,0,0,1,0,,67,12,2010,6,39.9186,-75.1543,1500.0,6,0,0,0,0,0,1,0,0,,0,0,0,15.0,1,2,1,,0,39 55:06.837,,0,75 09:15.339,4,0,0,0,67301,0,0,0,,0,0,0,3,67301,2,,5,1,,,,,1,,0,0,0,3,3,,1500.0,2,2,0,0,0,0,0,3,4,0,2,3,,N,,,,,,,,,,,
2010066659,1654.0,0,0,0,0,0,0,0,0,0,7,0,,67,7,2010,2,39.886,-75.209,1653.0,6,0,0,0,0,0,0,0,0,,0,0,0,16.0,1,1,0,,0,39 53:10.048,,0,75 12:28.827,4,0,0,0,67301,0,0,0,N,0,0,0,1,68K01,1,,4,1,,N,N,,0,,0,0,1,0,0,,1652.0,1,1,0,0,0,0,0,3,4,0,1,3,,N,,,,,,,,,,,
2010059350,819.0,2,0,0,0,0,0,0,0,0,1,0,,67,6,2010,5,40.0351,-75.018,737.0,6,0,0,0,0,0,0,1,0,1.0,0,0,0,7.0,1,0,0,,2,40 02:06.644,1.0,0,75 01:04.043,0,0,0,0,67301,0,0,0,N,0,0,0,3,68K01,0,,1,1,,N,N,,0,,0,0,1,0,0,N,735.0,0,3,0,0,0,0,0,3,4,0,3,3,,N,,,,,,,,,,,
2010081811,335.0,2,0,0,0,0,0,0,0,0,6,0,,67,7,2010,1,40.0248,-75.1096,330.0,6,0,0,0,0,0,0,0,0,,0,0,0,3.0,3,1,5,,0,40 01:28.721,,0,75 06:34.955,4,0,0,0,67301,0,0,0,N,0,0,0,2,67301,1,,1,1,,N,N,,0,,0,0,0,3,2,,330.0,1,2,0,0,0,0,0,3,4,0,2,3,,N,,,,,,,,,,,
2010069982,1525.0,1,0,0,0,0,0,0,0,0,7,0,,67,6,2010,4,39.9478,-75.2261,1523.0,6,0,0,0,0,0,0,0,0,3.0,0,0,0,15.0,1,4,3,,2,39 56:51.981,6.0,0,75 13:33.808,8,0,0,0,67301,0,0,0,N,0,0,0,4,67301,0,,5,1,,N,N,,0,,0,0,0,0,0,Y,1515.0,4,1,0,0,0,4,0,3,4,0,1,3,,N,,,,,,,,,,,
2010070055,1539.0,1,0,0,1,0,0,0,0,0,4,0,,67,6,2010,7,39.9939,-75.0802,1531.0,6,0,0,0,0,0,0,0,0,3.0,0,0,0,15.0,1,1,2,,2,39 59:44.816,5.0,0,75 04:35.282,3,0,0,0,67301,1,0,0,N,0,0,0,3,67301,0,,1,1,,N,N,,0,,1,0,0,3,3,Y,1517.0,1,2,0,0,0,0,0,3,4,0,1,3,,N,,,,,,,,,,,
2010072570,1238.0,1,0,0,0,0,0,0,0,0,1,0,,67,6,2010,3,40.0271,-75.1116,1235.0,6,0,0,0,0,0,0,0,0,1.0,0,0,0,12.0,1,3,0,,1,40 01:37.586,1.0,0,75 06:41.587,4,0,0,0,67301,0,0,0,N,0,0,0,6,67301,3,,1,6,,N,N,,0,,0,0,1,0,0,N,1234.0,3,3,0,0,0,0,0,3,4,1,3,7,,N,,,,,,,,,,,
2010067029,1535.0,1,0,0,0,0,0,1,0,0,6,1,,67,6,2010,2,40.0476,-75.1897,1525.0,6,0,0,0,0,0,0,1,0,3.0,0,0,0,15.0,1,1,2,,1,40 02:51.338,7.0,0,75 11:22.984,4,0,0,0,67301,0,0,0,N,0,0,0,5,67301,1,,1,1,,N,N,,0,,0,0,0,3,3,Y,1520.0,1,2,0,0,0,0,0,3,4,0,2,3,,N,,,,,,,,,,,
2010067052,750.0,0,0,0,0,0,0,0,0,0,1,0,,67,6,2010,6,40.0173,-75.0479,743.0,6,0,0,0,0,0,0,0,0,,0,0,0,7.0,1,1,2,,0,40 01:00.987,,0,75 02:50.489,8,0,0,0,67301,0,0,0,,0,0,0,3,67301,0,,1,1,,,,,1,,0,0,0,3,3,,743.0,1,2,0,0,0,1,0,3,4,1,2,3,,N,,,,,,,,,,,
2010074616,9999.0,0,0,0,0,0,0,0,0,0,2,0,,67,7,2010,3,39.9321,-75.2426,2259.0,6,0,0,0,0,0,1,0,0,3.0,0,0,0,22.0,3,2,0,,2,39 55:55.467,6.0,0,75 14:33.428,4,0,0,0,67301,0,0,0,N,0,0,0,2,67301,2,,1,9,,N,N,,1,,0,0,1,0,0,Y,2259.0,2,2,0,0,0,0,0,3,4,0,2,3,,N,,,,,,,,,,,
2010058949,2131.0,1,0,0,0,0,0,0,0,0,8,0,,67,5,2010,5,39.9196,-75.1621,2129.0,6,0,0,0,0,0,0,0,0,,0,0,0,21.0,3,1,1,,0,39 55:10.502,,0,75 09:43.653,4,0,0,0,67301,1,0,0,N,1,0,0,2,67301,1,,1,1,,N,N,,0,,0,0,0,0,0,,2125.0,1,2,0,0,0,0,0,3,4,0,1,3,,N,,,,,,,,,,,
2010058959,921.0,1,0,0,0,0,0,0,0,0,4,0,,67,5,2010,3,39.9885,-75.1368,918.0,6,0,0,0,0,0,0,0,0,,0,0,0,9.0,1,4,1,,0,39 59:18.578,,0,75 08:12.530,4,0,0,0,67301,0,0,0,N,0,0,0,5,67301,3,,1,9,,N,N,,0,,0,0,0,3,3,,918.0,4,2,0,0,0,1,0,3,4,1,2,7,,N,,,,,,,,,,,
2010027908,1010.0,0,0,0,0,0,0,0,0,0,8,0,,67,2,2010,7,40.096,-74.9768,950.0,6,0,0,0,0,0,1,0,0,,0,0,0,9.0,1,1,1,,0,40 05:45.431,,0,74 58:36.412,8,0,0,0,67301,1,0,0,,1,0,0,2,67301,0,,1,1,,,,,1,,0,0,0,3,2,,950.0,1,2,0,0,0,1,0,3,4,0,1,3,,N,,,,,,,,,,,
2010028057,1419.0,0,0,0,0,0,0,0,0,0,4,0,,67,3,2010,2,40.0247,-75.0443,1415.0,6,0,0,0,0,0,0,0,0,2.0,0,0,0,14.0,1,1,1,,2,40 01:28.819,7.0,0,75 02:39.379,8,0,0,0,67301,0,0,0,N,0,0,0,5,67301,0,,1,1,,N,N,,0,,0,0,2,3,3,N,1410.0,1,2,0,0,3,1,0,3,4,0,2,3,,N,,,,,,,,,,,
2010028217,2027.0,1,0,0,0,0,0,0,0,0,1,0,,67,2,2010,6,40.0363,-75.0402,2026.0,6,0,0,0,0,0,0,0,0,,0,0,0,20.0,3,2,0,,0,40 02:10.694,,0,75 02:24.543,3,0,0,0,67301,0,0,0,,0,0,0,5,67301,0,,1,1,,N,N,,0,,2,0,1,0,0,,2025.0,2,2,0,0,0,0,0,3,4,0,2,3,,N,,,,,,,,,,,
2010028079,1756.0,2,0,0,0,0,0,0,0,0,1,0,,67,2,2010,3,39.9272,-75.2363,1756.0,6,0,0,0,0,0,0,0,0,,0,0,0,17.0,1,1,1,,0,39 55:37.983,,0,75 14:10.601,3,0,0,0,67301,1,0,0,N,1,0,0,3,67301,0,,1,1,,N,N,,1,,1,0,0,0,0,,1728.0,1,4,0,0,0,0,1,3,4,0,3,3,,N,,,,,,,,,,,
2010028553,1125.0,1,0,0,0,0,0,0,0,0,4,0,,67,2,2010,7,39.9215,-75.1702,1119.0,6,0,0,0,0,0,0,0,0,,0,0,0,99.0,1,5,0,,0,39 55:17.525,,0,75 10:12.835,3,0,0,0,67301,0,0,0,,0,0,0,5,67301,4,,1,1,,,,,0,,1,0,1,3,7,,9999.0,5,2,0,0,0,0,0,3,4,0,2,10,,N,,,,,,,,,,,
2010018044,853.0,1,0,0,0,0,0,0,0,0,4,0,,67,1,2010,3,40.0429,-75.1438,851.0,6,0,0,0,0,0,0,0,0,9.0,0,0,0,8.0,1,4,1,,1,40 02:34.433,2.0,0,75 08:37.617,4,0,0,0,67301,0,0,0,N,0,0,0,4,67301,4,,1,1,,N,N,,0,,0,0,0,3,2,N,845.0,4,2,0,0,0,0,0,3,4,1,2,3,,N,,,,,,,,,,,
2010106492,750.0,2,0,0,0,0,0,0,0,0,1,1,,67,10,2010,5,39.9794,-75.1084,742.0,6,0,0,0,0,0,2,0,0,,0,1,0,7.0,1,0,0,,0,39 58:47.138,,0,75 06:25.280,9,0,0,0,67301,0,0,0,N,0,0,0,3,68K01,0,,1,1,,N,N,,0,,0,0,0,0,0,,739.0,0,3,0,0,0,0,1,3,4,0,3,3,,N,,,,,,,,,,,
2011024398,0.0,2,0,0,0,0,0,0,0,0,1,0,,67,5,2010,4,40.0062,-75.1969,0.0,6,0,0,0,0,0,1,0,0,,0,0,0,14.0,1,2,7,,0,40 00:05.577,,2,75 11:40.535,8,0,0,0,67301,0,0,0,,0,0,0,4,00000,0,,1,98,,,,,0,,0,0,0,0,0,,1455.0,2,2,0,0,0,2,0,3,4,0,2,99,,N,,,,,,,,,,,
2011000852,1607.0,1,0,0,0,0,0,0,0,0,8,0,,67,11,2010,2,39.9939,-75.1545,1604.0,6,0,0,0,1,0,0,0,0,1.0,0,0,0,16.0,1,1,1,,1,39 59:38.150,2.0,0,75 09:16.063,8,0,0,0,67301,1,0,0,,1,0,0,2,67301,0,,1,1,,,,,0,,0,0,0,3,2,Y,1603.0,1,2,0,0,0,1,0,3,4,0,1,3,,N,,,,,,,,,,,
2011004279,2137.0,0,0,0,0,0,0,0,0,0,9,0,55.0,67,12,2010,7,39.8908,-75.2217,2126.0,6,0,0,0,0,1,0,1,0,,0,0,0,21.0,3,0,0,,0,39 53:25.893,,0,75 13:16.359,0,0,0,0,67301,0,0,0,Y,0,0,0,4,68K01,0,,2,1,,N,N,,0,,0,0,2,0,0,,2121.0,0,2,0,0,0,0,0,3,4,0,2,3,,Y,2.0,1.0,N,N,N,N,Y,N,N,N,
2011008352,1945.0,1,0,0,0,0,0,0,0,0,8,0,,67,12,2010,4,40.0294,-75.1247,1930.0,6,0,0,0,0,0,0,0,0,,0,0,0,15.0,1,1,1,,0,40 01:45.919,,0,75 07:28.901,4,0,0,0,67301,1,0,0,N,1,0,0,2,67301,1,,1,1,,N,N,,0,,0,0,0,0,0,,1530.0,1,2,0,0,0,0,1,3,4,0,1,3,,N,,,,,,,,,,,
2011008404,1140.0,2,0,0,0,0,0,0,0,0,4,0,,67,12,2010,4,39.9689,-75.1599,1138.0,6,0,0,0,0,0,0,0,0,,0,0,0,11.0,1,1,1,,0,39 58:08.526,,0,75 09:36.120,8,0,0,0,67301,0,0,0,N,0,0,0,2,67301,0,,1,1,,N,N,,0,,0,0,0,3,2,,1136.0,1,2,0,0,0,1,1,3,4,0,2,3,,N,,,,,,,,,,,
2011008405,1400.0,2,0,0,0,0,0,0,0,0,4,0,,67,12,2010,2,40.0517,-75.153,1350.0,6,0,0,0,0,0,0,0,0,,0,0,0,13.0,1,1,1,,0,40 03:06.267,,0,75 09:10.785,4,0,0,0,67301,0,0,0,N,0,0,0,3,67301,1,,1,1,,N,N,,0,,0,0,0,3,2,,1348.0,1,2,0,0,0,0,0,3,4,0,2,3,,N,,,,,,,,,,,
2011025846,0.0,1,0,0,0,0,0,0,0,0,1,0,,67,6,2010,4,39.9599,-75.1404,0.0,6,0,0,0,0,0,0,0,0,,0,0,0,13.0,1,1,6,,0,39 57:44.357,,2,75 08:21.747,8,0,0,0,67301,0,0,0,,0,0,0,2,00000,0,,1,1,,,,,0,,0,0,0,3,3,,1330.0,1,2,0,0,0,1,1,3,4,0,2,3,,N,,,,,,,,,,,
2011008473,1638.0,1,0,0,0,0,0,0,0,0,4,0,,67,12,2010,2,40.0343,-75.0386,1637.0,6,0,0,0,0,0,0,1,0,1.0,0,0,0,16.0,1,1,2,,1,40 02:03.472,4.0,0,75 02:19.006,4,0,0,0,67301,0,0,0,N,0,0,0,3,67301,1,,1,1,,N,N,,1,,0,0,0,3,2,Y,1615.0,1,2,0,0,0,0,0,3,4,0,2,3,,N,,,,,,,,,,,
2011025692,1800.0,1,0,0,1,0,0,0,0,0,4,0,,67,5,2010,5,39.972,-75.184,1752.0,6,0,0,0,0,0,0,0,0,,0,0,0,17.0,1,1,2,,0,39 58:19.218,,0,75 11:02.515,4,0,0,0,67301,1,0,0,,0,0,0,2,67301,1,,1,1,,,,,0,,0,0,0,3,3,,1730.0,1,2,0,0,0,0,0,3,4,0,1,3,,N,,,,,,,,,,,
2011025740,1326.0,2,0,0,0,0,0,0,0,0,4,0,,67,5,2010,4,39.9354,-75.1706,1321.0,6,0,0,0,1,0,0,0,0,,0,0,0,13.0,1,1,2,,0,39 56:07.414,,0,75 10:14.235,8,0,0,0,67301,0,0,0,,0,0,0,3,67301,0,,1,1,,,,,0,,0,0,0,0,0,,1313.0,1,2,0,0,1,1,0,3,4,0,2,3,,N,,,,,,,,,,,
2011027954,1935.0,3,0,0,0,0,0,0,0,0,4,0,,67,5,2010,4,39.9571,-75.1511,1930.0,6,0,0,0,0,0,0,0,1,,0,0,0,19.0,1,1,5,,0,39 57:25.688,,2,75 09:03.847,4,0,0,0,67301,0,0,0,N,0,0,0,4,67301,1,,1,1,,N,N,,0,,0,0,0,3,2,,1905.0,1,3,0,0,0,0,0,3,4,0,3,3,,N,,,,,,,,,,,
2011027981,1854.0,2,0,0,0,0,0,0,0,0,2,0,,67,6,2010,2,40.0506,-75.1177,1850.0,6,0,0,0,0,0,0,0,0,1.0,0,0,0,18.0,1,2,0,,1,40 03:01.994,3.0,0,75 07:03.466,4,0,0,0,67301,0,0,0,N,0,0,0,3,67301,2,,1,1,,N,N,,0,,0,0,1,0,0,Y,1840.0,2,3,0,0,0,0,0,3,4,0,3,3,,N,,,,,,,,,,,
2011027744,0.0,0,0,0,0,0,0,0,0,0,8,0,,67,12,2010,1,40.0581,-75.139,0.0,6,0,0,0,0,0,0,0,0,,0,0,0,20.0,3,1,1,,0,40 03:28.841,,0,75 08:20.620,8,0,0,0,67301,1,0,0,N,1,0,0,2,00000,0,,1,1,,N,N,,0,,0,0,0,3,2,,2000.0,1,2,0,0,0,1,0,3,4,0,1,3,,N,,,,,,,,,,,
2011001096,230.0,1,0,0,0,0,0,0,0,0,1,0,,67,12,2010,2,40.0255,-75.0834,229.0,6,0,0,0,0,0,0,0,0,,0,0,0,2.0,3,2,0,,0,40 01:31.778,,0,75 05:00.121,8,0,0,0,67301,0,0,0,N,0,0,0,2,67301,0,,6,1,,N,N,,0,,0,0,1,0,0,,225.0,2,2,0,0,0,2,0,3,4,0,2,3,,N,,,,,,,,,,,
2011082733,2230.0,1,0,0,0,0,0,0,0,0,7,0,,67,9,2010,2,39.9689,-75.2641,2203.0,6,0,0,0,0,0,0,0,0,,0,0,0,22.0,2,1,0,,0,39 58:08.210,,0,75 15:50.730,4,0,0,0,67301,0,0,0,,0,0,0,3,67301,1,,5,9,,N,,,0,,0,0,0,0,0,,2203.0,1,1,0,0,2,0,0,3,4,0,1,7,,N,,,,,,,,,,,
2011008501,1810.0,0,0,0,0,0,0,0,0,0,8,0,,67,12,2010,4,40.0355,-75.1086,1805.0,6,0,0,0,0,0,1,0,0,,0,0,0,17.0,3,1,1,,0,40 02:07.087,,0,75 06:30.627,8,0,0,0,67301,1,0,0,N,1,0,0,2,67301,0,,1,1,,N,N,,0,,0,0,1,3,2,,1745.0,1,2,0,0,0,1,0,3,4,0,1,3,,N,,,,,,,,,,,
2011013295,1335.0,1,0,0,0,0,0,0,0,0,1,0,,67,12,2010,4,39.9771,-75.1996,1333.0,6,0,0,0,0,0,1,0,0,,0,0,0,13.0,1,1,0,,0,39 58:39.072,,0,75 12:03.298,4,0,0,0,67301,0,0,0,N,0,0,0,2,68K01,1,,1,1,,N,N,,0,,0,0,1,0,0,,1332.0,1,2,0,0,0,0,0,3,4,0,2,3,,N,,,,,,,,,,,
2011016939,1737.0,1,0,0,0,0,0,0,0,0,4,0,,67,12,2010,5,40.0049,-75.1787,1737.0,6,0,0,0,0,0,0,0,0,,0,0,0,17.0,3,2,5,,0,40 00:17.718,,0,75 10:43.298,4,0,0,0,67301,0,0,0,N,0,0,0,3,67301,1,,1,6,,N,N,,0,,0,0,1,3,2,,1700.0,2,2,0,0,2,1,0,3,4,0,2,3,,N,,,,,,,,,,,
2011000921,1312.0,2,0,0,0,0,0,0,0,0,4,0,,67,11,2010,5,39.9762,-75.1381,1312.0,6,0,0,0,0,0,0,0,0,3.0,1,0,0,13.0,1,3,1,,2,39 58:34.248,7.0,0,75 08:17.221,1,0,0,0,67301,1,1,0,N,0,0,0,4,67301,2,2.0,1,1,,N,N,,0,0.0,1,0,0,3,2,Y,1312.0,3,4,0,0,0,0,0,3,4,2,4,3,,N,,,,,,,,,,,
2011000937,1255.0,1,0,0,0,0,0,0,0,0,8,0,,67,11,2010,3,39.998,-75.2332,1247.0,6,0,0,0,0,0,0,0,0,,0,0,0,12.0,1,1,1,,0,39 59:53.100,,0,75 13:59.645,4,0,0,0,67301,1,0,0,,1,0,0,2,67301,1,,1,1,,N,N,,0,,0,0,0,0,0,,1230.0,1,2,0,0,0,0,0,3,4,0,1,3,,N,,,,,,,,,,,
2011000970,141.0,2,0,0,0,0,0,0,0,0,1,0,,67,11,2010,7,40.0202,-75.1141,134.0,6,0,0,0,0,0,0,0,0,,0,0,0,1.0,3,2,1,,0,40 01:12.877,,0,75 06:50.707,4,0,0,0,67301,0,0,0,N,0,0,0,2,67301,2,,1,1,,N,N,,0,,0,0,0,3,2,,134.0,2,2,0,0,0,0,0,3,4,0,2,3,,N,,,,,,,,,,,
2011000991,1609.0,2,0,0,0,0,0,0,0,0,4,0,,67,11,2010,3,40.0616,-75.1775,1605.0,6,0,0,0,0,0,1,1,0,2.0,0,0,0,16.0,1,0,0,,1,40 03:41.587,6.0,0,75 10:38.964,0,0,0,0,67301,0,0,0,N,0,0,0,2,67301,0,,1,9,,N,N,,0,,0,0,0,0,0,Y,1600.0,0,2,0,0,0,0,0,3,4,0,2,7,,N,,,,,,,,,,,