CRN,ARRIVAL_TM,AUTOMOBILE_COUNT,BELTED_DEATH_COUNT,BELTED_SUSP_SERIOUS_INJ_COUNT,BICYCLE_COUNT,BICYCLE_DEATH_COUNT,BICYCLE_SUSP_SERIOUS_INJ_COUNT,BUS_COUNT,CHLDPAS_DEATH_COUNT,CHLDPAS_SUSP_SERIOUS_INJ_COUNT,COLLISION_TYPE,COMM_VEH_COUNT,CONS_ZONE_SPD_LIM,COUNTY,CRASH_MONTH,CRASH_YEAR,DAY_OF_WEEK,DEC_LAT,DEC_LONG,DISPATCH_TM,DISTRICT,DRIVER_COUNT_16YR,DRIVER_COUNT_17YR,DRIVER_COUNT_18YR,DRIVER_COUNT_19YR,DRIVER_COUNT_20YR,DRIVER_COUNT_50_64YR,DRIVER_COUNT_65_74YR,DRIVER_COUNT_75PLUS,EST_HRS_CLOSED,FATAL_COUNT,HEAVY_TRUCK_COUNT,HORSE_BUGGY_COUNT,HOUR_OF_DAY,ILLUMINATION,INJURY_COUNT,INTERSECT_TYPE,INTERSECTION_RELATED,LANE_CLOSED,LATITUDE,LN_CLOSE_DIR,LOCATION_TYPE,LONGITUDE,MAX_SEVERITY_LEVEL,MCYCLE_DEATH_COUNT,MCYCLE_SUSP_SERIOUS_INJ_COUNT,MOTORCYCLE_COUNT,MUNICIPALITY,NONMOTR_COUNT,NONMOTR_DEATH_COUNT,NONMOTR_SUSP_SERIOUS_INJ_COUNT,NTFY_HIWY_MAINT,PED_COUNT,PED_DEATH_COUNT,PED_SUSP_SERIOUS_INJ_COUNT,PERSON_COUNT,POLICE_AGCY,POSSIBLE_INJ_COUNT,RDWY_SURF_TYPE_CD,RELATION_TO_ROAD,ROAD_CONDITION,ROADWAY_CLEARED,SCH_BUS_IND,SCH_ZONE_IND,SECONDARY_CRASH,SMALL_TRUCK_COUNT,SPEC_JURIS_CD,SUSP_MINOR_INJ_COUNT,SUSP_SERIOUS_INJ_COUNT,SUV_COUNT,TCD_FUNC_CD,TCD_TYPE,TFC_DETOUR_IND,TIME_OF_DAY,TOT_INJ_COUNT,TOTAL_UNITS,UNB_DEATH_COUNT,UNB_SUSP_SERIOUS_INJ_COUNT,UNBELTED_OCC_COUNT,UNK_INJ_DEG_COUNT,UNK_INJ_PER_COUNT,URBAN_AREA,URBAN_RURAL,VAN_COUNT,VEHICLE_COUNT,WEATHER1,WEATHER2,WORK_ZONE_IND,WORK_ZONE_LOC,WORK_ZONE_TYPE,WORKERS_PRES,WZ_CLOSE_DETOUR,WZ_FLAGGER,WZ_LAW_OFFCR_IND,WZ_LN_CLOSURE,WZ_MOVING,WZ_OTHER,WZ_SHLDER_MDN,WZ_WORKERS_INJ_KILLED
2011008463,1235.0,1,0,0,0,0,0,0,0,0,4,0,,67,12,2010,7,40.0429,-75.1722,1222.0,6,0,0,0,0,0,0,0,0,,0,0,0,12.0,1,1,1,,0,40 02:34.512,,0,75 10:19.919,8,0,0,0,67301,0,0,0,N,0,0,0,2,67301,0,,1,1,,N,N,,0,,0,0,1,3,2,,1215.0,1,2,0,0,0,1,1,3,4,0,2,3,,N,,,,,,,,,,,
2011025687,2335.0,0,0,0,0,0,0,0,0,0,7,0,,67,5,2010,1,39.9323,-75.2004,2327.0,6,0,0,0,0,0,0,0,0,,0,0,0,23.0,3,0,0,,0,39 55:56.420,,0,75 12:01.360,0,0,0,0,67301,0,0,0,,0,0,0,1,67301,0,,5,1,,N,N,,0,,0,0,1,0,0,,2317.0,0,1,0,0,0,0,0,3,4,0,1,3,,N,,,,,,,,,,,
2011025695,1644.0,3,0,0,0,0,0,0,0,0,5,0,,67,6,2010,3,39.94,-75.1647,1638.0,6,0,0,0,0,0,0,0,0,,0,0,0,16.0,1,1,0,,0,39 56:23.960,,0,75 09:52.770,8,0,0,0,67301,1,0,0,N,0,0,0,2,67301,0,,1,1,,N,N,,0,,0,0,0,0,0,,1630.0,1,3,0,0,0,1,0,3,4,0,3,3,,N,,,,,,,,,,,
2011025716,1415.0,1,0,0,0,0,0,0,0,0,4,0,,67,5,2010,6,39.9178,-75.2336,1415.0,6,0,0,0,0,0,2,0,0,2.0,0,0,0,14.0,1,1,1,,1,39 55:04.087,3.0,0,75 14:00.909,3,0,0,1,67301,0,0,0,N,0,0,0,2,67301,0,,1,1,,N,N,,0,,1,0,0,0,0,Y,1400.0,1,3,0,0,0,0,0,3,4,1,3,3,,N,,,,,,,,,,,
2011023463,0.0,0,0,0,0,0,0,0,0,0,8,0,,67,2,2010,3,40.0395,-75.1544,0.0,6,0,0,1,0,0,0,0,0,,0,0,0,19.0,3,1,1,,0,40 02:22.238,,0,75 09:15.873,8,0,0,0,67301,1,0,0,N,1,0,0,2,00000,0,,1,1,,N,N,,0,,0,0,1,3,2,,1920.0,1,2,0,0,0,1,0,3,4,0,1,3,,N,,,,,,,,,,,
2011027930,922.0,0,0,0,0,0,0,0,0,0,4,0,,67,6,2010,7,39.9863,-75.1561,922.0,6,0,0,0,0,0,0,0,0,1.0,0,0,0,9.0,1,1,1,,1,39 59:10.572,2.0,0,75 09:22.129,8,0,0,0,67301,0,0,0,N,0,0,0,2,67301,0,,1,1,,N,N,,0,,0,0,1,3,2,N,922.0,1,2,0,0,0,1,0,3,4,1,2,3,,N,,,,,,,,,,,
2011027976,1256.0,2,0,0,0,0,0,0,0,0,1,0,,67,6,2010,3,39.9631,-75.1792,1254.0,6,0,0,0,0,0,2,0,0,,0,0,0,12.0,1,1,3,,0,39 57:47.032,,0,75 10:44.498,8,0,0,0,67301,0,0,0,N,0,0,0,3,67301,0,,1,9,,N,N,,1,,0,0,0,3,2,,1245.0,1,3,0,0,0,1,0,3,4,0,3,7,,N,,,,,,,,,,,
2011025773,5.0,3,0,0,0,0,0,0,0,0,5,0,,67,5,2010,3,40.113,-75.023,0.0,6,0,0,0,2,0,1,0,0,1.0,0,0,0,23.0,3,1,1,,1,40 06:46.663,2.0,0,75 01:22.836,4,0,0,0,67301,0,0,0,,0,0,0,3,67301,1,,1,9,,,,,0,,0,0,0,3,2,N,2355.0,1,3,0,0,3,0,0,3,4,0,3,7,,N,,,,,,,,,,,
2011041749,940.0,3,0,0,0,0,0,0,0,0,1,0,,67,11,2010,5,39.9627,-75.1835,932.0,6,0,0,0,0,0,0,0,0,1.0,0,0,0,9.0,1,1,0,,1,39 57:44.830,4.0,0,75 10:59.783,4,0,0,0,67301,0,0,0,N,0,0,0,5,68K01,1,,1,1,,N,N,,1,,0,0,0,0,0,N,930.0,1,5,0,0,0,0,1,3,4,0,5,3,,N,,,,,,,,,,,
2011011614,1952.0,1,0,0,0,0,0,0,0,0,7,0,,67,12,2010,1,39.9995,-75.1954,1926.0,6,0,0,0,0,0,0,0,0,,0,0,0,19.0,3,0,0,,0,39 59:59.542,,0,75 11:42.948,0,0,0,0,67301,0,0,0,N,0,0,0,1,68K01,0,,2,7,,N,N,,0,,0,0,0,0,0,,1900.0,0,1,0,0,0,0,0,3,4,0,1,10,,N,,,,,,,,,,,
2011008497,857.0,1,0,0,0,0,0,0,0,0,2,0,,67,12,2010,7,40.032,-75.076,854.0,6,0,0,0,0,0,0,0,0,,0,0,0,8.0,1,0,0,,0,40 01:55.156,,0,75 04:33.574,0,0,0,0,67301,0,0,0,,0,0,0,1,67301,0,,1,1,,,,,1,,0,0,0,0,0,,834.0,0,2,0,0,1,0,0,3,4,0,2,3,,N,,,,,,,,,,,
2011016935,1220.0,1,0,0,0,0,0,0,0,0,4,0,,67,12,2010,4,40.0472,-75.143,1217.0,6,0,0,0,0,0,2,0,0,,0,0,0,12.0,1,1,0,,0,40 02:50.011,,7,75 08:34.638,4,0,0,0,67301,0,0,0,N,0,0,0,2,67301,1,,1,1,,N,N,,0,,0,0,0,0,0,,1215.0,1,2,0,0,0,0,0,3,4,1,2,3,,N,,,,,,,,,,,
2011000904,1645.0,1,0,0,0,0,0,0,0,0,4,0,,67,11,2010,5,39.9542,-75.1464,1642.0,6,0,0,0,0,0,0,0,0,3.0,0,0,0,16.0,4,0,1,,1,39 57:15.166,2.0,0,75 08:47.061,0,0,0,0,67301,0,0,0,N,0,0,0,5,67301,0,,1,9,,N,N,,0,,0,0,1,3,2,N,1605.0,0,2,0,0,0,0,0,3,4,0,2,7,,N,,,,,,,,,,,
2011000925,1435.0,2,0,0,0,0,0,0,0,0,4,0,,67,11,2010,1,39.9878,-75.1432,1430.0,6,0,0,0,0,0,0,0,0,,0,0,0,14.0,1,3,1,,0,39 59:16.101,,0,75 08:35.440,8,0,0,0,67301,0,0,0,N,0,0,0,4,67301,0,,1,1,,N,N,,0,,0,0,0,3,2,,1400.0,3,2,0,0,0,3,1,3,4,0,2,3,,N,,,,,,,,,,,
2010015556,1036.0,2,0,0,0,0,0,0,0,0,1,0,,67,1,2010,1,39.9867,-75.2083,1036.0,6,0,0,0,0,0,0,0,0,2.0,0,0,0,10.0,1,2,6,,1,39 59:11.983,3.0,2,75 12:29.919,4,0,0,0,67301,0,0,0,N,0,0,0,3,68K01,1,,1,1,,N,N,,0,,0,0,0,0,0,N,1035.0,2,2,0,0,0,1,0,3,4,0,2,3,,N,,,,,,,,,,,
2010088978,831.0,1,0,0,0,0,0,0,0,0,8,0,,67,8,2010,7,39.9513,-75.1551,830.0,6,0,0,0,0,0,1,0,0,,0,0,0,8.0,1,1,1,,0,39 57:04.605,,0,75 09:18.331,4,0,0,0,67301,1,0,0,N,1,0,0,2,67301,1,,1,1,,N,N,,0,,0,0,0,3,2,,825.0,1,2,0,0,1,0,0,3,4,0,1,3,,N,,,,,,,,,,,
2010088987,1253.0,2,0,0,0,0,0,0,0,0,4,0,,67,8,2010,5,40.0808,-75.0284,1246.0,6,0,0,0,0,0,0,1,1,1.0,0,0,0,12.0,1,2,1,,2,40 04:50.820,7.0,0,75 01:42.117,3,0,0,0,67301,0,0,0,,0,0,0,3,67301,1,,1,1,,N,N,,0,,1,0,0,3,2,N,1246.0,2,2,0,0,0,0,0,3,4,0,2,3,,N,,,,,,,,,,,
2011010608,1925.0,1,0,0,0,0,0,0,0,0,7,0,,67,12,2010,3,40.0486,-75.0516,1914.0,6,0,0,0,0,0,0,0,0,1.0,0,0,0,19.0,3,0,0,,1,40 02:55.118,2.0,0,75 03:05.842,0,0,0,0,67301,0,0,0,N,0,0,0,1,67301,0,,5,6,,N,N,,0,,0,0,0,0,0,N,1910.0,0,1,0,0,0,0,0,3,4,0,1,3,,N,,,,,,,,,,,
2011009979,1615.0,1,0,0,0,0,0,0,0,0,4,0,,67,12,2010,3,40.0889,-74.9694,1600.0,6,0,1,0,0,0,1,0,0,,0,0,0,15.0,1,0,0,,0,40 05:19.875,,7,74 58:09.971,0,0,0,0,67301,0,0,0,N,0,0,0,3,67301,0,,1,1,,N,N,,1,,0,0,0,3,2,,1555.0,0,2,0,0,0,0,0,3,4,0,2,3,,N,,,,,,,,,,,
2011026244,2001.0,0,0,0,0,0,0,0,0,0,8,0,,67,5,2010,5,39.9766,-75.2345,1957.0,6,0,0,0,0,0,0,0,0,,0,0,0,19.0,4,1,2,,0,39 58:35.670,,0,75 14:04.235,4,0,0,0,67301,1,0,0,N,1,0,0,3,67301,1,,1,1,,N,N,,0,,0,0,1,0,0,,1947.0,1,2,0,0,0,0,0,3,4,0,1,98,,N,,,,,,,,,,,
2011026322,1900.0,4,0,0,0,0,0,0,0,0,5,0,,67,5,2010,3,39.9958,-75.1692,1900.0,6,0,0,0,0,0,0,0,0,,0,0,0,18.0,1,0,0,,0,39 59:44.966,,0,75 10:08.968,0,0,0,0,67301,0,0,0,N,0,0,0,1,67301,0,,6,1,,N,N,,1,,0,0,0,0,0,,1850.0,0,5,0,0,0,0,0,3,4,0,5,3,,N,,,,,,,,,,,
2011026339,821.0,2,0,0,0,0,0,0,0,0,1,0,,67,6,2010,4,40.0122,-75.1505,820.0,6,0,0,0,0,0,0,0,0,,0,0,0,8.0,1,4,1,,0,40 00:44.009,,0,75 09:01.745,4,0,0,0,67301,0,0,0,N,0,0,0,5,67301,4,,1,1,,N,N,,0,,0,0,1,0,0,,800.0,4,3,0,0,0,0,0,3,4,0,3,3,,N,,,,,,,,,,,
2011026189,655.0,4,0,0,0,0,0,0,0,0,1,0,,67,5,2010,5,40.106,-74.9999,650.0,6,0,0,0,0,0,1,0,0,1.0,0,0,0,6.0,1,0,0,,1,40 06:21.631,2.0,0,74 59:59.653,0,0,0,0,67301,0,0,0,,0,0,0,4,67301,0,,1,1,,N,N,,0,,0,0,0,0,0,N,650.0,0,4,0,0,0,0,0,3,4,0,4,3,,N,,,,,,,,,,,
2011026402,0.0,2,0,0,0,0,0,0,0,0,1,0,,67,12,2010,6,40.0198,-75.1105,0.0,6,0,0,0,0,0,0,0,0,,0,0,0,99.0,6,1,1,,0,40 01:11.456,,0,75 06:37.889,8,0,0,0,67301,0,0,0,,0,0,0,2,00000,0,,1,1,,,,,0,,0,0,0,3,2,,9999.0,1,2,0,0,0,1,1,3,4,0,2,3,,N,,,,,,,,,,,
2011010059,1907.0,0,0,0,0,0,0,0,0,0,4,0,,67,12,2010,5,40.051,-75.0861,1905.0,6,0,0,0,1,0,0,0,0,,0,0,0,18.0,3,1,0,,0,40 03:03.431,,7,75 05:09.785,4,0,0,0,67301,0,0,0,N,0,0,0,4,67301,1,,1,1,,N,N,,0,,0,0,1,0,0,,1859.0,1,2,0,0,0,0,0,3,4,1,2,3,,N,,,,,,,,,,,
2011024370,0.0,0,0,0,0,0,0,0,0,0,1,0,,67,7,2010,7,40.0089,-75.0719,0.0,6,0,0,0,0,0,1,1,0,,0,0,0,13.0,1,2,5,,0,40 00:31.910,,0,75 04:19.379,8,0,0,0,67301,0,0,0,N,0,0,0,2,00000,0,,1,1,,N,N,,0,,0,0,1,3,2,,1340.0,2,2,0,0,0,2,0,3,4,1,2,3,,N,,,,,,,,,,,
2011024442,0.0,1,0,0,0,0,0,0,0,0,4,0,,67,10,2010,2,40.0276,-75.1471,0.0,6,0,0,0,0,0,0,0,0,,0,0,0,17.0,1,1,1,,0,40 01:39.188,,0,75 08:49.702,3,0,0,0,67301,0,0,0,N,0,0,0,2,00000,0,,1,1,,N,N,,0,,1,0,0,3,3,,1730.0,1,2,0,0,0,0,1,3,4,0,2,3,,N,,,,,,,,,,,
2011001383,1550.0,4,0,0,0,0,0,0,0,0,7,0,,67,12,2010,5,40.0121,-75.1816,1550.0,6,0,0,0,0,0,1,0,0,1.0,0,0,0,15.0,1,3,0,,1,40 00:43.601,1.0,0,75 10:53.755,8,0,0,0,67301,0,0,0,N,0,0,0,8,68K01,0,,4,1,,N,N,,0,,0,0,2,0,0,N,1550.0,3,6,0,0,1,3,0,3,4,0,6,3,,N,,,,,,,,,,,
2011006778,3.0,1,0,0,0,0,0,0,0,0,7,0,,67,12,2010,1,40.0158,-75.1978,3.0,6,0,0,0,0,0,0,0,0,,2,0,0,0.0,3,1,0,,0,40 00:56.714,,0,75 11:51.957,1,0,0,0,67301,0,0,0,,0,0,0,3,67301,0,2.0,5,1,,,,,0,0.0,0,1,0,0,0,,3.0,1,1,2,1,3,0,0,3,4,0,1,3,,N,,,,,,,,,,,
2011025711,1025.0,1,0,0,0,0,0,0,0,0,8,0,,67,5,2010,3,39.9736,-75.2089,1022.0,6,0,0,0,0,0,0,0,0,,0,0,0,10.0,1,1,2,,0,39 58:25.181,,0,75 12:31.951,8,0,0,0,67301,1,0,0,N,1,0,0,2,67301,0,,1,1,,N,N,,0,,0,0,0,3,2,,1022.0,1,2,0,0,0,1,0,3,4,0,1,3,,N,,,,,,,,,,,
2011027979,1646.0,2,0,0,0,0,0,0,0,0,1,0,,67,5,2010,5,39.916,-75.2454,1646.0,6,0,0,0,0,0,1,1,0,,0,0,0,16.0,1,1,0,,0,39 54:57.731,,0,75 14:43.581,4,0,0,0,67301,0,0,0,N,0,0,0,6,67301,1,,1,1,,N,N,,0,,0,0,2,0,0,,1638.0,1,4,0,0,0,0,0,3,4,0,4,3,,N,,,,,,,,,,,
2011027756,0.0,0,0,0,0,0,0,0,0,0,1,0,,67,10,2010,3,40.0414,-75.049,0.0,6,0,0,0,0,0,0,0,0,,0,0,0,6.0,6,1,1,,0,40 02:28.972,,0,75 02:56.460,8,0,0,0,67301,0,0,0,,0,0,0,2,00000,0,,1,9,,,,,0,,0,0,2,3,2,,645.0,1,2,0,0,0,1,1,3,4,0,2,7,,N,,,,,,,,,,,
2011025285,0.0,1,0,0,0,0,0,0,0,0,1,0,,67,11,2010,7,40.007,-75.069,0.0,6,0,0,0,0,0,0,0,0,,0,0,0,22.0,6,2,7,,0,40 00:25.365,,2,75 04:08.878,8,0,0,0,67301,0,0,0,N,0,0,0,4,00000,0,,1,1,,N,N,,0,,0,0,1,3,4,,2245.0,2,2,0,0,0,2,2,3,4,0,2,3,,N,,,,,,,,,,,
2011023486,0.0,1,0,0,0,0,0,0,0,0,1,0,,67,2,2010,7,40.0675,-75.1793,0.0,6,0,0,0,1,0,0,0,0,,0,0,0,23.0,3,1,1,,0,40 04:02.966,,0,75 10:45.507,4,0,0,0,67301,0,0,0,N,0,0,0,3,00000,1,,1,1,,N,N,,0,,0,0,1,3,2,,2330.0,1,3,0,0,0,0,2,3,4,0,3,3,,N,,,,,,,,,,,
2011080273,1802.0,2,0,0,0,0,0,0,0,0,1,0,,67,12,2010,3,39.9136,-75.1484,1748.0,6,0,0,0,0,0,1,0,0,,0,0,0,17.0,3,1,0,,0,39 54:48.719,,0,75 08:54.244,8,0,0,0,67301,0,0,0,N,0,0,0,5,68K01,0,,1,1,,N,N,,0,,0,0,1,0,0,,1743.0,1,3,0,0,0,1,0,3,4,0,3,3,,N,,,,,,,,,,,
2011000906,853.0,0,0,0,0,0,0,0,0,0,8,0,,67,12,2010,6,40.0059,-75.1498,849.0,6,0,0,0,0,0,0,0,0,,0,0,0,23.0,6,1,1,,0,40 00:21.196,,0,75 08:59.283,8,0,0,0,67301,1,0,0,N,1,0,0,3,67301,0,,1,1,,N,N,,0,,0,0,1,0,0,,2330.0,1,2,0,0,0,1,0,3,4,0,1,3,,N,,,,,,,,,,,
2010062703,9999.0,2,0,0,0,0,0,0,0,0,4,0,,67,6,2010,1,39.9703,-75.1245,9999.0,6,0,0,0,0,1,0,0,0,,0,0,0,3.0,3,4,1,,0,39 58:15.096,,0,75 07:25.112,3,0,0,0,67301,0,0,0,N,0,0,0,5,67301,1,,1,1,,N,N,,0,,1,0,0,3,2,,330.0,4,2,0,0,0,2,0,3,4,0,2,3,,N,,,,,,,,,,,
2010104655,1027.0,2,0,0,0,0,0,0,0,0,5,0,,67,10,2010,2,39.9776,-75.2011,1024.0,6,0,0,0,0,0,1,0,0,2.0,0,0,0,10.0,1,0,0,,1,39 58:41.507,3.0,0,75 12:08.240,0,0,0,0,67301,0,0,0,N,0,0,0,3,68K01,0,,1,1,,N,N,,1,,0,0,0,0,0,N,1019.0,0,3,0,0,0,0,0,3,4,0,3,3,,N,,,,,,,,,,,
2010028097,604.0,1,0,0,0,0,0,0,0,0,7,0,,67,2,2010,4,40.0285,-75.0913,558.0,6,0,0,0,0,0,0,0,0,,0,0,0,5.0,5,0,2,,0,40 01:41.058,,0,75 05:27.008,0,0,0,0,67301,0,0,0,N,0,0,0,1,67301,0,,5,7,,N,N,,0,,0,0,0,0,0,,555.0,0,1,0,0,0,0,0,3,4,0,1,10,,N,,,,,,,,,,,
2010028599,1730.0,2,0,0,0,0,0,0,0,0,5,0,,67,2,2010,6,39.9317,-75.1866,1725.0,6,0,0,0,0,0,0,0,0,,0,0,0,17.0,1,1,0,,0,39 55:54.193,,0,75 11:11.872,8,0,0,0,67301,0,0,0,,0,0,0,3,67301,0,,1,2,,N,N,,0,,0,0,0,3,2,,1720.0,1,2,0,0,0,1,1,3,4,0,2,10,,N,,,,,,,,,,,
2011025738,2040.0,2,0,0,0,0,0,0,0,0,6,0,,67,5,2010,7,39.9136,-75.1501,2029.0,6,0,0,0,0,0,1,0,0,,0,0,0,20.0,3,0,0,,0,39 54:48.885,,0,75 09:00.480,0,0,0,0,67301,0,0,0,N,0,0,0,2,67301,0,,1,1,,N,N,,0,,0,0,0,0,0,,2027.0,0,2,0,0,0,0,0,3,4,0,2,3,,N,,,,,,,,,,,
2011025741,122.0,2,0,0,0,0,0,0,0,0,6,0,,67,5,2010,6,39.941,-75.1743,119.0,6,0,0,0,1,0,0,0,0,,0,0,0,1.0,3,2,2,,0,39 56:27.704,,0,75 10:27.386,8,0,0,0,67301,0,0,0,N,0,0,0,3,67301,0,,1,1,,N,N,,0,,0,0,0,3,2,,115.0,2,2,0,0,0,2,0,3,4,0,2,3,,N,,,,,,,,,,,
2010069791,1608.0,2,0,0,0,0,0,0,0,0,4,0,,67,6,2010,4,40.0059,-75.1135,1600.0,6,0,0,0,0,0,0,0,0,,0,0,0,15.0,1,3,1,,0,40 00:21.351,,0,75 06:48.588,8,0,0,0,67301,0,0,0,,0,0,0,6,67301,0,,1,9,,,,,0,,0,0,0,3,2,,1555.0,3,2,0,0,0,3,2,3,4,0,2,7,,N,,,,,,,,,,,
2010056558,2322.0,1,0,0,0,0,0,0,0,0,7,0,,67,6,2010,5,39.984,-75.097,2322.0,6,0,0,1,0,0,0,0,0,2.0,0,0,0,23.0,3,1,0,,2,39 59:02.141,2.0,0,75 05:49.325,8,0,0,0,67301,0,0,0,N,0,0,0,1,68K01,0,,3,1,,N,N,,0,,0,0,0,0,0,Y,2322.0,1,1,0,0,0,1,0,3,4,0,1,3,,N,,,,,,,,,,,
2010069247,1245.0,1,0,0,0,0,0,0,0,0,1,1,,67,6,2010,2,39.9219,-75.2175,1236.0,6,0,0,0,0,0,1,1,0,,0,1,0,12.0,1,0,0,,0,39 55:18.930,,7,75 13:03.120,0,0,0,0,67301,0,0,0,N,0,0,0,2,67301,0,,1,1,,N,N,,0,,0,0,0,0,0,,1200.0,0,2,0,0,0,0,0,3,4,0,2,3,,N,,,,,,,,,,,
2010069256,1640.0,0,0,0,0,0,0,0,0,0,8,0,,67,6,2010,7,39.9832,-75.1325,1635.0,6,0,0,0,0,0,0,0,0,,0,0,0,14.0,1,1,1,,0,39 58:59.552,,0,75 07:57.021,4,0,0,0,67301,1,0,0,,1,0,0,2,67301,1,,1,1,,,,,0,,0,0,0,3,2,,1422.0,1,2,0,0,0,0,0,3,4,0,1,3,,N,,,,,,,,,,,
2010069272,950.0,1,0,0,0,0,0,0,0,0,1,0,,67,6,2010,5,39.9453,-75.2418,940.0,6,0,0,0,0,0,1,0,0,,0,0,0,9.0,1,1,5,,0,39 56:43.114,,0,75 14:30.514,4,0,0,0,67301,0,0,0,N,0,0,0,3,67301,1,,1,1,,N,N,,1,,0,0,0,3,2,,939.0,1,2,0,0,0,0,1,3,4,0,2,3,,N,,,,,,,,,,,
2010069854,1156.0,2,0,0,0,0,0,0,0,0,9,0,,67,6,2010,4,40.0092,-75.069,1151.0,6,0,0,0,0,0,1,0,0,,0,0,0,11.0,1,2,1,,0,40 00:33.068,,2,75 04:08.444,8,0,0,0,67301,0,0,0,N,0,0,0,4,67301,0,,1,1,,N,N,,1,,0,0,0,3,2,,1124.0,2,3,0,0,0,2,1,3,4,0,3,3,,N,,,,,,,,,,,
2010069867,1515.0,1,0,0,0,0,0,0,0,0,8,0,,67,5,2010,6,40.0349,-75.1189,1515.0,6,0,0,0,0,0,0,0,0,9.0,0,0,0,15.0,1,1,0,,1,40 02:05.814,4.0,0,75 07:07.863,3,0,0,0,67301,1,0,0,,1,0,0,2,67301,0,,1,1,,N,Y,,0,,1,0,0,0,0,Y,1515.0,1,2,0,0,0,0,0,3,4,0,1,3,,N,,,,,,,,,,,
2010067060,1136.0,3,0,0,0,0,0,0,0,0,6,0,,67,6,2010,6,40.0436,-75.1845,1134.0,6,0,0,0,0,0,1,0,0,,0,0,0,11.0,1,1,2,,0,40 02:37.075,,0,75 11:04.361,4,0,0,0,67301,0,0,0,N,0,0,0,2,67301,1,,1,1,,N,N,,0,,0,0,0,3,2,,1130.0,1,3,0,0,2,0,0,3,4,0,3,3,,N,,,,,,,,,,,
2010067092,1050.0,1,0,0,0,0,0,0,0,0,4,0,,67,6,2010,5,39.9443,-75.231,1048.0,6,0,0,0,0,1,0,0,0,,0,0,0,10.0,1,2,1,,0,39 56:39.592,,0,75 13:51.478,4,0,0,0,67301,0,0,0,N,0,0,0,2,67301,2,,1,1,,N,N,,1,,0,0,0,3,3,,1045.0,2,2,0,0,1,0,0,3,4,0,2,3,,N,,,,,,,,,,,
2010074044,2034.0,2,0,0,0,0,0,0,0,0,5,0,,67,8,2010,3,39.9246,-75.193,2030.0,6,0,0,0,0,0,3,0,0,1.0,0,0,0,20.0,3,1,0,,1,39 55:32.994,3.0,0,75 11:38.791,4,0,0,1,67301,0,0,0,N,0,0,0,3,68K01,1,,1,1,,N,N,,0,,0,0,0,0,0,N,2029.0,1,3,0,0,0,0,0,3,4,0,3,3,,N,,,,,,,,,,,
2010059349,1503.0,0,0,0,0,0,0,0,0,0,7,0,,67,6,2010,1,40.0423,-75.0039,1453.0,6,0,0,0,0,0,1,0,0,1.0,0,0,0,14.0,1,0,0,,2,40 02:32.473,2.0,0,75 00:13.803,0,0,0,0,67301,0,0,0,Y,0,0,0,2,68K01,0,,2,9,,N,N,,0,,0,0,1,0,0,N,1452.0,0,1,0,0,0,0,0,3,4,0,1,7,,N,,,,,,,,,,,
2010070036,1639.0,1,0,0,0,0,0,0,0,0,1,0,,67,6,2010,7,40.0512,-75.0661,1631.0,6,0,0,0,0,0,0,0,0,,0,0,0,16.0,1,1,1,,0,40 03:04.368,,0,75 03:57.572,4,0,0,0,67301,0,0,0,N,0,0,0,2,67301,1,,1,1,,N,N,,0,,0,0,1,3,2,,1625.0,1,2,0,0,0,0,1,3,4,0,2,3,,N,,,,,,,,,,,
2010079639,1905.0,1,0,0,0,0,0,0,0,0,4,0,,67,7,2010,4,40.0237,-75.1646,1902.0,6,0,0,0,0,0,0,0,0,,0,0,0,18.0,1,1,1,,0,40 01:25.413,,0,75 09:52.656,4,0,0,0,67301,0,0,0,N,0,0,0,3,67301,1,,1,1,,N,N,,0,,0,0,1,0,0,,1854.0,1,2,0,0,0,0,0,3,4,0,2,3,,N,,,,,,,,,,,
2010074576,1305.0,1,0,0,0,0,0,0,0,0,4,0,,67,7,2010,1,39.9554,-75.1391,1300.0,6,0,0,0,0,0,0,0,0,2.0,0,0,0,13.0,1,4,2,,2,39 57:19.444,2.0,0,75 08:21.664,3,0,0,0,67301,0,0,0,N,0,0,0,6,67301,3,,1,1,,N,N,,0,,1,0,0,0,0,Y,1300.0,4,2,0,0,0,0,1,3,4,1,2,3,,N,,,,,,,,,,,
2010027881,1156.0,1,0,0,0,0,0,0,0,0,8,0,,67,1,2010,2,40.0327,-75.0653,1153.0,6,0,0,0,0,0,2,0,0,2.0,0,0,0,11.0,1,1,0,,1,40 01:57.677,4.0,0,75 03:55.103,8,0,0,0,67301,1,0,0,,1,0,0,3,67301,0,,1,1,,N,N,,0,,0,0,1,0,0,N,1153.0,1,3,0,0,0,1,0,3,4,0,2,3,,N,,,,,,,,,,,
2010028180,1930.0,1,0,0,0,0,0,0,0,0,7,0,,67,2,2010,5,40.0317,-75.0855,1926.0,6,0,0,0,0,0,0,0,0,2.0,0,0,0,19.0,3,0,0,,1,40 01:54.165,2.0,0,75 05:07.779,0,0,0,0,67301,0,0,0,N,0,0,0,1,67301,0,,5,6,,N,N,,0,,0,0,0,0,0,N,1923.0,0,1,0,0,0,0,0,3,4,0,1,3,,N,,,,,,,,,,,