CRN,ARRIVAL_TM,AUTOMOBILE_COUNT,BELTED_DEATH_COUNT,BELTED_SUSP_SERIOUS_INJ_COUNT,BICYCLE_COUNT,BICYCLE_DEATH_COUNT,BICYCLE_SUSP_SERIOUS_INJ_COUNT,BUS_COUNT,CHLDPAS_DEATH_COUNT,CHLDPAS_SUSP_SERIOUS_INJ_COUNT,COLLISION_TYPE,COMM_VEH_COUNT,CONS_ZONE_SPD_LIM,COUNTY,CRASH_MONTH,CRASH_YEAR,DAY_OF_WEEK,DEC_LAT,DEC_LONG,DISPATCH_TM,DISTRICT,DRIVER_COUNT_16YR,DRIVER_COUNT_17YR,DRIVER_COUNT_18YR,DRIVER_COUNT_19YR,DRIVER_COUNT_20YR,DRIVER_COUNT_50_64YR,DRIVER_COUNT_65_74YR,DRIVER_COUNT_75PLUS,EST_HRS_CLOSED,FATAL_COUNT,HEAVY_TRUCK_COUNT,HORSE_BUGGY_COUNT,HOUR_OF_DAY,ILLUMINATION,INJURY_COUNT,INTERSECT_TYPE,INTERSECTION_RELATED,LANE_CLOSED,LATITUDE,LN_CLOSE_DIR,LOCATION_TYPE,LONGITUDE,MAX_SEVERITY_LEVEL,MCYCLE_DEATH_COUNT,MCYCLE_SUSP_SERIOUS_INJ_COUNT,MOTORCYCLE_COUNT,MUNICIPALITY,NONMOTR_COUNT,NONMOTR_DEATH_COUNT,NONMOTR_SUSP_SERIOUS_INJ_COUNT,NTFY_HIWY_MAINT,PED_COUNT,PED_DEATH_COUNT,PED_SUSP_SERIOUS_INJ_COUNT,PERSON_COUNT,POLICE_AGCY,POSSIBLE_INJ_COUNT,RDWY_SURF_TYPE_CD,RELATION_TO_ROAD,ROAD_CONDITION,ROADWAY_CLEARED,SCH_BUS_IND,SCH_ZONE_IND,SECONDARY_CRASH,SMALL_TRUCK_COUNT,SPEC_JURIS_CD,SUSP_MINOR_INJ_COUNT,SUSP_SERIOUS_INJ_COUNT,SUV_COUNT,TCD_FUNC_CD,TCD_TYPE,TFC_DETOUR_IND,TIME_OF_DAY,TOT_INJ_COUNT,TOTAL_UNITS,UNB_DEATH_COUNT,UNB_SUSP_SERIOUS_INJ_COUNT,UNBELTED_OCC_COUNT,UNK_INJ_DEG_COUNT,UNK_INJ_PER_COUNT,URBAN_AREA,URBAN_RURAL,VAN_COUNT,VEHICLE_COUNT,WEATHER1,WEATHER2,WORK_ZONE_IND,WORK_ZONE_LOC,WORK_ZONE_TYPE,WORKERS_PRES,WZ_CLOSE_DETOUR,WZ_FLAGGER,WZ_LAW_OFFCR_IND,WZ_LN_CLOSURE,WZ_MOVING,WZ_OTHER,WZ_SHLDER_MDN,WZ_WORKERS_INJ_KILLED
2010027942,1449.0,2,0,0,0,0,0,0,0,0,1,0,,67,2,2010,4,40.1326,-75.0084,1444.0,6,0,0,1,0,0,0,0,0,1.0,0,0,0,14.0,1,1,0,,2,40 07:57.400,6.0,0,75 00:30.130,4,0,0,0,67301,0,0,0,,0,0,0,3,67301,1,,1,9,,N,,,0,,0,0,1,9,7,Y,1440.0,1,3,0,0,0,0,0,3,4,0,3,3,,N,,,,,,,,,,,
2010027958,231.0,0,0,0,0,0,0,0,0,0,7,0,,67,2,2010,7,40.0072,-75.1928,228.0,6,0,0,0,0,0,0,0,0,3.0,0,0,0,2.0,3,2,0,,2,40 00:31.262,2.0,0,75 11:25.525,4,0,0,0,67301,0,0,0,N,0,0,0,2,67301,2,,2,2,,N,N,,0,,0,0,1,0,0,Y,228.0,2,1,0,0,0,0,0,3,4,0,1,3,,N,,,,,,,,,,,
2010028085,1400.0,4,0,0,0,0,0,0,0,0,1,0,,67,1,2010,1,40.0518,-75.2253,1352.0,6,0,0,1,0,0,0,0,0,,0,0,0,13.0,1,1,2,,0,40 03:06.938,,0,75 13:32.299,4,0,0,0,67301,0,0,0,N,0,0,0,5,67301,1,,1,1,,N,N,,0,,0,0,0,3,3,,1350.0,1,4,0,0,0,0,0,3,4,0,4,3,,N,,,,,,,,,,,
2010028231,1535.0,1,0,0,0,0,0,0,0,0,8,0,,67,2,2010,6,40.0207,-75.0535,1535.0,6,0,0,1,0,0,0,0,0,1.0,0,0,0,15.0,1,1,0,,2,40 01:14.369,5.0,0,75 03:12.432,8,0,0,0,67301,1,0,0,N,1,0,0,5,67301,0,,1,9,,N,N,,0,,0,0,0,0,0,Y,1535.0,1,2,0,0,0,1,0,3,4,0,1,10,,N,,,,,,,,,,,
2010028307,1840.0,0,0,0,0,0,0,0,0,0,8,0,,67,2,2010,2,40.067,-75.0513,1835.0,6,0,0,0,0,0,0,0,0,,0,0,0,18.0,3,1,5,,0,40 04:01.364,,0,75 03:04.552,8,0,0,0,67301,1,0,0,N,1,0,0,2,67301,0,,1,1,,N,N,,0,,0,0,1,0,0,,1830.0,1,2,0,0,0,1,0,3,4,0,1,3,,N,,,,,,,,,,,
2010028367,1822.0,1,0,0,0,0,0,0,0,0,5,0,,67,1,2010,5,40.04,-75.1297,1820.0,6,0,0,0,0,0,0,0,1,,0,0,0,18.0,3,1,0,,0,40 02:24.028,,0,75 07:47.056,4,0,0,0,67301,1,0,0,N,1,0,0,2,67301,1,,1,1,,N,Y,,0,,0,0,0,0,0,,1800.0,1,2,0,0,0,0,0,3,4,0,1,3,,N,,,,,,,,,,,
2010028528,1516.0,2,0,0,0,0,0,0,0,0,1,0,,67,2,2010,4,40.1069,-75.0215,1511.0,6,0,0,0,0,0,0,1,0,1.0,0,0,0,15.0,1,0,2,,1,40 06:24.778,1.0,0,75 01:17.277,0,0,0,0,67301,0,0,0,N,0,0,0,2,67301,0,,1,1,,N,N,,0,,0,0,0,9,9,N,1508.0,0,2,0,0,0,0,0,3,4,0,2,3,,N,,,,,,,,,,,
2010028601,1145.0,2,0,0,0,0,0,0,0,0,4,0,,67,2,2010,4,39.9556,-75.2023,1145.0,6,0,0,0,0,0,0,0,0,,0,0,0,11.0,1,0,1,,0,39 57:20.286,,0,75 12:08.187,0,0,0,0,67301,0,0,0,N,0,0,0,2,67301,0,,1,1,,N,N,,0,,0,0,0,3,2,,1145.0,0,2,0,0,1,0,0,3,4,0,2,3,,N,,,,,,,,,,,
2011026233,1405.0,1,0,0,0,0,0,0,0,0,1,0,,67,5,2010,6,39.9813,-75.2516,1400.0,6,0,0,0,0,0,1,0,0,,0,0,0,13.0,1,1,0,,0,39 58:52.660,,0,75 15:05.830,4,0,0,0,67301,0,0,0,N,0,0,0,1,67301,1,,6,1,,N,N,,1,,0,0,0,0,0,,1323.0,1,2,0,0,0,0,0,3,4,0,2,3,,N,,,,,,,,,,,
2011024455,0.0,2,0,0,0,0,0,0,0,0,1,0,,67,1,2010,3,40.1,-75.0083,0.0,6,0,0,0,0,0,0,0,0,,0,0,0,10.0,1,3,1,,0,40 05:59.597,,0,75 00:29.385,3,0,0,0,67301,0,0,0,N,0,0,0,4,00000,1,,1,1,,N,N,,0,,1,0,0,3,2,,1030.0,3,2,0,0,0,1,1,3,4,0,2,3,,N,,,,,,,,,,,
2011001743,1759.0,1,0,0,0,0,0,0,0,0,4,0,,67,11,2010,6,40.0643,-75.0537,1755.0,6,0,0,1,0,1,0,0,0,,0,0,0,17.0,3,0,1,,0,40 03:51.370,,0,75 03:13.310,0,0,0,0,67301,0,0,0,N,0,0,0,3,67301,0,,1,1,,N,N,,0,,0,0,1,3,2,,1754.0,0,2,0,0,0,0,0,3,4,0,2,3,,N,,,,,,,,,,,
2011000788,319.0,1,0,0,0,0,0,0,0,0,7,0,,67,11,2010,6,39.9867,-75.2083,316.0,6,0,0,0,0,0,0,0,0,,0,0,0,3.0,3,2,1,,0,39 59:11.983,,2,75 12:29.919,4,0,0,0,67301,0,0,0,N,0,0,0,2,67301,2,,5,9,,N,N,,0,,0,0,0,0,0,,316.0,2,1,0,0,0,0,0,3,4,0,1,7,,N,,,,,,,,,,,
2011000791,20.0,1,0,0,0,0,0,0,0,0,8,0,,67,12,2010,7,39.9602,-75.1909,15.0,6,0,0,0,0,0,0,0,0,,0,0,0,0.0,3,1,2,,0,39 57:36.745,,0,75 11:27.211,3,0,0,0,67301,1,0,0,N,1,0,0,2,67301,0,,1,1,,N,N,,0,,1,0,0,0,0,,5.0,1,2,0,0,0,0,1,3,4,0,1,3,,N,,,,,,,,,,,
2011008361,828.0,1,0,0,0,0,0,0,0,0,7,0,,67,12,2010,6,39.9161,-75.2201,808.0,6,0,0,0,0,0,0,0,0,2.0,0,0,0,8.0,1,2,0,,1,39 54:59.771,3.0,0,75 13:02.807,4,0,0,0,67301,0,0,0,N,0,0,0,2,67301,2,,4,2,,N,N,,0,,0,0,0,0,0,N,804.0,2,1,0,0,0,0,0,3,4,0,1,3,,N,,,,,,,,,,,
2011008366,54.0,2,0,3,0,0,0,0,0,0,4,0,,67,12,2010,5,40.0255,-75.1254,46.0,6,0,0,0,0,0,0,0,0,3.0,0,0,0,0.0,3,3,1,,1,40 01:31.774,4.0,0,75 07:31.582,2,0,0,0,67301,0,0,0,N,0,0,0,4,67301,0,,1,1,,N,N,,0,,0,3,0,3,2,N,45.0,3,2,0,0,1,0,1,3,4,0,2,3,,N,,,,,,,,,,,
2011025699,1703.0,2,0,0,0,0,0,0,0,0,1,0,,67,5,2010,3,40.0212,-75.1133,1656.0,6,0,0,0,0,0,0,0,0,,0,0,0,16.0,1,1,0,,0,40 01:16.288,,0,75 06:47.799,4,0,0,0,67301,0,0,0,,0,0,0,2,67301,1,,1,9,,,,,0,,0,0,0,0,0,,1656.0,1,2,0,0,0,0,0,3,4,0,2,3,,N,,,,,,,,,,,
2011025725,1021.0,2,0,0,0,0,0,0,0,0,4,0,,67,6,2010,5,39.9267,-75.1557,1019.0,6,0,0,0,0,0,1,0,0,3.0,0,0,0,10.0,1,1,1,,2,39 55:36.285,2.0,0,75 09:20.638,8,0,0,0,67301,0,0,0,,0,0,0,3,67301,0,,1,1,,,,,0,,0,0,0,3,3,Y,1019.0,1,2,0,0,0,1,0,3,4,0,2,3,,N,,,,,,,,,,,
2011001056,517.0,0,0,0,0,0,0,0,0,0,1,0,,67,11,2010,3,40.0609,-75.0074,514.0,6,0,0,0,0,0,0,0,0,,0,0,0,5.0,3,0,0,,0,40 03:39.085,,0,75 00:26.460,0,0,0,0,67301,0,0,0,N,0,0,0,1,67301,0,,6,1,,N,N,,1,,0,0,1,0,0,,510.0,0,2,0,0,0,0,0,3,4,0,2,3,,N,,,,,,,,,,,
2011001071,740.0,2,0,0,0,0,0,0,0,0,1,0,,67,12,2010,4,40.0731,-75.056,738.0,6,0,0,0,0,0,1,0,0,,0,0,0,7.0,1,1,2,,0,40 04:23.322,,0,75 03:21.463,8,0,0,0,67301,0,0,0,N,0,0,0,2,67301,0,,1,9,,N,N,,0,,0,0,0,3,2,,735.0,1,2,0,0,0,1,0,3,4,0,2,7,,N,,,,,,,,,,,
2011001074,1630.0,1,0,0,0,0,0,0,0,0,1,0,,67,11,2010,2,40.0687,-75.1568,1622.0,6,0,0,0,0,0,1,0,0,,0,0,0,16.0,4,2,5,,0,40 04:07.262,,0,75 09:24.365,8,0,0,0,67301,0,0,0,N,0,0,0,2,67301,0,,1,1,,N,N,,0,,0,0,0,3,2,,1615.0,2,2,0,0,0,2,0,3,4,0,2,3,,N,,,,,,,,,,,
2011008900,2015.0,2,0,0,0,0,0,0,0,0,4,0,,67,12,2010,1,40.0009,-75.1664,2002.0,6,0,0,0,0,0,0,0,0,,0,0,0,20.0,3,0,1,,0,40 00:03.344,,0,75 09:59.158,0,0,0,0,67301,0,0,0,N,0,0,0,5,67301,0,,1,9,,N,N,,0,,0,0,2,0,0,,2000.0,0,4,0,0,0,0,0,3,4,0,4,7,,N,,,,,,,,,,,
2010058948,2135.0,3,0,0,0,0,0,0,0,0,1,0,,67,5,2010,3,39.9092,-75.173,2130.0,6,0,0,0,0,0,0,1,0,,0,0,0,21.0,3,1,0,,0,39 54:33.028,,0,75 10:22.748,8,0,0,0,67301,0,0,0,,0,0,0,4,67301,0,,1,9,,N,N,,0,,0,0,0,4,1,,2127.0,1,3,0,0,0,1,0,3,4,0,3,7,,N,,,,,,,,,,,
2010022003,1045.0,0,0,0,0,0,0,0,0,0,7,0,,67,2,2010,4,39.9364,-75.1446,1037.0,6,0,0,0,0,0,0,0,0,1.0,0,0,0,10.0,1,1,0,,2,39 56:11.002,2.0,0,75 08:40.558,8,0,0,0,67301,0,0,0,N,0,0,0,1,68K01,0,,2,6,,N,N,,1,,0,0,0,0,0,N,1032.0,1,1,0,0,0,1,0,3,4,0,1,10,,N,,,,,,,,,,,
2010030708,1353.0,0,0,0,0,0,0,0,0,0,7,0,,67,3,2010,5,39.966,-75.1865,1353.0,6,0,0,0,0,0,0,0,0,1.0,0,0,0,13.0,1,1,0,,2,39 58:02.660,4.0,0,75 11:19.652,3,0,0,0,67301,0,0,0,N,0,0,0,2,68K01,0,,2,1,,N,N,,0,,1,0,1,0,0,N,1351.0,1,1,0,0,0,0,0,3,4,0,1,3,,N,,,,,,,,,,,
2010033575,1139.0,2,0,0,0,0,0,0,0,0,5,0,,67,3,2010,4,39.9832,-75.208,1136.0,6,0,0,0,0,0,0,0,0,1.0,0,0,0,11.0,1,1,0,,1,39 59:03.845,4.0,0,75 12:29.524,8,0,0,0,67301,0,0,0,N,0,0,0,2,68K01,0,,1,1,,N,N,,0,,0,0,0,0,0,N,1131.0,1,2,0,0,0,1,1,3,4,0,2,3,,N,,,,,,,,,,,
2010033576,2017.0,2,0,0,0,0,0,0,0,0,1,0,,67,3,2010,4,39.9641,-75.1848,2013.0,6,0,0,0,0,0,0,0,0,2.0,0,0,0,20.0,3,0,0,,2,39 57:50.809,3.0,2,75 11:05.489,0,0,0,0,67301,0,0,0,N,0,0,0,4,68K01,0,,1,1,,N,N,,0,,0,0,1,3,2,N,2007.0,0,3,0,0,0,0,0,3,4,0,3,3,,N,,,,,,,,,,,
2010028321,909.0,1,0,0,0,0,0,0,0,0,8,0,,67,1,2010,7,39.999,-75.1668,908.0,6,0,0,0,0,0,0,0,0,3.0,0,0,0,9.0,1,1,0,,2,39 59:56.558,5.0,0,75 10:00.444,3,0,0,0,67301,1,0,0,N,1,0,0,2,67301,0,,1,1,,N,N,,0,,1,0,0,0,0,Y,905.0,1,2,0,0,0,0,0,3,4,0,1,3,,N,,,,,,,,,,,
2010028324,859.0,0,0,0,0,0,0,0,0,0,5,0,,67,2,2010,4,40.0702,-75.1805,859.0,6,0,0,0,0,0,2,0,0,,0,0,0,8.0,1,2,1,,0,40 04:12.656,,0,75 10:49.781,4,0,0,0,67301,0,0,0,N,0,0,0,4,67301,2,,4,9,,N,N,,0,,0,0,1,3,2,,850.0,2,2,0,0,0,0,0,3,4,1,2,98,,N,,,,,,,,,,,
2010028328,1935.0,1,0,0,0,0,0,1,0,0,5,1,,67,2,2010,3,40.0489,-75.175,1923.0,6,0,0,0,0,0,1,0,0,,0,0,0,16.0,1,1,0,,0,40 02:56.158,,0,75 10:30.087,4,0,0,0,67301,0,0,0,N,0,0,0,2,67301,1,,1,6,,N,N,,0,,0,0,0,9,2,,1600.0,1,2,0,0,0,0,0,3,4,0,2,10,,N,,,,,,,,,,,
2010028357,1335.0,1,0,0,0,0,0,0,0,0,5,1,,67,2,2010,5,40.0263,-75.0969,1327.0,6,0,0,0,0,0,0,0,0,1.0,0,1,0,13.0,1,2,2,,1,40 01:34.938,3.0,0,75 05:51.163,4,0,0,0,67301,0,0,0,N,0,0,0,3,67301,2,,1,9,,N,N,,0,,0,0,0,3,2,N,1327.0,2,2,0,0,2,0,0,3,4,0,2,10,,N,,,,,,,,,,,
2010025543,1859.0,1,0,0,0,0,0,0,0,0,1,0,,67,2,2010,4,39.9577,-75.15,1849.0,6,0,0,0,0,1,0,0,0,,0,0,0,18.0,3,1,0,,0,39 57:27.595,,0,75 09:01.163,8,0,0,0,67301,0,0,0,N,0,0,0,3,68K01,0,,1,1,,N,N,,0,,0,0,1,0,0,,1833.0,1,2,0,0,0,1,0,3,4,0,2,3,,N,,,,,,,,,,,
2010028545,215.0,1,0,0,0,0,0,0,0,0,8,0,35.0,67,2,2010,2,39.9639,-75.1349,210.0,6,0,0,1,0,0,0,0,0,9.0,0,0,0,2.0,3,1,0,,1,39 57:49.853,1.0,0,75 08:05.785,2,0,0,0,67301,1,0,1,N,1,0,1,4,67301,0,,1,1,,,,,0,,0,1,0,0,0,N,200.0,1,2,0,0,3,0,0,3,4,0,1,10,,Y,3.0,3.0,N,U,U,N,Y,U,U,U,
2010018052,1730.0,1,0,0,0,0,0,0,0,0,6,0,,67,1,2010,5,40.0122,-75.1505,1726.0,6,0,0,0,0,0,0,0,0,,0,0,0,17.0,4,2,1,,0,40 00:44.608,,0,75 09:02.004,8,0,0,0,67301,0,0,0,,0,0,0,3,67301,0,,1,1,,,,,0,,0,0,1,3,2,,1726.0,2,2,0,0,0,2,0,3,4,0,2,3,,N,,,,,,,,,,,
2010015569,2000.0,1,0,0,0,0,0,0,0,0,1,0,,67,1,2010,7,40.0298,-75.0223,2000.0,6,0,0,1,0,0,0,0,0,,0,0,0,19.0,3,2,0,,0,40 01:47.662,,0,75 01:20.149,8,0,0,0,67301,0,0,0,N,0,0,0,7,68K01,0,,1,2,,N,N,,0,,0,0,1,0,0,,1951.0,2,2,0,0,0,2,0,3,4,0,2,10,,N,,,,,,,,,,,
2010088986,724.0,2,0,0,0,0,0,0,0,0,1,0,,67,8,2010,3,39.9982,-75.0814,724.0,6,0,0,0,0,0,0,0,0,,0,0,0,7.0,1,0,0,,0,39 59:53.230,,0,75 04:53.287,0,0,0,0,67301,0,0,0,,0,0,0,3,67301,0,,1,1,,,,,0,,0,0,1,0,0,,724.0,0,3,0,0,0,0,0,3,4,0,3,3,,N,,,,,,,,,,,
2010110778,1200.0,2,0,0,0,0,0,0,0,0,4,0,,67,10,2010,2,40.0946,-75.0152,1159.0,6,0,0,0,0,0,0,0,1,1.0,0,0,0,11.0,1,2,1,,1,40 05:40.718,1.0,0,75 00:54.707,4,0,0,0,67301,0,0,0,,0,0,0,2,67301,2,,1,9,,,,,0,,0,0,0,3,2,N,1159.0,2,2,0,0,0,0,0,3,4,0,2,7,,N,,,,,,,,,,,
2010103616,1612.0,1,0,0,0,0,0,0,0,0,1,0,,67,10,2010,6,39.9744,-75.1943,1608.0,6,0,0,0,0,0,0,0,0,,0,0,0,16.0,1,1,0,,0,39 58:31.345,,0,75 11:41.021,8,0,0,0,67301,0,0,0,N,0,0,0,2,68K01,0,,1,1,,N,N,,1,,0,0,0,0,0,,1604.0,1,2,0,0,0,1,0,3,4,0,2,3,,N,,,,,,,,,,,
2011010015,9999.0,1,0,0,0,0,0,0,0,0,8,0,,67,12,2010,2,39.9821,-75.1369,1156.0,6,0,0,0,0,0,0,0,0,,0,0,0,11.0,1,1,1,,0,39 58:55.668,,0,75 08:12.695,4,0,0,0,67301,1,0,0,N,1,0,0,2,67301,1,,1,7,,N,N,,0,,0,0,0,3,2,,1150.0,1,2,0,0,0,0,0,3,4,0,1,10,,N,,,,,,,,,,,
2011010027,1015.0,1,0,0,0,0,0,0,0,0,4,0,,67,12,2010,6,39.9588,-75.2063,1010.0,6,0,0,0,0,0,0,0,0,,0,0,0,10.0,1,0,1,,0,39 57:31.834,,0,75 12:22.607,9,0,0,0,67301,0,0,0,N,0,0,0,2,67301,0,,1,1,,N,N,,0,,0,0,0,3,2,,1000.0,0,2,0,0,0,0,1,3,4,1,2,3,,N,,,,,,,,,,,
2011000562,1804.0,1,0,0,0,0,0,0,0,0,1,1,,67,12,2010,1,39.932,-75.2,1801.0,6,0,0,0,0,0,1,0,0,2.0,0,1,0,18.0,3,1,0,,2,39 55:53.704,3.0,0,75 11:59.032,8,0,0,0,67301,0,0,0,Y,0,0,0,2,68K01,0,,1,7,,N,N,,0,,0,0,0,0,0,N,1801.0,1,2,0,0,0,1,0,3,4,0,2,10,,N,,,,,,,,,,,
2011002762,9999.0,1,0,0,0,0,0,0,0,0,8,0,,67,11,2010,1,39.9942,-75.1476,9999.0,6,0,0,0,0,0,1,0,0,,0,0,0,14.0,1,1,0,,0,39 59:38.940,,0,75 08:51.450,4,0,0,0,67301,1,0,0,N,1,0,0,2,67301,1,,1,1,,N,N,,0,,0,0,0,0,0,,1420.0,1,2,0,0,0,0,0,3,4,0,1,3,,N,,,,,,,,,,,
2011022545,,2,0,0,0,0,0,0,0,0,5,0,,67,7,2010,1,,,,6,0,0,0,0,0,1,0,0,,0,0,0,6.0,1,3,0,,0,,,0,,8,0,0,0,67301,0,0,0,N,0,0,0,5,00000,0,,1,1,,N,N,,0,,0,0,1,0,0,,605.0,3,3,0,0,0,3,2,3,3,0,3,3,,N,,,,,,,,,,,
2011028841,1954.0,1,0,0,0,0,0,0,0,0,8,0,,67,5,2010,1,39.9831,-75.1505,1952.0,6,0,0,0,0,0,0,0,0,,0,0,0,19.0,4,1,0,,0,39 58:59.028,,0,75 09:01.781,4,0,0,0,67301,1,0,0,,1,0,0,2,67301,1,,1,1,,,,,0,,0,0,0,0,0,,1930.0,1,2,0,0,0,0,0,3,4,0,1,3,,N,,,,,,,,,,,
2011026295,1450.0,4,0,0,0,0,0,0,0,0,4,0,,67,6,2010,6,39.9254,-75.227,1445.0,6,0,0,0,0,0,0,0,0,,0,0,0,14.0,1,0,1,,0,39 55:31.357,,0,75 13:37.372,0,0,0,0,67301,0,0,0,N,0,0,0,1,67301,0,,1,1,,N,N,,0,,0,0,0,0,0,,1440.0,0,4,0,0,0,0,0,3,4,0,4,3,,N,,,,,,,,,,,
2011026181,151.0,2,0,0,0,0,0,0,0,0,1,0,,67,5,2010,3,40.0061,-75.091,148.0,6,0,0,0,0,0,1,0,0,,0,0,0,1.0,3,2,0,,0,40 00:21.830,,0,75 05:28.103,4,0,0,0,67301,0,0,0,,0,0,0,3,67301,1,,1,1,,,,,0,,0,0,1,0,0,,148.0,2,3,0,0,0,1,0,3,4,0,3,3,,N,,,,,,,,,,,
2011026210,2318.0,2,0,0,0,0,0,0,0,0,5,0,,67,5,2010,1,39.9935,-75.1853,2306.0,6,0,0,0,0,0,0,0,0,,0,0,0,23.0,3,1,0,,0,39 59:36.551,,0,75 11:07.176,8,0,0,0,67301,0,0,0,N,0,0,0,1,67301,0,,1,1,,N,N,,0,,0,0,0,0,0,,2305.0,1,2,0,0,0,1,0,3,4,0,2,3,,N,,,,,,,,,,,
2011026218,1541.0,3,0,0,0,0,0,0,0,0,1,0,,67,5,2010,7,39.9549,-75.2086,1538.0,6,0,0,0,0,0,0,0,0,1.0,0,0,0,15.0,1,3,0,,2,39 57:17.518,4.0,0,75 12:30.823,8,0,0,0,67301,0,0,0,N,0,0,0,4,67301,0,,1,1,,N,N,,0,,0,0,0,0,0,Y,1535.0,3,3,0,0,0,3,0,3,4,0,3,3,,N,,,,,,,,,,,
2011000827,1055.0,1,0,0,0,0,0,0,0,0,1,0,,67,12,2010,6,39.9751,-75.1948,1053.0,6,0,0,0,0,0,0,0,0,,0,0,0,10.0,1,1,0,,0,39 58:30.374,,0,75 11:41.333,8,0,0,0,67301,0,0,0,N,0,0,0,2,67301,0,,1,1,,N,N,,0,,0,0,1,3,3,,1030.0,1,2,0,0,0,1,1,3,4,0,2,3,,N,,,,,,,,,,,
2011008468,1610.0,2,0,0,0,0,0,0,0,0,1,0,,67,12,2010,4,40.0819,-75.1716,1557.0,6,0,0,0,0,0,1,0,0,,0,0,0,15.0,1,0,1,,0,40 04:54.954,,0,75 10:18.037,0,0,0,0,67301,0,0,0,N,0,0,0,4,67301,0,,1,1,,N,N,,0,,0,0,1,9,2,,1554.0,0,4,0,0,0,0,0,3,4,0,4,3,,N,,,,,,,,,,,
2011025676,1625.0,0,0,0,0,0,0,0,0,0,8,0,,67,5,2010,5,40.0398,-75.1445,1620.0,6,0,0,0,0,0,0,0,0,,0,0,0,16.0,1,1,1,,0,40 02:23.454,,0,75 08:40.429,3,0,0,0,67301,1,0,0,N,1,0,0,2,67301,0,,1,1,,N,N,,0,,1,0,0,2,2,,1620.0,1,2,0,0,0,0,0,3,4,1,1,3,,N,,,,,,,,,,,
2011025684,2001.0,0,0,0,0,0,0,0,0,0,8,0,,67,12,2010,3,39.9042,-75.1646,2000.0,6,0,0,0,0,0,0,0,0,,0,0,0,20.0,3,1,1,,0,39 54:15.296,,0,75 09:52.610,4,0,0,0,67301,1,0,0,N,1,0,0,2,67301,1,,1,7,,N,N,,0,,0,0,0,2,2,,2000.0,1,2,0,0,0,0,1,3,4,0,1,10,,N,,,,,,,,,,,
2011025770,1515.0,0,0,0,1,0,0,0,0,0,4,0,,67,5,2010,1,40.0451,-75.1371,1514.0,6,0,0,0,0,0,0,1,0,,0,0,0,15.0,1,1,1,,0,40 02:42.489,,0,75 08:13.430,4,0,0,0,67301,1,0,0,N,0,0,0,2,67301,1,,1,1,,N,N,,0,,0,0,1,3,3,,1514.0,1,2,0,0,0,0,0,3,4,0,1,3,,N,,,,,,,,,,,
2011025784,0.0,0,0,0,0,0,0,0,0,0,4,0,,67,10,2010,3,40.0826,-75.0319,0.0,6,0,0,0,0,0,0,0,0,,0,0,0,14.0,1,1,0,,0,40 04:57.264,,0,75 01:54.890,3,0,0,0,67301,0,0,0,N,0,0,0,2,00000,0,,1,1,,N,N,,0,,1,0,0,0,0,,1430.0,1,2,0,0,0,0,0,3,4,0,2,3,,N,,,,,,,,,,,
2011025361,0.0,1,0,0,0,0,0,0,0,0,1,0,,67,10,2010,6,39.9261,-75.2248,0.0,6,0,0,0,0,0,0,0,0,,0,0,0,23.0,3,3,1,,0,39 55:33.889,,0,75 13:29.313,4,0,0,0,67301,0,0,0,N,0,0,0,4,00000,3,,1,1,,N,N,,0,,0,0,0,3,2,,2300.0,3,2,0,0,0,0,0,3,4,0,2,3,,N,,,,,,,,,,,
2011015792,0.0,1,0,0,0,0,0,0,0,0,7,0,,67,11,2010,4,40.0084,-75.1312,2356.0,6,0,0,0,0,0,0,0,0,9.0,0,0,0,23.0,3,1,0,,2,40 00:30.333,5.0,0,75 07:52.471,2,0,0,0,67301,0,0,0,,0,0,0,1,67301,0,,5,1,,,,,0,,0,1,0,0,0,N,2352.0,1,1,0,0,0,0,0,3,4,0,1,3,,N,,,,,,,,,,,
2011001054,1223.0,1,0,0,0,0,0,0,0,0,1,0,,67,11,2010,5,39.9228,-75.1843,1220.0,6,0,0,0,0,0,1,0,0,,0,0,0,12.0,1,0,0,,0,39 55:23.204,,0,75 10:56.850,0,0,0,0,67301,0,0,0,N,0,0,0,2,67301,0,,1,9,,N,N,,1,,0,0,0,3,2,,1200.0,0,2,0,0,0,0,0,3,4,0,2,7,,N,,,,,,,,,,,
2011008507,153.0,0,0,0,0,0,0,0,0,0,7,0,,67,12,2010,7,39.9939,-75.0802,147.0,6,0,0,0,0,0,1,0,0,,0,0,0,1.0,3,1,0,,0,39 59:41.894,,0,75 04:40.994,3,0,0,0,67301,0,0,0,,0,0,0,1,67301,0,,1,1,,,,,0,,1,0,1,0,0,,133.0,1,1,0,0,1,0,0,3,4,0,1,3,,N,,,,,,,,,,,
2011008883,1535.0,1,0,0,0,0,0,1,0,0,4,1,,67,12,2010,2,39.985,-75.1338,1530.0,6,0,0,0,0,0,1,0,0,,0,0,0,15.0,1,1,0,,0,39 59:06.050,,0,75 08:01.578,4,0,0,0,67301,0,0,0,N,0,0,0,3,67301,1,,1,1,,N,Y,,0,,0,0,0,0,0,,1525.0,1,2,0,0,0,0,0,3,4,0,2,3,,N,,,,,,,,,,,
2011000954,2003.0,2,0,0,0,0,0,0,0,0,1,0,,67,12,2010,2,40.0169,-75.1516,2000.0,6,0,0,0,0,0,0,0,0,,0,0,0,17.0,3,1,1,,0,40 01:00.926,,0,75 09:05.632,4,0,0,0,67301,0,0,0,N,0,0,0,2,67301,1,,1,1,,N,N,,0,,0,0,0,3,2,,1715.0,1,2,0,0,0,0,1,3,4,0,2,3,,N,,,,,,,,,,,