CRN,ARRIVAL_TM,AUTOMOBILE_COUNT,BELTED_DEATH_COUNT,BELTED_SUSP_SERIOUS_INJ_COUNT,BICYCLE_COUNT,BICYCLE_DEATH_COUNT,BICYCLE_SUSP_SERIOUS_INJ_COUNT,BUS_COUNT,CHLDPAS_DEATH_COUNT,CHLDPAS_SUSP_SERIOUS_INJ_COUNT,COLLISION_TYPE,COMM_VEH_COUNT,CONS_ZONE_SPD_LIM,COUNTY,CRASH_MONTH,CRASH_YEAR,DAY_OF_WEEK,DEC_LAT,DEC_LONG,DISPATCH_TM,DISTRICT,DRIVER_COUNT_16YR,DRIVER_COUNT_17YR,DRIVER_COUNT_18YR,DRIVER_COUNT_19YR,DRIVER_COUNT_20YR,DRIVER_COUNT_50_64YR,DRIVER_COUNT_65_74YR,DRIVER_COUNT_75PLUS,EST_HRS_CLOSED,FATAL_COUNT,HEAVY_TRUCK_COUNT,HORSE_BUGGY_COUNT,HOUR_OF_DAY,ILLUMINATION,INJURY_COUNT,INTERSECT_TYPE,INTERSECTION_RELATED,LANE_CLOSED,LATITUDE,LN_CLOSE_DIR,LOCATION_TYPE,LONGITUDE,MAX_SEVERITY_LEVEL,MCYCLE_DEATH_COUNT,MCYCLE_SUSP_SERIOUS_INJ_COUNT,MOTORCYCLE_COUNT,MUNICIPALITY,NONMOTR_COUNT,NONMOTR_DEATH_COUNT,NONMOTR_SUSP_SERIOUS_INJ_COUNT,NTFY_HIWY_MAINT,PED_COUNT,PED_DEATH_COUNT,PED_SUSP_SERIOUS_INJ_COUNT,PERSON_COUNT,POLICE_AGCY,POSSIBLE_INJ_COUNT,RDWY_SURF_TYPE_CD,RELATION_TO_ROAD,ROAD_CONDITION,ROADWAY_CLEARED,SCH_BUS_IND,SCH_ZONE_IND,SECONDARY_CRASH,SMALL_TRUCK_COUNT,SPEC_JURIS_CD,SUSP_MINOR_INJ_COUNT,SUSP_SERIOUS_INJ_COUNT,SUV_COUNT,TCD_FUNC_CD,TCD_TYPE,TFC_DETOUR_IND,TIME_OF_DAY,TOT_INJ_COUNT,TOTAL_UNITS,UNB_DEATH_COUNT,UNB_SUSP_SERIOUS_INJ_COUNT,UNBELTED_OCC_COUNT,UNK_INJ_DEG_COUNT,UNK_INJ_PER_COUNT,URBAN_AREA,URBAN_RURAL,VAN_COUNT,VEHICLE_COUNT,WEATHER1,WEATHER2,WORK_ZONE_IND,WORK_ZONE_LOC,WORK_ZONE_TYPE,WORKERS_PRES,WZ_CLOSE_DETOUR,WZ_FLAGGER,WZ_LAW_OFFCR_IND,WZ_LN_CLOSURE,WZ_MOVING,WZ_OTHER,WZ_SHLDER_MDN,WZ_WORKERS_INJ_KILLED
2011000962,805.0,1,0,0,0,0,0,1,0,0,5,1,,67,12,2010,4,39.924,-75.1764,805.0,6,0,0,0,0,0,0,0,0,,0,0,0,7.0,1,0,1,,0,39 55:26.396,,0,75 10:34.928,0,0,0,0,67301,0,0,0,N,0,0,0,24,67301,0,,1,9,,Y,N,,0,,0,0,0,3,3,,755.0,0,2,0,0,0,0,0,3,4,0,2,7,,N,,,,,,,,,,,
2011000979,2055.0,0,0,0,0,0,0,0,0,0,4,0,,67,11,2010,1,40.0308,-75.1581,2051.0,6,0,0,0,0,0,2,0,0,,0,0,0,20.0,2,1,1,,0,40 01:50.880,,0,75 09:29.185,4,0,0,0,67301,0,0,0,N,0,0,0,2,67301,1,,1,1,,N,N,,0,,0,0,2,3,3,,2020.0,1,2,0,0,0,0,0,3,4,0,2,3,,N,,,,,,,,,,,
2011015920,1608.0,4,0,0,0,0,0,0,0,0,4,0,,67,12,2010,4,39.9595,-75.162,1554.0,6,0,0,0,0,0,1,0,0,,0,0,0,15.0,1,0,1,,0,39 57:34.089,,0,75 09:43.114,0,0,0,0,67301,0,0,0,N,0,0,0,4,67301,0,,1,1,,,,,1,,0,0,0,3,2,,1543.0,0,5,0,0,0,0,0,3,4,0,5,3,,N,,,,,,,,,,,
2010069678,1020.0,1,0,0,0,0,0,0,0,0,4,0,,67,6,2010,5,39.9552,-75.2208,1015.0,6,0,0,0,0,0,1,0,0,,0,0,0,8.0,1,1,2,,0,39 57:18.680,,0,75 13:14.991,4,0,0,0,67301,0,0,0,N,0,0,0,2,67301,1,,1,1,,N,N,,0,,0,0,1,3,3,,835.0,1,2,0,0,0,0,1,3,4,0,2,3,,N,,,,,,,,,,,
2010070014,1640.0,1,0,0,0,0,0,0,0,0,8,0,,67,6,2010,6,39.908,-75.1732,1640.0,6,0,0,0,0,0,0,0,0,,0,0,0,16.0,1,1,2,,0,39 54:29.105,,0,75 10:24.817,8,0,0,0,67301,1,0,0,N,1,0,0,2,67301,0,,1,1,,N,N,,0,,0,0,0,3,2,,1640.0,1,2,0,0,0,1,0,3,4,0,1,3,,N,,,,,,,,,,,
2011008299,2120.0,1,0,0,0,0,0,0,0,0,8,0,,67,12,2010,6,39.9929,-75.1731,2117.0,6,0,0,0,0,0,1,0,0,,0,0,0,21.0,3,1,0,,0,39 59:34.390,,0,75 10:23.130,4,0,0,0,67301,1,0,0,,1,0,0,2,67301,1,,1,1,,N,N,,0,,0,0,0,0,0,,2115.0,1,2,0,0,0,0,0,3,4,0,1,3,,N,,,,,,,,,,,
2010058940,2035.0,0,0,0,0,0,0,0,0,0,0,0,,67,5,2010,5,40.0037,-75.1693,2032.0,6,0,0,0,0,0,0,0,0,,0,0,0,20.0,3,1,0,,0,40 00:13.368,,7,75 10:09.568,4,0,0,1,67301,0,0,0,N,0,0,0,1,67301,1,,2,1,,N,N,,0,,0,0,0,0,0,,2031.0,1,2,0,0,0,0,0,3,4,0,1,3,,N,,,,,,,,,,,
2010019424,2000.0,2,0,0,0,0,0,0,0,0,1,0,,67,1,2010,1,39.9853,-75.1788,1950.0,6,0,0,0,0,0,0,0,0,,0,0,0,19.0,3,1,2,,0,39 59:06.953,,0,75 10:43.660,8,0,0,0,67301,0,0,0,N,0,0,0,3,67301,0,,1,1,,N,N,,0,,0,0,0,3,2,,1945.0,1,2,0,0,1,1,1,3,4,0,2,3,,N,,,,,,,,,,,
2010028176,1702.0,0,0,0,0,0,0,0,0,0,8,0,,67,1,2010,2,39.9671,-75.1621,1701.0,6,0,0,0,0,0,0,0,0,,0,0,0,16.0,4,1,1,,0,39 58:01.549,,0,75 09:43.675,3,0,0,0,67301,1,0,0,N,1,0,0,2,67301,0,,1,9,,N,N,,1,,1,0,0,3,2,,1658.0,1,2,0,0,0,0,0,3,4,0,1,7,,N,,,,,,,,,,,
2010027934,1410.0,2,0,0,0,0,0,0,0,0,4,0,,67,1,2010,5,40.0086,-75.0688,1405.0,6,0,0,0,1,0,1,0,0,2.0,0,0,0,14.0,1,1,1,,2,40 00:31.249,3.0,0,75 04:07.877,8,0,0,0,67301,0,0,0,N,0,0,0,2,67301,0,,1,1,,N,N,,0,,0,0,0,3,2,Y,1400.0,1,2,0,0,1,1,0,3,4,0,2,3,,N,,,,,,,,,,,
2010027954,236.0,1,0,0,0,0,0,0,0,0,7,0,,67,1,2010,1,39.9709,-75.2409,234.0,6,0,0,0,0,0,0,0,0,,0,0,0,2.0,3,1,1,,0,39 58:15.164,,0,75 14:27.109,4,0,0,0,67301,0,0,0,N,0,0,0,1,67301,1,,2,9,,N,N,,1,,0,0,0,3,2,,229.0,1,2,0,0,0,0,0,3,4,0,2,10,,N,,,,,,,,,,,
2010028239,730.0,1,0,0,0,0,0,0,0,0,7,0,,67,2,2010,6,40.045,-75.008,727.0,6,0,0,0,0,0,0,0,0,1.0,0,0,0,7.0,1,1,2,,1,40 02:42.214,1.0,0,75 00:28.437,4,0,0,0,67301,0,0,0,N,0,0,0,1,67301,1,,4,1,,N,N,,0,,0,0,0,2,2,N,726.0,1,1,0,0,0,0,0,3,4,0,1,3,,N,,,,,,,,,,,
2010028255,130.0,1,0,0,0,0,0,0,0,0,2,0,,67,2,2010,6,39.9548,-75.1833,129.0,6,0,0,0,0,0,0,0,0,,0,0,0,1.0,3,0,1,,0,39 57:17.536,,0,75 11:01.771,0,0,0,0,67301,0,0,0,N,0,0,0,3,67301,0,,1,1,,N,N,,0,,0,0,1,3,2,,100.0,0,2,0,0,1,0,0,3,4,0,2,3,,N,,,,,,,,,,,
2010028280,935.0,1,0,0,0,0,0,0,0,0,2,0,,67,1,2010,6,39.9246,-75.15,929.0,6,0,0,0,0,0,0,1,0,1.0,0,0,0,9.0,1,1,0,,2,39 55:28.718,2.0,0,75 08:59.924,3,0,0,0,67301,0,0,0,N,0,0,0,1,67301,0,,1,9,,N,N,,2,,1,0,0,0,0,Y,927.0,1,3,0,0,0,0,0,3,4,0,3,3,,N,,,,,,,,,,,
2010028293,1310.0,1,0,0,0,0,0,0,0,0,4,0,,67,1,2010,2,39.9561,-75.238,1310.0,6,0,0,0,0,0,0,0,0,,0,0,0,12.0,1,3,1,,0,39 57:21.859,,0,75 14:16.659,3,0,0,0,67301,0,0,0,N,0,0,0,4,67301,0,,1,9,,N,N,,0,,1,0,1,1,2,,1244.0,3,2,0,0,0,2,0,3,4,0,2,7,,N,,,,,,,,,,,
2010028355,1850.0,1,0,0,0,0,0,0,0,0,4,0,,67,2,2010,4,40.0361,-75.0879,1850.0,6,0,0,0,0,0,0,0,0,2.0,0,0,0,18.0,3,0,1,,2,40 02:09.822,7.0,0,75 05:16.321,0,0,0,0,67301,0,0,0,N,0,0,0,4,67301,0,,1,1,,N,N,,0,,0,0,1,3,2,Y,1850.0,0,3,0,0,0,0,0,3,4,1,3,3,,N,,,,,,,,,,,
2010025546,638.0,1,0,0,0,0,0,0,0,0,7,0,,67,2,2010,7,39.9659,-75.1367,626.0,6,0,0,0,0,0,0,0,0,2.0,0,0,0,6.0,5,0,0,,1,39 57:56.916,2.0,0,75 08:12.587,0,0,0,0,67301,0,0,0,N,0,0,0,1,68K01,0,,3,9,,N,N,,0,,0,0,0,0,0,N,623.0,0,1,0,0,0,0,0,3,4,0,1,3,,N,,,,,,,,,,,
2010028544,1035.0,0,0,0,0,0,0,0,0,0,8,0,,67,2,2010,4,39.9562,-75.1627,1034.0,6,0,0,0,0,0,1,0,0,,0,0,0,10.0,1,1,1,,0,39 57:22.420,,0,75 09:45.641,3,0,0,0,67301,1,0,0,N,1,0,0,2,67301,0,,1,1,,,,,1,,1,0,0,3,2,,1034.0,1,2,0,0,0,0,0,3,4,0,1,3,,N,,,,,,,,,,,
2010088966,2345.0,0,0,0,0,0,0,0,0,0,4,0,,67,7,2010,6,39.9578,-75.1642,2343.0,6,0,0,0,0,0,0,0,0,,0,0,0,23.0,3,3,2,,0,39 57:27.855,,0,75 09:51.050,3,0,0,0,67301,0,0,0,,0,0,0,3,67301,1,,3,1,,,N,,2,,2,0,0,3,2,,2340.0,3,2,0,0,0,0,0,3,4,0,2,3,,N,,,,,,,,,,,
2010088973,813.0,2,0,0,0,0,0,0,0,0,4,0,,67,7,2010,7,39.9727,-75.1791,800.0,6,0,0,0,0,0,0,0,0,,0,0,0,8.0,1,1,1,,0,39 58:21.556,,0,75 10:44.875,3,0,0,0,67301,0,0,0,N,0,0,0,3,67301,0,,1,1,,N,N,,0,,1,0,0,3,2,,800.0,1,2,0,0,0,0,0,3,4,0,2,3,,N,,,,,,,,,,,
2011010033,1957.0,2,0,0,0,0,0,0,0,0,5,0,,67,12,2010,6,39.8999,-75.2069,1952.0,6,0,0,0,0,0,0,0,0,,0,0,0,99.0,3,1,0,,0,39 53:59.835,,0,75 12:24.615,4,0,0,0,67301,0,0,0,,0,0,0,4,67301,1,,1,2,,,,,0,,0,0,0,0,0,,9999.0,1,2,0,0,0,0,0,3,4,0,2,99,,N,,,,,,,,,,,
2011007670,436.0,1,0,0,0,0,0,0,0,0,7,0,,67,12,2010,5,39.9241,-75.1924,424.0,6,0,0,0,0,0,0,0,0,2.0,0,0,0,4.0,3,0,0,,1,39 55:32.067,4.0,0,75 11:37.340,0,0,0,0,67301,0,0,0,N,0,0,0,1,68K01,0,,4,2,,N,N,,0,,0,0,0,0,0,N,424.0,0,1,0,0,0,0,0,3,4,0,1,3,,N,,,,,,,,,,,
2011008272,1615.0,1,0,0,0,0,0,0,0,0,4,0,,67,12,2010,5,40.0167,-75.2025,1550.0,6,0,0,0,1,0,1,0,0,,0,0,0,15.0,1,0,0,,0,40 01:00.010,,0,75 12:09.030,0,0,0,0,67301,0,0,0,N,0,0,0,2,67301,0,,1,2,,,N,,0,,0,0,1,0,0,,1550.0,0,2,0,0,0,0,0,3,4,0,2,10,,N,,,,,,,,,,,
2011010043,2256.0,1,0,0,0,0,0,0,0,0,7,0,,67,12,2010,1,40.0509,-75.0509,2248.0,6,0,0,0,0,1,0,0,0,1.0,0,0,0,22.0,3,1,0,,1,40 03:03.199,1.0,0,75 03:03.294,4,0,0,0,67301,0,0,0,N,0,0,0,1,67301,1,,2,7,,N,N,,0,,0,0,0,0,0,N,2230.0,1,1,0,0,0,0,0,3,4,0,1,10,,N,,,,,,,,,,,
2011038773,1201.0,1,0,0,0,0,0,0,0,0,1,0,,67,3,2010,2,40.0992,-75.0123,1157.0,6,0,0,0,0,0,1,0,0,,0,0,0,11.0,1,1,1,,0,40 05:57.051,,0,75 00:44.384,8,0,0,0,67301,0,0,0,N,0,0,0,2,67301,0,,1,1,,N,N,,1,,0,0,0,3,2,,1155.0,1,2,0,0,0,1,0,3,4,0,2,3,,N,,,,,,,,,,,
2011026293,1011.0,1,0,0,0,0,0,0,0,0,4,0,,67,5,2010,6,40.0242,-75.1328,1009.0,6,0,0,0,0,0,0,0,0,,0,0,0,10.0,1,1,1,,0,40 01:26.988,,0,75 07:59.257,4,0,0,0,67301,0,0,0,N,0,0,0,4,67301,1,,1,1,,N,N,,1,,0,0,0,3,2,,1005.0,1,2,0,0,0,0,0,3,4,0,2,3,,N,,,,,,,,,,,
2011026202,1623.0,1,0,0,0,0,0,0,0,0,7,0,,67,5,2010,5,39.9932,-75.1697,1619.0,6,0,0,0,0,0,0,0,0,2.0,0,0,0,99.0,1,1,2,,1,39 59:35.664,3.0,0,75 10:11.063,8,0,0,0,67301,0,0,0,,0,0,0,1,67301,0,,5,1,,,,,0,,0,0,0,3,3,N,9999.0,1,1,0,0,0,1,0,3,4,0,1,3,,N,,,,,,,,,,,
2011009837,136.0,1,1,0,0,0,0,0,0,0,1,1,,67,12,2010,5,40.0195,-75.05,134.0,6,0,0,0,0,0,0,0,0,,1,1,0,1.0,3,0,0,,0,40 01:10.069,,0,75 02:59.912,1,0,0,0,67301,0,0,0,,0,0,0,1,67301,0,2.0,1,9,,N,N,,0,0.0,0,0,0,0,0,,133.0,0,2,0,0,0,0,0,3,4,0,2,98,,N,,,,,,,,,,,
2011024363,0.0,1,0,0,0,0,0,1,0,0,1,1,,67,5,2010,4,39.9601,-75.1793,0.0,6,0,0,0,0,0,0,1,0,,0,0,0,17.0,4,1,0,,0,39 57:37.575,,0,75 10:52.387,3,0,0,0,67301,0,0,0,,0,0,0,2,00000,0,,1,1,,,,,0,,1,0,0,0,0,,1700.0,1,2,0,0,0,0,0,3,4,0,2,3,,N,,,,,,,,,,,
2011024423,0.0,0,0,0,0,0,0,0,0,0,8,0,,67,5,2010,3,40.0127,-75.1419,0.0,6,0,0,0,0,0,0,0,0,,0,0,0,22.0,6,1,0,,0,40 00:45.690,,0,75 08:30.660,4,0,0,0,67301,1,0,0,,1,0,0,2,00000,1,,1,1,,,,,1,,0,0,0,0,0,,2230.0,1,2,0,0,0,0,0,3,4,0,1,3,,N,,,,,,,,,,,
2011001730,646.0,2,0,0,0,0,0,0,0,0,1,1,,67,12,2010,4,40.0185,-75.1671,636.0,6,0,0,0,0,0,2,0,0,1.0,0,1,0,6.0,3,1,6,,1,40 01:06.762,4.0,2,75 10:01.463,3,0,0,0,67301,0,0,0,N,0,0,0,3,67301,0,,1,9,,N,N,,0,,1,0,0,3,8,N,625.0,1,3,0,0,0,0,0,3,4,0,3,7,,N,,,,,,,,,,,
2011006776,1738.0,2,0,0,0,0,0,0,0,0,4,0,,67,11,2010,7,40.0169,-75.1515,1737.0,6,0,0,0,0,0,0,0,0,2.0,0,0,0,17.0,3,0,1,,1,40 01:00.965,2.0,0,75 09:05.545,0,0,0,0,67301,0,0,0,,0,0,0,2,67301,0,,1,1,,,,,0,,0,0,0,3,2,Y,1707.0,0,2,0,0,0,0,0,3,4,0,2,3,,N,,,,,,,,,,,
2011008362,1818.0,2,0,0,0,0,0,0,0,0,1,0,,67,12,2010,5,40.0143,-75.0846,1804.0,6,0,0,0,0,0,0,0,0,,0,0,0,99.0,3,1,1,,0,40 00:51.627,,0,75 05:04.721,8,0,0,0,67301,0,0,0,N,0,0,0,4,67301,0,,1,2,,N,N,,0,,0,0,0,3,3,,9999.0,1,2,0,0,0,1,0,3,4,0,2,10,,N,,,,,,,,,,,
2011008458,122.0,1,0,0,0,0,0,0,0,0,7,0,,67,12,2010,6,39.9554,-75.2,121.0,6,0,0,0,0,0,1,0,0,,0,0,0,1.0,3,1,0,,0,39 57:19.263,,0,75 11:59.801,8,0,0,0,67301,0,0,0,N,0,0,0,1,67301,0,,5,9,,N,N,,0,,0,0,0,0,0,,121.0,1,1,0,0,1,1,0,3,4,0,1,98,,N,,,,,,,,,,,
2011025722,1450.0,1,0,0,0,0,0,0,0,0,8,0,,67,5,2010,5,40.0269,-75.0398,1445.0,6,0,0,0,0,0,0,0,0,,0,0,0,18.0,8,1,0,,0,40 01:36.991,,0,75 02:23.380,8,0,0,0,67301,1,0,0,,1,0,0,2,67301,0,,1,98,,N,N,,0,,0,0,0,0,0,,1800.0,1,2,0,0,0,1,0,3,4,0,1,99,,N,,,,,,,,,,,
2011027938,1956.0,1,0,0,0,0,0,0,0,0,2,0,,67,5,2010,6,39.9894,-75.1046,1954.0,6,0,0,0,0,0,1,0,0,,0,0,0,19.0,1,1,0,,0,39 59:21.811,,0,75 06:16.705,8,0,0,0,67301,0,0,0,,0,0,0,2,67301,0,,1,1,,,,,0,,0,0,1,0,0,,1951.0,1,2,0,0,0,1,0,3,4,0,2,3,,N,,,,,,,,,,,
2011027977,1121.0,0,0,0,0,0,0,0,0,0,8,0,,67,5,2010,6,40.0531,-75.1249,1120.0,6,0,0,0,0,0,0,0,0,,0,0,0,10.0,1,1,1,,0,40 03:11.098,,0,75 07:29.798,4,0,0,0,67301,1,0,0,N,1,0,0,2,67301,1,,1,1,,N,N,,0,,0,0,0,9,3,,1035.0,1,2,0,0,0,0,0,3,4,0,1,3,,N,,,,,,,,,,,
2011023288,0.0,2,0,0,0,0,0,0,0,0,1,0,,67,5,2010,6,40.0203,-75.1145,0.0,6,0,0,0,0,0,1,0,0,,0,0,0,16.0,1,1,0,,0,40 01:13.160,,0,75 06:52.060,4,0,0,0,67301,0,0,0,,0,0,0,2,00000,1,,1,1,,,,,0,,0,0,0,0,0,,1630.0,1,2,0,0,0,0,0,3,4,0,2,3,,N,,,,,,,,,,,
2011025769,1558.0,0,0,0,0,0,0,0,0,0,4,0,,67,6,2010,1,39.9583,-75.1641,1554.0,6,0,0,0,0,0,0,0,0,,0,0,0,15.0,1,3,1,,0,39 57:29.829,,0,75 09:50.647,4,0,0,0,67301,0,0,0,N,0,0,0,6,67301,3,,1,1,,N,N,,0,,0,0,3,3,2,,1545.0,3,3,0,0,0,0,0,3,4,0,3,3,,N,,,,,,,,,,,
2011025490,326.0,1,0,0,0,0,0,0,0,0,7,0,,67,12,2010,1,39.9604,-75.1818,320.0,6,0,0,0,0,0,0,0,0,1.0,0,0,0,3.0,3,0,3,,1,39 57:41.049,3.0,0,75 10:57.066,0,0,0,0,67301,0,0,0,N,0,0,0,1,68K01,0,,7,1,,N,N,,0,,0,0,0,0,0,N,315.0,0,1,0,0,0,0,0,3,4,0,1,3,,N,,,,,,,,,,,
2011025311,0.0,2,0,0,0,0,0,0,0,0,4,0,,67,11,2010,2,40.0468,-75.1375,0.0,6,0,0,0,0,0,1,0,0,,0,0,0,8.0,1,5,1,,0,40 02:48.484,,0,75 08:15.133,3,0,0,0,67301,0,0,0,,0,0,0,6,00000,0,,1,1,,,,,0,,5,0,0,3,2,,830.0,5,2,0,0,0,0,1,3,4,0,2,3,,N,,,,,,,,,,,
2011024879,0.0,0,0,0,0,0,0,0,0,0,0,0,,67,10,2010,5,39.945,-75.1485,0.0,6,0,0,0,0,0,0,0,0,,0,0,0,19.0,6,1,1,,0,39 56:41.827,,0,75 08:54.427,4,0,0,1,67301,0,0,0,,0,0,0,1,00000,1,,1,9,,,,,0,,0,0,0,3,2,,1915.0,1,1,0,0,0,0,0,3,4,0,1,7,,N,,,,,,,,,,,
2011008503,838.0,0,0,0,0,0,0,0,0,0,8,0,,67,12,2010,2,40.0076,-75.1273,815.0,6,0,0,0,0,0,0,0,0,,0,0,0,8.0,1,2,1,,0,40 00:27.502,,0,75 07:38.377,4,0,0,0,67301,2,0,0,N,2,0,0,3,67301,2,,1,1,,N,N,,0,,0,0,1,3,2,,800.0,2,3,0,0,0,0,0,3,4,0,1,3,,N,,,,,,,,,,,
2011008531,113.0,1,0,0,0,0,0,0,0,0,7,0,,67,12,2010,5,40.021,-75.1006,112.0,6,0,0,0,0,0,0,0,0,,0,0,0,0.0,3,2,2,,0,40 01:15.679,,0,75 06:02.289,8,0,0,0,67301,0,0,0,N,0,0,0,2,67301,0,,5,1,,N,N,,0,,0,0,0,0,0,,55.0,2,1,0,0,0,2,0,3,4,0,1,3,,N,,,,,,,,,,,
2011008535,20.0,1,0,0,0,0,0,0,0,0,7,0,,67,12,2010,5,39.9399,-75.1831,2353.0,6,0,0,0,0,0,0,0,0,,0,0,0,23.0,3,1,0,,0,39 56:23.559,,0,75 10:59.058,3,0,0,0,67301,0,0,0,N,0,0,0,1,67301,0,,5,1,,N,N,,0,,1,0,0,3,2,,2350.0,1,1,0,0,0,0,0,3,4,0,1,3,,N,,,,,,,,,,,
2011000961,117.0,2,0,0,0,0,0,0,0,0,5,0,,67,11,2010,3,39.9889,-75.1606,116.0,6,0,0,0,0,0,0,0,0,2.0,0,0,0,1.0,3,0,0,,2,39 59:19.968,2.0,0,75 09:38.210,0,0,0,0,67301,0,0,0,N,0,0,0,1,67301,0,,1,1,,N,N,,0,,0,0,2,0,0,N,115.0,0,4,0,0,0,0,0,3,4,0,4,3,,N,,,,,,,,,,,
2010104640,1041.0,3,0,0,0,0,0,0,0,0,1,0,,67,10,2010,7,40.0037,-75.0772,1037.0,6,0,0,0,0,0,2,0,0,2.0,0,0,0,10.0,1,4,0,,1,40 00:13.149,2.0,0,75 04:38.227,8,0,0,0,67301,0,0,0,N,0,0,0,4,68K01,0,,1,1,,N,N,,0,,0,0,0,0,0,N,1034.0,4,3,0,0,0,4,0,3,4,0,3,3,,N,,,,,,,,,,,
2010069916,1700.0,1,0,0,0,0,0,1,0,0,1,1,,67,6,2010,1,40.0309,-75.1667,1651.0,6,0,0,0,0,0,0,0,0,,0,0,0,15.0,1,1,2,,0,40 01:51.237,,0,75 09:59.999,4,0,0,0,67301,0,0,0,N,0,0,0,3,67301,1,,1,1,,N,N,,0,,0,0,0,3,3,,1524.0,1,2,0,0,0,0,2,3,4,0,2,3,,N,,,,,,,,,,,
2010070775,2138.0,1,0,0,0,0,0,0,0,0,1,0,,67,6,2010,5,40.043,-75.1138,2136.0,6,0,0,0,0,0,0,0,0,,0,0,0,20.0,3,1,0,,0,40 02:34.819,,0,75 06:49.762,8,0,0,1,67301,0,0,0,N,0,0,0,2,67301,0,,1,1,,N,N,,0,,0,0,0,0,0,,2040.0,1,2,0,0,0,1,0,3,4,0,2,3,,N,,,,,,,,,,,
2010044814,2020.0,2,0,0,0,0,0,0,0,0,4,0,,67,4,2010,1,39.9589,-75.1567,2012.0,6,0,0,0,0,0,0,0,0,,0,0,0,20.0,2,1,1,,0,39 57:32.119,,0,75 09:24.206,4,0,0,0,67301,0,0,0,N,0,0,0,3,67301,1,,1,1,,N,N,,0,,0,0,0,3,2,,2010.0,1,2,0,0,0,0,0,3,4,0,2,3,,N,,,,,,,,,,,
2010069575,1453.0,1,0,0,1,0,0,0,0,0,4,0,,67,6,2010,2,39.987,-75.1744,1451.0,6,0,0,0,0,0,0,1,0,,0,0,0,14.0,1,1,1,,0,39 59:13.322,,0,75 10:27.753,4,0,0,0,67301,1,0,0,,0,0,0,2,67301,1,,1,1,,N,N,,0,,0,0,0,3,2,,1450.0,1,2,0,0,0,0,0,3,4,0,1,3,,N,,,,,,,,,,,
2010067080,1849.0,2,0,0,0,0,0,0,0,0,7,0,,67,6,2010,5,39.9647,-75.2237,1844.0,6,0,1,0,0,0,0,0,0,1.0,0,0,0,18.0,1,0,0,,1,39 57:52.328,4.0,0,75 13:23.587,0,0,0,0,67301,0,0,0,N,0,0,0,1,67301,0,,5,1,,N,N,,0,,0,0,0,0,0,N,1842.0,0,2,0,0,1,0,0,3,4,0,2,3,,N,,,,,,,,,,,
2010069665,1018.0,1,0,0,0,0,0,0,0,0,1,0,,67,6,2010,1,39.9979,-75.1043,1018.0,6,0,0,0,0,0,1,0,0,,0,0,0,10.0,1,0,1,,0,39 59:52.368,,0,75 06:15.638,0,0,0,0,67301,0,0,0,N,0,0,0,2,67301,0,,1,1,,N,N,,0,,0,0,1,3,2,,1015.0,0,2,0,0,0,0,0,3,4,0,2,3,,N,,,,,,,,,,,
2010074088,124.0,1,0,0,0,0,0,0,0,0,4,0,,67,6,2010,6,40.0086,-75.0688,114.0,6,0,0,1,0,1,0,0,0,4.0,1,0,0,1.0,3,0,1,,2,40 00:31.034,7.0,0,75 04:07.810,1,1,0,1,67301,0,0,0,,0,0,0,2,67301,0,2.0,1,1,,N,N,,0,0.0,0,0,0,3,2,Y,106.0,0,2,0,0,0,0,0,3,4,0,2,3,,N,,,,,,,,,,,
2010081804,1630.0,1,0,0,0,0,0,0,0,0,4,0,,67,7,2010,4,39.9345,-75.2245,1624.0,6,0,0,0,0,0,1,0,0,,0,0,0,14.0,1,2,1,,0,39 56:04.228,,0,75 13:28.203,4,0,0,0,67301,0,0,0,N,0,0,0,5,67301,2,,1,1,,N,N,,0,,0,0,1,3,3,,1400.0,2,2,0,0,0,0,2,3,4,0,2,3,,N,,,,,,,,,,,
2010069959,1953.0,1,0,0,0,0,0,0,0,0,8,0,,67,6,2010,7,39.9965,-75.1378,1951.0,6,0,0,0,0,0,0,0,0,,0,0,0,19.0,1,1,2,,0,39 59:47.400,,0,75 08:16.072,3,0,0,0,67301,1,0,0,N,1,0,0,2,67301,0,,1,1,,N,N,,0,,1,0,0,0,0,,1945.0,1,2,0,0,0,0,1,3,4,0,1,3,,N,,,,,,,,,,,
2010069985,59.0,1,0,0,0,0,0,0,0,0,8,0,,67,6,2010,7,40.0155,-75.1388,47.0,6,0,0,0,0,0,0,0,0,,0,0,0,23.0,3,1,1,,0,40 00:55.846,,0,75 08:19.712,8,0,0,0,67301,1,0,0,N,1,0,0,2,67301,0,,1,1,,N,N,,0,,0,0,0,3,2,,2300.0,1,2,0,0,0,1,0,3,4,0,1,3,,N,,,,,,,,,,,
2010070017,1738.0,0,0,0,0,0,0,0,0,0,4,0,,67,6,2010,5,39.9617,-75.1365,1734.0,6,0,0,0,0,0,0,0,0,,0,0,0,17.0,1,1,2,,0,39 57:41.407,,0,75 08:11.675,4,0,0,1,67301,0,0,0,N,0,0,0,2,67301,1,,1,1,,N,N,,0,,0,0,0,3,2,,1715.0,1,2,0,0,0,0,0,3,4,1,2,3,,N,,,,,,,,,,,
2010071748,626.0,0,0,0,0,0,0,0,0,0,1,2,,67,7,2010,5,,,626.0,6,0,0,0,0,0,0,0,0,,0,2,0,6.0,1,0,0,,0,,,3,,0,0,0,0,67301,0,0,0,N,0,0,0,2,67501,0,,1,1,,N,N,,0,,0,0,0,3,8,,625.0,0,2,0,0,0,0,0,3,3,0,2,3,,N,,,,,,,,,,,