CRN,ARRIVAL_TM,AUTOMOBILE_COUNT,BELTED_DEATH_COUNT,BELTED_SUSP_SERIOUS_INJ_COUNT,BICYCLE_COUNT,BICYCLE_DEATH_COUNT,BICYCLE_SUSP_SERIOUS_INJ_COUNT,BUS_COUNT,CHLDPAS_DEATH_COUNT,CHLDPAS_SUSP_SERIOUS_INJ_COUNT,COLLISION_TYPE,COMM_VEH_COUNT,CONS_ZONE_SPD_LIM,COUNTY,CRASH_MONTH,CRASH_YEAR,DAY_OF_WEEK,DEC_LAT,DEC_LONG,DISPATCH_TM,DISTRICT,DRIVER_COUNT_16YR,DRIVER_COUNT_17YR,DRIVER_COUNT_18YR,DRIVER_COUNT_19YR,DRIVER_COUNT_20YR,DRIVER_COUNT_50_64YR,DRIVER_COUNT_65_74YR,DRIVER_COUNT_75PLUS,EST_HRS_CLOSED,FATAL_COUNT,HEAVY_TRUCK_COUNT,HORSE_BUGGY_COUNT,HOUR_OF_DAY,ILLUMINATION,INJURY_COUNT,INTERSECT_TYPE,INTERSECTION_RELATED,LANE_CLOSED,LATITUDE,LN_CLOSE_DIR,LOCATION_TYPE,LONGITUDE,MAX_SEVERITY_LEVEL,MCYCLE_DEATH_COUNT,MCYCLE_SUSP_SERIOUS_INJ_COUNT,MOTORCYCLE_COUNT,MUNICIPALITY,NONMOTR_COUNT,NONMOTR_DEATH_COUNT,NONMOTR_SUSP_SERIOUS_INJ_COUNT,NTFY_HIWY_MAINT,PED_COUNT,PED_DEATH_COUNT,PED_SUSP_SERIOUS_INJ_COUNT,PERSON_COUNT,POLICE_AGCY,POSSIBLE_INJ_COUNT,RDWY_SURF_TYPE_CD,RELATION_TO_ROAD,ROAD_CONDITION,ROADWAY_CLEARED,SCH_BUS_IND,SCH_ZONE_IND,SECONDARY_CRASH,SMALL_TRUCK_COUNT,SPEC_JURIS_CD,SUSP_MINOR_INJ_COUNT,SUSP_SERIOUS_INJ_COUNT,SUV_COUNT,TCD_FUNC_CD,TCD_TYPE,TFC_DETOUR_IND,TIME_OF_DAY,TOT_INJ_COUNT,TOTAL_UNITS,UNB_DEATH_COUNT,UNB_SUSP_SERIOUS_INJ_COUNT,UNBELTED_OCC_COUNT,UNK_INJ_DEG_COUNT,UNK_INJ_PER_COUNT,URBAN_AREA,URBAN_RURAL,VAN_COUNT,VEHICLE_COUNT,WEATHER1,WEATHER2,WORK_ZONE_IND,WORK_ZONE_LOC,WORK_ZONE_TYPE,WORKERS_PRES,WZ_CLOSE_DETOUR,WZ_FLAGGER,WZ_LAW_OFFCR_IND,WZ_LN_CLOSURE,WZ_MOVING,WZ_OTHER,WZ_SHLDER_MDN,WZ_WORKERS_INJ_KILLED
2010074579,1405.0,1,0,0,0,0,0,0,0,0,2,1,,67,6,2010,5,40.0138,-75.1259,1400.0,6,0,0,0,0,1,0,0,0,,0,1,0,14.0,1,1,0,,0,40 00:49.837,,7,75 07:33.385,4,0,0,0,67301,0,0,0,N,0,0,0,5,67301,1,,1,1,,N,N,,0,,0,0,0,2,2,,1400.0,1,2,0,0,2,0,0,3,4,0,2,3,,N,,,,,,,,,,,
2010027896,9999.0,2,0,0,0,0,0,0,0,0,2,0,,67,2,2010,4,39.9334,-75.2392,1143.0,6,0,0,0,0,0,0,0,0,,0,0,0,11.0,1,1,0,,0,39 56:00.408,,0,75 14:21.068,8,0,0,0,67301,0,0,0,,0,0,0,2,67301,0,,1,7,,N,N,,0,,0,0,0,0,0,,1140.0,1,2,0,0,0,1,0,3,4,0,2,10,,N,,,,,,,,,,,
2010027902,2005.0,1,0,0,0,0,0,0,0,0,8,0,,67,3,2010,3,40.0368,-75.0624,2000.0,6,0,0,0,0,0,0,0,0,,0,0,0,19.0,3,1,2,,0,40 02:12.512,,0,75 03:44.536,4,0,0,0,67301,1,0,0,N,1,0,0,2,67301,1,,1,9,,N,N,,0,,0,0,0,3,2,,1959.0,1,2,0,0,0,0,0,3,4,0,1,7,,N,,,,,,,,,,,
2010028143,1145.0,0,0,0,0,0,0,0,0,0,7,0,,67,2,2010,4,40.028,-75.11,1145.0,6,0,0,0,0,0,0,0,0,1.0,0,0,0,11.0,1,0,1,,1,40 01:40.946,2.0,0,75 06:36.204,0,0,0,0,67301,0,0,0,N,0,0,0,1,67301,0,,3,6,,N,N,,0,,0,0,1,3,2,N,1142.0,0,1,0,0,0,0,0,3,4,0,1,10,,N,,,,,,,,,,,
2010028224,650.0,2,0,0,0,0,0,0,0,0,4,0,,67,2,2010,3,40.0721,-75.0373,619.0,6,0,0,0,0,0,0,0,0,2.0,0,0,0,6.0,5,2,0,,2,40 04:19.322,2.0,0,75 02:14.295,4,0,0,0,67301,0,0,0,N,0,0,0,4,67301,2,,1,1,,N,N,,0,,0,0,1,0,0,Y,610.0,2,3,0,0,0,0,0,3,4,0,3,3,,N,,,,,,,,,,,
2010018006,745.0,1,0,0,0,0,0,0,0,0,8,0,,67,1,2010,5,40.0239,-75.2154,740.0,6,0,0,0,0,0,0,0,0,,0,0,0,7.0,8,1,1,,0,40 01:25.993,,0,75 12:55.277,4,0,0,0,67301,1,0,0,N,1,0,0,2,67301,1,,1,1,,N,N,,0,,0,0,0,3,3,,730.0,1,2,0,0,0,0,0,3,4,0,1,3,,N,,,,,,,,,,,
2010028572,2058.0,2,0,0,0,0,0,0,0,0,2,0,,67,1,2010,7,40.032,-75.117,2052.0,6,0,0,0,0,0,0,0,0,,0,0,0,18.0,3,1,0,,0,40 01:55.134,,0,75 07:01.085,4,0,0,0,67301,0,0,0,N,0,0,0,2,67301,1,,1,9,,N,N,,0,,0,0,0,0,0,,1830.0,1,2,0,0,0,0,0,3,4,0,2,10,,N,,,,,,,,,,,
2010018060,410.0,3,0,0,0,0,0,0,0,0,1,0,,67,1,2010,6,40.0334,-75.2204,400.0,6,0,0,0,0,0,0,0,0,,0,0,0,3.0,3,0,0,,0,40 02:00.405,,0,75 13:13.576,9,0,0,0,67301,0,0,0,N,0,0,0,1,67301,0,,6,1,,N,N,,0,,0,0,0,0,0,,355.0,0,3,0,0,0,0,1,3,4,0,3,3,,N,,,,,,,,,,,
2010103755,920.0,1,0,0,0,0,0,0,0,0,1,0,,67,10,2010,2,40.0546,-75.125,920.0,6,0,0,0,0,0,1,0,0,1.0,0,0,0,9.0,1,1,1,,1,40 03:16.901,4.0,0,75 07:29.448,4,0,0,0,67301,0,0,0,N,0,0,0,2,46102,1,,1,1,,N,N,,0,,0,0,1,3,1,N,920.0,1,2,0,0,0,0,0,3,4,0,2,3,,N,,,,,,,,,,,
2010106351,955.0,2,0,0,0,0,0,0,0,0,1,0,,67,10,2010,5,39.9947,-75.1985,946.0,6,0,0,0,0,0,0,0,0,,0,0,0,9.0,1,0,0,,0,39 59:44.005,,0,75 11:51.591,9,0,0,0,67301,0,0,0,N,0,0,0,3,68K01,0,,1,1,,N,N,,0,,0,0,1,0,0,,942.0,0,3,0,0,0,0,1,3,4,0,3,3,,N,,,,,,,,,,,
2010103603,2250.0,1,0,0,0,0,0,0,0,0,7,0,,67,9,2010,5,39.9814,-75.2071,2245.0,6,0,0,0,0,0,0,0,0,1.0,0,0,0,22.0,3,1,0,,1,39 58:56.510,3.0,0,75 12:28.031,4,0,0,0,67301,0,0,0,N,0,0,0,1,68K01,1,,2,9,,N,N,,0,,0,0,0,0,0,N,2238.0,1,1,0,0,0,0,0,3,4,0,1,7,,N,,,,,,,,,,,
2011009970,2153.0,2,0,0,0,0,0,0,0,0,4,0,,67,12,2010,5,40.0426,-75.0349,2153.0,6,0,0,0,0,0,0,0,0,1.0,0,0,0,21.0,3,1,1,,1,40 02:33.464,2.0,0,75 02:05.668,8,0,0,0,67301,0,0,0,N,0,0,0,3,67301,0,,1,2,,N,N,,0,,0,0,0,3,3,Y,2150.0,1,2,0,0,0,1,0,3,4,0,2,98,,N,,,,,,,,,,,
2011022444,0.0,2,0,0,0,0,0,0,0,0,1,0,,67,5,2010,2,40.0173,-75.0479,0.0,6,0,0,0,1,0,0,0,0,,0,0,0,16.0,1,1,3,,0,40 00:59.183,,0,75 02:47.910,8,0,0,0,67301,0,0,0,,0,0,0,2,00000,0,,1,1,,,,,0,,0,0,0,3,3,,1620.0,1,2,0,0,0,1,0,3,4,0,2,3,,N,,,,,,,,,,,
2011022523,0.0,2,0,0,0,0,0,0,0,0,5,0,,67,8,2010,4,39.9991,-75.2309,0.0,6,0,0,0,0,0,0,0,1,,0,0,0,16.0,1,1,1,,0,39 59:56.763,,0,75 13:51.120,3,0,0,0,67301,0,0,0,N,0,0,0,3,00000,0,,1,1,,N,N,,0,,1,0,0,0,0,,1630.0,1,2,0,0,0,0,2,3,4,0,2,3,,N,,,,,,,,,,,
2011026214,1335.0,1,0,0,0,0,0,0,0,0,8,0,,67,5,2010,3,39.946,-75.2412,1335.0,6,0,0,0,0,0,0,0,0,,0,0,0,5.0,3,1,0,,0,39 56:45.495,,0,75 14:28.321,3,0,0,0,67301,1,0,0,N,1,0,0,2,67301,0,,1,9,,N,N,,0,,1,0,0,0,0,,530.0,1,2,0,0,0,0,0,3,4,0,1,7,,N,,,,,,,,,,,
2011001243,1020.0,2,0,0,0,0,0,0,0,0,1,0,,67,12,2010,6,39.9902,-75.0871,854.0,6,0,0,0,0,0,0,0,0,,0,0,0,8.0,1,0,0,,0,39 59:24.256,,0,75 05:13.944,0,0,0,0,67301,0,0,0,N,0,0,0,3,68K01,0,,1,1,,N,N,,1,,0,0,0,0,0,,853.0,0,3,0,0,0,0,0,3,4,0,3,3,,N,,,,,,,,,,,
2011000764,1040.0,1,0,0,0,0,0,0,0,0,5,1,,67,11,2010,6,40.0568,-75.047,1036.0,6,0,0,0,0,0,0,0,0,,0,1,0,10.0,1,0,1,,0,40 03:24.532,,0,75 02:49.228,0,0,0,0,67301,0,0,0,,0,0,0,2,67301,0,,1,1,,,,,0,,0,0,0,3,2,,1035.0,0,2,0,0,0,0,0,3,4,0,2,3,,N,,,,,,,,,,,
2011031625,2255.0,2,0,0,0,0,0,0,0,0,1,0,99.0,67,5,2010,5,,,2246.0,6,0,0,0,0,0,0,0,0,3.0,0,0,0,22.0,2,2,0,,1,,2.0,3,,4,0,0,0,67301,0,0,0,N,0,0,0,4,67301,2,,1,9,,N,N,,0,,0,0,1,0,0,Y,2240.0,2,3,0,0,0,0,0,3,3,0,3,7,,Y,8.0,8.0,U,U,U,U,U,U,U,U,
2011028188,1526.0,0,0,0,0,0,0,0,0,0,8,0,,67,6,2010,3,39.9977,-75.1232,1521.0,6,0,0,0,0,0,0,0,0,,0,0,0,15.0,1,1,1,,0,39 59:51.784,,0,75 07:23.658,4,0,0,0,67301,1,0,0,,1,0,0,2,67301,1,,1,1,,,,,0,,0,0,0,3,2,,1500.0,1,2,0,0,0,0,0,3,4,1,1,3,,N,,,,,,,,,,,
2011025880,0.0,1,0,0,0,0,0,0,0,0,4,0,,67,10,2010,4,39.9534,-75.1844,0.0,6,0,0,0,0,0,0,1,0,,0,0,0,10.0,1,2,0,,0,39 57:12.293,,0,75 11:03.850,8,0,0,0,67301,0,0,0,N,0,0,0,3,00000,0,,1,1,,N,N,,1,,0,0,0,0,0,,1045.0,2,2,0,0,0,2,0,3,4,0,2,3,,N,,,,,,,,,,,
2011008467,905.0,1,0,0,0,0,0,0,0,0,1,0,,67,12,2010,2,40.0388,-75.1716,900.0,6,0,0,0,0,0,0,0,0,,0,0,0,99.0,1,1,2,,0,40 02:19.838,,0,75 10:17.839,8,0,0,0,67301,0,0,0,N,0,0,0,2,67301,0,,1,1,,N,N,,1,,0,0,0,3,2,,9999.0,1,2,0,0,0,1,1,3,4,0,2,3,,N,,,,,,,,,,,
2011008484,2343.0,1,0,0,0,0,0,0,0,0,5,0,,67,12,2010,7,40.0019,-75.1065,2340.0,6,0,0,0,0,0,0,0,0,,0,0,0,23.0,3,1,0,,0,40 00:06.700,,0,75 06:23.500,4,0,0,0,67301,0,0,0,N,0,0,0,2,67301,1,,6,1,,N,N,,0,,0,0,2,0,0,,2320.0,1,3,0,0,0,0,1,3,4,0,3,3,,N,,,,,,,,,,,
2011025754,2344.0,2,0,0,0,0,0,0,0,0,5,0,,67,5,2010,1,40.0261,-75.1632,2339.0,6,0,0,0,0,0,0,0,0,,0,0,0,23.0,3,0,0,,0,40 01:34.021,,0,75 09:47.404,0,0,0,0,67301,0,0,0,,0,0,0,1,67301,0,,1,1,,,,,0,,0,0,0,0,0,,2325.0,0,2,0,0,0,0,0,3,4,0,2,3,,N,,,,,,,,,,,
2011025415,0.0,1,0,0,0,0,0,0,0,0,1,0,,67,12,2010,3,39.9107,-75.1855,0.0,6,0,0,0,0,0,0,1,0,,0,0,0,12.0,1,1,1,,0,39 54:38.481,,0,75 11:07.710,8,0,0,0,67301,0,0,0,N,0,0,0,2,00000,0,,1,1,,N,N,,1,,0,0,0,3,3,,1230.0,1,2,0,0,0,1,1,3,4,0,2,3,,N,,,,,,,,,,,
2011025350,0.0,2,0,0,0,0,0,0,0,0,1,0,,67,6,2010,3,39.9519,-75.1719,0.0,6,0,0,0,0,0,0,1,0,,0,0,0,9.0,1,1,1,,0,39 57:06.693,,0,75 10:18.893,8,0,0,0,67301,0,0,0,,0,0,0,2,00000,0,,1,1,,,,,0,,0,0,0,3,2,,900.0,1,2,0,0,0,1,1,3,4,0,2,3,,N,,,,,,,,,,,
2011001066,800.0,2,0,0,0,0,0,0,0,0,5,0,,67,11,2010,4,39.9698,-75.1873,757.0,6,0,0,0,0,0,1,0,0,2.0,0,0,0,7.0,1,0,0,,1,39 58:11.279,2.0,0,75 11:14.541,0,0,0,0,67301,0,0,0,N,0,0,0,3,67301,0,,1,9,,N,N,,0,,0,0,0,0,0,N,757.0,0,3,0,0,0,0,0,3,4,1,3,3,,N,,,,,,,,,,,
2011001072,8.0,1,0,0,0,0,0,0,0,0,1,0,,67,12,2010,7,40.0138,-75.056,8.0,6,0,0,0,0,1,0,0,0,,0,0,0,0.0,3,1,1,,0,40 00:49.835,,0,75 03:21.481,8,0,0,0,67301,0,0,0,N,0,0,0,2,67301,0,,1,1,,N,N,,0,,0,0,0,3,2,,8.0,1,2,0,0,0,1,0,3,4,1,2,3,,N,,,,,,,,,,,
2011090542,1935.0,2,0,0,0,0,0,0,0,0,4,0,,67,8,2010,5,39.9196,-75.2402,1930.0,6,0,0,1,0,0,0,0,0,,0,0,0,19.0,1,1,1,,0,39 55:10.650,,0,75 14:24.889,8,0,0,0,67301,0,0,0,N,0,0,0,2,67301,0,,1,1,,N,N,,0,,0,0,0,3,2,,1925.0,1,2,0,0,0,1,0,3,4,0,2,3,,N,,,,,,,,,,,
2011008490,734.0,1,0,0,0,0,0,0,0,0,7,0,,67,12,2010,7,39.9918,-75.1955,733.0,6,0,0,0,0,0,0,0,0,1.0,0,0,0,7.0,1,1,0,,1,39 59:30.193,2.0,0,75 11:44.137,4,0,0,0,67301,0,0,0,,0,0,0,1,67301,1,,1,2,,,,,0,,0,0,0,0,0,N,733.0,1,1,0,0,0,0,0,3,4,0,1,3,,N,,,,,,,,,,,
2011008247,1542.0,3,0,0,0,0,0,0,0,0,4,0,,67,12,2010,1,39.9492,-75.2332,1540.0,6,0,0,0,0,0,0,1,0,,0,0,0,15.0,1,0,2,,0,39 56:57.091,,0,75 13:59.663,0,0,0,0,67301,0,0,0,N,0,0,0,2,67301,0,,1,9,,N,N,,0,,0,0,0,3,3,,1530.0,0,3,0,0,0,0,0,3,4,0,3,7,,N,,,,,,,,,,,
2011000917,112.0,2,0,0,0,0,0,0,0,0,4,0,,67,12,2010,1,39.9885,-75.1063,107.0,6,0,0,0,0,0,0,0,0,,0,0,0,1.0,3,0,1,,0,39 59:18.500,,0,75 06:22.881,0,0,0,0,67301,0,0,0,N,0,0,0,2,67301,0,,1,1,,N,N,,0,,0,0,0,3,2,,104.0,0,2,0,0,0,0,0,3,4,0,2,3,,N,,,,,,,,,,,
2011001023,730.0,2,0,0,0,0,0,0,0,0,5,0,,67,11,2010,4,40.0114,-75.1541,730.0,6,0,0,0,0,0,0,0,0,,0,0,0,2.0,6,0,0,,0,40 00:41.004,,0,75 09:14.781,4,0,0,0,67301,0,0,0,N,0,0,0,1,67301,1,,6,1,,N,N,,0,,0,0,0,0,0,,200.0,1,2,0,0,0,0,0,3,4,0,2,3,,N,,,,,,,,,,,
2010028329,1126.0,2,0,0,0,0,0,0,0,0,2,0,,67,2,2010,5,40.0659,-75.1765,1126.0,6,0,0,0,0,0,0,1,0,,0,0,0,11.0,1,2,1,,0,40 03:57.202,,0,75 10:35.464,4,0,0,0,67301,0,0,0,N,0,0,0,6,67301,2,,1,9,,N,N,,0,,0,0,0,3,3,,1120.0,2,2,0,0,1,0,0,3,4,0,2,10,,N,,,,,,,,,,,
2010028358,1641.0,2,0,0,0,0,0,0,0,0,4,0,,67,2,2010,5,40.0289,-75.0895,1641.0,6,0,0,0,0,0,1,0,0,1.0,0,0,0,16.0,1,4,1,,1,40 01:43.697,1.0,0,75 05:23.235,3,0,0,0,67301,0,0,0,N,0,0,0,4,67301,2,,1,1,,N,N,,0,,1,0,1,3,2,Y,1641.0,4,3,0,0,0,1,0,3,4,0,3,3,,N,,,,,,,,,,,
2010028361,1702.0,2,0,0,0,0,0,0,0,0,4,0,,67,2,2010,3,39.9923,-75.099,1700.0,6,0,0,0,0,0,0,0,1,,0,0,0,14.0,1,1,0,,0,39 59:32.277,,7,75 05:56.353,8,0,0,0,67301,0,0,0,N,0,0,0,3,67301,0,,1,9,,N,N,,1,,0,0,0,0,0,,1455.0,1,3,0,0,0,1,0,3,4,0,3,3,,N,,,,,,,,,,,
2010031324,1105.0,0,0,0,0,0,0,0,0,0,1,0,,67,3,2010,7,39.8931,-75.1966,1105.0,6,0,0,0,0,1,0,1,0,,0,0,0,10.0,1,1,0,,0,39 53:53.914,,0,75 10:55.554,4,0,0,0,67301,0,0,0,N,0,0,0,2,68K01,1,,1,1,,N,N,,1,,0,0,1,0,0,,1058.0,1,2,0,0,1,0,0,3,4,0,2,3,,N,,,,,,,,,,,
2010028567,909.0,0,0,0,0,0,0,0,0,0,4,1,,67,2,2010,5,39.9945,-75.1116,907.0,6,0,0,0,0,0,0,0,0,,0,1,0,9.0,1,1,0,,0,39 59:39.999,,0,75 06:41.853,4,0,0,0,67301,0,0,0,N,0,0,0,1,67301,1,,1,6,,N,N,,0,,0,0,1,0,0,,902.0,1,2,0,0,0,0,0,3,4,0,2,10,,N,,,,,,,,,,,
2011009981,1626.0,1,0,0,0,0,0,0,0,0,4,0,,67,12,2010,5,40.0451,-75.0553,1621.0,6,0,0,0,0,0,1,0,0,,0,0,0,14.0,1,1,0,,0,40 02:42.252,,7,75 03:19.030,4,0,0,0,67301,0,0,0,N,0,0,0,6,67301,1,,1,98,,N,N,,1,,0,0,1,0,0,,1440.0,1,3,0,0,0,0,0,3,4,0,3,3,,N,,,,,,,,,,,
2011008254,1114.0,1,0,0,0,0,0,0,0,0,7,0,,67,12,2010,2,40.1085,-75.0412,1109.0,6,0,0,0,0,0,0,1,0,,0,0,0,11.0,1,1,2,,0,40 06:30.571,,0,75 02:28.165,3,0,0,0,67301,0,0,0,N,0,0,0,1,67301,0,,5,1,,N,N,,0,,1,0,0,3,2,,1109.0,1,1,0,0,0,0,0,3,4,0,1,3,,N,,,,,,,,,,,
2011000549,2337.0,2,0,0,0,0,0,0,0,0,4,0,50.0,67,11,2010,5,39.9259,-75.1941,2337.0,6,0,0,0,0,0,0,0,0,5.0,0,0,0,23.0,3,0,0,,2,39 55:36.209,3.0,0,75 11:41.702,0,0,0,0,67301,0,0,0,N,0,0,0,2,68K01,0,,1,1,,N,N,,0,,0,0,0,3,8,N,2337.0,0,2,0,0,0,0,0,3,4,0,2,3,,Y,4.0,2.0,Y,N,N,Y,Y,N,N,N,
2011026305,1532.0,3,0,0,0,0,0,0,0,0,5,0,,67,6,2010,3,40.0089,-75.1365,1530.0,6,0,0,0,0,0,1,0,1,9.0,0,0,0,15.0,1,0,0,,1,40 00:31.920,1.0,0,75 08:11.530,0,0,0,0,67301,0,0,0,N,0,0,0,2,67301,0,,6,1,,N,N,,0,,0,0,0,0,0,N,1528.0,0,3,0,0,0,0,0,3,4,0,3,3,,N,,,,,,,,,,,
2011026180,125.0,5,0,0,0,0,0,0,0,0,1,0,,67,6,2010,1,39.9916,-75.1847,125.0,6,0,0,0,0,0,2,0,0,3.0,0,0,0,1.0,3,7,1,,2,39 59:29.693,2.0,0,75 11:04.901,4,0,0,0,67301,0,0,0,N,0,0,0,8,67301,5,,1,1,,N,N,,1,,0,0,1,3,2,Y,114.0,7,7,0,0,0,2,0,3,4,0,7,3,,N,,,,,,,,,,,
2011009842,210.0,1,0,0,0,0,0,0,0,0,8,0,,67,12,2010,4,39.965,-75.2246,144.0,6,0,0,0,0,0,0,0,0,,0,0,0,0.0,2,1,5,,0,39 57:54.150,,0,75 13:29.723,2,0,0,0,67301,1,0,1,N,1,0,1,2,67301,0,,1,1,,N,N,,0,,0,1,0,3,2,,0.0,1,2,0,0,0,0,0,3,4,0,1,3,,N,,,,,,,,,,,
2011024362,0.0,1,0,0,0,0,0,0,0,0,7,0,,67,7,2010,6,40.0276,-75.0252,0.0,6,0,0,0,0,0,0,0,0,,0,0,0,13.0,1,2,0,,0,40 01:38.361,,8,75 01:32.010,4,0,0,0,67301,0,0,0,N,0,0,0,2,00000,1,,4,1,,N,N,,0,,0,0,0,0,0,,1330.0,2,1,0,0,0,1,0,3,4,0,1,3,,N,,,,,,,,,,,
2011008347,9999.0,1,0,0,0,0,0,0,0,0,8,0,,67,12,2010,2,39.9822,-75.146,1616.0,6,0,0,0,0,0,0,0,0,,0,0,0,16.0,1,1,0,,0,39 58:55.817,,0,75 08:45.424,8,0,0,0,67301,1,0,0,N,1,0,0,2,67301,0,,1,1,,N,N,,0,,0,0,0,0,0,,1616.0,1,2,0,0,0,1,0,3,4,0,1,3,,N,,,,,,,,,,,
2011025753,1730.0,0,0,0,0,0,0,0,0,0,8,0,,67,6,2010,3,39.9585,-75.1935,1705.0,6,0,0,0,0,0,1,0,0,,0,0,0,17.0,1,1,1,,0,39 57:30.819,,0,75 11:37.074,4,0,0,0,67301,1,0,0,N,1,0,0,3,67301,1,,1,1,,N,N,,1,,0,0,0,3,2,,1700.0,1,2,0,0,1,0,0,3,4,0,1,3,,N,,,,,,,,,,,
2011015809,840.0,1,0,0,0,0,0,0,0,0,8,0,,67,12,2010,4,39.9372,-75.1615,832.0,6,0,0,0,0,0,0,0,0,,0,0,0,8.0,1,1,1,,0,39 56:13.855,,0,75 09:41.371,3,0,0,0,67301,1,0,0,N,1,0,0,3,67301,0,,1,2,,N,N,,0,,1,0,0,3,2,,830.0,1,2,0,0,0,0,0,3,4,0,1,3,,N,,,,,,,,,,,
2011015908,1138.0,1,0,0,0,0,0,0,0,0,4,1,,67,12,2010,1,39.9073,-75.2281,1135.0,6,0,0,0,0,0,0,0,1,,0,1,0,11.0,1,1,2,,0,39 54:26.334,,0,75 13:41.041,4,0,0,0,67301,0,0,0,,0,0,0,2,67301,1,,1,98,,,,,0,,0,0,0,3,3,,1125.0,1,2,0,0,0,0,0,3,4,0,2,98,,N,,,,,,,,,,,
2011013158,345.0,2,0,0,0,0,0,0,0,0,1,0,,67,12,2010,6,40.0075,-75.1565,335.0,6,0,0,0,0,0,0,0,0,,0,0,0,3.0,3,0,0,,0,40 00:27.090,,0,75 09:23.530,0,0,0,0,67301,0,0,0,N,0,0,0,1,67301,0,,1,1,,N,N,,1,,0,0,0,0,0,,335.0,0,3,0,0,0,0,0,3,4,0,3,3,,N,,,,,,,,,,,
2011008244,1247.0,2,0,0,0,0,0,0,0,0,1,0,,67,12,2010,1,39.9593,-75.2393,1246.0,6,0,0,0,0,0,0,0,0,,0,0,0,12.0,1,2,0,,0,39 57:33.656,,0,75 14:21.343,4,0,0,0,67301,2,0,0,N,0,0,0,3,67301,2,,6,1,,N,N,,0,,0,0,0,0,0,,1244.0,2,2,0,0,0,0,0,3,4,0,2,3,,N,,,,,,,,,,,
2011000944,1517.0,1,0,0,0,0,0,0,0,0,1,1,,67,12,2010,5,39.9128,-75.1407,1507.0,6,0,0,0,0,0,0,0,1,,0,1,0,14.0,1,1,2,,0,39 54:46.109,,7,75 08:26.446,4,0,0,0,67301,0,0,0,N,0,0,0,2,67301,1,,1,1,,N,N,,0,,0,0,0,0,0,,1455.0,1,2,0,0,0,0,0,3,4,0,2,3,,N,,,,,,,,,,,
2011001041,1905.0,2,0,0,0,0,0,0,0,0,1,0,,67,11,2010,3,40.0625,-75.0094,1900.0,6,0,0,0,0,0,0,0,0,,0,0,0,18.0,3,1,1,,0,40 03:45.334,,0,75 00:34.383,4,0,0,0,67301,0,0,0,,0,0,0,3,67301,1,,1,1,,N,N,,0,,0,0,0,3,2,,1856.0,1,2,0,0,0,0,0,3,4,0,2,3,,N,,,,,,,,,,,
2012128226,913.0,1,0,0,0,0,0,0,0,0,6,0,,67,11,2010,3,39.9986,-75.1108,910.0,6,0,0,0,0,0,0,0,0,1.0,0,0,0,8.0,1,0,0,,1,39 59:54.985,2.0,0,75 06:38.988,9,0,0,0,67301,0,0,0,N,0,0,0,1,67301,0,,2,1,,N,N,,0,,0,0,3,0,0,N,838.0,0,4,0,0,0,0,1,3,4,0,4,3,,N,,,,,,,,,,,
2010028121,258.0,1,0,0,0,0,0,0,0,0,7,0,,67,1,2010,1,40.0449,-75.0309,247.0,6,0,0,0,0,0,0,0,0,,0,0,0,2.0,3,0,0,,0,40 02:41.606,,0,75 01:51.362,0,0,0,0,67301,0,0,0,N,0,0,0,1,67301,0,,5,2,,N,N,,0,,0,0,0,0,0,,238.0,0,1,0,0,0,0,0,3,4,0,1,10,,N,,,,,,,,,,,
2010028124,829.0,2,0,0,0,0,0,0,0,0,4,0,,67,2,2010,2,39.9808,-75.174,828.0,6,0,0,0,0,1,0,0,0,,0,0,0,8.0,1,1,1,,0,39 58:50.844,,0,75 10:26.522,3,0,0,0,67301,0,0,0,N,0,0,0,4,67301,0,,1,1,,N,N,,0,,1,0,0,3,2,,820.0,1,2,0,0,2,0,0,3,4,0,2,3,,N,,,,,,,,,,,
2010028708,753.0,1,0,0,0,0,0,0,0,0,5,0,,67,3,2010,6,39.935,-75.1998,735.0,6,0,0,0,0,0,0,0,0,1.0,0,0,0,7.0,1,1,0,,2,39 56:14.447,4.0,0,75 11:55.272,4,0,0,0,67301,0,0,0,N,0,0,0,2,68K01,1,,1,1,,N,N,,0,,0,0,1,0,0,N,732.0,1,2,0,0,0,0,0,3,4,0,2,3,,N,,,,,,,,,,,
2010031380,1105.0,0,0,0,0,0,0,0,0,0,5,1,,67,3,2010,2,39.9774,-75.2271,1050.0,6,0,0,0,0,0,1,0,0,1.0,0,1,0,10.0,1,9,3,,1,39 58:38.507,3.0,0,75 13:37.478,3,0,0,0,67301,0,0,0,N,0,0,0,10,67301,0,,1,9,,N,N,,0,,1,0,0,3,2,N,1024.0,9,2,0,0,0,8,0,3,4,0,2,7,,N,,,,,,,,,,,
2010028394,35.0,0,0,0,0,0,0,0,0,0,8,0,,67,2,2010,7,39.9915,-75.136,30.0,6,0,0,0,0,0,0,0,0,,0,0,0,0.0,3,1,0,,0,39 59:29.376,,0,75 08:09.594,8,0,0,0,67301,1,0,0,,1,0,0,2,67301,0,,1,7,,,,,0,,0,0,0,3,2,,30.0,1,2,0,0,0,1,1,3,4,0,1,10,,N,,,,,,,,,,,
2010028398,1657.0,0,0,0,0,0,0,1,0,0,5,1,,67,2,2010,7,39.9364,-75.1586,1654.0,6,0,0,0,0,0,0,0,0,,0,0,0,16.0,1,1,0,,0,39 56:10.982,,0,75 09:30.870,4,0,0,0,67301,0,0,0,,0,0,0,5,67301,1,,1,6,,,,,0,,0,0,1,0,0,,1650.0,1,2,0,0,0,0,0,3,4,0,2,10,,N,,,,,,,,,,,