CRN,ARRIVAL_TM,AUTOMOBILE_COUNT,BELTED_DEATH_COUNT,BELTED_SUSP_SERIOUS_INJ_COUNT,BICYCLE_COUNT,BICYCLE_DEATH_COUNT,BICYCLE_SUSP_SERIOUS_INJ_COUNT,BUS_COUNT,CHLDPAS_DEATH_COUNT,CHLDPAS_SUSP_SERIOUS_INJ_COUNT,COLLISION_TYPE,COMM_VEH_COUNT,CONS_ZONE_SPD_LIM,COUNTY,CRASH_MONTH,CRASH_YEAR,DAY_OF_WEEK,DEC_LAT,DEC_LONG,DISPATCH_TM,DISTRICT,DRIVER_COUNT_16YR,DRIVER_COUNT_17YR,DRIVER_COUNT_18YR,DRIVER_COUNT_19YR,DRIVER_COUNT_20YR,DRIVER_COUNT_50_64YR,DRIVER_COUNT_65_74YR,DRIVER_COUNT_75PLUS,EST_HRS_CLOSED,FATAL_COUNT,HEAVY_TRUCK_COUNT,HORSE_BUGGY_COUNT,HOUR_OF_DAY,ILLUMINATION,INJURY_COUNT,INTERSECT_TYPE,INTERSECTION_RELATED,LANE_CLOSED,LATITUDE,LN_CLOSE_DIR,LOCATION_TYPE,LONGITUDE,MAX_SEVERITY_LEVEL,MCYCLE_DEATH_COUNT,MCYCLE_SUSP_SERIOUS_INJ_COUNT,MOTORCYCLE_COUNT,MUNICIPALITY,NONMOTR_COUNT,NONMOTR_DEATH_COUNT,NONMOTR_SUSP_SERIOUS_INJ_COUNT,NTFY_HIWY_MAINT,PED_COUNT,PED_DEATH_COUNT,PED_SUSP_SERIOUS_INJ_COUNT,PERSON_COUNT,POLICE_AGCY,POSSIBLE_INJ_COUNT,RDWY_SURF_TYPE_CD,RELATION_TO_ROAD,ROAD_CONDITION,ROADWAY_CLEARED,SCH_BUS_IND,SCH_ZONE_IND,SECONDARY_CRASH,SMALL_TRUCK_COUNT,SPEC_JURIS_CD,SUSP_MINOR_INJ_COUNT,SUSP_SERIOUS_INJ_COUNT,SUV_COUNT,TCD_FUNC_CD,TCD_TYPE,TFC_DETOUR_IND,TIME_OF_DAY,TOT_INJ_COUNT,TOTAL_UNITS,UNB_DEATH_COUNT,UNB_SUSP_SERIOUS_INJ_COUNT,UNBELTED_OCC_COUNT,UNK_INJ_DEG_COUNT,UNK_INJ_PER_COUNT,URBAN_AREA,URBAN_RURAL,VAN_COUNT,VEHICLE_COUNT,WEATHER1,WEATHER2,WORK_ZONE_IND,WORK_ZONE_LOC,WORK_ZONE_TYPE,WORKERS_PRES,WZ_CLOSE_DETOUR,WZ_FLAGGER,WZ_LAW_OFFCR_IND,WZ_LN_CLOSURE,WZ_MOVING,WZ_OTHER,WZ_SHLDER_MDN,WZ_WORKERS_INJ_KILLED
2010018034,1545.0,1,0,0,0,0,0,0,0,0,4,1,,67,1,2010,5,39.9997,-75.099,1515.0,6,0,0,0,0,1,0,0,0,,0,1,0,99.0,1,1,1,,0,39 59:58.827,,0,75 05:56.359,4,0,0,0,67301,0,0,0,N,0,0,0,2,67301,1,,1,1,,N,N,,0,,0,0,0,3,2,,9999.0,1,2,0,0,1,0,0,3,4,0,2,3,,N,,,,,,,,,,,
2010028562,722.0,1,0,0,0,0,0,0,0,0,1,0,,67,2,2010,3,40.1068,-74.999,718.0,6,0,0,0,0,0,0,0,0,,0,0,0,7.0,1,0,0,,0,40 06:24.672,,0,74 59:56.412,0,0,0,0,67301,0,0,0,N,0,0,0,3,67301,0,,1,9,,N,N,,1,,0,0,0,3,2,,718.0,0,2,0,0,0,0,0,3,4,0,2,10,,N,,,,,,,,,,,
2010028575,133.0,1,0,0,0,0,0,0,0,0,1,0,,67,2,2010,1,40.0471,-75.0911,121.0,6,0,0,0,0,0,1,0,0,,0,0,0,1.0,3,0,5,,0,40 02:49.411,,0,75 05:27.941,0,0,0,0,67301,0,0,0,N,0,0,0,2,67301,0,,1,2,,N,N,,0,,0,0,1,3,2,,119.0,0,2,0,0,0,0,0,3,4,0,2,98,,N,,,,,,,,,,,
2010018053,1023.0,2,0,0,0,0,0,0,0,0,1,0,,67,1,2010,3,40.0355,-75.1447,1016.0,6,0,0,0,0,0,1,0,0,,0,0,0,10.0,1,0,0,,0,40 02:07.948,,0,75 08:41.002,0,0,0,0,67301,0,0,0,N,0,0,0,2,67301,0,,1,1,,N,N,,0,,0,0,0,0,0,,1000.0,0,2,0,0,0,0,0,3,4,0,2,3,,N,,,,,,,,,,,
2010088965,2113.0,1,0,0,0,0,0,0,0,0,8,0,,67,6,2010,2,39.9534,-75.1716,2112.0,6,0,0,0,0,0,1,0,0,,0,0,0,21.0,3,1,1,,0,39 57:12.163,,0,75 10:17.838,4,0,0,0,67301,1,0,0,N,1,0,0,2,67301,1,,1,1,,N,N,,0,,0,0,0,3,2,,2101.0,1,2,0,0,0,0,0,3,4,0,1,3,,N,,,,,,,,,,,
2011010022,1255.0,0,0,0,0,0,0,0,0,0,8,0,,67,12,2010,5,40.0659,-75.1593,1244.0,6,0,0,0,0,0,0,0,0,,0,0,0,12.0,1,1,1,,0,40 03:57.346,,0,75 09:33.410,4,0,0,0,67301,1,0,0,N,1,0,0,2,67301,1,,1,7,,N,N,,0,,0,0,0,3,2,,1233.0,1,2,0,0,0,0,0,3,4,1,1,10,,N,,,,,,,,,,,
2011008233,1856.0,2,0,0,0,0,0,0,0,0,4,0,,67,12,2010,1,39.9804,-75.1709,1836.0,6,0,0,0,0,1,0,0,0,,0,0,0,18.0,3,3,1,,0,39 58:49.315,,0,75 10:15.272,3,0,0,0,67301,0,0,0,N,0,0,0,7,67301,0,,1,9,,N,N,,0,,3,0,0,3,2,,1850.0,3,2,0,0,1,0,2,3,4,0,2,7,,N,,,,,,,,,,,
2011001699,947.0,1,0,0,0,0,0,0,0,0,7,0,,67,11,2010,7,40.0701,-75.2419,944.0,6,0,0,0,0,0,0,1,0,,0,0,0,9.0,1,1,0,,0,40 04:12.248,,0,75 14:30.786,4,0,0,0,67301,0,0,0,,0,0,0,1,64301,1,,5,1,,,,,0,,0,0,0,0,0,,940.0,1,1,0,0,0,0,0,3,4,0,1,3,,N,,,,,,,,,,,
2011001246,918.0,1,0,0,0,0,0,0,0,0,7,0,,67,12,2010,6,40.0013,-75.1946,918.0,6,0,0,0,0,0,0,0,0,,0,0,0,9.0,1,0,0,,0,40 00:05.942,,0,75 11:40.469,0,0,0,0,67301,0,0,0,N,0,0,0,1,68K01,0,,2,1,,N,N,,0,,0,0,0,0,0,,917.0,0,1,0,0,0,0,0,3,4,0,1,3,,N,,,,,,,,,,,
2011025872,0.0,0,0,0,1,0,0,0,0,0,6,0,,67,10,2010,5,39.9979,-75.1315,0.0,6,0,0,0,0,0,0,0,0,,0,0,0,7.0,1,1,1,,0,39 59:52.346,,0,75 07:53.255,8,0,0,0,67301,1,0,0,N,0,0,0,3,00000,0,,1,1,,N,N,,0,,0,0,0,3,3,,735.0,1,3,0,0,0,1,0,3,4,0,2,3,,N,,,,,,,,,,,
2011025686,1640.0,0,0,0,0,0,0,0,0,0,5,0,,67,5,2010,5,39.9591,-75.1703,1635.0,6,0,0,0,0,0,1,0,0,,0,0,0,16.0,1,8,1,,0,39 57:32.669,,0,75 10:12.906,4,0,0,0,67301,0,0,0,N,0,0,0,12,67301,8,,1,1,,N,N,,0,,0,0,1,3,2,,1630.0,8,2,0,0,0,0,0,3,4,1,2,3,,N,,,,,,,,,,,
2011025290,0.0,2,0,0,0,0,0,0,0,0,4,0,,67,7,2010,2,40.0153,-75.0743,0.0,6,0,0,0,0,0,0,0,0,,0,0,0,14.0,1,2,5,,0,40 00:55.112,,0,75 04:27.555,8,0,0,0,67301,0,0,0,N,0,0,0,5,00000,0,,1,1,,N,N,,0,,0,0,0,3,3,,1425.0,2,2,0,0,0,2,2,3,4,0,2,3,,N,,,,,,,,,,,
2011023360,0.0,1,0,0,0,0,0,0,0,0,5,0,,67,8,2010,5,39.9711,-75.1573,0.0,6,0,0,0,0,0,1,0,0,,0,0,0,13.0,1,1,1,,0,39 58:16.449,,0,75 09:26.207,8,0,0,0,67301,0,0,0,N,0,0,0,2,00000,0,,1,1,,N,N,,0,,0,0,0,0,0,,1300.0,1,2,0,0,0,1,1,3,4,0,2,3,,N,,,,,,,,,,,
2011025378,0.0,1,0,0,0,0,0,0,0,0,1,0,,67,12,2010,2,40.1141,-74.9877,0.0,6,0,0,0,0,0,1,0,0,,0,0,0,8.0,1,2,1,,0,40 06:50.926,,0,74 59:15.880,8,0,0,0,67301,0,0,0,N,0,0,0,3,00000,0,,1,1,,N,N,,0,,0,0,1,3,2,,845.0,2,2,0,0,0,2,1,3,4,0,2,3,,N,,,,,,,,,,,
2011025386,,1,0,0,0,0,0,0,0,0,5,0,,67,10,2010,1,39.9446,-75.1913,,6,0,0,0,0,0,0,0,0,,0,0,0,6.0,1,1,6,,0,39 56:43.753,,2,75 11:24.850,8,0,0,0,67301,0,0,0,N,0,0,0,3,00000,0,,1,1,,N,N,,0,,0,0,1,3,4,,620.0,1,2,0,0,0,1,0,3,4,0,2,3,,N,,,,,,,,,,,
2011008517,1335.0,0,0,0,0,0,0,0,0,0,1,0,,67,11,2010,3,40.0512,-75.0661,1330.0,6,0,0,0,0,0,0,0,0,,0,0,0,13.0,1,1,1,,0,40 03:04.296,,0,75 03:58.096,4,0,0,2,67301,0,0,0,,0,0,0,2,67301,1,,1,1,,,,,0,,0,0,0,3,2,,1320.0,1,2,0,0,0,0,0,3,4,0,2,3,,N,,,,,,,,,,,
2011000940,1630.0,2,0,0,0,0,0,0,0,0,4,0,,67,11,2010,3,39.9759,-75.1922,1617.0,6,0,0,0,0,0,1,0,0,3.0,0,0,0,16.0,3,2,0,,2,39 58:33.135,5.0,0,75 11:31.778,3,0,0,0,67301,0,0,0,N,0,0,0,2,67301,1,,1,9,,N,N,,0,,1,0,0,0,0,N,1616.0,2,2,0,0,0,0,0,3,4,0,2,7,,N,,,,,,,,,,,
2011000958,1256.0,2,0,0,0,0,0,0,0,0,4,0,,67,11,2010,4,39.9572,-75.2275,1256.0,6,0,0,0,0,0,0,0,1,1.0,0,0,0,12.0,1,2,1,,1,39 57:25.957,4.0,0,75 13:38.997,8,0,0,0,67301,0,0,0,N,0,0,0,4,67301,0,,1,1,,N,N,,0,,0,0,0,3,2,N,1256.0,2,2,0,0,0,2,0,3,4,0,2,3,,N,,,,,,,,,,,
2011000965,1545.0,1,0,0,0,0,0,0,0,0,5,1,,67,11,2010,7,40.0171,-75.1511,1530.0,6,0,0,0,0,0,0,0,0,,0,1,0,15.0,1,0,1,,0,40 01:01.667,,0,75 09:04.024,0,0,0,0,67301,0,0,0,,0,0,0,3,67301,0,,1,1,,,,,0,,0,0,0,3,2,,1515.0,0,2,0,0,0,0,0,3,4,0,2,3,,N,,,,,,,,,,,
2011001039,1430.0,2,0,0,0,0,0,0,0,0,4,0,,67,11,2010,3,39.9354,-75.1967,1430.0,6,0,0,0,0,0,1,0,0,,0,0,0,14.0,1,3,1,,0,39 56:07.400,,0,75 11:48.260,4,0,0,0,67301,0,0,0,N,0,0,0,3,67301,3,,1,1,,N,N,,0,,0,0,0,3,3,,1430.0,3,3,0,0,0,0,0,3,4,1,3,3,,N,,,,,,,,,,,
2010067074,1435.0,1,0,0,0,0,0,0,0,0,4,0,,67,6,2010,1,40.0159,-75.187,1435.0,6,0,0,0,0,0,0,0,0,2.0,0,0,0,14.0,1,1,1,,1,40 00:56.909,2.0,0,75 11:13.469,4,0,0,0,67301,0,0,0,,0,0,0,4,67301,1,,1,1,,,,,1,,0,0,0,3,2,N,1435.0,1,2,0,0,4,0,3,3,4,0,2,3,,N,,,,,,,,,,,
2010069598,1712.0,0,0,0,0,0,0,0,0,0,8,1,,67,6,2010,5,40.0478,-75.1715,1708.0,6,0,0,0,0,0,0,0,0,,0,0,0,15.0,1,1,0,,0,40 02:52.146,,0,75 10:17.427,8,0,0,0,67301,1,0,0,N,1,0,0,2,67301,0,,4,1,,N,N,,1,,0,0,0,0,0,,1532.0,1,2,0,0,0,1,1,3,4,0,1,3,,N,,,,,,,,,,,
2010071690,422.0,1,0,0,0,0,0,0,0,0,1,0,,67,7,2010,1,39.9862,-75.2082,422.0,6,0,0,0,0,0,0,1,0,1.0,0,0,0,4.0,3,1,0,,1,39 59:14.185,3.0,0,75 12:28.077,4,0,0,0,67301,0,0,0,N,0,0,0,2,68K01,1,,1,1,,N,N,,1,,0,0,0,0,0,N,422.0,1,2,0,0,0,0,0,3,4,0,2,3,,N,,,,,,,,,,,
2010081807,2254.0,0,0,0,0,0,0,0,0,0,1,0,,67,7,2010,7,39.8897,-75.2338,2254.0,6,0,0,0,0,0,1,0,0,,0,0,0,20.0,3,1,1,,0,39 53:23.545,,0,75 14:01.242,8,0,0,0,67301,0,0,0,,0,0,0,5,67301,0,,1,1,,,,,1,,0,0,0,3,4,,2058.0,1,2,0,0,0,1,0,3,4,1,2,3,,N,,,,,,,,,,,
2010070009,1821.0,1,0,0,0,0,0,0,0,0,5,0,,67,6,2010,4,39.9768,-75.2321,1817.0,6,0,0,0,0,0,0,0,0,,0,0,0,99.0,1,1,0,,0,39 58:36.505,,0,75 13:55.567,8,0,0,0,67301,1,0,0,N,1,0,0,2,67301,0,,1,1,,N,N,,0,,0,0,0,2,2,,9999.0,1,2,0,0,0,1,0,3,4,0,1,3,,N,,,,,,,,,,,
2010066973,1030.0,1,0,0,0,0,0,0,0,0,8,0,,67,6,2010,2,40.068,-75.1574,1017.0,6,0,0,0,0,0,0,0,0,,0,0,0,9.0,1,1,2,,0,40 04:04.705,,0,75 09:26.501,8,0,0,0,67301,1,0,0,N,1,0,0,2,67301,0,,1,1,,N,N,,0,,0,0,0,3,3,,942.0,1,2,0,0,0,1,0,3,4,0,1,3,,N,,,,,,,,,,,
2010067010,1912.0,1,0,0,0,0,0,0,0,0,8,0,,67,6,2010,4,39.943,-75.1754,1909.0,6,0,0,0,0,0,1,0,0,,0,0,0,19.0,1,1,1,,0,39 56:34.767,,0,75 10:31.580,8,0,0,0,67301,1,0,0,N,1,0,0,2,67301,0,,1,1,,N,N,,0,,0,0,0,3,3,,1907.0,1,2,0,0,0,1,0,3,4,0,1,3,,N,,,,,,,,,,,
2010074559,802.0,1,0,0,1,0,0,0,0,0,8,0,,67,7,2010,3,39.9264,-75.1758,800.0,6,0,0,0,0,0,1,0,0,,0,0,0,7.0,2,1,1,,0,39 55:35.068,,0,75 10:32.933,4,0,0,0,67301,1,0,0,N,0,0,0,2,67301,1,,1,9,,N,N,,0,,0,0,0,3,3,,759.0,1,2,0,0,0,0,0,3,4,0,1,7,,N,,,,,,,,,,,
2010028379,1854.0,0,0,0,0,0,0,0,0,0,8,0,,67,2,2010,5,40.0169,-75.15,1849.0,6,0,0,0,0,0,0,0,0,,0,0,0,18.0,3,1,0,,0,40 01:00.994,,0,75 08:59.838,3,0,0,0,67301,1,0,0,N,1,0,0,2,67301,0,,1,9,,N,N,,1,,1,0,0,0,0,,1848.0,1,2,0,0,0,0,0,3,4,0,1,10,,N,,,,,,,,,,,
2010028232,2305.0,1,0,0,0,0,0,0,0,0,7,0,,67,2,2010,3,40.0333,-75.077,2300.0,6,0,0,0,0,0,0,0,0,,0,0,0,22.0,3,0,0,,0,40 01:59.781,,6,75 04:36.925,0,0,0,0,67301,0,0,0,,0,0,0,1,67301,0,,3,1,,,,,0,,0,0,0,0,0,,2255.0,0,2,0,0,0,0,0,3,4,0,1,3,,N,,,,,,,,,,,
2010028291,2355.0,1,0,0,0,0,0,0,0,0,8,0,,67,2,2010,3,40.0037,-75.2176,2346.0,6,0,0,0,0,0,0,0,0,,0,0,0,23.0,3,1,0,,0,40 00:13.292,,0,75 13:03.250,8,0,0,0,67301,1,0,0,N,1,0,0,2,67301,0,,1,9,,N,N,,0,,0,0,0,0,0,,2300.0,1,2,0,0,0,1,0,3,4,0,1,10,,N,,,,,,,,,,,
2010031322,1700.0,1,0,0,0,0,0,0,0,0,1,0,,67,3,2010,6,39.9787,-75.1096,1638.0,6,0,0,0,0,0,1,0,0,1.0,0,0,0,16.0,1,2,0,,1,39 58:43.788,1.0,0,75 06:34.295,4,0,0,0,67301,0,0,0,N,0,0,0,5,68K01,2,,1,1,,N,N,,1,,0,0,0,0,0,N,1620.0,2,2,0,0,0,0,0,3,4,0,2,3,,N,,,,,,,,,,,
2010028548,45.0,1,0,0,0,0,0,0,0,0,2,0,,67,2,2010,6,39.9809,-75.1888,35.0,6,0,0,0,0,0,1,0,0,,0,0,0,21.0,3,1,0,,0,39 58:51.240,,0,75 11:19.543,8,0,0,0,67301,0,0,0,N,0,0,0,2,67301,0,,1,7,,N,N,,1,,0,0,0,0,0,,2130.0,1,2,0,0,0,1,1,3,4,0,2,10,,N,,,,,,,,,,,
2010028385,9999.0,1,0,0,0,0,0,1,0,0,4,1,,67,2,2010,3,40.0196,-75.1489,9999.0,6,0,0,0,0,0,0,0,0,,0,0,0,99.0,1,1,2,,0,40 01:10.243,,0,75 08:56.039,8,0,0,0,67301,0,0,0,N,0,0,0,2,67301,0,,1,1,,N,N,,0,,0,0,0,3,2,,9999.0,1,2,0,0,0,1,0,3,4,0,2,3,,N,,,,,,,,,,,
2010028578,1413.0,1,0,0,0,0,0,0,0,0,5,0,,67,2,2010,3,40.0402,-75.1444,1410.0,6,0,0,0,0,0,0,0,0,1.0,0,1,0,14.0,1,0,0,,1,40 02:24.700,1.0,99,75 08:39.739,0,0,0,0,67301,0,0,0,N,0,0,0,2,67301,0,,1,9,,N,N,,0,,0,0,1,0,0,N,1408.0,0,3,0,0,0,0,0,3,4,0,3,7,,N,,,,,,,,,,,
2010106022,2003.0,2,0,0,0,0,0,0,0,0,1,0,,67,10,2010,1,39.8989,-75.1791,1959.0,6,0,0,0,0,0,2,0,0,1.0,0,0,0,19.0,3,4,0,,2,39 53:56.134,1.0,0,75 10:06.320,4,0,0,0,67301,0,0,0,N,0,0,0,5,68K01,4,,1,1,,N,N,,0,,0,0,1,0,0,N,1956.0,4,3,0,0,0,0,0,3,4,0,3,3,,N,,,,,,,,,,,
2010099374,438.0,0,0,0,0,0,0,0,0,0,7,1,,67,10,2010,6,39.9836,-75.0978,428.0,6,0,0,0,0,0,1,0,0,2.0,0,1,0,4.0,3,1,0,,2,39 59:00.866,2.0,0,75 05:52.155,3,0,0,0,67301,0,0,0,Y,0,0,0,1,68K01,0,,3,9,,N,N,,0,,1,0,0,0,0,Y,426.0,1,1,0,0,0,0,0,3,4,0,1,7,,N,,,,,,,,,,,
2011009966,809.0,2,0,0,0,0,0,0,0,0,4,0,,67,12,2010,5,40.0368,-75.0407,804.0,6,0,0,0,0,0,0,0,0,,0,0,0,99.0,1,3,5,,0,40 02:12.142,,0,75 02:27.052,4,0,0,0,67301,0,0,0,N,0,0,0,4,67301,1,,1,9,,N,N,,0,,0,0,0,3,2,,9999.0,3,2,0,0,0,2,0,3,4,0,2,3,,N,,,,,,,,,,,
2011009780,2012.0,2,0,0,0,0,0,0,0,0,1,0,,67,12,2010,6,39.8875,-75.248,2007.0,6,0,0,0,0,0,0,0,1,,0,0,0,20.0,3,0,1,,0,39 53:15.134,,0,75 14:52.601,0,0,0,0,67301,0,0,0,N,0,0,0,6,67301,0,,1,1,,N,N,,0,,0,0,0,3,2,,2005.0,0,2,0,0,0,0,0,3,4,0,2,3,,N,,,,,,,,,,,
2011010047,1056.0,0,0,0,0,0,0,0,0,0,1,0,,67,12,2010,5,40.0195,-75.05,1052.0,6,0,0,0,0,0,0,0,0,,0,0,0,10.0,1,1,1,,0,40 01:10.233,,0,75 03:00.054,8,0,0,0,67301,0,0,0,N,0,0,0,3,67301,0,,1,9,,N,N,,0,,0,0,1,3,2,,1040.0,1,3,0,0,0,1,1,3,4,2,3,3,,N,,,,,,,,,,,
2011026239,135.0,2,0,0,0,0,0,0,0,0,5,0,,67,6,2010,2,39.9897,-75.1822,132.0,6,0,0,0,0,0,0,0,0,,0,0,0,1.0,3,0,0,,0,39 59:22.754,,0,75 10:55.923,0,0,0,0,67301,0,0,0,,0,0,0,2,67301,0,,6,1,,,,,0,,0,0,1,0,0,,130.0,0,3,0,0,0,0,0,3,4,0,3,3,,N,,,,,,,,,,,
2011026301,806.0,1,0,0,0,0,0,0,0,0,8,0,,67,5,2010,2,39.9535,-75.2262,806.0,6,0,0,0,0,0,0,0,0,,0,0,0,8.0,1,2,2,,0,39 57:12.616,,0,75 13:34.398,4,0,0,0,67301,2,0,0,N,2,0,0,3,67301,2,,1,1,,N,Y,,0,,0,0,0,3,2,,803.0,2,3,0,0,0,0,0,3,4,0,1,3,,N,,,,,,,,,,,
2011026303,757.0,1,0,0,0,0,0,0,0,0,8,0,,67,6,2010,2,39.9528,-75.2205,755.0,6,0,0,0,0,0,0,0,0,,0,0,0,7.0,1,1,0,,0,39 57:10.180,,0,75 13:13.730,4,0,0,0,67301,1,0,0,N,1,0,0,2,67301,1,,6,1,,N,N,,0,,0,0,0,0,0,,748.0,1,2,0,0,0,0,0,3,4,0,1,3,,N,,,,,,,,,,,
2011026343,1719.0,2,0,0,0,0,0,0,0,0,6,0,,67,6,2010,7,39.9028,-75.2513,1715.0,6,0,0,0,0,0,0,0,0,2.0,0,0,0,17.0,1,0,0,,2,39 54:10.030,6.0,0,75 15:04.640,0,0,0,0,67301,0,0,0,N,0,0,0,2,67301,0,,1,1,,N,N,,0,,0,0,1,0,0,Y,1707.0,0,3,0,0,0,0,0,3,4,0,3,3,,N,,,,,,,,,,,
2011026346,1710.0,2,0,0,0,0,0,1,0,0,4,1,,67,5,2010,3,39.9931,-75.0817,1700.0,6,0,0,0,0,0,0,0,0,,0,0,0,16.0,1,1,2,,0,39 59:35.488,,0,75 04:53.544,8,0,0,0,67301,0,0,0,,0,0,0,4,67301,0,,1,9,,,,,0,,0,0,0,3,3,,1657.0,1,3,0,0,0,1,0,3,4,0,3,7,,N,,,,,,,,,,,
2011026347,1907.0,2,0,0,0,0,0,0,0,0,4,0,,67,6,2010,3,40.0269,-75.0593,1859.0,6,0,0,0,0,0,2,0,0,1.0,0,0,0,18.0,1,1,1,,1,40 01:36.819,3.0,0,75 03:33.460,4,0,0,0,67301,0,0,0,,0,0,0,2,67301,1,,1,1,,N,N,,0,,0,0,0,3,3,Y,1859.0,1,3,0,0,0,0,0,3,4,1,3,3,,N,,,,,,,,,,,
2011026217,1735.0,2,0,0,0,0,0,0,0,0,1,0,,67,5,2010,3,39.9527,-75.1914,1735.0,6,0,0,0,1,0,0,0,0,,0,0,0,17.0,1,1,0,,0,39 57:09.795,,0,75 11:29.026,8,0,0,0,67301,0,0,0,N,0,0,0,4,67301,0,,1,1,,N,N,,0,,0,0,1,0,0,,1735.0,1,3,0,0,0,1,0,3,4,0,3,3,,N,,,,,,,,,,,
2011026249,840.0,3,0,0,0,0,0,0,0,0,5,0,,67,6,2010,2,40.003,-75.0951,830.0,6,0,0,0,0,0,0,0,0,,0,0,0,7.0,1,1,2,,0,40 00:10.970,,0,75 05:42.386,3,0,0,0,67301,0,0,0,N,0,0,0,2,67301,0,,1,1,,N,N,,0,,1,0,0,0,0,,740.0,1,3,0,0,0,0,0,3,4,0,3,3,,N,,,,,,,,,,,
2011001731,1820.0,0,0,0,0,0,0,0,0,0,8,0,,67,12,2010,1,40.0367,-75.1325,1815.0,6,0,0,0,0,0,0,0,0,,0,0,0,18.0,3,1,1,,0,40 02:12.088,,0,75 07:57.032,4,0,0,0,67301,1,0,0,N,1,0,0,2,67301,1,,1,1,,N,N,,0,,0,0,0,3,2,,1815.0,1,2,0,0,1,0,0,3,4,1,1,3,,N,,,,,,,,,,,
2011001738,1140.0,2,0,0,0,0,0,0,0,0,4,0,,67,11,2010,1,40.0707,-75.2008,1132.0,6,0,0,0,0,0,0,0,0,,0,0,0,11.0,1,1,1,,0,40 04:13.892,,0,75 12:02.251,4,0,0,0,67301,0,0,0,N,0,0,0,4,67301,1,,1,1,,N,N,,0,,0,0,0,3,2,,1130.0,1,2,0,0,0,0,0,3,4,0,2,3,,N,,,,,,,,,,,
2011001385,1828.0,0,0,0,0,0,0,0,0,0,7,0,50.0,67,12,2010,3,39.8977,-75.1866,1817.0,6,0,0,0,0,0,0,0,0,1.0,0,0,0,18.0,3,0,0,,1,39 53:53.981,2.0,0,75 10:58.210,0,0,0,0,67301,0,0,0,N,0,0,0,1,68K01,0,,4,98,,N,N,,0,,0,0,1,0,0,N,1815.0,0,1,0,0,0,0,0,3,4,0,1,98,,Y,4.0,2.0,N,N,N,N,N,N,Y,N,
2011000790,2305.0,1,0,0,0,0,0,0,0,0,7,0,,67,11,2010,4,39.9703,-75.2036,2303.0,6,0,0,0,0,0,0,0,0,,0,0,0,23.0,3,0,10,,0,39 58:12.998,,0,75 12:12.942,0,0,0,0,67301,0,0,0,N,0,0,0,1,67301,0,,4,1,,N,N,,0,,0,0,0,0,0,,2300.0,0,1,0,0,0,0,0,3,4,0,1,3,,N,,,,,,,,,,,
2011025705,1127.0,2,0,0,0,0,0,1,0,0,4,1,,67,5,2010,7,40.0352,-75.1455,1126.0,6,0,0,0,1,0,0,0,1,4.0,0,0,0,11.0,1,4,1,,2,40 02:06.731,7.0,0,75 08:43.670,3,0,0,0,67301,0,0,0,N,0,0,0,4,67301,0,,1,1,,N,N,,0,,3,0,0,9,2,Y,1125.0,4,3,0,0,0,1,0,3,4,0,3,3,,N,,,,,,,,,,,
2011025733,1620.0,0,0,0,0,0,0,0,0,0,7,0,,67,4,2010,6,39.9206,-75.2467,1541.0,6,0,0,0,0,0,0,0,1,,0,0,0,15.0,1,1,0,,0,39 55:14.013,,0,75 14:48.028,2,0,0,0,67301,0,0,0,N,0,0,0,1,67301,0,,2,1,,N,N,,0,,0,1,1,0,0,,1541.0,1,1,0,0,0,0,0,3,4,0,1,3,,N,,,,,,,,,,,
2011025780,1125.0,1,0,0,0,0,0,0,0,0,8,0,,67,5,2010,7,39.9513,-75.1551,1123.0,6,0,0,0,0,1,0,0,0,,0,0,0,99.0,1,1,1,,0,39 57:04.605,,0,75 09:18.331,8,0,0,0,67301,1,0,0,,1,0,0,3,67301,0,,1,1,,,,,0,,0,0,0,3,2,,9999.0,1,2,0,0,2,1,0,3,4,0,1,3,,N,,,,,,,,,,,
2011027739,0.0,0,0,0,1,0,0,0,0,0,4,0,,67,3,2010,3,39.9905,-75.1641,0.0,6,0,0,0,0,0,0,0,0,,0,0,0,18.0,4,1,1,,0,39 59:25.814,,0,75 09:50.684,8,0,0,0,67301,1,0,0,N,0,0,0,2,00000,0,,1,1,,N,N,,0,,0,0,0,3,3,,1830.0,1,2,0,0,0,1,0,3,4,0,1,3,,N,,,,,,,,,,,
2011001065,750.0,3,0,0,0,0,0,0,0,0,1,0,,67,12,2010,6,40.0591,-75.0751,745.0,6,0,0,0,0,0,1,0,0,,0,0,0,7.0,3,1,1,,0,40 03:32.738,,0,75 04:30.305,4,0,0,0,67301,0,0,0,N,0,0,0,2,67301,1,,1,1,,N,N,,0,,0,0,0,0,0,,744.0,1,3,0,0,0,0,0,3,4,0,3,3,,N,,,,,,,,,,,
2011008870,20.0,1,0,0,0,0,0,0,0,0,7,0,99.0,67,12,2010,5,39.9542,-75.161,17.0,6,0,0,0,0,0,1,0,0,1.0,0,0,0,0.0,3,1,1,,2,39 57:14.940,4.0,0,75 09:39.775,3,0,0,0,67301,0,0,0,,0,0,0,1,67301,0,,4,1,,,,,0,,1,0,0,3,2,N,15.0,1,1,0,0,0,0,0,3,4,0,1,3,,Y,3.0,1.0,U,,,U,Y,,,,