CRN,ARRIVAL_TM,AUTOMOBILE_COUNT,BELTED_DEATH_COUNT,BELTED_SUSP_SERIOUS_INJ_COUNT,BICYCLE_COUNT,BICYCLE_DEATH_COUNT,BICYCLE_SUSP_SERIOUS_INJ_COUNT,BUS_COUNT,CHLDPAS_DEATH_COUNT,CHLDPAS_SUSP_SERIOUS_INJ_COUNT,COLLISION_TYPE,COMM_VEH_COUNT,CONS_ZONE_SPD_LIM,COUNTY,CRASH_MONTH,CRASH_YEAR,DAY_OF_WEEK,DEC_LAT,DEC_LONG,DISPATCH_TM,DISTRICT,DRIVER_COUNT_16YR,DRIVER_COUNT_17YR,DRIVER_COUNT_18YR,DRIVER_COUNT_19YR,DRIVER_COUNT_20YR,DRIVER_COUNT_50_64YR,DRIVER_COUNT_65_74YR,DRIVER_COUNT_75PLUS,EST_HRS_CLOSED,FATAL_COUNT,HEAVY_TRUCK_COUNT,HORSE_BUGGY_COUNT,HOUR_OF_DAY,ILLUMINATION,INJURY_COUNT,INTERSECT_TYPE,INTERSECTION_RELATED,LANE_CLOSED,LATITUDE,LN_CLOSE_DIR,LOCATION_TYPE,LONGITUDE,MAX_SEVERITY_LEVEL,MCYCLE_DEATH_COUNT,MCYCLE_SUSP_SERIOUS_INJ_COUNT,MOTORCYCLE_COUNT,MUNICIPALITY,NONMOTR_COUNT,NONMOTR_DEATH_COUNT,NONMOTR_SUSP_SERIOUS_INJ_COUNT,NTFY_HIWY_MAINT,PED_COUNT,PED_DEATH_COUNT,PED_SUSP_SERIOUS_INJ_COUNT,PERSON_COUNT,POLICE_AGCY,POSSIBLE_INJ_COUNT,RDWY_SURF_TYPE_CD,RELATION_TO_ROAD,ROAD_CONDITION,ROADWAY_CLEARED,SCH_BUS_IND,SCH_ZONE_IND,SECONDARY_CRASH,SMALL_TRUCK_COUNT,SPEC_JURIS_CD,SUSP_MINOR_INJ_COUNT,SUSP_SERIOUS_INJ_COUNT,SUV_COUNT,TCD_FUNC_CD,TCD_TYPE,TFC_DETOUR_IND,TIME_OF_DAY,TOT_INJ_COUNT,TOTAL_UNITS,UNB_DEATH_COUNT,UNB_SUSP_SERIOUS_INJ_COUNT,UNBELTED_OCC_COUNT,UNK_INJ_DEG_COUNT,UNK_INJ_PER_COUNT,URBAN_AREA,URBAN_RURAL,VAN_COUNT,VEHICLE_COUNT,WEATHER1,WEATHER2,WORK_ZONE_IND,WORK_ZONE_LOC,WORK_ZONE_TYPE,WORKERS_PRES,WZ_CLOSE_DETOUR,WZ_FLAGGER,WZ_LAW_OFFCR_IND,WZ_LN_CLOSURE,WZ_MOVING,WZ_OTHER,WZ_SHLDER_MDN,WZ_WORKERS_INJ_KILLED
2011000897,940.0,1,0,0,0,0,0,0,0,0,4,0,,67,11,2010,2,40.0272,-75.0989,940.0,6,0,0,0,0,0,0,0,0,1.0,0,0,0,9.0,1,2,1,,1,40 01:38.505,2.0,0,75 05:56.834,4,0,0,0,67301,0,0,0,N,0,0,0,3,67301,2,,1,1,,N,N,,0,,0,0,1,3,2,N,940.0,2,2,0,0,0,0,0,3,4,0,2,3,,N,,,,,,,,,,,
2011000931,757.0,1,0,0,0,0,0,0,0,0,7,0,,67,11,2010,6,40.0401,-75.1444,752.0,6,0,0,0,0,0,0,0,0,,0,0,0,7.0,1,1,0,,0,40 02:24.242,,0,75 08:39.839,4,0,0,0,67301,0,0,0,N,0,0,0,1,67301,1,,5,9,,N,N,,0,,0,0,0,0,0,,737.0,1,1,0,0,0,0,0,3,4,0,1,7,,N,,,,,,,,,,,
2012103999,850.0,2,0,0,0,0,0,0,0,0,6,0,,67,9,2010,2,40.0337,-75.1454,850.0,6,0,0,0,0,1,0,0,0,,0,0,0,8.0,1,0,2,,0,40 02:01.186,,0,75 08:43.295,4,0,0,0,67301,0,0,0,N,0,0,0,2,67301,1,,1,9,,N,N,,0,,0,0,0,3,3,,800.0,1,2,0,0,0,0,1,3,4,0,2,7,,N,,,,,,,,,,,
2010028589,809.0,2,0,0,0,0,0,0,0,0,4,0,,67,2,2010,7,39.9614,-75.1482,807.0,6,0,0,0,0,0,1,0,0,,0,0,0,8.0,1,2,1,,0,39 57:41.045,,0,75 08:53.398,4,0,0,0,67301,0,0,0,N,0,0,0,3,67301,2,,1,1,,N,N,,0,,0,0,0,3,2,,805.0,2,2,0,0,0,0,0,3,4,0,2,3,,N,,,,,,,,,,,
2010018054,2335.0,2,0,0,0,0,0,0,0,0,6,0,,67,1,2010,2,40.0459,-75.1519,2332.0,6,0,0,0,0,0,0,0,0,,0,0,0,23.0,3,2,0,,0,40 02:45.382,,0,75 09:06.985,4,0,0,0,67301,0,0,0,N,0,0,0,3,67301,2,,1,1,,N,N,,0,,0,0,0,0,0,,2317.0,2,2,0,0,0,0,0,3,4,0,2,3,,N,,,,,,,,,,,
2010106174,2309.0,2,0,0,0,0,0,0,0,0,5,0,,67,9,2010,7,40.0013,-75.1946,2305.0,6,0,0,0,0,0,1,0,0,2.0,0,0,0,23.0,3,1,0,,2,40 00:06.008,4.0,0,75 11:40.457,3,0,0,1,67301,0,0,0,N,0,0,0,3,68K01,0,,1,1,,N,N,,0,,1,0,0,0,0,N,2303.0,1,3,0,0,0,0,1,3,4,0,3,3,,N,,,,,,,,,,,
2010088979,1308.0,2,0,0,0,0,0,0,0,0,4,0,,67,8,2010,1,39.9571,-75.1511,1307.0,6,0,0,0,0,0,0,0,0,,0,0,0,13.0,1,3,1,,0,39 57:25.688,,0,75 09:03.847,4,0,0,0,67301,0,0,0,N,0,0,0,4,67301,1,,1,1,,N,N,,0,,0,0,0,3,2,,1303.0,3,2,0,0,4,2,0,3,4,0,2,3,,N,,,,,,,,,,,
2011022608,0.0,0,0,0,0,0,0,0,0,0,8,0,,67,9,2010,4,,,0.0,6,0,0,0,0,0,0,0,0,,0,0,0,11.0,1,1,0,,0,,,0,,3,0,0,0,67301,1,0,0,N,1,0,0,2,00000,0,,1,1,,N,N,,1,,1,0,0,0,0,,1100.0,1,2,0,0,0,0,1,3,3,0,1,3,,N,,,,,,,,,,,
2011026350,9999.0,4,0,0,0,0,0,0,0,0,4,0,,67,5,2010,5,39.9543,-75.224,227.0,6,0,0,0,0,0,1,0,0,,0,0,0,14.0,1,2,1,,0,39 57:15.642,,0,75 13:26.511,3,0,0,0,67301,0,0,0,N,0,0,0,3,67301,1,,1,1,,N,N,,0,,1,0,0,9,2,,1400.0,2,4,0,0,0,0,0,3,4,0,4,3,,N,,,,,,,,,,,
2011026208,2247.0,4,0,0,0,0,0,0,0,0,6,0,,67,6,2010,4,39.9558,-75.2099,2247.0,6,0,0,0,0,0,0,0,0,3.0,0,0,0,22.0,3,2,2,,2,39 57:20.944,2.0,0,75 12:35.661,4,0,0,0,67301,0,0,0,N,0,0,0,2,67301,1,,1,1,,N,N,,0,,0,0,0,3,3,Y,2247.0,2,4,0,0,1,1,0,3,4,0,4,3,,N,,,,,,,,,,,
2011026221,1230.0,0,0,0,0,0,0,0,0,0,8,0,,67,5,2010,6,39.9595,-75.2332,1225.0,6,0,0,0,0,0,1,0,0,,0,0,0,12.0,1,1,1,,0,39 57:34.088,,0,75 13:59.355,8,0,0,0,67301,1,0,0,N,1,0,0,2,67301,0,,1,1,,N,N,,1,,0,0,0,9,2,,1200.0,1,2,0,0,0,1,0,3,4,0,1,3,,N,,,,,,,,,,,
2011000882,220.0,1,0,0,0,0,0,0,0,0,7,0,,67,11,2010,3,39.9499,-75.1421,217.0,6,0,0,0,0,0,0,0,0,,0,0,0,2.0,3,2,10,,0,39 56:59.015,,8,75 08:25.842,3,0,0,0,67301,0,0,0,N,0,0,0,2,67301,0,,2,1,,N,N,,0,,2,0,0,3,3,,217.0,2,1,0,0,2,0,0,3,4,0,1,3,,N,,,,,,,,,,,
2011001716,1532.0,0,0,0,0,0,0,0,0,0,7,0,,67,12,2010,6,39.9523,-75.1404,1528.0,6,0,0,0,0,0,0,0,0,,0,0,0,15.0,1,1,0,,0,39 57:08.418,,7,75 08:25.321,3,0,0,0,67301,0,0,0,N,0,0,0,1,67301,0,,5,1,,N,N,,0,,1,0,1,0,0,,1500.0,1,1,0,0,0,0,0,3,4,0,1,3,,N,,,,,,,,,,,
2011001250,1938.0,0,0,0,0,0,0,0,0,0,7,0,,67,12,2010,4,39.9828,-75.0995,1925.0,6,0,0,0,0,0,0,0,0,1.0,0,0,0,19.0,3,0,0,,2,39 58:58.033,2.0,0,75 05:58.440,0,0,0,0,67301,0,0,0,N,0,0,0,1,68K01,0,,2,1,,N,N,,0,,0,0,0,0,0,N,1922.0,0,1,0,0,0,0,0,3,4,1,1,3,,N,,,,,,,,,,,
2011008355,1110.0,1,0,0,0,0,0,0,0,0,4,0,,67,12,2010,1,39.9368,-75.2297,1110.0,6,0,0,0,0,0,0,0,0,,0,0,0,11.0,1,1,1,,0,39 56:12.483,,0,75 13:47.092,4,0,0,0,67301,0,0,0,Y,0,0,0,2,67301,1,,1,9,,N,N,,0,,0,0,0,3,2,,1108.0,1,2,0,0,0,0,0,3,4,1,2,7,,N,,,,,,,,,,,
2011008407,1659.0,0,0,0,0,0,0,0,0,0,8,0,,67,12,2010,5,39.993,-75.1103,1653.0,6,0,0,0,0,0,1,0,0,,0,0,0,16.0,1,1,1,,0,39 59:34.615,,0,75 06:37.098,8,0,0,0,67301,1,0,0,N,1,0,0,2,67301,0,,1,1,,N,N,,1,,0,0,0,3,2,,1648.0,1,2,0,0,0,1,0,3,4,0,1,3,,N,,,,,,,,,,,
2011008439,1858.0,1,0,0,0,0,0,0,0,0,7,0,,67,12,2010,3,39.994,-75.1544,1848.0,6,0,0,0,0,0,0,1,0,,0,0,0,18.0,3,3,0,,0,39 59:38.481,,0,75 09:15.991,4,0,0,0,67301,0,0,0,N,0,0,0,3,67301,3,,5,1,,N,N,,0,,0,0,0,0,0,,1835.0,3,1,0,0,0,0,0,3,4,0,1,3,,N,,,,,,,,,,,
2011025677,1631.0,1,0,0,1,0,0,0,0,0,6,0,,67,6,2010,7,39.9332,-75.151,1631.0,6,0,0,0,0,0,0,0,0,,0,0,0,16.0,1,1,1,,0,39 55:59.624,,0,75 09:03.740,4,0,0,0,67301,1,0,0,,0,0,0,4,67301,1,,1,1,,,,,0,,0,0,0,3,3,,1614.0,1,2,0,0,0,0,0,3,4,0,1,3,,N,,,,,,,,,,,
2011023448,0.0,1,0,0,0,0,0,0,0,0,4,0,,67,3,2010,2,40.0685,-75.0082,0.0,6,0,0,0,0,0,0,0,0,,0,0,0,18.0,1,0,1,,0,40 04:06.691,,0,75 00:29.389,9,0,0,0,67301,0,0,0,N,0,0,0,2,00000,0,,1,1,,N,N,,0,,0,0,0,0,0,,1800.0,0,2,0,0,0,0,2,3,4,0,2,3,,N,,,,,,,,,,,
2011027950,1235.0,1,0,0,0,0,0,0,0,0,1,0,,67,6,2010,7,40.0159,-75.1296,1212.0,6,0,0,0,0,0,2,0,0,,0,0,0,12.0,1,1,1,,0,40 00:57.319,,0,75 07:46.466,4,0,0,0,67301,0,0,0,,0,0,0,8,67301,1,,1,1,,,,,1,,0,0,0,3,3,,1220.0,1,4,0,0,2,0,0,3,4,2,4,7,,N,,,,,,,,,,,
2011023489,0.0,1,0,0,0,0,0,0,0,0,4,0,,67,3,2010,1,39.9981,-75.1418,0.0,6,0,0,0,0,0,0,0,0,,0,0,0,17.0,1,1,1,,0,39 59:53.203,,0,75 08:30.404,8,0,0,0,67301,0,0,0,N,0,0,0,2,00000,0,,1,1,,N,N,,0,,0,0,0,0,0,,1730.0,1,2,0,0,0,1,1,3,4,0,2,3,,N,,,,,,,,,,,
2011001086,2011.0,2,0,0,0,0,0,0,0,0,5,0,,67,11,2010,3,39.9725,-75.2538,2010.0,6,0,0,0,0,0,1,0,0,,0,0,0,18.0,3,0,0,,0,39 58:21.014,,7,75 15:13.586,0,0,0,0,67301,0,0,0,,0,0,0,2,67301,0,,1,1,,,,,0,,0,0,0,0,0,,1815.0,0,2,0,0,0,0,0,3,4,0,2,3,,N,,,,,,,,,,,
2011001097,800.0,2,0,0,0,0,0,0,0,0,4,0,,67,11,2010,6,40.0215,-75.0518,758.0,6,0,0,0,0,0,0,1,0,,0,0,0,7.0,1,2,1,,0,40 01:17.505,,0,75 03:06.381,3,0,0,0,67301,0,0,0,N,0,0,0,3,67301,1,,1,9,,N,N,,0,,1,0,0,3,2,,744.0,2,2,0,0,0,0,0,3,4,0,2,7,,N,,,,,,,,,,,
2011001108,1605.0,1,0,0,0,0,0,0,0,0,1,0,,67,11,2010,1,39.8978,-75.2116,1602.0,6,0,0,0,0,0,1,0,0,2.0,0,0,0,16.0,1,0,0,,1,39 53:52.325,3.0,3,75 12:41.428,0,0,0,0,67301,0,0,0,N,0,0,0,3,67301,0,,1,1,,N,N,,2,,0,0,0,0,0,N,1600.0,0,3,0,0,0,0,0,3,4,0,3,3,,N,,,,,,,,,,,
2011008869,1605.0,1,0,0,0,0,0,0,0,0,4,0,,67,12,2010,6,40.0039,-75.2207,1600.0,6,0,0,0,1,0,0,0,0,,0,0,0,14.0,1,2,1,,0,40 00:14.091,,0,75 13:14.544,4,0,0,0,67301,1,0,0,N,1,0,0,3,67301,1,,1,1,,N,N,,0,,0,0,1,3,2,,1400.0,2,3,0,0,0,1,0,3,4,0,2,3,,N,,,,,,,,,,,
2011001002,2120.0,2,0,0,0,0,0,0,0,0,1,0,,67,12,2010,7,40.0548,-75.169,2116.0,6,0,0,0,0,0,1,0,0,,0,0,0,21.0,3,1,1,,0,40 03:17.448,,0,75 10:08.247,8,0,0,0,67301,0,0,0,,0,0,0,3,67301,0,,1,1,,N,N,,0,,0,0,0,3,2,,2114.0,1,2,0,0,0,1,0,3,4,0,2,3,,N,,,,,,,,,,,
2010081752,1520.0,1,0,0,0,0,0,0,0,0,8,0,,67,7,2010,2,39.9723,-75.1522,1515.0,6,0,0,0,0,0,0,1,0,,0,0,0,12.0,1,1,1,,0,39 58:20.366,,0,75 09:07.934,4,0,0,0,67301,1,0,0,,1,0,0,2,67301,1,,1,98,,,,,0,,0,0,0,3,3,,1235.0,1,2,0,0,0,0,0,3,4,0,1,99,,N,,,,,,,,,,,
2010069932,2315.0,0,0,0,0,0,0,0,0,0,8,0,,67,6,2010,2,39.9977,-75.1047,2313.0,6,0,0,0,0,0,1,0,0,,0,0,0,23.0,6,1,0,,0,39 59:51.670,,0,75 06:16.950,4,0,0,0,67301,1,0,0,N,1,0,0,2,67301,1,,1,1,,N,N,,1,,0,0,0,0,0,,2311.0,1,2,0,0,0,0,0,3,4,0,1,3,,N,,,,,,,,,,,
2010069975,939.0,1,0,0,0,0,0,0,0,0,4,0,,67,6,2010,5,40.0808,-75.0284,923.0,6,0,0,0,0,0,0,0,0,1.0,0,0,0,9.0,1,1,1,,1,40 04:50.820,1.0,0,75 01:42.117,8,0,0,0,67301,0,0,0,N,0,0,0,3,67301,0,,1,1,,N,N,,1,,0,0,0,3,2,Y,925.0,1,2,0,0,0,1,0,3,4,0,2,3,,N,,,,,,,,,,,
2010070002,1620.0,2,0,0,0,0,0,0,0,0,4,0,,67,6,2010,3,39.9507,-75.2371,1620.0,6,0,0,0,0,0,0,0,0,,0,0,0,16.0,1,2,1,,0,39 57:02.523,,0,75 14:13.545,4,0,0,0,67301,0,0,0,N,0,0,0,3,67301,2,,1,1,,N,N,,0,,0,0,0,3,3,,1616.0,2,2,0,0,0,0,0,3,4,0,2,3,,N,,,,,,,,,,,
2010070024,823.0,1,0,0,0,0,0,0,0,0,4,0,,67,6,2010,3,39.8925,-75.2225,818.0,6,0,0,0,0,0,1,0,0,,0,0,0,6.0,1,2,1,,0,39 53:32.915,,2,75 13:21.046,4,0,0,0,67301,0,0,0,N,0,0,0,3,67301,2,,1,1,,N,N,,0,,0,0,1,3,2,,655.0,2,2,0,0,0,0,0,3,4,0,2,3,,N,,,,,,,,,,,
2010066988,1450.0,2,0,0,0,0,0,0,0,0,1,0,,67,5,2010,2,39.9599,-75.2267,1330.0,6,0,0,0,0,0,1,1,0,,0,0,0,13.0,1,1,0,,0,39 57:35.470,,0,75 13:36.200,8,0,0,0,67301,0,0,0,N,0,0,0,2,67301,0,,1,1,,N,N,,0,,0,0,0,0,0,,1330.0,1,2,0,0,0,1,0,3,4,0,2,3,,N,,,,,,,,,,,
2010058956,1340.0,1,0,0,1,0,0,0,0,0,1,0,,67,5,2010,3,39.9754,-75.1952,1338.0,6,0,0,0,0,0,0,0,0,,0,0,0,4.0,3,1,0,,0,39 58:31.580,,1,75 11:42.730,3,0,0,0,67301,1,0,0,N,0,0,0,2,67301,0,,1,1,,N,N,,0,,1,0,0,0,0,,430.0,1,2,0,0,0,0,0,3,4,0,1,3,,N,,,,,,,,,,,
2010058963,1421.0,1,0,0,0,0,0,0,0,0,8,0,,67,5,2010,2,40.0088,-75.1409,1421.0,6,0,0,0,0,0,1,0,0,,0,0,0,14.0,1,1,0,,0,40 00:31.602,,0,75 08:27.366,4,0,0,0,67301,1,0,0,N,1,0,0,2,67301,1,,1,1,,N,N,,0,,0,0,0,0,0,,1418.0,1,2,0,0,0,0,0,3,4,0,1,3,,N,,,,,,,,,,,
2010027947,256.0,1,0,0,0,0,0,0,0,0,7,0,,67,2,2010,7,40.1066,-75.0271,254.0,6,0,0,0,0,0,0,0,0,,0,0,0,2.0,3,0,0,,0,40 06:23.607,,0,75 01:37.613,0,0,0,0,67301,0,0,0,N,0,0,0,1,67301,0,,1,1,,N,N,,0,,0,0,0,0,0,,254.0,0,1,0,0,0,0,0,3,4,0,1,3,,N,,,,,,,,,,,
2010027951,9999.0,2,0,0,0,0,0,0,0,0,1,0,,67,1,2010,7,40.0002,-75.2223,9999.0,6,0,0,0,0,0,0,0,0,,0,0,0,99.0,3,0,0,,0,40 00:00.750,,0,75 13:20.100,0,0,0,0,67301,0,0,0,N,0,0,0,2,67301,0,,1,6,,N,N,,0,,0,0,0,9,3,,9999.0,0,2,0,0,2,0,0,3,4,0,2,99,,N,,,,,,,,,,,
2010028098,2330.0,1,0,0,0,0,0,0,0,0,2,0,,67,1,2010,1,40.0405,-75.0679,2327.0,6,0,1,0,0,0,0,0,0,3.0,0,0,0,23.0,3,1,0,,1,40 02:25.627,2.0,0,75 04:04.368,4,0,0,0,67301,0,0,0,,0,0,0,2,67301,1,,1,1,,,,,0,,0,0,1,0,0,Y,2320.0,1,2,0,0,0,0,0,3,4,0,2,3,,N,,,,,,,,,,,
2010018063,1815.0,2,0,0,0,0,0,0,0,0,6,0,,67,1,2010,3,40.1114,-75.0247,1811.0,6,0,0,0,0,0,0,0,0,,0,0,0,16.0,3,2,0,,0,40 06:41.062,,0,75 01:28.789,4,0,0,0,67301,0,0,0,,0,0,0,7,67301,2,,1,1,,N,N,,0,,0,0,0,0,0,,1605.0,2,2,0,0,0,0,0,3,4,0,2,3,,N,,,,,,,,,,,
2010110934,2140.0,0,0,0,0,0,0,0,0,0,7,1,,67,11,2010,4,39.9688,-75.1362,2130.0,6,0,0,0,0,0,0,0,0,3.0,0,1,0,21.0,3,0,0,,2,39 58:07.853,5.0,0,75 08:10.416,0,0,0,0,67301,0,0,0,N,0,0,0,1,67301,0,,5,1,,N,N,,0,,0,0,0,0,0,Y,2120.0,0,1,0,0,1,0,0,3,4,0,1,3,,N,,,,,,,,,,,
2011009998,312.0,2,0,0,0,0,0,0,0,0,6,0,,67,12,2010,7,40.0656,-75.0027,309.0,6,0,0,0,0,0,0,0,0,,0,0,0,2.0,3,1,0,,0,40 03:56.280,,0,75 00:09.765,4,0,0,0,67301,1,0,0,N,0,0,0,2,67301,1,,4,1,,N,N,,1,,0,0,0,0,0,,255.0,1,3,0,0,0,0,0,3,4,0,3,3,,N,,,,,,,,,,,
2011010010,1028.0,2,0,0,0,0,0,0,0,0,5,0,,67,12,2010,4,40.0333,-75.0801,1025.0,6,0,0,0,0,0,1,0,0,,0,0,0,10.0,1,1,2,,0,40 01:59.916,,0,75 04:48.230,4,0,0,0,67301,0,0,0,,0,0,0,2,67301,1,,1,1,,,,,0,,0,0,0,3,3,,1023.0,1,2,0,0,0,0,0,3,4,0,2,3,,N,,,,,,,,,,,
2011009757,2.0,0,0,0,0,0,0,0,0,0,7,0,,67,12,2010,1,40.0071,-75.2138,2353.0,6,0,0,0,0,0,0,0,0,,0,0,0,23.0,3,0,0,,0,40 00:25.473,,0,75 12:49.633,0,0,0,0,67301,0,0,0,N,0,0,0,1,67301,0,,4,7,,N,N,,0,,0,0,1,0,0,,2300.0,0,1,0,0,0,0,0,3,4,0,1,10,,N,,,,,,,,,,,
2011008274,51.0,0,0,0,0,0,0,0,0,0,4,0,,67,11,2010,7,39.9539,-75.2103,49.0,6,0,0,0,0,0,1,0,0,,0,0,0,0.0,3,1,1,,0,39 57:14.058,,0,75 12:37.123,8,0,0,0,67301,0,0,0,N,0,0,0,3,67301,0,,1,1,,N,N,,1,,0,0,0,3,3,,49.0,1,2,0,0,0,1,0,3,4,1,2,3,,N,,,,,,,,,,,
2011000561,1459.0,0,0,0,0,0,0,0,0,0,7,1,,67,12,2010,1,39.9144,-75.1482,1453.0,6,0,0,0,0,0,0,0,0,,0,1,0,14.0,1,0,0,,0,39 54:50.370,,0,75 08:53.821,0,0,0,0,67301,0,0,0,N,0,0,0,1,68K01,0,,2,6,,N,N,,0,,0,0,0,0,0,,1425.0,0,1,0,0,0,0,0,3,4,0,1,10,,N,,,,,,,,,,,
2011022447,0.0,1,0,0,0,0,0,0,0,0,1,0,,67,6,2010,2,39.9409,-75.2126,0.0,6,0,0,0,0,0,0,0,0,,0,0,0,19.0,1,1,1,,0,39 56:27.112,,0,75 12:45.004,8,0,0,0,67301,0,0,0,,0,0,0,2,00000,0,,1,1,,,,,1,,0,0,0,3,2,,1900.0,1,2,0,0,0,1,1,3,4,0,2,3,,N,,,,,,,,,,,
2011026237,2000.0,0,0,0,0,0,0,0,0,0,8,0,,67,5,2010,2,39.986,-75.166,1955.0,6,0,0,0,0,0,0,0,0,,0,0,0,19.0,3,1,0,,0,39 59:09.461,,0,75 09:57.459,4,0,0,0,67301,1,0,0,N,1,0,0,2,67301,1,,1,9,,N,N,,0,,0,0,1,3,2,,1947.0,1,2,0,0,0,0,0,3,4,0,1,3,,N,,,,,,,,,,,
2011026324,2000.0,2,0,0,0,0,0,0,0,0,6,0,,67,5,2010,4,39.9702,-75.1245,1955.0,6,0,0,0,0,0,1,0,0,,0,0,0,19.0,1,2,5,,0,39 58:14.662,,2,75 07:26.259,4,0,0,0,67301,0,0,0,N,0,0,0,3,67301,2,,1,1,,N,N,,0,,0,0,1,1,2,,1954.0,2,3,0,0,0,0,0,3,4,0,3,3,,N,,,,,,,,,,,
2011024345,0.0,0,0,0,1,0,0,0,0,0,4,0,,67,1,2010,3,39.9759,-75.1586,0.0,6,0,0,0,0,0,0,0,0,,0,0,0,12.0,1,1,1,,0,39 58:33.096,,0,75 09:30.766,8,0,0,0,67301,1,0,0,N,0,0,0,2,00000,0,,1,1,,N,N,,1,,0,0,0,3,2,,1200.0,1,2,0,0,0,1,1,3,4,0,1,3,,N,,,,,,,,,,,
2011024446,0.0,0,0,0,0,0,0,0,0,0,4,0,,67,7,2010,2,39.9036,-75.2417,0.0,6,0,0,0,0,0,0,1,0,,0,0,0,10.0,1,2,0,,0,39 54:12.929,,7,75 14:30.266,3,0,0,0,67301,0,0,0,N,0,0,0,3,00000,0,,1,1,,N,N,,0,,1,0,2,3,2,,1025.0,2,2,0,0,0,1,1,3,4,0,2,3,,N,,,,,,,,,,,
2011000785,715.0,2,0,0,0,0,0,0,0,0,4,0,,67,12,2010,5,39.9841,-75.1881,700.0,6,0,0,0,0,0,0,0,0,,0,0,0,6.0,1,0,0,,0,39 59:02.799,,0,75 11:16.998,0,0,0,0,67301,0,0,0,N,0,0,0,2,67301,0,,1,1,,N,N,,0,,0,0,0,0,0,,629.0,0,2,0,0,0,0,0,3,4,0,2,3,,N,,,,,,,,,,,
2011008365,1747.0,1,0,0,0,0,0,0,0,0,8,0,,67,12,2010,5,40.0415,-75.0539,1742.0,6,0,0,0,0,0,0,0,0,,0,0,0,99.0,3,1,1,,0,40 02:29.511,,0,75 03:13.913,8,0,0,0,67301,1,0,0,,1,0,0,2,67301,0,,1,1,,,,,0,,0,0,0,3,3,,9999.0,1,2,0,0,1,1,0,3,4,0,1,3,,N,,,,,,,,,,,
2011008376,316.0,2,0,0,0,0,0,0,0,0,6,0,,67,12,2010,1,39.9986,-75.1544,315.0,6,0,0,0,0,0,1,0,0,,0,0,0,99.0,3,0,0,,0,39 59:55.030,,0,75 09:15.780,0,0,0,0,67301,0,0,0,N,0,0,0,1,67301,0,,6,9,,N,N,,0,,0,0,2,0,0,,9999.0,0,4,0,0,0,0,0,3,4,0,4,7,,N,,,,,,,,,,,
2011008396,210.0,2,0,0,0,0,0,0,0,0,2,0,,67,12,2010,5,40.0351,-75.0709,158.0,6,0,0,0,0,0,1,0,0,2.0,0,0,0,1.0,3,1,1,,1,40 02:06.421,5.0,0,75 04:15.407,4,0,0,0,67301,0,0,0,,0,0,0,2,67301,1,,1,1,,,,,0,,0,0,0,3,2,N,158.0,1,2,0,0,0,0,0,3,4,0,2,3,,N,,,,,,,,,,,
2011008455,2018.0,1,0,0,0,0,0,0,0,0,4,0,,67,12,2010,1,40.0618,-75.0561,2015.0,6,0,0,1,1,0,0,0,0,9.0,0,0,0,99.0,3,1,1,,2,40 03:42.317,7.0,0,75 03:21.839,8,0,0,0,67301,0,0,0,,0,0,0,5,67301,0,,1,1,,,,,1,,0,0,0,3,2,Y,9999.0,1,2,0,0,0,1,0,3,4,0,2,3,,N,,,,,,,,,,,
2011025678,1210.0,2,0,0,0,0,0,0,0,0,4,0,,67,5,2010,1,40.0276,-75.0962,1159.0,6,0,0,0,0,0,0,0,0,,0,0,0,11.0,1,2,2,,0,40 01:39.432,,0,75 05:46.337,8,0,0,0,67301,0,0,0,N,0,0,0,5,67301,0,,1,1,,N,N,,0,,0,0,0,3,3,,1150.0,2,2,0,0,0,2,0,3,4,0,2,3,,N,,,,,,,,,,,
2011061380,810.0,4,0,0,0,0,0,0,0,0,6,0,,67,4,2010,1,40.058,-75.1574,803.0,6,0,0,0,0,0,0,0,0,,0,0,0,7.0,1,2,0,,0,40 03:28.731,,0,75 09:26.578,4,0,0,0,67301,0,0,0,N,0,0,0,2,67301,2,,1,1,,N,N,,0,,0,0,1,0,0,,755.0,2,5,0,0,0,0,0,3,4,0,5,3,,N,,,,,,,,,,,
2011001049,1343.0,1,0,0,0,0,0,0,0,0,7,0,,67,11,2010,1,39.9617,-75.1577,1341.0,6,0,0,0,0,0,1,0,0,,0,0,0,13.0,1,1,1,,0,39 57:42.668,,0,75 09:27.784,4,0,0,0,67301,0,0,0,,0,0,0,1,67301,1,,5,1,,,,,0,,0,0,0,3,2,,1335.0,1,1,0,0,0,0,0,3,4,0,1,3,,N,,,,,,,,,,,
2011024889,,2,0,0,0,0,0,0,0,0,1,0,,67,9,2010,7,,,,6,0,0,0,0,0,0,0,0,,0,0,0,2.0,6,1,0,,0,,,0,,8,0,0,0,67301,0,0,0,,0,0,0,2,00000,0,,1,1,,,,,0,,0,0,0,0,0,,230.0,1,2,0,0,0,1,1,3,3,0,2,3,,N,,,,,,,,,,,
2011008488,1049.0,1,0,0,0,0,0,0,0,0,4,0,,67,12,2010,6,40.0299,-75.0878,1042.0,6,0,0,0,0,0,1,0,0,,0,0,0,10.0,1,3,1,,0,40 01:47.231,,0,75 05:16.817,8,0,0,0,67301,0,0,0,N,0,0,0,6,67301,0,,1,1,,N,N,,0,,0,0,0,3,2,,1040.0,3,2,0,0,0,3,0,3,4,1,2,3,,N,,,,,,,,,,,