CRN,ARRIVAL_TM,AUTOMOBILE_COUNT,BELTED_DEATH_COUNT,BELTED_SUSP_SERIOUS_INJ_COUNT,BICYCLE_COUNT,BICYCLE_DEATH_COUNT,BICYCLE_SUSP_SERIOUS_INJ_COUNT,BUS_COUNT,CHLDPAS_DEATH_COUNT,CHLDPAS_SUSP_SERIOUS_INJ_COUNT,COLLISION_TYPE,COMM_VEH_COUNT,CONS_ZONE_SPD_LIM,COUNTY,CRASH_MONTH,CRASH_YEAR,DAY_OF_WEEK,DEC_LAT,DEC_LONG,DISPATCH_TM,DISTRICT,DRIVER_COUNT_16YR,DRIVER_COUNT_17YR,DRIVER_COUNT_18YR,DRIVER_COUNT_19YR,DRIVER_COUNT_20YR,DRIVER_COUNT_50_64YR,DRIVER_COUNT_65_74YR,DRIVER_COUNT_75PLUS,EST_HRS_CLOSED,FATAL_COUNT,HEAVY_TRUCK_COUNT,HORSE_BUGGY_COUNT,HOUR_OF_DAY,ILLUMINATION,INJURY_COUNT,INTERSECT_TYPE,INTERSECTION_RELATED,LANE_CLOSED,LATITUDE,LN_CLOSE_DIR,LOCATION_TYPE,LONGITUDE,MAX_SEVERITY_LEVEL,MCYCLE_DEATH_COUNT,MCYCLE_SUSP_SERIOUS_INJ_COUNT,MOTORCYCLE_COUNT,MUNICIPALITY,NONMOTR_COUNT,NONMOTR_DEATH_COUNT,NONMOTR_SUSP_SERIOUS_INJ_COUNT,NTFY_HIWY_MAINT,PED_COUNT,PED_DEATH_COUNT,PED_SUSP_SERIOUS_INJ_COUNT,PERSON_COUNT,POLICE_AGCY,POSSIBLE_INJ_COUNT,RDWY_SURF_TYPE_CD,RELATION_TO_ROAD,ROAD_CONDITION,ROADWAY_CLEARED,SCH_BUS_IND,SCH_ZONE_IND,SECONDARY_CRASH,SMALL_TRUCK_COUNT,SPEC_JURIS_CD,SUSP_MINOR_INJ_COUNT,SUSP_SERIOUS_INJ_COUNT,SUV_COUNT,TCD_FUNC_CD,TCD_TYPE,TFC_DETOUR_IND,TIME_OF_DAY,TOT_INJ_COUNT,TOTAL_UNITS,UNB_DEATH_COUNT,UNB_SUSP_SERIOUS_INJ_COUNT,UNBELTED_OCC_COUNT,UNK_INJ_DEG_COUNT,UNK_INJ_PER_COUNT,URBAN_AREA,URBAN_RURAL,VAN_COUNT,VEHICLE_COUNT,WEATHER1,WEATHER2,WORK_ZONE_IND,WORK_ZONE_LOC,WORK_ZONE_TYPE,WORKERS_PRES,WZ_CLOSE_DETOUR,WZ_FLAGGER,WZ_LAW_OFFCR_IND,WZ_LN_CLOSURE,WZ_MOVING,WZ_OTHER,WZ_SHLDER_MDN,WZ_WORKERS_INJ_KILLED
2011040592,2319.0,1,0,0,0,0,0,0,0,0,1,0,,67,12,2010,2,39.9635,-75.1392,2311.0,6,0,0,0,0,0,1,0,0,1.0,0,0,0,22.0,3,0,0,,1,39 57:53.161,2.0,2,75 08:17.007,9,0,0,0,67301,0,0,0,N,0,0,0,2,68K01,0,,1,1,,N,N,,0,,0,0,0,0,0,N,2246.0,0,2,0,0,0,0,1,3,4,0,2,3,,N,,,,,,,,,,,
2011008888,1435.0,2,0,0,0,0,0,0,0,0,1,0,,67,12,2010,3,40.0361,-75.1277,1430.0,6,0,0,0,0,0,0,0,0,,0,0,0,14.0,1,1,1,,0,40 02:09.861,,0,75 07:39.767,4,0,0,0,67301,0,0,0,N,0,0,0,2,67301,1,,1,1,,N,N,,0,,0,0,0,3,2,,1420.0,1,2,0,0,0,0,0,3,4,0,2,3,,N,,,,,,,,,,,
2011008905,1721.0,1,0,0,0,0,0,0,0,0,7,0,,67,12,2010,7,40.0102,-75.1859,1719.0,6,0,0,0,0,0,1,0,0,2.0,0,0,0,17.0,4,1,0,,2,40 00:39.213,3.0,0,75 11:02.181,3,0,0,0,67301,0,0,0,N,0,0,0,2,67301,0,,3,1,,N,N,,1,,1,0,0,0,0,N,1714.0,1,2,0,0,0,0,0,3,4,0,2,3,,N,,,,,,,,,,,
2011000932,1020.0,2,0,0,0,0,0,0,0,0,1,0,,67,11,2010,2,40.0395,-75.1544,1020.0,6,0,0,0,0,0,1,0,0,,0,0,0,10.0,1,1,1,,0,40 02:22.248,,0,75 09:15.909,3,0,0,0,67301,0,0,0,N,0,0,0,2,67301,0,,1,1,,N,N,,0,,1,0,0,2,2,,1020.0,1,2,0,0,0,0,0,3,4,0,2,3,,N,,,,,,,,,,,
2010028311,151.0,1,0,0,0,0,0,0,0,0,8,0,,67,2,2010,1,40.0995,-75.0114,149.0,6,0,0,0,0,0,1,0,0,,0,0,0,1.0,3,1,0,,0,40 05:58.340,,0,75 00:40.914,4,0,0,0,67301,1,0,0,,1,0,0,2,67301,1,,1,1,,,,,0,,0,0,0,3,2,,148.0,1,2,0,0,0,0,0,3,4,0,1,3,,N,,,,,,,,,,,
2010028319,1900.0,1,0,0,0,0,0,0,0,0,8,0,,67,2,2010,6,39.9562,-75.1701,9999.0,6,0,0,0,0,0,0,0,0,,0,0,0,19.0,3,1,0,,0,39 57:22.380,,99,75 10:12.390,4,0,0,0,67301,1,0,0,N,1,0,0,2,67301,1,,1,1,,N,N,,0,,0,0,0,3,3,,1900.0,1,2,0,0,0,0,0,3,4,0,1,3,,N,,,,,,,,,,,
2010028350,330.0,2,0,0,0,0,0,0,0,0,1,0,,67,2,2010,7,39.9597,-75.2474,324.0,6,0,0,0,0,0,1,0,0,,0,0,0,3.0,3,6,2,,0,39 57:34.816,,99,75 14:50.653,4,0,0,0,67301,0,0,0,N,0,0,0,7,67301,6,,1,9,,N,N,,0,,0,0,1,3,2,,324.0,6,3,0,0,6,0,0,3,4,0,3,3,,N,,,,,,,,,,,
2010028540,1010.0,1,0,0,0,0,0,0,0,0,4,0,,67,2,2010,5,40.1145,-74.9882,1008.0,6,0,0,0,0,0,0,0,0,,0,0,0,9.0,1,0,0,,0,40 06:52.300,,0,74 59:17.480,0,0,0,0,67301,0,0,0,N,0,0,0,2,67301,0,,1,1,,N,N,,0,,0,0,0,0,0,,945.0,0,2,0,0,0,0,0,3,4,1,2,3,,N,,,,,,,,,,,
2010028597,1652.0,3,0,0,0,0,0,0,0,0,5,0,,67,1,2010,5,40.0351,-75.1445,1651.0,6,0,0,0,1,0,0,0,0,,0,0,0,16.0,1,3,0,,0,40 02:06.424,,0,75 08:40.143,4,0,0,0,67301,0,0,0,N,0,0,0,3,67301,3,,1,1,,N,N,,0,,0,0,0,3,2,,1645.0,3,3,0,0,0,0,0,3,4,0,3,3,,N,,,,,,,,,,,
2010088984,1031.0,2,0,0,0,0,0,0,0,0,6,0,,67,8,2010,5,39.9556,-75.1728,1031.0,6,0,0,0,0,0,0,0,0,,0,0,0,10.0,1,2,1,,0,39 57:20.167,,0,75 10:21.953,4,0,0,0,67301,0,0,0,N,0,0,0,3,67301,2,,1,1,,N,N,,0,,0,0,0,3,2,,1025.0,2,2,0,0,0,0,0,3,4,0,2,3,,N,,,,,,,,,,,
2010088990,220.0,1,0,0,0,0,0,0,0,0,7,0,,67,8,2010,7,40.0195,-75.1442,213.0,6,0,0,0,0,0,0,0,0,2.0,0,0,0,2.0,3,1,0,,2,40 01:10.057,2.0,0,75 08:39.345,4,0,0,0,67301,0,0,0,,0,0,0,1,67301,1,,5,1,,,,,0,,0,0,0,0,0,N,213.0,1,1,0,0,0,0,0,3,4,0,1,3,,N,,,,,,,,,,,
2010091480,2006.0,1,0,0,0,0,0,0,0,0,4,0,,67,8,2010,3,40.0514,-75.1243,2006.0,6,0,0,0,1,0,0,0,0,,0,0,0,18.0,1,4,1,,0,40 03:05.086,,0,75 07:27.616,4,0,0,0,67301,0,0,0,N,0,0,0,8,67301,4,,1,1,,N,N,,0,,0,0,1,3,3,,1847.0,4,2,0,0,0,0,0,3,4,0,2,3,,N,,,,,,,,,,,
2010110761,1642.0,1,0,0,0,0,0,0,0,0,1,0,,67,10,2010,3,39.9605,-75.137,1632.0,6,0,0,0,0,0,0,0,0,,0,0,0,16.0,1,0,2,,0,39 57:36.624,,0,75 08:13.909,0,0,0,0,67301,0,0,0,N,0,0,0,2,67301,0,,1,1,,N,N,,0,,0,0,0,3,2,,1631.0,0,2,0,0,0,0,0,3,4,1,2,3,,N,,,,,,,,,,,
2010103615,1905.0,2,0,0,0,0,0,0,0,0,1,0,,67,10,2010,5,39.9926,-75.0856,1851.0,6,0,0,0,0,0,0,0,0,,0,0,0,18.0,3,1,0,,0,39 59:32.963,,0,75 05:08.275,4,0,0,0,67301,0,0,0,N,0,0,0,3,68K01,1,,1,9,,N,N,,0,,0,0,0,0,0,,1848.0,1,2,0,0,0,0,0,3,4,0,2,7,,N,,,,,,,,,,,
2011026306,2237.0,2,0,0,0,0,0,0,0,0,1,0,,67,12,2010,7,40.0524,-75.1577,2236.0,6,0,0,0,0,0,0,0,0,,0,0,0,22.0,3,2,1,,0,40 03:08.460,,0,75 09:27.889,8,0,0,0,67301,0,0,0,N,0,0,0,3,67301,0,,1,1,,N,N,,0,,0,0,0,3,2,,2236.0,2,2,0,0,0,2,0,3,4,0,2,3,,N,,,,,,,,,,,
2011026335,1607.0,1,0,0,0,0,0,1,0,0,4,1,,67,6,2010,6,40.0183,-75.1688,1604.0,6,0,0,0,0,0,0,0,0,2.0,0,0,0,16.0,1,2,7,,2,40 01:05.635,3.0,2,75 10:07.656,4,0,0,0,67301,0,0,0,N,0,0,0,4,67301,2,,1,1,,Y,N,,1,,0,0,0,0,0,N,1603.0,2,3,0,0,0,0,0,3,4,0,3,3,,N,,,,,,,,,,,
2011026382,0.0,2,0,3,0,0,0,0,0,0,4,0,,67,12,2010,2,40.039,-75.15,0.0,6,0,1,0,0,0,0,0,0,,0,0,0,20.0,6,3,1,,0,40 02:20.299,,0,75 09:00.122,2,0,0,0,67301,0,0,0,N,0,0,0,4,00000,0,,1,6,,N,N,,0,,0,3,0,9,9,,2030.0,3,2,0,0,0,0,1,3,4,0,2,10,,N,,,,,,,,,,,
2011024400,0.0,2,0,0,0,0,0,0,0,0,5,0,,67,6,2010,2,39.9744,-75.2643,0.0,6,0,0,0,0,1,0,0,0,,0,0,0,20.0,4,1,1,,0,39 58:27.901,,0,75 15:51.317,8,0,0,0,67301,0,0,0,,0,0,0,3,00000,0,,1,1,,,,,0,,0,0,0,0,0,,2030.0,1,2,0,0,0,1,2,3,4,0,2,3,,N,,,,,,,,,,,
2011001756,10.0,2,0,0,0,0,0,0,0,0,5,0,,67,12,2010,7,40.0282,-75.1449,6.0,6,0,0,0,0,1,0,0,0,,0,0,0,23.0,3,1,0,,0,40 01:41.649,,0,75 08:41.481,4,0,0,0,67301,0,0,0,N,0,0,0,1,67301,1,,6,1,,N,N,,0,,0,0,0,0,0,,2350.0,1,2,0,0,1,0,0,3,4,0,2,3,,N,,,,,,,,,,,
2011000753,1200.0,0,0,0,0,0,0,0,0,0,7,0,,67,11,2010,6,39.9763,-75.2185,2349.0,6,0,0,1,0,0,0,0,0,,0,0,0,99.0,3,1,2,,0,39 58:34.820,,0,75 13:06.488,4,0,0,0,67301,0,0,0,N,0,0,0,1,67301,1,,3,1,,N,N,,0,,0,0,1,3,3,,9999.0,1,1,0,0,1,0,0,3,4,0,1,3,,N,,,,,,,,,,,
2011000774,1505.0,1,0,0,0,0,0,1,0,0,5,1,,67,12,2010,3,40.0068,-75.1316,1500.0,6,0,0,0,1,0,0,0,0,,0,0,0,99.0,1,2,1,,0,40 00:24.350,,0,75 07:53.666,4,0,0,0,67301,0,0,0,N,0,0,0,3,67301,2,,1,1,,N,N,,0,,0,0,0,3,2,,9999.0,2,2,0,0,0,0,0,3,4,0,2,3,,N,,,,,,,,,,,
2011008358,9999.0,1,0,0,0,0,0,0,0,0,7,0,,67,12,2010,5,39.905,-75.2242,1929.0,6,0,0,0,0,0,0,0,0,,0,0,0,19.0,3,1,0,,0,39 54:17.743,,0,75 13:27.113,4,0,0,0,67301,0,0,0,N,0,0,0,1,67301,1,,4,2,,N,N,,0,,0,0,0,0,0,,1917.0,1,1,0,0,0,0,0,3,4,0,1,10,,N,,,,,,,,,,,
2011008360,1945.0,0,0,0,0,0,0,1,0,0,5,1,,67,12,2010,5,39.9378,-75.2309,1945.0,6,0,0,0,0,0,0,0,0,,0,0,0,17.0,3,4,0,,0,39 56:16.070,,0,75 13:51.320,8,0,0,0,67301,3,0,0,N,0,0,0,5,67301,0,,2,2,,N,N,,0,,0,0,1,0,0,,1745.0,4,2,0,0,0,4,0,3,4,0,2,10,,N,,,,,,,,,,,
2011008447,500.0,1,0,0,0,0,0,0,0,0,1,0,,67,10,2010,1,39.9701,-75.1304,450.0,6,0,0,0,0,0,0,0,0,9.0,0,0,0,4.0,3,2,1,,2,39 58:12.689,3.0,0,75 07:48.886,8,0,0,0,67301,0,0,0,N,0,0,0,2,67301,0,,1,1,,N,N,,0,,0,0,1,3,2,Y,440.0,2,2,0,0,0,2,0,3,4,0,2,3,,N,,,,,,,,,,,
2011025774,142.0,1,0,0,0,0,0,0,0,0,4,0,,67,5,2010,7,40.0724,-75.0568,139.0,6,0,0,0,0,0,0,0,0,,0,0,0,1.0,3,0,0,,0,40 04:20.470,,0,75 03:24.390,0,0,0,0,67301,0,0,0,N,0,0,0,1,67301,0,,1,1,,N,N,,0,,0,0,0,0,0,,142.0,0,3,0,0,0,0,0,3,4,2,3,3,,N,,,,,,,,,,,
2011025778,640.0,1,0,0,0,0,0,0,0,0,6,0,,67,5,2010,5,39.9364,-75.219,620.0,6,0,0,0,0,0,1,0,0,,0,0,0,6.0,1,1,1,,0,39 56:11.083,,0,75 13:08.439,2,0,1,1,67301,0,0,0,,0,0,0,2,67301,0,,1,1,,N,N,,0,,0,1,0,3,2,,615.0,1,2,0,0,0,0,0,3,4,0,2,3,,N,,,,,,,,,,,
2011025299,0.0,1,0,0,0,0,0,0,0,0,7,0,,67,11,2010,3,40.0144,-75.2063,0.0,6,0,0,0,0,0,0,0,0,,0,0,0,16.0,1,0,0,,0,40 00:51.690,,0,75 12:22.730,0,0,0,0,67301,0,0,0,N,0,0,0,1,00000,0,,3,9,,N,N,,0,,0,0,0,0,0,,1600.0,0,2,0,0,0,0,0,3,4,0,1,7,,N,,,,,,,,,,,
2011025377,0.0,1,0,0,0,0,0,0,0,0,1,0,,67,10,2010,7,40.0027,-75.1742,0.0,6,0,0,0,0,0,0,0,0,,0,0,0,22.0,3,1,1,,0,40 00:09.705,,0,75 10:27.076,3,0,0,1,67301,0,0,0,N,0,0,0,2,00000,0,,1,1,,N,N,,0,,1,0,0,3,2,,2200.0,1,2,0,0,0,0,0,3,4,0,2,3,,N,,,,,,,,,,,
2011023492,0.0,2,0,0,0,0,0,0,0,0,4,0,,67,9,2010,1,,,0.0,6,0,0,0,0,0,0,0,0,,0,0,0,12.0,1,1,1,,0,,,0,,8,0,0,0,67301,0,0,0,,0,0,0,2,00000,0,,1,1,,,,,0,,0,0,0,9,9,,1245.0,1,2,0,0,0,1,1,3,3,0,2,3,,N,,,,,,,,,,,
2011008510,1043.0,2,0,0,0,0,0,0,0,0,4,0,,67,12,2010,5,40.0202,-75.1753,1043.0,6,0,0,0,0,0,1,0,0,,0,0,0,10.0,1,0,0,,0,40 01:12.728,,7,75 10:31.229,9,0,0,0,67301,0,0,0,,0,0,0,2,67301,0,,1,1,,,,,0,,0,0,0,3,3,,1030.0,0,2,0,0,0,0,1,3,4,0,2,3,,N,,,,,,,,,,,
2011070049,1914.0,2,0,0,0,0,0,0,0,0,1,0,,67,11,2010,6,39.9914,-75.0864,1910.0,6,0,0,0,0,0,1,0,0,,0,0,0,19.0,3,0,0,,0,39 59:28.536,,0,75 05:11.166,0,0,0,0,67301,0,0,0,N,0,0,0,2,68K01,0,,1,1,,N,N,,0,,0,0,0,0,0,,1910.0,0,2,0,0,0,0,0,3,4,0,2,3,,N,,,,,,,,,,,
2011008807,205.0,0,0,0,0,0,0,0,0,0,7,0,,67,12,2010,1,39.9528,-75.1818,200.0,6,0,0,0,0,0,0,0,0,1.0,0,0,0,1.0,3,0,0,,1,39 57:09.742,4.0,2,75 10:54.773,0,0,0,0,67301,0,0,0,N,0,0,0,1,68K01,0,,2,8,,N,N,,0,,0,0,0,0,0,N,157.0,0,1,0,0,0,0,0,3,4,1,1,7,,N,,,,,,,,,,,
2010028275,854.0,1,0,0,0,0,0,0,0,0,8,0,,67,3,2010,3,40.0535,-75.0889,854.0,6,0,0,0,0,0,0,0,1,,0,0,0,8.0,1,1,0,,0,40 03:12.747,,0,75 05:20.032,8,0,0,0,67301,1,0,0,N,1,0,0,4,67301,0,,1,1,,N,N,,0,,0,0,0,0,0,,853.0,1,2,0,0,0,1,0,3,4,0,1,3,,N,,,,,,,,,,,
2010052352,1435.0,1,0,0,0,0,0,0,0,0,4,0,,67,5,2010,1,40.0183,-75.1485,1430.0,6,0,0,0,0,0,1,0,0,,0,0,0,14.0,1,1,1,,0,40 01:06.097,,0,75 08:54.382,3,0,0,1,67301,0,0,0,N,0,0,0,2,67301,0,,1,1,,N,N,,0,,1,0,0,3,2,,1425.0,1,2,0,0,0,0,0,3,4,0,2,3,,N,,,,,,,,,,,
2010081665,934.0,1,0,0,0,0,0,0,0,0,4,0,,67,7,2010,4,40.0296,-75.2063,929.0,6,0,0,0,0,0,0,0,0,,0,0,0,9.0,1,0,2,,0,40 01:46.558,,0,75 12:22.846,0,0,0,0,67301,0,0,0,N,0,0,0,2,67301,0,,1,1,,N,N,,0,,0,0,1,3,3,,900.0,0,2,0,0,0,0,0,3,4,0,2,3,,N,,,,,,,,,,,
2010118439,255.0,1,0,0,0,0,0,0,0,0,4,0,,67,10,2010,1,40.0201,-75.1488,251.0,6,0,0,0,0,0,0,0,0,9.0,0,0,0,2.0,3,2,1,,1,40 01:12.183,2.0,0,75 08:55.615,4,0,0,0,67301,0,0,0,N,0,0,0,5,67301,1,,1,1,,N,N,,0,,0,0,1,3,2,N,215.0,2,2,0,0,0,1,0,3,4,0,2,3,,N,,,,,,,,,,,
2010113798,1538.0,0,0,0,0,0,0,0,0,0,8,0,,67,10,2010,6,39.9407,-75.2242,1537.0,6,0,0,0,0,0,1,0,0,,0,0,0,15.0,1,1,1,,0,39 56:26.512,,0,75 13:26.950,8,0,0,0,67301,1,0,0,,1,0,0,2,67301,0,,1,1,,,,,1,,0,0,0,3,2,,1535.0,1,2,0,0,0,1,0,3,4,0,1,3,,N,,,,,,,,,,,
2010074395,931.0,1,0,0,0,0,0,0,0,0,1,1,,67,7,2010,3,39.9499,-75.2036,930.0,6,0,0,0,0,0,1,0,0,,0,1,0,9.0,1,1,2,,0,39 56:59.727,,0,75 12:12.925,2,0,0,0,67301,0,0,0,N,0,0,0,4,67301,0,,1,1,,N,N,,0,,0,1,0,3,2,,928.0,1,2,0,0,0,0,0,3,4,0,2,3,,N,,,,,,,,,,,
2010074406,2103.0,2,0,0,0,0,0,0,0,0,1,0,,67,7,2010,7,39.9898,-75.1255,2102.0,6,0,0,0,0,0,1,0,0,,0,0,0,21.0,4,1,1,,0,39 59:23.298,,0,75 07:31.934,8,0,0,0,67301,0,0,0,N,0,0,0,2,67301,0,,1,1,,N,N,,0,,0,0,0,3,2,,2100.0,1,2,0,0,1,1,1,3,4,0,2,3,,N,,,,,,,,,,,
2010024912,1700.0,0,0,0,0,0,0,0,0,0,7,0,,67,1,2010,6,40.0026,-75.0794,1655.0,6,0,0,0,0,0,0,0,0,,0,0,0,16.0,4,1,0,,0,40 00:09.534,,0,75 04:45.737,8,0,0,0,67301,0,0,0,,0,0,0,2,67301,0,,3,1,,N,N,,0,,0,0,1,0,0,,1645.0,1,1,0,0,0,1,0,3,4,0,1,3,,N,,,,,,,,,,,
2010030484,2027.0,0,0,0,0,0,0,0,0,0,7,0,,67,3,2010,1,40.0091,-75.0672,2027.0,6,0,1,0,0,0,0,0,0,,0,0,0,20.0,3,0,6,,0,40 00:32.947,,2,75 04:01.266,0,0,0,0,67301,0,0,0,N,0,0,0,3,68K01,0,,3,1,,N,N,,0,,0,0,1,0,0,,2026.0,0,1,0,0,0,0,0,3,4,0,1,3,,N,,,,,,,,,,,
2010028051,822.0,1,0,0,0,0,0,0,0,0,8,0,,67,2,2010,5,39.9543,-75.1918,818.0,6,0,0,0,0,0,1,0,0,,0,0,0,8.0,1,1,1,,0,39 57:15.624,,0,75 11:30.453,4,0,0,0,67301,1,0,0,N,1,0,0,2,67301,1,,1,1,,N,N,,0,,0,0,0,3,2,,818.0,1,2,0,0,0,0,0,3,4,0,1,3,,N,,,,,,,,,,,
2010028172,938.0,2,0,0,0,0,0,0,0,0,4,0,,67,2,2010,2,39.9954,-75.2182,937.0,6,0,0,0,0,0,0,0,0,,0,0,0,9.0,1,2,2,,0,39 59:43.381,,0,75 13:05.706,8,0,0,0,67301,0,0,0,,0,0,0,3,67301,0,,1,1,,,,,0,,0,0,0,3,2,,905.0,2,2,0,0,0,2,0,3,4,0,2,3,,N,,,,,,,,,,,
2010027950,528.0,1,0,0,0,0,0,0,0,0,8,0,,67,2,2010,7,,,523.0,6,0,0,0,0,0,1,0,0,,0,0,0,5.0,3,1,0,,0,,,0,,8,0,0,0,67301,1,0,0,,1,0,0,3,67301,0,,1,1,,,,,0,,0,0,0,0,0,,523.0,1,2,0,0,0,1,0,3,3,0,1,3,,N,,,,,,,,,,,
2010028297,1816.0,1,0,0,0,0,0,0,0,0,1,0,,67,2,2010,5,40.0039,-75.1241,1809.0,6,0,0,0,0,0,0,0,0,,0,0,0,17.0,6,0,0,,0,40 00:14.034,,0,75 07:26.900,0,0,0,0,67301,0,0,0,N,0,0,0,5,67301,0,,1,1,,N,N,,0,,0,0,1,0,0,,1752.0,0,2,0,0,5,0,0,3,4,0,2,3,,N,,,,,,,,,,,
2010028384,850.0,1,0,0,0,0,0,0,0,0,4,0,,67,3,2010,2,39.9945,-75.1593,848.0,6,0,0,0,0,0,1,0,0,,0,0,0,8.0,1,0,1,,0,39 59:40.373,,0,75 09:33.635,0,0,0,0,67301,0,0,0,N,0,0,0,2,67301,0,,1,1,,N,N,,0,,0,0,0,3,2,,847.0,0,2,0,0,0,0,0,3,4,1,2,3,,N,,,,,,,,,,,
2010015563,1630.0,0,0,0,0,0,0,0,0,0,7,0,,67,1,2010,7,39.9791,-75.1082,1628.0,6,0,0,0,0,0,0,0,0,1.0,0,0,0,16.0,1,1,0,,1,39 58:45.256,1.0,0,75 06:29.871,4,0,0,0,67301,0,0,0,N,0,0,0,1,68K01,1,,3,2,,N,N,,0,,0,0,1,0,0,N,1619.0,1,1,0,0,0,0,0,3,4,0,1,10,,N,,,,,,,,,,,
2010015568,1947.0,1,0,0,0,0,0,0,0,0,5,0,,67,1,2010,7,39.8908,-75.2217,1927.0,6,0,0,0,0,0,0,0,0,,0,0,0,19.0,2,0,0,,0,39 53:25.893,,0,75 13:16.359,0,0,0,0,67301,0,0,0,N,0,0,0,3,68K01,0,,1,7,,N,N,,0,,0,0,1,0,0,,1922.0,0,2,0,0,0,0,0,3,4,0,2,10,,N,,,,,,,,,,,
2010088976,1550.0,1,0,0,1,0,0,0,0,0,4,0,,67,8,2010,6,39.9488,-75.179,1549.0,6,0,0,0,0,0,0,0,0,,0,0,0,15.0,1,1,1,,0,39 56:55.507,,0,75 10:44.381,8,0,0,0,67301,1,0,0,N,0,0,0,2,67301,0,,1,1,,N,N,,0,,0,0,0,3,2,,1540.0,1,2,0,0,0,1,0,3,4,0,1,3,,N,,,,,,,,,,,
2010110754,1540.0,2,0,0,0,0,0,0,0,0,5,0,,67,10,2010,6,40.0378,-75.0425,533.0,6,0,0,0,0,0,0,1,0,,0,0,0,14.0,1,1,0,,0,40 02:15.921,,0,75 02:33.054,4,0,0,0,67301,0,0,0,N,0,0,0,2,67301,1,,1,1,,N,N,,0,,0,0,0,0,0,,1439.0,1,3,0,0,0,0,0,3,4,0,3,3,,N,,,,,,,,,,,
2011008276,1210.0,1,0,0,0,0,0,0,0,0,7,0,,67,11,2010,5,40.1068,-75.036,1203.0,6,0,0,0,0,0,0,0,0,,0,0,0,12.0,1,3,0,,0,40 06:24.360,,0,75 02:09.720,3,0,0,0,67301,0,0,0,N,0,0,0,3,67301,1,,5,1,,N,N,,0,,2,0,0,0,0,,1205.0,3,1,0,0,3,0,0,3,4,0,1,3,,N,,,,,,,,,,,
2011024998,0.0,1,0,0,0,0,0,0,0,0,7,0,,67,11,2010,7,39.9365,-75.1859,0.0,6,0,0,0,0,0,0,0,0,,0,0,0,4.0,5,0,0,,0,39 56:11.461,,0,75 11:09.261,0,0,0,0,67301,0,0,0,N,0,0,0,1,00000,0,,5,1,,N,N,,0,,0,0,0,0,0,,400.0,0,1,0,0,0,0,0,3,4,0,1,3,,N,,,,,,,,,,,
2011022517,0.0,1,0,0,0,0,0,0,0,0,4,0,,67,3,2010,5,39.9364,-75.2164,0.0,6,0,0,0,0,0,0,0,0,,0,0,0,14.0,1,3,1,,0,39 56:11.011,,0,75 12:59.205,3,0,0,0,67301,0,0,0,N,0,0,0,4,00000,0,,1,1,,N,N,,0,,3,0,0,0,0,,1430.0,3,2,0,0,0,0,1,3,4,0,2,3,,N,,,,,,,,,,,
2011010057,9999.0,4,0,0,0,0,0,0,0,0,5,0,,67,12,2010,6,39.9788,-75.242,2341.0,6,0,0,0,0,0,0,0,0,,0,0,0,23.0,3,0,0,,0,39 58:43.527,,0,75 14:31.088,0,0,0,0,67301,0,0,0,N,0,0,0,3,67301,0,,6,9,,N,N,,0,,0,0,2,0,0,,2337.0,0,6,0,0,0,0,0,3,4,0,6,3,,N,,,,,,,,,,,
2011026315,755.0,3,0,0,0,0,0,0,0,0,4,0,,67,5,2010,4,39.9182,-75.2089,748.0,6,0,0,0,0,0,0,0,0,2.0,0,0,0,7.0,1,6,1,,1,39 55:05.640,1.0,0,75 12:31.416,3,0,0,0,67301,0,0,0,N,0,0,0,6,67301,5,,1,1,,N,N,,0,,1,0,0,3,2,Y,739.0,6,3,0,0,0,0,0,3,4,0,3,3,,N,,,,,,,,,,,
2011026359,1807.0,3,0,0,0,0,0,0,0,0,1,0,,67,5,2010,3,39.9578,-75.2417,1807.0,6,0,0,0,0,0,1,0,0,,0,0,0,18.0,1,1,1,,0,39 57:28.044,,0,75 14:29.990,8,0,0,0,67301,0,0,0,N,0,0,0,3,67301,0,,1,1,,N,N,,0,,0,0,0,3,3,,1806.0,1,3,0,0,0,1,0,3,4,0,3,3,,N,,,,,,,,,,,
2011026389,,1,0,0,0,0,0,0,0,0,1,0,,67,12,2010,4,,,,6,0,0,0,0,0,0,0,0,,0,0,0,6.0,5,1,0,,0,,,0,,8,0,0,0,67301,0,0,0,N,0,0,0,2,00000,0,,1,1,,N,N,,0,,0,0,1,0,0,,650.0,1,2,0,0,0,1,1,3,3,0,2,3,,N,,,,,,,,,,,
2011000876,854.0,1,0,0,0,0,0,0,0,0,4,0,,67,11,2010,7,40.0521,-75.0678,854.0,6,0,0,0,0,0,0,1,0,1.0,0,0,0,8.0,1,1,1,,1,40 03:07.696,5.0,0,75 04:04.036,4,0,0,0,67301,0,0,0,N,0,0,0,3,67301,1,,1,1,,N,N,,2,,0,0,0,3,2,N,854.0,1,3,0,0,0,0,0,3,4,0,3,3,,N,,,,,,,,,,,
2011001712,1404.0,2,0,0,0,0,0,0,0,0,1,0,,67,11,2010,1,39.9752,-75.1211,1402.0,6,0,0,0,0,0,0,0,0,,0,0,0,13.0,1,1,1,,0,39 58:32.542,,0,75 07:13.776,4,0,0,0,67301,0,0,0,,0,0,0,3,67301,1,,1,1,,N,N,,0,,0,0,0,3,2,,1335.0,1,2,0,0,0,0,0,3,4,0,2,3,,N,,,,,,,,,,,
2011008304,230.0,1,0,0,0,0,0,0,0,0,7,0,,67,12,2010,7,40.0293,-75.0886,229.0,6,0,0,0,0,0,0,0,0,2.0,0,0,0,2.0,3,1,0,,2,40 01:45.627,1.0,0,75 05:18.713,8,0,0,0,67301,0,0,0,N,0,0,0,2,67301,0,,5,1,,N,N,,0,,0,0,0,0,0,Y,228.0,1,1,0,0,0,1,0,3,4,0,1,3,,N,,,,,,,,,,,