CRN,ARRIVAL_TM,AUTOMOBILE_COUNT,BELTED_DEATH_COUNT,BELTED_SUSP_SERIOUS_INJ_COUNT,BICYCLE_COUNT,BICYCLE_DEATH_COUNT,BICYCLE_SUSP_SERIOUS_INJ_COUNT,BUS_COUNT,CHLDPAS_DEATH_COUNT,CHLDPAS_SUSP_SERIOUS_INJ_COUNT,COLLISION_TYPE,COMM_VEH_COUNT,CONS_ZONE_SPD_LIM,COUNTY,CRASH_MONTH,CRASH_YEAR,DAY_OF_WEEK,DEC_LAT,DEC_LONG,DISPATCH_TM,DISTRICT,DRIVER_COUNT_16YR,DRIVER_COUNT_17YR,DRIVER_COUNT_18YR,DRIVER_COUNT_19YR,DRIVER_COUNT_20YR,DRIVER_COUNT_50_64YR,DRIVER_COUNT_65_74YR,DRIVER_COUNT_75PLUS,EST_HRS_CLOSED,FATAL_COUNT,HEAVY_TRUCK_COUNT,HORSE_BUGGY_COUNT,HOUR_OF_DAY,ILLUMINATION,INJURY_COUNT,INTERSECT_TYPE,INTERSECTION_RELATED,LANE_CLOSED,LATITUDE,LN_CLOSE_DIR,LOCATION_TYPE,LONGITUDE,MAX_SEVERITY_LEVEL,MCYCLE_DEATH_COUNT,MCYCLE_SUSP_SERIOUS_INJ_COUNT,MOTORCYCLE_COUNT,MUNICIPALITY,NONMOTR_COUNT,NONMOTR_DEATH_COUNT,NONMOTR_SUSP_SERIOUS_INJ_COUNT,NTFY_HIWY_MAINT,PED_COUNT,PED_DEATH_COUNT,PED_SUSP_SERIOUS_INJ_COUNT,PERSON_COUNT,POLICE_AGCY,POSSIBLE_INJ_COUNT,RDWY_SURF_TYPE_CD,RELATION_TO_ROAD,ROAD_CONDITION,ROADWAY_CLEARED,SCH_BUS_IND,SCH_ZONE_IND,SECONDARY_CRASH,SMALL_TRUCK_COUNT,SPEC_JURIS_CD,SUSP_MINOR_INJ_COUNT,SUSP_SERIOUS_INJ_COUNT,SUV_COUNT,TCD_FUNC_CD,TCD_TYPE,TFC_DETOUR_IND,TIME_OF_DAY,TOT_INJ_COUNT,TOTAL_UNITS,UNB_DEATH_COUNT,UNB_SUSP_SERIOUS_INJ_COUNT,UNBELTED_OCC_COUNT,UNK_INJ_DEG_COUNT,UNK_INJ_PER_COUNT,URBAN_AREA,URBAN_RURAL,VAN_COUNT,VEHICLE_COUNT,WEATHER1,WEATHER2,WORK_ZONE_IND,WORK_ZONE_LOC,WORK_ZONE_TYPE,WORKERS_PRES,WZ_CLOSE_DETOUR,WZ_FLAGGER,WZ_LAW_OFFCR_IND,WZ_LN_CLOSURE,WZ_MOVING,WZ_OTHER,WZ_SHLDER_MDN,WZ_WORKERS_INJ_KILLED
2011008318,9999.0,0,0,0,0,0,0,0,0,0,7,0,,67,12,2010,7,40.0339,-75.0743,2210.0,6,0,0,0,0,0,0,0,0,,0,0,0,22.0,3,1,1,,0,40 02:02.039,,0,75 04:27.141,8,0,0,0,67301,0,0,0,N,0,0,0,1,67301,0,,5,1,,N,N,,1,,0,0,0,3,2,,2232.0,1,1,0,0,0,1,0,3,4,0,1,3,,N,,,,,,,,,,,
2011008324,1707.0,2,0,0,0,0,0,0,0,0,4,0,,67,12,2010,4,39.997,-75.1536,1700.0,6,0,0,0,0,0,1,1,0,,0,0,0,14.0,1,2,0,,0,39 59:49.020,,7,75 09:12.800,4,0,0,0,67301,0,0,0,,0,0,0,4,67301,2,,1,1,,,,,0,,0,0,0,0,0,,1406.0,2,2,0,0,0,0,1,3,4,0,2,99,,N,,,,,,,,,,,
2011008335,321.0,1,0,0,0,0,0,0,0,0,6,0,,67,12,2010,7,39.9519,-75.1598,319.0,6,0,0,0,0,0,0,0,0,1.0,0,0,0,3.0,3,1,1,,1,39 57:06.961,3.0,0,75 09:35.508,8,0,0,0,67301,0,0,0,N,0,0,0,2,67301,0,,1,1,,N,N,,0,,0,0,1,3,2,N,314.0,1,2,0,0,0,1,1,3,4,0,2,3,,N,,,,,,,,,,,
2011008401,1136.0,2,0,0,0,0,0,0,0,0,4,0,,67,12,2010,4,39.982,-75.1238,1133.0,6,0,0,0,0,0,1,0,0,,0,0,0,11.0,1,1,1,,0,39 58:55.099,,0,75 07:25.719,8,0,0,0,67301,0,0,0,N,0,0,0,2,67301,0,,1,1,,N,N,,0,,0,0,0,3,3,,1132.0,1,2,0,0,0,1,0,3,4,0,2,3,,N,,,,,,,,,,,
2011008410,254.0,1,0,0,0,0,0,0,0,0,0,0,,67,12,2010,6,40.0167,-75.1112,253.0,6,0,0,0,0,0,0,0,0,3.0,0,0,0,2.0,3,1,0,,2,40 01:00.040,5.0,0,75 06:40.172,2,0,0,0,67301,0,0,0,,0,0,0,1,67301,0,,5,2,,N,N,,0,,0,1,0,0,0,Y,246.0,1,1,0,0,0,0,0,3,4,0,1,3,,N,,,,,,,,,,,
2011025710,1322.0,2,0,0,0,0,0,0,0,0,4,0,,67,6,2010,7,40.1229,-75.0143,1321.0,6,0,0,0,0,1,0,0,0,9.0,0,0,0,13.0,1,1,2,,2,40 07:22.609,4.0,0,75 00:51.321,3,0,0,0,67301,0,0,0,,0,0,0,2,67301,0,,1,1,,,,,0,,1,0,0,3,3,Y,1316.0,1,2,0,0,1,0,0,3,4,0,2,3,,N,,,,,,,,,,,
2011025713,1735.0,1,0,0,0,0,0,0,0,0,8,0,,67,5,2010,7,40.0645,-75.1607,1724.0,6,0,0,0,0,0,1,0,0,,0,0,0,17.0,1,1,1,,0,40 03:52.140,,0,75 09:38.440,4,0,0,0,67301,1,0,0,N,1,0,0,4,67301,1,,1,1,,N,N,,0,,0,0,0,3,2,,1720.0,1,2,0,0,0,0,0,3,4,0,1,3,,N,,,,,,,,,,,
2011025321,0.0,1,0,0,0,0,0,1,0,0,1,1,,67,11,2010,5,39.9948,-75.1857,0.0,6,0,0,0,0,0,1,0,0,,0,0,0,8.0,1,1,1,,0,39 59:41.244,,0,75 11:08.516,8,0,0,0,67301,0,0,0,N,0,0,0,2,00000,0,,1,1,,N,N,,0,,0,0,0,3,2,,807.0,1,2,0,0,0,1,1,3,4,0,2,3,,N,,,,,,,,,,,
2011008512,753.0,1,0,0,0,0,0,0,0,0,8,0,,67,12,2010,3,40.0465,-75.058,751.0,6,0,0,0,0,0,1,0,0,1.0,0,0,0,7.0,1,1,0,,1,40 02:47.425,3.0,0,75 03:28.691,4,0,0,0,67301,1,0,0,N,1,0,0,2,67301,1,,1,1,,N,N,,0,,0,0,0,0,0,N,748.0,1,2,0,0,0,0,0,3,4,0,1,3,,N,,,,,,,,,,,
2011008514,235.0,2,0,0,0,0,0,0,0,0,1,0,,67,12,2010,3,40.0765,-75.0327,231.0,6,0,0,0,0,0,0,0,0,2.0,0,0,0,2.0,3,3,1,,2,40 04:35.407,3.0,0,75 01:57.021,4,0,0,0,67301,0,0,0,N,0,0,0,3,67301,3,,1,1,,N,N,,0,,0,0,0,3,2,N,230.0,3,2,0,0,1,0,0,3,4,0,2,3,,N,,,,,,,,,,,
2011011410,1538.0,1,0,0,0,0,0,0,0,0,8,0,,67,12,2010,2,40.0397,-75.0663,1536.0,6,0,0,0,0,0,0,1,0,,0,0,0,15.0,1,1,0,,0,40 02:23.023,,0,75 03:58.776,4,0,0,0,67301,1,0,0,,1,0,0,2,67301,1,,1,1,,,,,0,,0,0,0,0,0,,1534.0,1,2,0,0,0,0,0,3,4,0,1,3,,N,,,,,,,,,,,
2011011415,1704.0,2,0,0,0,0,0,0,0,0,1,0,,67,12,2010,5,40.0366,-75.2187,1659.0,6,0,0,1,0,0,0,0,0,,0,0,0,16.0,3,1,1,,0,40 02:11.683,,0,75 13:06.904,4,0,0,0,67301,0,0,0,,0,0,0,2,67301,1,,1,7,,N,,,0,,0,0,0,3,2,,1655.0,1,2,0,0,0,0,1,3,4,0,2,9,,N,,,,,,,,,,,
2011000959,1900.0,0,0,0,0,0,0,0,0,0,1,0,,67,11,2010,4,39.9542,-75.2226,1900.0,6,0,0,0,0,0,1,0,0,,0,0,0,18.0,3,1,0,,0,39 57:15.051,,0,75 13:21.511,4,0,0,0,67301,0,0,0,N,0,0,0,2,67301,1,,1,1,,N,N,,0,,0,0,1,0,0,,1800.0,1,2,0,0,0,0,0,3,4,1,2,3,,N,,,,,,,,,,,
2010028363,1628.0,1,0,0,0,0,0,0,0,0,8,0,,67,2,2010,3,39.9993,-75.1107,1628.0,6,0,0,0,0,0,0,0,0,,0,0,0,99.0,1,1,1,,0,39 59:57.469,,0,75 06:38.357,4,0,0,0,67301,1,0,0,N,1,0,0,2,67301,1,,1,9,,N,N,,0,,0,0,0,3,2,,9999.0,1,2,0,0,0,0,0,3,4,0,1,7,,N,,,,,,,,,,,
2010028536,700.0,2,0,0,0,0,0,0,0,0,1,0,,67,2,2010,5,40.0716,-75.1542,655.0,6,0,0,0,0,0,0,0,0,1.0,0,0,0,6.0,1,2,0,,1,40 04:17.887,3.0,0,75 09:14.944,8,0,0,0,67301,0,0,0,N,0,0,0,3,67301,0,,1,1,,N,N,,0,,0,0,0,3,2,N,650.0,2,2,0,0,0,2,0,3,4,0,2,3,,N,,,,,,,,,,,
2010033902,556.0,1,0,0,0,0,0,0,0,0,7,0,,67,3,2010,1,39.9599,-75.1794,542.0,6,0,0,0,0,0,0,0,0,,0,0,0,5.0,3,0,0,,0,39 57:35.829,,0,75 10:45.845,0,0,0,0,67301,0,0,0,N,0,0,0,1,68K01,0,,2,1,,N,N,,0,,0,0,0,0,0,,533.0,0,1,0,0,0,0,0,3,4,0,1,3,,N,,,,,,,,,,,
2010025667,443.0,0,0,0,0,0,0,0,0,0,7,0,,67,2,2010,6,39.9975,-75.1961,434.0,6,0,0,0,0,0,1,0,0,1.0,0,0,0,4.0,3,0,0,,1,39 59:54.436,4.0,0,75 11:44.169,0,0,0,0,67301,0,0,0,N,0,0,0,1,68K01,0,,2,7,,N,N,,0,,0,0,0,0,0,N,432.0,0,1,0,0,0,0,0,3,4,1,1,10,,N,,,,,,,,,,,
2010028405,1310.0,1,0,0,0,0,0,0,0,0,7,0,,67,2,2010,5,39.9392,-75.1918,1254.0,6,0,0,0,0,0,0,0,0,,0,0,0,12.0,1,3,0,,0,39 56:21.066,,0,75 11:30.609,4,0,0,0,67301,0,0,0,N,0,0,0,3,67301,3,,2,6,,N,N,,0,,0,0,0,0,0,,1250.0,3,1,0,0,0,0,0,3,4,0,1,3,,N,,,,,,,,,,,
2010028551,2013.0,1,0,0,0,0,0,0,0,0,2,0,,67,1,2010,4,39.973,-75.2185,2010.0,6,0,0,0,0,0,1,0,0,3.0,0,0,0,20.0,3,1,2,,2,39 58:22.961,6.0,0,75 13:06.430,2,0,0,0,67301,1,0,1,N,1,0,1,2,67301,0,,1,1,,N,N,,0,,0,1,0,3,3,Y,2000.0,1,2,0,0,1,0,0,3,4,0,1,3,,N,,,,,,,,,,,
2010018055,1620.0,1,0,0,0,0,0,0,0,0,6,0,,67,1,2010,1,40.0631,-75.0756,1604.0,6,0,0,0,0,0,0,0,0,2.0,0,0,0,16.0,1,0,0,,2,40 03:47.239,3.0,0,75 04:32.077,0,0,0,0,67301,0,0,0,N,0,0,0,1,67301,0,,4,9,,N,N,,0,,0,0,1,0,0,N,1600.0,0,2,0,0,0,0,0,3,4,0,2,7,,N,,,,,,,,,,,
2010015570,2242.0,1,0,0,0,0,0,0,0,0,7,0,,67,1,2010,7,39.8868,-75.2152,2132.0,6,0,0,0,0,1,0,0,0,,0,0,0,21.0,3,0,0,,0,39 53:08.367,,0,75 12:31.169,0,0,0,0,67301,0,0,0,N,0,0,0,1,68K01,0,,2,7,,N,N,,0,,0,0,0,0,0,,2129.0,0,1,0,0,0,0,0,3,4,0,1,10,,N,,,,,,,,,,,
2010088968,2302.0,3,0,0,0,0,0,0,0,0,1,0,,67,7,2010,6,40.0224,-75.05,2300.0,6,0,0,0,0,1,0,0,0,,0,0,0,23.0,3,0,1,,0,40 01:20.770,,0,75 03:00.073,0,0,0,0,67301,0,0,0,N,0,0,0,4,67301,0,,1,1,,N,N,,0,,0,0,1,3,2,,2300.0,0,4,0,0,0,0,0,3,4,0,4,3,,N,,,,,,,,,,,
2010110751,1257.0,1,0,0,0,0,0,0,0,0,4,0,,67,10,2010,5,40.1132,-75.0234,1253.0,6,0,0,0,0,0,1,0,0,,0,0,0,12.0,1,1,0,,0,40 06:47.510,,7,75 01:24.143,4,0,0,0,67301,0,0,0,,0,0,0,2,67301,1,,1,9,,N,N,,1,,0,0,0,0,0,,1251.0,1,2,0,0,0,0,0,3,4,0,2,7,,N,,,,,,,,,,,
2010110771,1300.0,2,0,0,0,0,0,0,0,0,2,0,,67,10,2010,6,39.92,-75.1879,1258.0,6,0,0,0,0,0,0,0,1,1.0,0,0,0,12.0,1,2,0,,2,39 55:11.958,7.0,7,75 11:16.526,8,0,0,0,67301,0,0,0,,0,0,0,4,67301,0,,1,1,,,,,0,,0,0,0,3,3,Y,1250.0,2,3,0,0,2,2,0,3,4,0,2,3,,N,,,,,,,,,,,
2010103627,1850.0,1,0,0,0,0,0,0,0,0,1,0,,67,10,2010,6,40.0302,-75.0221,1845.0,6,0,0,0,0,0,0,0,0,1.0,0,0,0,18.0,2,0,0,,1,40 01:49.323,2.0,0,75 01:19.305,0,0,0,0,67301,0,0,0,N,0,0,0,4,68K01,0,,1,1,,N,N,,0,,0,0,1,0,0,N,1821.0,0,2,0,0,0,0,0,3,4,0,2,3,,N,,,,,,,,,,,
2011007668,2359.0,1,0,0,0,0,0,0,0,0,7,0,,67,12,2010,5,39.961,-75.1819,2338.0,6,0,0,0,0,0,0,0,0,2.0,0,0,0,23.0,3,0,0,,2,39 57:45.437,4.0,0,75 10:59.693,0,0,0,0,67301,0,0,0,Y,0,0,0,2,68K01,0,,4,2,,N,N,,0,,0,0,0,0,0,Y,2338.0,0,1,0,0,0,0,0,3,4,0,1,3,,N,,,,,,,,,,,
2011026290,1205.0,2,0,0,0,0,0,0,0,0,4,0,,67,5,2010,1,40.0084,-75.1704,1146.0,6,0,0,0,0,0,0,0,0,,0,0,0,99.0,1,2,2,,0,40 00:30.383,,0,75 10:13.649,4,0,0,0,67301,0,0,0,,0,0,0,4,67301,2,,1,1,,N,N,,0,,0,0,0,3,1,,9999.0,2,2,0,0,0,0,0,3,4,0,2,3,,N,,,,,,,,,,,
2011026342,1335.0,1,0,0,0,0,0,1,0,0,1,1,,67,6,2010,3,40.0137,-75.1249,1330.0,6,0,0,0,0,0,0,0,0,,0,0,0,13.0,1,2,0,,0,40 00:49.359,,0,75 07:29.467,8,0,0,0,67301,0,0,0,,0,0,0,4,67301,0,,1,1,,,,,0,,0,0,0,0,0,,1330.0,2,3,0,0,0,2,0,3,4,1,3,3,,N,,,,,,,,,,,
2011075823,1045.0,0,0,0,0,0,0,0,0,0,8,0,,67,8,2010,2,39.9562,-75.1627,1040.0,6,0,0,0,0,0,0,0,0,1.0,0,0,0,10.0,1,1,1,,1,39 57:22.420,1.0,0,75 09:45.641,8,0,0,0,67301,1,0,0,N,1,0,0,2,67301,0,,1,1,,N,N,,0,,0,0,1,3,2,N,1035.0,1,2,0,0,0,1,1,3,4,0,1,3,,N,,,,,,,,,,,
2011001896,1515.0,1,0,0,0,0,0,0,0,0,1,0,,67,12,2010,5,39.9727,-75.1936,1501.0,6,0,0,0,0,0,0,0,0,,0,0,0,15.0,1,0,0,,0,39 58:26.916,,0,75 11:38.508,0,0,0,0,67301,0,0,0,N,0,0,0,4,68K01,0,,1,9,,N,N,,0,,0,0,1,0,0,,1501.0,0,2,0,0,0,0,0,3,4,0,2,3,,N,,,,,,,,,,,
2011003334,1628.0,1,0,0,0,0,0,0,0,0,1,0,,67,9,2010,4,39.9908,-75.2489,1626.0,6,0,0,0,0,0,1,0,0,,0,0,0,16.0,1,0,0,,0,39 59:26.686,,0,75 14:55.913,0,0,0,0,67301,0,0,0,N,0,0,0,2,46104,0,,1,1,,N,N,,1,,0,0,0,0,0,,1624.0,0,2,0,0,0,0,0,3,4,0,2,3,,N,,,,,,,,,,,
2011001718,806.0,1,0,0,0,0,0,0,0,0,7,0,,67,11,2010,4,39.9336,-75.2395,803.0,6,0,0,0,0,0,0,0,0,1.0,0,0,0,8.0,1,1,0,,1,39 56:00.780,4.0,0,75 14:22.311,8,0,0,0,67301,0,0,0,,0,0,0,1,67301,0,,2,1,,,,,0,,0,0,0,3,4,N,800.0,1,2,0,0,0,1,0,3,4,0,1,3,,N,,,,,,,,,,,
2011001757,1540.0,1,0,0,0,0,0,0,0,0,8,0,,67,11,2010,2,39.9534,-75.1718,1531.0,6,0,0,0,0,0,1,0,0,,0,0,0,99.0,1,1,0,,0,39 57:12.240,,0,75 10:18.472,8,0,0,0,67301,1,0,0,,1,0,0,2,67301,0,,4,1,,,,,0,,0,0,0,0,0,,9999.0,1,2,0,0,0,1,0,3,4,0,1,3,,N,,,,,,,,,,,
2011001384,1807.0,4,0,0,0,0,0,0,0,0,1,0,,67,12,2010,4,39.9833,-75.0979,1807.0,6,0,0,0,0,0,1,0,0,2.0,0,0,0,18.0,3,1,0,,1,39 59:00.360,1.0,0,75 05:51.762,4,0,0,0,67301,0,0,0,N,0,0,0,4,68K01,1,,1,1,,N,N,,0,,0,0,0,0,0,N,1801.0,1,4,0,0,0,0,0,3,4,0,4,3,,N,,,,,,,,,,,
2011000750,1255.0,0,0,0,1,0,0,0,0,0,4,0,,67,11,2010,1,39.9941,-75.1803,1253.0,6,0,0,0,0,0,1,0,0,,0,0,0,12.0,1,1,1,,0,39 59:38.875,,0,75 10:49.115,4,0,0,0,67301,1,0,0,Y,0,0,0,2,67301,1,,1,1,,N,N,,1,,0,0,0,3,3,,1250.0,1,2,0,0,1,0,0,3,4,0,1,3,,N,,,,,,,,,,,
2011000775,242.0,2,0,0,0,0,0,0,0,0,6,0,,67,11,2010,7,40.1173,-75.0193,237.0,6,0,0,0,0,0,0,0,0,,0,0,0,2.0,3,1,0,,0,40 07:02.314,,0,75 01:09.483,4,0,0,0,67301,0,0,0,N,0,0,0,2,67301,1,,1,1,,N,N,,0,,0,0,0,0,0,,235.0,1,2,0,0,0,0,0,3,4,0,2,3,,N,,,,,,,,,,,
2011031133,942.0,0,0,0,0,0,0,0,0,0,8,1,,67,8,2010,3,39.9639,-75.2144,940.0,6,0,0,0,0,0,1,0,0,,0,1,0,9.0,1,1,0,,0,39 57:49.932,,0,75 12:51.943,3,0,0,0,67301,1,0,0,N,1,0,0,2,67301,0,,2,1,,N,N,,0,,1,0,0,0,0,,938.0,1,2,0,0,0,0,0,3,4,0,1,3,,N,,,,,,,,,,,
2011008295,2117.0,1,0,0,0,0,0,0,0,0,8,0,,67,12,2010,6,39.9589,-75.2428,2115.0,6,0,0,0,0,0,0,0,0,,0,0,0,12.0,1,1,0,,0,39 57:31.885,,0,75 14:33.943,4,0,0,0,67301,1,0,0,N,1,0,0,2,67301,1,,1,1,,N,N,,0,,0,0,0,0,0,,1200.0,1,2,0,0,0,0,1,3,4,0,1,3,,N,,,,,,,,,,,
2011008363,1835.0,2,0,0,0,0,0,0,0,0,4,0,,67,12,2010,5,40.02,-75.0832,1830.0,6,0,0,0,1,0,0,0,0,,0,0,0,18.0,3,1,2,,0,40 01:12.090,,0,75 04:59.534,8,0,0,0,67301,0,0,0,N,0,0,0,3,67301,0,,1,1,,N,N,,0,,0,0,0,3,3,,1829.0,1,2,0,0,0,1,0,3,4,0,2,3,,N,,,,,,,,,,,
2011008409,1730.0,2,0,0,0,0,0,0,0,0,5,0,,67,12,2010,7,39.9985,-75.103,9999.0,6,0,0,0,0,0,0,0,0,,0,0,0,18.0,3,1,0,,9,39 59:54.752,,0,75 06:10.907,8,0,0,0,67301,2,0,0,N,0,0,0,3,67301,0,,6,1,,N,N,,0,,0,0,0,3,2,,1830.0,1,2,0,0,0,1,1,3,4,0,2,3,,N,,,,,,,,,,,
2011008437,1223.0,0,0,0,0,0,0,0,0,0,5,0,,67,12,2010,3,40.0288,-75.1068,1218.0,6,0,0,0,0,0,0,0,0,,0,0,0,12.0,1,1,0,,0,40 01:43.514,,7,75 06:24.396,4,0,0,0,67301,0,0,0,N,0,0,0,2,67301,1,,1,1,,N,N,,1,,0,0,1,0,0,,1214.0,1,2,0,0,0,0,0,3,4,0,2,3,,N,,,,,,,,,,,
2011025693,1937.0,1,0,0,1,0,0,0,0,0,4,0,,67,5,2010,4,40.0483,-75.006,1931.0,6,0,0,0,0,0,0,0,0,,0,0,0,19.0,1,1,1,,0,40 02:53.736,,0,75 00:21.607,4,0,0,0,67301,1,0,0,N,0,0,0,2,67301,1,,1,1,,N,N,,0,,0,0,0,3,3,,1920.0,1,2,0,0,0,0,0,3,4,0,1,3,,N,,,,,,,,,,,
2011023436,0.0,2,0,0,0,0,0,0,0,0,1,0,,67,1,2010,4,39.929,-75.2206,0.0,6,0,0,0,0,0,0,1,0,,0,0,0,17.0,1,1,1,,0,39 55:44.578,,0,75 13:14.118,8,0,0,0,67301,0,0,0,N,0,0,0,2,00000,0,,1,1,,N,N,,0,,0,0,0,3,2,,1715.0,1,2,0,0,0,1,0,3,4,0,2,3,,N,,,,,,,,,,,
2011027948,1312.0,0,0,0,0,0,0,0,0,0,8,0,,67,6,2010,2,39.995,-75.0971,1306.0,6,0,0,0,0,0,0,0,0,,0,0,0,13.0,1,1,2,,0,39 59:41.913,,0,75 05:49.585,3,0,0,0,67301,1,0,0,N,1,0,0,2,67301,0,,4,1,,N,N,,1,,1,0,0,3,3,,1300.0,1,3,0,0,0,0,1,3,4,1,2,3,,N,,,,,,,,,,,
2011023392,0.0,1,0,0,0,0,0,0,0,0,1,0,,67,9,2010,1,40.1292,-75.0249,0.0,6,0,0,0,0,0,0,0,0,,0,0,0,2.0,6,1,1,,0,40 07:44.974,,0,75 01:30.100,8,0,0,0,67301,0,0,0,N,0,0,0,2,00000,0,,1,1,,N,N,,0,,0,0,1,3,2,,200.0,1,2,0,0,0,1,0,3,4,0,2,3,,N,,,,,,,,,,,
2011025374,0.0,1,0,0,0,0,0,0,0,0,1,0,,67,7,2010,2,40.0256,-75.1225,0.0,6,0,0,0,0,0,1,0,0,,0,0,0,16.0,1,1,0,,0,40 01:32.187,,0,75 07:21.135,4,0,0,0,67301,0,0,0,N,0,0,0,2,00000,1,,1,1,,N,N,,1,,0,0,0,0,0,,1600.0,1,2,0,0,0,0,1,3,4,0,2,3,,N,,,,,,,,,,,
2011061383,1935.0,1,0,0,0,0,0,0,0,0,8,0,,67,5,2010,7,40.0122,-75.1378,1931.0,6,0,0,1,0,0,0,0,0,,0,0,0,19.0,1,1,1,,0,40 00:43.977,,0,75 08:16.141,8,0,0,0,67301,1,0,0,,1,0,0,2,67301,0,,1,1,,,,,0,,0,0,0,3,2,,1920.0,1,2,0,0,0,1,0,3,4,0,1,3,,N,,,,,,,,,,,
2011024914,0.0,0,0,0,0,0,0,0,0,0,8,0,,67,9,2010,5,39.9774,-75.1732,0.0,6,0,0,0,0,0,0,0,0,,0,0,0,6.0,1,1,1,,0,39 58:38.564,,0,75 10:23.505,8,0,0,0,67301,1,0,0,,1,0,0,2,00000,0,,4,1,,,,,0,,0,0,0,3,2,,618.0,1,2,0,0,0,1,1,3,4,1,1,3,,N,,,,,,,,,,,
2011008876,810.0,0,0,0,0,0,0,0,0,0,8,0,,67,12,2010,6,39.9374,-75.2252,808.0,6,0,0,0,0,0,1,0,0,9.0,0,0,0,8.0,1,1,0,,1,39 56:14.550,2.0,0,75 13:30.540,4,0,0,0,67301,1,0,0,N,1,0,0,2,67301,1,,1,1,,N,Y,,1,,0,0,0,0,0,N,808.0,1,2,0,0,0,0,0,3,4,0,1,3,,N,,,,,,,,,,,
2011022327,0.0,1,0,0,0,0,0,0,0,0,1,0,,67,8,2010,1,39.8902,-75.2303,0.0,6,0,0,0,0,0,1,0,0,,0,0,0,22.0,6,3,7,,0,39 53:22.529,,2,75 13:54.909,3,0,0,0,67301,0,0,0,N,0,0,0,4,00000,0,,1,1,,N,N,,0,,3,0,0,3,4,,2200.0,3,2,0,0,0,0,1,3,4,1,2,3,,N,,,,,,,,,,,
2010121917,1000.0,0,0,0,0,0,0,0,0,0,8,0,,67,11,2010,3,39.953,-75.169,956.0,6,0,0,0,0,0,0,0,0,,0,0,0,8.0,1,1,0,,0,39 57:10.987,,0,75 10:08.382,4,0,0,0,67301,1,0,0,N,1,0,0,2,67301,1,,1,1,,N,N,,1,,0,0,0,0,0,,830.0,1,2,0,0,0,0,0,3,4,0,1,3,,N,,,,,,,,,,,
2010118441,2115.0,0,0,0,0,0,0,0,0,0,1,0,,67,11,2010,2,40.1017,-74.9895,2115.0,6,0,0,0,0,0,1,0,0,1.0,0,0,0,21.0,3,0,0,,2,40 06:06.028,3.0,0,74 59:22.192,0,0,0,0,67301,0,0,0,N,0,0,0,2,67301,0,,1,1,,N,N,,1,,0,0,1,0,0,Y,2115.0,0,2,0,0,0,0,0,3,4,0,2,3,,N,,,,,,,,,,,
2010058918,925.0,1,0,0,0,0,0,0,0,0,1,0,,67,5,2010,5,40.061,-75.1641,920.0,6,0,0,0,0,0,0,1,0,,0,0,0,8.0,1,0,0,,0,40 03:39.439,,0,75 09:50.711,0,0,0,0,67301,0,0,0,N,0,0,0,2,67301,0,,1,1,,N,N,,0,,0,0,0,3,2,,850.0,0,2,0,0,0,0,0,3,4,1,2,3,,N,,,,,,,,,,,
2010074597,9999.0,2,0,0,0,0,0,0,0,0,1,0,,67,7,2010,3,40.0075,-75.1259,9999.0,6,0,0,0,0,0,0,0,0,,0,0,0,99.0,1,0,0,,0,40 00:27.111,,0,75 07:33.099,0,0,0,0,67301,0,0,0,N,0,0,0,3,67301,0,,1,1,,N,N,,0,,0,0,0,1,2,,9999.0,0,2,0,0,0,0,0,3,4,0,2,3,,N,,,,,,,,,,,
2010074619,9999.0,0,0,0,0,0,0,0,0,0,4,0,,67,6,2010,3,39.9161,-75.2422,9999.0,6,0,0,0,0,0,0,0,0,,0,0,0,16.0,1,4,0,,0,39 54:57.884,,7,75 14:31.969,8,0,0,0,67301,0,0,0,N,0,0,0,5,67301,0,,1,1,,N,N,,0,,0,0,0,0,0,,1600.0,4,2,0,0,0,4,1,3,4,1,2,3,,N,,,,,,,,,,,
2010074652,1100.0,1,0,0,0,0,0,0,0,0,1,0,,67,7,2010,6,39.9569,-75.1808,1040.0,6,0,0,0,0,0,0,0,0,,0,0,0,10.0,1,1,0,,0,39 57:24.674,,0,75 10:50.851,8,0,0,0,67301,0,0,0,N,0,0,0,2,67301,0,,7,1,,N,N,,0,,0,0,1,9,9,,1040.0,1,2,0,0,0,1,1,3,4,0,2,3,,N,,,,,,,,,,,
2010027884,59.0,1,0,0,0,0,0,0,0,0,5,0,,67,2,2010,4,40.103,-75.0144,54.0,6,0,0,0,0,0,0,0,0,,0,0,0,0.0,2,0,0,,0,40 06:10.814,,0,75 00:51.760,9,0,0,0,67301,0,0,0,N,0,0,0,1,67301,0,,6,9,,N,N,,0,,0,0,0,0,0,,45.0,0,3,0,0,0,0,1,3,4,2,3,10,,N,,,,,,,,,,,
2010028050,2146.0,1,0,0,0,0,0,0,0,0,4,0,,67,1,2010,2,39.9537,-75.209,2143.0,6,0,0,0,0,0,1,0,0,1.0,0,0,0,21.0,3,2,1,,1,39 57:13.489,1.0,0,75 12:32.464,4,0,0,0,67301,0,0,0,N,0,0,0,3,67301,2,,1,9,,N,N,,0,,0,0,1,3,2,Y,2145.0,2,2,0,0,0,0,0,3,4,0,2,3,,N,,,,,,,,,,,