CRN,ARRIVAL_TM,AUTOMOBILE_COUNT,BELTED_DEATH_COUNT,BELTED_SUSP_SERIOUS_INJ_COUNT,BICYCLE_COUNT,BICYCLE_DEATH_COUNT,BICYCLE_SUSP_SERIOUS_INJ_COUNT,BUS_COUNT,CHLDPAS_DEATH_COUNT,CHLDPAS_SUSP_SERIOUS_INJ_COUNT,COLLISION_TYPE,COMM_VEH_COUNT,CONS_ZONE_SPD_LIM,COUNTY,CRASH_MONTH,CRASH_YEAR,DAY_OF_WEEK,DEC_LAT,DEC_LONG,DISPATCH_TM,DISTRICT,DRIVER_COUNT_16YR,DRIVER_COUNT_17YR,DRIVER_COUNT_18YR,DRIVER_COUNT_19YR,DRIVER_COUNT_20YR,DRIVER_COUNT_50_64YR,DRIVER_COUNT_65_74YR,DRIVER_COUNT_75PLUS,EST_HRS_CLOSED,FATAL_COUNT,HEAVY_TRUCK_COUNT,HORSE_BUGGY_COUNT,HOUR_OF_DAY,ILLUMINATION,INJURY_COUNT,INTERSECT_TYPE,INTERSECTION_RELATED,LANE_CLOSED,LATITUDE,LN_CLOSE_DIR,LOCATION_TYPE,LONGITUDE,MAX_SEVERITY_LEVEL,MCYCLE_DEATH_COUNT,MCYCLE_SUSP_SERIOUS_INJ_COUNT,MOTORCYCLE_COUNT,MUNICIPALITY,NONMOTR_COUNT,NONMOTR_DEATH_COUNT,NONMOTR_SUSP_SERIOUS_INJ_COUNT,NTFY_HIWY_MAINT,PED_COUNT,PED_DEATH_COUNT,PED_SUSP_SERIOUS_INJ_COUNT,PERSON_COUNT,POLICE_AGCY,POSSIBLE_INJ_COUNT,RDWY_SURF_TYPE_CD,RELATION_TO_ROAD,ROAD_CONDITION,ROADWAY_CLEARED,SCH_BUS_IND,SCH_ZONE_IND,SECONDARY_CRASH,SMALL_TRUCK_COUNT,SPEC_JURIS_CD,SUSP_MINOR_INJ_COUNT,SUSP_SERIOUS_INJ_COUNT,SUV_COUNT,TCD_FUNC_CD,TCD_TYPE,TFC_DETOUR_IND,TIME_OF_DAY,TOT_INJ_COUNT,TOTAL_UNITS,UNB_DEATH_COUNT,UNB_SUSP_SERIOUS_INJ_COUNT,UNBELTED_OCC_COUNT,UNK_INJ_DEG_COUNT,UNK_INJ_PER_COUNT,URBAN_AREA,URBAN_RURAL,VAN_COUNT,VEHICLE_COUNT,WEATHER1,WEATHER2,WORK_ZONE_IND,WORK_ZONE_LOC,WORK_ZONE_TYPE,WORKERS_PRES,WZ_CLOSE_DETOUR,WZ_FLAGGER,WZ_LAW_OFFCR_IND,WZ_LN_CLOSURE,WZ_MOVING,WZ_OTHER,WZ_SHLDER_MDN,WZ_WORKERS_INJ_KILLED
2010033573,1523.0,0,0,0,0,0,0,0,0,0,5,1,,67,3,2010,2,40.0397,-75.0072,1515.0,6,0,0,0,0,0,0,0,0,,0,1,0,15.0,1,1,0,,0,40 02:22.881,,0,75 00:25.595,4,0,0,0,67301,0,0,0,N,0,0,0,2,68K01,1,,1,9,,N,N,,0,,0,0,1,0,0,,1513.0,1,2,0,0,0,0,1,3,4,0,2,7,,N,,,,,,,,,,,
2010027953,1040.0,1,0,0,0,0,0,0,0,0,7,0,,67,1,2010,4,39.9693,-75.2331,1023.0,6,0,0,0,0,0,0,1,0,,0,0,0,99.0,1,0,0,,0,39 58:09.393,,0,75 13:59.282,0,0,0,0,67301,0,0,0,N,0,0,0,1,67301,0,,5,1,,N,N,,0,,0,0,0,0,0,,9999.0,0,1,0,0,0,0,0,3,4,0,1,3,,N,,,,,,,,,,,
2010028235,1757.0,0,0,0,0,0,0,0,0,0,4,0,,67,2,2010,4,39.9388,-75.1747,1752.0,6,0,0,0,0,0,1,0,0,,0,0,0,17.0,1,0,1,,0,39 56:19.856,,0,75 10:29.074,0,0,0,0,67301,0,0,0,N,0,0,0,3,67301,0,,1,1,,N,N,,1,,0,0,1,3,2,,1750.0,0,2,0,0,0,0,0,3,4,0,2,3,,N,,,,,,,,,,,
2010028274,813.0,1,0,0,0,0,0,0,0,0,7,0,,67,1,2010,4,39.9207,-75.2319,812.0,6,0,1,0,0,0,0,0,0,,0,0,0,8.0,1,1,0,,0,39 55:14.412,,0,75 13:54.940,8,0,0,0,67301,0,0,0,,0,0,0,1,67301,0,,2,1,,N,N,,0,,0,0,0,0,0,,805.0,1,1,0,0,0,1,0,3,4,0,1,3,,N,,,,,,,,,,,
2010028410,1527.0,1,0,0,0,0,0,0,0,0,4,0,,67,2,2010,6,39.9119,-75.1728,1527.0,6,0,0,0,0,0,1,0,0,,0,0,0,15.0,1,2,1,,0,39 54:42.724,,0,75 10:21.917,8,0,0,0,67301,0,0,0,N,0,0,0,2,67301,0,,1,1,,N,N,,0,,0,0,0,3,2,,1501.0,2,2,0,0,2,2,0,3,4,1,2,3,,N,,,,,,,,,,,
2010018020,1310.0,2,0,0,0,0,0,0,0,0,4,0,,67,1,2010,5,39.9504,-75.2453,1256.0,6,0,0,0,0,0,1,0,0,,0,0,0,12.0,1,0,1,,0,39 57:01.504,,0,75 14:42.907,0,0,0,0,67301,0,0,0,N,0,0,0,2,67301,0,,1,1,,N,N,,0,,0,0,0,3,3,,1250.0,0,2,0,0,0,0,0,3,4,0,2,3,,N,,,,,,,,,,,
2010028571,1533.0,1,0,0,0,0,0,0,0,0,8,0,,67,1,2010,7,39.9484,-75.1662,1530.0,6,0,0,0,0,0,0,0,0,9.0,0,0,0,15.0,1,1,1,,1,39 56:54.247,2.0,0,75 09:58.366,4,0,0,0,67301,1,0,0,N,1,0,0,2,67301,1,,1,7,,N,N,,0,,0,0,0,3,2,N,1526.0,1,2,0,0,0,0,0,3,4,0,1,10,,N,,,,,,,,,,,
2010088991,2335.0,4,0,0,0,0,0,0,0,0,1,0,,67,8,2010,3,40.0354,-75.0697,2325.0,6,0,0,0,1,1,0,0,0,2.0,0,0,0,23.0,3,3,0,,1,40 02:07.463,4.0,0,75 04:10.845,4,0,0,0,67301,0,0,0,,0,0,0,7,67301,3,,1,1,,,,,0,,0,0,0,0,0,N,2325.0,3,4,0,0,0,0,0,3,4,0,4,3,,N,,,,,,,,,,,
2010110750,1806.0,2,0,0,0,0,0,0,0,0,5,0,,67,10,2010,7,39.9606,-75.1753,1801.0,6,0,0,0,0,0,1,0,0,2.0,0,0,0,17.0,4,1,2,,1,39 57:37.983,1.0,0,75 10:30.921,8,0,0,0,67301,0,0,0,,0,0,0,3,67301,0,,1,1,,N,N,,0,,0,0,0,3,2,N,1750.0,1,2,0,0,0,1,0,3,4,0,2,3,,N,,,,,,,,,,,
2011010023,935.0,2,0,0,0,0,0,0,0,0,6,0,,67,12,2010,3,40.0687,-75.1567,900.0,6,0,0,0,0,0,0,0,0,9.0,0,0,0,8.0,1,4,0,,1,40 04:07.470,6.0,0,75 09:24.191,8,0,0,0,67301,0,0,0,N,0,0,0,7,67301,0,,1,7,,N,N,,0,,0,0,1,0,0,N,850.0,4,3,0,0,0,4,3,3,4,0,3,10,,N,,,,,,,,,,,
2011009797,1905.0,2,0,0,0,0,0,0,0,0,5,0,,67,12,2010,5,39.9577,-75.2062,1901.0,6,0,0,0,0,0,0,0,1,,0,0,0,19.0,3,1,0,,0,39 57:27.716,,0,75 12:22.265,8,0,0,0,67301,0,0,0,N,0,0,0,2,67504,0,,1,8,,N,N,,0,,0,0,0,0,0,,1900.0,1,2,0,0,0,1,0,3,4,0,2,3,,N,,,,,,,,,,,
2011022487,0.0,2,0,0,0,0,0,0,0,0,4,0,,67,5,2010,3,40.0209,-75.1486,0.0,6,0,0,0,0,0,2,0,0,,0,0,0,15.0,1,0,0,,0,40 01:15.147,,7,75 08:54.967,0,0,0,0,67301,0,0,0,,0,0,0,2,00000,0,,1,9,,,,,0,,0,0,0,0,0,,1525.0,0,2,0,0,0,0,0,3,4,0,2,7,,N,,,,,,,,,,,
2011024956,0.0,1,0,0,0,0,0,1,0,0,5,1,,67,1,2010,6,40.0217,-75.0791,0.0,6,0,0,0,0,0,1,0,0,,0,0,0,10.0,1,1,0,,0,40 01:17.955,,0,75 04:44.814,8,0,0,0,67301,2,0,0,N,0,0,0,4,00000,0,,2,1,,N,N,,0,,0,0,0,0,0,,1020.0,1,2,0,0,0,1,0,3,4,0,2,3,,N,,,,,,,,,,,
2011010052,1032.0,1,0,0,0,0,0,0,0,0,7,0,,67,12,2010,7,40.036,-75.2202,1021.0,6,0,0,0,0,0,1,0,0,,0,0,0,9.0,1,1,0,,0,40 02:09.697,,0,75 13:12.784,4,0,0,0,67301,0,0,0,N,0,0,0,1,67301,1,,2,1,,N,N,,0,,0,0,0,0,0,,930.0,1,1,0,0,0,0,0,3,4,0,1,3,,N,,,,,,,,,,,
2011026184,1725.0,1,0,0,0,0,0,0,0,0,8,0,,67,5,2010,7,39.9798,-75.1664,1720.0,6,0,0,0,0,0,0,1,0,,0,0,0,17.0,1,1,0,,0,39 58:47.226,,0,75 09:59.074,4,0,0,0,67301,1,0,0,,1,0,0,2,67301,1,,1,1,,N,N,,0,,0,0,0,4,7,,1725.0,1,2,0,0,1,0,0,3,4,0,1,3,,N,,,,,,,,,,,
2011026401,0.0,1,0,0,0,0,0,0,0,0,5,0,,67,12,2010,2,40.0232,-75.1586,0.0,6,0,0,0,0,0,0,0,0,,0,0,0,13.0,1,2,0,,0,40 01:23.410,,0,75 09:30.790,3,0,0,0,67301,0,0,0,N,0,0,0,3,00000,0,,1,1,,N,N,,1,,2,0,0,0,0,,1300.0,2,2,0,0,0,0,1,3,4,0,2,3,,N,,,,,,,,,,,
2011001735,1445.0,2,0,0,0,0,0,0,0,0,1,0,,67,12,2010,4,40.0416,-75.1471,1430.0,6,0,0,0,0,0,0,0,0,,0,0,0,14.0,1,2,1,,0,40 02:29.680,,0,75 08:49.502,4,0,0,0,67301,0,0,0,N,0,0,0,5,67301,2,,1,1,,N,N,,0,,0,0,0,3,3,,1430.0,2,2,0,0,0,0,0,3,4,0,2,3,,N,,,,,,,,,,,
2011009162,1222.0,0,0,0,0,0,0,0,0,0,8,0,,67,12,2010,4,39.968,-75.2337,1221.0,6,0,0,0,0,0,0,0,1,,0,0,0,99.0,3,1,1,,0,39 58:04.732,,0,75 14:01.361,8,0,0,0,67301,1,0,0,,1,0,0,2,67301,0,,1,1,,N,,,0,,0,0,1,3,2,,9999.0,1,2,0,0,0,1,0,3,4,0,1,3,,N,,,,,,,,,,,
2011000754,1426.0,1,0,0,0,0,0,0,0,0,4,0,,67,11,2010,6,40.0632,-75.2395,1424.0,6,0,0,0,0,0,0,0,0,,0,0,0,14.0,1,0,0,,0,40 03:33.837,,0,75 14:16.457,0,0,0,0,67301,0,0,0,N,0,0,0,1,67301,0,,1,1,,N,N,,0,,0,0,1,0,0,,1420.0,0,2,0,0,0,0,0,3,4,0,2,3,,N,,,,,,,,,,,
2011008346,1300.0,3,0,0,0,0,0,0,0,0,5,0,,67,12,2010,5,39.9807,-75.1361,1250.0,6,0,0,0,1,0,0,0,0,,0,0,0,12.0,1,1,0,,0,39 58:50.390,,0,75 08:09.884,4,0,0,0,67301,0,0,0,,0,0,0,3,67301,1,,1,1,,N,N,,0,,0,0,0,0,0,,1245.0,1,3,0,0,0,0,0,3,4,0,3,3,,N,,,,,,,,,,,
2011008424,1310.0,1,0,0,0,0,0,0,0,0,4,0,,67,12,2010,1,39.9541,-75.1777,1300.0,6,0,0,0,0,0,0,0,0,,0,0,0,13.0,1,7,1,,0,39 57:14.802,,0,75 10:40.177,4,0,0,0,67301,0,0,0,N,0,0,0,7,67301,7,,1,9,,N,N,,0,,0,0,1,3,2,,1300.0,7,2,0,0,0,0,0,3,4,0,2,7,,N,,,,,,,,,,,
2011025669,1350.0,2,0,0,0,0,0,0,0,0,4,0,,67,12,2010,3,39.9237,-75.185,1342.0,6,0,0,0,0,0,0,0,0,,0,0,0,13.0,1,0,0,,0,39 55:25.467,,7,75 11:05.845,0,0,0,0,67301,0,0,0,N,0,0,0,3,67301,0,,1,9,,N,N,,0,,0,0,0,3,3,,1342.0,0,2,0,0,0,0,0,3,4,0,2,10,,N,,,,,,,,,,,
2011025723,1645.0,2,0,0,0,0,0,0,0,0,4,0,,67,5,2010,5,40.0361,-75.07,1630.0,6,0,0,0,0,0,0,0,0,,0,0,0,16.0,1,1,0,,0,40 02:09.928,,7,75 04:11.828,8,0,0,0,67301,0,0,0,N,0,0,0,5,67301,0,,1,1,,N,N,,0,,0,0,0,0,0,,1630.0,1,2,0,0,2,1,0,3,4,0,2,3,,N,,,,,,,,,,,
2011025746,2044.0,1,0,0,0,0,0,0,0,0,8,0,,67,5,2010,7,39.9917,-75.1245,2040.0,6,0,0,0,0,0,0,0,0,,0,0,0,19.0,3,1,1,,0,39 59:30.078,,0,75 07:28.228,4,0,0,0,67301,1,0,0,,1,0,0,2,67301,1,,1,1,,,,,0,,0,0,0,3,3,,1930.0,1,2,0,0,0,0,1,3,4,0,1,3,,N,,,,,,,,,,,
2011027936,2024.0,1,0,0,0,0,0,0,0,0,6,0,,67,5,2010,3,39.9641,-75.239,2020.0,6,0,1,0,0,0,0,0,0,,0,0,0,20.0,3,1,0,,0,39 57:50.680,,0,75 14:20.350,8,0,0,0,67301,0,0,0,N,0,0,0,1,67301,0,,1,9,,N,N,,0,,0,0,0,0,0,,2017.0,1,2,0,0,0,1,0,3,4,1,2,7,,N,,,,,,,,,,,
2011023366,,1,0,0,0,0,0,0,0,0,1,0,,67,8,2010,6,39.9213,-75.1926,,6,0,0,0,0,0,0,0,0,,0,0,0,17.0,1,1,0,,0,39 55:16.579,,3,75 11:32.768,8,0,0,0,67301,0,0,0,N,0,0,0,3,00000,0,,1,1,,N,N,,0,,0,0,1,0,0,,1730.0,1,2,0,0,0,1,2,3,4,0,2,3,,N,,,,,,,,,,,
2011025330,0.0,1,0,0,0,0,0,1,0,0,5,1,,67,11,2010,4,,,0.0,6,0,0,0,0,0,0,0,0,,0,0,0,15.0,1,2,0,,0,,,0,,8,0,0,0,67301,2,0,0,,0,0,0,3,00000,0,,1,98,,,,,0,,0,0,0,0,0,,1510.0,2,2,0,0,0,2,0,3,3,0,2,99,,N,,,,,,,,,,,
2011018104,1307.0,0,0,0,0,0,0,0,0,0,7,2,,67,11,2010,2,40.0215,-75.0412,1301.0,6,0,0,0,0,0,1,0,0,2.0,0,2,0,13.0,1,1,1,,2,40 01:34.863,2.0,2,75 01:39.969,4,0,0,0,67301,0,0,0,N,0,0,0,2,68K01,1,,2,1,,N,N,,0,,0,0,0,3,2,Y,1301.0,1,2,0,0,0,0,0,3,4,0,2,3,,N,,,,,,,,,,,
2011001103,1901.0,1,0,0,0,0,0,0,0,0,8,0,,67,11,2010,7,40.0507,-75.1733,1900.0,6,0,0,0,0,0,1,0,0,,0,0,0,18.0,3,1,0,,0,40 03:02.462,,0,75 10:23.880,4,0,0,0,67301,1,0,0,N,1,0,0,2,67301,1,,1,1,,N,N,,0,,0,0,0,0,0,,1850.0,1,2,0,0,0,0,0,3,4,0,1,3,,N,,,,,,,,,,,
2011008485,2146.0,2,0,0,0,0,0,0,0,0,4,0,,67,11,2010,6,39.9491,-75.1621,2146.0,6,0,0,0,0,0,0,0,0,9.0,0,0,0,99.0,3,4,1,,2,39 56:56.688,7.0,0,75 09:43.661,4,0,0,0,67301,0,0,0,,0,0,0,4,67301,4,,1,1,,,,,0,,0,0,0,3,2,Y,9999.0,4,2,0,0,0,0,0,3,4,0,2,3,,N,,,,,,,,,,,
2011008524,1921.0,1,0,0,0,0,0,0,0,0,8,0,,67,12,2010,1,39.9555,-75.2136,1901.0,6,0,0,0,0,0,1,0,0,,0,0,0,18.0,3,1,1,,0,39 57:19.798,,0,75 12:49.215,8,0,0,0,67301,1,0,0,N,1,0,0,2,67301,0,,1,9,,N,N,,0,,0,0,0,3,2,,1859.0,1,2,0,0,0,1,0,3,4,0,1,7,,N,,,,,,,,,,,
2011008906,850.0,1,0,0,0,0,0,0,0,0,1,0,,67,12,2010,5,40.0558,-75.127,1600.0,6,0,0,0,0,0,0,0,0,,0,0,0,16.0,1,1,0,,0,40 03:20.919,,0,75 07:37.211,4,0,0,0,67301,0,0,0,N,0,0,0,2,67301,1,,3,1,,N,N,,0,,0,0,1,0,0,,1600.0,1,2,0,0,0,0,0,3,4,0,2,3,,N,,,,,,,,,,,
2011000949,1703.0,1,0,0,0,0,0,0,0,0,7,0,,67,11,2010,6,40.0231,-75.037,1658.0,6,0,0,0,0,0,0,0,0,3.0,0,0,0,16.0,4,1,0,,2,40 01:23.893,5.0,0,75 02:12.532,8,0,0,0,67301,0,0,0,N,0,0,0,2,67301,0,,2,1,,N,N,,0,,0,0,0,0,0,N,1655.0,1,1,0,0,0,1,1,3,4,0,1,3,,N,,,,,,,,,,,
2011000951,1521.0,1,0,0,0,0,0,0,0,0,4,0,,67,11,2010,7,40.0152,-75.1498,1518.0,6,0,0,0,0,0,0,0,0,,0,0,0,14.0,1,1,1,,0,40 00:54.831,,0,75 08:59.392,4,0,0,0,67301,0,0,0,N,0,0,0,4,67301,1,,1,1,,N,N,,0,,0,0,0,3,2,,1454.0,1,2,0,0,0,0,0,3,4,1,2,3,,N,,,,,,,,,,,
2011000984,1927.0,4,0,0,0,0,0,0,0,0,1,0,,67,11,2010,5,39.9182,-75.2089,1925.0,6,0,0,0,0,0,0,0,0,,0,0,0,19.0,1,5,3,,0,39 55:05.900,,0,75 12:31.948,4,0,0,0,67301,0,0,0,N,0,0,0,7,67301,5,,1,1,,N,N,,0,,0,0,0,3,2,,1914.0,5,4,0,0,0,0,0,3,4,0,4,3,,N,,,,,,,,,,,
2011001010,1427.0,0,0,0,0,0,0,0,0,0,7,0,,67,11,2010,5,40.0572,-75.2079,1420.0,6,0,0,0,0,0,0,0,0,,0,0,0,14.0,1,1,2,,0,40 03:26.064,,0,75 12:28.504,4,0,0,0,67301,0,0,0,,0,0,0,1,67301,1,,5,1,,,,,0,,0,0,1,0,0,,1415.0,1,1,0,0,0,0,0,3,4,0,1,3,,N,,,,,,,,,,,
2010074501,1645.0,2,0,0,0,0,0,0,0,0,4,0,,67,7,2010,4,40.0355,-75.1086,1640.0,6,0,0,0,0,0,0,0,1,,0,0,0,15.0,1,3,1,,0,40 02:07.087,,0,75 06:30.627,4,0,0,0,67301,0,0,0,N,0,0,0,6,67301,3,,1,1,,N,N,,0,,0,0,0,3,2,,1530.0,3,2,0,0,0,0,0,3,4,0,2,3,,N,,,,,,,,,,,
2010081134,1609.0,3,0,0,0,0,0,0,0,0,1,0,,67,8,2010,1,39.965,-75.1856,1552.0,6,0,0,0,0,0,0,0,0,,0,0,0,15.0,1,0,0,,0,39 57:52.792,,0,75 11:06.670,9,0,0,0,67301,0,0,0,N,0,0,0,7,68K01,0,,1,1,,N,N,,0,,0,0,0,0,0,,1550.0,0,5,0,0,0,0,2,3,4,0,5,3,,N,,,,,,,,,,,
2010074653,1945.0,1,0,0,0,0,0,0,0,0,7,0,,67,7,2010,4,39.9633,-75.1885,1940.0,6,0,1,0,0,0,0,0,0,,0,0,0,19.0,1,0,1,,0,39 57:47.722,,0,75 11:18.585,0,0,0,0,67301,0,0,0,N,0,0,0,4,67301,0,,4,1,,N,N,,0,,0,0,0,3,2,,1945.0,0,1,0,0,0,0,0,3,4,0,1,3,,N,,,,,,,,,,,
2010058991,1213.0,1,0,0,0,0,0,0,0,0,7,0,,67,5,2010,5,40.1037,-75.0032,1210.0,6,0,0,0,0,0,1,0,0,,0,0,0,12.0,1,1,0,,0,40 06:13.446,,6,75 00:11.468,4,0,0,0,67301,0,0,0,,0,0,0,1,67301,1,,3,1,,N,N,,0,,0,0,0,0,0,,1210.0,1,1,0,0,0,0,0,3,4,0,1,3,,N,,,,,,,,,,,
2010019432,2055.0,2,0,0,0,0,0,0,0,0,4,0,,67,1,2010,7,39.9595,-75.162,2050.0,6,0,0,0,0,0,0,0,0,9.0,0,0,0,20.0,3,3,1,,1,39 57:34.154,2.0,0,75 09:43.529,4,0,0,0,67301,0,0,0,,0,0,0,4,67301,3,,1,1,,,,,0,,0,0,0,3,2,N,2045.0,3,2,0,0,1,0,0,3,4,0,2,3,,N,,,,,,,,,,,
2010028179,1825.0,2,0,0,0,0,0,0,0,0,2,0,,67,1,2010,6,40.0915,-74.9656,1811.0,6,0,1,0,1,0,0,0,0,,0,0,0,18.0,4,1,1,,0,40 05:29.941,,0,74 57:56.517,8,0,0,0,67301,0,0,0,N,0,0,0,7,67301,0,,1,1,,N,N,,0,,0,0,0,3,2,,1810.0,1,2,0,0,0,1,0,3,4,0,2,3,,N,,,,,,,,,,,
2010028183,2326.0,2,0,0,0,0,0,0,0,0,4,0,,67,2,2010,2,39.9359,-75.1618,2326.0,6,0,0,0,0,0,0,0,0,,0,0,0,99.0,3,0,1,,0,39 56:09.117,,0,75 09:42.404,0,0,0,0,67301,0,0,0,N,0,0,0,2,67301,0,,1,1,,N,N,,0,,0,0,0,3,2,,9999.0,0,2,0,0,0,0,0,3,4,0,2,3,,N,,,,,,,,,,,
2010034050,1500.0,1,0,0,0,0,0,0,0,0,4,0,,67,3,2010,3,39.997,-75.2353,1456.0,6,0,0,0,0,0,1,0,0,2.0,0,0,0,14.0,1,2,1,,1,39 59:49.593,2.0,0,75 14:07.096,8,0,0,0,67301,0,0,0,N,0,0,0,3,46104,0,,1,9,,N,N,,0,,0,0,1,3,2,Y,1456.0,2,2,0,0,0,2,0,3,4,0,2,3,,N,,,,,,,,,,,
2010028537,1015.0,2,0,0,0,0,0,0,0,0,1,0,,67,2,2010,6,40.0783,-75.0865,1007.0,6,0,0,0,2,0,0,0,0,,0,0,0,10.0,1,2,2,,0,40 04:41.775,,0,75 05:11.303,4,0,0,0,67301,0,0,0,N,0,0,0,3,67301,2,,2,8,,N,N,,0,,0,0,1,0,0,,1006.0,2,3,0,0,0,0,0,3,4,0,3,98,,N,,,,,,,,,,,
2010028409,19.0,1,0,0,0,0,0,0,0,0,5,0,,67,2,2010,7,40.0851,-74.9692,11.0,6,0,0,0,0,0,0,0,0,2.0,0,0,0,0.0,3,1,0,,1,40 05:06.524,4.0,0,74 58:08.956,4,0,0,0,67301,0,0,0,N,0,0,0,3,67301,1,,1,7,,N,N,,1,,0,0,0,0,0,N,11.0,1,2,0,0,0,0,0,3,4,0,2,10,,N,,,,,,,,,,,
2010020833,17.0,1,0,0,0,0,0,0,0,0,7,0,,67,2,2010,6,40.0064,-75.0741,15.0,6,0,0,0,0,0,0,0,0,1.0,0,0,0,0.0,3,0,0,,1,40 00:23.186,1.0,0,75 04:26.500,0,0,0,0,67301,0,0,0,N,0,0,0,1,68K01,0,,3,1,,N,N,,0,,0,0,0,0,0,N,12.0,0,1,0,0,0,0,0,3,4,0,1,3,,N,,,,,,,,,,,
2010018058,805.0,2,0,0,0,0,0,0,0,0,4,0,,67,1,2010,4,40.0267,-75.1278,759.0,6,0,0,0,0,0,0,0,0,,0,0,0,7.0,1,2,2,,0,40 01:35.940,,0,75 07:40.094,4,0,0,0,67301,0,0,0,,0,0,0,2,67301,2,,1,1,,,,,0,,0,0,0,0,0,,756.0,2,2,0,0,0,0,0,3,4,0,2,3,,N,,,,,,,,,,,
2010110773,955.0,1,0,0,0,0,0,0,0,0,8,0,,67,10,2010,5,39.9526,-75.1653,946.0,6,0,0,0,0,0,0,0,0,,0,0,0,9.0,1,1,2,,0,39 57:09.365,,0,75 09:55.348,4,0,0,0,67301,1,0,0,N,1,0,0,2,67301,1,,1,1,,N,N,,0,,0,0,0,3,2,,944.0,1,2,0,0,0,0,0,3,4,0,1,3,,N,,,,,,,,,,,
2011010606,1210.0,1,0,0,0,0,0,0,0,0,4,0,,67,12,2010,7,39.9571,-75.1511,1208.0,6,0,0,0,0,0,1,0,0,,0,0,0,11.0,1,3,5,,0,39 57:25.688,,2,75 09:03.847,8,0,0,0,67301,0,0,0,,0,0,0,6,67301,0,,1,9,,,,,0,,0,0,2,3,2,,1130.0,3,3,0,0,0,3,0,3,4,0,3,3,,N,,,,,,,,,,,
2011009977,1806.0,0,0,0,0,0,0,0,0,0,4,0,,67,12,2010,5,40.0899,-74.9842,1806.0,6,0,0,1,0,0,0,0,0,1.0,0,0,0,17.0,3,1,1,,1,40 05:23.607,1.0,0,74 59:03.265,4,0,0,0,67301,0,0,0,N,0,0,0,3,67301,1,,1,1,,N,N,,0,,0,0,2,3,2,N,1733.0,1,2,0,0,0,0,0,3,4,0,2,3,,N,,,,,,,,,,,
2011024991,0.0,1,0,0,0,0,0,0,0,0,1,0,,67,9,2010,1,39.9599,-75.179,0.0,6,0,0,0,0,0,0,0,0,,0,0,0,12.0,1,2,0,,0,39 57:35.743,,0,75 10:45.221,8,0,0,0,67301,0,0,0,,0,0,0,4,00000,0,,1,1,,,,,1,,0,0,0,0,0,,1230.0,2,2,0,0,0,2,2,3,4,0,2,3,,N,,,,,,,,,,,
2011022585,,1,0,0,1,0,0,0,0,0,1,0,,67,5,2010,4,,,,6,0,0,0,0,0,0,1,0,,0,0,0,16.0,1,1,0,,0,,,0,,3,0,0,0,67301,1,0,0,,0,0,0,2,00000,0,,1,1,,,,,0,,1,0,0,0,0,,1630.0,1,2,0,0,0,0,0,3,3,0,1,3,,N,,,,,,,,,,,
2011026288,1800.0,1,0,0,0,0,0,0,0,0,7,0,,67,6,2010,7,39.9819,-75.239,1756.0,6,0,0,0,0,0,0,1,0,,0,0,0,17.0,1,1,1,,0,39 58:54.974,,0,75 14:20.357,4,0,0,0,67301,0,0,0,Y,0,0,0,1,67301,1,,5,1,,N,N,,0,,0,0,0,3,2,,1753.0,1,1,0,0,0,0,0,3,4,0,1,3,,N,,,,,,,,,,,
2011012375,1106.0,0,0,0,0,0,0,0,0,0,8,0,,67,12,2010,4,40.0151,-75.063,1106.0,6,0,0,0,0,0,1,0,0,3.0,1,0,0,11.0,1,0,0,,2,40 00:54.259,4.0,0,75 03:46.661,1,0,0,0,67301,1,1,0,N,1,1,0,2,67301,0,2.0,1,1,,N,N,,1,0.0,0,0,0,0,0,N,1104.0,0,2,0,0,0,0,0,3,4,0,1,3,,N,,,,,,,,,,,
2011012043,529.0,2,0,0,0,0,0,0,0,0,7,0,,67,12,2010,2,39.9993,-75.1953,527.0,6,0,0,0,0,0,1,0,0,1.0,0,0,0,5.0,3,0,0,,1,39 59:59.887,4.0,0,75 11:41.978,0,0,0,0,67301,0,0,0,N,0,0,0,2,68K01,0,,4,6,,N,N,,0,,0,0,0,0,0,Y,523.0,0,2,0,0,0,0,0,3,4,0,2,10,,N,,,,,,,,,,,
2011025864,0.0,1,0,0,0,0,0,0,0,0,8,0,,67,7,2010,1,40.0729,-75.0759,0.0,6,0,0,0,0,0,0,0,0,,0,0,0,17.0,1,1,1,,0,40 04:22.410,,7,75 04:33.193,8,0,0,0,67301,1,0,0,N,1,0,0,3,00000,0,,9,1,,N,N,,0,,0,0,0,3,2,,1730.0,1,2,0,0,0,1,2,3,4,0,1,3,,N,,,,,,,,,,,
2011008434,1752.0,0,0,0,0,0,0,0,0,0,1,0,,67,12,2010,3,39.928,-75.2193,1744.0,6,0,0,0,0,0,1,1,0,,0,0,0,17.0,3,2,1,,0,39 55:40.948,,0,75 13:09.423,4,0,0,0,67301,0,0,0,N,0,0,0,5,67301,2,,1,1,,N,N,,1,,0,0,0,3,2,,1700.0,2,3,0,0,0,0,1,3,4,2,3,3,,N,,,,,,,,,,,
2011008461,930.0,2,0,0,0,0,0,0,0,0,4,0,,67,12,2010,3,40.0745,-75.1725,920.0,6,0,0,0,0,0,0,0,1,,0,0,0,9.0,1,1,1,,0,40 04:28.167,,0,75 10:21.014,4,0,0,0,67301,0,0,0,N,0,0,0,3,67301,1,,1,1,,N,N,,0,,0,0,0,3,3,,915.0,1,2,0,0,0,0,0,3,4,0,2,3,,N,,,,,,,,,,,