CRN,ARRIVAL_TM,AUTOMOBILE_COUNT,BELTED_DEATH_COUNT,BELTED_SUSP_SERIOUS_INJ_COUNT,BICYCLE_COUNT,BICYCLE_DEATH_COUNT,BICYCLE_SUSP_SERIOUS_INJ_COUNT,BUS_COUNT,CHLDPAS_DEATH_COUNT,CHLDPAS_SUSP_SERIOUS_INJ_COUNT,COLLISION_TYPE,COMM_VEH_COUNT,CONS_ZONE_SPD_LIM,COUNTY,CRASH_MONTH,CRASH_YEAR,DAY_OF_WEEK,DEC_LAT,DEC_LONG,DISPATCH_TM,DISTRICT,DRIVER_COUNT_16YR,DRIVER_COUNT_17YR,DRIVER_COUNT_18YR,DRIVER_COUNT_19YR,DRIVER_COUNT_20YR,DRIVER_COUNT_50_64YR,DRIVER_COUNT_65_74YR,DRIVER_COUNT_75PLUS,EST_HRS_CLOSED,FATAL_COUNT,HEAVY_TRUCK_COUNT,HORSE_BUGGY_COUNT,HOUR_OF_DAY,ILLUMINATION,INJURY_COUNT,INTERSECT_TYPE,INTERSECTION_RELATED,LANE_CLOSED,LATITUDE,LN_CLOSE_DIR,LOCATION_TYPE,LONGITUDE,MAX_SEVERITY_LEVEL,MCYCLE_DEATH_COUNT,MCYCLE_SUSP_SERIOUS_INJ_COUNT,MOTORCYCLE_COUNT,MUNICIPALITY,NONMOTR_COUNT,NONMOTR_DEATH_COUNT,NONMOTR_SUSP_SERIOUS_INJ_COUNT,NTFY_HIWY_MAINT,PED_COUNT,PED_DEATH_COUNT,PED_SUSP_SERIOUS_INJ_COUNT,PERSON_COUNT,POLICE_AGCY,POSSIBLE_INJ_COUNT,RDWY_SURF_TYPE_CD,RELATION_TO_ROAD,ROAD_CONDITION,ROADWAY_CLEARED,SCH_BUS_IND,SCH_ZONE_IND,SECONDARY_CRASH,SMALL_TRUCK_COUNT,SPEC_JURIS_CD,SUSP_MINOR_INJ_COUNT,SUSP_SERIOUS_INJ_COUNT,SUV_COUNT,TCD_FUNC_CD,TCD_TYPE,TFC_DETOUR_IND,TIME_OF_DAY,TOT_INJ_COUNT,TOTAL_UNITS,UNB_DEATH_COUNT,UNB_SUSP_SERIOUS_INJ_COUNT,UNBELTED_OCC_COUNT,UNK_INJ_DEG_COUNT,UNK_INJ_PER_COUNT,URBAN_AREA,URBAN_RURAL,VAN_COUNT,VEHICLE_COUNT,WEATHER1,WEATHER2,WORK_ZONE_IND,WORK_ZONE_LOC,WORK_ZONE_TYPE,WORKERS_PRES,WZ_CLOSE_DETOUR,WZ_FLAGGER,WZ_LAW_OFFCR_IND,WZ_LN_CLOSURE,WZ_MOVING,WZ_OTHER,WZ_SHLDER_MDN,WZ_WORKERS_INJ_KILLED
2011008466,2250.0,2,0,0,0,0,0,0,0,0,4,0,,67,12,2010,1,40.035,-75.1737,2250.0,6,0,0,0,0,0,1,0,0,2.0,0,0,0,22.0,2,2,1,,2,40 02:06.009,6.0,0,75 10:25.403,4,0,0,0,67301,0,0,0,N,0,0,0,4,67301,2,,1,1,,N,N,,0,,0,0,0,3,2,Y,2245.0,2,2,0,0,0,0,0,3,4,0,2,3,,N,,,,,,,,,,,
2011025728,110.0,2,0,0,0,0,0,0,0,0,1,0,,67,3,2010,1,40.0186,-75.1509,105.0,6,0,0,0,0,0,0,0,0,,0,0,0,1.0,3,0,0,,0,40 01:06.905,,0,75 09:03.188,9,0,0,0,67301,0,0,0,N,0,0,0,1,67301,0,,2,1,,N,N,,0,,0,0,0,3,3,,102.0,0,2,0,0,0,0,1,3,4,0,2,3,,N,,,,,,,,,,,
2011025296,0.0,2,0,0,0,0,0,0,0,0,1,0,,67,11,2010,5,39.9397,-75.2255,0.0,6,0,0,0,0,0,0,0,0,,0,0,0,2.0,6,1,1,,0,39 56:23.042,,0,75 13:31.760,8,0,0,0,67301,0,0,0,,0,0,0,2,00000,0,,1,1,,,,,0,,0,0,0,3,2,,216.0,1,2,0,0,0,1,1,3,4,0,2,3,,N,,,,,,,,,,,
2011015993,2205.0,1,0,0,0,0,0,0,0,0,7,0,,67,12,2010,4,40.0207,-75.1927,2201.0,6,0,0,0,0,0,0,0,0,,0,0,0,22.0,3,1,0,,0,40 01:14.437,,0,75 11:33.554,3,0,0,0,67301,0,0,0,,0,0,0,1,67301,0,,5,2,,N,N,,0,,1,0,0,0,0,,2200.0,1,1,0,0,0,0,0,3,4,0,1,3,,N,,,,,,,,,,,
2011001082,1235.0,1,0,0,1,0,0,0,0,0,4,0,,67,12,2010,6,39.9256,-75.1693,1221.0,6,0,0,0,0,0,1,0,0,,0,0,0,12.0,1,1,1,,0,39 55:31.864,,0,75 10:09.708,4,0,0,0,67301,1,0,0,N,0,0,0,2,67301,1,,1,1,,N,N,,0,,0,0,0,3,2,,1215.0,1,2,0,0,0,0,0,3,4,0,1,3,,N,,,,,,,,,,,
2011024890,0.0,0,0,0,0,0,0,0,0,0,8,0,,67,1,2010,4,,,0.0,6,0,0,0,0,0,0,0,0,,0,0,0,9.0,1,1,0,,0,,,0,,2,0,0,0,67301,1,0,1,N,1,0,1,2,00000,0,,2,7,,N,N,,1,,0,1,0,0,0,,900.0,1,3,0,0,0,0,0,3,3,0,2,10,,N,,,,,,,,,,,
2011008848,1720.0,0,0,0,0,0,0,1,0,0,8,1,,67,12,2010,2,39.9726,-75.1554,1718.0,6,0,0,0,0,0,0,0,0,,0,0,0,17.0,3,2,0,,0,39 58:21.290,,0,75 09:19.360,4,0,0,0,67301,1,0,0,N,1,0,0,3,67301,2,,1,1,,N,N,,0,,0,0,0,0,0,,1715.0,2,2,0,0,0,0,0,3,4,0,1,3,,N,,,,,,,,,,,
2011008859,1926.0,2,0,0,0,0,0,0,0,0,2,0,,67,12,2010,1,40.0081,-75.0725,1922.0,6,0,0,0,0,0,1,0,0,,0,0,0,99.0,3,1,2,,0,40 00:29.331,,0,75 04:20.880,3,0,0,0,67301,0,0,0,,0,0,0,2,67301,0,,1,1,,N,N,,0,,1,0,0,0,0,,9999.0,1,2,0,0,0,0,0,3,4,0,2,3,,N,,,,,,,,,,,
2011008891,1805.0,2,0,0,0,0,0,0,0,0,4,0,,67,12,2010,7,39.9628,-75.1646,1803.0,6,0,0,0,0,0,0,0,0,,0,0,0,18.0,3,3,1,,0,39 57:46.071,,0,75 09:52.682,3,0,0,0,67301,0,0,0,N,0,0,0,4,67301,1,,1,1,,N,N,,0,,2,0,0,3,2,,1803.0,3,2,0,0,0,0,0,3,4,0,2,3,,N,,,,,,,,,,,
2011008893,1000.0,1,0,0,0,0,0,0,0,0,8,0,,67,12,2010,6,39.9566,-75.2419,952.0,6,0,0,0,0,0,0,0,0,,0,0,0,18.0,3,1,1,,0,39 57:23.616,,0,75 14:30.901,4,0,0,0,67301,1,0,0,N,1,0,0,2,67301,1,,4,1,,N,N,,0,,0,0,0,3,2,,1855.0,1,2,0,0,0,0,0,3,4,0,1,3,,N,,,,,,,,,,,
2011008897,857.0,1,0,0,0,0,0,0,0,0,8,0,,67,10,2010,1,39.9547,-75.1944,850.0,6,0,0,0,0,0,0,0,0,,0,0,0,8.0,1,1,2,,0,39 57:16.798,,0,75 11:39.891,8,0,0,0,67301,1,0,0,N,1,0,0,3,67301,0,,1,1,,N,N,,0,,0,0,0,3,2,,846.0,1,2,0,0,0,1,0,3,4,0,1,3,,N,,,,,,,,,,,
2011008903,1329.0,2,0,0,0,0,0,0,0,0,4,0,,67,12,2010,1,39.9755,-75.1944,1322.0,6,0,1,0,0,0,0,1,0,1.0,0,0,0,13.0,1,1,0,,1,39 58:31.979,2.0,0,75 11:39.828,8,0,0,0,67301,0,0,0,N,0,0,0,2,67301,0,,1,9,,N,N,,0,,0,0,0,0,0,N,1303.0,1,2,0,0,0,1,1,3,4,0,2,98,,N,,,,,,,,,,,
2011008904,1623.0,1,0,0,0,0,0,0,0,0,8,0,,67,12,2010,4,40.0197,-75.0751,1623.0,6,0,0,0,0,0,0,0,0,,0,0,0,16.0,1,1,1,,0,40 01:10.776,,0,75 04:30.529,8,0,0,0,67301,1,0,0,N,1,0,0,2,67301,0,,1,1,,N,N,,0,,0,0,0,3,3,,1620.0,1,2,0,0,0,1,0,3,4,0,1,3,,N,,,,,,,,,,,
2011016934,836.0,3,0,0,0,0,0,0,0,0,1,0,,67,12,2010,4,40.0571,-75.129,830.0,6,0,0,0,0,0,1,1,0,1.0,0,0,0,8.0,1,1,1,,1,40 03:25.389,3.0,0,75 07:44.583,4,0,0,0,67301,0,0,0,N,0,0,0,3,67301,1,,1,9,,N,N,,0,,0,0,0,3,2,Y,827.0,1,3,0,0,0,0,0,3,4,0,3,10,,N,,,,,,,,,,,
2010074623,1712.0,2,0,0,0,0,0,0,0,0,2,0,,67,7,2010,3,40.0096,-75.0896,1623.0,6,0,0,0,0,0,0,0,0,,0,0,0,16.0,1,1,3,,0,40 00:34.514,,0,75 05:22.410,8,0,0,0,67301,0,0,0,N,0,0,0,3,67301,0,,1,1,,N,N,,0,,0,0,0,3,3,,1620.0,1,2,0,0,0,1,0,3,4,0,2,3,,N,,,,,,,,,,,
2010028059,1343.0,1,0,0,0,0,0,0,0,0,8,0,,67,2,2010,5,39.9818,-75.1819,1340.0,6,0,0,0,0,0,0,0,1,,0,0,0,13.0,1,1,1,,0,39 58:54.400,,0,75 10:54.828,4,0,0,0,67301,1,0,0,,1,0,0,2,67301,1,,1,1,,,,,0,,0,0,0,3,2,,1330.0,1,2,0,0,0,0,0,3,4,0,1,3,,N,,,,,,,,,,,
2010028080,2130.0,2,0,0,0,0,0,0,0,0,1,0,,67,2,2010,1,40.0102,-75.0981,2120.0,6,0,0,0,0,0,0,0,0,,0,0,0,21.0,3,1,1,,0,40 00:37.061,,0,75 05:53.071,3,0,0,0,67301,0,0,0,N,0,0,0,3,67301,0,,1,9,,N,N,,0,,1,0,0,3,2,,2119.0,1,2,0,0,0,0,0,3,4,0,2,7,,N,,,,,,,,,,,
2010028122,1825.0,1,0,0,0,0,0,0,0,0,8,0,,67,2,2010,4,39.9692,-75.1618,1811.0,6,0,0,0,0,0,0,0,0,,0,0,0,1.0,3,1,0,,0,39 58:09.145,,0,75 09:42.595,8,0,0,0,67301,1,0,0,N,1,0,0,2,67301,0,,1,7,,N,N,,0,,0,0,0,0,0,,115.0,1,2,0,0,0,1,1,3,4,0,1,10,,N,,,,,,,,,,,
2010028250,802.0,1,0,0,0,0,0,0,0,0,4,0,,67,3,2010,2,40.1237,-75.0154,759.0,6,0,0,0,0,0,2,0,0,,0,0,0,7.0,1,1,0,,0,40 07:25.233,,7,75 00:55.506,4,0,0,0,67301,0,0,0,N,0,0,0,4,67301,1,,1,1,,N,N,,0,,0,0,1,0,0,,759.0,1,2,0,0,0,0,1,3,4,0,2,3,,N,,,,,,,,,,,
2010028258,1150.0,1,0,0,0,0,0,0,0,0,7,0,,67,2,2010,2,39.907,-75.1833,1149.0,6,0,0,0,0,0,0,0,0,,0,0,0,11.0,1,0,0,,0,39 54:25.198,,0,75 10:59.885,9,0,0,0,67301,0,0,0,,0,0,0,1,67301,0,,5,1,,,,,0,,0,0,0,0,0,,1140.0,0,1,0,0,0,0,1,3,4,0,1,3,,N,,,,,,,,,,,
2010028340,309.0,1,0,0,0,0,0,0,0,0,7,0,,67,1,2010,5,39.9398,-75.2142,308.0,6,0,0,0,0,0,0,0,0,,0,0,0,3.0,3,0,0,,0,39 56:23.163,,0,75 12:50.952,0,0,0,0,67301,0,0,0,N,0,0,0,1,67301,0,,2,1,,N,N,,0,,0,0,0,0,0,,304.0,0,1,0,0,0,0,0,3,4,0,1,3,,N,,,,,,,,,,,
2010018004,1705.0,1,0,0,0,0,0,0,0,0,8,0,,67,1,2010,5,40.0475,-75.1428,1700.0,6,0,0,0,0,0,0,0,0,,0,0,0,14.0,1,1,1,,0,40 02:50.960,,0,75 08:34.014,8,0,0,0,67301,1,0,0,N,1,0,0,2,67301,0,,1,1,,N,N,,0,,0,0,0,3,2,,1430.0,1,2,0,0,0,1,0,3,4,0,1,3,,N,,,,,,,,,,,
2010018056,2249.0,2,0,0,0,0,0,0,0,0,4,0,,67,1,2010,1,39.9256,-75.1793,2245.0,6,0,0,0,0,0,0,0,0,1.0,0,0,0,22.0,3,2,1,,1,39 55:32.114,3.0,0,75 10:44.687,8,0,0,0,67301,0,0,0,,0,0,0,4,67301,0,,1,9,,,,,0,,0,0,0,3,2,N,2240.0,2,2,0,0,0,2,2,3,4,0,2,7,,N,,,,,,,,,,,
2010104339,1243.0,0,0,0,0,0,0,0,0,0,8,0,,67,9,2010,4,40.0312,-75.0217,1239.0,6,0,0,0,0,0,0,0,0,,0,0,0,12.0,1,1,2,,0,40 01:52.459,,0,75 01:18.271,3,0,0,0,67301,1,0,0,N,1,0,0,2,67301,0,,1,1,,N,N,,0,,1,0,0,3,2,,1235.0,1,2,0,0,0,0,0,3,4,1,1,3,,N,,,,,,,,,,,
2011010591,1755.0,0,0,0,0,0,0,0,0,0,1,0,,67,12,2010,5,40.0566,-75.0188,1753.0,6,0,0,0,0,0,0,0,0,2.0,0,0,0,17.0,3,1,0,,1,40 03:23.757,4.0,0,75 01:07.802,4,0,0,0,67301,0,0,0,N,0,0,0,1,67301,1,,2,1,,N,N,,1,,0,0,1,0,0,N,1727.0,1,2,0,0,1,0,0,3,4,0,2,3,,N,,,,,,,,,,,
2011009958,2242.0,1,0,0,0,0,0,0,0,0,4,0,,67,12,2010,7,39.9666,-75.1604,2240.0,6,0,0,0,0,0,1,0,0,,0,0,0,22.0,3,0,1,,0,39 58:00.185,,0,75 09:37.919,0,0,0,0,67301,0,0,0,N,0,0,0,2,67301,0,,1,1,,N,N,,0,,0,0,1,3,2,,2240.0,0,2,0,0,0,0,0,3,4,0,2,3,,N,,,,,,,,,,,
2011008256,1830.0,1,0,0,0,0,0,0,0,0,4,0,,67,11,2010,7,40.0011,-75.1038,1830.0,6,0,0,0,0,0,0,0,1,9.0,0,0,0,18.0,3,1,2,,2,40 00:03.996,7.0,0,75 06:13.816,3,0,0,0,67301,0,0,0,,0,0,0,2,67301,0,,1,1,,,,,1,,1,0,0,3,3,Y,1827.0,1,2,0,0,0,0,0,3,4,0,2,3,,N,,,,,,,,,,,
2011008277,1044.0,2,0,0,0,0,0,0,0,0,1,0,,67,12,2010,2,40.098,-75.0305,1043.0,6,0,0,0,0,0,0,0,1,,0,0,0,10.0,1,2,0,,0,40 05:51.825,,0,75 01:49.890,8,0,0,0,67301,0,0,0,N,0,0,0,4,67301,0,,1,1,,N,N,,0,,0,0,1,0,0,,1042.0,2,3,0,0,0,2,0,3,4,0,3,3,,N,,,,,,,,,,,
2011026308,2358.0,5,0,0,0,0,0,0,0,0,5,0,,67,6,2010,1,39.945,-75.1705,2355.0,6,0,0,0,0,0,0,0,0,,0,0,0,23.0,3,0,0,,0,39 56:42.000,,0,75 10:13.950,0,0,0,0,67301,0,0,0,,0,0,0,1,67301,0,,1,1,,N,N,,0,,0,0,1,0,0,,2350.0,0,6,0,0,0,0,0,3,4,0,6,3,,N,,,,,,,,,,,
2011026213,2222.0,2,0,0,0,0,0,0,0,0,5,0,,67,5,2010,6,39.959,-75.229,2220.0,6,0,0,0,0,0,0,0,0,1.0,0,0,0,22.0,3,2,0,,1,39 57:32.236,3.0,0,75 13:44.305,3,0,0,0,67301,2,0,0,N,0,0,0,3,67301,1,,4,1,,N,N,,0,,1,0,0,0,0,N,2220.0,2,2,0,0,1,0,0,3,4,0,2,3,,N,,,,,,,,,,,
2011000884,1210.0,2,0,0,0,0,0,0,0,0,1,0,,67,11,2010,3,39.963,-75.1662,1204.0,6,0,0,0,0,0,0,0,0,,0,0,0,99.0,1,1,1,,0,39 57:46.788,,0,75 09:58.411,8,0,0,0,67301,0,0,0,N,0,0,0,3,67301,0,,1,9,,N,N,,0,,0,0,0,3,2,,9999.0,1,2,0,0,0,1,0,3,4,0,2,7,,N,,,,,,,,,,,
2011001711,9999.0,2,0,0,0,0,0,0,0,0,4,0,,67,11,2010,2,39.9752,-75.1211,1529.0,6,0,0,0,0,0,0,0,0,2.0,0,0,0,14.0,1,1,1,,1,39 58:32.542,1.0,0,75 07:13.776,4,0,0,0,67301,0,0,0,N,0,0,0,2,67301,1,,1,1,,N,N,,0,,0,0,0,3,2,N,1439.0,1,2,0,0,0,0,0,3,4,0,2,3,,N,,,,,,,,,,,
2011001714,800.0,1,0,0,0,0,0,0,0,0,4,0,,67,11,2010,2,39.9601,-75.1734,800.0,6,0,0,0,0,1,0,0,0,,0,0,0,99.0,1,0,1,,0,39 57:37.886,,0,75 10:24.974,0,0,0,0,67301,0,0,0,N,0,0,0,2,67301,0,,1,1,,N,N,,0,,0,0,1,3,2,,9999.0,0,2,0,0,0,0,0,3,4,0,2,3,,N,,,,,,,,,,,
2011000853,209.0,2,0,0,0,0,0,0,0,0,4,0,,67,11,2010,2,39.9895,-75.1445,207.0,6,0,0,0,0,0,0,0,0,,0,0,0,2.0,3,1,1,,0,39 59:22.207,,0,75 08:40.232,3,0,0,0,67301,0,0,0,N,0,0,0,2,67301,0,,1,1,,N,Y,,0,,1,0,0,3,2,,205.0,1,2,0,0,0,0,1,3,4,0,2,3,,N,,,,,,,,,,,
2011008298,2315.0,0,0,0,0,0,0,0,0,0,8,0,,67,12,2010,4,40.0107,-75.1985,2238.0,6,0,0,0,0,0,1,0,0,,0,0,0,22.0,3,1,0,,0,40 00:38.430,,0,75 11:54.648,4,0,0,0,67301,1,0,0,N,1,0,0,2,67301,1,,1,1,,N,N,,1,,0,0,0,0,0,,2238.0,1,2,0,0,0,0,0,3,4,0,1,3,,N,,,,,,,,,,,
2011008387,920.0,2,0,0,0,0,0,0,0,0,4,0,,67,12,2010,3,40.0267,-75.1173,910.0,6,0,0,0,0,0,0,0,0,1.0,0,0,0,9.0,1,1,1,,1,40 01:36.153,2.0,0,75 07:02.268,4,0,0,0,67301,0,0,0,N,0,0,0,2,67301,1,,1,1,,N,N,,0,,0,0,0,3,2,N,910.0,1,2,0,0,0,0,0,3,4,0,2,3,,N,,,,,,,,,,,
2011025704,1102.0,1,0,0,0,0,0,0,0,0,7,0,,67,5,2010,2,40.0697,-75.1832,1100.0,6,0,0,0,0,0,0,0,0,,0,0,0,11.0,1,0,1,,0,40 04:11.082,,7,75 10:59.659,0,0,0,0,67301,0,0,0,N,0,0,0,1,67301,0,,5,1,,N,N,,0,,0,0,0,0,0,,1100.0,0,2,0,0,0,0,0,3,4,0,1,3,,N,,,,,,,,,,,
2011025737,844.0,0,0,0,0,0,0,0,0,0,8,0,,67,5,2010,6,40.0471,-75.1048,828.0,6,0,0,0,0,0,0,0,0,,0,0,0,8.0,1,1,5,,0,40 02:49.563,,0,75 06:17.333,4,0,0,0,67301,1,0,0,N,1,0,0,2,67301,1,,1,1,,N,N,,0,,0,0,0,0,0,,800.0,1,2,0,0,1,0,0,3,4,1,1,3,,N,,,,,,,,,,,
2011025749,1240.0,0,0,0,0,0,0,0,0,0,4,0,,67,5,2010,5,39.9833,-75.1258,1235.0,6,0,0,0,0,0,1,0,0,,0,0,0,12.0,1,1,1,,0,39 58:59.767,,0,75 07:32.979,4,0,0,0,67301,0,0,0,,0,0,0,2,67301,1,,1,1,,N,N,,1,,0,0,1,3,2,,1230.0,1,2,0,0,1,0,0,3,4,0,2,3,,N,,,,,,,,,,,
2011027934,1705.0,5,0,0,0,0,0,0,0,0,4,0,,67,5,2010,5,39.9754,-75.2653,1700.0,6,0,0,0,1,0,0,0,0,,0,0,0,99.0,1,1,0,,0,39 58:31.329,,0,75 15:54.939,4,0,0,0,67301,0,0,0,,0,0,0,1,67301,1,,1,1,,,,,0,,0,0,0,0,0,,9999.0,1,5,0,0,1,0,0,3,4,0,5,3,,N,,,,,,,,,,,
2011027940,1144.0,2,0,0,0,0,0,0,0,0,5,0,,67,5,2010,6,40.028,-75.11,1137.0,6,0,0,0,0,0,1,0,0,1.0,0,0,0,11.0,1,2,1,,1,40 01:40.946,2.0,0,75 06:36.204,4,0,0,0,67301,0,0,0,N,0,0,0,5,67301,2,,1,1,,N,N,,0,,0,0,0,3,2,N,1137.0,2,4,0,0,0,0,0,3,4,2,4,3,,N,,,,,,,,,,,
2011027945,1620.0,1,0,0,0,0,0,0,0,0,4,0,,67,5,2010,5,40.0867,-74.9594,1615.0,6,0,0,0,0,0,1,0,0,,0,0,0,16.0,1,2,0,,0,40 05:12.055,,7,74 57:33.692,8,0,0,0,67301,0,0,0,,0,0,0,3,67301,0,,1,1,,,,,0,,0,0,0,3,2,,1605.0,2,2,0,0,0,2,0,3,4,1,2,3,,N,,,,,,,,,,,
2011023385,0.0,1,0,0,0,0,0,0,0,0,1,0,,67,2,2010,1,,,0.0,6,0,0,0,0,0,0,0,0,,0,0,0,14.0,1,1,1,,0,,,0,,8,0,0,0,67301,0,0,0,N,0,0,0,2,00000,0,,1,1,,N,N,,0,,0,0,0,3,2,,1430.0,1,2,0,0,0,1,0,3,3,0,2,3,,N,,,,,,,,,,,
2011025308,0.0,1,0,0,0,0,0,0,0,0,7,0,,67,11,2010,6,39.9259,-75.1941,0.0,6,0,0,0,0,0,0,0,0,,0,0,0,4.0,6,2,0,,0,39 55:36.226,,0,75 11:41.718,4,0,0,0,67301,0,0,0,,0,0,0,3,00000,1,,3,9,,,,,0,,0,0,0,0,0,,430.0,2,2,0,0,0,1,0,3,4,0,1,7,,N,,,,,,,,,,,
2011025362,,1,0,0,0,0,0,0,0,0,4,0,,67,7,2010,4,39.9776,-75.1192,,6,0,0,0,0,0,0,0,0,,0,0,0,14.0,1,2,0,,0,39 58:37.584,,7,75 07:09.768,4,0,0,0,67301,0,0,0,N,0,0,0,3,00000,2,,1,1,,N,N,,0,,0,0,0,0,0,,1430.0,2,2,0,0,0,0,1,3,4,1,2,3,,N,,,,,,,,,,,
2011018424,308.0,1,0,0,0,0,0,0,0,0,7,0,,67,1,2010,4,39.9756,-75.1946,306.0,6,0,0,0,0,1,0,0,0,,0,0,0,3.0,3,0,0,,0,39 58:35.369,,0,75 11:44.891,0,0,0,0,67301,0,0,0,N,0,0,0,2,68K01,0,,2,1,,N,N,,0,,0,0,0,0,0,,305.0,0,1,0,0,1,0,0,3,4,0,1,3,,N,,,,,,,,,,,
2011061368,1610.0,0,0,0,0,0,0,0,0,0,8,0,,67,12,2010,5,40.0328,-75.139,1600.0,6,0,0,0,0,0,0,0,0,,0,0,0,15.0,1,1,2,,0,40 01:58.191,,0,75 08:20.363,3,0,0,0,67301,1,0,0,,1,0,0,4,67301,0,,1,1,,,,,1,,1,0,0,3,2,,1530.0,1,2,0,0,0,0,0,3,4,0,1,3,,N,,,,,,,,,,,
2011001105,720.0,2,0,0,0,0,0,0,0,0,1,0,,67,12,2010,6,40.0616,-75.0841,715.0,6,0,0,0,0,0,0,0,1,3.0,0,0,0,7.0,1,0,0,,2,40 03:41.828,6.0,0,75 05:02.859,9,0,0,0,67301,0,0,0,N,0,0,0,3,67301,0,,1,1,,N,N,,0,,0,0,1,0,0,N,710.0,0,3,0,0,0,0,1,3,4,0,3,3,,N,,,,,,,,,,,
2011016944,2259.0,2,0,0,0,0,0,0,0,0,4,0,,67,12,2010,3,40.0499,-75.1496,2257.0,6,0,0,0,0,0,1,0,0,2.0,0,0,0,22.0,3,3,1,,2,40 02:59.802,7.0,0,75 08:58.639,8,0,0,0,67301,0,0,0,N,0,0,0,3,67301,0,,1,1,,N,N,,0,,0,0,0,3,3,Y,2257.0,3,2,0,0,0,3,0,3,4,0,2,3,,N,,,,,,,,,,,
2011000899,1958.0,2,0,0,0,0,0,0,0,0,4,0,,67,11,2010,4,39.9573,-75.1523,1955.0,6,0,0,0,0,0,1,0,0,,0,0,0,19.0,3,1,5,,0,39 57:26.075,,2,75 09:08.042,4,0,0,0,67301,0,0,0,N,0,0,0,2,67301,1,,1,1,,N,N,,0,,0,0,0,3,2,,1955.0,1,2,0,0,0,0,0,3,4,0,2,3,,N,,,,,,,,,,,
2011000941,1623.0,2,0,0,0,0,0,0,0,0,1,0,,67,12,2010,7,40.1063,-74.9947,1618.0,6,0,0,0,0,0,2,0,0,2.0,0,0,0,16.0,1,4,7,,1,40 06:22.716,4.0,2,74 59:40.944,3,0,0,0,67301,0,0,0,N,0,0,0,5,67301,2,,1,1,,N,N,,0,,2,0,1,0,0,N,1618.0,4,3,0,0,0,0,0,3,4,0,3,3,,N,,,,,,,,,,,
2011000964,2100.0,2,0,0,0,0,0,1,0,0,5,1,,67,11,2010,5,40.0182,-75.173,2100.0,6,0,0,0,0,0,0,1,0,,0,0,0,20.0,3,3,0,,0,40 01:05.566,,0,75 10:22.770,4,0,0,0,67301,0,0,0,N,0,0,0,4,67301,3,,1,9,,N,N,,0,,0,0,0,0,0,,2057.0,3,3,0,0,1,0,0,3,4,0,3,7,,N,,,,,,,,,,,
2011001001,2048.0,2,0,0,0,0,0,0,0,0,4,0,,67,12,2010,1,39.9281,-75.1688,2046.0,6,0,0,0,0,0,0,0,0,,0,0,0,20.0,3,2,1,,0,39 55:40.669,,0,75 10:07.811,4,0,0,0,67301,0,0,0,N,0,0,0,3,67301,2,,1,1,,N,N,,0,,0,0,0,3,2,,2046.0,2,2,0,0,0,0,0,3,4,0,2,3,,N,,,,,,,,,,,
2011001034,315.0,0,0,0,0,0,0,0,0,0,4,0,,67,11,2010,7,40.0003,-75.0837,312.0,6,0,0,0,0,0,0,0,0,,0,0,0,3.0,3,3,1,,0,40 00:01.223,,2,75 05:01.689,4,0,0,0,67301,0,0,0,,0,0,0,3,67301,3,,1,1,,N,N,,0,,0,0,2,3,2,,309.0,3,2,0,0,0,0,0,3,4,0,2,3,,N,,,,,,,,,,,
2011001043,2358.0,2,0,0,0,0,0,0,0,0,1,0,,67,11,2010,3,40.0228,-75.159,2352.0,6,0,0,0,0,0,0,0,0,,0,0,0,23.0,3,2,5,,0,40 01:22.061,,0,75 09:32.460,8,0,0,0,67301,0,0,0,,0,0,0,3,67301,0,,1,9,,,,,0,,0,0,0,3,2,,2352.0,2,2,0,0,0,2,0,3,4,0,2,7,,N,,,,,,,,,,,
2011000912,2350.0,2,0,0,0,0,0,0,0,0,1,0,,67,11,2010,1,39.9587,-75.152,2348.0,6,0,0,0,0,1,0,0,0,,0,0,0,23.0,3,1,1,,0,39 57:31.327,,0,75 09:07.199,3,0,0,0,67301,0,0,0,,0,0,0,4,67301,0,,1,1,,,,,0,,1,0,0,3,3,,2311.0,1,2,0,0,0,0,0,3,4,0,2,3,,N,,,,,,,,,,,
2010081670,1110.0,2,0,0,0,0,0,0,0,0,4,0,,67,7,2010,6,39.9532,-75.17,1108.0,6,0,0,0,0,0,2,0,0,,0,0,0,11.0,1,2,1,,0,39 57:11.460,,0,75 10:12.185,8,0,0,0,67301,0,0,0,N,0,0,0,2,67301,0,,1,1,,N,N,,0,,0,0,0,3,2,,1108.0,2,2,0,0,0,2,0,3,4,0,2,3,,N,,,,,,,,,,,
2010069979,529.0,1,0,0,0,0,0,0,0,0,7,0,,67,6,2010,7,40.0206,-75.1554,520.0,6,0,0,0,0,0,0,0,0,2.0,0,0,0,5.0,1,1,0,,2,40 01:14.133,2.0,3,75 09:19.646,4,0,0,0,67301,0,0,0,N,0,0,0,1,67301,1,,2,1,,N,N,,0,,0,0,0,0,0,N,520.0,1,1,0,0,0,0,0,3,4,0,1,3,,N,,,,,,,,,,,
2010069997,1025.0,0,0,0,1,0,0,0,0,0,4,0,,67,6,2010,3,40.093,-75.0316,1025.0,6,0,0,0,0,0,1,0,0,,0,0,0,10.0,1,1,0,,0,40 05:34.823,,0,75 01:53.891,8,0,0,0,67301,1,0,0,N,0,0,0,2,67301,0,,5,1,,N,N,,0,,0,0,0,0,0,,1025.0,1,2,0,0,0,1,0,3,4,1,1,3,,N,,,,,,,,,,,