CRN,ARRIVAL_TM,AUTOMOBILE_COUNT,BELTED_DEATH_COUNT,BELTED_SUSP_SERIOUS_INJ_COUNT,BICYCLE_COUNT,BICYCLE_DEATH_COUNT,BICYCLE_SUSP_SERIOUS_INJ_COUNT,BUS_COUNT,CHLDPAS_DEATH_COUNT,CHLDPAS_SUSP_SERIOUS_INJ_COUNT,COLLISION_TYPE,COMM_VEH_COUNT,CONS_ZONE_SPD_LIM,COUNTY,CRASH_MONTH,CRASH_YEAR,DAY_OF_WEEK,DEC_LAT,DEC_LONG,DISPATCH_TM,DISTRICT,DRIVER_COUNT_16YR,DRIVER_COUNT_17YR,DRIVER_COUNT_18YR,DRIVER_COUNT_19YR,DRIVER_COUNT_20YR,DRIVER_COUNT_50_64YR,DRIVER_COUNT_65_74YR,DRIVER_COUNT_75PLUS,EST_HRS_CLOSED,FATAL_COUNT,HEAVY_TRUCK_COUNT,HORSE_BUGGY_COUNT,HOUR_OF_DAY,ILLUMINATION,INJURY_COUNT,INTERSECT_TYPE,INTERSECTION_RELATED,LANE_CLOSED,LATITUDE,LN_CLOSE_DIR,LOCATION_TYPE,LONGITUDE,MAX_SEVERITY_LEVEL,MCYCLE_DEATH_COUNT,MCYCLE_SUSP_SERIOUS_INJ_COUNT,MOTORCYCLE_COUNT,MUNICIPALITY,NONMOTR_COUNT,NONMOTR_DEATH_COUNT,NONMOTR_SUSP_SERIOUS_INJ_COUNT,NTFY_HIWY_MAINT,PED_COUNT,PED_DEATH_COUNT,PED_SUSP_SERIOUS_INJ_COUNT,PERSON_COUNT,POLICE_AGCY,POSSIBLE_INJ_COUNT,RDWY_SURF_TYPE_CD,RELATION_TO_ROAD,ROAD_CONDITION,ROADWAY_CLEARED,SCH_BUS_IND,SCH_ZONE_IND,SECONDARY_CRASH,SMALL_TRUCK_COUNT,SPEC_JURIS_CD,SUSP_MINOR_INJ_COUNT,SUSP_SERIOUS_INJ_COUNT,SUV_COUNT,TCD_FUNC_CD,TCD_TYPE,TFC_DETOUR_IND,TIME_OF_DAY,TOT_INJ_COUNT,TOTAL_UNITS,UNB_DEATH_COUNT,UNB_SUSP_SERIOUS_INJ_COUNT,UNBELTED_OCC_COUNT,UNK_INJ_DEG_COUNT,UNK_INJ_PER_COUNT,URBAN_AREA,URBAN_RURAL,VAN_COUNT,VEHICLE_COUNT,WEATHER1,WEATHER2,WORK_ZONE_IND,WORK_ZONE_LOC,WORK_ZONE_TYPE,WORKERS_PRES,WZ_CLOSE_DETOUR,WZ_FLAGGER,WZ_LAW_OFFCR_IND,WZ_LN_CLOSURE,WZ_MOVING,WZ_OTHER,WZ_SHLDER_MDN,WZ_WORKERS_INJ_KILLED
2010076716,1413.0,1,0,0,0,0,0,0,0,0,4,0,,67,8,2010,4,39.9061,-75.134,1413.0,6,0,0,0,0,0,0,1,0,1.0,0,0,0,14.0,1,1,0,,2,39 54:21.881,4.0,0,75 08:02.543,3,0,0,1,67301,0,0,0,N,0,0,0,2,67501,0,,1,1,,N,N,,0,,1,0,0,0,0,N,1413.0,1,2,0,0,0,0,0,3,4,0,2,3,,N,,,,,,,,,,,
2010069412,2023.0,2,0,0,0,0,0,0,0,0,2,0,,67,7,2010,7,40.0025,-75.2236,2020.0,6,0,0,0,0,0,0,0,1,2.0,0,0,0,20.0,1,3,2,,1,40 00:09.262,2.0,7,75 13:25.031,8,0,0,0,67301,0,0,0,N,0,0,0,4,46104,0,,1,1,,N,N,,0,,0,0,0,3,2,N,2020.0,3,2,0,0,0,3,0,3,4,0,2,3,,N,,,,,,,,,,,
2010067012,800.0,1,0,0,0,0,0,0,0,0,8,0,,67,6,2010,2,39.9336,-75.1828,755.0,6,0,0,0,0,0,0,0,0,,0,0,0,7.0,1,1,1,,0,39 56:00.960,,0,75 10:58.119,4,0,0,0,67301,1,0,0,N,1,0,0,2,67301,1,,1,1,,N,N,,0,,0,0,0,3,3,,755.0,1,2,0,0,0,0,0,3,4,0,1,3,,N,,,,,,,,,,,
2010074581,18.0,2,0,0,0,0,0,0,0,0,4,0,,67,6,2010,3,39.9703,-75.1245,18.0,6,0,0,0,0,0,0,0,0,,0,0,0,23.0,3,0,1,,0,39 58:15.096,,0,75 07:25.112,0,0,0,0,67301,0,0,0,N,0,0,0,3,67301,0,,1,1,,N,N,,0,,0,0,0,3,2,,2339.0,0,2,0,0,0,0,0,3,4,0,2,3,,N,,,,,,,,,,,
2010074595,1708.0,1,0,0,0,0,0,0,0,0,8,0,,67,6,2010,3,39.9507,-75.2371,1701.0,6,0,0,0,0,0,0,0,0,,0,0,0,17.0,1,1,1,,0,39 57:02.523,,0,75 14:13.545,4,0,0,0,67301,1,0,0,N,1,0,0,2,67301,1,,1,1,,N,N,,0,,0,0,0,0,0,,1701.0,1,2,0,0,0,0,0,3,4,0,1,3,,N,,,,,,,,,,,
2010027899,1820.0,1,0,0,0,0,0,0,0,0,5,0,,67,2,2010,5,39.9253,-75.1694,1816.0,6,0,0,0,0,0,0,0,0,,0,0,0,18.0,3,1,0,,0,39 55:30.876,,0,75 10:09.919,8,0,0,0,67301,1,0,0,N,1,0,0,2,67301,0,,1,1,,N,N,,0,,0,0,0,0,0,,1816.0,1,2,0,0,0,1,0,3,4,0,1,3,,N,,,,,,,,,,,
2010028149,2143.0,1,0,0,0,0,0,0,0,0,8,0,,67,3,2010,3,39.9534,-75.1547,2139.0,6,0,0,0,0,0,0,0,0,,0,0,0,21.0,3,1,1,,0,39 57:12.074,,0,75 09:16.973,4,0,0,0,67301,1,0,0,N,1,0,0,2,67301,1,,4,9,,N,N,,0,,0,0,0,0,0,,2139.0,1,2,0,0,0,0,0,3,4,0,1,7,,N,,,,,,,,,,,
2010028262,9.0,1,0,0,0,0,0,0,0,0,1,0,,67,2,2010,7,40.0284,-75.1536,9.0,6,0,0,0,0,0,1,0,0,,0,0,0,23.0,3,7,1,,0,40 01:42.391,,0,75 09:12.945,4,0,0,0,67301,0,0,0,N,0,0,0,9,67301,7,,1,1,,N,N,,1,,0,0,0,3,2,,2301.0,7,2,0,0,0,0,1,3,4,0,2,3,,N,,,,,,,,,,,
2010028316,1532.0,1,0,0,0,0,0,0,0,0,8,0,,67,2,2010,7,39.9595,-75.162,1529.0,6,0,0,0,0,0,0,0,0,,0,0,0,14.0,1,1,1,,0,39 57:34.089,,0,75 09:43.114,8,0,0,0,67301,1,0,0,N,1,0,0,2,67301,0,,1,1,,N,N,,0,,0,0,0,3,2,,1455.0,1,2,0,0,0,1,0,3,4,0,1,3,,N,,,,,,,,,,,
2010028343,951.0,1,0,0,0,0,0,0,0,0,4,0,,67,2,2010,7,40.0115,-75.0698,951.0,6,0,0,0,0,0,1,0,1,,0,0,0,9.0,1,0,1,,0,40 00:41.506,,0,75 04:11.278,0,0,0,0,67301,0,0,0,N,0,0,0,5,67301,0,,1,9,,N,N,,1,,0,0,0,3,2,,950.0,0,3,0,0,1,0,0,3,4,1,3,10,,N,,,,,,,,,,,
2010028368,930.0,1,0,0,0,0,0,0,0,0,8,0,,67,2,2010,1,40.0264,-75.1377,926.0,6,0,0,0,0,0,0,0,0,,0,0,0,9.0,1,1,1,,0,40 01:35.101,,0,75 08:15.889,4,0,0,0,67301,1,0,0,N,1,0,0,2,67301,1,,1,1,,N,N,,0,,0,0,0,0,0,,920.0,1,2,0,0,0,0,1,3,4,0,1,3,,N,,,,,,,,,,,
2010028520,1735.0,2,0,0,0,0,0,0,0,0,6,0,,67,1,2010,7,40.0262,-75.1216,1731.0,6,0,0,0,0,1,0,0,0,,0,0,0,15.0,1,0,5,,0,40 01:34.076,,0,75 07:18.694,9,0,0,0,67301,0,0,0,N,0,0,0,3,67301,0,,1,7,,N,N,,0,,0,0,1,3,2,,1545.0,0,3,0,0,0,0,1,3,4,0,3,10,,N,,,,,,,,,,,
2010018030,1510.0,1,0,0,0,0,0,0,0,0,7,0,,67,1,2010,1,39.9874,-75.1998,1504.0,6,0,0,0,0,0,0,0,0,,0,0,0,99.0,1,1,0,,0,39 59:14.173,,0,75 11:59.725,4,0,0,0,67301,0,0,0,N,0,0,0,1,67301,1,,3,1,,N,N,,0,,0,0,0,0,0,,9999.0,1,1,0,0,0,0,0,3,4,0,1,3,,N,,,,,,,,,,,
2010028550,1803.0,1,0,0,0,0,0,0,0,0,8,0,,67,1,2010,4,40.0028,-75.1378,1803.0,6,0,0,0,0,0,1,0,0,1.0,0,0,0,17.0,3,2,5,,2,40 00:09.954,3.0,0,75 08:16.245,8,0,0,0,67301,2,0,0,N,2,0,0,3,67301,0,,1,1,,N,N,,0,,0,0,0,3,2,Y,1757.0,2,3,0,0,0,2,0,3,4,0,1,3,,N,,,,,,,,,,,
2010018040,505.0,1,0,0,0,0,0,0,0,0,1,0,,67,1,2010,7,40.0546,-75.01,500.0,6,0,0,0,1,0,0,0,0,,0,0,0,4.0,3,2,2,,0,40 03:16.528,,0,75 00:36.317,8,0,0,0,67301,0,0,0,N,0,0,0,2,67301,0,,1,1,,N,N,,0,,0,0,1,3,2,,450.0,2,2,0,0,0,2,0,3,4,0,2,3,,N,,,,,,,,,,,
2010088983,1806.0,2,0,0,0,0,0,0,0,0,6,0,,67,8,2010,2,39.9756,-75.1919,1800.0,6,0,0,0,0,0,0,1,0,2.0,0,0,0,17.0,4,2,2,,1,39 58:31.946,1.0,7,75 11:30.568,4,0,0,0,67301,0,0,0,N,0,0,0,5,67301,2,,7,1,,N,N,,0,,0,0,1,3,3,N,1755.0,2,3,0,0,0,0,0,3,4,0,3,3,,N,,,,,,,,,,,
2011010613,1205.0,1,0,0,0,0,0,0,0,0,7,0,,67,12,2010,3,39.9101,-75.232,1151.0,6,0,0,0,0,0,0,0,1,,0,0,0,11.0,1,1,0,,0,39 54:36.315,,0,75 13:55.374,3,0,0,0,67301,0,0,0,N,0,0,0,1,67301,0,,3,2,,N,N,,0,,1,0,0,0,0,,1115.0,1,1,0,0,1,0,0,3,4,0,1,10,,N,,,,,,,,,,,
2011010007,1020.0,1,0,0,0,0,0,0,0,0,4,0,,67,12,2010,6,40.0625,-74.987,1016.0,6,0,0,0,0,1,0,0,0,,0,0,0,10.0,1,1,1,,0,40 03:44.832,,0,74 59:13.249,4,0,0,0,67301,0,0,0,N,0,0,0,5,67301,1,,1,1,,N,N,,0,,0,0,1,3,2,,1006.0,1,2,0,0,0,0,0,3,4,0,2,3,,N,,,,,,,,,,,
2011008262,1747.0,1,0,0,0,0,0,0,0,0,5,0,,67,12,2010,4,39.9866,-75.1715,1741.0,6,0,0,0,0,0,0,0,0,9.0,0,0,0,17.0,3,1,0,,1,39 59:11.860,6.0,0,75 10:17.500,8,0,0,0,67301,1,0,0,,0,0,0,2,67301,0,,6,1,,,,,0,,0,0,1,0,0,N,1735.0,1,3,0,0,0,1,0,3,4,1,3,3,,N,,,,,,,,,,,
2011000555,2336.0,2,0,0,0,0,0,0,0,0,1,0,,67,12,2010,2,39.9579,-75.1621,2329.0,6,0,0,0,0,0,0,0,0,1.0,0,0,0,23.0,3,3,0,,2,39 57:28.463,4.0,0,75 09:43.602,2,0,0,0,67301,0,0,0,N,0,0,0,3,68K01,1,,1,1,,N,N,,0,,0,1,1,0,0,N,2320.0,3,3,0,1,1,1,0,3,4,0,3,3,,N,,,,,,,,,,,
2011000560,1135.0,1,0,0,0,0,0,0,0,0,1,0,,67,12,2010,4,39.9798,-75.2048,1135.0,6,0,0,0,0,0,1,0,0,,0,0,0,11.0,1,0,0,,0,39 58:49.846,,0,75 12:21.103,0,0,0,0,67301,0,0,0,N,0,0,0,3,68K01,0,,1,1,,N,N,,0,,0,0,2,0,0,,1133.0,0,3,0,0,0,0,0,3,4,0,3,3,,N,,,,,,,,,,,
2011026243,2207.0,1,0,0,0,0,0,0,0,0,6,0,,67,6,2010,4,39.9982,-75.1629,2200.0,6,0,0,0,0,0,0,0,0,,0,0,0,21.0,3,0,0,,0,39 59:53.545,,0,75 09:46.432,0,0,0,0,67301,0,0,0,N,0,0,0,1,67301,0,,6,1,,N,N,,2,,0,0,0,0,0,,2150.0,0,3,0,0,0,0,0,3,4,0,3,3,,N,,,,,,,,,,,
2011026316,16.0,2,0,0,0,0,0,0,0,0,1,0,,67,5,2010,1,39.9751,-75.195,13.0,6,0,0,0,0,0,0,0,0,,0,0,0,23.0,3,1,1,,0,39 58:30.781,,0,75 11:41.713,8,0,0,0,67301,0,0,0,N,0,0,0,3,67301,0,,1,1,,N,N,,0,,0,0,0,3,2,,2350.0,1,3,0,0,1,1,0,3,4,1,3,3,,N,,,,,,,,,,,
2011026220,855.0,2,0,0,0,0,0,0,0,0,1,0,,67,5,2010,6,39.9461,-75.1985,844.0,6,0,0,0,0,0,0,0,0,,0,0,0,18.0,1,1,1,,0,39 56:45.926,,0,75 11:54.625,4,0,0,0,67301,0,0,0,N,0,0,0,2,67301,1,,1,98,,N,N,,0,,0,0,0,3,2,,1845.0,1,2,0,0,0,0,0,3,4,0,2,99,,N,,,,,,,,,,,
2011001719,1812.0,3,0,0,0,0,0,0,0,0,1,0,,67,11,2010,2,40.0623,-74.9872,1805.0,6,0,0,0,0,0,0,0,0,,0,0,0,17.0,3,0,0,,0,40 03:44.339,,0,74 59:14.058,0,0,0,0,67301,0,0,0,N,0,0,0,4,67301,0,,1,1,,N,,,0,,0,0,0,0,0,,1733.0,0,3,0,0,0,0,0,3,4,0,3,3,,N,,,,,,,,,,,
2011009161,905.0,1,0,0,0,0,0,0,0,0,1,0,,67,12,2010,2,40.0381,-75.0088,847.0,6,0,0,0,0,0,1,0,0,9.0,0,0,0,8.0,1,1,0,,1,40 02:17.005,1.0,7,75 00:32.438,4,0,0,0,67301,0,0,0,N,0,0,0,2,67301,1,,1,9,,N,N,,0,,0,0,1,0,0,Y,840.0,1,2,0,0,0,0,0,3,4,0,2,3,,N,,,,,,,,,,,
2011000855,910.0,1,0,0,0,0,0,0,0,0,8,0,,67,11,2010,1,39.9541,-75.1768,905.0,6,0,0,0,0,0,1,0,0,,0,0,0,9.0,1,1,0,,0,39 57:14.627,,0,75 10:36.648,3,0,0,0,67301,1,0,0,,1,0,0,2,67301,0,,1,1,,,,,0,,1,0,0,0,0,,905.0,1,2,0,0,1,0,0,3,4,0,1,3,,N,,,,,,,,,,,
2011025707,223.0,1,0,0,0,0,0,0,0,0,7,0,,67,5,2010,4,40.0323,-75.1077,213.0,6,0,0,0,0,0,0,0,0,3.0,0,0,0,99.0,3,1,0,,1,40 01:56.190,1.0,0,75 06:27.810,4,0,0,0,67301,0,0,0,,0,0,0,1,67301,1,,5,1,,,,,0,,0,0,0,0,0,N,9999.0,1,1,0,0,0,0,0,3,4,0,1,3,,N,,,,,,,,,,,
2011025765,1645.0,2,0,0,0,0,0,0,0,0,5,0,,67,6,2010,3,40.0597,-75.018,1645.0,6,0,0,0,0,0,0,0,0,,0,0,0,16.0,1,0,0,,0,40 03:34.743,,0,75 01:04.622,0,0,0,0,67301,0,0,0,N,0,0,0,1,67301,0,,2,1,,N,N,,1,,0,0,0,0,0,,1634.0,0,3,0,0,0,0,0,3,4,0,3,3,,N,,,,,,,,,,,
2011023401,0.0,2,0,0,0,0,0,0,0,0,4,0,,67,5,2010,4,40.0793,-75.1762,0.0,6,0,0,0,0,0,1,0,0,,0,0,0,18.0,4,1,1,,0,40 04:45.379,,0,75 10:34.208,8,0,0,0,67301,0,0,0,,0,0,0,2,00000,0,,1,1,,,,,0,,0,0,0,3,3,,1800.0,1,2,0,0,0,1,0,3,4,0,2,3,,N,,,,,,,,,,,
2011001050,1751.0,1,0,0,0,0,0,0,0,0,8,0,,67,11,2010,4,40.0416,-75.0677,1747.0,6,0,0,0,0,0,0,0,0,,0,0,0,17.0,3,1,2,,0,40 02:29.918,,0,75 04:03.565,4,0,0,0,67301,1,0,0,N,1,0,0,2,67301,1,,1,1,,N,N,,0,,0,0,0,3,3,,1747.0,1,2,0,0,0,0,0,3,4,0,1,3,,N,,,,,,,,,,,
2011013162,9999.0,1,0,0,0,0,0,0,0,0,3,0,,67,11,2010,5,40.0292,-75.1321,2111.0,6,0,0,0,0,0,1,0,0,2.0,0,0,0,21.0,3,2,0,,2,40 01:44.972,5.0,0,75 07:55.610,3,0,0,0,67301,0,0,0,N,0,0,0,2,67301,0,,1,1,,N,N,,0,,2,0,1,0,0,Y,2110.0,2,2,0,0,0,0,0,3,4,0,2,3,,N,,,,,,,,,,,
2011008486,100.0,1,0,0,0,0,0,0,0,0,3,0,,67,12,2010,1,40.0014,-75.1145,58.0,6,0,0,0,1,0,0,0,0,,0,0,0,0.0,3,3,1,,0,40 00:04.993,,0,75 06:52.034,4,0,0,0,67301,0,0,0,N,0,0,0,11,67301,2,,1,9,,N,N,,0,,0,0,1,3,2,,20.0,3,3,0,0,0,1,1,3,4,1,3,7,,N,,,,,,,,,,,
2011013294,440.0,2,0,0,0,0,0,0,0,0,1,0,,67,12,2010,4,39.8993,-75.1655,426.0,6,0,0,0,0,0,1,0,0,2.0,0,0,0,4.0,3,0,0,,1,39 54:00.675,1.0,0,75 09:29.316,0,0,0,0,67301,0,0,0,N,0,0,0,3,68K01,0,,1,1,,N,N,,0,,0,0,1,0,0,N,422.0,0,3,0,0,0,0,0,3,4,0,3,3,,N,,,,,,,,,,,
2011000998,120.0,2,0,0,0,0,0,0,0,0,2,0,,67,12,2010,7,40.0316,-75.1622,117.0,6,0,0,0,0,0,0,0,0,,0,0,0,1.0,3,1,0,,0,40 01:53.601,,0,75 09:44.042,8,0,0,0,67301,0,0,0,N,0,0,0,2,67301,0,,1,1,,N,N,,0,,0,0,0,0,0,,111.0,1,2,0,0,0,1,1,3,4,0,2,3,,N,,,,,,,,,,,
2011001029,5.0,0,0,0,0,0,0,0,0,0,8,0,,67,11,2010,1,40.0417,-75.1796,5.0,6,0,0,0,0,0,0,0,0,,0,0,0,0.0,3,1,2,,0,40 02:29.986,,0,75 10:46.642,4,0,0,0,67301,1,0,0,N,1,0,0,2,67301,1,,1,1,,N,N,,0,,0,0,1,3,3,,0.0,1,2,0,0,0,0,0,3,4,0,1,3,,N,,,,,,,,,,,
2010067087,603.0,1,0,0,0,0,0,0,0,0,7,0,,67,6,2010,7,40.0069,-75.1206,301.0,6,0,0,0,0,0,1,0,0,,0,0,0,99.0,3,1,0,,0,40 00:24.664,,0,75 07:14.194,8,0,0,0,67301,0,0,0,,0,0,0,2,67301,0,,3,1,,,,,0,,0,0,0,0,0,,9999.0,1,2,0,0,1,1,1,3,4,1,2,3,,N,,,,,,,,,,,
2010067093,2325.0,3,0,0,0,0,0,0,0,0,5,0,,67,5,2010,5,40.0065,-75.1846,2321.0,6,0,0,0,0,0,1,0,0,,0,0,0,99.0,3,1,0,,0,40 00:23.545,,0,75 11:04.531,8,0,0,0,67301,0,0,0,,0,0,0,1,67301,0,,1,1,,,,,0,,0,0,0,0,0,,9999.0,1,3,0,0,1,1,0,3,4,0,3,3,,N,,,,,,,,,,,
2010069592,838.0,2,0,0,0,0,0,0,0,0,1,0,,67,6,2010,6,39.958,-75.2094,834.0,6,0,0,0,0,0,1,0,0,1.0,0,0,0,8.0,1,2,1,,1,39 57:28.921,3.0,0,75 12:33.892,8,0,0,0,67301,0,0,0,N,0,0,0,2,67301,0,,1,1,,N,N,,0,,0,0,0,3,2,N,834.0,2,2,0,0,1,2,0,3,4,0,2,3,,N,,,,,,,,,,,
2010069639,1513.0,1,0,0,0,0,0,0,0,0,5,0,,67,6,2010,2,39.9878,-75.1504,1510.0,6,0,0,0,0,0,0,0,0,,0,0,0,14.0,1,0,0,,0,39 59:16.171,,0,75 09:01.535,9,0,0,0,67301,0,0,0,,0,0,0,2,67301,0,,1,1,,N,N,,1,,0,0,0,0,0,,1440.0,0,2,0,0,0,0,1,3,4,0,2,3,,N,,,,,,,,,,,
2010084549,713.0,3,0,0,0,0,0,0,0,0,4,0,,67,7,2010,7,39.9181,-75.171,708.0,6,0,0,0,0,0,0,0,0,,0,0,0,7.0,1,0,1,,0,39 55:05.284,,0,75 10:15.516,0,0,0,0,67301,0,0,0,N,0,0,0,3,67301,0,,1,1,,N,N,,0,,0,0,1,3,2,,700.0,0,4,0,0,3,0,0,3,4,0,4,3,,N,,,,,,,,,,,
2010074555,1645.0,0,0,0,1,0,0,0,0,0,4,0,,67,7,2010,2,39.9948,-75.105,9999.0,6,0,0,0,0,0,0,0,0,,0,0,0,99.0,8,1,1,,0,39 59:41.391,,0,75 06:17.899,3,0,0,0,67301,1,0,0,,0,0,0,2,67301,0,,1,98,,,,,0,,1,0,1,0,0,,9999.0,1,2,0,0,0,0,0,3,4,0,1,99,,N,,,,,,,,,,,
2010074566,1435.0,2,0,0,0,0,0,0,0,0,1,1,,67,7,2010,3,40.054,-75.0491,1426.0,6,0,0,0,2,0,0,0,0,2.0,0,1,0,14.0,1,1,0,,2,40 03:14.578,1.0,0,75 02:56.708,4,0,0,0,67301,0,0,0,N,0,0,0,5,67301,1,,1,1,,N,N,,0,,0,0,0,3,2,Y,1420.0,1,3,0,0,0,0,0,3,4,0,3,3,,N,,,,,,,,,,,
2010074599,1657.0,1,0,0,0,0,0,0,0,0,4,0,,67,7,2010,7,40.0182,-75.1326,1650.0,6,0,0,0,1,0,0,0,0,,0,0,0,14.0,1,1,0,,0,40 01:05.484,,0,75 07:57.363,4,0,0,1,67301,0,0,0,N,0,0,0,3,67301,1,,1,1,,N,N,,0,,0,0,0,0,0,,1423.0,1,2,0,0,2,0,0,3,4,0,2,3,,N,,,,,,,,,,,
2010074600,2010.0,0,0,0,1,0,0,0,0,0,4,0,,67,7,2010,7,39.9432,-75.1618,1958.0,6,0,0,0,0,0,0,0,0,,0,0,0,19.0,1,1,1,,0,39 56:35.469,,0,75 09:42.407,3,0,0,0,67301,1,0,0,N,0,0,0,2,67301,0,,1,1,,N,N,,0,,1,0,1,3,2,,1958.0,1,2,0,0,0,0,0,3,4,0,1,3,,N,,,,,,,,,,,
2010058984,2340.0,1,0,0,0,0,0,0,0,0,1,0,,67,5,2010,6,40.0256,-75.1223,2339.0,6,0,0,0,0,0,0,0,0,1.0,0,0,0,23.0,3,0,1,,1,40 01:32.331,3.0,0,75 07:20.187,0,0,0,0,67301,0,0,0,,0,0,0,4,67301,0,,1,1,,,,,1,,0,0,0,3,2,N,2339.0,0,2,0,0,0,0,0,3,4,0,2,3,,N,,,,,,,,,,,
2010030599,1451.0,2,0,0,0,0,0,0,0,0,1,0,,67,3,2010,4,39.9579,-75.1628,1446.0,6,0,0,0,0,1,1,0,0,1.0,0,0,0,14.0,1,1,0,,2,39 57:28.471,3.0,0,75 09:46.219,4,0,0,0,67301,0,0,0,N,0,0,0,2,68K01,1,,1,1,,N,N,,0,,0,0,0,0,0,N,1443.0,1,2,0,0,0,0,0,3,4,0,2,3,,N,,,,,,,,,,,
2010027943,722.0,1,0,0,0,0,0,0,0,0,4,0,,67,2,2010,6,40.097,-75.0213,715.0,6,0,0,0,0,0,1,0,0,,0,0,0,7.0,1,0,0,,0,40 05:49.106,,7,75 01:16.543,9,0,0,0,67301,0,0,0,N,0,0,0,3,67301,0,,1,1,,N,N,,1,,0,0,0,0,0,,710.0,0,2,0,0,0,0,3,3,4,0,2,3,,N,,,,,,,,,,,
2010028374,2105.0,2,0,0,0,0,0,0,0,0,5,0,,67,2,2010,2,40.0076,-75.1277,2056.0,6,0,0,0,0,0,0,0,0,,0,0,0,20.0,4,1,0,,0,40 00:27.337,,7,75 07:39.643,4,0,0,0,67301,0,0,0,N,0,0,0,2,67301,1,,3,1,,N,N,,0,,0,0,0,0,0,,2056.0,1,2,0,0,0,0,0,3,4,0,2,3,,N,,,,,,,,,,,
2010028375,1608.0,1,0,0,0,0,0,0,0,0,8,0,,67,2,2010,5,40.0006,-75.1059,1600.0,6,0,0,0,0,0,0,0,0,,0,0,0,99.0,1,1,0,,0,40 00:02.142,,0,75 06:21.337,8,0,0,0,67301,1,0,0,N,1,0,0,2,67301,0,,1,9,,N,N,,0,,0,0,0,0,0,,9999.0,1,2,0,0,0,1,0,3,4,0,1,10,,N,,,,,,,,,,,
2010036396,1249.0,1,0,0,0,0,0,0,0,0,7,0,,67,3,2010,2,40.0382,-75.0108,1241.0,6,0,0,1,0,0,0,0,0,,0,0,0,12.0,1,1,0,,0,40 02:17.777,,0,75 00:38.346,4,0,0,0,67301,0,0,0,N,0,0,0,1,68K01,1,,2,9,,N,N,,0,,0,0,0,0,0,,1235.0,1,1,0,0,0,0,0,3,4,0,1,7,,N,,,,,,,,,,,
2010036397,5.0,1,0,0,0,0,0,0,0,0,5,0,,67,3,2010,1,39.9943,-75.084,2356.0,6,0,0,0,0,0,1,0,0,,0,0,0,23.0,3,0,0,,0,39 59:39.931,,0,75 05:02.196,9,0,0,0,67301,0,0,0,N,0,0,0,2,68K01,0,,1,9,,N,N,,0,,0,0,0,0,0,,2345.0,0,2,0,0,0,0,1,3,4,0,2,7,,N,,,,,,,,,,,
2010028407,1257.0,1,0,0,0,0,0,0,0,0,5,0,,67,2,2010,6,39.9277,-75.2312,1257.0,6,0,0,0,0,0,0,0,0,,0,0,0,11.0,1,1,0,,0,39 55:39.792,,0,75 13:52.492,8,0,0,0,67301,0,0,0,,0,0,0,4,67301,0,,1,7,,,,,0,,0,0,0,0,0,,1114.0,1,2,0,0,0,1,0,3,4,0,2,3,,N,,,,,,,,,,,
2010028408,1300.0,1,0,0,0,0,0,0,0,0,7,0,,67,2,2010,4,39.8927,-75.2356,1254.0,6,0,0,0,0,0,1,0,0,,0,0,0,12.0,1,0,0,,0,39 53:33.509,,0,75 14:08.242,0,0,0,0,67301,0,0,0,Y,0,0,0,1,67301,0,,3,6,,N,N,,0,,0,0,0,0,0,,1249.0,0,1,0,0,0,0,0,3,4,0,1,10,,N,,,,,,,,,,,
2010018047,917.0,2,0,0,0,0,0,0,0,0,4,0,,67,1,2010,6,39.9578,-75.1472,915.0,6,0,0,0,0,0,0,0,0,,0,0,0,9.0,1,2,1,,0,39 57:28.162,,0,75 08:50.070,4,0,0,0,67301,0,0,0,N,0,0,0,4,67301,2,,1,1,,N,N,,0,,0,0,0,3,2,,915.0,2,2,0,0,0,0,0,3,4,0,2,3,,N,,,,,,,,,,,
2011010020,243.0,1,0,0,0,0,0,0,0,0,2,0,,67,12,2010,4,40.0643,-75.2396,242.0,6,0,0,0,0,0,0,0,0,,0,0,0,2.0,3,0,0,,0,40 03:53.875,,0,75 14:23.146,0,0,0,0,67301,0,0,0,,0,0,0,3,67301,0,,1,1,,,,,1,,0,0,0,0,0,,240.0,0,2,0,0,0,0,0,3,4,0,2,3,,N,,,,,,,,,,,
2011076068,1037.0,1,0,0,0,0,0,0,0,0,5,1,,67,4,2010,5,39.9555,-75.238,1028.0,6,0,0,0,0,1,0,0,0,,0,1,0,10.0,1,4,0,,0,39 57:19.638,,99,75 14:16.972,4,0,0,0,67301,3,0,0,N,0,0,0,6,67301,3,,1,1,,N,N,,1,,0,0,0,0,0,,1025.0,4,4,0,0,0,1,0,3,4,1,4,3,,N,,,,,,,,,,,
2011026246,1543.0,1,0,0,1,0,0,0,0,0,4,0,,67,5,2010,1,39.9716,-75.2386,1540.0,6,0,0,0,0,0,0,0,0,,0,0,0,15.0,1,1,1,,0,39 58:17.734,,0,75 14:18.913,4,0,0,0,67301,1,0,0,N,0,0,0,2,67301,1,,1,1,,N,N,,0,,0,0,0,3,3,,1538.0,1,2,0,0,0,0,0,3,4,0,1,3,,N,,,,,,,,,,,
2011026234,1645.0,0,0,0,0,0,0,0,0,0,8,0,,67,5,2010,7,39.9884,-75.0959,1640.0,6,0,0,0,0,0,1,0,0,,0,0,0,12.0,1,1,1,,0,39 59:18.355,,0,75 05:45.319,8,0,0,0,67301,1,0,0,,1,0,0,2,67301,0,,1,1,,,,,1,,0,0,0,1,3,,1230.0,1,2,0,0,0,1,0,3,4,0,1,3,,N,,,,,,,,,,,