CRN,ARRIVAL_TM,AUTOMOBILE_COUNT,BELTED_DEATH_COUNT,BELTED_SUSP_SERIOUS_INJ_COUNT,BICYCLE_COUNT,BICYCLE_DEATH_COUNT,BICYCLE_SUSP_SERIOUS_INJ_COUNT,BUS_COUNT,CHLDPAS_DEATH_COUNT,CHLDPAS_SUSP_SERIOUS_INJ_COUNT,COLLISION_TYPE,COMM_VEH_COUNT,CONS_ZONE_SPD_LIM,COUNTY,CRASH_MONTH,CRASH_YEAR,DAY_OF_WEEK,DEC_LAT,DEC_LONG,DISPATCH_TM,DISTRICT,DRIVER_COUNT_16YR,DRIVER_COUNT_17YR,DRIVER_COUNT_18YR,DRIVER_COUNT_19YR,DRIVER_COUNT_20YR,DRIVER_COUNT_50_64YR,DRIVER_COUNT_65_74YR,DRIVER_COUNT_75PLUS,EST_HRS_CLOSED,FATAL_COUNT,HEAVY_TRUCK_COUNT,HORSE_BUGGY_COUNT,HOUR_OF_DAY,ILLUMINATION,INJURY_COUNT,INTERSECT_TYPE,INTERSECTION_RELATED,LANE_CLOSED,LATITUDE,LN_CLOSE_DIR,LOCATION_TYPE,LONGITUDE,MAX_SEVERITY_LEVEL,MCYCLE_DEATH_COUNT,MCYCLE_SUSP_SERIOUS_INJ_COUNT,MOTORCYCLE_COUNT,MUNICIPALITY,NONMOTR_COUNT,NONMOTR_DEATH_COUNT,NONMOTR_SUSP_SERIOUS_INJ_COUNT,NTFY_HIWY_MAINT,PED_COUNT,PED_DEATH_COUNT,PED_SUSP_SERIOUS_INJ_COUNT,PERSON_COUNT,POLICE_AGCY,POSSIBLE_INJ_COUNT,RDWY_SURF_TYPE_CD,RELATION_TO_ROAD,ROAD_CONDITION,ROADWAY_CLEARED,SCH_BUS_IND,SCH_ZONE_IND,SECONDARY_CRASH,SMALL_TRUCK_COUNT,SPEC_JURIS_CD,SUSP_MINOR_INJ_COUNT,SUSP_SERIOUS_INJ_COUNT,SUV_COUNT,TCD_FUNC_CD,TCD_TYPE,TFC_DETOUR_IND,TIME_OF_DAY,TOT_INJ_COUNT,TOTAL_UNITS,UNB_DEATH_COUNT,UNB_SUSP_SERIOUS_INJ_COUNT,UNBELTED_OCC_COUNT,UNK_INJ_DEG_COUNT,UNK_INJ_PER_COUNT,URBAN_AREA,URBAN_RURAL,VAN_COUNT,VEHICLE_COUNT,WEATHER1,WEATHER2,WORK_ZONE_IND,WORK_ZONE_LOC,WORK_ZONE_TYPE,WORKERS_PRES,WZ_CLOSE_DETOUR,WZ_FLAGGER,WZ_LAW_OFFCR_IND,WZ_LN_CLOSURE,WZ_MOVING,WZ_OTHER,WZ_SHLDER_MDN,WZ_WORKERS_INJ_KILLED
2011009836,1846.0,1,0,0,0,0,0,0,0,0,5,0,,67,12,2010,5,39.9728,-75.1701,1710.0,6,0,0,0,0,0,0,0,0,,0,1,0,17.0,8,0,0,,0,39 58:22.196,,0,75 10:12.256,0,0,0,0,67301,0,0,0,,0,0,0,3,67301,0,,1,9,,,,,0,,0,0,0,0,0,,1706.0,0,2,0,0,0,0,0,3,4,0,2,3,,N,,,,,,,,,,,
2011000877,1023.0,1,0,0,0,0,0,0,0,0,1,0,,67,11,2010,5,40.0107,-75.1508,1022.0,6,0,0,0,0,0,1,0,0,,0,0,0,10.0,1,1,1,,0,40 00:38.544,,0,75 09:02.934,4,0,0,0,67301,0,0,0,,0,0,0,2,67301,1,,1,9,,,,,1,,0,0,0,3,2,,1015.0,1,2,0,0,0,0,0,3,4,0,2,7,,N,,,,,,,,,,,
2011000823,1040.0,2,0,0,0,0,0,0,0,0,1,0,,67,11,2010,6,40.0768,-75.2077,1035.0,6,0,0,0,0,0,0,1,0,,0,0,0,9.0,1,1,0,,0,40 04:35.519,,0,75 12:26.213,8,0,0,0,67301,0,0,0,N,0,0,0,7,67301,0,,1,1,,N,N,,0,,0,0,1,0,0,,939.0,1,3,0,0,0,1,1,3,4,0,3,3,,N,,,,,,,,,,,
2011025706,2052.0,1,0,0,0,0,0,0,0,0,8,0,,67,6,2010,3,40.0431,-75.0738,2050.0,6,0,0,0,0,0,0,0,0,,0,0,0,15.0,1,1,1,,0,40 02:35.284,,0,75 04:25.695,3,0,0,0,67301,1,0,0,,1,0,0,2,67301,0,,1,1,,N,N,,0,,1,0,0,3,2,,1500.0,1,2,0,0,0,0,0,3,4,0,1,3,,N,,,,,,,,,,,
2011025745,9999.0,1,0,0,0,0,0,0,0,0,2,0,,67,5,2010,3,39.9359,-75.2346,9999.0,6,0,0,0,0,0,1,0,0,,0,0,0,20.0,3,2,0,,0,39 56:09.365,,0,75 14:04.595,8,0,0,0,67301,0,0,0,N,0,0,0,2,67301,0,,1,9,,N,N,,0,,0,0,1,0,0,,2021.0,2,2,0,0,0,2,0,3,4,0,2,7,,N,,,,,,,,,,,
2011027968,1827.0,0,0,0,0,0,0,0,0,0,1,0,,67,6,2010,5,39.9722,-75.2329,1820.0,6,0,0,0,0,1,1,0,0,,0,0,0,18.0,1,0,1,,0,39 58:20.038,,0,75 13:58.382,0,0,0,0,67301,0,0,0,,0,0,0,2,67301,0,,1,1,,,,,0,,0,0,1,3,3,,1815.0,0,2,0,0,1,0,0,3,4,1,2,3,,N,,,,,,,,,,,
2011023408,0.0,1,0,0,0,0,0,0,0,0,4,0,,67,8,2010,2,39.92,-75.1653,0.0,6,0,0,0,0,0,0,0,0,,0,0,0,18.0,1,1,1,,0,39 55:11.938,,0,75 09:54.953,3,0,0,0,67301,0,0,0,N,0,0,0,2,00000,0,,1,1,,N,N,,0,,1,0,0,3,3,,1830.0,1,2,0,0,0,0,1,3,4,1,2,3,,N,,,,,,,,,,,
2011015986,1430.0,1,0,0,0,0,0,0,0,0,4,0,,67,12,2010,6,40.0512,-75.0661,1430.0,6,0,0,0,0,0,0,0,0,,0,0,0,22.0,3,1,1,,0,40 03:04.296,,0,75 03:58.096,4,0,0,0,67301,0,0,0,N,0,0,0,4,67301,1,,1,1,,N,N,,0,,0,0,1,3,1,,2235.0,1,2,0,0,0,0,1,3,4,0,2,3,,N,,,,,,,,,,,
2011015997,1220.0,2,0,0,0,0,0,0,0,0,4,0,,67,12,2010,2,39.94,-75.1662,1217.0,6,0,0,0,0,0,0,0,0,9.0,0,0,0,12.0,1,3,1,,2,39 56:24.070,2.0,0,75 09:58.832,4,0,0,0,67301,0,0,0,,0,0,0,3,67301,3,,1,1,,,,,0,,0,0,0,3,2,Y,1217.0,3,2,0,0,2,0,0,3,4,0,2,3,,N,,,,,,,,,,,
2011008499,210.0,1,0,0,0,0,0,0,0,0,0,0,,67,12,2010,5,40.0081,-75.0725,205.0,6,0,0,0,0,0,0,0,0,,0,0,0,2.0,3,0,1,,0,40 00:29.331,,0,75 04:20.880,9,0,0,0,67301,0,0,0,,0,0,0,1,67301,0,,4,1,,,,,0,,0,0,0,3,2,,205.0,0,1,0,0,0,0,1,3,4,0,1,3,,N,,,,,,,,,,,
2011013297,411.0,1,0,0,0,0,0,0,0,0,7,0,,67,12,2010,6,40.0458,-75.0001,407.0,6,0,0,0,0,0,0,0,0,,0,0,0,4.0,6,2,0,,0,40 02:44.790,,0,75 00:00.485,3,0,0,0,67301,0,0,0,N,0,0,0,2,68K01,1,,5,1,,N,N,,0,,1,0,0,0,0,,405.0,2,1,0,0,0,0,0,3,4,0,1,3,,N,,,,,,,,,,,
2011008537,1213.0,1,0,0,0,0,0,0,0,0,8,0,,67,12,2010,4,39.965,-75.2246,1210.0,6,0,0,0,0,0,0,0,0,,0,0,0,12.0,1,1,1,,0,39 57:53.673,,0,75 13:28.432,4,0,0,0,67301,1,0,0,,1,0,0,2,67301,1,,1,1,,,,,0,,0,0,0,3,2,,1205.0,1,2,0,0,0,0,0,3,4,0,1,3,,N,,,,,,,,,,,
2011000969,1416.0,2,0,0,0,0,0,0,0,0,2,0,,67,11,2010,3,40.0072,-75.1234,1414.0,6,0,0,0,0,1,0,0,0,,0,0,0,14.0,1,1,1,,0,40 00:25.981,,0,75 07:24.378,8,0,0,0,67301,0,0,0,N,0,0,0,2,67301,0,,1,1,,N,N,,0,,0,0,0,3,2,,1414.0,1,2,0,0,0,1,0,3,4,0,2,3,,N,,,,,,,,,,,
2011001011,9999.0,1,0,0,0,0,0,0,0,0,4,0,,67,11,2010,4,40.0344,-75.1727,9999.0,6,0,0,0,0,0,0,1,0,,0,0,0,16.0,4,1,1,,0,40 02:03.749,,0,75 10:21.859,4,0,0,0,67301,0,0,0,N,0,0,0,2,67301,1,,1,1,,N,N,,0,,0,0,1,3,2,,1659.0,1,2,0,0,0,0,1,3,4,0,2,3,,N,,,,,,,,,,,
2011001024,1107.0,2,0,0,0,0,0,0,0,0,5,0,,67,11,2010,4,40.0171,-75.1512,1106.0,6,0,0,0,0,0,0,0,0,,0,0,0,10.0,1,0,1,,0,40 01:01.667,,0,75 09:04.024,0,0,0,0,67301,0,0,0,N,0,0,0,2,67301,0,,4,1,,N,N,,0,,0,0,0,0,0,,1056.0,0,2,0,0,0,0,0,3,4,0,2,3,,N,,,,,,,,,,,
2010081793,1726.0,2,0,0,0,0,0,0,0,0,1,0,,67,7,2010,5,39.9876,-75.2525,1718.0,6,0,0,0,1,0,0,0,0,2.0,0,0,0,17.0,1,1,0,,2,39 59:15.318,6.0,0,75 15:09.041,4,0,0,0,67301,0,0,0,N,0,0,0,2,67301,1,,1,1,,N,N,,0,,0,0,1,0,0,Y,1700.0,1,3,0,0,0,0,0,3,4,0,3,3,,N,,,,,,,,,,,
2010069912,725.0,2,0,0,0,0,0,0,0,0,4,0,,67,6,2010,3,39.954,-75.1448,720.0,6,0,0,0,0,0,0,0,0,,0,0,0,7.0,1,0,1,,0,39 57:14.472,,0,75 08:41.402,0,0,0,0,67301,0,0,0,N,0,0,0,2,67301,0,,1,1,,N,N,,0,,0,0,0,3,2,,715.0,0,2,0,0,0,0,0,3,4,0,2,3,,N,,,,,,,,,,,
2010074520,105.0,1,0,0,0,0,0,0,0,0,2,0,,67,7,2010,6,39.94,-75.2138,102.0,6,0,0,0,0,0,1,0,0,,0,0,0,1.0,3,1,1,,0,39 56:23.917,,0,75 12:49.859,4,0,0,0,67301,0,0,0,N,0,0,0,2,67301,1,,1,1,,N,N,,0,,0,0,1,3,2,,105.0,1,2,0,0,0,0,0,3,4,0,2,3,,N,,,,,,,,,,,
2010071359,823.0,2,0,0,0,0,0,0,0,0,1,0,,67,7,2010,4,39.9897,-75.0875,815.0,6,0,0,0,0,0,0,0,0,,0,0,0,8.0,1,0,0,,0,39 59:22.538,,0,75 05:15.229,0,0,0,0,67301,0,0,0,N,0,0,0,2,68K01,0,,1,1,,N,N,,0,,0,0,0,0,0,,812.0,0,2,0,0,0,0,0,3,4,0,2,3,,N,,,,,,,,,,,
2010030325,1550.0,0,0,0,0,0,0,1,0,0,8,1,,67,2,2010,3,39.9801,-75.1658,1539.0,6,0,0,0,0,0,0,0,0,,0,0,0,99.0,1,1,0,,0,39 58:48.194,,0,75 09:56.743,4,0,0,0,67301,1,0,0,N,1,0,0,2,67301,1,,1,7,,N,N,,0,,0,0,0,0,0,,9999.0,1,2,0,0,0,0,0,3,4,0,1,10,,N,,,,,,,,,,,
2010019407,24.0,3,0,0,0,0,0,0,0,0,5,0,,67,1,2010,6,39.9634,-75.1977,11.0,6,0,0,0,0,1,0,0,0,2.0,0,0,0,0.0,3,0,0,,2,39 57:48.247,4.0,0,75 11:51.784,0,0,0,0,67301,0,0,0,N,0,0,0,1,67301,0,,1,9,,N,,,0,,0,0,0,0,0,Y,11.0,0,3,0,0,1,0,0,3,4,0,3,7,,N,,,,,,,,,,,
2010028219,1814.0,1,0,0,0,0,0,0,0,0,4,0,,67,2,2010,3,40.0016,-75.1157,1814.0,6,0,0,0,0,0,0,0,0,,0,0,0,18.0,3,1,2,,0,40 00:05.587,,0,75 06:56.696,4,0,0,0,67301,0,0,0,N,0,0,0,2,67301,1,,1,9,,N,N,,0,,0,0,0,3,3,,1800.0,1,2,0,0,0,0,0,3,4,1,2,10,,N,,,,,,,,,,,
2010027964,1905.0,0,0,0,0,0,0,0,0,0,8,0,,67,2,2010,6,39.9209,-75.1839,1858.0,6,0,0,0,0,0,1,0,0,,0,0,0,99.0,3,1,0,,0,39 55:15.099,,0,75 11:01.996,4,0,0,0,67301,1,0,0,N,1,0,0,2,67301,1,,1,9,,N,N,,0,,0,0,0,0,0,,9999.0,1,2,0,0,1,0,0,3,4,1,1,10,,N,,,,,,,,,,,
2010028074,1735.0,2,0,0,0,0,0,0,0,0,5,0,,67,2,2010,6,39.9863,-75.1561,1732.0,6,0,0,0,0,0,0,0,0,,0,0,0,17.0,3,1,1,,0,39 59:10.572,,0,75 09:22.129,8,0,0,0,67301,0,0,0,N,0,0,0,3,67301,0,,1,1,,N,N,,0,,0,0,0,3,2,,1732.0,1,2,0,0,1,1,2,3,4,0,2,3,,N,,,,,,,,,,,
2010028380,925.0,1,0,0,0,0,0,0,0,0,2,0,,67,2,2010,6,40.0256,-75.1817,925.0,6,0,0,0,0,0,1,0,0,,0,0,0,7.0,3,0,1,,0,40 01:32.307,,0,75 10:53.973,0,0,0,0,67301,0,0,0,N,0,0,0,3,67301,0,,1,2,,N,N,,0,,0,0,1,0,0,,725.0,0,2,0,0,1,0,0,3,4,0,2,10,,N,,,,,,,,,,,
2010028264,1654.0,2,0,0,0,0,0,0,0,0,1,0,,67,2,2010,1,39.9538,-75.1562,1647.0,6,0,0,0,0,0,0,0,0,,0,0,0,14.0,1,1,0,,0,39 57:13.604,,0,75 09:22.430,8,0,0,0,67301,0,0,0,N,0,0,0,2,67301,0,,1,1,,N,N,,0,,0,0,0,3,2,,1450.0,1,2,0,0,0,1,0,3,4,0,2,3,,N,,,,,,,,,,,
2010028303,910.0,3,0,0,0,0,0,0,0,0,4,0,,67,3,2010,3,40.0205,-75.1924,909.0,6,0,0,0,0,0,0,1,0,,0,0,0,9.0,1,0,1,,0,40 01:13.809,,0,75 11:32.576,0,0,0,0,67301,0,0,0,N,0,0,0,3,67301,0,,1,1,,N,N,,0,,0,0,0,3,2,,909.0,0,3,0,0,0,0,0,3,4,0,3,3,,N,,,,,,,,,,,
2010036547,1706.0,3,0,0,0,0,0,0,0,0,1,0,,67,4,2010,2,39.8989,-75.1694,1655.0,6,0,0,0,0,0,0,1,0,,0,0,0,16.0,1,0,0,,0,39 53:57.257,,0,75 10:00.699,0,0,0,0,67301,0,0,0,N,0,0,0,6,68K01,0,,1,1,,N,N,,0,,0,0,0,0,0,,1650.0,0,3,0,0,0,0,0,3,4,0,3,3,,N,,,,,,,,,,,
2010028339,2155.0,0,0,0,0,0,0,0,0,0,5,1,,67,2,2010,7,40.0196,-75.1489,2152.0,6,0,0,0,0,0,1,0,0,1.0,0,1,0,21.0,3,2,2,,2,40 01:10.243,2.0,0,75 08:56.039,4,0,0,0,67301,0,0,0,,0,0,0,3,67301,2,,1,9,,,,,0,,0,0,1,3,2,Y,2129.0,2,2,0,0,3,0,0,3,4,0,2,7,,N,,,,,,,,,,,
2010028547,730.0,1,0,0,0,0,0,0,0,0,4,0,,67,2,2010,2,40.0474,-75.1189,727.0,6,0,0,0,0,0,0,0,0,,0,0,0,7.0,1,1,0,,0,40 02:50.707,,7,75 07:07.869,4,0,0,0,67301,0,0,0,N,0,0,0,2,67301,1,,1,1,,N,N,,0,,0,0,1,0,0,,715.0,1,2,0,0,0,0,0,3,4,0,2,3,,N,,,,,,,,,,,
2010028561,1825.0,1,0,0,0,0,0,0,0,0,8,0,,67,2,2010,2,40.0418,-75.1921,1825.0,6,0,0,0,0,0,1,0,0,,0,0,0,18.0,1,1,1,,0,40 02:30.531,,0,75 11:31.574,4,0,0,0,67301,1,0,0,N,1,0,0,2,67301,1,,1,1,,N,N,,0,,0,0,0,3,2,,1825.0,1,2,0,0,1,0,0,3,4,0,1,3,,N,,,,,,,,,,,
2010101885,1605.0,1,0,0,0,0,0,0,0,0,5,0,,67,10,2010,7,39.9863,-75.0919,1604.0,6,0,0,0,0,0,0,0,0,2.0,0,0,0,15.0,1,1,7,,2,39 59:00.360,1.0,2,75 05:51.762,2,0,1,1,67301,0,0,0,N,0,0,0,3,68K01,0,,1,1,,N,N,,0,,0,1,0,0,0,Y,1547.0,1,2,0,0,0,0,0,3,4,0,2,3,,N,,,,,,,,,,,
2011008219,1140.0,2,0,0,0,0,0,0,0,0,1,0,,67,12,2010,3,39.9716,-75.1234,1140.0,6,0,0,0,0,0,1,0,0,,0,0,0,11.0,1,1,2,,0,39 58:18.343,,2,75 07:24.325,3,0,0,0,67301,0,0,0,N,0,0,0,5,67301,0,,1,1,,N,N,,0,,1,0,0,3,2,,1135.0,1,2,0,0,0,0,1,3,4,0,2,3,,N,,,,,,,,,,,
2011002668,1110.0,3,0,0,0,0,0,0,0,0,1,0,,67,12,2010,4,39.9599,-75.1781,1108.0,6,0,0,0,0,0,0,0,0,1.0,0,0,0,11.0,1,0,0,,1,39 57:36.392,4.0,0,75 10:47.122,0,0,0,0,67301,0,0,0,N,0,0,0,6,68K01,0,,1,1,,N,N,,0,,0,0,0,0,0,N,1100.0,0,3,0,0,0,0,0,3,4,0,3,3,,N,,,,,,,,,,,
2011024992,0.0,1,0,0,0,0,0,0,0,0,1,0,,67,4,2010,4,,,0.0,6,0,0,0,0,0,0,0,0,,0,0,0,21.0,3,3,1,,0,,,7,,3,0,0,0,67301,0,0,0,N,0,0,0,4,00000,0,,1,9,,N,N,,0,,2,0,1,3,2,,2130.0,3,2,0,0,0,1,1,3,3,0,2,7,,N,,,,,,,,,,,
2011024984,0.0,2,0,0,0,0,0,0,0,0,1,0,,67,11,2010,1,39.8924,-75.1762,0.0,6,0,0,0,0,0,0,1,0,,0,0,0,19.0,6,1,0,,0,39 53:32.766,,0,75 10:34.269,8,0,0,0,67301,0,0,0,N,0,0,0,2,00000,0,,1,1,,N,N,,0,,0,0,0,0,0,,1900.0,1,2,0,0,0,1,0,3,4,0,2,3,,N,,,,,,,,,,,
2011026242,1307.0,0,0,0,0,0,0,0,0,0,0,0,,67,5,2010,1,39.96,-75.2249,1506.0,6,0,0,0,0,0,0,0,0,,0,0,0,17.0,1,1,1,,0,39 57:35.788,,0,75 13:29.538,3,0,0,1,67301,0,0,0,N,0,0,0,1,67301,0,,1,1,,N,N,,0,,1,0,0,0,0,,1710.0,1,1,0,0,0,0,0,3,4,0,1,3,,N,,,,,,,,,,,
2011026292,715.0,2,0,0,0,0,0,0,0,0,1,0,,67,6,2010,3,39.9912,-75.1484,700.0,6,0,0,0,0,0,0,0,0,,0,0,0,5.0,1,1,0,,0,39 59:28.320,,0,75 08:54.060,4,0,0,0,67301,1,0,0,,0,0,0,3,67301,1,,6,1,,,,,1,,0,0,0,0,0,,545.0,1,3,0,0,0,0,2,3,4,0,3,3,,N,,,,,,,,,,,
2011026319,1815.0,3,0,0,0,0,0,0,0,0,1,0,,67,5,2010,2,40.0201,-75.1142,1810.0,6,0,0,0,0,0,1,0,0,,0,0,0,18.0,1,1,0,,0,40 01:12.404,,0,75 06:51.174,2,0,0,0,67301,0,0,0,N,0,0,0,4,67301,0,,1,1,,N,N,,0,,0,1,0,0,0,,1800.0,1,3,0,0,0,0,0,3,4,0,3,3,,N,,,,,,,,,,,
2011026250,5.0,3,0,0,0,0,0,0,0,0,4,0,,67,6,2010,5,39.9369,-75.1555,4.0,6,0,0,0,0,0,0,0,0,2.0,0,0,0,0.0,3,0,0,,2,39 56:12.688,4.0,0,75 09:19.674,0,0,0,0,67301,0,0,0,N,0,0,0,1,67301,0,,1,1,,N,N,,0,,0,0,0,0,0,Y,1.0,0,3,0,0,0,0,0,3,4,0,3,3,,N,,,,,,,,,,,
2011012041,2351.0,1,0,0,0,0,0,0,0,0,7,0,,67,11,2010,4,39.9901,-75.0872,2351.0,6,0,0,0,0,0,0,0,0,1.0,0,0,0,23.0,3,0,0,,1,39 59:23.840,2.0,0,75 05:14.231,0,0,0,0,67301,0,0,0,Y,0,0,0,1,68K01,0,,5,1,,N,N,,0,,0,0,0,0,0,N,2350.0,0,1,0,0,0,0,0,3,4,0,1,3,,N,,,,,,,,,,,
2011001722,1315.0,0,0,0,1,0,0,0,0,0,4,0,,67,11,2010,3,39.9758,-75.2266,1230.0,6,0,0,0,0,0,0,0,0,,0,0,0,12.0,1,1,2,,0,39 58:32.806,,0,75 13:35.928,4,0,0,0,67301,1,0,0,N,0,0,0,2,67301,1,,1,9,,N,N,,0,,0,0,0,3,3,,1225.0,1,2,0,0,0,0,0,3,4,1,1,7,,N,,,,,,,,,,,
2011001759,1305.0,3,0,0,0,0,0,0,0,0,4,0,,67,11,2010,2,40.0809,-75.0288,1305.0,6,0,0,0,0,0,1,1,0,1.0,0,0,0,13.0,1,0,1,,1,40 04:51.077,2.0,0,75 01:43.585,0,0,0,0,67301,0,0,0,N,0,0,0,3,67301,0,,1,1,,N,N,,0,,0,0,0,3,2,N,1302.0,0,3,0,0,0,0,0,3,4,0,3,3,,N,,,,,,,,,,,
2011000765,1810.0,2,0,0,0,0,0,0,0,0,8,0,,67,12,2010,6,40.1298,-75.01,1800.0,6,0,0,0,0,0,1,0,0,,0,0,0,17.0,4,3,2,,0,40 07:47.388,,0,75 00:36.176,4,0,0,0,67301,0,0,0,N,0,0,0,4,67301,2,,1,1,,N,N,,0,,0,0,0,0,0,,1716.0,3,2,0,0,0,1,0,3,4,0,2,3,,N,,,,,,,,,,,
2011008359,728.0,3,0,0,0,0,0,0,0,0,1,0,,67,12,2010,3,39.8992,-75.2388,722.0,6,0,0,0,0,0,0,0,0,9.0,0,0,0,6.0,1,4,0,,2,39 53:57.194,2.0,3,75 14:19.614,4,0,0,0,67301,0,0,0,N,0,0,0,4,67301,4,,1,1,,N,N,,0,,0,0,0,0,0,Y,650.0,4,3,0,0,0,0,0,3,4,0,3,3,,N,,,,,,,,,,,
2011025679,1435.0,1,0,0,0,0,0,0,0,0,8,0,,67,5,2010,6,40.0431,-75.0738,1425.0,6,0,0,0,0,0,0,1,0,,0,0,0,14.0,1,1,1,,0,40 02:35.410,,0,75 04:25.905,8,0,0,0,67301,1,0,0,,1,0,0,2,67301,0,,1,1,,,,,0,,0,0,0,3,2,,1420.0,1,2,0,0,0,1,0,3,4,0,1,3,,N,,,,,,,,,,,
2011027771,0.0,2,0,0,0,0,0,0,0,0,1,0,,67,12,2010,4,40.0265,-75.0422,0.0,6,0,0,0,0,0,0,0,0,,0,0,0,16.0,1,1,1,,0,40 01:35.410,,0,75 02:31.777,4,0,0,0,67301,0,0,0,N,0,0,0,3,00000,1,,1,1,,N,N,,0,,0,0,0,3,3,,1620.0,1,2,0,0,0,0,0,3,4,0,2,3,,N,,,,,,,,,,,
2011025817,,2,0,0,0,0,0,0,0,0,1,0,,67,6,2010,3,39.9025,-75.2248,,6,0,0,0,0,0,1,0,0,,0,0,0,13.0,1,1,2,,0,39 54:09.142,,0,75 13:29.144,8,0,0,0,67301,0,0,0,,0,0,0,2,00000,0,,1,1,,,,,0,,0,0,0,3,2,,1340.0,1,2,0,0,0,1,1,3,4,0,2,3,,N,,,,,,,,,,,
2011001059,1358.0,1,0,1,0,0,0,0,0,0,4,0,,67,11,2010,6,40.0396,-75.0844,1356.0,6,0,0,0,0,0,0,0,0,9.0,0,0,0,99.0,1,4,1,,2,40 02:22.401,6.0,0,75 05:03.893,2,0,0,0,67301,0,0,0,N,0,0,0,4,67301,1,,1,1,,,Y,,0,,2,1,1,3,2,N,9999.0,4,2,0,0,0,0,0,3,4,0,2,3,,N,,,,,,,,,,,
2011001068,1805.0,1,0,0,0,0,0,0,0,0,4,0,,67,11,2010,6,40.1225,-75.0159,1728.0,6,0,0,0,0,0,1,0,0,,0,0,0,17.0,3,2,0,,0,40 07:20.910,,7,75 00:57.179,4,0,0,0,67301,0,0,0,N,0,0,0,3,67301,2,,1,1,,N,N,,1,,0,0,0,0,0,,1755.0,2,2,0,0,0,0,0,3,4,0,2,3,,N,,,,,,,,,,,
2011013161,1713.0,0,0,0,0,0,0,0,0,0,8,0,,67,10,2010,5,39.9225,-75.1549,1640.0,6,0,0,0,0,0,0,0,0,,0,0,0,7.0,1,1,1,,0,39 55:20.909,,0,75 09:17.861,8,0,0,0,67301,1,0,0,,1,0,0,2,67301,0,,1,1,,,,,0,,0,0,0,3,2,,730.0,1,2,0,0,0,1,0,3,4,0,1,3,,N,,,,,,,,,,,
2011008532,1405.0,0,0,0,0,0,0,0,0,0,4,0,,67,12,2010,5,40.006,-75.0919,1350.0,6,0,0,0,0,0,2,0,0,,0,0,0,13.0,1,1,5,,0,40 00:21.613,,7,75 05:30.664,4,0,0,0,67301,0,0,0,N,0,0,0,3,67301,1,,1,1,,N,N,,1,,0,0,0,3,2,,1312.0,1,2,0,0,0,0,0,3,4,1,2,3,,N,,,,,,,,,,,
2011008909,1405.0,2,0,0,0,0,0,0,0,0,1,0,,67,12,2010,1,40.0502,-75.117,1400.0,6,0,0,0,0,0,0,0,0,,0,0,0,12.0,1,2,0,,0,40 03:00.716,,0,75 07:00.957,4,0,0,0,67301,0,0,0,N,0,0,0,3,67301,2,,1,98,,N,N,,0,,0,0,0,0,0,,1200.0,2,3,0,0,2,0,1,3,4,0,3,99,,N,,,,,,,,,,,
2011000930,1245.0,2,0,0,0,0,0,0,0,0,4,0,,67,11,2010,5,40.0502,-75.1275,1241.0,6,0,0,0,0,0,0,0,0,,0,0,0,12.0,1,1,1,,0,40 03:00.795,,0,75 07:38.967,4,0,0,0,67301,0,0,0,N,0,0,0,4,67301,1,,1,9,,N,N,,0,,0,0,0,3,2,,1230.0,1,2,0,0,0,0,0,3,4,0,2,7,,N,,,,,,,,,,,
2011000966,1628.0,0,0,0,0,0,0,0,0,0,8,0,,67,11,2010,2,40.0153,-75.1499,1626.0,6,0,0,0,0,0,0,0,0,,0,0,0,16.0,1,1,0,,0,40 00:55.294,,0,75 08:59.678,4,0,0,0,67301,1,0,0,N,1,0,0,2,67301,1,,1,1,,N,N,,1,,0,0,0,0,0,,1615.0,1,2,0,0,0,0,0,3,4,0,1,3,,N,,,,,,,,,,,
2012109754,824.0,1,0,0,0,0,0,0,0,0,1,0,,67,10,2010,7,39.8954,-75.2335,808.0,6,0,0,0,0,0,1,0,0,3.0,0,0,0,6.0,1,0,2,,1,39 53:43.550,1.0,0,75 14:00.600,0,0,0,0,67301,0,0,0,,0,0,0,2,67301,0,,1,9,,N,,,0,,0,0,0,3,2,N,657.0,0,2,0,0,0,0,0,3,4,1,2,7,,N,,,,,,,,,,,
2010070022,906.0,1,0,0,0,0,0,0,0,0,1,1,,67,6,2010,6,39.9141,-75.2419,904.0,6,0,0,0,0,0,0,0,0,,0,0,0,9.0,1,1,0,,0,39 54:50.643,,0,75 14:30.815,4,0,0,0,67301,0,0,0,N,0,0,0,2,67301,1,,1,1,,N,N,,1,,0,0,0,0,0,,904.0,1,2,0,0,0,0,0,3,4,0,2,3,,N,,,,,,,,,,,
2010074580,2027.0,0,0,0,1,0,0,0,0,0,4,0,,67,7,2010,1,39.9449,-75.2392,2020.0,6,0,0,0,0,0,0,0,0,,0,0,0,20.0,4,1,2,,0,39 56:41.812,,0,75 14:21.262,4,0,0,0,67301,1,0,0,,0,0,0,2,67301,1,,1,1,,N,N,,1,,0,0,0,0,0,,2020.0,1,2,0,0,0,0,0,3,4,0,1,3,,N,,,,,,,,,,,
2010074648,2317.0,2,0,0,0,0,0,0,0,0,4,0,,67,7,2010,7,39.9434,-75.1705,2315.0,6,0,0,1,1,0,0,0,0,,0,0,0,22.0,3,1,1,,0,39 56:36.164,,0,75 10:13.882,8,0,0,0,67301,0,0,0,N,0,0,0,4,67301,0,,1,1,,N,N,,0,,0,0,0,3,3,,2256.0,1,2,0,0,0,1,0,3,4,0,2,3,,N,,,,,,,,,,,