CRN,ARRIVAL_TM,AUTOMOBILE_COUNT,BELTED_DEATH_COUNT,BELTED_SUSP_SERIOUS_INJ_COUNT,BICYCLE_COUNT,BICYCLE_DEATH_COUNT,BICYCLE_SUSP_SERIOUS_INJ_COUNT,BUS_COUNT,CHLDPAS_DEATH_COUNT,CHLDPAS_SUSP_SERIOUS_INJ_COUNT,COLLISION_TYPE,COMM_VEH_COUNT,CONS_ZONE_SPD_LIM,COUNTY,CRASH_MONTH,CRASH_YEAR,DAY_OF_WEEK,DEC_LAT,DEC_LONG,DISPATCH_TM,DISTRICT,DRIVER_COUNT_16YR,DRIVER_COUNT_17YR,DRIVER_COUNT_18YR,DRIVER_COUNT_19YR,DRIVER_COUNT_20YR,DRIVER_COUNT_50_64YR,DRIVER_COUNT_65_74YR,DRIVER_COUNT_75PLUS,EST_HRS_CLOSED,FATAL_COUNT,HEAVY_TRUCK_COUNT,HORSE_BUGGY_COUNT,HOUR_OF_DAY,ILLUMINATION,INJURY_COUNT,INTERSECT_TYPE,INTERSECTION_RELATED,LANE_CLOSED,LATITUDE,LN_CLOSE_DIR,LOCATION_TYPE,LONGITUDE,MAX_SEVERITY_LEVEL,MCYCLE_DEATH_COUNT,MCYCLE_SUSP_SERIOUS_INJ_COUNT,MOTORCYCLE_COUNT,MUNICIPALITY,NONMOTR_COUNT,NONMOTR_DEATH_COUNT,NONMOTR_SUSP_SERIOUS_INJ_COUNT,NTFY_HIWY_MAINT,PED_COUNT,PED_DEATH_COUNT,PED_SUSP_SERIOUS_INJ_COUNT,PERSON_COUNT,POLICE_AGCY,POSSIBLE_INJ_COUNT,RDWY_SURF_TYPE_CD,RELATION_TO_ROAD,ROAD_CONDITION,ROADWAY_CLEARED,SCH_BUS_IND,SCH_ZONE_IND,SECONDARY_CRASH,SMALL_TRUCK_COUNT,SPEC_JURIS_CD,SUSP_MINOR_INJ_COUNT,SUSP_SERIOUS_INJ_COUNT,SUV_COUNT,TCD_FUNC_CD,TCD_TYPE,TFC_DETOUR_IND,TIME_OF_DAY,TOT_INJ_COUNT,TOTAL_UNITS,UNB_DEATH_COUNT,UNB_SUSP_SERIOUS_INJ_COUNT,UNBELTED_OCC_COUNT,UNK_INJ_DEG_COUNT,UNK_INJ_PER_COUNT,URBAN_AREA,URBAN_RURAL,VAN_COUNT,VEHICLE_COUNT,WEATHER1,WEATHER2,WORK_ZONE_IND,WORK_ZONE_LOC,WORK_ZONE_TYPE,WORKERS_PRES,WZ_CLOSE_DETOUR,WZ_FLAGGER,WZ_LAW_OFFCR_IND,WZ_LN_CLOSURE,WZ_MOVING,WZ_OTHER,WZ_SHLDER_MDN,WZ_WORKERS_INJ_KILLED
2010058971,1657.0,1,0,0,0,0,0,0,0,0,4,0,,67,5,2010,1,40.0446,-75.0547,1646.0,6,0,0,1,0,0,0,0,0,,0,0,0,16.0,1,2,1,,0,40 02:40.636,,0,75 03:16.819,4,0,0,0,67301,0,0,0,N,0,0,0,4,67301,2,,1,1,,N,N,,0,,0,0,1,3,2,,1645.0,2,2,0,0,0,0,0,3,4,0,2,3,,N,,,,,,,,,,,
2010058993,1644.0,1,0,0,0,0,0,0,0,0,8,0,,67,5,2010,2,39.9284,-75.1778,1639.0,6,0,0,0,1,0,0,0,0,,0,0,0,16.0,1,1,0,,0,39 55:42.142,,0,75 10:40.152,8,0,0,0,67301,1,0,0,N,1,0,0,2,67301,0,,1,1,,N,N,,0,,0,0,0,0,0,,1637.0,1,2,0,0,0,1,0,3,4,0,1,3,,N,,,,,,,,,,,
2010030482,1113.0,0,0,0,0,0,0,0,0,0,1,0,55.0,67,3,2010,7,39.8872,-75.2046,1107.0,6,0,0,0,0,0,1,0,0,,0,0,0,11.0,1,0,0,,0,39 53:48.995,,3,75 11:21.768,0,0,0,0,67301,0,0,0,N,0,0,0,5,68K01,0,,1,1,,N,N,,0,,0,0,1,0,0,,1103.0,0,2,0,0,0,0,0,3,4,1,2,3,,Y,2.0,2.0,N,N,N,N,Y,N,N,Y,
2010028174,150.0,1,0,0,0,0,0,0,0,0,7,0,,67,2,2010,6,40.0944,-75.065,145.0,6,0,0,0,0,0,0,0,0,,0,0,0,1.0,3,0,0,,0,40 05:39.919,,0,75 03:53.863,0,0,0,0,67301,0,0,0,N,0,0,0,1,67301,0,,5,1,,N,N,,0,,0,0,0,0,0,,140.0,0,1,0,0,0,0,0,3,4,0,1,3,,N,,,,,,,,,,,
2010028073,1438.0,2,0,0,0,0,0,0,0,0,4,0,,67,2,2010,5,39.935,-75.2268,1436.0,6,0,0,0,0,0,1,0,0,,0,0,0,14.0,1,2,1,,0,39 56:05.843,,0,75 13:36.583,8,0,0,0,67301,0,0,0,N,0,0,0,3,67301,0,,1,1,,N,N,,0,,0,0,0,3,3,,1419.0,2,2,0,0,0,2,0,3,4,0,2,3,,N,,,,,,,,,,,
2010028371,820.0,2,0,0,0,0,0,0,0,0,4,0,,67,2,2010,6,40.0306,-75.1137,810.0,6,0,0,0,0,0,1,0,0,,0,0,0,8.0,1,1,2,,0,40 01:50.286,,0,75 06:49.377,4,0,0,0,67301,0,0,0,N,0,0,0,3,67301,1,,1,2,,N,N,,0,,0,0,0,3,3,,800.0,1,2,0,0,0,0,0,3,4,0,2,10,,N,,,,,,,,,,,
2010028302,1226.0,1,0,0,0,0,0,0,0,0,1,0,,67,2,2010,7,40.0183,-75.1688,1218.0,6,0,0,0,0,0,0,0,0,1.0,0,0,0,11.0,1,1,7,,1,40 01:05.635,3.0,2,75 10:07.656,4,0,0,0,67301,0,0,0,N,0,0,0,3,67301,1,,2,98,,N,N,,0,,0,0,1,3,8,N,1130.0,1,2,0,0,1,0,0,3,4,0,2,3,,N,,,,,,,,,,,
2010028559,1755.0,3,0,0,0,0,0,0,0,0,2,0,,67,2,2010,6,40.0429,-75.0665,1755.0,6,0,0,0,0,0,1,1,0,,0,0,0,17.0,3,2,1,,0,40 02:34.440,,0,75 03:59.295,4,0,0,0,67301,0,0,0,N,0,0,0,3,67301,1,,1,7,,N,N,,0,,0,0,0,3,3,,1755.0,2,3,0,0,0,1,0,3,4,0,3,10,,N,,,,,,,,,,,
2010018050,2302.0,2,0,0,0,0,0,0,0,0,2,0,,67,1,2010,1,40.045,-75.1011,2258.0,6,0,0,0,0,0,0,0,0,2.0,0,0,0,22.0,3,2,1,,2,40 02:42.130,1.0,0,75 06:03.888,4,0,0,0,67301,0,0,0,N,0,0,0,2,67301,1,,1,9,,N,N,,0,,0,0,0,3,2,Y,2255.0,2,2,0,0,0,1,0,3,4,0,2,7,,N,,,,,,,,,,,
2010018064,1935.0,3,0,0,0,0,0,0,0,0,1,0,,67,1,2010,6,40.1242,-75.0165,1930.0,6,0,0,1,0,0,1,0,0,,0,0,0,18.0,3,1,0,,0,40 07:27.280,,0,75 00:59.360,4,0,0,0,67301,0,0,0,N,0,0,0,3,67301,1,,1,1,,N,N,,0,,0,0,0,0,0,,1825.0,1,3,0,0,0,0,0,3,4,0,3,3,,N,,,,,,,,,,,
2010015555,439.0,1,0,0,0,0,0,0,0,0,7,0,,67,1,2010,1,40.0426,-75.0033,439.0,6,0,0,0,0,0,0,0,0,,0,0,0,4.0,3,1,0,,0,40 02:33.840,,0,75 00:11.732,4,0,0,0,67301,0,0,0,N,0,0,0,2,68K01,1,,2,9,,N,N,,0,,0,0,0,0,0,,438.0,1,1,0,0,0,0,0,3,4,0,1,3,,N,,,,,,,,,,,
2010088969,458.0,2,0,0,0,0,0,0,0,0,4,0,,67,8,2010,7,40.019,-75.0841,458.0,6,0,0,0,0,0,0,0,0,,0,0,0,4.0,3,1,1,,0,40 01:08.572,,0,75 05:02.835,4,0,0,0,67301,0,0,0,,0,0,0,2,67301,1,,1,1,,N,N,,0,,0,0,0,3,2,,454.0,1,2,0,0,0,0,0,3,4,0,2,3,,N,,,,,,,,,,,
2010088975,938.0,0,0,0,0,0,0,1,0,0,6,1,,67,7,2010,6,39.9298,-75.1821,936.0,6,0,0,0,0,0,0,0,0,,0,0,0,9.0,1,2,0,,9,39 55:47.118,,0,75 10:55.520,8,0,0,0,67301,0,0,0,,0,0,0,22,67301,0,,1,1,,,,,0,,0,0,0,0,0,,930.0,2,2,0,0,0,2,0,3,4,0,2,3,,N,,,,,,,,,,,
2011009987,1708.0,1,0,0,0,0,0,0,0,0,7,0,,67,12,2010,3,40.0474,-75.052,1636.0,6,0,0,0,1,0,0,0,0,1.0,0,0,0,16.0,1,1,0,,1,40 02:50.628,2.0,0,75 03:07.079,4,0,0,0,67301,0,0,0,N,0,0,0,1,67301,1,,5,2,,N,N,,0,,0,0,0,0,0,N,1630.0,1,1,0,0,0,0,0,3,4,0,1,3,,N,,,,,,,,,,,
2011009789,1800.0,1,0,0,0,0,0,0,0,0,8,0,,67,12,2010,6,39.9612,-75.2206,1800.0,6,0,0,0,0,0,0,0,0,,0,0,0,15.0,1,1,0,,0,39 57:40.424,,0,75 13:14.077,4,0,0,0,67301,1,0,0,N,1,0,0,2,67301,1,,1,6,,N,N,,0,,0,0,0,0,0,,1500.0,1,2,0,0,0,0,1,3,4,0,1,10,,N,,,,,,,,,,,
2011022624,0.0,1,0,0,0,0,0,0,0,0,1,0,,67,4,2010,5,39.9665,-75.1639,0.0,6,0,0,0,0,0,1,0,0,,0,0,0,16.0,1,1,0,,0,39 57:59.240,,0,75 09:50.010,8,0,0,0,67301,0,0,0,N,0,0,0,2,00000,0,,1,1,,N,N,,1,,0,0,0,0,0,,1645.0,1,2,0,0,0,1,1,3,4,0,2,3,,N,,,,,,,,,,,
2011026248,702.0,3,0,0,0,0,0,0,0,0,4,0,,67,6,2010,1,39.9997,-75.099,649.0,6,0,0,0,0,0,0,0,0,3.0,0,0,0,6.0,5,1,1,,2,39 59:58.827,7.0,0,75 05:56.359,4,0,0,0,67301,0,0,0,N,0,0,0,3,67301,1,,1,1,,N,N,,0,,0,0,0,3,2,Y,637.0,1,3,0,0,0,0,0,3,4,0,3,3,,N,,,,,,,,,,,
2011026307,745.0,0,0,0,0,0,0,0,0,0,8,0,,67,6,2010,6,40.0119,-75.1113,740.0,6,0,0,0,0,0,0,0,0,1.0,0,0,0,99.0,1,2,0,,1,40 00:42.976,4.0,0,75 06:40.734,3,0,0,0,67301,2,0,0,,2,0,0,3,67301,0,,1,1,,N,N,,0,,2,0,1,0,0,N,9999.0,2,3,0,0,0,0,0,3,4,0,1,3,,N,,,,,,,,,,,
2011076270,805.0,1,0,0,0,0,0,0,0,0,4,0,,67,12,2010,2,40.0282,-75.042,758.0,6,0,0,0,0,0,0,0,0,,0,0,0,7.0,1,4,1,,0,40 01:41.404,,0,75 02:31.106,3,0,0,0,67301,0,0,0,N,0,0,0,6,67301,0,,1,1,,N,N,,0,,1,0,0,3,3,,750.0,4,2,0,0,0,3,0,3,4,1,2,3,,N,,,,,,,,,,,
2011001661,459.0,1,0,0,0,0,0,0,0,0,7,0,,67,12,2010,5,39.932,-75.1998,451.0,6,0,0,0,0,0,1,0,0,2.0,0,0,0,4.0,3,3,0,,1,39 55:57.148,4.0,0,75 12:00.098,4,0,0,0,67301,0,0,0,N,0,0,0,4,68K01,3,,3,9,,N,N,,1,,0,0,0,4,7,Y,450.0,3,2,0,0,0,0,0,3,4,0,2,3,,N,,,,,,,,,,,
2011008317,2251.0,1,0,0,0,0,0,0,0,0,7,0,,67,12,2010,4,40.0819,-74.9659,2239.0,6,0,0,0,0,0,0,1,0,,0,0,0,22.0,3,1,0,,0,40 04:54.728,,0,74 57:57.167,8,0,0,0,67301,0,0,0,N,0,0,0,1,67301,0,,2,1,,N,N,,0,,0,0,0,0,0,,2234.0,1,1,0,0,0,1,0,3,4,0,1,3,,N,,,,,,,,,,,
2011008391,1439.0,4,0,0,0,0,0,0,0,0,1,0,,67,12,2010,7,40.029,-75.1061,1420.0,6,0,0,0,0,0,1,0,1,2.0,0,0,0,14.0,1,3,5,,1,40 01:44.341,1.0,0,75 06:21.815,8,0,0,0,67301,0,0,0,N,0,0,0,9,67301,0,,1,1,,N,N,,0,,0,0,0,3,2,N,1410.0,3,4,0,0,0,3,0,3,4,0,4,3,,N,,,,,,,,,,,
2011008399,356.0,1,0,0,0,0,0,0,0,0,0,0,,67,12,2010,1,40.0098,-75.187,348.0,6,0,0,0,0,0,0,0,0,3.0,0,0,0,3.0,3,0,0,,2,40 00:38.420,2.0,0,75 11:04.041,9,0,0,0,67301,0,0,0,N,0,0,0,2,67301,0,,1,1,,N,N,,0,,0,0,0,0,0,Y,345.0,0,1,0,0,2,0,1,3,4,0,1,3,,N,,,,,,,,,,,
2011008425,1336.0,0,0,0,0,0,0,0,0,0,8,0,,67,12,2010,5,39.9642,-75.1798,1335.0,6,0,0,0,0,0,1,0,0,,0,0,0,13.0,1,2,0,,0,39 57:48.315,,0,75 10:47.903,8,0,0,0,67301,2,0,0,,2,0,0,3,67301,0,,1,1,,N,N,,1,,0,0,0,0,0,,1334.0,2,3,0,0,0,2,0,3,4,0,1,3,,N,,,,,,,,,,,
2011025758,1102.0,2,0,0,0,0,0,0,0,0,4,0,,67,5,2010,3,40.0256,-75.08,1059.0,6,0,0,0,0,0,0,0,0,,0,0,0,10.0,1,2,1,,0,40 01:32.113,,0,75 04:48.125,4,0,0,0,67301,0,0,0,,0,0,0,3,67301,2,,1,9,,,,,0,,0,0,0,3,3,,1059.0,2,2,0,0,0,0,0,3,4,0,2,7,,N,,,,,,,,,,,
2011025768,938.0,2,0,0,0,0,0,0,0,0,4,0,,67,6,2010,3,40.062,-75.0847,935.0,6,0,0,0,0,0,1,1,0,,0,0,0,9.0,1,1,0,,0,40 03:43.256,,0,75 05:04.846,4,0,0,0,67301,0,0,0,N,0,0,0,4,67301,1,,1,1,,N,N,,1,,0,0,0,0,0,,930.0,1,3,0,0,0,0,0,3,4,0,3,3,,N,,,,,,,,,,,
2011025786,0.0,2,0,0,0,0,0,0,0,0,4,0,,67,10,2010,6,39.9613,-75.1449,0.0,6,0,0,0,0,0,0,0,0,,0,0,0,14.0,1,0,0,,0,39 57:40.734,,7,75 08:41.675,0,0,0,0,67301,0,0,0,N,0,0,0,2,00000,0,,1,1,,N,N,,0,,0,0,0,0,0,,1400.0,0,2,0,0,0,0,0,3,4,0,2,3,,N,,,,,,,,,,,
2011027769,0.0,2,0,0,0,0,0,0,0,0,1,0,,67,6,2010,7,40.0268,-75.1171,0.0,6,0,0,0,0,0,0,1,0,,0,0,0,20.0,3,1,1,,0,40 01:36.153,,0,75 07:02.268,8,0,0,0,67301,0,0,0,N,0,0,0,2,00000,0,,1,1,,N,N,,0,,0,0,0,3,2,,2020.0,1,2,0,0,0,1,1,3,4,0,2,3,,N,,,,,,,,,,,
2011046972,1525.0,0,0,0,1,0,0,0,0,0,4,1,,67,6,2010,4,39.9986,-75.1298,1521.0,6,0,0,0,0,0,0,0,0,,0,1,0,15.0,1,1,2,,0,39 59:55.088,,0,75 07:47.103,8,0,0,0,67301,1,0,0,N,0,0,0,2,67301,0,,1,1,,N,N,,0,,0,0,0,3,3,,1519.0,1,2,0,0,0,1,0,3,4,0,1,3,,N,,,,,,,,,,,
2011001106,1341.0,1,0,0,0,0,0,0,0,0,8,0,,67,11,2010,3,39.9544,-75.1631,1340.0,6,0,0,0,0,0,0,0,0,,0,0,0,11.0,1,1,1,,0,39 57:15.859,,0,75 09:47.045,8,0,0,0,67301,1,0,0,N,1,0,0,2,67301,0,,1,1,,N,N,,0,,0,0,0,9,2,,1155.0,1,2,0,0,1,1,0,3,4,0,1,3,,N,,,,,,,,,,,
2011001109,1640.0,3,0,0,0,0,0,0,0,0,1,0,,67,11,2010,1,39.8978,-75.2114,1640.0,6,0,0,0,0,0,1,0,0,2.0,0,0,0,16.0,1,0,0,,1,39 53:52.169,3.0,3,75 12:41.070,0,0,0,0,67301,0,0,0,N,0,0,0,3,67301,0,,1,1,,N,N,,0,,0,0,0,0,0,N,1640.0,0,3,0,0,0,0,0,3,4,0,3,3,,N,,,,,,,,,,,
2011008522,1458.0,2,0,0,0,0,0,0,0,0,4,0,,67,12,2010,1,40.0357,-75.2171,1458.0,6,0,0,0,0,0,1,0,0,,0,0,0,14.0,1,1,0,,0,40 02:08.692,,7,75 13:01.610,8,0,0,0,67301,0,0,0,N,0,0,0,4,67301,0,,1,1,,N,N,,0,,0,0,0,0,0,,1455.0,1,2,0,0,0,1,0,3,4,0,2,3,,N,,,,,,,,,,,
2011008863,29.0,1,0,0,0,0,0,0,0,0,6,0,,67,12,2010,2,40.1167,-75.0198,29.0,6,0,0,0,0,0,0,0,0,,0,0,0,23.0,3,0,1,,0,40 07:00.010,,0,75 01:11.269,9,0,0,0,67301,0,0,0,N,0,0,0,2,67301,0,,1,9,,N,N,,0,,0,0,1,3,2,,2329.0,0,2,0,0,2,0,1,3,4,0,2,7,,N,,,,,,,,,,,
2011008875,2005.0,0,0,2,0,0,0,0,0,0,4,0,,67,12,2010,7,40.0372,-75.1237,2005.0,6,0,0,0,0,0,1,0,0,2.0,0,0,0,20.0,3,5,1,,2,40 02:13.851,7.0,0,75 07:25.305,2,0,0,0,67301,0,0,0,N,0,0,0,5,67301,3,,1,1,,N,N,,1,,0,2,1,3,2,Y,2003.0,5,3,0,0,0,0,0,3,4,1,3,3,,N,,,,,,,,,,,
2011008910,1321.0,1,0,0,0,0,0,0,0,0,4,0,,67,12,2010,6,40.0485,-75.1508,1318.0,6,0,0,0,0,0,1,0,0,,0,0,0,13.0,1,3,1,,0,40 02:54.628,,0,75 09:02.883,8,0,0,0,67301,0,0,0,,0,0,0,3,67301,0,,1,1,,N,,,0,,0,0,1,3,2,,1318.0,3,2,0,0,1,3,0,3,4,0,2,3,,N,,,,,,,,,,,
2011000924,705.0,1,0,0,0,0,0,0,0,0,8,0,,67,12,2010,4,39.9695,-75.1396,659.0,6,0,0,0,1,0,0,0,0,,0,0,0,6.0,1,1,5,,0,39 58:10.387,,0,75 08:22.538,4,0,0,0,67301,1,0,0,N,1,0,0,2,67301,1,,1,9,,N,N,,0,,0,0,0,3,2,,646.0,1,2,0,0,0,0,0,3,4,0,1,7,,N,,,,,,,,,,,
2011000952,1823.0,3,0,0,0,0,0,0,0,0,1,0,,67,12,2010,5,40.0092,-75.1967,1816.0,6,0,0,0,0,0,1,0,0,,0,0,0,18.0,3,0,1,,0,40 00:30.056,,0,75 11:40.124,0,0,0,0,67301,0,0,0,,0,0,0,3,67301,0,,1,1,,N,N,,0,,0,0,0,3,2,,1814.0,0,3,0,0,0,0,0,3,4,0,3,3,,N,,,,,,,,,,,
2010028289,26.0,1,0,0,0,0,0,0,0,0,4,0,,67,2,2010,1,39.9231,-75.1699,26.0,6,0,0,0,0,0,0,0,0,,0,0,0,0.0,3,2,1,,0,39 55:23.512,,0,75 10:11.995,4,0,0,0,67301,0,0,0,N,0,0,0,3,67301,2,,1,1,,N,N,,0,,0,0,1,3,2,,24.0,2,2,0,0,0,0,0,3,4,0,2,3,,N,,,,,,,,,,,
2010028519,845.0,2,0,0,0,0,0,0,0,0,4,0,,67,2,2010,3,40.039,-75.15,835.0,6,0,0,0,0,0,1,0,0,2.0,0,0,0,7.0,1,2,1,,2,40 02:20.299,1.0,0,75 09:00.122,8,0,0,0,67301,0,0,0,N,0,0,0,5,67301,0,,1,7,,N,N,,0,,0,0,0,3,2,Y,705.0,2,2,0,0,3,2,0,3,4,0,2,10,,N,,,,,,,,,,,
2010023622,2006.0,1,0,0,0,0,0,0,0,0,7,0,,67,2,2010,2,39.9428,-75.1933,2000.0,6,0,0,0,0,0,0,0,0,1.0,0,0,0,19.0,3,0,0,,1,39 56:39.753,3.0,0,75 11:30.328,0,0,0,0,67301,0,0,0,N,0,0,0,1,68K01,0,,2,9,,N,N,,0,,0,0,0,0,0,N,1955.0,0,1,0,0,0,0,0,3,4,0,1,7,,N,,,,,,,,,,,
2010028387,1954.0,2,0,0,0,0,0,0,0,0,1,0,,67,2,2010,6,39.9751,-75.1955,1954.0,6,0,0,0,0,0,0,0,0,,0,0,0,19.0,3,0,0,,0,39 58:30.554,,0,75 11:43.732,0,0,0,0,67301,0,0,0,N,0,0,0,4,67301,0,,1,6,,N,N,,0,,0,0,0,3,2,,1944.0,0,4,0,0,1,0,0,3,4,0,4,3,,N,,,,,,,,,,,
2011008207,1836.0,1,0,0,0,0,0,0,0,0,5,1,,67,12,2010,6,40.0933,-74.9621,1833.0,6,0,0,0,0,0,0,0,0,1.0,0,1,0,18.0,1,0,1,,1,40 05:35.998,2.0,0,74 57:43.476,0,0,0,0,67301,0,0,0,,0,0,0,3,67301,0,,2,1,,N,N,,0,,0,0,0,3,2,N,1816.0,0,2,0,0,0,0,0,3,4,0,2,3,,N,,,,,,,,,,,
2011008238,1031.0,0,0,0,1,0,0,0,0,0,8,0,,67,12,2010,5,39.9541,-75.2026,9999.0,6,0,0,0,0,0,0,0,0,1.0,0,0,0,10.0,1,1,1,,2,39 57:14.857,2.0,0,75 12:09.311,3,0,0,0,67301,1,0,0,N,0,0,0,2,67504,0,,1,1,,N,N,,0,,1,0,1,3,2,Y,1030.0,1,2,0,0,0,0,0,3,4,0,1,3,,N,,,,,,,,,,,
2011008275,2020.0,2,0,0,0,0,0,0,0,0,5,0,,67,12,2010,4,40.0789,-75.0427,2008.0,6,0,1,0,0,0,1,0,0,,0,0,0,18.0,3,0,0,,0,40 04:44.029,,0,75 02:33.979,9,0,0,0,67301,0,0,0,,0,0,0,3,67301,0,,1,1,,N,N,,0,,0,0,0,0,0,,1820.0,0,2,0,0,0,0,1,3,4,0,2,3,,N,,,,,,,,,,,
2011002669,323.0,1,0,0,0,0,0,0,0,0,7,0,,67,12,2010,6,39.9408,-75.1435,315.0,6,0,0,0,0,0,0,0,0,1.0,0,0,0,3.0,3,1,7,,2,39 56:42.770,2.0,0,75 08:33.662,3,0,0,0,67301,0,0,0,N,0,0,0,1,68K01,0,,3,1,,N,N,,0,,1,0,0,0,0,N,310.0,1,1,0,0,0,0,0,3,4,0,1,3,,N,,,,,,,,,,,
2011002759,9999.0,4,0,0,0,0,0,0,0,0,5,0,,67,12,2010,5,39.9163,-75.1748,1234.0,6,0,0,0,0,0,0,0,0,,0,0,0,99.0,8,0,0,,0,39 54:58.800,,0,75 10:29.190,9,0,0,0,67301,0,0,0,N,0,0,0,1,67301,0,,1,98,,N,N,,1,,0,0,0,0,0,,9999.0,0,5,0,0,0,0,1,3,4,0,5,99,,N,,,,,,,,,,,
2011026345,2140.0,0,0,0,1,0,0,0,0,0,4,0,,67,5,2010,2,39.9768,-75.2327,2130.0,6,0,0,0,0,0,0,0,0,,0,0,0,21.0,3,1,0,,0,39 58:36.352,,0,75 13:57.596,3,0,0,0,67301,1,0,0,N,0,0,0,2,67301,0,,1,1,,N,N,,1,,1,0,0,0,0,,2130.0,1,2,0,0,0,0,1,3,4,0,1,3,,N,,,,,,,,,,,
2011026212,115.0,0,0,0,0,0,0,0,0,0,5,0,,67,5,2010,6,39.9619,-75.2367,115.0,6,0,0,0,0,0,0,0,0,,0,0,0,1.0,3,1,0,,0,39 57:42.991,,0,75 14:12.069,4,0,0,0,67301,1,0,0,,0,0,0,2,67301,1,,6,1,,,,,0,,0,0,2,0,0,,100.0,1,2,0,0,0,0,0,3,4,0,2,3,,N,,,,,,,,,,,
2011076312,1635.0,2,0,0,0,0,0,0,0,0,4,0,,67,7,2010,6,39.9335,-75.2155,1633.0,6,0,0,0,0,0,0,0,0,9.0,0,0,0,16.0,1,0,1,,2,39 56:00.741,5.0,0,75 12:55.882,0,0,0,0,67301,0,0,0,,0,0,0,4,67301,0,,1,1,,,,,0,,0,0,0,3,2,Y,1630.0,0,2,0,0,0,0,0,3,4,0,2,3,,N,,,,,,,,,,,
2011024335,0.0,2,0,0,0,0,0,0,0,0,4,0,,67,8,2010,4,40.015,-75.0935,0.0,6,0,0,0,0,0,1,0,0,,0,0,0,8.0,1,1,1,,0,40 00:54.118,,0,75 05:36.430,8,0,0,0,67301,0,0,0,N,0,0,0,2,00000,0,,1,1,,N,N,,0,,0,0,0,3,3,,820.0,1,2,0,0,0,1,1,3,4,0,2,3,,N,,,,,,,,,,,
2011024355,0.0,0,0,0,1,0,0,0,0,0,4,0,,67,3,2010,7,39.9443,-75.219,0.0,6,0,0,0,0,0,0,0,0,,0,0,0,3.0,6,1,2,,0,39 56:39.624,,0,75 13:08.504,8,0,0,0,67301,1,0,0,N,0,0,0,2,00000,0,,1,1,,N,N,,0,,0,0,0,0,0,,345.0,1,2,0,0,0,1,1,3,4,0,1,3,,N,,,,,,,,,,,
2011001964,1608.0,1,0,0,0,0,0,0,0,0,4,0,,67,11,2010,1,40.047,-75.0671,1606.0,6,0,0,1,0,0,1,0,0,,0,0,0,15.0,1,1,1,,0,40 02:49.300,,0,75 04:01.523,8,0,0,0,67301,0,0,0,,0,0,0,4,67301,0,,1,1,,,,,0,,0,0,2,3,3,,1536.0,1,3,0,0,0,1,0,3,4,0,3,3,,N,,,,,,,,,,,
2011008319,12.0,1,0,0,0,0,0,0,0,0,4,0,,67,12,2010,5,40.0255,-75.1227,2349.0,6,0,0,0,0,0,0,0,0,1.0,0,0,0,23.0,3,1,1,,2,40 01:31.746,3.0,0,75 07:20.688,8,0,0,0,67301,0,0,0,N,0,0,0,2,67301,0,,1,9,,N,N,,0,,0,0,1,3,2,N,2343.0,1,2,0,0,0,1,0,3,4,0,2,3,,N,,,,,,,,,,,
2011027177,1717.0,2,0,0,0,0,0,0,0,0,1,0,,67,10,2010,5,39.9867,-75.2079,1717.0,6,0,0,0,0,0,1,1,0,1.0,0,0,0,17.0,1,1,0,,1,39 59:16.323,4.0,0,75 12:26.407,8,0,0,0,67301,0,0,0,N,0,0,0,2,68K01,0,,1,1,,N,N,,0,,0,0,0,0,0,N,1712.0,1,2,0,0,0,1,0,3,4,0,2,3,,N,,,,,,,,,,,
2011001067,1955.0,3,0,0,0,0,0,0,0,0,1,0,,67,11,2010,5,40.1191,-75.0077,1941.0,6,0,0,0,0,0,1,1,0,,0,0,0,19.0,2,1,0,,0,40 07:08.583,,0,75 00:27.892,8,0,0,0,67301,0,0,0,,0,0,0,6,67301,0,,1,9,,,,,0,,0,0,0,3,2,,1939.0,1,3,0,0,0,1,0,3,4,0,3,7,,N,,,,,,,,,,,
2011001081,1440.0,2,0,0,0,0,0,0,0,0,4,0,,67,11,2010,7,40.0489,-75.0451,1438.0,6,0,0,1,0,0,0,0,0,,0,0,0,14.0,1,2,1,,0,40 02:55.935,,0,75 02:42.511,4,0,0,0,67301,0,0,0,N,0,0,0,3,67301,2,,1,1,,N,N,,0,,0,0,0,3,2,,1435.0,2,2,0,0,0,0,0,3,4,0,2,3,,N,,,,,,,,,,,
2011014224,1947.0,2,0,0,0,0,0,0,0,0,1,0,,67,12,2010,4,39.9822,-75.1009,1732.0,6,0,0,0,0,1,0,0,0,2.0,0,0,0,17.0,3,0,0,,1,39 58:55.938,2.0,0,75 06:03.115,9,0,0,0,67301,0,0,0,N,0,0,0,5,68K01,0,,1,9,,N,N,,0,,0,0,1,0,0,N,1729.0,0,4,0,0,0,0,1,3,4,1,4,3,,N,,,,,,,,,,,
2011008861,1410.0,1,0,0,0,0,0,0,0,0,8,0,,67,12,2010,6,40.0057,-75.099,1400.0,6,0,0,0,0,0,0,0,0,,0,0,0,22.0,3,1,1,,0,40 00:20.692,,0,75 05:56.577,3,0,0,0,67301,1,0,0,N,1,0,0,2,67301,0,,1,98,,N,N,,0,,1,0,0,3,2,,2200.0,1,2,0,0,0,0,0,3,4,0,1,99,,N,,,,,,,,,,,