CRN,ARRIVAL_TM,AUTOMOBILE_COUNT,BELTED_DEATH_COUNT,BELTED_SUSP_SERIOUS_INJ_COUNT,BICYCLE_COUNT,BICYCLE_DEATH_COUNT,BICYCLE_SUSP_SERIOUS_INJ_COUNT,BUS_COUNT,CHLDPAS_DEATH_COUNT,CHLDPAS_SUSP_SERIOUS_INJ_COUNT,COLLISION_TYPE,COMM_VEH_COUNT,CONS_ZONE_SPD_LIM,COUNTY,CRASH_MONTH,CRASH_YEAR,DAY_OF_WEEK,DEC_LAT,DEC_LONG,DISPATCH_TM,DISTRICT,DRIVER_COUNT_16YR,DRIVER_COUNT_17YR,DRIVER_COUNT_18YR,DRIVER_COUNT_19YR,DRIVER_COUNT_20YR,DRIVER_COUNT_50_64YR,DRIVER_COUNT_65_74YR,DRIVER_COUNT_75PLUS,EST_HRS_CLOSED,FATAL_COUNT,HEAVY_TRUCK_COUNT,HORSE_BUGGY_COUNT,HOUR_OF_DAY,ILLUMINATION,INJURY_COUNT,INTERSECT_TYPE,INTERSECTION_RELATED,LANE_CLOSED,LATITUDE,LN_CLOSE_DIR,LOCATION_TYPE,LONGITUDE,MAX_SEVERITY_LEVEL,MCYCLE_DEATH_COUNT,MCYCLE_SUSP_SERIOUS_INJ_COUNT,MOTORCYCLE_COUNT,MUNICIPALITY,NONMOTR_COUNT,NONMOTR_DEATH_COUNT,NONMOTR_SUSP_SERIOUS_INJ_COUNT,NTFY_HIWY_MAINT,PED_COUNT,PED_DEATH_COUNT,PED_SUSP_SERIOUS_INJ_COUNT,PERSON_COUNT,POLICE_AGCY,POSSIBLE_INJ_COUNT,RDWY_SURF_TYPE_CD,RELATION_TO_ROAD,ROAD_CONDITION,ROADWAY_CLEARED,SCH_BUS_IND,SCH_ZONE_IND,SECONDARY_CRASH,SMALL_TRUCK_COUNT,SPEC_JURIS_CD,SUSP_MINOR_INJ_COUNT,SUSP_SERIOUS_INJ_COUNT,SUV_COUNT,TCD_FUNC_CD,TCD_TYPE,TFC_DETOUR_IND,TIME_OF_DAY,TOT_INJ_COUNT,TOTAL_UNITS,UNB_DEATH_COUNT,UNB_SUSP_SERIOUS_INJ_COUNT,UNBELTED_OCC_COUNT,UNK_INJ_DEG_COUNT,UNK_INJ_PER_COUNT,URBAN_AREA,URBAN_RURAL,VAN_COUNT,VEHICLE_COUNT,WEATHER1,WEATHER2,WORK_ZONE_IND,WORK_ZONE_LOC,WORK_ZONE_TYPE,WORKERS_PRES,WZ_CLOSE_DETOUR,WZ_FLAGGER,WZ_LAW_OFFCR_IND,WZ_LN_CLOSURE,WZ_MOVING,WZ_OTHER,WZ_SHLDER_MDN,WZ_WORKERS_INJ_KILLED
2011008882,249.0,2,0,0,0,0,0,0,0,0,1,0,,67,12,2010,1,40.0114,-75.2004,242.0,6,0,0,0,0,0,0,0,0,,0,0,0,2.0,3,3,1,,0,40 00:41.287,,2,75 12:01.681,4,0,0,0,67301,0,0,0,N,0,0,0,4,67301,3,,1,1,,N,N,,0,,0,0,0,3,2,,240.0,3,2,0,0,0,0,0,3,4,0,2,3,,N,,,,,,,,,,,
2011000918,9999.0,2,0,0,0,0,0,0,0,0,4,0,,67,12,2010,4,39.9921,-75.1026,9999.0,6,0,0,0,0,0,0,0,0,,0,0,0,10.0,1,1,1,,0,39 59:31.635,,0,75 06:09.428,4,0,0,0,67301,0,0,0,,0,0,0,2,67301,1,,1,1,,,,,0,,0,0,0,9,3,,1000.0,1,2,0,0,0,0,0,3,4,0,2,3,,N,,,,,,,,,,,
2011000980,2027.0,3,0,0,0,0,0,0,0,0,4,0,,67,12,2010,3,40.0057,-75.099,2025.0,6,0,0,0,0,0,0,0,0,2.0,0,0,0,99.0,3,2,1,,2,40 00:20.692,6.0,0,75 05:56.577,4,0,0,0,67301,0,0,0,,0,0,0,3,67301,2,,1,1,,,,,0,,0,0,0,2,2,Y,9999.0,2,3,0,0,0,0,0,3,4,0,3,3,,N,,,,,,,,,,,
2011000993,1605.0,1,0,0,0,0,0,1,0,0,4,1,,67,11,2010,2,40.0632,-75.1838,1553.0,6,0,0,0,0,0,2,0,0,,0,0,0,15.0,1,1,1,,0,40 03:47.592,,0,75 11:01.827,2,0,0,0,67301,0,0,0,,0,0,0,10,67301,0,,1,1,,Y,N,,0,,0,1,0,3,3,,1543.0,1,2,0,0,0,0,0,3,4,0,2,3,,N,,,,,,,,,,,
2011001031,1152.0,1,0,0,0,0,0,0,0,0,4,0,,67,12,2010,1,40.057,-75.0884,1150.0,6,0,0,0,0,0,0,1,0,,0,0,0,11.0,1,1,1,,0,40 03:25.064,,0,75 05:18.129,3,0,0,0,67301,0,0,0,N,0,0,0,4,67301,0,,1,1,,N,N,,0,,1,0,1,3,2,,1150.0,1,2,0,0,1,0,0,3,4,0,2,3,,N,,,,,,,,,,,
2011010032,1525.0,1,0,0,0,0,0,0,0,0,7,0,,67,12,2010,1,40.0595,-74.9895,1514.0,6,0,0,0,0,0,1,0,0,,0,0,0,15.0,1,0,0,,0,40 03:34.319,,0,74 59:22.083,0,0,0,0,67301,0,0,0,N,0,0,0,2,67301,0,,5,7,,N,N,,0,,0,0,0,0,0,,1510.0,0,1,0,0,0,0,0,3,4,0,1,10,,N,,,,,,,,,,,
2011008220,1148.0,1,0,0,0,0,0,1,0,0,5,1,,67,12,2010,7,39.9794,-75.2253,1126.0,6,0,0,0,1,0,0,0,0,,0,0,0,11.0,1,6,1,,0,39 58:45.886,,0,75 13:31.197,8,0,0,0,67301,0,0,0,N,0,0,0,8,67301,0,,1,1,,N,N,,0,,0,0,0,3,2,,1120.0,6,2,0,0,1,6,0,3,4,0,2,3,,N,,,,,,,,,,,
2011009758,1930.0,2,0,0,0,0,0,0,0,0,6,0,,67,12,2010,3,40.1022,-75.05,1925.0,6,0,0,0,1,0,0,0,0,2.0,0,0,0,19.0,3,1,0,,1,40 06:07.914,4.0,0,75 02:59.794,8,0,0,0,67301,0,0,0,N,0,0,0,2,67301,0,,5,7,,N,N,,0,,0,0,0,0,0,Y,1925.0,1,2,0,0,0,1,0,3,4,0,2,10,,N,,,,,,,,,,,
2011009784,1935.0,2,0,0,0,0,0,0,0,0,1,0,,67,11,2010,5,40.0187,-75.1491,1925.0,6,0,0,0,0,0,0,0,0,2.0,0,0,0,18.0,4,0,0,,1,40 01:07.421,1.0,0,75 08:56.653,0,0,0,0,67301,0,0,0,N,0,0,0,3,67301,0,,1,9,,N,N,,0,,0,0,0,0,0,N,1835.0,0,2,0,0,0,0,0,3,4,0,2,3,,N,,,,,,,,,,,
2011009812,820.0,2,0,0,0,0,0,0,0,0,2,0,,67,12,2010,2,40.0813,-74.9988,820.0,6,0,0,0,0,0,1,0,0,,0,0,0,8.0,1,0,2,,0,40 04:52.788,,0,74 59:55.705,9,0,0,0,67301,0,0,0,N,0,0,0,3,67301,0,,1,1,,N,N,,0,,0,0,0,3,3,,820.0,0,2,0,0,0,0,1,3,4,0,2,3,,N,,,,,,,,,,,
2011008260,1155.0,1,0,0,0,0,0,0,0,0,8,0,,67,12,2010,4,39.9796,-75.1711,1155.0,6,0,0,0,0,0,0,0,1,,0,0,0,11.0,1,1,5,,0,39 58:46.461,,0,75 10:15.811,4,0,0,0,67301,1,0,0,N,1,0,0,2,67301,1,,1,1,,N,N,,0,,0,0,0,0,0,,1155.0,1,2,0,0,0,0,0,3,4,0,1,3,,N,,,,,,,,,,,
2011000551,103.0,1,0,0,0,0,0,0,0,0,7,0,,67,12,2010,1,39.9855,-75.2083,54.0,6,0,0,0,0,0,0,0,0,2.0,0,0,0,0.0,3,0,0,,2,39 59:11.541,3.0,0,75 12:29.069,0,0,0,0,67301,0,0,0,N,0,0,0,3,68K01,0,,2,9,,N,N,,0,,0,0,0,0,0,N,38.0,0,1,0,0,0,0,0,3,4,0,1,7,,N,,,,,,,,,,,
2011026336,2247.0,2,0,0,0,0,0,0,0,0,6,0,,67,5,2010,4,40.0354,-75.0696,2247.0,6,0,0,0,1,0,1,0,0,,0,0,0,22.0,3,1,2,,0,40 02:07.511,,0,75 04:10.636,4,0,0,0,67301,0,0,0,,0,0,0,3,67301,1,,1,1,,N,,,1,,0,0,0,3,2,,2245.0,1,3,0,0,0,0,0,3,4,0,3,3,,N,,,,,,,,,,,
2011026358,1618.0,2,0,0,0,0,0,0,0,0,1,0,,67,6,2010,2,40.0269,-75.0593,1616.0,6,0,0,0,0,0,1,0,0,,0,0,0,15.0,1,1,2,,0,40 01:36.819,,0,75 03:33.460,3,0,0,0,67301,0,0,0,N,0,0,0,4,67301,0,,1,1,,,N,,0,,1,0,1,0,0,,1552.0,1,4,0,0,0,0,2,3,4,0,4,3,,N,,,,,,,,,,,
2011009847,734.0,1,0,0,0,0,0,0,0,0,8,0,,67,12,2010,3,39.9374,-75.1702,734.0,6,0,0,0,0,0,0,0,0,,0,0,0,4.0,3,1,0,,9,39 56:14.780,,0,75 10:12.660,8,0,0,0,67301,1,0,0,N,1,0,0,2,67301,0,,1,7,,N,N,,0,,0,0,0,0,0,,400.0,1,2,0,0,0,1,1,3,4,0,1,10,,N,,,,,,,,,,,
2011000874,924.0,3,0,0,0,0,0,0,0,0,1,0,,67,11,2010,5,39.9997,-75.099,920.0,6,0,0,0,0,0,0,0,0,,0,0,0,9.0,1,1,1,,0,39 59:58.827,,99,75 05:56.359,8,0,0,0,67301,0,0,0,N,0,0,0,1,67301,0,,6,1,,N,N,,0,,0,0,0,3,2,,915.0,1,4,0,0,0,1,0,3,4,0,3,3,,N,,,,,,,,,,,
2011000878,250.0,1,0,0,0,0,0,0,0,0,7,0,,67,11,2010,5,40.1231,-74.9753,247.0,6,0,0,0,0,1,0,0,0,,0,0,0,2.0,3,0,0,,0,40 07:23.322,,0,74 58:31.245,0,0,0,0,67301,0,0,0,N,0,0,0,2,67301,0,,2,1,,N,N,,0,,0,0,0,0,0,,245.0,0,1,0,0,2,0,0,3,4,0,1,3,,N,,,,,,,,,,,
2011001241,1209.0,4,0,0,0,0,0,0,0,0,1,0,,67,12,2010,1,39.9642,-75.1846,1200.0,6,0,0,0,0,0,1,0,0,,0,0,0,11.0,1,1,0,,0,39 57:58.089,,0,75 11:12.179,4,0,0,0,67301,0,0,0,N,0,0,0,5,68K01,1,,1,1,,N,N,,0,,0,0,1,0,0,,1157.0,1,5,0,0,0,0,0,3,4,0,5,3,,N,,,,,,,,,,,
2011034753,1830.0,1,0,0,0,0,0,0,0,0,8,0,,67,10,2010,1,40.0352,-75.0382,1820.0,6,0,0,0,0,0,0,0,0,,0,0,0,18.0,3,1,0,,0,40 02:06.651,,0,75 02:17.592,8,0,0,0,67301,1,0,0,,1,0,0,2,67301,0,,1,1,,N,,,0,,0,0,0,0,0,,1800.0,1,2,0,0,0,1,0,3,4,0,1,3,,N,,,,,,,,,,,
2011006777,1630.0,2,0,0,0,0,0,0,0,0,1,0,,67,12,2010,2,39.9551,-75.1976,1629.0,6,0,0,0,0,0,0,1,0,,0,0,0,16.0,1,1,0,,0,39 57:18.227,,0,75 11:51.370,8,0,0,0,67301,0,0,0,N,0,0,0,3,67504,0,,1,1,,N,N,,1,,0,0,0,3,2,,1600.0,1,3,0,0,0,1,0,3,4,0,3,3,,N,,,,,,,,,,,
2011025698,1610.0,2,0,0,0,0,0,0,0,0,4,0,,67,5,2010,5,40.0389,-75.1104,1605.0,6,0,0,0,0,0,0,0,0,,0,0,0,15.0,1,0,0,,0,40 02:19.959,,7,75 06:37.504,0,0,0,0,67301,0,0,0,N,0,0,0,3,67301,0,,1,1,,N,N,,0,,0,0,0,0,0,,1510.0,0,2,0,0,0,0,0,3,4,0,2,3,,N,,,,,,,,,,,
2011025736,1732.0,1,0,0,0,0,0,0,0,0,8,0,,67,5,2010,1,39.9648,-75.1906,1728.0,6,0,0,0,0,0,1,0,0,,0,0,0,17.0,1,1,0,,0,39 57:53.298,,0,75 11:26.055,3,0,0,0,67301,1,0,0,N,1,0,0,2,67301,0,,1,1,,N,N,,0,,1,0,0,0,0,,1722.0,1,2,0,0,0,0,0,3,4,0,1,3,,N,,,,,,,,,,,
2011027965,2107.0,1,0,0,0,0,0,0,0,0,8,0,,67,6,2010,5,39.9479,-75.2437,2105.0,6,0,0,0,0,0,0,0,0,,0,0,0,21.0,6,2,1,,0,39 56:52.414,,0,75 14:37.247,4,0,0,0,67301,1,0,0,,1,0,0,3,67301,2,,1,98,,,,,0,,0,0,0,3,3,,2105.0,2,3,0,0,0,0,0,3,4,0,1,99,,N,,,,,,,,,,,
2011015811,726.0,1,0,0,0,0,0,0,0,0,8,0,,67,12,2010,5,39.9526,-75.19,719.0,6,0,0,0,0,0,0,0,0,,0,0,0,7.0,1,1,1,,0,39 57:09.205,,0,75 11:24.106,3,0,0,0,67301,1,0,0,N,1,0,0,2,67301,0,,1,1,,N,N,,0,,1,0,0,3,2,,719.0,1,2,0,0,0,0,0,3,4,0,1,3,,N,,,,,,,,,,,
2011001101,9999.0,0,0,0,0,0,0,0,0,0,4,0,,67,11,2010,6,39.9464,-75.1795,9999.0,6,0,0,0,0,0,0,0,0,,0,0,0,99.0,3,2,1,,0,39 56:47.166,,0,75 10:46.214,8,0,0,0,67301,0,0,0,N,0,0,0,2,67301,0,,1,1,,N,N,,0,,0,0,2,3,2,,9999.0,2,2,0,0,0,2,0,3,4,0,2,3,,N,,,,,,,,,,,
2011015919,54.0,1,0,0,0,0,0,0,0,0,8,0,,67,12,2010,3,39.9943,-75.1269,53.0,6,0,0,0,0,0,0,0,0,,0,0,0,0.0,3,1,0,,0,39 59:39.429,,0,75 07:36.879,3,0,0,0,67301,1,0,0,,1,0,0,2,67301,0,,1,1,,,,,0,,1,0,0,0,0,,52.0,1,2,0,0,0,0,0,3,4,0,1,3,,N,,,,,,,,,,,
2011008495,1004.0,1,0,0,0,0,0,0,0,0,7,0,,67,12,2010,6,40.0152,-75.1771,1001.0,6,0,0,0,0,0,0,0,0,1.0,0,0,0,9.0,1,1,7,,2,40 00:54.775,4.0,0,75 10:37.437,3,0,0,0,67301,0,0,0,N,0,0,0,1,67301,0,,2,1,,N,N,,0,,1,0,0,3,8,N,958.0,1,1,0,0,0,0,0,3,4,0,1,3,,N,,,,,,,,,,,
2011016927,1110.0,3,0,0,0,0,0,0,0,0,4,0,,67,12,2010,7,40.0405,-75.1443,1100.0,6,0,0,0,0,0,0,0,0,,0,0,0,11.0,1,0,3,,0,40 02:25.794,,0,75 08:39.500,9,0,0,0,67301,0,0,0,N,0,0,0,3,67301,0,,1,1,,N,N,,0,,0,0,0,2,2,,1100.0,0,3,0,0,0,0,1,3,4,0,3,3,,N,,,,,,,,,,,
2011016929,130.0,0,0,0,0,0,0,0,0,0,4,0,,67,12,2010,3,39.9083,-75.1574,112.0,6,0,0,0,0,0,0,0,0,,0,0,0,23.0,3,0,2,,0,39 54:29.779,,0,75 09:26.596,0,0,0,0,67301,0,0,0,N,0,0,0,2,67301,0,,1,6,,N,N,,1,,0,0,1,0,0,,2326.0,0,2,0,0,0,0,0,3,4,0,2,98,,N,,,,,,,,,,,
2011000922,1650.0,0,0,0,0,0,0,1,0,0,8,1,,67,11,2010,2,39.9847,-75.1323,1645.0,6,0,0,0,0,0,0,0,0,,0,0,0,16.0,3,1,5,,0,39 59:05.168,,0,75 07:55.938,8,0,0,0,67301,1,0,0,N,1,0,0,2,67301,0,,1,1,,N,N,,0,,0,0,0,3,2,,1635.0,1,2,0,0,0,1,0,3,4,0,1,3,,N,,,,,,,,,,,
2011000996,141.0,1,0,0,0,0,0,0,0,0,7,0,,67,11,2010,6,40.0864,-75.2127,138.0,6,0,0,0,0,0,0,0,0,3.0,0,0,0,1.0,3,1,0,,1,40 05:10.910,1.0,0,75 12:45.690,4,0,0,0,67301,0,0,0,N,0,0,0,1,67301,1,,4,9,,N,N,,0,,0,0,0,0,0,Y,138.0,1,1,0,0,0,0,0,3,4,0,1,7,,N,,,,,,,,,,,
2010048900,743.0,2,0,0,0,0,0,0,0,0,4,0,,67,3,2010,3,40.0177,-75.1892,732.0,6,0,0,0,0,0,0,0,0,3.0,0,0,0,7.0,1,2,1,,1,40 01:03.868,3.0,0,75 11:20.998,8,0,0,0,67301,0,0,0,N,0,0,0,2,67301,0,,1,9,,N,N,,0,,0,0,0,3,2,N,735.0,2,2,0,0,0,2,0,3,4,0,2,99,,N,,,,,,,,,,,
2010052482,1847.0,1,0,0,0,0,0,1,0,0,4,1,,67,5,2010,2,39.9151,-75.1582,1842.0,6,0,0,0,0,0,0,0,0,,0,0,0,18.0,1,4,1,,0,39 54:54.665,,0,75 09:29.641,4,0,0,0,67301,0,0,0,N,0,0,0,6,67301,4,,1,1,,N,N,,0,,0,0,0,3,2,,1815.0,4,2,0,0,0,0,1,3,4,0,2,3,,N,,,,,,,,,,,
2010117720,1845.0,2,0,0,0,0,0,0,0,0,4,0,,67,9,2010,2,39.9745,-75.2601,1845.0,6,0,0,0,0,1,0,0,0,,0,0,0,18.0,4,3,0,,0,39 58:28.274,,7,75 15:36.419,8,0,0,0,67301,0,0,0,N,0,0,0,3,67301,0,,1,1,,N,N,,0,,0,0,0,0,0,,1845.0,3,2,0,0,2,3,0,3,4,0,2,3,,N,,,,,,,,,,,
2010117825,303.0,0,0,0,0,0,0,0,0,0,7,0,,67,10,2010,7,39.926,-75.1448,300.0,6,0,0,0,0,0,0,0,0,,0,0,0,2.0,3,0,3,,0,39 55:33.621,,0,75 08:41.427,0,0,0,0,67301,0,0,0,N,0,0,0,3,67301,0,,3,1,,N,N,,0,,0,0,1,3,3,,258.0,0,1,0,0,0,0,0,3,4,0,1,3,,N,,,,,,,,,,,
2010058946,1753.0,1,0,0,0,0,0,0,0,0,4,0,,67,5,2010,7,39.9765,-75.1133,1751.0,6,0,0,0,0,0,0,0,0,,0,0,0,99.0,1,1,2,,0,39 58:36.459,,0,75 06:47.555,3,0,0,1,67301,0,0,0,N,0,0,0,6,67301,0,,1,1,,N,N,,0,,1,0,0,3,2,,9999.0,1,2,0,0,4,0,0,3,4,0,2,3,,N,,,,,,,,,,,
2010027946,106.0,1,0,0,0,0,0,0,0,0,2,0,,67,2,2010,7,40.1161,-75.0205,32.0,6,0,0,0,0,0,1,0,0,,0,0,0,0.0,3,1,0,,0,40 06:57.883,,0,75 01:13.706,4,0,0,0,67301,0,0,0,N,0,0,0,2,67301,1,,1,7,,N,N,,0,,0,0,1,0,0,,22.0,1,2,0,0,0,0,0,3,4,0,2,10,,N,,,,,,,,,,,
2011024955,0.0,1,0,0,0,0,0,0,0,0,5,0,,67,7,2010,4,39.8917,-75.2251,0.0,6,0,0,0,0,0,1,0,0,,0,0,0,16.0,1,3,0,,0,39 53:30.175,,3,75 13:30.256,3,0,0,0,67301,0,0,0,N,0,0,0,4,00000,0,,1,9,,N,N,,0,,3,0,0,0,0,,1640.0,3,2,0,0,1,0,1,3,4,0,2,7,,N,,,,,,,,,,,
2011008374,1844.0,2,0,0,0,0,0,0,0,0,4,0,,67,12,2010,7,40.015,-75.1513,1834.0,6,0,0,0,0,0,0,0,0,,0,0,0,18.0,3,3,2,,0,40 00:53.827,,0,75 09:04.715,4,0,0,0,67301,3,0,0,N,0,0,0,4,67301,1,,1,1,,N,N,,0,,0,0,0,3,3,,1800.0,3,2,0,0,0,2,1,3,4,0,2,3,,N,,,,,,,,,,,
2011008471,9999.0,0,0,0,0,0,0,0,0,0,8,0,,67,12,2010,4,40.0304,-75.1803,9999.0,6,0,0,0,0,0,0,1,0,,0,0,0,8.0,1,1,1,,0,40 01:49.440,,0,75 10:49.133,8,0,0,0,67301,1,0,0,,1,0,0,2,67301,0,,1,1,,N,N,,0,,0,0,0,3,2,,800.0,1,2,0,0,0,1,1,3,4,1,1,3,,N,,,,,,,,,,,
2011025743,1705.0,0,0,0,0,0,0,0,0,0,8,0,,67,5,2010,3,39.9041,-75.2403,1603.0,6,0,0,0,0,0,0,0,0,1.0,0,0,0,16.0,1,1,0,,1,39 54:14.910,2.0,0,75 14:25.141,8,0,0,0,67301,1,0,0,,1,0,0,2,67301,0,,3,1,,,,,0,,0,0,0,0,0,N,1626.0,1,2,0,0,0,1,0,3,4,0,1,3,,N,,,,,,,,,,,
2010069885,2230.0,2,0,0,0,0,0,0,0,0,4,0,,67,6,2010,6,40.0614,-75.1687,2220.0,6,0,0,0,0,0,0,2,0,,0,0,0,22.0,3,1,1,,0,40 03:40.936,,0,75 10:07.181,4,0,0,0,67301,0,0,0,N,0,0,0,2,67301,1,,1,1,,N,N,,0,,0,0,0,3,3,,2215.0,1,2,0,0,0,0,0,3,4,0,2,3,,N,,,,,,,,,,,
2010052404,2147.0,2,0,0,0,0,0,0,0,0,5,0,,67,5,2010,7,40.004,-75.1589,2145.0,6,0,0,0,0,0,0,0,0,,0,0,0,21.0,3,1,2,,0,40 00:14.349,,0,75 09:32.097,3,0,0,0,67301,0,0,0,,0,0,0,2,67301,0,,1,1,,,,,0,,1,0,0,0,0,,2115.0,1,2,0,0,0,0,0,3,4,0,2,3,,N,,,,,,,,,,,
2010048831,2025.0,1,0,0,0,0,0,0,0,0,8,0,,67,4,2010,6,39.9909,-75.222,2013.0,6,0,0,0,0,0,0,0,0,,0,0,0,20.0,2,1,1,,0,39 59:27.175,,0,75 13:19.225,3,0,0,0,67301,1,0,0,,1,0,0,2,67301,0,,1,9,,,,,0,,1,0,0,3,3,,2012.0,1,2,0,0,0,0,0,3,4,0,1,7,,N,,,,,,,,,,,
2010032803,2024.0,1,0,0,0,0,0,0,0,0,4,0,,67,3,2010,6,40.0069,-75.0684,2024.0,6,0,0,0,0,0,1,0,0,,0,0,0,20.0,3,0,6,,0,40 00:23.754,,2,75 04:05.666,0,0,0,0,67301,0,0,0,N,0,0,0,2,67301,0,,1,9,,N,N,,1,,0,0,0,0,0,,2022.0,0,2,0,0,0,0,0,3,4,0,2,7,,N,,,,,,,,,,,
2010034094,2300.0,3,0,0,0,0,0,0,0,0,5,0,,67,3,2010,6,39.9567,-75.1541,2253.0,6,0,0,0,0,0,0,0,0,2.0,0,0,0,22.0,3,1,0,,1,39 57:24.108,3.0,0,75 09:14.894,4,0,0,0,67301,0,0,0,N,0,0,0,6,68K01,1,,1,1,,N,N,,0,,0,0,0,0,0,N,2250.0,1,3,0,0,0,0,0,3,4,0,3,3,,N,,,,,,,,,,,
2010104998,1537.0,1,0,0,0,0,0,0,0,0,8,0,,67,9,2010,4,40.0601,-75.0548,1528.0,6,0,0,0,0,0,1,0,0,,0,0,0,15.0,1,2,1,,0,40 03:36.316,,0,75 03:17.287,8,0,0,0,67301,2,0,0,N,2,0,0,3,67301,0,,1,1,,N,N,,0,,0,0,0,3,3,,1516.0,2,3,0,0,0,2,0,3,4,0,1,3,,N,,,,,,,,,,,
2010118414,1505.0,0,0,0,0,0,0,0,0,0,8,0,,67,10,2010,1,40.0299,-75.1136,1500.0,6,0,0,0,0,0,0,0,0,,0,0,0,13.0,1,1,0,,0,40 01:47.694,,0,75 06:48.931,4,0,0,0,67301,1,0,0,N,1,0,0,2,67301,1,,1,9,,N,N,,0,,0,0,0,0,0,,1300.0,1,2,0,0,0,0,0,3,4,1,1,3,,N,,,,,,,,,,,
2010088705,26.0,5,0,0,0,0,0,0,0,0,1,0,,67,8,2010,6,40.1098,-75.0284,18.0,6,0,0,0,0,0,0,0,0,,0,0,0,0.0,3,2,0,,0,40 06:35.388,,0,75 01:42.074,4,0,0,0,67301,0,0,0,N,0,0,0,2,67301,1,,6,1,,N,N,,0,,0,0,0,0,0,,5.0,2,5,0,0,0,1,0,3,4,0,5,3,,N,,,,,,,,,,,
2010088708,1351.0,1,0,0,0,0,0,0,0,0,8,0,,67,8,2010,2,40.0707,-75.0512,1341.0,6,0,0,0,0,0,0,1,0,,0,0,0,13.0,1,1,0,,0,40 04:14.372,,0,75 03:04.316,8,0,0,0,67301,1,0,0,N,1,0,0,2,67301,0,,1,1,,N,N,,0,,0,0,0,0,0,,1333.0,1,2,0,0,0,1,0,3,4,0,1,3,,N,,,,,,,,,,,
2010103064,2044.0,0,0,0,1,0,0,0,0,0,8,0,,67,9,2010,6,39.9288,-75.1458,2041.0,6,0,0,0,0,0,0,0,0,,0,0,0,20.0,4,1,2,,0,39 55:43.564,,0,75 08:44.872,4,0,0,0,67301,1,0,0,N,0,0,0,2,67301,1,,1,1,,N,N,,0,,0,0,1,9,9,,2040.0,1,2,0,0,1,0,0,3,4,0,1,3,,N,,,,,,,,,,,
2010103077,2031.0,1,0,0,0,0,0,0,0,0,8,0,,67,9,2010,6,40.0173,-75.0743,2026.0,6,0,0,0,0,0,0,0,0,,0,0,0,20.0,3,1,0,,0,40 01:02.409,,0,75 04:27.656,4,0,0,0,67301,1,0,0,N,1,0,0,2,67301,1,,1,1,,N,N,,0,,0,0,0,0,0,,2005.0,1,2,0,0,0,0,1,3,4,0,1,3,,N,,,,,,,,,,,
2010048909,1217.0,2,0,0,0,0,0,0,0,0,4,0,,67,4,2010,3,39.9435,-75.2353,1215.0,6,0,0,0,0,0,0,0,0,,0,0,0,12.0,1,0,1,,0,39 56:36.621,,0,75 14:06.917,0,0,0,0,67301,0,0,0,N,0,0,0,4,67301,0,,1,9,,N,N,,0,,0,0,0,3,3,,1200.0,0,2,0,0,2,0,0,3,4,0,2,7,,N,,,,,,,,,,,
2010069594,945.0,2,0,0,0,0,0,0,0,0,4,0,,67,6,2010,7,40.0553,-75.1929,933.0,6,0,0,0,0,0,1,0,0,9.0,0,0,0,9.0,1,0,1,,1,40 03:19.015,1.0,0,75 11:34.594,0,0,0,0,67301,0,0,0,N,0,0,0,2,67301,0,,1,1,,N,N,,0,,0,0,0,3,2,N,925.0,0,2,0,0,0,0,0,3,4,0,2,3,,N,,,,,,,,,,,
2010081806,1647.0,1,0,0,0,0,0,0,0,0,3,0,,67,7,2010,4,39.9186,-75.2444,1514.0,6,0,0,0,0,0,1,0,0,,0,0,0,15.0,1,3,1,,0,39 55:06.848,,0,75 14:39.854,4,0,0,0,67301,0,0,0,,0,0,0,4,67301,3,,1,1,,,,,2,,0,0,0,3,2,,1512.0,3,3,0,0,0,0,0,3,4,0,3,3,,N,,,,,,,,,,,
2010027966,1205.0,1,0,0,0,0,0,0,0,0,1,1,,67,2,2010,4,39.9953,-75.1284,1200.0,6,0,0,0,0,0,0,0,0,,0,1,0,99.0,1,1,0,,0,39 59:42.921,,0,75 07:42.338,4,0,0,0,67301,1,0,0,N,0,0,0,3,67301,1,,6,1,,N,N,,0,,0,0,0,0,0,,9999.0,1,2,0,0,0,0,0,3,4,0,2,3,,N,,,,,,,,,,,
2010052409,1138.0,2,0,0,0,0,0,0,0,0,4,0,,67,4,2010,6,39.9407,-75.1759,1030.0,6,0,0,0,0,0,0,0,0,,0,0,0,10.0,1,0,1,,0,39 56:26.599,,0,75 10:33.387,0,0,0,0,67301,0,0,0,,0,0,0,2,67301,0,,1,98,,N,N,,0,,0,0,0,3,3,,1030.0,0,2,0,0,1,0,0,3,4,0,2,99,,N,,,,,,,,,,,
2010048792,155.0,0,0,0,0,0,0,0,0,0,7,0,,67,4,2010,5,40.0736,-75.1783,152.0,6,0,0,0,0,0,0,0,0,,0,0,0,1.0,3,1,0,,0,40 04:24.863,,0,75 10:41.801,8,0,0,0,67301,0,0,0,N,0,0,0,1,67301,0,,5,1,,N,N,,1,,0,0,0,0,0,,148.0,1,1,0,0,0,1,0,3,4,0,1,3,,N,,,,,,,,,,,
2010048832,1910.0,1,0,0,0,0,0,0,0,0,8,0,,67,4,2010,2,40.0213,-75.1602,1909.0,6,0,0,0,0,0,1,0,0,,0,0,0,18.0,1,1,1,,0,40 01:16.608,,0,75 09:36.814,4,0,0,0,67301,1,0,0,,1,0,0,3,67301,1,,1,1,,N,N,,0,,0,0,0,3,2,,1820.0,1,2,0,0,0,0,0,3,4,0,1,3,,N,,,,,,,,,,,