CRN,ARRIVAL_TM,AUTOMOBILE_COUNT,BELTED_DEATH_COUNT,BELTED_SUSP_SERIOUS_INJ_COUNT,BICYCLE_COUNT,BICYCLE_DEATH_COUNT,BICYCLE_SUSP_SERIOUS_INJ_COUNT,BUS_COUNT,CHLDPAS_DEATH_COUNT,CHLDPAS_SUSP_SERIOUS_INJ_COUNT,COLLISION_TYPE,COMM_VEH_COUNT,CONS_ZONE_SPD_LIM,COUNTY,CRASH_MONTH,CRASH_YEAR,DAY_OF_WEEK,DEC_LAT,DEC_LONG,DISPATCH_TM,DISTRICT,DRIVER_COUNT_16YR,DRIVER_COUNT_17YR,DRIVER_COUNT_18YR,DRIVER_COUNT_19YR,DRIVER_COUNT_20YR,DRIVER_COUNT_50_64YR,DRIVER_COUNT_65_74YR,DRIVER_COUNT_75PLUS,EST_HRS_CLOSED,FATAL_COUNT,HEAVY_TRUCK_COUNT,HORSE_BUGGY_COUNT,HOUR_OF_DAY,ILLUMINATION,INJURY_COUNT,INTERSECT_TYPE,INTERSECTION_RELATED,LANE_CLOSED,LATITUDE,LN_CLOSE_DIR,LOCATION_TYPE,LONGITUDE,MAX_SEVERITY_LEVEL,MCYCLE_DEATH_COUNT,MCYCLE_SUSP_SERIOUS_INJ_COUNT,MOTORCYCLE_COUNT,MUNICIPALITY,NONMOTR_COUNT,NONMOTR_DEATH_COUNT,NONMOTR_SUSP_SERIOUS_INJ_COUNT,NTFY_HIWY_MAINT,PED_COUNT,PED_DEATH_COUNT,PED_SUSP_SERIOUS_INJ_COUNT,PERSON_COUNT,POLICE_AGCY,POSSIBLE_INJ_COUNT,RDWY_SURF_TYPE_CD,RELATION_TO_ROAD,ROAD_CONDITION,ROADWAY_CLEARED,SCH_BUS_IND,SCH_ZONE_IND,SECONDARY_CRASH,SMALL_TRUCK_COUNT,SPEC_JURIS_CD,SUSP_MINOR_INJ_COUNT,SUSP_SERIOUS_INJ_COUNT,SUV_COUNT,TCD_FUNC_CD,TCD_TYPE,TFC_DETOUR_IND,TIME_OF_DAY,TOT_INJ_COUNT,TOTAL_UNITS,UNB_DEATH_COUNT,UNB_SUSP_SERIOUS_INJ_COUNT,UNBELTED_OCC_COUNT,UNK_INJ_DEG_COUNT,UNK_INJ_PER_COUNT,URBAN_AREA,URBAN_RURAL,VAN_COUNT,VEHICLE_COUNT,WEATHER1,WEATHER2,WORK_ZONE_IND,WORK_ZONE_LOC,WORK_ZONE_TYPE,WORKERS_PRES,WZ_CLOSE_DETOUR,WZ_FLAGGER,WZ_LAW_OFFCR_IND,WZ_LN_CLOSURE,WZ_MOVING,WZ_OTHER,WZ_SHLDER_MDN,WZ_WORKERS_INJ_KILLED
2010048852,1820.0,2,0,0,0,0,0,0,0,0,4,0,,67,4,2010,6,39.9946,-75.0945,1815.0,6,0,0,0,0,0,0,0,0,,0,0,0,17.0,1,1,1,,0,39 59:40.673,,0,75 05:40.311,4,0,0,0,67301,0,0,0,N,0,0,0,4,67301,1,,1,1,,N,N,,0,,0,0,0,3,2,,1745.0,1,2,0,0,0,0,0,3,4,0,2,3,,N,,,,,,,,,,,
2010118402,9999.0,2,0,0,0,0,0,0,0,0,4,0,,67,10,2010,7,40.0407,-75.1266,9999.0,6,0,0,0,0,0,0,0,0,,0,0,0,8.0,1,2,1,,0,40 02:26.426,,0,75 07:35.867,8,0,0,0,67301,0,0,0,N,0,0,0,4,67301,0,,1,1,,N,N,,0,,0,0,0,3,3,,826.0,2,2,0,0,4,2,0,3,4,0,2,3,,N,,,,,,,,,,,
2010088738,40.0,3,0,0,0,0,0,0,0,0,4,0,,67,8,2010,1,39.9263,-75.1845,40.0,6,0,0,0,0,0,0,0,0,3.0,0,0,0,0.0,3,2,1,,2,39 55:34.530,7.0,0,75 11:03.499,4,0,0,0,67301,0,0,0,N,0,0,0,2,67301,2,,1,1,,N,N,,0,,0,0,0,3,2,N,40.0,2,3,0,0,0,0,0,3,4,0,3,3,,N,,,,,,,,,,,
2011025294,0.0,1,0,0,0,0,0,0,0,0,5,0,,67,10,2010,2,40.0399,-75.077,0.0,6,0,0,0,0,0,1,0,0,,0,0,0,12.0,1,0,2,,0,40 02:23.625,,0,75 04:37.247,9,0,0,0,67301,0,0,0,N,0,0,0,3,00000,0,,1,9,,N,N,,0,,0,0,1,0,0,,1215.0,0,2,0,0,0,0,3,3,4,0,2,7,,N,,,,,,,,,,,
2011023529,0.0,1,0,0,0,0,0,0,0,0,4,0,,67,4,2010,6,40.0256,-75.0582,0.0,6,0,0,0,0,0,0,0,0,,0,0,0,1.0,3,0,1,,0,40 01:32.306,,0,75 03:29.519,9,0,0,0,67301,0,0,0,N,0,0,0,2,00000,0,,1,9,,N,N,,0,,0,0,0,3,2,,130.0,0,2,0,0,0,0,1,3,4,1,2,7,,N,,,,,,,,,,,
2011001091,1711.0,2,0,0,0,0,0,0,0,0,5,0,,67,11,2010,1,39.9511,-75.2109,1709.0,6,0,0,0,0,0,1,0,0,,0,0,0,17.0,3,0,0,,0,39 57:03.808,,0,75 12:39.272,0,0,0,0,67301,0,0,0,N,0,0,0,1,67301,0,,2,1,,N,N,,0,,0,0,2,0,0,,1700.0,0,4,0,0,0,0,0,3,4,0,4,3,,N,,,,,,,,,,,
2011001099,700.0,1,0,0,0,0,0,1,0,0,4,1,,67,11,2010,3,39.9457,-75.1819,650.0,6,0,0,0,0,0,0,0,0,,0,0,0,6.0,1,1,2,,0,39 56:44.412,,0,75 10:54.721,8,0,0,0,67301,0,0,0,N,0,0,0,8,67301,0,,1,1,,N,N,,0,,0,0,0,3,3,,645.0,1,2,0,0,1,1,0,3,4,0,2,3,,N,,,,,,,,,,,
2011001100,1739.0,0,0,0,0,0,0,0,0,0,8,0,,67,12,2010,5,39.9373,-75.1767,1736.0,6,0,0,0,0,0,0,0,0,,0,0,0,17.0,3,1,5,,0,39 56:14.190,,0,75 10:36.127,8,0,0,0,67301,1,0,0,,1,0,0,2,67301,0,,1,1,,,,,1,,0,0,0,3,3,,1730.0,1,2,0,0,0,1,0,3,4,0,1,3,,N,,,,,,,,,,,
2011015905,37.0,3,0,0,0,0,0,0,0,0,7,0,,67,12,2010,7,40.0443,-75.113,33.0,6,0,0,1,0,0,1,0,0,,0,0,0,0.0,3,0,2,,0,40 02:46.874,,0,75 06:45.258,0,0,0,0,67301,0,0,0,N,0,0,0,6,67301,0,,5,1,,N,N,,0,,0,0,0,0,0,,33.0,0,3,0,0,0,0,0,3,4,0,3,3,,N,,,,,,,,,,,
2011015962,2050.0,0,0,0,0,0,0,0,0,0,2,0,,67,12,2010,4,40.0522,-75.1409,2048.0,6,0,0,0,0,0,0,0,0,,0,0,0,20.0,3,0,0,,0,40 03:07.850,,0,75 08:27.290,9,0,0,0,67301,0,0,0,N,0,0,0,1,67301,0,,6,7,,N,N,,1,,0,0,2,0,0,,2048.0,0,3,0,0,0,0,1,3,4,0,3,10,,N,,,,,,,,,,,
2011000972,2350.0,0,0,0,0,0,0,0,0,0,2,0,,67,12,2010,7,40.0045,-75.1321,2350.0,6,0,0,0,0,0,1,0,0,,0,0,0,23.0,3,2,1,,0,40 00:16.318,,0,75 07:55.437,4,0,0,0,67301,0,0,0,N,0,0,0,3,67301,2,,1,1,,N,N,,0,,0,0,2,0,0,,2350.0,2,2,0,0,0,0,0,3,4,0,2,3,,N,,,,,,,,,,,
2011001022,1610.0,2,0,0,0,0,0,0,0,0,1,0,,67,11,2010,2,40.0018,-75.1545,1557.0,6,0,0,0,0,0,0,1,0,,0,0,0,15.0,1,2,1,,0,40 00:06.454,,0,75 09:15.943,8,0,0,0,67301,0,0,0,N,0,0,0,8,67301,0,,1,1,,N,N,,0,,0,0,0,3,2,,1515.0,2,3,0,0,0,2,0,3,4,1,3,3,,N,,,,,,,,,,,
2011100893,1150.0,0,0,0,0,0,0,0,0,0,4,0,,67,9,2010,5,39.9118,-75.1778,1141.0,6,0,0,0,0,1,0,0,0,,0,0,0,11.0,1,1,2,,0,39 54:42.570,,0,75 10:40.195,4,0,0,0,67301,0,0,0,N,0,0,0,3,67301,1,,1,1,,N,N,,0,,0,0,2,3,3,,1135.0,1,2,0,0,0,0,0,3,4,0,2,3,,N,,,,,,,,,,,
2011026236,1454.0,3,0,0,0,0,0,0,0,0,5,0,,67,6,2010,7,39.9826,-75.1752,1451.0,6,0,0,0,1,0,1,0,0,,0,0,0,14.0,1,1,0,,0,39 58:57.387,,0,75 10:30.630,4,0,0,0,67301,0,0,0,,0,0,0,2,67301,1,,1,1,,,,,0,,0,0,0,3,2,,1448.0,1,3,0,0,0,0,0,3,4,0,3,3,,N,,,,,,,,,,,
2011026238,1510.0,3,0,0,0,0,0,0,0,0,1,0,,67,6,2010,3,39.9898,-75.1924,1505.0,6,0,0,0,0,0,0,0,0,,0,0,0,14.0,1,0,0,,0,39 59:23.170,,0,75 11:32.610,0,0,0,0,67301,0,0,0,N,0,0,0,1,67301,0,,6,1,,N,N,,0,,0,0,1,0,0,,1455.0,0,4,0,0,0,0,0,3,4,0,4,3,,N,,,,,,,,,,,
2011026198,2356.0,3,0,0,0,0,0,0,0,0,2,0,,67,6,2010,7,39.9863,-75.1561,2355.0,6,0,0,0,0,1,0,0,0,2.0,0,0,0,23.0,3,1,1,,2,39 59:10.572,1.0,0,75 09:22.129,8,0,0,0,67301,0,0,0,N,0,0,0,4,67301,0,,1,1,,N,N,,0,,0,0,0,3,2,Y,2355.0,1,3,0,0,0,1,3,3,4,0,3,3,,N,,,,,,,,,,,
2011031439,639.0,1,0,0,0,0,0,0,0,0,7,0,,67,2,2010,5,40.0193,-75.1437,616.0,6,0,0,1,0,0,0,0,0,1.0,0,0,0,6.0,1,1,0,,1,40 01:09.654,3.0,0,75 08:35.869,3,0,0,0,67301,0,0,0,Y,0,0,0,1,67301,0,,3,1,,N,N,,0,,1,0,0,0,0,Y,614.0,1,1,0,0,1,0,0,3,4,0,1,3,,N,,,,,,,,,,,
2011001721,1738.0,2,0,0,0,0,0,0,0,0,1,0,,67,11,2010,7,40.0417,-75.1146,1728.0,6,0,0,0,0,0,1,0,0,,0,0,0,17.0,3,1,0,,0,40 02:30.091,,0,75 06:52.531,4,0,0,0,67301,0,0,0,N,0,0,0,3,67301,1,,1,1,,N,N,,0,,0,0,0,0,0,,1728.0,1,3,0,0,0,0,1,3,4,0,3,3,,N,,,,,,,,,,,
2011009159,24.0,2,0,0,0,0,0,0,0,0,1,0,,67,12,2010,1,40.0277,-75.1098,18.0,6,0,0,0,0,1,0,0,0,,0,0,0,0.0,3,2,0,,0,40 01:39.566,,0,75 06:35.123,4,0,0,0,67301,0,0,0,N,0,0,0,4,67301,2,,1,9,,N,N,,0,,0,0,0,0,0,,16.0,2,2,0,0,0,0,0,3,4,0,2,7,,N,,,,,,,,,,,
2011008300,228.0,1,0,0,0,0,0,0,0,0,1,0,,67,12,2010,7,39.922,-75.2432,224.0,6,0,0,0,0,0,0,0,0,,0,0,0,99.0,3,1,0,,0,39 55:19.300,,0,75 14:35.450,4,0,0,0,67301,0,0,0,N,0,0,0,1,67301,1,,6,1,,N,N,,1,,0,0,0,0,0,,9999.0,1,2,0,0,1,0,0,3,4,0,2,3,,N,,,,,,,,,,,
2011025394,0.0,0,0,0,0,0,0,0,0,0,4,0,,67,6,2010,5,40.0268,-75.151,0.0,6,0,0,0,0,0,1,0,0,,0,0,0,16.0,1,0,0,,0,40 01:36.510,,7,75 09:03.500,9,0,0,1,67301,0,0,0,,0,0,0,2,00000,0,,1,1,,,,,0,,0,0,0,0,0,,1605.0,0,2,0,0,0,0,1,3,4,1,2,3,,N,,,,,,,,,,,
2011025670,809.0,1,0,0,0,0,0,0,0,0,1,0,,67,6,2010,4,40.0636,-75.0874,804.0,6,0,0,0,0,0,1,0,0,,0,0,0,8.0,1,0,1,,0,40 03:48.917,,0,75 05:14.807,0,0,0,0,67301,0,0,0,N,0,0,0,3,67301,0,,1,1,,N,N,,1,,0,0,1,3,2,,801.0,0,3,0,0,0,0,0,3,4,0,3,3,,N,,,,,,,,,,,
2011025688,,2,0,0,0,0,0,0,0,0,4,0,,67,12,2010,5,40.0143,-75.2048,,6,0,0,0,0,0,0,0,0,,0,0,0,19.0,6,1,0,,0,40 00:53.316,,0,75 12:19.208,8,0,0,0,67301,0,0,0,N,0,0,0,2,00000,0,,1,2,,N,N,,0,,0,0,0,0,0,,1920.0,1,2,0,0,0,1,1,3,4,0,2,10,,N,,,,,,,,,,,
2011025729,1655.0,1,0,0,0,0,0,0,0,0,4,0,,67,5,2010,4,40.0569,-75.1565,1644.0,6,0,0,0,0,0,0,0,0,,0,0,0,16.0,1,3,0,,0,40 03:24.717,,7,75 09:23.446,4,0,0,0,67301,0,0,0,N,0,0,0,4,67301,3,,1,1,,N,N,,1,,0,0,0,0,0,,1644.0,3,2,0,0,0,0,0,3,4,0,2,3,,N,,,,,,,,,,,
2011025731,325.0,0,0,0,0,0,0,0,0,0,7,0,,67,5,2010,1,40.016,-75.2043,323.0,6,0,0,0,0,0,0,0,0,1.0,0,0,0,3.0,3,2,0,,2,40 00:57.760,1.0,0,75 12:15.520,4,0,0,0,67301,0,0,0,,0,0,0,2,67301,1,,2,9,,N,,,0,,0,0,1,0,0,N,321.0,2,2,0,0,0,1,0,3,4,0,1,7,,N,,,,,,,,,,,
2011025751,1700.0,1,0,0,0,0,0,0,0,0,8,0,,67,5,2010,4,40.009,-75.149,9999.0,6,0,0,0,0,0,0,0,0,,0,0,0,14.0,1,1,0,,0,40 00:32.303,,0,75 08:56.438,4,0,0,0,67301,1,0,0,,1,0,0,2,67301,1,,1,1,,,,,0,,0,0,0,0,0,,1430.0,1,2,0,0,0,0,0,3,4,0,1,3,,N,,,,,,,,,,,
2011025752,1851.0,2,0,0,0,0,0,0,0,0,6,0,,67,5,2010,5,40.013,-75.1194,1849.0,6,0,0,0,0,0,0,0,0,,0,0,0,99.0,1,2,1,,0,40 00:46.713,,0,75 07:09.797,8,0,0,0,67301,0,0,0,N,0,0,0,3,67301,0,,1,1,,N,N,,0,,0,0,0,3,2,,9999.0,2,2,0,0,0,2,0,3,4,0,2,3,,N,,,,,,,,,,,
2011025767,1035.0,2,0,0,0,0,0,0,0,0,1,0,,67,5,2010,4,39.9955,-75.1541,1031.0,6,0,0,0,0,0,0,0,0,,0,0,0,10.0,1,4,1,,0,39 59:43.909,,0,75 09:15.275,4,0,0,0,67301,0,0,0,N,0,0,0,5,67301,1,,1,1,,N,N,,0,,0,0,0,3,2,,1030.0,4,2,0,0,0,3,0,3,4,0,2,3,,N,,,,,,,,,,,
2011095446,1625.0,3,0,0,0,0,0,0,0,0,1,0,,67,11,2010,3,39.9994,-75.1533,1621.0,6,0,0,0,0,0,2,1,0,9.0,0,0,0,15.0,1,1,0,,2,39 59:57.722,2.0,0,75 09:11.809,4,0,0,0,67301,0,0,0,,0,0,0,6,67301,1,,1,1,,N,,,0,,0,0,1,0,0,Y,1537.0,1,5,0,0,0,0,2,3,4,1,5,3,,N,,,,,,,,,,,
2011001058,1930.0,2,0,0,0,0,0,0,0,0,4,0,,67,12,2010,7,40.0539,-75.0863,2000.0,6,0,0,0,0,0,0,0,0,,0,0,0,19.0,6,1,1,,0,40 03:13.772,,0,75 05:10.794,8,0,0,0,67301,0,0,0,N,0,0,0,3,67301,0,,1,1,,N,N,,0,,0,0,0,3,2,,1930.0,1,2,0,0,0,1,0,3,4,0,2,3,,N,,,,,,,,,,,
2011008878,859.0,1,0,0,0,0,0,0,0,0,8,0,,67,12,2010,3,40.0523,-75.1516,854.0,6,0,0,0,0,0,0,0,0,,0,0,0,8.0,1,1,1,,0,40 03:08.130,,0,75 09:05.827,4,0,0,0,67301,1,0,0,N,1,0,0,2,67301,1,,1,1,,N,N,,0,,0,0,0,3,3,,840.0,1,2,0,0,0,0,0,3,4,0,1,3,,N,,,,,,,,,,,
2011000938,1200.0,2,0,0,0,0,0,0,0,0,4,0,,67,11,2010,2,39.9221,-75.1885,1150.0,6,0,0,0,0,0,0,0,0,,0,0,0,11.0,1,1,2,,0,39 55:19.333,,0,75 11:20.085,8,0,0,0,67301,0,0,0,N,0,0,0,2,67301,0,,4,1,,N,N,,0,,0,0,0,3,2,,1150.0,1,2,0,0,0,1,0,3,4,0,2,3,,N,,,,,,,,,,,
2011001005,1743.0,1,0,0,0,0,0,0,0,0,8,0,,67,11,2010,3,39.9508,-75.1955,1736.0,6,0,0,0,0,0,0,0,0,1.0,0,0,0,17.0,3,1,0,,1,39 57:02.955,4.0,0,75 11:43.623,4,0,0,0,67301,1,0,0,N,1,0,0,3,67301,1,,2,1,,N,N,,0,,0,0,0,3,2,N,1725.0,1,2,0,0,0,0,2,3,4,0,1,3,,N,,,,,,,,,,,
2012029988,2330.0,2,0,0,0,0,0,0,0,0,4,0,,67,6,2010,4,40.0099,-75.1966,2325.0,6,0,0,0,0,1,0,0,0,,0,0,0,23.0,3,1,0,,0,40 00:35.714,,0,75 11:47.655,8,0,0,0,67301,0,0,0,N,0,0,0,1,67301,0,,2,1,,N,,,0,,0,0,0,0,0,,2323.0,1,2,0,0,0,1,0,3,4,0,2,3,,N,,,,,,,,,,,
2010084264,2050.0,2,0,0,0,0,0,0,0,0,5,0,,67,7,2010,4,39.9482,-75.165,2050.0,6,0,0,0,0,0,0,0,0,,0,0,0,20.0,3,1,0,,0,39 56:53.656,,0,75 09:53.935,8,0,0,0,67301,0,0,0,,0,0,0,2,67301,0,,1,1,,N,N,,0,,0,0,0,0,0,,2046.0,1,2,0,0,0,1,0,3,4,0,2,3,,N,,,,,,,,,,,
2010052363,1221.0,1,0,0,0,0,0,0,0,0,1,0,,67,5,2010,7,40.0358,-75.1498,1218.0,6,0,0,0,1,0,0,0,0,,0,0,0,12.0,1,1,2,,0,40 02:09.047,,7,75 08:59.278,4,0,0,0,67301,0,0,0,N,0,0,0,2,67301,1,,1,1,,N,N,,1,,0,0,0,3,2,,1215.0,1,2,0,0,0,0,0,3,4,0,2,3,,N,,,,,,,,,,,
2010044848,2105.0,2,0,0,0,0,0,0,0,0,1,0,,67,4,2010,1,40.053,-75.0505,2104.0,6,0,0,0,0,0,0,0,0,1.0,0,0,0,21.0,3,3,0,,1,40 03:10.841,2.0,0,75 03:01.826,4,0,0,0,67301,0,0,0,N,0,0,0,10,67301,3,,1,9,,N,N,,0,,0,0,1,0,0,N,2100.0,3,3,0,0,0,0,0,3,4,0,3,7,,N,,,,,,,,,,,
2010048617,1830.0,2,0,0,0,0,0,0,0,0,1,0,,67,4,2010,4,40.0247,-75.1283,9999.0,6,0,0,0,0,0,0,0,0,,0,0,0,18.0,1,1,0,,0,40 01:28.939,,6,75 07:42.069,4,0,0,0,67301,0,0,0,N,0,0,0,3,67301,1,,1,9,,N,N,,0,,0,0,0,0,0,,1825.0,1,3,0,0,0,0,0,3,4,1,3,7,,N,,,,,,,,,,,
2010070756,1451.0,2,0,0,0,0,0,0,0,0,1,0,,67,6,2010,1,40.0137,-75.1795,1451.0,6,0,0,0,0,0,0,0,0,,0,0,0,14.0,1,2,6,,0,40 00:47.390,,2,75 10:49.073,4,0,0,0,67301,0,0,0,N,0,0,0,5,67301,1,,1,1,,N,N,,0,,0,0,0,3,4,,1420.0,2,2,0,0,0,1,0,3,4,0,2,3,,N,,,,,,,,,,,
2010070758,1345.0,2,0,0,0,0,0,0,0,0,4,0,,67,6,2010,4,40.0808,-75.0284,1335.0,6,0,0,0,0,0,0,0,0,1.0,0,0,0,13.0,1,4,1,,2,40 04:50.449,1.0,0,75 01:42.488,8,0,0,0,67301,0,0,0,N,0,0,0,4,67301,0,,1,1,,N,N,,0,,0,0,0,3,2,Y,1325.0,4,2,0,0,3,4,0,3,4,0,2,3,,N,,,,,,,,,,,
2010062664,648.0,0,0,0,0,0,0,0,0,0,7,0,,67,5,2010,1,40.0991,-74.9863,645.0,6,0,0,0,0,0,0,0,0,,0,0,0,6.0,1,1,0,,0,40 05:56.916,,0,74 59:10.609,8,0,0,0,67301,0,0,0,N,0,0,0,2,67301,0,,2,1,,N,N,,0,,0,0,2,0,0,,645.0,1,2,0,0,1,1,1,3,4,0,2,3,,N,,,,,,,,,,,
2010117858,210.0,1,0,0,0,0,0,0,0,0,7,0,,67,10,2010,1,39.9223,-75.2463,209.0,6,0,0,0,0,0,0,0,0,1.0,0,0,0,2.0,3,1,0,,2,39 55:20.200,5.0,0,75 14:46.752,3,0,0,0,67301,0,0,0,N,0,0,0,1,67301,0,,9,1,,N,N,,0,,1,0,0,0,0,Y,209.0,1,1,0,0,0,0,0,3,4,0,1,3,,N,,,,,,,,,,,
2010117864,1747.0,1,0,0,0,0,0,1,0,0,5,1,,67,10,2010,6,39.9516,-75.1569,1740.0,6,0,0,0,0,0,0,0,0,,0,0,0,17.0,1,5,0,,0,39 57:05.645,,0,75 09:24.779,3,0,0,0,67301,0,0,0,N,0,0,0,5,67301,3,,1,1,,N,N,,0,,2,0,0,0,0,,1706.0,5,2,0,0,0,0,0,3,4,0,2,3,,N,,,,,,,,,,,
2010070018,1903.0,0,0,0,1,0,0,1,0,0,4,1,,67,6,2010,2,40.0182,-75.0919,1901.0,6,0,0,0,0,0,0,0,0,,0,0,0,19.0,4,1,2,,0,40 01:05.624,,0,75 05:30.998,3,0,0,0,67301,1,0,0,,0,0,0,2,67301,0,,1,1,,N,N,,0,,1,0,0,3,3,,1900.0,1,2,0,0,0,0,0,3,4,0,1,3,,N,,,,,,,,,,,
2010028070,1655.0,0,0,0,0,0,0,0,0,0,8,0,,67,1,2010,3,39.9478,-75.2274,1650.0,6,0,0,0,0,0,0,0,0,,0,0,0,16.0,1,1,5,,0,39 56:52.000,,0,75 13:38.688,8,0,0,0,67301,1,0,0,N,1,0,0,2,67301,0,,1,9,,N,N,,0,,0,0,0,3,2,,1630.0,1,2,0,0,0,1,0,3,4,0,1,3,,N,,,,,,,,,,,
2010028585,1620.0,2,0,0,0,0,0,0,0,0,1,0,,67,2,2010,3,40.112,-75.0041,1615.0,6,0,0,0,0,0,0,0,0,,0,0,0,16.0,1,1,0,,0,40 06:43.300,,0,75 00:14.720,8,0,0,0,67301,0,0,0,,0,0,0,2,67301,0,,1,9,,,,,0,,0,0,0,0,0,,1615.0,1,2,0,0,0,1,0,3,4,0,2,7,,N,,,,,,,,,,,
2011008395,9999.0,4,0,0,0,0,0,0,0,0,1,0,,67,12,2010,5,40.0388,-75.0607,9999.0,6,0,0,0,0,0,0,1,0,,0,0,0,99.0,2,1,0,,0,40 02:19.555,,0,75 03:38.652,8,0,0,0,67301,0,0,0,N,0,0,0,4,67301,0,,1,2,,N,N,,0,,0,0,0,0,0,,9999.0,1,4,0,0,0,1,0,3,4,0,4,10,,N,,,,,,,,,,,
2011008851,1920.0,1,0,0,0,0,0,0,0,0,1,0,,67,12,2010,4,39.9145,-75.1736,1906.0,6,0,0,0,0,0,0,0,1,,0,0,0,19.0,3,1,1,,0,39 54:52.106,,0,75 10:24.815,3,0,0,0,67301,0,0,0,,0,0,0,1,67301,0,,1,1,,,,,0,,1,0,1,3,3,,1900.0,1,2,0,0,0,0,0,3,4,0,2,3,,N,,,,,,,,,,,
2011008886,1832.0,1,0,0,0,0,0,0,0,0,1,0,,67,12,2010,4,40.0522,-75.1407,1830.0,6,0,0,0,0,0,0,0,0,,0,0,0,99.0,3,1,0,,0,40 03:07.905,,99,75 08:26.426,4,0,0,0,67301,0,0,0,N,0,0,0,1,67301,1,,1,1,,N,N,,0,,0,0,3,0,0,,9999.0,1,4,0,0,0,0,0,3,4,0,4,3,,N,,,,,,,,,,,
2011008889,9999.0,0,0,0,0,0,0,0,0,0,8,0,,67,12,2010,4,39.9627,-75.2467,1700.0,6,0,0,0,0,0,0,0,0,,0,0,0,16.0,1,1,0,,0,39 57:45.668,,0,75 14:48.187,4,0,0,0,67301,1,0,0,N,1,0,0,2,67301,1,,1,1,,N,N,,1,,0,0,0,0,0,,1645.0,1,2,0,0,0,0,0,3,4,0,1,3,,N,,,,,,,,,,,
2011000939,402.0,1,0,0,0,0,0,0,0,0,7,0,,67,11,2010,4,40.0242,-75.1307,359.0,6,0,0,0,0,0,0,0,0,,0,0,0,3.0,3,1,0,,0,40 01:27.148,,0,75 07:50.594,4,0,0,0,67301,0,0,0,N,0,0,0,1,67301,1,,3,1,,N,N,,0,,0,0,0,3,2,,354.0,1,1,0,0,0,0,0,3,4,0,1,3,,N,,,,,,,,,,,
2011000942,1610.0,1,0,0,0,0,0,0,0,0,1,0,,67,11,2010,3,40.0608,-75.0433,1559.0,6,0,0,0,0,0,0,0,0,2.0,0,0,0,15.0,1,2,0,,2,40 03:37.996,1.0,0,75 02:36.160,4,0,0,0,67301,0,0,0,N,0,0,0,4,67301,2,,1,1,,N,N,,0,,0,0,1,0,0,Y,1555.0,2,2,0,0,0,0,0,3,4,0,2,3,,N,,,,,,,,,,,
2011000967,2027.0,1,0,0,0,0,0,0,0,0,5,0,,67,12,2010,6,40.0062,-75.1518,2024.0,6,0,0,0,0,0,0,0,0,,0,0,0,20.0,4,1,2,,0,40 00:22.203,,0,75 09:06.487,8,0,0,0,67301,0,0,0,N,0,0,0,2,67505,0,,1,1,,N,N,,0,,0,0,1,3,2,,2024.0,1,2,0,0,1,1,0,3,4,0,2,3,,N,,,,,,,,,,,
2011000995,2000.0,1,0,0,0,0,0,0,0,0,4,0,,67,11,2010,3,40.0684,-75.1619,1954.0,6,0,0,1,0,0,0,0,0,,0,0,0,19.0,3,3,1,,0,40 04:06.283,,0,75 09:42.667,4,0,0,0,67301,0,0,0,N,0,0,0,3,67301,3,,1,1,,N,N,,1,,0,0,0,3,3,,1931.0,3,2,0,0,0,0,0,3,4,0,2,3,,N,,,,,,,,,,,
2011000997,1230.0,1,0,0,0,0,0,0,0,0,4,0,,67,11,2010,1,40.037,-75.195,1222.0,6,0,0,0,0,0,1,0,0,2.0,0,0,0,12.0,1,0,1,,1,40 02:13.052,3.0,0,75 11:41.996,0,0,0,0,67301,0,0,0,N,0,0,0,3,67301,0,,1,1,,N,N,,0,,0,0,1,3,3,N,1200.0,0,2,0,0,0,0,0,3,4,0,2,3,,N,,,,,,,,,,,
2011001015,9999.0,1,0,0,0,0,0,0,0,0,1,0,,67,12,2010,4,40.0687,-75.1568,9999.0,6,0,0,0,0,0,1,0,0,,0,0,0,14.0,1,0,5,,0,40 04:07.262,,0,75 09:24.365,0,0,0,0,67301,0,0,0,,0,0,0,2,67301,0,,1,1,,,,,0,,0,0,1,3,2,,1438.0,0,2,0,0,0,0,0,3,4,0,2,3,,N,,,,,,,,,,,
2011001016,231.0,1,0,0,0,0,0,0,0,0,7,0,,67,11,2010,1,40.0455,-75.1128,231.0,6,0,0,0,0,0,0,0,0,,0,0,0,2.0,3,1,2,,0,40 02:50.984,,0,75 06:44.541,8,0,0,0,67301,0,0,0,N,0,0,0,1,67301,0,,5,1,,N,N,,0,,0,0,0,3,2,,224.0,1,1,0,0,0,1,0,3,4,0,1,3,,N,,,,,,,,,,,
2011008453,322.0,2,0,0,0,0,0,0,0,0,4,0,,67,12,2010,2,40.1007,-75.0296,322.0,6,0,0,0,0,0,0,1,0,,0,0,0,3.0,3,0,3,,0,40 06:01.721,,0,75 01:46.861,0,0,0,0,67301,0,0,0,N,0,0,0,2,67301,0,,1,9,,N,N,,0,,0,0,0,3,2,,321.0,0,2,0,0,0,0,0,3,4,0,2,7,,N,,,,,,,,,,,