CRN,ARRIVAL_TM,AUTOMOBILE_COUNT,BELTED_DEATH_COUNT,BELTED_SUSP_SERIOUS_INJ_COUNT,BICYCLE_COUNT,BICYCLE_DEATH_COUNT,BICYCLE_SUSP_SERIOUS_INJ_COUNT,BUS_COUNT,CHLDPAS_DEATH_COUNT,CHLDPAS_SUSP_SERIOUS_INJ_COUNT,COLLISION_TYPE,COMM_VEH_COUNT,CONS_ZONE_SPD_LIM,COUNTY,CRASH_MONTH,CRASH_YEAR,DAY_OF_WEEK,DEC_LAT,DEC_LONG,DISPATCH_TM,DISTRICT,DRIVER_COUNT_16YR,DRIVER_COUNT_17YR,DRIVER_COUNT_18YR,DRIVER_COUNT_19YR,DRIVER_COUNT_20YR,DRIVER_COUNT_50_64YR,DRIVER_COUNT_65_74YR,DRIVER_COUNT_75PLUS,EST_HRS_CLOSED,FATAL_COUNT,HEAVY_TRUCK_COUNT,HORSE_BUGGY_COUNT,HOUR_OF_DAY,ILLUMINATION,INJURY_COUNT,INTERSECT_TYPE,INTERSECTION_RELATED,LANE_CLOSED,LATITUDE,LN_CLOSE_DIR,LOCATION_TYPE,LONGITUDE,MAX_SEVERITY_LEVEL,MCYCLE_DEATH_COUNT,MCYCLE_SUSP_SERIOUS_INJ_COUNT,MOTORCYCLE_COUNT,MUNICIPALITY,NONMOTR_COUNT,NONMOTR_DEATH_COUNT,NONMOTR_SUSP_SERIOUS_INJ_COUNT,NTFY_HIWY_MAINT,PED_COUNT,PED_DEATH_COUNT,PED_SUSP_SERIOUS_INJ_COUNT,PERSON_COUNT,POLICE_AGCY,POSSIBLE_INJ_COUNT,RDWY_SURF_TYPE_CD,RELATION_TO_ROAD,ROAD_CONDITION,ROADWAY_CLEARED,SCH_BUS_IND,SCH_ZONE_IND,SECONDARY_CRASH,SMALL_TRUCK_COUNT,SPEC_JURIS_CD,SUSP_MINOR_INJ_COUNT,SUSP_SERIOUS_INJ_COUNT,SUV_COUNT,TCD_FUNC_CD,TCD_TYPE,TFC_DETOUR_IND,TIME_OF_DAY,TOT_INJ_COUNT,TOTAL_UNITS,UNB_DEATH_COUNT,UNB_SUSP_SERIOUS_INJ_COUNT,UNBELTED_OCC_COUNT,UNK_INJ_DEG_COUNT,UNK_INJ_PER_COUNT,URBAN_AREA,URBAN_RURAL,VAN_COUNT,VEHICLE_COUNT,WEATHER1,WEATHER2,WORK_ZONE_IND,WORK_ZONE_LOC,WORK_ZONE_TYPE,WORKERS_PRES,WZ_CLOSE_DETOUR,WZ_FLAGGER,WZ_LAW_OFFCR_IND,WZ_LN_CLOSURE,WZ_MOVING,WZ_OTHER,WZ_SHLDER_MDN,WZ_WORKERS_INJ_KILLED
2010044773,1910.0,1,0,0,0,0,0,0,0,0,8,0,,67,4,2010,5,39.941,-75.2151,1903.0,6,0,0,0,0,0,0,0,0,,0,0,0,15.0,1,1,1,,0,39 56:27.718,,0,75 12:54.489,4,0,0,0,67301,1,0,0,N,1,0,0,2,67301,1,,1,1,,N,N,,0,,0,0,0,3,2,,1500.0,1,2,0,0,0,0,1,3,4,0,1,3,,N,,,,,,,,,,,
2010044798,1451.0,1,0,0,0,0,0,0,0,0,4,0,,67,3,2010,6,40.0082,-75.1067,1450.0,6,0,0,0,0,1,0,0,0,2.0,0,0,0,14.0,1,2,1,,2,40 00:29.692,7.0,0,75 06:24.299,4,0,0,0,67301,0,0,0,,0,0,0,2,67301,2,,1,9,,,,,1,,0,0,0,3,3,Y,1450.0,2,2,0,0,0,0,0,3,4,0,2,7,,N,,,,,,,,,,,
2010070065,827.0,2,0,0,0,0,0,0,0,0,4,0,,67,6,2010,1,39.9612,-75.1466,824.0,6,0,0,0,0,0,0,0,0,,0,0,0,7.0,1,1,1,,0,39 57:40.482,,0,75 08:48.201,4,0,0,0,67301,0,0,0,N,0,0,0,2,67301,1,,1,1,,N,N,,0,,0,0,0,3,2,,700.0,1,2,0,0,0,0,0,3,4,0,2,3,,N,,,,,,,,,,,
2010070760,2320.0,1,0,0,0,0,0,0,0,0,1,0,,67,6,2010,2,40.0205,-75.1542,2306.0,6,0,0,0,0,0,0,0,0,1.0,0,0,0,23.0,3,1,6,,1,40 01:13.786,2.0,2,75 09:15.325,4,0,0,0,67301,0,0,0,,0,0,0,2,67301,1,,1,1,,,,,0,,0,0,0,0,0,N,2306.0,1,2,0,0,0,0,0,3,4,0,2,3,,N,,,,,,,,,,,
2010062727,940.0,2,0,0,0,0,0,0,0,0,4,0,,67,5,2010,6,40.1313,-75.0136,937.0,6,0,0,0,0,0,1,0,0,9.0,0,0,0,9.0,1,1,0,,1,40 07:52.423,2.0,0,75 00:48.917,4,0,0,0,67301,0,0,0,N,0,0,0,1,67301,1,,2,1,,N,N,,0,,0,0,0,0,0,N,935.0,1,2,0,0,0,0,0,3,4,0,2,3,,N,,,,,,,,,,,
2010117879,1340.0,2,0,0,0,0,0,0,0,0,6,0,,67,10,2010,1,40.0407,-75.1584,1320.0,6,0,0,0,0,0,0,0,0,,0,0,0,13.0,1,1,2,,0,40 02:26.566,,0,75 09:30.254,4,0,0,0,67301,0,0,0,N,0,0,0,2,67301,1,,1,1,,N,N,,0,,0,0,0,3,3,,1320.0,1,2,0,0,0,0,0,3,4,0,2,3,,N,,,,,,,,,,,
2010104654,2243.0,0,0,0,0,0,0,0,0,0,1,0,,67,10,2010,1,39.8857,-75.2082,2229.0,6,0,0,0,0,0,0,0,0,2.0,0,0,0,22.0,3,1,0,,2,39 53:36.245,1.0,3,75 11:46.097,3,0,0,0,67301,0,0,0,N,0,0,0,2,68K01,0,,1,1,,N,N,,0,,1,0,1,0,0,N,2224.0,1,2,0,0,0,0,0,3,4,1,2,3,,N,,,,,,,,,,,
2010028061,2001.0,1,0,0,0,0,0,0,0,0,1,0,,67,1,2010,4,40.047,-75.127,1959.0,6,0,0,0,0,0,0,0,0,3.0,0,0,0,19.0,3,2,0,,2,40 02:49.354,6.0,0,75 07:37.142,2,0,0,0,67301,0,0,0,,0,0,0,2,67301,0,,2,1,,,,,0,,0,2,1,3,2,Y,1955.0,2,3,0,0,0,0,0,3,4,1,3,3,,N,,,,,,,,,,,
2011008414,2330.0,3,0,0,0,0,0,0,0,0,5,0,,67,12,2010,4,39.9988,-75.1118,2330.0,6,0,0,0,0,0,0,0,0,,0,0,0,99.0,3,0,0,,0,39 59:55.636,,0,75 06:42.523,9,0,0,0,67301,0,0,0,N,0,0,0,1,67301,0,,6,1,,N,N,,1,,0,0,0,0,0,,9999.0,0,6,0,0,1,0,1,3,4,2,6,3,,N,,,,,,,,,,,
2011008415,1410.0,1,0,0,0,0,0,0,0,0,8,0,,67,12,2010,4,39.9794,-75.2253,1410.0,6,0,0,0,0,0,0,1,0,,0,0,0,17.0,4,1,1,,0,39 58:46.036,,0,75 13:31.401,8,0,0,0,67301,1,0,0,,1,0,0,2,67301,0,,1,1,,,,,0,,0,0,0,9,9,,1720.0,1,2,0,0,0,1,0,3,4,0,1,3,,N,,,,,,,,,,,
2011026296,2318.0,3,0,0,1,0,1,0,0,0,5,0,,67,6,2010,3,40.0535,-75.1499,2315.0,6,0,0,0,0,0,0,0,0,4.0,0,0,0,23.0,3,1,0,,2,40 03:12.556,5.0,0,75 08:59.600,2,0,0,0,67301,1,0,1,,0,0,0,2,67301,0,,1,9,,,,,1,,0,1,0,0,0,Y,2312.0,1,5,0,0,0,0,0,3,4,0,4,3,,N,,,,,,,,,,,
2011026318,1750.0,1,0,0,0,0,0,0,0,0,8,0,,67,5,2010,5,39.9872,-75.1088,1250.0,6,0,0,0,0,0,0,0,0,,0,0,0,17.0,1,1,1,,0,39 59:13.933,,0,75 06:31.625,4,0,0,0,67301,1,0,0,N,1,0,0,2,67301,1,,1,1,,N,N,,0,,0,0,0,3,2,,1720.0,1,2,0,0,0,0,0,3,4,0,1,3,,N,,,,,,,,,,,
2011024375,0.0,0,0,0,1,0,0,0,0,0,4,0,,67,3,2010,5,40.0954,-74.9597,0.0,6,0,0,0,0,0,0,0,0,,0,0,0,99.0,1,1,0,,0,40 05:43.352,,7,74 57:34.865,8,0,0,0,67301,1,0,0,N,0,0,0,2,00000,0,,1,1,,N,N,,0,,0,0,0,0,0,,9999.0,1,2,0,0,0,1,1,3,4,0,1,3,,N,,,,,,,,,,,
2011024382,0.0,2,0,0,0,0,0,0,0,0,1,0,,67,3,2010,2,40.0092,-75.2098,0.0,6,0,0,0,0,0,0,0,0,,0,0,0,7.0,1,1,6,,0,40 00:37.172,,2,75 12:25.401,3,0,0,0,67301,0,0,0,N,0,0,0,2,00000,0,,1,1,,N,N,,0,,1,0,0,3,4,,710.0,1,2,0,0,0,0,1,3,4,0,2,3,,N,,,,,,,,,,,
2011000880,1724.0,1,0,0,1,0,0,0,0,0,5,0,,67,12,2010,6,39.9356,-75.1673,1719.0,6,0,0,0,0,0,0,0,0,,0,0,0,17.0,3,1,0,,0,39 56:07.932,,0,75 10:02.333,4,0,0,0,67301,1,0,0,,0,0,0,1,67301,1,,6,1,,,,,0,,0,0,0,0,0,,1700.0,1,2,0,0,0,0,0,3,4,0,1,3,,N,,,,,,,,,,,
2011001700,9999.0,2,0,0,0,0,0,0,0,0,5,0,,67,12,2010,2,40.026,-75.1653,915.0,6,0,0,0,0,0,0,0,0,,0,0,0,9.0,1,1,0,,0,40 01:33.513,,0,75 09:55.029,4,0,0,0,67301,0,0,0,,0,0,0,2,67301,1,,1,1,,,,,0,,0,0,1,0,0,,915.0,1,3,0,0,1,0,0,3,4,0,3,7,,N,,,,,,,,,,,
2011001728,2105.0,1,0,0,0,0,0,0,0,0,7,0,,67,12,2010,7,40.0099,-75.1194,2100.0,6,0,0,0,0,0,0,0,0,,0,0,0,20.0,3,2,0,,0,40 00:35.496,,0,75 07:09.853,3,0,0,0,67301,0,0,0,,0,0,0,3,67301,0,,5,1,,N,N,,0,,2,0,0,0,0,,2055.0,2,1,0,0,0,0,0,3,4,0,1,3,,N,,,,,,,,,,,
2011000761,940.0,2,0,0,0,0,0,0,0,0,4,0,,67,11,2010,6,40.0523,-75.1517,932.0,6,0,0,0,0,0,1,0,0,,0,0,0,9.0,1,2,1,,0,40 03:08.206,,0,75 09:05.993,3,0,0,0,67301,0,0,0,N,0,0,0,2,67301,1,,1,9,,N,N,,0,,1,0,0,3,3,,920.0,2,2,0,0,0,0,0,3,4,0,2,7,,N,,,,,,,,,,,
2011008462,847.0,2,0,0,0,0,0,0,0,0,4,0,,67,12,2010,2,40.0582,-75.1707,845.0,6,0,0,0,0,0,0,0,0,,0,0,0,8.0,1,1,1,,0,40 03:29.347,,0,75 10:14.455,8,0,0,0,67301,0,0,0,N,0,0,0,2,67301,0,,1,1,,N,N,,0,,0,0,0,3,3,,822.0,1,2,0,0,0,1,0,3,4,0,2,3,,N,,,,,,,,,,,
2011025674,755.0,1,0,0,0,0,0,0,0,0,4,0,,67,5,2010,6,39.9997,-75.1385,752.0,6,0,0,0,0,0,1,0,0,,0,0,0,7.0,1,1,1,,0,39 59:59.164,,0,75 08:18.542,4,0,0,0,67301,0,0,0,N,0,0,0,4,67301,1,,1,1,,N,,,0,,0,0,0,3,2,,730.0,1,2,0,0,0,0,0,3,4,1,2,3,,N,,,,,,,,,,,
2011027972,1505.0,1,0,0,0,0,0,0,0,0,8,0,,67,5,2010,4,40.0089,-75.1488,1500.0,6,0,0,0,0,0,0,0,0,,0,0,0,14.0,1,1,0,,0,40 00:32.213,,0,75 08:55.727,8,0,0,0,67301,1,0,0,N,1,0,0,2,67301,0,,1,1,,N,N,,0,,0,0,0,0,0,,1455.0,1,2,0,0,0,1,1,3,4,0,1,3,,N,,,,,,,,,,,
2011016021,2010.0,2,0,0,0,0,0,0,0,0,1,0,,67,12,2010,5,39.9626,-75.2467,1958.0,6,0,0,0,0,0,1,0,0,,0,0,0,99.0,3,2,1,,0,39 57:45.766,,0,75 14:48.166,8,0,0,0,67301,0,0,0,N,0,0,0,3,67301,0,,1,1,,N,N,,0,,0,0,0,3,2,,9999.0,2,2,0,0,0,2,0,3,4,0,2,3,,N,,,,,,,,,,,
2011008498,710.0,1,0,0,0,0,0,0,0,0,8,0,,67,12,2010,3,40.0438,-75.1029,655.0,6,0,0,0,0,0,0,0,0,,0,0,0,6.0,3,1,0,,0,40 02:37.719,,0,75 06:10.581,3,0,0,0,67301,1,0,0,N,1,0,0,3,67301,0,,1,1,,N,N,,0,,1,0,0,0,0,,653.0,1,2,0,0,1,0,0,3,4,0,1,3,,N,,,,,,,,,,,
2011008246,1438.0,2,0,0,0,0,0,0,0,0,4,0,,67,12,2010,4,39.9495,-75.2251,1419.0,6,0,0,0,0,0,0,1,1,,0,0,0,14.0,1,1,1,,0,39 56:58.095,,1,75 13:30.251,8,0,0,0,67301,0,0,0,N,0,0,0,2,67301,0,,1,1,,N,N,,0,,0,0,0,9,3,,1415.0,1,2,0,0,0,1,0,3,4,0,2,3,,N,,,,,,,,,,,
2011003751,5.0,1,0,0,0,0,0,0,0,0,7,0,,67,12,2010,3,40.0217,-75.0402,1.0,6,0,0,0,0,0,0,0,0,1.0,0,0,0,23.0,3,0,0,,2,40 01:17.710,2.0,0,75 02:25.320,0,0,0,0,67301,0,0,0,Y,0,0,0,1,68K01,0,,2,2,,N,N,,0,,0,0,0,0,0,N,2357.0,0,1,0,0,0,0,0,3,4,0,1,3,,N,,,,,,,,,,,
2011008896,1426.0,2,0,0,0,0,0,0,0,0,4,0,,67,12,2010,5,40.1052,-75.0328,1421.0,6,0,0,0,0,0,0,0,0,2.0,0,0,0,14.0,1,2,1,,2,40 06:18.581,3.0,0,75 01:58.245,4,0,0,0,67301,0,0,0,N,0,0,0,6,67301,2,,1,1,,N,N,,0,,0,0,0,3,2,Y,1421.0,2,2,0,0,0,0,0,3,4,0,2,3,,N,,,,,,,,,,,
2011008902,9999.0,1,0,0,0,0,0,0,0,0,4,0,,67,12,2010,4,39.9883,-75.1355,9999.0,6,0,0,0,1,0,0,0,0,2.0,0,0,0,99.0,1,1,1,,2,39 59:17.962,3.0,0,75 08:07.915,4,0,0,0,67301,0,0,0,Y,0,0,0,2,67301,1,,1,1,,N,N,,0,,0,0,0,3,2,Y,9999.0,1,2,0,0,0,0,0,3,4,1,2,3,,N,,,,,,,,,,,
2011024636,1018.0,1,0,0,0,0,0,0,0,0,8,0,,67,7,2010,4,39.9609,-75.245,1011.0,6,0,0,0,0,0,0,0,0,,0,0,0,10.0,1,1,1,,0,39 57:39.331,,0,75 14:41.973,3,0,0,0,67301,1,0,0,N,1,0,0,2,67301,0,,1,1,,N,N,,0,,1,0,0,3,2,,1009.0,1,2,0,0,0,0,0,3,4,0,1,3,,N,,,,,,,,,,,
2011000955,1847.0,0,0,0,0,0,0,0,0,0,6,0,,67,12,2010,5,40.0089,-75.1512,1845.0,6,0,0,0,0,0,1,0,0,,0,0,0,18.0,3,3,0,,0,40 00:32.167,,0,75 09:04.321,4,0,0,0,67301,0,0,0,,0,0,0,3,67301,2,,1,1,,N,N,,1,,0,0,1,0,0,,1844.0,3,2,0,0,0,1,0,3,4,0,2,3,,N,,,,,,,,,,,
2011000978,1753.0,1,0,0,0,0,0,0,0,0,4,0,,67,11,2010,1,40.0448,-75.1638,1752.0,6,0,0,0,0,0,0,0,0,,0,0,0,17.0,3,2,1,,0,40 02:41.395,,0,75 09:49.611,4,0,0,0,67301,0,0,0,N,0,0,0,3,67301,2,,1,1,,N,N,,0,,0,0,1,3,3,,1748.0,2,2,0,0,0,0,1,3,4,0,2,3,,N,,,,,,,,,,,
2012128215,150.0,1,0,0,0,0,0,0,0,0,5,0,,67,11,2010,1,39.9458,-75.1748,148.0,6,0,0,0,0,0,0,0,0,,0,0,0,1.0,3,1,1,,0,39 56:45.045,,0,75 10:29.351,4,0,0,1,67301,0,0,0,N,0,0,0,2,67301,1,,1,1,,N,N,,0,,0,0,0,0,0,,148.0,1,2,0,0,0,0,0,3,4,0,2,3,,N,,,,,,,,,,,
2011008445,1000.0,2,0,0,0,0,0,0,0,0,4,0,,67,12,2010,7,39.8919,-75.2419,949.0,6,0,0,0,0,0,0,1,1,,0,0,0,9.0,1,1,2,,0,39 53:31.043,,0,75 14:31.507,8,0,0,0,67301,0,0,0,N,0,0,0,2,67301,0,,1,1,,N,N,,0,,0,0,0,3,2,,946.0,1,2,0,0,2,1,0,3,4,0,2,3,,N,,,,,,,,,,,
2010028588,1801.0,2,0,0,0,0,0,0,0,0,4,0,,67,2,2010,3,39.9617,-75.1365,1758.0,6,0,0,0,0,0,1,0,0,,0,0,0,17.0,3,1,3,,0,39 57:41.407,,0,75 08:11.675,4,0,0,0,67301,0,0,0,,0,0,0,2,67301,1,,1,9,,,,,0,,0,0,0,3,2,,1755.0,1,2,0,0,0,0,0,3,4,0,2,3,,N,,,,,,,,,,,
2010117865,1819.0,3,0,0,0,0,0,0,0,0,1,0,,67,11,2010,2,39.957,-75.157,1815.0,6,0,0,0,0,0,0,0,0,2.0,0,0,0,99.0,3,1,0,,1,39 57:25.057,3.0,0,75 09:25.029,8,0,0,0,67301,0,0,0,N,0,0,0,3,67301,0,,1,1,,N,N,,0,,0,0,0,0,0,N,9999.0,1,3,0,0,0,1,0,3,4,0,3,3,,N,,,,,,,,,,,
2010070768,1222.0,2,0,0,0,0,0,0,0,0,4,0,,67,6,2010,4,40.0292,-75.0398,1229.0,6,0,0,0,0,0,0,0,0,,0,0,0,12.0,1,1,1,,0,40 01:45.219,,0,75 02:23.330,8,0,0,0,67301,0,0,0,N,0,0,0,2,67301,0,,1,1,,N,N,,0,,0,0,0,3,3,,1216.0,1,2,0,0,0,1,0,3,4,0,2,3,,N,,,,,,,,,,,
2010070763,2135.0,1,0,0,0,0,0,0,0,0,8,0,,67,6,2010,2,40.0516,-75.1461,2130.0,6,0,0,0,0,0,0,0,0,2.0,0,0,0,21.0,3,1,0,,2,40 03:05.594,1.0,0,75 08:46.028,4,0,0,0,67301,1,0,0,N,1,0,0,2,67301,1,,1,1,,N,N,,0,,0,0,0,0,0,N,2120.0,1,2,0,0,0,0,0,3,4,0,1,3,,N,,,,,,,,,,,
2010070759,59.0,1,0,0,0,0,0,0,0,0,7,0,,67,6,2010,4,40.0293,-75.1894,52.0,6,0,0,0,0,0,0,0,0,,0,0,0,0.0,3,0,0,,0,40 01:45.520,,0,75 11:21.941,0,0,0,0,67301,0,0,0,,0,0,0,1,67301,0,,2,98,,N,N,,0,,0,0,0,0,0,,50.0,0,1,0,0,1,0,0,3,4,0,1,3,,N,,,,,,,,,,,
2010048615,1005.0,2,0,0,0,0,0,0,0,0,1,0,,67,4,2010,4,40.0277,-75.11,1000.0,6,0,0,0,0,0,1,0,0,,0,0,0,9.0,1,1,1,,0,40 01:39.836,,0,75 06:35.867,4,0,0,0,67301,0,0,0,N,0,0,0,2,67301,1,,1,1,,N,N,,0,,0,0,0,3,2,,957.0,1,2,0,0,0,0,0,3,4,0,2,3,,N,,,,,,,,,,,
2011008370,1851.0,1,0,0,0,0,0,0,0,0,8,0,,67,12,2010,5,40.0556,-74.985,1841.0,6,0,0,0,0,0,0,0,0,,0,0,0,18.0,3,1,2,,0,40 03:20.112,,0,74 59:06.020,8,0,0,0,67301,1,0,0,N,1,0,0,2,67301,0,,1,1,,N,N,,0,,0,0,0,9,2,,1841.0,1,2,0,0,0,1,0,3,4,0,1,3,,N,,,,,,,,,,,
2011008398,9999.0,1,0,0,0,0,0,0,0,0,7,0,,67,12,2010,6,39.9845,-75.2032,9999.0,6,0,0,0,0,0,0,0,0,,0,0,0,4.0,3,0,0,,0,39 59:03.622,,0,75 12:11.661,0,0,0,0,67301,0,0,0,N,0,0,0,1,67301,0,,4,1,,N,N,,0,,0,0,0,0,0,,425.0,0,1,0,0,0,0,0,3,4,0,1,3,,N,,,,,,,,,,,
2011008470,1646.0,0,0,0,0,0,0,0,0,0,4,0,,67,12,2010,2,40.0105,-75.1608,1645.0,6,0,0,0,0,0,0,0,0,,0,0,0,16.0,4,1,1,,0,40 00:37.740,,0,75 09:38.782,4,0,0,0,67301,0,0,0,N,0,0,0,4,67301,1,,1,1,,N,N,,1,,0,0,0,3,3,,1644.0,1,2,0,0,0,0,0,3,4,1,2,3,,N,,,,,,,,,,,
2011008479,2114.0,2,0,0,0,0,0,0,0,0,1,0,,67,12,2010,4,40.1097,-74.9869,2110.0,6,0,0,0,0,0,0,0,0,2.0,0,0,0,21.0,2,1,1,,2,40 06:34.750,4.0,0,74 59:12.717,8,0,0,0,67301,0,0,0,,0,0,0,6,67301,0,,1,1,,N,N,,0,,0,0,1,3,2,N,2109.0,1,3,0,0,0,1,0,3,4,0,3,3,,N,,,,,,,,,,,
2011025398,0.0,2,0,0,0,0,0,0,0,0,4,0,,67,7,2010,6,40.0309,-75.0336,0.0,6,0,0,0,0,1,0,0,0,,0,0,0,17.0,1,0,2,,0,40 01:51.381,,0,75 02:00.929,0,0,0,0,67301,0,0,0,N,0,0,0,2,00000,0,,1,1,,N,N,,0,,0,0,0,9,9,,1740.0,0,2,0,0,0,0,0,3,4,0,2,3,,N,,,,,,,,,,,
2011025696,1105.0,2,0,0,0,0,0,0,0,0,2,0,,67,6,2010,6,40.0611,-75.0532,1054.0,6,0,0,0,0,0,1,0,0,2.0,0,0,0,10.0,1,1,0,,2,40 03:40.050,4.0,0,75 03:11.437,4,0,0,0,67301,0,0,0,N,0,0,0,1,67301,1,,1,1,,N,N,,1,,0,0,0,0,0,Y,1045.0,1,3,0,0,0,0,0,3,4,0,3,3,,N,,,,,,,,,,,
2011023466,0.0,0,0,0,0,0,0,0,0,0,4,0,,67,1,2010,4,39.9348,-75.1942,0.0,6,0,0,0,0,0,0,0,0,,0,0,0,6.0,5,0,0,,0,39 56:05.182,,0,75 11:39.033,9,0,0,0,67301,0,0,0,N,0,0,0,1,00000,0,,2,1,,N,N,,0,,0,0,1,0,0,,600.0,0,2,0,0,0,0,1,3,4,0,2,3,,N,,,,,,,,,,,
2011023513,0.0,1,0,0,0,0,0,0,0,0,1,0,,67,4,2010,5,40.0565,-75.0464,0.0,6,0,0,0,0,0,0,0,0,,0,0,0,8.0,1,1,1,,0,40 03:23.345,,0,75 02:47.046,8,0,0,0,67301,0,0,0,N,0,0,0,2,00000,0,,1,1,,N,N,,0,,0,0,0,3,2,,815.0,1,2,0,0,0,1,1,3,4,0,2,3,,N,,,,,,,,,,,
2011015800,1230.0,0,0,0,0,0,0,0,0,0,8,0,,67,12,2010,5,39.9835,-75.1815,1227.0,6,0,0,0,0,0,0,0,0,,0,0,0,12.0,1,1,1,,0,39 59:00.507,,0,75 10:53.502,3,0,0,0,67301,1,0,0,N,1,0,0,2,67301,0,,1,1,,N,Y,,0,,1,0,1,3,2,,1223.0,1,2,0,0,0,0,1,3,4,0,1,3,,N,,,,,,,,,,,
2011008520,1750.0,2,0,0,0,0,0,0,0,0,7,0,,67,10,2010,5,39.9699,-75.255,1744.0,6,0,0,0,0,0,0,0,0,,0,0,0,17.0,1,1,0,,0,39 58:11.700,,0,75 15:18.130,8,0,0,0,67301,0,0,0,N,0,0,0,3,67301,0,,5,98,,N,N,,0,,0,0,0,0,0,,1735.0,1,2,0,0,0,1,0,3,4,0,2,3,,N,,,,,,,,,,,
2011000894,720.0,2,0,0,0,0,0,0,0,0,4,0,,67,11,2010,1,39.9528,-75.1669,720.0,6,0,0,0,0,0,0,0,0,,0,0,0,7.0,1,1,1,,0,39 57:10.041,,0,75 10:00.776,4,0,0,0,67301,0,0,0,,0,0,0,3,67301,1,,1,1,,N,N,,0,,0,0,0,3,2,,709.0,1,2,0,0,0,0,0,3,4,0,2,3,,N,,,,,,,,,,,
2011000946,1802.0,1,0,0,0,0,0,0,0,0,8,0,,67,11,2010,5,40.0283,-75.0848,1800.0,6,0,0,0,0,0,0,0,0,,0,0,0,17.0,3,1,1,,0,40 01:41.707,,0,75 05:05.272,4,0,0,0,67301,1,0,0,N,1,0,0,2,67301,1,,1,9,,N,N,,0,,0,0,0,3,2,,1720.0,1,2,0,0,0,0,0,3,4,0,1,7,,N,,,,,,,,,,,
2011000968,2325.0,2,0,0,0,0,0,0,0,0,2,0,,67,12,2010,6,40.053,-75.1367,2320.0,6,0,0,0,0,1,1,0,0,,0,0,0,22.0,3,3,1,,0,40 03:10.684,,0,75 08:12.112,4,0,0,0,67301,0,0,0,N,0,0,0,3,67301,2,,1,1,,N,N,,0,,0,0,0,9,9,,2230.0,3,2,0,0,0,1,0,3,4,0,2,3,,N,,,,,,,,,,,
2010070772,2121.0,3,0,0,0,0,0,0,0,0,1,0,,67,6,2010,7,40.0291,-75.1071,2119.0,6,0,0,0,0,0,0,0,0,2.0,0,0,0,21.0,3,3,0,,1,40 01:45.084,2.0,6,75 06:24.850,3,0,0,0,67301,0,0,0,N,0,0,0,3,67301,2,,1,1,,N,N,,0,,1,0,0,0,0,N,2118.0,3,3,0,0,0,0,0,3,4,0,3,3,,N,,,,,,,,,,,
2010044815,425.0,2,0,0,0,0,0,0,0,0,5,0,,67,4,2010,7,39.9245,-75.1798,420.0,6,0,0,0,0,0,0,0,0,,0,0,0,4.0,3,0,0,,0,39 55:28.023,,0,75 10:47.172,9,0,0,0,67301,0,0,0,,0,0,0,1,67301,0,,1,1,,,,,1,,0,0,0,0,0,,410.0,0,3,0,0,0,0,1,3,4,0,3,3,,N,,,,,,,,,,,
2011009963,604.0,1,0,0,0,0,0,1,0,0,4,1,,67,12,2010,1,39.9792,-75.1375,557.0,6,0,0,0,0,0,0,0,0,,0,0,0,5.0,5,1,1,,0,39 58:44.958,,0,75 08:14.888,8,0,0,0,67301,0,0,0,N,0,0,0,2,67301,0,,1,1,,N,N,,0,,0,0,0,9,2,,545.0,1,2,0,0,0,1,0,3,4,0,2,3,,N,,,,,,,,,,,
2011022453,0.0,0,0,0,0,0,0,0,0,0,7,0,,67,1,2010,6,40.0846,-75.0026,0.0,6,0,0,1,0,0,0,0,0,,0,0,0,,6,0,10,,0,40 05:04.495,,0,75 00:09.457,0,0,0,0,67301,0,0,0,N,0,0,0,1,00000,0,,5,2,,N,N,,0,,0,0,1,0,0,,,0,1,0,0,0,0,0,3,4,0,1,7,,N,,,,,,,,,,,
2011010058,1811.0,2,0,0,0,0,0,0,0,0,4,0,,67,12,2010,5,40.1125,-75.0223,1809.0,6,0,0,0,0,0,1,1,0,,0,0,0,18.0,3,1,1,,0,40 06:45.082,,0,75 01:20.258,4,0,0,0,67301,0,0,0,N,0,0,0,2,67301,1,,1,1,,N,N,,0,,0,0,0,3,3,,1808.0,1,2,0,0,0,0,0,3,4,0,2,3,,N,,,,,,,,,,,
2011026182,700.0,1,0,0,0,0,0,0,0,0,2,0,,67,5,2010,2,39.9858,-75.2448,651.0,6,0,0,0,0,0,0,1,0,,0,0,0,99.0,1,2,2,,0,39 59:08.862,,0,75 14:41.413,3,0,0,0,67301,0,0,0,,0,0,0,2,67301,0,,1,9,,,,,1,,2,0,0,3,3,,9999.0,2,2,0,0,0,0,0,3,4,0,2,7,,N,,,,,,,,,,,
2011024386,0.0,1,0,0,0,0,0,0,0,0,2,0,,67,8,2010,4,40.0319,-75.1315,0.0,6,0,0,0,0,0,0,0,0,,0,0,0,17.0,1,2,1,,0,40 01:54.735,,0,75 07:53.327,2,0,0,0,67301,0,0,0,N,0,0,0,3,00000,0,,1,9,,N,N,,0,,0,1,0,3,2,,1700.0,2,2,0,0,0,1,1,3,4,0,2,7,,N,,,,,,,,,,,
2011003332,1519.0,2,0,0,0,0,0,0,0,0,4,0,,67,9,2010,3,39.9996,-75.23,1514.0,6,0,0,0,0,0,0,0,0,2.0,0,0,0,15.0,1,0,0,,1,39 59:58.556,2.0,7,75 13:48.054,0,0,0,0,67301,0,0,0,N,0,0,0,3,46104,0,,1,1,,N,N,,0,,0,0,0,0,0,N,1514.0,0,2,0,0,0,0,0,3,4,0,2,3,,N,,,,,,,,,,,