CRN,ARRIVAL_TM,AUTOMOBILE_COUNT,BELTED_DEATH_COUNT,BELTED_SUSP_SERIOUS_INJ_COUNT,BICYCLE_COUNT,BICYCLE_DEATH_COUNT,BICYCLE_SUSP_SERIOUS_INJ_COUNT,BUS_COUNT,CHLDPAS_DEATH_COUNT,CHLDPAS_SUSP_SERIOUS_INJ_COUNT,COLLISION_TYPE,COMM_VEH_COUNT,CONS_ZONE_SPD_LIM,COUNTY,CRASH_MONTH,CRASH_YEAR,DAY_OF_WEEK,DEC_LAT,DEC_LONG,DISPATCH_TM,DISTRICT,DRIVER_COUNT_16YR,DRIVER_COUNT_17YR,DRIVER_COUNT_18YR,DRIVER_COUNT_19YR,DRIVER_COUNT_20YR,DRIVER_COUNT_50_64YR,DRIVER_COUNT_65_74YR,DRIVER_COUNT_75PLUS,EST_HRS_CLOSED,FATAL_COUNT,HEAVY_TRUCK_COUNT,HORSE_BUGGY_COUNT,HOUR_OF_DAY,ILLUMINATION,INJURY_COUNT,INTERSECT_TYPE,INTERSECTION_RELATED,LANE_CLOSED,LATITUDE,LN_CLOSE_DIR,LOCATION_TYPE,LONGITUDE,MAX_SEVERITY_LEVEL,MCYCLE_DEATH_COUNT,MCYCLE_SUSP_SERIOUS_INJ_COUNT,MOTORCYCLE_COUNT,MUNICIPALITY,NONMOTR_COUNT,NONMOTR_DEATH_COUNT,NONMOTR_SUSP_SERIOUS_INJ_COUNT,NTFY_HIWY_MAINT,PED_COUNT,PED_DEATH_COUNT,PED_SUSP_SERIOUS_INJ_COUNT,PERSON_COUNT,POLICE_AGCY,POSSIBLE_INJ_COUNT,RDWY_SURF_TYPE_CD,RELATION_TO_ROAD,ROAD_CONDITION,ROADWAY_CLEARED,SCH_BUS_IND,SCH_ZONE_IND,SECONDARY_CRASH,SMALL_TRUCK_COUNT,SPEC_JURIS_CD,SUSP_MINOR_INJ_COUNT,SUSP_SERIOUS_INJ_COUNT,SUV_COUNT,TCD_FUNC_CD,TCD_TYPE,TFC_DETOUR_IND,TIME_OF_DAY,TOT_INJ_COUNT,TOTAL_UNITS,UNB_DEATH_COUNT,UNB_SUSP_SERIOUS_INJ_COUNT,UNBELTED_OCC_COUNT,UNK_INJ_DEG_COUNT,UNK_INJ_PER_COUNT,URBAN_AREA,URBAN_RURAL,VAN_COUNT,VEHICLE_COUNT,WEATHER1,WEATHER2,WORK_ZONE_IND,WORK_ZONE_LOC,WORK_ZONE_TYPE,WORKERS_PRES,WZ_CLOSE_DETOUR,WZ_FLAGGER,WZ_LAW_OFFCR_IND,WZ_LN_CLOSURE,WZ_MOVING,WZ_OTHER,WZ_SHLDER_MDN,WZ_WORKERS_INJ_KILLED
2011002297,1605.0,0,0,0,0,0,0,0,0,0,1,0,,67,12,2010,1,39.9791,-75.1082,1605.0,6,0,0,0,0,0,0,0,0,2.0,0,0,0,16.0,1,1,0,,1,39 58:45.256,1.0,0,75 06:29.871,8,0,0,0,67301,0,0,0,N,0,0,0,3,68K01,0,,1,7,,N,N,,0,,0,0,1,0,0,Y,1600.0,1,2,0,0,0,1,0,3,4,1,2,10,,N,,,,,,,,,,,
2011000789,155.0,2,0,0,0,0,0,0,0,0,1,0,,67,11,2010,2,39.9645,-75.1823,108.0,6,0,0,0,0,0,0,0,0,,0,0,0,1.0,3,1,1,,0,39 57:52.263,,0,75 10:56.635,8,0,0,0,67301,0,0,0,,0,0,0,3,67301,0,,1,1,,N,N,,0,,0,0,0,3,2,,100.0,1,2,0,0,0,1,0,3,4,0,2,3,,N,,,,,,,,,,,
2011008350,9999.0,2,0,0,0,0,0,0,0,0,4,0,,67,12,2010,4,39.9752,-75.1211,2140.0,6,0,0,0,0,0,0,1,0,,0,0,0,20.0,3,0,1,,0,39 58:30.845,,0,75 07:15.894,9,0,0,0,67301,0,0,0,N,0,0,0,3,67301,0,,1,1,,N,N,,0,,0,0,0,3,2,,2030.0,0,2,0,0,0,0,2,3,4,0,2,3,,N,,,,,,,,,,,
2011025757,330.0,0,0,0,0,0,0,0,0,0,1,0,,67,5,2010,3,40.0025,-75.1356,321.0,6,0,0,0,0,0,0,0,0,,0,0,0,3.0,3,1,2,,0,40 00:09.018,,0,75 08:08.073,4,0,0,0,67301,0,0,0,N,0,0,0,1,67301,1,,1,1,,N,N,,2,,0,0,1,3,3,,321.0,1,3,0,0,0,0,0,3,4,0,3,3,,N,,,,,,,,,,,
2011025771,1140.0,1,0,0,0,0,0,0,0,0,4,0,,67,5,2010,4,40.0312,-75.1458,1130.0,6,0,0,0,0,0,0,0,0,,0,0,0,11.0,1,2,1,,0,40 01:52.420,,0,75 08:44.761,8,0,0,0,67301,0,0,0,,0,0,0,4,67301,0,,1,1,,N,N,,0,,0,0,0,3,2,,1124.0,2,2,0,0,0,2,0,3,4,1,2,3,,N,,,,,,,,,,,
2011023375,0.0,1,0,0,0,0,0,0,0,0,5,0,,67,2,2010,6,39.9248,-75.1932,0.0,6,0,0,0,0,0,0,0,0,,0,0,0,20.0,2,1,0,,0,39 55:33.646,,0,75 11:39.360,3,0,0,0,67301,0,0,0,N,0,0,0,2,00000,0,,1,7,,N,N,,0,,1,0,0,0,0,,2000.0,1,2,0,0,0,0,0,3,4,0,2,10,,N,,,,,,,,,,,
2011023409,0.0,3,0,0,0,0,0,0,0,0,1,0,,67,5,2010,5,39.9207,-75.1704,0.0,6,0,0,0,0,0,0,0,0,,0,0,0,11.0,1,1,0,,0,39 55:14.377,,0,75 10:13.525,8,0,0,0,67301,0,0,0,,0,0,0,5,00000,0,,1,1,,,,,0,,0,0,0,0,0,,1140.0,1,3,0,0,0,1,0,3,4,0,3,3,,N,,,,,,,,,,,
2011008491,1039.0,1,0,0,0,0,0,0,0,0,4,0,,67,12,2010,3,40.0577,-75.0452,1031.0,6,0,0,0,0,0,0,0,0,,0,0,0,10.0,1,1,2,,0,40 03:27.494,,0,75 02:42.912,4,0,0,0,67301,0,0,0,N,0,0,0,2,67301,1,,1,1,,N,N,,1,,0,0,0,3,3,,1027.0,1,2,0,0,0,0,0,3,4,0,2,3,,N,,,,,,,,,,,
2011000936,1526.0,3,0,0,0,0,0,0,0,0,4,0,,67,11,2010,1,39.9919,-75.2337,1515.0,6,0,0,0,0,0,1,0,0,,0,0,0,15.0,1,0,1,,0,39 59:30.829,,0,75 14:01.359,0,0,0,0,67301,0,0,0,,0,0,0,3,67301,0,,1,1,,,,,0,,0,0,0,3,2,,1500.0,0,3,0,0,0,0,0,3,4,0,3,3,,N,,,,,,,,,,,
2011000983,2010.0,1,0,0,0,0,0,0,0,0,7,0,,67,11,2010,5,40.021,-75.0938,2005.0,6,0,0,0,0,0,0,0,0,,0,0,0,19.0,3,0,0,,0,40 01:15.690,,0,75 05:37.626,9,0,0,0,67301,0,0,0,N,0,0,0,1,67301,0,,2,9,,N,N,,0,,0,0,0,0,0,,1955.0,0,1,0,0,0,0,1,3,4,0,1,7,,N,,,,,,,,,,,
2011000999,1610.0,1,0,0,0,0,0,0,0,0,7,0,,67,12,2010,4,40.0392,-75.2409,1603.0,6,0,0,0,0,0,1,0,0,,0,0,0,15.0,1,0,0,,0,40 02:21.026,,0,75 14:27.393,0,0,0,0,67301,0,0,0,N,0,0,0,1,67301,0,,2,9,,N,N,,0,,0,0,0,0,0,,1530.0,0,1,0,0,0,0,0,3,4,0,1,3,,N,,,,,,,,,,,
2011016930,1445.0,3,0,0,0,0,0,0,0,0,1,0,,67,12,2010,4,39.9385,-75.1421,1414.0,6,0,0,0,0,0,0,0,0,,0,0,0,99.0,1,2,2,,0,39 56:18.709,,0,75 08:31.579,4,0,0,0,67301,0,0,0,,0,0,0,4,67301,2,,1,7,,,,,0,,0,0,0,3,2,,9999.0,2,3,0,0,0,0,0,3,4,0,3,10,,N,,,,,,,,,,,
2011000947,2029.0,2,0,0,0,0,0,0,0,0,4,0,,67,11,2010,5,40.0208,-75.0677,2025.0,6,0,0,0,0,1,0,0,0,,0,0,0,19.0,3,1,0,,0,40 01:14.876,,0,75 04:03.648,4,0,0,0,67301,0,0,0,N,0,0,0,2,67301,1,,1,9,,N,N,,0,,0,0,0,0,0,,1945.0,1,2,0,0,0,0,0,3,4,0,2,7,,N,,,,,,,,,,,
2011008502,2350.0,1,0,0,0,0,0,0,0,0,4,0,,67,12,2010,5,39.9609,-75.245,2347.0,6,0,0,0,0,0,0,0,0,,0,0,0,23.0,3,2,1,,0,39 57:39.331,,0,75 14:41.973,4,0,0,0,67301,0,0,0,N,0,0,0,4,67301,2,,1,1,,N,N,,0,,0,0,0,3,2,,2340.0,2,2,0,0,0,0,0,3,4,1,2,3,,N,,,,,,,,,,,
2011008519,1855.0,2,0,0,0,0,0,0,0,0,4,0,,67,12,2010,7,40.0445,-75.1931,1853.0,6,0,0,0,0,0,1,0,0,,0,0,0,18.0,3,1,1,,0,40 02:40.301,,0,75 11:35.235,8,0,0,0,67301,0,0,0,N,0,0,0,3,67301,0,,1,1,,N,N,,0,,0,0,0,3,2,,1847.0,1,2,0,0,0,1,0,3,4,0,2,3,,N,,,,,,,,,,,
2011008881,1620.0,2,0,0,0,0,0,0,0,0,4,0,,67,12,2010,5,40.095,-75.0154,1617.0,6,0,0,0,0,0,0,0,0,1.0,0,0,0,16.0,1,1,1,,2,40 05:41.851,1.0,0,75 00:55.548,8,0,0,0,67301,0,0,0,N,0,0,0,2,67301,0,,1,1,,N,N,,0,,0,0,0,3,2,N,1617.0,1,2,0,0,0,1,0,3,4,0,2,3,,N,,,,,,,,,,,
2011000902,240.0,0,0,0,0,0,0,0,0,0,0,0,,67,11,2010,1,39.9951,-75.176,212.0,6,0,0,0,0,0,0,0,0,,0,0,0,1.0,3,1,0,,0,39 59:42.360,,0,75 10:33.470,2,0,1,1,67301,0,0,0,N,0,0,0,1,67301,0,,1,1,,N,N,,0,,0,1,0,0,0,,145.0,1,1,0,0,0,0,0,3,4,0,1,3,,N,,,,,,,,,,,
2011000919,1820.0,0,0,0,0,0,0,0,0,0,8,0,,67,11,2010,7,39.9978,-75.1241,1815.0,6,0,0,0,0,0,0,0,0,,0,0,0,18.0,3,1,0,,0,39 59:52.172,,0,75 07:26.677,3,0,0,0,67301,1,0,0,N,1,0,0,2,67301,0,,1,1,,N,N,,1,,1,0,0,0,0,,1815.0,1,2,0,0,0,0,0,3,4,0,1,3,,N,,,,,,,,,,,
2011001018,1415.0,2,0,0,0,0,0,0,0,0,1,0,,67,12,2010,4,40.0241,-75.1799,1413.0,6,0,0,0,0,0,0,1,0,,0,0,0,14.0,1,1,2,,0,40 01:26.638,,0,75 10:47.490,8,0,0,0,67301,0,0,0,,0,0,0,2,67301,0,,1,1,,,,,0,,0,0,0,9,9,,1400.0,1,2,0,0,0,1,0,3,4,0,2,3,,N,,,,,,,,,,,
2011001030,804.0,1,0,0,1,1,0,0,0,0,4,0,,67,11,2010,6,40.0471,-75.0911,759.0,6,0,0,0,0,0,0,0,0,3.0,1,0,0,7.0,1,0,5,,2,40 02:49.411,5.0,0,75 05:27.941,1,0,0,0,67301,1,1,0,N,0,0,0,2,67301,0,2.0,1,1,,N,N,,0,0.0,0,0,0,3,2,Y,757.0,0,2,0,0,0,0,0,3,4,0,1,3,,N,,,,,,,,,,,
2011002179,1933.0,1,0,0,0,0,0,0,0,0,7,0,,67,11,2010,3,40.0134,-75.1355,1931.0,6,0,0,0,0,0,0,0,0,,0,0,0,19.0,3,1,1,,0,40 00:48.373,,0,75 08:07.904,2,0,0,0,67301,0,0,0,N,0,0,0,1,67301,0,,5,1,,N,N,,1,,0,1,0,3,2,,1930.0,1,3,0,1,1,0,0,3,4,1,3,3,,N,,,,,,,,,,,
2011000786,1133.0,2,0,0,0,0,0,0,0,0,6,0,,67,11,2010,5,39.9744,-75.2017,1127.0,6,0,0,0,0,0,0,1,0,,0,0,0,11.0,1,1,1,,0,39 58:28.022,,0,75 12:06.223,4,0,0,0,67301,0,0,0,N,0,0,0,6,67301,1,,1,9,,N,N,,0,,0,0,0,3,2,,1130.0,1,2,0,0,5,0,0,3,4,0,2,9,,N,,,,,,,,,,,
2011008354,1740.0,1,0,0,0,0,0,0,0,0,4,0,,67,12,2010,7,39.8875,-75.248,1738.0,6,0,0,0,0,0,0,0,1,4.0,0,0,0,17.0,3,2,2,,2,39 53:15.134,3.0,0,75 14:52.601,2,0,0,0,67301,0,0,0,Y,0,0,0,2,67301,0,,1,1,,N,N,,0,,0,1,1,9,2,Y,1732.0,2,2,0,0,0,1,0,3,4,0,2,3,,N,,,,,,,,,,,
2011008450,1755.0,0,0,0,0,0,0,0,0,0,8,0,,67,12,2010,6,39.9244,-75.1696,1750.0,6,0,0,0,0,0,0,0,0,1.0,0,0,0,17.0,3,1,1,,2,39 55:27.786,2.0,0,75 10:11.056,8,0,0,0,67301,1,0,0,N,1,0,0,2,67301,0,,1,1,,N,N,,0,,0,0,1,3,2,Y,1745.0,1,2,0,0,0,1,0,3,4,0,1,3,,N,,,,,,,,,,,
2011008451,612.0,2,0,0,0,0,0,0,0,0,1,0,,67,11,2010,7,40.0108,-75.1266,606.0,6,0,0,0,0,0,0,0,0,,0,0,0,6.0,3,2,1,,0,40 00:38.808,,0,75 07:35.921,8,0,0,0,67301,0,0,0,,0,0,0,3,67301,0,,1,1,,,,,0,,0,0,0,0,0,,600.0,2,2,0,0,1,2,0,3,4,0,2,3,,N,,,,,,,,,,,
2011025714,1220.0,1,0,0,0,0,0,0,0,0,1,0,,67,5,2010,7,40.0577,-75.1622,1212.0,6,0,0,0,1,0,1,0,0,,0,0,0,12.0,1,1,1,,0,40 03:27.548,,0,75 09:43.791,8,0,0,0,67301,0,0,0,N,0,0,0,2,67301,0,,1,1,,N,N,,0,,0,0,1,3,2,,1210.0,1,2,0,0,0,1,0,3,4,0,2,3,,N,,,,,,,,,,,
2011027691,810.0,2,0,0,0,0,0,0,0,0,1,0,,67,7,2010,6,40.039,-75.15,757.0,6,0,0,0,0,0,1,1,0,,0,0,0,7.0,1,1,2,,0,40 02:20.299,,0,75 09:00.122,4,0,0,0,67301,0,0,0,N,0,0,0,2,67301,1,,1,1,,N,N,,0,,0,0,0,3,2,,747.0,1,2,0,0,0,0,1,3,4,0,2,3,,N,,,,,,,,,,,
2011027941,1630.0,0,0,0,0,0,0,0,0,0,4,0,,67,5,2010,5,39.9217,-75.1902,1620.0,6,0,0,0,0,0,0,0,0,,0,0,0,16.0,1,1,1,,0,39 55:18.486,,0,75 11:24.960,8,0,0,0,67301,0,0,0,N,0,0,0,4,67301,0,,1,1,,N,N,,0,,0,0,2,3,2,,1615.0,1,2,0,0,2,1,0,3,4,0,2,3,,N,,,,,,,,,,,
2011027967,9999.0,1,0,0,0,0,0,0,0,0,3,0,,67,6,2010,3,39.9524,-75.1551,9999.0,6,0,0,0,0,0,1,0,0,,0,0,0,99.0,1,1,0,,0,39 57:08.560,,0,75 09:18.490,4,0,0,0,67301,3,0,0,,0,0,0,4,67301,1,,6,1,,N,N,,0,,0,0,0,0,0,,9999.0,1,2,0,0,0,0,0,3,4,1,2,3,,N,,,,,,,,,,,
2011025789,0.0,0,0,0,0,0,0,0,0,0,7,0,,67,7,2010,7,39.9239,-75.192,0.0,6,0,0,0,0,0,0,0,0,,0,0,0,3.0,6,0,3,,0,39 55:30.581,,2,75 11:35.978,0,0,0,0,67301,0,0,0,N,0,0,0,1,00000,0,,4,1,,N,N,,1,,0,0,0,3,8,,300.0,0,1,0,0,0,0,0,3,4,0,1,3,,N,,,,,,,,,,,
2011025284,0.0,1,0,0,0,0,0,0,0,0,1,0,,67,9,2010,5,40.0169,-75.0718,0.0,6,0,0,0,0,0,0,0,0,,0,0,0,5.0,1,2,1,,0,40 01:00.855,,0,75 04:18.545,8,0,0,0,67301,0,0,0,,0,0,0,3,00000,0,,1,1,,,,,0,,0,0,0,3,3,,530.0,2,2,0,0,0,2,1,3,4,1,2,3,,N,,,,,,,,,,,
2011025337,0.0,1,0,0,0,0,0,0,0,0,1,0,,67,12,2010,5,40.034,-75.0744,0.0,6,0,0,0,0,0,1,0,0,,0,0,0,15.0,1,1,1,,0,40 02:02.039,,0,75 04:27.141,8,0,0,0,67301,0,0,0,N,0,0,0,2,00000,0,,1,1,,N,N,,0,,0,0,0,3,2,,1518.0,1,2,0,0,0,1,1,3,4,0,2,3,,N,,,,,,,,,,,
2011025343,0.0,1,0,0,0,0,0,0,0,0,1,0,,67,10,2010,7,40.0303,-75.159,0.0,6,0,0,0,0,0,1,0,0,,0,0,0,0.0,3,1,3,,0,40 01:49.181,,0,75 09:32.497,8,0,0,0,67301,0,0,0,N,0,0,0,2,00000,0,,1,1,,N,N,,0,,0,0,1,3,3,,30.0,1,2,0,0,0,1,0,3,4,0,2,3,,N,,,,,,,,,,,
2011023531,0.0,2,0,0,0,0,0,0,0,0,1,0,,67,1,2010,3,40.0455,-75.0883,0.0,6,0,0,0,0,0,0,0,0,,0,0,0,16.0,1,1,1,,0,40 02:43.859,,0,75 05:17.937,8,0,0,0,67301,0,0,0,N,0,0,0,2,00000,0,,1,1,,N,N,,0,,0,0,0,3,2,,1630.0,1,2,0,0,0,1,0,3,4,0,2,3,,N,,,,,,,,,,,
2011016023,2131.0,2,0,0,0,0,0,0,0,0,1,0,,67,12,2010,4,39.9195,-75.243,2129.0,6,0,0,0,0,0,0,0,0,,0,0,0,99.0,3,1,1,,0,39 55:10.311,,0,75 14:34.799,3,0,0,0,67301,0,0,0,N,0,0,0,3,67301,0,,5,9,,N,N,,0,,1,0,0,3,2,,9999.0,1,2,0,0,0,0,2,3,4,0,2,10,,N,,,,,,,,,,,
2011001080,1205.0,1,0,0,0,0,0,0,0,0,1,0,,67,11,2010,4,40.0301,-75.0352,1200.0,6,0,0,0,0,0,1,0,0,1.0,0,0,0,11.0,1,2,1,,2,40 01:48.464,2.0,0,75 02:06.579,4,0,0,0,67301,0,0,0,,0,0,0,3,67301,2,,1,1,,N,N,,1,,0,0,1,0,0,N,1159.0,2,3,0,0,0,0,0,3,4,0,3,3,,N,,,,,,,,,,,
2011008877,2240.0,2,0,0,0,0,0,0,0,0,4,0,,67,12,2010,1,40.0337,-75.1458,2235.0,6,0,0,0,0,0,1,0,0,,0,0,0,22.0,3,3,1,,0,40 02:01.358,,0,75 08:45.257,8,0,0,0,67301,0,0,0,N,0,0,0,4,67301,0,,1,9,,N,N,,0,,0,0,0,3,1,,2235.0,3,2,0,0,0,3,0,3,4,0,2,7,,N,,,,,,,,,,,
2011016916,1956.0,3,0,0,0,0,0,0,0,0,4,0,,67,12,2010,2,40.0659,-75.1765,1955.0,6,0,0,0,0,0,0,1,0,,0,0,0,19.0,3,5,1,,0,40 03:57.202,,0,75 10:35.464,8,0,0,0,67301,0,0,0,,0,0,0,6,67301,0,,1,1,,,,,0,,0,0,0,3,3,,1954.0,5,3,0,0,0,5,1,3,4,0,3,3,,N,,,,,,,,,,,
2011016928,1825.0,2,0,0,0,0,0,0,0,0,4,0,,67,12,2010,1,40.0584,-75.0445,1819.0,6,0,0,0,0,0,0,0,1,2.0,0,0,0,18.0,3,1,0,,1,40 03:29.821,1.0,7,75 02:40.603,8,0,0,0,67301,0,0,0,N,0,0,0,3,67301,0,,1,9,,N,N,,0,,0,0,0,0,0,N,1819.0,1,2,0,0,0,1,0,3,4,0,2,7,,N,,,,,,,,,,,
2011000989,1755.0,0,0,0,0,0,0,0,0,0,5,1,,67,12,2010,4,40.0317,-75.1789,1750.0,6,0,0,0,0,0,0,0,1,,0,1,0,17.0,1,0,1,,0,40 01:54.260,,0,75 10:43.950,0,0,0,0,67301,1,0,0,,0,0,0,2,67301,0,,1,1,,N,N,,1,,0,0,0,3,2,,1741.0,0,2,0,0,0,0,0,3,4,0,2,3,,N,,,,,,,,,,,
2011001009,1340.0,2,0,0,0,0,0,0,0,0,1,0,,67,11,2010,2,40.0523,-75.1516,1330.0,6,0,0,0,0,0,1,0,0,,0,0,0,21.0,3,1,1,,0,40 03:08.130,,0,75 09:05.827,2,0,0,0,67301,0,0,0,N,0,0,0,2,67301,0,,1,1,,N,N,,0,,0,1,0,0,0,,2100.0,1,2,0,0,0,0,0,3,4,0,2,99,,N,,,,,,,,,,,
2011008469,1730.0,2,0,0,0,0,0,0,0,0,5,0,,67,12,2010,4,40.0459,-75.1757,1722.0,6,0,0,0,0,0,0,1,0,,0,0,0,99.0,3,0,0,,0,40 02:45.358,,0,75 10:32.408,0,0,0,0,67301,0,0,0,N,0,0,0,1,67301,0,,1,1,,N,N,,0,,0,0,0,0,0,,9999.0,0,2,0,0,0,0,0,3,4,0,2,3,,N,,,,,,,,,,,
2011008480,824.0,1,0,0,0,0,0,0,0,0,8,0,,67,11,2010,2,40.0497,-75.0078,823.0,6,0,0,0,0,0,0,0,0,2.0,0,0,0,8.0,1,1,0,,2,40 02:58.822,3.0,0,75 00:28.065,2,0,0,0,67301,1,0,1,,1,0,1,2,67301,0,,1,1,,,,,0,,0,1,0,0,0,Y,815.0,1,2,0,0,0,0,0,3,4,0,1,3,,N,,,,,,,,,,,
2011025697,327.0,3,0,0,0,0,0,0,0,0,1,0,,67,5,2010,2,39.9268,-75.1589,323.0,6,0,0,0,0,0,0,0,0,,0,0,0,3.0,3,0,0,,0,39 55:36.620,,0,75 09:32.060,0,0,0,0,67301,0,0,0,,0,0,0,0,67301,0,,6,1,,N,N,,0,,0,0,0,0,0,,319.0,0,3,0,0,0,0,0,3,4,0,3,3,,N,,,,,,,,,,,
2011025732,9999.0,1,0,0,0,0,0,0,0,0,8,0,,67,5,2010,6,39.9236,-75.2284,9999.0,6,0,0,0,0,0,0,0,0,,0,0,0,11.0,1,1,0,,0,39 55:24.914,,0,75 13:42.076,4,0,0,0,67301,1,0,0,N,1,0,0,2,67301,1,,1,1,,N,N,,0,,0,0,0,3,2,,1145.0,1,2,0,0,0,0,0,3,4,0,1,3,,N,,,,,,,,,,,
2011027974,2203.0,3,0,0,0,0,0,0,0,0,6,0,,67,6,2010,5,40.0646,-75.0782,2202.0,6,0,0,0,0,0,0,0,0,,0,0,0,22.0,3,0,0,,0,40 03:52.437,,0,75 04:41.466,0,0,0,0,67301,0,0,0,,0,0,0,1,67301,0,,1,1,,,,,0,,0,0,0,0,0,,2200.0,0,3,0,0,1,0,0,3,4,0,3,3,,N,,,,,,,,,,,
2011025790,0.0,1,0,0,0,0,0,0,0,0,5,0,,67,6,2010,4,39.997,-75.2354,0.0,6,0,0,0,0,0,1,0,0,,0,0,0,13.0,1,1,0,,0,39 59:49.077,,0,75 14:07.460,4,0,0,0,67301,0,0,0,,0,0,0,2,00000,1,,1,1,,,,,0,,0,0,0,0,0,,1315.0,1,2,0,0,0,0,1,3,4,1,2,3,,N,,,,,,,,,,,
2011025792,0.0,2,0,0,0,0,0,0,0,0,1,0,,67,10,2010,7,39.9392,-75.1943,0.0,6,0,0,0,0,0,2,0,0,,0,0,0,15.0,1,1,0,,0,39 56:21.030,,0,75 11:39.330,3,0,0,0,67301,0,0,0,N,0,0,0,2,00000,0,,1,1,,N,N,,0,,1,0,0,3,8,,1500.0,1,2,0,0,0,0,0,3,4,0,2,3,,N,,,,,,,,,,,
2011008850,1635.0,1,0,0,0,0,0,0,0,0,4,0,,67,12,2010,5,39.9169,-75.1721,1620.0,6,0,0,0,0,0,0,0,0,,0,0,0,16.0,4,0,10,,0,39 55:01.129,,0,75 10:19.782,9,0,0,0,67301,0,0,0,N,0,0,0,2,67301,0,,1,7,,N,N,,1,,0,0,0,3,2,,1610.0,0,2,0,0,0,0,1,3,4,0,2,10,,N,,,,,,,,,,,
2011000953,1447.0,2,0,0,0,0,0,0,0,0,1,0,,67,12,2010,2,40.0094,-75.1509,1447.0,6,0,0,0,0,0,0,0,0,,0,0,0,14.0,1,1,0,,0,40 00:33.753,,0,75 09:03.131,8,0,0,0,67301,0,0,0,N,0,0,0,2,67301,0,,1,1,,,N,,0,,0,0,0,0,0,,1400.0,1,2,0,0,0,1,0,3,4,0,2,3,,N,,,,,,,,,,,
2011001019,2038.0,2,0,0,0,0,0,0,0,0,4,0,,67,11,2010,3,40.0091,-75.2112,9999.0,6,0,0,0,0,0,0,0,0,,0,0,0,20.0,3,1,0,,0,40 00:32.850,,7,75 12:40.280,8,0,0,0,67301,0,0,0,,0,0,0,6,67301,0,,1,9,,,,,0,,0,0,0,0,0,,2038.0,1,2,0,0,0,1,0,3,4,0,2,7,,N,,,,,,,,,,,
2011001044,428.0,1,0,0,0,0,0,0,0,0,1,0,,67,11,2010,4,39.9214,-75.1914,425.0,6,0,0,0,0,0,0,0,0,1.0,0,0,0,4.0,3,1,2,,1,39 55:17.587,2.0,2,75 11:29.484,8,0,0,0,67301,0,0,0,N,0,0,0,2,67301,0,,1,1,,N,N,,0,,0,0,1,3,2,N,422.0,1,2,0,0,0,1,0,3,4,0,2,3,,N,,,,,,,,,,,
2011001240,721.0,1,0,0,0,0,0,0,0,0,7,0,,67,12,2010,1,40.0131,-75.0582,707.0,6,0,0,0,0,0,0,0,0,,0,0,0,7.0,5,0,0,,0,40 00:47.073,,0,75 03:29.893,0,0,0,0,67301,0,0,0,N,0,0,0,1,68K01,0,,3,8,,N,N,,0,,0,0,0,0,0,,705.0,0,1,0,0,0,0,0,3,4,0,1,7,,N,,,,,,,,,,,
2011029431,2020.0,2,0,0,0,0,0,0,0,0,6,0,,67,3,2010,4,40.0423,-75.0507,2016.0,6,0,0,0,0,0,0,0,0,,0,0,0,99.0,3,1,1,,0,40 02:32.322,,0,75 03:02.319,8,0,0,0,67301,0,0,0,,0,0,0,3,67301,0,,1,1,,,,,0,,0,0,0,3,2,,9999.0,1,2,0,0,0,1,0,3,4,0,2,3,,N,,,,,,,,,,,
2011000856,1057.0,2,0,0,0,0,0,0,0,0,5,0,,67,11,2010,6,39.9473,-75.1479,1045.0,6,0,0,0,0,0,1,0,0,,0,0,0,10.0,1,1,1,,0,39 56:50.293,,0,75 08:52.552,8,0,0,0,67301,0,0,0,N,0,0,0,2,67301,0,,1,9,,N,N,,0,,0,0,0,3,2,,1042.0,1,2,0,0,0,1,0,3,4,0,2,7,,N,,,,,,,,,,,
2011008381,1250.0,0,0,0,0,0,0,0,0,0,4,0,,67,12,2010,6,40.0105,-75.1608,1246.0,6,0,0,0,0,0,0,0,1,9.0,0,0,0,12.0,1,1,1,,2,40 00:37.732,7.0,0,75 09:38.718,3,0,0,0,67301,0,0,0,N,0,0,0,2,67301,0,,1,1,,N,N,,0,,1,0,2,3,3,Y,1244.0,1,2,0,0,0,0,0,3,4,0,2,3,,N,,,,,,,,,,,
2011025682,1815.0,1,0,0,0,0,0,0,0,0,8,0,,67,5,2010,4,40.0319,-75.1315,1800.0,6,0,0,0,0,0,0,0,1,,0,0,0,17.0,1,1,2,,0,40 01:54.735,,0,75 07:53.327,8,0,0,0,67301,1,0,0,,1,0,0,2,67301,0,,1,1,,,,,0,,0,0,0,0,0,,1750.0,1,2,0,0,0,1,0,3,4,0,1,3,,N,,,,,,,,,,,
2011025721,255.0,1,0,0,0,0,0,0,0,0,8,0,,67,8,2010,6,39.931,-75.2324,254.0,6,0,0,0,0,0,0,0,0,,0,0,0,2.0,3,1,1,,0,39 55:51.721,,0,75 13:56.641,8,0,0,0,67301,1,0,0,,1,0,0,2,67301,0,,1,1,,,N,,0,,0,0,0,9,2,,245.0,1,2,0,0,0,1,1,3,4,0,1,3,,N,,,,,,,,,,,
2011027958,1840.0,3,0,0,0,0,0,0,0,0,4,0,,67,5,2010,7,40.0308,-75.1878,1835.0,6,0,0,0,0,0,1,0,0,1.0,0,0,0,18.0,1,2,1,,1,40 01:50.672,2.0,0,75 11:15.838,4,0,0,0,67301,0,0,0,,0,0,0,6,67301,2,,1,1,,,,,0,,0,0,0,3,2,N,1830.0,2,3,0,0,0,0,0,3,4,0,3,3,,N,,,,,,,,,,,