CRN,ARRIVAL_TM,AUTOMOBILE_COUNT,BELTED_DEATH_COUNT,BELTED_SUSP_SERIOUS_INJ_COUNT,BICYCLE_COUNT,BICYCLE_DEATH_COUNT,BICYCLE_SUSP_SERIOUS_INJ_COUNT,BUS_COUNT,CHLDPAS_DEATH_COUNT,CHLDPAS_SUSP_SERIOUS_INJ_COUNT,COLLISION_TYPE,COMM_VEH_COUNT,CONS_ZONE_SPD_LIM,COUNTY,CRASH_MONTH,CRASH_YEAR,DAY_OF_WEEK,DEC_LAT,DEC_LONG,DISPATCH_TM,DISTRICT,DRIVER_COUNT_16YR,DRIVER_COUNT_17YR,DRIVER_COUNT_18YR,DRIVER_COUNT_19YR,DRIVER_COUNT_20YR,DRIVER_COUNT_50_64YR,DRIVER_COUNT_65_74YR,DRIVER_COUNT_75PLUS,EST_HRS_CLOSED,FATAL_COUNT,HEAVY_TRUCK_COUNT,HORSE_BUGGY_COUNT,HOUR_OF_DAY,ILLUMINATION,INJURY_COUNT,INTERSECT_TYPE,INTERSECTION_RELATED,LANE_CLOSED,LATITUDE,LN_CLOSE_DIR,LOCATION_TYPE,LONGITUDE,MAX_SEVERITY_LEVEL,MCYCLE_DEATH_COUNT,MCYCLE_SUSP_SERIOUS_INJ_COUNT,MOTORCYCLE_COUNT,MUNICIPALITY,NONMOTR_COUNT,NONMOTR_DEATH_COUNT,NONMOTR_SUSP_SERIOUS_INJ_COUNT,NTFY_HIWY_MAINT,PED_COUNT,PED_DEATH_COUNT,PED_SUSP_SERIOUS_INJ_COUNT,PERSON_COUNT,POLICE_AGCY,POSSIBLE_INJ_COUNT,RDWY_SURF_TYPE_CD,RELATION_TO_ROAD,ROAD_CONDITION,ROADWAY_CLEARED,SCH_BUS_IND,SCH_ZONE_IND,SECONDARY_CRASH,SMALL_TRUCK_COUNT,SPEC_JURIS_CD,SUSP_MINOR_INJ_COUNT,SUSP_SERIOUS_INJ_COUNT,SUV_COUNT,TCD_FUNC_CD,TCD_TYPE,TFC_DETOUR_IND,TIME_OF_DAY,TOT_INJ_COUNT,TOTAL_UNITS,UNB_DEATH_COUNT,UNB_SUSP_SERIOUS_INJ_COUNT,UNBELTED_OCC_COUNT,UNK_INJ_DEG_COUNT,UNK_INJ_PER_COUNT,URBAN_AREA,URBAN_RURAL,VAN_COUNT,VEHICLE_COUNT,WEATHER1,WEATHER2,WORK_ZONE_IND,WORK_ZONE_LOC,WORK_ZONE_TYPE,WORKERS_PRES,WZ_CLOSE_DETOUR,WZ_FLAGGER,WZ_LAW_OFFCR_IND,WZ_LN_CLOSURE,WZ_MOVING,WZ_OTHER,WZ_SHLDER_MDN,WZ_WORKERS_INJ_KILLED
2011027959,1701.0,0,0,0,0,0,0,0,0,0,8,0,,67,5,2010,6,39.9852,-75.1478,1700.0,6,0,0,0,0,0,1,0,0,,0,0,0,17.0,1,1,1,,0,39 59:06.738,,0,75 08:51.935,4,0,0,0,67301,1,0,0,N,1,0,0,3,67301,1,,1,1,,N,N,,1,,0,0,0,3,3,,1700.0,1,2,0,0,0,0,0,3,4,0,1,3,,N,,,,,,,,,,,
2011023424,0.0,2,0,0,0,0,0,0,0,0,1,0,,67,1,2010,1,39.8978,-75.2522,0.0,6,0,0,0,0,0,0,0,0,,0,0,0,17.0,1,1,1,,0,39 53:51.987,,0,75 15:08.047,8,0,0,0,67301,0,0,0,N,0,0,0,3,00000,0,,1,1,,N,N,,0,,0,0,0,3,2,,1700.0,1,2,0,0,0,1,0,3,4,0,2,3,,N,,,,,,,,,,,
2011015851,255.0,1,0,0,0,0,0,0,0,0,4,0,,67,12,2010,1,39.9744,-75.1474,248.0,6,0,0,0,0,0,0,0,0,3.0,0,0,0,2.0,3,1,1,,2,39 58:27.908,7.0,0,75 08:50.629,4,0,0,0,67301,0,0,0,N,0,0,0,4,67301,1,,1,1,,N,N,,1,,0,0,0,3,2,Y,248.0,1,2,0,0,4,0,2,3,4,0,2,3,,N,,,,,,,,,,,
2011015907,110.0,1,0,0,0,0,0,0,0,0,7,0,,67,12,2010,3,39.9091,-75.2421,105.0,6,0,1,0,0,0,0,0,0,3.0,0,0,0,0.0,3,1,0,,2,39 54:32.741,2.0,0,75 14:31.684,4,0,0,0,67301,0,0,0,,0,0,0,1,67301,1,,3,6,,N,N,,0,,0,0,0,0,0,Y,42.0,1,1,0,0,0,0,0,3,4,0,1,3,,N,,,,,,,,,,,
2011008899,1245.0,2,0,0,0,0,0,0,0,0,4,0,,67,12,2010,3,40.0461,-75.2059,1212.0,6,0,0,1,0,0,0,0,1,,0,0,0,12.0,1,1,1,,0,40 02:46.031,,0,75 12:21.162,8,0,0,0,67301,0,0,0,,0,0,0,2,67301,0,,1,1,,N,N,,0,,0,0,0,3,3,,1205.0,1,2,0,0,0,1,0,3,4,0,2,3,,N,,,,,,,,,,,
2011008377,237.0,1,0,0,0,0,0,1,0,0,4,1,,67,12,2010,7,39.958,-75.2084,234.0,6,0,0,0,0,0,0,0,0,,0,0,0,2.0,3,2,0,,0,39 57:28.759,,0,75 12:30.419,4,0,0,0,67301,0,0,0,N,0,0,0,5,67301,2,,1,1,,N,N,,0,,0,0,0,0,0,,230.0,2,2,0,0,2,0,0,3,4,0,2,3,,N,,,,,,,,,,,
2011008400,356.0,2,0,0,0,0,0,0,0,0,1,0,,67,12,2010,1,40.0145,-75.1782,348.0,6,0,0,0,0,1,0,0,0,3.0,0,0,0,3.0,3,0,0,,2,40 00:52.422,2.0,0,75 10:41.732,0,0,0,0,67301,0,0,0,N,0,0,0,2,67301,0,,1,1,,N,N,,0,,0,0,0,0,0,Y,349.0,0,2,0,0,2,0,0,3,4,0,2,3,,N,,,,,,,,,,,
2011008441,810.0,5,0,1,0,0,0,0,0,0,4,0,,67,11,2010,6,39.9668,-75.1797,803.0,6,0,0,0,0,0,1,0,0,3.0,0,0,0,8.0,1,3,0,,2,39 58:00.345,1.0,0,75 10:46.968,2,0,0,0,67301,0,0,0,N,0,0,0,6,67301,1,,1,9,,N,N,,0,,1,1,1,0,0,Y,802.0,3,6,0,0,0,0,0,3,4,0,6,3,,N,,,,,,,,,,,
2011025717,732.0,1,0,0,0,0,0,0,0,0,1,0,,67,5,2010,6,39.9442,-75.2165,732.0,6,0,0,0,0,0,1,0,0,,0,0,0,6.0,1,1,1,,0,39 56:39.026,,0,75 12:59.537,4,0,0,0,67301,0,0,0,,0,0,0,2,67301,1,,1,1,,,,,0,,0,0,0,3,2,,635.0,1,2,0,0,0,0,0,3,4,0,2,3,,N,,,,,,,,,,,
2011025781,2043.0,0,0,0,0,0,0,0,0,0,4,0,,67,5,2010,7,40.079,-74.9708,2040.0,6,0,0,0,0,0,0,0,0,,0,0,0,20.0,4,1,0,,0,40 04:44.356,,0,74 58:14.718,8,0,0,1,67301,0,0,0,,0,0,0,3,67301,0,,1,1,,,,,0,,0,0,1,0,0,,2040.0,1,2,0,0,0,1,0,3,4,0,2,3,,N,,,,,,,,,,,
2011022846,0.0,1,0,0,0,0,0,0,0,0,1,0,,67,2,2010,7,40.0687,-75.1568,0.0,6,0,0,0,0,0,0,0,0,,0,0,0,21.0,6,2,5,,0,40 04:07.262,,0,75 09:24.365,4,0,0,0,67301,0,0,0,N,0,0,0,3,00000,1,,1,7,,N,N,,0,,0,0,0,3,2,,2115.0,2,2,0,0,0,1,0,3,4,0,2,10,,N,,,,,,,,,,,
2011001062,1847.0,2,0,0,0,0,0,0,0,0,4,0,,67,12,2010,6,40.078,-75.0862,1843.0,6,0,0,0,0,0,1,0,0,,0,0,0,18.0,3,3,2,,0,40 04:40.758,,0,75 05:10.164,4,0,0,0,67301,0,0,0,N,0,0,0,4,67301,3,,1,1,,N,N,,0,,0,0,0,0,0,,1840.0,3,2,0,0,1,0,0,3,4,0,2,3,,N,,,,,,,,,,,
2011001063,1506.0,2,0,0,0,0,0,0,0,0,2,0,,67,10,2010,7,40.0412,-75.0882,1505.0,6,0,0,0,1,0,0,0,0,3.0,0,0,0,15.0,1,2,1,,2,40 02:28.235,1.0,0,75 05:17.545,3,0,0,0,67301,0,0,0,,0,0,0,2,67301,1,,1,1,,,,,0,,1,0,0,3,2,N,1500.0,2,2,0,0,0,0,0,3,4,0,2,3,,N,,,,,,,,,,,
2011013159,1830.0,1,0,0,0,0,0,0,0,0,1,0,,67,12,2010,3,40.0806,-74.9659,1830.0,6,0,0,0,0,0,1,1,0,1.0,0,0,0,18.0,3,4,0,,1,40 04:50.271,3.0,0,74 57:57.322,3,0,0,0,67301,0,0,0,N,0,0,0,5,67301,0,,1,1,,N,N,,0,,4,0,2,0,0,N,1815.0,4,3,0,0,0,0,0,3,4,0,3,3,,N,,,,,,,,,,,
2011008538,1130.0,0,0,0,0,0,0,1,0,0,8,1,,67,12,2010,2,39.9494,-75.1523,1124.0,6,0,0,0,0,0,1,0,0,,0,0,0,11.0,1,1,1,,0,39 56:57.916,,0,75 09:08.422,8,0,0,0,67301,1,0,0,N,1,0,0,2,67301,0,,1,1,,N,N,,0,,0,0,0,3,2,,1110.0,1,2,0,0,0,1,0,3,4,0,1,3,,N,,,,,,,,,,,
2011000895,635.0,1,0,0,0,0,0,0,0,0,1,0,,67,11,2010,1,40.0253,-75.1278,610.0,6,0,0,0,0,0,0,0,0,1.0,0,0,0,6.0,3,0,0,,1,40 01:30.734,2.0,0,75 07:41.307,0,0,0,0,67301,0,0,0,N,0,0,0,1,67301,0,,6,1,,N,N,,1,,0,0,0,0,0,N,605.0,0,2,0,0,0,0,0,3,4,0,2,3,,N,,,,,,,,,,,
2011000950,9999.0,1,0,0,0,0,0,0,0,0,2,0,,67,11,2010,6,40.0287,-75.1737,9999.0,6,0,0,0,0,0,1,0,0,,0,0,0,99.0,3,1,0,,0,40 01:43.549,,0,75 10:25.548,8,0,0,0,67301,0,0,0,N,0,0,0,2,67301,0,,1,9,,N,N,,0,,0,0,1,0,0,,9999.0,1,2,0,0,2,1,0,3,4,0,2,7,,N,,,,,,,,,,,
2012109664,1705.0,1,0,0,0,0,0,1,0,0,1,1,,67,10,2010,7,40.086,-75.2305,1656.0,6,0,0,0,0,0,2,0,0,,0,0,0,15.0,1,1,1,,0,40 05:09.819,,0,75 13:49.871,4,0,0,0,67301,0,0,0,N,0,0,0,4,67301,1,,1,9,,N,N,,0,,0,0,0,3,2,,1523.0,1,3,0,0,0,0,0,3,4,1,3,7,,N,,,,,,,,,,,
2011082607,1116.0,0,0,0,0,0,0,0,0,0,7,0,,67,7,2010,7,40.097,-75.0217,1111.0,6,0,0,0,0,0,0,0,1,,0,0,0,11.0,1,1,0,,0,40 05:49.059,,0,75 01:17.983,8,0,0,0,67301,0,0,0,,0,0,0,1,67301,0,,5,9,,N,,,0,,0,0,1,0,0,,1110.0,1,1,0,0,0,1,0,3,4,0,1,7,,N,,,,,,,,,,,
2011008494,1631.0,1,0,0,0,0,0,0,0,0,5,1,,67,12,2010,2,40.006,-75.0919,1629.0,6,0,0,0,0,0,0,0,0,,0,1,0,16.0,1,1,5,,0,40 00:21.613,,0,75 05:30.664,8,0,0,0,67301,0,0,0,N,0,0,0,2,67301,0,,1,1,,N,N,,0,,0,0,0,3,2,,1627.0,1,2,0,0,0,1,0,3,4,0,2,3,,N,,,,,,,,,,,
2011008245,925.0,1,0,0,0,0,0,0,0,0,2,0,,67,12,2010,4,39.9592,-75.2312,922.0,6,0,0,0,0,0,1,0,0,,0,0,0,9.0,1,1,1,,0,39 57:33.197,,0,75 13:52.115,8,0,0,0,67301,0,0,0,N,0,0,0,2,67301,0,,1,1,,N,N,,0,,0,0,1,3,2,,920.0,1,2,0,0,1,1,0,3,4,0,2,3,,N,,,,,,,,,,,
2011011414,9999.0,0,0,0,0,0,0,1,0,0,4,1,,67,12,2010,6,39.9889,-75.2329,736.0,6,0,0,0,0,0,0,0,0,,0,0,0,7.0,1,1,1,,0,39 59:20.173,,0,75 13:58.609,8,0,0,0,67301,0,0,0,,0,0,0,6,67301,0,,1,7,,Y,N,,0,,0,0,1,3,2,,734.0,1,2,0,0,0,1,0,3,4,0,2,10,,N,,,,,,,,,,,
2011000957,1420.0,1,0,0,0,0,0,0,0,0,8,0,,67,11,2010,3,39.9597,-75.2352,1420.0,6,0,0,0,0,0,0,1,0,,0,0,0,14.0,1,1,1,,0,39 57:34.998,,0,75 14:06.748,4,0,0,0,67301,1,0,0,N,1,0,0,2,67301,1,,1,1,,N,N,,0,,0,0,0,3,2,,1420.0,1,2,0,0,0,0,0,3,4,0,1,3,,N,,,,,,,,,,,
2012020586,811.0,1,0,0,0,0,0,0,0,0,4,0,,67,2,2010,6,39.9614,-75.1433,810.0,6,0,0,0,0,0,0,0,0,,0,0,0,99.0,1,1,1,,0,39 57:41.068,,0,75 08:35.811,4,0,0,0,67301,0,0,0,,0,0,0,3,67301,1,,1,0,,N,,,1,,0,0,0,0,0,,9999.0,1,2,0,0,1,0,0,3,4,0,2,3,,N,,,,,,,,,,,
2011026357,1525.0,1,0,0,0,0,0,0,0,0,8,0,,67,5,2010,5,39.9042,-75.1646,1520.0,6,0,0,0,0,0,0,1,0,,0,0,0,15.0,1,1,1,,0,39 54:15.296,,0,75 09:52.610,4,0,0,0,67301,1,0,0,N,1,0,0,2,67301,1,,1,1,,N,N,,0,,0,0,0,3,2,,1510.0,1,2,0,0,0,0,0,3,4,0,1,3,,N,,,,,,,,,,,
2011001961,1106.0,0,0,0,0,0,0,1,0,0,8,1,,67,11,2010,1,39.9519,-75.1598,1059.0,6,0,0,0,0,0,0,0,0,,0,0,0,10.0,1,2,1,,0,39 57:06.961,,0,75 09:35.508,4,0,0,0,67301,2,0,0,N,2,0,0,3,67301,2,,1,1,,N,N,,0,,0,0,0,3,2,,1058.0,2,3,0,0,0,0,0,3,4,0,1,3,,N,,,,,,,,,,,
2011003333,1253.0,1,0,0,0,0,0,0,0,0,1,0,,67,9,2010,4,39.9989,-75.2315,1251.0,6,0,0,0,0,0,0,0,0,,0,0,0,12.0,1,1,0,,0,39 59:55.980,,0,75 13:53.528,4,0,0,0,67301,0,0,0,N,0,0,0,2,46104,1,,1,1,,N,N,,1,,0,0,0,0,0,,1251.0,1,2,0,0,0,0,0,3,4,0,2,3,,N,,,,,,,,,,,
2011000849,9999.0,2,0,0,0,0,0,0,0,0,1,0,,67,11,2010,3,40.009,-75.1491,9999.0,6,0,0,0,0,0,0,0,0,,0,0,0,99.0,1,0,1,,0,40 00:32.328,,0,75 08:56.628,0,0,0,0,67301,0,0,0,N,0,0,0,1,67301,0,,1,9,,N,N,,0,,0,0,0,3,3,,9999.0,0,2,0,0,1,0,0,3,4,0,2,7,,N,,,,,,,,,,,
2011000857,15.0,0,0,0,0,0,0,0,0,0,7,0,,67,11,2010,1,40.0655,-74.9875,14.0,6,0,0,0,0,0,0,0,0,,1,0,0,0.0,3,1,0,,0,40 03:55.634,,0,74 59:14.938,1,0,0,0,67301,0,0,0,N,0,0,0,2,67301,1,2.0,4,1,,N,N,,1,0.0,0,0,0,0,0,,5.0,1,1,1,0,1,0,0,3,4,0,1,3,,N,,,,,,,,,,,
2011000858,1412.0,2,0,0,0,0,0,0,0,0,4,0,,67,12,2010,4,40.095,-75.0154,1407.0,6,0,0,0,1,0,0,0,0,,0,0,0,14.0,1,1,1,,0,40 05:41.218,,0,75 00:55.140,8,0,0,0,67301,0,0,0,N,0,0,0,3,67301,0,,1,9,,N,N,,0,,0,0,0,3,2,,1405.0,1,2,0,0,0,1,0,3,4,0,2,7,,N,,,,,,,,,,,
2011008320,1540.0,0,0,0,0,0,0,0,0,0,5,0,,67,10,2010,4,40.0263,-75.1171,1530.0,6,0,0,0,0,0,0,0,0,4.0,0,0,0,15.0,1,1,0,,2,40 01:34.636,1.0,0,75 07:00.892,2,0,0,0,67301,1,0,1,N,1,0,1,3,67301,0,,1,1,,N,N,,1,,0,1,1,0,0,Y,1525.0,1,3,0,0,0,0,1,3,4,0,2,3,,N,,,,,,,,,,,
2011025839,,1,0,0,0,0,0,0,0,0,1,0,,67,7,2010,5,40.0282,-75.0389,,6,0,0,0,0,0,1,1,0,,0,0,0,13.0,1,2,1,,0,40 01:41.450,,0,75 02:20.031,3,0,0,0,67301,0,0,0,N,0,0,0,4,00000,0,,1,1,,N,N,,0,,2,0,1,3,2,,1343.0,2,2,0,0,0,0,2,3,4,0,2,3,,N,,,,,,,,,,,
2011025685,1450.0,1,0,0,0,0,0,0,0,0,8,0,,67,5,2010,2,39.9379,-75.1597,1442.0,6,0,0,0,0,0,0,0,0,,0,0,0,15.0,1,1,0,,0,39 56:16.411,,0,75 09:34.858,4,0,0,0,67301,1,0,0,,1,0,0,2,67301,1,,2,1,,,,,0,,0,0,0,0,0,,1545.0,1,2,0,0,0,0,0,3,4,0,1,3,,N,,,,,,,,,,,
2011027929,1730.0,1,0,0,1,0,0,0,0,0,4,0,,67,5,2010,7,40.0179,-75.0807,1726.0,6,0,0,0,0,0,0,0,0,,0,0,0,17.0,1,1,1,,0,40 01:04.425,,0,75 04:50.429,3,0,0,0,67301,1,0,0,N,0,0,0,2,67301,0,,1,1,,N,N,,0,,1,0,0,3,3,,1722.0,1,2,0,0,0,0,0,3,4,0,1,3,,N,,,,,,,,,,,
2011025761,305.0,2,0,0,0,0,0,0,0,0,4,0,,67,6,2010,1,39.9396,-75.1626,256.0,6,0,0,0,0,0,0,0,0,,0,0,0,99.0,3,1,1,,0,39 56:22.462,,0,75 09:45.277,4,0,0,0,67301,0,0,0,N,0,0,0,3,67301,1,,1,1,,N,N,,0,,0,0,0,3,3,,9999.0,1,3,0,0,0,0,2,3,4,0,3,3,,N,,,,,,,,,,,
2011015803,1420.0,1,0,0,0,0,0,0,0,0,8,0,,67,11,2010,2,39.9738,-75.2452,1414.0,6,0,0,0,0,0,0,0,0,9.0,0,0,0,14.0,1,1,1,,1,39 58:25.634,5.0,0,75 14:42.760,2,0,0,0,67301,1,0,1,,1,0,1,2,67301,0,,1,1,,,,,0,,0,1,0,3,2,Y,1414.0,1,2,0,0,0,0,0,3,4,0,1,3,,N,,,,,,,,,,,
2011001088,9999.0,1,0,0,0,0,0,0,0,0,8,0,,67,11,2010,6,39.9732,-75.2239,9999.0,6,0,0,0,0,0,0,0,0,9.0,0,0,0,23.0,2,1,1,,1,39 58:23.570,7.0,0,75 13:26.205,4,0,0,0,67301,1,0,0,N,1,0,0,2,67301,1,,4,9,,N,N,,0,,0,0,0,3,3,N,2350.0,1,2,0,0,0,0,0,3,4,0,1,3,,N,,,,,,,,,,,
2011087904,2121.0,0,0,0,0,0,0,0,0,0,8,0,,67,8,2010,6,40.0392,-75.11,2121.0,6,0,0,0,0,0,0,0,0,,0,0,0,21.0,3,1,1,,0,40 02:20.942,,0,75 06:36.006,3,0,0,0,67301,1,0,0,,1,0,0,6,67301,0,,1,1,,N,,,0,,1,0,1,3,2,,2119.0,1,2,0,0,0,0,0,3,4,0,1,3,,N,,,,,,,,,,,
2011008862,1649.0,1,0,0,0,0,0,0,0,0,4,0,,67,12,2010,2,40.0504,-75.1531,1639.0,6,0,0,0,0,0,0,0,0,,0,0,0,16.0,4,2,1,,0,40 03:01.414,,0,75 09:11.224,8,0,0,0,67301,1,0,0,N,0,0,0,4,67301,0,,1,1,,N,N,,0,,0,0,1,3,3,,1639.0,2,4,0,0,0,2,0,3,4,2,4,3,,N,,,,,,,,,,,
2011008884,1317.0,1,0,0,0,0,0,1,0,0,4,1,,67,12,2010,4,39.9536,-75.165,1313.0,6,0,0,0,0,0,1,0,0,,0,0,0,13.0,1,1,1,,0,39 57:12.949,,0,75 09:54.175,3,0,0,0,67301,0,0,0,,0,0,0,2,67301,0,,1,1,,Y,,,0,,1,0,0,3,2,,1308.0,1,2,0,0,0,0,0,3,4,0,2,3,,N,,,,,,,,,,,
2011022193,1241.0,3,0,0,0,0,0,0,0,0,1,0,,67,12,2010,2,40.0079,-75.2023,1241.0,6,0,0,0,0,0,1,0,0,1.0,0,0,0,12.0,1,3,0,,1,40 00:28.119,3.0,0,75 12:07.089,4,0,0,0,67301,0,0,0,N,0,0,0,6,68K01,3,,1,1,,N,N,,0,,0,0,0,0,0,N,1233.0,3,5,0,0,0,0,1,3,4,1,5,3,,N,,,,,,,,,,,
2011000928,2042.0,2,0,0,0,0,0,0,0,0,4,0,,67,12,2010,4,40.0455,-75.1649,2041.0,6,0,0,0,1,0,0,0,0,2.0,0,0,0,20.0,3,0,1,,1,40 02:43.800,2.0,0,75 09:53.514,9,0,0,0,67301,0,0,0,,0,0,0,3,67301,0,,1,1,,,,,0,,0,0,0,3,2,N,2040.0,0,2,0,0,0,0,2,3,4,0,2,3,,N,,,,,,,,,,,
2011000960,2128.0,2,0,0,0,0,0,0,0,0,1,0,,67,11,2010,1,39.9443,-75.2099,2114.0,6,0,0,0,0,0,0,0,0,,0,0,0,21.0,3,1,0,,0,39 56:39.656,,0,75 12:35.528,8,0,0,0,67301,0,0,0,N,0,0,0,1,67301,0,,6,1,,N,N,,0,,0,0,0,0,0,,2110.0,1,2,0,0,0,1,0,3,4,0,2,3,,N,,,,,,,,,,,
2011000987,1143.0,2,0,0,0,0,0,0,0,0,4,0,,67,11,2010,1,39.9764,-75.1513,1140.0,6,0,0,0,0,0,1,1,0,,0,0,0,11.0,1,1,2,,0,39 58:35.025,,0,75 09:04.697,4,0,0,0,67301,0,0,0,N,0,0,0,2,67301,1,,1,1,,N,N,,0,,0,0,0,3,2,,1135.0,1,2,0,0,0,0,0,3,4,0,2,98,,N,,,,,,,,,,,
2011001028,2206.0,1,0,0,0,0,0,0,0,0,8,0,,67,11,2010,4,39.9526,-75.1654,2203.0,6,0,0,0,0,0,1,0,0,,0,0,0,22.0,3,1,2,,0,39 57:09.849,,0,75 09:54.799,4,0,0,0,67301,1,0,0,N,1,0,0,2,67301,1,,1,1,,N,N,,0,,0,0,0,3,2,,2200.0,1,2,0,0,0,0,0,3,4,0,1,3,,N,,,,,,,,,,,
2012004062,100.0,0,0,0,0,0,0,0,0,0,7,0,45.0,67,12,2010,6,39.8904,-75.2003,52.0,6,0,0,0,0,0,0,0,0,2.0,0,0,0,0.0,3,0,0,,1,39 53:29.845,2.0,3,75 11:55.295,0,0,0,0,67301,0,0,0,N,0,0,0,1,68K01,0,,4,1,,N,N,,0,,0,0,1,0,0,N,40.0,0,1,0,0,0,0,0,3,4,0,1,3,,Y,4.0,1.0,N,N,N,N,N,N,N,Y,
2011000903,322.0,1,0,0,0,0,0,0,0,0,7,0,,67,11,2010,5,39.9617,-75.1565,321.0,6,0,0,0,0,1,0,0,0,,0,0,0,3.0,3,1,0,,0,39 57:42.057,,0,75 09:23.519,8,0,0,0,67301,0,0,0,N,0,0,0,1,67301,0,,2,1,,N,N,,0,,0,0,0,0,0,,315.0,1,1,0,0,1,1,0,3,4,0,1,3,,N,,,,,,,,,,,
2011000927,1450.0,1,0,0,0,0,0,0,0,0,4,0,,67,12,2010,7,39.9722,-75.1248,1446.0,6,0,0,0,0,0,0,0,0,1.0,0,0,0,14.0,1,4,6,,1,39 58:21.108,4.0,2,75 07:24.440,8,0,0,0,67301,1,0,0,N,0,0,0,5,67301,0,,1,1,,N,N,,0,,0,0,0,3,4,Y,1444.0,4,2,0,0,0,4,0,3,4,0,1,3,,N,,,,,,,,,,,
2011000988,1842.0,1,0,0,0,0,0,0,0,0,8,0,,67,11,2010,6,40.0019,-75.1679,1839.0,6,0,0,0,0,0,0,0,0,,0,0,0,18.0,3,1,1,,0,40 00:06.739,,0,75 10:04.299,4,0,0,0,67301,1,0,0,N,1,0,0,2,67301,1,,1,1,,N,N,,0,,0,0,0,3,2,,1800.0,1,2,0,0,0,0,0,3,4,0,1,3,,N,,,,,,,,,,,
2011001025,1542.0,1,0,0,1,0,0,0,0,0,1,0,,67,11,2010,4,39.9969,-75.1538,9999.0,6,0,0,0,0,0,0,0,0,,0,0,0,13.0,1,1,0,,0,39 59:48.764,,0,75 09:13.756,4,0,0,0,67301,1,0,0,,0,0,0,2,67301,1,,1,1,,,,,0,,0,0,0,0,0,,1340.0,1,2,0,0,1,0,0,3,4,0,1,3,,N,,,,,,,,,,,
2011027955,9999.0,1,0,0,0,0,0,0,0,0,4,0,,67,5,2010,2,39.9922,-75.2193,930.0,6,0,0,0,0,0,0,0,0,,0,0,0,9.0,1,1,1,,0,39 59:31.819,,0,75 13:09.634,4,0,0,0,67301,0,0,0,N,0,0,0,2,67301,1,,1,1,,N,N,,0,,0,0,1,3,3,,930.0,1,2,0,0,0,0,0,3,4,0,2,3,,N,,,,,,,,,,,
2011025763,2323.0,0,0,0,0,0,0,0,0,0,5,0,,67,5,2010,6,40.0042,-75.1486,2323.0,6,0,0,0,0,0,0,0,0,,0,0,0,23.0,3,1,1,,0,40 00:15.188,,0,75 08:55.136,3,0,0,0,67301,0,0,0,N,0,0,0,3,67301,0,,5,1,,N,N,,0,,1,0,2,3,2,,2323.0,1,2,0,0,0,0,0,3,4,0,2,3,,N,,,,,,,,,,,
2011025818,0.0,2,0,0,0,0,0,0,0,0,1,0,,67,10,2010,3,39.9304,-75.2276,0.0,6,0,0,0,0,0,0,0,0,,0,0,0,16.0,1,1,2,,0,39 55:49.339,,0,75 13:39.363,8,0,0,0,67301,0,0,0,N,0,0,0,2,00000,0,,1,1,,N,N,,0,,0,0,0,3,2,,1630.0,1,2,0,0,0,1,0,3,4,0,2,3,,N,,,,,,,,,,,
2011016013,2343.0,3,0,0,0,0,0,0,0,0,1,0,,67,12,2010,7,40.0841,-74.9902,2342.0,6,0,0,0,0,0,0,0,0,,0,0,0,23.0,3,3,1,,0,40 05:02.651,,0,74 59:24.581,4,0,0,0,67301,0,0,0,N,0,0,0,3,67301,3,,1,1,,N,N,,0,,0,0,0,3,2,,2340.0,3,3,0,0,0,0,0,3,4,0,3,3,,N,,,,,,,,,,,
2011001060,1632.0,1,0,0,0,0,0,0,0,0,8,0,,67,11,2010,5,,,1632.0,6,0,0,0,0,0,1,0,0,,0,0,0,14.0,1,1,0,,0,,,0,,4,0,0,0,67301,1,0,0,,1,0,0,2,67301,1,,6,1,,N,N,,0,,0,0,0,0,0,,1430.0,1,2,0,0,0,0,0,3,3,0,1,3,,N,,,,,,,,,,,
2011001083,1705.0,1,0,0,0,0,0,0,0,0,1,0,,67,11,2010,3,40.052,-75.2018,1703.0,6,0,0,0,0,0,0,1,0,,0,0,0,16.0,1,0,0,,0,40 03:07.218,,0,75 12:06.414,0,0,0,0,67301,0,0,0,N,0,0,0,2,67301,0,,1,1,,N,N,,0,,0,0,1,3,3,,1655.0,0,2,0,0,2,0,0,3,4,0,2,3,,N,,,,,,,,,,,
2011024941,0.0,1,0,0,0,0,0,0,0,0,1,0,,67,11,2010,4,39.9628,-75.1835,0.0,6,0,0,0,0,0,1,0,0,,0,0,0,16.0,1,0,7,,0,39 57:45.053,,2,75 10:59.961,0,0,0,0,67301,0,0,0,N,0,0,0,2,00000,0,,7,1,,N,N,,1,,0,0,0,0,0,,1600.0,0,2,0,0,0,0,0,3,4,0,2,3,,N,,,,,,,,,,,
2011001027,2040.0,1,0,0,0,0,0,0,0,0,8,0,,67,11,2010,4,39.9694,-75.1725,2010.0,6,0,0,0,0,0,0,0,0,,0,0,0,99.0,3,1,0,,0,39 58:09.829,,0,75 10:21.144,4,0,0,0,67301,1,0,0,N,1,0,0,2,67301,1,,1,1,,N,N,,0,,0,0,0,3,3,,9999.0,1,2,0,0,1,0,1,3,4,0,1,3,,N,,,,,,,,,,,