CRN,ARRIVAL_TM,AUTOMOBILE_COUNT,BELTED_DEATH_COUNT,BELTED_SUSP_SERIOUS_INJ_COUNT,BICYCLE_COUNT,BICYCLE_DEATH_COUNT,BICYCLE_SUSP_SERIOUS_INJ_COUNT,BUS_COUNT,CHLDPAS_DEATH_COUNT,CHLDPAS_SUSP_SERIOUS_INJ_COUNT,COLLISION_TYPE,COMM_VEH_COUNT,CONS_ZONE_SPD_LIM,COUNTY,CRASH_MONTH,CRASH_YEAR,DAY_OF_WEEK,DEC_LAT,DEC_LONG,DISPATCH_TM,DISTRICT,DRIVER_COUNT_16YR,DRIVER_COUNT_17YR,DRIVER_COUNT_18YR,DRIVER_COUNT_19YR,DRIVER_COUNT_20YR,DRIVER_COUNT_50_64YR,DRIVER_COUNT_65_74YR,DRIVER_COUNT_75PLUS,EST_HRS_CLOSED,FATAL_COUNT,HEAVY_TRUCK_COUNT,HORSE_BUGGY_COUNT,HOUR_OF_DAY,ILLUMINATION,INJURY_COUNT,INTERSECT_TYPE,INTERSECTION_RELATED,LANE_CLOSED,LATITUDE,LN_CLOSE_DIR,LOCATION_TYPE,LONGITUDE,MAX_SEVERITY_LEVEL,MCYCLE_DEATH_COUNT,MCYCLE_SUSP_SERIOUS_INJ_COUNT,MOTORCYCLE_COUNT,MUNICIPALITY,NONMOTR_COUNT,NONMOTR_DEATH_COUNT,NONMOTR_SUSP_SERIOUS_INJ_COUNT,NTFY_HIWY_MAINT,PED_COUNT,PED_DEATH_COUNT,PED_SUSP_SERIOUS_INJ_COUNT,PERSON_COUNT,POLICE_AGCY,POSSIBLE_INJ_COUNT,RDWY_SURF_TYPE_CD,RELATION_TO_ROAD,ROAD_CONDITION,ROADWAY_CLEARED,SCH_BUS_IND,SCH_ZONE_IND,SECONDARY_CRASH,SMALL_TRUCK_COUNT,SPEC_JURIS_CD,SUSP_MINOR_INJ_COUNT,SUSP_SERIOUS_INJ_COUNT,SUV_COUNT,TCD_FUNC_CD,TCD_TYPE,TFC_DETOUR_IND,TIME_OF_DAY,TOT_INJ_COUNT,TOTAL_UNITS,UNB_DEATH_COUNT,UNB_SUSP_SERIOUS_INJ_COUNT,UNBELTED_OCC_COUNT,UNK_INJ_DEG_COUNT,UNK_INJ_PER_COUNT,URBAN_AREA,URBAN_RURAL,VAN_COUNT,VEHICLE_COUNT,WEATHER1,WEATHER2,WORK_ZONE_IND,WORK_ZONE_LOC,WORK_ZONE_TYPE,WORKERS_PRES,WZ_CLOSE_DETOUR,WZ_FLAGGER,WZ_LAW_OFFCR_IND,WZ_LN_CLOSURE,WZ_MOVING,WZ_OTHER,WZ_SHLDER_MDN,WZ_WORKERS_INJ_KILLED
2010121921,815.0,0,0,0,0,0,0,1,0,0,1,1,,67,11,2010,6,39.9738,-75.2582,811.0,6,0,0,0,0,0,0,0,0,,0,0,0,7.0,1,0,1,,0,39 58:25.603,,0,75 15:29.678,0,0,0,0,67301,0,0,0,,0,0,0,6,67301,0,,1,9,,Y,N,,1,,0,0,0,3,2,,755.0,0,2,0,0,0,0,0,3,4,0,2,7,,N,,,,,,,,,,,
2010058939,1859.0,2,0,0,0,0,0,0,0,0,2,0,,67,3,2010,1,40.0228,-75.159,1856.0,6,0,0,0,0,1,0,0,0,,0,0,0,18.0,4,2,5,,0,40 01:22.061,,0,75 09:32.460,4,0,0,0,67301,0,0,0,N,0,0,0,4,67301,1,,1,9,,N,N,,0,,0,0,0,3,2,,1848.0,2,2,0,0,0,1,2,3,4,0,2,7,,N,,,,,,,,,,,
2010058923,858.0,3,0,0,0,0,0,0,0,0,1,0,,67,5,2010,4,39.9727,-75.2595,836.0,6,0,0,0,0,0,0,0,0,9.0,0,0,0,8.0,1,1,0,,1,39 58:21.640,3.0,0,75 15:34.189,8,0,0,0,67301,0,0,0,,0,0,0,6,67301,0,,2,9,,,,,0,,0,0,1,0,0,N,830.0,1,4,0,0,0,1,2,3,4,0,4,7,,N,,,,,,,,,,,
2011000907,1438.0,2,0,0,0,0,0,0,0,0,4,0,,67,11,2010,2,40.0275,-75.0624,1435.0,6,0,0,0,0,0,1,0,0,,0,0,0,14.0,1,1,1,,0,40 01:38.846,,0,75 03:44.583,4,0,0,0,67301,0,0,0,,0,0,0,2,67301,1,,1,1,,,,,0,,0,0,0,3,2,,1413.0,1,2,0,0,0,0,0,3,4,0,2,3,,N,,,,,,,,,,,
2011010055,2145.0,2,0,0,0,0,0,0,0,0,1,0,,67,12,2010,3,39.9562,-75.1774,2140.0,6,0,0,0,0,0,0,0,0,,0,0,0,21.0,3,1,2,,0,39 57:22.190,,0,75 10:38.582,4,0,0,0,67301,0,0,0,N,0,0,0,1,67301,1,,6,1,,N,N,,0,,0,0,0,0,0,,2130.0,1,2,0,0,0,0,0,3,4,0,2,3,,N,,,,,,,,,,,
2011026304,1255.0,2,0,0,0,0,0,0,0,0,4,0,,67,5,2010,3,40.0023,-75.2201,1243.0,6,0,0,0,0,0,2,0,0,,0,0,0,12.0,1,1,1,,0,40 00:08.222,,0,75 13:12.497,8,0,0,0,67301,0,0,0,N,0,0,0,3,67301,0,,1,9,,N,N,,0,,0,0,0,3,2,,1221.0,1,2,0,0,0,1,0,3,4,0,2,7,,N,,,,,,,,,,,
2011026311,1317.0,3,0,0,0,0,0,0,0,0,1,0,,67,6,2010,3,39.9818,-75.1177,1316.0,6,0,0,0,0,0,1,0,0,,0,0,0,13.0,1,1,2,,0,39 58:54.619,,0,75 07:03.829,4,0,0,0,67301,0,0,0,,0,0,0,3,67301,1,,1,1,,,,,0,,0,0,0,3,2,,1315.0,1,3,0,0,0,0,0,3,4,0,3,3,,N,,,,,,,,,,,
2011026341,1430.0,2,0,0,0,0,0,0,0,0,4,0,,67,6,2010,6,40.0107,-75.1627,1425.0,6,0,0,0,0,0,0,0,0,,0,0,0,14.0,1,0,1,,0,40 00:38.566,,0,75 09:45.438,0,0,0,0,67301,0,0,0,N,0,0,0,4,67301,0,,1,1,,N,N,,0,,0,0,0,0,0,,1400.0,0,2,0,0,0,0,0,3,4,0,2,3,,N,,,,,,,,,,,
2011026232,255.0,1,0,0,0,0,0,0,0,0,8,0,,67,5,2010,1,39.9975,-75.2343,242.0,6,0,0,0,0,0,0,0,0,,0,0,0,1.0,3,1,1,,0,39 59:51.003,,0,75 14:03.364,2,0,0,0,67301,1,0,1,,1,0,1,2,67301,0,,1,1,,,,,0,,0,1,0,3,3,,115.0,1,2,0,0,1,0,0,3,4,0,1,3,,N,,,,,,,,,,,
2011024343,0.0,1,0,0,0,0,0,0,0,0,4,0,,67,5,2010,5,40.0832,-75.0379,0.0,6,0,0,0,0,0,0,0,0,,0,0,0,18.0,4,2,0,,0,40 04:59.451,,7,75 02:16.616,3,0,0,0,67301,0,0,0,,0,0,0,5,00000,0,,1,1,,,,,0,,1,0,0,0,0,,1800.0,2,2,0,0,0,1,2,3,4,1,2,3,,N,,,,,,,,,,,
2011024417,0.0,0,0,0,0,0,0,0,0,0,8,0,,67,5,2010,7,40.0388,-75.1716,0.0,6,0,0,0,0,0,0,0,0,,0,0,0,16.0,1,1,1,,0,40 02:19.838,,0,75 10:17.839,4,0,0,0,67301,1,0,0,,1,0,0,2,00000,1,,1,1,,,,,0,,0,0,0,3,2,,1600.0,1,2,0,0,0,0,0,3,4,0,1,3,,N,,,,,,,,,,,
2011008413,2135.0,0,0,0,0,0,0,0,0,0,5,0,,67,12,2010,1,39.9814,-75.107,2130.0,6,0,0,0,0,0,0,0,0,9.0,0,0,0,21.0,3,0,0,,2,39 58:52.921,2.0,0,75 06:25.056,9,0,0,0,67301,0,0,0,N,0,0,0,1,67301,0,,1,1,,N,N,,2,,0,0,0,0,0,Y,2125.0,0,2,0,0,0,0,1,3,4,0,2,3,,N,,,,,,,,,,,
2011025691,1900.0,2,0,0,0,0,0,0,0,0,4,0,,67,12,2010,6,39.991,-75.1552,1855.0,6,0,0,0,0,0,0,0,0,,0,0,0,18.0,3,4,0,,0,39 59:27.691,,0,75 09:18.815,4,0,0,0,67301,0,0,0,N,0,0,0,6,67301,4,,1,1,,N,N,,0,,0,0,1,0,0,,1855.0,4,3,0,0,1,0,0,3,4,0,3,3,,N,,,,,,,,,,,
2011027947,2130.0,2,0,0,0,0,0,0,0,0,1,0,,67,6,2010,4,39.9898,-75.2469,2124.0,6,0,0,0,0,0,0,0,0,,0,0,0,21.0,3,1,0,,0,39 59:23.320,,0,75 14:48.940,4,0,0,0,67301,0,0,0,N,0,0,0,1,67301,1,,2,1,,N,N,,0,,0,0,1,0,0,,2120.0,1,3,0,0,0,0,0,3,4,0,3,3,,N,,,,,,,,,,,
2011025776,1827.0,3,0,0,0,0,0,0,0,0,4,0,,67,5,2010,5,40.1316,-75.0117,1825.0,6,0,0,0,1,0,0,0,0,,0,0,0,18.0,1,1,0,,0,40 07:53.648,,7,75 00:42.223,8,0,0,0,67301,1,0,0,N,0,0,0,2,67301,0,,5,1,,N,N,,0,,0,0,0,0,0,,1800.0,1,3,0,0,0,1,0,3,4,0,3,3,,N,,,,,,,,,,,
2011025777,1330.0,1,0,0,0,0,0,0,0,0,4,0,,67,4,2010,6,39.9415,-75.238,9999.0,6,0,0,0,0,0,0,0,0,,0,0,0,13.0,1,1,2,,0,39 56:29.602,,0,75 14:16.923,4,0,0,0,67301,0,0,0,N,0,0,0,2,67301,1,,1,1,,N,N,,0,,0,0,1,3,3,,1330.0,1,2,0,0,0,0,0,3,4,0,2,3,,N,,,,,,,,,,,
2011025298,0.0,1,0,0,0,0,0,0,0,0,4,0,,67,6,2010,5,39.9485,-75.167,0.0,6,0,0,0,0,0,0,0,0,,0,0,0,11.0,1,1,2,,0,39 56:54.603,,0,75 10:01.185,8,0,0,0,67301,0,0,0,,0,0,0,4,00000,0,,1,1,,,,,1,,0,0,0,9,9,,1100.0,1,2,0,0,0,1,3,3,4,0,2,99,,N,,,,,,,,,,,
2011023499,0.0,1,0,0,1,0,0,0,0,0,4,0,,67,4,2010,7,39.9604,-75.1397,0.0,6,0,0,0,0,0,0,0,0,,0,0,0,14.0,1,1,0,,0,39 57:37.322,,7,75 08:22.232,8,0,0,0,67301,1,0,0,N,0,0,0,2,00000,0,,1,1,,N,N,,0,,0,0,0,0,0,,1430.0,1,2,0,0,0,1,1,3,4,0,1,3,,N,,,,,,,,,,,
2011001073,1035.0,3,0,0,0,0,0,0,0,0,5,0,,67,11,2010,1,40.0497,-75.1651,1035.0,6,0,0,0,0,0,0,1,0,1.0,0,0,0,10.0,1,3,0,,2,40 02:58.977,6.0,0,75 09:54.410,3,0,0,0,67301,0,0,0,N,0,0,0,3,67301,1,,1,1,,N,N,,0,,2,0,0,0,0,Y,1033.0,3,3,0,0,1,0,0,3,4,0,3,3,,N,,,,,,,,,,,
2011001095,9999.0,1,0,0,0,0,0,0,0,0,1,0,,67,11,2010,2,40.0074,-75.1924,945.0,6,0,0,0,0,0,0,1,0,,0,0,0,11.0,1,1,0,,0,40 00:21.990,,0,75 11:28.261,8,0,0,0,67301,0,0,0,,0,0,0,2,67301,0,,1,1,,,,,0,,0,0,0,0,0,,1100.0,1,2,0,0,0,1,1,3,4,0,2,3,,N,,,,,,,,,,,
2011001036,1215.0,1,0,0,0,0,0,0,0,0,8,0,,67,12,2010,4,40.0252,-75.0447,1208.0,6,0,0,0,0,0,0,0,0,,0,0,0,12.0,1,1,1,,0,40 01:30.643,,0,75 02:40.998,8,0,0,0,67301,1,0,0,,1,0,0,3,67301,0,,1,9,,,,,0,,0,0,0,3,2,,1208.0,1,2,0,0,0,1,0,3,4,0,1,7,,N,,,,,,,,,,,
2010070008,1415.0,0,0,0,0,0,0,0,0,0,4,0,,67,6,2010,4,39.9778,-75.2134,1400.0,6,0,0,0,0,0,1,0,0,,0,0,0,99.0,1,1,1,,0,39 58:39.875,,0,75 12:48.192,8,0,0,1,67301,0,0,0,N,0,0,0,2,67301,0,,1,1,,N,N,,0,,0,0,0,3,2,,9999.0,1,2,0,0,0,1,1,3,4,0,2,3,,N,,,,,,,,,,,
2010032782,2242.0,3,0,0,0,0,0,0,0,0,1,0,,67,3,2010,2,39.9838,-75.123,2240.0,6,0,0,0,0,0,0,0,0,,0,0,0,22.0,3,1,0,,0,39 59:01.716,,0,75 07:22.710,4,0,0,0,67301,0,0,0,,0,0,0,1,67301,1,,6,1,,,,,1,,0,0,1,0,0,,2235.0,1,5,0,0,0,0,0,3,4,0,5,3,,N,,,,,,,,,,,
2011024354,0.0,2,0,0,0,0,0,0,0,0,1,0,,67,2,2010,2,39.9979,-75.1315,0.0,6,0,0,0,0,0,0,0,0,,0,0,0,12.0,1,1,1,,0,39 59:52.346,,0,75 07:53.255,8,0,0,0,67301,0,0,0,N,0,0,0,3,00000,0,,1,2,,N,N,,0,,0,0,0,3,3,,1235.0,1,2,0,0,0,1,0,3,4,0,2,10,,N,,,,,,,,,,,
2011001706,1558.0,1,0,0,0,0,0,1,0,0,4,1,,67,11,2010,5,39.9586,-75.214,1554.0,6,0,0,0,0,0,0,0,0,2.0,0,0,0,15.0,1,8,1,,1,39 57:31.189,5.0,0,75 12:50.310,4,0,0,0,67301,0,0,0,N,0,0,0,8,67301,8,,1,9,,N,N,,0,,0,0,0,3,2,N,1554.0,8,2,0,0,0,0,0,3,4,0,2,7,,N,,,,,,,,,,,
2011029437,959.0,2,0,0,0,0,0,0,0,0,1,0,,67,4,2010,6,39.9379,-75.2339,955.0,6,0,0,0,1,0,0,0,0,,0,0,0,9.0,1,1,3,,0,39 56:16.525,,0,75 14:02.111,8,0,0,0,67301,0,0,0,,0,0,0,2,67301,0,,1,1,,,,,0,,0,0,0,3,2,,950.0,1,2,0,0,0,1,1,3,4,0,2,3,,N,,,,,,,,,,,
2011000851,724.0,0,0,0,0,0,0,0,0,0,8,0,,67,12,2010,6,39.9714,-75.1594,721.0,6,0,0,0,0,0,1,0,0,,0,0,0,7.0,1,1,1,,0,39 58:17.205,,0,75 09:33.736,4,0,0,0,67301,1,0,0,N,1,0,0,3,67301,1,,1,1,,N,N,,0,,0,0,1,2,2,,721.0,1,2,0,0,0,0,0,3,4,0,1,3,,N,,,,,,,,,,,
2011008337,1550.0,1,0,0,0,0,0,0,0,0,4,0,,67,12,2010,6,39.9637,-75.1588,1540.0,6,0,0,0,0,0,0,0,0,,0,0,0,15.0,1,0,2,,0,39 57:49.507,,0,75 09:31.907,0,0,0,0,67301,0,0,0,N,0,0,0,2,67301,0,,1,1,,N,N,,0,,0,0,1,3,3,,1540.0,0,2,0,0,0,0,0,3,4,0,2,3,,N,,,,,,,,,,,
2011008418,1535.0,2,0,0,0,0,0,0,0,0,4,0,,67,12,2010,7,39.9849,-75.2371,1535.0,6,0,0,0,0,0,0,0,0,3.0,0,0,0,15.0,1,2,1,,1,39 59:05.715,1.0,0,75 14:13.549,8,0,0,0,67301,0,0,0,N,0,0,0,2,67301,0,,1,1,,N,N,,0,,0,0,0,3,2,N,1535.0,2,2,0,0,2,2,0,3,4,0,2,3,,N,,,,,,,,,,,
2011008421,1645.0,0,0,0,0,0,0,0,0,0,8,0,,67,12,2010,1,39.9738,-75.2582,1638.0,6,0,0,0,0,0,0,1,0,,0,0,0,0.0,3,1,1,,0,39 58:25.603,,0,75 15:29.678,8,0,0,0,67301,1,0,0,N,1,0,0,2,67301,0,,9,9,,N,N,,0,,0,0,1,3,2,,16.0,1,2,0,0,0,1,1,3,4,0,1,7,,N,,,,,,,,,,,
2011008464,1442.0,2,0,0,0,0,0,0,0,0,4,0,,67,12,2010,6,40.0618,-75.1694,1442.0,6,0,0,0,0,0,0,0,1,,0,0,0,14.0,1,1,1,,0,40 03:42.428,,0,75 10:09.790,8,0,0,0,67301,0,0,0,N,0,0,0,3,67301,0,,1,1,,N,N,,0,,0,0,0,3,3,,1412.0,1,2,0,0,0,1,0,3,4,0,2,3,,N,,,,,,,,,,,
2011008474,1551.0,1,0,0,0,0,0,0,0,0,4,0,,67,12,2010,7,40.0079,-75.1723,1543.0,6,0,0,0,0,0,0,0,0,,0,0,0,15.0,1,1,1,,0,40 00:28.314,,0,75 10:20.141,8,0,0,0,67301,0,0,0,N,0,0,0,2,67301,0,,1,1,,N,N,,0,,0,0,1,3,2,,1543.0,1,2,0,0,2,1,0,3,4,0,2,3,,N,,,,,,,,,,,
2011025680,2237.0,2,0,0,0,0,0,0,0,0,4,0,,67,5,2010,6,40.0378,-75.0574,2235.0,6,0,0,0,0,0,0,0,0,,0,0,0,22.0,3,2,1,,0,40 02:16.162,,0,75 03:26.661,4,0,0,0,67301,0,0,0,N,0,0,0,2,67301,2,,1,9,,N,N,,0,,0,0,0,3,3,,2234.0,2,2,0,0,2,0,0,3,4,0,2,7,,N,,,,,,,,,,,
2011025744,2322.0,2,0,0,0,0,0,0,0,0,4,0,,67,4,2010,3,39.9404,-75.2366,2322.0,6,0,0,0,0,0,1,0,0,,0,0,0,99.0,3,1,1,,0,39 56:25.327,,0,75 14:11.791,4,0,0,0,67301,0,0,0,N,0,0,0,3,67301,1,,1,1,,N,N,,0,,0,0,0,3,2,,9999.0,1,2,0,0,0,0,0,3,4,0,2,3,,N,,,,,,,,,,,
2011025760,1940.0,2,0,0,0,0,0,0,0,0,4,0,,67,5,2010,4,40.0283,-75.1408,1930.0,6,0,0,0,0,0,0,0,1,,0,0,0,19.0,1,1,2,,0,40 01:41.966,,0,75 08:26.725,8,0,0,0,67301,0,0,0,,0,0,0,2,67301,0,,1,1,,,,,0,,0,0,0,3,3,,1900.0,1,2,0,0,0,1,0,3,4,0,2,3,,N,,,,,,,,,,,
2011023379,0.0,2,0,0,0,0,0,0,0,0,1,0,,67,2,2010,4,40.0312,-75.1458,0.0,6,0,0,0,0,0,1,1,0,,0,0,0,13.0,1,2,1,,0,40 01:52.420,,0,75 08:44.761,3,0,0,0,67301,0,0,0,N,0,0,0,3,00000,0,,1,1,,N,N,,0,,1,0,0,3,2,,1315.0,2,2,0,0,0,1,0,3,4,0,2,3,,N,,,,,,,,,,,
2011016022,1805.0,1,0,0,0,0,0,0,0,0,8,0,,67,12,2010,7,39.9564,-75.2356,1758.0,6,0,0,0,0,0,0,0,0,,0,0,0,17.0,3,1,0,,0,39 57:22.970,,0,75 14:08.190,8,0,0,0,67301,1,0,0,N,1,0,0,2,67301,0,,1,1,,N,N,,0,,0,0,0,0,0,,1740.0,1,2,0,0,0,1,1,3,4,0,1,3,,N,,,,,,,,,,,
2011015922,15.0,0,0,0,0,0,0,0,0,0,8,0,,67,12,2010,4,39.9027,-75.1522,7.0,6,0,0,0,0,0,0,0,0,1.0,0,0,0,0.0,3,1,2,,2,39 54:09.565,3.0,0,75 09:08.096,8,0,0,0,67301,1,0,0,N,1,0,0,3,67301,0,,1,1,,N,N,,0,,0,0,1,3,2,Y,7.0,1,2,0,0,0,1,0,3,4,0,1,3,,N,,,,,,,,,,,
2011008505,1639.0,2,0,0,0,0,0,0,0,0,4,0,,67,12,2010,5,40.0075,-75.128,1636.0,6,0,0,0,0,0,0,0,0,,0,0,0,15.0,1,2,0,,0,40 00:27.064,,7,75 07:40.972,4,0,0,0,67301,0,0,0,,0,0,0,5,67301,2,,1,1,,N,N,,0,,0,0,0,0,0,,1532.0,2,2,0,0,0,0,0,3,4,0,2,3,,N,,,,,,,,,,,
2011008526,2145.0,0,0,0,0,0,0,0,0,0,4,0,,67,12,2010,5,39.9626,-75.2467,2143.0,6,0,0,0,0,0,1,0,0,,0,0,0,21.0,3,1,1,,0,39 57:45.807,,0,75 14:48.513,8,0,0,1,67301,0,0,0,,0,0,0,2,67301,0,,1,1,,,,,0,,0,0,1,3,2,,2142.0,1,2,0,0,0,1,0,3,4,0,2,3,,N,,,,,,,,,,,
2011024931,0.0,2,0,0,0,0,0,0,0,0,1,0,,67,9,2010,3,39.9172,-75.2463,0.0,6,0,0,0,0,0,0,0,0,,0,0,0,1.0,6,2,1,,0,39 55:01.859,,0,75 14:46.691,8,0,0,0,67301,0,0,0,,0,0,0,3,00000,0,,1,1,,,,,0,,0,0,0,3,2,,130.0,2,2,0,0,0,2,1,3,4,0,2,3,,N,,,,,,,,,,,
2011008890,1801.0,0,0,0,0,0,0,1,0,0,8,1,,67,12,2010,2,39.9508,-75.1638,1801.0,6,0,0,0,0,0,0,0,0,,0,0,0,18.0,1,1,1,,0,39 57:03.048,,0,75 09:49.788,4,0,0,0,67301,1,0,0,,1,0,0,2,67301,1,,1,1,,N,N,,0,,0,0,0,3,2,,1801.0,1,2,0,0,0,0,0,3,4,0,1,3,,N,,,,,,,,,,,
2011000994,1255.0,1,0,0,0,0,0,0,0,0,1,0,,67,11,2010,6,40.0706,-75.1847,1251.0,6,0,0,0,0,0,1,0,0,,0,0,0,12.0,1,3,1,,0,40 04:14.015,,0,75 11:04.774,8,0,0,0,67301,0,0,0,N,0,0,0,3,67301,0,,1,9,,N,N,,0,,0,0,1,3,2,,1231.0,3,2,0,0,0,3,0,3,4,0,2,3,,N,,,,,,,,,,,
2011108924,9999.0,1,0,0,0,0,0,0,0,0,5,0,,67,9,2010,4,39.9403,-75.156,9999.0,6,0,0,0,0,0,0,0,0,,0,0,0,99.0,3,0,0,,0,39 56:25.036,,0,75 09:21.466,0,0,0,0,67301,0,0,0,N,0,0,0,1,67301,0,,1,1,,N,N,,1,,0,0,2,0,0,,9999.0,0,4,0,0,0,0,0,3,4,0,4,3,,N,,,,,,,,,,,
2011017701,118.0,1,0,0,0,0,0,0,0,0,1,1,,67,12,2010,5,40.0214,-75.0403,109.0,6,0,0,0,0,0,0,0,0,2.0,0,1,0,1.0,6,1,0,,1,40 01:19.546,1.0,0,75 02:17.556,4,0,0,0,67301,0,0,0,N,0,0,0,2,68K01,1,,1,1,,N,N,,0,,0,0,0,0,0,N,108.0,1,2,0,0,1,0,0,3,4,0,2,3,,N,,,,,,,,,,,
2011026294,1332.0,2,0,0,0,0,0,0,0,0,1,0,,67,6,2010,1,40.0262,-75.1173,1330.0,6,0,0,0,0,0,0,1,0,,0,0,0,13.0,1,1,1,,0,40 01:34.507,,0,75 07:01.776,4,0,0,0,67301,0,0,0,,0,0,0,3,67301,1,,1,1,,,,,0,,0,0,1,2,2,,1330.0,1,3,0,0,0,0,0,3,4,0,3,3,,N,,,,,,,,,,,
2011026195,1839.0,2,0,0,0,0,0,0,0,0,1,0,,67,6,2010,6,39.9125,-75.1381,1837.0,6,0,0,0,0,0,0,0,0,,0,0,0,16.0,1,1,2,,0,39 54:45.057,,0,75 08:17.157,8,0,0,0,67301,0,0,0,N,0,0,0,3,67301,0,,1,1,,N,N,,1,,0,0,0,9,2,,1630.0,1,3,0,0,0,1,2,3,4,0,3,3,,N,,,,,,,,,,,
2011026203,1540.0,2,0,0,0,0,0,0,0,0,6,0,,67,5,2010,1,39.9991,-75.1685,1535.0,6,0,0,0,0,0,0,0,0,,0,0,0,99.0,1,0,0,,0,39 59:56.799,,0,75 10:06.484,0,0,0,0,67301,1,0,0,N,0,0,0,2,67301,0,,1,1,,N,N,,0,,0,0,1,0,0,,9999.0,0,3,0,0,0,0,0,3,4,0,3,3,,N,,,,,,,,,,,
2011026207,1533.0,2,0,0,0,0,0,0,0,0,4,0,,67,5,2010,6,39.9536,-75.1986,1533.0,6,0,0,0,1,0,0,0,0,,0,0,0,15.0,1,2,1,,0,39 57:13.089,,0,75 11:55.030,4,0,0,0,67301,0,0,0,,0,0,0,5,67301,2,,1,1,,N,N,,0,,0,0,1,3,2,,1530.0,2,3,0,0,2,0,0,3,4,0,3,3,,N,,,,,,,,,,,
2011026222,1835.0,2,0,0,0,0,0,0,0,0,1,0,,67,5,2010,1,40.0198,-75.1098,1830.0,6,0,0,0,1,0,0,0,0,,0,0,0,18.0,1,1,2,,0,40 01:11.121,,0,75 06:35.135,4,0,0,1,67301,0,0,0,,0,0,0,2,67301,1,,1,1,,N,N,,0,,0,0,0,3,3,,1825.0,1,3,0,0,0,0,0,3,4,0,3,3,,N,,,,,,,,,,,
2011009846,819.0,2,0,0,0,0,0,0,0,0,1,0,,67,12,2010,3,39.9374,-75.163,815.0,6,0,0,0,0,0,0,0,0,,0,0,0,8.0,1,1,1,,0,39 56:14.629,,0,75 09:46.969,4,0,0,0,67301,0,0,0,N,0,0,0,2,67301,1,,1,6,,N,N,,0,,0,0,0,3,2,,815.0,1,2,0,0,0,0,0,3,4,0,2,3,,N,,,,,,,,,,,
2011024347,0.0,2,0,0,0,0,0,0,0,0,4,0,,67,9,2010,4,40.0515,-75.1501,0.0,6,0,0,0,0,0,0,0,0,,0,0,0,9.0,1,1,1,,0,40 03:05.569,,0,75 09:00.387,8,0,0,0,67301,0,0,0,N,0,0,0,2,00000,0,,1,1,,N,N,,0,,0,0,0,3,2,,930.0,1,2,0,0,0,1,1,3,4,0,2,3,,N,,,,,,,,,,,
2011001708,905.0,2,0,0,0,0,0,0,0,0,4,0,,67,11,2010,2,40.0407,-75.1584,855.0,6,0,0,0,0,0,1,0,0,,0,0,0,8.0,1,0,2,,0,40 02:26.566,,0,75 09:30.254,0,0,0,0,67301,0,0,0,N,0,0,0,2,67301,0,,9,1,,N,N,,0,,0,0,0,3,3,,830.0,0,2,0,0,0,0,0,3,4,0,2,3,,N,,,,,,,,,,,
2011001963,800.0,1,0,0,0,0,0,1,0,0,4,1,,67,12,2010,5,39.9227,-75.2236,754.0,6,0,0,0,0,0,1,0,0,,0,0,0,7.0,1,11,1,,0,39 55:21.784,,0,75 13:24.995,4,0,0,0,67301,0,0,0,N,0,0,0,14,67301,10,,1,1,,N,N,,0,,0,0,0,3,3,,754.0,11,2,0,0,2,1,0,3,4,0,2,3,,N,,,,,,,,,,,
2011000830,2055.0,0,0,0,0,0,0,0,0,0,2,0,,67,12,2010,5,39.9842,-75.099,2050.0,6,0,0,0,0,0,0,0,1,,0,0,0,20.0,3,0,0,,0,39 59:03.294,,0,75 05:56.403,0,0,0,0,67301,0,0,0,,0,0,0,3,67301,0,,1,1,,N,N,,0,,0,0,1,3,2,,2045.0,0,2,0,0,0,0,0,3,4,1,2,3,,N,,,,,,,,,,,
2011008393,9999.0,1,0,0,0,0,0,0,0,0,7,0,,67,12,2010,4,40.1159,-74.9855,147.0,6,0,0,0,0,0,0,0,0,2.0,0,0,0,1.0,3,2,0,,1,40 06:57.261,2.0,0,74 59:07.850,4,0,0,0,67301,0,0,0,N,0,0,0,3,67301,2,,2,9,,N,N,,0,,0,0,0,0,0,N,147.0,2,1,0,0,0,0,0,3,4,0,1,10,,N,,,,,,,,,,,
2011025857,0.0,1,0,0,0,0,0,0,0,0,1,0,,67,10,2010,1,40.0308,-75.112,0.0,6,0,0,0,0,0,1,0,0,,0,0,0,12.0,1,2,1,,0,40 01:50.847,,0,75 06:43.088,3,0,0,0,67301,0,0,0,N,0,0,0,4,00000,0,,1,1,,N,N,,1,,2,0,1,3,2,,1200.0,2,3,0,0,0,0,1,3,4,0,3,3,,N,,,,,,,,,,,
2011008408,39.0,1,0,0,0,0,0,0,0,0,8,0,,67,12,2010,7,40.0055,-75.1053,37.0,6,0,0,0,0,0,0,0,0,,0,0,0,0.0,3,1,1,,0,40 00:19.857,,0,75 06:19.237,3,0,0,0,67301,1,0,0,N,1,0,0,2,67301,0,,9,1,,N,N,,0,,1,0,0,3,2,,3.0,1,2,0,0,0,0,1,3,4,0,1,3,,N,,,,,,,,,,,
2011025700,720.0,1,0,0,0,0,0,0,0,0,7,0,,67,5,2010,4,40.0702,-75.1755,713.0,6,0,0,0,0,0,0,0,0,2.0,0,0,0,7.0,1,1,0,,2,40 04:12.640,5.0,0,75 10:31.910,8,0,0,0,67301,0,0,0,N,0,0,0,1,67301,0,,2,1,,N,Y,,0,,0,0,0,0,0,Y,700.0,1,1,0,0,0,1,0,3,4,0,1,98,,N,,,,,,,,,,,