CRN,ARRIVAL_TM,AUTOMOBILE_COUNT,BELTED_DEATH_COUNT,BELTED_SUSP_SERIOUS_INJ_COUNT,BICYCLE_COUNT,BICYCLE_DEATH_COUNT,BICYCLE_SUSP_SERIOUS_INJ_COUNT,BUS_COUNT,CHLDPAS_DEATH_COUNT,CHLDPAS_SUSP_SERIOUS_INJ_COUNT,COLLISION_TYPE,COMM_VEH_COUNT,CONS_ZONE_SPD_LIM,COUNTY,CRASH_MONTH,CRASH_YEAR,DAY_OF_WEEK,DEC_LAT,DEC_LONG,DISPATCH_TM,DISTRICT,DRIVER_COUNT_16YR,DRIVER_COUNT_17YR,DRIVER_COUNT_18YR,DRIVER_COUNT_19YR,DRIVER_COUNT_20YR,DRIVER_COUNT_50_64YR,DRIVER_COUNT_65_74YR,DRIVER_COUNT_75PLUS,EST_HRS_CLOSED,FATAL_COUNT,HEAVY_TRUCK_COUNT,HORSE_BUGGY_COUNT,HOUR_OF_DAY,ILLUMINATION,INJURY_COUNT,INTERSECT_TYPE,INTERSECTION_RELATED,LANE_CLOSED,LATITUDE,LN_CLOSE_DIR,LOCATION_TYPE,LONGITUDE,MAX_SEVERITY_LEVEL,MCYCLE_DEATH_COUNT,MCYCLE_SUSP_SERIOUS_INJ_COUNT,MOTORCYCLE_COUNT,MUNICIPALITY,NONMOTR_COUNT,NONMOTR_DEATH_COUNT,NONMOTR_SUSP_SERIOUS_INJ_COUNT,NTFY_HIWY_MAINT,PED_COUNT,PED_DEATH_COUNT,PED_SUSP_SERIOUS_INJ_COUNT,PERSON_COUNT,POLICE_AGCY,POSSIBLE_INJ_COUNT,RDWY_SURF_TYPE_CD,RELATION_TO_ROAD,ROAD_CONDITION,ROADWAY_CLEARED,SCH_BUS_IND,SCH_ZONE_IND,SECONDARY_CRASH,SMALL_TRUCK_COUNT,SPEC_JURIS_CD,SUSP_MINOR_INJ_COUNT,SUSP_SERIOUS_INJ_COUNT,SUV_COUNT,TCD_FUNC_CD,TCD_TYPE,TFC_DETOUR_IND,TIME_OF_DAY,TOT_INJ_COUNT,TOTAL_UNITS,UNB_DEATH_COUNT,UNB_SUSP_SERIOUS_INJ_COUNT,UNBELTED_OCC_COUNT,UNK_INJ_DEG_COUNT,UNK_INJ_PER_COUNT,URBAN_AREA,URBAN_RURAL,VAN_COUNT,VEHICLE_COUNT,WEATHER1,WEATHER2,WORK_ZONE_IND,WORK_ZONE_LOC,WORK_ZONE_TYPE,WORKERS_PRES,WZ_CLOSE_DETOUR,WZ_FLAGGER,WZ_LAW_OFFCR_IND,WZ_LN_CLOSURE,WZ_MOVING,WZ_OTHER,WZ_SHLDER_MDN,WZ_WORKERS_INJ_KILLED
2011025734,1950.0,0,0,0,0,0,0,0,0,0,8,0,,67,6,2010,1,40.0277,-75.1481,1927.0,6,0,1,0,0,0,0,0,0,,0,0,0,99.0,1,1,2,,0,40 01:39.889,,0,75 08:53.131,8,0,0,0,67301,1,0,0,,1,0,0,2,67301,0,,1,9,,N,N,,0,,0,0,1,3,3,,9999.0,1,2,0,0,0,1,0,3,4,0,1,3,,N,,,,,,,,,,,
2011025742,1908.0,2,0,0,0,0,0,0,0,0,4,0,,67,6,2010,6,39.9717,-75.1259,1906.0,6,0,0,0,0,0,0,0,0,1.0,0,0,0,99.0,1,1,1,,1,39 58:18.627,3.0,0,75 07:31.913,4,0,0,0,67301,0,0,0,N,0,0,0,5,67301,1,,1,1,,N,N,,0,,0,0,0,3,2,N,9999.0,1,2,0,0,0,0,0,3,4,0,2,3,,N,,,,,,,,,,,
2011025762,1720.0,0,0,0,0,0,0,1,0,0,1,1,,67,5,2010,5,39.94,-75.1662,1715.0,6,0,0,0,0,0,0,0,0,,0,0,0,16.0,1,1,1,,0,39 56:24.016,,0,75 09:58.449,4,0,0,0,67301,1,0,0,,0,0,0,2,67301,1,,1,1,,,,,1,,0,0,0,3,2,,1621.0,1,2,0,0,0,0,0,3,4,0,2,3,,N,,,,,,,,,,,
2011025279,0.0,2,0,0,0,0,0,0,0,0,1,0,,67,11,2010,5,40.0434,-75.0365,0.0,6,0,0,0,0,0,0,1,0,,0,0,0,14.0,1,4,2,,0,40 02:36.391,,0,75 02:11.396,8,0,0,0,67301,0,0,0,,0,0,0,6,00000,0,,1,98,,,,,0,,0,0,0,3,2,,1445.0,4,3,0,0,0,4,0,3,4,0,3,99,,N,,,,,,,,,,,
2011025345,0.0,1,0,0,0,0,0,0,0,0,1,0,,67,4,2010,6,40.0391,-75.1448,0.0,6,0,0,0,0,0,0,0,1,,0,0,0,16.0,1,1,0,,0,40 02:20.702,,0,75 08:41.348,8,0,0,0,67301,0,0,0,N,0,0,0,3,00000,0,,1,1,,N,N,,0,,0,0,0,0,0,,1600.0,1,2,0,0,0,1,2,3,4,0,2,3,,N,,,,,,,,,,,
2011024915,0.0,2,0,0,0,0,0,0,0,0,4,0,,67,11,2010,4,40.0379,-75.1395,0.0,6,0,0,0,0,0,0,0,0,,0,0,0,22.0,6,0,1,,0,40 02:16.393,,0,75 08:22.102,0,0,0,0,67301,0,0,0,N,0,0,0,2,00000,0,,1,1,,N,N,,0,,0,0,0,3,2,,2245.0,0,2,0,0,0,0,0,3,4,0,2,3,,N,,,,,,,,,,,
2011008504,9999.0,1,0,0,0,0,0,0,0,0,4,0,,67,12,2010,5,40.0189,-75.1472,9999.0,6,0,0,0,0,0,0,1,0,,0,0,0,18.0,3,2,1,,0,40 01:08.216,,0,75 08:49.391,4,0,0,0,67301,0,0,0,,0,0,0,4,67301,2,,1,1,,,,,0,,0,0,1,3,2,,1845.0,2,2,0,0,0,0,1,3,4,0,2,3,,N,,,,,,,,,,,
2011008511,1835.0,1,0,0,0,0,0,0,0,0,0,0,,67,12,2010,3,40.0471,-75.098,1822.0,6,0,0,0,0,0,0,0,0,,0,0,0,18.0,3,0,1,,0,40 02:49.639,,0,75 05:52.794,9,0,0,0,67301,0,0,0,,0,0,0,3,67301,0,,1,1,,,,,0,,0,0,0,3,2,,1823.0,0,1,0,0,0,0,3,3,4,0,1,3,,N,,,,,,,,,,,
2011016924,2032.0,1,0,0,0,0,0,0,0,0,4,0,,67,12,2010,6,39.9951,-75.1632,2027.0,6,0,0,0,0,0,0,0,0,,0,0,0,20.0,4,2,1,,0,39 59:42.186,,0,75 09:47.474,4,0,0,0,67301,0,0,0,,0,0,0,3,67301,2,,1,1,,N,N,,1,,0,0,0,3,2,,2022.0,2,2,0,0,0,0,1,3,4,0,2,3,,N,,,,,,,,,,,
2011000911,540.0,1,0,0,0,0,0,0,0,0,7,0,,67,12,2010,1,39.9608,-75.1425,537.0,6,0,0,0,1,0,0,0,0,,0,0,0,5.0,3,0,1,,0,39 57:38.964,,0,75 08:33.915,0,0,0,0,67301,0,0,0,N,0,0,0,1,67301,0,,5,1,,N,N,,0,,0,0,0,3,2,,536.0,0,1,0,0,0,0,0,3,4,0,1,3,,N,,,,,,,,,,,
2011000916,9999.0,0,0,0,0,0,0,0,0,0,8,0,,67,11,2010,3,40.0044,-75.1744,9999.0,6,0,0,0,0,0,1,0,0,,0,0,0,15.0,1,1,0,,0,40 00:15.706,,0,75 10:27.693,8,0,0,0,67301,1,0,0,N,1,0,0,2,67301,0,,1,1,,N,N,,1,,0,0,0,0,0,,1543.0,1,2,0,0,1,1,0,3,4,0,1,3,,N,,,,,,,,,,,
2011001021,1310.0,0,0,0,0,0,0,0,0,0,8,0,,67,12,2010,4,40.0152,-75.1553,1310.0,6,0,0,0,0,0,0,0,0,,0,0,0,13.0,8,1,2,,0,40 00:54.752,,0,75 09:18.971,4,0,0,0,67301,1,0,0,N,1,0,0,2,67301,1,,1,9,,N,N,,0,,0,0,1,3,2,,1300.0,1,2,0,0,0,0,0,3,4,0,1,7,,N,,,,,,,,,,,
2011000943,1505.0,1,0,0,0,0,0,0,0,0,4,0,,67,12,2010,4,40.0263,-75.0943,1455.0,6,0,0,0,0,0,0,0,1,2.0,0,0,0,14.0,1,1,2,,1,40 01:34.328,1.0,0,75 05:39.761,4,0,0,0,67301,0,0,0,N,0,0,0,2,67301,1,,1,1,,N,N,,1,,0,0,0,3,3,N,1435.0,1,2,0,0,0,0,0,3,4,0,2,3,,N,,,,,,,,,,,
2011008390,1516.0,3,0,0,0,0,0,0,0,0,4,0,,67,12,2010,6,40.0403,-75.0585,1457.0,6,0,0,0,0,0,2,0,0,1.0,0,0,0,14.0,1,0,1,,1,40 02:25.164,1.0,0,75 03:30.735,0,0,0,0,67301,0,0,0,N,0,0,0,3,67301,0,,1,1,,N,N,,0,,0,0,0,3,2,N,1448.0,0,3,0,0,0,0,0,3,4,0,3,3,,N,,,,,,,,,,,
2011008454,1641.0,1,0,0,0,0,0,0,0,0,7,0,,67,12,2010,5,40.0915,-75.0473,1641.0,6,0,0,0,0,0,0,0,0,2.0,0,0,0,16.0,1,1,0,,2,40 05:29.246,6.0,0,75 02:50.300,2,0,0,0,67301,0,0,0,,0,0,0,2,67301,0,,5,7,,,,,0,,0,1,0,0,0,Y,1615.0,1,1,0,1,1,0,0,3,4,0,1,10,,N,,,,,,,,,,,
2011025715,717.0,1,0,0,0,0,0,0,0,0,7,0,,67,5,2010,2,39.9056,-75.2361,715.0,6,0,0,0,0,0,0,0,0,,0,0,0,6.0,8,1,0,,0,39 54:20.260,,0,75 14:10.080,8,0,0,0,67301,1,0,0,N,1,0,0,2,67301,0,,2,9,,N,N,,0,,0,0,0,0,0,,646.0,1,2,0,0,0,1,0,3,4,0,1,7,,N,,,,,,,,,,,
2011027970,715.0,2,0,0,0,0,0,1,0,0,4,1,,67,5,2010,5,40.0108,-75.1266,715.0,6,0,0,0,0,0,0,0,0,,0,0,0,7.0,1,0,1,,0,40 00:38.808,,0,75 07:35.921,0,0,0,0,67301,0,0,0,N,0,0,0,4,67301,0,,1,9,,N,N,,0,,0,0,0,1,2,,710.0,0,3,0,0,3,0,0,3,4,0,3,7,,N,,,,,,,,,,,
2011027748,0.0,1,0,0,0,0,0,0,0,0,4,0,,67,8,2010,7,39.9333,-75.1704,0.0,6,0,0,0,0,0,0,0,0,,0,0,0,99.0,3,2,0,,0,39 55:59.754,,0,75 10:13.324,3,0,0,0,67301,0,0,0,N,0,0,0,3,00000,0,,1,1,,N,N,,0,,2,0,0,0,0,,9999.0,2,2,0,0,0,0,0,3,4,1,2,3,,N,,,,,,,,,,,
2011015818,2212.0,1,0,0,0,0,0,0,0,0,0,0,,67,12,2010,2,39.9049,-75.14,2200.0,6,0,1,0,0,0,0,0,0,3.0,0,0,0,99.0,3,4,0,,2,39 54:17.510,1.0,0,75 08:24.090,4,0,0,0,67301,0,0,0,N,0,0,0,4,67301,1,,1,1,,N,N,,0,,0,0,0,0,0,Y,9999.0,4,1,0,0,0,3,0,3,4,0,1,3,,N,,,,,,,,,,,
2011001093,1310.0,1,0,0,0,0,0,0,0,0,4,1,,67,11,2010,4,39.9291,-75.2205,1305.0,6,0,0,0,0,0,1,0,0,,0,1,0,12.0,1,1,1,,0,39 55:44.712,,0,75 13:13.928,8,0,0,0,67301,0,0,0,N,0,0,0,2,67301,0,,1,1,,N,N,,0,,0,0,0,9,2,,1218.0,1,2,0,0,0,1,0,3,4,0,2,3,,N,,,,,,,,,,,
2011082428,9999.0,0,0,0,0,0,0,0,0,0,4,0,,67,9,2010,1,39.9738,-75.2197,1727.0,6,0,0,0,0,0,1,0,0,,0,0,0,17.0,1,1,1,,0,39 58:25.623,,0,75 13:10.826,4,0,0,0,67301,0,0,0,,0,0,0,3,67301,1,,1,1,,N,,,0,,0,0,1,3,2,,1717.0,1,2,0,0,1,0,0,3,4,1,2,3,,N,,,,,,,,,,,
2011008496,1730.0,1,0,0,0,0,0,0,0,0,4,0,,67,12,2010,6,40.0474,-75.0678,1726.0,6,0,0,0,0,0,0,0,0,,0,0,0,17.0,3,1,1,,0,40 02:50.614,,0,75 04:03.903,8,0,0,0,67301,0,0,0,N,0,0,0,3,67301,0,,1,1,,N,N,,1,,0,0,1,3,3,,1725.0,1,3,0,0,0,1,0,3,4,0,3,3,,N,,,,,,,,,,,
2011008523,1030.0,0,0,0,0,0,0,0,0,0,3,0,,67,12,2010,3,40.0196,-75.2107,1030.0,6,0,0,0,0,0,0,0,0,,0,0,0,12.0,1,1,1,,0,40 01:11.133,,0,75 12:38.068,4,0,0,0,67301,0,0,0,N,0,0,0,2,67301,1,,1,2,,N,N,,0,,0,0,1,3,2,,1215.0,1,2,0,0,0,0,0,3,4,0,2,3,,N,,,,,,,,,,,
2011008887,1942.0,2,0,0,0,0,0,0,0,0,2,0,,67,12,2010,5,40.0312,-75.1458,1940.0,6,0,0,0,0,0,0,0,0,,0,0,0,19.0,3,0,1,,0,40 01:52.420,,0,75 08:44.761,0,0,0,0,67301,0,0,0,N,0,0,0,2,67301,0,,1,2,,N,N,,0,,0,0,0,0,0,,1935.0,0,2,0,0,0,0,0,3,4,0,2,10,,N,,,,,,,,,,,
2011024482,0.0,2,0,0,0,0,0,0,0,0,5,0,,67,1,2010,3,40.017,-75.1883,0.0,6,0,0,0,0,0,0,1,0,,0,0,0,9.0,1,1,1,,0,40 01:01.180,,0,75 11:17.957,8,0,0,0,67301,0,0,0,N,0,0,0,3,00000,0,,1,1,,N,N,,0,,0,0,0,3,2,,915.0,1,2,0,0,1,1,0,3,4,0,2,3,,N,,,,,,,,,,,
2011000896,1435.0,1,0,0,0,0,0,0,0,0,1,0,,67,11,2010,2,40.0205,-75.1597,1420.0,6,0,0,0,0,0,0,0,0,2.0,0,0,0,14.0,1,4,0,,1,40 01:13.703,2.0,0,75 09:34.791,3,0,0,0,67301,0,0,0,N,0,0,0,4,67301,1,,1,1,,N,N,,1,,1,0,0,0,0,N,1415.0,4,2,0,0,1,2,0,3,4,0,2,3,,N,,,,,,,,,,,
2011000910,1352.0,1,0,0,0,0,0,0,0,0,8,0,,67,11,2010,1,39.9563,-75.1589,1350.0,6,0,0,0,0,0,1,0,0,,0,0,0,13.0,1,1,0,,0,39 57:22.665,,0,75 09:32.187,3,0,0,0,67301,1,0,0,N,1,0,0,2,67301,0,,1,1,,N,N,,0,,1,0,0,0,0,,1350.0,1,2,0,0,0,0,0,3,4,0,1,3,,N,,,,,,,,,,,
2011000934,2106.0,1,0,0,0,0,0,0,0,0,7,0,,67,11,2010,5,39.9398,-75.2387,2058.0,6,0,0,0,0,0,0,0,0,3.0,0,0,0,20.0,2,0,0,,1,39 56:23.104,4.0,0,75 14:19.225,0,0,0,0,67301,0,0,0,N,0,0,0,1,67301,0,,5,9,,N,N,,0,,0,0,0,0,0,N,2058.0,0,1,0,0,0,0,0,3,4,0,1,7,,N,,,,,,,,,,,
2012051293,404.0,1,0,0,0,0,0,0,0,0,7,0,,67,11,2010,1,39.9583,-75.1802,404.0,6,0,0,0,0,0,0,0,0,1.0,0,0,0,4.0,3,0,6,,2,39 57:34.053,3.0,2,75 10:50.657,0,0,0,0,67301,0,0,0,N,0,0,0,1,68K01,0,,2,1,,N,N,,0,,0,0,0,0,0,N,401.0,0,1,0,0,0,0,0,3,4,0,1,3,,N,,,,,,,,,,,
2010100912,1314.0,1,0,0,1,0,0,0,0,0,4,0,,67,9,2010,7,40.0287,-75.1177,1312.0,6,0,0,0,0,0,0,0,0,,0,0,0,13.0,1,1,1,,0,40 01:43.284,,0,75 07:03.795,8,0,0,0,67301,1,0,0,N,0,0,0,2,67301,0,,1,1,,N,N,,0,,0,0,0,3,2,,1300.0,1,2,0,0,0,1,0,3,4,0,1,3,,N,,,,,,,,,,,
2010094115,1355.0,1,0,0,0,0,0,0,0,0,1,0,,67,8,2010,6,39.9484,-75.1441,1304.0,6,0,0,0,0,0,1,0,0,,0,0,0,13.0,1,2,1,,0,39 56:54.192,,0,75 08:38.862,8,0,0,0,67301,0,0,0,N,0,0,0,3,67301,0,,1,1,,N,N,,0,,0,0,0,3,2,,1300.0,2,2,0,0,2,2,0,3,4,1,2,3,,N,,,,,,,,,,,
2010094123,1535.0,1,0,0,0,0,0,0,0,0,4,0,,67,8,2010,3,40.0294,-75.0561,1530.0,6,0,0,0,0,0,0,0,0,9.0,0,0,0,14.0,1,1,1,,2,40 01:45.839,2.0,0,75 03:21.884,8,0,0,0,67301,0,0,0,N,0,0,0,3,67301,0,,1,1,,N,N,,0,,0,0,1,3,2,Y,1430.0,1,2,0,0,0,1,0,3,4,0,2,3,,N,,,,,,,,,,,
2010113628,1651.0,2,0,0,0,0,0,0,0,0,1,0,,67,10,2010,3,40.1317,-75.0121,1650.0,6,0,0,0,0,0,0,0,1,,0,0,0,16.0,1,2,0,,0,40 07:54.157,,0,75 00:43.743,4,0,0,0,67301,0,0,0,,0,0,0,3,67301,2,,1,2,,,,,0,,0,0,0,0,0,,1650.0,2,2,0,0,0,0,1,3,4,0,2,3,,N,,,,,,,,,,,
2010094242,105.0,1,0,0,0,0,0,0,0,0,5,0,,67,8,2010,2,40.0511,-75.142,100.0,6,0,0,0,0,0,0,0,0,1.0,0,0,0,22.0,3,0,0,,1,40 03:03.965,1.0,0,75 08:31.178,0,0,0,0,67301,0,0,0,N,0,0,0,1,67301,0,,6,1,,N,N,,2,,0,0,0,0,0,N,2200.0,0,3,0,0,0,0,0,3,4,0,3,3,,N,,,,,,,,,,,
2010113574,15.0,2,0,0,0,0,0,0,0,0,6,0,,67,10,2010,3,40.0353,-75.0252,9.0,6,0,0,0,0,0,0,0,0,1.0,0,0,0,0.0,3,0,1,,1,40 02:07.013,2.0,0,75 01:30.652,0,0,0,0,67301,0,0,0,,0,0,0,2,67301,0,,1,9,,,,,0,,0,0,0,3,2,N,5.0,0,2,0,0,0,0,0,3,4,0,2,7,,N,,,,,,,,,,,
2010088893,242.0,1,0,0,0,0,0,0,0,0,1,0,,67,8,2010,7,39.961,-75.137,240.0,6,0,0,0,0,0,0,0,0,,0,0,0,2.0,3,1,2,,0,39 57:39.425,,0,75 08:13.270,8,0,0,0,67301,0,0,0,N,0,0,0,2,67301,0,,1,1,,N,N,,0,,0,0,1,0,0,,215.0,1,2,0,0,0,1,0,3,4,0,2,3,,N,,,,,,,,,,,
2010110837,835.0,1,0,0,0,0,0,0,0,0,4,0,,67,10,2010,4,40.0152,-75.1498,830.0,6,0,0,0,0,0,0,0,0,,0,0,0,7.0,1,2,1,,0,40 00:54.831,,0,75 08:59.392,4,0,0,0,67301,0,0,0,N,0,0,0,6,67301,2,,1,1,,N,N,,0,,0,0,1,2,2,,735.0,2,2,0,0,0,0,0,3,4,0,2,3,,N,,,,,,,,,,,
2010058997,1638.0,0,0,0,0,0,0,0,0,0,6,0,,67,5,2010,4,40.0006,-75.1581,1636.0,6,0,1,0,0,0,0,0,0,,0,0,0,16.0,1,1,2,,0,40 00:02.181,,0,75 09:29.033,3,0,0,1,67301,0,0,0,N,0,0,0,2,67301,0,,1,1,,N,N,,0,,1,0,0,3,3,,1634.0,1,2,0,0,0,0,0,3,4,1,2,3,,N,,,,,,,,,,,
2010040568,920.0,1,0,0,0,0,0,0,0,0,4,0,,67,3,2010,2,40.0228,-75.147,917.0,6,0,0,0,0,0,0,0,0,,0,0,0,8.0,1,3,1,,0,40 01:22.098,,0,75 08:49.318,8,0,0,0,67301,0,0,0,N,0,0,0,3,67301,0,,1,1,,N,N,,0,,0,0,0,3,2,,810.0,3,2,0,0,0,3,0,3,4,1,2,3,,N,,,,,,,,,,,
2010011584,1318.0,2,0,0,0,0,0,0,0,0,1,0,,67,1,2010,3,40.04,-75.1444,1318.0,6,0,0,0,0,0,0,0,0,,0,0,0,13.0,1,1,0,,0,40 02:24.056,,0,75 08:39.879,4,0,0,0,67301,0,0,0,N,0,0,0,3,67301,1,,1,1,,N,N,,0,,0,0,0,3,2,,1306.0,1,2,0,0,0,0,2,3,4,0,2,3,,N,,,,,,,,,,,
2010008992,223.0,3,0,0,0,0,0,0,0,0,7,0,,67,1,2010,2,39.96,-75.18,222.0,6,0,0,0,0,0,0,0,0,2.0,0,0,0,2.0,3,1,0,,2,39 57:36.110,3.0,0,75 10:47.897,4,0,0,0,67301,0,0,0,N,0,0,0,3,68K01,1,,3,1,,N,N,,0,,0,0,0,0,0,N,219.0,1,3,0,0,0,0,0,3,4,0,3,3,,N,,,,,,,,,,,
2010038547,2255.0,3,0,0,0,0,0,0,0,0,0,0,,67,3,2010,3,39.8855,-75.2436,2249.0,6,0,1,0,0,0,0,1,0,1.0,0,0,0,22.0,3,0,0,,2,39 53:07.913,2.0,0,75 14:36.934,0,0,0,0,67301,0,0,0,N,0,0,0,8,68K01,0,,1,9,,N,N,,0,,0,0,1,0,0,N,2247.0,0,4,0,0,0,0,0,3,4,0,4,7,,N,,,,,,,,,,,
2010038607,326.0,1,0,0,0,0,0,0,0,0,7,0,,67,3,2010,5,40.0208,-75.0436,324.0,6,0,0,0,0,0,0,0,0,,0,0,0,3.0,2,0,0,,0,40 01:14.762,,1,75 02:36.852,0,0,0,0,67301,0,0,0,N,0,0,0,1,67301,0,,5,1,,N,N,,0,,0,0,0,0,0,,317.0,0,1,0,0,0,0,0,3,4,0,1,3,,N,,,,,,,,,,,
2010041296,1330.0,1,0,0,0,0,0,0,0,0,7,0,,67,4,2010,2,39.9727,-75.1217,1325.0,6,0,0,0,0,0,0,0,0,2.0,0,0,0,13.0,1,2,0,,2,39 58:22.306,2.0,0,75 07:17.012,4,0,0,0,67301,0,0,0,N,0,0,0,2,68K01,2,,5,9,,N,N,,0,,0,0,1,0,0,N,1310.0,2,2,0,0,0,0,0,3,4,0,2,7,,N,,,,,,,,,,,
2010038813,1635.0,0,0,0,0,0,0,0,0,0,4,0,,67,3,2010,2,40.0456,-75.1285,1630.0,6,0,0,0,0,0,0,0,0,,0,0,0,99.0,1,2,1,,0,40 02:44.254,,0,75 07:42.459,3,0,0,0,67301,0,0,0,N,0,0,0,6,67301,1,,1,9,,N,N,,0,,1,0,1,3,2,,9999.0,2,2,0,0,0,0,0,3,4,1,2,7,,N,,,,,,,,,,,
2010122460,755.0,0,0,0,0,0,0,0,0,0,5,0,,67,11,2010,5,39.9213,-75.1924,752.0,6,0,0,0,0,0,1,0,0,,0,0,0,7.0,1,0,0,,0,39 55:16.585,,0,75 11:32.706,0,0,0,0,67301,0,0,0,N,0,0,0,2,67301,0,,1,1,,N,N,,0,,0,0,2,0,0,,745.0,0,2,0,0,0,0,0,3,4,0,2,3,,N,,,,,,,,,,,
2010122531,1942.0,1,0,0,1,0,0,0,0,0,4,0,,67,11,2010,1,39.9525,-75.2093,1942.0,6,0,0,0,0,0,1,0,0,,0,0,0,19.0,3,1,1,,0,39 57:09.072,,0,75 12:33.310,4,0,0,0,67301,1,0,0,N,0,0,0,2,67301,1,,1,1,,N,N,,0,,0,0,0,3,2,,1942.0,1,2,0,0,0,0,0,3,4,0,1,3,,N,,,,,,,,,,,
2010038801,1408.0,0,0,0,0,0,0,1,0,0,4,1,,67,3,2010,2,39.9601,-75.1734,1407.0,6,0,0,0,0,0,1,0,0,,0,0,0,14.0,1,4,1,,0,39 57:37.219,,0,75 10:25.442,3,0,0,0,67301,0,0,0,N,0,0,0,4,67301,3,,1,1,,N,N,,0,,1,0,1,0,0,,1405.0,4,2,0,0,1,0,0,3,4,0,2,3,,N,,,,,,,,,,,
2010039190,1305.0,1,0,0,0,0,0,0,0,0,1,0,,67,3,2010,7,39.9189,-75.171,1304.0,6,0,0,0,0,0,0,0,0,,0,0,0,13.0,1,1,0,,0,39 55:07.929,,0,75 10:15.419,4,0,0,0,67301,0,0,0,,0,0,0,2,67301,1,,1,9,,,,,0,,0,0,1,0,0,,1302.0,1,2,0,0,0,0,0,3,4,0,2,7,,N,,,,,,,,,,,
2010039277,820.0,1,0,0,0,0,0,0,0,0,1,0,,67,3,2010,1,39.935,-75.2145,817.0,6,0,0,0,0,0,0,0,0,,0,0,0,7.0,1,3,3,,0,39 56:06.063,,0,75 12:52.242,4,0,0,0,67301,0,0,0,N,0,0,0,5,67301,3,,1,1,,N,N,,0,,0,0,0,3,2,,712.0,3,2,0,0,0,0,0,3,4,0,2,3,,N,,,,,,,,,,,
2010039298,1912.0,2,0,0,0,0,0,0,0,0,1,0,,67,4,2010,6,39.9515,-75.2013,1910.0,6,0,0,0,0,0,0,0,0,,0,0,0,19.0,1,2,0,,0,39 57:05.443,,0,75 12:04.633,8,0,0,0,67301,0,0,0,N,0,0,0,3,67301,0,,1,1,,N,N,,0,,0,0,0,0,0,,1910.0,2,2,0,0,0,2,0,3,4,0,2,3,,N,,,,,,,,,,,
2010117468,840.0,1,0,0,0,0,0,0,0,0,7,0,,67,10,2010,4,39.903,-75.1505,823.0,6,0,0,0,1,0,0,0,0,1.0,0,0,0,8.0,1,0,7,,1,39 54:20.575,1.0,2,75 08:59.337,0,0,0,0,67301,0,0,0,N,0,0,0,1,68K01,0,,5,9,,N,N,,0,,0,0,0,0,0,N,817.0,0,1,0,0,0,0,0,3,4,0,1,7,,N,,,,,,,,,,,
2010032483,435.0,1,0,0,0,0,0,0,0,0,1,0,,67,2,2010,7,40.0617,-75.0212,425.0,6,0,0,0,0,0,0,0,0,,0,0,0,4.0,3,0,0,,0,40 03:42.150,,0,75 01:16.287,0,0,0,0,67301,0,0,0,N,0,0,0,1,67301,0,,6,2,,N,N,,2,,0,0,1,0,0,,420.0,0,4,0,0,0,0,0,3,4,0,4,3,,N,,,,,,,,,,,
2010032738,2006.0,1,0,0,0,0,0,0,0,0,0,0,,67,2,2010,5,40.1069,-74.9949,2002.0,6,0,0,0,0,1,0,0,0,1.0,0,0,0,19.0,3,1,0,,2,40 06:24.488,4.0,2,74 59:41.618,4,0,0,0,67301,0,0,0,Y,0,0,0,1,67301,1,,1,2,,N,N,,0,,0,0,0,0,0,N,1957.0,1,1,0,0,0,0,0,3,4,0,1,10,,N,,,,,,,,,,,
2010016179,838.0,2,0,0,0,0,0,0,0,0,1,0,,67,2,2010,3,40.0165,-75.0516,822.0,6,0,0,0,0,0,0,0,0,,0,0,0,8.0,1,1,0,,0,40 00:59.036,,0,75 03:06.038,4,0,0,0,67301,0,0,0,N,0,0,0,2,68K01,1,,1,1,,N,N,,0,,0,0,0,0,0,,818.0,1,2,0,0,0,0,0,3,4,0,2,3,,N,,,,,,,,,,,
2010016783,650.0,1,0,0,0,0,0,0,0,0,7,1,,67,1,2010,3,39.98,-75.1051,645.0,6,0,0,0,0,0,0,0,0,2.0,0,1,0,6.0,5,1,0,,1,39 58:48.525,1.0,0,75 06:18.347,8,0,0,0,67301,0,0,0,N,0,0,0,2,68K01,0,,2,1,,N,N,,0,,0,0,0,0,0,N,643.0,1,2,0,0,0,1,0,3,4,0,2,3,,N,,,,,,,,,,,
2010020472,1009.0,1,0,0,0,0,0,0,0,0,7,0,,67,2,2010,6,39.9321,-75.1999,1008.0,6,0,0,0,0,0,0,0,1,,0,0,0,10.0,1,0,0,,0,39 55:57.746,,0,75 12:00.134,0,0,0,0,67301,0,0,0,N,0,0,0,1,68K01,0,,4,6,,N,N,,0,,0,0,0,0,0,,1004.0,0,1,0,0,0,0,0,3,4,0,1,10,,N,,,,,,,,,,,
2010021476,1248.0,1,0,0,0,0,0,1,0,0,5,1,,67,1,2010,4,39.9784,-75.1541,1240.0,6,0,0,0,0,0,0,0,0,,0,0,0,12.0,1,2,0,,0,39 58:42.264,,0,75 09:14.756,8,0,0,0,67301,0,0,0,,0,0,0,4,67301,0,,1,1,,,,,0,,0,0,0,3,2,,1238.0,2,2,0,0,0,2,0,3,4,0,2,3,,N,,,,,,,,,,,
2010027623,2045.0,1,0,0,0,0,0,0,0,0,1,0,,67,2,2010,4,39.9727,-75.245,2043.0,6,0,0,0,0,0,0,1,0,1.0,0,0,0,20.0,3,0,0,,2,39 58:21.871,1.0,0,75 14:42.050,0,0,0,0,67301,0,0,0,,0,0,0,2,67301,0,,1,9,,N,N,,0,,0,0,1,3,2,Y,2041.0,0,2,0,0,0,0,0,3,4,0,2,7,,N,,,,,,,,,,,