CRN,ARRIVAL_TM,AUTOMOBILE_COUNT,BELTED_DEATH_COUNT,BELTED_SUSP_SERIOUS_INJ_COUNT,BICYCLE_COUNT,BICYCLE_DEATH_COUNT,BICYCLE_SUSP_SERIOUS_INJ_COUNT,BUS_COUNT,CHLDPAS_DEATH_COUNT,CHLDPAS_SUSP_SERIOUS_INJ_COUNT,COLLISION_TYPE,COMM_VEH_COUNT,CONS_ZONE_SPD_LIM,COUNTY,CRASH_MONTH,CRASH_YEAR,DAY_OF_WEEK,DEC_LAT,DEC_LONG,DISPATCH_TM,DISTRICT,DRIVER_COUNT_16YR,DRIVER_COUNT_17YR,DRIVER_COUNT_18YR,DRIVER_COUNT_19YR,DRIVER_COUNT_20YR,DRIVER_COUNT_50_64YR,DRIVER_COUNT_65_74YR,DRIVER_COUNT_75PLUS,EST_HRS_CLOSED,FATAL_COUNT,HEAVY_TRUCK_COUNT,HORSE_BUGGY_COUNT,HOUR_OF_DAY,ILLUMINATION,INJURY_COUNT,INTERSECT_TYPE,INTERSECTION_RELATED,LANE_CLOSED,LATITUDE,LN_CLOSE_DIR,LOCATION_TYPE,LONGITUDE,MAX_SEVERITY_LEVEL,MCYCLE_DEATH_COUNT,MCYCLE_SUSP_SERIOUS_INJ_COUNT,MOTORCYCLE_COUNT,MUNICIPALITY,NONMOTR_COUNT,NONMOTR_DEATH_COUNT,NONMOTR_SUSP_SERIOUS_INJ_COUNT,NTFY_HIWY_MAINT,PED_COUNT,PED_DEATH_COUNT,PED_SUSP_SERIOUS_INJ_COUNT,PERSON_COUNT,POLICE_AGCY,POSSIBLE_INJ_COUNT,RDWY_SURF_TYPE_CD,RELATION_TO_ROAD,ROAD_CONDITION,ROADWAY_CLEARED,SCH_BUS_IND,SCH_ZONE_IND,SECONDARY_CRASH,SMALL_TRUCK_COUNT,SPEC_JURIS_CD,SUSP_MINOR_INJ_COUNT,SUSP_SERIOUS_INJ_COUNT,SUV_COUNT,TCD_FUNC_CD,TCD_TYPE,TFC_DETOUR_IND,TIME_OF_DAY,TOT_INJ_COUNT,TOTAL_UNITS,UNB_DEATH_COUNT,UNB_SUSP_SERIOUS_INJ_COUNT,UNBELTED_OCC_COUNT,UNK_INJ_DEG_COUNT,UNK_INJ_PER_COUNT,URBAN_AREA,URBAN_RURAL,VAN_COUNT,VEHICLE_COUNT,WEATHER1,WEATHER2,WORK_ZONE_IND,WORK_ZONE_LOC,WORK_ZONE_TYPE,WORKERS_PRES,WZ_CLOSE_DETOUR,WZ_FLAGGER,WZ_LAW_OFFCR_IND,WZ_LN_CLOSURE,WZ_MOVING,WZ_OTHER,WZ_SHLDER_MDN,WZ_WORKERS_INJ_KILLED
2010021704,833.0,1,0,0,0,0,0,0,0,0,1,0,,67,1,2010,3,40.0664,-75.0826,831.0,6,0,0,0,0,0,0,0,0,9.0,0,0,0,8.0,1,0,0,,1,40 03:58.690,2.0,0,75 04:57.418,9,0,0,0,67301,0,0,0,N,0,0,0,7,67301,0,,1,9,,N,N,,0,,0,0,0,0,0,N,800.0,0,3,0,0,0,0,3,3,4,1,3,3,,N,,,,,,,,,,,
2010117990,1555.0,1,0,0,0,0,0,0,0,0,2,0,,67,10,2010,4,39.9723,-75.1899,1545.0,6,0,0,0,0,1,1,0,0,1.0,0,0,0,15.0,1,3,0,,1,39 58:20.269,5.0,0,75 11:23.670,8,0,0,0,67301,0,0,0,,0,0,0,3,67301,0,,1,9,,N,N,,0,,0,0,1,0,0,N,1543.0,3,2,0,0,0,3,0,3,4,0,2,7,,N,,,,,,,,,,,
2010118018,1712.0,0,0,0,0,0,0,0,0,0,8,0,,67,10,2010,6,40.0523,-75.008,1710.0,6,0,0,0,0,0,1,0,0,3.0,0,0,0,17.0,1,1,1,,1,40 03:08.339,2.0,0,75 00:28.750,3,0,0,0,67301,1,0,0,N,1,0,0,2,67301,0,,1,1,,N,N,,0,,1,0,1,3,2,N,1708.0,1,2,0,0,0,0,0,3,4,0,1,98,,N,,,,,,,,,,,
2010069898,9999.0,1,0,0,0,0,0,0,0,0,7,0,,67,5,2010,5,40.0923,-75.0535,1036.0,6,0,0,0,0,0,0,1,0,9.0,0,0,0,99.0,1,1,0,,2,40 05:32.207,1.0,0,75 03:12.480,8,0,0,0,67301,0,0,0,,0,0,0,1,67301,0,,2,1,,,Y,,0,,0,0,0,0,0,Y,9999.0,1,1,0,0,0,1,0,3,4,0,1,3,,N,,,,,,,,,,,
2010043244,1825.0,2,0,0,0,0,0,0,0,0,1,0,,67,4,2010,7,39.9553,-75.1411,1825.0,6,0,0,0,0,0,0,0,0,2.0,0,0,0,18.0,1,2,0,,2,39 57:22.765,1.0,2,75 08:31.187,4,0,0,0,67301,0,0,0,N,0,0,0,4,68K01,2,,1,1,,N,N,,0,,0,0,0,0,0,N,1824.0,2,2,0,0,0,0,0,3,4,0,2,3,,N,,,,,,,,,,,
2010080554,2254.0,1,0,0,0,0,0,0,0,0,1,0,,67,8,2010,3,39.9594,-75.1744,2243.0,6,0,0,0,0,0,0,0,0,,0,0,0,22.0,3,2,0,,0,39 57:34.249,,0,75 10:29.777,4,0,0,0,67301,0,0,0,N,0,0,0,3,68K01,2,,1,1,,N,N,,0,,0,0,1,0,0,,2240.0,2,2,0,0,0,0,0,3,4,0,2,3,,N,,,,,,,,,,,
2010075022,237.0,1,0,0,0,0,0,0,0,0,7,0,,67,7,2010,7,40.0711,-75.0112,234.0,6,0,0,0,0,0,0,0,0,,0,0,0,2.0,3,2,0,,0,40 04:16.027,,0,75 00:40.357,8,0,0,0,67301,0,0,0,N,0,0,0,2,67301,0,,4,1,,N,N,,0,,0,0,0,0,0,,230.0,2,1,0,0,0,2,0,3,4,0,1,3,,N,,,,,,,,,,,
2010075027,2048.0,1,0,0,0,0,0,0,0,0,7,0,,67,4,2010,2,40.0449,-75.0309,2045.0,6,0,0,0,0,0,0,0,1,,0,0,0,20.0,3,1,0,,0,40 02:41.606,,0,75 01:51.362,3,0,0,0,67301,0,0,0,N,0,0,0,1,67301,0,,5,1,,N,N,,0,,1,0,0,0,0,,2042.0,1,1,0,0,0,0,0,3,4,0,1,3,,N,,,,,,,,,,,
2010075049,1026.0,1,0,0,1,0,0,0,0,0,4,0,,67,7,2010,5,39.9866,-75.2322,1022.0,6,0,0,0,0,0,0,0,0,,0,0,0,99.0,1,1,1,,0,39 59:11.918,,0,75 13:55.757,4,0,0,0,67301,1,0,0,N,0,0,0,2,67301,1,,1,1,,N,N,,0,,0,0,0,3,3,,9999.0,1,2,0,0,0,0,0,3,4,0,1,3,,N,,,,,,,,,,,
2010075064,1255.0,0,0,0,0,0,0,0,0,0,7,0,,67,7,2010,2,39.9874,-75.0929,1254.0,6,0,0,0,0,0,0,0,0,,0,0,0,99.0,3,0,0,,0,39 59:14.686,,0,75 05:34.282,9,0,0,0,67301,0,0,0,N,0,0,0,1,67301,0,,4,1,,N,N,,1,,0,0,0,0,0,,9999.0,0,1,0,0,0,0,1,3,4,0,1,3,,N,,,,,,,,,,,
2010045492,210.0,1,0,0,0,0,0,0,0,0,7,0,,67,4,2010,7,39.9761,-75.1955,209.0,6,0,0,0,0,0,0,0,0,1.0,0,0,0,2.0,3,0,0,,1,39 58:35.623,3.0,0,75 11:48.080,0,0,0,0,67301,0,0,0,N,0,0,0,2,68K01,0,,2,1,,N,N,,0,,0,0,0,0,0,N,201.0,0,1,0,0,0,0,0,3,4,0,1,3,,N,,,,,,,,,,,
2010047480,1708.0,1,0,0,0,0,0,0,0,0,1,1,,67,5,2010,3,39.9573,-75.1581,1657.0,6,0,0,0,0,1,0,0,0,,0,1,0,16.0,1,2,0,,0,39 57:26.229,,0,75 09:29.288,8,0,0,0,67301,0,0,0,N,0,0,0,3,68K01,0,,1,1,,N,N,,0,,0,0,0,0,0,,1648.0,2,2,0,0,0,2,0,3,4,0,2,3,,N,,,,,,,,,,,
2010048288,1553.0,1,0,0,0,0,0,0,0,0,1,0,,67,5,2010,5,39.9968,-75.1967,1545.0,6,0,0,0,0,0,1,0,0,,0,0,0,15.0,1,0,0,,0,39 59:51.388,,0,75 11:46.488,0,0,0,0,67301,0,0,0,N,0,0,0,2,68K01,0,,1,1,,N,N,,1,,0,0,0,0,0,,1535.0,0,2,0,0,0,0,0,3,4,0,2,3,,N,,,,,,,,,,,
2010105915,852.0,4,0,0,0,0,0,0,0,0,1,0,,67,9,2010,3,40.0255,-75.1815,851.0,6,0,0,0,0,0,0,0,1,2.0,0,0,0,99.0,1,0,0,,1,40 01:31.752,1.0,0,75 10:53.338,9,0,0,0,67301,0,0,0,,0,0,0,3,67301,0,,1,9,,N,N,,0,,0,0,0,0,0,N,9999.0,0,4,0,0,0,0,2,3,4,0,4,7,,N,,,,,,,,,,,
2010103930,714.0,1,0,0,0,0,0,0,0,0,8,0,,67,9,2010,7,39.9569,-75.1626,709.0,6,0,0,0,0,0,0,0,0,,0,0,0,7.0,1,1,0,,0,39 57:24.834,,0,75 09:45.546,3,0,0,0,67301,1,0,0,N,1,0,0,2,67301,0,,1,1,,N,N,,0,,1,0,0,0,0,,709.0,1,2,0,0,0,0,0,3,4,0,1,3,,N,,,,,,,,,,,
2010099523,156.0,1,0,0,0,0,0,0,0,0,7,0,,67,9,2010,1,40.0962,-74.9917,155.0,6,0,0,0,0,0,0,0,0,,0,0,0,1.0,3,1,0,,0,40 05:46.240,,0,74 59:30.000,4,0,0,0,67301,0,0,0,N,0,0,0,1,67301,1,,4,1,,N,N,,0,,0,0,0,0,0,,145.0,1,1,0,0,0,0,0,3,4,0,1,3,,N,,,,,,,,,,,
2010100897,1147.0,1,0,0,0,0,0,0,0,0,7,0,,67,9,2010,5,40.0092,-75.1511,1145.0,6,0,0,0,0,0,0,0,0,,0,0,0,11.0,1,2,0,,0,40 00:33.082,,0,75 09:04.122,8,0,0,0,67301,0,0,0,,0,0,0,2,67301,0,,3,1,,,,,0,,0,0,0,3,2,,1144.0,2,1,0,0,0,2,0,3,4,0,1,3,,N,,,,,,,,,,,
2010094132,1442.0,1,0,0,0,0,0,0,0,0,8,0,,67,8,2010,4,39.9562,-75.1941,1440.0,6,0,0,0,0,0,1,0,0,,0,0,0,14.0,1,1,1,,0,39 57:22.432,,0,75 11:38.798,4,0,0,0,67301,1,0,0,N,1,0,0,2,67301,1,,1,1,,N,N,,0,,0,0,0,3,2,,1440.0,1,2,0,0,0,0,0,3,4,0,1,3,,N,,,,,,,,,,,
2010094253,940.0,2,0,0,0,0,0,0,0,0,4,0,,67,8,2010,5,40.0341,-75.0333,926.0,6,0,0,0,0,0,1,0,0,,0,0,0,9.0,1,1,1,,0,40 02:02.853,,0,75 01:59.901,4,0,0,0,67301,0,0,0,,0,0,0,5,67301,1,,1,1,,N,,,0,,0,0,0,3,3,,920.0,1,2,0,0,0,0,0,3,4,0,2,3,,N,,,,,,,,,,,
2010093719,1910.0,1,0,0,0,0,0,0,0,0,4,0,,67,8,2010,4,40.0809,-75.0288,1908.0,6,0,0,0,0,0,0,0,0,,0,0,0,19.0,1,0,1,,0,40 04:51.077,,0,75 01:43.585,0,0,0,0,67301,0,0,0,N,0,0,0,2,67301,0,,1,1,,N,N,,0,,0,0,1,3,2,,1908.0,0,2,0,0,0,0,0,3,4,0,2,3,,N,,,,,,,,,,,
2010093737,220.0,1,0,0,0,0,0,0,0,0,7,0,,67,8,2010,6,40.0344,-75.2085,213.0,6,0,0,0,0,0,1,0,0,,0,0,0,2.0,3,1,0,,0,40 02:04.224,,0,75 12:30.541,8,0,0,0,67301,0,0,0,N,0,0,0,1,67301,0,,5,1,,N,N,,0,,0,0,0,0,0,,205.0,1,1,0,0,0,1,0,3,4,0,1,3,,N,,,,,,,,,,,
2010088897,1553.0,1,0,0,1,0,0,0,0,0,4,0,,67,7,2010,6,40.0286,-75.0562,1551.0,6,0,0,0,0,0,0,1,0,,0,0,0,15.0,1,1,1,,0,40 01:42.826,,0,75 03:22.492,4,0,0,0,67301,1,0,0,,0,0,0,5,67301,1,,1,1,,N,N,,0,,0,0,0,3,3,,1547.0,1,2,0,0,0,0,0,3,4,0,1,3,,N,,,,,,,,,,,
2010110818,1034.0,2,0,0,0,0,0,0,0,0,4,0,,67,10,2010,4,39.9612,-75.1748,1002.0,6,0,0,0,0,0,0,0,0,,0,0,0,10.0,1,0,1,,0,39 57:40.918,,0,75 10:30.472,0,0,0,0,67301,0,0,0,,0,0,0,2,67301,0,,1,1,,,,,0,,0,0,0,3,2,,1032.0,0,2,0,0,0,0,0,3,4,0,2,3,,N,,,,,,,,,,,
2010110870,138.0,2,0,0,0,0,0,0,0,0,1,0,,67,10,2010,5,40.0484,-75.0934,138.0,6,0,0,0,0,0,0,0,0,1.0,0,0,0,1.0,3,1,0,,1,40 02:54.077,4.0,0,75 05:36.326,4,0,0,0,67301,0,0,0,,0,0,0,1,67301,1,,6,1,,N,N,,0,,0,0,0,0,0,Y,127.0,1,2,0,0,0,0,0,3,4,0,2,3,,N,,,,,,,,,,,
2010110875,750.0,1,0,0,0,0,0,1,0,0,1,1,,67,10,2010,3,40.0392,-75.11,748.0,6,0,0,0,0,0,1,0,0,,0,0,0,7.0,1,8,1,,0,40 02:20.942,,0,75 06:36.006,4,0,0,0,67301,0,0,0,,0,0,0,10,67301,8,,1,9,,,,,0,,0,0,0,3,2,,718.0,8,2,0,0,0,0,0,3,4,0,2,7,,N,,,,,,,,,,,
2010069231,1545.0,0,0,0,0,0,0,0,0,0,7,0,,67,6,2010,5,40.0729,-75.0562,1543.0,6,0,0,0,0,0,0,0,0,,0,0,0,15.0,1,0,0,,0,40 04:22.568,,0,75 03:22.235,0,0,0,0,67301,0,0,0,,0,0,0,1,67301,0,,5,1,,N,N,,0,,0,0,1,0,0,,1500.0,0,1,0,0,0,0,0,3,4,0,1,3,,N,,,,,,,,,,,
2010040557,448.0,4,0,0,0,0,0,0,0,0,2,0,,67,3,2010,7,40.0579,-75.19,448.0,6,0,0,0,0,0,0,0,0,,0,0,0,4.0,3,1,0,,0,40 03:28.540,,0,75 11:23.910,3,0,0,0,67301,0,0,0,N,0,0,0,1,67301,0,,6,9,,N,N,,0,,1,0,0,0,0,,447.0,1,4,0,0,0,0,0,3,4,0,4,7,,N,,,,,,,,,,,
2010040563,1635.0,1,0,0,0,0,0,0,0,0,4,0,,67,4,2010,5,40.0491,-75.1458,1632.0,6,0,0,0,0,0,2,0,0,,0,0,0,15.0,1,1,2,,0,40 02:56.823,,0,75 08:44.743,4,0,0,0,67301,0,0,0,N,0,0,0,2,67301,1,,1,1,,N,N,,1,,0,0,0,0,0,,1545.0,1,2,0,0,0,0,0,3,4,0,2,3,,N,,,,,,,,,,,
2010011634,1700.0,1,0,0,0,0,0,0,0,0,8,0,,67,1,2010,2,40.0263,-75.051,1655.0,6,0,0,0,0,0,0,0,0,,0,0,0,16.0,3,1,0,,0,40 01:34.705,,0,75 03:03.702,4,0,0,0,67301,1,0,0,,1,0,0,2,67301,1,,1,1,,,,,0,,0,0,0,0,0,,1645.0,1,2,0,0,0,0,0,3,4,0,1,3,,N,,,,,,,,,,,
2010011798,1517.0,1,0,0,0,0,0,0,0,0,1,0,,67,1,2010,5,40.0298,-75.022,1516.0,6,0,0,0,0,0,0,1,0,,0,0,0,15.0,1,0,0,,0,40 01:48.232,,0,75 01:18.645,0,0,0,0,67301,0,0,0,N,0,0,0,2,68K01,0,,1,1,,N,N,,1,,0,0,0,0,0,,1513.0,0,2,0,0,0,0,0,3,4,0,2,3,,N,,,,,,,,,,,
2010038676,726.0,3,0,0,0,0,0,0,0,0,1,0,,67,3,2010,4,40.0276,-75.0401,721.0,6,0,0,0,0,0,1,0,1,,0,0,0,7.0,1,1,0,,0,40 01:39.191,,0,75 02:24.433,8,0,0,0,67301,0,0,0,,0,0,0,3,67301,0,,1,1,,,,,0,,0,0,2,0,0,,715.0,1,5,0,0,0,1,0,3,4,0,5,3,,N,,,,,,,,,,,
2010122384,1305.0,2,0,0,0,0,0,0,0,0,4,0,,67,11,2010,5,40.0521,-75.0678,1253.0,6,0,0,0,0,0,0,1,0,,0,0,0,12.0,1,1,1,,0,40 03:07.696,,0,75 04:04.036,4,0,0,0,67301,0,0,0,N,0,0,0,6,67301,1,,1,9,,N,Y,,0,,0,0,0,3,2,,1250.0,1,2,0,0,0,0,0,3,4,0,2,7,,N,,,,,,,,,,,
2010122394,1231.0,0,0,0,0,0,0,0,0,0,8,0,,67,11,2010,5,39.9531,-75.1819,1226.0,6,0,0,0,0,0,1,0,0,,0,0,0,12.0,1,1,1,,0,39 57:11.190,,0,75 10:54.852,4,0,0,0,67301,1,0,0,N,1,0,0,2,67301,1,,1,9,,N,N,,0,,0,0,1,3,2,,1223.0,1,2,0,0,0,0,0,3,4,0,1,7,,N,,,,,,,,,,,
2010122469,1030.0,1,0,0,0,0,0,0,0,0,1,1,,67,11,2010,6,39.9057,-75.1939,1000.0,6,0,0,0,0,0,0,0,0,,0,1,0,9.0,1,1,1,,0,39 54:20.429,,0,75 11:37.829,4,0,0,0,67301,0,0,0,N,0,0,0,3,67301,1,,1,9,,N,N,,0,,0,0,0,3,2,,945.0,1,2,0,0,0,0,0,3,4,0,2,3,,N,,,,,,,,,,,
2010122650,1415.0,1,0,0,0,0,0,0,0,0,4,0,,67,11,2010,6,39.9548,-75.1463,1409.0,6,0,0,0,0,0,0,0,0,,0,0,0,13.0,1,2,2,,0,39 57:17.233,,0,75 08:46.611,8,0,0,0,67301,0,0,0,N,0,0,0,3,67301,0,,1,1,,N,N,,0,,0,0,1,0,0,,1345.0,2,2,0,0,0,2,0,3,4,0,2,3,,N,,,,,,,,,,,
2010039193,2115.0,1,0,0,0,0,0,0,0,0,5,0,,67,3,2010,7,39.9595,-75.2332,2108.0,6,0,0,0,0,0,0,0,0,,0,0,0,21.0,3,0,1,,0,39 57:34.088,,0,75 13:59.355,9,0,0,0,67301,0,0,0,,0,0,0,3,67301,0,,1,9,,N,N,,0,,0,0,1,3,2,,2106.0,0,2,0,0,0,0,1,3,4,0,2,7,,N,,,,,,,,,,,
2010117386,1859.0,1,0,0,0,0,0,0,0,0,5,0,,67,11,2010,2,39.9952,-75.1643,1859.0,6,0,0,0,0,0,0,0,0,,0,0,0,15.0,1,0,0,,0,39 59:42.706,,0,75 09:51.496,0,0,0,0,67301,0,0,0,N,0,0,0,1,67301,0,,1,1,,N,N,,0,,0,0,0,0,0,,1500.0,0,2,0,0,0,0,0,3,4,0,2,3,,N,,,,,,,,,,,
2010032097,35.0,1,0,0,0,0,0,0,0,0,1,0,,67,3,2010,7,39.949,-75.1851,29.0,6,0,0,0,0,0,0,0,0,,0,0,0,0.0,3,0,0,,0,39 56:58.668,,0,75 11:03.206,9,0,0,0,67301,0,0,0,N,0,0,0,2,68K01,0,,1,9,,N,N,,1,,0,0,0,0,0,,28.0,0,2,0,0,0,0,1,3,4,0,2,7,,N,,,,,,,,,,,
2010032475,1444.0,2,0,0,0,0,0,0,0,0,4,0,,67,2,2010,5,40.0411,-75.107,1443.0,6,0,0,0,0,0,1,0,0,,0,0,0,14.0,1,1,0,,0,40 02:28.095,,7,75 06:25.193,3,0,0,0,67301,0,0,0,,0,0,0,3,67301,0,,1,9,,N,N,,0,,1,0,0,3,2,,1442.0,1,2,0,0,0,0,0,3,4,0,2,10,,N,,,,,,,,,,,
2010038318,933.0,1,0,0,0,0,0,0,0,0,4,0,,67,1,2010,6,39.9866,-75.1464,931.0,6,0,0,0,0,1,0,0,0,,0,0,0,9.0,1,2,1,,0,39 59:11.918,,0,75 08:47.027,3,0,0,0,67301,0,0,0,,0,0,0,2,67301,1,,3,1,,,,,1,,1,0,0,0,0,,930.0,2,2,0,0,0,0,0,3,4,0,2,3,,N,,,,,,,,,,,
2010019189,1810.0,1,0,0,0,0,0,0,0,0,1,1,,67,2,2010,2,39.8929,-75.234,1805.0,6,0,0,0,0,0,0,1,0,4.0,1,1,0,18.0,3,0,0,,1,39 53:34.540,2.0,0,75 14:02.264,1,0,0,0,67301,0,0,0,N,0,0,0,1,68K01,0,2.0,3,1,,N,N,,0,0.0,0,0,0,0,0,Y,1801.0,0,2,1,0,1,0,0,3,4,0,2,3,,N,,,,,,,,,,,
2010011526,917.0,1,0,0,0,0,0,0,0,0,8,0,,67,1,2010,2,39.965,-75.2246,917.0,6,0,0,0,0,0,1,0,0,,0,0,0,9.0,1,1,1,,0,39 57:53.673,,0,75 13:28.432,8,0,0,0,67301,1,0,0,,1,0,0,2,67301,0,,1,1,,N,N,,0,,0,0,0,3,2,,916.0,1,2,0,0,1,1,0,3,4,0,1,3,,N,,,,,,,,,,,
2010017038,1247.0,0,0,0,0,0,0,0,0,0,8,0,,67,1,2010,5,40.013,-75.0884,1246.0,6,0,0,0,0,0,1,0,0,,0,0,0,12.0,1,1,1,,0,40 00:46.900,,0,75 05:18.351,4,0,0,0,67301,1,0,0,,1,0,0,2,67301,1,,1,1,,,,,0,,0,0,1,3,3,,1246.0,1,2,0,0,0,0,0,3,4,0,1,3,,N,,,,,,,,,,,
2010018611,838.0,2,0,0,0,0,0,0,0,0,1,0,,67,2,2010,5,39.899,-75.1791,830.0,6,0,0,1,0,0,0,0,0,,0,0,0,8.0,1,1,0,,0,39 53:57.405,,0,75 10:33.211,4,0,0,0,67301,0,0,0,N,0,0,0,3,68K01,1,,1,1,,N,N,,0,,0,0,1,0,0,,825.0,1,3,0,0,0,0,0,3,4,0,3,3,,N,,,,,,,,,,,
2010021457,954.0,1,0,0,0,0,0,0,0,0,1,0,,67,2,2010,2,40.0746,-75.0351,946.0,6,0,0,0,0,1,0,0,0,1.0,0,0,0,9.0,1,1,1,,1,40 04:28.594,2.0,0,75 02:06.267,8,0,0,0,67301,0,0,0,N,0,0,0,2,67301,0,,1,1,,N,N,,0,,0,0,1,3,2,N,940.0,1,2,0,0,1,1,0,3,4,0,2,3,,N,,,,,,,,,,,
2010021643,355.0,1,0,0,0,0,0,0,0,0,7,0,,67,1,2010,2,39.9244,-75.2454,340.0,6,0,0,0,0,0,0,0,0,,0,0,0,3.0,3,0,0,,0,39 55:27.828,,0,75 14:43.313,0,0,0,0,67301,0,0,0,N,0,0,0,1,67301,0,,5,9,,N,N,,0,,0,0,0,0,0,,330.0,0,1,0,0,0,0,0,3,4,0,1,3,,N,,,,,,,,,,,
2010021712,2015.0,2,0,0,0,0,0,0,0,0,1,0,,67,1,2010,4,40.0025,-75.2149,2009.0,6,0,0,0,0,0,0,1,0,,0,0,0,20.0,3,0,0,,0,40 00:09.093,,0,75 12:53.722,0,0,0,0,67301,0,0,0,N,0,0,0,2,67301,0,,1,1,,N,N,,0,,0,0,0,0,0,,2000.0,0,2,0,0,0,0,0,3,4,0,2,3,,N,,,,,,,,,,,
2010117987,1857.0,1,0,0,0,0,0,0,0,0,1,0,,67,11,2010,2,40.0068,-75.1316,1852.0,6,0,0,0,0,0,0,0,0,1.0,0,0,0,18.0,3,0,1,,1,40 00:24.352,4.0,0,75 07:53.653,0,0,0,0,67301,0,0,0,N,0,0,0,3,67301,0,,1,1,,N,N,,0,,0,0,0,9,2,N,1840.0,0,2,0,0,0,0,0,3,4,1,2,3,,N,,,,,,,,,,,
2010118043,1250.0,2,0,0,0,0,0,0,0,0,2,0,,67,10,2010,5,40.0574,-75.1664,1238.0,6,0,0,0,0,0,1,0,1,,0,0,0,12.0,1,1,0,,0,40 03:26.545,,7,75 09:58.898,8,0,0,0,67301,0,0,0,N,0,0,0,2,67301,0,,1,1,,N,N,,0,,0,0,0,0,0,,1230.0,1,2,0,0,0,1,0,3,4,0,2,3,,N,,,,,,,,,,,
2010075129,2343.0,2,0,0,0,0,0,0,0,0,1,0,,67,7,2010,7,40.0268,-75.1171,2326.0,6,0,0,0,0,0,0,0,0,2.0,0,0,0,23.0,3,3,1,,1,40 01:36.522,4.0,0,75 07:02.104,4,0,0,0,67301,0,0,0,,0,0,0,4,67301,3,,1,1,,,,,0,,0,0,0,3,2,N,2325.0,3,2,0,0,0,0,0,3,4,0,2,3,,N,,,,,,,,,,,
2010084919,2319.0,1,0,0,0,0,0,0,0,0,1,0,,67,8,2010,3,39.9813,-75.207,2309.0,6,0,0,0,0,0,1,0,0,1.0,0,0,0,22.0,3,3,0,,2,39 58:56.161,3.0,0,75 12:27.822,4,0,0,0,67301,0,0,0,N,0,0,0,3,68K01,3,,1,8,,N,N,,0,,0,0,1,0,0,Y,2259.0,3,2,0,0,0,0,0,3,4,0,2,7,,N,,,,,,,,,,,
2010083027,1757.0,1,0,0,0,0,0,0,0,0,1,0,,67,8,2010,1,39.9961,-75.197,1748.0,6,0,0,0,0,0,0,0,0,,0,0,0,17.0,1,2,0,,0,39 59:49.734,,0,75 11:46.700,4,0,0,0,67301,0,0,0,N,0,0,0,3,68K01,2,,1,1,,N,N,,1,,0,0,0,0,0,,1745.0,2,2,0,0,0,0,0,3,4,0,2,3,,N,,,,,,,,,,,
2010075028,1328.0,1,0,0,0,0,0,0,0,0,7,0,,67,6,2010,5,40.0458,-75.1295,1328.0,6,0,0,0,0,0,0,0,0,,0,0,0,13.0,1,1,1,,0,40 02:44.725,,0,75 07:46.093,8,0,0,0,67301,0,0,0,N,0,0,0,1,67301,0,,4,1,,N,N,,0,,0,0,0,3,3,,1328.0,1,1,0,0,0,1,0,3,4,0,1,3,,N,,,,,,,,,,,
2010074829,2223.0,1,0,0,1,0,0,0,0,0,4,0,,67,6,2010,3,39.9337,-75.1639,2223.0,6,0,0,0,0,0,0,0,0,,0,0,0,22.0,3,1,1,,0,39 56:01.204,,0,75 09:49.913,4,0,0,0,67301,1,0,0,,0,0,0,2,67301,1,,1,1,,,,,0,,0,0,0,3,3,,2223.0,1,2,0,0,0,0,0,3,4,0,1,3,,N,,,,,,,,,,,
2010074872,1605.0,1,0,0,0,0,0,0,0,0,1,0,,67,7,2010,6,39.9379,-75.2311,1553.0,6,0,0,0,0,0,0,0,0,,0,0,0,15.0,1,1,1,,0,39 56:16.512,,0,75 13:52.078,4,0,0,0,67301,0,0,0,,0,0,0,5,67301,1,,1,9,,N,,,1,,0,0,0,3,2,,1550.0,1,2,0,0,0,0,0,3,4,0,2,7,,N,,,,,,,,,,,
2010069887,2030.0,0,0,0,0,0,0,0,0,0,8,0,99.0,67,6,2010,5,40.0577,-75.1661,2020.0,6,0,0,0,0,0,0,1,0,,0,0,0,20.0,4,1,1,,0,40 03:27.557,,0,75 09:57.853,4,0,0,0,67301,1,0,0,N,1,0,0,2,67301,1,,1,1,,N,N,,1,,0,0,0,3,2,,2020.0,1,2,0,0,0,0,0,3,4,0,1,3,,Y,8.0,8.0,U,U,U,U,U,U,U,U,
2010074888,9999.0,2,0,0,0,0,0,0,0,0,4,0,,67,7,2010,6,40.0356,-75.0706,1747.0,6,0,0,0,0,0,1,0,0,,0,0,0,99.0,5,2,0,,0,40 02:08.061,,7,75 04:14.154,8,0,0,0,67301,0,0,0,N,0,0,0,4,67301,0,,1,98,,N,N,,0,,0,0,0,0,0,,9999.0,2,2,0,0,0,2,1,3,4,0,2,99,,N,,,,,,,,,,,
2010045266,1517.0,3,0,0,0,0,0,0,0,0,1,0,,67,4,2010,1,39.9851,-75.0943,1507.0,6,0,0,0,0,0,0,0,0,1.0,0,0,0,15.0,1,1,0,,1,39 59:06.469,1.0,0,75 05:39.095,8,0,0,0,67301,0,0,0,N,0,0,0,9,68K01,0,,1,1,,N,N,,0,,0,0,1,0,0,Y,1505.0,1,4,0,0,0,1,1,3,4,0,4,3,,N,,,,,,,,,,,
2010084162,857.0,1,0,0,0,0,0,0,0,0,7,0,,67,7,2010,5,40.0782,-75.0538,855.0,6,0,0,0,0,0,0,0,0,,0,0,0,8.0,1,0,0,,0,40 04:41.610,,1,75 03:13.630,0,0,0,0,67301,0,0,0,N,0,0,0,1,67301,0,,2,1,,N,N,,0,,0,0,0,0,0,,850.0,0,1,0,0,0,0,0,3,4,0,1,3,,N,,,,,,,,,,,