CRN,ARRIVAL_TM,AUTOMOBILE_COUNT,BELTED_DEATH_COUNT,BELTED_SUSP_SERIOUS_INJ_COUNT,BICYCLE_COUNT,BICYCLE_DEATH_COUNT,BICYCLE_SUSP_SERIOUS_INJ_COUNT,BUS_COUNT,CHLDPAS_DEATH_COUNT,CHLDPAS_SUSP_SERIOUS_INJ_COUNT,COLLISION_TYPE,COMM_VEH_COUNT,CONS_ZONE_SPD_LIM,COUNTY,CRASH_MONTH,CRASH_YEAR,DAY_OF_WEEK,DEC_LAT,DEC_LONG,DISPATCH_TM,DISTRICT,DRIVER_COUNT_16YR,DRIVER_COUNT_17YR,DRIVER_COUNT_18YR,DRIVER_COUNT_19YR,DRIVER_COUNT_20YR,DRIVER_COUNT_50_64YR,DRIVER_COUNT_65_74YR,DRIVER_COUNT_75PLUS,EST_HRS_CLOSED,FATAL_COUNT,HEAVY_TRUCK_COUNT,HORSE_BUGGY_COUNT,HOUR_OF_DAY,ILLUMINATION,INJURY_COUNT,INTERSECT_TYPE,INTERSECTION_RELATED,LANE_CLOSED,LATITUDE,LN_CLOSE_DIR,LOCATION_TYPE,LONGITUDE,MAX_SEVERITY_LEVEL,MCYCLE_DEATH_COUNT,MCYCLE_SUSP_SERIOUS_INJ_COUNT,MOTORCYCLE_COUNT,MUNICIPALITY,NONMOTR_COUNT,NONMOTR_DEATH_COUNT,NONMOTR_SUSP_SERIOUS_INJ_COUNT,NTFY_HIWY_MAINT,PED_COUNT,PED_DEATH_COUNT,PED_SUSP_SERIOUS_INJ_COUNT,PERSON_COUNT,POLICE_AGCY,POSSIBLE_INJ_COUNT,RDWY_SURF_TYPE_CD,RELATION_TO_ROAD,ROAD_CONDITION,ROADWAY_CLEARED,SCH_BUS_IND,SCH_ZONE_IND,SECONDARY_CRASH,SMALL_TRUCK_COUNT,SPEC_JURIS_CD,SUSP_MINOR_INJ_COUNT,SUSP_SERIOUS_INJ_COUNT,SUV_COUNT,TCD_FUNC_CD,TCD_TYPE,TFC_DETOUR_IND,TIME_OF_DAY,TOT_INJ_COUNT,TOTAL_UNITS,UNB_DEATH_COUNT,UNB_SUSP_SERIOUS_INJ_COUNT,UNBELTED_OCC_COUNT,UNK_INJ_DEG_COUNT,UNK_INJ_PER_COUNT,URBAN_AREA,URBAN_RURAL,VAN_COUNT,VEHICLE_COUNT,WEATHER1,WEATHER2,WORK_ZONE_IND,WORK_ZONE_LOC,WORK_ZONE_TYPE,WORKERS_PRES,WZ_CLOSE_DETOUR,WZ_FLAGGER,WZ_LAW_OFFCR_IND,WZ_LN_CLOSURE,WZ_MOVING,WZ_OTHER,WZ_SHLDER_MDN,WZ_WORKERS_INJ_KILLED
2010052329,750.0,2,0,0,0,0,0,0,0,0,5,0,,67,4,2010,6,40.0564,-75.0256,750.0,6,0,0,0,0,0,1,0,0,2.0,0,0,0,7.0,1,3,1,,2,40 03:22.996,1.0,0,75 01:32.792,8,0,0,0,67301,0,0,0,N,0,0,0,3,67301,0,,1,1,,N,N,,0,,0,0,0,0,0,N,740.0,3,2,0,0,0,3,0,3,4,0,2,3,,N,,,,,,,,,,,
2010044574,1510.0,2,0,0,0,0,0,0,0,0,4,0,,67,3,2010,4,39.9259,-75.1813,1503.0,6,0,0,0,0,0,0,0,0,3.0,0,0,0,15.0,1,3,1,,2,39 55:33.010,3.0,0,75 10:51.700,8,0,0,0,67301,0,0,0,,0,0,0,3,67301,0,,1,1,,N,N,,1,,0,0,0,3,2,Y,1505.0,3,3,0,0,0,3,0,3,4,0,3,3,,N,,,,,,,,,,,
2010044589,1325.0,3,0,0,0,0,0,0,0,0,1,0,,67,4,2010,3,39.9909,-75.1551,1323.0,6,0,0,0,0,0,0,0,0,,0,0,0,13.0,1,0,1,,0,39 59:27.061,,0,75 09:18.508,0,0,0,0,67301,0,0,0,,0,0,0,3,67301,0,,1,9,,,,,0,,0,0,0,3,2,,1315.0,0,3,0,0,0,0,0,3,4,0,3,7,,N,,,,,,,,,,,
2010081671,1156.0,1,0,0,0,0,0,0,0,0,4,0,,67,7,2010,2,39.9553,-75.1871,1155.0,6,0,0,1,0,0,0,0,0,3.0,0,0,0,11.0,1,1,2,,1,39 57:19.007,4.0,0,75 11:13.487,4,0,0,0,67301,0,0,0,N,0,0,0,2,67301,1,,1,1,,N,N,,1,,0,0,0,3,2,N,1155.0,1,2,0,0,0,0,0,3,4,0,2,3,,N,,,,,,,,,,,
2010047851,759.0,1,0,0,0,0,0,0,0,0,7,0,,67,5,2010,7,39.9693,-75.192,755.0,6,0,0,0,0,0,0,0,0,1.0,0,0,0,7.0,1,2,0,,1,39 58:15.366,4.0,0,75 11:35.014,4,0,0,0,67301,0,0,0,N,0,0,0,2,68K01,2,,3,1,,N,N,,0,,0,0,0,0,0,N,755.0,2,1,0,0,0,0,0,3,4,0,1,3,,N,,,,,,,,,,,
2010044822,945.0,1,0,0,0,0,0,0,0,0,4,0,,67,4,2010,1,39.9579,-75.1623,940.0,6,0,0,0,0,1,0,0,0,,0,0,0,9.0,1,0,1,,0,39 57:29.007,,0,75 09:44.230,0,0,0,0,67301,0,0,0,N,0,0,0,3,67301,0,,1,1,,N,N,,0,,0,0,1,3,2,,935.0,0,2,0,0,0,0,0,3,4,0,2,3,,N,,,,,,,,,,,
2010084579,815.0,1,0,0,1,0,0,0,0,0,6,0,,67,7,2010,6,39.9872,-75.1506,809.0,6,0,0,0,0,0,0,0,0,,0,0,0,99.0,3,1,0,,0,39 59:13.867,,0,75 09:02.147,4,0,0,0,67301,1,0,0,N,0,0,0,2,67301,1,,1,1,,N,N,,0,,0,0,0,0,0,,9999.0,1,2,0,0,0,0,1,3,4,0,1,3,,N,,,,,,,,,,,
2010050570,1700.0,1,0,0,0,0,0,0,0,0,7,0,,67,5,2010,1,39.9841,-75.0966,1657.0,6,0,0,0,0,0,0,0,0,2.0,0,0,0,16.0,1,1,0,,1,39 59:02.720,2.0,0,75 05:48.052,2,0,0,0,67301,0,0,0,N,0,0,0,1,68K01,0,,2,1,,N,N,,0,,0,1,0,0,0,N,1654.0,1,1,0,1,1,0,0,3,4,0,1,3,,N,,,,,,,,,,,
2010128587,756.0,2,0,0,0,0,0,0,0,0,4,0,,67,10,2010,4,39.9567,-75.2175,750.0,6,0,0,0,0,0,1,0,0,,0,0,0,7.0,1,0,1,,0,39 57:24.296,,0,75 13:02.938,0,0,0,0,67301,0,0,0,N,0,0,0,2,67301,0,,1,1,,N,N,,0,,0,0,0,2,3,,745.0,0,2,0,0,0,0,0,3,4,0,2,3,,N,,,,,,,,,,,
2010048791,840.0,2,0,0,0,0,0,0,0,0,4,0,,67,4,2010,7,40.0355,-75.1086,837.0,6,0,0,0,0,0,0,0,1,1.0,0,0,0,8.0,1,1,1,,1,40 02:07.087,4.0,0,75 06:30.627,4,0,0,0,67301,0,0,0,,0,0,0,3,67301,1,,1,1,,N,N,,0,,0,0,0,3,2,N,833.0,1,2,0,0,0,0,0,3,4,0,2,3,,N,,,,,,,,,,,
2010060268,1710.0,2,0,0,0,0,0,0,0,0,1,0,,67,5,2010,4,40.0804,-75.2235,1708.0,6,0,0,0,0,0,3,0,0,,0,0,0,17.0,1,1,0,,0,40 04:49.593,,0,75 13:24.532,3,0,0,0,67301,0,0,0,N,0,0,0,3,67301,0,,1,1,,N,N,,0,,1,0,1,0,0,,1703.0,1,3,0,0,0,0,0,3,4,0,3,3,,N,,,,,,,,,,,
2010104924,700.0,2,0,0,0,0,0,0,0,0,4,0,,67,9,2010,2,39.9804,-75.1822,655.0,6,0,0,0,0,0,1,0,0,,0,0,0,6.0,5,2,1,,0,39 58:49.346,,0,75 10:55.934,4,0,0,0,67301,0,0,0,N,0,0,0,2,67301,1,,1,9,,N,N,,0,,0,0,1,3,2,,655.0,2,3,0,0,1,1,0,3,4,0,3,7,,N,,,,,,,,,,,
2010010017,232.0,0,0,0,0,0,0,0,0,0,7,0,,67,1,2010,7,39.9929,-75.0851,223.0,6,0,0,0,0,0,0,0,0,1.0,0,0,0,2.0,3,0,0,,1,39 59:34.710,1.0,0,75 05:06.044,0,0,0,0,67301,0,0,0,N,0,0,0,1,68K01,0,,2,1,,N,N,,0,,0,0,1,0,0,N,216.0,0,1,0,0,0,0,0,3,4,0,1,3,,N,,,,,,,,,,,
2010099774,905.0,1,0,0,0,0,0,0,0,0,1,0,,67,9,2010,5,39.9259,-75.1813,904.0,6,0,0,0,0,0,0,1,0,,0,0,0,9.0,1,1,1,,0,39 55:33.010,,0,75 10:51.700,4,0,0,0,67301,0,0,0,N,0,0,0,3,67301,1,,1,1,,N,N,,0,,0,0,1,3,2,,900.0,1,2,0,0,0,0,0,3,4,0,2,3,,N,,,,,,,,,,,
2010118059,2126.0,1,0,0,0,0,0,0,0,0,7,0,,67,10,2010,4,40.0975,-74.9843,2125.0,6,0,0,0,0,0,0,0,0,2.0,0,0,0,21.0,3,0,0,,2,40 05:51.079,4.0,0,74 59:03.595,9,0,0,0,67301,0,0,0,N,0,0,0,1,67301,0,,4,1,,N,N,,0,,0,0,0,0,0,N,2122.0,0,1,0,0,0,0,1,3,4,0,1,3,,N,,,,,,,,,,,
2010102402,2240.0,1,0,0,0,0,0,0,0,0,7,0,,67,9,2010,5,40.1268,-74.9966,2233.0,6,0,0,0,0,0,0,0,0,,0,0,0,22.0,3,1,0,,0,40 07:36.412,,0,74 59:47.729,8,0,0,0,67301,0,0,0,N,0,0,0,1,67301,0,,2,1,,N,N,,0,,0,0,0,0,0,,2205.0,1,1,0,0,0,1,0,3,4,0,1,3,,N,,,,,,,,,,,
2010118080,130.0,3,0,0,0,0,0,0,0,0,5,0,,67,10,2010,7,39.9651,-75.2401,125.0,6,0,0,0,0,0,0,0,0,,0,0,0,99.0,3,0,0,,0,39 57:54.370,,0,75 14:24.330,0,0,0,0,67301,0,0,0,N,0,0,0,1,67301,0,,1,1,,N,N,,0,,0,0,1,0,0,,9999.0,0,4,0,0,0,0,0,3,4,0,4,3,,N,,,,,,,,,,,
2010118110,1744.0,1,0,0,0,0,0,0,0,0,1,0,,67,10,2010,1,40.0175,-75.1727,1733.0,6,0,0,0,0,0,1,0,0,,0,0,0,17.0,1,1,0,,0,40 01:03.094,,0,75 10:21.499,8,0,0,0,67301,0,0,0,N,0,0,0,2,67301,0,,1,1,,N,N,,1,,0,0,0,0,0,,1725.0,1,2,0,0,0,1,0,3,4,0,2,3,,N,,,,,,,,,,,
2010097419,1330.0,1,0,0,0,0,0,0,0,0,7,0,,67,9,2010,4,39.9099,-75.1764,1322.0,6,0,0,0,0,0,0,0,1,,1,0,0,12.0,1,0,0,,0,39 54:35.571,,7,75 10:34.906,1,0,0,0,67301,0,0,0,N,0,0,0,1,67301,0,1.0,5,1,,N,N,,0,0.0,0,0,0,0,0,,1250.0,0,1,0,0,0,0,0,3,4,0,1,3,,N,,,,,,,,,,,
2010102528,323.0,2,0,0,0,0,0,0,0,0,1,0,,67,9,2010,7,40.0417,-75.013,308.0,6,0,0,0,0,0,0,0,0,,0,0,0,3.0,3,1,0,,0,40 02:30.053,,0,75 00:46.664,4,0,0,0,67301,0,0,0,N,0,0,0,1,67301,1,,6,1,,N,N,,0,,0,0,1,0,0,,300.0,1,4,0,0,0,0,0,3,4,1,4,3,,N,,,,,,,,,,,
2010100185,38.0,3,0,0,0,0,0,0,0,0,1,0,,67,10,2010,1,40.0554,-75.126,37.0,6,1,0,0,0,0,0,0,0,,0,0,0,0.0,3,1,0,,0,40 03:19.369,,0,75 07:33.722,8,0,0,0,67301,0,0,0,N,0,0,0,3,46102,0,,1,1,,N,N,,0,,0,0,0,3,2,,37.0,1,3,0,0,1,1,1,3,4,0,3,3,,N,,,,,,,,,,,
2010105043,710.0,2,0,0,0,0,0,0,0,0,4,0,,67,9,2010,4,39.9688,-75.1362,707.0,6,0,0,0,0,0,0,0,0,,0,0,0,7.0,1,1,1,,0,39 58:07.845,,0,75 08:10.373,4,0,0,0,67301,0,0,0,,0,0,0,2,67301,1,,1,1,,N,N,,0,,0,0,0,3,2,,705.0,1,2,0,0,0,0,0,3,4,0,2,3,,N,,,,,,,,,,,
2010118410,932.0,3,0,0,0,0,0,0,0,0,1,0,,67,10,2010,5,39.9587,-75.1548,930.0,6,0,0,0,0,0,2,0,1,,0,0,0,9.0,1,1,0,,0,39 57:31.232,,0,75 09:17.184,4,0,0,0,67301,0,0,0,N,0,0,0,4,67301,1,,1,1,,N,N,,1,,0,0,0,3,2,,928.0,1,4,0,0,0,0,0,3,4,0,4,3,,N,,,,,,,,,,,
2010123495,1352.0,0,0,0,0,0,0,0,0,0,1,1,45.0,67,12,2010,5,39.8933,-75.2305,1335.0,6,0,0,0,0,0,0,0,0,4.0,0,1,0,13.0,1,1,0,,2,39 53:35.448,2.0,0,75 13:39.777,4,0,0,0,67301,0,0,0,Y,0,0,0,2,68K01,1,,1,1,,N,N,,0,,0,0,0,0,0,Y,1335.0,1,2,0,0,0,0,0,3,4,1,2,3,,Y,5.0,2.0,Y,N,N,N,Y,Y,N,Y,
2010123497,1457.0,1,0,0,0,0,0,0,0,0,7,0,,67,12,2010,6,39.9756,-75.1154,1445.0,6,0,0,0,0,0,0,0,0,1.0,0,0,0,14.0,1,1,0,,2,39 58:34.650,1.0,0,75 06:52.240,4,0,0,0,67301,0,0,0,N,0,0,0,1,68K01,1,,4,1,,N,N,,0,,0,0,0,0,0,N,1439.0,1,1,0,0,0,0,0,3,4,0,1,3,,N,,,,,,,,,,,
2010120987,8.0,1,0,0,0,0,0,0,0,0,7,0,,67,11,2010,7,39.9803,-75.2056,4.0,6,0,0,0,0,0,0,0,0,,0,0,0,0.0,3,0,0,,0,39 58:51.865,,0,75 12:24.003,0,0,0,0,67301,0,0,0,N,0,0,0,2,68K01,0,,2,1,,N,N,,0,,0,0,0,0,0,,3.0,0,1,0,0,0,0,0,3,4,0,1,3,,N,,,,,,,,,,,
2010120993,117.0,1,0,0,0,0,0,0,0,0,7,0,,67,11,2010,6,39.9681,-75.1297,113.0,6,0,0,0,0,0,0,0,0,1.0,0,0,0,1.0,2,0,0,,2,39 58:06.288,1.0,0,75 07:43.964,0,0,0,0,67301,0,0,0,N,0,0,0,1,68K01,0,,4,9,,N,N,,0,,0,0,0,0,0,N,110.0,0,1,0,0,0,0,0,3,4,0,1,3,,N,,,,,,,,,,,
2010120995,850.0,1,0,0,0,0,0,0,0,0,5,0,,67,11,2010,6,39.9813,-75.207,850.0,6,0,0,0,0,0,0,0,0,,0,0,0,8.0,1,0,0,,0,39 58:56.161,,0,75 12:27.822,0,0,0,0,67301,0,0,0,N,0,0,0,2,68K01,0,,1,9,,N,N,,0,,0,0,0,0,0,,848.0,0,2,0,0,0,0,0,3,4,1,2,3,,N,,,,,,,,,,,
2010093313,2008.0,0,0,0,0,0,0,0,0,0,8,0,,67,8,2010,3,39.9872,-75.1708,2005.0,6,0,0,0,0,0,0,0,0,,0,0,0,99.0,1,1,2,,0,39 59:14.006,,0,75 10:15.056,4,0,0,0,67301,1,0,0,N,1,0,0,2,67301,1,,1,1,,N,N,,1,,0,0,0,3,3,,9999.0,1,2,0,0,0,0,0,3,4,0,1,3,,N,,,,,,,,,,,
2010088693,1846.0,1,0,0,1,0,0,0,0,0,4,0,,67,8,2010,6,39.9751,-75.1636,1846.0,6,0,0,0,0,0,0,0,0,,0,0,0,18.0,1,1,1,,0,39 58:30.378,,0,75 09:49.046,8,0,0,0,67301,1,0,0,N,0,0,0,3,67301,0,,1,1,,N,N,,0,,0,0,0,3,2,,1845.0,1,2,0,0,0,1,0,3,4,0,1,3,,N,,,,,,,,,,,
2010088763,1607.0,0,0,0,0,0,0,0,0,0,7,0,,67,8,2010,6,40.0484,-74.9977,1552.0,6,0,0,0,0,0,0,0,0,,0,0,0,15.0,1,1,0,,0,40 02:55.029,,0,74 59:52.450,3,0,0,1,67301,0,0,0,,0,0,0,1,67301,0,,3,1,,,,,0,,1,0,0,3,2,,1550.0,1,2,0,0,0,0,0,3,4,0,1,3,,N,,,,,,,,,,,
2010088810,1100.0,0,0,0,0,0,0,0,0,0,8,0,,67,7,2010,5,39.9717,-75.1259,1100.0,6,0,0,0,0,0,0,0,0,1.0,0,0,0,17.0,1,1,1,,1,39 58:18.627,2.0,0,75 07:31.913,8,0,0,0,67301,1,0,0,N,1,0,0,2,67301,0,,1,1,,N,N,,1,,0,0,0,3,2,N,1700.0,1,2,0,0,0,1,1,3,4,0,1,3,,N,,,,,,,,,,,
2010086310,1025.0,1,0,0,0,0,0,0,0,0,7,0,,67,8,2010,2,39.9875,-75.0897,1011.0,6,0,0,0,0,0,0,0,0,1.0,0,0,0,10.0,1,0,0,,2,39 59:15.316,1.0,0,75 05:22.414,0,0,0,0,67301,0,0,0,N,0,0,0,2,68K01,0,,4,1,,N,N,,0,,0,0,0,0,0,N,1009.0,0,1,0,0,0,0,0,3,4,0,1,3,,N,,,,,,,,,,,
2010088216,913.0,0,0,0,0,0,0,1,0,0,8,1,,67,8,2010,7,39.997,-75.2353,912.0,6,0,0,0,0,0,0,0,0,2.0,0,0,0,9.0,1,1,1,,2,39 59:49.593,2.0,0,75 14:07.096,3,0,0,0,67301,1,0,0,N,1,0,0,2,46104,0,,1,1,,N,N,,0,,1,0,0,3,2,Y,912.0,1,2,0,0,0,0,0,3,4,0,1,3,,N,,,,,,,,,,,
2010105722,1157.0,1,0,0,0,0,0,0,0,0,7,1,35.0,67,10,2010,5,39.9537,-75.1386,1157.0,6,0,0,0,0,0,0,0,0,,0,1,0,11.0,1,0,0,,0,39 57:13.255,,3,75 08:19.006,0,0,0,0,67301,0,0,0,,0,0,0,1,67501,0,,5,1,,,,,0,,0,0,0,3,8,,1157.0,0,2,0,0,0,0,0,3,4,0,2,3,,Y,4.0,2.0,Y,,,N,Y,,,,
2010105687,1650.0,3,0,0,0,0,0,0,0,0,1,0,,67,9,2010,6,39.9304,-75.2276,1645.0,6,0,0,0,0,0,0,0,0,,0,0,0,16.0,1,1,1,,0,39 55:49.339,,0,75 13:39.363,8,0,0,0,67301,0,0,0,N,0,0,0,3,67301,0,,1,1,,N,N,,0,,0,0,0,3,1,,1640.0,1,3,0,0,0,1,2,3,4,0,3,3,,N,,,,,,,,,,,
2010103035,1134.0,0,0,0,0,0,0,0,0,0,1,1,,67,9,2010,6,39.9304,-75.2276,1134.0,6,0,0,0,0,0,1,0,0,,0,1,0,11.0,1,0,2,,0,39 55:49.339,,0,75 13:39.363,0,0,0,0,67301,0,0,0,N,0,0,0,3,67301,0,,1,1,,,N,,0,,0,0,1,3,2,,1126.0,0,2,0,0,0,0,0,3,4,0,2,3,,N,,,,,,,,,,,
2010085543,514.0,1,0,0,0,0,0,0,0,0,5,0,,67,9,2010,6,39.9539,-75.1815,511.0,6,0,0,0,0,0,0,0,0,,0,0,0,4.0,3,1,0,,0,39 57:19.375,,0,75 10:51.291,8,0,0,0,67301,0,0,0,N,0,0,0,1,68K01,0,,1,1,,N,N,,0,,0,0,0,0,0,,455.0,1,2,0,0,0,1,0,3,4,1,2,3,,N,,,,,,,,,,,
2010085546,1145.0,1,0,0,0,0,0,0,0,0,7,0,,67,9,2010,7,39.9075,-75.15,1141.0,6,0,0,0,1,0,0,0,0,,0,0,0,11.0,1,1,0,,0,39 54:24.957,,2,75 08:57.867,8,0,0,0,67301,0,0,0,N,0,0,0,2,68K01,0,,2,1,,N,N,,0,,0,0,0,0,0,,1137.0,1,1,0,0,0,1,0,3,4,0,1,3,,N,,,,,,,,,,,
2010122651,2056.0,1,0,0,0,0,0,0,0,0,8,0,,67,11,2010,6,40.0559,-75.0616,2053.0,6,0,0,0,0,0,0,0,0,,0,0,0,20.0,3,1,1,,0,40 03:21.148,,0,75 03:41.774,8,0,0,0,67301,1,0,0,N,1,0,0,2,67301,0,,1,1,,N,N,,0,,0,0,0,3,2,,2030.0,1,2,0,0,0,1,1,3,4,0,1,3,,N,,,,,,,,,,,
2010062025,1510.0,2,0,0,0,0,0,0,0,0,4,0,,67,5,2010,4,40.0417,-75.0611,1500.0,6,0,0,0,0,1,0,0,0,2.0,0,0,0,14.0,1,5,1,,2,40 02:30.166,3.0,0,75 03:40.132,3,0,0,0,67301,0,0,0,N,0,0,0,5,67301,0,,1,1,,N,N,,0,,5,0,0,3,2,N,1455.0,5,2,0,0,0,0,0,3,4,0,2,3,,N,,,,,,,,,,,
2010065004,1521.0,1,0,0,0,0,0,0,0,0,1,0,,67,7,2010,6,,,1519.0,6,0,0,0,0,0,0,0,1,,0,0,0,15.0,1,0,0,,0,,,3,,0,0,0,0,67301,0,0,0,N,0,0,0,2,67501,0,,1,9,,N,N,,0,,0,0,1,3,8,,1519.0,0,2,0,0,0,0,0,3,3,0,2,7,,N,,,,,,,,,,,
2010059616,900.0,0,0,0,0,0,0,0,0,0,8,0,,67,5,2010,4,40.0845,-74.9737,855.0,6,0,0,0,0,0,0,0,0,,0,0,0,8.0,1,1,1,,0,40 05:04.128,,0,74 58:25.148,3,0,0,0,67301,1,0,0,,1,0,0,3,67301,0,,1,1,,N,Y,,1,,1,0,0,3,2,,845.0,1,2,0,0,0,0,0,3,4,0,1,3,,N,,,,,,,,,,,
2010044500,1606.0,2,0,0,0,0,0,0,0,0,4,0,,67,4,2010,6,40.095,-75.0154,1601.0,6,0,0,0,0,0,0,0,0,1.0,0,0,0,16.0,1,1,1,,1,40 05:41.851,2.0,0,75 00:55.548,4,0,0,0,67301,0,0,0,N,0,0,0,3,67301,1,,1,1,,N,N,,0,,0,0,0,3,2,N,1600.0,1,2,0,0,0,0,0,3,4,0,2,3,,N,,,,,,,,,,,
2010081564,2344.0,1,0,0,0,0,0,1,0,0,4,1,,67,7,2010,2,40.03,-75.1032,2341.0,6,0,0,0,0,1,0,0,0,1.0,0,0,0,23.0,3,4,1,,1,40 01:48.146,2.0,0,75 06:11.546,8,0,0,0,67301,0,0,0,N,0,0,0,5,67301,0,,1,1,,N,N,,0,,0,0,0,0,0,N,2340.0,4,2,0,0,0,4,0,3,4,0,2,3,,N,,,,,,,,,,,
2010052253,1749.0,2,0,0,0,0,0,0,0,0,2,0,,67,5,2010,3,40.1167,-75.0198,1748.0,6,0,0,0,0,0,1,0,0,,0,0,0,17.0,1,2,1,,0,40 07:00.010,,0,75 01:11.269,4,0,0,0,67301,0,0,0,N,0,0,0,3,67301,2,,1,1,,N,N,,0,,0,0,0,3,2,,1747.0,2,2,0,0,0,0,1,3,4,0,2,3,,N,,,,,,,,,,,
2010052328,1357.0,1,0,0,0,0,0,0,0,0,1,0,,67,5,2010,7,40.0603,-75.0819,1348.0,6,0,0,0,0,0,0,0,1,,0,0,0,13.0,1,1,0,,0,40 03:37.110,,7,75 04:54.989,4,0,0,0,67301,0,0,0,,0,0,0,3,67301,1,,1,1,,,,,0,,0,0,0,0,0,,1347.0,1,2,0,0,0,0,0,3,4,1,2,3,,N,,,,,,,,,,,
2010062295,1855.0,0,0,0,1,0,0,0,0,0,4,0,,67,5,2010,7,40.0607,-75.0133,1845.0,6,0,0,0,0,0,1,0,0,2.0,0,0,0,18.0,1,1,2,,1,40 03:38.595,1.0,0,75 00:47.919,3,0,0,0,67301,1,0,0,N,0,0,0,3,67301,0,,1,1,,N,N,,1,,1,0,0,3,3,N,1844.0,1,2,0,0,0,0,0,3,4,0,1,3,,N,,,,,,,,,,,
2010044625,1223.0,1,0,0,0,0,0,0,0,0,4,0,,67,4,2010,5,40.0176,-75.065,1221.0,6,0,0,0,0,0,1,0,0,,0,0,0,12.0,1,1,1,,0,40 01:03.097,,0,75 03:54.438,8,0,0,0,67301,0,0,0,N,0,0,0,2,67301,0,,1,1,,N,N,,1,,0,0,0,3,2,,1218.0,1,2,0,0,0,1,1,3,4,0,2,3,,N,,,,,,,,,,,
2010084155,1407.0,1,0,0,0,0,0,0,0,0,4,0,,67,7,2010,6,40.0323,-75.051,1405.0,6,0,0,0,0,0,1,0,0,,0,0,0,14.0,1,1,1,,0,40 01:56.185,,0,75 03:03.545,4,0,0,0,67301,0,0,0,N,0,0,0,2,67301,1,,1,1,,N,N,,0,,0,0,1,3,2,,1402.0,1,2,0,0,0,0,1,3,4,0,2,3,,N,,,,,,,,,,,
2010062060,1950.0,2,0,0,0,0,0,0,0,0,1,0,,67,4,2010,7,39.9632,-75.2024,1930.0,6,0,0,1,0,0,0,0,0,,0,0,0,19.0,1,1,1,,0,39 57:47.492,,0,75 12:08.609,8,0,0,0,67301,0,0,0,N,0,0,0,3,67301,0,,1,1,,N,N,,0,,0,0,1,3,2,,1930.0,1,3,0,0,1,1,2,3,4,0,3,3,,N,,,,,,,,,,,
2010044799,1240.0,2,0,0,0,0,0,0,0,0,1,0,,67,3,2010,7,40.0004,-75.0996,1229.0,6,0,0,0,0,0,1,0,0,,0,0,0,12.0,1,1,2,,0,40 00:01.275,,0,75 05:58.505,4,0,0,0,67301,0,0,0,N,0,0,0,2,67301,1,,1,1,,N,N,,0,,0,0,0,0,0,,1220.0,1,2,0,0,0,0,0,3,4,0,2,3,,N,,,,,,,,,,,
2010044832,1656.0,1,0,0,0,0,0,0,0,0,4,0,,67,4,2010,5,39.9719,-75.1594,1656.0,6,0,0,0,0,0,1,0,0,,0,0,0,15.0,1,1,0,,0,39 58:18.835,,7,75 09:33.892,8,0,0,0,67301,0,0,0,,0,0,0,2,67301,0,,1,1,,,,,0,,0,0,1,0,0,,1545.0,1,2,0,0,0,1,0,3,4,0,2,3,,N,,,,,,,,,,,
2010044839,745.0,1,0,0,0,0,0,0,0,0,7,0,,67,3,2010,2,40.0919,-74.9776,740.0,6,0,0,0,1,0,0,0,0,,0,0,0,7.0,1,2,0,,0,40 05:30.671,,0,74 58:39.313,4,0,0,0,67301,0,0,0,N,0,0,0,2,67301,2,,2,9,,N,N,,0,,0,0,0,0,0,,725.0,2,1,0,0,0,0,0,3,4,0,1,7,,N,,,,,,,,,,,
2010084591,1355.0,2,0,0,0,0,0,0,0,0,4,0,,67,8,2010,1,39.9054,-75.1736,1345.0,6,0,0,0,0,0,1,0,0,,0,0,0,13.0,1,3,5,,0,39 54:19.501,,0,75 10:24.816,4,0,0,0,67301,0,0,0,N,0,0,0,3,67301,1,,1,1,,N,N,,1,,0,0,0,3,2,,1345.0,3,3,0,0,0,2,0,3,4,0,3,3,,N,,,,,,,,,,,
2010048833,1536.0,2,0,0,0,0,0,0,0,0,4,0,,67,4,2010,4,40.0018,-75.1545,1535.0,6,0,0,0,0,1,0,0,0,1.0,0,0,0,15.0,1,3,1,,2,40 00:06.482,2.0,0,75 09:16.159,4,0,0,0,67301,0,0,0,,0,0,0,5,67301,3,,2,1,,,,,0,,0,0,0,3,2,Y,1534.0,3,2,0,0,2,0,0,3,4,0,2,3,,N,,,,,,,,,,,
2010048847,914.0,1,0,0,1,0,0,0,0,0,5,0,,67,4,2010,3,39.9479,-75.1624,914.0,6,0,0,0,0,0,0,1,0,,0,0,0,9.0,1,1,1,,0,39 56:52.576,,0,75 09:44.521,8,0,0,0,67301,1,0,0,N,0,0,0,2,67301,0,,1,1,,N,N,,0,,0,0,0,3,2,,912.0,1,2,0,0,0,1,0,3,4,0,1,3,,N,,,,,,,,,,,
2010060274,1834.0,2,0,0,0,0,0,0,0,0,4,0,,67,5,2010,5,39.973,-75.2261,1833.0,6,0,0,0,0,0,1,0,0,,0,0,0,17.0,1,0,1,,0,39 58:22.755,,0,75 13:34.045,0,0,0,0,67301,0,0,0,N,0,0,0,4,67301,0,,1,1,,N,N,,0,,0,0,0,2,2,,1753.0,0,2,0,0,0,0,0,3,4,0,2,3,,N,,,,,,,,,,,