CRN,ARRIVAL_TM,AUTOMOBILE_COUNT,BELTED_DEATH_COUNT,BELTED_SUSP_SERIOUS_INJ_COUNT,BICYCLE_COUNT,BICYCLE_DEATH_COUNT,BICYCLE_SUSP_SERIOUS_INJ_COUNT,BUS_COUNT,CHLDPAS_DEATH_COUNT,CHLDPAS_SUSP_SERIOUS_INJ_COUNT,COLLISION_TYPE,COMM_VEH_COUNT,CONS_ZONE_SPD_LIM,COUNTY,CRASH_MONTH,CRASH_YEAR,DAY_OF_WEEK,DEC_LAT,DEC_LONG,DISPATCH_TM,DISTRICT,DRIVER_COUNT_16YR,DRIVER_COUNT_17YR,DRIVER_COUNT_18YR,DRIVER_COUNT_19YR,DRIVER_COUNT_20YR,DRIVER_COUNT_50_64YR,DRIVER_COUNT_65_74YR,DRIVER_COUNT_75PLUS,EST_HRS_CLOSED,FATAL_COUNT,HEAVY_TRUCK_COUNT,HORSE_BUGGY_COUNT,HOUR_OF_DAY,ILLUMINATION,INJURY_COUNT,INTERSECT_TYPE,INTERSECTION_RELATED,LANE_CLOSED,LATITUDE,LN_CLOSE_DIR,LOCATION_TYPE,LONGITUDE,MAX_SEVERITY_LEVEL,MCYCLE_DEATH_COUNT,MCYCLE_SUSP_SERIOUS_INJ_COUNT,MOTORCYCLE_COUNT,MUNICIPALITY,NONMOTR_COUNT,NONMOTR_DEATH_COUNT,NONMOTR_SUSP_SERIOUS_INJ_COUNT,NTFY_HIWY_MAINT,PED_COUNT,PED_DEATH_COUNT,PED_SUSP_SERIOUS_INJ_COUNT,PERSON_COUNT,POLICE_AGCY,POSSIBLE_INJ_COUNT,RDWY_SURF_TYPE_CD,RELATION_TO_ROAD,ROAD_CONDITION,ROADWAY_CLEARED,SCH_BUS_IND,SCH_ZONE_IND,SECONDARY_CRASH,SMALL_TRUCK_COUNT,SPEC_JURIS_CD,SUSP_MINOR_INJ_COUNT,SUSP_SERIOUS_INJ_COUNT,SUV_COUNT,TCD_FUNC_CD,TCD_TYPE,TFC_DETOUR_IND,TIME_OF_DAY,TOT_INJ_COUNT,TOTAL_UNITS,UNB_DEATH_COUNT,UNB_SUSP_SERIOUS_INJ_COUNT,UNBELTED_OCC_COUNT,UNK_INJ_DEG_COUNT,UNK_INJ_PER_COUNT,URBAN_AREA,URBAN_RURAL,VAN_COUNT,VEHICLE_COUNT,WEATHER1,WEATHER2,WORK_ZONE_IND,WORK_ZONE_LOC,WORK_ZONE_TYPE,WORKERS_PRES,WZ_CLOSE_DETOUR,WZ_FLAGGER,WZ_LAW_OFFCR_IND,WZ_LN_CLOSURE,WZ_MOVING,WZ_OTHER,WZ_SHLDER_MDN,WZ_WORKERS_INJ_KILLED
2010058853,1050.0,1,0,0,0,0,0,0,0,0,4,0,,67,5,2010,1,40.0625,-74.987,1044.0,6,0,0,0,0,0,2,0,0,3.0,0,0,0,10.0,1,1,1,,2,40 03:44.832,7.0,0,74 59:13.249,8,0,0,0,67301,0,0,0,N,0,0,0,4,67301,0,,1,1,,N,N,,0,,0,0,1,3,2,Y,1044.0,1,2,0,0,0,1,0,3,4,0,2,3,,N,,,,,,,,,,,
2010029766,1727.0,1,0,0,0,0,0,0,0,0,8,0,,67,1,2010,3,40.079,-75.174,1700.0,6,0,0,0,0,0,0,0,0,,0,0,0,16.0,1,2,1,,0,40 04:44.472,,0,75 10:26.371,4,0,0,0,67301,2,0,0,N,2,0,0,3,67301,2,,1,1,,N,N,,0,,0,0,0,3,2,,1600.0,2,3,0,0,0,0,0,3,4,0,1,3,,N,,,,,,,,,,,
2010030188,2209.0,0,0,0,0,0,0,0,0,0,7,0,,67,3,2010,3,40.0038,-75.0769,2209.0,6,0,0,0,0,0,0,0,0,1.0,0,0,0,22.0,3,3,0,,1,40 00:14.016,1.0,0,75 04:36.724,4,0,0,0,67301,0,0,0,N,0,0,0,7,68K01,3,,3,1,,N,N,,1,,0,0,2,0,0,N,2208.0,3,3,0,0,1,0,0,3,4,0,3,3,,N,,,,,,,,,,,
2010118063,9999.0,0,0,0,0,0,0,0,0,0,7,0,,67,10,2010,2,39.9311,-75.1446,1900.0,6,0,0,0,0,0,0,0,0,,0,0,0,99.0,3,0,0,,0,39 55:51.937,,2,75 08:41.203,0,0,0,0,67301,0,0,0,N,0,0,0,2,67301,0,,5,1,,N,N,,0,,0,0,0,0,0,,9999.0,0,1,0,0,0,0,0,3,4,1,1,3,,N,,,,,,,,,,,
2010118064,1630.0,1,0,0,0,0,0,0,0,0,4,0,,67,10,2010,6,39.9336,-75.1448,1629.0,6,0,0,0,0,0,0,0,0,,0,0,0,16.0,1,1,1,,0,39 56:00.852,,0,75 08:41.310,4,0,0,0,67301,0,0,0,N,0,0,0,2,67301,1,,1,1,,N,N,,1,,0,0,0,3,3,,1616.0,1,2,0,0,0,0,0,3,4,0,2,3,,N,,,,,,,,,,,
2010099846,2227.0,0,0,0,0,0,0,0,0,0,8,0,,67,7,2010,4,39.9396,-75.1982,2215.0,6,0,0,0,0,0,0,0,0,,0,0,0,22.0,3,1,0,,0,39 56:22.681,,0,75 11:53.378,2,0,0,0,67301,1,0,1,,1,0,1,2,67301,0,,1,1,,,,,0,,0,1,1,0,0,,2210.0,1,2,0,0,0,0,0,3,4,0,1,3,,N,,,,,,,,,,,
2010099847,841.0,2,0,0,0,0,0,0,0,0,4,0,,67,9,2010,7,39.9383,-75.1992,841.0,6,0,0,0,0,0,0,0,0,,0,0,0,8.0,1,1,2,,0,39 56:18.013,,0,75 11:57.112,4,0,0,0,67301,0,0,0,N,0,0,0,2,67301,1,,1,1,,N,N,,0,,0,0,0,0,0,,838.0,1,2,0,0,0,0,0,3,4,0,2,3,,N,,,,,,,,,,,
2010110433,1650.0,3,0,0,0,0,0,0,0,0,1,0,,67,11,2010,4,40.0282,-75.11,1644.0,6,0,0,0,0,1,1,0,0,2.0,0,0,0,16.0,1,1,1,,2,40 01:41.630,2.0,0,75 06:35.610,8,0,0,0,67301,0,0,0,N,0,0,0,7,67301,0,,1,1,,N,N,,0,,0,0,0,3,2,N,1644.0,1,3,0,0,4,1,0,3,4,0,3,3,,N,,,,,,,,,,,
2010118082,1105.0,0,0,0,0,0,0,0,0,0,4,0,,67,10,2010,4,39.9919,-75.2343,1049.0,6,0,0,0,1,0,0,0,0,,0,0,0,10.0,1,1,1,,0,39 59:30.901,,0,75 14:03.555,8,0,0,0,67301,0,0,0,N,0,0,0,2,67301,0,,1,1,,N,N,,0,,0,0,1,3,2,,1045.0,1,2,0,0,0,1,0,3,4,1,2,3,,N,,,,,,,,,,,
2010118103,129.0,3,0,0,0,0,0,0,0,0,4,0,,67,10,2010,7,39.9606,-75.1406,129.0,6,0,0,0,0,0,0,0,0,,0,0,0,1.0,3,0,1,,0,39 57:38.079,,0,75 08:25.623,0,0,0,0,67301,0,0,0,N,0,0,0,3,67301,0,,2,1,,N,N,,0,,0,0,0,0,0,,125.0,0,3,0,0,1,0,0,3,4,0,3,3,,N,,,,,,,,,,,
2010118198,800.0,0,0,0,0,0,0,0,0,0,7,0,,67,10,2010,5,40.1042,-74.9977,741.0,6,0,0,0,0,0,0,0,0,,0,0,0,7.0,1,1,0,,0,40 06:15.001,,0,74 59:51.543,4,0,0,0,67301,0,0,0,,0,0,0,1,67301,1,,5,1,,,,,1,,0,0,0,0,0,,740.0,1,1,0,0,0,0,0,3,4,0,1,3,,N,,,,,,,,,,,
2010118213,344.0,2,0,0,0,0,0,0,0,0,5,0,,67,9,2010,1,40.0969,-75.0207,333.0,6,0,0,0,0,0,0,0,0,9.0,0,0,0,99.0,3,4,0,,1,40 05:48.960,3.0,0,75 01:14.440,2,0,0,0,67301,0,0,0,,0,0,0,4,67301,2,,6,1,,,,,0,,1,1,0,0,0,Y,9999.0,4,2,0,1,3,0,0,3,4,0,2,3,,N,,,,,,,,,,,
2010102471,935.0,1,0,0,0,0,0,0,0,0,1,0,,67,9,2010,6,40.0172,-75.1739,930.0,6,0,0,0,0,0,0,0,0,1.0,0,0,0,9.0,1,0,0,,1,40 01:01.799,2.0,0,75 10:26.051,0,0,0,0,67301,0,0,0,N,0,0,0,3,67301,0,,1,1,,N,N,,1,,0,0,0,0,0,N,925.0,0,2,0,0,0,0,0,3,4,0,2,3,,N,,,,,,,,,,,
2010115385,2208.0,2,0,0,0,0,0,0,0,0,1,0,,67,11,2010,2,39.9722,-75.1936,2203.0,6,0,0,0,0,0,0,0,0,2.0,0,0,0,21.0,3,4,0,,1,39 58:22.926,3.0,0,75 11:37.933,8,0,0,0,67301,0,0,0,N,0,0,0,4,68K01,0,,1,1,,N,N,,0,,0,0,0,0,0,Y,2157.0,4,2,0,0,2,4,0,3,4,0,2,3,,N,,,,,,,,,,,
2010087024,1115.0,1,0,0,0,0,0,0,0,0,1,0,,67,6,2010,7,39.9595,-75.1756,1114.0,6,0,0,0,0,0,0,0,0,2.0,0,0,0,11.0,1,0,0,,1,39 57:34.089,3.0,0,75 10:32.128,0,0,0,0,67301,0,0,0,N,0,0,0,4,68K01,0,,1,1,,N,N,,0,,0,0,1,0,0,N,1113.0,0,2,0,0,2,0,0,3,4,0,2,3,,N,,,,,,,,,,,
2010105085,731.0,1,0,0,0,0,0,0,0,0,8,0,,67,9,2010,2,40.0422,-75.0392,726.0,6,0,0,0,0,0,0,0,0,,0,0,0,7.0,1,1,2,,0,40 02:31.905,,0,75 02:21.069,4,0,0,0,67301,1,0,0,,1,0,0,2,67301,1,,1,9,,,,,0,,0,0,0,3,3,,715.0,1,2,0,0,0,0,0,3,4,0,1,7,,N,,,,,,,,,,,
2010118438,1135.0,1,0,0,0,0,0,0,0,0,7,0,,67,11,2010,2,39.9208,-75.195,1132.0,6,0,0,0,0,0,0,0,1,,0,0,0,11.0,1,1,0,,0,39 55:14.762,,6,75 11:42.115,4,0,0,0,67301,0,0,0,N,0,0,0,1,67301,1,,5,1,,N,N,,0,,0,0,0,0,0,,1125.0,1,1,0,0,0,0,0,3,4,0,1,3,,N,,,,,,,,,,,
2010102659,1207.0,1,0,0,0,0,0,0,0,0,4,0,,67,10,2010,6,40.0619,-75.1367,1204.0,6,0,0,0,0,0,0,1,0,1.0,0,0,0,12.0,1,0,1,,1,40 03:42.622,2.0,0,75 08:12.011,0,0,0,0,67301,0,0,0,N,0,0,0,2,46102,0,,1,1,,N,N,,0,,0,0,0,3,2,N,1200.0,0,2,0,0,0,0,0,3,4,1,2,3,,N,,,,,,,,,,,
2010118451,1615.0,0,0,0,0,0,0,0,0,0,0,0,,67,11,2010,1,39.9049,-75.1975,1608.0,6,0,0,0,0,0,0,0,0,2.0,0,0,0,16.0,1,1,0,,1,39 54:17.680,4.0,0,75 11:51.110,3,0,0,1,67301,0,0,0,N,0,0,0,1,67301,0,,2,1,,N,N,,0,,1,0,0,0,0,N,1605.0,1,1,0,0,0,0,0,3,4,0,1,3,,N,,,,,,,,,,,
2010034169,1751.0,1,0,0,0,0,0,0,0,0,8,0,,67,2,2010,5,40.0358,-75.1317,1559.0,6,0,0,0,0,0,1,0,0,,0,0,0,15.0,1,1,0,,0,40 02:08.889,,7,75 07:54.044,2,0,0,0,67301,1,0,1,,1,0,1,2,67301,0,,5,1,,,,,0,,0,1,0,0,0,,1559.0,1,2,0,0,0,0,0,3,4,0,1,3,,N,,,,,,,,,,,
2010078315,9999.0,1,0,0,0,0,0,0,0,0,8,0,,67,7,2010,5,39.9509,-75.1521,9999.0,6,0,0,0,0,0,1,0,0,1.0,0,0,0,99.0,1,2,0,,1,39 57:03.283,3.0,0,75 09:07.428,4,0,0,0,67301,1,0,0,N,1,0,0,4,67301,2,,1,1,,N,N,,0,,0,0,0,0,0,Y,9999.0,2,2,0,0,0,0,0,3,4,0,1,3,,N,,,,,,,,,,,
2010093667,1650.0,1,0,0,0,0,0,0,0,0,1,0,,67,8,2010,2,39.953,-75.1598,1645.0,6,0,0,0,0,0,2,0,0,,0,0,0,16.0,1,1,0,,0,39 57:10.630,,0,75 09:35.427,8,0,0,0,67301,0,0,0,,0,0,0,2,67301,0,,6,1,,,,,0,,0,0,1,0,0,,1645.0,1,2,0,0,0,1,0,3,4,0,2,3,,N,,,,,,,,,,,
2010091254,1757.0,1,0,0,0,0,0,0,0,0,8,0,,67,8,2010,6,40.0409,-75.1333,1755.0,6,0,0,0,0,0,1,0,0,,0,0,0,17.0,1,1,0,,0,40 02:27.167,,0,75 07:59.773,4,0,0,0,67301,1,0,0,N,1,0,0,2,67301,1,,1,1,,N,N,,0,,0,0,0,0,0,,1747.0,1,2,0,0,1,0,0,3,4,0,1,3,,N,,,,,,,,,,,
2010088777,1326.0,0,0,0,0,0,0,0,0,0,8,0,,67,8,2010,4,40.0033,-75.1659,1326.0,6,0,0,0,0,0,0,0,1,,0,0,0,13.0,1,1,1,,0,40 00:11.769,,0,75 09:57.120,4,0,0,0,67301,1,0,0,,1,0,0,2,67301,1,,1,1,,,,,0,,0,0,0,3,2,,1325.0,1,2,0,0,1,0,0,3,4,1,1,3,,N,,,,,,,,,,,
2010088785,1505.0,2,0,0,0,0,0,0,0,0,5,0,,67,8,2010,6,39.9478,-75.2261,1458.0,6,0,0,0,0,0,0,0,0,,0,0,0,12.0,1,1,2,,0,39 56:51.981,,0,75 13:33.808,8,0,0,0,67301,0,0,0,N,0,0,0,2,67301,0,,1,1,,N,N,,0,,0,0,0,3,3,,1215.0,1,2,0,0,0,1,0,3,4,0,2,3,,N,,,,,,,,,,,
2010114560,814.0,1,0,0,0,0,0,0,0,0,4,0,,67,10,2010,6,40.0729,-75.1848,801.0,6,0,0,0,0,0,0,0,0,,0,0,0,99.0,6,0,0,,0,40 04:22.371,,0,75 11:05.398,0,0,0,0,67301,0,0,0,N,0,0,0,0,67301,0,,1,1,,N,N,,0,,0,0,1,0,0,,9999.0,0,2,0,0,0,0,0,3,4,0,2,3,,N,,,,,,,,,,,
2010114564,830.0,1,0,0,0,0,0,0,0,0,7,0,,67,10,2010,1,40.0118,-75.0882,9999.0,6,0,0,0,0,0,0,0,0,,0,0,0,8.0,1,1,0,,0,40 00:42.328,,1,75 05:17.673,8,0,0,0,67301,0,0,0,N,0,0,0,1,67301,0,,5,1,,N,N,,0,,0,0,0,0,0,,800.0,1,1,0,0,0,1,0,3,4,0,1,3,,N,,,,,,,,,,,
2010012361,406.0,1,0,0,0,0,0,0,0,0,1,0,,67,1,2010,4,39.994,-75.2418,404.0,6,0,0,0,0,0,1,0,1,,0,0,0,3.0,3,0,0,,0,39 59:40.153,,0,75 14:27.216,0,0,0,0,67301,0,0,0,N,0,0,0,3,46104,0,,1,1,,N,N,,0,,0,0,1,3,2,,350.0,0,2,0,0,0,0,0,3,4,0,2,3,,N,,,,,,,,,,,
2010039627,2239.0,1,0,0,0,0,0,0,0,0,7,0,45.0,67,4,2010,2,39.8864,-75.206,2239.0,6,0,0,0,0,0,0,0,0,1.0,0,0,0,22.0,3,0,0,,1,39 53:45.736,2.0,8,75 11:31.169,0,0,0,0,67301,0,0,0,N,0,0,0,1,68K01,0,,1,1,,N,N,,0,,0,0,0,3,8,Y,2233.0,0,1,0,0,0,0,0,3,4,0,1,3,,Y,2.0,1.0,Y,N,N,Y,Y,N,N,Y,
2010040367,1654.0,1,0,0,0,0,0,0,0,0,7,0,,67,4,2010,3,40.044,-75.0025,1624.0,6,0,0,0,0,0,0,0,0,,0,0,0,16.0,1,0,0,,0,40 02:38.718,,0,75 00:08.936,0,0,0,0,67301,0,0,0,N,0,0,0,1,68K01,0,,2,1,,N,N,,0,,0,0,0,0,0,,1624.0,0,1,0,0,0,0,0,3,4,0,1,3,,N,,,,,,,,,,,
2010058921,825.0,1,0,0,0,0,0,0,0,0,4,0,,67,5,2010,1,40.0445,-75.1931,818.0,6,0,0,0,0,0,1,0,0,1.0,0,0,0,8.0,1,1,1,,1,40 02:40.301,4.0,0,75 11:35.235,4,0,0,0,67301,0,0,0,N,0,0,0,2,67301,1,,1,1,,N,N,,0,,0,0,1,3,2,N,817.0,1,2,0,0,0,0,0,3,4,0,2,3,,N,,,,,,,,,,,
2010048725,1100.0,1,0,0,1,0,0,0,0,0,5,0,,67,4,2010,7,40.0261,-75.2252,1015.0,6,0,0,0,0,0,0,0,0,,0,0,0,10.0,1,1,2,,0,40 01:33.992,,0,75 13:30.860,4,0,0,0,67301,1,0,0,N,0,0,0,2,67301,1,,1,1,,N,N,,0,,0,0,0,0,0,,1000.0,1,2,0,0,1,0,0,3,4,0,1,3,,N,,,,,,,,,,,
2010058793,1845.0,0,0,0,0,0,0,0,0,0,4,0,,67,5,2010,4,39.934,-75.1481,1825.0,6,0,0,0,0,0,1,0,0,,0,0,0,18.0,1,1,1,,0,39 56:02.371,,0,75 08:53.174,8,0,0,0,67301,0,0,0,N,0,0,0,2,67301,0,,1,1,,N,N,,0,,0,0,2,3,2,,1820.0,1,2,0,0,0,1,0,3,4,0,2,3,,N,,,,,,,,,,,
2010070078,1620.0,1,0,0,0,0,0,0,0,0,8,0,,67,6,2010,1,40.0429,-75.1438,1615.0,6,0,0,0,0,0,0,0,0,,0,0,0,15.0,1,1,1,,0,40 02:34.433,,0,75 08:37.617,8,0,0,0,67301,1,0,0,N,1,0,0,2,67301,0,,1,1,,N,N,,0,,0,0,0,3,2,,1530.0,1,2,0,0,0,1,0,3,4,0,1,3,,N,,,,,,,,,,,
2010070761,306.0,2,0,0,0,0,0,0,0,0,4,0,,67,6,2010,1,39.9604,-75.1385,9999.0,6,0,0,0,0,0,0,0,0,3.0,0,0,0,99.0,3,0,0,,1,39 57:37.407,4.0,7,75 08:19.362,0,0,0,0,67301,0,0,0,N,0,0,0,3,67301,0,,3,1,,N,N,,0,,0,0,1,0,0,N,9999.0,0,3,0,0,0,0,0,3,4,0,3,3,,N,,,,,,,,,,,
2010062637,1918.0,0,0,0,0,0,0,0,0,0,8,0,,67,5,2010,4,40.0698,-74.9853,1917.0,6,0,0,0,0,0,1,0,0,,0,0,0,19.0,1,1,2,,0,40 04:11.294,,0,74 59:06.975,3,0,0,0,67301,1,0,0,N,1,0,0,2,67301,0,,1,1,,N,N,,0,,1,0,0,3,3,,1916.0,1,2,0,0,0,0,0,3,4,1,1,3,,N,,,,,,,,,,,
2010068104,715.0,2,0,0,0,0,0,0,0,0,4,0,,67,6,2010,7,40.0001,-75.2287,707.0,6,0,0,1,0,0,0,0,0,2.0,0,0,0,7.0,1,2,2,,1,40 00:00.415,2.0,0,75 13:43.355,4,0,0,0,67301,0,0,0,N,0,0,0,6,46104,2,,1,1,,N,N,,0,,0,0,0,3,2,N,707.0,2,2,0,0,0,0,0,3,4,0,2,3,,N,,,,,,,,,,,
2010068361,118.0,1,0,0,0,0,0,0,0,0,7,0,,67,6,2010,6,39.956,-75.1416,116.0,6,0,0,0,0,0,1,0,0,,0,0,0,1.0,3,0,3,,0,39 57:21.582,,2,75 08:29.701,0,0,0,0,67301,0,0,0,Y,0,0,0,1,68K01,0,,7,1,,N,N,,0,,0,0,0,0,0,,112.0,0,1,0,0,1,0,0,3,4,0,1,3,,N,,,,,,,,,,,
2010059529,40.0,0,0,0,0,0,0,0,0,0,1,0,,67,4,2010,1,40.03,-75.1029,135.0,6,0,0,0,0,0,0,0,0,,0,0,0,0.0,3,1,0,,0,40 01:48.056,,0,75 06:10.461,4,0,0,0,67301,0,0,0,N,0,0,0,2,67301,1,,1,1,,N,N,,0,,0,0,2,0,0,,10.0,1,2,0,0,0,0,1,3,4,0,2,3,,N,,,,,,,,,,,
2010048903,740.0,1,0,0,0,0,0,0,0,0,1,0,,67,4,2010,2,40.0325,-75.1898,736.0,6,0,0,0,0,0,0,0,0,,0,0,0,99.0,1,1,1,,0,40 01:57.000,,0,75 11:23.074,8,0,0,0,67301,0,0,0,N,0,0,0,2,67301,0,,1,9,,N,N,,0,,0,0,0,9,2,,9999.0,1,2,0,0,1,1,0,3,4,1,2,7,,N,,,,,,,,,,,
2010052493,1638.0,0,0,0,0,0,0,0,0,0,4,0,,67,4,2010,6,39.909,-75.2419,1638.0,6,0,0,0,0,0,1,0,0,2.0,0,0,0,16.0,1,11,2,,1,39 54:32.511,1.0,0,75 14:30.820,4,0,0,0,67301,0,0,0,N,0,0,0,11,67301,7,,1,1,,N,N,,0,,0,0,1,3,2,N,1630.0,11,2,0,0,0,4,0,3,4,0,2,3,,N,,,,,,,,,,,
2010052564,2130.0,2,0,0,0,0,0,0,0,0,5,0,,67,6,2010,3,40.0317,-75.0839,2126.0,6,0,0,0,0,0,0,0,0,2.0,0,0,0,21.0,3,1,0,,1,40 01:54.175,1.0,0,75 05:01.287,3,0,0,0,67301,0,0,0,N,0,0,0,2,67301,0,,1,1,,N,N,,0,,1,0,0,3,2,N,2125.0,1,2,0,0,0,0,0,3,4,0,2,3,,N,,,,,,,,,,,
2010117719,1205.0,1,0,0,0,0,0,0,0,0,8,0,,67,10,2010,2,39.9766,-75.2345,1203.0,6,0,0,0,0,0,0,0,1,,0,0,0,11.0,1,1,2,,0,39 58:35.670,,0,75 14:04.235,8,0,0,0,67301,1,0,0,,1,0,0,2,67301,0,,1,9,,N,,,0,,0,0,0,0,0,,1150.0,1,2,0,0,0,1,0,3,4,0,1,3,,N,,,,,,,,,,,
2010117754,815.0,2,0,0,0,0,0,0,0,0,6,0,,67,10,2010,1,40.0291,-75.1463,810.0,6,0,0,0,0,0,1,0,0,9.0,0,0,0,99.0,2,1,0,,1,40 01:44.691,6.0,0,75 08:46.701,4,0,0,0,67301,0,0,0,N,0,0,0,3,67301,1,,1,1,,N,N,,0,,0,0,0,0,0,N,9999.0,1,2,0,0,0,0,1,3,4,0,2,3,,N,,,,,,,,,,,
2010117844,1010.0,2,0,0,0,0,0,0,0,0,1,0,,67,10,2010,7,40.0428,-75.1135,1002.0,6,0,0,0,0,0,1,0,0,,0,0,0,10.0,1,1,1,,0,40 02:33.857,,0,75 06:48.818,4,0,0,0,67301,0,0,0,,0,0,0,2,67301,1,,1,1,,,,,0,,0,0,0,3,2,,1001.0,1,2,0,0,0,0,0,3,4,0,2,3,,N,,,,,,,,,,,
2010117854,2250.0,1,0,0,0,0,0,0,0,0,7,0,,67,10,2010,6,39.9443,-75.1433,2244.0,6,0,0,0,0,0,0,0,0,,0,0,0,22.0,3,3,2,,0,39 56:39.483,,0,75 08:36.016,4,0,0,0,67301,0,0,0,N,0,0,0,4,67301,3,,1,1,,N,N,,0,,0,0,0,3,3,,2244.0,3,1,0,0,0,0,0,3,4,0,1,3,,N,,,,,,,,,,,
2010091155,2115.0,1,0,0,0,0,0,0,0,0,7,0,,67,8,2010,4,39.9303,-75.222,2110.0,6,0,0,0,0,0,0,0,0,,0,0,0,20.0,3,2,2,,0,39 55:48.957,,0,75 13:19.160,4,0,0,0,67301,0,0,0,N,0,0,0,3,67301,2,,5,1,,N,N,,0,,0,0,0,0,0,,2058.0,2,2,0,0,2,0,0,3,4,0,1,3,,N,,,,,,,,,,,
2010093662,808.0,1,0,0,0,0,0,0,0,0,8,0,,67,8,2010,5,39.9974,-75.0733,812.0,6,0,0,0,0,0,0,0,0,1.0,0,0,0,8.0,1,1,1,,2,39 59:50.490,5.0,0,75 04:24.183,4,0,0,0,67301,1,0,0,N,1,0,0,3,67301,1,,1,1,,N,N,,0,,0,0,0,3,2,N,808.0,1,2,0,0,0,0,0,3,4,0,1,3,,N,,,,,,,,,,,
2010117876,155.0,2,0,0,0,0,0,0,0,0,4,0,,67,10,2010,5,39.9952,-75.1396,152.0,6,0,0,0,0,0,0,0,0,,0,0,0,1.0,3,3,1,,0,39 59:42.795,,0,75 08:22.405,3,0,0,0,67301,0,0,0,N,0,0,0,3,67301,2,,1,1,,N,N,,0,,1,0,0,3,2,,152.0,3,2,0,0,3,0,0,3,4,0,2,3,,N,,,,,,,,,,,
2010099577,1040.0,1,0,0,1,0,0,0,0,0,4,0,,67,8,2010,7,39.9847,-75.1683,1036.0,6,0,0,0,0,0,0,0,0,,0,0,0,22.0,3,1,1,,0,39 59:04.927,,0,75 10:05.915,4,0,0,0,67301,1,0,0,,0,0,0,2,67301,1,,1,1,,,,,0,,0,0,0,3,3,,2230.0,1,2,0,0,0,0,0,3,4,0,1,3,,N,,,,,,,,,,,
2010121876,737.0,1,0,0,0,0,0,0,0,0,7,0,,67,11,2010,4,40.0243,-75.0629,731.0,6,0,0,0,0,0,0,0,0,,0,0,0,99.0,1,0,2,,0,40 01:27.663,,0,75 03:46.564,0,0,0,0,67301,0,0,0,,0,0,0,1,67301,0,,5,1,,,,,0,,0,0,1,0,0,,9999.0,0,2,0,0,0,0,0,3,4,0,2,3,,N,,,,,,,,,,,
2010117143,230.0,2,0,0,0,0,0,0,0,0,1,0,,67,11,2010,5,39.9931,-75.2001,227.0,6,0,0,0,0,0,0,0,0,2.0,0,0,0,2.0,3,3,0,,2,39 59:38.255,4.0,0,75 11:56.501,4,0,0,0,67301,0,0,0,N,0,0,0,5,68K01,1,,1,1,,N,N,,0,,0,0,1,0,0,Y,225.0,3,3,0,0,0,2,0,3,4,0,3,3,,N,,,,,,,,,,,
2010111405,1602.0,1,0,0,0,0,0,0,0,0,8,0,,67,9,2010,1,39.9911,-75.1349,1602.0,6,0,0,0,0,1,0,0,0,,0,0,0,16.0,1,1,0,,0,39 59:27.842,,0,75 08:05.791,8,0,0,0,67301,1,0,0,N,1,0,0,2,67301,0,,1,1,,N,N,,0,,0,0,1,0,0,,1602.0,1,3,0,0,1,1,0,3,4,0,2,3,,N,,,,,,,,,,,
2010111472,1651.0,2,0,0,0,0,0,0,0,0,4,0,,67,10,2010,2,39.9002,-75.1746,1645.0,6,0,0,0,0,0,1,0,0,3.0,0,0,0,16.0,1,0,1,,1,39 54:00.573,1.0,99,75 10:28.607,0,0,0,0,67301,0,0,0,N,0,0,0,2,67301,0,,1,9,,N,N,,0,,0,0,0,3,2,Y,1615.0,0,2,0,0,0,0,0,3,4,0,2,7,,N,,,,,,,,,,,
2010081966,856.0,2,0,0,0,0,0,0,0,0,5,0,,67,7,2010,6,40.0267,-75.1252,852.0,6,0,0,0,0,0,0,0,0,,0,0,0,8.0,1,2,0,,0,40 01:35.961,,0,75 07:30.762,8,0,0,0,67301,0,0,0,N,0,0,0,2,67301,0,,1,1,,N,N,,1,,0,0,0,0,0,,850.0,2,3,0,0,0,2,0,3,4,0,3,3,,N,,,,,,,,,,,
2010069536,1544.0,0,0,0,0,0,0,0,0,0,1,0,,67,7,2010,3,39.9661,-75.1866,1542.0,6,0,0,0,0,0,0,0,0,,0,0,0,15.0,1,1,0,,0,39 58:02.902,,0,75 11:20.229,8,0,0,0,67301,0,0,0,N,0,0,0,4,68K01,0,,1,1,,N,N,,1,,0,0,1,0,0,,1539.0,1,2,0,0,0,1,0,3,4,0,2,3,,N,,,,,,,,,,,
2010056802,42.0,0,0,0,0,0,0,0,0,0,0,0,,67,5,2010,6,40.0022,-75.195,37.0,6,0,0,0,0,0,0,0,0,,0,0,0,0.0,2,0,0,,0,40 00:07.871,,0,75 11:41.913,0,0,0,0,67301,0,0,0,N,0,0,0,1,68K01,0,,5,1,,N,N,,1,,0,0,0,0,0,,36.0,0,1,0,0,0,0,0,3,4,0,1,3,,N,,,,,,,,,,,
2010081760,1045.0,2,0,0,0,0,0,0,0,0,1,0,,67,6,2010,1,40.0244,-75.1469,1040.0,6,0,0,0,0,0,0,0,0,,0,0,0,10.0,1,2,2,,0,40 01:27.922,,0,75 08:48.832,8,0,0,0,67301,0,0,0,,0,0,0,3,67301,0,,1,1,,N,N,,0,,0,0,0,9,2,,1035.0,2,2,0,0,0,2,0,3,4,0,2,3,,N,,,,,,,,,,,