CRN,ARRIVAL_TM,AUTOMOBILE_COUNT,BELTED_DEATH_COUNT,BELTED_SUSP_SERIOUS_INJ_COUNT,BICYCLE_COUNT,BICYCLE_DEATH_COUNT,BICYCLE_SUSP_SERIOUS_INJ_COUNT,BUS_COUNT,CHLDPAS_DEATH_COUNT,CHLDPAS_SUSP_SERIOUS_INJ_COUNT,COLLISION_TYPE,COMM_VEH_COUNT,CONS_ZONE_SPD_LIM,COUNTY,CRASH_MONTH,CRASH_YEAR,DAY_OF_WEEK,DEC_LAT,DEC_LONG,DISPATCH_TM,DISTRICT,DRIVER_COUNT_16YR,DRIVER_COUNT_17YR,DRIVER_COUNT_18YR,DRIVER_COUNT_19YR,DRIVER_COUNT_20YR,DRIVER_COUNT_50_64YR,DRIVER_COUNT_65_74YR,DRIVER_COUNT_75PLUS,EST_HRS_CLOSED,FATAL_COUNT,HEAVY_TRUCK_COUNT,HORSE_BUGGY_COUNT,HOUR_OF_DAY,ILLUMINATION,INJURY_COUNT,INTERSECT_TYPE,INTERSECTION_RELATED,LANE_CLOSED,LATITUDE,LN_CLOSE_DIR,LOCATION_TYPE,LONGITUDE,MAX_SEVERITY_LEVEL,MCYCLE_DEATH_COUNT,MCYCLE_SUSP_SERIOUS_INJ_COUNT,MOTORCYCLE_COUNT,MUNICIPALITY,NONMOTR_COUNT,NONMOTR_DEATH_COUNT,NONMOTR_SUSP_SERIOUS_INJ_COUNT,NTFY_HIWY_MAINT,PED_COUNT,PED_DEATH_COUNT,PED_SUSP_SERIOUS_INJ_COUNT,PERSON_COUNT,POLICE_AGCY,POSSIBLE_INJ_COUNT,RDWY_SURF_TYPE_CD,RELATION_TO_ROAD,ROAD_CONDITION,ROADWAY_CLEARED,SCH_BUS_IND,SCH_ZONE_IND,SECONDARY_CRASH,SMALL_TRUCK_COUNT,SPEC_JURIS_CD,SUSP_MINOR_INJ_COUNT,SUSP_SERIOUS_INJ_COUNT,SUV_COUNT,TCD_FUNC_CD,TCD_TYPE,TFC_DETOUR_IND,TIME_OF_DAY,TOT_INJ_COUNT,TOTAL_UNITS,UNB_DEATH_COUNT,UNB_SUSP_SERIOUS_INJ_COUNT,UNBELTED_OCC_COUNT,UNK_INJ_DEG_COUNT,UNK_INJ_PER_COUNT,URBAN_AREA,URBAN_RURAL,VAN_COUNT,VEHICLE_COUNT,WEATHER1,WEATHER2,WORK_ZONE_IND,WORK_ZONE_LOC,WORK_ZONE_TYPE,WORKERS_PRES,WZ_CLOSE_DETOUR,WZ_FLAGGER,WZ_LAW_OFFCR_IND,WZ_LN_CLOSURE,WZ_MOVING,WZ_OTHER,WZ_SHLDER_MDN,WZ_WORKERS_INJ_KILLED
2010070056,826.0,0,0,0,0,0,0,0,0,0,1,0,,67,6,2010,3,40.0272,-75.0329,822.0,6,0,0,0,0,0,0,0,0,,0,0,0,8.0,1,1,1,,0,40 01:41.450,,0,75 02:20.031,4,0,0,0,67301,0,0,0,N,0,0,0,3,67301,1,,1,1,,N,N,,0,,0,0,2,3,2,,805.0,1,2,0,0,0,0,0,3,4,0,2,3,,N,,,,,,,,,,,
2010074606,826.0,0,0,0,0,0,0,0,0,0,5,0,,67,7,2010,4,40.0404,-75.0308,826.0,6,0,0,0,0,0,0,0,0,2.0,0,0,0,8.0,1,2,2,,1,40 02:25.447,1.0,0,75 01:50.857,3,0,0,1,67301,0,0,0,N,0,0,0,3,67301,0,,1,1,,N,N,,0,,1,0,0,0,0,Y,823.0,2,2,0,0,0,1,0,3,4,1,2,3,,N,,,,,,,,,,,
2010074617,1747.0,0,0,0,0,0,0,0,0,0,4,0,,67,7,2010,3,39.9211,-75.2242,1745.0,6,0,0,0,0,0,0,0,0,2.0,0,0,0,16.0,1,2,1,,1,39 55:15.795,1.0,0,75 13:27.001,4,0,0,0,67301,0,0,0,N,0,0,0,3,67301,1,,1,1,,N,N,,0,,0,0,2,1,2,Y,1657.0,2,2,0,0,0,1,0,3,4,0,2,3,,N,,,,,,,,,,,
2010058944,918.0,1,0,0,1,0,0,0,0,0,5,0,,67,4,2010,6,39.976,-75.1371,918.0,6,0,0,0,0,0,0,0,0,,0,0,0,8.0,1,1,1,,0,39 58:33.744,,0,75 08:13.401,4,0,0,0,67301,1,0,0,N,0,0,0,2,67301,1,,1,1,,N,N,,0,,0,0,0,0,0,,847.0,1,2,0,0,0,0,0,3,4,0,1,3,,N,,,,,,,,,,,
2010028052,1043.0,2,0,0,0,0,0,0,0,0,6,0,,67,2,2010,4,39.9543,-75.1918,9999.0,6,0,0,0,0,0,0,0,0,,0,0,0,10.0,1,3,1,,0,39 57:15.606,,0,75 11:30.315,4,0,0,0,67301,0,0,0,N,0,0,0,3,67301,1,,1,9,,N,N,,0,,0,0,0,3,2,,1043.0,3,2,0,0,0,2,0,3,4,0,2,3,,N,,,,,,,,,,,
2010033570,1528.0,3,0,0,0,0,0,0,0,0,1,0,,67,3,2010,7,39.9913,-75.2034,1513.0,6,0,0,0,0,0,1,0,0,1.0,0,0,0,15.0,1,1,0,,2,39 59:30.889,4.0,0,75 12:07.523,4,0,0,0,67301,0,0,0,N,0,0,0,9,68K01,1,,1,1,,N,N,,0,,0,0,2,0,0,N,1510.0,1,5,0,0,0,0,0,3,4,0,5,3,,N,,,,,,,,,,,
2010028082,1905.0,1,0,0,0,0,0,0,0,0,8,0,,67,2,2010,5,39.9938,-75.1123,1850.0,6,0,0,0,0,0,0,0,0,,0,0,0,99.0,6,1,0,,0,39 59:37.532,,0,75 06:44.150,4,0,0,0,67301,1,0,0,N,1,0,0,2,67301,1,,1,7,,N,N,,0,,0,0,0,0,0,,9999.0,1,2,0,0,0,0,0,3,4,0,1,99,,N,,,,,,,,,,,
2010028123,1037.0,2,0,0,0,0,0,0,0,0,1,0,,67,2,2010,5,39.9894,-75.1555,1033.0,6,0,0,1,0,0,0,1,0,,0,0,0,10.0,1,1,0,,0,39 59:21.828,,0,75 09:19.661,8,0,0,0,67301,0,0,0,N,0,0,0,2,67301,0,,1,1,,N,N,,0,,0,0,0,0,0,,1007.0,1,2,0,0,0,1,0,3,4,0,2,3,,N,,,,,,,,,,,
2010025054,1242.0,0,0,0,0,0,0,0,0,0,1,1,,67,2,2010,4,39.9471,-75.1878,1236.0,6,0,0,0,0,0,1,0,0,1.0,0,1,0,12.0,1,1,0,,2,39 56:52.255,4.0,0,75 11:12.019,4,0,0,0,67301,0,0,0,N,0,0,0,2,68K01,1,,1,1,,N,N,,0,,0,0,1,0,0,Y,1231.0,1,2,0,0,0,0,0,3,4,0,2,3,,N,,,,,,,,,,,
2010028270,837.0,0,0,0,0,0,0,0,0,0,8,0,,67,1,2010,5,39.9393,-75.2235,835.0,6,0,0,0,0,0,0,0,0,,0,0,0,7.0,1,1,0,,0,39 56:21.330,,0,75 13:24.714,4,0,0,0,67301,1,0,0,N,1,0,0,2,67301,1,,1,1,,N,N,,0,,0,0,0,0,0,,752.0,1,2,0,0,0,0,0,3,4,0,1,3,,N,,,,,,,,,,,
2010088844,505.0,1,0,0,0,0,0,0,0,0,4,0,,67,8,2010,3,40.0442,-75.0542,457.0,6,0,0,0,0,0,1,0,0,2.0,0,0,0,4.0,3,1,0,,1,40 02:39.260,1.0,7,75 03:14.968,3,0,0,1,67301,0,0,0,N,0,0,0,2,67301,0,,1,1,,N,N,,0,,1,0,0,0,0,N,455.0,1,2,0,0,1,0,0,3,4,0,2,3,,N,,,,,,,,,,,
2010099671,313.0,1,0,0,0,0,0,0,0,0,4,0,,67,9,2010,5,40.0447,-75.1214,312.0,6,0,0,0,0,0,0,0,0,1.0,0,0,0,2.0,3,1,1,,1,40 02:40.989,4.0,0,75 07:17.032,4,0,0,0,67301,0,0,0,N,0,0,0,2,67301,1,,1,1,,N,N,,0,,0,0,0,3,3,N,254.0,1,2,0,0,0,0,0,3,4,0,2,3,,N,,,,,,,,,,,
2010105700,1810.0,2,0,0,0,0,0,0,0,0,4,0,,67,9,2010,4,39.9858,-75.181,1800.0,6,0,0,1,0,0,0,0,0,,0,0,0,99.0,1,2,1,,0,39 59:09.038,,0,75 10:51.648,3,0,0,0,67301,0,0,0,,0,0,0,2,67301,0,,1,1,,,,,0,,1,0,0,2,2,,9999.0,2,2,0,0,1,1,0,3,4,0,2,3,,N,,,,,,,,,,,
2010103107,1619.0,2,0,0,0,0,0,0,0,0,1,0,,67,9,2010,2,40.0013,-75.1133,1619.0,6,0,0,0,0,0,0,0,0,1.0,0,0,0,15.0,1,1,2,,1,40 00:04.521,4.0,0,75 06:48.045,3,0,0,0,67301,0,0,0,N,0,0,0,3,67301,0,,1,1,,N,N,,0,,1,0,1,3,3,N,1515.0,1,3,0,0,0,0,0,3,4,0,3,3,,N,,,,,,,,,,,
2010125090,1110.0,1,0,0,0,0,0,0,0,0,7,0,,67,11,2010,3,39.9674,-75.1604,1110.0,6,0,0,0,0,0,1,0,0,,0,0,0,11.0,1,1,0,,0,39 58:02.534,,0,75 09:37.412,8,0,0,0,67301,0,0,0,N,0,0,0,1,67301,0,,3,1,,N,N,,0,,0,0,0,0,0,,1110.0,1,1,0,0,0,1,0,3,4,0,1,3,,N,,,,,,,,,,,
2010117884,1520.0,1,0,0,0,0,0,0,0,0,8,0,,67,10,2010,6,39.9779,-75.23,1517.0,6,0,0,0,0,0,0,0,0,,0,0,0,15.0,1,1,0,,0,39 58:40.541,,0,75 13:48.068,4,0,0,0,67301,1,0,0,,1,0,0,2,67301,1,,1,1,,,Y,,0,,0,0,0,0,0,,1515.0,1,2,0,0,0,0,0,3,4,0,1,3,,N,,,,,,,,,,,
2010117946,1609.0,1,0,0,0,0,0,0,0,0,8,0,,67,10,2010,4,39.9909,-75.1434,1608.0,6,0,0,0,0,0,0,0,0,,0,0,0,16.0,1,1,0,,0,39 59:27.297,,0,75 08:36.096,3,0,0,0,67301,1,0,0,N,1,0,0,2,67301,0,,1,9,,N,N,,0,,1,0,0,0,0,,1605.0,1,2,0,0,0,0,1,3,4,0,1,7,,N,,,,,,,,,,,
2010114248,920.0,3,0,0,0,0,0,0,0,0,1,0,,67,9,2010,2,40.0146,-75.1567,919.0,6,0,0,0,0,0,1,1,0,,0,0,0,99.0,1,2,1,,0,40 00:52.463,,0,75 09:23.952,4,0,0,0,67301,1,0,0,,1,0,0,4,67301,2,,1,1,,,,,0,,0,0,0,3,2,,9999.0,2,4,0,0,0,0,1,3,4,0,3,3,,N,,,,,,,,,,,
2010114016,1819.0,2,0,0,0,0,0,0,0,0,1,0,,67,11,2010,3,39.9587,-75.1682,1819.0,6,0,0,0,0,0,0,0,0,,0,0,0,18.0,3,1,0,,0,39 57:31.220,,0,75 10:05.391,4,0,0,0,67301,0,0,0,N,0,0,0,4,68K01,1,,1,9,,N,N,,0,,0,0,1,0,0,,1815.0,1,3,0,0,0,0,0,3,4,0,3,7,,N,,,,,,,,,,,
2010006723,814.0,2,0,0,0,0,0,0,0,0,1,0,,67,1,2010,2,39.9582,-75.1647,801.0,6,0,0,0,0,1,0,0,0,,0,0,0,8.0,1,0,0,,0,39 57:29.651,,0,75 09:52.962,0,0,0,0,67301,0,0,0,N,0,0,0,2,68K01,0,,1,1,,N,N,,0,,0,0,0,0,0,,800.0,0,2,0,0,0,0,0,3,4,0,2,3,,N,,,,,,,,,,,
2010006724,855.0,0,0,0,0,0,0,0,0,0,1,0,,67,1,2010,3,40.0081,-75.0713,855.0,6,0,0,0,0,1,0,0,0,,0,0,0,8.0,1,1,0,,0,40 00:28.917,,0,75 04:17.304,8,0,0,0,67301,0,0,0,N,0,0,0,4,68K01,0,,1,1,,N,N,,1,,0,0,0,0,0,,853.0,1,2,0,0,0,1,0,3,4,1,2,3,,N,,,,,,,,,,,
2010036889,1147.0,1,0,0,0,0,0,0,0,0,1,0,,67,3,2010,2,39.96,-75.1789,1047.0,6,0,0,0,0,0,0,0,0,,0,0,0,10.0,1,0,0,,0,39 57:36.843,,0,75 10:50.474,0,0,0,0,67301,0,0,0,N,0,0,0,4,68K01,0,,1,1,,N,N,,0,,0,0,2,0,0,,1041.0,0,3,0,0,0,0,0,3,4,0,3,3,,N,,,,,,,,,,,
2010037217,1630.0,4,0,0,0,0,0,0,0,0,1,0,,67,4,2010,2,39.8996,-75.1638,1630.0,6,0,0,0,0,1,1,0,0,1.0,0,0,0,16.0,1,0,0,,1,39 53:59.568,2.0,0,75 09:42.005,0,0,0,0,67301,0,0,0,N,0,0,0,4,68K01,0,,1,1,,N,N,,0,,0,0,0,0,0,N,1630.0,0,4,0,0,0,0,0,3,4,0,4,3,,N,,,,,,,,,,,
2010067967,9999.0,1,0,0,0,0,0,0,0,0,8,0,,67,6,2010,7,40.0296,-75.1461,9999.0,6,0,0,0,0,0,0,0,0,,0,0,0,17.0,1,1,0,,0,40 01:46.492,,0,75 08:45.817,8,0,0,0,67301,1,0,0,N,1,0,0,2,67301,0,,1,1,,N,N,,0,,0,0,0,0,0,,1745.0,1,2,0,0,0,1,0,3,4,0,1,3,,N,,,,,,,,,,,
2010068035,819.0,1,0,0,0,0,0,0,0,0,7,0,,67,7,2010,3,,,819.0,6,0,0,0,0,0,1,0,0,,0,0,0,8.0,1,0,0,,0,,,5,,0,0,0,0,67301,0,0,0,N,0,0,0,1,67501,0,,3,1,,N,N,,0,,0,0,0,3,8,,817.0,0,1,0,0,0,0,0,3,3,0,1,3,,N,,,,,,,,,,,
2010062655,1411.0,2,0,0,0,0,0,0,0,0,4,0,,67,5,2010,2,39.9525,-75.2184,1409.0,6,0,0,0,0,0,0,0,0,,0,0,0,14.0,1,0,0,,0,39 57:09.013,,0,75 13:06.200,0,0,0,0,67301,0,0,0,N,0,0,0,2,67301,0,,6,1,,N,N,,0,,0,0,0,3,3,,1406.0,0,2,0,0,0,0,0,3,4,0,2,3,,N,,,,,,,,,,,
2010062708,2215.0,1,0,0,1,0,0,0,0,0,4,0,,67,6,2010,3,39.9626,-75.213,2213.0,6,0,0,0,0,0,0,0,0,,0,0,0,22.0,3,1,1,,0,39 57:45.380,,0,75 12:45.869,8,0,0,0,67301,1,0,0,N,0,0,0,2,67301,0,,1,1,,N,N,,0,,0,0,0,3,2,,2200.0,1,2,0,0,1,1,0,3,4,0,1,3,,N,,,,,,,,,,,
2010068376,310.0,1,0,0,0,0,0,0,0,0,7,0,,67,7,2010,1,40.0435,-75.0031,244.0,6,0,0,0,0,0,0,0,0,1.0,0,0,0,2.0,3,0,0,,2,40 02:36.590,2.0,0,75 00:11.077,0,0,0,0,67301,0,0,0,Y,0,0,0,1,68K01,0,,4,1,,N,N,,0,,0,0,0,0,0,N,230.0,0,1,0,0,0,0,0,3,4,0,1,3,,N,,,,,,,,,,,
2010059554,1456.0,2,0,0,0,0,0,0,0,0,4,0,,67,4,2010,3,40.074,-75.0349,1445.0,6,0,0,0,0,1,0,1,0,1.0,0,0,0,14.0,1,1,0,,1,40 04:26.509,1.0,0,75 02:05.636,4,0,0,0,67301,0,0,0,N,0,0,0,2,67301,1,,1,9,,N,N,,0,,0,0,0,0,0,N,1445.0,1,2,0,0,0,0,0,3,4,0,2,7,,N,,,,,,,,,,,
2010052143,2116.0,0,0,0,0,0,0,0,0,0,8,0,,67,4,2010,4,39.973,-75.238,2114.0,6,0,0,0,0,0,0,0,0,1.0,0,0,0,21.0,3,1,1,,1,39 58:22.710,5.0,0,75 14:16.803,3,0,0,0,67301,1,0,0,N,1,0,0,2,67301,0,,1,9,,N,N,,0,,1,0,0,1,2,Y,2114.0,1,2,0,0,0,0,1,3,4,1,1,7,,N,,,,,,,,,,,
2010054959,356.0,1,0,0,0,0,0,0,0,0,7,0,,67,5,2010,7,39.9321,-75.2001,346.0,6,0,0,0,0,0,0,0,0,2.0,0,0,0,3.0,3,1,0,,2,39 55:53.983,3.0,0,75 11:59.266,4,0,0,0,67301,0,0,0,N,0,0,0,1,68K01,1,,2,1,,N,N,,0,,0,0,0,0,0,N,345.0,1,1,0,0,0,0,0,3,4,0,1,3,,N,,,,,,,,,,,
2010117748,9999.0,2,0,0,0,0,0,0,0,0,1,0,,67,10,2010,7,39.9463,-75.238,1448.0,6,0,0,0,0,0,0,0,0,,0,0,0,13.0,1,1,2,,0,39 56:46.743,,0,75 14:16.829,8,0,0,0,67301,0,0,0,N,0,0,0,6,67301,0,,1,1,,N,N,,1,,0,0,0,0,0,,1317.0,1,3,0,0,0,1,0,3,4,0,3,3,,N,,,,,,,,,,,
2010121901,1534.0,1,0,0,0,0,0,0,0,0,8,0,,67,11,2010,5,40.0215,-75.075,1536.0,6,0,0,0,1,0,0,0,0,,0,0,0,99.0,1,1,1,,0,40 01:17.359,,0,75 04:29.836,4,0,0,0,67301,1,0,0,N,1,0,0,2,67301,1,,1,1,,N,Y,,0,,0,0,0,2,3,,9999.0,1,2,0,0,0,0,1,3,4,0,1,3,,N,,,,,,,,,,,
2010117280,1520.0,1,0,0,0,0,0,0,0,0,7,0,,67,10,2010,1,39.8925,-75.2346,1455.0,6,0,0,0,0,0,1,0,0,,0,0,0,14.0,1,0,0,,0,39 53:33.531,,0,75 14:02.507,0,0,0,0,67301,0,0,0,N,0,0,0,1,68K01,0,,2,1,,N,N,,0,,0,0,0,0,0,,1445.0,0,2,0,0,0,0,0,3,4,0,1,3,,N,,,,,,,,,,,
2010113811,1646.0,1,0,0,0,0,0,0,0,0,4,0,,67,10,2010,3,40.0543,-75.0631,1621.0,6,0,0,0,0,0,1,0,0,,0,0,0,16.0,1,1,1,,0,40 03:15.344,,0,75 03:47.239,4,0,0,0,67301,0,0,0,N,0,0,0,3,67301,1,,9,1,,N,N,,1,,0,0,0,2,2,,1610.0,1,2,0,0,0,0,0,3,4,0,2,3,,N,,,,,,,,,,,
2010116335,2300.0,1,0,0,0,0,0,1,0,0,5,1,,67,11,2010,6,40.073,-75.0366,2243.0,6,0,0,0,0,0,0,0,0,2.0,0,0,0,22.0,3,3,0,,2,40 04:22.690,2.0,0,75 02:11.960,8,0,0,0,67301,0,0,0,,0,0,0,14,67301,0,,1,1,,,,,0,,0,0,0,0,0,N,2240.0,3,2,0,0,0,3,8,3,4,0,2,3,,N,,,,,,,,,,,
2010111447,1800.0,1,0,0,0,0,0,0,0,0,8,0,,67,9,2010,5,39.934,-75.2167,1749.0,6,0,0,0,0,0,0,0,0,,0,0,0,15.0,1,1,0,,0,39 56:02.544,,7,75 13:00.079,4,0,0,0,67301,1,0,0,N,1,0,0,2,67301,1,,1,98,,N,N,,0,,0,0,0,0,0,,1545.0,1,2,0,0,0,0,0,3,4,0,1,99,,N,,,,,,,,,,,
2010069766,35.0,1,0,0,0,0,0,0,0,0,7,0,,67,6,2010,6,40.0523,-75.0866,27.0,6,0,0,0,0,0,0,0,0,2.0,0,0,0,0.0,3,0,0,,1,40 03:08.246,1.0,0,75 05:11.893,0,0,0,0,67301,0,0,0,N,0,0,0,5,67301,0,,4,9,,,N,,0,,0,0,0,0,0,N,15.0,0,1,0,0,0,0,0,3,4,0,1,7,,N,,,,,,,,,,,
2010069871,1820.0,0,0,0,1,0,0,0,0,0,4,0,,67,6,2010,7,40.0185,-75.0576,1812.0,6,0,0,0,0,0,0,0,0,,0,0,0,18.0,1,1,1,,0,40 01:06.607,,0,75 03:27.456,3,0,0,0,67301,1,0,0,N,0,0,0,2,67301,0,,1,1,,N,N,,0,,1,0,1,0,0,,1805.0,1,2,0,0,1,0,0,3,4,0,1,3,,N,,,,,,,,,,,
2010074367,1239.0,1,0,0,1,0,0,0,0,0,4,0,,67,7,2010,4,39.9331,-75.1695,1232.0,6,0,0,0,0,0,0,0,0,,0,0,0,12.0,1,1,1,,0,39 55:59.318,,0,75 10:10.243,8,0,0,0,67301,1,0,0,N,0,0,0,2,67301,0,,1,1,,N,N,,0,,0,0,0,3,3,,1230.0,1,2,0,0,0,1,0,3,4,0,1,3,,N,,,,,,,,,,,
2010074368,1550.0,2,0,0,0,0,0,0,0,0,5,0,,67,7,2010,3,40.0192,-75.0689,1545.0,6,0,0,0,0,0,1,0,0,1.0,0,0,0,15.0,1,1,0,,2,40 01:09.090,1.0,0,75 04:08.210,8,0,0,0,67301,0,0,0,,0,0,0,1,67301,0,,1,1,,,,,0,,0,0,2,0,0,Y,1530.0,1,4,0,0,0,1,0,3,4,0,4,3,,N,,,,,,,,,,,
2010074458,915.0,1,0,0,0,0,0,0,0,0,7,0,,67,7,2010,2,39.9865,-75.2051,905.0,6,0,0,0,0,0,0,0,0,1.0,0,0,0,8.0,1,0,2,,1,39 59:11.558,2.0,0,75 12:18.363,0,0,0,0,67301,0,0,0,N,0,0,0,1,67301,0,,2,1,,N,N,,0,,0,0,0,3,2,N,814.0,0,1,0,0,0,0,0,3,4,0,1,3,,N,,,,,,,,,,,
2010074466,1940.0,1,0,0,0,0,0,0,0,0,4,0,,67,7,2010,1,39.9772,-75.21,1929.0,6,0,0,0,0,0,0,0,0,,0,0,0,19.0,1,1,1,,0,39 58:38.056,,0,75 12:35.927,3,0,0,1,67301,0,0,0,N,0,0,0,2,67301,0,,1,1,,N,N,,0,,1,0,0,3,3,,1927.0,1,2,0,0,0,0,0,3,4,0,2,3,,N,,,,,,,,,,,
2010074472,225.0,1,0,0,0,0,0,0,0,0,7,0,,67,7,2010,4,39.9125,-75.1381,225.0,6,0,0,1,0,0,0,0,0,,0,0,0,2.0,3,1,1,,0,39 54:45.057,,0,75 08:17.157,3,0,0,0,67301,0,0,0,N,0,0,0,4,67301,0,,4,9,,N,N,,0,,1,0,0,3,2,,220.0,1,1,0,0,0,0,1,3,4,0,1,7,,N,,,,,,,,,,,
2010081931,1143.0,3,0,0,0,0,0,0,0,0,5,0,,67,7,2010,7,39.9293,-75.2425,1142.0,6,0,0,0,0,0,0,0,0,,0,0,0,9.0,1,1,0,,0,39 55:45.601,,0,75 14:32.956,4,0,0,0,67301,0,0,0,N,0,0,0,1,67301,1,,6,1,,N,N,,0,,0,0,0,0,0,,950.0,1,3,0,0,0,0,0,3,4,0,3,3,,N,,,,,,,,,,,
2010081941,1318.0,2,0,0,0,0,0,0,0,0,1,0,,67,7,2010,3,40.017,-75.1883,1318.0,6,0,0,0,0,1,0,0,0,,0,0,0,13.0,1,3,1,,0,40 01:01.029,,0,75 11:18.212,4,0,0,0,67301,0,0,0,N,0,0,0,3,67301,3,,1,1,,N,N,,0,,0,0,0,3,2,,1310.0,3,2,0,0,0,0,0,3,4,0,2,3,,N,,,,,,,,,,,
2010081952,2316.0,2,0,0,0,0,0,0,0,0,1,0,,67,7,2010,6,39.9897,-75.15,2316.0,6,0,0,0,0,0,0,0,0,1.0,0,0,0,23.0,3,1,0,,1,39 59:22.933,1.0,0,75 09:00.092,8,0,0,0,67301,0,0,0,,0,0,0,3,67301,0,,1,9,,,,,0,,0,0,0,3,2,Y,2315.0,1,2,0,0,0,1,0,3,4,0,2,3,,N,,,,,,,,,,,
2010061938,1525.0,1,0,0,0,0,0,0,0,0,1,0,,67,5,2010,1,40.0726,-75.1567,1520.0,6,0,0,0,0,0,1,0,0,,0,0,0,15.0,1,1,0,,0,40 04:21.385,,0,75 09:24.246,8,0,0,0,67301,0,0,0,N,0,0,0,5,67301,0,,1,1,,N,N,,0,,0,0,2,0,0,,1520.0,1,3,0,0,0,1,0,3,4,0,3,3,,N,,,,,,,,,,,
2010074528,836.0,1,0,0,0,0,0,0,0,0,7,0,99.0,67,7,2010,1,39.9706,-75.2393,835.0,6,0,0,0,0,0,0,1,0,,0,0,0,8.0,1,0,0,,0,39 58:14.113,,0,75 14:21.350,0,0,0,0,67301,0,0,0,N,0,0,0,1,67301,0,,5,2,,N,N,,0,,0,0,0,0,0,,834.0,0,1,0,0,1,0,0,3,4,0,1,3,,Y,4.0,2.0,N,U,U,N,U,Y,U,U,
2010074532,902.0,0,0,0,0,0,0,0,0,0,8,0,,67,7,2010,3,39.9651,-75.1608,859.0,6,0,0,0,0,0,1,0,0,1.0,0,0,0,9.0,1,1,5,,2,39 57:54.315,1.0,0,75 09:38.699,3,0,0,0,67301,1,0,0,N,1,0,0,2,67301,0,,1,9,,N,N,,1,,1,0,0,3,2,Y,900.0,1,2,0,0,0,0,0,3,4,0,1,7,,N,,,,,,,,,,,
2010074534,2330.0,1,0,0,0,0,0,0,0,0,4,0,,67,7,2010,1,40.0638,-75.1528,1315.0,6,0,0,0,0,0,0,0,0,,0,0,0,23.0,3,1,0,,0,40 03:49.521,,0,75 09:10.195,2,0,1,1,67301,0,0,0,N,0,0,0,1,67301,0,,6,1,,N,N,,0,,0,1,0,0,0,,2300.0,1,2,0,0,0,0,0,3,4,0,2,3,,N,,,,,,,,,,,
2010067066,2155.0,0,0,0,0,0,0,0,0,0,4,0,,67,6,2010,6,39.904,-75.2401,2150.0,6,0,0,0,0,0,0,1,0,,0,0,0,99.0,3,1,1,,0,39 54:14.563,,0,75 14:24.409,3,0,0,0,67301,0,0,0,N,0,0,0,2,67301,0,,1,1,,N,N,,1,,1,0,1,3,2,,9999.0,1,2,0,0,1,0,0,3,4,0,2,3,,N,,,,,,,,,,,
2010069632,932.0,0,0,0,0,0,0,0,0,0,7,0,,67,6,2010,6,40.0626,-75.0427,930.0,6,0,0,0,0,0,0,0,0,1.0,0,0,0,9.0,1,0,0,,2,40 03:45.045,1.0,0,75 02:33.678,0,0,0,0,67301,0,0,0,N,0,0,0,1,67301,0,,3,1,,N,N,,0,,0,0,1,0,0,N,930.0,0,1,0,0,0,0,0,3,4,0,1,3,,N,,,,,,,,,,,
2010028292,836.0,2,0,0,0,0,0,0,0,0,1,0,,67,2,2010,6,39.9918,-75.2326,830.0,6,0,0,0,0,0,1,0,0,,0,0,0,8.0,1,1,0,,0,39 59:30.552,,0,75 13:57.439,8,0,0,0,67301,0,0,0,N,0,0,0,1,67301,0,,1,1,,N,,,0,,0,0,2,0,0,,820.0,1,4,0,0,0,1,0,3,4,0,4,3,,N,,,,,,,,,,,
2010028341,2120.0,2,0,0,0,0,0,0,0,0,1,0,,67,1,2010,2,39.9404,-75.2367,2116.0,6,0,0,0,0,0,0,0,0,,0,0,0,20.0,3,1,0,,0,39 56:25.511,,0,75 14:12.011,8,0,0,0,67301,0,0,0,,0,0,0,3,67301,0,,1,9,,N,N,,0,,0,0,0,0,0,,2000.0,1,2,0,0,0,1,0,3,4,0,2,3,,N,,,,,,,,,,,
2010028390,1314.0,2,0,0,0,0,0,0,0,0,5,0,,67,2,2010,4,39.99,-75.2266,1314.0,6,0,0,0,0,0,0,0,0,,0,0,0,16.0,1,2,0,,0,39 59:23.870,,0,75 13:35.619,8,0,0,0,67301,0,0,0,,0,0,0,3,67301,0,,1,1,,N,N,,0,,0,0,0,0,0,,1645.0,2,2,0,0,0,2,0,3,4,0,2,99,,N,,,,,,,,,,,
2010028392,1400.0,2,0,0,0,0,0,0,0,0,4,0,,67,1,2010,3,39.9823,-75.1267,1400.0,6,0,0,0,0,0,0,1,0,,0,0,0,13.0,1,1,1,,0,39 58:56.426,,0,75 07:36.268,3,0,0,0,67301,0,0,0,,0,0,0,4,67301,0,,1,1,,,,,1,,1,0,0,3,3,,1350.0,1,3,0,0,0,0,0,3,4,0,3,3,,N,,,,,,,,,,,
2010110758,1920.0,3,0,0,0,0,0,0,0,0,4,0,,67,10,2010,3,40.0159,-75.1538,1912.0,6,0,0,0,0,0,0,0,1,,0,0,0,99.0,4,1,1,,0,40 00:57.144,,0,75 09:13.828,4,0,0,0,67301,0,0,0,N,0,0,0,3,67301,1,,1,1,,N,N,,0,,0,0,0,2,2,,9999.0,1,3,0,0,0,0,0,3,4,0,3,3,,N,,,,,,,,,,,
2011010601,748.0,1,0,0,0,0,0,0,0,0,4,0,,67,12,2010,4,39.9868,-75.1808,735.0,6,0,0,0,0,0,1,0,0,,0,0,0,6.0,5,2,1,,0,39 59:12.447,,0,75 10:50.908,4,0,0,0,67301,0,0,0,,0,0,0,4,67301,1,,1,6,,,,,1,,0,0,0,3,2,,630.0,2,2,0,0,0,1,0,3,4,0,2,10,,N,,,,,,,,,,,