CRN,ARRIVAL_TM,AUTOMOBILE_COUNT,BELTED_DEATH_COUNT,BELTED_SUSP_SERIOUS_INJ_COUNT,BICYCLE_COUNT,BICYCLE_DEATH_COUNT,BICYCLE_SUSP_SERIOUS_INJ_COUNT,BUS_COUNT,CHLDPAS_DEATH_COUNT,CHLDPAS_SUSP_SERIOUS_INJ_COUNT,COLLISION_TYPE,COMM_VEH_COUNT,CONS_ZONE_SPD_LIM,COUNTY,CRASH_MONTH,CRASH_YEAR,DAY_OF_WEEK,DEC_LAT,DEC_LONG,DISPATCH_TM,DISTRICT,DRIVER_COUNT_16YR,DRIVER_COUNT_17YR,DRIVER_COUNT_18YR,DRIVER_COUNT_19YR,DRIVER_COUNT_20YR,DRIVER_COUNT_50_64YR,DRIVER_COUNT_65_74YR,DRIVER_COUNT_75PLUS,EST_HRS_CLOSED,FATAL_COUNT,HEAVY_TRUCK_COUNT,HORSE_BUGGY_COUNT,HOUR_OF_DAY,ILLUMINATION,INJURY_COUNT,INTERSECT_TYPE,INTERSECTION_RELATED,LANE_CLOSED,LATITUDE,LN_CLOSE_DIR,LOCATION_TYPE,LONGITUDE,MAX_SEVERITY_LEVEL,MCYCLE_DEATH_COUNT,MCYCLE_SUSP_SERIOUS_INJ_COUNT,MOTORCYCLE_COUNT,MUNICIPALITY,NONMOTR_COUNT,NONMOTR_DEATH_COUNT,NONMOTR_SUSP_SERIOUS_INJ_COUNT,NTFY_HIWY_MAINT,PED_COUNT,PED_DEATH_COUNT,PED_SUSP_SERIOUS_INJ_COUNT,PERSON_COUNT,POLICE_AGCY,POSSIBLE_INJ_COUNT,RDWY_SURF_TYPE_CD,RELATION_TO_ROAD,ROAD_CONDITION,ROADWAY_CLEARED,SCH_BUS_IND,SCH_ZONE_IND,SECONDARY_CRASH,SMALL_TRUCK_COUNT,SPEC_JURIS_CD,SUSP_MINOR_INJ_COUNT,SUSP_SERIOUS_INJ_COUNT,SUV_COUNT,TCD_FUNC_CD,TCD_TYPE,TFC_DETOUR_IND,TIME_OF_DAY,TOT_INJ_COUNT,TOTAL_UNITS,UNB_DEATH_COUNT,UNB_SUSP_SERIOUS_INJ_COUNT,UNBELTED_OCC_COUNT,UNK_INJ_DEG_COUNT,UNK_INJ_PER_COUNT,URBAN_AREA,URBAN_RURAL,VAN_COUNT,VEHICLE_COUNT,WEATHER1,WEATHER2,WORK_ZONE_IND,WORK_ZONE_LOC,WORK_ZONE_TYPE,WORKERS_PRES,WZ_CLOSE_DETOUR,WZ_FLAGGER,WZ_LAW_OFFCR_IND,WZ_LN_CLOSURE,WZ_MOVING,WZ_OTHER,WZ_SHLDER_MDN,WZ_WORKERS_INJ_KILLED
2011002929,2157.0,2,0,0,0,0,0,0,0,0,5,0,,67,12,2010,3,40.0155,-75.0534,2144.0,6,0,0,1,0,0,1,0,0,2.0,0,0,0,21.0,3,1,0,,1,40 00:55.714,2.0,0,75 03:12.717,4,0,0,0,67301,0,0,0,N,0,0,0,7,68K01,1,,1,1,,N,N,,0,,0,0,0,0,0,N,2142.0,1,2,0,0,1,0,0,3,4,0,2,3,,N,,,,,,,,,,,
2011024995,0.0,2,0,0,0,0,0,0,0,0,1,0,,67,11,2010,4,40.0242,-75.1329,0.0,6,0,0,0,0,0,0,0,0,,0,0,0,8.0,1,4,1,,0,40 01:26.923,,0,75 07:59.564,8,0,0,0,67301,0,0,0,N,0,0,0,5,00000,0,,1,1,,N,N,,0,,0,0,0,3,2,,800.0,4,2,0,0,0,4,1,3,4,0,2,3,,N,,,,,,,,,,,
2011022567,0.0,2,0,0,0,0,0,0,0,0,1,0,,67,5,2010,2,40.0304,-75.1767,0.0,6,0,0,0,0,0,1,0,0,,0,0,0,19.0,4,1,1,,0,40 01:49.651,,0,75 10:36.061,4,0,0,0,67301,0,0,0,,0,0,0,2,00000,1,,1,1,,,,,0,,0,0,0,3,2,,1910.0,1,2,0,0,0,0,0,3,4,0,2,3,,N,,,,,,,,,,,
2011026240,1221.0,1,0,0,0,0,0,0,0,0,4,0,,67,6,2010,2,40.0089,-75.194,1220.0,6,0,0,0,0,0,2,0,0,,0,0,0,99.0,1,0,1,,0,40 00:32.006,,0,75 11:38.251,0,0,0,0,67301,0,0,0,N,0,0,0,4,67301,0,,1,1,,N,N,,2,,0,0,0,3,2,,9999.0,0,3,0,0,2,0,0,3,4,0,3,3,,N,,,,,,,,,,,
2011026291,1445.0,3,0,0,0,0,0,0,0,0,4,0,,67,6,2010,1,39.9073,-75.2282,1441.0,6,0,0,0,0,0,0,0,0,3.0,0,0,0,14.0,1,1,2,,2,39 54:26.168,6.0,0,75 13:41.483,4,0,0,0,67301,0,0,0,N,0,0,0,7,67301,1,,1,9,,N,N,,0,,0,0,0,3,3,Y,1438.0,1,3,0,0,0,0,0,3,4,0,3,7,,N,,,,,,,,,,,
2011026193,928.0,2,0,0,0,0,0,0,0,0,4,0,,67,5,2010,2,39.977,-75.156,926.0,6,0,0,0,0,0,0,0,0,,0,0,0,9.0,1,1,2,,0,39 58:37.164,,0,75 09:21.596,4,0,0,0,67301,0,0,0,,0,0,0,2,67301,1,,1,1,,,,,1,,0,0,0,3,2,,926.0,1,3,0,0,0,0,0,3,4,0,3,3,,N,,,,,,,,,,,
2011024380,0.0,2,0,0,0,0,0,0,0,0,1,0,,67,6,2010,6,39.9195,-75.243,0.0,6,0,0,0,0,0,0,0,0,,0,0,0,14.0,1,1,1,,0,39 55:10.311,,0,75 14:34.799,8,0,0,0,67301,0,0,0,,0,0,0,3,00000,0,,1,1,,,,,0,,0,0,0,3,2,,1428.0,1,3,0,0,0,1,1,3,4,1,3,3,,N,,,,,,,,,,,
2011000760,850.0,1,0,0,0,0,0,0,0,0,8,0,,67,11,2010,3,40.0353,-75.1214,847.0,6,0,0,0,0,0,0,0,0,,0,0,0,8.0,1,1,1,,0,40 02:06.975,,0,75 07:17.098,4,0,0,0,67301,1,0,0,N,1,0,0,2,67301,1,,1,1,,N,N,,0,,0,0,0,3,2,,807.0,1,2,0,0,0,0,0,3,4,0,1,3,,N,,,,,,,,,,,
2011008316,346.0,1,0,0,0,0,0,0,0,0,7,0,,67,11,2010,1,40.0526,-75.0504,335.0,6,0,0,0,0,0,0,0,0,2.0,0,0,0,3.0,3,1,0,,1,40 03:09.375,1.0,0,75 03:01.496,3,0,0,0,67301,0,0,0,N,0,0,0,1,67301,0,,3,1,,N,N,,0,,1,0,0,0,0,N,335.0,1,1,0,0,0,0,0,3,4,0,1,3,,N,,,,,,,,,,,
2011008348,938.0,2,0,0,0,0,0,0,0,0,4,0,,67,12,2010,3,39.9899,-75.1474,936.0,6,0,0,0,1,0,0,0,0,,0,0,0,9.0,1,3,1,,0,39 59:23.560,,0,75 08:50.719,8,0,0,0,67301,0,0,0,Y,0,0,0,4,67301,0,,1,1,,N,N,,0,,0,0,0,3,2,,935.0,3,2,0,0,0,3,1,3,4,0,2,3,,N,,,,,,,,,,,
2011008371,1840.0,2,0,0,0,0,0,0,0,0,4,0,,67,12,2010,7,40.0908,-74.9588,1834.0,6,0,0,0,0,0,1,0,0,,0,0,0,18.0,3,0,0,,0,40 05:26.836,,0,74 57:31.600,0,0,0,0,67301,0,0,0,N,0,0,0,2,67301,0,,1,1,,N,N,,0,,0,0,0,0,0,,1825.0,0,2,0,0,0,0,0,3,4,0,2,3,,N,,,,,,,,,,,
2011008382,1429.0,3,0,0,0,0,0,0,0,0,5,0,,67,12,2010,6,40.008,-75.1919,1407.0,6,0,0,0,0,0,0,0,0,,0,0,0,14.0,1,3,0,,0,40 00:28.962,,1,75 11:31.162,4,0,0,0,67301,0,0,0,N,0,0,0,4,67301,3,,1,1,,N,N,,0,,0,0,0,0,0,,1400.0,3,5,0,0,0,0,1,3,4,2,5,3,,N,,,,,,,,,,,
2011025675,1948.0,0,0,0,1,0,0,0,0,0,4,0,,67,5,2010,6,40.062,-75.0445,1944.0,6,0,0,0,0,0,0,0,0,,0,0,0,19.0,3,1,0,,0,40 03:43.124,,7,75 02:40.131,8,0,0,0,67301,1,0,0,,0,0,0,2,67301,0,,1,1,,N,N,,0,,0,0,1,0,0,,1942.0,1,2,0,0,0,1,0,3,4,0,1,3,,N,,,,,,,,,,,
2011025708,54.0,1,0,0,0,0,0,0,0,0,7,0,,67,5,2010,1,40.0691,-75.0356,50.0,6,0,0,0,0,0,0,0,0,,0,0,0,0.0,2,0,1,,0,40 04:08.781,,0,75 02:08.199,9,0,0,0,67301,0,0,0,N,0,0,0,1,67301,0,,4,1,,N,N,,0,,0,0,0,3,3,,45.0,0,1,0,0,0,0,1,3,4,0,1,3,,N,,,,,,,,,,,
2011027943,1809.0,2,0,0,0,0,0,0,0,0,7,0,,67,6,2010,6,39.9732,-75.1838,1807.0,6,0,0,0,0,0,0,0,0,1.0,0,0,0,18.0,1,0,1,,1,39 58:23.617,3.0,0,75 11:01.532,9,0,0,0,67301,0,0,0,N,0,0,0,3,67301,0,,4,1,,N,N,,0,,0,0,1,3,2,Y,1805.0,0,3,0,0,0,0,3,3,4,0,3,3,,N,,,,,,,,,,,
2011016007,1900.0,2,0,0,0,0,0,0,0,0,4,0,,67,12,2010,3,40.0256,-75.1542,1900.0,6,0,0,0,0,0,1,1,0,,0,0,0,18.0,3,1,1,,0,40 01:32.257,,0,75 09:15.145,8,0,0,0,67301,0,0,0,N,0,0,0,3,67301,0,,1,9,,N,N,,0,,0,0,0,3,2,,1855.0,1,2,0,0,0,1,0,3,4,0,2,3,,N,,,,,,,,,,,
2011053477,1538.0,2,0,0,0,0,0,0,0,0,6,0,,67,4,2010,6,40.0549,-75.1845,1534.0,6,0,0,0,0,0,0,0,0,,0,0,0,15.0,1,2,2,,0,40 03:17.730,,0,75 11:04.052,4,0,0,0,67301,0,0,0,N,0,0,0,3,67301,2,,1,9,,N,N,,0,,0,0,0,3,3,,1519.0,2,2,0,0,0,0,0,3,4,0,2,7,,N,,,,,,,,,,,
2011001070,740.0,2,0,0,0,0,0,0,0,0,4,0,,67,11,2010,7,40.0651,-75.0613,735.0,6,0,1,0,0,0,0,1,0,,0,0,0,7.0,1,1,1,,0,40 03:54.202,,0,75 03:40.771,4,0,0,0,67301,0,0,0,,0,0,0,2,67301,1,,1,1,,,,,0,,0,0,0,3,2,,730.0,1,2,0,0,1,0,0,3,4,0,2,3,,N,,,,,,,,,,,
2011001084,1725.0,2,0,0,0,0,0,1,0,0,1,1,,67,12,2010,4,40.0465,-75.143,1716.0,6,0,0,0,0,0,1,0,1,,0,0,0,15.0,1,3,2,,0,40 02:47.290,,0,75 08:34.814,3,0,0,0,67301,0,0,0,N,0,0,0,6,67301,0,,1,1,,N,N,,0,,1,0,0,3,3,,1526.0,3,3,0,0,2,2,0,3,4,0,3,3,,N,,,,,,,,,,,
2011008892,742.0,1,0,0,0,0,0,0,0,0,8,0,,67,12,2010,3,39.9596,-75.1653,737.0,6,0,0,0,0,0,0,1,0,,0,0,0,7.0,1,1,2,,0,39 57:34.482,,0,75 09:55.067,8,0,0,0,67301,1,0,0,,1,0,0,2,67301,0,,1,1,,,,,0,,0,0,0,3,3,,735.0,1,2,0,0,0,1,0,3,4,0,1,3,,N,,,,,,,,,,,
2011000956,1705.0,1,0,0,0,0,0,0,0,0,1,0,,67,12,2010,2,40.0152,-75.1699,1658.0,6,0,0,0,0,0,2,0,0,,0,0,0,16.0,3,1,1,,0,40 00:54.823,,0,75 10:11.829,4,0,0,0,67301,0,0,0,,0,0,0,2,67301,1,,1,1,,Y,N,,0,,0,0,0,2,4,,1602.0,1,2,0,0,0,0,0,3,4,1,2,3,,N,,,,,,,,,,,
2011000963,1120.0,1,0,0,0,0,0,0,0,0,4,0,,67,11,2010,5,39.9167,-75.173,1114.0,6,0,0,0,1,0,0,0,0,,0,0,0,11.0,1,4,1,,0,39 55:00.268,,0,75 10:22.919,4,0,0,0,67301,0,0,0,N,0,0,0,5,67301,4,,1,9,,N,N,,0,,0,0,1,3,2,,1110.0,4,2,0,0,0,0,0,3,4,0,2,7,,N,,,,,,,,,,,
2011001017,912.0,1,0,0,0,0,0,0,0,0,4,0,,67,12,2010,4,39.9996,-75.1534,908.0,6,0,0,0,0,0,0,1,0,,0,0,0,8.0,1,1,0,,0,39 59:58.534,,7,75 09:12.099,2,0,0,0,67301,0,0,0,,0,0,0,5,67301,0,,1,1,,N,N,,0,,0,1,1,0,0,,840.0,1,2,0,0,0,0,0,3,4,0,2,3,,N,,,,,,,,,,,
2011001037,1940.0,1,0,0,0,0,0,0,0,0,8,0,,67,11,2010,4,39.945,-75.1517,1934.0,6,0,0,0,0,0,1,0,0,,0,0,0,19.0,3,1,2,,0,39 56:41.910,,0,75 09:06.080,4,0,0,0,67301,1,0,0,,1,0,0,2,67301,1,,1,1,,N,N,,0,,0,0,0,3,3,,1930.0,1,2,0,0,0,0,0,3,4,0,1,3,,N,,,,,,,,,,,
2011090561,2210.0,1,0,0,1,0,0,0,0,0,8,0,,67,8,2010,2,39.9208,-75.1613,2158.0,6,0,0,0,0,0,0,0,0,,0,0,0,99.0,3,1,1,,0,39 55:14.721,,0,75 09:40.687,4,0,0,0,67301,1,0,0,,0,0,0,2,67301,1,,9,1,,N,,,0,,0,0,0,0,0,,9999.0,1,2,0,0,0,0,0,3,4,0,1,3,,N,,,,,,,,,,,
2010081745,2214.0,1,0,0,0,0,0,0,0,0,4,0,,67,7,2010,1,40.0677,-75.183,2214.0,6,0,0,0,0,0,0,1,0,,0,0,0,22.0,3,0,1,,0,40 04:03.882,,0,75 10:58.718,0,0,0,0,67301,0,0,0,N,0,0,0,2,67301,0,,1,1,,N,N,,1,,0,0,0,3,3,,2204.0,0,2,0,0,0,0,0,3,4,0,2,3,,N,,,,,,,,,,,
2010081767,942.0,2,0,0,0,0,0,0,0,0,1,0,,67,7,2010,5,39.9217,-75.19,939.0,6,0,0,0,0,0,0,0,0,,0,0,0,23.0,3,0,1,,0,39 55:18.582,,0,75 11:24.405,9,0,0,0,67301,0,0,0,N,0,0,0,2,67301,0,,1,1,,N,N,,0,,0,0,0,3,2,,2315.0,0,2,0,0,0,0,1,3,4,0,2,3,,N,,,,,,,,,,,
2010081778,1550.0,1,0,0,1,0,0,0,0,0,4,0,,67,7,2010,5,39.9379,-75.1667,1545.0,6,0,0,0,0,0,0,0,0,,0,0,0,99.0,1,1,1,,0,39 56:16.216,,0,75 10:00.536,4,0,0,0,67301,1,0,0,,0,0,0,2,67301,1,,1,1,,,,,0,,0,0,0,3,2,,9999.0,1,2,0,0,0,0,0,3,4,0,1,3,,N,,,,,,,,,,,
2010081792,1515.0,1,0,0,0,0,0,0,0,0,7,0,,67,7,2010,6,39.9905,-75.2266,1503.0,6,0,0,0,0,0,1,0,0,,0,0,0,15.0,1,1,0,,0,39 59:25.926,,0,75 13:35.742,4,0,0,0,67301,0,0,0,,0,0,0,1,67301,1,,2,9,,N,N,,0,,0,0,0,0,0,,1500.0,1,1,0,0,0,0,0,3,4,0,1,7,,N,,,,,,,,,,,
2010070043,1150.0,2,0,0,0,0,0,0,0,0,6,0,,67,6,2010,1,,,1138.0,6,0,0,0,0,0,0,0,0,,0,0,0,11.0,1,2,0,,0,,,7,,4,0,0,0,67301,0,0,0,N,0,0,0,3,67301,2,,1,1,,N,N,,0,,0,0,0,0,0,,1130.0,2,2,0,0,3,0,0,3,3,0,2,3,,N,,,,,,,,,,,
2010067030,1827.0,1,0,0,0,0,0,0,0,0,8,0,,67,6,2010,2,39.9591,-75.1875,1825.0,6,0,0,0,0,1,0,0,0,,0,0,0,18.0,1,1,0,,0,39 57:32.890,,0,75 11:15.000,8,0,0,0,67301,1,0,0,N,1,0,0,2,67301,0,,1,1,,N,N,,0,,0,0,0,0,0,,1823.0,1,2,0,0,0,1,0,3,4,0,1,3,,N,,,,,,,,,,,
2010074590,924.0,1,0,0,0,0,0,0,0,0,4,0,,67,7,2010,1,40.1111,-75.0243,918.0,6,0,0,0,0,0,1,0,0,,0,0,0,9.0,1,1,1,,0,40 06:40.143,,0,75 01:27.353,4,0,0,0,67301,0,0,0,N,0,0,0,2,67301,1,,1,1,,N,N,,1,,0,0,0,3,2,,910.0,1,2,0,0,0,0,0,3,4,0,2,3,,N,,,,,,,,,,,
2010074605,1306.0,2,0,0,0,0,0,0,0,0,4,0,,67,6,2010,3,39.9902,-75.236,1300.0,6,0,0,0,0,0,0,1,0,,0,0,0,13.0,1,1,1,,0,39 59:24.640,,0,75 14:09.560,8,0,0,0,67301,0,0,0,N,0,0,0,3,67301,0,,1,1,,N,N,,0,,0,0,0,9,3,,1300.0,1,2,0,0,0,1,0,3,4,0,2,3,,N,,,,,,,,,,,
2010019404,1146.0,1,0,0,0,0,0,0,0,0,4,0,,67,1,2010,2,40.0402,-75.214,1141.0,6,0,0,0,0,0,1,0,0,,0,0,0,11.0,1,3,2,,0,40 02:24.561,,0,75 12:50.924,8,0,0,0,67301,0,0,0,N,0,0,0,3,67301,0,,1,1,,N,N,,0,,0,0,1,3,2,,1141.0,3,2,0,0,0,3,0,3,4,0,2,3,,N,,,,,,,,,,,
2010028210,1400.0,1,0,0,0,0,0,1,0,0,4,1,,67,2,2010,5,40.0231,-75.0792,930.0,6,0,0,0,0,0,0,0,0,,0,0,0,13.0,1,1,2,,0,40 01:23.080,,0,75 04:45.278,3,0,0,0,67301,0,0,0,N,0,0,0,2,67301,0,,1,1,,N,N,,0,,1,0,0,0,0,,1330.0,1,2,0,0,0,0,1,3,4,0,2,3,,N,,,,,,,,,,,
2010027956,1300.0,1,0,0,0,0,0,0,0,0,1,0,,67,2,2010,5,39.978,-75.2741,1259.0,6,0,0,0,0,1,0,0,0,,0,0,0,12.0,1,1,0,,0,39 58:40.753,,0,75 16:26.730,4,0,0,0,67301,0,0,0,N,0,0,0,2,67301,1,,1,6,,N,N,,0,,0,0,1,0,0,,1250.0,1,2,0,0,0,0,1,3,4,0,2,10,,N,,,,,,,,,,,
2010028165,814.0,2,0,0,0,0,0,0,0,0,4,0,,67,1,2010,6,40.0448,-75.0665,814.0,6,0,0,0,0,0,0,0,0,3.0,0,0,0,8.0,1,2,1,,2,40 02:41.121,6.0,0,75 03:59.421,4,0,0,0,67301,0,0,0,,0,0,0,4,67301,2,,1,1,,,,,0,,0,0,0,3,2,Y,814.0,2,2,0,0,0,0,0,3,4,0,2,3,,N,,,,,,,,,,,
2010028227,2225.0,2,0,0,0,0,0,0,0,0,4,0,,67,2,2010,7,39.9992,-75.1474,2211.0,6,0,0,0,0,0,0,0,0,,0,0,0,21.0,3,2,1,,0,39 59:57.271,,0,75 08:50.495,4,0,0,0,67301,0,0,0,N,0,0,0,2,67301,2,,1,2,,N,N,,0,,0,0,0,3,2,,2152.0,2,2,0,0,0,0,0,3,4,0,2,3,,N,,,,,,,,,,,
2010028276,1445.0,2,0,0,0,0,0,0,0,0,4,0,,67,2,2010,2,40.0551,-75.0902,1545.0,6,0,0,0,0,0,1,0,0,1.0,0,0,0,14.0,1,0,2,,1,40 03:18.305,2.0,7,75 05:24.806,9,0,0,0,67301,0,0,0,N,0,0,0,4,67301,0,,1,1,,,N,,0,,0,0,0,0,0,Y,1445.0,0,2,0,0,0,0,1,3,4,0,2,3,,N,,,,,,,,,,,
2010028356,1907.0,0,0,0,0,0,0,0,0,0,4,0,,67,2,2010,4,40.0456,-75.0564,1904.0,6,0,0,0,1,0,0,0,0,,0,0,0,19.0,3,1,2,,0,40 02:44.369,,7,75 03:22.731,8,0,0,0,67301,0,0,0,N,0,0,0,5,67301,0,,1,1,,N,N,,0,,0,0,1,1,2,,1902.0,1,2,0,0,0,1,0,3,4,1,2,3,,N,,,,,,,,,,,
2010028402,838.0,0,0,0,0,0,0,0,0,0,8,0,,67,2,2010,2,39.9304,-75.1702,833.0,6,0,0,0,0,0,0,0,0,,0,0,0,8.0,1,1,0,,0,39 55:49.267,,0,75 10:12.543,8,0,0,0,67301,1,0,0,N,1,0,0,2,67301,0,,1,2,,N,N,,0,,0,0,1,0,0,,830.0,1,2,0,0,0,1,1,3,4,0,1,10,,N,,,,,,,,,,,
2010088972,820.0,0,0,0,0,0,0,0,0,0,0,0,,67,8,2010,6,40.0345,-75.1149,814.0,6,0,0,0,0,0,0,0,0,,0,0,0,7.0,1,1,2,,0,40 02:04.023,,0,75 06:53.623,4,0,0,1,67301,0,0,0,N,0,0,0,1,67301,1,,1,1,,N,N,,0,,0,0,0,3,2,,735.0,1,1,0,0,0,0,0,3,4,0,1,3,,N,,,,,,,,,,,
2010110774,1220.0,1,0,0,0,0,0,0,0,0,5,0,,67,10,2010,7,40.0374,-75.0421,1218.0,6,0,0,0,0,0,1,0,0,,0,0,0,12.0,1,1,0,,0,40 02:14.776,,0,75 02:31.654,4,0,0,0,67301,0,0,0,,0,0,0,1,67301,1,,6,1,,N,N,,0,,0,0,1,0,0,,1218.0,1,2,0,0,0,0,0,3,4,0,2,3,,N,,,,,,,,,,,
2010099376,1622.0,1,0,0,0,0,0,0,0,0,1,0,,67,10,2010,6,39.9847,-75.0949,1622.0,6,0,0,0,0,0,0,0,0,,0,0,0,15.0,1,0,0,,0,39 59:05.384,,0,75 05:41.176,0,0,0,0,67301,0,0,0,N,0,0,0,3,68K01,0,,1,1,,N,N,,0,,0,0,2,0,0,,1557.0,0,3,0,0,0,0,0,3,4,0,3,3,,N,,,,,,,,,,,
2011010607,1457.0,2,0,0,0,0,0,0,0,0,4,0,,67,12,2010,3,40.0567,-75.0469,1457.0,6,0,0,0,0,0,1,0,0,1.0,0,0,0,14.0,1,4,1,,1,40 03:24.250,2.0,0,75 02:48.711,4,0,0,0,67301,0,0,0,N,0,0,0,4,67301,4,,1,1,,N,N,,0,,0,0,0,3,2,N,1433.0,4,2,0,0,0,0,0,3,4,0,2,3,,N,,,,,,,,,,,
2011008229,1820.0,2,0,0,0,0,0,0,0,0,5,0,,67,12,2010,6,39.9643,-75.2005,1818.0,6,0,0,0,0,0,0,1,0,,0,0,0,18.0,3,1,0,,0,39 57:51.348,,0,75 12:01.816,8,0,0,0,67301,1,0,0,N,0,0,0,2,67301,0,,6,1,,N,N,,0,,0,0,1,0,0,,1812.0,1,4,0,0,0,1,1,3,4,1,4,3,,N,,,,,,,,,,,
2011000879,930.0,1,0,0,0,0,0,0,0,0,4,0,,67,11,2010,2,40.0913,-74.993,928.0,6,0,0,0,0,0,2,0,0,,0,0,0,9.0,1,2,2,,0,40 05:28.784,,0,74 59:34.979,8,0,0,0,67301,0,0,0,,0,0,0,2,67301,0,,1,1,,N,N,,0,,0,0,1,3,3,,928.0,2,2,0,0,0,2,0,3,4,0,2,3,,N,,,,,,,,,,,
2011000758,1205.0,2,0,0,0,0,0,0,0,0,4,0,,67,11,2010,5,40.039,-75.0563,1200.0,6,0,0,0,0,0,0,0,0,,0,0,0,12.0,1,1,1,,0,40 02:20.475,,0,75 03:22.611,4,0,0,0,67301,0,0,0,,0,0,0,3,67301,1,,1,9,,,,,0,,0,0,0,3,2,,1200.0,1,2,0,0,0,0,1,3,4,0,2,7,,N,,,,,,,,,,,
2011034752,2138.0,1,0,0,0,0,0,0,0,0,8,0,,67,6,2010,6,39.9875,-75.1828,2133.0,6,0,0,1,0,0,0,0,0,,0,0,0,21.0,3,1,0,,0,39 59:15.043,,0,75 10:58.162,4,0,0,0,67301,1,0,0,,1,0,0,3,67301,1,,1,1,,,,,0,,0,0,0,0,0,,2133.0,1,2,0,0,0,0,0,3,4,0,1,3,,N,,,,,,,,,,,
2011006779,2240.0,2,0,0,0,0,0,0,0,0,5,0,,67,12,2010,1,40.02,-75.1505,2220.0,6,0,0,0,0,0,0,0,0,1.0,0,0,0,22.0,3,0,0,,2,40 01:12.034,1.0,1,75 09:01.701,0,0,0,0,67301,0,0,0,N,0,0,0,2,67301,0,,1,1,,N,N,,0,,0,0,0,0,0,N,2218.0,0,2,0,0,0,0,0,3,4,0,2,3,,N,,,,,,,,,,,
2011008386,1803.0,2,0,0,0,0,0,0,0,0,4,0,,67,12,2010,3,40.0277,-75.11,1759.0,6,0,0,0,0,0,0,0,0,1.0,0,0,0,17.0,3,1,1,,1,40 01:39.299,1.0,7,75 06:35.952,4,0,0,0,67301,0,0,0,N,0,0,0,5,67301,1,,1,1,,N,N,,0,,0,0,0,3,2,N,1758.0,1,2,0,0,0,0,0,3,4,0,2,3,,N,,,,,,,,,,,
2011008397,210.0,0,0,0,0,0,0,0,0,0,7,0,,67,12,2010,6,40.0204,-75.1544,200.0,6,0,0,0,0,0,0,0,0,1.0,0,0,0,2.0,3,0,7,,2,40 01:13.789,1.0,2,75 09:19.174,0,0,0,0,67301,0,0,0,,0,0,0,1,67301,0,,2,1,,,,,0,,0,0,1,0,0,Y,200.0,0,1,0,0,0,0,0,3,4,0,1,3,,N,,,,,,,,,,,
2011027980,1340.0,1,0,0,0,0,0,0,0,0,8,0,,67,6,2010,3,39.9505,-75.2271,1330.0,6,0,0,0,0,0,0,0,0,,0,0,0,13.0,1,1,0,,0,39 57:01.810,,0,75 13:37.538,4,0,0,0,67301,1,0,0,N,1,0,0,2,67301,1,,1,9,,N,N,,0,,0,0,0,0,0,,1325.0,1,2,0,0,0,0,0,3,4,0,1,7,,N,,,,,,,,,,,
2011027740,0.0,1,0,0,1,0,0,0,0,0,5,0,,67,9,2010,6,39.9496,-75.1539,0.0,6,0,0,0,0,0,0,0,0,,0,0,0,1.0,6,1,1,,0,39 56:58.617,,0,75 09:14.100,8,0,0,0,67301,1,0,0,,0,0,0,2,00000,0,,1,1,,,,,0,,0,0,0,3,2,,130.0,1,2,0,0,0,1,1,3,4,0,1,3,,N,,,,,,,,,,,
2011023494,0.0,3,0,0,0,0,0,0,0,0,4,0,,67,1,2010,5,40.026,-75.1467,0.0,6,0,1,0,0,0,0,0,0,,0,0,0,20.0,1,2,1,,0,40 01:33.654,,0,75 08:48.101,2,0,0,0,67301,0,0,0,N,0,0,0,3,00000,0,,1,1,,N,N,,0,,1,1,0,3,2,,2000.0,2,3,0,0,0,0,1,3,4,0,3,3,,N,,,,,,,,,,,
2011011021,213.0,1,0,0,0,0,0,0,0,0,7,0,,67,12,2010,2,39.8917,-75.2228,201.0,6,0,0,0,0,0,0,0,0,2.0,0,0,0,1.0,3,0,0,,2,39 53:30.233,2.0,0,75 13:22.100,0,0,0,0,67301,0,0,0,N,0,0,0,1,68K01,0,,2,1,,N,N,,0,,0,0,0,0,0,N,159.0,0,1,0,0,0,0,0,3,4,0,1,3,,N,,,,,,,,,,,
2011000982,243.0,1,0,0,0,0,0,0,0,0,2,0,,67,10,2010,7,40.0543,-75.1413,242.0,6,0,0,0,1,0,0,0,0,4.0,1,0,0,2.0,3,4,0,,2,40 03:15.331,5.0,0,75 08:28.660,1,0,0,0,67301,0,0,0,N,0,0,0,5,67301,0,2.0,1,1,,N,N,,0,0.0,0,4,0,0,0,Y,240.0,4,2,0,0,0,0,0,3,4,1,2,3,,N,,,,,,,,,,,
2011000990,830.0,2,0,0,0,0,0,0,0,0,1,0,,67,11,2010,1,40.0568,-75.1607,812.0,6,0,0,0,0,0,1,0,0,,0,0,0,8.0,1,1,2,,0,40 03:24.505,,0,75 09:38.479,8,0,0,0,67301,0,0,0,N,0,0,0,2,67301,0,,1,1,,N,N,,0,,0,0,0,3,2,,812.0,1,2,0,0,0,1,1,3,4,0,2,3,,N,,,,,,,,,,,
2011001012,1700.0,2,0,0,0,0,0,0,0,0,5,0,,67,11,2010,4,40.0406,-75.1787,1700.0,6,0,0,0,0,0,1,0,0,,0,0,0,16.0,4,2,2,,0,40 02:26.028,,0,75 10:43.376,4,0,0,0,67301,0,0,0,N,0,0,0,5,67301,1,,1,1,,N,N,,0,,0,0,0,3,2,,1655.0,2,2,0,0,0,1,0,3,4,0,2,3,,N,,,,,,,,,,,